ebay_id,ebay_title,price,keeper_score
v1|267721835706|0,Miles Davis - Blue Moods - LP/Vinyl - 1983 Reissue - Charles Mingus,10.00,0.9904
v1|198487626842|0,Pharoah Sanders Jazz LP Jewels Of Thought on Impulse,30.00,0.9819
v1|158069083884|0,Donald Byrd Places And Spaces Blue Note 1975 Stereo TESTED G/G,4.99,0.9755
v1|267721788645|0,Charles Mingus - Mingus Three - LP/Vinyl - 1960 Reissue - Mono - JLP 1034,10.00,0.9728
v1|257583462328|0,Enlightners - Judge Not 1985 Raw lp RARE Private Modern Soul Boogie Gospel NM,26.51,0.9709
v1|398146241400|0,"The Butthole Surfers Rare 1991 Late Vinyl ""Pioughd"" LP in Shrink US Press",53.00,0.9679
v1|366531485484|0,Leonard Cohen Live Songs Lp Uk import Vg+,16.99,0.9648
v1|377322654034|0,"Slint Touch & Go ""Spiderland"" LP 1991",99.99,0.9594
v1|188621307798|0,RARE PSYCH Ultimate Spinage Behold & See Vinyl LP Album from 1968 VG+ Condition,225.00,0.9587
v1|398156659855|0,The VELVET UNDERGROUND & NICO Andy Warhol LP 1971 Garage Rock East Coast Press,675.00,0.9582
v1|257603749740|0,Cheri Adams - Sweet & Sour Songs 1977 lp RARE Private Modern Soul Boogie NM,6.00,0.9577
v1|267721969182|0,The Paupers - Magic People Original 1967 Vinyl LP -Gate Fold - Psych Rock,40.00,0.9558
v1|257583787510|0,Numonics - Rollin' 1982 Hodisk lp RARE Private Modern Soul Boogie Rola GRAIL NM,42.41,0.9542
v1|147418432038|0,1972 CHARLES BROWN DRIFTIN' BLUES Gatefold Promo LP Mainstream Records EX+ Cond,25.00,0.9535
v1|257605282303|0,New Mexico - s/t 1980 lp RARE Private Modern Soul Boogie NM,9.50,0.9535
v1|117296105658|0,"Paul Chambers Blue Note 1569 LP ""Bass on Top"" W.63rd DG ""Ear"" RVG Art Taylor",199.99,0.9526
v1|358773872281|0,Sonny Charles A&M 1214 Half As Much 1970 Release Funk Soul Vg,1.20,0.9504
v1|398155542450|0,"THE CURE,FIRST PRESS KISS ME,2010 DISINTEGRATION,VG+VINYL 4 LP'S",115.00,0.9472
v1|257603504168|0,Joe Holiday - s/t 1985 lp RARE Private Electronic Jazz Funk Boogie Synth NM,9.50,0.9440
v1|398146434724|0,A.C. Marias Wire Restless/Mute US Electronic LP 1989 Insert,99.99,0.9436
v1|257585511911|0,Transcoastal ft. Carlos Boyce - Finally! 1988 lp RARE Private Modern Soul Boogie,42.41,0.9428
v1|267721832206|0,Arion S/T LP Vinyl Rare Private Press PSYCH Lounge Rock 1984 Clean NM record,45.99,0.9416
v1|318548267986|0,CHI COLTRANE  Chi Coltrane  '72 CBS  LP  VG  VG+,4.00,0.9410
v1|257605007538|0,Fern Kinney - Groove Me 1979 Malaco lp Promo RARE Boogie Funk Soul Electro NM,6.00,0.9409
v1|206398820115|0,"Funk Psych Dyna-Might ""Borracho"" Promo",40.00,0.9407
v1|127964869283|0,Tangerine Dream:Force Majeure~N Mint Clear Vinyl~Prog Promo Album?~VIRGIN #V2111,49.99,0.9395
v1|127964849676|0,Harvey Milk Vinyl Double Lp The Singles Experimental Noise Rock Clear Vinyl ,8.56,0.9373
v1|147427280179|0,"""THE LEAVES""  1966  HEY JOE ▪︎MONO▪︎ LP  GARAGE/PSYCHEDELIC ROCK U.S.A. MIRA",12.50,0.9354
v1|398155550347|0,"THE VELVET UNDERGROUND, WHITE LIGHT/WHITE HEAT, MINT VINYL, MIP-1-9393, CANADIAN",65.00,0.9339
v1|398156473565|0,"Cymande - Cymande (Self Titled), LP 1972  JLS-3044 Jazz Afro-Rock Funk Soul ",265.00,0.9335
v1|287449858833|0,"Patrick Moraz, PATRICK MORAZ, self-titled, LP record, EX, Atlantic SD 18175",2.45,0.9324
v1|257579572625|0,Gwen McCrae - Melody Of Life 1979 CAT lp RARE OG 1st Modern Soul Boogie GRAIL,144.50,0.9324
v1|158068358208|0,The Replacements Let It Be vinyl Twin/Tone Records TTR-8441 orig. 1984 release,20.50,0.9322
v1|267721774211|0,Charles Mingus - Tijuana Moods - LP/Vinyl - RCA LSP-2533 -First Stereo Press VG,10.00,0.9296
v1|257614484782|0,Capitalist Casualties / Stack-split  7″ Vinyl –1996 1st press,20.00,0.9292
v1|257577867875|0,Gemini - Starfire 1992 lp RARE UNKNOWN Modern Soul Boogie Indie R&B GRAIL NM,113.61,0.9288
v1|298492172740|0,mariah carey emotions vinyl,24.99,0.9235
v1|327254032496|0,War PLATINUM JAZZ GATE FOLD INSERT 2xLP ORIGINAL Blue Note BN-LA690-J2,4.99,0.9219
v1|257614687807|0,Coroner - Punishment For Decadence- Vinyl 1988 Noise Records ,80.00,0.9192
v1|227423234958|0,TELEVISION ADVENTURE 1978 - UK K52072 - Red Vinyl- Near Mint,59.99,0.9178
v1|227422705505|0,Yusef Lateef - Jazz 'Round The World LP - ABC-Impulse - AS-56  VG/VG,10.00,0.9158
v1|257605496159|0,Keni Burke - Changes 1982 RCA lp RARE OG 1st Modern Soul Boogie Funk NM,18.00,0.9101
v1|257606498762|0,Gary Taylor - G.T. 1983 A&M lp RARE Modern Soul Boogie Electro Funk NM OG,6.00,0.9095
v1|137488576717|0,"Instant Funk, Instant Funk V, 1st Edition, Vinyl LP, Funk/Soul, EX, 1983",9.99,0.9083
v1|257606761778|0,Babyface - The Day 1996 Epic lp OG 1st RARE Neo Soul R&B Jam Funk Shrink,23.00,0.9082
v1|257595125514|0,4th of May - Pass It On 1982 Savoy lp RARE Gospel Modern Soul Boogie lp NM,6.00,0.9076
v1|377322641543|0,"The Fall PVC/Beggars Banquet LP 1985 ""The Nation's Saving Grace""",49.99,0.9039
v1|188621319301|0,The Mummies Never Been Caught Vinyl LP Album w/insert from 1992 in VG+ Condition,150.00,0.9009
v1|127964980139|0,"2 Jazz VG Vinyl 12"" Records Lot NO COVERS Blue Note Atlantic",0.99,0.8973
v1|257603810610|0,Teresa Moklestad - Understudy 1978 Network lp Private Modern Soul Funk RARE OG,8.50,0.8965
v1|257614519945|0,"Templars / Gundog Split 7"" Vinyl 1999",20.00,0.8960
v1|227423215599|0,The Cure - Invasion Of The Body Snatchers - VERY RARE Live 2 LPs,160.00,0.8955
v1|257595282312|0,The Savettes - s/t 1983 Sweet Rain lp RARE Indie Gospel Modern Soul Boogie OG,6.00,0.8949
v1|307052531311|0,JOY DIVISION CLOSER FACTORY RECORDS 1981 LP SPANISH PRESS EDIGSA 19L0094,35.00,0.8921
v1|267721750696|0,Thelonious Monk - Criss-Cross 1963 LP/Vinyl - CL 2038 Mono - First Pressing,20.00,0.8864
v1|398155657984|0,Beta Blocker- The Ultimate 12” Vinyl UK Hard House Vinyl,9.99,0.8864
v1|267721710699|0,A Love Supreme by John Coltrane - Vinyl - 1995 Reissue - Impulse GR-155 - NM,16.50,0.8857
v1|267724240989|0,BOOKER ERVIN Exultation! Prestige LP 7844 1972 Stereo Test Pressing Strozier ,69.99,0.8842
v1|287449361014|0,"Original Blue Note 5026 10” Edmond Hall Charlie Christian, Ear",44.99,0.8838
v1|236927589889|0,The New Music - Avant Garde Music Compilation - LP - Stockhausen - Penderecki,6.00,0.8833
v1|307050913783|0,"Smashing Pumpkins Gish Black Vinyl LP 12"" ",20.00,0.8810
v1|377331557989|0,NEW MUSIK WARP 1982 VINYL LP ENGLAND EPC85567,33.00,0.8804
v1|137498990144|0,"SONIC YOUTH ""Experimental Jet Set, Trash And No Star"" LP Blue Vinyl NM",95.00,0.8777
v1|257591169337|0,Bill Freeman - Spiritbound 1977 Private lp OG RARE Gospel Soul Funk LoFi Electro,9.00,0.8767
v1|257601503969|0,Stephen Swanson - Go Free 1984 Morada lp RARE Private AOR Boogie Modern Soul OR,6.00,0.8752
v1|257606494916|0,Lew Kirton - Talk To Me 1983 Believe In A Dream lp RARE Modern Soul Boogie NM,8.50,0.8744
v1|127966596537|0,"Max Roach, Sonny Clark, George Duvivier - S/T- EX/VG+ 1962 Bop Jazz Time S/2101",13.50,0.8714
v1|117292487739|0,HORACE SILVER QUINTET Finger Poppin' BLUE NOTE BLP 4008 Record 47 W. 63rd RVG,55.00,0.8705
v1|257605458268|0,Melba Moore - What A Woman Needs 1981 EMI lp OG RARE Modern Soul Boogie,6.00,0.8705
v1|336680490487|0,The Crownhate Ruin 7 Rare Dischord Records Vinyl Excellent Condition,20.00,0.8657
v1|147427600917|0,"""EARTH OPERA""  1968  DEBUT LP  PSYCHEDELIC ROCK  GATEFOLD  U.S.A. ELEKTRA",9.99,0.8636
v1|257605378862|0,Teena Marie - It Must Be Magic 1981 Gordy lp OG Rare Modern Soul Boogie Electro,6.00,0.8629
v1|377322630683|0,"The Fall ""The Frenz Experiment"" Beggars Banquet DJ LP 1988 Hype Sticker",24.99,0.8620
v1|198486176990|0,HERBIE HANCOCK HEAD HUNTERS LP NM NEAR MINT US COLUMBIA VINYL JAZZ FUNK,29.00,0.8604
v1|198486058283|0,LAIBACH-SYMPATHY FOR THE DEVIL - Vinyl -FIRST PRESSING  1988 MUTE records,19.58,0.8587
v1|257604867887|0,Aquarian Dream - Fantasy 1978 Elektra lp RARE 1st Modern Soul Boogie NM,12.99,0.8549
v1|137488581005|0,"Instant Funk, Instant Funk V,  1st Edition, Vinyl LP, VG++,Funk/Soul, 1983",8.99,0.8536
v1|236925892241|0,Aorta- Aorta LP on Columbia 360 Sound Stereo,24.99,0.8532
v1|257594940490|0,Infinity - s/t 1981 Luminar lp RARE Indie R&B Gospel Boogie Modern Soul Funk NM,15.50,0.8519
v1|407059480964|0,Andy Harlow – Sorpresa La Flauta* Lp Vinyl.  Vaya Records,32.00,0.8516
v1|257605480254|0,Esther Williams - Inside Of Me 1981 RCA lp RARE 1st Modern Soul Boogie Funk NM,9.50,0.8504
v1|318560835864|0,HERBIE HANCOCK SUNLIGHT LP NM NEAR MINT US COLUMBIA VINYL JAZZ FUNK FUSION,9.98,0.8497
v1|178302495016|0,Lou Donaldson Sophisticated Lou Blue Note Vinyl LP 1973 BN-LA024-F Stereo EX,5.00,0.8492
v1|227423371726|0,Ambergris  Ambergris  Rare 1970 Paramount Records Prog Jazz Rock Fusion Lp MINT,10.00,0.8491
v1|206398399911|0,él-g ‎– Tout Ploie  Folk Rock Art Rock Experimental US pressing LP,9.90,0.8489
v1|298493825979|0,CHARLES KYNARD-WA-TU-WA-ZUI(beautiful People)LP  1971 PRESTIGE FIRST PRESS RVG,75.00,0.8481
v1|127965024426|0,"Vaginal Massaker/ Regurgitate Split 7""",9.50,0.8465
v1|257594885138|0,Harry Booker - Let God Rise 1981 lp RARE Private Boogie Modern Soul Gospel lp NM,9.11,0.8458
v1|377322594254|0,"The Butthole Surfers Touch & Go LP 1984 ""Psychic...""",24.99,0.8457
v1|257605270457|0,Gap Band - III 1980 Mercury lp OG 1st Modern Soul Boogie R&B Funk,6.00,0.8442
v1|398155550388|0,"KIMIKO KASAI WITH HERBIE HANCOCK , JAPANESE IMPORT, BUTTRFLY, MINT VINYL",69.99,0.8440
v1|127965034420|0,"Charles Broson Split With Unanswered Split 7"" Powerviolence  Slap A Ham ",20.50,0.8436
v1|257585231056|0,Michael Sterling - The Artist 1986 lp RARE Private Boogie Modern Soul Miami NM,44.44,0.8416
v1|198487994906|0,Cabaret Voltaire -Hyno Tised -  Vinyl - Designers Republic Sleeve design,22.23,0.8416
v1|236921288118|0,The Nice 'The Thoughts of Emerlistdavjack' RARE NM Pitman Pressing Early Psych!,11.89,0.8408
v1|127964975548|0,"Go - S/T LP 1976 VG+ Vinyl 12"" Space Funk Rock Ambient",0.99,0.8381
v1|257583415856|0,Rev. Hubert Powell & Gospel Truth 1982 Sweet Rain lp RARE Modern Soul Boogie OG,125.95,0.8364
v1|168524144247|0,"Bill Evans, The Second Trio, Milestone M-47046 2 LP Cool Jazz, Instrumental.",25.00,0.8355
v1|336679331970|0,Sons of Beaches ~ Australian Crawl ~ 1982 EMI ST17072 ~ LP Record ~ NM,7.00,0.8338
v1|257585467297|0,Fast Break - Breakin' Out 1983 lp RARE Private AOR Global FM Modern Soul Boogie,42.41,0.8337
v1|398146254589|0,"The Fall ""The Peel Sessions"" Strange Fruit UK EP 1987",24.99,0.8322
v1|227423075163|0,Flora Purim – Nothing Will Be As It Was...Tomorrow LP BS2985 Vinyl 1977 NM!,11.00,0.8317
v1|257601096990|0,Montgomery - No Greater Love 1988 WFL lp RARE Gospel Electro Boogie Soul NM,9.50,0.8314
v1|257613338106|0,Sonny Rollins Archive Of Folk Music release 1968,10.00,0.8293
v1|206405569990|0,First Ed New Order Substance 1987 Vinyl LP Electronic Qwest Records MPN 25621-1,55.50,0.8291
v1|236925796231|0,The Monkees Head An Original Soundtrack Recording Vinyl Record 1968 Colgems 1st,40.00,0.8275
v1|257579736237|0,Philadelphia - Radio 1984 lp Private Boogie Modern Soul Jazz Funk RARE Breaks NM,46.00,0.8269
v1|800311859868|0,COUNTRY JOE AND THE FISH TOGETHER~1968 VANGUARD LP~UNIPAK CVR~PSYCH FOLK ROCK EX,9.99,0.8263
v1|178302483339|0,Lou Donaldson Alligator Bogaloo Blue Note 1967 BLP 4263 MONO VG TESTED,10.00,0.8231
v1|227422609372|0,Herbie Hancock Head Hunters LP  1973 Columbia KC 32731            ,24.50,0.8227
v1|398156697936|0,"Herbie Hancock - Thrust, LP, 1974, Jazz Fusion, Pitman Pressing",115.00,0.8225
v1|407061388399|0,Patrice Rushen - Straight From The Heart - 1982 Vinyl LP Elektra Original US,15.00,0.8224
v1|198487927221|0,Janet Jackson's Rhythm Nation 1814 1st Press Vinyl Record LP Melodic 80's,30.00,0.8214
v1|147425599392|0,Lee Morgan The Cooker Blue Note Tone Poet 180g Vinyl LP BST 81578,24.99,0.8214
v1|257579708095|0,Oasis - Common Ground 1985 lp ULTRA RARE Private AOR Boogie Modern Soul NM,10.50,0.8193
v1|267719624899|0,New York Dolls – In Too Much Too Soon LP - later reissue - EX/EX,22.00,0.8187
v1|318568722197|0,The New Mix - 1968 United Artists - Ex 18th Edition - Dave Brown/Jeremiah Psych,50.00,0.8182
v1|147425668535|0,Psychic TV PTV Mouth of the Night LP numbered edition,75.00,0.8179
v1|117297182171|0,"Lush Origami 5 x LP Box Set Gala, Split, Lovelife, Topolino & Spooky",250.00,0.8175
v1|307052317071|0,VIOLENT FEMMES The Blind Leading The Blind CD Slash/Warner US 1986,4.55,0.8166
v1|188621315598|0,Bobby Hutton Piece of the Action PROMO Vinyl LP Album from 1974 in NM Condition,160.00,0.8161
v1|206404164363|0,"Roy Ayers ""Searching - Africa 70 Version (Yoruba Mixes)"" 2004 BBE House Vinyl",10.00,0.8158
v1|257605565295|0,Nolen & Crossley - Ambience 1982 Motown lp RARE Modern Soul Boogie Promo NM,13.49,0.8145
v1|257589255301|0,Jackson Southernaires - Down Home 1975 Malaco lp OG RARE Gospel Soul Funk,6.00,0.8121
v1|267721957876|0,McCOY TYNER Trident 1975 Milestone LP jazz original  Vinyl record,15.00,0.8118
v1|198487885429|0,Vintage George Harrison All Things Must Pass Apple Vinyl + Promo Sticker,56.99,0.8116
v1|236920659515|0,MOS DEF - BLACK ON BOTH SIDES (INSTRUMENTALS) (VINYL 2LP)/1999/OOP/RARE/VG+++!!!,49.99,0.8113
v1|178297670899|0,Timex Social Club : RUMORS . Free ship!,8.00,0.8100
v1|298497298671|0,ATLANTIC JAZZ MAINSTREAM Vinyl LP HAWKINS - MJQ - ART FARMER - ELLINGTON 1986,4.99,0.8097
v1|398146253183|0,Miracle Legion Original Rough Trade LP 1987 in Shrink,24.99,0.8079
v1|257587435722|0,Together - Don't Want You To Go 1974 ABC lp RARE Gospel Sweet Soul Psych Funk OG,12.84,0.8074
v1|318571025075|0,Le Orme - In Concerto - 1974 Phillips - Italian Pressing Gatefold Cover,75.00,0.8066
v1|398156675311|0,"Ramones ‎– Rocket To Russia, LP 33 Rpm, Punk Rock, Sire Records, 1977",160.00,0.8054
v1|227418785132|0,DJ Krush- Kakusei/ 覚醒- 2LP Album- 1999 Pressing,120.00,0.8047
v1|257599477253|0,Rahni Harris Kingdom - Amazing 1987 Light lp RARE Gospel Modern Soul Boogie NM,6.00,0.8035
v1|298497073045|0,George Harrison All Things Must Pass Vintage Vinyl LP 70s Classic Rock Records,20.50,0.8031
v1|398146458609|0,"Opal ""Early Recordings"" Rough Trade US Late Vinyl Comp LP in Shrink 1989",199.99,0.8018
v1|257597230580|0,New Gospel Arts Coalition - Hold The Light 1984 Morada lp RARE Private Funk NM,6.00,0.7993
v1|398146255486|0,Normail Hawaiians Guy Smith Original Illuminated Records UK 2LP 1988,49.99,0.7951
v1|358777105828|0,STYX – Caught in the Act (1984) US 1st Pressing Double LP | Rare Fan Club Insert,30.00,0.7939
v1|257614506844|0,Kenny Dorham Trompeta Toccata 2020 Blue Note 80 vinyl reissue series,19.00,0.7917
v1|800316439293|0,Quincy Jones Quintessence Impulse AS-11 Orig RVG Stereo Van Gelder NM,9.99,0.7909
v1|147427345906|0,"Smashing Pumpkins - Pisces Iscariot, Yellow Transparent, 1st Pressing - LP",99.99,0.7902
v1|267721802621|0,Donald Byrd - A New Perspective - 1966 Reissue - Bluenote Stereo - LP/Vinyl,12.00,0.7878
v1|227424104948|0,FRIDA KILL - Kill! Kill! - Vinyl (LP + insert) In Shrink Near Mint/Mint.,15.00,0.7863
v1|178302533143|0,AFI Sing the Sorrow Red Vinyl LP Record 2003 1st US Pressing Translucent Red,150.00,0.7859
v1|257603805083|0,Moses - The Coming of Moses 1978 Pure Silk lp RARE Modern Soul Rola Funk NM OG,12.84,0.7849
v1|257601458090|0,Joyful Noise - We're On God's Team 1979 lp Private Gospel AOR Modern Soul RARE,6.00,0.7846
v1|257604987268|0,Shirley Brown - For The Real Feeling 1979 Stax lp Promo RARE Modern Soul Funk OG,6.00,0.7839
v1|178302568083|0,Chico Hamilton Quintet in Hi-Fi Pacific Jazz MONO PJ-1216 Deep Groove VG,4.00,0.7827
v1|287448488153|0,Hydrogen Dukebox England LP Rare,15.00,0.7818
v1|188605066517|0,Rare Northern Soul 5.,3.99,0.7785
v1|147418438811|0,1971 MEL BROWN'S FIFTH Gatefold Promotional LP Impulse Records Funk VG Vinyl,30.00,0.7773
v1|358763587378|0,Sylvester - Stars- 1979 - Dance/Funk/Soul/Disco - Fantasy Records F-9579 VG+/EX,16.00,0.7769
v1|257605387266|0,The Jones Girls - Get As Much Love As You Can 1981 PIR lp RARE Modern Soul Funk,7.50,0.7760
v1|227423201141|0,Miles Davis - Milestones LP - Columbia - CL 1193 6-Eye Mono RECORD,59.99,0.7751
v1|188619033481|0,"TWIN HYPE on LP  single "" DO IT TO THE CROWD  "" hip hop electronic",5.99,0.7719
v1|257589261654|0,Norris Turner - God's Masterpiece Of Art 1976 HSE lp RARE Gospel Soul Funk OG,6.00,0.7697
v1|307052706568|0,"Yusef Lateef 33rpm LP Vinyl 12-inch Impulse Records #AS-9117 A Flat, G Flat & C",49.99,0.7670
v1|336680261343|0,Sonny Stitt – So Doggone Good (1974) LP • Prestige P‑10074 • VG+/VG+ Jazz Sax,6.99,0.7639
v1|257606696995|0,Whitney Houston - Whitney 1987 Arista lp OG 1st R&B Soul Funk NM RARE,6.00,0.7623
v1|377331373281|0,THE MARCELS : RARE ITEMS : VINYL LP : COLPIX 521 : EX,14.88,0.7596
v1|227422586014|0,R.E.M. REM Dead Letter Office IRS 1987  LP  VG/VG+,10.00,0.7595
v1|257603817225|0,Chic - C'Est Chic 1978 Atlantic lp OG 1st Disco Funk Boogie Modern Soul NM,6.00,0.7592
v1|206398674940|0,Earth And Fire – Atlantis prog rock 1973 UK presing LP,30.00,0.7581
v1|398156659427|0,"Duke Ellington with Charlie Mingus & Max Roach - Money Jungle, LP 1962 Jazz ",310.00,0.7574
v1|398158735312|0,~~THE UNITED STATES OF AMERICA~~SELF TITLED LP~~2 EYE COLUMBIA~~PSYCH~~1B / 1B,74.99,0.7571
v1|336680260404|0,Freddie Hubbard – The Baddest Hubbard (1975) LP • CTI 6047 S1 • VG/VG+ Jazz Post,6.99,0.7569
v1|257589299315|0,Saginaw HS Soul - Contemporary Gospel Experience 1976 Private lp RARE Soul Funk,8.50,0.7562
v1|287448508646|0,"Project Now Lionrock 12"" LP ",10.00,0.7547
v1|127965109354|0,"Erasure ""The Innocents"" Vintage Vinyl 1988 Sire W1-25730 EX/EX",30.00,0.7536
v1|188619639138|0,2001: A Space Odyssey (1968) & America - Hearts (1975) Vinyl Albums,4.99,0.7508
v1|227423026721|0,Aerosmith Draw The Line Original Pressing 1977 Insert Ex Condition,8.00,0.7467
v1|257601151985|0,Lois Snead - To The Father 1990 Instinct lp RARE Private Gospel Modern Soul NM,6.00,0.7467
v1|257606519245|0,Rockwell - Somebody's Watching Me 1984 Motown lp OG Modern Soul Boogie MJ,6.00,0.7465
v1|257601649180|0,Alan Gordon - Soul Seekers 1978 Capitol lp OG RARE 1st Modern Soul AOR Groove NM,6.00,0.7454
v1|257605504189|0,Marc Sadane - Exciting 1982 Warner Bros. lp RARE Modern Soul Boogie NM Shrink OG,13.49,0.7450
v1|298493253715|0,Barclay James Harvest - And Other Short Stories - Germany ED1 Harvest Psych-Prog,33.00,0.7446
v1|267719035691|0,KEN LOCKIE: The Impossible UK Virgin Vinyl LP Synth Pop Steve Hillage,6.99,0.7423
v1|336674709882|0,Harvey Mandel,45.00,0.7408
v1|257595001060|0,Woodby & Schambach - Shoutin' Music 1982 lp RARE Private Jazz Funk Gospel Boogie,6.50,0.7398
v1|257605207493|0,Richie Rome - Deep 1980 Elektra lp RARE Modern Soul Boogie Jazz Funk Promo NM,6.00,0.7364
v1|178301035454|0,Madonna You Can Dance (Vinyl 1987) Record Sire 1-25535 Electronic Synth-Pop,3.00,0.7361
v1|158067965082|0,AHMAD JAMAL Tranquility ABC IMPULSE AS-9238 (1973) LP,12.00,0.7350
v1|257579701714|0,Roland Gresham - All My Life 1979 lp RARE Private Gospel Jazz Fusion GRAIL NM,103.51,0.7340
v1|178295726006|0,Adam And The Ants - Young Parisians 7'' Vinyl UK,39.99,0.7291
v1|257591249081|0,Nancy Caree - s/t 1978 T.K. Gospel Roots lp OG RARE Miami Gospel Soul Funk NM,6.00,0.7279
v1|257613260173|0,"Pet Shop Boys ""Please"" used original U.S. LP on EMI, 1986",18.50,0.7277
v1|257603159447|0,White Brothers & Sister D - First Take 1981 lp RARE Private AOR Modern Soul NM,6.00,0.7251
v1|257579853852|0,Tatsuro Yamashita - For You 1982 Air lp JAPAN OG RARE City Pop AOR Soul NM,33.00,0.7237
v1|398156675829|0,Lee Morgan - The Gigolo LP 33rpm 1968 Jazz Hard Bop,190.00,0.7234
v1|257605304673|0,Pyrymyd - s/t 1980 Capitol lp RARE Modern Soul Boogie Electro Funk Memphis NM,9.50,0.7229
v1|257587319583|0,The Brothers - He Will Be There 1973 Zanzee lp RARE Gospel Sweet Soul Funk OG,6.00,0.7226
v1|257583901595|0,Michael Wycoff - Love Conquers All 1982 RCA Victor lp OG RARE Modern Soul Boogie,31.00,0.7225
v1|398167886731|0,ROY AYERS Red Black And Green POLYDOR Jazz Funk | Shrink | LP HEAR,9.99,0.7222
v1|377322602358|0,"Asylum Party Import Only Lively Art LP 1989 ""Borderline""",199.99,0.7217
v1|267722288454|0,Split Enz - Time and Tide - Vinyl  1982,5.00,0.7164
v1|178302498161|0,Miles Davis Sorcerer Vinyl Me Please VMP Reissue LP Booklet and Art Included NM,18.00,0.7156
v1|407061156136|0,"MEL TORME-IT'S A BLUE WORLD-BETHLEHEM  PAP 23026, INSERT & OBI",10.98,0.7147
v1|336678627160|0,Soul Funk Groove Vinyl 1965 James Brown At The Organ LP Smash RecordsSRS67072 OG,9.99,0.7147
v1|267721982648|0,Nina Simone - Sings Ellington Original 1962 Vinyl LP - Mono,50.00,0.7145
v1|257601760594|0,Hellman & Groves - Sing 1979 lp Private Modern Soul AOR Jazz Funk RARE NM,10.50,0.7122
v1|257605453686|0,Quincy Jones - The Dude 1981 A&M lp OG 1st Modern Soul Boogie MF Doom NM,6.50,0.7116
v1|307064344783|0,Hotel California Eagles 1976 LP 1st US Press Original Sleeve/Run-Out Groove Joke,59.95,0.7107
v1|287448453308|0,"Underworld: Change The Weather (1989,Sire Promo, Hype, Synth-Pop M/VG+)",12.00,0.7055
v1|257613165700|0,THE TIME MACHINE *Adventure Hour Series* Volume Six # 1807 ~VERY RARE!,24.95,0.7053
v1|117296113535|0,Vinyl LP Incredible String Band Hangman's Beautiful Daughter & EARTHSPAN PROMOS,9.00,0.7042
v1|127964846979|0,Harvey MILK the Pleaser Live Double LP VINYL Experimental Noise Rock Live Lp,23.92,0.7025
v1|407059868968|0,SLEAFORD MODS “Spare Ribs” Clear Green Vinyl LP !!Rare!! English Tapas UK Grim,21.99,0.7018
v1|358760603771|0,ROY MILTON & HIS SOLID SENDERS UK LP Revord Specialty SNTF5019,14.00,0.7012
v1|117286799877|0,"Brian Auger -""Reinforcements""  12"" vinyl 33rpm LP 1975 RCA 1st US Pressing",3.99,0.7011
v1|168524085957|0,Ramones Vinyl I Wanna Live Merry Christmas 12 Inch Please In Shrink RARE Punk,50.00,0.7003
v1|257603602239|0,Mirage - s/t 1986 lp RARE Private AOR Boogie Synth Electro Power Pop NM,6.00,0.6992
v1|147430963887|0,The Housemartins On Our Big Fat Merry Go Round LP Vinyl Record Sire 1988 UK Indi,1.99,0.6973
v1|358776987557|0,Atlantic Starr - We’re Movin' Up (1989) Vinyl LP,20.00,0.6959
v1|178301265255|0,GABY ¨ VENGO A MIL ¨ 1991 LP PROMO  Hard Find Vinyl IFESA Ecuador Presss,9.99,0.6924
v1|318560607723|0,buggles adventures in modern recording RARE 1st album USED VG,14.97,0.6916
v1|227424215508|0,2 Too Short 12” Vinyl Singles I Ain’t Trippin & City of  Dope 1st press 1989 Rap,9.99,0.6908
v1|257603627307|0,Anthony White - Could It Be Magic 1976 PIR lp RARE Modern Soul Funk PROMO,21.50,0.6903
v1|206404164361|0,Larry Graham My Radio Sure Sounds Good To Me 1978 Funk Soul Vinyl Japan OBI,10.00,0.6896
v1|318564223419|0,"ATLANTIC 78  JOE TURNER ""LIPSTICK POWDER AND PAINT"" / ""ROCK A WHILE"" Listen",10.00,0.6848
v1|117288091961|0,Chase - Ennea Vinyl LP- 1972 Epic - Plays Beautifully! VG+,5.99,0.6840
v1|257585525900|0,Shadow - Sweet Sweet Dreams 1984 Kalico lp RARE OG Islands Boogie Modern Soul NM,81.00,0.6834
v1|257601467212|0,Essence - From Afar 1980 lp RARE Private AOR Modern Soul NM,9.50,0.6823
v1|127965069909|0,"Shitfucker Split 7"" With Bonehunter Vinyl Record",15.06,0.6819
v1|257604963631|0,Norman Connors ft. Ada Dyer - Invitation 1979 Arista lp RARE Modern Soul Boogie,6.00,0.6814
v1|206405936943|0,The Parvarim Soft Sounds CBS WORLD STEREO 82758,4.50,0.6806
v1|158071108393|0,Change This Is Your Time Lp PROMO Vinyl Record 1983 Vg+ Boogie Funk Album,9.99,0.6802
v1|236921293107|0,FLAMING YOUTH (PHIL COLLINS) RARE MINT TERRE HAUTE 1ST PRESSING EARLY PROG!,24.79,0.6779
v1|127966450659|0,"Saddest Landscape / Pianos Become the Teeth Split Clear w/ Black Swirl 7"" Record",1.00,0.6765
v1|336680259677|0,Sonny Criss – Warm and Sonny (1976) LP • ASD‑9312 • VG+/VG+ Jazz Alto Sax,6.99,0.6758
v1|407061426450|0,SHARON RIDLEY: Stay A While With Me US Sussex OG Soul Funk Vinyl LP Hear,15.00,0.6751
v1|188618643311|0,Pete Shelley - XL-1 2LP black vinyl(like New/ played once) NO DOWNLOAD CODE,15.99,0.6731
v1|267719626825|0,Don Nix – In God We Trust LP - 1971 - EX/VG+ - OG SHELTER LABEL,35.00,0.6726
v1|198485926434|0,Ray Charles ~ Genius + Soul = Jazz ~ Impulse Stereo A-2 (VG),7.99,0.6723
v1|257605582444|0,Valentine Brothers - First Take 1982 Bridge lp RARE Modern Soul Electro Boogie,6.00,0.6713
v1|178286869058|0,"RARE Alchemist ALC The Ultimate Music Machine 12"" Vinyl Record 2002 Inst Hip Hop",99.97,0.6690
v1|366531055983|0,"T. Rex Tanx LP 12"" Vinyl Reprise 1973 MS 2132",15.00,0.6686
v1|398146483571|0,"McRad Absence of Sanity"" Beware Records LP 1987 In Shrink with Insert",150.00,0.6678
v1|366531386835|0,"Rare Bird LP Epic Forest UK Polydor 1st Press Gatefold + 7"" Bonus EP",33.00,0.6675
v1|267722219683|0,"Mariah Carey - Make It Happen (12"", Maxi) (Very Good Plus (VG+)) - 4131640518",1.00,0.6671
v1|318561872912|0,Steve Allen  How To Think  Rare 1985 Meadowlane Records Spoken Lp Paul Smith,2.99,0.6661
v1|307052675269|0,Blackbear Digital DrugLord Lp Orange Vinyl OG 2017 Press NM-/NM- Wax,89.07,0.6659
v1|188619435141|0,"Nirvana ""Come As You Are"" (1992 Single) UK vinyl 12"" picture disc",70.00,0.6652
v1|366532806824|0,BRIAN WILSON - SELF TITLED - SIRE RECORDS LP,16.99,0.6636
v1|307051181973|0,"BILL EVANS  ""Alone"" '70 Verve LP  JAZZ  WEBSTER HALL",10.00,0.6634
v1|336673790195|0,"RARE MONO SHANGO 45 7"" 1971 VINYL PSYCH VENEZUELA SOME THING'S A MAN'S GOTTA DO",13.92,0.6616
v1|178257185854|0,"Rabbit in the Moon - Phases - Hardkiss - 12"" Vinyl 1994 US Techno VINYL LP",9.99,0.6616
v1|236926073295|0,Amboy Dukes- Journey to The Center of The Mind lp on Mainstream 1968,44.99,0.6611
v1|267721929925|0,ELVIN JONES  Live at the Lighthouse 1972 BLUE NOTE Post Bop Jazz Modal 2LP EX/NM,50.00,0.6610
v1|178295725986|0,Spizzenergi - Where's Captain Kirk?/Amnesia (UK Rough Trade RTSO 4) 1979,25.99,0.6606
v1|178302553235|0,Mulligan Meets Monk Vinyl LP Riverside RLP 12-247 Deep Groove MONO VG-,5.00,0.6605
v1|257594867573|0,Tony Comer & Crosswinds - s/t 1980 Myrrh lp RARE Gospel Boogie Modern Soul,6.00,0.6603
v1|227423076190|0,Seatrain - Self-Titled LP SMAS-659 Vinyl 1971 Gatefold Green Labels Near Mint!,8.99,0.6602
v1|307052738234|0,"N.W.A Straight Outta Compton 12"" Vinyl LP Ruthless Records Gangsta Rap Sleeve",6.50,0.6597
v1|358775729359|0,Con Funk Shun - Loveshine (1978) - Factory Sealed – US First Pressing,50.00,0.6576
v1|206404124898|0,"Mirakler- How I Became The Devil 12"" LP White Vinyl Reptilian Records 2023",15.00,0.6567
v1|257601484342|0,Micki - Look Again 1981 Day Spring lp RARE Indie Gospel Modern Soul Boogie NM,6.00,0.6527
v1|336674713354|0,Tiger B Smith,75.00,0.6520
v1|398146462947|0,Orange Doe-Nuts OD's Fresh Sounds LP 1984 Insert,49.99,0.6502
v1|257585277320|0,Little Joe Cook  - Lady From The Beauty Shop 1988 lp RARE Private Modern Soul NM,8.50,0.6498
v1|178297487660|0,SWEET APPLE “LOVE AND DESPERATION” RED VINYL LP NM/NM Rare Dinosaur Jr.,50.00,0.6472
v1|257597461999|0,Maurice Williams - Create In Me 1986 lp Private Miami Gospel Modern Soul GRAIL,11.50,0.6464
v1|127964854218|0,Harvey Milk Live At Supersonic 2008 Yellow Vinyl Experimental Noise Rock,11.11,0.6416
v1|178298092896|0,THE PRETENDERS-LEARNING TO CRAWL 1984 SIRE RECORDS ORIGINAL US PRESSING VINYL,25.00,0.6414
v1|267719625269|0,The New York Rock & Roll Ensemble – S/T LP - 1968 - VG+/VG+,10.00,0.6412
v1|327249920467|0,The Green Hornet Original Television Score Mono 20TH CENTURY NM RARITY,29.00,0.6408
v1|188619356104|0,CHARLES WUORINEN Time's Encomium (1970) NONESUCH H-71225 Electronic Synth LP Ex!,8.99,0.6401
v1|307052507832|0,Bobby Darin - Inside Out - Atlantic MONO 8142 - LP,6.99,0.6377
v1|137498739091|0,SOUL/FUNK Abaco Dream A&M 1081 Life and Death in G & A ,8.00,0.6372
v1|198486039368|0,"Signed! Harvey Reid A Very Old Song LP 12"" Black Vinyl Stereo 1983 Woodpecker ",40.00,0.6323
v1|206404285304|0,The Velvet Piano of RONNIE BROWN ~ Columbia 6-Eye CL-1492 Demo/Promo Mono - VG+,3.10,0.6321
v1|377331565433|0,"ARCTIC FLOWERS ""STRAIGHT TO THE HUNTER"" WHILE VINYL LP NM/EX RARE PUNK",25.00,0.6320
v1|236927916862|0,"MARGIE DAY   ""DAWN OF A NEW DAY""   EXC!  PLAY-GRADED   MONO vinyl record",10.00,0.6317
v1|198488218398|0,V/A What One “Riddim” Can Do 1986 Compilation UK Import 1st Press Reggae VG/VG,0.99,0.6316
v1|257601309547|0,Mighty Gospel Enforcers - In The Name Of 1991 lp GRAIL Private Modern Soul NM,6.50,0.6315
v1|257614910068|0,"Adam Makowicz/George Mraz ""Classic Jazz Duets"" 1982 is first press promo jazz LP",4.99,0.6297
v1|287414066981|0,"Redbone-1972 Epic ""Message From A Drum"" Quadraphonic LP/NM/VG+/Blues/Psych",7.99,0.6284
v1|267719626194|0,Nilsson – Son Of Schmilsson LP - 1972 - VG+/VG+,26.00,0.6274
v1|206403857571|0,Space Adventure Cobra Soundtrack vinyl record album 1982 Japan Jazz Funk Soul ,49.99,0.6242
v1|257608421082|0,The John Hall Band Searchparty Vinyl LP Record 1983 Pressing,5.00,0.6241
v1|188605011286|0,"Patrick Simmons ""So Wrong"" Rare US 12"" pressing of this classic.",4.00,0.6238
v1|257595277978|0,Ira Watson - Shining Star 1982 lp Private Gospel Modern Soul Boogie RARE NM,9.50,0.6236
v1|398156690763|0,"The Byrds- Turn! Turn! Turn! LP, Original 1965, Mono, Rock, Psychedelic Rock",160.00,0.6231
v1|327254463877|0,HOAN MODERN PHASE LP MINT CANADA INSERT WITH PHOTO & LYRICS RARE LOW PRICE LP,9.00,0.6221
v1|227423004087|0,avenged sevenfold A7X nightmare vinyl Record ORIGINAL Pressing RARE Rev,79.99,0.6219
v1|307051042272|0,"B.G. The Prince of Rap This Beat Is Hot 12"" vinyl LP Record Epic 1991 Tested VG+",1.99,0.6218
v1|327254349461|0,"1970 Funk/Psych Rock LP - Sly & The Family Stone ""Greatest Hits"" EPIC RECORDS",2.99,0.6217
v1|398158098318|0,Ralph Towner - Solstice - 1975 ECM Records - First Pressing Vinyl Excellent,25.50,0.6217
v1|168526184393|0,Ralph Towner - Solstice - 1975 ECM Records - First Pressing Vinyl Excellent,14.25,0.6217
v1|257587354716|0,Spencer Jackson Family - The Hand Of God 1974 ABC lp RARE Gospel Soul Funk OG,6.00,0.6204
v1|800316025641|0,Pagan Warlord - Barbaric Balladry LP,40.00,0.6202
v1|800316435980|0,Nexion - Sundrung LP,30.00,0.6202
v1|800316156447|0,Diaboli - Towards Damnation LP,20.00,0.6202
v1|800316178674|0,Arkha Sva - Mikana Isaro Mada LP,14.00,0.6202
v1|307052505981|0,YVONNE GAGE LP VIRGINITY,6.99,0.6202
v1|318560532021|0,Ladakh Lp,5.00,0.6202
v1|188621572681|0,Rare Rap LP.,7.99,0.6194
v1|236925958979|0,Uranium Savages Trust Us Roy Records 99-63 Texas Punk New Wave LP,14.00,0.6189
v1|366537209651|0,"LL Cool J 12"" Single Jingling Baby Def Jam Records 1989 Vinyl Hip Hop",5.20,0.6186
v1|257605599073|0,Dunn & Bruce Street - Official Business 1982 Devaki lp RARE Modern Soul Boogie,8.50,0.6184
v1|188622079087|0,"STARPOINT  on LP  single "" RESTLESS "" electronic funk soul",4.99,0.6179
v1|257605310771|0,Chaka Khan - Naughty 1980 Warner Bros. lp OG 1st Press Modern Soul Boogie NM,6.00,0.6172
v1|198487926202|0,Janet Jackson Control 1st Press Vinyl Record LP Melodic 80's,2.25,0.6156
v1|398167900004|0,CHARLES BRIMMER Soul Man CHELSEA |  SOul Funk R&B | Shrink | LP HEAR,9.99,0.6155
v1|257606701189|0,Magic Lady - s/t 1988 Motown lp RARE Modern Soul Electro Funk R&B Promo NM,6.00,0.6080
v1|147427073988|0,"FUNK 12"" ""FUNK FUNK"" / ""GOOD TIMES"" CAMEO ( CASABLANCA 1977 ) UK RELEASE",4.00,0.6076
v1|257613319934|0,MOTHER EARTH Make A Joyful Noise record SR61226 1969 Original Pressing,2.14,0.6068
v1|117296019888|0,Chet Atkins C.G.P. Sails Original Vinyl Release 1987 MINT !,30.00,0.6064
v1|318559272688|0,CHEZ KANE DEBUT PINK VINYL LP RARE,47.00,0.6050
v1|257587536004|0,Carl Bean & Universal Love - All We Need Is 1974 ABC lp RARE Gospel Soul Funk OG,8.50,0.6047
v1|158069977546|0,"THEM BONES ""You Asked For It!"" 1981 Trombones Jazz Conrad Herwig Vinyl LP Rare",4.99,0.6038
v1|127965018582|0,"Pink Turds In Space Charred Remains Split 7"" Vinyl Long Out Of Print ",18.50,0.6026
v1|168525943978|0,rare deep psych garage by BEAUTIFUL Shadows In The Sun /,400.00,0.6015
v1|358774164434|0,Japanese Breakfast LP Soft Sounds From Another Planet 2022 Dead Oceans DOC133 M-,13.99,0.6015
v1|287450181885|0,Echo and the Bunnymen “Crocodiles” - Sire - 1980,9.99,0.6009
v1|158068117704|0,"Thompson Twins Here's to Future Days Vinyl LP Arista Shrink, Hype, TESTED VG/VG+",7.99,0.6006
v1|327254032481|0,McFadden & Whitehead LP Vinyl ain't no stoppin us now TSOP,9.99,0.5997
v1|188619037273|0,tsol vinyl EP,80.00,0.5995
v1|188608322020|0,VINTAGE-FIVE BLIND BOYS OF MISSISSIPPI (LP)-My Desire-RARE,29.00,0.5990
v1|298494095772|0,Curtis Mayfield Super Fly Vinyl Die-Cut LP Curtom CRS8014-ST Sonic 1972,17.00,0.5989
v1|188618641812|0,Pete Shelley - Homosapien 2LP BLACK VINYL (like New/played once)NO DOWNLOAD CODE,15.99,0.5985
v1|257612962181|0,"Metallica ...And Justice for All 12"" Vinyl LP 1988 Original Pressing",255.00,0.5981
v1|398156700037|0,"The BlackByrds - Flying Start, 33rpm LP, 1974, VINTAGE, Northern Soul, Funk Jazz",140.00,0.5964
v1|327255016512|0,PETER MURPHY Should The World Fail To Fall Apart 1986 VINYL UK LP BBL69 Beggars,19.99,0.5942
v1|327254347728|0,"1969 Folk/Psych Rock LP - BUFFALO SPRINGFIELD ""Retrospective"" ATCO #33-283",2.99,0.5921
v1|278157783510|0,"Dutch Concert Rostrum Program 8513 (Cage, Gabrieli, Zimmermann, Turina) LP",110.00,0.5911
v1|287450387760|0,Vinyl LP Record Lot of 9 Miles Davis Kind Of Blue Bon Iver Mighty Sparrow Music,9.99,0.5909
v1|127964838793|0,Harvey Milk Wharvfv Milk TEST PRESSING Vinyl Lp ,18.80,0.5903
v1|358775771156|0,Con Funk Shun - Secrets (1977) - US First Pressing,25.00,0.5893
v1|327254032473|0,LOCKSMITH Unlock the Funk ORIGINAL 1980 LP Arista VG+,4.99,0.5892
v1|327254032473|0,LOCKSMITH Unlock the Funk ORIGINAL 1980 LP Arista VG+,4.99,0.5892
v1|257589207532|0,Brooklyn Allstars - Ten Commandments 1974 Jewel lp RARE Gospel Sweet Soul Funk,6.00,0.5872
v1|147431078224|0,"1988 Siouxsie & The Banshees ‎– Peek-A-Boo 12"" Single Vinyl Record",13.00,0.5867
v1|127965062821|0,"Split 7"" Between Shitfucker And Midnight  Hells Headbangers ",3.87,0.5857
v1|257613303576|0,"NICK LOWE Labour of Lust LP Promo 1st US Press, 1979 vinyl",12.00,0.5854
v1|188622051030|0,Merry Clayton Emotion Vinyl,5.00,0.5845
v1|800316673038|0,FIGURES ON A BEACH LP STANDING ON CEREMONY 1987 SIRE 1-25596 PROMO 1ST PRESS,4.99,0.5845
v1|178295340965|0,Three First Pressing ,80.00,0.5831
v1|227419161664|0,LED ZEP - JAMES PATRICK PAGE - SESSION MAN - SLIPPED DISC 2 LP NM,12.46,0.5824
v1|398155306712|0,LP Original 1974 America Holiday VG+/VG+,7.99,0.5816
v1|257579507089|0,Ada Dyer - s/t 1990 Motown lp UNREALESED RARE Street Modern Soul R&B PROMO GRAIL,8.50,0.5811
v1|800315019149|0,"DEXTER GORDON-THE BETHLEHEM YEARS-BCP 6008, MUSIC OF ""DADDY PLAYS THE HORN""",10.98,0.5809
v1|168526218757|0,Poco Inamorata LP Vinyl 1984 Atlantic  80148-1,4.00,0.5799
v1|206409472736|0,YANKEE STADIUM THE SOUNDS OF A HALF CENTURY MEL ALLEN LP 33 1/3 RPM,10.00,0.5783
v1|257613005877|0,Hanoi Rocks LP- UK Release- 1985- Lick Records 1st Press,75.00,0.5781
v1|188621313464|0,RARE The J.B.'s Doing It To Death Vinyl LP Album from 1973 in VG+ Condition,200.00,0.5779
v1|298493258975|0,BARCLAY JAMES HARVEST Baby James Harvest LP 1973 Vinyl Prog Rock VG,25.00,0.5776
v1|257603191619|0,Bruce Miller - Magic Night 1982 Capitol lp RARE AOR Modern Soul Boogie 1st OG,6.50,0.5766
v1|147426007020|0,Cold Blood  First Taste Of Sin Lp in Shrink soul funk   Nm,19.99,0.5753
v1|287448655454|0,Poco a Good Feeling to Know Vinyl LP 1972 Epic Records KE31601 Insert,3.50,0.5750
v1|257605213157|0,T.S. Monk - House Of Music 1980 Mirage lp OG Modern Soul Boogie Shrink NM,6.00,0.5741
v1|377322595528|0,"The Breeders Rare 4AD U.S. Late Vinyl LP ""Pod"" 1990 in Shrink",99.99,0.5724
v1|257585597918|0,"Choyce - Love It When You Smile 12"" Private 1990 Indie R&B House Neo Soul Boogie",9.61,0.5714
v1|398167914444|0,LEW KIRTON Talk To Me | Modern Soul | Stepper | Boogie Funk|   LP HEAR,9.99,0.5699
v1|398146392252|0,"Sonic Youth ""Evol"" Rare Special Cut SST LP 1986 Glossy Pics & Inserts",99.99,0.5695
v1|188618761590|0,"GEORGES  MOUSTAKI.SELF TITLED 12"" LP.ORIGINAL GATEFOLD COVER.GERMANY",2.99,0.5689
v1|127964976038|0,"Saragossa Band - S/T LP 1979 VG-/VG Vinyl 12"" German Disco Funk Soul Europop",4.99,0.5689
v1|227405833509|0,T. REX - THE SLIDER - CLASSIC/GLAM ROCK - VG++ VINYL,5.99,0.5684
v1|257603222065|0,Level 42 - Pursuit Of Accidents 1982 Polydor lp Modern Soul Fusion City Pop NM,6.00,0.5675
v1|318516794619|0,Underworld – Underneath The Radar - US Synth Pop LP + OIS 1988,4.99,0.5673
v1|257603544576|0,Jerimiah Bruno - Time In The Morning Sun 1986 lp RARE Private Modern Soul AOR,10.00,0.5671
v1|366536428209|0,TELARC DG-10083 MARRINER Wagner Die Meistersinger Flying Dutchman 1983 NM,5.99,0.5669
v1|358777205767|0,Koolness Purr Sonified 2xlp Vinyl Record 1994 Hip Hop Index Naked Funk Dj Food,9.99,0.5663
v1|178298119630|0,"THE LEAVES Hey Joe / Girl From The East, 45, Mira 7"", 1966 Garage Psych VG",6.00,0.5661
v1|206403867032|0,2 Sidney Bechet & Bunk Johnson Jazz Blue Note 33 RPM Records 7001 7008 LP,9.99,0.5659
v1|127964896857|0,"Adele - Skyfall Vinyl 7""",33.00,0.5644
v1|358776744699|0,R.L.Burnside-vinyl ,12.00,0.5644
v1|800316646481|0,"Trickeration - Rap, Bounce, Rockskate 1980 12"" US Orig S.N.Y. Rare Old School",40.99,0.5617
v1|267719637136|0,Erroll Garner - Garnering - Original EmArcy DG Heavy LP - MINT,7.99,0.5609
v1|158071123457|0,Jim Smith Of Detroit Lp Vinyl Record VG+ 1974 Folk Album RARE Plumline Records,29.99,0.5600
v1|147427355742|0,"RARE BRAZIL LP ""DANCANDO COM DJALMA FERREIRA"" DJALMA FERREIRA (AUDILOA 1960s ?)",25.00,0.5595
v1|287448635167|0,Frightened Rabbit ‎The Midnight Organ Fight UK ORIGINAL 1st PRESSING NM vinyl LP,175.00,0.5594
v1|227422730319|0,"Vintage 1983 Madonna ""Self Titled"" Vinyl (1-23867) Sire Records",10.00,0.5589
v1|287448542257|0,Neutral Milk Hotel – In The Aeroplane Over The Sea - LP  Cover Damaged,5.50,0.5583
v1|407061422025|0,Surface  2nd Wave  Vinyl LP 1988 Columbia C 44284 1st Press VG+/VG+,15.00,0.5580
v1|178296134529|0,Midnight Star – No Parking On The Dance Floor 1983 LP Vinyl Solar Funk Disco VG+,16.50,0.5577
v1|137497420177|0,"ELECTRO 7"" ""SEXY MODEL"" FRENCHBLOKE & SON (HALF INCH 2004 ) CLEAR VINYL EDITION",7.00,0.5576
v1|236925894408|0,Ars Nova- same Psychedelic Prog on Elektra Records lp,19.99,0.5572
v1|206396411731|0,"Herbie Mann *London Underground* 1974 Stereo 12"" LP Vinyl Record / SD 1648",1.99,0.5570
v1|398146503623|0,My Dad is Dead Original Homestead 2LP 1989 Inserts,49.99,0.5564
v1|298493261904|0,STEVE MARRIOTT– Marriott  1976 1st  US Issue EX LP   Humble Pie,22.00,0.5558
v1|198480303863|0,Vince Tempera Temperix Electronic Disco Funk Free Improvisation Soul latin Lp,129.00,0.5553
v1|327254346431|0,"1973 Folk/Psych Rock 2-LP - BUFFALO SPRINGFIELD ""Buffalo Springfield"" ATCO #806",7.77,0.5549
v1|198486171037|0,BRAINSTORM STORMIN LP NM NEAR MINT US RCA VINYL SOUL FUNK DISCO,9.98,0.5547
v1|377331997184|0,"TAKA BOOM Red Hot 12"" LP ARIOLA Promo Electronic Disco Funk Soul",7.99,0.5526
v1|800311202783|0,LAST EXIT LP  The Noise Of Trouble Live Japan  1986   Enemy Sonny Sharrock vinyl,15.00,0.5520
v1|227423076275|0,Steps Ahead - Modern Times LP 60351-1-E Vinyl 1984 Contemporary Jazz EX!,5.99,0.5517
v1|178297465239|0,GBH “CATCH 23” B/W “HELLHOLE” 7-inch NM/EX Clay 1984 RARE PUNK,30.00,0.5510
v1|127959209156|0,MAL SHARPE - THE MEANING OF LIFE. NEAR MINT VINYL LP. RHINO. 1979. LIKE NEW.,7.49,0.5500
v1|206405777664|0,"Portrayal of Guilt Christf*cker  Vinyl LP 12""  Clear Blood Splatter Limited Ed",26.66,0.5500
v1|158068356945|0,Hüsker Dü New Day Rising SST 031 1985 vinyl release including insert Husker Du,18.50,0.5497
v1|327253979599|0,Heavy Metal Records LP - White Vinyl -- Near Mint,24.99,0.5487
v1|236925894059|0,Gypsy Antithesis lp Psychedelic rock on RCA 1972,19.99,0.5480
v1|127968518048|0,"BADFINGER, Ass LP, Apple Records 1973, Winchester Pressing  VG+, Demo",11.24,0.5474
v1|198487930659|0,"Janet Jackson Rhythm Nation 12"" Single Vinyl Record LP 1st Press Melodic 80's",0.99,0.5462
v1|398155550375|0,"VAN HALEN, 1984, MINT/NM ORIGINAL VINYL, FIRST PRESSING, IN SHRINK",75.00,0.5459
v1|398146390436|0,Urge Overkill Touch & Go Late Vinyl LP 1989 Bio Glossy Insert,49.99,0.5456
v1|398146248221|0,"Opal SST LP ""Happy Nightmare Baby"" 1987 Insert",99.99,0.5456
v1|278167072302|0,"GROOVE COLLECTIVE, Priye ( 12"" original + remix, 2001; Like New)",2.79,0.5455
v1|257606514522|0,Anita Baker - The Songstress 1983 Beverly Glen lp RARE Modern Soul Jazz OG,17.00,0.5452
v1|358760574045|0,BILLIE HOLIDAY Self Titled MAINSTREAM S/6000 LP VG+ SHRINK MONO,11.60,0.5450
v1|168524248152|0,"HAMILTON BOHANNON~""DISCO STOMP PART 1 ""~Orig. 1975~FUNK~SOUL~DISCO~7'' 45rpm~VG+",0.99,0.5442
v1|336683657835|0,"QUEEN / LIVE KILLERS JAPAN ISSUE DOUBLE LP RED&GREEN WAX W/OBI,INNER,INSERT",35.00,0.5439
v1|327254704393|0,"The Cult - Sweet Soul Sister OG 12"" Lmt Ed Gatefold UK 1990 BEG 241 TG NM",22.99,0.5436
v1|398167966900|0,FREDDIE HUBBARD Keep You Head Together CTI  Jazz Funk | Shrink |  LP HEAR,9.99,0.5433
v1|398167901306|0,GIL SCOTT HERON Moving Target ARISTA Jazz Funk Disco LP HEAR,12.50,0.5429
v1|377322853242|0,Judy Nylon & Crucial Orig On-U Sound reggae Dub Punk UK LP 1982,99.99,0.5424
v1|198487969372|0,Journey Self Titled (Outer Space Cover) 1st Press Vinyl Record LP Melodic,1.25,0.5416
v1|327253979626|0,Hawkwind-Leave No Star Unturned- Rare Blue Vinyl-Near Mint,54.99,0.5408
v1|168525597315|0,The INCREDIBLE STRING BAND~Self Titled LP Vinyl ELEKTRA - EX - Ultrasonic Clean,10.99,0.5405
v1|358788323596|0,My Pussy Belongs to Daddy LP Beacon 305 Rare Back Cover Joe Davis,50.00,0.5404
v1|278169890743|0,Replacements Don't Tell A Soul 1989 LP Sire,15.50,0.5399
v1|236926735472|0,"Chase Chase Epic E 30472 12"" Vinyl LP Jazz-Rock Cardboard Sleeve",2.66,0.5397
v1|287453259906|0,Madonna Confessions II 12‑Track LP PRIDE Ed. CLEAR Vinyl RARE ( Damaged),84.00,0.5383
v1|236925967937|0,Barabas- Self-titled Latin Soul Funk lp on Atco 1974,14.99,0.5381
v1|336680261655|0,"SONNY STITT - ""Satan"" Cadet- 50060 DJ 1974 Vinyl EX/VG+",6.99,0.5379
v1|287450914439|0,barbara streisands vinyl Guilty rare Promo/ Not For Resale Version,20.00,0.5372
v1|188604885522|0,"E.G. Daily ""Mind Over Matter"". Rare US 12"" pressing of this NRG track.",4.00,0.5372
v1|267724868884|0,"*Rare * The Song of Rex, ""If Ever I Cease To Love"" 7"" Vinyl Record",185.00,0.5362
v1|227422721607|0,"FUNKADELIC ""Free Your Mind…"" Original 1970 Vinyl LP Westbound WB-2001 Gatefold",31.00,0.5362
v1|227423234968|0,"HAMMERS RULE - Show No Mercy (1984 Tangents Records, US) Original WHITE Vinyl LP",49.99,0.5351
v1|287450916242|0,Manowar Hail To England LP  UK 1984 -Music For Nations,145.00,0.5349
v1|336678455875|0,"SANDIE SHAW me,  nm rare ,ono lp on REPRISE, 1966, mod, in shrink",24.95,0.5343
v1|137499529342|0,"PWR BTTM Pageant Rare Maroon vinyl LP + Promo Sticker, Poster, Download Card",50.00,0.5324
v1|168529179784|0,"Rare OOP! Thin Lizzy ""Dedication"" EP - Vertigo Records - 1991 UK Press - VG++",24.99,0.5311
v1|257581537916|0,The Searchlighters - I Love You 1983 lp RARE Private Electro AOR Gospel Soul NM,12.50,0.5303
v1|377330253071|0,CAT STEVENS MATTHEW & SON  2 RECORD SET ~ STEREO DES 18005-10 DERAM,4.95,0.5299
v1|198487885840|0,"Scarce! Kate Smith: On a Clear Day, RCA PRS 298, 12"" LP VG+ (I)",4.50,0.5279
v1|178297754183|0,"Aglio E Olio by Beastie Boys (Clear vinyl , July-2021, Capitol)",21.25,0.5275
v1|178302532927|0,Blue Cheer Vincebus Eruptum Vinyl LP 1968 Philips PHS 600-264 Stereo VG+,10.00,0.5256
v1|188619295607|0,"Son Lux- Bones 12"" LP Grey Vinyl Glassnote Records 2015",40.00,0.5242
v1|178297487652|0,“OI GLORIOUS OI” OG 1st LP 1987 w/ SHAM 69 ANGELIC UPSTARTS SECTION 5,40.00,0.5241
v1|327253979613|0,Plasticland S/T Self Titled  1984 LP PINK Vinyl NM- OG 72011 Color Appreciation,45.99,0.5237
v1|398163147843|0,"Mos Def  12"" Vinyl Original pressings from Rawkus Records(catalog RWK-1159)RARE",200.00,0.5228
v1|298493712453|0,Coleman Hawkins – Wrapped Tight - Impulse! – AS-87 - STEREO,99.99,0.5216
v1|127959209592|0,JACKIE MASON -THE WORLD ACCORDING TO ME. MINT VINYL LP & PROMO EXCERPTS LP. 1987,8.99,0.5196
v1|198480581830|0,OMEGA 12 - A Föld Árnyékos Oldalán hungarian  prog Lp,18.00,0.5164
v1|318558656239|0,THE HEADBOYS SELF TITLED 1979 DEBUT LP NM NEAR MINT US RSO VINYL NEW WAVE,9.98,0.5162
v1|236927046183|0,Rufus Featuring Chaka Khan 1975 (G) LP Funk Soul Disco ABDC-909 ABC Records,7.00,0.5157
v1|398167893991|0,NORMAN CONNORS Dance Of Magic BUDDAH Afro Spiritual | Modal Jazz LP HEAR,9.99,0.5152
v1|257613001827|0,INXS Listen Like Thieves LP 1985 Mercury Records Vinyl European Pressing,20.00,0.5150
v1|278170004432|0,LENE LOVICH - NEW TOY - ORIG 1981 NEW WAVE LP -NM/ VG++,3.99,0.5148
v1|137499253353|0,"Vesta - 4 U - 12"" Vinyl Single - 1988 A&M Records - Funk Soul Electro - OOP ",7.99,0.5146
v1|236931343183|0,Italo Disco Cyber People Digital Signal Processor 12” Single Germany,19.99,0.5138
v1|318564200499|0,SOFTWARE SYN-CODE NM in shrink electronic Berlin school Germany vinyl LP,7.00,0.5135
v1|398167885257|0,KWICK st EMI  Funk Boogie Soul | Shrink | LP HEAR,9.99,0.5132
v1|127965047185|0,"Buzzöven Split With Sour Vein 7"" Record ",33.00,0.5131
v1|398146439153|0,Sugar Puff Demons Andy Summers Link Records UK Psychobilly LP In Shrink 1989,24.99,0.5119
v1|398146305744|0,"Xmal Deutschland Import Only ""Peel Sessions"" EP in Shrink",35.00,0.5101
v1|117292549491|0,JUDY GARLAND THE GARLAND TOUCH/NEW CD & EXC.VINYL.IMPORT.1962.MONO-STEREO,37.50,0.5099
v1|336680278877|0,"JANET JACKSON A&M Vinyl 12"" Single COME BACK TO ME / THE SKIN GAME PART I (1989)",12.00,0.5090
v1|336680576086|0,barbara streisands vinyl lot 4 LP,6.00,0.5090
v1|158068166290|0,Badlands Vinyl LP Promotional 1989 NM+,215.00,0.5089
v1|336674903254|0,CELINE DION I DROVE ALL NIGHT 12' CLUB 3 REMIXES VINYL RECORD RARE 2003 EPIC,19.95,0.5083
v1|257616812571|0,"DOG ASSASSIN Imperial States Of America PUNK ROCK 7"" EP Red/Black Vinyl RARE",19.99,0.5081
v1|257614853716|0,"DJ Shadow vs Depeche Mode Mo'Wax MW086DJ 12"" 1997 Vinyl Record Electronic",32.00,0.5075
v1|127964979541|0,US Air Force Jazz Ensemble - Today LP 1978 VG+ Private Bebop Jazz Big Band,0.99,0.5067
v1|398158137071|0,Carol McLaughlin - Jazz Harp - Audiophile Vinyl Promo LP - Mint 1985,12.50,0.5066
v1|117294030982|0,CHICK COREA Blue Note Reissue Series 2LP VG+ 1975,14.99,0.5059
v1|117286757206|0,THE EDMOND HALL SEXTET Rompin' In '44 1983 JAZZ LP on Circle #CLP-52 RARE,5.99,0.5048
v1|257603239103|0,Tom Sykes - Pariah 1983 Blue Sand lp Private AOR Modern Soul SSW Power Pop RARE,6.00,0.5045
v1|257606749787|0,RAaB - You're The One 1993 Rip-It-lp RARE Indie R&B Soul Funk NM,20.50,0.5042
v1|198487960112|0,Journey Self Titled Vinyl Record LP Hard Rock 80's Rock,1.25,0.5042
v1|158071104865|0,Chic Believer Lp Vinyl Record 1983 Disco Funk Album Vg+ ,6.99,0.5027
v1|267721885321|0,Jefferson Airplane (2) LP Lot: Long John Silver & BARK Original Psych Rock Vinyl,6.49,0.5004
v1|206406037003|0,"Return of Saturn by No Doubt (Record, 2000) vinyl",15.00,0.5002
v1|257581780198|0,Art Mapa - Instrumental Experience 1986 lp Private Gospel AOR Spiritual Jazz NM,7.50,0.4999
v1|298485146065|0,"Divine SHAKE IT UP 12"" Record 1983 Design Records FIRST PRESSING UK",20.00,0.4993
v1|198486057790|0,"A Certain Ratio – Wild Party - 12"" EP UK 1985 - FACTORY RECORDS FAC 128 ",24.56,0.4992
v1|298497260016|0,Heatmiser Mic City Sons Vinyl 2XLP Elliott Smith Third Man Records,65.00,0.4990
v1|198480582273|0,Adam Makowicz ‎– Moonray jazz in shrink mint LP,8.00,0.4984
v1|206398394612|0,Piramis s/t rock English Label  + insert LP hard rock prog,29.00,0.4978
v1|257613211351|0,John Coltrane – Soultrane US 1982 Reissue vinyl album LP (OJC-021) RECORD,29.99,0.4958
v1|127966199024|0,ATLANTIC LP RECORD/EN VOGUE/ BORN TO SING/1990 R&B/EX/EX+ VINYL,24.99,0.4952
v1|267722425783|0,RAY CHARLES LIVE IN CONCERT LP 1967 ORIGINAL PRESS GREAT CONDITION! VG+/VG+!!A,12.99,0.4944
v1|147427313761|0,"""THE LEMON PIPERS""  1968  GREEN TAMBOURINE  VINYL LP  BUBBLEGUM/PSYCHEDELIC/POP ",9.99,0.4943
v1|168525656599|0,"BLIND FAITH- Self Titled Vinyl 12"" RARE COVER 1969 ATCO G/G+ Ultrasonic Cleaned",24.99,0.4939
v1|318570081692|0,"No Escape / Turning Point - Split Hardcore 91 US 7"" Vinyl Black",5.00,0.4936
v1|267722487435|0,DINAH WASHINGTON-DINAH JAMS-LP-VINYL-1958 PRESSING-EMARCY MG 3600-RARE! (EX),24.99,0.4936
v1|158068086040|0,The Waddington Family The Future's Not What It Used To Be Private Press VG/VG+,9.99,0.4925
v1|327254032486|0,"Beenie Man HATERS & FOOLS / ANALYZE THIS PROMO 12"" Bug Riddim",4.99,0.4923
v1|366531092024|0,1979 LP Heavy AN ACT OF GODDO Canada Hard Rock Band GREG GODOVITZ Polydor,15.00,0.4917
v1|358776917257|0,SCORPIONS – World Wide Live (1985) True US 1st Pressing | Rare Video Order Form,40.00,0.4900
v1|127966359347|0,"Very Rare Cramps ""Human Fly"" / ""Domino"" 45 With Glow In The Dark Cover Tested",399.99,0.4894
v1|178297487650|0,"TYRADES ""TYRADES"" LP ORANGE VINYL NM/NM RARE PUNK",25.00,0.4892
v1|267719484393|0,"The Soul Seven South Side Funk Part 1 b/w  South Side Funk Part 2  7"" Vinyl Rare",12.99,0.4872
v1|257595254872|0,Trumpet Jubilee's - The World Is Changing 1982 Palm lp RARE Gospel Boogie Soul,6.00,0.4865
v1|377322583502|0,"Warzone Original ""Open Your Eyes"" Caroline Records Translucent LP Insert  1988",49.99,0.4856
v1|127966302758|0,"Vegas Moutheater Self-Titled 7"" Split Thrashed! Mailorder Cover Holy Terror VG+",1.00,0.4853
v1|318515987788|0,The Waitresses – Wasn't Tomorrow Wonderful? - US New Wave LP 1982 + OIS,4.99,0.4853
v1|267719032226|0,WAH!  LP  1980'S ROCK Eternal  NAH=POO  punk Pete Wylie  FIRST PRESSING Germany,7.99,0.4847
v1|257605332759|0,Chaka Khan - What Cha' Gonna Do 1981 Warner Bros. lp OG Modern Soul Boogie NM,6.00,0.4843
v1|267721784240|0,"FAC-2 A FACTORY SAMPLE Joy Division  1979 1st Press Dbl 7"" EP NM Only 4 Stickers",399.99,0.4841
v1|137488580013|0,"T.Life, Something That You Do To Me, 1st Edition, Promo, Vinyl LP, Funk, 1981",8.99,0.4838
v1|336679273716|0,"The Flying Burrito Bros., Burrito Deluxe Record NRMT,  A&M Records",20.00,0.4812
v1|206409331949|0,RARE 1969 - 70 Rummel High School Jazz Ensemble LP Record 38387 Centry Records,299.00,0.4795
v1|377331547688|0,VICE SQUAD “Stand Strong Stand Proud” EP OG 1st RIOT CITY EX/EX PUNK CLASSIC,25.00,0.4794
v1|377322798333|0,"Felt ""The Pictorial Jackson Review"" Relativity/Creation LP in Shrink 1988",35.00,0.4793
v1|198488028193|0,Genesis Self Titled 1st Press Vinyl Record LP Prog Hard Rock Classic,7.50,0.4779
v1|227423076120|0,Go-Go's – Vacation LP SP70031 Vinyl 1982 New Wave THIS OLD FEELING Near Mint!,13.99,0.4778
v1|257608750196|0,"Public Image Limited- Warrior 12"", UK, Used excellent, 1989, Virgin Records",10.00,0.4774
v1|178295725997|0,Hanoi Rocks Back to Mystery City LP Vinyl UK 1983 Rare,29.99,0.4770
v1|178297465249|0,GBH “DO WHAT YOU DO” 7-inch NM/EX Clay 1984 RARE PUNK,50.00,0.4769
v1|257614162005|0,"Electric Wizard Time to Die 12"" Vinyl LP Record",19.40,0.4756
v1|318560533947|0,Hal Frazier Vinyl,10.00,0.4746
v1|178295726011|0,THE JAM 4 SIDE AFFECTS 45 7 Inch British Import Very Rare,29.99,0.4745
v1|318560529557|0,Saint Tropez – Je T'Aime LP (EX) [1st US Press] BUTTERFLY,5.00,0.4741
v1|398157939007|0,DJ REVOLUTION - IN 12's WE TRUST (VINYL 2LP) With Original Inserts 2000!! RARE!,112.12,0.4736
v1|398156672426|0,"Rare! Booker T. and The MG's - Green Onions/Behave Yourself, 45, 1962, Soul Funk",200.00,0.4729
v1|398146496824|0,"No For An Answer Hawker Records Hardcore LP 1989 ""A Thought Crusade""",24.99,0.4708
v1|287449675947|0,THE THIRD RAIL *Shape Of Things To Come * Psych 45 PROMO (1968) EX,14.00,0.4701
v1|147427615101|0,"""DAMASCUS""  1984 CAUGHT IN THE MIDDLE  LP  PRIVATE CHRISTIAN ROCK, LYRICS",9.99,0.4700
v1|188605070620|0,"Christopher Street ""Satellites"" Ultra rare 12"" pressing of this UK hit.",4.00,0.4696
v1|407061069297|0,ALAN PARSONS* THE TIME MACHINE* EUROPE FIRST  PRESSING* 2014* 2 LP,39.99,0.4690
v1|377331863371|0,999 “I’M ALIVE” OG VINYL 7-inch EX/EX RARE PUNK CLASSIC!,30.00,0.4688
v1|127960697250|0,"Archie Bell & the Drells-Tighten Up, Atlantic SC8181, 1968, EX/VG",15.99,0.4687
v1|257615052766|0,"Jane's Addiction Been Caught Stealing & Had a Dad 12"" LP, 1990 Demo, 9-21736",18.88,0.4685
v1|147427411490|0,JOE HARNELL - HUD/Come A way With Me - VG+,2.75,0.4685
v1|236926038633|0,Timber- Bring America Home white lbl Promo LP on Elektra 1971,11.99,0.4682
v1|407061331724|0,"Remembering Never Women and Children Die First 12"" LP Clear/Red Splatter Vinyl",65.00,0.4676
v1|206398814733|0,"Funk Soul  D.J.Crawford  ""Mr. Romance""",20.00,0.4674
v1|198488030988|0,Genesis Three Sides Live 1st Press Vinyl Record LP Set Prog Hard Rock Classic,0.99,0.4668
v1|278169990085|0,"Soft Kill - Press Play 7"" Single W/ B Side Demo Rare",15.00,0.4662
v1|398155550343|0,"5 XTC EP'S NM ORIGINAL PRESS VINYL, TITLES IN DESCRIPTION",74.99,0.4660
v1|137503748167|0,Oneohtrix Point Never The Fall Into Time LTD 1LP Vinyl RSD 2021,27.00,0.4657
v1|318560630420|0,"Ben Chavez-""He Chose to Live in Me"" Albuquerque native 1981 lp",20.00,0.4643
v1|227422518314|0,The Gaslight Anthem '59 Sound Original Pressing Black Vinyl Rock NM ,24.99,0.4639
v1|358773409236|0,Stephane Grappelli-“At The Winery” Vinyl LP VG+ Concord Jazz Records 1981 OG,6.00,0.4628
v1|127964909368|0,"The Used- Heartwork, 2LP RSD Translucent Red w/ Rainbow Splatter Limited Vinyl",10.50,0.4625
v1|147427563608|0," Sonny Rollins signed ""Way Out West"" with JSA certificate. 100% authentic",549.99,0.4614
v1|147425562392|0,"Matt Goss The Key 12"" Maxi Single 1995 Impulse IMP 519 Joe T Vannelli Mixes MINT",25.00,0.4607
v1|178298093547|0,"CHAPEL Sunday Brunch First Pressing Picture Disc 12"" egg Vinyl indie emo rare nm",24.99,0.4603
v1|257581693330|0,Val & Becki - Heart Of The Matter 1986 lp Private AOR Modern Soul Gospel RARE NM,62.61,0.4589
v1|178297465245|0,"X ""4TH OF JULY"" b/w ""POSITIVELY 4TH STREET"" 7-inch EX/EX 1997 LA PUNK CLASSIC",15.00,0.4588
v1|377322874490|0,"The Morlocks Midnight Records Garage Punk LP 1985 ""Emerge""",24.99,0.4584
v1|377331547691|0,ONE WAY SYSTEM “NOT YOUR ENEMY” 7-inch RARE PUNK NM/EX,20.00,0.4582
v1|178295726005|0,"Puppets Of War EP 7"" by Chron Gen vinyl 1981 UK impot VG+ FRESH36 Fresh Records",29.99,0.4578
v1|178297487677|0,PENETRATION “COMING UP FOR AIR” OG LP EX/EX PUNK,25.00,0.4574
v1|206398685169|0,2001 A Space Odyssey Original Soundtrack LP Vinyl Gatefold 1968 MGM S1E-13 ST X ,9.08,0.4570
v1|336679302364|0,Bud Powell The Scene Changes Vol. 5 Lp Gatefold Sealed 2015 Blue Note Jazz Bop,9.99,0.4560
v1|236925962717|0,Eardance- Seek Opposites LP on Touch Records 1982,24.99,0.4559
v1|257595152880|0,George & Joan Davis - Standing On Promises 1982 lp Private Gospel Electro Soul,6.00,0.4549
v1|188622622877|0,Phil Austin/Firesign “Roller Maidens  From Outer Space” 1974 Epic KE32489 EXC,5.00,0.4544
v1|327253927352|0,Steve Goodman - Say It In Private - NM Vinyl - Promo LP - White Label - 7E-1118,13.98,0.4528
v1|168524090781|0,Midnight Oil Vinyl Mining 1990 1st Press Blue Vinyl in Shrink With Hype Mint,90.00,0.4523
v1|188618537554|0,"LINDA CLIFFORD on LP  "" IF MY FRIRNDS COULD SEE ME NOW  "" funk soul disco",2.99,0.4522
v1|158071088028|0,U2 The Joshua Tree Lp 1987 Vinyl Record Vg++ Gatefold Album W/ Insert,34.99,0.4506
v1|257613165072|0,Go Go's Talk Show LP 1984 Stereo IRS,5.00,0.4502
v1|227424446273|0,HERBIE MANN & FIRE ISLAND Vinyl LP Atlantic Records SD 19112,4.99,0.4497
v1|198487963170|0,Journey Frontiers 1st Press Vinyl Record LP Scratch on Side 2 Hard Rock Melodic,5.50,0.4494
v1|137498605285|0,"Ted Nugent Cat Scratch Fever 12"" Black Vinyl LP  OG Pressing ",25.00,0.4483
v1|117293856813|0,Thelonius  Monk Blue Note Label 78 Rpm Mysterious & Humph 560-A,125.00,0.4480
v1|407061367449|0,Sweet* Give Us A Wink* Germany* Translucent* Import*LP* see description ,23.99,0.4472
v1|257605238220|0,Dynasty - Adventures In The Land Of Music 1980 Solar lp RARE Modern Soul Boogie,6.00,0.4471
v1|287450386309|0,"XTC - Drums And Wires  1984 US Geffen  LP - Steve Lillywhite, H Padgham",9.99,0.4468
v1|178295912552|0,JOURNEY-ESC4P3-1981-EMBOSSED COVER-HW MASTERDISC VINYL LP ORIGINAL LP,61.00,0.4460
v1|178288714991|0,Shai Hulud That Within Blood I’ll Tempered Vinyl Record LP 2003 Revelation,19.99,0.4452
v1|198488026601|0,Genesis Invisible Touch 1st Press Vinyl Record LP Prog Hard Rock Classic,7.50,0.4452
v1|267719628909|0,Buck Owens And His Buckaroos – Carnegie Hall Concert LP - 1968 – VG+/VG,13.00,0.4451
v1|318547326225|0,TRACY: The Slutt Song ~ Original 1988 Vinyl LP ~ MFTP Records/CJ002 Promo Copy,3.99,0.4450
v1|278159330026|0,Hour of Hope Celebrity Records Vinyl LP RARE,0.59,0.4445
v1|377330098785|0,Wackies Rhythm Force ‎Free South Africa Vinyl LP Compilation US 1986 OG Press,65.00,0.4437
v1|178302525333|0,Tony Argo Jazz Argosy Savoy MG 12157 Red Label Promo DG Pepper Adams Rare VG+,20.00,0.4435
v1|398167903455|0,BABY WASHINGTON That’s How Heartaches SUE  Northern Soul R&B LP HEAR,9.99,0.4433
v1|298492573422|0,Depeche Mode  Love In Itself EP Used Vinyl,6.00,0.4433
v1|127965881696|0,Mac's Mob Original Stereo LP Family Portrait 1973 Onyx 3073 Autographed VG++RARE,5.99,0.4425
v1|188618537155|0,"STEPHANIE MILLS on LP  "" SWEET SENSATIONS  "" funk soul disco",4.99,0.4424
v1|257583099998|0,"Spirit-1968 Ode First Press ""The Family That Plays Together"" LP/NM-/VG+",7.99,0.4422
v1|198488013673|0,Genesis Nursery Cryme & Foxtrot 1st Press Vinyl Record LP Set Prog Hard Rock ,0.99,0.4418
v1|178302736307|0,David Fathead Newman Concrete Jungle Vinyl LP Prestige P-10104 VG+,4.00,0.4414
v1|257606693184|0,Johnny Kemp - s/t 1986 Columbia lp Modern Soul Electro Boogie R&B NM,8.50,0.4413
v1|257613163587|0,"20,000 LEAGUES UNDER THE SEA *Adventure Hour Series* Vol. Four #1809 ~VERY RARE!",24.95,0.4411
v1|206404124101|0,"Beastmilk- Climax 12"" LP White Vinyl Svart Records 2013",40.00,0.4407
v1|287448364476|0,Dawn Of The Dead (2004) Soundtrack Orange Vinyl *RARE*,95.68,0.4402
v1|178295631956|0,Arch Enemy ‘Decievers’ Yellow/Red Splatter. Vinyl Lp. 666. Obi. Melodic Death,29.99,0.4400
v1|127968627915|0,Kiki Dee S/T Self Titled 1977 NM/NM- Gatefold w Insert,5.99,0.4397
v1|117296114695|0,THE INCREDIBLE STRING BAND 5 lot Vinyl LP -We Tam -Relics -U- Big Huge -Liquid A,11.00,0.4394
v1|407059483688|0,Pacheco y Melón – Llego Melon* Lp Vinyl.  Vaya Records ,30.00,0.4390
v1|117293578316|0,Andrae Crouch & The Disciples • Keep On Singin' - 1971 LP - Mint Condition!,20.00,0.4388
v1|257579823293|0,Gospel Seekers - The Gospel Train 1985 Church Door lp RARE Modern Soul Boogie,6.50,0.4388
v1|188604733682|0,"Vera ""Baby Wont You Dance With Me"" Rare Canadian 12"" pressing.",4.00,0.4387
v1|800315033847|0,"TONY SCOTT-MY KIND OF JAZZ-PERFECT JAZZ 14010, BILL EVANS CLARK TERRY 1960S",10.98,0.4380
v1|257593066277|0,Norman Brothers - All Of My Hard Times 1979 HSE lp OG RARE Gospel Soul Funk NM,6.00,0.4376
v1|800315087642|0,Sawyer Brown– Out Goin’ Cattin- Country Original 1986- Vinyl Excellent Condition,9.99,0.4376
v1|158070475416|0,OLIVER NELSON & ORCHESTRA The Kennedy Dream IMPULSE A-9144 Vinyl LP,2.99,0.4367
v1|327253927330|0,"Steve Goodman - Artistic Hair LP - NM Vinyl - RPJ001 - ""City of New Orleans""",17.98,0.4367
v1|198488051373|0,"Genesis No Son of Mine 12"" Single Vinyl Record LP Prog Hard Rock Classic",0.99,0.4362
v1|158071125771|0,Green Day Dookie 2012 Hot Topic Green Vinyl Exclusive RARE Record Punk Vg+,49.99,0.4360
v1|327253922167|0,Extremely Rare! Frampton Comes Alive - Pre-Release Promo LP White Label NM Vinyl,749.98,0.4359
v1|278154810484|0,"Split – Blowin' Smoke, 7"" Single UNPLAYED NM 1977",19.00,0.4341
v1|307044676780|0,War 33RPM “Galaxy” 1977 70s Funk Classic Rock 12” LP Vinyl Record Album,6.00,0.4340
v1|227423074654|0,Jan Akkerman – Tabernakel LP SD7032 Vinyl 1973 Gatefold Jazz-Rock Excellent!,10.00,0.4337
v1|127964883452|0,Chick Corea - The Leprechaun -NM/EX 1976 Jazz Fusion Polydor PD-6062 Sleeve 1ST,12.50,0.4333
v1|358776107376|0,Black Cilice: Transfixion of Spirits LP [Iron Bonehead '19] Portugal CLEAR VINYL,34.00,0.4332
v1|198486158136|0,WANG CHUNG POINTS ON THE CURVE LP NM US GEFFEN VINYL SYNTH-POP,9.98,0.4329
v1|327254593951|0,Box Car Racer –  First Hot Topic Pressing vinyl,55.00,0.4322
v1|257587577823|0,Elite Jewels - Theme From Revelations 1974 ABC lp RARE Spiritual Soul Gospel NM,6.00,0.4314
v1|298493712454|0,Barrence Whitfield and the Savages - 1984 Vinyl,14.99,0.4313
v1|318558656241|0,GEORGE HARRISON LIVING IN THE MATERIAL WORLD LP NM US APPLE VINYL w/INSERT,9.98,0.4310
v1|158075812823|0,Rhapsodies For Young Lovers Vinyl LP Record Album Midnight String Quartet,5.00,0.4304
v1|336679136221|0,The Glitch Mob - Drink The Sea 2 LP Record Black Vinyl US Press 2010,100.00,0.4296
v1|127965312414|0,"Detroit Emeralds - Let's Get Together LP 1978 VG- Vinyl 12"" Disco Soul Funk",2.99,0.4292
v1|267719096715|0,"Tribeca Pharoah Monch – ESPN Theme The Life 12"" Vinyl Record Hip Hop 2001",27.99,0.4287
v1|398167956813|0,BOBBY & JAMES PURIFY You & Me CASABLANCA  Funk | Modern Soul | Shrink | LP HEAR,9.99,0.4287
v1|158068077028|0,"Sonic Youth / Miracle Workers 7"" Silver Rocket +2 UNPLAYED - No pic sleeve",25.00,0.4277
v1|327254370665|0,"45 Garage Psych Folk THE LEAVES - ""Lemmon Princess"" PONS Arlin VG Rec/EX- Sleeve",5.30,0.4275
v1|398146297443|0,Mudhoney Sub Pop LP 1989 Black Vinyl,24.99,0.4272
v1|137496710531|0,"Lakeside Power LP NM/VG+ Condition, Sealed",7.00,0.4268
v1|178302399107|0,Oscar Brown Jr - Sin & Soul Columbia (CS 8377) 6 Eye Stereo,2.00,0.4265
v1|307052678518|0,Roy Haynes 33rpm LP Vinyl 12-inch Impulse Records #AS-23 Out Of The Afternoon,49.99,0.4264
v1|398167963427|0,ERYKAH BADU Live KEDAR / UNIVERSAL Orig 1997 Soul R&B LP HEAR,9.99,0.4264
v1|398146240229|0,The Flaming Lips  Ltd. Colored Pink Vinyl LP 1990 Hype Sticker Press Release,24.99,0.4243
v1|298493686227|0,"Engelbert. Humperdinck, Vinyl, Release Me",5.00,0.4239
v1|236926037531|0,"American Breed- Bend Me, Shape LP on Acta Records 1968",15.99,0.4233
v1|178295726016|0,The Exploited Dogs of War 45 vinyl Excellent Condition British Import,59.99,0.4229
v1|198487958469|0,Journey Next 1st Press Vinyl Record LP Hard Rock Classic 80's,0.99,0.4223
v1|407059929697|0,THE ARCS “Electrophonic Chronic” Clear/Black Splatter Vinyl LP !RARE! Black Keys,19.99,0.4219
v1|257579687094|0,Omega Sunrise - Run From Night 1985 Morada lp Private AOR Boogie Modern Soul NM,102.50,0.4203
v1|236921290863|0,THE NICE 'ELEGY' MINT NEVER PLAYED! PHILIPS PRESSING EARLY PROG W/ KEITH EMERSON,9.19,0.4200
v1|178295725972|0,scritti politti lp songs to remember '82 rough 20 trade original vinyl rare bee!,25.99,0.4198
v1|147427609924|0,"""BEACON STREET UNION""  1968  THE CLOWN DIED IN MARVIN GARDENS  LP  PSYCHEDELIC ",9.99,0.4198
v1|336673790877|0,RAY CHARLES WHAT I'D SAY 1959 ATLANTIC MONO LP RED BULLSEYE LABEL SOUL BLUES VG+,5.80,0.4197
v1|178297711314|0,"Pohgoh - Look Out (New Grenada Records, 1994) Vinyl 7"" Single Emo Punk Indie",50.00,0.4197
v1|158075839116|0,Bill Black’S Combo Mono Lp More Solid & Raunchy On Hi - Vg+ / Vg+,5.99,0.4191
v1|117294046992|0,Lee Rittenour First Course,17.99,0.4180
v1|318564223398|0,KATY PERRY  vinyl LP gatefold SEALED - NEW    TEENAGE DREAM  (WHITE VINYL),50.00,0.4175
v1|188621910679|0,The Haskels - LP - Punk,20.00,0.4171
v1|188621946483|0,The Welders - LP - Punk,20.00,0.4171
v1|158068162590|0,"Mr. Big Addicted to That Rush 12"" Vinyl Promo",11.99,0.4171
v1|327254032470|0,NEWPORT IN NEW YORK 72 THE JAM SESSIONS Vol 1 And 2 LP CST-9025-2,4.99,0.4170
v1|307051185467|0,Environments - New Concepts in Sound LP Disc 5 SD 66005 VG+/VG+,4.99,0.4168
v1|137488529176|0,"Sun, Live On Dream On, Vinyl, Record, R&B Soul, 1976",7.99,0.4167
v1|327254032476|0,UNIVERSAL MESSAGE LP VP Records Morgan heritage Luciano Buju Banton Capleton,4.99,0.4154
v1|398167909828|0,BABY WASHINGTON With You In Mind VEEP Funk Northern Soul R&B LP HEAR,9.99,0.4148
v1|198487867682|0,Europe Out of this World 1st Press Vinyl Record LP Hard Rock Hair Glam Heavy ,5.50,0.4146
v1|198487995625|0,"Pop Will Eat Itself  X Y & Zee 12"" Vinyl LP Limited Promo 1991 RCA Records PWEI",15.98,0.4144
v1|267721755625|0,The Australian Jazz Quartet - LP/Vinyl - 1956 Bethlehem Records - BCP 39 - NM,5.00,0.4141
v1|307051047436|0,THE SPITFIRE BAND Flight III Vinyl LP PROMO FC 39891 Canadian Import Tested NM,2.99,0.4141
v1|236927624850|0,Pink Floyd Meddle 1971 Vinyl LP Harvest Records SMAS-832 US Press VG,15.00,0.4140
v1|158059725352|0,Joan La Barbara ‎– The Art Of Joan La Barbara,50.00,0.4139
v1|127965692677|0,Old Time Rock N Roll Split 7” DUCKY BOYS & THE SHODS 1999 Flat/TKO Records,21.00,0.4134
v1|257603470016|0,Suspect - Shadow Play 1985 EP Private AOR Synth Funk Power Pop RARE NM RL,7.27,0.4132
v1|188619459486|0,SIGNED Oceans Ate Alaska - Hikari - Vinyl Coke Bottle Green RARE Autographed LP,149.99,0.4129
v1|377331565432|0,"BL'AST ""THE EXPRESSION OF POWER"" 3LP CLEAR VINYL PUNK M/M black flag neon christ",50.00,0.4126
v1|267722499491|0,Rev. S.E. Mitchell Texas Gospel Sermon Vinyl LP record Private Press RARE,24.99,0.4126
v1|147426590489|0,The Embers I Love Beach Music LP 1979 EEE 1070 Carolina Beach Rare Soul EX,10.00,0.4126
v1|178296023907|0,"Epic LP Record, Bobby Vinton, Born Free, Georgy Girl , VG ",1.00,0.4118
v1|198486057921|0,My Life With The Thrill Kill Kult – Kooler Than Jesus 1989 indust45 RPM Wax Trax,23.33,0.4103
v1|198480591195|0,Tropical Islanders ‎– Musical Adventure  Reggae Calypso MINT  Lp,20.00,0.4096
v1|318520086336|0,John Klemmer – Brazilia - US Jazz Funk/Latin Jazz LP + OIS promo stamped 1979,4.99,0.4091
v1|287449915776|0,Brian Eno with Kevin Shields The Weight of History Vinyl LP  RSD 2018 Exclusive,17.00,0.4091
v1|236920806731|0,"Keith Jarrett ‎ ""Changes"" G. Peacock, J. DeJohnette ECM LP  1984 shrink VG++",9.99,0.4089
v1|227426183959|0,IRON MAIDEN Powerslave ORIGINAL 1984 FACTORY SEALED FIRST PRESSING Near Mint,61.00,0.4086
v1|398155542451|0,"COCTEAU TWINS, LULLABIES, VG+ 1982 VINYL",45.00,0.4086
v1|158069178443|0,"WE THE PEOPLE: and all that jazz LOUISIANA DEPT. OF COMMERCE & 12"" LP 33 RPM",5.00,0.4085
v1|257613166410|0,A CHRISTMAS CAROL *Adventure Hour Series* Volume Seven # 1813 ~VERY RARE!,24.95,0.4084
v1|366532504363|0,Tommy James Christian Of The World RARE DYNAFLEX 1ST PRESSING LP Vinyl,125.00,0.4083
v1|366532645474|0,Jaime Llamo Gonzalez Sabrosa Musica LP (1974) IES 13-952 Cheesecake Cover,11.95,0.4081
v1|358777230574|0,"Midnight Star Planetary Invasion 12"" Black Vinyl LP Solar Electronic Funk Soul",8.00,0.4080
v1|117293497419|0,Jim Steinman - Bad For Good 1981 Vinyl LP  PROMO COPY Epic Records FE 36531 EX+,10.48,0.4075
v1|127964980472|0,"Hubert Laws - A Hero Ain't Nothin.. LP Promo OST 1978 VG- Vinyl 12"" Funk Soul",0.99,0.4073
v1|147427617009|0,"""WADSWORTH MANSION""  1971  VINYL LP  PSYCHEDELIC/POP ROCK   PRE-SLINGSHOT",9.99,0.4073
v1|318571027671|0,T Rex - 1971 Reprise - 2 Part Wrap Around Cover - Pitman - Ride A White Swan,50.00,0.4064
v1|267721775841|0,Melissa Manchester   'Singin'   Vinyl LP  Arista AL 4136  EX!,1.60,0.4062
v1|227423006185|0,"Zardonic Become (Vinyl) 12"" Album (UK IMPORT)",20.00,0.4061
v1|147425582445|0,Rickie Lee Jones Self Titled LP 1979 Warner BSK 3296 VG++ Original Pressing,10.00,0.4061
v1|307044704188|0,"Deaf School 33RPM EP ""What A Way To End It All"" 1976 70s Art Rock 7"" PROMO Vinyl",3.00,0.4060
v1|377322905203|0,Newtown Neurotics Razor Records UK Punk LP 1983,35.00,0.4053
v1|127966405653|0,MERCURY LIVING PRESENCE OUVERTURE FRANCAISES ORIG SR90191 DEEP GROOVE NEAR MINT,5.99,0.4052
v1|137498987417|0,RARE EARTH RAREARTH VINYL 1977 PRODIGAL RECORDS EXCELLENT!,6.00,0.4051
v1|198484858386|0,CARL WILSON SELF TITLED 1981 DEBUT LP NM US CARIBU VINYL 1981 BEACH BOYS,9.98,0.4051
v1|188605072408|0,"Koffie ""And I'm Telling You I'm Not Going"" Ultra rare orginal 12"" pressing.",4.00,0.4046
v1|188621307061|0,Iggy And The Stooges Raw Power Vinyl LP Album from 1973 in NM Condition,250.00,0.4045
v1|327249828013|0,Bill Evans Trio - Sunday At The Village Vanguard - Mono 1961 Press Vinyl VG+,1500.00,0.4044
v1|188617953741|0,THE NEW YORK ROCK ENSEMBLE - ROLL OVER Vinyl LP RECORD 1971 Album C 30033 NM,8.99,0.4039
v1|377322711691|0,UK Decay Fresh Records UK Goth LP 1981,35.00,0.4036
v1|127965011670|0,Freddie Hubbard CTI 6056 S1   Polar,6.09,0.4036
v1|188621991340|0,Terry & Louie - LP - Punk,20.00,0.4030
v1|278169981886|0,Loudon Wainwright III LP Attempted Mustache 1973 Promo LP VG,8.00,0.4024
v1|327254060743|0,"Nazareth No Mean City LP A&M Records 1979 Rock 12"" Vinyl 33 RPM Stereo",10.00,0.4023
v1|188621299225|0,SUPER RARE Eclipse Self-Titled Vinyl LP Album from 1983 in VG+ Condition,500.00,0.4020
v1|158068392679|0,"Jouney Girl Can't Help It 12"" Vinyl UK Import",11.95,0.4013
v1|127966119470|0,"Yes ""Tales From Topographic Oceans"" 1973 Atlantic Records Vinyl",5.00,0.4002
v1|298493712890|0,"The Meters - Second Line Strut - LP, Comp - Near Mint (NM or M-)",39.99,0.3996
v1|366531200883|0,THE MOODY BLUES The Other Side Of Life Original 1986 POLYDOR Translucent Vinyl,15.00,0.3982
v1|287448412859|0,"The Zone, Things That Fall Down, 1986 Independently produced, Vinyl EP",10.00,0.3979
v1|198486125563|0,"KIM LARSEN THIN ICE 12"" Single NM NEAR MINT  US EPIC VINYL NEW WAVE SYNTH POP",5.98,0.3978
v1|198488009369|0,Genesis Foxtrot 1st Press Vinyl Record LP Prog Hard Rock Classic,20.50,0.3976
v1|287449425574|0,1957 Ella and Louis Verve LP Mono Black T Labels ~ EX~ Nice Copy!!!!,75.00,0.3973
v1|198485917932|0,The J.J. Johnson Quintet - J Is For Jazz LP -Columbia CL 935 Mono (VG),7.99,0.3966
v1|327257157527|0,Ingrid Andress “Lady Like” (2020) Original White Vinyl Album LP in Shrink,9.00,0.3964
v1|318561949789|0,SIGNED J Mascis Elastic Days Limited Edition Purple Vinyl Dinosaur Jr,15.00,0.3959
v1|188619368844|0,Webb Pierce: S/T Self-Titled LP Vinyl US Mono DL 8129 Decca Records 1P VG+/VG+,9.99,0.3958
v1|168518221451|0,JAPAN - EXORCISING GHOSTS double 12” vinyl LP vintage 1984 UK PRESSING,30.00,0.3956
v1|257613302678|0,RICKIE LEE JONES Self Titled Vinyl Original Press 1979 AMAZING COPY!!!,10.00,0.3956
v1|206396410790|0,"PROKOFIEV Alexander Nevsky-Rossi, Vienna-VANGUARD VSD 2051-RARE STEREO LP NM-",4.00,0.3954
v1|257613018259|0,LP Original 1968 Lynn Anderson Big Girls Don't Cry EX shrink/EX,7.99,0.3953
v1|137488591649|0,"Hostyle,  Get Off, 1st Edition, Vinyl Promo/LP, Rap/Hip-Hop, EX, 1989",9.99,0.3951
v1|318568631270|0,Northern Pikes - Secrets Of The Alibi - 1988 Virgin Limited Green Vinyl Edition,30.00,0.3950
v1|257607545520|0,Gunesh LP  Гунеш Vocal instrumental ensemble Original LP,290.00,0.3941
v1|398156787182|0,"Gorillaz - Gorillaz, 2 LP 33rpm 2001 (EU) Hip Hop Funk/Soul Electronic Rock",200.00,0.3936
v1|377322670293|0,"The Cocteau Twins 4AD UK LP 1986 ""Victorialand""",35.00,0.3932
v1|407060962211|0,The Pretty Things - 1965 1st UK Mono Pressing ,50.00,0.3928
v1|227423159161|0,SUN RA-Outer Space Employment agency  NEW Sealed,40.00,0.3920
v1|198484858381|0,BOSTON SELF TITLED 1976 DEBUT LP NM/EX- US EPIC VINYL CLASSIC ROCK,14.50,0.3915
v1|227422590780|0,R.E.M. NO. 5 Document Vinyl Record LP REM IRS 42059 1987,15.50,0.3914
v1|206405938099|0,Golden Avatar - A Change of Heart IN SHRINK  1976 Folk Rock Fusion NEW AGE,5.00,0.3903
v1|800315033851|0,"CHARLIE PARKER-BALLADS AND BIRDLAND, V. 1-ZU-JAZZ 1002, UK 1988",10.98,0.3903
v1|137499606300|0,"INDIE ROCK 10"" ""TAYLOR MEETS THE HEADCOATEES"" THEE HEADCOATEES ( LISSY'S 1998 )",15.00,0.3895
v1|147426864386|0,No Nukes Vinyl,7.00,0.3893
v1|257599430225|0,New Macedonia Singers - Something Within 1986 lp Private Gospel Modern Soul NM,6.50,0.3888
v1|158070431236|0,The Maine - Covers Consolidated LP (Clear) /500 In Hand Ready to Ship! Death Cab,59.00,0.3880
v1|206396765156|0,Jenny Frost - Crash Landing Picture DISC RARE Played Once Near Mint,28.00,0.3876
v1|377331889033|0,"Styx - Caught In The Act - Live 1984, SP-6514 2LP Ultrasonic Cleaned ",9.00,0.3872
v1|257599599033|0,Hezekiah Walker - I'll Make It 1987 Sweet Rain lp RARE Indie Gospel Modern Soul,6.00,0.3862
v1|236920806720|0,NINA SIMONE BLACK GOLD 1970 RCA LSP4248 LP VG+ 2S 6S Indianapolis stampers,17.99,0.3861
v1|236927212785|0,"Curved Air - Phantasmagoria (LP, Album) (RARE)Promotional Album Not For Sale",19.00,0.3854
v1|188622054457|0,"WILL SMITH  on LP  single "" JUST THE TWO OF US "" hip hop funk soul",4.99,0.3852
v1|236921285366|0,THE NICE RARE MINT UNPLAYED '5 BRIDGES' EARLY 70's PROG FEATURING KEITH EMERSON!,8.79,0.3845
v1|236926067668|0,Phil MaNzanera- Primitive Guitars LP EG Editions 1982 M-/M-,7.99,0.3843
v1|318564778137|0,"Vinyl  LP, Lush Strings Sweet Leilani & Other Hawaiian Favorites -Custom CS 1006",4.99,0.3841
v1|257603619201|0,Todd Rundgren - Nearly Human 1989 Warner Bros. lp RARE 1st AOR Modern Soul NM,6.00,0.3840
v1|257601588101|0,Waves - s/t 1977 Polydor lp AOR Modern Soul Yacht Rock FM GOLD 1st NM RARE,6.00,0.3838
v1|188619120687|0,"The CHIMES on LP  single "" 1-2-3 "" electronic funk soul",4.99,0.3838
v1|398155908655|0,"Laura Branigan – Self Control ‎- 1984 - Atlantic 7-89676 7"" Single",2.40,0.3830
v1|206406046447|0,Will Smith Big Willie Style 2LP VINYL! MIAMI!,20.00,0.3829
v1|318564600095|0,"""UKRAINIAN WEDDING PARTY"" JIM GREGRASH - APEX MONO LP",5.98,0.3825
v1|307053197636|0,Scorpions Blackout 1982 Pressing LP,8.00,0.3821
v1|298493712449|0,"Dave Edmunds – Subtle As A Flying Mallet (1975, Vinyl LP)",19.99,0.3820
v1|257613019207|0,"UB40  - Labour Of Love 1983 – UK Vinyl, LP DEP International – DEP 5",9.99,0.3817
v1|358760947127|0,Larry Blackshere Trio  -  Strategy  -  SIGNED  -  German Dutsa LP,9.99,0.3810
v1|188618703048|0,"ANOTHER BAD CREATION on LP  single "" PLAYGROUND "" hip hop funk soul",2.99,0.3810
v1|327254032492|0,Aretha Franklin ARETHA ARRIVES LP *MONO* UK IMPORT Atlantic 587085 satisfaction,4.99,0.3801
v1|188627398092|0,The New Christy Minstrels Land of Giants LP NM Vinyl 1st Press CL-2187,6.99,0.3795
v1|127964823424|0,Harvey Milk Vinyl Double LP Courtesy And Good Will.. Sludge Doom Experimental ,31.00,0.3789
v1|257614908614|0,DEEP PURPLE~ 12” LP ~1968~ SELF TITLED~ GATEFOLD T-119 Stereo,16.99,0.3788
v1|188621306882|0,The Flying Burrito Bros. The Gilded Palace of Sin Vinyl LP Album 1969 VG+ Cond,300.00,0.3784
v1|168524244623|0,"HAMILTON BOHANNON~""FOOT STOMPIN' MUSIC""~Orig. 1975~FUNK~SOUL~DISCO~7'' 45rpm~M-",0.99,0.3780
v1|178296020656|0,Jethro Tull Original Split Label Vinyl Record,15.00,0.3780
v1|168517796850|0,5 x LP UK FOLK  LOT Watersons Steeleye Span  Martin Carthy  R Mctell Topic ROCK,12.99,0.3779
v1|178297783339|0,G.B.H. “NO SURVIVORS” OG 1982 Clay 7-inch EX/EX HC PUNK CLASSIC,33.00,0.3775
v1|198488035299|0,Genesis Live 1st Press Vinyl Record LP Prog Hard Rock Classic,3.25,0.3753
v1|358776769529|0,New Jazz Poets LP Broadside Label RARE Beat Poetry,15.00,0.3751
v1|127965039936|0,"Anal Cunt Split With Eyehategod  7""  ITDD SERIES.",46.00,0.3737
v1|168523284466|0,ABACO DREAM Life And Death In G & A / Cat Woman (1969) A&M Psych Funk 45 HEAR,9.49,0.3737
v1|398155542481|0,"THE CLASH, FIRST PRESSING,6 SEPERATE,VG++NM, TITLES IN DESCRIPTION",145.00,0.3732
v1|267719657909|0,Prince – 1999 (2x) LP - 1982 - EX/VG+,25.00,0.3728
v1|147429831912|0,Heaven on Earth Dedication vinyl LP 1988 Atlantic Records VG+,1.99,0.3728
v1|147425970483|0,Climie Fisher Coming In For The Kill Lp in shrink new wave synthpop Vg+ South Af,10.99,0.3723
v1|257581568111|0,Michael Vena - Stone Ground Will Crumble 1980 lp Private Modern Soul AOR RARE NM,82.81,0.3722
v1|158075847897|0,"Instant Funk Everybody and Funk-N-Roll 12"" single vinyl record",3.00,0.3721
v1|117292489970|0,Grand Funk RailRoad Live Album 2 LP’s Original 1971 release,19.99,0.3720
v1|267722531287|0,Promo  NORTHERN SOUL TONI WINE- ONLY FOOLS/ A GIRL IS NOT A GIRL-COLPIX sleeve,20.00,0.3719
v1|178296098649|0,Midnight Star Planetary Invasion 60384 1984! First Press Vinyl Record 2 Copies,15.95,0.3713
v1|287448399918|0,Summer Sounds (FC64-1-JV1909),4.49,0.3709
v1|267719655978|0,Poco – Crazy Eyes LP - 1973 - VG+/VG,7.00,0.3708
v1|398156997879|0,"Curtis Mayfield - Super Fly, LP (CRS 3014 ST) 1972 Funk Soul ",200.00,0.3708
v1|117297119586|0,Echo and the Bunnymen Specially Priced 5-Cut Mini Album,12.95,0.3704
v1|307052658306|0,"Kiss Me Goodbye (1968) Jim Nabors / 12"" Vinyl LP",3.41,0.3704
v1|318524203303|0,Tom Scott – Blow It Out - US Smooth Jazz/Jazz Funk LP 1977,4.99,0.3704
v1|407059677962|0,"Sonora Ponceña* – New Heights* Lp Vinyl,  INCA RECORDS ",30.00,0.3692
v1|257601151738|0,Nathaniel T. Rice - Doing God's Work 1989 lp Private Gospel R&B Hip-Hop Soul NM,8.50,0.3692
v1|198487973889|0,Journey Evolution 1st Press Vinyl Record LP Melodic Rock,0.99,0.3687
v1|147426001259|0,"ROCK 'N ROLL LP ""WATCH THIS SPACE"" THE STARGAZERS ( EPIC 1982 ) UK PROMO",10.00,0.3677
v1|257614783257|0,"a jazz date with chris connor, jazz singer",12.00,0.3670
v1|188605071446|0,"BearEssense ""The Big Hurt"" Great pressing of this Moby Dick Record.  Nice dub.",4.00,0.3670
v1|407059662883|0,"DJ CL.McSPADDEN - Barracuda - Test Pressing - UG Records - 12"" Black Vinyl",8.00,0.3656
v1|800315008277|0,"ATLANTIC BLUES: GUITAR-ATLANTIC 81695, 1986 2 LP, MANY RARE TRACKS",10.98,0.3653
v1|198488058307|0,Multiple Artists Album,0.99,0.3652
v1|398167893058|0,ROBIN KENYATTA Encourage The People WOLF  Jazz Funk | Breaks |  LP HEAR,9.99,0.3649
v1|307051285375|0,The Ahmad Jamal Trio At the Pershing But Not For Me  Vinyl Album LP Poinciana,8.95,0.3648
v1|227423234966|0,"UK SUBS 1981 ""Diminished Responsibility"" LTD EU RED VINYL OI PUNK LP",34.99,0.3642
v1|278167467165|0,Syd Barrett Madcap Laughs Barrett 2LP 1974 Harvest Mike Bowers VG+,299.99,0.3640
v1|188621052353|0,"SYLVIA on LP  "" LAY IT ON ME  "" soul funk disco",4.99,0.3637
v1|178297482601|0,"HUSKER DU ""METAL CIRCUS” 10-inch EP EX/EX RARE PINK VINYL! SST 1990 bob mould",49.00,0.3630
v1|147425563743|0,"Michael Angelo Swearin' To God 12"" Single 1995 Krooklyn KR-3108 NM Rare House DJ",25.00,0.3625
v1|188618645653|0,Hawkwind - Greasy Truckers Party 2LP/180 Gram BLACK Vinyl(like New/played),25.75,0.3620
v1|158074978365|0,Beloved melodies Of Thomas Moore,5.00,0.3619
v1|358776642411|0,"America Homecoming Original 1972 LP, Tri-fold Cover, VG+VG+, Warner Bros BS 2655",16.99,0.3619
v1|336680654689|0,Cursive the Ugly Organ LP Green Vinyl 2003 Rock Saddle Creek Records,60.00,0.3616
v1|198486097967|0,STANLEY CLARKE CHILDREN OF FOREVER LP NM NEAR MINT US POLYDOR VINYL SOUL JAZZ,9.98,0.3616
v1|158070466502|0,"August Plinth Reads Selections Of Deep Sleep 1972 VG RARE Vinyl LP, W/ Added LP",100.00,0.3615
v1|377322551071|0,WILHELM BACKHAUS - BACH ENGLISH SUITE NO.6&5 LONDON MONO CM 9188 LP,25.00,0.3613
v1|287442552679|0,Dirty Blues Band EX 1968 Bluesville OG vinyl LP  BLS 60-10,19.68,0.3611
v1|188530170576|0,THE SEVENTY SEVENS The 77's - 1987 Island 90565 LP Vinyl Record - EX,0.99,0.3609
v1|168529049439|0,Hal March -  Do It Yourself / Love Is The 64.000 Question 1955 VG+,2.65,0.3607
v1|298493712883|0,Swing House R&B And Boogie Woogie (Ultra Rare Numbered),17.99,0.3605
v1|147425810623|0,"Akia California 12"" Promo Vinyl 2002 Universal UNIR 20847-1 unplayed Mint",9.99,0.3604
v1|147427607760|0,"""GRAPEFRUIT""  1969  DEEP WATER  GATEFOLD VINYL  BRITISH PSYCHEDELIC/POP ROCK",9.99,0.3603
v1|267722550990|0,Mary Hopkin ‎– Post Card 1969 Vinyl LP Record Apple ST-3351 EX/VG,7.99,0.3591
v1|318563028192|0,Aliza Kashi Signed LP Hello People Jubilee Records,12.00,0.3584
v1|307044745875|0,Kevin Eubanks 33RPM “Sundance” 1984 80s Funk Soul Jazz 12” LP PROMO Vinyl Álbum,6.00,0.3584
v1|227423210983|0,PET SHOP BOYS - ORIGINAL 1980s Lot Of 4 LPs,65.00,0.3584
v1|257594913256|0,Gabriel Hardeman Delegation - Feel Like Fire 1981 Birthright lp RARE Gospel Funk,6.00,0.3581
v1|267722477197|0,"Ray, Goodman & Brown Self Titled Vinyl, LP 1979 Polydor – PD-1-6240",7.75,0.3577
v1|358777202948|0,Allen Densen Sentient Killer Metronomes Lp Vinyl Record 1990 Album VG+ RARE,27.99,0.3571
v1|127968514036|0,"BLACK ICE, Self-titled Debut LP, Montage Records ST-72003, 1982 Demo Rarity",8.96,0.3568
v1|257593178703|0,Related Six - Remember Me 1980 Faith Records lp RARE Gospel Soul Funk,6.00,0.3567
v1|127964897588|0,"Drop Dead 11"" Vinyl Record Spazz No Comment INFEST No Less ",18.25,0.3567
v1|398146395894|0,"Fair Warning ""You Are the Science"" FW Records Import LP Insert",49.99,0.3566
v1|147426866351|0,"""THE TRADEWINDS""  1967  EXCURSIONS  LP  PSYCHEDELIC POP/ROCK  PRE-THE INNOCENCE ",9.99,0.3562
v1|188530690288|0,Ole! Flamenco - Recorded In Spain - Harmony HL-7015 LP Vinyl Record,0.99,0.3561
v1|188605136242|0,Rare Funk Soul 45.,3.99,0.3556
v1|358775292298|0,"Black Cilice: Summoning the Night LP RED VINYL (Altare Productions, 2021)",30.00,0.3554
v1|287449941258|0,ELLIOTT SMITH FIGURE 8 LP BONG LOAD 2016 - NM CONDITION SHRINKWRAPPED,100.00,0.3552
v1|318564347724|0,THE PENTANGLE BASKET OF LIGHT US vinyl LP folk rock,4.00,0.3546
v1|398155550394|0,"Depeche Mode, Violator, 2007 reissue, Mint Vinyl, E.U. GEMA/BIEM",40.00,0.3546
v1|158071118360|0,David Bowie A Second Face Lp Vinyl Record 1983 VG+ Album Canada Pressing,14.99,0.3541
v1|178295726010|0,FREUR 1983  Doot Doot 45rpm Record Vinyl Picture Disc Extremely Rare NEAR MINT,49.99,0.3535
v1|158071100978|0,David Lindley El Rayo-x Live Lp New Zealand Pressing Vinyl Record Vg++ 1983,8.99,0.3533
v1|188605214477|0,International Reggae All-Stars (1984 Vinyl),24.00,0.3526
v1|327254696336|0,1971 Apple Records Paul McCartney Wings Wildlife Original Pressing,15.00,0.3525
v1|800315019151|0,"CHARLIE BYRD-BRAZILIAN BYRD, MUSIC OF ANTONIO CARLOS JOBIM-COLUMBIA CS 9137",10.98,0.3519
v1|198487974419|0,Journey Captured 1st Press Vinyl Record LP Melodic Rock,2.24,0.3517
v1|227423076000|0,Jefferson Airplane - Bark LP FTR-1001 Vinyl 1971 w/ Lyric Insert Psychedelic NM!,9.99,0.3516
v1|327255179165|0,Peaches and Herb 2 Hot! Vinyl LP Record 1978 Polydor Original Pressing,2.56,0.3516
v1|188608597193|0,Barbara Streisand - Emotion - Picture Disc - 1984,20.00,0.3511
v1|287448466506|0,"Madd People - Bass (12"", Promo) (Very Good Plus (VG+)) 3215430176",5.00,0.3507
v1|158070411945|0,"MFSB Love Is The Message PHIL INTN'L  KZ32707 (1973) LP, Funk, Soul",6.00,0.3506
v1|377331565426|0,SUNDAY MORNING EINSTEINS 'KANGAVANE' PINK WAX LP CRUST PUNK svart sno anti cimex,10.00,0.3503
v1|168525534468|0,THE PENTANGLE ‘Self-titled’ 1968 Vinyl LP Reprise RS 6315 VG+ Ultrasonic Clean,15.99,0.3502
v1|318564304038|0,NATIVE IN A STRANGE LAND fusion US vinyl LP,3.00,0.3485
v1|236925964879|0,Blue Cheer New & Improved Phillips PHS 600-305 60's Heavy Rock LP,14.00,0.3482
v1|398158107749|0,Kim Kashkashian & Robert Levin - Elegies - Mint Vinyl LP Promo 1886 ECM Records,12.50,0.3482
v1|168524231411|0,"ANDRE WILLIAMS~""CADILLAC JACK""~Orig. 1968~FUNK~SOUL~7'' 45rpm~RARE~CHECKER~VG+",0.99,0.3479
v1|287448746806|0,"John Lee Hooker The Blues 12"" Black Vinyl LP 33 RPM Hi-Fi Crown CLP 5157",30.00,0.3477
v1|287449425576|0,BINGO HAND JOB - LIVE AT THE BORDERLINE 1991 - 2019 RSD VINYL 2LP ~ NM ~ SHRINK,45.00,0.3470
v1|198488010355|0,Genesis Nursery Cryme 1st Press Vinyl Record LP Prog Hard Rock Classic,3.25,0.3468
v1|147427607440|0,"""CAPTAIN BEYOND""  1977  DAWN EXPLOSION  VINYL  SPACE/PROGRESSIVE/HARD ROCK",9.99,0.3466
v1|327253979608|0,Wave News  The New Generation of Music  LP  Purple Vinyl ,24.99,0.3440
v1|307044520539|0,"US Dept. Of The Interior “Salute To America” Vinyl = NM(SS) 12"" LP Record Radio",3.00,0.3437
v1|307044682455|0,"Two's Company 45RPM ""Am I Ever On Your Mind?"" 1968 60s Pop Rock 7"" PROMO Vinyl",4.00,0.3436
v1|127964828407|0,Harvey Milk My Love Vinyl LP Experimental Music Sludge Core Eyehategod Grief ,76.00,0.3435
v1|257585651583|0,The Celestials - Introducing 1966 Century lp RARE Private Gospel Soul Doo-Wop,6.00,0.3429
v1|800315453719|0,Truth Rock 7 in 33 w Lyrics Insert EP No 1 on Stone High,25.00,0.3426
v1|257603361499|0,Dragon - Body and The Beat 1984 Polydor lp RARE AOR Power Pop Modern Soul NM,6.00,0.3425
v1|267719628251|0,Various – No Nukes - The Muse Concerts Sept. 1979 (3x) LP - WLP - VG+/VG - RARE!,25.00,0.3425
v1|267722317272|0,The Mal Waldron Trio “ The Blues Minus You “ Vinyl Record LP,39.99,0.3421
v1|178275379829|0,GIL EVANS ORCHESTRA Out Of The Cool MCA/IMPULSE,9.99,0.3419
v1|398155550362|0,"JUMMY HENDRIX, 6 NEW AND NM VINYL, 2 NEVER OPENED, 2 NM LP'S AND VG+ SEE COMMENT",150.00,0.3414
v1|158058617228|0,Joaquin: Divertimento For Wind Quintet / L'Éclosion/ Nonet / 12 Twelve-Tone Piec,50.00,0.3412
v1|178295725985|0,The Lords Of The New Church Russian Roulette  45rpm Vinyl - British Import,25.99,0.3412
v1|278159500111|0,THE HUNGARIAN STRING QUARTET - MOZART QUARTETS THE HUNT DISSONANT VOX STEREO LP,8.00,0.3410
v1|398158089262|0,Meet Danny Wilson - First Press Original Promo Vinyl 1987 Virgin Records,13.50,0.3409
v1|168516521887|0,even more death and horror bbc sound effects 27 vinyl mint,37.00,0.3408
v1|298493711297|0,Sufferer's Choice - Roots Reggae 1968-1973 1988 Attack Reggae Vinyl,19.99,0.3406
v1|198488008201|0,Genesis Trespass 1st Press Vinyl Record LP Prog Hard Rock Classic,3.25,0.3406
v1|236927602202|0,"Peter Maxwell Davies, Harrison Birtwistle - New Music From London LP - VG+",15.00,0.3402
v1|188627403662|0,SONNY AND CHER Live 1971 NM/EX+ 1st Press Gatefold Kapp KS 3654,9.99,0.3400
v1|298494495677|0,RARE 1949 The Sportsman Quartet  BARBERSHOP HARMONY Capital Records Original,19.95,0.3399
v1|137497422659|0,"FUNK 7"" ""FUNKY SOUL # 1"" PARTS 1 & 2 BOBBY BYRD ( KING 1967 )",9.00,0.3398
v1|158069989874|0,BOBBY SHEW QUARTET - BREAKFAST WINE LP Vinyl 1985,2.99,0.3395
v1|398146529715|0,Circus Mort Labor Records No wave EP 1981 in Shrink,56.00,0.3382
v1|188621760257|0,"BLACK STREET on LP  single "" BOOTI CALL "" hip hop funk soul",4.99,0.3381
v1|178298119717|0,Donovan Barabajagal / Hurdy Gurdy Man 2 X LP Epic #BG 33731 Gatefold NM Vinyl's,8.00,0.3380
v1|307053185156|0,Deftones Around the Fur 180 gram LP in Shrink & Hype,13.50,0.3379
v1|137488523811|0,"Jomanda, Don't You Want My Love, 1st Edition, Vinyl LP, Funk/Soul, VG++, 1989",9.99,0.3366
v1|137488567731|0,"Jomanda, Don't You Want My Love,1st Edition, Vinyl LP, Funk/Soul, VG++, 1989",9.99,0.3366
v1|168525634507|0,Anne Murray/ New Kind Of Feeling Vinyl LP Excellent!,2.90,0.3361
v1|206405590001|0,"~~STRYPER~~HONESTLY~~12""~~ENIGMA~~VG+ / VG++",9.99,0.3357
v1|800311784716|0,STAN GETZ - IN CONCERT rare Album Lp Jazz Sax 1966 Mono PLAYS GREAT EX+,7.00,0.3356
v1|287450307524|0,The Church - Seance NM lp Jangle Rock Keeper record Kilbey Australian Rock,18.00,0.3350
v1|267724237198|0,SARAH VAUGHAN Hi Fi LP Emarcy Records Original DG AUTOGRAPHED Julian Adderley ,99.99,0.3347
v1|236926211818|0,Joe Sample (The Crusaders) ROLES vinyl lp NM/VG+ promo ed Dean Parks,3.49,0.3347
v1|318568636829|0,John Lennon Plastic Ono Band - Live Peace In Toronto - 1970 Apple U.K. Pressing,35.00,0.3341
v1|318524351282|0,The Ventures – New Testament - US LP 1971,4.99,0.3331
v1|318560841638|0,The Alan Parsons Project – I Robot LP Vinyl Record 1977 Arista Prog Rock 33 RPM,20.00,0.3328
v1|398167895568|0,WAR Why Can’t We Be Friends UA Funk | Hype Stricker | LP HEAR,9.99,0.3325
v1|257579685771|0,Maurice Burns - Christ Has Love That Grows 1979 lp Private Gospel Boogie Soul NM,125.95,0.3324
v1|257613018063|0,LP 1973 Fabulous Rhinestones Free Wheelin'  EX shrink/EX,7.99,0.3323
v1|168524796930|0,The Four Seasons Lets Hang On 1965 Philips Pop VG+,7.00,0.3318
v1|800311221014|0,GEORGE HARRISON Somewhere In England PROMO LP 1981 DARK HORSE 3492 Promotional,17.00,0.3313
v1|257613018607|0,Lot Of 4 LP's Original Trucker albums EX shrink/EX,16.99,0.3312
v1|198488018030|0,Genesis Seconds Out 1st Press Vinyl Record LP Prog Hard Rock Classic,0.99,0.3309
v1|188622830410|0,CKY - TO PRECIOUS TO KILL   VINYL LP  Yellow and Green Splatter ,29.99,0.3307
v1|198480211131|0,Happy End  – Jak Się Masz Kochanie POLISH GROOVE Funky Disco Europop LP,15.00,0.3304
v1|117297119590|0,"X ""See How We Are"" LP Vinyl 1987 Elecktra - Excellent Cond. - 60492-1",21.95,0.3299
v1|137496735044|0,"The Emotions - Sunshine (LP, Vinyl) 1977 Very Good Plus STAX Records",5.00,0.3299
v1|398155550345|0,"4 PETER GABRIEL, FIRST PRESS, 4 VG+NM ORIGINAL VINYL",55.00,0.3297
v1|398155550386|0,"4 PETER GABRIEL, FIRST PRESS, 4 VG+NM ORIGINAL VINYL",55.00,0.3297
v1|398144045664|0,Beach Boys  “Holland” Vinyl LP 1973 Brother Records MS 2118 US Original,13.99,0.3295
v1|398167942029|0,MICHAEL HENDERSON Solid BUDDAH Midtempo Modern Soul | Disco | Jam! | LP HEAR,9.99,0.3292
v1|318564346726|0,"1953 Blue Gardenia Error same song lable on both sides, confirmed plays same",40.00,0.3286
v1|257614577332|0,Bill Evans Montreux II  1970 CTI Records,8.00,0.3284
v1|398156473290|0,"Hank Mobley – Roll Call, LP 1975 Re-Issue Blue Note, Jazz Hard Bop (84058)",200.00,0.3282
v1|158068560050|0,"MARRS LP Pump Up The Volume Original 1987 Island 12"" EP  “4AD” VG + Vinyl/Cover",4.49,0.3278
v1|377331565425|0,DISCHARGE “1980-1986” OG LP CLAY EX/EX RARE!,60.00,0.3277
v1|117287524491|0,"Sonny James, 1968's Born To Be With You, CAPITOL ST 111, Near Mint condition",3.99,0.3276
v1|398146453780|0,"The Nils ""Sell Out Young"" Psyche Industry Records Canada EP Insert",24.99,0.3275
v1|198487874399|0,Great White Once Bitten 1st Press Vinyl Record LP Hard Rock Hair Glam Heavy Meta,13.50,0.3273
v1|287448698681|0,AHMAD JAMAL At The Top - Poinciana Revisited ABC/IMPULSE LP gatefold,15.00,0.3269
v1|377322587906|0,The Boys Next Door Nick Cave Original Import Mushroom LP 1979,49.99,0.3268
v1|198487884079|0,Lita Ford Lita 1st Press Vinyl Record LP Hard Rock Hair Glam Heavy Runaways,30.00,0.3266
v1|278167340057|0,"THE EVIL Radio Spots, Rare Horror, Halloween Exploitation ",75.00,0.3266
v1|318561709660|0,MGM Records 2001: A Space Odyssey Soundtrack Stereo Black Vinyl LP S1E-13 ST X,3.06,0.3264
v1|227423306445|0,Terminal White DEATH AND LOVE EP 1986 Original CHICAGO NEW WAVE LP,4.99,0.3260
v1|227423202926|0,"Free by Pop, Iggy (Record, 2019) NM Blue Sea Vinyl EU Pressing Gatefold",19.99,0.3260
v1|267722531297|0,"ATLANTIC 78 RUTH BROWN ""BE ANYTHING (BUT BE MINE)"" / ""5-10-16 HOURS"" Listen",5.00,0.3256
v1|398158066843|0,Belinda Carlisle - Original First Press Promo Pkg - 1986 I.R.S. Records,16.50,0.3255
v1|158070472205|0,Rob McConnell & The Boss Brass  - el Macambo Live in Digital Vinyl LP 33 RPM,1.99,0.3255
v1|318570844373|0,Ain't Misbehavin FREE S/H The New Fats Waller Musical Show CBL 2-2965 1978 2 LPs,8.50,0.3250
v1|257597400534|0,Bright Stars of Flint Michigan - A Rest For Me 1985 J&B lp RARE Gospel Boogie NM,6.00,0.3246
v1|117293530079|0,Patti Smith Group Easter 1978 Punk Rock VG with insert,4.99,0.3244
v1|158075209523|0,? Question Mark & The Mysterians 45 96 Tears / Midnight Hour Cameo Garage,8.00,0.3241
v1|407059686860|0,Conjunto Clasico – Llego La Ley* Lp Vinyl * Sonotec Discos Y Casetes,30.00,0.3236
v1|257608598862|0,RARE 1970s DETROIT NORTHERN SOUL-GEMNI 172-WOMBAT-IM GETTIN ON LIFE-45-BEAUTIFUL,25.00,0.3235
v1|407059490774|0,ARETHA FRANKLIN Atlantic SD 8212 SOUL '69 NrM,5.20,0.3233
v1|407059866397|0,Loverboy - Wildside ~ LP Made in Japan 28 3P-836 ~ OBI & Insert - M,12.99,0.3232
v1|287449675402|0,OUTER SPACE 45* Purple People Eater (1958)-Martian Hop*Flying Saucer*NASA moon,7.99,0.3231
v1|407059928931|0,"Asia Alpha ~ Album Made in Japan 25AP2650 ~ OBI, Insert, Shrink Wrap - EX+",12.99,0.3229
v1|318515994389|0,John Waite – Ignition - US LP 1982,4.99,0.3228
v1|178288218238|0,GLENN YARBROUGH - EACH OF US ALONE (WARNER BROS WS 1736) 1968 STEREO LP,0.99,0.3228
v1|178302732992|0,Bud Shank and the Sax Section PJ-10110 Pacific Jazz Mono Gatefold VG,4.00,0.3217
v1|188618606175|0,"DAFT PUNK  on LP  single "" AROUND THE WORLD "" electronic house",34.99,0.3215
v1|188604830379|0,"Menage ""Memory"" Rare 12"" pressing from the theme of the Broadway show ""Cats"".",4.00,0.3212
v1|318516655376|0,Procol Harum - Shine On Brightly - US LP Gatefold 1968,4.99,0.3211
v1|318516791780|0,Procol Harum - Shine On Brightly - US LP Gatefold 1968 (2),4.99,0.3211
v1|318524251873|0,Bruce Springsteen – Born In The U.S.A. - US LP + OIS + Insert 1984,4.99,0.3209
v1|206403856471|0,Sign Of Aquarius movie soundtrack vinyl record album 1970 Psychedelic Rock Funk,99.99,0.3206
v1|407059670936|0,"Wilfrido Vargas – La Musica* Lp Vinyl,  Sonotone Latin RECORDS",15.00,0.3197
v1|147426899696|0,"""THEE PROPHETS""  1969  PLAYGIRL  VINYL LP PSYCHEDELIC/POP/BUBBLEGUM  U.S.A. KAPP",9.99,0.3196
v1|168524250434|0,"BOHANNON~""RUN IT ON DOWN MR. D.J. ""~Orig. 1973~FUNK~SOUL~7'' 45rpm~PROMO~VG+",0.99,0.3196
v1|168525710291|0,"STEVE MILLER Fly Like An Eagle (Capitol Records, 1976 Original 1RST PRESSING) EX",17.50,0.3193
v1|327253929220|0,"Steve Goodman - Hot Spot LP - NM Vinyl - 6E-297 ""Sdrawkcab Klat (Talk Backwards)",13.98,0.3192
v1|227422615297|0,Hootie & The Blowfish Fairweather Johnson Original 1996 Vinyl LP - Hype Sticker,20.50,0.3191
v1|287448370102|0,Original Supertramp “Crisis? What Crisis?” Vinyl Album,15.00,0.3187
v1|298493712456|0,"LAURA LEE, The Rip Off '84 LP HOT WAX Records UK Imp Shrink NM R&B Soul UltraSon",9.99,0.3186
v1|298493874254|0,"Skip & Ernest on Bunky ""Sweet Darlin' "" Excellent Funk",15.00,0.3180
v1|188618801149|0,"Nine Inch Nails- Broken 12"" EP 1992 Vinyl TVT Interscope Records UK Release",50.00,0.3171
v1|158065204972|0,"EARTH, WIND AND FIRE SPIRIT EX LP ORIG. 1976 GETAWAY MORE LPS FREE SHIP",5.00,0.3170
v1|178301032775|0,The Dave Brubeck Quartet Bossa Nova USA Columbia 2 Eye CL 1998 Mono,3.00,0.3169
v1|398158058414|0,"Original 1969 LP VANILLA FUDGE ""NEAR THE BEGINNING"" SD 33-278, LP = Good+ Cond.",6.50,0.3164
v1|206403800974|0,6 LP World Music Brazil Folk Song Hawaiian Northern Cheyenne Bolivia Greek Japan,19.00,0.3162
v1|278159504523|0,HECTOR BERLIOZ - REQUIEM GRANDE MESSE DES MORTS FSM 2-LP GERMANY IMPORT,25.00,0.3158
v1|227422531955|0,Lionel Richie Self-Titled Debut LP 6007ML Vinyl 1982 Gatefold Joe Walsh VG+,7.00,0.3156
v1|178295724974|0,"The Specials - More Specials Vinyl LP Album + 7 Inch Record, Sing UK Import",79.99,0.3155
v1|318560217918|0,ANTONIO MENDOZA  New Dimensions MINT in shrink hi-fi Mexican GUITAR virtuoso lp,8.99,0.3152
v1|117292340180|0,THE MONKEES.ORIGINAL 1986 VINYL  LP.THEN & NOW.BEST OF.VG+.W/INSERT,5.99,0.3152
v1|398156655476|0,"RARE! Nickey King- Hey Judge / Now That You’re Gone, 45rpm, 1977 Funk Soul",100.00,0.3150
v1|178297487655|0,X “More Fun In The New World” LP Electra 1983 EX/EX Inner Sleeve,15.00,0.3150
v1|158067913021|0,Rare 1940s Meier & Frank Portland Recording Disc – Plays Clear,35.00,0.3149
v1|278169410626|0,Hellbastard RARE Earache Records Grind LTD Vintage Vinyl Test Pressing LP Record,44.99,0.3143
v1|307044663062|0,"Cline, Copas, Hawkins “Gone, But Not Forgotten” Vinyl = VG:VG+ 12"" LP Record",2.50,0.3135
v1|206404453960|0,Ralph Gari Saxophone Quartet - Saxophones Four LP Orion ORS 85485 Vinyl NM/VG+,0.99,0.3129
v1|188622378821|0,The Nice - Nice 60th anniversary LP 2025 RED VINYL(like New/played Once),16.50,0.3128
v1|236926703091|0,"Sammy Hagar Street Machine Capitol Records ST-11983 12"" Black Vinyl LP Rock",3.87,0.3126
v1|168522761580|0,D. J. FERRI Can't Find My Way Home /Emanon Capitol 2799 RARE Psych 45 PROMO HEAR,8.00,0.3126
v1|398167920096|0,KOOL & THE GANG Light Of The Worlds DE LITE  Funk Soul Samples LP HEAR,42.00,0.3126
v1|198487858367|0,Europe the Final Countdown 1st Press Vinyl Record LP Hard Rock Hair Glam Heavy ,12.50,0.3125
v1|327254979944|0,Emmylou Harris RARE Evangeline Post Card 1981,0.99,0.3110
v1|287450258244|0,Bob Bennett Matters Of The Heart JU37966  MINT CONDITION,11.00,0.3108
v1|137488558529|0,"The Time, Jerk Out, 1st Edition, Promo Maxi-Single, Funk/Soul, VG++, 1990",8.99,0.3108
v1|178297465257|0,"ANGELIC UPSTARTS ""I'M AN UPSTART"" b/w ""LEAVE ME ALONE"" GREEN 7-inch PUNK OI!",15.00,0.3105
v1|398146542042|0,The Nils Profile Records LP 1987,24.99,0.3100
v1|198487683399|0,James Gang Straight Shooter ABCX 741 12” LP NM- Vinyl,9.99,0.3099
v1|137505190009|0,Steel Pulse Earth Crisis Vinyl LP - Elektra Pressing,15.50,0.3099
v1|336679842216|0,The Saddest Landscape After The Lights Coke Bottle Clear Colored 12” Vinyl,17.99,0.3099
v1|407060067069|0,The California Ramblers on VOC 14436,15.00,0.3093
v1|168517934349|0,salt water taffy-finders keepers buddah-1968-in shrink-vinyl vg+ ,4.99,0.3092
v1|236926214014|0,Joe Sample FANCY DANCE vinyl lp US edition Near Mint/VG+ The Crusaders,4.95,0.3092
v1|178295726017|0,Booker T & The MG's - Green Onions / Boot Leg 7in (VG/VG) .,39.99,0.3091
v1|407059903839|0,Duran Duran Tiger! Tiger! Disco Mixes ~Made in Japan EMS-50142 ~OBI +Insert ~EX+,9.99,0.3091
v1|398146246124|0,"The Vandals ""Slippery When Ill"" Restless LP Insert Glossy Bio 1988",24.99,0.3089
v1|358783895879|0,Dizzy Gillespie Closer To The Source 1984 Atlantic 81646-1 Vinyl LP,1.99,0.3087
v1|227423165139|0,CABARET SOUNDTRACK -  COLUMBIA KOL6640 -  VINYL LP RECORD  - NEAR MINT,4.99,0.3086
v1|178298167584|0,1994 - Please Stand By ... - 1979 Promo Vinyl LP - A&M 4769,9.00,0.3083
v1|227424447702|0,The Kind Self Titled Vinyl LP Three Sixty Records,4.99,0.3079
v1|377331561291|0,INDUSTRY-STRANGER TO STRANGER-CAPITAL 1984 VINYL LP ST-12316 VG+,61.00,0.3078
v1|236927125312|0,Sade Promise LP 12” Vinyl Record 1985,15.00,0.3078
v1|318524439990|0,Bill Doggett – Honky Tonk Organ - US Soul Jazz/R&B LP 1967,4.99,0.3077
v1|178298092555|0,RUFUS-RAGS TO RUFUS-1974 ORIGINAL US PRESSING-VERY CLEAN VINYL LP,35.00,0.3074
v1|178257100141|0,Grace – Not Over Yet 1996 Kinetic Records 0-43734 White Label,9.99,0.3073
v1|127965951280|0,Lot of 4 Grateful Dead vinyl record albums Classic Rock Folk Psychedelic Rock,49.99,0.3071
v1|178298194661|0,Breathless - Self Titled - 1979 Vinyl LP - EMI 17013,10.00,0.3070
v1|188622430282|0,"LP LIQUID TENSION Experiment (2LPs GREEN/PURPLE Vinyl, 2008) NM/VG",190.00,0.3069
v1|358773851861|0,Booker T & The M.G’s Stax STX 1002 1969 Tv Soul Instrumental Vg*,4.06,0.3066
v1|377331565434|0,MARK LANEGAN BAND “BUBBLEGUM - Orginal Draft” WHITE VINYL 2LP M/NM RSD,50.00,0.3065
v1|366531188793|0,PAT METHENY & LYLE MAYS As Falls Wichita PROMO LP 1981 ECM 1-1190 Promotional,20.00,0.3065
v1|158070473682|0,1940-1946 Original Recordings Made By Woody Guthrie 1977 WB BS 2999 Mono Lp NM,45.00,0.3064
v1|127959488545|0,SHARON O'NEILL Foreign Affairs 1983 POP ROCK LP on Epic #BFE 38433 PROMO COPY,5.99,0.3060
v1|137487954455|0,Operators Blue Wave vinyl LP handsome furs wolf parade electronic,50.00,0.3058
v1|178295726018|0,"The Psychedelic Furs Heartbeat 7"" Record Single Uk Import 1984 Gatefold",29.99,0.3057
v1|188619459291|0,Bill Haley & His Comets Decca ED 2615 (1958) EP VG Play No Skips Pinckneyville,5.94,0.3057
v1|267722262928|0,D'Angelo - Me & Those Dreamin' Eyes of Mine / 2 Track Frankford Wayne Acetate /,35.00,0.3056
v1|327248732937|0,"I.U. Soul Revue The Lovemen Music Is Just A Party 7"" 45 LP Rare Funk AAAI-391",45.00,0.3055
v1|307051034977|0,"Deborah Allen, Let Me Be the First, (Vinyl LP, Album,) Tested Shrink NM/EX",3.99,0.3053
v1|236921291819|0,"AIRTO 'PROMISES OF THE SUN' MINT WL PROMO HOT LATIN JAZZ FUSION, SAMBA, BATUCADA",14.89,0.3050
v1|198488033483|0,Genesis Abacab 1st Press Vinyl Record LP Prog Hard Rock Classic,0.99,0.3049
v1|188627410855|0,ROGER MCGUINN S/T Self Titled Debut 1973 NM-/NM- Lyric Insert The Byrds,11.99,0.3047
v1|398156654536|0,"The Beatles - Help, LP, Mono, 1965, Rock, 1st Press, Gatefold, VG+",70.00,0.3040
v1|398109308384|0,"Little Wing Lightheaded 2 Lp 12"" Vinyl 1995 Hardkiss Rec (HKS18007-1)",9.99,0.3038
v1|127965009357|0,"Pink Flamingos/man Is The Bastard 7""",11.74,0.3033
v1|257613305362|0,"Traffic ""Low Spark of High Heeled Boys"" used U.S. original album die cut cover",18.00,0.3028
v1|398155542447|0,"4 VG+NM VINYL, FIRST PRESSINGS, MADONNA, SEE TITLES",60.00,0.3027
v1|358760921730|0,JIM RINGER  -  Endangered Species  -  Flying Fish LP,9.00,0.3025
v1|298491983868|0,"Bobby ""Boris"" Pickett Monster Mash/Monsters Mash Party Parrot 45 Excellent",4.00,0.3024
v1|198487852932|0,Morris Day Daydreaming 1st Press Vinyl Record LP Prince 80's,0.99,0.3024
v1|407059922735|0,Danny Wilde - Any Man's Hunger   VG / VG   1988 Promo LP Vinyl Record Album,5.00,0.3020
v1|127966627280|0,Berlin - Pleasure Victim - NM/NM 1983 RE Synth Pop Rock Geffen GHS-2036 Sleeve,4.99,0.3019
v1|137485896997|0,James Taylor & The Original Flying Machine – 1967 LP (Euphoria EST-2),9.99,0.3018
v1|800315013627|0,"THE PETE JOLLY TRIO-SWEET SEPTEMBER-AVA-VSOP 52,  STEREO LP",10.98,0.3015
v1|178302641172|0,Nancy Wilson - I'Ve Never Been To Me - LP -  Capitol Records - Vg++,1.00,0.3014
v1|358777141314|0,Vinyl Albulm - Leroy Vandyke - Songs F I ,1.92,0.3012
v1|178295725984|0,IJAHMAN ‎– Are We A Warrior~Roots Reggae Album~MANGO #MLPS-9557,25.00,0.3006
v1|236927059027|0,VHTF LP IN SHRINK Wrap Minnie Riperton Adventures In Paradise Epic,24.50,0.3004
v1|398155550373|0,"PETER GABRIEL, GAMES WITHOUT WORDS,RARE DEMOS RECORDED HIS HOME STUDIO, VG+VINYL",55.00,0.3003
v1|236927850346|0,"Atlantic Doo Wop 60's, Atlantic  P-6190A, Mono LP Record.",20.00,0.3003
v1|800316447060|0,Nexion - Seven Oracles LP Black & White Marble Vinyl,16.00,0.3001
v1|227425987394|0,Chocolate Watchband - Self Titled EP - 1984 Vinyl Record EP - French 7” ,10.00,0.3001
v1|178295725975|0,Yello - I love you 7'' Vinyl UK PICTURE DISC,29.99,0.2999
v1|287450362531|0,Buffalo Springfield Self-Titled Vinyl 2 LP 1973 KEEPER COPY,11.95,0.2992
v1|236925786622|0,Pat Metheny Group Travels LP 1983 ECM 23791 2xLP Wakefield Pressing Gatefold,30.00,0.2986
v1|398163033195|0,Beatriz Marquez Regresa -Vinyl LP Record Rare Latin Cuban Singer Music,9.99,0.2983
v1|188621935578|0,"ELECTRONIC  on LP  single "" GETTING AWAY WITH IT "" electronic synth-pop",9.99,0.2982
v1|398155814345|0,Lupita D'Alessio La Triunfafora- COMO TU-Latin Original LP VINYL Record,9.99,0.2981
v1|188619694764|0,"Kiss Destroyer LP 12"" Black Vinyl Casablanca Records w/ Insert",6.24,0.2980
v1|318516729458|0,Procol Harum - Live - US LP brown a&m labels 1972 (2),4.99,0.2978
v1|188618761600|0,"Jimmy Smith.2-7""45'S.BLUE NOTE-AFTER HOURS/VERVE-HOBO FLATS..JAZZ ORGAN.ORIGINAL",3.99,0.2978
v1|398167923806|0,OSCAR BROWN JR Fresh ATLANTIC Funk LP HEAR,9.99,0.2976
v1|287448344405|0,"Technical Itch Rare 12"" Vinyl Techno Import",15.00,0.2976
v1|298497287745|0,"Rondino For Wind Octet BEETHOVEN 12"" LP 1958 Counterpoint CPST5559 Vinyl Record",4.99,0.2955
v1|117295933063|0,Grace Jones - Portfolio - 1977 Island ILPS 9470 Funk/Soul Vinyl LP,8.00,0.2950
v1|147418651910|0,"*SALE* POOR  1974 US Senate election 7"" 33 flexi Republican Leaders Speak + slv",1103.26,0.2947
v1|158068620354|0,"NAUGHTY BY NATURE 2 PROMO  12”W/Method Man, Pink   Vinyl DJ VG+",8.99,0.2946
v1|206403787642|0,Metallica '...And Justice for All' Original 1988 Elektra 2LP Record Club Press ,51.51,0.2944
v1|147427601715|0,"""BEAR""  1968  GREETINGS CHILDREN OF PARADISE  LP  PSYCHEDELIC POP  BLUES MAGOOS",9.99,0.2941
v1|188605392011|0,"The Belle Stars ""World Domination"" Rare US 12"" Promo of the UK hit.",4.00,0.2941
v1|117296062526|0,Golden Avatar A Change Of Heart 1976 1st Press NM Vinyl,4.99,0.2937
v1|298492248743|0,"LJUBA WELITSCH, FINAL SCENE FROM SALOME, FRITZ REINER, MAX RUDOLF ,12"" ODYSSEY",0.99,0.2931
v1|307051276810|0,Polly Bergen The Party's Over Vinyl LP (1957 Columbia CL 1031),2.52,0.2930
v1|398158966051|0,"Macmillan Sing & Learn Storytelling 12"" Vinyl LP 2-Disc Set VG+/VG+ 09016",7.00,0.2930
v1|198487707736|0,Queen Live Killers BB 702 12” LP NM- Vinyl,9.99,0.2922
v1|398156786383|0,"""Cornelius Brothers and Sister Rose"" Funk, Soul, LP, 1972, Vintage!",49.00,0.2921
v1|377332064621|0,Lord Buckley LP Blowing His Mind (‘And Yours Too),15.00,0.2920
v1|127964815412|0,Harvey Milk Courtesy And Good Will Towards Men Vinyl Lp Reissue,23.92,0.2919
v1|178297487656|0,U.K. SUBS “REVERSE ENGINEERING” GOLD VINYL LP M/NM 1st press PUNK,25.00,0.2915
v1|398155550363|0,"RUSH, MOVING PICTURES,VG+ VINYL FIRST PRESSING",45.00,0.2913
v1|127964863530|0,Eyehategod Vinyl Lp Picture Disc Emetic Records Preaching The End Time Message ,30.00,0.2913
v1|206398204441|0,Tadeusz Chyła – Śpiewa Własne Ballady  POLISH Pop Rock lp on Muza XL 0371,16.00,0.2908
v1|318524422461|0,John Denver – Seasons Of The Heart - US LP Gatefold 1982 STILL SEALED,4.99,0.2906
v1|188619115887|0,"FAITH EVANS on LP  single "" ALL NIGHT LONG "" hip hop funk soul",5.99,0.2905
v1|188622337537|0,"LISETTE MELENDEZ on LP  single "" GOODY GOODY "" hip hop funk soul hip hop",2.99,0.2903
v1|236926065710|0,Rare Breed (purposely mislabeled by Kasenetz/Katz as Ohio Express)-Try It garage,14.99,0.2889
v1|206404360174|0,George Harrison Cloud Nine LP (1987) 9 25643-2,13.95,0.2889
v1|257606706597|0,Quincy Jones - Back On The Block 1989 Qwest lp RARE New Jack Swing R&B Soul NM,6.50,0.2888
v1|188622061681|0,George Harrison Extra Texture 1975 Vinyl Die-Cut Cover,5.00,0.2886
v1|168518626558|0,"Chase the Clouds Away by Chuck Mangione (LP, 1975) Jazz",2.99,0.2881
v1|287448461335|0,"Luke Abbott Vinyl Rare Album 12""",15.00,0.2880
v1|137485896851|0,Tony Mottola – Joins the Guitar Underground • VG/G • Project 3 PR 5035 SD,7.99,0.2878
v1|307051041920|0,Exile - Kentucky Hearts Vinyl LP Record Album Epic 1984 Tested EX/VG+,2.99,0.2878
v1|178298045902|0,Kenny Lee The Same Old Me  / Cowboy,16.96,0.2878
v1|198488034378|0,Genesis Duke 1st Press Vinyl Record LP Prog Hard Rock Classic,0.99,0.2876
v1|188618648370|0,"JANET JACKSON on LP  single "" YOU WANT THIS "" electronic funk soul",4.99,0.2874
v1|168528458595|0,The Elvin Bishop Group–Vinyl Lp-F 30001 1969 VG+/ EXCELLENT CONDITION,9.99,0.2874
v1|168525640096|0,"The Nylons Seamless 1984 12"" Vinyl LP Record Open Air EX/EX UTRASONIC CLEAN",4.99,0.2873
v1|206406009610|0,"Enigma - Charisma 12"" Single - Sadeness Part I - 0-96395",17.27,0.2871
v1|147425513954|0,Chad & Jeremy Yesterday's Gone LP World Artists WAM 2002 Original Mono EX/VG,10.00,0.2860
v1|127965073912|0,"Perry Botkin, Jr. Down The Line / Nadia's Theme A&M 7"" 1856-S",0.80,0.2858
v1|298492743768|0,"Disco vinyl lot- 4 lp albums- Pointer Sisters, Mr. Mister, Love sounds 80's NICE",8.00,0.2857
v1|287450189485|0,PROMO The Mighty Lemon Drops - Happy Head - US Vinyl LP - 80s UK Indie-Pop-Rock!,9.99,0.2856
v1|257614052214|0,🔥🔥🔥John Lennon Yoko Ono Double Fantasy Vinyl 1st Pressing🤩 - 2 LPs !!,23.45,0.2854
v1|307044690036|0,"Goodies 45RPM Black Pudding Bertha/Queen Of Northern Soul 1975 70s Novelty 7"" UK",3.00,0.2852
v1|227423197558|0,Party by Iggy Pop Record NM #939/1000 Blue Marble Vinyl LP EU Pressing,19.99,0.2851
v1|318560537533|0,STARDUST Sonny Stitt ROULETTE Jazz VARITONE ELECTRIC SAX Lp Rarity Clean 1960s,10.00,0.2849
v1|800311299632|0,Alan Gate Et Son Tropical Jazz 45lp,50.00,0.2847
v1|327253120799|0,"DAVE CLARK FIVE american tour, vg++ mono lp on EPIC, 1964, in shrink",19.95,0.2847
v1|137497114452|0,"Bloodstone - We Go A Long Way Back 12"" Vinyl LP 1982 T-NECK FZ 38115 Soul/Funk",5.00,0.2846
v1|407059771302|0,Wild Cherry - Electrified Funk ~ Vinyl Made in Japan 25AP 444(E) ~,6.99,0.2844
v1|178302909519|0,2 Foot Flame 1995 vinyl LP record album VG+ (Mecca Normal Dead C) Matador label,8.99,0.2843
v1|407061177812|0,"DEXTER GORDON-LONG TALL DEXTER-SAVOY 2211, 2 LP PROMO",10.98,0.2841
v1|168530032335|0,JOE BUSHKIN -Midnight Rhapsody-Vinyl LP  Capitol T711 VG+ CONDITION,5.99,0.2840
v1|398146301921|0,"Magazine Virgin International ""Real Life"" LP in Shrink 1978",49.99,0.2840
v1|307044649801|0,"Vintage LP: ""Maria Stuart"" by Friedrich Schiller. Classic German play in German!",6.00,0.2839
v1|178302725387|0,"Herbie Hancock Mega-Mix 12"" Single LP Rockit Chameleon VG",4.00,0.2838
v1|398167939513|0,PIECES st UA Funk | Modern Soul | AOR Disco | Dope! |  LP HEAR,16.50,0.2836
v1|377335156906|0,BOBBY VEE SELF TITLED  SUM-1111 LP VINYL RECORD Lp,0.99,0.2835
v1|377336505229|0,Cynthia Webber Sweet Soul and Inspiration Vinyl LP Soul Beverly Records,7.77,0.2832
v1|278159498188|0,BRUNO WALTER - BEETHOVEN SYM NO.6 PASTORALE COLUMBIA MASTERWORKS 2-EYE MONO LP,8.00,0.2832
v1|168528615663|0,Foghat  -Energized- 1974 Vinyl Lp VG/VG+ Condition,5.99,0.2825
v1|336673789551|0,"RARE LOVE IS LIFE THIS WORLD TODAY WB 45 7"" 1971 VINYL BARBADOS FUNK SOUL",5.00,0.2825
v1|168524905567|0,Cardi B 'Am I the Drama?' Signed Opaque Yellow Vinyl Magnet Alternate Cover,45.00,0.2817
v1|267721923807|0,1965 Sonny & Cher Look At Us Original Mono Vinyl  Record I Got You Babe,3.99,0.2817
v1|198488025202|0,Genesis The Lamb Lies Down on Broadway 1st Press Vinyl Record LP Prog Hard Rock ,0.99,0.2817
v1|147426909983|0,Like New Pink Floud The Wall Stereo Vinyl 2 LP Set BL 36185  Original Gatefold,85.00,0.2816
v1|227419828559|0,Shooting Star - Silent Scream RARE OG 1985 Allied Press (VG+) Vinyl LP GHS 24056,12.00,0.2815
v1|398155542470|0,"4 NM JACKSON BROWN LP'S, HARDLY PLAYED, LIKE NEW, SEE TITLES",65.00,0.2813
v1|267719627047|0,"Don Nix – Hobos, Heroes And Street Corner Clowns LP - 1973 - VG/VG+",9.00,0.2813
v1|198488022291|0,Genesis Wind and Wuthering 1st Press Vinyl Record LP Prog Hard Rock Classic,0.99,0.2810
v1|117296062537|0,Squeeze Frank 1989 Original NM/NM Original A&M SP 5278,19.99,0.2808
v1|178297465238|0,J.F.A. MY MOVIE” BLUE VINYL 7-inch EX/EX PLACEBO INSERT,50.00,0.2806
v1|267722531299|0,"ATLANTIC 78 IVORY JOE HUNTER ""SINCE I LEFT YOU BABY""""  LISTEN",5.00,0.2806
v1|278167548871|0,The Cannonball Adderley Quintet & Orchestra Vinyl LP ST-484 Free Jazz VG/VG+,10.00,0.2805
v1|137498935342|0,Satan Into The Future EP ,99.00,0.2805
v1|287450341620|0,"10,000 Maniacs Twice Told Tales LP White Vinyl",14.95,0.2803
v1|407059690040|0,"La Lupe – They Call Me La Lupe "" A Mi Me Llaman La Lupe* Lp Vinyl * TICO RECORDS",35.00,0.2801
v1|117293721940|0,B.J. Thomas Promo LP 1970 Original RL Bob Ludwig 1B Deadwax + 1973 Polaroid Lot,100.00,0.2801
v1|198488012064|0,Guns N Roses Live Like A Suicide Vinyl 1986 Uzi Suicide USR-001 First Press RARE,500.00,0.2796
v1|257603844788|0,Danny Pearson - Barry White Presents 1978 Unlimited Gold lp Modern Soul NM RARE,6.00,0.2794
v1|178302779313|0,Bjorn J:son Lindh Atlantis Vinyl LP Storyville SLP-4132 VG+,4.00,0.2787
v1|398146257636|0,"The Weirdos ""Action Design EP"" Rhino 1980",24.99,0.2787
v1|188622989312|0,Black Vinyl Record w/ Disc in Black Gatefold Jacket Sleeve/Box,40.00,0.2777
v1|398156676239|0,"Pink Floyd - Relics LP 33rpm Compilation, UK, 1971 Rock Vintage",200.00,0.2776
v1|257613260737|0,"PFM ""The World Became the World"" used orignal U.S LP",18.00,0.2776
v1|188621841651|0,"Zero, Zeroes, LP, Punk",20.00,0.2768
v1|198487975405|0,Judas Priest British Steel 1st Press Vinyl Record LP Hard Rock Heavy Metal Glam ,15.50,0.2768
v1|188604672565|0,"Chatelaine ""Classic b/w Take Me"" Rare 12"" Canadian press. that includes 2 tracks",4.00,0.2766
v1|198487856612|0,Dio Sacred Heart 1st Press Vinyl Record LP Hard Rock Hair Glam Heavy Metal ,13.50,0.2764
v1|267719653627|0,Graham Parker – Live! Alone In America LP - 1989 - G+/VG+,0.01,0.2763
v1|227419169181|0,CREAM - FRESH CREAM - POLYDOR PD-2502 - NM,6.50,0.2760
v1|158058617242|0,Nineteenth Century Nonets performed by The Bronx Arts Ensemble LP,65.00,0.2760
v1|127966441873|0,"Paray, Detroit, Schmitt, Salome, Mercury SR  90177, NM- LP",5.99,0.2760
v1|178295725999|0,Fun Boy Three - Summertime 7'' Vinyl PICTURE DISC UK Import,59.99,0.2759
v1|168526089502|0,INXS New Sensation Nicks Twelve Inch Mix Picture Disc,15.00,0.2757
v1|257614538971|0,Roy Haynes Quartet Out Of The Afternoon 2019 Impulse Records reissue,22.99,0.2756
v1|307045393266|0,"Original BOSTON ""Self-Titled"" Vinyl LP Album EPIC RECORDS 1976 AL-34188",18.00,0.2755
v1|117293859116|0,Max Roach And His Orchestra & Chorus It’s Time 2024 Pressing 180 Gram Vinyl,10.00,0.2755
v1|147427475476|0,PHIL SILVERS - Bioko Marches - VG,14.00,0.2754
v1|278159499132|0,VARIOUS ARTISTS - BLUE OF THE NIGHT IN HI-FI WESTMINSTER MONO LP XWN 18897,20.00,0.2753
v1|336679295576|0,"LA FRANZ Always on my mind 7"" 45 Signed PHAX 1986 DJ Rare Funk Soul Disco",9.99,0.2753
v1|257613432828|0,"Boogie, Balls And Blues: Australian Hard Rock 1970-1977 Vinyl LP AC/DC Rare 1987",40.00,0.2751
v1|257593010840|0,Mt Olive Baptist Dayton - Glory Hallelujah 1979 Carrie lp UNKNOWN Spiritual Soul,6.00,0.2746
v1|358763959740|0,Chris Jagger Self Titled LP (1973) VINYL LP ,2.23,0.2741
v1|307044713211|0,"Zamfir “Plays The World’s Most Beautiful Melodies” (2)Vinyls = VG+ 12"" LP Record",3.00,0.2732
v1|287451065475|0,80's New Wave 45's Lot Wham! Culture Club 'Til Tuesday Adam Ant Tears for Fears+,14.00,0.2730
v1|178302641171|0,For A Few Dollars More And Other Picture Themes Leroy Holmes LP Vinyl Record VG,1.00,0.2730
v1|147427204259|0,The Rascals - See (1969) Atlantic SD 8246 Terre Haute Press w/ orig insert VG+,8.00,0.2729
v1|206405645829|0,~~JORGR SANTANA~~SELF TITLED LP~~TOMATO~~CHEESECAKE~~INNER~~VG++ / VG+,14.99,0.2725
v1|117296062549|0,John Denver Spirit 1976 1st Press NM/NM Lyric Insert Shrink,14.59,0.2723
v1|236930327803|0,"Teen Rock – Set Me Free (Bobby Orlando) - 12"" Single - Meno Vision",6.99,0.2719
v1|267724613554|0,Johann s. bach kantate bwv 106 182 sawt 9443-b vg+ with insert,22.99,0.2717
v1|168523832538|0,Quarterflash  1981 US LP Allied Geffen GHS 2003,4.00,0.2711
v1|227418483075|0,Thee Hypnotics Floatin' In My Hoodoo Dream 2 Song UK EP,7.99,0.2710
v1|407059774253|0,"Patsy Cline Encores LP Vinyl 12"" Stereo Everest Records ST-90071",4.36,0.2708
v1|147426133532|0,"RAP 12"" ""IT'S YOURS"" T. LA ROCK & JAZZY JAY ( PARTYTIME / DEF JAM 1984 )",9.99,0.2707
v1|117286757578|0,"BILL BERRY Shortcake 1978 JAZZ LP Reissue on Concord #CJ-75 Marshal Royal, etc.",5.99,0.2704
v1|257613228901|0,"Joe Pass/Jimmy Rowles ""Checkmate"" (1981) red vinyl PABLO first press promotional",4.99,0.2704
v1|188618761594|0,"1963 ""Joe Williams at Newport '63"" MONO LP, VG .Vinyl SOUNDS GREAT.RCA",2.99,0.2701
v1|206403900817|0,"Jeannie C. Riley - Harper Valley P.T.A. Plantation Vinyl LP Country, Stereo",2.84,0.2700
v1|198487957588|0,Joan Jett Bad Reputation Vinyl Record LP 1st Press Hard Rock Runaways,4.25,0.2700
v1|278167548224|0,Berlin - Love Life 1984 -  Geffen GHS 4025 New Wave Synth Pop VG/VG+,10.00,0.2699
v1|236925974729|0,New Colony Six- I Don't Really Want You To Go mono/stereo WLP 1974 rare!,19.99,0.2696
v1|117288154896|0,Original Star Wars Sound Track  2 Vinyl Disc LP 1977 Gatefold Cover,24.99,0.2694
v1|137489266350|0,Catcall The Warmest Place #’d vinyl record pop electronic indie,50.00,0.2694
v1|236926072140|0,Heather Black- Self-titled lp on Double Bayou 1970.,14.99,0.2693
v1|318560856810|0,KISS DESTROYER LP NM NEAR MINT US CASABLANCA VINYL DESERT LABEL IN SHRINK,15.50,0.2692
v1|206405635790|0,"Guns N' Roses Appetite for Destruction Vinyl LP Geffen 1987 OG Pressing VG, G+",25.00,0.2690
v1|236920806722|0,Vanilla Fudge: Renaissance 1968 US 1st Press Album ATCO SD33244 VG+,9.95,0.2690
v1|188605134720|0,"Paparrazi feat: Jodi ""I Need Your Love"" Rare Belgium pressing of this Italo hit.",36.00,0.2689
v1|298491864394|0,Bobby Powell – What Are You Trying To Do To Me / Red Sails 45 Record,4.99,0.2689
v1|127964941224|0,"My Chemical Romance- May Death Never Stop You, 2LP Clear/White Swirl Vinyl",10.00,0.2684
v1|236925981790|0,"Aids Wolf / The Fugue Split 7"" pic sleeve with insert",6.99,0.2680
v1|158068426257|0,ALEXIS KORNER & SNAPE Accidentally Borne in New Orleans LP  1972,4.00,0.2679
v1|198484858390|0,THE LAUGHING DOGS SELF TITLED 1979 DEBUT LP NM US VINYL NEW WAVE POWER POP,9.98,0.2677
v1|198486026021|0,"Skybox Soul of the Game Vol 1 Deion Sanders Premium 7"" Black Vinyl Record",1.99,0.2675
v1|407059994413|0,"Rage Against the Machine The Battle of Los Angeles LP 12"" Black Vinyl Record",40.00,0.2670
v1|178297782045|0,999 “NASTY NASTY” GREEN VINYL 7-inch EX/EX RARE PUNK,30.00,0.2668
v1|800315033850|0,"SHOWCASE FOR MODERN JAZZ-DECCA 8679, BOB COOPER ART PEPPER, SHANK-COLLETTE",10.98,0.2668
v1|267722588381|0,FELICIANO - JOSE FELICIANO - SELF rare Lp Album RCA 1968 Hippie  EX/G,9.99,0.2668
v1|278169585285|0,Authentic Belly Dance Music LP Olympic OL-6127 Mono,3.95,0.2666
v1|227423076410|0,Al Jarreau – In London LP W1-25331 Vinyl 1985 We're In This Love Together NM!,3.99,0.2659
v1|257613008515|0,"Prince & the Revolution ""Let's Go Crazy/Take Me With U"" 1984 UK/EUROPE release ",40.00,0.2659
v1|377322708405|0,D. O. A. Original Friends Records Import LP 1980 Shrink with Insert Hype Sticker,99.99,0.2657
v1|800316394259|0,Ray Charles Modern Sounds Country Western ABCS-410 Orig Stereo Bellsound NM,9.99,0.2657
v1|137488158650|0,Lilly Green I Am Blessed lp + Bonus,7.99,0.2657
v1|287448399960|0,Heatwave 45 The Groove Line / Happiness Togetherness on Epic EX Funk,4.99,0.2653
v1|307051036103|0,"The Osmonds ‎vinyl Lot Of 3 Homemade, Portrait Of Donny, A Time For Us",9.99,0.2644
v1|398155542446|0,"3ORIGINALPRESS, JOURNEY VG+ NM VINYL,INFINITY,FRONTIERS,ESCAPE",45.00,0.2643
v1|407059518054|0,Machito And His Afro-Cuban Orchestra* – Mambo Holiday* Lp Vinyl* CALIENTE ,15.00,0.2637
v1|327257089486|0,Rita Coolidge “Fall Into Spring” (1974) Original Vinyl LP A&M Album SP-3627,3.00,0.2636
v1|236926377090|0,"The Dave Brubeck Trio. DB Autographed. 1st pressing Fantasy 3-1 1951 10"" DG VG++",15.00,0.2635
v1|398155542455|0,"THE PRETENDERS,LEARNING TO CRAWL,PRETENDERES II,VG++ ORIGINAL PRESS 2 VINYL LP'S",45.00,0.2635
v1|318520168299|0,Santana – Abraxas - US LP Gatefold,4.99,0.2635
v1|377322569783|0,LUDWIG VAN BEETHOVEN - SONG OF JOY POLYDOR STEREO ORIGINAL VERSION LP CANADA,20.00,0.2634
v1|407061275012|0,EBN-OZN - Feeling Cavalier   1984 LP Record Album Elektra 60319-1   VG / VG,5.00,0.2633
v1|257614582496|0,Sting The Dream Of The Blue Turtles 1985 OG vinyl,7.99,0.2631
v1|257614332868|0,Modern Jazz Quartet European Concert Volume One 1962 Atlantic Records,8.00,0.2630
v1|257617501344|0,Jo Stance Hey Girl! …  rare funk Original  45 rpm  NM funk northern soul 45,49.99,0.2628
v1|336675000562|0,SPIRIT: Twelve Dreams Of Doctor Sardonicus Epic KE 30267 '73 pressing VG/VG,7.99,0.2628
v1|267718881501|0,The Fletcher Henderson All Stars The Big Reunion vinyl record album,9.99,0.2626
v1|398157152613|0,"Corey Hart – In Your Soul - 1988  EMI-Manhattan Records B-50134 7"" Single",7.00,0.2626
v1|267719355132|0,Necrot – The Labyrinth - Clear w/ White and Black Splatter Vinyl,25.00,0.2624
v1|800310725164|0,"Carolyne Bernier Private Stock 12"" LP 33 RPM Promotional Copy “Hold Me Touch Me”",8.00,0.2621
v1|318524245974|0,Spinners – Spinners/8 - US Soul LP + OIS 1977,4.99,0.2621
v1|267724211930|0,CHET BAKER Fifty Italian Strings LP Jazzland 21 Deep Groove ,69.99,0.2620
v1|318516674701|0,Procol Harum - A Whiter Shade Of Pale - US Club Edition LP,4.99,0.2619
v1|127965054335|0,"Acid Witch Nunslaughter Split 7"" Hells Headbangers Misfits Samhain Death Metal ",8.60,0.2613
v1|206405681266|0,Ronnie McDowell - Personally VINYL LP BL-38514 Epic Records 1983,2.99,0.2608
v1|800311604819|0,Country Joe And The Fish – C.J. Fish   1st press Vinyl cleaned EX Jacket EX,8.99,0.2608
v1|206404127545|0,"BLKLSTRS- This Is Not An Album 12"" LP Green Vinyl Reptilian Records 2024",15.00,0.2607
v1|117288082750|0,"Ohio Players Skin Tight LP Mercury Vinyl Funk Soul 12"" 33 RPM 1970s Album",14.99,0.2606
v1|178296140867|0,DeBarge Vinyl In A Special Way Vinyl Album LP Record 1983 Gordy 6061GL Tested,23.80,0.2602
v1|188622380554|0,"TARA KEMP  on LP  single "" HOLD YOU TIGHT "" funk soul electronic",2.99,0.2601
v1|227423161709|0,BLACK SABBATH 1970 PARANOID LP | Early Italian Vertigo Swirl Pressing | Gatefold,129.99,0.2598
v1|158069720210|0,Jesus is Lord Lp 1976Tempo Records R7150,3.78,0.2598
v1|127965856570|0,"Gene Pitney – I Must Be Seeing Things 1965 Stereo Musicor 12"" LP",4.00,0.2596
v1|398158566693|0,Lana Del Rey Born To Die Vinyl LP Record Album Video Games Summertime Sadness,9.99,0.2596
v1|307052250612|0,Dean Franconi & His Orchestra - The Lush String Sounds Of Dean Franconi & His Or,1.50,0.2592
v1|227419871404|0,The Motels little robbers Tested vinyl LP record 1983 Capitol Records ST-12288,10.00,0.2591
v1|206403697525|0,"Herbie Mann Mississippi Gambler Atlantic 12"" Black Vinyl LP SD 1610 Stereo",12.36,0.2591
v1|127966359904|0,BYRON JANIS Rachmaninoff Concerto #2 DORATI Mercury SR90260 STEREO lp NM-,5.99,0.2586
v1|236927751449|0,"Kenny Loggins 1978 LP Nightwatch, Pop Rock Vinyl Record, COL-35387",5.00,0.2585
v1|398155542459|0,"3 VG++ VINYL, FIRST PRESSING,LANDING , NEIL YOUNG&CRAZY HORSE, LIFE,NEVER SLEEPS",65.00,0.2582
v1|298494000846|0,"Quads on Vault  ""Surfin' Hearse""  Fantastic Surf !  RARE!!",15.00,0.2582
v1|267719673432|0,"Biz Markie ""Tear Shit Up"" & ""Games"" 12"" Vinyl (Hip Hop - 2003) Promo",10.99,0.2581
v1|358775292634|0,"Drift & Jonah - Now That Much Has Been Said, Much Must Be Done 7"" EP (2006)",2.00,0.2580
v1|318515953431|0,REO Speedwagon – Hi Infidelity - UK Import LP + Insert 1980,4.99,0.2569
v1|407059665936|0,"Odilio Gonzalez * Con Nieves Quintero* Lp Vinyl,  VELVET ",20.00,0.2567
v1|267724293226|0,drugs make me happy 🕶 coolstep 1981 rare vinyl vg+ Matt silbertt,19.99,0.2565
v1|318560479076|0,CAROLE KING FANTASY VINYL LP 1973 ORIGINAL PRESS GREAT CONDITION! VG+/VG+!!D,10.00,0.2565
v1|127964992521|0,"Matthew Wilder Bouncin' Off the Walls Private I 7"" Vinyl 45 Promo",1.32,0.2563
v1|198486115952|0,Clifford Curry - Greatest Hits Then & Now - AUTOGRAPHED to NC Rep. Charles Evans,6.99,0.2563
v1|267719625593|0,Randy Newman – Sail Away LP - 1972 - VG+/VG+,12.00,0.2562
v1|168516519105|0,Boris Karloff in the inner sanctum mayhem vinyl mint,35.00,0.2562
v1|127965175409|0,"Bobby Bare Daddy's Been Around the House Too Long RCA 7"" 45 Stereo PB-10318",2.97,0.2561
v1|206405683570|0,Wind Sung Sounds Flute Music Through Larkin RARE PRIV LABEL VINYL LP RECORD,0.99,0.2560
v1|188605470011|0,"The Fixx ""Less Cities, More Moving People"" Rare Promo Version",4.00,0.2559
v1|147425525922|0,"Go O.J. Off To Hell Mixes 12"" Vinyl 1994 Pressure KR-3107 Miami Bass Hip Hop",19.99,0.2558
v1|188618536829|0,"TLC on LP single  "" AINT 2 PROUD 2 BEG "" hip hop funk soul",2.99,0.2555
v1|336674972984|0,"WHITNEY HOUSTON - LOVE THAT MAN - CLUB REMIXES 2 X 12"" VINYL LP RECORD 2003",24.95,0.2555
v1|298493712464|0,The Nylons One Size Fits All  - 1982 - Original LP (EX/EX),9.99,0.2555
v1|298492743769|0,George Shearing- Here & Now- Vinyl LP album- (EX/EX) great jazz! cheesecake cov.,5.00,0.2554
v1|398146539349|0,"White Flag ""Third Strike"" Original Gasatanka LP 1984 Inserts Glossy",49.99,0.2553
v1|158058617258|0,"Benedetto Marcello, Schola Cantorum Basiliensis ‎– Der 50. Psalm",34.00,0.2551
v1|318562835513|0,Survivor Vital Signs LP (Promo!) 1984 (Pitman Press) FZ 39578,18.00,0.2549
v1|800326110661|0,Rare VA Xian Gospel Soul LP-Paulette Castel -Something Good - VG+,20.99,0.2547
v1|198487850742|0,Morris Day Color of Sucess 1st Press Vinyl Record LP 80's ,0.99,0.2547
v1|137488521642|0,"Ronnie Dyson, If The Shoe Fits, 1st Edition, WL/Promo Vinyl LP, R&B/Soul, 1979",9.99,0.2546
v1|398167884330|0,MARLENA SHAW The Spice Of Life CADET Jazz Funk | Breaks | Shrink | LP HEAR,23.50,0.2545
v1|398146512522|0,Nip Drivers Original Enigma/Bemisbrain Hardcore LP 1985,35.00,0.2545
v1|206398813568|0,"Soul / Funk Charlie Romans ""Twenty Four Hour Service"" Promo",30.00,0.2544
v1|800298985023|0,John Lennon Imagine LP -1971 Apple Rare Press BeatlesBEST Of 4 W J Geils 2 LpLOT,21.14,0.2540
v1|206404965014|0,ULTRA RARE Vixen Edge Of A Broken Heart 12” single 1988 Extended Version,15.00,0.2539
v1|188621144279|0,NORTHERN SOUL  Awesome lot of 15  vg+ to ex cond. all northern soul) Lot 2,43.13,0.2535
v1|188621127570|0,NORTHERN SOUL  Awesome lot of 15  vg+ to ex cond. all northern soul) Lot 1,43.13,0.2535
v1|188605533251|0,Rare Soul 45.,3.99,0.2534
v1|188605526318|0,Rare Soul 45.,3.99,0.2534
v1|206405788495|0,BIM SKALA BIM - TUBA CITY 1988 -UK - SKA Records - SKAR 008 ,30.00,0.2534
v1|278169931299|0,BIM SKALA BIM - TUBA CITY 1988 -UK - SKA Records - SKAR 008 ,10.50,0.2534
v1|257613847021|0,Teddy Harper: Water Boy Of Batusia /Straight As An Arrow 45 Signet VG++ Vinyl,14.99,0.2533
v1|398155550341|0,"PRETENDERS, 3, 12 INCH SINGLES, VG++ NM ORIGINAL VINYL, EXTENDED PLAY,KID,2000 M",40.00,0.2533
v1|267721941786|0,madonna vinyl Sire Records 1982 12 Inch Vinyl VGC,9.99,0.2531
v1|257613077884|0,Savvy Made In Texas Vinyl Record Lp Private Press Vintage 80’s Glam,18.88,0.2530
v1|227423076301|0,The Lettermen – Put Your Head On My Shoulder LP ST147 Vinyl 1968 Near Mint!,2.99,0.2529
v1|158071083913|0,LIONA BOYD The Guitar BOOT RECORDS BMC-3002 (1974) LP,6.00,0.2529
v1|198487939858|0,"Janet Jackson Miss You Much 12"" Single 1st Press Vinyl Record LP Melodic 80's",0.99,0.2526
v1|227422715743|0,Funkadelic : One Nation Under A Groove   Vinyl LP -1978  BSK 3209 ,16.50,0.2525
v1|318558656240|0,THE KINKS PRESERVATION ACT 2 LP NM NEAR MINT US RCA VINYL CLASSIC ROCK w/INSERT,9.98,0.2523
v1|318558656237|0,THE KINKS PRESERVATION ACT 1 LP NM NEAR MINT US RCA VINYL CLASSIC ROCK w/INSERT,9.98,0.2523
v1|307051296898|0,Silverstein This Is How the Wind Shifts Vinyl LP White/Blue VG CONDITION,19.99,0.2523
v1|267722597290|0,"Phil Keaggy ""Play Thru Me"" (1982) LP + Free Bonus CD",11.00,0.2520
v1|298497180999|0,METALLICA– KILL ‘EM ALL -1983 Vinyl Record LP Original press/ MEGAFORCE MRI 069,175.00,0.2517
v1|327256576600|0,Pseudo Echo. Love An Alternative. Vinyl Lp ,3.99,0.2516
v1|178296376531|0,Helen Schneider - Let It Be Now - 1978 Promo White Label Vinyl LP - Poster ,8.00,0.2515
v1|168524210050|0,"Expose Exposure Vinyl ""Cut Out""",24.99,0.2514
v1|117296062515|0,Roy Buchanan Second Album 1973 STERLING Original Polydor PD-5046,12.99,0.2514
v1|307053189826|0,Alice in Chains Self Titled 180 gram LP in Shrink & Hype,30.00,0.2507
v1|206404164367|0,BURNA BOY - Twice As Tall 2020 Atlantic African Hip Hop Afrobeat Vinyl Sealed,10.00,0.2507
v1|318564245739|0,THE RAINMAKERS TORNADO AOR rock 1987 original US vinyl LP,3.00,0.2506
v1|307044721755|0,"Various “Dance Party” Stereo Vinyl = VG++ 12"" LPRecord FLPS-1718 Jazz,Rock,Latin",2.50,0.2500
v1|147427166591|0,"1965- SAM THE SHAM AND THE PHARAOHS, "" JU JU HAND/ BIG CITY LIGHTS"", GARAGE ROCK",1.79,0.2499
v1|377331565420|0,"ARCTIC FLOWERS ""REVERIES"" BLUE VINYL LP NM/EX",20.00,0.2499
v1|327254827365|0,Battlefield -We Come To Fight- Vinyl M/NM Flawless! Rare!!,99.99,0.2497
v1|198487590954|0,Fairport Convention Rock LP Liege And Lief on AM,15.00,0.2496
v1|267717911778|0,Dance Rock: Japan 45s Cars Eurythmics Power Station Corey Hart INXS US Shipping,29.00,0.2495
v1|307055341357|0,EDWIN STARR - CLEAN Vinyl LP Record 1978 Funk Soul Disco  EX,5.99,0.2493
v1|318563138652|0,LOVE 🔥 REEL TO REAL LP 🔥 RSO SO4804 1974 🔥NEAR MINT 🔥ARTHUR LEE-Rar,50.00,0.2486
v1|158075209270|0,Twisted Sister Stay Hungry LP Atlantic Shrink Hype EX,39.99,0.2486
v1|267721818824|0,Oscar Peterson Trio - Eloquence - LP/Vinyl - Gatefold - 1965 First Stereo Press,5.00,0.2486
v1|198487981669|0,Kiss Alive! 1st Press Vinyl Record LP Set Hard Rock 70's Metal,5.50,0.2484
v1|257614428457|0,Hal Roach Autographed Jurys Hotel Comedy Record Album 1976 Preowned,1.89,0.2482
v1|117292702666|0,Phish - A Picture of Nectar (2014) 1st Press Vinyl 2LP Numbered,88.00,0.2482
v1|267719654725|0,Les Paul And Mary Ford – Lovers' Luau - 1961 - VG/VG+ - 6 EYE STEREO,7.00,0.2476
v1|267722559752|0,"Barry Manilow I  1975 Vinyl 12"" Lp.  Arista AL 4007, Reissue, Stereo",2.99,0.2474
v1|267719078205|0,Barbara Streisand WET 1979 Columbia Records Vinyl LP Used No More Tears Duet Don,3.19,0.2472
v1|377331889246|0,John Ambercrombie Night Vinyl Record 1984 Promo 25009,19.00,0.2470
v1|188621048318|0,"HOT CHOCOLATE on LP  "" EVERY 1'S A WINNER "" soul funk pop disco",4.99,0.2468
v1|377331555795|0,THE ALAN PARSONS PROJECT EYE IN THE SKY 1982 VINYL LP AL9599,19.00,0.2467
v1|336674973667|0,"PATTI LABELLE New Day 12"" Vinyl 2 x LP Set 2004 Def Soul Classics 5 Club Mixes ",5.95,0.2464
v1|198487822366|0,Truth Rock 7 in 33  EP No 1 on Stone High,20.00,0.2462
v1|358777105804|0,The Whispers - The Whispers (1979) Vinyl LP -Original 1970s First Pressing,20.00,0.2459
v1|398147093873|0,New York Rock & Roll Ensemble LP Faithful Friends... ,4.99,0.2459
v1|407060020243|0,Bobby Vee Vinyl LP Meets the Ventures 1963 Vinyl In Shrink Record Vintage LP ,3.00,0.2458
v1|188621743369|0,"SOUL FOR REAL on LP  single "" CANDY RAIN "" hip hop funk soul",19.99,0.2457
v1|398146255235|0,HOOSIER HOT SHOTS - WHO'S SORRY NOW / BIG NOISE FROM KOKOMO - OKEH 78RPM,4.55,0.2455
v1|318524286385|0,John Stewart – Bombs Away Dream Babies - US LP 1979,4.99,0.2455
v1|267719627893|0,"Ted Nugent's Amboy Dukes – Tooth, Fang & Claw LP - 1974 - VG+/VG - PROMO",15.00,0.2455
v1|398146354061|0,The Fire Engines Import Only UK Mini LP Pop Aural 1981,24.99,0.2444
v1|287447863925|0,Dion DiMucci You’re Not Alone White Label Promo Vinyl 1971,14.95,0.2444
v1|278159499799|0,GORDON MACRAE & LUCILLE NORMAN NEW MOON THE VAGABOND KING CAPITOL LP UK IMPORT,8.00,0.2442
v1|206405737137|0,Chappell Roan  The Rise And Fall Of A Midwest Princess Vinyl LP Used Popstar Ed.,11.18,0.2442
v1|318561873685|0,Julia Hamari & Peter Sipos  Mozart Rock  1985 Hungary Import Synth Pop Rock Lp,1.99,0.2441
v1|188622222913|0,Django Reinhadt  Volume IV Lp In Shrink,15.00,0.2439
v1|178297021965|0,EXTREMELY RARE-THE CRAIG BOOHER BAND-DAYS OF AUTUMN-1980-PRIVATE LABEL S-TITLED,100.00,0.2438
v1|318524495218|0,John Cougar Mellencamp – The Lonesome Jubilee - US LP Gatefold + OIS 1987,4.99,0.2438
v1|800297678072|0,Jim Post- Sealed 1973 release,40.00,0.2437
v1|117286801516|0,GARLAND JEFFREYS-ROCK & ROLL ADULT 1981 EPIC RECORDS PROMO LP FE 37436 EXC. VG,3.99,0.2436
v1|318516842654|0,Cliff Richard & The Shadows – Edition 2000 - German Import 2LP  Gatefold,4.99,0.2435
v1|398156656140|0,"Adam Stag Party 8 - A Night in Bedlam  Wild Party Songs, LP, Adult Comedy Music ",100.00,0.2434
v1|800311307288|0,Vintage 1976 BARRABAS Vinyl DJ/Promo Record Album ~ Funk/Soul/Disco!~No Reserve,5.00,0.2425
v1|307044633982|0,"“Star Wars / A Stereo Space Odyssey“ Vinyl = G+:VG 12"" LP Record Jazz,Soundtrack",5.00,0.2425
v1|158059571517|0,"SISTER FELIX ""Now It's Time"" The Songs of Patrick Mason, 12"" Signed by Artist",10.00,0.2425
v1|267719561752|0,Classix Nouveaux: Secret LP Liberty Records UK Promo 1983,9.96,0.2423
v1|236925966609|0,Hustler- Play Loud LP In demand Bit 70s hard rock white lbl promo!,29.99,0.2423
v1|377322601825|0,A Texas Hardcore Comp DRI Dicks Butthole Surfers Ward 9 LP in Shrink 1984,24.99,0.2421
v1|287450824915|0,"HUDSON AND LANDRY INCLUDES ""AJAX LIQUOR STORE"" DORE' RECORDS LTD., INC 1971",2.62,0.2421
v1|358775338824|0,The Trammps Disco Vinyl Promo Lot - Rare Atlantic Radio Promos w/ Timing Strips,40.00,0.2419
v1|188618969975|0,"Very RaRe PROMO 45 Garland Jeffreys - ""Escapade "" (4 Song EP)    EPIC VG+",9.99,0.2417
v1|336679326389|0,"SIMON AND GARFUNKEL, Bridge Over Troubled Water [360] USA 1st press LP FREE SHIP",26.99,0.2416
v1|287448417229|0,Alexander Robotnick LP-Problems D’Amour BENELUX Italo electronic disco-PROMO-,12.50,0.2416
v1|318564199421|0,JOHN RENBOURN THE LADY AND THE UNICORN  US vinyl LP,3.00,0.2416
v1|227423145879|0,ORPHANS IN THE CITY - 1985 LP  VINYL REIGNBOW  RECORDS - RBW 4903 -LP NEAR MINT,2.99,0.2415
v1|358775388242|0,Triumph Vinyl Promo Lot  (1979-1984) Hard Rock,75.00,0.2414
v1|178302527905|0,Leroy Vinnegar Glass of Water Vinyl LP Light in the Attic Reissue OHR007 NM,18.00,0.2414
v1|236925783854|0,Pat Metheny Group LP 1978 ECM Records ECM-1-1114 Wakefield Pressing Tulip Matrix,20.00,0.2411
v1|257614282903|0,"ROCK/ BRITISH INVASION/ 1963 RARE MONO ""PLEASE,PLEASE ME THE BEATLES PARLOPHIONE",50.00,0.2410
v1|327253925286|0,"Steve Goodman - Affordable Art - RPJ 002 - NM Vinyl ""Take Me Out to the Ballgame",17.98,0.2410
v1|158067972135|0,Rare 1940s-50s 8” Acetate Record Disc – Portland Oregon – Plays Great,35.00,0.2410
v1|800311005012|0,"Samhain Initium Original Pressing Large Center Ring, Misfits Danzig",225.00,0.2410
v1|257613349812|0,OUR DAUGHTERS WEDDING/ DIGITAL COWBOY LP 1981 EMI/ AMERICA MLP 19000,6.99,0.2409
v1|188619366490|0,PINK FLOYD Dark Side Of The Moon 1973 US capital Pressing Harvest Vinyl LP - VG,17.99,0.2408
v1|267722314050|0,The Whispers LP (1979 US Solar BXL1-3521) EX/EX,17.99,0.2405
v1|318520023636|0,Carmen McRae – Just A Little Lovin' - US R&B/Soul Jazz LP 1970,4.99,0.2404
v1|188621751158|0,"PO' BROKE 'N LONLEY on LP  single "" TWISTED "" hip hop funk soul",2.99,0.2404
v1|407053689740|0,Herman's Hermits On Tour LP Album G+/VG Ultrasonic Cleaned ,3.99,0.2402
v1|236920046554|0,Phil Colins No Jacket Required 1985 Atlantic Record LP (OPEN SHRINK) (EX/EX),7.00,0.2401
v1|198488024253|0,Genesis A Trick of the Tail 1st Press Vinyl Record LP Prog Hard Rock Classic,3.25,0.2398
v1|236920046551|0,A Group Called Smith - Dunhill ABC Records,10.00,0.2397
v1|287450833410|0,Rachel Sweet Promo Lp Protect The Innocent On Stiff Columbia,14.00,0.2397
v1|227422363663|0,Barbra Streisand – People LP CL2215 Vinyl 1964 Mono Columbia 2-Eye Label EX!,3.99,0.2397
v1|318564129471|0,CANDI STATON CHANCE promo hype sticker original US vinyl LP,3.00,0.2396
v1|398156687683|0,Miles Davis – Porgy And Bess (Columbia CL 1274) VG LP Jazz Big Band Modal - 1959,300.00,0.2395
v1|198480499410|0,HUMBLE PIE Eat It 1973 Original  Press 2LP A&M SP-3701  Vg/NM w/Booklet,12.00,0.2393
v1|117292537699|0,"DOLLY PARTON COAT OF MANY COLORS & JOSHUA (2X)12""LP'S,(3X)7""SINGLES(1X)NEW CD.EX",92.00,0.2393
v1|127966374115|0,FREDERICK FENNELL EASTMAN WIND ENSEMBLE Mercury Stereo SR-90207 HANDS ACROSS SEA,5.99,0.2393
v1|318560835594|0,MOUNTAIN NANTUCKET SLEIGHRIDE LP 1971 ORIGINAL GREAT CONDITION VG+/VG!!A,20.00,0.2393
v1|178296017772|0,JAMES BROWN-SHOWTIME-VINYL LP-MONO-SEE DEMO,7.99,0.2393
v1|168529049332|0,Rita Chazen – Caress Aerobics  1982 EX,2.70,0.2391
v1|178288108220|0,LP TCHAIKOVSKI Le Lac Des Cygnes  FRANCE JEAN TOPART ALB-6005,10.00,0.2386
v1|327253917785|0,Steve Goodman - Jessie's Jig & Other Favorites - Promo LP - 7E-1037  White Label,9.98,0.2385
v1|307045710419|0,"Donna & Conrad Krueger”Two-Part Stylings” Rare Stereo Vinyl=VG:VG+ 12"" LP Record",2.50,0.2383
v1|198488011034|0,Genesis And Then There Were Three 1st Press Vinyl Record LP Prog Hard Rock ,0.99,0.2379
v1|318571015332|0,Sensational Alex Harvey Band – Framed - 1973 Vertigo Spaceship - Die Cut Unipak,50.00,0.2379
v1|287453755451|0,"Anderson Paak - Ventura [New Vinyl LP] Explicit, Yellow Variant",25.00,0.2378
v1|800316503441|0,very rare greek records music vinyl LOOK vintage folk world,20.00,0.2378
v1|398156657687|0,"Nirvana - Nevermind, LP 2013 Re-Issue Rock Grunge",385.00,0.2374
v1|318516717209|0,Procol Harum - Live - US LP brown a&m 1972,4.99,0.2370
v1|318560646216|0,brownsville station school punks Vinyl Used VG,9.99,0.2369
v1|137497268617|0,Vinyl Records Grand Funk Railroad/Caught In The Act Double LP Live 1975Capitol,5.00,0.2369
v1|158070386892|0,Survivor - Eye Of The Tiger Rocky LP 1982 Record 0927 Rocky III Hype Sticker,0.99,0.2368
v1|257613303339|0,"NATIONAL LAMPOONS– SEX, DRUGS, ROCK 'N' ROLL, AND THE END OF THE WORLD - Vinyl",15.00,0.2367
v1|398167902206|0,SALLY TOWNES Just The Way You Are PRIVATE  Dope! | Jazz Funk | LP HEAR,9.99,0.2366
v1|267722339079|0,"Lambert, Hendricks, & Ross! – The Hottest New Group In Jazz 1959 6-EYE LP",3.99,0.2365
v1|318560722416|0,"The Beatles Let It Be, First Pressing AR 34001 Red Apple, Phil + Ronnie",35.00,0.2360
v1|198487855678|0,"Morris Day Fishnet 12"" Maxi Single EP Vinyl Record 1st Press Prince 80's",0.99,0.2358
v1|257613267780|0,"DEBBIE HARRY FRENCH KISSIN 12"" PROMO VINYL RARE ANDY WARHOL COVER PRO-A-2594",15.00,0.2357
v1|257613228633|0,"Tommy Edwards – (Now And Then, There's) A Fool Such As I / I can't love another",12.95,0.2356
v1|198487995319|0,He Said - only one eye - vinyl - WIRE side project by Graham Lewis - MUTE 1985,17.95,0.2354
v1|198487928667|0,"Janet Jackson Black Cat & 1814 Megamix 12"" Maxi Single EP Vinyl Record LP 80's",0.99,0.2354
v1|257613018199|0,LP 1969 Cartoon Self Titled  EX/EX,8.99,0.2353
v1|236927416254|0,JOHN MAYER TRIO — Try! Live in Concert Double LP  Vinyl Record.,15.00,0.2351
v1|318570844376|0,"Blaze FREE S/H Whatcha Gonna Do 12"" record Maxi Vinyl VG+  Garage House Quark",8.99,0.2350
v1|287442266653|0,PEARLS BEFORE SWINE-THESE THINGS TOO,11.00,0.2347
v1|366531316381|0,"Ratt Out of the Cellar 12"" Vinyl LP Rock Atlantic Records Stereo",20.00,0.2347
v1|236926038715|0,Dixie Dregs- Freefall LP on Polydor 1977,5.99,0.2346
v1|318547327242|0,JOHN KLEMMER: Touch ~ Original 1975 Vinyl LP ~ ABC Records ABCD-922,2.99,0.2344
v1|236930186219|0,Italo Disco Joe Lettieri Melody 12” Single,9.99,0.2344
v1|178297465254|0,U.K. SUBS “Countdown” 7-inch EX/EX Punk Classic Endangered Species,8.00,0.2343
v1|227422568947|0,REM - Life's Rich Pageant Vinyl - NM+ VG+,11.50,0.2341
v1|127968629109|0,1983 OG EX PAT BENATAR LIVE FROM EARTH 33 1/3 LP Used FREE S/H,14.99,0.2340
v1|257614789283|0,I Want To Live  Jazz LP,11.00,0.2340
v1|127964889951|0,Eyehategod Dopesick Emetic Records Vinyl Lp Sludge Core ,31.00,0.2340
v1|298491927074|0,George Benson  White Rabbit   EX  Gatefold Cover,10.00,0.2338
v1|398155550376|0,"GLENN FREY, THE ALLNIGHTER, FIRST PRESS 1984, SEALED ORIGINAL VINYL",35.00,0.2338
v1|178297144839|0,"RUDE BWOY MONTY-JUNGLE MAN / OUT IN DA STREETS-1994 FRONTLINE RECORDS-UK 12""",23.12,0.2338
v1|257614505945|0,"Don Van Vliet & The Magic Band Rough, Raw and Amazing Ozit 12"" Vinyl LP Live",9.30,0.2338
v1|127964976680|0,"Four Tops - Nature Planned It LP Motown 1972 VG Vinyl 12"" Classic Soul R&B",0.99,0.2337
v1|257593095189|0,R.L. Williams - Move On Down The Road 1980 Black Diamond lp RARE Gospel Funk NM,6.00,0.2336
v1|178298068635|0,Lot of 2 JIMMIE DAVIS DECCA EP's Hymn Time & The Lord Has Been Good To Me Anita,2.99,0.2336
v1|206404124512|0,"Super Thief- Stuck 12"" LP Vinyl Reptilian Records 2017",20.00,0.2336
v1|206405936670|0,Andy Williams BORN FREE. 1967 Columbia Stereo Vinyl LP CS-9480. Very Nice,9.50,0.2335
v1|336673671887|0,MARVIN GAYE HERE MY DEAR 2 LP ON TAMLA  RECORDS,21.00,0.2334
v1|127965111638|0,"Ben Webster Giants of Jazz Verve LP Vinyl 12"" Jazz w/ Coleman Hawkins",15.00,0.2333
v1|147427622457|0,"""POCO""  1974  ▪︎PROMO▪︎ VINYL LP  CANTAMOS  DIE-CUT  SOFT/COUNTRY ROCK",9.99,0.2331
v1|327253886811|0,Blind Illusion The Sane Asylum Vinyl LP 1988 UK Thrash Metal Record-flawless,39.99,0.2330
v1|307050872120|0,BOBBY RICHARDSON-CASE OF THE BLUES/BLUEBERRY HILL-1969 TRAVEL TRC 5309,25.00,0.2329
v1|318564289482|0,BOSTON s/t debut More Than A Feeling US vinyl LP,8.00,0.2328
v1|287448673259|0,12''LP  THE MAR-KEYS Last Night! - US Atlantic 8055,10.00,0.2326
v1|227423175021|0,"Jim Capaldi- ""Fierce Heart"" 1983 Rock Pre Loved Vinyl Atlantic",8.99,0.2325
v1|278169985130|0,VAN MCCOY - AND THE MAGNIFICENT MOVIE MACHINE - LP (X1),5.00,0.2322
v1|267721769554|0,STUBBY KAYE / LILO/ LARRY KERT SHOW STOPPERS 42 ST & BROADWAY   NEAR MINT  LP,6.95,0.2321
v1|327254697909|0,Call O' Da Wild Sometimes The Neighborhood Vinyl LP New Sealed,16.80,0.2317
v1|127965014576|0,Man Is The Bastard/ AGATHOCLES,7.00,0.2315
v1|407061326486|0,Monsters The Righteous Dead LP Colored Vinyl Record Clear/Red Cardboard Sleeve,50.00,0.2314
v1|206405993561|0,Klarinette in Gold - Klarinetten Muckl - Quirin Amper Jr.- Maritim LP  1974,0.99,0.2314
v1|318548269538|0,WHITNEY BRANDT   Other Places  '20  Brandt LP  Insert  NM,4.00,0.2313
v1|336679324657|0,Della Reese - Della LP- RCA Victor LSP-2157-1960 -JAZZ   Excellent++/Very Good+,6.25,0.2312
v1|198485895471|0,LYNYRD SKYNYRD LP NUTHIN FANCY NO SLEEVE LP VG INNER SLV. VG+ DEAD WAX MESSAGES,3.00,0.2308
v1|366524560816|0,Vintage Watchtower Society Jehovah’s Witness 12” Vinyl. Near Mint condition ,115.00,0.2307
v1|407060022530|0,BURT BACHARACH BUTCH CASSIDY & THE SUNDANCE KID In Shrink LP VINYL RECORD Ex,3.00,0.2306
v1|127968627920|0,"Phil Collins Hello, I Must Be Going! 1982 NM/NM Gatefold",14.99,0.2306
v1|147427172898|0,"BAY CITY ROLLERS - Self Titled (1975) - 12"" Vinyl Record LP -",14.99,0.2306
v1|407059912444|0,Alice Cooper Goes to Hell ~Made in US BS2896 ~No Bar Code Original Insert - VG+,9.99,0.2305
v1|188621316725|0,Black Sabbath Headless Cross Vinyl LP Album from 1989 in NM Condition,150.00,0.2305
v1|188605144982|0,"Den Ryder "" It's Hard To Say Goodbye"" Rare West German pressing of the mid 80's",4.00,0.2305
v1|287449851568|0,Joe Jackson Big World vinyl Album A&M 1986 3 Sides on 2 Discs.,2.50,0.2305
v1|298497287422|0,The Groovy Organ Goes Romantic Maurice Montez Design DLP-265 Vinyl Record,4.99,0.2304
v1|127968514678|0,BIG BROTHER And The Holding Company Debut LP Mainstream Records 1967 VG+/Good,8.95,0.2303
v1|407061334144|0,"Balmora - With Thorns of Glass and Petals of Grief 12"" LP Clear/Red Vinyl",50.00,0.2303
v1|206398818411|0,"Psychedelic  The Bluebeards ""Come on A My House"" PROMO",25.00,0.2303
v1|287448658626|0,(We're Gonna) Rock Around The Clock / Thirteen Women   Bill Haley And His Comets,12.95,0.2302
v1|257614062383|0,SAVOY BROWN Hellbound Train PARROT LP VG+ xpas 71052,20.00,0.2301
v1|206405880030|0,"Gerald Wilson Orchestra Of The 80's – Lomelin Vinyl, LP 1981 Discovery JAZZ LP",4.00,0.2301
v1|158075209253|0,Pacific Gas And Electric Get It On LP Metronome Germany Stereo Blues Gatefold EX,50.00,0.2296
v1|168524920189|0,"Tortured Poets Department-Limited Phantom Clear Vinyl by Swift, Taylor ",15.00,0.2295
v1|178298118876|0,"JOLLIVER ARKANSAW, PROMO COPY! MR BRENNA,LISA MY LOVE~ ~ Bell Records,free Ship.",7.00,0.2294
v1|127966324587|0,Pergolesi La Serva Padrona Scotto Bruscantini Fasano Mercury SR 90240 NM,5.99,0.2292
v1|398167917892|0,AHMAD JAMAL 73 20TH CENTURY Jamaica | Jazz Funk | LP HEAR,12.50,0.2292
v1|358774065952|0,"Ray Charles The Great Ray Charles Blues LP 12"" Black Vinyl Premier PM 2004",3.32,0.2289
v1|206404127988|0,"God Bullies- As Above So Below 12"" LP Blue / Red Vinyl Reptilian Records 2024",15.00,0.2289
v1|158070669043|0,"Thelonius Monk ""Monk's Music"" Gateway Recordings GSLP 7023 Vinyl LP",3.99,0.2288
v1|307044686507|0,Duran Duran 45RPM “New Moon on Monday” 1983 80s New Wave Synth-Pop 7” Vinyl,2.75,0.2282
v1|198492057410|0,"Madonna Promo-Only VOGUE 7"" Vinyl 1990 Spain",30.00,0.2281
v1|377331996189|0,EDDIE FISHER QUINTET The Third Cup LP Verve by Request Series Soul-Jazz Funk,4.99,0.2276
v1|188618766622|0,"TROOP on LP  single "" SPREAD MY WINGS "" hip hop funk soul",4.99,0.2274
v1|307044650786|0,Vintage LP: Hal Holbrook in Mark Twain Tonight!. Legendary performance on record,6.00,0.2274
v1|127965379784|0,My Chemical Romance - Danger Days Purple Vinyl LP UO Exclusive,20.50,0.2274
v1|327253909579|0,Steve Goodman - Self-titled LP - City of New Orleans - Buddah BDS 5096 - S/T,17.98,0.2270
v1|227423221046|0,Soldier by Iggy Pop 2016 NM EU Green/Black Vinyl Pressing #110/1000 Punk,19.99,0.2263
v1|318517011416|0,Cliff Richard – The 31st Of February Street - German Import LP 1974,4.99,0.2263
v1|158069452703|0,Taylor Swift 1989 Black Vinyl,18.00,0.2259
v1|188618779714|0,"XSCAPE on LP  single "" LOVE ON MY MIND "" hip hop funk soul",4.99,0.2258
v1|336683493968|0,Lorente Serrano La Dolorosa Fernandez Sevilla Carreno Lp Record Alhambra Spain,9.99,0.2253
v1|278173127751|0,Private Press-Matrix- Vinyl LP Produced By Jimmy Miller MVP  Massachusetts,29.99,0.2252
v1|298494477112|0,LP Bobby Vee Free shipping,4.99,0.2250
v1|366531163368|0,SAMMY HAGAR VOA PROMO LP 1984 GEFFEN GHS 24043 Promotional Translucent Vinyl,15.00,0.2250
v1|358777177958|0,Hank Mobley And His All-Stars Vinyl Album Blue Note Ex,60.00,0.2250
v1|178288924967|0,Enoch Light All The Things You Are Vinyl LP Unique Australian Sleeve Mono E 222,9.99,0.2248
v1|206405995135|0,THE UNITED STATES AIR FORCE STROLLING STRINGS PRIVATE LP SEALED PROMO,0.99,0.2248
v1|407059919065|0,Chicago 16 Hard to Say I'm Sorry ~ LP Made in Japan P-11219 ~ OBI & Insert - EX,11.99,0.2247
v1|168518340802|0,"Stroke - You Are The One Omni Records DMD 877 yr 1985 12""  TEST PRESSING, DANCE",6.99,0.2244
v1|178257115575|0,Tori Amos - In The Springtime Of His Voodoo VINYL LP,9.99,0.2241
v1|407061073877|0,John Lennon* Shaved Fish* Live Peace In Toronto* Rare Calendar Order Card* Lot,19.99,0.2241
v1|168516513589|0,sound effects death and horror bbc vol 13 vinyl mint,40.00,0.2239
v1|407059870758|0,Julian Lennon - Valotte ~ LP Made in Japan 28VB-1002 ~ OBI + Tri-old Insert - E+,11.99,0.2239
v1|127965323937|0,"DeYoung & Jones - Cities LP 2017 12"" Vinyl 180gm Sealed New Chicago Post-Punk",0.99,0.2238
v1|178302641142|0,HERBIE MANN - Super Mann - Atlantic Records - SD-19221 - Promo,1.00,0.2237
v1|198491955952|0,"Dexter Gordon - Walk the Blues Clear Colored Vinyl, Reissue Pressed In Germany",19.99,0.2237
v1|257614364289|0,Turley Richards LP therfu Promo 1979 Atlantic ,8.00,0.2236
v1|398167902805|0,MANDRILL Solid UA Afro Latin Funk | Breaks | Shrink | LP HEAR,9.99,0.2236
v1|358777185945|0,CREAM ~ Wheels Of Fire ~ Vinyl 1968 First Press ATCO SD-2-700 2xLP VG/VG+ Vinyl ,5.50,0.2236
v1|307053209164|0,Billy Joel The Bridge 1986 Pressing LP in Shrink & Hype,8.00,0.2229
v1|318520033957|0,McKendree Spring – Too Young To Feel This Old - US LP + OIS 1976,4.99,0.2229
v1|127965320515|0,"John Kydd - Up The Ladder EP Record 1987 Vinyl 12"" EX/NM Hi-NRG Disco Electro",0.99,0.2228
v1|267722584130|0,"SHEENA EASTON: THE LOVER IN ME 12"" EX Promo LP 1988 MCA MCA-42249",7.99,0.2227
v1|267719657615|0,Alan Price – This Price Is Right LP - 1968 - VG/VG,8.00,0.2226
v1|127966425880|0,"Sourvein Imperial Bastard 7"" EP Purple/Grey Vinyl Heavy Doom Metal VG Condition",4.25,0.2224
v1|327253707236|0,TRAFFIC self titled 1968 LP VINYL ALBUM,2.75,0.2223
v1|206406009406|0,"LUCIANO TAJOLI - Italy's Gran Tajoli (1958) - 12"" Vinyl Record LP - EX",2.99,0.2222
v1|158070570688|0,OLIVIA NEWTON-JOHN -  YOU NEVER BEEN MELLOW - LP  (301),4.00,0.2222
v1|398155542448|0,"VISION QUEST SOUNDTRACK,VG+ MADONNA, MADONNA, NM ORIGINAL PRESS VINYL.IN SHRINK",50.00,0.2221
v1|358776855239|0,The City Vinyl Album Now That Everything Been Said,40.00,0.2221
v1|398155542456|0,"PETER GABRIEL,6 VG+NM 1ST PRESS, VINYL LP'S INCLUDING A COLLECTION OF RARE DEMO'",135.00,0.2217
v1|147425997787|0,"FUNK 7"" ""FUNKY JUNCTION"" CARLOS MALCOLM & THE FIREBURNERS ( AJP 1970 )",8.00,0.2214
v1|287442581622|0,SIGNED/RARE!  Without Him By The Volunteers Quartet Record Vinyl LP Cedarville,97.50,0.2214
v1|117293802008|0,Walter Piston-The Incredible Flutist-Mercury Living Presence SR90206 NM-,5.99,0.2207
v1|206403709159|0,James Brown and the Famous Flames - Think! 12” LP Vinyl Polydor Records 683,15.00,0.2207
v1|236920380356|0,MADONNA True Blue LP Original 1986 Classic Rock Pop Disco Vinyl 80s Sire,10.00,0.2207
v1|366532057059|0,"Wang Chung Don't Be My Enemy/Wait 12"" - 45RPM 1984 Geffen Synth Pop Vinyl",0.99,0.2205
v1|407059678822|0,Bobby Valentín - Presenta A El: Cano Estremera* Lp Vinyl.  BRONCO RECORD ,20.00,0.2204
v1|137498656047|0,The Sensational Bells Of Joy Take It To Jesus Lp Religious Soul Gospel Gospearl,9.99,0.2202
v1|137482371768|0,Buddah Records LP  Elephants Memory  BDS-5033,40.00,0.2202
v1|267719625800|0,Randy Newman – Born Again LP - 1979 - VG/VG,6.00,0.2201
v1|117293936239|0,Margie Joseph READY FOR THE NIGHT Vinyl PROMO LP Album  - 1984 Cotillion Records,19.99,0.2200
v1|307050942154|0,The Rolling Stones - Sticky Fingers - 1971 US Original  Pressing Zipper Works,45.99,0.2200
v1|206398394011|0,Piramis 2 English Label   LP hard rock prog ,35.00,0.2199
v1|168525555949|0,Pentangle Cruel Sister LP 1970 Reprise RS 6430 VG - Ultrasonic Cleaned & Tested,9.99,0.2199
v1|318560639704|0,Loggins And Messina Native Sons 1976 Vinyl LP PC 33578 Gatefold Jacket,10.00,0.2198
v1|257613233040|0,Jeckyll & Hyde - Frozen Flame / The Flipside - Vinyl - German Pressing,4.99,0.2197
v1|377322569656|0,LEONARD PENNARIO KHACHATURIAN CONCERTO FOR PIANO & ORCHESTRA CAPITOL MONO LP,6.00,0.2197
v1|188530583539|0,GRAHAM PARKER - Another Grey Area - 1982 Arista AL-9589 LP Vinyl Record - NM,0.99,0.2197
v1|327253541007|0,The Nortones Susie Jones/That's The Way The Cookie Crumbles on WB 1959,2.00,0.2196
v1|298493711308|0,GEORGE HARRISON TRIPLE LP BOX SET ' THE CONCERT FOR BANGLADESH 'APPLE STCX 3385,99.99,0.2195
v1|398167951700|0,JAMES BROWN Get Up Offa That Thing POLYDOR  Funk | Disco | Shrink | LP HEAR,10.50,0.2193
v1|158058617230|0,Charles Ives ‎– Vocal Music,19.00,0.2193
v1|298493712908|0,"Gene Krupa & Orchestra ""That Drummer's Band"" 1970's Jazz LP, VG+, on Epic-Encore",8.99,0.2192
v1|198487903249|0,Helix Long Way to Heaven 1st Press Vinyl Record LP Hard Rock Heavy Metal,7.50,0.2191
v1|137498862515|0,Slade - Greats 1984 England Vinyl LP E / vg +  ,7.00,0.2190
v1|227422600563|0,"MINISTRY ""With Sympathy"" 1983 (ARISTA/AL6-8016) VG+ /VG",23.50,0.2190
v1|227423319213|0,Trace by Son Volt 2020 180g Vinyl Reissue LP Record MOVLP2540 Indie Folk Rock,14.50,0.2190
v1|178295726003|0,"RARE 45 RPM: Queen, Somebody to Love / White Man British Import",29.99,0.2189
v1|327248723174|0,"Johnny Dillingham Deed I Do Lovesick Blues 7"" 45 LP Sparkle Rare Indiana",35.00,0.2184
v1|398167912558|0,WOOD BRASS & STEEL st TURBO Classic! | Jazz Funk | Disco | LP HEAR,9.99,0.2184
v1|227423223800|0,"VINYL PABLO CRUISE ""WORLDS AWAY""  1978 ORIGINAL",8.99,0.2181
v1|267722290174|0,"Bobby Goldsboro ""This Is Bobby Goldsboro"" vinyl - 1968",5.00,0.2181
v1|307052256968|0,Lawrence of Arabia Original Soundtrack Vinyl LP Colpix Records SCP 514 Stereo,3.97,0.2181
v1|198487916973|0,Hurricane Over the Edge Sealed 1st Press Vinyl Record LP Hard Rock Heavy Metal,4.25,0.2178
v1|267722462643|0,"STORYVILLE: the blues ain't news GRANITE 12"" LP 33 RPM",3.99,0.2174
v1|336683679547|0,JAG PANZER 1983 Self Titled 12” EP - Picture Disc With Black B-Side.  Azra,30.00,0.2173
v1|257614727184|0,TESTAMENT-The Legacy-vinyl 1987 Megaforce Records ,36.00,0.2172
v1|267719626432|0,Don Nix – Skyrider LP - 1979 - VG+/VG,8.00,0.2172
v1|168518340929|0,Rudy Romero - To The World -Tumbleweed Records Inc. TWS 108 yr 1972 LP,5.99,0.2172
v1|336679151923|0,New Music for Jazz/Concert Band LP Vol.X 1984 The Music Co. of North America,5.00,0.2172
v1|407061671503|0,The Music Machine Turn On,11.50,0.2170
v1|117294030839|0,Frank Zappa & the Mothers of Invention Rare British Import,24.99,0.2167
v1|227423987052|0,Adults!!!: Smart!!! Shithammered!!! And Excited By Nothing!!!!!!! Vinyl Record,167.50,0.2166
v1|147420262890|0,"BEETHOVEN Sonatas 17, 18  WALTER GIESEKING COLUMBIA 33CX 1417 Mono British LP",100.00,0.2166
v1|398155550374|0,"3 VG++ FIRST PRESSINGS.PHIL COLLINS,HELLO I MUST BE,NO JACKET REQUIRE,FACE VALUE",69.99,0.2166
v1|168525560948|0,Pentangle Reflection Vinyl Reprise RS 6463 Gatefold 1971 VG/VG+ Ultrasonic Clean,10.99,0.2164
v1|137498449254|0,Get Up and Boogie 2 LP Records TEJ-2001,2.26,0.2163
v1|147418651912|0,"Original UK 1st ed Beatles ""I Feel Fine/She's A Woman"" Parlophone R5200 EX w slv",35.00,0.2162
v1|307052744788|0,"Nirvana Bleach 12"" Black Vinyl LP Record Sub Pop Rock Cardboard Sleeve",6.00,0.2160
v1|267722483990|0,Melanie - Gather Me Vinyl LP - 1971 - NM Condition - Neighborhood NRS 47001,14.99,0.2155
v1|127969764154|0,LP Rock On - 3 LP Set - Mint - Ave 3-3801 - Avenue of America - Rock of 1950's,10.00,0.2154
v1|307051044919|0,"Sawyer Brown ""Shakin"" Vinyl LP Record 1985 Album Tested EX/EX",2.99,0.2153
v1|147425816449|0,"David Anthony Promo 12"" Vinyl Deadpan Demon DJ Only Pump Productions PP003 Rare",14.99,0.2153
v1|287451036029|0,LIVING GUITARS - THE HEART AND SOUL OF ITALY - LP (BOX-7),5.00,0.2153
v1|366532503499|0,"Donny Osmond To You With Love, Donny 1ST PRESSING LP Vinyl",285.00,0.2152
v1|198488170724|0,Joan Baez  Time Rag 1977 Promo Stereo/Mono Edited Censord Version Portrait,1.65,0.2151
v1|318564550057|0,bob geldof BOOMTOWN RATS Deep In the Heart Of Nowehere  vinyl USED VG,9.99,0.2151
v1|800310667393|0,Nilsson Duit On Mon Dei 1975 Vinyl Record,9.00,0.2150
v1|318547918253|0,THE REDS - Self Titled Debut - Vinyl Record Album GREEN VINYL,14.99,0.2149
v1|318560531841|0,Prince 1999 Double Vinyl LP ,20.00,0.2148
v1|158070669004|0,"Vintage Dr. Hook, Sometimes You Win, Vinyl LP, 1979, EX",7.99,0.2146
v1|377331371970|0,DEBBIE GIBSON : OUT OF THE BLUE : LP : ATL 81780-1 : PROMO : HYPE AD : EX,14.88,0.2146
v1|147425840330|0,Billy Joel LP Lot The Stranger An Innocent Man VG+ Vinyl 2 Original LP,14.99,0.2146
v1|178298089869|0,Lee Goodwin Chasing A Secret  Thrill,8.96,0.2143
v1|278170147980|0,RIVAL SCHOOLS FOUND NEW LP Quicksand NYHC,25.00,0.2143
v1|800325621783|0,LP Len Barry DECCA MONO 4720 1-2-3   SHRINK   VG+,5.00,0.2140
v1|257603783050|0,Olivia Villa-Real - One Moment In My Life 1977 lp RARE Tax Scam Modern Soul NM,6.00,0.2140
v1|267721883680|0,"Chuck Mangione Quartet - ""Alive!"" (Vinyl LP, 1972 Mercury Records) Cleaned EX/EX",9.99,0.2140
v1|188619357782|0,Oistrakh/Ormandy The Phila. Orchestra Tchaikovsky Violin Concerto OG 6 Eye Mint!,29.00,0.2138
v1|267722476697|0,"Scarface Love & Friendship  12"" Vinyl Lp Record Promo Press",10.00,0.2137
v1|206408173227|0,"NIRVANA: LP "" Nevermind ""Geffen,Said To Be 180g, Pressed Germany-condition issue",16.50,0.2135
v1|407061815779|0,"Sensation - The Anthem 2004 - Dutch 12"" Vinyl - 2004 - ID&T ☆ RARE ALBUM! ☆",3.33,0.2134
v1|298491765294|0,Ben Platt Sing to Me Instead Atlantic Records 2019 LP 587552-1 Sealed,17.00,0.2132
v1|318562854143|0,Rare recorded in  Tschaikowsky Romeo & Juliet 10 inch record,51.00,0.2130
v1|398156659338|0,Bill Haley And His Comets -Stop Beatin’ Around The Mulberry Bush EP 1953 Rock,45.00,0.2129
v1|307055498017|0,Little Miss Shirley Temple LP 1963 Mr. Pickwick Records US Original Vinyl Record,4.99,0.2128
v1|236925774677|0,Chet Atkins Travelin’ Vinyl LP Record Original 1963 Pressing Near Mint!,11.00,0.2127
v1|137498859069|0,Bach Four Suites for Orchestra Klemperer New Philharmonia RARE 1978 PROMO SET!,13.99,0.2126
v1|137497419098|0,"1960s SOUNDTRACK ""HERE WE GO 'ROUND THE MULBERRY BUSH"" (UNITED ARTISTS 1968)",12.00,0.2125
v1|267722381004|0,"Jack Green ""Reverse Logic"" 1981 Rock LP, Nice EX!, Original RCA Pressing",4.99,0.2124
v1|800310686493|0,Bette Midler Self-Titled Record Vinyl LP 1973 Original Poster,12.99,0.2121
v1|198488053302|0,Six Presidents Speak A Profile of the Presidency MONO C 11006 Vinyl 1972 EX/EX,19.99,0.2120
v1|267722500011|0,Steve Forbert Jackrabbit Slim LP Vinyl Record Album NEMPEROR 32 36191 NM/VG+,6.99,0.2120
v1|278154808095|0,"New Dzine – Double ""O"" Agent, 7"" M/S Single UNPLAYED NM 1984",19.00,0.2117
v1|137498952779|0,Joaquin Lievano LP One Mind 1987 Global Pacific Vintage Vinyl Promo Edition,22.00,0.2117
v1|178297079607|0,"vinyl record album 7 inch Elvira 2 big pumpkins, 13 nights of Halloween",49.99,0.2112
v1|278154810290|0,"Martin Maytag – Space Creature (""I Like It""), 7"" Single 1982 UNPLAYED NM",19.00,0.2111
v1|168524209248|0,"LEON HUFF~""I AIN'T JIVIN' I'M""~Orig. 1980-FUNK~SOUL~DISCO~7'' 45rpm~P.I.R.~VG+",0.99,0.2105
v1|407053487699|0,Kansas - Point Of Know Return RARE 1977 TRUE 1st Press VG Vinyl ULTRASONIC CLEAN,4.99,0.2104
v1|287449425575|0,1957 Ella Fitzgerald Louis Armstrong Ella and Louis Verve LP Mono US Press ~ VG+,55.00,0.2103
v1|178297022652|0,DEVO-SHOUT-ORIGINAL 1984 US PRESSING-INSAINE AMAZING VINYL LP-SUPER CLEAN,35.00,0.2102
v1|257606688466|0,Loose Ends - A Little Spice 1985 MCA lp Modern Soul Electro R&B Boogie NM,8.50,0.2101
v1|257599666300|0,Maxine Y. Davis - Sweeter Than The Day Before 1987 lp UNKNOWN Gospel Boogie FL,6.50,0.2101
v1|137488566752|0,"Yellow Jackets, Samurai Samba, 1st Edition/Promo , Vinyl LP, Jazz/Soul, 1985",12.99,0.2099
v1|188605054261|0,Rare Northern Soul 45.,12.50,0.2097
v1|188605567667|0,Rare Northern Soul 45.,3.99,0.2097
v1|188605131717|0,Rare Northern Soul 45.,3.99,0.2097
v1|188605011357|0,Rare Northern Soul 45.,3.99,0.2097
v1|188605078795|0,Rare Northern Soul 45,3.99,0.2097
v1|188605582360|0,Rare Northern Soul 45.,2.99,0.2097
v1|188622938617|0,Rare Northern Soul 45.,1.99,0.2097
v1|318517007326|0,Cliff Richard – I'm No Hero - German Import Club Edition LP 1980,4.99,0.2093
v1|188605397191|0,"Carol Hahn ""Portraits"" Rare LP of her first release. Includes ""Do Your Best""",6.00,0.2092
v1|398167964486|0,EBONEE WEBB st CAPITOL Funk Boogie Soul | Jam! | Shrink |  LP HEAR,9.99,0.2091
v1|147426979200|0,Britten Nocturne Sea Interludes Pears Britten Conducts Orig London US 68 Reissue,8.99,0.2091
v1|227423234952|0,"VINYL LP by RARE EARTH ""ONE WORLD"" (1971) ROCK / RARE EARTH RECORDS RS 520",24.99,0.2089
v1|127966423256|0,"MOTELS ""ALL FOUR ONE"" RARE LIMITED EDITION PROMO RARE!",10.00,0.2089
v1|158070471743|0,Bill Allred Al Winters Jazz Trombones LP 33 RPM vinyl,1.99,0.2087
v1|287448356711|0,"12"" LP Disco Vinyl Turntable Hype - Music got me Holland",25.00,0.2087
v1|147426908058|0,J.D. Souther Home By Dawn  Stereo Vinyl LP 1-25081 Like New Promotional Copy,45.00,0.2086
v1|318561088564|0,"Sonny & Cher Live Kapp 12"" 33RPM Stereo Black Vinyl LP KRS-5564",2.57,0.2086
v1|188627415381|0,STAN KENTON Masters of Jazz Vol. 5 NM/NM Germany Import Shrink,9.99,0.2085
v1|298494519231|0,MISSING PERSONS LP Mini lp 1982 Capitol   vinyl,5.75,0.2085
v1|287450914815|0,THE DREAMERS - YESTERDAY ONCE MORE - LP (X1),6.00,0.2085
v1|267721939529|0,THE BEATLES SECOND ALBUM APPLE RECORDS ST-2080 Vinyl Album LP Excellent Rare,29.99,0.2084
v1|307051037191|0,Crystal Gayle Straight To The Heart Vinyl LP Record Album Shrink Tested VG+/EX,2.99,0.2083
v1|267719654292|0,Graham Parker And The Rumour – Squeezing Out Sparks LP - 1979 – VG+/VG+,13.00,0.2078
v1|377322697170|0,"RF7 ""Fall In"" Original Smoke Seven Records Hardcore EP 1982",49.99,0.2077
v1|168526252089|0,Robert Plant Now And Zen LP Vinyl 90863-1 Atlantic ,12.00,0.2077
v1|366532551605|0,Viva Mexicali Brass LP (1967) GGS 761 Cheesecake Cover,11.95,0.2077
v1|206405846190|0,This Is Loretta Lynn Vinyl Album-Great Britain Release,14.99,0.2077
v1|267721923437|0,Hondells- Go Little Honda- Mercury SR 60940- Stereo- Orig Press,3.50,0.2076
v1|318563426756|0,"Jackie Gleason Velvet Brass Capitol Records Vinyl LP 12"" W859",4.99,0.2075
v1|407059685975|0,"Justo Betancourt – Justo Betancourt, Lp Vinyl,  FANIA RECORDS ",30.00,0.2075
v1|307051052322|0,John Schneider Too Good To Stop Now Vinyl LP Record Album Shrink Tested EX/EX,2.99,0.2072
v1|267719631349|0,"Gary Numan- London Times / Rumour 12"", UK, Used excellent, no flexi disc",10.00,0.2072
v1|318548264803|0,The BIG SOUND OF THE DRAGS  '63 Capitol  IAM LP   VG+,4.00,0.2072
v1|188627402660|0,WYNTON MARSALIS Think Of One NM/NM 1983 Original Insert,9.99,0.2072
v1|127965134564|0,Dean Parrish Tell Her Boom 60012 White Promo Northern Soul,30.00,0.2071
v1|127964899633|0,Cardi B Am I The Drama? Tour Exclusive Picture Disc 2 LP Ready To Ship,30.00,0.2070
v1|407059901732|0,Eagles - the Long Run ~ LP Made in Japan P-10600Y ~ Gatefold & Insert - EX+,11.99,0.2070
v1|147427451013|0,"Skinny Puppy Dig It The Choke NT12-3002 Stereo Nettwerk 12"" EMI 1986, 45 RPM, NM",45.00,0.2067
v1|147427437180|0,"""THE ROLLERS"" 1979  ELEVATOR VINYL W/LYRICS  SCOTTISH TEEN POP ROCK  BAY CITY",9.99,0.2067
v1|398158781742|0,vinyl record  Legalize It,50.00,0.2063
v1|298494499075|0,Enoch Light Orchestra AROUND THE WORLD IN 80 DAYS “Fly TWA” JAZZ RECORD Album,19.95,0.2063
v1|398146387886|0,The Gun Club Jeffrey Lee Pierce Red Rhino LP Glossy Bio 1987,49.99,0.2061
v1|137488593008|0,"The Boys Choir of Harlem, ""Power"",1st Edition, WL/Special Promo 12"" Single, 1994",9.99,0.2061
v1|188618969355|0,"THE MACMANUS GANG A Town Called Big Nothing 12"" 1987 UK Demon ELVIS COSTELLO",9.99,0.2060
v1|178298047711|0,Gil Scott Heron & Brian Jackson Hello Sunday! Hello Road/ Song Of The Wind 45,19.45,0.2058
v1|198484858384|0,JONI MITCHELL HISSING OF SUMMER LAWNS LP NM NEAR MINT US ASYLUM VINYL FOLK ROCK,9.98,0.2057
v1|287450989319|0,ODA ODA (THE BLACK ALBUM) NEW LP,100.00,0.2056
v1|398156698388|0,"KISS - Ace Frehley, 1978, LP, 33 Rpm, Rock, PRC Pressing",80.00,0.2050
v1|287448399891|0,1963 The Barbara Streisand Album Columbia Vinyl LP CS 8807 Stereo,4.99,0.2049
v1|147427472182|0,PHIL SILVERS - Swinging Brass EP - VG,4.00,0.2047
v1|278167339760|0,Pink Floyd More ST-5169 1969 Scranton Tower LP Soundtrack NM Original Press,39.99,0.2046
v1|206405854354|0,Seawind Window of a Child LP 1977 CTI 7 5007 Funk Jazz Fusion Quiet Storm Xian,2.80,0.2045
v1|236930320923|0,Bobby Orlando The Fem-spies Agent Of Love 12” Single HiNRG,29.99,0.2043
v1|377322572448|0,"Toxic Reasons ""Within These Walls"" Private Label LP 1985",24.99,0.2042
v1|127965845455|0,Joni Mitchell Blue 1971 Original Reprise MS 2038 Gatefold VG - Classic Folk LP,19.00,0.2042
v1|206396465056|0,"Dollie Parton, Dottie West, and More #124 (Release me, Weeping Willow)",12.99,0.2041
v1|178295725976|0,"ULTRAVOX One Small Day 1984 UK 7"" CLEAR vinyl single EXCELLENT CONDITION 45",25.99,0.2041
v1|158070371795|0,LAURA LEE I Need It Just As Bad As You INVICTUS ZS71264 (1974) 45rpm ,6.00,0.2040
v1|206406007979|0,Kootenay Union of Youth Choir Lp Vinyl Record,4.99,0.2037
v1|398157777731|0,booker t and the mg's vinyl,10.00,0.2036
v1|298493712431|0,Geoff & Maria Muldaur - Sweet Potatoes - 1972 Rock LP Vinyl,8.99,0.2035
v1|318517053315|0,Cliff Richard – The Young Ones - Spanish Import LP,4.99,0.2034
v1|206403706779|0,Audioslave Revelations LP Colored Vinyl Blue/Green Epic S40690P,250.00,0.2034
v1|168528617887|0,"Jim Croce ""Life And Times"" Vinyl LP 1973 ABCX-769 VG/VG+ Condition",9.99,0.2034
v1|407059916403|0,"Alice Cooper Dirty Diamonds ~ New West BLOOD RED LP Exclusive Ltd to 150, NW5300",99.99,0.2031
v1|267722691518|0,Neil Diamond: Beautiful Noise LP Vinyl Produced by Robbie Robertson 1976 VG/VG,3.50,0.2026
v1|147427348592|0,"At The Drive-In - Diamanté 10"" 2017 RSD BF Release Colored Vinyl The Mars Volta!",16.99,0.2026
v1|358773846734|0,"Fall Out Boy Infinity on High 12"" LP Black Vinyl Island Records Rock",65.00,0.2026
v1|398156658174|0,"Chuck Brown & The Soul Searchers-Bustin Loose Part 1 & 2, 45, 1978 Funk Soul",175.00,0.2023
v1|168524013653|0,ENOS McLEOD-BY THE LOOK ROOTS REGGAE RARE EX,55.00,0.2023
v1|158067996171|0,ROUGH TRADE Avoid Freud STIFF USE 14 (1980) LP,4.00,0.2022
v1|318516785538|0,Procol Harum - Broken Barricades - US LP Gimmick-Gatefold 1971 (2),4.99,0.2021
v1|318516667211|0,Procol Harum - Broken Barricades - US LP Gimmick-Gatefold 1971,4.99,0.2021
v1|377331557623|0,BLACK FLAG “Six Pack” 10-inch WHITE VINYL EX/EX PUNK SST,49.00,0.2021
v1|227422556563|0,REM R.E.M. Chronic Town Vinyl LP 1982 Record Mint condition,10.00,0.2020
v1|267719627318|0,Nugent – Nugent LP - 1982 - EX/EX,10.00,0.2019
v1|327253929035|0,Steve Harley & Cockney Rebel- A Closer Look,3.29,0.2019
v1|178288924964|0,PSEUDO ECHO Funky Town Australian Vinyl 45rpm P/S EMI 1883,4.10,0.2018
v1|398146781079|0,DIANA ROSS JOIN THE TEMPTATIONS LP on MOTOWN SOUL MUSIC MS 679 1ST PRESS c.1968,10.00,0.2018
v1|117296062510|0,TAGGETT S/T Self Titled Debut 1975 NM Vinyl Lyric Sleeve,6.99,0.2018
v1|188530695293|0,Leonard Bernstein Conducts Charles Ives - Columbia MS-7147 LP Vinyl Record,0.99,0.2017
v1|198490675369|0,"BLIND ARVELLA GRAY The Singing Drifter; Orig. 1972 LP & Press Kit, Photos, Blues",99.99,0.2015
v1|257614015734|0,JOURNEY - Captured 2 LP Vinyl Record,7.89,0.2014
v1|407059922134|0,Taka Boom Yvonne Stevens Middle of the Night ~Made in Japan 28MM0484 ~OBI - EX+,11.99,0.2014
v1|236925979897|0,Shadows OF Knight- Potato Chip UNPLAYED COPY- Spindle hole intact! Near mint,49.99,0.2014
v1|327255181194|0,"Barbara Dane - I'm On My Way / Go 'Way From My Window, 7"", (Vinyl) Northern Soul",100.00,0.2012
v1|137497182842|0,The Beatles White Album 1968 U.S.  Early LA First Pressing A 0460469 2LP G/VG,35.00,0.2012
v1|158059725229|0,Purcell String Quartet plays Quartets by Robert Turner & R. Murray Schafer LP,100.00,0.2012
v1|178288924963|0,Golden Earring To The Hilt Dutch 1st press G/F LP 1976 Polydor 2310 436,8.99,0.2009
v1|227423075483|0,Thalia – 12 Folk Songs of Takis Mousafiris LP 2421059 Greek Vinyl 1975 Laiko VG+,4.99,0.2009
v1|298493712888|0,DEXTER GORDON - Bouncin' with Dex ~ INNERCITY 2060,17.99,0.2007
v1|117293820514|0,MERCURY SR 90174 PARAY Mendelssohn A Midsummer Night's Dream NM,5.99,0.2007
v1|800315233968|0,The Cliff Davis Sextet Pop LP Discotheque A Go Go on Epic,20.00,0.2005
v1|158070184559|0,RAY CHARLES & CLEO LAINE - PORGY & BESS - 5 LP BOX SET - (FREE SHIP),15.00,0.2003
v1|287450253231|0,JAMES TAYLOR -  NEVER DIE YOUNG  - LP (14b),19.00,0.2002
v1|377329853355|0,BLAME : VINYL DOUBLE PACK : FEEL THE ENERGY : UK SHADOW24,28.88,0.2002
v1|127965238591|0,Iron Maiden Seventh Son of a Seventh Son vinyl LP,65.00,0.2001
v1|127968516269|0,"JEFF BECK GROUP, Rough And Ready LP Reissue Epic 1973, VG+/VG",8.56,0.1996
v1|147427450466|0,"AUTOMATIC MAN "" VISITORS "" LP, ILPS-9429,  EX",7.50,0.1995
v1|800315716704|0,1974     CHARMER  -  RON  DANTE,3.25,0.1994
v1|287451018670|0,Ritchie Valens Golden Archive Series LP La Bamba Mint Played Once Shrink + Hype,19.99,0.1994
v1|198487510499|0,ORIGINAL RARE 1965 US ‘NOWHERE MAN' 'WHAT GOES ON' 45 W/ STARKEY CREDIT,4.99,0.1993
v1|407059826461|0,Donny Osmond - Portrait of Donny ~Made in England & US 2315108~ +3 8X10 Photos,11.99,0.1991
v1|800316040240|0,First Class,10.00,0.1991
v1|236927111808|0,Weather Report ‎– Heavy Weather - Japan 1977 vinyl LP NM/EX+ 25AP 357,7.00,0.1984
v1|298491971555|0,SONNY & CHER Live Gatefold LP Kapp Album KRS-5554,7.50,0.1983
v1|168518625754|0,"Alive! by Chuck Mangione Quartet (LP, 1972) jazz w/Tony Levin & Steve Gadd",2.99,0.1980
v1|206406048609|0,"Chronic by Dr Dre (Record, 2001)",19.00,0.1979
v1|267721797208|0,VINTAGE VINYL LP:  PAUL HORN: Inside,4.00,0.1977
v1|358760470784|0,1973 Tony Orlando & Dawn Dawn's New Ragtime Follies Vinyl LP,2.34,0.1976
v1|327253115140|0,"BRIAN HYLAND sealed with a kiss, nm- mono lp ABC-PARAMOUNT 1962",19.95,0.1975
v1|287448409044|0,"007 DO YOU BELIEVE (REMIX) 12"" ORIG '96 BASEMENT BOYS BMORE CLUB HOUSE VG/VG+",3.80,0.1972
v1|267718974656|0,Japan 45s Invisible Touch Sledgehammer Higher Love Genesis of 80s Pop US Ship,29.00,0.1972
v1|398167958037|0,ANTHONY WHITE Could It Be Magic TSOP Modern Soul | Shrink | LP HEAR,9.99,0.1972
v1|407061815076|0,"Value Lot 7 1990's 12"" Singles & EP's Club Dance Rap Hip-Hop R&B Electro TESTED",14.99,0.1971
v1|377336493732|0,"LL Cool J Shut 'Em Down Vinyl 12"" Promo Rap Hip-Hop Atlantic 0-84652",7.77,0.1970
v1|267722476033|0,Puff Daddy 12” Promo Copy P.E. 2000 Feat Hurricane G.,6.50,0.1967
v1|227420851812|0,MAURIZIO POLLINI - Chopin 24 Preludes Op. 28 German Deutsche Grammophon lp MINT,8.98,0.1965
v1|366537212601|0,MC Brains-Oochie Coochie-Vinyl 12” Single-Original Copy ,1.00,0.1965
v1|327248843465|0,CONSUELO VASQUEZ - La Presion/Rinconcito Azul,7.99,0.1964
v1|298491626267|0,"Oh Pep! Stadium Cake 12"" LP Vinyl Dualtone 803020175914",15.00,0.1963
v1|298493268169|0,Barbara Lantz: Wishing Ring/Tall Boy 45 Philtone Promo VG+/VG++ Vinyl,9.99,0.1962
v1|407061408971|0,The Jacksons Self Titled LP 1976 Vinyl Record Album 12” Epic Records,15.00,0.1961
v1|227423377848|0,BLACK SABBATH – MASTER OF REALITY LP 1971 WB GREEN LABEL 1A/1B ARTISAN EMBOSSED,189.99,0.1961
v1|206404126662|0,"The Stabbing Jabs- S/T 12"" LP Red Vinyl Reptilian Records 2024",15.00,0.1960
v1|127966422614|0,"Paray, Detroit, Schumann, Symphony No. 1, Mercury SR  90198, NM- LP",5.99,0.1960
v1|147418426380|0,1971 Gatefold Vinyl Promo Copy ALBERT COLLINS THERE'S GOTTA BE A CHANGE Blues VG,27.50,0.1959
v1|158068397650|0,"Giuffria ""Lonely in Love"" 12"" Vinyl Promo Single",18.95,0.1955
v1|407059776109|0,Vocal Group R'nB Joe Davis Volume 1 ~Made in England - Krazy Kat LP KK 797~,4.99,0.1954
v1|287450232163|0,"Cho Liang Lin Mendelssohn Violin Concerto  Lin 12"" Vinyl LP 33 RPM",3.99,0.1950
v1|158058617226|0,"Janáček*, Toronto Symphony*, Andrew Davis ‎– Taras Bulba / Suite from The Cunnin",10.00,0.1948
v1|377322903373|0,"New Race Statik UK Hard Rock LP 1983 ""The First and The Last""",35.00,0.1948
v1|267722459780|0,Jean-Luc Ponty – Live 1979 LP Atlantic – SD 19229,3.50,0.1947
v1|377331889027|0,Kayak Royal Bed Bouncer Vinyl LP Record 1975 Original,22.00,0.1947
v1|366536440378|0,Telarc DG-10107 Tchaikovsky Symphony No. 5 Andre Previn RPO 1985 DIGITAL NM,6.50,0.1944
v1|158070510270|0,Original Vintage Vinyl LP Animotion Strange Behavior 1986,9.99,0.1942
v1|158068361293|0,"Coast Concert Bobby Hackett, Part 2",3.50,0.1941
v1|158068238504|0,"Bobby Hackett Coast Concert, Part 1",3.25,0.1941
v1|398155542445|0,"3 NM VG++ FIRST PRESS VINYL, MADONNA WITH POSTER,SEE TITLES",45.00,0.1941
v1|336675000560|0,Marianne Failthful: Strange Weather produced by Hal Wilner 1987 Island Records,9.99,0.1941
v1|198487954031|0,"Janet Jackson Love Will Never Do Without You 12"" Single Vinyl Record LP 1st Pres",0.99,0.1940
v1|366532761451|0,Songs and Sounds From the Era of the Untouchables Skip Martin Vinyl,5.00,0.1940
v1|267721671886|0,"Vintage 1976 Steve Miller Band Rock Album ""Fly Like An Eagle"" Capitol Records",5.00,0.1940
v1|398146238957|0,"The Saints ""Eternally Yours"" Sire DJ LP 1978",28.00,0.1938
v1|278128661080|0,"STEVE MILLER BAND ""FLY LIKE AN EAGLE"" 2016 CAPITOL / UME LP NEAR MINT IN SHRINK",8.00,0.1938
v1|318516888454|0,Cliff Richard - Always Guaranteed - German Import LP + Hype Sticker 1987,4.99,0.1936
v1|188621298752|0,"Motley Crue Too Fast For Love LP Album from 1981 in NM Condition, Early Pressing",750.00,0.1935
v1|407059885586|0,Delbert McClinton - Plain' From The Heart   ST-12188 1981 Record Album  VG / VG+,5.00,0.1935
v1|158068256276|0,"Brenda Lee, “You Can Count On Me”",3.75,0.1934
v1|287442545267|0,Chicago III 1971 US Columbia Records,16.00,0.1933
v1|168525666737|0,Chris Cornell Songbook Vinyl Double LP Record - Original Pressing ,350.00,0.1933
v1|117293600720|0,Nanci Griffith - Once in a Very Blue Moon - LP - 1st Pressing,10.00,0.1932
v1|318564671325|0,Art Hodes St. Louis Blues/Art's Boogie Record Black & White Blues Piano,6.00,0.1932
v1|327255179775|0,Carmina Burana by Zubin Mehta (2001),13.00,0.1932
v1|278168951321|0,"Bobby Rydell Chubby Checker Self-Titled Record 12"" Vinyl LP 33 RPM #2 Shrink",5.00,0.1932
v1|336680054199|0,"VOLOSHKY SINGERS: ""CRIMSON FLOWER"" DUMKA  STEREO CANADA",9.98,0.1932
v1|318516673179|0,Procol Harum - A Whiter Shade Of Pale - US LP + OIS - brown a&m labels,4.99,0.1930
v1|147427009570|0,The Kingsman In Person Wand 657 Featuring Louie Louie Original 1964 album EX,9.99,0.1930
v1|407059689525|0,"Junior Gonzalez – Gracias, Lp Vinyl * 7th Galaxy Records",30.00,0.1929
v1|168526251566|0,Title Tracks It was Easy lp Lmtd. #’d. Dischord Records Fugazi Q & Not U Evens,24.99,0.1928
v1|398156653298|0,"The Beatles - Rubber Soul, LP 33 Rpm 1965 Rock Pop 1st Press",170.00,0.1928
v1|336680115414|0,Marianne Faithfull  A CHILD'S ADVENTURE  -  LP Island 90066-1 USA 1983 ,5.00,0.1927
v1|178297465222|0,ADVERTS “GARY GILMOR’S EYES” 7-inch EX/EX 1978 PUNK CLASSIC ANCHOR ‘PUNCH OUT’,30.00,0.1927
v1|117293720003|0,"U2 A Celebration 1986 7"" Irish Pressing Red Labels Gold Over Black Lines VG+",2.25,0.1925
v1|307044519719|0,"Jim Messina “Messina” Vinyl = NM  12"" LP Record Folk, Reggae, Jazz Rock",3.75,0.1925
v1|407059897283|0,Disco Tex - DISCO TEX and his Sex-O-Lettes Review   VG / VG   Sir Monti Rock III,5.00,0.1921
v1|188618939153|0,The Limeliters “Tonight: In Person” RCA Victor LPM-2272 Live Folk Hi-Fi Vinyl LP,6.29,0.1921
v1|168524125549|0,BRIAN HYLAND-RARE PROMO PICTURE SLEEVE VERSION-(THAT'S HOW MUCH/4 LITTLE HEELS)-,85.00,0.1921
v1|257613018866|0,LP Original 1974 Donna Fargo Miss Donna Fargo Gatefold EX/EX,7.99,0.1920
v1|147427077753|0,"The Alpha Band, Spark In The Dark, 1977 Vinyl LP, T-Bone Burnett, White Label",2.97,0.1920
v1|327253925422|0,Steve Goodman - Words We Can Dance To LP - NM Vinyl - EX/EX - Asylum 7E-1061,13.98,0.1919
v1|377330284517|0,"Missy Elliott Pass That Dutch Vinyl 12"" Promo Rap Hip-Hop Elektra",8.88,0.1919
v1|307051036075|0,CRYSTAL GAYLE: Classic Crystal Vinyl LP Record Album Shrink Tested NM/VG+,2.99,0.1919
v1|278167841471|0,Blood Sweat And Tears 3 Vinyl Record Set David Clayton Thomas New City,14.99,0.1919
v1|398167875031|0,KAREN PREE st MCA Modern Soul Stepper | Disco | LP HEAR,9.99,0.1918
v1|298493712884|0,JUDY COLLINS Judith rare SUPER DISK Audiophile 1978 DIRECT DISC LABS SD 16607,14.99,0.1916
v1|236927932964|0,"Judee Sill ""Heart Food"" vinyl LP 1973 US Asylum (GateFold w/ lyric sheet) SD5063",32.00,0.1912
v1|117296976576|0,Waylon Jennings I've Always Been Crazy  Original Vinyl 1978 Like New,25.00,0.1911
v1|336679373459|0,"Hey Monday - Hold On Tight LP 12"" Black Vinyl Decaydance 2008",107.50,0.1910
v1|377331565435|0,KISS “DESTROYER” 180g MARBLE LP M/NM LTD 3000,99.00,0.1908
v1|267724191403|0,Lot Of 2 10 Inch Records Japan /Pet Shop Boys NM,6.50,0.1907
v1|366531495063|0,Depeche Mode Speak & Spell LP (2016) Reissue Gatefold,15.95,0.1907
v1|206404231395|0,"The Belle of New York, soundtrack, LP, Fred Astaire,  STET DS15004",8.00,0.1907
v1|398158828396|0,SPARKS ~ A WOOFER IN TWEETER'S CLOTHING 1972 VINYL LP ALBUM EXCELLENT IN SHRINK,39.99,0.1907
v1|377323630188|0,Leon Russell ~ Master Of Space And Time LP,35.00,0.1904
v1|168529049421|0,"Johnnie Ray - Flip, Flop And Fly / Thine Eyes Are As The Eyes Of A Dove  1955 EX",2.65,0.1904
v1|236920798288|0,Bobby Darin – 18 Yellow Roses/Not For Me - Capitol Records 45  VG+,4.99,0.1903
v1|236920798314|0,Bobby Darin – 18 Yellow Roses/Not For Me - Capitol Records 45  VG+,4.99,0.1903
v1|278169924231|0,"Fifth Dimension-RARE 1971 TEST PRESSING ""Love's,Lines,Angles,& Rhymes""",39.99,0.1902
v1|287448399879|0,Robert Goulet in Person RECORDED LIVE IN CONCERT VINYL LP ALBUM COLUMBIA RECORDS,4.49,0.1902
v1|287449671171|0,"Bobby Rydell Chubby Checker Self-Titled Record 12"" Vinyl LP 33 RPM #1",5.00,0.1901
v1|800316362824|0,The Raunchous Brothers An@l c#nt,60.00,0.1900
v1|800316361877|0,The Raunchous Brothers An@l c#nt,60.00,0.1900
v1|198487951841|0,"Janet Jackson Escapade 12"" Single Vinyl Record LP 1st Press Melodic 80's",0.99,0.1900
v1|236927489199|0,"Art Pepper Quartet, Suzy the Poodle / Tickle Toe ,Discovery 170, 78rpm.",18.00,0.1900
v1|147429813423|0,Moody Blues Seventh Sojourn LP 1972 Threshold THS 7 Prog Rock Vinyl Record CRC,1.99,0.1900
v1|168525736011|0,Frank Sinatra Strangers In The Night LP Vinyl MONO VG+/VG+ Ultrasonic Clean Test,14.99,0.1898
v1|407061323986|0,"Recon - Graves X 12"" Vinyl LP, Remastered Clear/Multicolor Colored Vinyl",55.00,0.1896
v1|267721772420|0,The Dubliners - A Drop of the Hard Stuff (Vinyl),6.95,0.1895
v1|377321081643|0,Various - The Rough Guide To Bullets & Blues 2023 RSD In Shrink Near Mint,19.99,0.1895
v1|327255180128|0,The Capitol Disc Jockey Album March 1968 Capitol Promotional LP Record,10.00,0.1895
v1|127965679155|0,Kiss Killers Vinyl 1982 Casablanca 6302 193-1st Pressing Holland,69.00,0.1894
v1|318564307226|0,DON LANGE LIVE promo US vinyl LP folk,2.75,0.1894
v1|236927028317|0,THE O'JAYS / Survival 1975 Philadelphia International Records / WHITE LABEL EX,7.00,0.1893
v1|178302760821|0,Big Bill Broonzy and Washboard Sam 1986 Chess Vinyl LP Reissue Steve Hoffman NM,8.00,0.1893
v1|318548272176|0,HARVEY MANDEL   The Best Of  '75 GRT Janus LP  VG+,4.00,0.1893
v1|127966432525|0,FREDERICK FENNELL / GRAINGER Winds In Hi-Fi MERCURY SR 90173 RFR-1/RFR-1 ED1 TAS,5.99,0.1893
v1|127965277907|0,"My Chemical Romance Danger Days Fabulous Killjoys 12"" Picture Disc LP Vinyl",20.50,0.1892
v1|327254216069|0,Buffy Sainte-Marie  Moonshot  Original Rare 1972 Vanguard Pop Folk Rock Lp,2.99,0.1892
v1|178302641163|0,Father Guido Sarducci Lp Live At St. Douglas Convent On Wb - Vg++/ Vg++ 1980,1.00,0.1891
v1|800311863369|0,Bobby Sherman Vinyl Record Bobby Bundle Lot of 4 LP's  All VG+ to EX,9.00,0.1891
v1|398156695403|0,Ace Frehley - New York Groove/Snow Blind 45 Rpm Repress 1978 Rock,50.00,0.1891
v1|298494336747|0,Pink Floyd The Wall Original 1979 1st US Pressing Columbia Complete W/Sleeves,40.00,0.1890
v1|188618538888|0,"INFORMATION SOCIETY on LP single  "" THINK "" electronic disco",8.50,0.1889
v1|407060065194|0,Boyd Senter on VIC 21912,15.00,0.1889
v1|358777184239|0,"The Doors Waiting for the Sun vinyl LP 1968  Elektra EK5-74024, Unipak Rare ",30.00,0.1889
v1|147426847871|0,Grover Washington Jr. Inside Movies Vinyl,8.00,0.1888
v1|147427453959|0,WE ARE THE WORLD USA Africa  Gatefold LP Original 1985 AL 40043  EX.  Shrink,12.99,0.1886
v1|398155550330|0,"4NM VINYL,FIRST PRESS, THE ALARM, THE DECEIVER, THE CHANT HAS BEGUN,STRENGTH,DEC",69.99,0.1884
v1|168525214571|0,Herb Ohta Song For Anna Record Vinyl LP ,9.72,0.1883
v1|307044730752|0,THE MAGISTRATES 45rpm SPECIAL D.J. PROMO RECORD - HERE COME THE JUDGE / MGM-1968,3.95,0.1882
v1|178302557154|0,Pete Brown A Meal You Can Shake Hands With Pure Pleasure Reissue 2LP Gatefold NM,18.00,0.1882
v1|318568662464|0,Magic Christian Music - 1970 Apple ST-3364 - Badfinger/Mal,35.00,0.1882
v1|267722429967|0,Chicago 18 Warner 9-25509 EX Vinyl VG+ Cover CLEANED TESTED In SHRINK,4.99,0.1881
v1|298497291599|0,Various Artists On The Move With Chevrolet Compilation LP Vinyl Record In Shrink,4.99,0.1881
v1|327253058600|0,"J.J. JOHNSON goodies nm bop ,mono lp on RCA VICTOR 1965",14.95,0.1881
v1|127965128889|0,"ABC Impulse! Everyday (I Have the Blues) 7"" Black Vinyl 45 Stereo IMP-31009 1976",5.86,0.1880
v1|318561024703|0,1957 Rock 'n' Soul Vinyl Record ABCX-1957,8.00,0.1878
v1|127964829915|0,BLOOD SWEAT & TEARS - self titled- COLUMBIA 60s jazz rock LP,3.00,0.1878
v1|257613305343|0,"CREAM ""Disraeli Gears"" original 1st printing Stereo U.S. album on ATCO 1967",20.00,0.1878
v1|198480159571|0,"Novi Singers ‎– Pay Tribute POLISH LP NM  latin jazz dance, Vocal",19.00,0.1877
v1|188618761595|0,THE JAZZ CRUSADERS - UPTIGHT b/w SCRATCH -45 RPM - JAZZ ROCK.JOE SAMPLE,0.99,0.1876
v1|178297465225|0,R.E.M. “”Superatural Superserious” 7-inch NM/EX 2008 RSD accelerate,10.00,0.1876
v1|198485911889|0,"Deele - Body Talk 1983 VG 12"" Single Vinyl surface scuffs DNAP combined ship",4.00,0.1874
v1|366532986240|0,"Myrth - Myrth - 1969 Rock, Funk / Soul, Pop - EX  - Ultrasonic Clean",3.99,0.1874
v1|398167944355|0,NORMAN CONNORS Slewfoot BUDDAH | Modal | Jazz Dance | Funk | Shrink | LP HEAR,9.99,0.1873
v1|137488485863|0,"Smooth Ice, Trunk of Funk, 1st Edition, Vinyl/LP, Rap/Hip-Hop, EX, 1990",9.99,0.1873
v1|257614786437|0,"HERBIE MANN & BOBBY JASPAR ""FLUTE FLIGHT""  LP",6.00,0.1872
v1|407059832527|0,Olivia Newton - John Have You Never Been Mellow ~Made in Japan EMS-63027~ OBI /M,14.99,0.1870
v1|178297939668|0,Mr. Big Live,3.99,0.1870
v1|206406009053|0,Hotrocks - Various Artist - 1989 USSR Vinyl LP - Hard Rock 'RARE',1.99,0.1869
v1|188623025168|0,"MADVILLIAN on LP  "" MADVILLIANY DEMOS  "" hip hop boom bap",39.99,0.1868
v1|398155533164|0,"2M/ NM VINYL, FIRST PRESSINGS,IN SHRINK,BRYAN ADAMS,RECKLESS,CUTS LIKE A KNIFE",55.00,0.1865
v1|158070375306|0,"Lot of 6 Vintage Philadelphia International Records 12"" Singles",13.50,0.1865
v1|398155542461|0,"3 VG+NM BILLY BRAG VINYL EP'S. FIRST PRESSINGS,HELP SAVE TH,GREETINGS TO,LEVI ST",40.00,0.1863
v1|267721742724|0,Eric Dolphy - Iron Man - LP/Vinyl - 2002 Get Back Reissue - GET 2009 - NM,12.00,0.1862
v1|198487922672|0,Billy Idol Rebel Yell 1st Press Vinyl Record LP Hard Rock 80's ,11.50,0.1859
v1|267722531282|0,"ROCKABILLY THE FARMER BOYS ""SOMEHOW, SOMEWAY, SOMEDAY"" / ""My Baby Done Left Me""",20.00,0.1856
v1|358773537128|0,Neil Diamond-“Stones” Vinyl LP VG UNI Records 1971 OG,6.00,0.1856
v1|267722531283|0,"BOBBY WILSON "" Here Is Where The Love Is"" MODERN SOUL   Listen - Chain 45",10.00,0.1855
v1|278170028208|0,Vinyl LP - The Righteous Brothers Soul and Inspiration EX VG+ Complete Set,10.99,0.1854
v1|147425554213|0,Kreisler Brahms Bruch Concerti Rare Pearl Vinyl Historic Mono Pristine Condition,10.99,0.1853
v1|398156693221|0,Johnny Ace - Memorial Album 1956 Reissue DLP 71 Blues Jazz Compilation Mono,135.00,0.1853
v1|257615049103|0,Ratt Invasion of Your Privacy LP Vinyl Record 1985 Original Press,18.88,0.1853
v1|267724877333|0,"""'SHA-NA-NA' (1971) OOP USED 1ST ED .FULL LENGTH LIVE RECORDING VINYL ALBUM""",19.96,0.1852
v1|307051043256|0,Ricky Skaggs Country Boy Vinyl LP Album Record 1984 Epic FE39410 Tested NM/EX,3.99,0.1852
v1|318520202912|0,Charlie Sexton – Pictures For Pleasure - US LP + OIS 1985,4.99,0.1847
v1|307055335375|0,WOODY HERMAN - 1963 THE SWINGIN'EST BIG BAND EVER PHILIPS MONO LP VINYL RECORD,4.99,0.1847
v1|377322836162|0,Detox Flipside Records LP 1985,24.99,0.1846
v1|178297480712|0,QUINCY JONES Walking In Space LP A&M  1969 Gatefold Soul Jazz  Never Played ,35.00,0.1845
v1|318564223402|0,LIFEHOUSE - ALMERIA  vinyl LP gatefold SEALED - NEW  (PLUS CONCERT PROGAM BONUS),200.00,0.1844
v1|298493649922|0,"Strawberry Alarm Clock   45   ""Barefoot In Baltimore/An Angry Young Man""   1968",17.00,0.1844
v1|318561043047|0,THE DIAMONDS  ON MERCURY  # 71242X45 ( THE STROLL ),4.95,0.1844
v1|158074204791|0,1982 OG SIRE VG+ THE NAME OF THE BAND IS TALKING HEADS 33 1/3 2LP Used FREE S/H,19.99,0.1844
v1|377330262576|0,SKANKIN PICKLE ~ HI  MY  NAME  IS  ERIK  YEE ~ 7'' GREEN VINYL RECORD 1995,9.95,0.1844
v1|398167943179|0,EDDIE KENDRICKS All By Myself TAMLA Funk Soul | Shrink | LP HEAR,9.99,0.1843
v1|188620053033|0,"METALLICA - RIDE THE LIGHTING ORIGINAL PRESS - CREEPING DEATH 12"" SINGLE - NICE!",149.99,0.1843
v1|168526218022|0,Rodney Franklin ‎The Groove 1980 Columbia ‎AS 755 Promo Vinyl VG/VG+ Ultrasonic,9.99,0.1841
v1|158075209484|0,Ray Charles 45 Blackjack / Greenbacks ATLANTIC 1076 R&B Soul Blues VG,8.00,0.1841
v1|278168909006|0,Four Tops – Night Lights Harmony LP Vinyl ABC Records 1975 Funk Soul Disco,4.50,0.1841
v1|318563869858|0,"DNA - Party Tested (Carmine Appice, Rick Derringer) - 12"" Vinyl Record LP - VG+",10.00,0.1840
v1|257614314915|0,Modern Jazz Quartet European Concert Volume Two 1961 Atlantic records,12.00,0.1839
v1|227423223818|0,"VINYL PABLO CRUISE ""PART OF THE GAME""  1979 ORIGINAL",9.00,0.1839
v1|188618988382|0,"MONICA on LP  single "" BEFORE YOU WALK OUT OF MY LIFE    "" hip hop funk soul",5.99,0.1838
v1|318571226365|0,"Zella Day: Sweet Ophelia/1965 Clear Colored 7"" Vinyl Record 1/500 Kicker Limited",40.00,0.1838
v1|398158053254|0,~~THE CARS~~HEARTBEAT CITY~~GATEFOLD~~INNER~~NICE COPY~~EX / EX,14.99,0.1837
v1|158068603485|0,TY Segall Band - Live In Aile 5- Green Vinyl LP - M/NM,55.00,0.1836
v1|407059469582|0,Dimension Latina – ...Tremenda Dimension!* Lp Vinyl.  Velvet ,30.00,0.1835
v1|336680076336|0,Fleetwood Mac Rumours Lp vinyl 1977 1st Press shrink hype sticker + lyric insert,7.50,0.1834
v1|178296339038|0,Lynda Carter - Portrait - 1978 Promo Vinyl LP - White Label - Epic 35308 ,12.00,0.1832
v1|158076016522|0,The Art of Noise Legs and Hoops and Mallets 45 rpm vinyl record,3.00,0.1831
v1|318564223415|0,"New - Sealed 180 gram Virgin Vinyl  LP   by   BLACK EYED PEAS   ""THE END""",200.00,0.1831
v1|158074121065|0,"Will Smith Will 2K 12"" single vinyl record",3.00,0.1831
v1|198487688940|0,James Gang Bang SD 7037 12” LP NM- Vinyl,9.99,0.1829
v1|407061713755|0,Linda Onstage Different Drum 1974,6.00,0.1829
v1|327253080664|0,"HARRY ARNOLD and all his jazz nm- stereo lp ATCO HARP LABEL, 1960 deep groove",19.95,0.1829
v1|377322569844|0,LEONARD BERNSTEIN PHILIPPE ENTREMONT RACHMANINOFF CONCERTO NO.2 COLUMBIA MONO LP,8.00,0.1829
v1|327253921696|0,Steve Goodman - The Essential Steve Goodman - Gatefold - 2 LPs - The Dutchman,13.98,0.1828
v1|236925893495|0,Be Bop Deluxe- Modern Music lp on Harvest Records,7.99,0.1824
v1|257613004142|0,Poison - Open Up And Say . . . Ahh!  1988 Original Release Album LP ,60.00,0.1824
v1|267721864376|0,The Beatles Let It Be Lp Red Apple AR 34001 Gatefold Maggie Mae Public Domain PD,69.99,0.1824
v1|336674708996|0,MONKEES Best Of LP Original 1981 Classic Rock Vinyl MFP UK Record 1960s,10.00,0.1823
v1|407059523761|0,Orquesta Sonora Ponceña* – Hacheros Pa' Un Palo* Lp Vinyl.  Inca Records ,45.00,0.1823
v1|307044672417|0,"Andy Kim “How’d We Ever Get This Way” Stereo Vinyl = VG+ 12"" LP Record Rock, Pop",3.00,0.1823
v1|407061806408|0,Maynard Ferguson Jam Session LP EmArcy Jazz Mono VINYL,6.78,0.1822
v1|298488397056|0,Junior Wells Its My Life Baby Vinyl LP Vanguard VSD 79231 In Shrink VG,14.95,0.1820
v1|318524360645|0,Steppenwolf – Steppenwolf 7 - US LP Gatefold 1972,4.99,0.1819
v1|178297487666|0,SWEET APPLE SING THE NIGHT IN SORROW M/M LTD COLOR LP Dinosaur Jr.,15.00,0.1818
v1|298497180964|0,Ozzy Osbourne Speak of the Devil 2LP 1982 Vinyl Record ZX2 38350 Jet Records,50.00,0.1818
v1|267721924946|0,Carly Simon ‎– Hello Big Man LP NEW 1983 Warner Bros. Records ‎– 1-23886,3.50,0.1818
v1|298484766628|0,La Sera Music For Listening To Music To PINK VINYL LP Record 45rpm,11.85,0.1817
v1|377329818866|0,"Carpenters Now & Then A&M 12"" Black Vinyl LP Cardboard Sleeve",2.99,0.1814
v1|318570643547|0,YOKO ONO-WALKING ON THIN ICE-FOR JOHN 45RPM 7 IN-IT HAPPENED EXCELENT COND.,5.00,0.1813
v1|178295726001|0,"SEX PISTOLS:  Holidays in the Sun / MY WAY Sid Vicious 7"" British Import Rare",59.99,0.1812
v1|206398817013|0,"SOUL R&B Roscoe Robinson ""What Your'e Doin' to Me""",15.00,0.1812
v1|318520153375|0,Carly Simon – Hello Big Man - US LP + OIS 1983,4.99,0.1811
v1|127968627888|0,Pete Townshend Scoop 1983 NM/NM 2LP Gatefold Cover The Who,12.99,0.1811
v1|257614052382|0,Peabo Bryson & Roberta Flack Born To Love Lp In Shrink Wrap - Open ! 36032671,7.89,0.1811
v1|168529213742|0,EMI 153 1695353 Mahler Symphony No. 6 GARY BERTINI 1985 2LP DMM DIGITAL NM,6.99,0.1809
v1|178297939161|0,"Hello Dolly, Louis Armstrong – stereo records KS – 3364 original LP",7.99,0.1809
v1|366531571041|0,"War Why Can't We Be Friends? 50th Anniversary LP 12"" Black Vinyl Avenue Bonus",30.00,0.1808
v1|800311896185|0,Dave Mason S/T Self Titled QUAD vinyl record LP Quadraphonic 33 RPM SQ NM/VG+,9.99,0.1805
v1|206405985893|0,78 RPM Vocal  The Chordcats on Cat: A Girl To Love/Hold Me Baby V:M-    L:M.  DJ,20.00,0.1804
v1|137486665661|0,Dave Mattson Lead Me Home lp Myrrh MSB-6611 1978 + Bonus,7.99,0.1804
v1|117293496700|0,The Secret Life Of Harpers Bizarre Vinyl LP 1968 WS 1793 PROMO EX,12.00,0.1804
v1|158067965474|0,"JOE COCKER'S Greatest Hits Vol. 1 PICKWICK (1975) LP, UK Import ",12.00,0.1804
v1|407059675332|0,Various – Merengue 83 1/2* Lp Vinyl * Discos Perla,30.00,0.1804
v1|298494348326|0,USSR / Bureau of Propaganda of Soviet Cinema Art 7” Record,12.00,0.1803
v1|117288037342|0,Rare Vinyl Record Album LP Autographed An Evening At The Famous Flying W Ranch ,7.99,0.1803
v1|117292405086|0,The Ink Spots Vol 2 MAYFAIR 9668S RARE GOLD VINYL NEAR MINT,14.99,0.1803
v1|267719553566|0,Flash In The Can GF gatefold LP 1972 Capitol SMAS 11115 Peter Banks,3.99,0.1802
v1|257613111927|0,"Various - Disco Boogie - Salsoul Records - 2SS 0101 - 2xLP, Mixed 1158930546",6.99,0.1801
v1|236925792667|0,Ringling Bros. Barnum & Bailey Circus Band Capitol Records Vinyl LP Merle Evans,30.00,0.1800
v1|168525540322|0,The Pentangle Sweet Child Vinyl 2x LP 1968 Reprise 2RS 6334 VG Ultrasonic Clean,9.99,0.1800
v1|366532690355|0,"Vinyl After 7 Vinyl 12"" Single Heat of The Moment 1989 NM/NM",7.37,0.1799
v1|117288169497|0,"Gary Wright: The Dream Weaver (Vinyl LP) VG+/VG | 1975 Pop Rock, Symphonic | ",4.99,0.1799
v1|188619165549|0,Cris Williamson “The Changer and the Changed” Olivia 1975 LP 2nd Ed,5.50,0.1797
v1|117293967873|0,"PRESIDENT JOHNSON'S ""TIME OF JUSTICE"" MESSAGE TO CONGRESS MARCH 15,1965 Vinyl LP",4.93,0.1797
v1|188530180037|0,Andre Previn - 4 Horsemen Of The Apocalypse - MGM E3993 LP Vinyl Record - NM-,0.99,0.1797
v1|188608341006|0,VINTAGE-(LP) Mighty Clouds Of Joy-Sing Live Zion Songs,15.99,0.1794
v1|407059896488|0,Debbie Harry KooKoo (Blondie) ~WWS-91022 Made in Japan ~OBI +Tri-Fold Insert~ E+,12.99,0.1792
v1|127968627813|0,John Sebastian The Four Of Us 1971 NM Vinyl Gatefold Lyrics,9.99,0.1791
v1|327253979620|0,Scorpions- Animal Magnetism LP,24.99,0.1790
v1|137498835767|0,10' RED NORVO TRIO FANTASY 3-12 GREEN VINYL,10.00,0.1788
v1|407053484372|0,Christine McVie 1984 Self Titled Vinyl LP VG COVER G ULTRASONIC CLEAN ,3.99,0.1788
v1|377331565431|0,SCREAM “This Side Up” LP CLEAR VINYL M/NM Dischord Foo Fighters Wool,15.00,0.1788
v1|178297605472|0,Roger Hodgson ~ In the Eye of the Storm (A&M 1984) Ex Vinyl,9.99,0.1786
v1|278157514854|0,"""MYSTERY"" 4-PAK  of Mass. college radio station 12"" vinyl  EX discs VG cvrs",30.00,0.1785
v1|307053215342|0,Boston Self Titled 180 gram LP in Shrink & Hype,10.50,0.1785
v1|127965042304|0,"Floor/spazz 7"" Record",26.00,0.1783
v1|307051294901|0,Like A Storm Catacombs Hard Rock LP Piranha Records Rare Vinyl VG Condition,59.00,0.1783
v1|318520082314|0,Neil Larsen – Jungle Fever - US promo only Smooth Jazz LP 1978 promo stamped,5.50,0.1783
v1|377330011937|0,Phil Manzanera LP Impossible Guitars,6.00,0.1780
v1|398158058911|0,"1980 LP - DB Cooper ""Buy American"", BSK 3444, Promo, LP=EX, Cover=VG+",6.00,0.1780
v1|398167877219|0,SYL JOHNSON Total Explosion HI Funk Soul R&B | Hype Sticker | Shrink | LP HEAR,9.99,0.1779
v1|267719673132|0,"Biz Markie ""Make the Music With Your Mouth, Biz"" 12""  EP (Vintage Hip Hop) *New*",73.99,0.1777
v1|178302471395|0,Randy Weston Blue Moses Vinyl LP CTI 6016 Gatefold Van Gelder VG+,8.00,0.1775
v1|407060052606|0,Gene Forrell on ATL 2148,5.00,0.1769
v1|188530583838|0,Danny O’Keefe - So Long Harry Truman - 1975 Atlantic SD-18125 LP Vinyl Record EX,0.99,0.1769
v1|307055496068|0," DIXIE BELLES: Down At Papa Joe's LP (Mono) SSM 5000 VINYL RECORD in Shrink Wrap",4.99,0.1766
v1|158058617240|0,"Hartmann* - Symphonie-Orchester Des Bayerischen Rundfunks, Rafael Kubelik ‎– Sym",25.00,0.1765
v1|127968515659|0,"JEFF BECK GROUP,  Debut LP On Epic 1972, First Press Reissue Early '80S, VG+/VG+",8.56,0.1764
v1|178297940132|0,"Moody Blues, Days of Future Passed, LP",7.00,0.1763
v1|800313711026|0,Rhythm & Blues   Premiers,3.59,0.1762
v1|267718880616|0," Mung Places EP vinyl record album",14.99,0.1762
v1|147426909863|0,The Byrds Sweetheart of the Rodeo Stereo Vinyl LP 1968  CS 9670 EX/NM,65.00,0.1762
v1|398167916750|0,STAPLE SINGERS We’ll Get Over STAX Funk Soul R&B LP HEAR,9.99,0.1762
v1|407059923910|0,the Beatmasters ~ Ska Train / Hey DJ I Cant Dance ~Made in England LC 7962 - VG+,5.99,0.1762
v1|198488284335|0,"Warren Newman 2 10"" acetates of religious speaking (Jewish?)",5.00,0.1761
v1|318570870940|0,MUSIC FROM THE TWILIGHT SAGA - CITY OF PRAGUE 2LP Near Mint,45.00,0.1759
v1|318524364469|0,Cat Stevens – Catch Bull At Four - US LP Gatefold 1972,4.99,0.1759
v1|800315898038|0,"Acron 2 Drum N' Bass 3x  12"" Reinforced records 1997 UK Pressing Leon Mar Vinyl",7.00,0.1757
v1|358775446862|0,Thin Lizzy Vintage Lot - (Rare Radio Promo & Original LW Matrix Pressing),50.00,0.1757
v1|206405615359|0,Risky Business Soundtrack V 2302 12” LP NM- Vinyl,9.99,0.1756
v1|377336506968|0,"Monica Don't Take It Personal Vinyl 12"" Single Promo Rowdy Records R&B Soul",8.88,0.1755
v1|298494169182|0,"Lee Adrian w/group  ""Barbara Let's Go Steady""  Excellent Doo Wop",20.00,0.1754
v1|188604985871|0,Rare Promo Northern Soul 45.,3.99,0.1754
v1|137496641093|0,Donald & The Delighters - Wang Dang Dula / Elephant Walk - 1962 Cortland  EX,6.00,0.1753
v1|117293800181|0,PRINCE 1999 WARNER BROS RECORDS 1982 DOUBLE LP - NEAR MINT VINYL!,22.99,0.1752
v1|147420235472|0,Engelbert Humperdinck Release Me 1967 PAS 71012 Album Lp,4.99,0.1752
v1|178302641185|0,Juice Newton & Silver Spur Lp - Come To Me - Capitol Records - Vg++ / Vg++,1.00,0.1749
v1|407059687791|0,"Hector Lavoe – Comedia, Lp Vinyl,  FANIA RECORDS ",30.00,0.1749
v1|168525629863|0,Don Ho Tiny Bubbles LP Vinyl Reprise Records RS 6232 EX/EX Ultrasonic Cleaned,10.99,0.1748
v1|267719656585|0,Poco – Deliverin' LP - 1971 - VG+/VG+,20.00,0.1747
v1|257614502838|0,Burt Bacharach: Reach Out LP Vinyl Record In shrink Wrap ! Open VG+ VG+,4.56,0.1746
v1|336674972808|0,JANET JACKSON  JANET MEGAMIX CHRIS COX VINYL RECORD CLUB REMIX 2004 VIRGIN ,29.95,0.1745
v1|278159500125|0,SIR MALCOLM SARGENT PROKOFIEV SYMPHONY NO.5 EVEREST STEREO LP SHRINK,15.00,0.1744
v1|178297572835|0,"Peabo Bryson - ""Straight From The Heart"" - LP, Shrink Wrap",3.00,0.1743
v1|236925791762|0,Foreigner LP 1977 Atlantic Records SD-18215 Presswell Pressing OOP Lou Gramm,15.00,0.1743
v1|178295471390|0,Joe Cocker Self Titled Vinyl lp on A&M Records SP 4368 from 1972,2.39,0.1742
v1|158070465884|0,ELO Out Of The Blue 1977 US 1st press vinyl 2LP complete: spaceship+poster + Ad,200.00,0.1742
v1|168526252525|0,TORCHE-Healer/Across the Shields 12” Purple Vinyl Baroness Neurosis Sleep ,21.99,0.1741
v1|227423076137|0,Marianne Faithfull – Dangerous Acquaintances LP ILPS9648 Vinyl 1981 INTRIGUE VG+,4.99,0.1738
v1|336675000554|0,JOHN COUGAR MELLENCAMP  The Lonesome Jubilee 1987 LP -Mercury 832 465-1 VG++,9.99,0.1738
v1|206405992516|0,United States Air Force Band – Favorite Overtures-U.S. Air Force USAF 71078-NEW,0.99,0.1738
v1|336680276366|0,"U2 Island 0-96600 Vinyl 12"" Single DESIRE / HALLELUJAH HERE SHE COMES (1988)",3.00,0.1737
v1|267722476405|0,G. Dep Special Delivery / Child Of The Ghetto - 12 Vinyl Promo 2001,7.00,0.1737
v1|267721733330|0,Dinah Washington - For Lonely Lovers - LP/Vinyl - Mercury Records 20614,5.00,0.1736
v1|800295361566|0,Larry Coryell,40.00,0.1735
v1|117293718435|0,"FRANKIE GOES TO HOLLYWOOD Welcome to the Pleasuredome 1985 WL PROMO COPY 12"" EX!",7.99,0.1735
v1|377336358873|0,"Too $hort I Ain't Trippin' Vinyl 12"" Single Rap Dangerous Music 1241-1232-1",11.21,0.1734
v1|188622090946|0,Roy Harper One Of Those Days In England Vinyl 1977,5.00,0.1734
v1|127966545709|0,The Stylistics - Self Titled THE STYLISTICS Vinyl LP Album  - 1971 Avco Records,14.99,0.1733
v1|398156008267|0,Culture Club ‎' Colour By Numbers ' Vinyl LP Album US 1983 Virgin,10.00,0.1733
v1|236926916770|0,The Salsoul Orchestra- Nice 'N' Naasty - Used LP Record /SZS 5502 / Salsoul 1976,15.00,0.1732
v1|178298351091|0,SPANDAU BALLET-PARADE-1984 ORIGINAL US PRESSING VINYL LP-BEAUTIFUL VINYL COPY,30.00,0.1732
v1|398158812667|0,B. J. THOMAS Raindrops Keep Fallin' On My Head Vinyl LP Record,10.00,0.1731
v1|127965310939|0,"Groinchurn 10"" picture disc LP record Sixtimesnine 1998 Fudgeworthy used limited",6.99,0.1730
v1|158068396014|0,T.G. Sheppard - Slow Burn - VG condition ,2.00,0.1729
v1|198487947045|0,"Janet Jackson Alright 12"" Single Vinyl Record LP 1st Press Melodic 80's",0.99,0.1728
v1|267722631762|0,Rare Alice Cooper ‎Billion Dollar Babies 1973 WB BS 2685 No RESERVE,29.00,0.1727
v1|158068397353|0,Giuffria Vinyl LP,9.99,0.1727
v1|188619984107|0,METALLICA - MASTER OF PUPPETS - ORIGINAL PRESS - VERY NICE SHAPE!,139.99,0.1726
v1|236930187306|0,Italo Disco Sesto Senso Lay Your Hands On Love 12”,9.99,0.1724
v1|227424347598|0,"DOMINO Physical Funk 12"" Vinyl LP  Single Gangsta Hip Hop Rap",2.99,0.1724
v1|147427502636|0,"Arcane Ashnikko Paint The Town Blue 7"" Vinyl Record. ",50.00,0.1723
v1|398164130903|0,SPOON “GA GA GA GA”180g double Vinyl 10th.Anniversary Edition,54.99,0.1723
v1|298494521737|0,Haysi Fantayzee : Battle Hymns For Children Singing UK 1983 LP,6.00,0.1723
v1|358776744240|0,"Don Patterson Vinyl Album, Mellow Soul VG++",25.00,0.1722
v1|147427618997|0,"""SECRET WEAPONS""  1986  BEYOND THE COMFORT ZONE PRIVATE/INDIE LP W/LYRICS  ROCK",9.99,0.1722
v1|287448404415|0,The Stonemans Christopher Robin / The Love I Left Behind (MGM K 13945) EXCELLENT,1.99,0.1721
v1|398155550385|0,"2 NM BILLY BRAGG VINYL, HELP SAVE YOUTH,GREETINGS TO, HARDLY PLAYED",40.00,0.1721
v1|377322551203|0,NEW HAVEN SYMPHONY ORCH. - MAHLER SYMPHONY NO.1 ODYSSEY STEREO LP FRANK BRIEFF,9.99,0.1720
v1|168506622507|0,"REM R.E.M. Fables of the Reconstruction Vinyl Record LP Vintage 1985 LP, IRS-559",10.00,0.1720
v1|398155550387|0,"THE CLASH, THE CLASH, MINT VINYL, JAPANESE IMPORT, 1977",129.99,0.1720
v1|267724232619|0,walter scott Simon notheis rare lp ⬛ vg+,29.99,0.1719
v1|327255179413|0,Tommy Tedesco : Alone At Last 1979 Jazz LP Vinyl Record TR-517 (Grade VG+),8.00,0.1719
v1|178298123923|0,Jeremy Spencer Band - Flee - 1979 Promo White Label Vinyl LP - Atlantic 19236,29.00,0.1716
v1|206404123742|0,The Rascals Search And Nearness Vinyl LP 1971 SD 8276 VG+/VG+/VG+,3.60,0.1715
v1|178302729687|0,"Huey Lewis and the News The Power of Love 12"" Single LP w/ Hype in Shrink EX",4.00,0.1715
v1|318558656243|0,THE KINKS SCHOOLBOYS IN DISGRACE LP NM NEAR MINT US RCA VINYL CLASSIC ROCK,9.98,0.1712
v1|358776733355|0,Julie London LP Calendar Girl CHEESECAKE PIN-Up ORIG,15.00,0.1711
v1|178302641149|0,HAIR The Original Broadway Cast Recording RCA LSO-1150 Original 1968 1st Press,1.00,0.1711
v1|178302641178|0,"Carole King Touch The Sky 1979 LP, NM Vinyl/VG+ Cover",1.00,0.1710
v1|227424056179|0,7 Random Autographed LP Vinyl Albums Vintage Collectable Chaplain Of Bourbon St+,21.00,0.1709
v1|158068426253|0,THURSTON MOORE  Demolished Thoughts 2LP 2011  Matador  BECK,25.00,0.1708
v1|188605329825|0,"Ultravox ""The Voice"" Rare 12” Double sided ""A"" extended version @ 6:01",4.00,0.1707
v1|318517001301|0,Cliff Richard – I'm No Hero - US LP + OIS 1980,4.99,0.1705
v1|178295657991|0,Iron Maiden - Maiden Japan - 1981 Vinyl Mini LP - Harvest 15000,18.00,0.1704
v1|198486118684|0,LES MCCANN & JAZZ CRUSADERS JAZZ WALTZ LP EX- PACIFIC JAZZ VINYL JAZZ SOUL BOP,9.98,0.1704
v1|227422575582|0,REM R.E.M. Reckoning LP IRS SP 70044 STEREO 1984 VG +,10.50,0.1702
v1|358774066347|0,XTC Mummer LP U.K. Pressing w/inner lyric sleeve NM,11.50,0.1702
v1|327255180408|0,Joe Quijano and his Orchestra Latin Joe vinyl,32.00,0.1701
v1|307044627510|0,"The Manchesters “Beatlerama” Vinyl = VG:VG+ 12"" LP Record  (Record Misprint*)",7.00,0.1701
v1|206403801805|0,9 LP Big Band Remembering the '40's Boxed Small Groups Inside the Big Bands ,19.00,0.1701
v1|398167968076|0,WAR The World Is A Ghetto UA | Funk | Dancefloor | Shrink | LP HEAR,9.99,0.1699
v1|800316273845|0,Les McCann Ltd. ‎– Plays The Shampoo - Original 1964 Pacific Jazz PJ-63 Vinyl LP,11.11,0.1699
v1|307050801656|0,Heart “Magic Man” 1975 70s Classic Rock 7” Vinyl NM?!,3.00,0.1699
v1|168529049505|0,Chip And Dale – Kris Kringle (both sides) 1959 G,2.65,0.1697
v1|117293751539|0,"Paray, Detroit, Beethoven, Symphony No. 1, Mercury SR  90205, NM LP FR5",5.99,0.1697
v1|147425547299|0,Johnny McLaughlin Electric Guitarist 1978 Columbia JC 35326 Jazz Fusion LP VG+,10.00,0.1696
v1|267722685282|0,"12” Tejano Lp Mazz  - ""Para Nuestra Gente"" - 1990 -  Capitol/EMI  HIE-42367 V-NM",75.00,0.1695
v1|137496663114|0,"Voodoo Glow Skulls Dog Pile! 7"" EP First Press 1993 Dr. Strange VG+",50.00,0.1694
v1|227423242287|0,Amy Grant Unguarded Vinyl LP Record Album Myrrh 1985,7.00,0.1694
v1|407061431179|0,Pissgrave Suicide Euphoria & Posthumous Humiliation 2025 Repress Black Vinyl,59.99,0.1693
v1|307044650772|0,Vintage LP: Passport to Italian. Includes original 52-page booklet!,15.00,0.1692
v1|366531231315|0,70+ 45rpm records - 1950s-60s LOWER GRADE - MANY OBSCURE LABELS & ARTISTS,19.99,0.1692
v1|236927510307|0,Talking Heads “Speaking in Tongues” LP Sire 238831 EX Vinyl,2.25,0.1691
v1|198485811053|0,High Fidelity LP QUEEN CONSTANCE 98 RED WAX ORIGINAL FUNKY Electronic DISCO,75.00,0.1690
v1|318517060559|0,Cliff Richard With The Shadows – In Spain - US LP,4.99,0.1689
v1|158060740095|0,"1969 72 Original Recordings, Swing Hits, Vinyl 33 Tested",20.00,0.1687
v1|198487934718|0,"Janet Jackson Nasty 12"" Single Vinyl Record LP 1st Press Melodic 80's",0.99,0.1686
v1|137489430628|0,Built To Spill don’t try / the source 7” vinyl record 2008,23.00,0.1685
v1|278168915793|0,"DIANA ROSS - Why Do Fools Fall in Love (1981) - 12"" Vinyl Record LP",4.50,0.1684
v1|198487982552|0,Kiss Love Gun 1st Press Vinyl Record LP Hard Rock 70's Metal,0.99,0.1684
v1|188605469395|0,"Bruce Foxton ""Freak"" Rare 12"" UK pressing. Includes ""Writing's On The Wall""",4.00,0.1683
v1|257617744391|0,"""UFO - 'FORCE IT' (1975) OOP ORIG. REL. 1ST ED.  VINYL ALBUM (CENSORED COVER)""",35.00,0.1683
v1|137499319201|0,Fernand Gignac 3 Album Lot Donnez Moi Des Roses Album Souvenir En Route Intimate,17.99,0.1682
v1|377336406333|0,Def Jam How to Be a Player Soundtrack Vinyl LP Rap Hip-Hop Promo 1997,9.98,0.1682
v1|307055367431|0,Bob James - 12  Vinyl LP Record  Gatefold CBS 1984 (EX),5.99,0.1682
v1|307044624241|0,"Bob Dylan “Nashville Skyline”  Stereo Vinyl = G+ 12"" LP Record Rock, Folk Rock",8.00,0.1682
v1|398158595912|0,Lana Del Rey Ultraviolence Vinyl LP Record Album Urban Outfitters Alt Cover Rare,79.13,0.1681
v1|257614493111|0,Pink Floyd A Nice Pair 1974 2 LP Vinyl SABB-11257..Dr Phang Cover,24.99,0.1680
v1|267719040956|0,"JERRY MURAD'S HARMONICATS: the cats meow MERCURY 12"" LP 33 RPM Mono",6.99,0.1680
v1|198486116965|0,"T.I. 24's Atlantic 12"" Black Vinyl Record 33 RPM Rap & Hip-Hop (From Trap Muzik)",4.99,0.1677
v1|206403798602|0,2 LP Musical Hamblins Bill Pauline Christian Gospel How Big is God In the Valley,10.00,0.1676
v1|398158768395|0,SIR DOUG & TEXAS TORNADOS~TEXAS ROCK FOR COUNTRY ROLLERS~TEXTURE JACKET~NM VINYL,29.99,0.1675
v1|318570643549|0,/AMY HOLLAND SELF TITTLED--12 IN. VINYL 1977,5.00,0.1673
v1|398154821772|0,Bobby & His Orbits Felicia/Bandstand Dancing on Seeco 1959,2.00,0.1673
v1|358773411162|0,Jerry Lee Lewis-“Ole Tyme County Music” Vinyl LP VG Sun Records 1970 OG,6.00,0.1673
v1|168525221618|0,Barbara Michel Colombier L’aigle Noir Vinyl Record Album,5.00,0.1672
v1|398167896746|0,MEL & TIM st STAX Funk Soul R&B | Shrink LP HEAR,9.99,0.1672
v1|158070387174|0,CROSBY - CLOONEY Fancy Meeting You Here RCA Victor LPM-1854 (1958) Mono LP,6.00,0.1672
v1|287448676526|0,"Bjork- Post, 2000 One Little Indian Import TPLP51, True Near Mint Condition,link",45.00,0.1671
v1|206398819217|0,Soul  The Elgins “Darling Baby”,25.00,0.1670
v1|307044650759|0,Rare Vintage LP: A Siena Pianoforte Concert. Great selection on historic piano,6.00,0.1670
v1|178297471926|0,Allen Toussaint From A Wisper To A Scream Vinyl Lp 1985 UK Kent ,44.99,0.1667
v1|206404287459|0,Vintage Crazy Otto Plays Crazy Tunes MGM Records E-4150 Mono 1963,4.00,0.1666
v1|307051048436|0,Nona Hendryx - NONA- Vinyl LP Record Album Tested Sounds Great VG+/VG+,2.99,0.1666
v1|278168917363|0,USA for Africa - We Are The World LP 1985 Columbia Records USA 40043 VG+ Cond,7.99,0.1665
v1|407059779362|0,"Ronco Star Trackin' '76 Various Artists Compilation LP Vinyl 12"" Stereo R-1976-2",2.93,0.1662
v1|137487550313|0,Nannybird's Birthday Surprise lp Maranatha Music 1985 + Bonus,7.99,0.1660
v1|168517797630|0,2 45s by Dave & Bonnie Harry -Outsider Oddball from Welcome To My World LP psych,4.99,0.1659
v1|307050883663|0,Ahmad Jamal SIGNED HAPPY MOODS Argo LP 662 STEREO HIGH FIDELITY ,19.66,0.1658
v1|147425563285|0,R.E.M. Fables of the Reconstruction LP 1985 IRS IRS-5592 Sterling VG+/VG+,20.00,0.1658
v1|236938666779|0,"Lot of 55 Rare Vinyl 33 RPM 12"" Single Records VG++ w/ Soul Disco Funk D",14.99,0.1658
v1|267721730890|0,"King Curtis And Champion Jack Dupree, Blues At Montreux, 1973 1st Atlantic, VG+",5.00,0.1656
v1|377331565437|0,PRETENDERS I and II OG LPs EX/EX Rock Classics!,15.00,0.1656
v1|407059777042|0,the Three Degrees Self Titled ~ 1973 Made in Japan ECPM-46-PH ~ OBI,11.99,0.1655
v1|398155550352|0,"4 VG+NM VINYL LP'S, FIRST PRESSINGS, WINGS, SEE TITLES",55.00,0.1654
v1|267722490350|0,Laura Nyro (Eli and the Thirteenth Confess) LP1968 Columbia CS 9626 1st Pressing,12.99,0.1654
v1|257613433530|0,Patrice Rushen Watch Out 12 Inch Single Vinyl Record,2.00,0.1653
v1|227424446854|0,"JOHN ENTWISTLE "" Too Late The Hero"" Vinyl LP ATCO Records SD38-142",4.99,0.1652
v1|147426857251|0,Thompson Twins Vinyl,10.00,0.1652
v1|318568932882|0," A Date With Elvis: LSP 2011 (e) White Top 1968 Rigid, In Shrink ",14.99,0.1652
v1|178288229533|0,"ΜΑΝΟΣ ΛΟΙΖΟΣ ""Ο ΔΡΟΜΟΣ ΤΟΥ ΜΑΝΟΥ ""1962-1982 Greek LP 1982 MINOS 1985",5.00,0.1652
v1|206398818785|0,"R&B Soul  Jamo Thomas ""I Spy"" & Snake Hip Mama""",25.00,0.1651
v1|127965129763|0,"Blackbyrds Walking in Rhythm / The Baby Fantasy 7"" Black Vinyl 45 Stereo F-736",4.77,0.1647
v1|206405855602|0,TOMMY ROE & SATINS: caveman / i got a girl  Rare! TRUMPET  Cat. No 1401 (VG+),33.26,0.1646
v1|318547327471|0,RAMSEY LEWIS:Up Pops ~Original 1967 Vinyl LP  - Cadet Records/LPS 799,1.99,0.1645
v1|147430727096|0,"Uriah Heep, The Magician’s Birthday 1972",10.00,0.1644
v1|198487979819|0,Kiss Hotter Than Hell 1st Press Vinyl Record LP Hard Rock Heavy 70's ,1.25,0.1644
v1|377335042719|0,Don Henley Building The Perfect Beast LP Vinyl Record Album Geffen 1984 EX/VG+,2.99,0.1642
v1|298497181191|0,Ozzy Osbourne Randy Rhoads Tribute 2xLP CBS ZX2 40714 1987 US First Press ,100.00,0.1642
v1|287450897885|0,Twisted Sister - Under The Blade RARE  1982 UK,34.00,0.1642
v1|127964886776|0,Ariana Grande Sweetener Peach Colored Opaque Vinyl,55.00,0.1641
v1|147426834181|0,The J. Geils Bank Freeze Frame Vinyl,10.00,0.1640
v1|227423182391|0,"Babel by Mumford & Sons (Record, 2022)",19.99,0.1640
v1|278173118908|0,"RARE  Hip Hop Lot BARON RICKS -4 X 12"" Singles-Freak Nasty- Mother Superior",9.99,0.1639
v1|178302776155|0,Bobbi Humphrey The Good Life Epic 35607 White Label Promo Vinyl EX,6.00,0.1637
v1|178298157788|0,"Norah Jones Little Broken Hearts 2 x 12"" white vinyl nm 1st press dangermouse",29.99,0.1636
v1|168525645021|0,José Feliciano “Feliciano!” Vinyl LP 1968 RCA Victor LSP-3957 Ultrasonic Clean,7.99,0.1635
v1|147426833728|0,Lisa Lisa And Cult Jam Head To Toe Vinyl,10.00,0.1634
v1|137497418626|0,"FUNK 7"" ""FUNKY WOMEN"" / ""SOUTHWICK"" MACEO & THE KINGSMEN (HOUSE OF THE FOX 1971)",9.00,0.1634
v1|206403768111|0,"Desperate Living- Shame 12"" EP Blue Vinyl Reptilian Records 2022",10.00,0.1633
v1|377331565440|0,CIRCLE JERKS “GOLDEN SHOWER OF HITS” LP 1st Press EX/EX PUNK CLASSIC!,50.00,0.1631
v1|206405586810|0,Diana Ross M8-936M1 12” LP NM- Vinyl,9.99,0.1631
v1|287451003560|0,Del Shannon LP Little Town Flirt Big Top 12-1308 Mono Vinyl & Jacket EX to VG++,34.99,0.1629
v1|188619923988|0,METALLICA - $5.98 EP / GARAGE DAYS RE-REVISITED - STILL IN SHRINK - VERY NICE!,39.99,0.1629
v1|800295407117|0,Hampton Hawes,50.00,0.1626
v1|127968627856|0,The Alan Parsons Project Pyramid 1978 1st Press Lyric Poster Excellent!,9.99,0.1624
v1|398167905155|0,GRACE JONES Living My Life ISLAND 80’s Funk Pop Reggae | Hype Sticker | LP HEAR,9.99,0.1624
v1|318516724242|0,Utopia – Oblivion - US LP embossed Sleeve 1983,4.99,0.1624
v1|318564185960|0,THE NYLONS SEAMLESS vocal NM US vinyl LP,3.00,0.1623
v1|318571014910|0,Kings X - Out Of The Silent Planet - 1988 Megaforce Worldwide - Printed Inner,80.00,0.1623
v1|127968518824|0,"AMERICA, Debut Album On Warner 1970, Early Pressing Good Condition.",7.85,0.1620
v1|147418651913|0,"1957 ""Swing Low Sweet Spiritual"" Jack Teagarden (w 5 Keys) Capitol LPT820 EX",14.00,0.1620
v1|236920573271|0,"PAUL MCCARTNEY & WINGS - Jet/Mamunia, 45, VG+, 1973, Apple Records",1.99,0.1619
v1|407059780905|0,Trique-Dik-Slik Christopher Ras - Euphoria Mary Jane Too ~Made in US MCA12 54739,9.99,0.1618
v1|178302563694|0,The Counts What's Up Front That Counts Vinyl Westbound ORG Reissue NM/VG+,12.00,0.1617
v1|127964812742|0,OZZY OSBOURNE SPEAK OF THE DEVIL 1982 JET RECORDS GATEFOLD 2 LP MINT VINYL,74.95,0.1616
v1|358777197428|0,Temulent Progressive Illness Vol 1 Lp Vinyl Record Electronic Album Vg+ 2001,7.99,0.1616
v1|377331565436|0,GOVERNMENT ISSUE CRASH RED VINYL LP EU IMPORT M/M PUNK CLASSIC,15.00,0.1613
v1|257613663946|0,The Alan Parsons Project Eve Vinyl Record LP Arista Records AL 9504 VG,7.00,0.1612
v1|137498851210|0,August Burns Red Death Below Blue Vinyl ,22.00,0.1612
v1|358776951495|0,STEVE MILLER BAND – Living in the 20th Century (1986) True US 1st Pressing,20.00,0.1611
v1|398155682186|0,Dottie West - High Times - Liberty Records Vinyl Record,1.00,0.1611
v1|178301035210|0,Sammy Davis Jr. / When The Feeling Hits You / Vinyl / Jazz / Blues / US,3.00,0.1611
v1|168529970367|0,JIMMY BENNETT-New Sounds From The Past-Vinyl LP-Shrink EXCELLENT CONDITION,14.99,0.1609
v1|358776989690|0,STEVIE NICKS – Rock a Little (1985) True US 1st Pressing | GOLD STAMP PROMO,25.00,0.1609
v1|236927869051|0,"The Ventures Walk Don't Run- Seattle, WA Dolton BLP-2003  LP VG",4.00,0.1607
v1|127966434832|0,"NEWCLEUS JAM ON REVENGE 1983 SUNNYVIEW RECORDS 12"" ELECTRO RAP SUPER CLEAN VINYL",7.95,0.1607
v1|127966390884|0,STRAVINSKY- Petrouchka Antal Dorati  Mercury STEREO LP SR-90216 NM,5.99,0.1607
v1|358775292686|0,"Curtis Potter: Here Comes Curtis Potter LP [Dot Records, 1971] Texas honky tonk",6.00,0.1606
v1|188619305328|0,"Laura Nyro “New York Tendaberry” Columbia CS 9737 1969 12"" 33RPM Stereo LP",11.25,0.1606
v1|407061554921|0,Diana Ross - The Boss   1979 LP Vinyl Record Album   VG / VG   Sparkle   Jojo's,5.00,0.1605
v1|147426855655|0,Bay City Rollers Dedication Vinyl,10.00,0.1605
v1|800316552771|0,Tor Lundvall - A Dark Place LP,22.00,0.1604
v1|147426000144|0,"FUNK 7"" ""ME AND MY BABY GOT OUR OWN THING GOING"" LYN COLLINS ( PEOPLE 1972 )",8.00,0.1602
v1|287448954212|0,Bill Champlin ‎– Runaway 1981 Elektra 5E-563 Promo Jacket LP Vinyl  OG Sleeve ,6.00,0.1601
v1|278157783452|0," Myke Roy, Serge Garant, Gilles Bellemare ‎– Myke Roy / Serge Garant / Gilles LP",60.00,0.1600
v1|117296062565|0,Johnny Winter John Dawson Winter III 1974 NM/EX Blue Sky PZ 33292,12.99,0.1600
v1|267722375857|0,ORLEANS Self Titled 1980 Vinyl LP Record Soft Pop Rock RARE! MCA 5110 EX/EX,3.99,0.1600
v1|336680882317|0,Pablo Casals 1959 Beethoven Klaviertrio LP Hi-Fi Stereo Labels Netherlands Imp.,30.00,0.1599
v1|188622228084|0,TEARDROP EXPLODES KILIMANJARO JULIAN COPE SAINT JULIAN 2 LP LOT VINYL NEAR MINT!,14.99,0.1599
v1|198486395220|0,"Verve Records Mack the Knife: Ella in Berlin LP Vinyl 12"" Live MG V-4041 Hi-Fi",20.00,0.1599
v1|318561099290|0,"Santana Santana Columbia CS 9781 12"" Black Vinyl Stereo Rock LP Record",3.86,0.1597
v1|178302641170|0,Phoebe Snow – Never Letting Go - 1st press (1977) JC-34875 WHITE LABEL PROMO,1.00,0.1596
v1|198488171849|0,"Vintage ""The Bachelors '68""  VINYL LP ALBUM  London Records PS528 STEREO 1968 EX",4.11,0.1596
v1|127966307626|0,MARIA CALLAS Highlights From Medea MERCURY LP SR 90233 NM CTFR1 Scala,5.99,0.1596
v1|366535659466|0,Darkthrone Transilvanian Hunger Vinyl Record LP,79.99,0.1595
v1|298493712887|0,"JAMES BROWN/ 1964 LP ""PLEASE,PLEASE,PLEASE""",26.99,0.1595
v1|298493711287|0,The Addams Family Original Soundtrack MONO LP Vic Mizzy 1986 RCA Victor LPM-3421,59.99,0.1594
v1|236927838978|0,"The Clovers,  Good Lovin'/ Here Goes A Fool,Atlantic-1000,  78rpm .",13.00,0.1593
v1|147427452633|0,"""CLIMAX BLUES BAND""  1980  FLYING THE FLAG  VINYL  BRITISH BLUES/POP/SOFT ROCK ",9.99,0.1592
v1|188622091869|0,"BROWNSTONE on LP  single "" IF YOU LOVE ME "" R&B funk soul",4.99,0.1592
v1|318560494154|0,"LP-THE GRASS ROOTS-""MORE GOLDEN GRASS""-1971--ABC/DUNHILL RECORDS",5.00,0.1592
v1|168529049412|0,Terry Gilkyson - Marianne/Goodbye Chiquita   1957 VG+,2.65,0.1591
v1|257614284022|0,"Quincy Jones Sounds... 12"" Vinyl LP Record Album",3.00,0.1590
v1|168518307690|0,"HAIRCUT ONE HUNDRED - pelikan west lp 12” 33 rpm black vinyl, near mint",20.00,0.1590
v1|188619266582|0,Marilyn Horne “Presenting Marilyn Horne” London 5910 Mono LP Henry Lewis,6.99,0.1590
v1|168524182329|0,JEFFERSON STARSHIP/ Dragon Fly / First Pressing '74 Vintage GRUNT Vinyl LP (EX),14.50,0.1588
v1|227423157472|0,PETER GABRIEL-SECURITY in GERMAN NEW MIX Digital Master,40.00,0.1588
v1|227423257046|0,Deep Purple Vinyl Record,4.00,0.1587
v1|236925789262|0,The Monkees Headquarters Vinyl LP Mono 1967 Colgems Records COM-103,10.00,0.1587
v1|407059913366|0,ETHEL MERMAN - 12 SONGS FROM CALL ME MADAM   VG / VG   Washington Square Dance,5.00,0.1587
v1|358763682866|0,AL GREEN - Call Me - 1973 - Memphis Soul - Hi Records 1973 XSHL 32077 EX/VG+,26.00,0.1587
v1|227418506346|0,"Crazy World Of Arthur Brown 45 ""Fire"" 1968 ""Rest Cure"" +BIO - Good Condition",2.99,0.1585
v1|198487957833|0,RARE The Rolling Stones No.2 DECCA LK 4661 MONO 2A/2A MacNeill Press NM,500.00,0.1584
v1|147426578352|0,101 Strings Broadway Cocktail Party LP Somerset SF-12100 Stereo EZ Listening EX,10.00,0.1584
v1|158070004128|0,"STRAVINSKY/CONCERTO FOR PIANO AND WIND INSTRUMENTS ""EBONY"" CONCERTO LP Vinyl",1.99,0.1583
v1|407059905574|0,"Des'Ree - I Ain't Movin' 12"" Single ~ 660467 6 Record Made in England ~ EX",4.99,0.1583
v1|137499715997|0,"CHUCK BERRY - Sweet Little Rock And Roller (1973) - 12"" Vinyl Record LP",100.00,0.1582
v1|147427348942|0,PYRAMIDS - Penetration/Here Comes Marsha - G++-VG,4.00,0.1582
v1|318564236857|0,THE YOUNG RASCALS COLLECTIONS original US vinyl LP,3.00,0.1582
v1|257585575640|0,"Lee Genesis w/ Williams Singers - I Want You 12"" RARE 25 West 1985 Electro Funk",7.50,0.1577
v1|236931142522|0,2Pac Until the End of Time 20th Anniversary Vinyl LP 180g,30.00,0.1575
v1|147426944404|0,"""YELLOW DOG""  1977  DEBUT LP W/LYRICS  BRITISH ART POP/ROCK  POST FOX BAND",9.99,0.1574
v1|168525926637|0,SSgt Barry Sadler Ballads of the Green Berets LP RCA Victor LSP-3547 Stereo VG+,10.00,0.1574
v1|198487984053|0,Kiss Paul Stanley 1st Press Vinly Record LP Hard Rock 70's Metal,0.99,0.1574
v1|366531175768|0,KANSAS Masque Original PROMO LP from 1975 (KIRSHNER PZ 33806). Promotional,10.00,0.1573
v1|278173077874|0,80’s Female Pop 4 Vinyl Lot-Madonna-Debbie Gibson-Sheena Easton-Kim Carnes,19.99,0.1572
v1|147427557633|0,SIGNED MARY CHAPIN CARPENTER State of The Heart LP VINYL 1989 - AUTOGRAPHED,20.50,0.1572
v1|800297673325|0,Mc Coy Tyner- Sahara DJ copy,35.00,0.1572
v1|318516753108|0,Procol Harum - Grand Hotel - US LP Gatefold + Booklet 1973,4.99,0.1571
v1|307052739223|0,"Freddie Gibbs & Madlib Piñata 12"" Vinyl LP Madlib Invazion 2014 Hip-Hop",8.32,0.1570
v1|267722420497|0,LAURA NYRO LP ESTATE SALE VG WITH LYRIC INSERT SHEET EX/VG,7.99,0.1570
v1|206408316131|0,Gary Wright The Light Of Smiles NM/NM- 1977 1st Press Lyric sleeve,7.99,0.1569
v1|117293497656|0,Portrait Of Sinatra 2 Vinyl LP 1977 Reprise K 64039 UK IMPORT EX & 2010 Calander,14.00,0.1569
v1|117293497656|0,Portrait Of Sinatra 2 Vinyl LP 1977 Reprise K 64039 UK IMPORT EX & 2010 Calander,14.00,0.1569
v1|137496730786|0,"DAVID SANBORN - A Change of Heart (LP, 1987) Very Good+",5.00,0.1568
v1|257613001260|0,The Heart N' Soul Of Rock N' Roll LP Box Set RB4-008,10.00,0.1567
v1|398155550331|0,"ELTON JOHN, YOUR SONGS, MINT 1985 ORIGINAL VINYL, IN SHRINK",34.99,0.1567
v1|358763950262|0,DAN FOGELBERG - THE INNOCENT AGE - 1981 - FULL MOON/EPIC KE2 37393 EX/EX SEALED!,50.00,0.1567
v1|358776951343|0,Stevie Wonder 2 LP Songs In The Key Of Life MINT,56.00,0.1566
v1|178297098295|0,vinyl record albums Tron Legacy and R3configured Daft Punk,39.99,0.1566
v1|206405903926|0,Eric Clapton - RSO LP - Slow Hand - RS-1-3030,4.99,0.1565
v1|267721980620|0,Margie Joseph 45 Your Sweet Lovin/What’s Wrong Baby Volt #4037 Northern Soul VG+,24.95,0.1565
v1|318564311042|0,MURRAY MCLAUCHLAN HARD ROCK TOWN US vinyl LP folk rock,3.00,0.1563
v1|377331815952|0,"The Jimi Hendrix (12"" vinyl )Experience Electric Ladyland 2-LP",17.25,0.1562
v1|147425999757|0,The Treasure Chest Of Goldies (Stax Records) (Mono) ,1.90,0.1562
v1|287450101291|0,3 LP LINEN BOX  Handel Der Messias Richter JANOWITZ HOEFFGEN 1969,20.00,0.1562
v1|407061194626|0,JIMMY RUSHING-LISTEN TO THE BLUES-VANGUARD VRS 8505,14.98,0.1561
v1|267719629687|0,Jimmy Page – Outrider LP - 1988 - EX/EX,17.00,0.1561
v1|318516043771|0,Procol Harum - s/t - Italian Import LP Gatefold 1982,4.99,0.1561
v1|137487833404|0,Michele Pillar Reign On Me lp  Ultrasonic Clean + Bonus CD,7.99,0.1560
v1|137497420701|0,"ROCK 7"" ""CHINA GIRL"" / ""BABY"" IGGY POP ( RCA VICTOR 1977 ) UK RELEASE",6.00,0.1559
v1|168525949269|0,"The 1969 Warner/Reprise Record Show ~ EX/VG+, Gatefold, Double LP",10.00,0.1558
v1|158070750898|0,Rick Wakeman White Rock Vinyl LP A&M 70’s Prog Olympics,3.99,0.1556
v1|267719484206|0,"The Merry Singers ""On the Bridge at Avignon/All Around the Mulberry Bush"" Record",11.99,0.1556
v1|278168917910|0,Rod Stewart Blondes Have More Fun LP 1st Press VG+/VG+ ORIGINAL TESTED,5.00,0.1556
v1|127965142509|0,"Drive For Your Love / Dance With Me Peter Brown 7"" Black Vinyl 45 Stereo 6269",6.00,0.1555
v1|358773380830|0,1961 SHAKESPEARE 'MAURICE Evans' Introduction to SHAKESPEARE ,10.00,0.1555
v1|147425557279|0,Jose Feliciano Souled LP RCA LSP-4045 NM Vinyl In Shrink Orig Inner Macy’s tag,14.99,0.1554
v1|267721910246|0,Beatles ‘65 Vinyl Lp T2228 Mono Capitol Rainbow Label Rare Blue Inner Sleeve Low,39.99,0.1553
v1|267719624494|0,New Riders Of The Purple Sage – Powerglide LP – reissue – VG+/VG,8.00,0.1553
v1|377322569700|0,ROY HARRIS - FOLK-SONG SYMPHONY ANGEL STEREO LP MAURICE ABRAVANEL,8.00,0.1552
v1|278159499873|0,ITZHAK PERLMAN - ENCORES ANGEL STEREO LP CLUB EDITION,8.00,0.1550
v1|800326041986|0,Amon Düül II Carnival In Babylon  1972 UK LP,34.99,0.1547
v1|318562989779|0,"1981 Air Supply ""The One That You Love"" LP - ARISTA Vinyl Album",8.50,0.1547
v1|307044672012|0,"Hillary Kanter “Crazy In Love” Stereo-Mini LP-Vinyl = VG+ 12"" LP Record Rock,Pop",3.75,0.1546
v1|117292858598|0,Mad Twists Rock 'N' Roll LP (Big Top Records) Mad Magazine,9.99,0.1545
v1|127965056306|0,"The Tubes Now A&M Records LP Vinyl Rock 12"" 33 RPM Black 1977",11.00,0.1545
v1|236927887329|0,MARIANO AND THE UNBELIEVABLES-THE 25TH HOUR-ST 2875 NM/VG+ VINYL RECORD ALBUM LP,10.00,0.1545
v1|318516712250|0,Procol Harum - A Salty Dog - US LP brown a&m labels 1969,4.99,0.1544
v1|127969823773|0,"BLOOD SWEAT AND TEARS 2nd, LP On Columbia 1969 Santa Maria Press VG+/GOOD",3.86,0.1544
v1|178302530616|0,Wishbone Ash Argus Vinyl LP 1972 Decca DL 7-5347 Gatefold EX,15.50,0.1544
v1|278154809832|0,"Violation – Meet Me At Midnight, 7"" Single UNPLAYED NM 1982",15.00,0.1542
v1|206405681200|0,Ricky Skaggs - Don’t Cheat In Our Hometown VINYL Lp FE-38954 Epic Records 1983,2.99,0.1541
v1|158071101694|0,B-52s Mesopotamia Mini Lp Vinyl Record 1982 VG+ Album ,13.99,0.1541
v1|318562989767|0,1981 Journey Escape LP Vinyl,5.00,0.1540
v1|168529236736|0,EMI 1C 197 52 249/60 Mozart Complete Piano Ctos D. Barenboim 1975 UK 12 LP NM,9.99,0.1540
v1|188618761598|0,Larry Coryell & Philip Catherine - Guitar Duos Twin House LP 1977 Elektra 6E-123,3.50,0.1539
v1|117296062557|0,The J. Geils Band Sanctuary 1978 1st Press EMI America SO-17006,6.99,0.1538
v1|307052173432|0,16 LP's The Standard Treasury of the Worlds Great Music Record - 1958 -Ex. Cond.,25.00,0.1538
v1|127964977016|0,"3 Bill Cosby LP 60's/70's Albums Lot VG-/G+ Vinyl 12"" Spoken Comedy Soul 4-Discs",2.99,0.1536
v1|227423075593|0,Maynard Ferguson – Conquistador LP PC34457 Vinyl 1977 George Benson Jazz Funk VG,2.99,0.1536
v1|257613261295|0,Pretenders 1st S/T used U.S LP,27.50,0.1532
v1|206406010058|0,Christopher McDaniel A Woman’s Touch,0.99,0.1532
v1|117293496688|0,Born on the Bayou Vinyl LP Charly Records CR 30212 EX+/NM,16.98,0.1532
v1|117293496511|0,"STRAY CATS RANT N' RAVE 1983 EMI America 12"" LP Vinyl Album Record SO17102 EX",8.24,0.1531
v1|298493711776|0,"Various Jazz - 52nd Street; Volume 1 (shrink), 1972, Onyx, ORI 203, Ex",6.99,0.1530
v1|298493839007|0,Charlie Walker       4-LP's        NM or as described        1 LP is NEW,22.00,0.1528
v1|127965052133|0,"Epic See No Evil See No Evil LP Vinyl Rock 12"" 33 RPM Stereo Promo ZAS 2175",12.00,0.1528
v1|318563476340|0,"Columbia Jim Nabors Kiss Me Goodbye LP Vinyl 12"" 33 RPM Stereo CS 9620",4.99,0.1527
v1|257608600235|0,DETROIT NORTHERN SOUL-J. CYERS (WOMBAT-I'M GETTIN ON LIFE) -MOTHER INLAW-45-(NM),25.00,0.1527
v1|267724194553|0,Wall of Voodoo Happy Planet Orig. Vinyl LP NM,0.99,0.1525
v1|800310721787|0,Julio Iglesias ♫ 1100 Bel Air Place ♫ 1984 Columbia Records Original Vinyl LP ,12.00,0.1523
v1|198487952972|0,Jackie Gleason Words Of Love Vinyl Record LP VG Shrink ,5.98,0.1523
v1|147426856047|0,Dancer The Danceable Side Of Today’s Rock Vinyl,7.00,0.1523
v1|287450825333|0,House Techno Vinyl Import England ,12.20,0.1521
v1|398158670887|0,"Original 1979 LP - RICKIE LEE JONES (Chuck E's In Love) BSK 3296, LP = Good",5.00,0.1521
v1|257613161297|0,"The Rolling Stones Beggars Banquet 12"" LP Vinyl London Records Stereo PS 539",15.00,0.1520
v1|117297119559|0,"The Three O'Clock ""Baroque Hoedown"" Vinyl LP",19.95,0.1519
v1|377336296210|0,"Big Pun Still Not a Player Vinyl 12"" Single Loud Records Rap Hip-Hop",8.88,0.1519
v1|307051386556|0,"John Lennon & Yoko Ono Double Fantasy 12"" Black Vinyl LP Geffen GHS 2001",5.50,0.1519
v1|278169367798|0,Yes Fragile Japan Hdcd Mini Lp Gatefold,13.95,0.1519
v1|407059905257|0,Dr. Hook ~ Makin' Love and Music - Made in England & US E-ST 23795 - EX,4.99,0.1519
v1|198488075669|0,Steve Lawrence Eydie Gorme Romantic Treasury 5 LP Vinyl Record Box Set Rare,3.76,0.1518
v1|267722557337|0,Ringo Starr - Atlantic LP - Ringo's Rotogravure - SD 18193,4.99,0.1518
v1|318516895377|0,Cliff Richard And The Drifters – Cliff - UK Import Reissue LP 1983,4.99,0.1518
v1|407061341140|0,"Eighteen Visions Obsession 12"" LP Red/Black Colored Vinyl ABR-200",35.00,0.1516
v1|147426001897|0,"Bob Newhart Button-Down Mind Strikes Back! 12"" Black Vinyl LP Mono W 1393",1.99,0.1515
v1|307044649819|0,Vintage LP: I Can Hear It Now - Selected speeches of Winston Churchill,7.50,0.1515
v1|366532921285|0,Lisa Hartman – Til My Heart Stops 33RPM Vinyl Record Promo Never Played,10.99,0.1515
v1|800315593663|0,"Moody Blues – The Threshold Of A Dream, 1969 LP (RE) UK Press-Deram –Estate sale",8.99,0.1515
v1|117297189902|0,The Shangri-las 20 Greatest Hits Original Vinyl Release 1984 Import,75.00,0.1515
v1|318564583686|0,"Björk ""Big Time Sensuality"" Special Double 12"" Vinyl Record LP 1993 VG",40.00,0.1514
v1|227423076262|0,The Captain & Tennille – Love Will Keep Us Together LP SP-3405 Vinyl Lyrics EX!,8.99,0.1514
v1|377331398617|0,Batman: The Killing Joke BAM! Exclusive Vinyl Soundtrack Cinefantastique 45 RPM,35.00,0.1514
v1|298493712886|0,"SEALED! DINAH WASHINGTON: Sings Bessie Smith TRIP 12"" LP 33 RPM",8.99,0.1513
v1|318520013403|0,Styx – Kilroy Was Here - US LP + OIS Gatefold 1983,4.99,0.1512
v1|318520161730|0,Carly Simon – s/t - US LP  1971,4.99,0.1511
v1|318520134600|0,Carly Simon – Anticipation - US LP 1971,4.99,0.1511
v1|298491886864|0,The Time  Ice Cream Castle     EX  In Shrink  Early Prince,10.00,0.1511
v1|298491774498|0,NOTHERN SOUL BOBBY MOORE & THE RHYTHM ACES-SEACHING FOR MY LOVE-'66 CHECKER 1128,6.50,0.1511
v1|287449866515|0,Full Moon Featuring Neil Larsen &  Buzz Feiten Vinyl LP (1982) BSK-3585 VG+,2.50,0.1511
v1|358776857954|0,"Three 90s electro dance vinyl record lot, Opus III, Dj Micro, Debo, white label",15.00,0.1510
v1|137487550579|0,Mickey & Becki Moore self titled lp Milk & Honey MH 1065 1985 +  Bonus,5.99,0.1510
v1|407060045217|0,Edward Bynes on WB 5047,5.00,0.1510
v1|318524370441|0,Rod Stewart – Camouflage - US LP + OIS + Hype Sticker 1984,4.99,0.1509
v1|137498797020|0,"10"" CARMEN McCREA BETHLEHEM 1023 EXCELLENT COPY",10.00,0.1509
v1|188619285827|0,"Mind Spiders- Meltdown 12"" LP Vinyl Dirtnap Records 2012",25.00,0.1509
v1|227424447355|0,"THE KIND ""Pain and Pleasure"" Vinyl LP Three Sixty Records",4.99,0.1509
v1|236920798298|0,Bobby Darin – You Must Have Been a Beautiful Baby/Sorrow Tomorrow Atco 45 VG+,4.99,0.1509
v1|287448439415|0,"THE ALAN PARSONS PROJECT ""I Robot"" 1977 (ARISTA) ",9.28,0.1509
v1|227423002469|0,"Kathy Pederson Evans~The Way, Truth, And Life~With Printed Inner Sleeve~Vinyl",14.99,0.1508
v1|278157514855|0,"Import 1954 10"" Dutch LP Just One More Dance Les Elgart &Orch PhilipsB07678R EX",20.00,0.1507
v1|158074124930|0,"Will Smith Freakin' It 12"" single vinyl record",3.00,0.1507
v1|206405681261|0,Mickey Gilley- I Feel Good (About Lovin’ You) VINYL FE-40115 Epic Records 1985,2.99,0.1507
v1|127968627761|0,Genesis S/T Self Titled 1983 NM Vinyl Lyric Sleeve Phil Collins,14.99,0.1507
v1|358760296454|0,MICHAEL URBANIAK-FUSION III,8.00,0.1505
v1|336679392220|0,16x Funk LP Record Lot Mixed Grade Easton Limerick Party,12.00,0.1505
v1|278167835358|0,JT by James Taylor Vinyl Record 1977 JC 34811 Original,19.99,0.1505
v1|236938666780|0,"Lot of 36 Rare Vinyl 33 RPM 12"" Single Records VG++ w/ Soul Disco Funk C",9.99,0.1504
v1|336688868746|0,"Lot of 36 Rare Vinyl 33 RPM 12"" Single Records VG++ w/ Soul Disco Funk A",9.99,0.1504
v1|257614529349|0,"101 Strings ""Irving Berlin"" 12"" Vinyl Record LP (S VG+/R VG+)",1.72,0.1501
v1|236930150065|0,Italo Disco Paul Sharada Boxers 12” Single Discotto,9.99,0.1501
v1|188621809551|0,"Vinyl Record LP Aretha Franklin Amazing Grace VINYL VG, COVER SEEM SPLIT",8.00,0.1500
v1|158070388141|0,JOHNNY NASH I Can See Clearly Now EPIC KE31607 (1972) LP,4.00,0.1500
v1|336673844976|0,THIN LIZZY JAILBREAK LP ON MERCURY RECORDS,19.00,0.1499
v1|168525668022|0,PiNK 2x Lp Beautiful Trauma vinyl Record 2017 gatefold cover,0.99,0.1498
v1|206398399854|0,"Amy Grant ‎– Age To Age Gospel, Pop Rock 1982 LP",9.00,0.1498
v1|188618539749|0,"BETTY WRIGHT on LP  "" BETTY WRIGHT LIVE  "" funk soul",10.50,0.1497
v1|127964857488|0,Eyehategod In The Name Of Suffering Vinyl Lp On Emetic Records Sludge Core ,34.00,0.1497
v1|178302755184|0,Jimmy Smith I'm Gon' Git Myself Together Vinyl LP MGM SE 4751 Gatefold VG+,6.00,0.1496
v1|168518305381|0,THE DICKIES - stukas over disneyland - 12” vinyl LP - 1983,25.00,0.1496
v1|327249656842|0,"The Frankfurt Male Chorus - Great German Choruses ""LP""",2.50,0.1496
v1|336675000546|0,EDDIE HARRIS 'HIGH VOLTAGE' NM- OG 1969 PRESSWELL  1841 B'way label NM-!!,9.99,0.1496
v1|398155542449|0,"5 VG++NM ORIGINAL VINYL,SOUNDTRACKS,FAME,ANIMAL,HAVING BABY,SOMETHING WILD,DANTO",55.00,0.1496
v1|206404207191|0,VINYL REC. 1950 T. S. Eliot The Cocktail Party (only 1 disk available) DL 9004 ,2.30,0.1495
v1|168516448819|0,*VF-NM*/ STARZ-CHERRY BABY /ROCK SIX TIMES/GOLDEN VINYL/ 45rpm /Rock Steady Prod,9.79,0.1495
v1|127964874160|0,Sapat -Posthumans Guide To Advent Calendar Peep Shows-NM/NM 2014 Stoner Rock Slv,12.50,0.1495
v1|127966316019|0,CHIP CHIP NEVER SAY GOODBYE 1987 ZYX RECORDS ITALO DISCO,7.99,0.1495
v1|298493711277|0,National Lampoon - Gold Turkey - 1975 LP,8.99,0.1493
v1|336680718284|0,"""REFLECTIONS OF THE UKRAINE"" - ALEXANDER SHEREMETA -FIESTA MONO",5.98,0.1493
v1|800313684434|0,Rhythm & Blues   The Recitations,3.59,0.1493
v1|800313724023|0,Rhythm & Blues     The Preachers,3.59,0.1493
v1|307044650782|0,Vintage LP of Paganini: Concerto No. 1 in D & Wienizwski: Concert No. 2 in d min,18.50,0.1492
v1|398155550392|0,"BRUCE SPRINGSTEEN,1ST VG+ VINYL PRESS'S,BORN TO RUN,IN THE USA,DARKNESS ON THE",115.00,0.1492
v1|327254032483|0,RAY BRYANT TRIO GOTTA TRAVEL ON LP USA CADET Jazz Vinyl LP Clark Terry,4.99,0.1492
v1|127964831317|0,Harvey Milk Life The Best Game In Town Vinyl Double Lp,23.92,0.1492
v1|236925970476|0,David Wagner- D/B/A- Crow lp Amaret White label promo in shrink,14.99,0.1492
v1|188629552113|0,"Policia! - A Tribute To The Police x2 LP Red, White & Blue Vinyl Fall Out Boy",22.00,0.1490
v1|327255111424|0,1983 Weird Al Yankovic  Ricky / Buckingham Blues  Near Mint,15.00,0.1488
v1|318520047983|0,Rare Earth – Get Ready - US LP 1969,4.99,0.1487
v1|137499153770|0,Mama's Boy Vinyl LP in shrink 1985 jive Records EX/Ex  Metal Power & Passion ,12.00,0.1486
v1|147425611184|0,"Miles Davis Porgy and Bess Mobile Fidelity 12"" Vinyl LP 45 RPM Stereo Numbered",49.99,0.1486
v1|327249644798|0,"Joe Harnell - I Want To Be Happy ""LP""",3.50,0.1483
v1|398155542453|0,"4 VG+NM VINYL LP'S, FIRST PRESSINGS, JOHN COUGAR MELLENCAMP,SEE TITLES",45.00,0.1482
v1|307044650746|0,"Vintage LP: Barenboim plays The Diabelli Variations of Beethoven, op. 120.",6.00,0.1482
v1|358775853486|0,Con Funk - Shun Electric Lady (1985) - Gold Stamp Promo w/Hype Sticker,25.00,0.1481
v1|307052638712|0,Rosa Ponselle – Sings Verdi LP Record 1972 Odyssey Classical Opera Mono 33 RPM,0.75,0.1481
v1|407060028727|0,The Carpenters Self Titled Vinyl LP A&M Records 1971 SP-3502 vintage music ,3.00,0.1477
v1|117294059473|0,"George Duke A Brazilian Love Affair  Mint Flora Purim, Airto, Milton Nascimento",17.99,0.1477
v1|318564340630|0,ROD MCKUEN ABOUT ME US vinyl LP,3.00,0.1477
v1|267722683508|0,KANSAS - MONOLITH / ORIGINAL VINYL LP / 1979 KIRSHNER FZ 36008 1979 Gatefold,3.15,0.1477
v1|257613097163|0,Teddy Pendergrass LP 1988 JOY Stereo Elektra,7.00,0.1477
v1|147425591863|0,Tom Kimmel 5 To 1 Promo LP Mercury 1987 White Label MINT Vinyl w/ Lyric Sleeve,9.99,0.1476
v1|198488059902|0,Man Of La Mancha Original Cast Vinyl LP 12” Record Album KRS-5505 Musical,2.00,0.1476
v1|307044680228|0,"The Rumour 45RPM ""Frozen Years"" 1979 70s New Wave Pop Rock 7"" Dutch Vinyl",3.00,0.1476
v1|407061194621|0,"HARRY BABASIN-THE JAZZPICKERS-EMARCY MG 36111, BUDDY COLLETTE",14.98,0.1476
v1|168528681244|0,Alvin Lee -Pump Iron!- VInyl LP-Columbia PC-33796 VG+ CONDITION,9.99,0.1475
v1|206404336110|0,RARE! 1986 DJ Jazzy Jeff & The Fresh Prince Guys Ain’t Nothing But Trouble 12”,0.99,0.1475
v1|298491490832|0,WW ii The Army Air Forces Band 78 RPM Promo Album 12 Sides ,19.99,0.1475
v1|227423133848|0,"David Houston You Mean the World to Me 1967 Epic Records 7"" single",4.99,0.1472
v1|287448549297|0,"Linda Ronstadt Hand Sown... Home Grown 12"" Black Vinyl LP Stereo Capitol ST-208",10.00,0.1472
v1|227423303863|0,TOMMY OVERSTREET This Time Im In It For The Love & Don't Make Me A Memory Before,3.00,0.1471
v1|398155550357|0,"4 VG+NM VINYL RECORDS, JOHN COUGAR MELLANCAMP, SEE TITLES",49.99,0.1470
v1|188618670358|0,Airplane! - Soundtrack OST Elmer Bernstein RSD '24 LP Red Vinyl(like New/played),23.50,0.1470
v1|307051296456|0,Modern Baseball You're Gonna Miss It All Vinyl Pink/Purple LP W Insert VG,24.99,0.1470
v1|206405955523|0,"Madonna by Madonna (Vinyl, 1983)",7.25,0.1469
v1|158060571388|0,"ELVIS COSTELLO - armed forces - 12” vinyl LP, 33 rpm UK pressing",22.00,0.1468
v1|267719657200|0,Pretty Things – Savage Eye LP - 1975 - VG+/VG+,8.00,0.1467
v1|336680261439|0,Doobie Brothers – Stampede (1975) LP • Warner Bros. BS‑2835 • EX/EX Classic Rock,8.99,0.1466
v1|178302463071|0,Idris Muhammad Boogie to the Top Vinyl LP KUDU 38 Masterdisk VG+/VG,5.00,0.1466
v1|198488055740|0,Tex Ritter - Rock And Rye / My Heart's As Cold As An Empty Jug 1948 Shellac,4.00,0.1466
v1|377322570148|0,PAUL KLETZKI - MAHLER SYMPHONY NO.1 ANGEL MONO LP,15.00,0.1465
v1|377322569478|0,BEETHOVEN ALEXANDER SCHNEIDER TRIPELKONZERT CBS STEREO LP SHRINK GERMANY,25.00,0.1464
v1|327254325738|0,"1966 Pop Rock LP - THE MONKEES ""More Of The Monkees"" COLGEMS #102 MONO!",2.99,0.1463
v1|407059527123|0,"Conjunto Quisqueya – Con Sabor Navideño, Lp Vinyl,  VIVA RECORDS ",20.00,0.1463
v1|287448675534|0,The Doobie Brothers Self-Titled Vinyl LP 1971 WB 1919,14.78,0.1462
v1|800310723150|0,BILL COSBY IS A VERY FUNNY FELLOW RIGHT W-1518 LP VINYL RECORD,6.00,0.1460
v1|287447864548|0,Dion DiMucci Yo Frankie Vinyl In Shrink With Hype Sticker 1989 VG+,8.95,0.1460
v1|227423161668|0,"Alan Jackson Midnight in Montgomery 1991 7"" vinyl single Arista record",4.99,0.1460
v1|147426000512|0,"HAWAIIAN LP ""HEART OF HAWAII"" by THE BIG SOUND ( DIPLOMAT RECORDS 1963 )",5.50,0.1459
v1|377329845302|0,"Yes 90125 ATCO 1983 12"" Black Vinyl LP 33RPM 30.170-A/B Stereo",10.00,0.1459
v1|147427086885|0,T Bone Burnett — Behind the Trap Door EP —Free Shipping!,3.99,0.1459
v1|407059908333|0,Randy Crawford - Now We May Begin ~ Made in Germany WB 56791 ~ EX-,4.99,0.1459
v1|366531064861|0,"Prince & The Revolution Around The World In A Day LP 12"" Vinyl",10.00,0.1459
v1|158068400593|0,JO JO GUNNE Jumpin' The Gun SD5071 LP Vinyl VG+ Cover VG+ GF,7.00,0.1458
v1|278169718602|0,"Bill Evans Toots - “Affinity” - 1979 Warner Bros. LP, Vinyl MINT ONE OWNER",9.99,0.1457
v1|407059856492|0,"Erasure Chains of Love 12"" Vinyl Single 33 RPM Promo Sire 0-20953",10.00,0.1457
v1|800316514282|0,Magus Lord - In The Company Of Champions LP,90.00,0.1457
v1|257616691492|0,"Camelot Stereo Record, 12"", LP, By Goddard Lieberman R2",15.00,0.1457
v1|188604830591|0,"Imagination ""State Of Love"" Rare Extended Promo of the hit.",4.00,0.1456
v1|147418425942|0,BLUES PIANO ORGY 1972 Delmark LP Vinyl Otis Spann Curtis Jones Sunnyland Slim,11.50,0.1455
v1|198487977213|0,Judas Priest Defenders of the Faith 1st Press Vinyl Record LP Hard Rock Heavy ,1.04,0.1454
v1|287449813054|0,"Gail Davis The Game LP Vinyl 12"" 33 RPM Kama Sutra Pop Black",10.00,0.1454
v1|267719039773|0,"Elgar Sea Pictures Mahler Ruckert Songs, Janet Baker John Barbirolli Angel LP",6.99,0.1450
v1|127966612600|0,Don McLean -American Pie -EX/VG+ 1971 Pop Rock United Artist UAS-5535 Shrink 1ST,11.50,0.1448
v1|158075209231|0,The Bobbettes 45 Mr. Lee / Look At The Stars Atlantic VG+,8.00,0.1447
v1|327254013397|0,Pretty Hate Machine Halo -02R-V 2010 2-LP Remaster Nine Inch Nails  B0015099-01,15.50,0.1447
v1|267722549189|0,Eric Carmen 1st Lp Vinyl Quadraphonic RASPBERRIES ALL BY MYSELF BEATLES NO CD Lo,29.99,0.1447
v1|137498079927|0,"Gong, Signed, The Universe Also Collapses, Vinyl Lp, Band Autographed",127.00,0.1446
v1|358777081072|0,SWEET INSPIRATIONS – Hot Butterfly (1979) | WLP | Bio Insert w/Hype Sticker,20.00,0.1446
v1|407060016645|0,ANGELA LANSBURY - Mame 1969 US Musical Vinyl LP Columbia VG Record vintage ,3.00,0.1446
v1|147427450443|0,"The Long Ryders LP, Two Fisted Tales, 1987, Island, NM",12.50,0.1445
v1|178295725974|0,"The Clash ‎– White Riot -  CBS - Punk  - UK - 1977 - 7"" vinyl - NM",69.99,0.1445
v1|298497300249|0,"Ll Cool J Feat Kandice Love - Amazin / Born To Love You  12"" Vinyl Single ",4.99,0.1445
v1|318551101758|0,Phil Collins No Jacket Required VINYL LP,9.99,0.1444
v1|318515998803|0,Tracey Ullman – You Broke My Heart In 17 Places - German Import LP 1983,4.99,0.1443
v1|318515998803|0,Tracey Ullman – You Broke My Heart In 17 Places - German Import LP 1983,4.99,0.1443
v1|188604939312|0,"Gwen Jonae ""Destiny"" Rare 12"" version plus an instrumental mix.",4.00,0.1443
v1|257614050133|0,Neil Diamond Beautiful Noise,6.78,0.1443
v1|318561238183|0,Bob Dylan Bringing it all back home stereo cl 9128 rare,33.99,0.1443
v1|318561238183|0,Bob Dylan Bringing it all back home stereo cl 9128 rare,33.99,0.1443
v1|227427194982|0,"KISS ""OVERKILL KABUKI THEATER"" 2LP GREEN VINYL #304/400 PROVIDENCE, RI 8.3.1975",150.00,0.1442
v1|307044650794|0,"Rare Vintage LP of highlights from Verdi's ""La Traviata""",5.70,0.1442
v1|298491702445|0,U2 rare lot  4 original issue vinyl LPs,55.00,0.1441
v1|227423234963|0,V/A- WAVE NEWS 2 - Independent Smash Hits (LP) Germany 1982 New Wave Punk Orange,24.99,0.1441
v1|407059487221|0,Sonora Ponceña* – Tiene Pimienta* Lp Vinyl.  Inca Records,25.00,0.1440
v1|377336411222|0,"Burro Banton Sensi, Come From Vinyl 12"" Dancehall Reggae Massive B MB-059",7.77,0.1439
v1|257614054228|0,Nadia Tueni 12”- Liban: 20 Poemes Pour Un Amour L'age D'Ecume - Lp RARE! French,24.56,0.1439
v1|318564578786|0,genesis spot the pigeon vinyl USED VG,19.98,0.1439
v1|168525666097|0,The J. Geils Band Freeze-Frame LP VG EMI SOO-17062 Seth Justman Ultrasonic Clean,15.99,0.1436
v1|366531203732|0,U2 On the Road: Dortmund '84 Limited Edition 1985 Vinyl produced by Eno & Lanois,33.33,0.1436
v1|407059855090|0,the Moody Blues - Go Now ~ Record Made in U.K. - AKA 5 ~ UK Release Only - E+,9.99,0.1434
v1|366532504975|0,Meat Loaf Bat Out Of Hell 1ST PRESSING W/ETCHINGS Vinyl,130.00,0.1432
v1|336679141060|0,Dave Brubeck Quartet – Red Hot and Cool (1955) LP • Columbia CL 699 • VG/VG Jazz,7.99,0.1432
v1|398155542442|0,"PORTISHEAD, THIRD, VG VG+ 2008 VINYL, 45RPM 2 LP GATEFOLD",40.00,0.1432
v1|336679392196|0,24x Funk LP Record Lot Mixed Grade Boys Imbruglia Natural,21.50,0.1432
v1|227423076114|0,Marti Jones – Match Game LP SP-5138 Vinyl 1986 Near Mint!,4.99,0.1431
v1|377331547702|0,ONE WAY SYSTEM “SEARCH YOUR SOUL” PURPLE 7-inch EP EX/EX PUNK,20.00,0.1431
v1|366531055051|0,Lebenden Toten Death Culture Deprivation 10” Vinyl Hardcore Punk ,40.00,0.1430
v1|377322585460|0,The Vandals National Trust Records Hardcore LP 1984,24.99,0.1430
v1|236919288600|0,Marie Adams - He's My Man b/w Alone - w/Bill Harvey- 1951/2 - Blues R&B 78rpm,9.99,0.1430
v1|407061335833|0,Flip Wilson - Cowboys & Colored People   1967 Vinyl LP SD 8149   VG / VG  Jojo's,5.00,0.1430
v1|227423234970|0,Jethro Tull Stand Up Vinyl LP VG+ 1969 1st U.S Pressing Original Pop-up Gatefold,24.99,0.1429
v1|407060046608|0,Joe Tex on DIAL 4001,5.00,0.1429
v1|147427376385|0,Roberta Flack Featuring Donny Hathaway 12” Vinyl LP,5.99,0.1428
v1|800322469479|0,Miley Cyrus - Something Beautiful Vinyl  LP  **Limited Edition Sea Blue**,26.98,0.1427
v1|307045712149|0,"The Montagnana Trio “Spell” Stereo Vinyl = VG:VG+ 12"" LP Record Classical,Modern",2.50,0.1426
v1|236926213170|0,The Lounge Lizards BIG HEART LIVE IN TOKYO vinyl lp Marc Ribot John Lurie Nr Mnt,16.79,0.1425
v1|198485849753|0,SWANEE CALDWELL-45rpm - COUNTRY-2,2.25,0.1425
v1|267722658041|0,Elvis Presley - RCA Victor LP - In Person...International Hotel - LSP-4428 TAN,4.99,0.1425
v1|267719626023|0,Nilsson – Nilsson Schmilsson LP - 1971 - VG+/VG+,25.00,0.1424
v1|198488049098|0,"Genesis Land of Confusion 12"" Single Vinyl Record LP 1st Press Prog Hard Rock ",0.99,0.1423
v1|188619223637|0,ELVIS 1963 DEVIL IN DISGUISE/PLEASE DON'T DRAG THAT STRING AROUND SLEEVE ONLY ,10.00,0.1423
v1|236926069549|0,Gabriel Bondage- Another Trip to Earth lp Dharma Records 1977. Blue transparent,24.99,0.1422
v1|188619359141|0,Mercury SR90196 LP : Schubert Symphony 4 & 6 LSO Stereo Hi-Fi Vinyl LP,5.95,0.1421
v1|137496917154|0,Barclay James Harvest – Eyes Of The Universe - Promo Edition Vintage Vinyl 1979,16.00,0.1421
v1|178295725971|0,"SEX PISTOLS ANARCHY IN THE UK / IM NOT YOUR STEPPING STONE VIRGIN  EX- 7"" VINYL",29.99,0.1421
v1|236926109512|0,HAYSI FANTAYZEE BATTLE HYMNS VINYL ALBUM USED,5.00,0.1420
v1|336680067114|0,MOLLY HATCHET Flirtin’ With Disaster 1979 Epic Vinyl First Press Vinyl JE 36110,10.00,0.1419
v1|198487890272|0,Ace Frehley Frehley's Comet Live + 1 Sealed 1st Press Vinyl Record LP Kiss Heavy,15.50,0.1419
v1|318564223418|0,"GENE AND WENDELL - RAY STAR 777   ""THE ROACH"" /""FROM ME TO YOU""  1961 LISTEN",20.00,0.1418
v1|127965404857|0,My Chemical Romance- The Black Parade Vinyl 2LP Clear w/ Black Smoke Exclusive,24.50,0.1418
v1|336679346924|0,"Breathe Carolina - It's Classy Not Classic LP 12"" Colored Vinyl Rise 2009",122.50,0.1418
v1|206405821760|0,Pig Destroyer Book Burner Double LP Blue Deep Single Sided EP Etched Vinyl Used,26.66,0.1417
v1|336680279769|0,THE TREMELOES Epic Stereo Little LP Jukebox Vinyl EP EVEN THE GOOD TIMES ARE BAD,25.00,0.1417
v1|117293899550|0,"A-Sides M.C. Fats 12"" Eastside Records Techno Drum 'N Bass  Crazy VIP Vinyl",7.00,0.1416
v1|318524298258|0,Spyro Gyra – Morning Dance - US LP + OIS 1979,4.99,0.1416
v1|267724921370|0,"""S, EASTON 'YOU COULD HAVE BEEN WITH ME' (1981) OOP ORIG. 1ST ED. VINYL ALBUM""",30.00,0.1414
v1|147429885264|0,"1988 Book Of Love – Pretty Boys And Pretty Girls / Tubular Bell 12"" Vinyl Record",13.00,0.1414
v1|287451033659|0,JORGEN INGMANN - THE MANY GUITARS - LP (BOX-1),5.00,0.1413
v1|178302534208|0,Chaka Khan Destiny 1986  Vinyl Record Shrink Hype Sticker,5.60,0.1413
v1|287450916253|0,JAY AND THE AMERICANS - WAX MUSEUM - LP (X1),4.00,0.1412
v1|198488036360|0,IKE & TINA TURNER - IT'S GONNA WORK OUT FINE (LP2007)  VERY RARE - LABEL MISTAKE,35.00,0.1411
v1|398158734705|0,Frank Sinatra  MORE MOONLIGHT SINATRA RARE FRENCH CONNAISSR LP 1989 (OUT TAKES) ,79.99,0.1411
v1|278169890686|0,SANTANA - Self Titled LP  Columbia - VG/VG,3.99,0.1411
v1|188530678889|0,Luis Bordon - A New Christmas Spirit - Epic BN-26309 LP Vinyl Record - NM,0.99,0.1411
v1|318560494764|0,"The 4 Seasons, Gold Vault of Hits, Philips Records, vinyl LP, pop rock, 1965",5.00,0.1411
v1|398156672856|0,"Deep Purple- Hush / One More Rainy Day, 45rpm, 1968, Psychedelic, Classic Rock",225.00,0.1410
v1|307051041205|0,"Hannah Jones, This Child You Pray For 12"" Vinyl Record 1998 Tested EX/VG",2.99,0.1410
v1|168523986042|0,MANFRED MANN-RARE-PROMO-4-SONG-EP-45--(DO WAH DIDDY DIDDY+3)---EX,29.99,0.1409
v1|278172935240|0,U.S.METAL #2 1982 VINYL LP,10.00,0.1409
v1|318561085452|0,"Andy Williams Moon River & Other Great Movie Themes Columbia CS 8609 12"" LP",2.40,0.1408
v1|307050915517|0,"Iron & Wine Woman King Black Vinyl EP 12""",8.00,0.1408
v1|318561044589|0,"Andy Williams Warm and Willing Columbia CS 8679 Stereo 12"" Black Vinyl LP",2.03,0.1407
v1|267722330055|0,1969 CANNED HEAT Hallelujah US G/F LP Liberty LST 7618 Blues Rock ,3.09,0.1407
v1|358776763169|0,King Sunny Are-vinyl ,11.00,0.1407
v1|188618539313|0,"EDDIE KENDRICKS on LP  "" AT HIS BEST  "" funk soul",2.99,0.1406
v1|267719440620|0,THE  SALSOUL ORCHESTRA SELF-TITLED VINYL LP 1975 ORIGINAL SHRINK WRAP,10.00,0.1406
v1|327254754726|0,"Spk - Off The Deep End  Us Dj 12"" Vinyl Single Nettwerk Records VG+",9.99,0.1406
v1|278172952267|0,WILFRIDO VARGAS -3 Vinyl RECORDS LOT - Latin-LA MUSICA-EL BAILE-AUSTRALINA 12”,9.99,0.1405
v1|117296062531|0,The Boomtown Rats V Deep 1982 1st Press NM Vinyl Lyrics,13.99,0.1405
v1|318520098096|0,Carly Simon – Hotcakes - US LP + OIS Gatefold 1974,4.99,0.1405
v1|117295924928|0,"Vinyl.Lp-10"" Palda/Majestic/Harmonia/Parphone.Rare Lot of 4+Album",6.99,0.1405
v1|198487854296|0,"Morris Day Daydreaming 12"" Maxi Single EP 1st Press Vinyl Record LP Prince 80's",0.99,0.1404
v1|267722680834|0,Phoebe Snow Against The Grain LP Vinyl Record Album EX/VG,1.99,0.1403
v1|168529049356|0,Aba Daba Honeymoon / Mocking Bird Hill Mimi Martel Duet Hal Lomen Tops 279 E- 78,2.70,0.1403
v1|327257089235|0,Rita Coolidge “Rita Coolidge” (1971) Original Vinyl LP A&M Records SP-4291,3.00,0.1402
v1|158074143132|0,"MC Hammer Dancin' Machine 12"" single vinyl record",3.00,0.1402
v1|188623071895|0,"Popular Melodies Of Chopin By Russ Case, & Handel's Messiah Albums",8.99,0.1401
v1|257614282660|0,House Of Terror 2-LP Neal Adam’s Cover Art Halloween Comic Booklet,12.99,0.1399
v1|336680120163|0,Black Sabbath Vol 4 LP 1972 Vinyl BS 2602 Gatefold WB ,27.00,0.1399
v1|318564097399|0,The Beatles White Album 1968 US 1st Press SWBO-101 NUMBERED COMPLETE NO PINHOLES,29.00,0.1399
v1|336679142101|0,Erroll Garner –Self‑Titled (1953) LP • Columbia CL 535 • VG+/VG+ Mono Jazz Piano,7.00,0.1398
v1|358762268622|0,"1100 Bel Air Place by Julio Iglesias (Vinyl, 1984, Columbia",1.20,0.1398
v1|188621882631|0,"SWV on LP  single "" I'M SO INTO YOU "" R&B funk soul",2.99,0.1397
v1|398155308461|0,LP 1967 George Hamilton IV A Rose And A Baby Ruth  EX shrink/EX,7.99,0.1395
v1|318562192235|0,"Vinyl Kim English Supernatural Electronic 12"" 33 RPM Hi-Life 573 859-1",14.99,0.1395
v1|117292405693|0,NANCY SINATRA.ORIGINAL 1966 MONO VINYL  LP.BOOTS.VG+.W/INSERT,5.99,0.1395
v1|188618754245|0,"Taylor Swift Lover 12"" 2LP Colored Vinyl Blue & Pink - Republic Records",15.50,0.1394
v1|147425555896|0,"Elvis Spinout RCA Victor LPM-3702 12"" Mono Black Vinyl Soundtrack LP",20.00,0.1394
v1|117293497597|0,Wang Chung Mosaic 1986 Vinyl Record LP Everybody Have Fun Tonight NM/EX+,10.00,0.1394
v1|198487673619|0,Nancy Sinatra Boots RS 6202 12” LP NM- Vinyl,9.99,0.1393
v1|318516720992|0,Utopia – Oops! Wrong Planet - US LP + OIS 1977,4.99,0.1392
v1|137488159018|0,Bob & Patty Fischer Let The Children Come To Jesus lp + Bonus CD,7.99,0.1392
v1|318561262750|0,Grin (Nils Lofgren)  Grin  Rare 1971 Spindizzy Classic Pop Rock Lp Sealed Mint,4.99,0.1392
v1|178288160487|0,MOZART don giovanni 3 vinyl discs  set LCT 6102 U.S.A. ,20.00,0.1391
v1|336680113217|0,PETER GABRIEL Self-Titled 1980 Mercury Vinyl LP + Insert VG+,8.00,0.1391
v1|257607392418|0,"Alabama 3: ""Ain't Goin' To Goa"" ",9.99,0.1391
v1|358776998919|0,SUPERTRAMP – Breakfast in America (1979) True US 1st Pressing | GOLD STAMP PROMO,50.00,0.1390
v1|407061073051|0,GEORGE HARRISON * LIVING IN THE MATERIAL WORLD* JAPAN* IMPORT* LP,14.99,0.1390
v1|206404231342|0,Paul Halley - Pianosong - Vinyl Record,7.00,0.1390
v1|398158766207|0,Richard Pryor ♫ Bicentennial Nigger ♫ Rare 1976 Warner Bros. Vinyl LP in Shrink,14.00,0.1390
v1|127959209099|0,STREETWALKERS - STREETWALKERS. NEAR MINT VINYL LP. 1975. USA w. PR DRILL. GTEFLD,6.99,0.1390
v1|137496998159|0,"LP Poco ""A GOOD FEELIN' TO KNOW"" Epic # KE 31601, 1972  VG (lot a)",8.50,0.1387
v1|137488574057|0,"Bob Perna, Music My Way, 1st Edition, Vinyl LP, Jazz/Soul, 1981",10.99,0.1386
v1|267721924382|0,"Livingston Taylor - Over the Rainbow - Capricorn Records CP 0114 - 12"" Vinyl LP",2.99,0.1386
v1|188530583899|0,Fred Astaire - Song and Dances by - Verve MGV-2010 LP Vinyl Record - EX,0.99,0.1384
v1|137496725997|0,"KOOL AND THE GANG ""FOREVER"" LP  CLASSIC 80'S R&B FUNK  1986 Mercury.",5.00,0.1384
v1|206406000069|0,"George Russell ""ENCOUNTER NEAR VENUS"" 1975, Sheffeld S-17 Double LP   NM/NM/NM",4.00,0.1384
v1|267719592426|0,Stravinsky Rite of Spring Minneapolis Symphony Antal Dorati Mercury Mono MG50030,4.99,0.1382
v1|307044650797|0,Vintage LP: Francescatti Plays Kreisler. Irresistibile performances!,6.00,0.1381
v1|147427414920|0,RORY CALHOUN - Flight To Hong Kong/Kiss Of Love - VG+,2.75,0.1381
v1|188619044747|0,"MONIE LOVE on LP  single "" IT'S A SHAME  "" hip hop electronic",5.99,0.1381
v1|168523822444|0,Quarterflash 12” Vinyl Single Radio Promo Find Another Fool b/w Right Kind Of ,3.00,0.1380
v1|168529216617|0,EMI C 069-73128 Poulenc 3 Sonates Pierre Fournier Yehudi Menuhin 1973 NM,5.99,0.1380
v1|407060043277|0,Real McCoy LP Sleeping With An Angel Ooh Boy 1996 Vinyl Maxi Single In Shrink ,3.00,0.1378
v1|307044650793|0,Vintage LP: Malcuzynski plays Franck and Debussy favorites,6.00,0.1377
v1|377331441130|0,Red Nichols On Brunswick 3855 Japanese Sandman / Five Pennies,14.00,0.1377
v1|327253903480|0,Journey Captured 2 X Lp Vinyl Record VG+ 1981 Album Gatefold Sleeve,14.99,0.1377
v1|366536492866|0,TELARC Digital DG-10041 KUNZEL Tchaikovsky 1812 OVERTURE 1979 NM,8.50,0.1377
v1|298493485894|0,"Lynn Anderson    Promo 45   ""Love Of The Common People/Mono Version""       NM",17.00,0.1376
v1|358783936956|0,England Dan & John Ford Coley Nights Are For Ever 1976 Atlantic Vinyl LP,1.99,0.1376
v1|257614380004|0,Fairport Convention LP 1970 Liege & Lief Gatefold Stereo A&M,12.00,0.1376
v1|398146273480|0,"Felt ""Forever Breathes"" Creation Records UK LP 1986",49.99,0.1376
v1|267719655341|0,Robert Plant – Pictures At Eleven LP - 1982 - EX/EX,10.00,0.1376
v1|336675000556|0,Stravinsky Conducts Stravinsky Le Sacre Du Printemps Columbia 2 eye VG++ MS 6319,9.99,0.1374
v1|257613228635|0,The Heartbeats – A Thousand Miles Away / Oh Baby Don't    RAMA   1956   U.S.  78,12.95,0.1374
v1|366540457864|0,"RUSH 3 LOT(1 promotional, EX cond)",36.88,0.1373
v1|178295725987|0,"Ruts – Babylon's Burning - Vinyl 7"" Single UK Import - VG+",29.99,0.1372
v1|800325313797|0,"PRINCE Sign 'O' The Times 7"" Singles Box Set Peach Vinyl Limited Edition Rare",345.00,0.1371
v1|257616554491|0,RICHARD RAY ~ TAKE ME LP ~ EARTH AND SKY ~ Orig. ‘79 FLORIDA ACID FOLK ~ EX,8.00,0.1371
v1|178295822228|0,"Pickwick LP 2 Record Set, Eddy Arnold, Chained To Memory, VG",1.00,0.1371
v1|336680045571|0,Leo Sayer Endless Flight Vinyl Record LP 1976 First Pressing Warner Bros BS-2962,5.00,0.1371
v1|327257097447|0,Rita Coolidge “Safe in the Arms of Time” (2018) White Vinyl Album 2-LP Set,10.00,0.1368
v1|236925996300|0,SAMMY DAVIS JR VINYL ALBUM USED,5.00,0.1367
v1|267721767002|0,Offenbach The Tales Of Hoffman ,4.95,0.1367
v1|407059962886|0,Erroll Garner - Gemini   1972 LP Vinyl Record Album   VG / VG   Eldorado  Jojo's,5.00,0.1366
v1|198486333725|0,John Mayall - The Turning Point * Polydor 24-4004  Vinyl LP  / G+,2.25,0.1365
v1|298497299942|0,Andre Previn - Saint-Saens Carnaval des Animaux Ravel Ma Mere Vinyl Record 1981,4.99,0.1364
v1|206405543291|0,Paul Weston The Sweet and The Swingin' LP (1960) T 1361 Cheesecake Cover,11.95,0.1364
v1|800311105685|0,ERIC CARMEN SELF TITLED ARISTA RECORDS AL 4057  Mint vinyl,9.00,0.1364
v1|278169891788|0,"Partridge Family-RARE BELL 1971-TEST PRESSING- ""Up To Date""",89.00,0.1364
v1|307050923221|0,SAMMY DAVIS JR. IT'S ALL OVER BUT THE SWINGIN' Decca Records 1958 DL 8641 *RARE*,9.99,0.1364
v1|358762197924|0,MIKIS THEODORAKIS - Z  (ORIGINAL SOUNDTRACK) 1969 COLUMBIA 2-Eye OS 3370 VG+/VG+,10.00,0.1363
v1|267722597497|0,CHICAGO -  Self Titled  Vinyl LP Double Album 1970 / Gatefold ,2.37,0.1363
v1|298491973556|0,QUARTERFLASH Self Titled LP Album,4.99,0.1362
v1|267718882155|0,Buck Clayton's Buckeroos And Wild Bill Davidson's Bulldozers Singing Trumpets v,9.99,0.1361
v1|168524268363|0,"DEE DEE WARWICK~""SUSPICIOUS MINDS""~Orig. 1971~FUNK~SOUL~R&B~7'' 45rpm~VG+",0.99,0.1358
v1|198487991084|0,Kiss Animalize 1st Press Vinyl Record LP with Hype Sticker Hard Rock Metal,1.04,0.1357
v1|398167969418|0,RICK JAMES Throw Down GORDY Funk Boogie R&B |  Shrink | LP HEAR,9.99,0.1357
v1|188530684886|0,WENDY WALDMAN - Gypsy Symphony - 1974 Warner Bros BS-2792 LP Vinyl Record - EX,0.99,0.1356
v1|307053216288|0,Dokken Breaking the Chains 180 gram LP in Shrink & Hype,20.50,0.1356
v1|137486058396|0,Carson Cole And RU4 Mainstreet lp In Shrink + Bonus,7.99,0.1355
v1|398109282757|0,"Boston Self Titled Vinyl LP, AL 34188, 1976 Epic Records",9.99,0.1355
v1|407060590898|0,Dean Martin - Famous Love Songs   1984 Vinyl Record Album   VG / VG   Jojo's,5.00,0.1355
v1|158070668157|0,"Vintage Bonnie Raitt, Green Light, Vinyl LP, 1982 EX",5.99,0.1355
v1|278167200983|0,Andy Williams LP vintage,5.00,0.1353
v1|168516663353|0,Ismael Miranda-En Fa Menor-Orig. 1974 Fania Label,8.00,0.1352
v1|206406005342|0,101 Strings In The Sound Of Magnificence Songs For Inspiration And Meditation LP,0.99,0.1352
v1|257614430306|0,FLEETWOOD MAC Bare Trees 1972 LP Reprise MS 2080 Early US Press,4.99,0.1351
v1|298494173032|0,"Divine NATIVE LOVE (Step by Step) 12"" Maxi Single 1982 Original Pressing",12.00,0.1351
v1|358760260763|0,Michael Martin Murphey Self Titled Vinyl Record LT-51120 Liberty 1982 LP,1.96,0.1351
v1|127965030578|0,"Bay City Rollers Dance Dance Dance / You Made Me Believe Arista 7"" 45 Stereo",1.20,0.1350
v1|358777038696|0,Mary Jane Girls - Only Four You (1985) | Original 1980s First Pressing,20.00,0.1350
v1|267719040035|0,Bluebells - All I Am (Is Loving You)  - London UK- 3 Track Ep 12” Joe Hill,6.99,0.1350
v1|117286802917|0,"Sharks, Jab It In Yore Eye (MCA-415) VG+ LP - Rock - 1974 Chris Spedding",3.99,0.1349
v1|168526230502|0,Platinum Blonde Alien Shores LP Vinyl 1986,10.00,0.1348
v1|366537209949|0,JEAN CARNE Walking The Line Ain't No Way 12 Inch - 0-86594 ,3.00,0.1347
v1|127965044755|0,"Spazz Split With Jimmy Walker  7"" Record",26.65,0.1346
v1|377322553582|0,ITZHAK PERLMAN CARLO MARIA GIULINI BRAHMS VIOLIN CONCERTO ANGEL STEREO LP,9.99,0.1346
v1|137498326555|0,"Rita Coolage- Anytime Anywhere, Vinyl Lp",4.00,0.1343
v1|358773750664|0,Swinging Blue Jeans 45 Hippy Hippy Shake / Good Golly Miss UNDERGROUND 1052 NM,1.60,0.1343
v1|188621307331|0,The Band Self-Titled 1969 1st Press Vinyl LP Album VG+ Cond Robbie Robertson,225.00,0.1342
v1|188627395396|0,JIM CROCE I Got A Name 1973 1st Press Excellent!,9.99,0.1341
v1|236925893781|0,Acid Casualties- Panic Station LP near mint Rhino Records 1982,17.99,0.1340
v1|168525699070|0,Foreigner Records LP 1982 Atlantic 33 1/3 rpm Pop Rock,16.00,0.1339
v1|407059518855|0,Tipica Novel* – Se Colo La Novel* Lp Vinyl * TR RECORDS ,30.00,0.1338
v1|188619889333|0,"METALLICA - HARVESTER OF SORROW - UK 12"" SINGLE / EP W/ BREADFAN, THE PRINCE!",31.00,0.1338
v1|398158097489|0,The Del Lords - Johnny Comes Marching Home - Mint Promo Vinyl LP 1986 EMI,14.50,0.1338
v1|307053204238|0,Supertramp Breakfast in America 1979 Pressing LP,8.50,0.1336
v1|236925795190|0,The Monkees More Of The Monkees LP 1967 Vol gems COM-102 MONO Rockaway Pressing,5.99,0.1336
v1|318515924629|0,REO Speedwagon – Wheels Are Turnin' - US LP + OIS 1984,5.50,0.1335
v1|137488518629|0,"John Schneider,  Now Are Never, 1st Edition,  Pop/Country, Vinyl  LP, 1981",7.99,0.1333
v1|366524557821|0,Andy Gibb  Shadow Dancing/Let It Be Me Vinyl 45 RSO 1978 RS 893 VG+/VG,4.39,0.1333
v1|358775520926|0,Cameo – Single Life (1985) – FACTORY Sealed with Hype Sticker,50.00,0.1332
v1|158068188059|0,Survivor – Eye of the Tiger / Take You On a Saturday – Scotti Bros. ZS5 02912,4.75,0.1332
v1|307044650805|0,Rare Vintage LP: A Treasury of Immortal Performances/ ENRICO CARUSO!,6.00,0.1331
v1|178298015082|0,Geoff & Maria Muldaur Sweet Potatoes,3.99,0.1331
v1|117293692212|0,MERCURY Stereo FENNEL* DIVERSE WIND: KHACHATURIAN etc SR90221 NM-,5.99,0.1331
v1|366532897024|0,SEALED KYLE TIMES THAT TRY A MANS SOUL 1971 LP PARAMOUNT RECORDS PAS 6006 ROCK,4.99,0.1330
v1|168525825621|0,"Sex Pistols / Sid Vicious, Last Show On Earth / Drugs Kill. Vinyl, 1986 LP EX-NM",45.00,0.1330
v1|800316238540|0,Drowning The Light - On Astral Wings Of Wampyric Shadows 2xLP ,40.00,0.1330
v1|366524458238|0,"[EDM/DANCE/FREESTYLE] 12"" NICOLE MCCLOUD~Rock The House~[x2 Mixes]~[1989] OCEANA",16.00,0.1330
v1|117292391607|0,Billy Cobham:  [Recorded Live In Europe] Shabazz ~  1975,12.99,0.1329
v1|206404164364|0,Silver Mountain – Roses & Champagne 1988 Hex Records Swedish Heavy Metal Vinyl,25.00,0.1328
v1|147427049029|0,Frank Sinatra Come Fly With Me LP W-920 Mono Capitol Records EX condition Tested,19.99,0.1327
v1|398164306626|0,Foreigner  Juke Box Hero with Original Sleeve Rare Low Starting Bid ,6.95,0.1326
v1|307044649796|0,Rare vintage LP of Spanish guitar music. Virtuosic playing by Carlos Montoya!,6.00,0.1325
v1|227423234967|0,Ultravox - Slow Motion Single Vinyl (Clear Edition) Island ‎– 12WIP 6454  1978,24.99,0.1324
v1|206404934894|0,"Soul  The Minits   ""Take A Look At  Yourself""   Promo",20.00,0.1323
v1|137498803583|0,Tchaikovsky Sleeping Beauty Complete Dorati  Concertgebouw Philips Stereo 3-LP!,17.99,0.1323
v1|358777206457|0,M.L Waiting For You 12” Vinyl Record Single Hip Hop Vg+ New Jack PROMO RARE,5.99,0.1323
v1|407059796484|0,the New Seekers - Beg Steal or Borrow ~ Record made in UK CN2004 ~ E,6.99,0.1323
v1|398155550336|0,"ELTON JOHN, GREATES HITS VOL.3, MINT ORIGINAL VINYL IN SHRINK,1987",34.99,0.1323
v1|278169761580|0,THE DOORS Other Voices Vinyl LP ,5.00,0.1323
v1|318570844374|0,"Nayobe Its Too Late  12"" vinyl record single white label EUC",0.99,0.1322
v1|168529358868|0,Telarc Digital DG-10045 BOITO Prologue to Mefistofele VERDI Te Deum Shaw 1980 NM,5.99,0.1321
v1|307051255902|0,Jerry Garcia Reflections LP RR RX-107 1976 1st Pressing w Insert Grateful Dead,21.99,0.1319
v1|267722460357|0,LEO KOTTKE Mudlark ST 682 LP Vinyl,3.50,0.1319
v1|158076049778|0,"The Heart of La Boheme, Puccini's Opera, RCA Victor, Album #980 5 record set",10.00,0.1318
v1|267724817479|0,"Cage The Songbird by Crystal Gayle (Warner Bros. Records, 1983) Promo Vinyl LP",2.30,0.1317
v1|800311241744|0,Joan Baez In Concert Part 2 Vanguard VSD-2123 Vinyl Record LP,4.99,0.1317
v1|318564113338|0,"Twenty One Pilots Trench LP 12"" Black Vinyl Record Signed Cover",500.00,0.1317
v1|800315957693|0,Kirkwood - Castles Of Sand LP,20.00,0.1317
v1|137499373128|0,"Roy Acuff Hall Of Fame LP 12"" Vinyl Record Album First Edition",10.00,0.1316
v1|307050946087|0,NORTHERN SOUL MAJOR LANCE-STAY AWAY FROM-1970 CURTOM CR 1953,6.50,0.1315
v1|336680116296|0,JOAN BAEZ~BAPTISM Gatefold LP~1968 Vanguard Records~VSD-79275~W/LYRIC BOOKLET,15.00,0.1315
v1|178297466716|0,HALESTORM Everest Deluxe Edition Dark Plum Galaxy Vinyl 2LP Autographed ,49.99,0.1312
v1|206406010537|0,Poet Mark Berness Vinyl Record Lp,9.99,0.1312
v1|117288061559|0,"Simon & Garfunkel – ""Sounds of Silence"" Vinyl LP Record Album 1965",7.99,0.1312
v1|318564229218|0,RAY GOODMAN AND BROWN TAKE IT TO THE LIMIT in shrink  NM US vinyl LP,3.00,0.1311
v1|236926931646|0,Illuminati C.F.R. by Myron Fagan (1967) 3 Vinyl Record Set,250.00,0.1311
v1|377331556532|0,THE ALAN PARSONS PROJECT THE TURN OF A FRIENDLY CARD 1980 VINYL LP AL9518,9.00,0.1311
v1|318564303076|0,NICOLETTE LARSON ALL DRESSED UP AND NO PLACE TO GO US vinyl LP,3.00,0.1310
v1|147426858846|0,Starpoint Object Of My Desire Vinyl,10.00,0.1310
v1|358773806651|0,radio show LP ~ Westwood One Special Edition With Sid McCoy ~ ATLANTIC STARR,49.95,0.1309
v1|377322781889|0,"FIREHOSE SST LP 1986 Bio Glossy Pics ""Ragin' Full-On""",49.99,0.1309
v1|137497424251|0,The Halfways ( She’s A ) Heart attack 7” Punk Rock ,15.00,0.1309
v1|127966339650|0,XDINARY HEROES [TROUBLESHOOTING] 1st Album CD Both Versions Bundle ,32.85,0.1308
v1|227422952953|0,Creedence Clearwater Revival Absolute Originals Vinyl Box Acoustic Sounds 8 LP ,400.00,0.1306
v1|287449674178|0,JOHN BARRY ~Thunderball~ (Soundtrack) 1965 Vinyl LP MONO UAL 4132 - EX,9.95,0.1305
v1|327257352388|0,Bleachers Bleachers Vinyl LP Target Exclusive White Vinyl Dirty Hit 2024,12.00,0.1304
v1|257614054396|0,THE LOVIN' SPOONFUL ~ Hums Of The Lovin' Spoonful Mono KLP-8054 1966 Lp (EX),16.78,0.1304
v1|307044649826|0," Rare vintage LP! Leon Bibb, remarkable singer, performs a variety of material",3.00,0.1304
v1|206403863461|0,78 RPM Hot Jazz New Orleans 751 Johnny Wigs A Bishop Pressing Ultra Canal,9.99,0.1304
v1|147425971990|0,"MARSHALL CHAPMAN: marshall EPIC 12"" LP 33 RPM",2.49,0.1303
v1|327253885667|0,PETE TOWNSEND WHITE CITY VINYL LP 1985  VG+/VG THE WHO Record,7.99,0.1303
v1|327253962788|0,"BLACK VINYL HOOTERS ""NERVOUS NIGHT"" ORIGINAL PREOWNED GREAT SHAPE CBS 1985",8.50,0.1302
v1|398156654924|0,"The Beatles - VI, 1965 Rock, LP, First Pressing T-2358, (Vinyl Only)",100.00,0.1302
v1|137497151913|0,records lot vinyl,10.86,0.1302
v1|267722476202|0,"Brand Nubian, Let's Dance, 12” Promo Press Vinyl Lp Record",8.75,0.1301
v1|307055341658|0,THE HILLSIDE SINGERS - I'D LIKE TO TEACH THE WORLD TO SING METROMEDIA VINYL ,4.99,0.1301
v1|287450071215|0,"2 Francis Poulenc – Gloria – Concerto For Organ, Strings & Timpani 12in Vinyl Lp",15.00,0.1301
v1|257607401579|0,BLUE OYSTER CULT   2 lot in shrink.    1974 SECRET TREATIES  &  1979 MIRRORS,90.00,0.1301
v1|178302641176|0,Man Of La Mancha - Original Broadway Cast Vinyl Record LP Richard Kiley KRS-5505,1.00,0.1300
v1|278168907912|0,Brenda Lee I'm Sorry Vtg LP Vinyl VG,3.50,0.1300
v1|307055363722|0,Sheila E. ‎– In The Glamorous Life 1984 Vinyl LP Record Warner Bros. ‎,4.99,0.1299
v1|358775156713|0,355 Variety Of Records  (Poor Condition) No Specific Genres,150.00,0.1299
v1|366532500347|0,David Bowie Bowie Pinups RARE DYNAFLEX W/ERRORS! 1ST PRESSING 1973 LP Vinyl,2780.00,0.1299
v1|127965157774|0,"Rex Allen, Jr. Play Me No Sad Songs / She Just Said Goodbye 7"" 45 WBS 8171",1.33,0.1298
v1|267722531273|0,"Louis Prima 78 ""THE BIGGER THE FIGURE"" /  BONEY BONES - LISTEN",10.00,0.1298
v1|206404164365|0,Flesh For Lulu   Final Vinyl & Live Flesh 1990 Capital RED Vinyl Goth Rock Glam,10.00,0.1298
v1|327257103674|0,"8 Rita Coolidge Original Vinyl LP Albums: Anytime…Anywhere, Satisfied, Love Me",24.00,0.1297
v1|800315726909|0,V/A Double Vinyl X- STATIC VOLUME 4 RADIKAL TECHNO 1992 Original Shrink ,12.12,0.1297
v1|147427621917|0,"""BROWNSVILLE STATION""  1978  ▪︎PROMO▪︎ VINYL LP  AIR SPECIAL  HARD/GLAM ROCK",9.99,0.1296
v1|298493711806|0,Roy Orbison Problem Child LP - 1988,6.99,0.1296
v1|257614855658|0,Dr Know-This Island Earth- Vinyl - Death Records 1986,60.00,0.1296
v1|318561059758|0,"Kenny Rogers Kenny 1979 Liberty/United Records 12"" Vinyl LP LWAK-979",1.83,0.1295
v1|366531520320|0,Dr. Hook and the Medicine Show Belly Up! LP (1973) S 65560 Gatefold,11.95,0.1294
v1|227423226660|0,New Values Iggy Pop 2016 NM EU Blue/Gold Trace Vinyl 180g Press Punk #178/1000,19.99,0.1294
v1|307053200667|0,Elton John Blue Moves 1976 Pressing LP,8.00,0.1293
v1|168529283501|0,TELARC DG 10068 TCHAIKOVSKY ROMEO & JULIET NUTCRACKER SUITE Maazel 1981 NM,5.99,0.1292
v1|168529283501|0,TELARC DG 10068 TCHAIKOVSKY ROMEO & JULIET NUTCRACKER SUITE Maazel 1981 NM,5.99,0.1292
v1|127966682293|0,SONS OF KATIE ELDER.1965 VINYL  LP SOUNDTRACK.EX/NM.SHRINK WRAP.JOHN WAYNE,6.99,0.1291
v1|206404002916|0,The Beatles ~ White Album ~LP Apple Records SWBO 101 Stereo (Ex),17.99,0.1291
v1|188630042348|0,TWIZTID - AIN'T BEEN RIGHT 7” Vinyl Record LIMITED SEALED insane clown posse mne,15.00,0.1291
v1|147425528550|0,Jan & Dean Folk 'n Roll LP Liberty LRP-3431 Mono 1965 MINT Original,14.99,0.1290
v1|267722693941|0,Boz Scaggs-Slow Dancer Vinyl LP Columbia PC 32760-1974-VG+ to EX,4.99,0.1290
v1|127965537790|0,My Chemical Romance- Three Cheers for Sweet Revenge Vinyl LP Red,24.50,0.1290
v1|168517735647|0,Bobby Rydell-Volare/I'd Do it Again-45 RPM-rock-vinyl-record-Cameo 179-w/PS-1960,3.99,0.1289
v1|398155542440|0,"3 FIRST PRESSINGS, VG++VINYL,GENESIS,INVISIBLE TOUCH,ABACAB,GENESIS",55.00,0.1289
v1|178295713550|0,George Thorogood & The Destroyers Move It On Over Vinyl lp on Rounder Records ,3.99,0.1289
v1|358775508120|0,Cameo - She's Strange LP (1984)- FACTORY SEALED with Hype Sticker,70.00,0.1289
v1|800311225393|0,Rod Stewart THE KILLING OF GEORGIE Pts 1 & 2 12” 45 PROMO COPY 1976. NEAR MINT,4.99,0.1287
v1|800315411791|0,"Nilsson – A Little Touch Of Schmilsson In The Night - 12"" VINYL RECORD ALBUM LP",10.00,0.1287
v1|147427351704|0,BLUE MINK -(2) 45s - VG,4.50,0.1286
v1|236925898538|0,Illusion- Out Of The Mist lp on Island Records 1977 Yardbirds related,7.99,0.1286
v1|158068221001|0,“Are You Mine”,5.00,0.1286
v1|117296062564|0,Colwell-Winfield Blues Band Cold Wind Blues 1968 Verve FTS-3056 Stereo,14.99,0.1286
v1|307051257318|0,TAMMI TERRELL 45 COME ON AND SEE ME Northern Soul R&B Doowop MOTOWN  EX,19.99,0.1284
v1|327253911605|0,"Dave Mason - Headkeeper LP - Blue Thumb BTS 34 ""Pearly Queen"" ""Feelin' Alright?""",15.98,0.1284
v1|117292536758|0,Disneyland Records Chilling Thrilling Sounds Of The Haunted House 1964 Original,19.99,0.1284
v1|188618547981|0,"FAT BOYS  on LP  single "" WIPEOUT "" hip hop rap",4.99,0.1284
v1|800298466030|0,"Dave Loggins: Please Come To Boston / Let Me Go Now, 45, FAST SHIPPING!",9.99,0.1282
v1|407059668656|0,Odilio González – Penitencia* Lp Vinyl * SEECO ,20.00,0.1282
v1|178302536076|0,Fiona Apple Tidal Vinyl Me Please VMP Exclusive 2LP 45RPM NM,22.50,0.1281
v1|158069144138|0,"Culture Club - Colour By Numbers, 1983 Vinyl Record LP - Virgin Records/Epic/CBS",7.99,0.1281
v1|206406035620|0,"Justified by Timberlake, Justin (Record, 2002) vinyl",12.00,0.1281
v1|178295579955|0,IKE QUEBEC-INTERMEZZO-ALL OF ME-BLUE NOTE-45 RPM-PLAY TESTED-NICE,25.00,0.1281
v1|287450918403|0,MAUREEN MCGOVERN - NICE TO BE AROUND - LP (X1),4.00,0.1280
v1|287450363846|0,Pete Townshend Lot Of 6 Vinyl LP’s KEEPER COPIES TITLES IN DESCRIPTION ,39.95,0.1280
v1|398154922006|0,Doo Wop 45: The Drifters Fools Fall In Love/It Was A Tear on Atlantic 1957,2.00,0.1280
v1|327255111415|0,1965 David Jones What Are We Going To Do? / This Bouquet  Colpix Label  Good,8.00,0.1280
v1|158070484463|0,"“Jazz For G.I.s,”Tony Scott, Matt Matthews",14.00,0.1279
v1|137488542474|0,"TKA, I Won't Give Up On You, 1st Edition, W/L Promo Maxi-Single, Funk/Soul, 1990",8.99,0.1278
v1|236924674740|0,GARFUNKEL - ANGEL CLARE - COLUMBIA LP RECORD  - NEAR MINT CONDITION - w/ POSTER,2.99,0.1278
v1|398167882515|0,KELLEE PATTERSON Kellee SHADY BROOK Jazz Funk | Breaks |  Shrink | LP HEAR,50.00,0.1278
v1|236926186220|0,"Grover Washington, Jr. vinyl record titled ""Come Morning,"" released in 1981",7.00,0.1277
v1|318560907907|0,Johnny Cash – I Walk The Line – 1965 - Columbia CS 8990 Vinyl Record LP VG+,10.00,0.1276
v1|267724145943|0,MARY HOLMES SOUL BROTHER NORTHERN SOUL DJ 45 RPM,9.99,0.1276
v1|398146777896|0,DAN FOGELBERG THE INNOCENT AGE 2X LP on EPIC KE2 37393 1ST PRESS c1981 LPs NR MT,10.00,0.1276
v1|147426203642|0,"Hums of The Lovin’ Spoonful Record Near Mint, Kama Sutra MGM Records",1.99,0.1275
v1|206404164360|0,Close Lobsters  Foxheads Stalk This Land 1987 Fire Records Scotland Indie Pop LP,31.00,0.1275
v1|298493262338|0,The Doobie Brothers - What Were Once Vices Are Now Habits 12” LP 1974 W2750,13.00,0.1275
v1|377330001549|0,LP ~ NRA NATIONAL RIFLE ASSOCIATION Public Service Announcements,29.95,0.1274
v1|327249832390|0,"(Lot Of 12) Vinyl Records ""12 Inch"" For Crafts, Art Or Decoration!! RECORDS ONLY",13.11,0.1273
v1|398167930545|0,LTD Gittin Down A&M  Funk | Shrink | LP HEAR,9.99,0.1273
v1|188623067585|0,Ashton Irwin Superbloom Green Vinyl Record,100.00,0.1273
v1|127966668645|0,"Lesley Gore – It's My Party / She's A Fool - Mercury C-30124 7"" Single VG+",5.00,0.1272
v1|137499403259|0,Beethoven Symphony No.5 Leonore Overture No.3 [London CS6930] Sir Georg Solti LP,2.99,0.1271
v1|188618765922|0,"2 LP's. Gene and Debbe. Hear & Now. Treasure Album, Sue Thompson",4.00,0.1271
v1|377331449590|0,Will Osborne On Perfect 15686 Please /Here Lies Love ,12.00,0.1271
v1|137499666469|0,Pearl Jam Yield Vinyl LP 2016 Epic Legacy 150g Remaster Die Cut like new,20.00,0.1271
v1|407060585278|0,Dottie West - Full Circle   1982 Vinyl Record Album   VG / VG   Jojo's   Lover,5.00,0.1271
v1|336675000572|0,Mercury SR 90419 LP Prokofiev/ Stravinsky JOSEPH SZIGETI Roy Bogas RFR1/1,9.99,0.1271
v1|127965319855|0,Gerard Way Hesitant Alien Picture Disc Vinyl Record,48.00,0.1270
v1|147426262176|0,DAVE DUDLEY ~ SIX DAYS ON THE ROAD  VINYL RECORD LP USED Nice Condition,2.99,0.1270
v1|178301033530|0,SAM BUTERA and the WILDEST: Atlantic City Special,5.00,0.1268
v1|287449801531|0,Barbara Ann Auer Aerobic Dancing LP Vinyl w/ Booklet Gateway Records Fitness,10.00,0.1267
v1|236925774264|0,VINYL RECORD LP R PRAISE 4 IN HIS TIME #1 MARANATHA RECORDS MM0064A,20.00,0.1267
v1|327248850784|0,Pearly Queen - Adoro / More - SOUL BALLAD MIAMI 45,21.50,0.1267
v1|267722554253|0,DAWN & TONY ORLANDO TUNEWEAVING VINYL LP RECORD ALBUM (1973) VG+/VG+,3.99,0.1267
v1|178295725981|0,"THE SPECIALS Do Nothing / Maggies Farm 2TONE 7"" TWO TONE PAPER LABEL CHSTT16",25.99,0.1266
v1|257614293200|0,"Electric Light Orchestra Out of the Blue UA Records 12"" Black Vinyl LP Rock",10.00,0.1266
v1|307044709479|0,"Jacqueline Lemay “Compagnon” Mono Vinyl = VG:VG+ 12"" LP Record Pop, Chanson",2.50,0.1266
v1|358773406130|0,Carole King-“Music” Vinyl LP VG Ode Records 1971 OG,6.00,0.1266
v1|206396508409|0,"Barbara Mandrell lovers, friends, & Strangers #88 (Hold me) many more hits",12.99,0.1266
v1|407060003049|0,The Year Of The Tiger '68 - Ernie Harwell & Ray Lane   1968 Record   VG / VG,5.00,0.1265
v1|407059893001|0,"JULIO  RODRIGUEZ,  CUBAN JAM  SESSION VOL2,   LP vinyl , PANANT RECORDS ",25.00,0.1265
v1|366532692193|0,"Heave D & The Boyz ""Now That We Found Love"" 12"" Vinyl Record Single",2.00,0.1265
v1|188619368234|0,PABLO CASALS - BEETHOVEN Complete Cello Sonatas EMI Electrola Dacapo 2xLP NM!,19.99,0.1265
v1|168529049393|0,Don Robertson-The Happy Whistler / You're Free to Go 1957 VG,2.65,0.1265
v1|198486180024|0,"Chingy Holidae In Ft Ludacris Snoop 12"" Vinyl + Represent Ft Tity Boi (2Chainz)",4.99,0.1265
v1|358776601338|0,Trooping The Color Black Watch Royal Highland Regimen Pipes And Drums Album 1958,10.00,0.1265
v1|257608401082|0,Jeff Beck Group Self-Titled Vinyl LP Record 1972 Pressing,5.00,0.1265
v1|318561714884|0,Vanguard Hi-Fi Beethoven Symphony No. 5 / Schubert Unfinished Stereo Demo LP,4.00,0.1264
v1|318561838372|0,Russ Ballard  The Fire Still Burns 1985 EMI America Pop Hard Rock Lp Sealed Mint,2.99,0.1264
v1|318561163165|0,"Red Hook Red Hook LP 12"" Black Vinyl BLR-101 Blue Lion Records Signed Cover",22.00,0.1263
v1|327248967112|0,"Sunshine Porky Band Can't Be A Man River Queen 7"" 45 LP Rare",55.00,0.1263
v1|257617739862|0,"""TONY BENNETT 'ALONE AT LAST' (1955) OOP ORIG. REL. 1ST ED. 10"" VINYL RECORD""",85.00,0.1263
v1|407061367069|0,Danny Davis and The Nashville Brass Orange Blossom Special LP ANL1-0902 1975,1.93,0.1263
v1|178295434558|0,Simply Red - Men and Women - 1987 LP - Vinyl Record Album ' The Right Thing ',9.99,0.1262
v1|336674900086|0,"Lisa Stansfield This Is The Right Time 12"" Vinyl 1990 Arista Records  AD-2049",7.95,0.1262
v1|158068273711|0,"June Winters, “March Of The Toys”",4.00,0.1262
v1|287455131287|0,Livingston Taylor Liv 1971 LP Capricorn SD 863 Folk Promo,8.00,0.1261
v1|168526120429|0,LIVING SHAKESPEARE Set of 6 Records & 6 Scripts  Excellent Condition LP Vinyl,9.00,0.1260
v1|158071088194|0,U2 Wide Awake In America 12” Vinyl Record 1985 VG+ ,9.99,0.1259
v1|147425906070|0,"Public Image Limited LP - PiL ""Album"" - Tested -VG++ - plus Mag - Johnny Rotten",44.99,0.1259
v1|178295725996|0,"The Specials ""GHOST TOWN"" 1981, U.K. Two-Tone CHS TT17 7"" single.  NM-/NM",39.99,0.1258
v1|398167891305|0,RANDY WESTON Carnival ARISTA Jazz Dance | Modal | Shrink | LP HEAR,9.99,0.1257
v1|236931911416|0,Italo Disco Helen Zanzibar 12” Single,49.99,0.1257
v1|358776594145|0,The Journeyman Self-titled Album Released In 1961 Very Good Condition,8.00,0.1256
v1|278169535057|0,"SWA "" YOUR FUTURE IF YOU HAVE ONE""  NM LP  CHARLES DUKOWSKI Black Flag ",5.99,0.1255
v1|287450296363|0,Baby Grand …very Good Condition..small Cut Top Left..LP Is Excellent,15.00,0.1255
v1|327253979600|0,"Accept  ""ACCEPT""(Self Title) ~Rare~ 1980-1981 German Pressing Brain 0060.389",34.99,0.1254
v1|267724187728|0,STONE TEMPLE PILOTS – Purple – Analogue Productions - 2xLP 45RPM EX,37.00,0.1254
v1|178288224941|0,"ΛΕΥΤΕΡΗΣ ΠΑΝΤΑΖΗΣ ""ΔΥΟ ΛΕΞΕΙΣ""Greek LP 1982 CBS 25257",5.00,0.1253
v1|236921135372|0,Louis Jordan - 'Somebody Up There Digs Me' - Original Mercury LP 20242 Blues R&B,7.99,0.1253
v1|318559449263|0,"EIICHI OHTAKI Kimi wa Tennen Shoku 7"" Japan City Pop Vinyl 45 Niagara 07SH 944",14.99,0.1251
v1|287450313079|0,KOOL AND THE GANG THE FORCE R&B SOUL  12' LP 33RPM VG++SHRINK,8.00,0.1250
v1|287450913101|0,CHRISTY LANE - I HAVE A DREAM - LP (X1),4.00,0.1250
v1|398158644503|0,Carole Bayer Sager ...Too LP Vinyl Record Multicolor Cardboard Sleeve,5.00,0.1250
v1|147426857698|0,Thompson Twins Get That Love Vinyl,10.00,0.1250
v1|127965847411|0,Barry Manilow Live 1977 Double LP - Arista AL 8500 - VG/VG Gatefold,9.99,0.1250
v1|307051993356|0,"Guy & Ralna - Hymns We Love To Sing - Vinyl 12"" 33 RPM ",6.40,0.1250
v1|398155550350|0,"4 BILLY JOEL ORIGINAL PRESS VG+NM VINYL,1976,1978,1980,1986,",54.99,0.1249
v1|147425809622|0,ELVIS PRESLEY LP 9589-1-R STEREO 57 ESSENTIAL ELVIS 2 NM/MT RARE HYPE STICKER,12.50,0.1249
v1|168518340371|0,SEALED - Samantha Sang - Emotion - Private Stock PS 7009 LP LA LA LA I LOVE YOU,5.99,0.1248
v1|178295632252|0,Lot 2 SHAUN CASSIDY LP Albums-Gatefold Born Late/Self Titled-Da Doo Ron Ron,4.99,0.1247
v1|178295725989|0,"The Clash - The Cost Of Living E.P. - 1979 Gatefold 7"" EP Vinyl Record - VG+/EX",29.99,0.1247
v1|800325641954|0,LP Little Anthony & Imperials LIBERTY UK 0291 Outside Looking In VG+,5.00,0.1247
v1|318564312785|0,MURRAY MCLAUCHLAN STORM WARNING WLP promo US vinyl LP folk rock,3.00,0.1247
v1|298491798368|0,Sunny & The Sunliners – Love Is For Fools / Love Is For Fools 45 Key-Loc Promo,8.99,0.1245
v1|188619134800|0,"Berkeley Women's Music Collective “Tryin' To Survive” Olivia 1979 Folk 12"" LP",7.00,0.1245
v1|307044650796|0,"Vintage LP: Don Juan in Hell, dir by Charles Laughton. A classic recording!",10.50,0.1245
v1|327255169275|0,BLUES BROTHERS VINYL ALBUM. ORIGINAL ATLANTIC RECORDS 1978,3.47,0.1245
v1|168516545268|0,Willie Colon & Ruben Blades-Siembra-Orig.1978 Fania Records-Gatefold Cover,17.50,0.1245
v1|287414070723|0,"Buffalo Springfield-1967 Atco ""Buffalo Springfield Again"" LP/NM/NM-/EX",7.99,0.1245
v1|198487524343|0,2 JULIO IGLESIAS VINYL ALBUMS-1982 “MOMENTOS” & 1984 “1100 BEL AIR PLACE-FINE!,45.00,0.1244
v1|168526170846|0,"Fleetwood Mac - In Chicago (2xLP Vinyl Gatefold, 1975, Sire Records) SASH-3715-2",12.99,0.1243
v1|257601508696|0,Fire N' Light - Ready For The Fight 1985 lp Private AOR Gospel Boogie Soul NM,6.50,0.1243
v1|158070570909|0,THE MYSTICS - LP - (301)),4.00,0.1243
v1|287450916684|0,JOHNNY LEE - TIL THE BARS RUN DOWN - LP (X1),5.00,0.1242
v1|358775229107|0,Ted Nugent Vintage Vinyl Promo Lot - (1977 White Label)  Rare DJ Matrices,75.00,0.1242
v1|407059852745|0,M People - How Can I Love You More ~Made in England 74321 130231~ Heather Small,4.99,0.1241
v1|117296900841|0,Westminster 1956 [Red Label] Dvorak - Rodzinski New World Symphony #5 [WL-5370],4.99,0.1240
v1|366531171976|0,JEAN MICHEL JARRE Rendez-Vous PROMO LP 1986 POLYDOR/DREYFUS 829 125 Translucnet,20.00,0.1240
v1|336679841689|0,Out of Service: The Ground Beneath Me Vinyl Record Red/Black Button /200 12” LP ,14.99,0.1238
v1|318520112958|0,Carly Simon – No Secrets - US LP + card OIS Reissue 1976,4.99,0.1238
v1|298493711794|0,The Commodore Jazz Classics - 1979 3-LP Box Set w/ Booklet MINT,9.99,0.1237
v1|298493712899|0,"PEGGY SEEGER: different therefore equal FOLKWAYS 12"" LP",8.99,0.1237
v1|198488035949|0,"Genesis Mama 12"" Single Vinyl Record LP 1st Press Prog Hard Rock Classic",0.99,0.1236
v1|407061537657|0,supertramp breakfast in america lp 1979 VG+,12.00,0.1236
v1|257614281424|0,"The Temptations Anthology Motown 12"" Black Vinyl LP Record Soul R&B Compilation",7.16,0.1235
v1|198487894663|0,Sammy Hagar VOA 1st Press Vinyl Record LP Hard Rock Heavy Van Halen,10.50,0.1235
v1|206406100182|0,Ricard Levitan The Assassination Of A President Vinyl Gatefold ,0.99,0.1234
v1|398146242355|0,"XEX ""group: xex"" Private Label Electronic Darkwave LP 1980",24.99,0.1233
v1|168529266934|0,"TELARC 10047 TCHAIKOVSKY SYMPHONY #4 LORIN MAAZEL DIGITAL 1979 NM,VG++ TO NM",5.99,0.1233
v1|178257080569|0,"GOD WITHIN Raincry, Scott Hardkiss / San Fran /  Vinyl  LP",9.99,0.1233
v1|117293946481|0,Puscifer - Money Shot - LP Maynard Tool First Pressing 2015,80.00,0.1232
v1|137499392234|0,"Kasim Sulton Lights On vinyl LP CBS promo 1986, Todd Rundgren, Joan Jett, Utopia",10.00,0.1231
v1|178302407824|0,Waylon Jennings ‎–  LP : It's Only Rock & Roll [RCA PL 14673] - German Press -NM,5.00,0.1230
v1|147425844966|0,"The Chuck Wagon Gang, 1959 Harmony Vinyl LP, In The Garden",0.77,0.1229
v1|188605183603|0,Rare 1960's Promo 45.,3.99,0.1229
v1|127966640602|0,AC/DC - Who Made Who - NM/VG 1986 Hard Rock Atlantic A1-81650 CRC 1ST Press,12.50,0.1229
v1|407059686432|0,"Charlie Palmieri – Impulsos, Lp Vinyl,  COCO RECORDS ",30.00,0.1228
v1|127964978002|0,"2 Nancy Wilson LP Albums Lot VG- Vinyl 12"" Classic Soul Vocal",0.99,0.1227
v1|358773646629|0,Giants Of Jazz Coleman Hawkins,36.00,0.1227
v1|318524306201|0,Paul Williams – Classics - US Soft -/Pop Rock LP 1977,4.99,0.1226
v1|267721768303|0,Fats Waller - Ain't Misbehavin' - LP/Vinyl - 1956 RCA Victor - First Pressing,1.00,0.1226
v1|168526166247|0,1969 garage psych acetate FIVE O'CLOCK IN THE MORNING American Eagle Blues Band,99.00,0.1226
v1|336675000545|0,Back to Back Mar-Keys and Booker T STAX 720 Mono 1st Press,9.99,0.1225
v1|147425614120|0,Original Pressing Taylor Swift Lover Live From Paris Heart-Shaped Vinyl Record ,380.00,0.1225
v1|198485860269|0,"John Denver ""Rhymes & Reasons"" Original Vinyl LP",5.00,0.1225
v1|800311408541|0,Jeff the Brotherhood - Dig the Classics Magenta Colored Vinyl LP,18.00,0.1224
v1|127968627894|0,LEGS DIAMOND Land Of The Gun 1986 NM/NM UK Import Lyric Sleeve,25.99,0.1224
v1|327249988347|0,"Dave Brubeck - Instant Brubeck ""LP""",3.50,0.1223
v1|147418428100|0,1972 Promo Copy THE HISTORY OF SOLOMON BURKE R&B Soul Singer VG Vintage Vinyl,12.50,0.1223
v1|298492416462|0,vinyl records lp,24.99,0.1223
v1|236927201443|0,"Joe Sample — Carmel (LP, ABC AA-1126, stereo, 1979, jazz) — autographed!",7.00,0.1223
v1|278157710782|0,BOBBY BORCHERS     Lot Of 1 Vinyl Record LP     WHITE LABEL/LABEL MARKED PROMO,1.99,0.1222
v1|257607535631|0,RAINBOW  1983 BENT OUT OF SHAPE  Mercury Records in shrink,30.00,0.1222
v1|318564223424|0,"Sammy Davis Jr. Mercury 8  ""EARTHBOUND"" / ""JUST ONE OF THOSE THINGS""  Listen",10.00,0.1222
v1|168523283140|0,BREAKWATER Splashdown Time / Let Love In (1980) Arista Boogie Soul Funk 45 HEAR,6.00,0.1221
v1|307044516643|0,"Art Garfunkel “Breakaway” Stereo Vinyl = VG:VG+ 12"" LP Record Rock, Pop Rock",3.00,0.1220
v1|188619031293|0,Alix Dobkin “Living With Lesbians” Women’s Wax Works A002 Spoken Word Vinyl LP,4.99,0.1220
v1|278169194635|0,"Pickwick Songs from Sesame Street, Archies, Pufnstuf & Bozo LP 12"" Vinyl Stereo",6.00,0.1220
v1|117297068961|0,Rare Vintage James Brown 1969 Black and Brown Stamp Sheet. Contains 50 Stamps,100.00,0.1220
v1|336673798499|0,HERBIE MANN AT NEWPORT LIVE JULY 4 1966 ATLANTIC ST LP JAZZ BOP FUSION GATEFOLD,6.00,0.1220
v1|298493953616|0,"2 Of Clubs on Fraternity ""River Deep Mountain High"" Excellent Northern Soul",12.00,0.1220
v1|158070197310|0,LEO SAYER - LP (29b),4.00,0.1219
v1|307052483436|0,BILLIE EILISH “Don't Smile At Me Yellow Vinyl”+ “When I Fall Asleep Debut Album”,22.50,0.1219
v1|257613018697|0,LP Original 1980 Merle Haggard Rainbow Stew Live EX shrink/EX,7.99,0.1218
v1|227423306446|0,"Buccaneer FIRST IMPRESSION / Burro Banton WARN DEM 12"" PROMO EP dancehall reggae",2.99,0.1217
v1|206406002807|0,History of Rhythm and Blues Volume 1 Vinyl LP Album VG+/VG,1.00,0.1217
v1|137487550449|0,Lavine Hudson Intervention lp + Bonus,7.99,0.1216
v1|227418593826|0,Frog Eyes Paul's Tomb: A Triumph 2 LP Dead Ocean Records,18.99,0.1216
v1|398109289461|0,"THE POLICE ""GHOST IN THE MACHINE"" VINYL LP A&M SP 3730",9.99,0.1216
v1|298491922225|0,THE GO-GO'S | VACATION VINYL LP RECORD 1982 | Inner | No Barcode,6.50,0.1216
v1|366531621904|0,War The World Is A Ghetto LP UAS-5652 Early United Artists Pressing Vinyl 1972,24.99,0.1215
v1|147425989597|0,David Allan Coe The Mysterious Rhinestone Cowboy Lp In Shrink Ex,31.00,0.1214
v1|117293496631|0,HI-TENSION - HI-TENSION LP ILPS 9564 ISLAND RECORDS 1978 VG+/NM,10.98,0.1213
v1|318564181793|0,OAK RIDGE BOYS HAVE ARRIVED in shrink NM  US vinyl LP,3.00,0.1213
v1|206404341870|0,2006 US Promo Dre Be Somebody 12” Vinyl Single Keshia Cole,0.99,0.1213
v1|137499379186|0,"Jerry Lee Lewis,Sun 296,""High School Confidential 1958 Rock A Billy, First Press",7.00,0.1213
v1|318524240948|0,Spiders From Mars - s/t - US Glam LP 1976,4.99,0.1212
v1|127965848158|0,Led Zeppelin Debut LP Atlantic SD 19126 Mid-70s Reissue VG+ Partial Shrink -,37.50,0.1212
v1|147429930598|0,"1988 Samuel ‎– Open Your Eyes 12"" Vinyl Record",17.00,0.1211
v1|168525926256|0,THE CARPENTERS Original 1971 Vinyl LP A&M Records SP 3502,30.00,0.1211
v1|287450224834|0,The Church – Starfish. Vinyl LP Record Album. Club Edition. Carrollton Pressing,25.80,0.1210
v1|227423155738|0,JOHN FOXX-THE GOLDEN SECTION From Ultravox,15.00,0.1210
v1|298493712906|0,Patti LaBelle S/T Self-Titled LP Vinyl If You Don't Know Me By Now Soul,4.99,0.1210
v1|407059793676|0,the Seekers - Self Titled S/T ~ Made in UK REGAL SREG-9564 ~ Alternate Cover - E,6.99,0.1209
v1|318517004115|0,Cliff Richard – Wired For Sound - German Import LP + OIS 1981,4.99,0.1209
v1|257613323963|0,The Three Suns The Happy Go Lucky Sound LP RCA Camden  CAL 454,2.00,0.1208
v1|336680067769|0,"Mark Richardson /James Lawson - Hard Trance EP Volume 1 (12"", EP)",0.99,0.1208
v1|236926749185|0,Atlanta Rhythm Section Champagne Jam Polydor PD-1-6134 Vinyl LP Rock Sleeve,4.00,0.1208
v1|407059918049|0,The Chimes ~ True Love - Vinyl Made in UK England - CHIM T2 - VG+,4.99,0.1207
v1|407053480329|0," McGuinn ,Clark and Hillman  Vinyl VG  Cover VG+  ULTRASONIC CLEAN ",3.99,0.1207
v1|198487995022|0,"If You Can't Please Yourself You Can't, Please Your Soul ; 1985 LP VINYL",15.37,0.1207
v1|358760230784|0,STYX Paradise Theatre Vinyl LP US Gatefold Laser Etched Side 2 SP-3719 1981,3.93,0.1207
v1|178297792151|0,"Harry Belefonte - ""Returns To Carnegie Hall"" - Double LP",1.00,0.1207
v1|127964884685|0,MELANIE MARTINEZ - Hades Blood Records 2LP Vinyl Record /3000 [SHIPS NOW!] 🆕 ✅,16.50,0.1207
v1|178302641157|0,"Bobbie Gentry - Touch 'Em With Love, LP - Vinyl",1.00,0.1206
v1|147425524921|0,Floorwax – Promotional WMC '96 Sampler FLO PRO 155 Limited Promotional Edition,14.00,0.1206
v1|278167459046|0,Uriah Heep Salisbury Progressive rock Mercury LP VINYL ALBUM,20.00,0.1204
v1|227422991006|0,Beniamino Gigli late ~1920s Press - Giusto Cielo! Rispondete HMV Record Original,25.00,0.1203
v1|377330525132|0,Madonna Like a Virgin Vinyl Maxi-Single Remix Sire Records Pop 0-20157,17.77,0.1203
v1|147425608322|0,"Pickwick Neil Sedaka Breaking Up Is Hard To Do 12"" 33RPM Stereo LP ACL-7006",2.00,0.1202
v1|278159498651|0,ROSTROPOVICH GIULINI DVORAK CELLO CONCERTO SAINT-SAENS ANGEL STEREO LP SHRINK,8.00,0.1202
v1|236927114578|0,"Doors by Doors (Record, 1996)",12.99,0.1201
v1|227424287777|0,"JOSH ALBERT HALEY, WHERE OF I AM GLAD",20.00,0.1201
v1|168523956540|0,SWEET GEORGIA BROWN / BYE BYE BLUES BROTHER BONES 1971 HARLEM GLOBETROTTERS & PS,3.00,0.1201
v1|178295592503|0,3 Vintage Vinyl LPs - Voyager - The Sunshine Band - Salsoul Saturday Disco Party,14.00,0.1201
v1|267722524444|0,"John Paul Young John Paul Young Vinyl LP Record 12"" Black Midsong SBLK-2535",3.29,0.1200
v1|168529339395|0,TELARC DG 10042 MOUSSORGSKY Pictures at Exhibition NIGHT MAAZEL Digital 1979 NM,5.99,0.1199
v1|188627396604|0,Steve Forbert Alive On Arrival 1978 NM Vinyl STERLING Nemperor JZ 35538,9.99,0.1199
v1|178296020019|0,R.E.M.-LIFES RICH PAGENT-1986 ORIGINAL VINYL LP-SWEET VINYL LP PLAY TESTED,29.99,0.1198
v1|278167981465|0,PINK FLOYD 👻 🎸 🔊 🎶 👀 A NICE PAIR ~ 2-LP SET BANNED COVER ~ 1973 👀 🔥🔥,73.00,0.1198
v1|257613306537|0,Steve Howe 2nd solo album U.S. gatefold,10.00,0.1198
v1|318564314819|0,1964 SOMETHING NEW THE BEATLES MONO T 2108 W/ SHRINKWRAP EX.+ LP,35.00,0.1197
v1|198478252440|0,Elvis Costello- My Aim Is True- Stiff COU/ SEEZ 3- Belgium Blue Vinyl Pressing,20.50,0.1196
v1|407053317307|0,The Band Moondog Matinee Capitol SW-11214 Ultrasonic Cleaned Vg+vinyl Vg Cover ,3.99,0.1196
v1|358763883317|0,Carpenters the Singles 1969-1973 LP Vinyl Record A&M,2.60,0.1196
v1|137498926177|0,Al Di Meola ‎– Electric Rendezvous Vinyl LP 1982 Columbia ‎Vintage Vinyl,18.00,0.1195
v1|318564223405|0,"ATLANTIC 78 IVORY JOE HUNTER ""IT MAY SOUND SILLY"" / ""I GOT TO LEARN""  LISTEN",10.00,0.1195
v1|127965043984|0,Joe Jackson Band Beat Crazy A&M LP Vinyl Rock Stereo 2PSP-4837 Inner Sleeve,5.00,0.1194
v1|287447910664|0,Sammy Hagar Standing Hampton Vinyl VG+ Tested & Cleaned,7.95,0.1194
v1|278166350298|0,Def Leppard – Hysteria. Vinyl LP Record Album. Brown Translucent. 49,40.00,0.1194
v1|178295632180|0,Stage Door Canteen LP Heartland Jazz Big  Band Compilation  4 Album Set,4.99,0.1194
v1|398157701416|0,~~STRYPER~~TO HELL WITH THE DEVIL~~ENIGMA73237~~GATEFOLD~~,19.99,0.1193
v1|307044637238|0,"Baja Marimba Band “Heads Up!” Mono Vinyl = VG:VG+ 12"" LP Record Jazz, Latin Jazz",2.50,0.1193
v1|257613668727|0,JOAN BAEZ Come From The Shadows 1972 LP  Record A&M QU 54339,5.67,0.1192
v1|168525634245|0,The Drifters Golden Hits LP Vinyl Atlantic Records SD 8153 EX Ultrasonic Clean,20.99,0.1192
v1|158075209470|0,Motley Crue Theatre Of Pain LP Original 1985 Elektra Autographed Signed EX Rare,480.00,0.1191
v1|318559433273|0,"JEALOUSY Ashitatenkininare 7"" Vap 10099-07 Japan Funk City Pop Disco Vinyl 45",19.99,0.1191
v1|158070227602|0,BRAD SUGGS Ooh-Wee/I Walk The Line 1960 Phillips International 3549 45 rpm M-,7.00,0.1189
v1|327248741078|0,"Boy George of Culture Club  LP  ""Sold"" 1987  Vinyl Record +Bio  ♪ Good Condition",7.99,0.1189
v1|327253924161|0,"Steve Goodman - Santa Ana Winds LP - NM Vinyl - ""Face On The Cutting Room Floor""",17.98,0.1188
v1|236920621687|0,Louis Jordan Discography & Storyville mag #137 (1989) - Blues R&B,14.99,0.1188
v1|168522724520|0,CURTIS FULLER Chant Of The Congo / Do I Love You Deed I Do Warwick Soul Jazz 45,6.00,0.1188
v1|267719653103|0,Graham Parker And The Rumour – The Parkerilla (2x) LP - 1978 - EX/VG+,8.00,0.1187
v1|398167954131|0,WILLIAM BELL Relating STAX Funk Soul R&B | Jam! |  LP HEAR,9.99,0.1187
v1|227423306444|0,"John Holt  WHY CAN'T I LEAVE YOUR / TRIBAL WAR 12"" CHANNEL ONE IMPORT reggae",14.99,0.1186
v1|236930325587|0,Bobby Orlando Ian Darby Break City / Taking The Waterfront By Force 12” Single,19.99,0.1185
v1|147427380224|0,DICKSON HALL - Cowboy/It’s A Long Walk Home - VG+,2.00,0.1185
v1|318524346657|0,The Ventures – Guitar Genius Of The Ventures - US LP 1968,4.99,0.1185
v1|127966173623|0,Kilslug Answer The Call Vinyl Lp Oop Original Copy Rip LARRY and Seth ,22.22,0.1185
v1|236930144150|0,Italo Disco Hey Fever Sneezing Song 12” Single South Africa,9.99,0.1185
v1|158076060520|0,1940s Oklahoma Musical with Musical Booklet. Sides 1&12 Record Is Broken,10.00,0.1185
v1|158058617229|0,Anthology of Canadian Music Violet Archer (ACM 17) Rare RCI Seven LP Collection,100.00,0.1184
v1|236925905039|0,Propaghandhi- How to Clean a Couple of Things pic slv amber transparent wax 45,49.99,0.1184
v1|158070478172|0,Tom Scott - Desire (Vinyl LP Record)~ 1982 Elektra ~ Jazz Fusion,1.99,0.1183
v1|318519980843|0,"The Lovin' Spoonful – In Woody Allen's ""What's Up, Tiger Lily?"" - US LP 1966",4.99,0.1183
v1|407060026291|0,Wayne Newton – Summer Wind - 1965 - Capitol Records T 2389 Vinyl LP VG In Shrink,3.00,0.1183
v1|327253962780|0,"VINYL LOVERBOY ""KEEP IT UP"" ORIGINAL PREOWNED GREAT SHAPE 1983",7.50,0.1182
v1|158070464940|0,"1972 Three Dog Night Seven Separate Fools LP-Ex w/ All 7 Cards M, Shrink-Inner M",45.00,0.1181
v1|198488237994|0,"Deep Purple Anthology Double Record (Harvest 1985, UK: PUR1 / EN 26 0612 3)",150.00,0.1180
v1|358776813358|0,Bad Company LP Holy Water NM 1990 ATCO ORIG,35.00,0.1180
v1|178297630816|0,"E-Z ROLLERS Walk This Land MIX 12"" Vinyl DJ Single SHADOW 130 PROMO 1999 VG+",4.00,0.1179
v1|206405903399|0,"Capitol A Taste of Honey Twice As Sweet 12"" Vinyl LP Disco ST-12089 ST-1-12089",700.00,0.1179
v1|158070425821|0,Barry Wedgle  Kake Wonderful World Records 1982 . Rare.,29.95,0.1179
v1|158071127082|0,The Originator Give It All Youve Got Lp Vinyl Record Electronic Album Vg+ 2000,5.99,0.1179
v1|800316277126|0,RAREThe RollingStones Goin Back To The Roots 1972 Vinyl LP LiveRubberDubberStamp,100.00,0.1179
v1|257613305332|0,"U2 ""Boy"" used original U.S. album",20.00,0.1179
v1|267718955619|0,Vintage Record Lot-Includes 4 Peter Pan + 3 Golden Records-w/5 Rare Sleeve Art,140.00,0.1179
v1|227423075645|0,Eurythmics – Touch LP AFL1-4917 Vinyl 1983 Reissue Here Comes The Rain Again EX!,11.99,0.1179
v1|278166779564|0,"Robbie Robertson -Sinematic (deluxe edition) 2 lp, 1 cd  sealed Rare *",19.99,0.1178
v1|198487907222|0,Helloween Keeper of the Seven Keys Part 1 180 Gram Vinyl Record LP Heavy Metal,27.00,0.1177
v1|257608414120|0,Jeff Beck Group Rough and Ready Vinyl LP Record 1971 Pressing,5.00,0.1177
v1|127965126930|0,John Lennon Mind Games Capitol Records 1973 EX COND,10.00,0.1176
v1|206406009529|0,MOTOR CITY ROLLERS - Stevie Wonder Songbook - 1976 Vinyl LP In Shrink - SPC 3567,0.99,0.1176
v1|147427601954|0,"""THE FOX""  1970  FOR FOX SAKE  VINYL W/ATTACHED POSTER PSYCHEDELIC POP  U.K.",9.99,0.1175
v1|206409724143|0,"HOYT AXTON:LP "" Explodes "" on VEE-JAY records - tested",6.00,0.1175
v1|398155550372|0,"PINK FLOYD, THE FINAL CUT, NM ORIGINAL VINYL",35.00,0.1175
v1|127968627826|0,ASLEEP AT THE WHEEL The Wheel 1977 1st Press NM Vinyl,9.99,0.1175
v1|358760283746|0,Barbara Streisand/Kris Kristofferson A Star Is Born Vinyl LP 1976 G+/G,2.15,0.1171
v1|377336354086|0,"Ludacris LL Cool J Keith Murray Fatty Girl Vinyl 12"" Single FUBU Hip-Hop Rap",11.21,0.1171
v1|127964871666|0,"Jimi Hendrix High, Live N Dirty Red Vinyl 1978 Collectors Edition Mint,Near Mint",29.99,0.1171
v1|318516954615|0,Cliff Richard – I'm Nearly Famous - US LP 1976,4.99,0.1170
v1|278167464211|0,FIVE STAR - LUXURY OF LIFE - LP (X1),8.00,0.1170
v1|257614492997|0,"The Judds Rockin' With The Rhythm 1985 12"" Vinyl LP 33 RPM RCA AHL1-7042 VG+ VG",4.56,0.1170
v1|137497326384|0,"Pink Floyd LP - ""The Wall"" + T-Shirt - Original LP -36183 w/ inner sleeves - VG+",39.99,0.1169
v1|127968735071|0,T REX / 45 Vinyl Record Hot Love Seagull Woman One Inch Rock,6.00,0.1168
v1|178302400188|0,Mel Torme – Live At The Maisonette - 1975 - Atlantic SD 18129,2.00,0.1168
v1|117297098165|0,"Vinyl 10""Columbia.CL6156. JAZZ SESSION-BOBBY HACKETT-Trumpet.NM",9.99,0.1168
v1|158068121111|0,"COASTERS, THE---CHARLIE BROWN   (1959 TOP SONG)/ THREE COOL CATS VG+",5.00,0.1168
v1|358774058561|0,The Care Bears Adventures in Care-a-Lot LP Vinyl - Kid Stuff Records & Tapes,10.00,0.1168
v1|168518562559|0,"America's Musical Heritage vintage 1971 2 LP set, MCA DX 513",9.99,0.1166
v1|168518302122|0,"PIL (PUBLIC IMAGE LIMITED)  paris au printemps IMAGE PUBLIQUE S.A., 12” vinyl LP",25.00,0.1166
v1|407065857512|0,LP VA  Terry Lee LOST NITE 112 TL Sound- Various DOO-WOP VG++,5.00,0.1166
v1|267719570869|0,1960s  Bravado Brass* – Let The Party Begin  DS-2445-A,7.99,0.1165
v1|257613349785|0,BOZ SCAGGS - SLOW DANCER - VINYL RECORD LP No Sleve. Fair Condition. ,6.99,0.1165
v1|267719628548|0,Buck Owens - Together Again / My Heart Skips A Beat LP - 1964 - VG+/VG,8.00,0.1165
v1|298484802386|0,Giant Claw – Decadent Stress Chamber Vinyl LP,20.00,0.1164
v1|178298120726|0,"Kiss - ""Love Gun"" - 1st Edition LP",12.00,0.1164
v1|336679425500|0,RARE STAMP Allman Brothers Band Vinyl LP 1969 Original ATCO 1st Press SD 33-308,21.00,0.1163
v1|358777011164|0,SUZI QUATRO – If You Knew Suzi.. (1979) True US 1st Pressing | WHITE LABEL PROMO,20.00,0.1163
v1|267721729008|0,Grachan Moncur III - New Africa - LP/Vinyl - 2002 Reissue - Get Back 321 - 180gm,20.00,0.1163
v1|198478473692|0,Joan Jett and TheBlackhearts-I Love Rock N Roll VG/EX 1981 Feat Crimson & Clover,7.00,0.1163
v1|188619912905|0,"Shel Silverstein Freakin' at the Freakers Ball 1972 Columbia 12"" LP Stereo",26.66,0.1163
v1|127966668797|0,"Chicago ""Love Me Tomorrow"" 45 Vg+ Tested Jukebox Rare 1982",4.99,0.1162
v1|358774690246|0,"Jerry Lee Lewis The Greatest Live Show On Earth LP Vinyl 12"" Smash Mono",15.00,0.1162
v1|178296120449|0,Jody Watley Self-Titled Vinyl Record LP MCA-5898 1987,12.59,0.1162
v1|206405681248|0,Conway Twitty - Chasin’ Rainbows VINYL Lp W1-25294 Warner Bros. Records 1985,2.99,0.1162
v1|147426625378|0,"Orquesta HARLOW & Ismael MIRANDA ""LO MEJOR""",15.00,0.1161
v1|336680119146|0,BILLY JOEL The Nylon Curtain Columbia 1982 First Pressing in Shrink QC-38200,10.00,0.1161
v1|267721735374|0,Calvin Jackson Quartet - Rave Notice - LP/Vinyl- 6 Eye - Columbia CL824,5.00,0.1160
v1|227423182549|0,"Alan Jackson Love's Got A Hold on You 1991 Arista 7"" vinyl record",5.99,0.1160
v1|318564223400|0,"JAN BRADLEY - CHESS 1845   ""MAMA DIDN'T LIE"" /""LOVERS LIKE ME""  1963 LISTEN",10.00,0.1159
v1|257613111929|0,Hello Dolly LP Vinyl SIGNED Thomas Jefferson Autograph Jazz Record Maison Bourbo,6.99,0.1159
v1|407059515577|0,"Ruben Blades – Mucho Mejor  Lp Vinyl,  FANIA RECORDS ",30.00,0.1159
v1|178297433422|0,"Meet El Presidente/Vertigo (Do The Demolition) 7"" by Duran Duran vinyl 1987 VG+",10.00,0.1158
v1|267719627541|0,Ted Nugent – Cat Scratch Fever LP - 1977 - VG+/VG+,12.00,0.1158
v1|800316505761|0,Earth And Pillars - Earth I LP,20.00,0.1157
v1|168526224087|0,"Playing For Keeps (1986) Vinyl LP • Soundtrack, Phil Collins, Pete Townshend",4.00,0.1157
v1|147425588380|0,Everest Johann Strauss Die Fledermaus Stereo 2LP Vinyl Box Set S-463/2,8.00,0.1156
v1|158071122386|0,Busta Rhymes Turn It Up 12” TEST PRESS vinyl Record 1998 Hip Hop RARE ,6.99,0.1156
v1|236926254747|0,"Artur Rodzinski ""Richard Strauss: Don Juan/Rosenkavalier"" 1975 LP, VERY GOOD ABC",4.99,0.1155
v1|298494464997|0,andy williams vinyl,2.80,0.1155
v1|147426987579|0,Giuseppe Verdi Don Carlos Carreras Gruberova Freni Karajan Angel 1st Ed. Superb!,15.99,0.1154
v1|206396464476|0,Red Foley's Golden Favorites #47 (Chattanoogie Shoe Shine Boy) plus more,12.99,0.1152
v1|188627411653|0,Supersax 3LP lot NM/NM Plays Bird Volume 2 Salt Peanuts & With Strings in Shrink,19.99,0.1152
v1|198487918811|0,Hurricane Take What You Want 1st Press Vinyl Record LP Hard Rock Heavy Metal,9.50,0.1152
v1|278170127873|0,DAVE BABY CORTEZ - RINKY DINK - LP (BOX-I8),5.00,0.1152
v1|178295649093|0,Sonora Hnos Baca ¨ VIVAN LAS FIESTAS¨ 1973  Hard Find Vinyl IFESA Ecuador Press,18.86,0.1151
v1|117296062522|0,Kai Winding Modern Country 1964 1st Press NM/NM- Verve V 8602,12.99,0.1150
v1|278174533947|0,"John Mayall Bare Wires/Commander Cody Hot Licks,Cold Steel Pair Of LPs",2.00,0.1149
v1|298492405234|0,LP Soundtrack Breaking Bad (From Original Show) Record Store Day Clear Vinyl,60.00,0.1149
v1|407060057025|0,RADWIMPS Forever Daze 2xLP + Wonderboy’s Akumu Club Vinyl 2xLP,30.00,0.1149
v1|117288175998|0,Culture Club - Colour By Numbers QE39107 Original 1983 Vinyl Virgin Records,4.99,0.1148
v1|147425564457|0,Million Dollar Sound Sampler A&M Records SP-19001 Original U.S. Stereo Promotion,10.00,0.1147
v1|327254032471|0,"FLOS FORMER LADIES OF SUPREMES WERE BACK ORIGINAL 1987 SUPERSTAR 12"" VINYL",3.99,0.1147
v1|407059664074|0,"José Luis Rodríguez – Señor Corazón, Lp Vinyl * Sono-Rodven",15.00,0.1147
v1|158059725150|0,"Borodin*, Mendelssohn*, Members of The Vienna Octet* ‎– Quintet In C Minor / Sex",24.00,0.1146
v1|800297575531|0,More Mission Impossible,40.00,0.1145
v1|127965847178|0,"Jerry Garcia | Grateful Dead, Green Label | Vinyl LP | 1972 WB BS 2582 | VG",19.99,0.1145
v1|327254007547|0,JIMI HENDRIX; AXIS BOLD AS LOVE LP #6281 REPRISE RECORDS - Excellent Condition,24.99,0.1144
v1|327253927741|0,Steve Goodman - High and Outside LP - NM Vinyl - 1979 - Asylum Records 6E-174,13.98,0.1144
v1|298493537341|0,Charlie McCoy         5-LP's        NM or as described        1973-1982,22.00,0.1144
v1|147427371684|0,BLUE OYSTER CULT - The Reaper/Tattoo Vampire - G+-VG,2.75,0.1144
v1|188627466716|0,THE WOODENTOPS Wooden Foot Cops On The Highway NM/NM PROMO MASTERDISK 1988,12.99,0.1144
v1|236927320035|0,Grateful Dead Workingman's Dead LP Warner Bros. WS 1869 Late 1970s Pressing VG+,20.00,0.1144
v1|358777239014|0,"Quincy Jones- The Dude, Al Jarreau- All Fly Home Soul/Jazz VINYL",9.00,0.1144
v1|257614167030|0,"Joan Baez Where Are You Now, My Son? A&M SP-4636 12"" Black Vinyl LP Folk",5.00,0.1143
v1|178298058839|0,Maria Muldaur Maria Muldaur,3.99,0.1143
v1|327253748217|0,Diana Ross Why Do Fools Fall In Love LP Vinyl Record Album AFL1-4153,3.00,0.1142
v1|298493711306|0,Joni Mitchell - Blue Vinyl LP Record - 1971 Reprise Records MS 2038,29.99,0.1142
v1|127968627897|0,Edgar Winter's White Trash Roadwork 1972 1st Press Gatefold Ultrasonic Clean,9.99,0.1141
v1|117294047065|0,Stuff More Stuff Steve Gadd Eric Gale Richard Tee,14.99,0.1141
v1|206403804052|0,7 LP Comedy Bill Cosby Lily Tomlin Steve Gallon Rusty Warren I Started Out as,10.00,0.1141
v1|147426013478|0,The Country Gentlemen - Self-Titled - 1973 Original Vanguard LP - VSD-79331,1.99,0.1140
v1|318517013852|0,Cliff Richard – Seine Großen Erfolge - German Reissue LP,4.99,0.1140
v1|158070375310|0,"Teddy Pendergrass ""Live! Coast to Coast"" Vinyl 2LP- Philly International",9.99,0.1139
v1|206404181376|0,Chaliapin Sings Scala 801 LP Vinyl Record,4.99,0.1139
v1|307051042592|0,Ringo Starr - Ringo's Rotogravure Vinyl LP - 1976 - Atlantic SD 18193 Tested EX,2.99,0.1139
v1|800315506820|0,Twenty Seven Rock Punk 45 Dont Go To Extremes on Tremor,20.00,0.1139
v1|318564223447|0,"CHARLES McCULLOUGH & THE SILKS -  DOOTO 45 ""MY GIRL"" / ""ZORRO""   LISTEN",8.00,0.1138
v1|158070012580|0,CHARLES IVES ~  ORCHESTRAL WORKS   1967 STEREO Vinyl LP ,1.99,0.1138
v1|127969765764|0,LP More Mother Goose - Disney # 1225  - Play Along At Home Rhythm Band - 1962,7.00,0.1137
v1|178297978491|0,"Bruce Channel - Hey! Baby / Dream Girl - 1962 - 7""",6.50,0.1137
v1|327257089339|0,Rita Coolidge “Nice Feelin” (1971) Original Vinyl LP A&M Album SP-4325,3.00,0.1137
v1|327257092393|0,Rita Coolidge “Satisfied” (1979) Original Vinyl LP A&M Album SP-4781,3.00,0.1137
v1|168529049430|0,Dean Martin – Return To Me / Forgetting You  1958 VG,2.65,0.1137
v1|178295754532|0,Spectrum Forever Alien 2KP Yellow Vinyl,30.00,0.1136
v1|407060592278|0,Duane Eddy and the Rebels - In Person   1963 Vinyl Record Album   VG / VG,5.00,0.1136
v1|117293551568|0,Billy Ray Cyrus - Some Gave All - Vinyl LP - 1992 - Denmark Press - Mint - RARE!,100.00,0.1136
v1|158075209108|0,"Simon & Garfunkel Bookends LP Columbia ""2-Eye'"" Shrink Stereo Poster Inserts VG+",39.99,0.1135
v1|188621308191|0,Black Sabbath Mob Rules Vinyl LP Album from 1981 in NM Condition,200.00,0.1135
v1|147426837026|0,John Lennon Yoko Ono Double Fantasy Vinyl,10.00,0.1135
v1|117297072150|0,"Vinyl-10""Capitol-4-Lp.Artistry in Rhythm/S.K.Presents/Sity of Glass/Portraits",19.99,0.1134
v1|168529049445|0,Eileen Rodgers - Miracle Of Love / Unwanted Heart  1956 VG+,2.65,0.1134
v1|137497264150|0,John Lennon Yoko Ono - Double Fantasy - (1980) Vinyl LP Record GHS2001 US Geffen,7.00,0.1134
v1|168518340784|0,"Roger Daltrey - Take Me Home -Atlantic – DMD 1055 yr 1987 12"" Pop Rock",5.99,0.1133
v1|188621316942|0,Black Sabbath Live Evil Vinyl 2 LP Album from 1981 in NM Condition,150.00,0.1133
v1|267724577997|0,11 cereal records lot monkees 🐵🐵 archies sugar bears 🐻🐻 bobby sherman,39.99,0.1133
v1|147426569606|0,The Box Tops Super Hits LP Bell 6025 Original 1968 Stereo Alex Chilton EXCELLENT,9.99,0.1132
v1|267722409935|0,Henry Mancini The Best Of Henry Mancini RCA Victor LPM-2693 VG+/VG,1.99,0.1132
v1|127966313951|0,the new vaudeville band 33 rpm record lp winchester cathedral/very good,3.99,0.1132
v1|358777079814|0,Whitney Houston - Love Will Save The Day (1988) - RARE Gold Promo Stamp,25.00,0.1131
v1|267719031755|0,Der Meistersinger Quintet Schumann Melchior Schorr Parr RCA Victor 12” 78 7683,6.99,0.1131
v1|267722690216|0,JERMAINE JACKSON - LET ME TICKLE YOUR FANCY LP,2.99,0.1131
v1|407059981859|0,Ernie McCulloch - Ernie McCulloch Sings Stampede   VG / VG   Yodels and Ballads,5.00,0.1131
v1|407060061747|0,Lou Gold on CRN 3165,15.00,0.1130
v1|198486153857|0,"TOM TOM CLUB WORDY RAPPINGHOOD 12"" Single EX- US SIRE VINYL TALKING HEADS",9.98,0.1130
v1|298493711805|0,"IKE & TINA TURNER ""So Fine"" (1986) Funk/Soul LP Impact Records",9.99,0.1129
v1|178298158032|0,"Judy Collins - ""Hard Times For Lovers"" - LP",1.75,0.1129
v1|298485245012|0,"Blood, Sweat and Tears 3 KC 30090 Vinyl Record 1970 - David Clayton Thomas",6.00,0.1129
v1|127966552793|0,Sweet DESOLATION BOULEVARD Vinyl LP Album - 1975 - Capitol Records Club Edition,14.99,0.1128
v1|398158563849|0,Arlo Guthrie Alice’s Restaurant RS-6267 LP 1967 Steamboat Label Stereo,9.99,0.1128
v1|188618761587|0,"EDDIE CONDON JAMMIN' AT CONDON'S VOL.3 .7"" EP VINYL RECORD.JAZZ DRUMS",1.99,0.1126
v1|178296156553|0,Lp CALIFORNIA GRAND BETHEL Oakland 1974 VINTAGE VINYL,30.00,0.1126
v1|198487219061|0,"Elvis Presley 1970s LSP-1254 (E) Self Titled Album Stereo Vinyl 12"" VGC",14.85,0.1126
v1|407059878817|0,Kiss - Animalize ~ 1984 Cassette 422-822-4+95-4 M-1,9.99,0.1125
v1|227426216237|0,The Beatles' SECOND ALBUM Original 1964 Mono FIRST PRESSING FACTORY SEALED,256.00,0.1125
v1|278169464867|0,LEONARD BERNSTEIN LP CHICHESTER PSALMS CAMERATA SINGERS + Free Puccini Arias,10.00,0.1125
v1|377322569697|0,EUGENE ORMANDY - MENDELSSOHN A MIDSUMMER NIGHTS DREAM COLUMBIA STEREO LP MS 6628,8.00,0.1123
v1|407059979525|0,Air Supply - The One That You Love Vinyl Lp Arista AL 9551 Sticker in shrink,4.00,0.1123
v1|127969844682|0,BLOOD SWEAT & TEARS Child Is Father To The Man Debut LP Columbia First Press VG+,3.29,0.1121
v1|287448722828|0,J.R. & The Other Roxannes The Complete Story of Roxanne...The Album LP,3.00,0.1121
v1|227423006179|0,Jewel Live At The Inner Change NEW 2 LP VINYL 2020,30.00,0.1121
v1|377322569575|0,ARTHUR FIELDER & THE BOSTON POPS PLAY STRAUSS GRAMMOPHON PROMO LP GERMANY,15.00,0.1121
v1|117294046777|0,Christmas with Eddy Arnold & Henry Mancini LP Mint,12.99,0.1120
v1|127966570355|0,INXS The Swing Vinyl LP Album  - 1984 Limited Edition PROMO - ATCO Records,12.99,0.1119
v1|188618805649|0,"3rd BASSon LP  single "" POP GOES THE WEASEL "" hip hop boom bap",5.99,0.1119
v1|147425732555|0,Ballards of the Green Berets Record,6.75,0.1119
v1|398155663767|0,"78rpm 10"" Clef Records 89104 Gene Krupa Trio - Harmonica Boogie & September Song",9.99,0.1118
v1|137486654005|0,Janet Paschal I Give You Jesus lp Carman + Bonus,6.99,0.1117
v1|267722407611|0,Good Vibrations 22 Original Hits 22 Original Artists Vinyl LP Record Ronco 1973,3.99,0.1117
v1|307044661852|0,"John Davidson “John Davidson“ Stereo Vinyl = VG:VG+ 12"" LP Record Rock, Pop Rock",2.50,0.1116
v1|298491973154|0,4 FREDDIE FENDER 45RPM-/Wasted Days and Wasted Nights/ BeforeNext Teardrop Falls,4.99,0.1116
v1|287440679446|0,ERIC WEISSBERG & DELIVERANCE     Lot Of 1 Vinyl Record LP     WHITE LABEL PROMO,1.99,0.1116
v1|366537209920|0,Lisa Lisa And Cult Jam LET THE BEAT HIT EM 12” 1991 COLUMBIA 73834,9.60,0.1116
v1|158070405596|0,Bon Jovi - Slippery When Wet RARE original promo vinyl LP record '86,49.95,0.1115
v1|198487996432|0,Pop Will Eat Itself - Touched By The Hand Of Cicciolina - Vinyl Single - 1990,12.55,0.1115
v1|127968627947|0,Bread Baby I'm A Want You 1971 1st Press Lyric Sleeve Excellent!,12.99,0.1115
v1|407059899644|0,Marianne Faithfull - Faithless ~ NEL-6012 ~~ Record Made in UK England ~ E+,5.99,0.1115
v1|278159499885|0,ANDRE KOSTELANETZ - CONDUCTS BIZETS CARMEN COLUMBIA STEREO LP SHRINK,8.00,0.1115
v1|158075000636|0,Mamas and The Papas - Farewell to The First Golden Era LP DS-50025 (1967) Vinyl,5.00,0.1115
v1|298493692871|0,"Billy J. Kramer    LP    ""Trains & Boats & Planes""    MONO    NM or as described",17.00,0.1114
v1|407059474235|0,Christy Moore Smoke & Strong Whiskey,5.50,0.1114
v1|178275409228|0,"LOT 2 X JONI MITCHELL ""FOR THE ROSES"" + ""CLOUDS"" VINYL LP",9.99,0.1114
v1|267719653916|0,Graham Parker And The Rumour – Heat Treatment LP - 1976 - VG+/VG,10.00,0.1114
v1|257583100763|0,"Todd Rundgren-1971 Bearsville ""Runt: The Ballad Of Todd Rundgren"" LP/NM-/VG+",7.99,0.1113
v1|168529049407|0,"The Caroleers – Frosty The Snowman, God Rest Ye, Joy to the World 1958 G",2.65,0.1113
v1|398155533163|0,"VG++VINYL NEIL YOUNG,FIRST PRESS, TRANS, OLD WAYS, & CRAZY HORSE,RUST NO COVER",55.00,0.1112
v1|188618761589|0,"Ahmad Jamal Trio But Not For Me Music Music Music 45 rpm Argo Record 7"" Jazz",0.99,0.1111
v1|318564223397|0,"Rock & Role ESSEX  78 Bill Haley ""CRAZY MAN CRAZY"" / ""WHATCHA GONNA DO""",20.00,0.1111
v1|257613280422|0,Songs Of Kris Kristofferson 70's vinyl,5.00,0.1110
v1|127965138632|0,"Polydor James Brown The Spank / Love Me Tender 7"" Black Vinyl 45 PD 14487",2.30,0.1110
v1|127965116484|0,"Gino Vannelli Living Inside Myself/Stay With Me Arista 7"" 45 AS 0588 Promo 1981",1.59,0.1110
v1|366532708826|0,1956-WILD ROCKABILLY-ROY DRUSKY-THREE BLIND MICE- STINGING GUITAR SOLOS,19.99,0.1110
v1|188621809980|0,Froth - “Outside (Briefly)” Limited Yellow Vinyl,25.00,0.1110
v1|158070623260|0,1990     TURTLE  POWER  -  PARTNERS  IN  KRYME,3.95,0.1109
v1|257614755398|0,George Russell Orchestra New York N.Y. Acoustic Sounds Series 2021,15.00,0.1109
v1|307051104255|0,Stevie Wonder 45RPM “Go Home” 1985 80s Soul R&B Synth Pop 7” PROMO Vinyl PS NM,3.50,0.1109
v1|287450417613|0,"CHICAGO VI 12"" LP VG+ VINYL RECORD GATEFOLD COLUMBIA 1973",30.00,0.1108
v1|147426850456|0,Gary Wright The Dream Weaver Vinyl,10.00,0.1107
v1|278169367866|0,Ryuichi Sakamoto DIX 34 10 Rec Illustrated Musical Encyclopedia LP Vinyl Record,19.99,0.1107
v1|168525577235|0,Foreigner Head Games Vinyl Record Lp,4.99,0.1107
v1|117293443297|0,BILL MONROE Blue Grass Stomp / Girl In Blue Velvet Band 1949 78 Columbia 2,9.99,0.1107
v1|117296891472|0,The Nutcracker Ballet Artur Rodzinski Vinyl Record WGS 8147 LP 2,6.99,0.1107
v1|236925826864|0,VOICES OF LIBERTY~WALT DISNEY EPCOT CENTER LP (1987) DISNEYLAND 2524,25.00,0.1106
v1|318564217594|0,RENAISSANCE LIVE AT  CARNEGIE HALL US vinyl DOUBLE LP,4.00,0.1106
v1|398156697383|0,KISS - Rock and Roll Over LP 1976 Rock Pitman Pressing NBLP 7037,100.00,0.1105
v1|267724832710|0,"""VILLAGE PEOPLE 'Y.M.C.A./IN THE NAVY' OOP ORIG. REL. 1ST ED. VINYL 45 SINGLES""",30.00,0.1103
v1|307044649769|0,Vintage LP: John Gielgud's Production of Hamlet,22.50,0.1103
v1|377335042716|0,The Honey Drippers Volume One (1984) LP Vinyl Record EX,2.99,0.1103
v1|267721988992|0,"Ella Fitzgerald - Clap Hands, Here Comes Charlie! Original 1961 Vinyl LP",50.00,0.1102
v1|236930180630|0,Italo Disco Diana Barton Tango 12” Single,9.99,0.1102
v1|318517062225|0,Cliff Richard - Every Face Tells A Story - US LP + card OIS 1977,4.99,0.1102
v1|398156683510|0,"Don Gardner - My Baby Likes To Boogaloo 45rpm, 1966 Funk/Northern Soul Vintage",135.00,0.1102
v1|407053337674|0,LEO KOTTKE MUDLARK CAPITOL ST682 US VINYL LP VG COVER G+ ULTRASONIC CLEAN ,3.99,0.1101
v1|267722504857|0,Matrix Wizard LP Jazz Fusion VG + 1978 Warner Bros,7.99,0.1100
v1|407060510410|0,Bach Solo Violin Partitas & Sonatas MILSTEIN ORIG 1st DGG 3 LP BOX 2709047 MINT,15.00,0.1100
v1|407059851827|0,"Manu Dibango Soul Makossa / Big Blow 12"" 45 RPM London  LONX 19 UK import ",18.00,0.1100
v1|336683666418|0,DEF LEPPARD Hysteria Vinyl With HYPE STICKER - Excellent Cover & Vinyl -Original,50.00,0.1100
v1|178302557949|0,"Wynton Marsalis LP: ""Carnaval"", CBS Masterworks Vinyl Record Shrink",5.60,0.1099
v1|137497052952|0,Taylor Swift Fearless 2xLP Clear/Gold Vinyl RSD Record Store Day #1768/3750,1500.00,0.1098
v1|168529049343|0,Rodgers and Hammerstein-Overture / Shall We Dance?  EX,2.65,0.1098
v1|168526095679|0,SIMPLE MINDS New Gold Dream MARBLE PURPLE & GOLD VINYL LP 1983 A&M SP-6-4928 ,50.00,0.1098
v1|267721841400|0,"George Harrison 45 RPM 7"" Vinyl What Is Life / Apple Scruffs Apple 1828 1971",8.20,0.1098
v1|178288733605|0,In The Fishtank 12 Karate Vinyl Record LP 2005 Konkurrent,24.99,0.1098
v1|800316186415|0,"Mabel Mercer Sings Cole Porter, LP 1985 - Swing Jazz Vocalist - Tested Vinyl",3.49,0.1098
v1|137485896698|0,The Beatles – Sgt. Pepper 1978 Capitol Target VG+/VG w/ OG Inner & Cutouts,34.99,0.1097
v1|137488783336|0,The Beatles – Sgt. Pepper 1978 Capitol Target VG/VG w/ OG Inner & Cutouts,29.99,0.1097
v1|398158564989|0,Bob Marley & The Wailers Rastaman Vibration Vinyl Record LP ULTRASONIC CLEAN,14.99,0.1097
v1|307044518918|0,"Various”Metropolitan Opera Gala” Stereo Vinyl = VG+ 12"" LP Record 2530 260 Opera",3.00,0.1097
v1|127964978066|0,KISS - Self Titled Vinyl 1985 LP - Casablanca / Polygram  824146-1,29.99,0.1096
v1|158058617234|0,"Sir Thomas Beecham, BBC Chorus, BBC Symphony Orchestra ‎– Gounod Highlights from",27.00,0.1096
v1|398167922646|0,KOOL & THE GANG st DE LITE Funk Breaks | Debut | LP HEAR,51.00,0.1095
v1|188622222176|0,Lightin' Hopkins LP,10.00,0.1095
v1|227419197372|0,THE MOTHERS - OVER-NITE SENSATION - DISCREET MS 2149 - NM,5.99,0.1094
v1|318516974439|0,Cliff Richard – I'm Nearly Famous - US Reissue LP 1976,4.99,0.1094
v1|127966215367|0,Acid King Beyond Vision Vinyl Lp  New Never Played,12.99,0.1094
v1|127964882056|0,Eyehategod Take As Needed For Pain Vinyl Lp Sludge Core  Dystopia Grief ,102.50,0.1093
v1|158070267076|0,1988       KOKOMO  -  THE  BEACH  BOYS,3.55,0.1093
v1|158069720695|0,CBS Masterworks-SCHUBERT-Symphonies 2 & 8-BARENBOIM-Berlin Philharmonic--NM-./NM,5.67,0.1093
v1|158067962664|0,"Connie Francis, Breakin’ In A Brand New Broken Heart",3.00,0.1093
v1|198486279875|0,Tender Melody By Sofia Rotaru Vinyl,17.00,0.1092
v1|137502983810|0,Bob Marley & the Wailers Confrontation LP Vinyl Record Album Island Press,15.00,0.1092
v1|278154810087|0,"Martinez Carmany – Night And Day, 7"" Single UNPLAYED NM 1974",19.00,0.1092
v1|198487881033|0,Fastway Self Titled Vinyl Record LP w/45 single 1st Press Hard Rock Metal,10.50,0.1092
v1|318516838132|0,Cliff Richard – Rock 'N' Roll Juvenile - German Import LP + OIS 1979 Hype Sticke,4.99,0.1092
v1|168529325369|0,"TELARC 10043 FENNELL MACHO MARCHES SOUSA WILLIAMS 1979 DIGITAL NM,VG++ TO NM",5.99,0.1092
v1|257613663811|0,"Agent Intellect [Standard Vinyl] by Protomartyr (Record, 2015) Near Mint!!",20.00,0.1091
v1|206404164383|0,"Chorus Of The Black Sea Cossacks,..– The Cossacks! (1963 Vinyl Record, LP) VG++",4.50,0.1090
v1|278169943093|0,"Keith Moon – Two Sides of the Moon LP (1975, MCA/Track Records) Original Vinyl",7.20,0.1089
v1|267722531294|0,"ATLANTIC 78 JOE TURNER ""AFTER THE LAUGHTER CAME TEARS"" / ""CHAINS OF LOVE""  HEAR!",5.00,0.1089
v1|137499373097|0,ELVIS IN CONCERT 2 X VINYL LP IN EXCELLENT CONDITION,5.00,0.1089
v1|198480243941|0,JERZY POLOMSKI Nie Zapomnisz Nigdy 1972 LP Polish Pop Singer & Actor 70s Poland,10.00,0.1089
v1|188621433443|0,1960 Various-Golden Goodies Mercury SR-60217 LP Very Good + Vinyl Stereo Hi-Fi,4.95,0.1088
v1|267722549555|0,Paul & Linda McCartney Ram Mexican ep uncle Albert Dear Boy Beatles Scarce Mono,69.99,0.1087
v1|227424446525|0,"Charlie Rich ""Behind Closed Doors"" Vinyl LP Epic Records KE-32247",4.99,0.1086
v1|227424446525|0,"Charlie Rich ""Behind Closed Doors"" Vinyl LP Epic Records KE-32247",4.99,0.1086
v1|127965221803|0,Iron Maiden Maiden Japan vinyl EP,35.00,0.1086
v1|318516855375|0,"Cliff Richard - She's So Beautiful - UK Import 12"" 1985",4.99,0.1086
v1|298491972562|0,LES PAUL and MARY FORD LP-Bouquet of Roses,3.00,0.1085
v1|158070667628|0,"Vintage Eurythmics, Touch, Vinyl Lp, 1983",5.99,0.1085
v1|117293496506|0,"DURAN DURAN - THE WILD BOYS 1984 - 12"" VINYL LP - 12 Duran 3 - EX",11.50,0.1084
v1|267722459081|0,Joan Armatrading “Walk Under Ladders” Vinyl Record Lp 1981,3.99,0.1084
v1|206405852187|0,METALLICA: The $5.98 EP Garage Days Revisited USA Elektra ORIG Hard Rock LP,20.50,0.1084
v1|377331557388|0,OUR DAUGHTER'S WEDDING MOVING WINDOWS 1982 VINYL LP ST17075,9.00,0.1084
v1|147427009852|0,"""THE MOODY BLUES"" 1969 LP W/RARE 12 PAGE BOOKLET ON THE THRESHOLD, GATEFOLD ",9.99,0.1084
v1|236919417610|0,MANFRED MANN'S EARTH BAND - THE ROARING SILENCE LP (no cover),4.50,0.1083
v1|358777140663|0,Columbia Masterworks Respighi Fountains/Pines of Rome Ormandy LP ML 5279,10.00,0.1082
v1|336679498430|0,"Beartooth - Disgusting LP 12"" White Colored Vinyl Red Bull Records",75.00,0.1082
v1|358760908244|0,JIM RINGER  -  Any Old Wind That Blows  -  Philo LP,9.00,0.1082
v1|298492743773|0,Chuck Mangione-Children of Sanchez-dbl. lp vinyl album (EX/EX) Jazz Flugelhorn,7.00,0.1081
v1|377330028675|0,"Thai Rabbit Brand 78 ~ THAILAND NATIONAL ANTHEM, plus song for the royalty",49.95,0.1081
v1|366532716471|0,Paul McCartney RAM 1ST PRESSING W/LABEL ERROR! Vinyl,3000.00,0.1081
v1|407061320099|0,Dylan Thomas – An Evening With Dylan Reading His Own And Other Poems   VG / VG,5.00,0.1081
v1|377330590411|0,"Dana Dane This Be The Def Beat Is Coming Vinyl 12"" Promo Rap Profile PRO-7177",9.98,0.1081
v1|137499285098|0,CHUCK MANGIONE QUARTET  Vinyl LP 1972 Mercury Records SRM-1631 PROMO White Label,59.00,0.1081
v1|168529305246|0,Telarc DG-10065 SERKIN OZAWA BEETHOVEN Piano Concerto No. 5 1981 VG++ TO NM,5.99,0.1080
v1|298493535934|0,Eddie Rabbitt         5-LP's          NM or as described      1976-1988,22.00,0.1079
v1|206408284370|0,Bob Marley and The Wailers The Birth Of A Legend 1976 NM Vinyl Calla 2CAS-1240,19.99,0.1079
v1|358776610658|0,Surf Age Nuggets Album Released In 2013 Very Good Condition,10.00,0.1079
v1|127964825015|0,Aerosmith - Rocks - VG/VG 1976 Blues Rock Columbia PC-34165 Sleeve 1ST Press,4.99,0.1079
v1|188619358253|0,BRAHMS Symphony 2 EDUARD VAN BEINUM Epic LC3098 ED1 LP hifi stereo EX!,9.99,0.1078
v1|800315191711|0,1965      ALL  I  REALLY  WANT  TO  DO  -  THE  BYRDS,3.55,0.1078
v1|318551202492|0,"The Fleetwoods – The Very Best Of The Fleetwoods (1975, Vinyl LP) “Mr. Blue” Vg+",8.77,0.1075
v1|257613352314|0,BOZ SCAGGS DOWN TWO THEN  LEFT LP 1977 ORIGINAL PRESS Good CONDITION. ,6.99,0.1075
v1|188621314689|0,Cirith Ungol Frost And Fire Vinyl LP Album from 1981 in VG+ Condition,195.00,0.1075
v1|318564423244|0,Novo Combo Michael Shrieve THE ANIMATION GENERATION vinyl used VG,5.99,0.1074
v1|127965256693|0,"Iron Maiden Women in Uniform vinyl 12"" single",35.00,0.1073
v1|287441884670|0,"45s 7"" Vinyl Atlantic oldies Bobby Darin ""Dream Lover"",If I were a Carpenter""",7.00,0.1073
v1|327254930962|0,"Vintage ""Classic Film Scores For Bette Davis"" (1973)",4.80,0.1072
v1|336680122052|0,Go-Go's - Beauty And The Beat - 1981 I.R.S. Records 0-70021 Rock Vinyl LP VG+,5.00,0.1072
v1|168526095146|0,"MIKE & THE MECANICS All I Need Is A Miracle +2 1986 UK picture disc vinyl 12""",20.00,0.1072
v1|168516496349|0,"Wild man fischer an evening with wild man fischer 2 lp, nm",180.00,0.1072
v1|800311107539|0,RARE Greensboro NC O’Henry 78 RPM Johnny Gee Red Vinyl Hit Wuz Rasslin,9.99,0.1071
v1|257617747809|0,"""THE WHO 'TOMMY-OVERTURE/SEE ME, FEEL ME' (1970) OOP ORIG. REL. 1ST ED. SINGLE""",79.00,0.1071
v1|198486214678|0,Fred Waring and The Pennsylvanians Sing America's Favorite Songs - 8LPS SEALED,9.99,0.1070
v1|336679497347|0,"The Amity Affliction - Let The Ocean Take Me - LP 12"" Blue Vinyl",150.00,0.1069
v1|147426113036|0,Lauren Wood Featuring Novi & Ernie - Lauren Wood LP Beautiful Like New Cond.,1.59,0.1068
v1|336679151922|0,Jenson Jazz/Concert Band LP Vol.24 and 20 1988 Jenson Publications,5.00,0.1068
v1|227424447004|0,Pete Fountain  “Pete's Place” Vinyl LP Coral Records CRL 757453,4.99,0.1067
v1|127965179089|0,"The Amazing Rhythm Aces Mystery Train / Third Rate Romance 7"" 45 ABC-12078 Ster…",1.60,0.1067
v1|227424302082|0,THOMAS RAPP PEARLS BEFORE SWINE CITY OF GOLD,45.00,0.1067
v1|127965008961|0,Johnny Cash -From Sea To Shining Sea -NM/VG+ 1968 Outlaw Country Columbia MONO,4.99,0.1067
v1|267721794497|0,"Charlie Parker ""Bird At St. Nicks"" LP - Jazz Workshop Records JWS 500/OJC 041",14.98,0.1065
v1|287448399875|0,Paul Whiteman George Gershwin Rhapsody In Blue American In Paris Mono LP,4.49,0.1065
v1|407059863314|0,the Mama's & the Papa's - People Like Us ~ Record Made in U.K. MPF50299 ~ E+,9.99,0.1064
v1|267719040468|0,"NM 1986 Until December Secrets/We Are The Boys 12"" Maxi Single 415 Columbia",6.99,0.1063
v1|198486533634|0,Floyd Cramer - The Big Ones Volume II - RCA Victor  1970,4.55,0.1063
v1|398156429195|0,MERLE HAGGARD SONGWRITER LP 1986 ORIGINAL GREAT CONDITION!,8.00,0.1063
v1|137504788851|0,"1975 Ace Spectrum Keep Holding On 12"" Single Vinyl Record",9.00,0.1063
v1|398157146407|0,Jody Wately looking for a new love 12” Single,6.00,0.1061
v1|327254696295|0,1975 Capitol Records McCartney  Wings Venus and Mars Original Issue,15.00,0.1060
v1|377332345550|0,"7"" 45 RPM THE SPINNERS I'LL BE AROUND ON ATLANTIC NM- 1973",6.95,0.1060
v1|298493252856|0,1969 IN THE COURT OF KING CRIMSON VINYL RECORD - ATLANTIC SD-8245 - ROCK,35.00,0.1059
v1|127965062238|0,LEGS DIAMOND - Self Titled CD,22.00,0.1059
v1|168523943730|0,WE ARE THE WORLD Various Artist COLUMBIA LP Gatefold W/ Original Inner Sleeve,8.95,0.1059
v1|800310702468|0,Debbie Boone Love Has No Reason Vinyl LP Record  Mint Condition !,7.00,0.1059
v1|236927665795|0,Roger McGuinn Chris Hillman Byrd’s Vinyl Lot (6),30.00,0.1058
v1|336679151927|0,Jenson Jazz Band LP  Vol. 9 1983 Jenson Publications,5.00,0.1058
v1|800315052068|0,Milt Jackson With Hubert Laws Jazz LP Goodbye on CTI,18.00,0.1058
v1|127965847880|0,1965 Beach Boys' Party! Capitol DMAS-2398 Duophonic Gatefold LP + Fan Photos  VG,19.00,0.1058
v1|227422557278|0,Lionel Richie – Can't Slow Down LP 6059ML Vinyl 1983 ALL NIGHT LONG Gatefold VG+,8.00,0.1058
v1|307045803906|0,"Mickey Newbury “His Eye Is On The Sparrow”Stereo Vinyl=VG+ 12"" LP Record Country",3.00,0.1058
v1|137486674803|0,Cliff Richard Wired For Sound lp Daddy's Home + Bonus,6.99,0.1058
v1|298492743770|0,Roger Ruskin Spear - Electric Shocks - 1972 Vinyl LP - United Artists UA-LA097-F,5.00,0.1057
v1|137488498951|0,"Culture Club, Colour By Numbers, 1st Edition, Vinyl LP, VG++, Pop, 1983",9.99,0.1057
v1|206404105833|0,Pete Seeger - Young vs. Old - 1969 LP -  Columbia Records - CS 9873,4.00,0.1057
v1|307052609017|0,THREE DOG NIGHT Coming Down Your Way NEW 1975 LP Rock Vinyl Record ABC-888,14.95,0.1056
v1|307050857242|0,The Doobie Brothers Toulouse Street Album 1972 Very Good Condition,8.00,0.1056
v1|127966167685|0,INSANE CLOWN POSSE  Carnival Of Cranage Double Lp Michigan Hip Hop Rap ,81.00,0.1056
v1|168516565542|0,Tipica '73-Rumba Caliente Canta:Tito Allen-Original 1976 Inca Records Pressing,14.00,0.1055
v1|800311931161|0,Lot of 2-VTG Snoopy Vs Red Baron Vinyl & Snoopy Halloween ColoringBook 1967/2000,12.00,0.1055
v1|198487824231|0,Vintage Jackie Gleason Vinyl Lonesome Echo Salvador Dali Capitol W627 Jazz 1955,10.85,0.1055
v1|236926070980|0,Elliott Murphy- Aquashow LP Polydor Records 1973,5.99,0.1055
v1|127969765777|0,"LP's Set of 6 - Children's - Ronald McDonald, Snoopy Red Baron, Strawb Shortcake",17.00,0.1054
v1|127969765777|0,"LP's Set of 6 - Children's - Ronald McDonald, Snoopy Red Baron, Strawb Shortcake",17.00,0.1054
v1|227419811073|0,BETTE MIDLER ALBUM (BETTE OF ROSES) ,12.00,0.1054
v1|327250024742|0,"The V.F.W Nationals - Philadelphia,Pa August 20th 1969 (Vol. 3) ""LP""",3.50,0.1053
v1|147418651909|0,"1954 Tommy Ridgley ""Jam Up/Wish I Had Never"" yellow Atlantic 1039 EX- w slv",35.00,0.1053
v1|318564200560|0,THE NYLONS ROCKAPELLA vocal still factory sealed US vinyl LP,4.00,0.1053
v1|407059925834|0,The Beach Boys S/T ~ 1985 LP Made in Japan 28AP 3046 ~ OBI & Big Sticker - EX+,12.99,0.1053
v1|178295725998|0,Sex Pistols UK 7-Inch Reissue Black Leather Here We Go Again Vinyl Record,89.99,0.1052
v1|188621422024|0,Paul Simon - Hearts and Bones --1983-Warner Bros. LP-Excellent,4.50,0.1051
v1|377332343345|0,Jay And The Techniques LP Love Lost And Found 1968 R&B Sealed!!! Original!!,9.99,0.1051
v1|178295725973|0,THE BUGGLES - Video Killed The Radio Star - Vinyl 45rpm Island 1979 UK Pressing,29.99,0.1051
v1|307044649822|0,"Vintage LP: Beverly Sills sings Viennese favorites w/ London Phil, Julius Rudel",6.00,0.1051
v1|327255094394|0,Mahalia Jackson Newport Jazz 1958 columbia*******Vinyl(NM) Cover*(NM) CL1244,5.99,0.1050
v1|407060047677|0,The Drifters on ATL 1`029,5.00,0.1050
v1|287448652556|0,EMI AMERICA David Bowie/Let’s Dance 12 Inch Vinyl-7805-1,9.00,0.1049
v1|377332090218|0,JETHRO TULL AQUALUNG LP WHITE LABEL PROMO REPRISE MS2035 VG- VINYL,40.50,0.1049
v1|137496735192|0,VG++ 1982 Joe Williams Worth Waiting For LP Album,5.00,0.1049
v1|398156680457|0,"Grand Funk Railroad– E Pluribus Funk (SW 853) LP, Rock, Hard Rock, 1972, Vintage",125.00,0.1049
v1|318516935611|0,Cliff Richard – We Don't Talk Anymore - US LP 1979 STILL SEALED,4.99,0.1049
v1|318564223410|0,"Rare Jazz vocal Seger 7006 Bernice Parks ""COOL SATURDAY NIGHT"" / ""SO-SO""",10.00,0.1049
v1|318561030234|0,Ronnie Milsap It Was Almost Like a Song Vinyl Record LP VG+ Album,8.00,0.1048
v1|206398813990|0,"Rock The Groop ""Woman You're Breaking Me"" Promo",20.00,0.1048
v1|206403697717|0,"Hot Toddies, The - Get Your Heart On 12” LP Vinyl Record 2010",8.00,0.1048
v1|307051125809|0,The Romantics 33RPM “In Heat” 1983 80s New Wave Power Pop Rock 12” LP Album NM,13.00,0.1048
v1|178295247205|0,"Ohio Players - ""Skin Tight"" - 45 RPM, First Pressing",1.00,0.1047
v1|307044650801|0,"REDUCED! Vintage LP of Great American Songs, performed by world-renowned stars!",6.00,0.1046
v1|307051291633|0,Star Trek Three Exciting New Complete Stories LP (1975) Power Records 8158,6.00,0.1046
v1|127966185360|0,Kilslug A Curse And Two Singles Vinyl Lp Never Played Brand New Copy ,12.00,0.1045
v1|137485893663|0,"Larry Norman – bARCHAEOLOGY - ARF-86-2,9,1 - Phydeaux - Used - Played Only Once",75.00,0.1045
v1|227423074512|0,Count Basie – Hollywood... Basie's Way LP RS912SD Vinyl Jazz 1967 Gatefold VG+,7.00,0.1045
v1|147426230161|0,The Kingston Trio Sold Out LP Vinyl Record Capital Records ST1352,1.99,0.1045
v1|307052489388|0,Andy Williams The Academy Award Winning Call Me Irresponsible And Other Hit Song,2.00,0.1045
v1|407061194620|0,ROOSEVELT SYKES-DIRTY DOUBLE MOTHER-BLUESWAY 6077,14.98,0.1045
v1|318564673562|0,Iron maiden maiden japan 12' EP vinyl used LIVE,29.99,0.1044
v1|206405987744|0,War - United Artists LP - Why Can't We Be Friends? - UA-LA441-G W/ POSTER,5.24,0.1043
v1|227423075242|0,Dionne Warwick – Friends LP AL8-8398 Vinyl 1985 Arista Shrink Hype Elton John EX,5.00,0.1043
v1|318517009052|0,Cliff Richard – Move It - Seine Besten Songs - German Import LP 1980,4.99,0.1043
v1|358763887443|0,"Barry Manilow Live 12"" Vinyl LP Arista 1977 AL 8500 Double Album",1.45,0.1042
v1|307053193749|0,Ozzy Osbourne Black Rain 180 gram LP in Shrink & Hype,15.50,0.1042
v1|117296961019|0,Soul Syndicates Version on the Dock Bobby James 45rpm Record Jamaica Import ,1.00,0.1041
v1|407059485524|0,Sonora Matancera* – Sarara* Lp Vinyl.  Seeco,30.00,0.1041
v1|398155660780|0,Grateful Dead - Historic Dead,18.00,0.1041
v1|267722620496|0,Sumerian Moon LP BSoD Grausamkeit Absurd Moonblood Corneus Vothana Hammer Horna,15.00,0.1041
v1|178302400289|0,Buddy Morrow Night Train 1959 Vinyl LP Mercury SR 60009 Stereo Jazz Big Band,2.00,0.1041
v1|318569026480|0,Elvis Now RCA Lsp 4671 LP Vinyl Record Album excellent Shrink,8.00,0.1041
v1|327235033760|0,WEEZER - PINKERTON - ALTERNATIVE  ROCK - (NM-) VINYL,16.49,0.1040
v1|336682740090|0,Super Rare Ghost World Deluxe Limited Soundtrack Vinyl blue/green w extras,39.99,0.1040
v1|287448399911|0,Shrink MORTON GOULD ORCHESTRA MORE JUNGLE DRUMS LP '64 RCA LSC-2768 EXOTICA JAZZ,4.49,0.1040
v1|117288161670|0,Bad Company Straight Shooter Vinyl LP Record 1975 8413,7.99,0.1039
v1|407059853622|0,The Motels - Days are OK Slow Town ~ 45 Picture Disc Made in England CLP 16149 ~,9.99,0.1039
v1|188627468909|0,Roger Miller Golden Hits 1965 1st Press NM/NM- Smash SRS 67073,6.99,0.1038
v1|287450388246|0,AC/DC  Who Made Who Original 1986 Vinyl LP Atlantic Records 81650-1-E,28.00,0.1038
v1|236925898921|0,Three Dog Night- Cyan LP M-/M- Hype stkr saved on white paper,11.99,0.1038
v1|117292467250|0,Freddy Fender Rare LP Vinyl Record Almost Persuaded With An Autographed Picture ,29.99,0.1038
v1|257614780660|0,swinging shepherds jazz flute record ,11.00,0.1037
v1|206404365521|0,CHER Take me Home Picture Disc Vinyl,24.99,0.1037
v1|267724834500|0,"'''SOUSA MARCHES' OOP ORIG. REL. SET OF TWO 1ST ED, OFFICIAL VINYL 10"" ALBUMS""",65.71,0.1037
v1|227423076446|0,The Now Wave Sampler EP AE71187 w/ Pic Sleeve Paul Collins' Beat Sinceros VG+,3.99,0.1037
v1|127964983044|0,"Lady GaGa Mayhem - 2LP Vinyl - Alternate Signed Insert - Unsealed, Never Played!",57.00,0.1036
v1|168524363453|0,April Wine The Nature Of The Beast Vinyl Record,9.99,0.1036
v1|236926837388|0,"PAUL OVERSTREET - Richest Man On Earth/Neath The Light Of Your Lovr, 45 New, NM,",3.99,0.1036
v1|278159499602|0,BOULEZ CONDUCTS BERLIOZ COLUMBIA MASTERWORKS STEREO LP,8.00,0.1036
v1|398158104689|0,"BERLIOZ Harold In Italy Opus 16 (NIXA NLP 911, Printed In England) LP Record",2.59,0.1036
v1|278169494068|0,Ray Charles Modern Sounds in Country and Western Music Vinyl LP,9.99,0.1035
v1|198487955231|0,"Janet Jackson Runaway 12"" Single Vinyl Record LP 1st Press Melodic",0.99,0.1035
v1|407059795892|0,"the New Seekers - Look What They Done to My Song, Ma ~ made in UK 2870-342 ~ E",6.99,0.1034
v1|800316205456|0,"Elephant Man – Say Dem Badman / Hey No Way – Jamaican Dubplate 7"" – ARROWS Dub",74.99,0.1034
v1|800297684807|0,Steven Grossman,30.00,0.1033
v1|117286648842|0,GODSPELL Original Vinyl 1971 Off-Broadway Cast Recording “GODSPELL”,4.50,0.1032
v1|147425524158|0,Iron Butterfly---Live on a vinyl record,3.00,0.1032
v1|117293779121|0,Grateful Dead Throwing Stones (Ashes Ashes) Rare Promo 12“ NM 1987 Jerry Garcia ,15.00,0.1031
v1|398156517502|0,An Evening With DAVID PEEL Vinyl LP 1990,14.00,0.1031
v1|398157112079|0,Nazareth The Fool Circle LP Vinyl Album 1980,12.00,0.1030
v1|327253979628|0,Vintage Vinyl Album Black Sabbath  PARANOID 1996 ReRelease - Italy,44.99,0.1029
v1|336680851275|0,Vintage George Harrison,12.00,0.1029
v1|407061332926|0,"Remembering Never This Hell Is Home 12"" LP Black Vinyl Record Cardboard Sleeve",40.00,0.1029
v1|188608543061|0,BILLY PRESTON-GOSPEL IN MY SOUL-Vinyl LP- (Rare 1973) PEACOCK RECORDS,25.00,0.1028
v1|227423943480|0,STEVIE WONDER Songs In The Key Of Life TAMLA 2XLP -excellent Vinyls ! Worn Cover,9.99,0.1027
v1|236926921138|0,Deutsche Grammophon Bruckner Messe Nr. 3 f-moll Jochum Stereo LP 138 829,0.99,0.1027
v1|327255180366|0,1975 Flintstones Record,4.49,0.1027
v1|377329701357|0,Steely Dan Countdown To Ecstasy Vinyl LP 1973 ABCX-779 VG,28.00,0.1026
v1|318560473752|0,"Top Rank International Presenting The Songsters 12"" Vinyl LP RM 305",1.00,0.1026
v1|318564583532|0,Dorothy Donegan Dorothy Donegan Jubilee EP-5024 4 Track Jazz EP,20.00,0.1026
v1|227424313933|0,BLUE. MOUNTAIN EAGLE.,45.00,0.1025
v1|127964872874|0,Eyehategod Dopesick On Emetic Records Double Vinyl Lp ,26.00,0.1025
v1|188618761592|0,"Alice cooper hey stoopid Dutch  7"" glossy paper  pic sleeve solid centre ex",5.99,0.1025
v1|298494430195|0,David Clayton-Thomas 33rpm LP Vinyl 12-inch Decca Records #DL75146,19.99,0.1023
v1|358776107535|0,"Black Cilice: Mysteries LP RED VINYL [Iron Bonehead, 2017] IBP227 Portugal bm",24.00,0.1023
v1|127965935402|0,"ENGELBERT HUMPERDINCK Vinyl LP ""AFTER THE LOVIN"" Epic Records 1976 34381",3.95,0.1023
v1|227418961375|0,"THE TROUBADOURS ""Dreamy Delaware / June Brought the Roses"" Good Cond. 1924",5.00,0.1022
v1|127966294238|0,catherine mckinnon 33 rpm record lp the voice of an agel/very good,3.00,0.1022
v1|327255111456|0,1971 Davy Jones Rainy Jane / Rainy Jane Bell PROMO  Near Mint,20.00,0.1022
v1|188618637054|0,Warren Zevon - Stand In The Fire Deluxe 2 LP 180 gram Vinyl(Like New/played),167.99,0.1022
v1|267724193179|0,MERCYFUL FATE The Beginning LP 1987 Original Roadracer King Diamond ,39.99,0.1021
v1|298491796473|0,FREDDIE NORTH-I LOVED ANOTHER WOMAN-1976 MANKIND M 12025 POMO,5.50,0.1021
v1|137499677684|0,45bs-Doowop vocal group -DOT 15677-The I.V. Leaguers First Press,6.00,0.1020
v1|267719034051|0,"LP Linda Ronstadt ""Mad Love""",4.00,0.1020
v1|318568589750|0,Fat - Footloose - Rural Massachusetts USA 1970's Private Pressing - Still Sealed,60.00,0.1019
v1|137499619027|0,OTIS AND CARLA KNOCK ON WOOD & LET ME BE GOOD TO YOU   NEAR MINT    45,6.00,0.1019
v1|407061264676|0,Eddie And Betty - Nightlife For Daydreamers   1959 Vinyl Record Album   VG / VG,5.00,0.1018
v1|398167952862|0,B B KING Rock Me Baby UNITED Blues | Jump Blues | R&B Shrink | LP HEAR,9.99,0.1018
v1|398155542469|0,"5 VG+NM VINYL LP'S, LINDA RONSTADT, SEE TITLES, FIRST PRESSINGS",65.00,0.1017
v1|257614562558|0,"Hank Thompson & His Brazos Valley Boys, Vinyl Records LP",1.72,0.1017
v1|267721725308|0,"The Knack Get The Knack LP Black Vinyl 1979 Rock Capitol Records 12""",3.95,0.1017
v1|800316205491|0,"George Jones From The Heart LP Vinyl 12"" 33 RPM Unart S 21030",8.00,0.1017
v1|178302750923|0,Shellac Terraform Vinyl LP Steve Albini 2010 Reissue Gatefold EX,16.00,0.1017
v1|137499319456|0,Karen Brooks Walk On Vinyl 1982 Proto Type Edition ,20.00,0.1017
v1|137499319456|0,Karen Brooks Walk On Vinyl 1982 Proto Type Edition ,20.00,0.1017
v1|307044708120|0,"Anita Bryant“Anita Bryant’s All-Time Favorite Hymns” Vinyl=VG:VG+ 12"" LP Record",2.50,0.1017
v1|267722227369|0,kiss hotter than hell vinyl 1974 Japan,20.00,0.1016
v1|336674601366|0,"ASHFORD & SIMPSON LP- "" SOLID "" 1984 CAPITOL RECORDS**EXCELL**",3.95,0.1016
v1|267719694713|0,Let 'Em Burn - Hot Boy$ | Vinyl Record,18.00,0.1016
v1|178288924969|0,Ayers Rock Lady Montego Aussie single 45rpm 1974 Mushroom label,6.00,0.1016
v1|366535449156|0,Mint! Alan Munde Alan Munde's Banjo Sandwich Vinyl 1975,13.00,0.1016
v1|227424165856|0,RARE LP VINYL ALBUM:  Eric Clapton - Backless PROMO,6.00,0.1015
v1|318516796942|0,Cliff Richard – 40 Golden Greats - German 2LP Gatefold 1977,4.99,0.1015
v1|127965073436|0,"Minnie Riperton The Edge Of A Dream / Lovin' You Epic 7"" 45 Stereo 8-50057",2.40,0.1014
v1|206398862727|0,Clara Haskil Mozart Vintage Vinyl LP Record Mono,1.99,0.1014
v1|318570643552|0,"ART GARFUNKEL--ANGEL CLARE--12 INCH- VINYL, FREE SHIPPING",9.00,0.1014
v1|287448399781|0,MERCURY LIVING PRESENCE GALAXY Brahms Violin Concerto SZIGETI Menges SRD-10,4.99,0.1013
v1|117293671970|0,Ricky Skaggs - Don't Cheat in Our Hometown - Vinyl LP - Mint,20.00,0.1013
v1|267719628713|0,Buck Owens – Buck Owens In London LP - 1969 - VG+/VG+,8.00,0.1012
v1|336680553253|0,"Handel Messiah - Sir Malcolm Sargent, Royal Philharmonic Reader's Digest Vinyl",15.00,0.1012
v1|198486457152|0,Village People Vinyl LP Record,4.00,0.1012
v1|318520199686|0,Boz Scaggs – Down Two Then Left - US LP + OIS 1977,4.99,0.1012
v1|117293500582|0,Red River Dave  - 78rpm  10-inch - Continental Italian Dream Waltz/The Letter ,19.99,0.1012
v1|127966575210|0,Ry Cooder Borderline LP 1980 WB Records Vinyl,5.00,0.1011
v1|168526162507|0,Alan Parsons Project Let’s Talk About Me 12” Single w/ edit,4.00,0.1011
v1|287455116238|0,Hugo Montenegro Lot Of 2 Lp ,8.00,0.1009
v1|407053721281|0,Seals and Crofts Diamond Girl    Vinyl G+ Cover VG ULTRASONIC CLEAN ,3.99,0.1009
v1|147430718692|0,"Teen Oddball, Frankie Dee, Everybody's Doin it, Abco # 1002, vg",6.00,0.1009
v1|407059679796|0,Sonora Ponceña* – Jubilee* Lp Vinyl  . INCA RECORDS ,30.00,0.1009
v1|318561366405|0,RALPH CAMARGO THIS IS STEREO LP SP 22 LIVING STEREO 1959 RCA CAMDEN VINTAGE,9.95,0.1007
v1|236920806729|0,"Jose Feliciano “Feliciano! ” Vinyl LP ""Light my Fire"" (LSP-3957) 1968 LP VG+",9.99,0.1007
v1|336675000531|0,Chadwick: Symphonic Sketches / 180g Optimal Press / Mercury Reissue  in Shrink!,9.99,0.1006
v1|158069999854|0,Benny Goodman The Famous 1938 Carnegie Hall Jazz Concert Vol 1,10.00,0.1006
v1|178302492814|0,Lou Donaldson At His Best Vinyl LP 1969 Cadet LPS 815 Stereo VG+,8.00,0.1005
v1|198485911051|0,Joey Kid Counting The Days PROMO 12 in SINGLE Vinyl Record (G+) light scuffs,2.00,0.1005
v1|117297196346|0,The Byrds - Younger Yesterday 1967 Mono LP 1st - Sweet Rodeo 9670 - Gr Hits 9516,19.00,0.1005
v1|307051044053|0,Leon Redbone - Champagne Charlie (1978)  BSK 3165 - Vinyl LP Tested Record EX/VG,2.99,0.1005
v1|198480292505|0,Kormoran Folk & Rock With Sylvester– Cross Talks folk rock symphonic LP,25.00,0.1005
v1|398158464651|0,Pablo Cruise – Part of the Game – 1979 – Vinyl LP  W/lyric Sheet And Insert VG,3.00,0.1004
v1|188619226742|0,Holly Near “Speed Of Light” Redwood Records Folk Vinyl LP Cardboard Sleeve,21.71,0.1004
v1|407059807062|0,Rare Earth in Concert ~ Record Made in Japan -SJET-9517-8 ~ Double Album - E-,9.99,0.1004
v1|307052503812|0,The Famous 1938 Carnegie Hall Jazz Concert Benny Goodman Vol 2 LP,5.99,0.1003
v1|407059905839|0,Dottie West - High Times   1981 LP Vinyl Record Album   VG / VG   Jojo's   Cajun,5.00,0.1003
v1|127964948715|0,"Robin Gibb Juliet Polydor 7"" Black Vinyl 45 RPM Stereo 810 895-7 DJ Promo",3.67,0.1003
v1|236925851287|0,America ~ Hide Away ~ Orig. LP/Vinyl Warner Bros. Records ~1976~ BS 2932~3,0.01,0.1003
v1|307044649812|0,Vintage LP: Mstislav Rostropovich plays Dvorak: Concerto in B minor,6.00,0.1003
v1|278159500135|0,JASCHA HEIFETZ BRAHMS VIOLIN CONCERTO REINER RCA VICTOR STEREO LP LSC-1903,35.00,0.1003
v1|336679222205|0,Don Goldie 24 Karat Gold Vinyl Record Signed by Artist – Rare Collectible LP,300.00,0.1002
v1|377329852488|0,LASO HALO : LA•SO HA•SO : VINYL LP : INSERT & STICKER,14.88,0.1002
v1|198487893317|0,Sammy Hagar Three Lock Box 1st Press Vinyl Record LP Hard Rock Heavy Van Halen,0.99,0.1001
v1|227424362846|0,"LOT OF 50 45rpm records - 1950s/1960s/70s OBSCURE ARTISTS & LABELS, PROMOS",42.00,0.1001
v1|257613317108|0,Rare Billy F. Gibbons The Big Bad Blues Red & Yellow Splatter Vinyl LP ZZ Top,25.00,0.1001
v1|137488747049|0,"VINTAGE COLUMBIA ""THE HI-LO'S and ALL THAT JAZZ"" VINYL RECORD 1958",9.99,0.1000
v1|377322805230|0,"Disorderly Conduct Dirge Records Hardcore LP 1986 in Shrink ""Amen""",49.99,0.1000
v1|168525705943|0,Frank Sinatra Vinyl LP Frankie Columbia 1955  CL606 MONO VG/VG+ Ultrasonic Clean,7.99,0.1000
v1|398155542474|0,"3 VG+ ZZ TOP LP'S, FIRST PRESS, SEE TITLES",60.00,0.0999
v1|188622226039|0,WHO'S AFRAID OF VIRGINIA WOOLF?2 LP SET COMPLETE FILM PLAY VINYL NEAR MINT!,9.99,0.0998
v1|206405999899|0,The Stylistics - Avco LP - Rockin' Roll Baby - AV-11010-598,4.99,0.0998
v1|257612955046|0,Jane's Addiction Nothing's Shocking Vinyl,150.00,0.0998
v1|117293775743|0,Schubert Symphony No. 8 In B Minor Mercury SR90218 Skrowaczewski Vinyl LP - NM-,5.99,0.0997
v1|278159504537|0,EUGENE ORMANDY GRIEG BIZET COLUMBIA MASTERWORKS MONO SIX-EYE LP ML 5035,6.00,0.0997
v1|298493712917|0,MINT! Frank  Sinatra Original Master Recordings Box Set,799.99,0.0997
v1|168518641132|0,The Chainsaw Kittens Grandaddy's Candy & bones in my teeth NM P/S & 7 inch,9.99,0.0997
v1|127965929642|0,bobby vinton 33 rpm record lp roses are red/very good,4.95,0.0996
v1|127964977430|0,"Dave Brubeck Quartet - Brubeck & Rushing LP 1961 Good Vinyl 12"" Cool Jazz Vocal",0.99,0.0995
v1|158070212667|0,LP BOX-11 RECORDS: SCHNEIDER WITH THE KICK-1  LP,5.00,0.0995
v1|117295928365|0,Vinyl.Vintage.Lot of total-35Lp.Rock/Jazz/Pop..,29.99,0.0994
v1|800311433374|0,RICK WAKEMAN Journey To Centre Of The Earth BANDED WHITE LABEL PROMO 1974 A&M,20.00,0.0993
v1|188621306801|0,RARE Blank Side 2 Label The Doors Self-Titled Vinyl LP Album from 1979 VG Cond,300.00,0.0993
v1|188618469408|0,"Vintage Country Vinyl Lot – Lynn Anderson, Dottie West, Jeannie C. Riley, More",9.99,0.0992
v1|318550331751|0,Roof International Sly & Robbie Jamaican Reggae Sound Vinyl LP Record ,23.99,0.0991
v1|257613111936|0,Frank Sinatra All Alone LP Vinyl Record 1962 Reprise R-1007 Ex/G,6.99,0.0991
v1|318561036584|0,"Sha Na Na From The Streets Of New York Vintage 12"" Vinyl 33 RPM LP Record 1973",8.00,0.0991
v1|307052303623|0,International Pop Orchestra 110 Musicians - That's Life 33 RPM LP Vinyl Record ,2.56,0.0990
v1|227423298516|0,"Count Basie ""This Time By Basie"" Vinyl LP  Record Reprise  R9-6070",4.99,0.0990
v1|307051123439|0,The Doors 33RPM “Absolutely Live” 1970 70s Classic Rock 12” 2LP Vinyl Album,12.00,0.0990
v1|227423306452|0,John Klemmer MAGNIFICENT MADNESS LP PROMO WHITE LABEL Elektra,4.99,0.0989
v1|147426839837|0,April Wine The Nature Of The Beast Vinyl,10.00,0.0989
v1|168524865504|0,Julie London About The Blues LP Liberty 1957 Vocal Jazz,22.00,0.0989
v1|117292544564|0,3x Lot of Vintage MANUEL BONILLA Give Glory to God / Psalms and Spiritual Songs ,72.58,0.0989
v1|366531450256|0,Rosemary Clooney Show Tunes LP  vocal Nm,4.99,0.0988
v1|227424349120|0,THE BLACK WATCH The Morning Papers Have Given Us The Vapours LP RSD Yellow,4.99,0.0988
v1|158059108190|0,Pink Floyd “Dark Side of the Moon” Original Master Recording LP Vinyl MFSL,225.00,0.0987
v1|298491893523|0,"RICARDO RAY ""VIVA RICARDO""",9.50,0.0987
v1|236931378685|0,Italo Disco Mohammed Downtown Girl 12” Single,14.99,0.0987
v1|318515918835|0,REO Speedwagon – You Get What You Play For - US 2LP Gatefold 1977,4.99,0.0986
v1|327249649766|0,"Home For The Holidays ""LP""",3.00,0.0986
v1|298497288174|0,ISAAC HAYES Lufetime Thing VINYL LP ALBUM 1981 POLYDOR RECORD in Shrink ,5.99,0.0986
v1|407060587863|0,"Promises, Promises - Original Broadway Cast  1968 LP Vinyln Record Album VG / VG",5.00,0.0986
v1|336679104655|0,(Carly Simon – “You’re So Vain” • UK LP • 1981 • Pickwick SHM 3062 • EX/EX),7.99,0.0986
v1|158058617255|0,"Johann Melchior Molter - Maurice André & Raymond André (Trumpets), Jean-Pierre R",26.00,0.0986
v1|366531148017|0,TWISTED SISTER 1984 ATLANTIC 45,20.00,0.0985
v1|267722562434|0,Bruce Springsteen - Columbia LP - Born to Run - PC 33795,4.99,0.0985
v1|336679379641|0,"A Day To Remember - Common Courtesy LP 12"" Oxblood Vinyl ADTR Records 2014",100.00,0.0985
v1|318516847028|0,"Cliff Richard, Sarah Brightman – All I Ask Of You - UK Import 12"" 1986",4.99,0.0985
v1|318560918873|0,Burt Bacharach/Ross Hunter Musical Production LOST HORIZON Lp Album,4.99,0.0984
v1|158068496262|0,MARK  ALMOND              LP           MARK  ALMOND 11,8.99,0.0984
v1|158068496262|0,MARK  ALMOND              LP           MARK  ALMOND 11,8.99,0.0984
v1|147425698894|0,1969 101 Strings Music From Oliver! Vinyl LP Record And Other Original Melodies,6.00,0.0984
v1|236925906686|0,"Blue Sonoco- Airborne 7"" 33 rpm EP",9.99,0.0983
v1|327253962786|0,"BLACK VINYL SIMPLY RED  ""PICTURE BOOK"" ORIGINAL PREOWNED ELEKTRA 1985",8.50,0.0983
v1|236925824553|0,Rosemary Clooney Record Album & CDs ( 1 Is NEW); Lot Of 3; VG Condition,14.99,0.0983
v1|198491959799|0,Grape Jam by Moby Grape LP,9.99,0.0983
v1|800315764739|0,Frank Sinatra A Man Alone LP 1969 Reprise Records FS 1030 EX/VG+  SHRINK OPENED,5.00,0.0982
v1|127969592206|0,"THE PINK PANTHER - MUSIC FROM THE FILM  by HENRY MANCINI ( VINYL LP, 1963 )",4.00,0.0982
v1|206403650468|0,Sonora Santanera - De Mexico A La Habana - Rare Vinyl LP - Caytronics CYS 1082,5.20,0.0982
v1|147430720642|0,Jesus Christ Superstar Album 1970,10.00,0.0982
v1|257614053424|0,Richard Dickey Betts Highway Call LP Capricorn CP 0123 Promo RARE !,14.56,0.0982
v1|336682901751|0,EXO Exology Chapter 1: The Lost Planet 2014 Vinyl Record SM Ent K-Pop,25.00,0.0981
v1|158074313322|0,"The Warning Live From Auditorio Nacional, CDMX 2LP signed Auto Vinyl new sealed ",99.99,0.0981
v1|318560442874|0,Cheech & Chong Big Bambú Vinyl Paper Intact,17.00,0.0981
v1|257613946041|0,Sly And The Family Stone LP Anthology - EPIC-Gatefold-Stereo,12.00,0.0981
v1|147419812688|0,"Original DOTTIE WEST Nashvile Record Review Plaque ""What Are We Doin' In Love""",249.00,0.0980
v1|358776720701|0,Bob Marley & The Wailers-vinyl ,12.00,0.0980
v1|407061381641|0," Blackfoot/ Lynyrd Skynyrd RickeyMedlock original autographed send me an angel t",89.99,0.0980
v1|117296062511|0,Country Joe McDonald Love Is A Fire 1976 NM Vinyl PROMO,15.99,0.0980
v1|318548081979|0,CRYSTAL GAYLE   Crystal   '76  UA  LP  VG+,4.00,0.0980
v1|298484972842|0,SABAH FAKHRI -AU THEATRE AMANDIERS VINYL 1985 Arabic SYRIA,30.00,0.0979
v1|377336397640|0,"Cassidy I'm Hustla Vinyl 12"" Single J Records Rap Hip-Hop Promo 2000s",8.88,0.0978
v1|188604991251|0,Rare Motown Funk 45.,3.99,0.0977
v1|147425753898|0,"Demo for Banana Splits Wait 'Til Tomorrow 7"" acetate Barkan Adams Bubblegum TV",150.00,0.0977
v1|298493848689|0,John Michael Talbot     Terry Talbot       5-LP's      NM or as Described,22.00,0.0976
v1|188619045729|0,Pasodobles Pepe Villa and his Mariachi Jalisco in Epic Stereo (Mexico) Recording,10.50,0.0976
v1|147427041905|0,The Joe Perry Project I’ve Got The Rock N Rolls Again 1981 Vinyl LP Record ,4.46,0.0976
v1|398156670618|0,My Chemical Romance - The Black Parade 2LP Gatefold 2007 Reissue Rock Punk EMO,180.00,0.0976
v1|358773412192|0,The Association-“Greatest Hits “ Vinyl LP VG Warner Bros. Records 1968 OG,6.00,0.0975
v1|407059524081|0,Tavín Pumarejo – ...Con El Conjunto Quisqueya* Lp Vinyl * VIVA RECORDS ,20.00,0.0974
v1|377322552689|0,VAN CLIBURN - RACHMANINOFF CONCERTO NO.3 RCA VICTOR RED SEAL LM-2355 MONO LP,8.00,0.0973
v1|327248804763|0,EL NEGRITO BARRIOS - La Ruana/La Tinajita,7.99,0.0973
v1|117286629387|0,George Benson Classic Original 1977 Album ‘In Flight’ In Very Good Condition,4.00,0.0973
v1|307044650753|0,"Vintage LP: I Can Hear It Now, vol. 1",6.00,0.0973
v1|307044650773|0,"Vintage LP: I Can Hear It Now, vol. 1",6.00,0.0973
v1|366532580162|0,Maxwell Davis Lloyd Glenn Attributed Unreleased R&B Blues Red Lacquer Acetate,200.00,0.0973
v1|188627465922|0,WHA-KOO Berkshire 1978 NM/NM- Original Lyric Sleeve ABC AA-1043,9.99,0.0972
v1|358783893636|0,The O'Jays Vinyl LP 36027 Identify Yourself ,1.99,0.0972
v1|236931398450|0,Al Jarreau Look To The Rainbow Live Recorded In Europe Promotional Copy,20.00,0.0972
v1|198488058431|0,Sarah Vaughan Album Vaughan And Violins,4.00,0.0972
v1|358776057995|0,Ricky B - B Is For Bounce - New Orleans Rap Classics 94 To 95 Vinyl Record Album,80.00,0.0972
v1|198487985750|0,Kiss European Interview Picture Disc Vinyl Record LP Hard Rock 70's Metal,18.50,0.0971
v1|257616696233|0,THEE HEADCOATS In Tweed We Trust LP Damaged Goods Records Billy Childish ,39.99,0.0971
v1|327255111454|0,1983 Weird Al Yankovic  Ricky / Ricky  PROMO  Near Mint,15.00,0.0971
v1|206403772455|0,Brother Jack Mcduff ~ Gin And Orange ~ Cadet LPS -831 Stereo (VG+),7.99,0.0971
v1|358763610194|0,The J. Geils Band - LOVE STINKS - 1980 - EMI SOO-17016 EX/VG+,12.00,0.0971
v1|287448569884|0,HOLLWOOD FLAMES EBB 163 MUCH TOO MUCH    VG ++    45 RPM   DJ,9.99,0.0971
v1|257614435838|0,"VINTAGE VINYL  (2) ANN MURRAY ALBUMS ""LETS KERP IT THAT WAY"" ""KEEPING IN TOUCH""",4.99,0.0971
v1|407061772134|0,My Bloody Valentine Loveless,34.00,0.0970
v1|407053633024|0,THE GREATEST OF SONNY JAMES  Capitol  SLB 6898 VG+/G+ ULTRASONIC CLEAN  2 Vinyl ,4.99,0.0970
v1|206403699474|0,METALLICA MASTER OF PUPPETS ELEKTRA 1986 1ST PRESS 60439-1. ,41.00,0.0970
v1|800311035539|0,"Metallica Interview With Metallica 12"" Vinyl Picture Disc Limited Edition LP",45.00,0.0970
v1|168525638431|0,"The Greatest Moments: No, No Nanette & Gypsy Baron Vinyl LP NM ULTRASONIC CLEAN",5.99,0.0970
v1|178302641174|0,How To Succeed In Business Without Really Trying - 1967 Soundtrack - UAL-4151,1.00,0.0969
v1|318560656056|0,Craig David SWV Blackstreet Vinyl Record SINGLES Lot Tommy Boy R&B/Soul As Is ,2.00,0.0969
v1|117293601277|0,Loretta Lynn - Sissy Spacek - Coal Miners Daughter - OST Vinyl,20.00,0.0969
v1|158067960188|0,Urszula Sipińska Polish Vinyl LP,5.00,0.0969
v1|188619553919|0,Kenneth Copeland The Word LP Record 10 Music tracks sung by Copeland as Psalm!!,10.00,0.0969
v1|358760250322|0,BILLIE HOLIDAY LADY LOVE LP  1962 RE '72Y GREAT CONDITION! VG+/VG+!!B,4.42,0.0969
v1|117296062569|0,Neil Young Journey Through The Past 1972 Reprise 2XS 6480 Gatefold Die-cut,15.99,0.0968
v1|267719096706|0,"The Notorious B.I.G.* – One More Chance 12"" Vinyl Record Single (Bad Boy Ent.)",33.99,0.0967
v1|358774018284|0,"90s VINYL SINGLES: Wild Orchid, Bak2Bassiks, Sa-Fire, 3rd Party, Tony Moran",6.00,0.0967
v1|137499382687|0,Roy Orbison Rockhouse 45 First Press Vg+ Nice Plays Great,25.00,0.0966
v1|227422726701|0,BOB MARLEY AND THE WAILERS-LIVE! 1975 ISLAND RECORDS ILPS-9376 VG,10.00,0.0966
v1|358781545774|0,Beatles-Help And Has Small Seam Split At Top Gatefold And  Scuff Mark On Vinyl,25.00,0.0966
v1|127969765763|0,LP Climax Blues Band - 1976 Tightly Knit SASD-7517 - Near Mint,11.00,0.0965
v1|158070150810|0,Tradition Instrumental Music Southern Appalachians  LP TLP 1007 Rare,10.00,0.0965
v1|117288174607|0,Captain And Tennille - Love Will Keep Us Together - A&M Records - SP-4552 Vinyl ,4.99,0.0965
v1|158070211974|0,LP BOX-11 RECORDS: CONNIE HAINES - LP,5.00,0.0964
v1|267722461031|0,The Association - And Then...Along Comes - US 1966 LP Valiant VLM5002 - TESTED,2.99,0.0964
v1|267722461031|0,The Association - And Then...Along Comes - US 1966 LP Valiant VLM5002 - TESTED,2.99,0.0964
v1|227423075398|0,Mairie Maranti - Μαίρη Μαράντη – Πάρε Με Αγκαλιά LP 2421073 Vinyl 1976 Greece EX,5.00,0.0963
v1|318564294685|0,MIKE NESMITH WICHITA TRAIN WHISTLE SINGS US vinyl LP,8.00,0.0963
v1|336674906063|0,"Pointer Sisters – He Turned Me Out - RCA Victor 1988 Vinyl 12"" Single 4 Mixes",3.00,0.0963
v1|137499246021|0,Waylon Jennings Only The Greatest 1968 Vintage Vinyl Promo Edition,25.00,0.0963
v1|206405987894|0,LP Vinyl Record - G. Provatorov - Shostakovich Katerina Ismailova Highlights,1.99,0.0963
v1|327257090843|0,Rita Coolidge “Love Me Again” (1978) Original Vinyl LP A&M Album SP-4699,3.00,0.0963
v1|267721794278|0,"Billy Cobham's Glass Menagerie - ""Observations &"" - Musician E1-60123 - Promo LP",19.99,0.0963
v1|377322569312|0,FRITZ REINER - RAVEL STRAUSS RCA VICTROLA MONO LP,8.00,0.0962
v1|800311081582|0,"LOT OF (49) 45 RPM RECORDS 1970'S-80'S  DISCO, R&B,SOUL,BOOGIE RECORD LOT",15.50,0.0962
v1|327248765593|0,CUARTETO UNIVERSAL - El Delicuente/Mala Mala Mala,7.99,0.0962
v1|188619211501|0,"George Benson “Give Me The Night” Warner Bros. 12"" Disco Funk/Soul Vinyl LP",9.48,0.0962
v1|327254499063|0,"Vintage Ice Cream Tee ""Let's Work"" Vinyl Single (1988)",3.20,0.0962
v1|206404231746|0,Lily Tomlin This Is A Recording Vinyl LP Record 24-4056 Polydor Records,2.80,0.0962
v1|298493856827|0,Marion ‎– Let The Rest Of The World Go By / Happy Lonesome 45 Record Sandy,3.99,0.0961
v1|198486054829|0,"Ludacris Stand Up Ft. Shawna 12"" Vinyl Single Def Jam South + P-Poppin’ Hip-Hop",5.99,0.0961
v1|198487520853|0,The Dave Brubeck Quartet LP Time Out on Columbia,25.00,0.0961
v1|307051227637|0,Paul Mauriat And His Orchestra - Blooming Hits Philips PHS 600-248 LP,1.99,0.0960
v1|147426808194|0,"""KING CRIMSON""  1976 IN THE COURT OF LP PROGRESSIVE ROCK GATEFOLD, GERMAN IMPORT",10.50,0.0960
v1|137488543930|0,"The Monty Python, Matching Tie & Handkerchief, 1st Edition, 12 "" Single, 1973",9.99,0.0959
v1|236926722100|0,DFX2 Emotion MCA Records MCA-36000 Vinyl Mini LP Rock Record 1982,2.00,0.0959
v1|236926842674|0,"DONNY OSMOND- Are You Lonesome Tonight/When I Fall In Love, 45 VG++, 1973, MGM",1.49,0.0959
v1|307053212649|0,Ozzy Osbourne Blizzard of Ozz 180 gram LP in Shrink & Hype,27.00,0.0959
v1|178298304952|0,"RARE-RED FLAG-BROKEN HEART-3 MIXES US RED VINYL-12"" SINGLE-45 RPM-BEAUTIFUL !!",31.00,0.0958
v1|267718999434|0,Lot of 2 Carly Simon Promo 45s Mono Stereo,7.99,0.0958
v1|358762652992|0,JULIE LONDON - THE WONDERFUL WORLD OF LIBERTY STEREO LP,8.00,0.0957
v1|137487616475|0,John Mehler Kenneth Nash Light The Night lp Love Song Ultrasonic Clean + Bonus,7.99,0.0957
v1|267722529672|0,"Karen Young Hot Shot 12"" Black Vinyl Single West End Records WES-12117",4.49,0.0957
v1|267719629892|0,Robert Palmer – Some People Can Do What They Like LP - 1976 - VG+/VG,9.00,0.0957
v1|307052331565|0,Music for the Jet Set LP Northeast Airlines,3.99,0.0957
v1|358777116291|0,"LONNIE GORDON VINYL SINGLES: 'Gonna Catch You', 'If You Really Love Me' (2LP)",7.00,0.0956
v1|327253542063|0,Doug Frankliin With The Bluenotes My Lucky Love on Colonial RAB 1958,2.00,0.0955
v1|168528533189|0,Faith Band Rock'n Romance Vinyl LP Village Records VR-7805 EXCELLENT CONDITION,9.99,0.0955
v1|227424439566|0,"1997 DABASHEA SCREW FACE RAINBOW LAKE RANGOLI MF RECORDS  VINYL HIP HOP, ROCK NM",39.75,0.0954
v1|298492171667|0,lp vinyl records,41.50,0.0954
v1|298494277922|0,lp vinyl records,35.95,0.0954
v1|298492172260|0,lp vinyl records,32.50,0.0954
v1|298492469617|0,lp vinyl records,27.50,0.0954
v1|298492116843|0,lp vinyl records,24.66,0.0954
v1|336679151921|0,Jenson Jazz Band LP  Vol. 6 1981 Jenson Publications,5.00,0.0953
v1|336679151925|0,Jenson JAZZ Band LP  Vol. 5  1981 Jenson Publications,5.00,0.0953
v1|178297815520|0,"Steve Martin - ""A Wild and Crazy Guy"" - LP",1.95,0.0953
v1|236931916002|0,Italo Disco Jock Hattle Crazy Family Albert One 12” Single,24.99,0.0952
v1|377322926084|0,Code of Honor Subterranean Hardcore LP Inserts Glossy,35.00,0.0952
v1|800315079033|0,THE NEWPORT JAZZ FESTIVAL ALL STARS-ATLANTIC 1331-GEORGE WEIN,10.98,0.0952
v1|147426910212|0,The DoorStereos Weird Scenes Inside The Goldmine Stereo Vinyl 2 LPs EX/NM,79.00,0.0952
v1|227425977354|0,City and Colour lf I Should Go Before You Vinyl Album 2LP,28.00,0.0952
v1|800315538014|0,1969       HAIR  -  THE  COWSILLS,3.00,0.0951
v1|407059794796|0,the Seekers - the Sound of the Seekers ~ LP made in UK Regal SRS5016 ~ E-,6.99,0.0951
v1|188621805861|0,Heart vinyl records,20.00,0.0951
v1|398167919006|0,BRANDY Never Say Never ATLANTIC Orig | 1998 | R&B | Hip Hop | 2 LP HEAR,9.99,0.0951
v1|168530004318|0,Archie Campbell Bed Time Stories For Adults (1962) Vinyl LP VG+ CONDITION,5.99,0.0950
v1|158070367050|0,BLUE AQUARIUS Know Him While You Can/At the Feet Of the Master GOSPEL TRUTH 1213,6.00,0.0950
v1|267719568780|0,Bobby Hackett~Tin Roof Blues~NM Vinyl~Jazz Smooth LP Honey Dew~FAST SHIPPING,7.99,0.0949
v1|327253939364|0,David Bowie Changestwobowie Lp Vinyl Record 1981 IN SHRINK Vg+ Album,16.99,0.0949
v1|188530583744|0,STEVEN MILLER - Singing Whale Songs - 1983 Hip Pocket HP-102 LP Vinyl Record -NM,0.99,0.0948
v1|158069971087|0,PHIL WOODS I Remember... GRYPHON Vinyl LP Saxophone,2.99,0.0948
v1|336679303895|0,"Billy Eckstine ""BILLY'S BEST"" 1959 Mercury LP-MG-20333  MONO VG++",5.50,0.0948
v1|198487994585|0,"Red Lorry Yellow Lorry Spinning Round Uk 12""",21.62,0.0948
v1|147425997929|0,"Willie Nelson ""Somewhere Over The Rainbow "" Vinyl Record LP",8.00,0.0948
v1|366531223050|0,PASSPORT Cross-Collateral original PROMO LP from 1975 ATCO SD 36-107 Promotional,10.00,0.0947
v1|407059505219|0,Louie Cruz* – Coming Out* Lp Vinyl * INCA RECORDS ,35.00,0.0947
v1|318561316027|0,The Beach Boys - Surf's Up Vinyl LP - 1971 First Press - Reprise RS 6453,17.00,0.0947
v1|336679484912|0,Nasio Fontaine Wolf Catcher Vinyl Extra Tracks Used Great Condition,10.00,0.0946
v1|267721988134|0,Al Chancellor 45 RPM John Henry/Prisoners Lament #1017 on Goldenbow Records VG+,24.95,0.0946
v1|278169674234|0,LP RECORDS BOX-40 - CY COLEMAN-1,4.00,0.0946
v1|198488047711|0,"Genesis Throwing It All Away 12"" Single Vinyl Record LP 1st Press Prog Hard Rock",0.99,0.0946
v1|137499373102|0,ELVIS PRESLEY ~ HIS HAND IN MINE ~ ORIGINAL ORANGE LABEL  LP,25.00,0.0945
v1|267721838170|0,Elvis Presley – His Hand In Mine - 1981 - RCA AYL1-3935 Vinyl LP VG+/VG+!!!,5.00,0.0945
v1|398155550340|0,"THE MOTHERS, FIRST PRESSINGS, VG++ VINYL, FILLMORE EAST, MOTHERMANIA",44.99,0.0945
v1|178287159248|0,LP Record - JIM NABORS For The Good Times recorded live 1971 C-30449,7.77,0.0944
v1|377322569864|0,EUGENE ORMANDY - THE BLUE DANUBE COLUMBIA MASTERWORKS STEREO SIX-EYE LP,6.00,0.0944
v1|117293173532|0,"Culture Club – Church Of The Poison Mind (12"" Single) VG+/VG",7.00,0.0944
v1|206398816370|0,Jazz  Coleman Hawkins  I Hadn't Anyone 'Til You,10.00,0.0944
v1|178295255840|0,"The Outriggers - ""The Hawaiian Spell of The Outriggers"" - LP",1.00,0.0944
v1|168506629476|0,Petra More Power to Ya 1982 Star Song Vinyl Record LP Vintage CCM Christian Rock,10.00,0.0944
v1|800311868781|0,"PETER & GORDON Knight In Rusty Armour LP 1967 stereo US Capitol, VG+",6.00,0.0944
v1|398167937362|0,CORNELIUS BROTHERS AND SISTER ROSE st UA  Funk Soul | Shrink | LP HEAR,9.99,0.0944
v1|318564170637|0,OFF BROADWAY USA QUICK TURNS  promo AOR power pop original US vinyl LP,3.00,0.0943
v1|327254578356|0,"Stephen Michael Schwartz "" Stephen Michael Schwartz"" Vinyl Album (1974)",2.00,0.0943
v1|137488546366|0,"Mormon Tabernacle Choir (En Espanol), Cielito Lindo, 1st Edition, Vinyl LP, 1973",9.99,0.0943
v1|358775946810|0,Keith Richards Main Offender Limited Red Vinyl ,24.99,0.0943
v1|188618540477|0,Various - Reggae Dance Hall II - Used Vinyl Record - D2508z,8.50,0.0942
v1|198479485427|0,RCA Justin Timberlake Sanctified Vinyl Album Gatefold Cover ,20.00,0.0942
v1|168518340766|0,"Rhyze Tonight's Gonna Be My Night 20th Century TCD-137-DJ yr1981 12"" Disco PROMO",5.99,0.0941
v1|318520089911|0,Bee Gees – Children Of The World - US LP + Hype Sticker 1976,4.99,0.0941
v1|287449651967|0,THE FOUR TOPS - THE SHOW MUST GO ON - ABC RECORDS AB-1014 LP,5.00,0.0940
v1|178288239046|0,"ΣΟΦΗ ΚΩΝΣΤΑΝΤΑΚΗ  ""ΟΛΑ ΤΕΛΕΙΩΣΑΝΕ ""1981 Greek LP  GENERAL GRAMOPHONE",5.00,0.0940
v1|198478252444|0,Elvis Costello- My Aim Is True- Stiff SEEZ 3- Original UK Pressing- Nice Copy,19.99,0.0939
v1|800315476562|0,Ultraviolence Minimal Synth 45 Enough bw Strange Visions on Third Earth,100.00,0.0939
v1|278154802688|0,"The MonDellos ‎– Let's Join / White Riot Night, 7"" Single UNPLAYED NM 1979",10.00,0.0938
v1|318560839943|0,"The Music Machine-""Best of the Music Machine"" lp",30.00,0.0938
v1|198487191504|0,HORSE JUMPER OF LOVE -  SO DIVINE  - LIMITED BLUE VINYL - LP  NM,15.99,0.0938
v1|398158097969|0,"BOBBY BYRD - I'm Just A Nobody Part I & II (1964) White Label Promo 45, 7"" RARE",7.00,0.0938
v1|318561029514|0,Eddie Rabbit - Radio Romance (60160)Elektra Records (1982) VG+ WHITE LABEL PROMO,8.00,0.0938
v1|236920806721|0,"The Rolling Stone: Through The Past, Darkly London NPS-3 1969 1st press VG+/VG",14.99,0.0938
v1|236920046545|0,Cream Wheels Of Fire Vintage Vinyl 2LP 1968 Atco Record SD 2-700,40.00,0.0937
v1|287442565028|0,The Cars Debut Album 1978 6E-135-A,14.60,0.0937
v1|287442565028|0,The Cars Debut Album 1978 6E-135-A,14.60,0.0937
v1|227405824119|0,ROLLING STONES - DECEMBER'S CHILDREN - BLUES/CLASSIC ROCK - (RE) - VG++ VINYL,5.99,0.0937
v1|178295649100|0,ABBA ¨ ARRIVALS¨ 1979 LP Hard Find Vinyl FADISA Ecuador Press NR!!!!!!,18.86,0.0936
v1|147427348544|0,"The Beach Boys 7"" Vinyl 45 Promo Records Wouldn't It Be Nice, Its OK, Susie Cinc",19.99,0.0936
v1|407059980923|0,"JOHN CAFFERTY & THE BEAVER BROWN BAND LP ""TOUGH ALL OVER"" ON CLASSIC ROCK VINYL!",4.00,0.0936
v1|318516946024|0,Cliff Richard And The Shadows – Cliff Richard - German Import LP 1967,4.99,0.0936
v1|336680250996|0,Santana – Amigos (1976) LP • Columbia PC 33576 • EX/EX Gatefold Latin Rock,12.99,0.0936
v1|147426832284|0,Steve Martin A Wild And Crazy Guy Vinyl,7.00,0.0935
v1|298493295853|0,"DEF LEPPARD ""On Through The Night"" Vinyl LP - 1980 Mercury R-143575-A Club Ed.",28.00,0.0935
v1|168528561949|0,Damiron-Merengues-Piano Y Ritmo Vinyl LP VG+/ EXCELLENT CONDITION,14.99,0.0935
v1|318559491007|0,"MIKI MATSUBARA Paradise Beach 7"" Japan City Pop Vinyl 45 Haruomi Hosono 7A0272",14.99,0.0934
v1|168516516544|0,"Bobby Sherwood Goes to Yale, 1943 + Sherwood AFRS Jubilee - Hollywood, 1946 LP",10.00,0.0934
v1|117286765000|0,The Carpenters LP A Song For You 1972 A&M SP-3511 vg++,9.00,0.0934
v1|147426849878|0,Steve Winwood Arc Of A Diver Vinyl,7.00,0.0934
v1|147426837469|0,Supertramp Vinyl,10.00,0.0933
v1|117296062550|0,ROY BUCHANAN & THE SNAKESTRETCHERS S/T Debut 1972 STERLING,19.99,0.0933
v1|147427243469|0,Beck Bogert Appice - S/T UK import Vanilla Fudge Three Dog Night,5.99,0.0933
v1|267722307924|0,Phoebe Snow - It Looks Like Snow - 12” Vinyl LP Record 1976 VG+ Promo,1.99,0.0933
v1|398146623905|0,ROD STEWART EVERY PICTURE TELLS A STORY LP on MERCURY SRM1609 1ST PRESS 1971 EXC,7.00,0.0933
v1|267722531268|0,"RPM 78 The Teen Queens ""EDDIE MY LOVE"" / ""LUST GOOFED"" Listen",10.00,0.0932
v1|127964894899|0,SIGNED Joji - Piss in the Wind Ruby White Mist Vinyl LP,13.50,0.0932
v1|147426977422|0,"""THE MOODY BLUES""  1966  GO NOW #1  'MISPRINT'  LP PROGRESSIVE ROCK  2ND PRESSIN",9.99,0.0931
v1|158058617254|0,Menotti* ‎– Amahl And The Night Visitors,26.00,0.0931
v1|158071082856|0,ROBERT GORDON w/ LINK WRAY Fresh Fish Special PRIVATE STOCK 7008 (1978) LP,6.00,0.0931
v1|158070367139|0,SCOTT MCKENZIE San Francisco / Like An Old Time Movie MEMORY LANE 15-2312 45rpm ,3.00,0.0930
v1|398165059369|0,jerry lee lewis vinyl,10.00,0.0930
v1|800311882294|0,Mitch Ryder And The Detroit Wheels - Breakout…!!! - Vinyl Record - Tested ,5.00,0.0930
v1|227423056259|0,Rare: Benny Goodman 1958 Swing Into Spring 7 inch EP ZTEP 27373 Texaco,3.99,0.0930
v1|327254511008|0,Vintage original!!! The Chipmunks & Chipettes Songs From Our TV Shows  LP Vinyl,80.00,0.0929
v1|117292573871|0,"JUDY COLLINS WHALES AND NIGHTNINGALES.VINYL,CD,AND CASSETTE.VG PLUS TO EX.",25.00,0.0929
v1|137486683862|0,Randy Stonehill--The Wild Frontier lp + Bonus,6.99,0.0929
v1|336679206843|0,Jackie Gleason “Lonesome Echo” LP – Signed by Salvador Dalí ,2500.00,0.0928
v1|198485918377|0,Sam Cooke ~ Sam Cooke At The Copa LP ~ RCA Victor LPM-2970 Mono (VG),7.99,0.0928
v1|398167921218|0,JEAN LUC PONTY Storytelling COLUMBIA Synth Disco Electro | Dope! | LP HEAR,9.99,0.0928
v1|117294031288|0,Ralph Mcdonald Counterpoint,14.99,0.0928
v1|147420354480|0,VINTAGE RCA VICTOR THE MELACHRINO STRINGS ORCHESTRA VINYL RECORD 1962,7.49,0.0927
v1|278169799671|0,Dave Clark Five-Rare Unreleased Ed Rudy Slick and Sealed Record,199.00,0.0926
v1|366524557817|0,"Kenny Loggins (Celebrate Me Home) 1977 Record 33 RPM 12"" Vinyl LP PC 34655",5.99,0.0926
v1|188622432384|0,Elvis - Peace In The Valley EP (1965 Gold Standard Series) VG+/VG mono,10.40,0.0925
v1|206405928413|0,Don Kosaken Chor Serge Jaroff LP Vinyl Record,2.99,0.0925
v1|800310722445|0,Barry Manilow II 1974 Vinyl LP Record Arista BELL-1314 Near Mint,6.00,0.0924
v1|147427375529|0,BLACK CROWES - Hard To Handle/Waitin’ Guilty - VG+,3.00,0.0923
v1|318561087972|0,"Dean Martin Everybody Loves Somebody Reprise 12"" Black Vinyl LP RS-6130",1.20,0.0923
v1|327254495839|0,"Vintage Dave Mason ""Dave Mason"" Vinyl Album (1974)",1.60,0.0922
v1|407053774519|0,Michael Parks Long Lonesome Highway 70 Ultrasonic Clean G Vinyl & G-cover,3.99,0.0922
v1|127965144381|0,Bobby Fuller Four - Let Her Dance/Another Sad * Mustang Garage 45,25.00,0.0921
v1|236920798318|0,Bobby Darin – You're the Reason I'm Living/Now You're Gone- Capitol 45 VG+,4.99,0.0921
v1|236920570832|0,"AL MARTINO - Spanish Eyes/Melody Of Love, 45, VG, 1965 Captol Recoreds",0.99,0.0921
v1|287449775671|0,Melissa Manchester -Greatest Hits Vinyl Album Arista 1983 VG+,1.80,0.0920
v1|278169805077|0,"U2 Interview Disc Limited Edition 12"" Picture Disc, Red Door RDPD - 09",5.99,0.0919
v1|407059681634|0,"Gilberto Santa Rosa And His Orchestra* – Keeping Cool* Lp Vinyl,  COMBO RECORDS ",30.00,0.0919
v1|127969764156|0,LP's (2) Aerobic Dancing / Shape Up - Joanie Greggains PA 106 & GSLP 7610,12.00,0.0919
v1|178302739366|0,Kazumi Watanabe Mobo II Vinyl LP Gramavision GR 8406 EX,4.00,0.0919
v1|298497364539|0,ISAAC HAYES U TURN VINYL LP COLUMBIA RECORDS 1986 Funk Soul R&B,4.99,0.0918
v1|327253749667|0,"Grieg Program / Morton Gould, Cond., Robin Hood Dell Orchestra of Philadelphia",1.99,0.0918
v1|407061333504|0,"SkyCameFalling ...to forever embrace the sun 12"" LP Numbered Colored Vinyl",55.00,0.0918
v1|236925872422|0,Fame Movie Soundtrack Vinyl Record Album - MGM 1980 - Classic fold,5.00,0.0918
v1|257613228637|0,The Moonglows – When I'm With You / See Saw    on  CHESS    1956   U.S.  78,12.95,0.0918
v1|137488156393|0,Mylon LeFevre Rock & Roll Resurrection lp In Shrink + Bonus,7.99,0.0918
v1|398158170807|0,the shangri las  2 lps Bull Dog/nvr go home-Maybe -shout..,5.00,0.0917
v1|398167915552|0,TRACY CHAPMAN Crossroads ELEKTRA 1989 | Folk  | Hype Sticker |  LP HEAR,9.99,0.0917
v1|358776864348|0,Rod Taylor LP Rod Taylor Asylum Label PROMO,10.00,0.0917
v1|366537210025|0,"JUNIOR, ""ACQUIRED TASTE"", Rare Promotional Only copy, 1985 VINTAGE LP, Mercury",5.00,0.0916
v1|318562835512|0,AC/DC Back In Black SD 16018 Original 1980 US Stereo RL Pressing Masterdisk,45.00,0.0916
v1|318524395622|0,Bram Tchaikovsky – Pressure - US New Wave LP 1980 STILL SEALED,4.99,0.0916
v1|377322569404|0,SHUMSKY  WALLENSTEIN MOZART SYMPHONY NO.35 VIOLIN CONCERTO M-A LP ,8.00,0.0916
v1|398158657685|0,Sammy Kaye Dancing with Sammy Kaye in Hi Fi Vinyl LP Easy Listening,5.00,0.0916
v1|377322668102|0,"Negative Trend ""We Don't Play We Riot"" EP 1983 Inserts",35.00,0.0915
v1|168518641134|0,"Barbara Jean English - Breakin' Up A Happy Home / Guess Who, 7"", (Vinyl) NM",4.99,0.0915
v1|127966227054|0,Marilyn Manson ‎– Heaven Upside Down Vinyl LP Record Red 2017 Alternative Rock,74.99,0.0915
v1|307045709124|0,"La Montaigne&Sifler”Teaching Pieces” Vinyl=VG:VG+ 12"" LP Record Piano Education",3.75,0.0915
v1|227423076169|0,Hot Tuna - Debut LP LSP-4353 Vinyl 1970 Jorma Kaukonen RCA Orange Label EX!,13.99,0.0915
v1|158068560915|0,"Journey -Departure - 1980 Columbia FC 36339 Vinyl 12"" LP",20.00,0.0915
v1|398155240256|0,"Blood, Sweat & Tears Vinyl",5.00,0.0914
v1|127964963931|0,"T'Pau Heart and Soul Virgin 7"" Black Vinyl 45 RPM Stereo Promo 7-99466",3.65,0.0914
v1|336680217164|0,COMMODORES Midnight Magic 1979 MOTOWN M8-926M1  NM/EX,6.99,0.0914
v1|198487016880|0,Vintage Peggy Lee - Peggy Lee Sings With Benny Goodman - Vinyl Record,5.00,0.0913
v1|358775946105|0,Pantera Reinventing The Steel Colored Vinyl ,22.99,0.0913
v1|117275538710|0,Metallica Ride the Lightning Picture Disc LP Music For Nations MFN 27 P,20.50,0.0913
v1|358762185373|0,Jackie Gleason Music For Lovers Only Vinyl Record,3.42,0.0913
v1|358775292641|0,"Bob White: Steel Trek LP [Mid-land Records, 1985] pedal steel Bob Wills",14.00,0.0912
v1|267722003334|0,Getz/Gilberto - Getz/Gilberto Original 1964 Vinyl LP - Verve V6-8545,100.00,0.0912
v1|358783676685|0,BTO Bachman-Turner Overdrive Not Fragile Vinyl LP Mercury 1974,1.99,0.0912
v1|267721925033|0,The Rascals Time Peace Greatest Hits Vinyl LP 1968 Atlantic Record SD-8190,3.50,0.0912
v1|407059845833|0,Nazareth - 'Snaz ~ 1981 Double Record Mfg. in US A&M SP-6703 - E,9.99,0.0911
v1|318520019371|0,McKendree Spring – Get Me To The Country - US LP + OIS 1975,4.99,0.0911
v1|178298068611|0,The Next Exit: I'm The Only One / Break Away PROMO 45 - Garage Psych WB 7220,9.99,0.0911
v1|358763610741|0,AL DI MEOLA - ELEGANT GYPSY - 1977 PROMO - Jazz Fusion COLUMBIA PC 34461 VG+/EX,12.00,0.0911
v1|377329679360|0,Meat Loaf LP Bat Out Of Hell MINT ORIG,14.50,0.0910
v1|407060054699|0,Brooke Benton on MER 72177,5.00,0.0909
v1|318564223409|0,"THE REFLECTIONS -  GOLDEN WORLD 45 ""POOR MAN'S SON"" / ""COMIN' AT YOU""   LISTEN",10.00,0.0909
v1|336674242889|0,TELEMANN JEAN-PIERRE RAMPAL MAURICE ANDRE SONATAS FLUTE CONCERTO TRUMPET Mint Lp,4.00,0.0909
v1|336674242889|0,TELEMANN JEAN-PIERRE RAMPAL MAURICE ANDRE SONATAS FLUTE CONCERTO TRUMPET Mint Lp,4.00,0.0909
v1|257613349813|0,Shakin Stevens Vinyl Lp 1981 Worn. No Sleve.  Pickwick Polydor Made In England. ,6.99,0.0909
v1|398167940710|0,LEON HAYWOOD Keep It In The Family 2OTH CENTURY Funk | Dope! | LP HEAR,9.99,0.0908
v1|287448399897|0,THE JONAH JONES QUARTET-LP-NM-CAPITOL ST-1237-STEREO-ARRIVEDERCI ROMA,4.49,0.0908
v1|188618539553|0,"BIG PUN on LP single  "" IT'S SO HARD "" hip hop",2.99,0.0908
v1|307044650760|0,Vintage LP: World-renowned pianist Philippe Entremont plays Liszt concertos 1&2,6.00,0.0907
v1|147427376392|0,Johnny Cash - Rock Island Line - Vinyl LP 1971,5.00,0.0907
v1|287449637079|0,Dave London filthy Rich Promo Ascension vinyl No Sleeve,45.00,0.0907
v1|236926753991|0,Turnabout Vox Richard Strauss Also Sprach Zarathustra Stereo LP THS 65021,3.40,0.0906
v1|358773733520|0,RSO The Adventures of Luke Skywalker John Williams Vinyl LP RS-1-3081,9.82,0.0906
v1|147425736041|0,BATTLESTAR GALACTICA Original SoundTrack 1978 Stu Phillips MCA LP VG+ w/Liner,13.98,0.0906
v1|287453647234|0,Santana Caravanserai LP Vinyl Record Columbia 1972 Gatefold PC 31610,4.00,0.0906
v1|307044681758|0,Billy Ocean 45RPM “Caribbean Queen” 1984 1980s Pop R&B Dance-Pop 7” Vinyl,3.00,0.0906
v1|366532938878|0,"Forever More ""Yours Forever More"" RCA Victor Stereo LSP-4272 EX-NM ",3.99,0.0905
v1|127965154244|0,"The Amazing Rhythm Aces Third Rate Romance / Mystery Train ABC 7"" 45 ABC-12078",1.60,0.0905
v1|407059858465|0,Paul McCartney Venus and Mars ~LP Made in US SMAS-11419 ~ Gatefold  Sticker - E-,6.99,0.0905
v1|158068752983|0,"VICTOR 20454 International Novelty Orchestra DREAM TANGO/ ""TANGO FATE"" EXCELLENT",9.00,0.0905
v1|147427276603|0,"What Happened to the Good Times Charlie 7"" acetate demo soul disco female",150.00,0.0905
v1|137486670086|0,Sojourner Wings Like An Eagle 1979 xian lp + Bonus,14.99,0.0905
v1|366537209922|0,DAFID RUFFIN - AT HIS BEST - SOUL FUNK LP RECORD MOTOWN,4.55,0.0904
v1|127965014632|0,"The Walter Murphy Band Flight '76 Private Stock 7"" Black Vinyl 45 Stereo 1976",0.78,0.0904
v1|267719036468|0,Pia Tassinari And Ferruccio Tagliavini In Opera Duets Cetra LP Boito Verdi,6.99,0.0904
v1|168523284888|0,THE SANDPEBBLES Soul Keeps Rolling Along (1968) Calla Northern Soul 45 HEAR VG+,4.00,0.0904
v1|236925892962|0,Sopwith Camel- The Sopwith Camel LP with Hello hype sticker,24.99,0.0903
v1|168516494513|0,John cougar mellencamp chestnut street incident vinyl nm,54.00,0.0903
v1|257613111922|0,Various Artists: Disco Party Freaks: 12 Smokin' Joints. Vinyl Record LP 125,6.99,0.0903
v1|147425565764|0,"Mount Rushmore You Better PROMO 12"" Vinyl MCA8P-4254 1998 Victor Calderone Mint",7.50,0.0903
v1|358775292325|0,Triangulum - self titled LP Infinite Darkness Productions ‎IDP013 (2018) ltd 200,20.00,0.0903
v1|298493912500|0,John Schneider – Quiet Man - 1982 USA Vinyl LP - Scotti Bros. FZ-37956,2.99,0.0902
v1|287450249807|0,VIKKI CARR - VIKKI - LP  (18a),9.00,0.0902
v1|236920806728|0,Soft Cell: Tainted Love/Where Did Our Love Go SIRE DSRE49856 45rpm single VG+,9.99,0.0902
v1|236920806728|0,Soft Cell: Tainted Love/Where Did Our Love Go SIRE DSRE49856 45rpm single VG+,9.99,0.0902
v1|236926212597|0,Richard Greene RAMBLIN' vinyl lp Tony Rice Peter Rowan Maria Muldaur VG+/NM,9.13,0.0902
v1|158070227601|0,Ketty Lester Love Letters / I'm A Fool To Want You Era Records 3068 M- Orig Slv,9.99,0.0902
v1|318560642639|0,Lou Rawls And Strings Vinyl LP,10.00,0.0902
v1|236920660369|0,The Guess Who – Rockin' - 1972 - RCA LSP-4602 Vinyl LP/Used/gatefold/Very Good+!,3.99,0.0902
v1|278167548758|0,The Lovin’ Spoonful - Daydream - 1966 Vinyl LP  Kama Sutra -  KLPS-8051 VG/VG+,7.00,0.0902
v1|147425842660|0,"Henry Lewis conducting Richard Strauss ALSO SPRACH ZARATHUSTRA,  1970 Vinyl LP",0.99,0.0901
v1|127965040987|0,Charlie Parker Bird Symbols LP Vinyl Stereo PLP-407 Vinyl VG+ Jacket VG,10.00,0.0901
v1|188619037612|0,Pete Seeger “Gay and Straight Together Volume 1” Open Door 1980 Folk Vinyl LP,7.99,0.0901
v1|127966177985|0,charlie daniels 33 rpm records lot of 2 midnight wind/uneasy rider both vg-,4.98,0.0900
v1|168526253468|0,Hawaii Calls LP Capitol T-470 1954 Webley Edwards Al Kealoha Perry VG Ultrasonic,5.99,0.0900
v1|127964882041|0,Role Model Kansas Anymore (The Longest Goodbye) Green Vinyl LP RSD Black Friday,96.00,0.0900
v1|336679151924|0,"Columbia Pictures Publications ""March into 1984"" LP set Marching Band/Drum Corps",5.00,0.0900
v1|257614319455|0,Solomon Burke LP 1965 I Almost Lost My Mind Clarion Stereo,10.00,0.0900
v1|158071171305|0,JERRY BYRD - MEMORIES OF MARIA AND OTHER GREAT HITS LP  Monument 1962,12.00,0.0900
v1|377322871475|0,Bizarros Rubber City Rebels Clone Records Power Pop LP 1977,49.99,0.0900
v1|127966419643|0,Mercury SR90197 CBFR-1/CBFR-2 British Band Classics Vol 2 Jacob Holst+ Fennell,5.99,0.0900
v1|206405968123|0,~~THE CARS~~PANORAMA~~ELEKTRA~~INNER~~NICE COPY~~VG++ / NM,9.99,0.0899
v1|287450835219|0,Runaway with Del Shannon 1961 His Latest Flame mono LP Big Top 12-1303 VG+,50.00,0.0898
v1|227424203197|0,ZINGARA,35.00,0.0898
v1|147425787777|0,X,20.00,0.0898
v1|158058617246|0,Aldo Ciccolini ‎– Granados: Goyescas,13.00,0.0898
v1|366531083947|0,Shadowfax,4.00,0.0898
v1|178295342950|0,Paul Davis Sweet Life / Bad Dream 45 vinyl,3.00,0.0898
v1|227419151952|0,BLUES - THE GREAT BLUES MEN - VANGUARD - 2 LP GATEFOLD NM 1972,6.99,0.0898
v1|236925872537|0,"Michael Jackson Thriller Epic 12"" Black Vinyl LP w/ Sleeve & Insert",150.00,0.0898
v1|178302564687|0,Eric Gale ~ Multiplication Vinyl LP Promo Columbia Record,5.60,0.0898
v1|178295352960|0,Vintage Vinyl: Claude Bolling Concerto for Classic Guitar & Jazz Piano LP TESTED,10.00,0.0898
v1|206398301739|0,Leszek Długosz – Leszek Długosz BALLAD  Vinyl LP,11.00,0.0898
v1|117293897863|0,CHARLEY PRIDE Autographed Vinyl LP Night Games 1S Press PROVENANCE Gene Lovin,150.00,0.0898
v1|298493712473|0,"CROSBY STILLS NASH  YOUNG -DEJA VU,  1977  Japanese Press RARE",74.99,0.0898
v1|127965079512|0,"Paul Kossoff ""Koss""DJM Records1977vinyl 2lp History of Free, Back Street Crawler",10.00,0.0898
v1|318516891969|0,Cliff Richard - Rock On With Cliff Richard - NL Import LP,4.99,0.0897
v1|158067953143|0,1946 Portland Oregon Acetate Recording Disc – O.K.ing Record Shop – Plays Great,35.00,0.0897
v1|158075209260|0,Iron City Houserockers - Love So Tough -NM/EX 1979 Pop Rock MCA-3099 Sleeve 1ST,8.00,0.0897
v1|377335043830|0,"Alvin Lee and Company ""Ten Years After"" Vinyl LP 1972 Deram Records",2.99,0.0897
v1|127966551674|0,Walkin' the Strings MERLE TRAVIS Vinyl LP. 1960 Capitol Records T1391. Nice,6.50,0.0896
v1|298497364048|0,"CARLISLES - BUSY BODY BOOGIE BEAR FAMILY 12"" LP 33 RPM VINYL LP IMPORT RECORD ",4.99,0.0896
v1|307052686033|0,Lenny Bruce 33rpm LP Vinyl 12-inch United Artist Records #UAS9800 Carnegie Hall,25.00,0.0896
v1|287441717455|0,Sonny Boy Williamson ‎– The Chess Years (1987) Chess Six LP Box Set Mint,239.50,0.0896
v1|137496701755|0,BB KING Bobby Bland Together For The First Time...Live Vinyl LP,6.20,0.0896
v1|407059880549|0,Kai Warner Salsoul Explosion ~ 6305 298 Record Made in Germany - VG+,4.99,0.0896
v1|358777042497|0,The Outstanding Orrells - Vinyl LP Album (ZLP 766) 12 Inch Vinyl Record,14.00,0.0895
v1|236927107388|0,Electrical Transcription Record “Adventures Of Jungle Jim” Program 52 & 183 (PH),32.25,0.0894
v1|178302641160|0,Original Vintage Vinyl LP CLAUDINE - Claudine Longet - 1967 Debut Record Album,1.00,0.0894
v1|117296105960|0,"Vinyl.Lp-Island.The Unforgettable Fire by U2 (Record, 1984)",6.99,0.0894
v1|318560853196|0,Jesus Christ Superstar Original Oct 1970 Double Vinyl W/ Lyric Booklet,210.00,0.0894
v1|267718875975|0,New Riders of the Purple Sage The Adventures of Panama Red vinyl record album,14.99,0.0894
v1|117293944742|0,The Kinks LOLA VESUS POWERMAN AND THE MONEYGOROUND PART 1 Vinyl LP Album - 1970,19.99,0.0894
v1|307044649813|0,Rare Vintage LP: Music Appreciation Record from Book-of-the-Month Club!,6.00,0.0894
v1|236926064983|0,"Hi-Fi Music For Children Record VG+, Liberty Records",7.00,0.0893
v1|117297177792|0,"Lena Horne Sings.Vintage 10"" Vinyl L910",9.99,0.0893
v1|236926034478|0,ELVIS SONGS OF INSPIRATION VINYL ALBUM USED,10.00,0.0892
v1|257613018942|0,Lot Of 5 LP's Original Elvis Presley Albums VG to VG+ 1-DBLP,21.99,0.0892
v1|117292447570|0,"THE DENIMS Ohio Rockabilly ""THE ADLER SOCK"" 45 VG+++",5.50,0.0892
v1|278167460743|0,BILL BLACKS COMBO-4 - MOVIN - LP (I8),3.00,0.0892
v1|137488489302|0,"Alton ""Wokie"" Stewart, All Our Love,1st Edition, Promo, R&B,Vinyl LP, 1989",9.99,0.0892
v1|358776494561|0,URBAN OUTFITTERS Compilation Series One: UO X Domino Recording Company GREEN LP,25.00,0.0892
v1|358776494561|0,URBAN OUTFITTERS Compilation Series One: UO X Domino Recording Company GREEN LP,25.00,0.0892
v1|188618536522|0,"WESLY THOMAS COMBO on LP  "" CALYPSO HOLIDAY  "" reggae folk",9.99,0.0891
v1|188530583678|0,JOHNNY SHINES - Blues Masters vol. 7 - BLUE HORIZON BM-4607 LP Vinyl Record - EX,4.25,0.0891
v1|227418505993|0,"3 The Bachelors 45s ""Wouldn't Trade""  ""Charmaine""  ""Whispering"" ♬ Good Condition",4.99,0.0891
v1|267722549533|0,Streisand & Kristofferson - A Star Is Born Original Soundtrack Vinyl LP 1976 VG+,5.99,0.0891
v1|168526217853|0,TOM RUSH SELF TITLED EKS-7288 LP VINYL RECORD VG+ Ultrasonic Clean & Tested,6.99,0.0891
v1|278167458726|0,"NEIL YOUNG ""After The Gold Rush"" LP Original 1970 Reprise RS 6383 VG+ / VG+",40.00,0.0890
v1|188620058130|0,"METALLICA - KILL EM ALL ORIGINAL MEGAFORCE PRESS - JUMP IN THE FIRE 12"" SINGLE",79.99,0.0890
v1|198487995361|0,Cyndi Lauper She's So Unusual 1st Press Vinyl Record LP with Hype Sticker 80's,10.50,0.0890
v1|227424164278|0,"Xavier Cugat Brazil/Green Eyes Mercury EP Vinyl 45 RPM Latin Rumba 7""",5.00,0.0890
v1|188627467408|0,Terry Garthwaite Bobby Louise Hawkins Rosalie Sorrels Live At The Great American,12.99,0.0890
v1|377331577202|0,"""The Story of Willow"" 1988 Vinyl Album w/photo Book great condition ",15.99,0.0888
v1|336680562217|0,"Andy Griffith What It Was Was Football/Romeo & Juliet 7"" 45RPM Vinyl - CAPITOL",15.00,0.0888
v1|318560496252|0,Bobby Vinton I Love How You Love Me,5.00,0.0888
v1|127969765776|0,"LP Lot of 6 - Children's Songs, Mother Goose Nursery, School Days, Birthday",13.00,0.0888
v1|178298038039|0,Olivia Newton John Vinyl Record LP Lot ULTRASONIC CLEANED,5.99,0.0887
v1|158070472776|0,"PAUL HINDEMITH VARIOUS PIECES Die Serenaden, Op. 35  Vinyl LP 33 RPM",2.99,0.0887
v1|206403814474|0,"Midiron Blast Shaft- Starts Fires In Your Pants 12"" LP Vinyl Reptilian Records",15.00,0.0886
v1|188607301262|0,VINTAGE-The Blues Magoos-(Lp)-Basic Blues Magoos On Mercury,23.00,0.0886
v1|158070223693|0,THE VENTURES - GO A GO GO - 2LPs (BOXED),10.00,0.0886
v1|398158389636|0,"AFI Eddie Picnic's All Wet glow in the dark 7"" vinyl record A.F.I. nofx",80.00,0.0885
v1|398158059554|0,"1969 LP - Roberta Flack ""First Take"" (LES mcCANN presents) SD-8230, LP=Fair++",5.50,0.0885
v1|298491972959|0,Lot 6 LIBERACE LP -Sends Your Love/Legendary Performer Picture Disc LP,20.00,0.0885
v1|287448399917|0,"A MARIO LANZA PROGRAM 1960 RCA RED SEAL""ORTHOPHNIC""HI-FI OPERA-LIVE-VINYL LP ",4.49,0.0885
v1|236920806732|0,"SQUEEZE  ""Eastside Story"" A&M Records 1981 Tempted",12.99,0.0885
v1|278167989591|0,"3 Vintage LPs: SGT. PEPPER'S LONELY 💕 CLUB BAND, Live In Germany, London Town",76.99,0.0884
v1|336679269067|0,"Maynard Ferguson Hollywood 12"" Stereo Black Vinyl LP Columbia FC 37713 1982",2.00,0.0884
v1|137487962820|0,Phil Keaggy Play Thru Me lp Carefree Cherish The Moment Morning Light + Bonus,7.99,0.0883
v1|198488175483|0,Roy Clark The Other Side   Record Album Vinyl LP,4.44,0.0883
v1|137499682772|0,"AC/DC Highway to Hell 12"" Vinyl LP 1979 Atlantic Records ",8.99,0.0883
v1|227423075325|0,Jackson Browne – Lawyers In Love LP E1-60268 Vinyl 1983 Sealed Brand New Mint!,25.99,0.0883
v1|227424038848|0,Art Zoyd Generation Sans Futur Cryonic inc. Vinyl LP 1980 French READ,22.31,0.0882
v1|257615033423|0,Jimmy Buffett  Vinyl LP Record Son of A Sailor 1978,18.88,0.0882
v1|147430840535|0,Melanie / At Carnegie Hall - 1973 Vinyl 2x LP,0.99,0.0882
v1|278157712551|0,EDDIE MIDDLETON     Lot Of 1 Vinyl Record LP      WHITE LABEL PROMO,1.99,0.0882
v1|147426837899|0,The Outlaws Vinyl,10.00,0.0882
v1|398155550360|0,"PINK FLOYD, THE WALL, VG+, FIRST PRESS",49.99,0.0882
v1|318516004723|0,Bonnie Tyler – Faster Than The Speed Of Night - US LP + OIS 198383,9.05,0.0880
v1|336682567712|0,"Journey, “Escape” LP 1981 Columbia TC 37408 VG+/VG+ USA (COMPLIMENTS OF CBS)",7.50,0.0880
v1|198480561387|0,Elvis Costello- This Year's Model- Radar RAD 3- Original UK Press w/Inner Sleeve,14.99,0.0880
v1|267722351908|0,blue swede hooked on a feeling 45,0.55,0.0880
v1|358776599176|0,THE INVESTIGATOR - MCCARTHYISM SATIRE - DISCURIOSITIES LABEL - RARE EDITION-HEAR,7.99,0.0880
v1|227423075691|0,Peter Frampton – Frampton's Camel LP SP-4389 Vinyl 1973 Poster A&M Near Mint!,9.00,0.0880
v1|188622329862|0,"POOR RIGHTEOUS TEACHERS on LP  single "" ROCK DIS FUNKY JOINT "" hip hop",9.99,0.0879
v1|407060695909|0,Eddie Money - Life For The Taking   1978 LP Vinyl Record Album  VG / VG   Jojo's,5.00,0.0879
v1|398167961734|0,VA Krush Groove Soundtrack OST WARNER Rap | Hip Hop | Hype Sticker |  LP HEAR,9.99,0.0879
v1|188619168680|0,Cris Williamson “Live Dream” Olivia Records Live Rock Vinyl LP,7.00,0.0879
v1|318520156356|0,Carly Simon – Playing Possum - US LP + OIS 1975,4.99,0.0877
v1|398155777903|0,"The Beatles Rare Beatles 12"" Black Vinyl LP 33 RPM Import Phoenix Records Rock",20.00,0.0877
v1|117293575046|0,Elmo & Patsy~Grandma Got Run Over By A Reindeer Vinyl LP PE-39931 in Shrink!,25.00,0.0876
v1|398156657034|0,"AC/DC - Highway To Hell, LP, 33 Rpm, 1979, Rock, SD 19244, Presswell Pressing",70.00,0.0876
v1|178295488162|0,The Kings - The Kings Are Here - 1980 Vinyl LP - Elektra 6E-274,9.00,0.0876
v1|318561095036|0,"Jan & Dean Surf City And Other Swingin' Cities Liberty LRP-3314 12"" 33RPM LP",2.49,0.0876
v1|227405841510|0,"WOODSTOCK TWO - VARIOUS ARTISTS  - ROCK, SOUL, BLUES - 2LP - VG++ VINYL",9.00,0.0875
v1|267724843557|0,"""'WATERLOO' (1970) OOP ORIG. REL. OFF. 1ST ED. SOUNDTRACK VINYL ALBUM""",18.32,0.0875
v1|298498618871|0,Neil Young Vintage Vinyl Lot (3 LPs) 70s Classic Folk Rock Records Harvest,19.99,0.0875
v1|158070409868|0,U2 The Unforgettable Fire Island Records Inc. VINYL  90231-1,49.95,0.0875
v1|336675000551|0,DGG 138799 SLPM RED STEREO TULIPS KUBELIK HANDEL WATER MUSIC VG++,9.99,0.0875
v1|327253569949|0,Doo Wop 45: The Drifters Please Stay/No Sweet Lovin' on Atlantic 1961,2.00,0.0874
v1|377330160995|0,"Sarah Vaughan & The Count Basie Orchestra - Send In The Clowns (LP, Vinyl) 1981 ",29.99,0.0874
v1|227423076292|0,Richard Tucker – Israel Sings • Goldfaden Songs LP ML4806 Vinyl 1961 Jewish EX!,4.99,0.0874
v1|188627413389|0,THE SAINTS : LP ~ The Brotherhood of Music (AUTOGRAPHED),7.00,0.0874
v1|287449672514|0,Leaders of the Pack - 3 RECORD LP SET - GOOD CONDITION!!!,5.00,0.0874
v1|267719040013|0,Ljuba Welitsch Final scene from Salome LP Strauss Odyssey 32 16 0077 Shrink,6.99,0.0873
v1|188530241822|0,MICHEL LEGRAND - The Concert Legrand - RCA BGL1-1028 LP Vinyl Record,0.99,0.0872
v1|198487911519|0,The Jimi Hendrix Experience Are You Experienced 1st Press Vinyl Record LP ,1.25,0.0872
v1|178295778081|0,"Readers Digest Lp 5 Record Set, Cocktail Piano Time ,An Intimate Mood VG ",4.00,0.0871
v1|407059689184|0,Various – Viva La Salsa - 14 Exitos Originales* Lp Vinyl * Profono Internacional,30.00,0.0871
v1|198487965477|0,disco vinyl records,9.00,0.0871
v1|198487975482|0,disco vinyl records,8.00,0.0871
v1|198487961261|0,disco vinyl records,8.00,0.0871
v1|198487974496|0,disco vinyl records,8.00,0.0871
v1|407060013236|0,"Bay City Rollers - Bay City Rollers (LP, 1975, Arista) AL 4049 vintage vinyl ",3.00,0.0871
v1|377331264972|0,The Platters Very Clean Early Press More Encore Of Golden Hits Lp!!,7.99,0.0871
v1|267722348997|0,Maria Callas Madama Butterfly ,12.92,0.0871
v1|307051177310|0,STING - The Dream of the Blue Turtles (1985) Vinyl LP Record Album,3.99,0.0871
v1|336679151926|0,"Jenson Jazz/Concert  ""Strictly Sammy"" LP  Sammy Nestico 1981 Jenson Publications",5.00,0.0870
v1|336679151926|0,"Jenson Jazz/Concert  ""Strictly Sammy"" LP  Sammy Nestico 1981 Jenson Publications",5.00,0.0870
v1|307051182017|0,E6-12 ENVIRONMENTS Disc 10 - 1979 - PSYCHOACOUSTIC SOUND - RECORD - SOOTHING,5.99,0.0870
v1|158071075655|0,JACKIE and ROY Storyville Presents STORYVILLE STLP-904 (1955) LP,9.00,0.0870
v1|307044649787|0,"Vintage LP: Johann Pachelbel, Johann Friedrich Fasch",6.00,0.0869
v1|117293512634|0,Columbia 78 RPM Bill Monroe Blue Grass Boys - Blue Moon Of Kentucky -6,19.99,0.0869
v1|307044720004|0,"Carmen Dragon “Starlight Concert” Vinyl = VG:VG+ 12"" LP Record Pop, Classical",4.50,0.0869
v1|307055364290|0,Pinchas Zukerman - THE FOUR SEASONS - CBS IM 36710 (1981 LP) VINYL RECORD ,4.99,0.0869
v1|307050806835|0,"JFK JOHN FITZGERALD KENNEDY ""A MEMORIAL ALBUM"" SPEECH 12"" VINYL LP BROADCAST",5.00,0.0869
v1|298491911013|0,KLYMAXX-WILD GIRLS/CAN'T LET LOVE JUST PASS ME BY-1982 SOLAR 7-69955 PROMO EX/NM,19.50,0.0869
v1|318524429797|0,Valerie Carter – Just A Stone's Throw Away - US LP 1977 R&B/Pop Rock,4.99,0.0869
v1|318516032933|0,Procol Harum / Joe Cocker – Pop - Story - German Import LP 1976 Club Edition,4.99,0.0869
v1|227423217214|0,Duran Duran ORIGINAL 1980s Lot of 4 LPS,49.00,0.0869
v1|398156665632|0,"Pink Floyd- The Wall, 1st Issue 1979, 2 LP, 36183, Gatefold, Terre Haute Press",255.00,0.0869
v1|188619239096|0,"Meg Christian “I Know You Know” Olivia Records 1974 Folk 12"" Vinyl LP Insert",6.18,0.0868
v1|267719776268|0,"Barbie Looking Good, Feeling Great Exercise Album, Vinyl LP KSB1016.  No sleeve ",1.90,0.0868
v1|127966422306|0,Car Wash Album 1976 MCA Records,6.99,0.0868
v1|117293173557|0,Azalia Snail-I Was Wondering What This Thing Was-Psych-45 RPM Record,5.40,0.0867
v1|336679151928|0,Jenson Jazz Band LP  Vol. 8 1982 Jenson Publications,5.00,0.0867
v1|198488011571|0,Genesis In The Beginning London Collectors Edition 1st Press Vinyl Record LP ,0.99,0.0867
v1|168526190452|0,Graham Parker And The Shot Steady Nerves LP Vinyl,4.00,0.0867
v1|257613997687|0,Bobby Vinton Roses Are Red 45RPM You and I Columbia Press VG,7.95,0.0866
v1|800311044285|0,"Yngwie J. Malmsteen Rising Force 12"" Black Vinyl LP Polydor Records Rock 33 RPM",40.00,0.0866
v1|298493712898|0,"Nick Lowe ""Labour of Lust"" 1979 Vinyl VG+ R68",18.99,0.0866
v1|358773798448|0,Percy Sledge Capricorn Records Promo CPS 0220 SAL 0159)S Vg,3.14,0.0865
v1|267722289067|0,"Kenny Loggins with Jim Messina ""Sittin' in"" vinyl - 1971",5.00,0.0865
v1|327248700956|0,"Amax Coal Company Coal Has The Power 7"" 45 LP Rare",35.00,0.0865
v1|800313655287|0,Rhythm & Blues   Patti Labelle & The Blue Belles,3.59,0.0865
v1|206405908171|0,Vinyl album Владимир Кузьмин Моя Любовь Vladimir Kuzmin My Love LP  USSR 1987,3.00,0.0864
v1|327257089732|0,Rita Coolidge “It's Only Love” (1975) Original Vinyl LP A&M Album SP-4531,3.00,0.0864
v1|227423076438|0,Les Baxter – Baxter's Best LP T-1388 Vinyl 1960 QUIET VILLAGE Exotica Lounge EX!,9.99,0.0864
v1|800311501427|0,"J Dilla - Jay Stay Paid, 180gram Black Vinyl 2LP 12"" with 7"" instrumentals",20.00,0.0863
v1|318515920385|0,REO Speedwagon – You Get What You Play For - US promo only 2LP Gatefold 1977,4.99,0.0863
v1|188618923226|0,Old & In The Way LP RX 103 Bluegrass Jerry Garcia 1975 1st Press Misprint Matrix,25.00,0.0863
v1|188619154355|0,"Cris Williamson “The Changer and the Changed” Olivia Records 12"" Vinyl LP",5.47,0.0863
v1|137497265449|0,"""Vintage Vinyl"" C.W. McCall ""Wolf Creek Pass"" 33RPM LP M3G-4989 1975 MGM Records",7.00,0.0863
v1|168524330655|0,JAM SESSION AT CARNEGIE HALL - POWELL - KRUPA - CLAYTON - DOUBLE - 45 Records EX,9.00,0.0862
v1|147425527005|0,Grand Funk Railroad Mark Don & Mel 1969-71 2LP NM Vinyl Complete SABB-11042,14.99,0.0862
v1|307051045475|0,Emmy Lou Harris Profile II The Best of Emmy Lou Harris Vinyl LP Tested NM/VG+,3.99,0.0862
v1|147426843154|0,Lily Tomlin This Is A Recording Vinyl,10.00,0.0862
v1|127966248499|0,"Buckner & Garcia – Pac-Man Fever - 1981 - Columbia 18-02673 7"" Single VG++-NM-",3.84,0.0862
v1|307052770124|0,"7"" 45 RPM ERWIN STARR TWENTY-FIVE MILES ON GORDY M 1968",6.95,0.0861
v1|318561026566|0,Herb Alpert's Tijuana Brass Whipped Cream & Other Delights LP Vinyl Stereo,3.18,0.0861
v1|307044650761|0,"Vintage LP: Dramatic Readings from Eugene O'Neill performed by Jason Robards, Jr",6.00,0.0861
v1|800316428485|0,"Jackson Browne - For America (7"") (Shaped Picture Disc) (EX-/NM)",24.24,0.0861
v1|188605469640|0,"Meri D. Marshall ""My Obsession"" Rare Promo mix of the club classic.",4.00,0.0861
v1|188622045047|0,Slander Tongue - 45rpm - Punk,15.00,0.0860
v1|147427448262|0,HENRY MANCINI - The Sweetheart Tree/Pie In The Face Polka - VG+,2.00,0.0860
v1|307044650748|0,"Vintage LP: The Prophet, by Kahlil Gibran",6.00,0.0860
v1|278168900360|0,The Beatles Abbey Road Apple Records SO 383 Vinyl LP ENGLAND PRODUCED,20.00,0.0860
v1|377322551164|0,"BRUNO WALTER - BRAHMS SYM NO.1 IN C MINOR, OP.68 COLUMBIA MASTERWORKS MONO LP",8.00,0.0860
v1|298500735358|0,"White Stripes De Stijl & Self-Titled Vinyls--TMR, 2010",35.00,0.0859
v1|147418856405|0,"Peter Gabriel LP - ""PLAYS LIVE"" - Tested -VG+ - Record Club Edition",17.99,0.0859
v1|278167864410|0,"PINK FLOYD 1971 Meddle Vintage 33 Rpm Vinyl Record ""Harvest"" Lable SMAS-2 832",94.99,0.0859
v1|158070400213|0,"The Three Stooges - Six Funny Bone Stories Vinyl LP Record, 1973, Peter Pan 8098",9.95,0.0859
v1|236921094396|0,"Sonny Boy Williamson ""Bluebird Blues"" - RCA LP 1088- Blues R&B 33rpm 1938",9.99,0.0859
v1|206406006861|0,Rimsky-Korsakov Scheherazade Vinyl,0.99,0.0859
v1|158060610955|0,Super Lover Cee & Casanova Rud -I Gotta Good Thing-DNA 7-69346 yr 1988 PROMO 12',6.99,0.0858
v1|398167879955|0,ESTHER WILLIAMS Let Me Show You FRIENDS & CO Funk Breaks | Orig | LP HEAR,10.50,0.0858
v1|117288070634|0,THE ASSOCIATION GATEFOLD COVER VINYL ALBUM LP WARNER RECORDS WS 1800 1969 VG++,7.99,0.0858
v1|366536477250|0,WFLN Gustav Mahler Symphony No. 1 Riccardo Muti LIVE 1983 NM,7.99,0.0857
v1|298493856905|0,Stonewall Jackson         5-LP's        NM or as Described          1963-1970,19.00,0.0857
v1|278170069690|0,The Arrangement 1969-Promo Radio Spots,19.99,0.0856
v1|318563574930|0,"Halsey Badlands 12"" LP Pink Colored Vinyl Record 2015 Astralwerks",25.00,0.0856
v1|147429701810|0,1971 Led Zeppelin IV Atlantic – SD 7208 – Vinyl Record Pecko Duck AT/SP Nice!!,7.50,0.0856
v1|168525195616|0,"Music From Michael Todd's Around The World In 80 Days Vinyl, LP 1957 Tops Record",5.00,0.0856
v1|287450102611|0,Leos JANACEK - Tara Bilba / Sinfonietta KOSLER Czech LP Record,8.00,0.0856
v1|287453775960|0,The Weeknd Echoes of Silence Vinyl 2-LP (Sorayama 10th Anniversary Edition) RARE,85.00,0.0856
v1|137489430477|0,Yeah Yeah Yeahs Zero 7” Gold Lion/let me know 7” picture disc,30.00,0.0856
v1|398158813613|0,"John Denver An Evening With John Denver CPL2-0764 12"" LP Vinyl 33 RPM Stereo",9.00,0.0855
v1|127960720904|0,"America-A Horse with no name, Warner Bros. BS2576,  1971, VG+/VG+",14.99,0.0855
v1|336675000544|0,TCHAIKOVSKY 1812 OVERTURE Mercury SR90054 Dorati CB stereo RFR5/4 VG+,9.99,0.0854
v1|147425615608|0,"March of the Broken Hearts demo acetate Ruth Batchelor Bob Roberts 7""",50.00,0.0854
v1|236930271745|0,Italo Disco Spanish Symphonic Orchestra Energy 12”,14.99,0.0854
v1|298492058249|0,"1972-IAN WHITCOMB, "" THEY GO WILD SIMPLY WILD OVER ME/ YAAKA HULA HICKEY DULA"",",0.99,0.0853
v1|188608542593|0,"VINTAGE LP-SOUL STIRRERS ""Going Back to the Lord Again""-VG",19.00,0.0853
v1|178288083147|0,Angel Tchaikovsky Nutcracker Suites André Previn Vinyl Record LP S-36930,5.00,0.0853
v1|198487545412|0,FOUR ACES Sing Featuring Al Alberts (Original U.S. LP),5.00,0.0853
v1|407060593553|0,Charlie Rich - There Won't Be Any More   1974 Vinyl Record Album   VG / VG,5.00,0.0853
v1|267718997385|0,Walter Wanderley Moondreams LP 1969 SP3022 EXC-NM white label PROMO gatefold,35.00,0.0853
v1|307044649800|0,Vintage LP: Oistrakh plays Johannes Brahms (2 concerti),11.00,0.0853
v1|158058389913|0,1981 Sheena Easton Vinyl Record LP,4.99,0.0853
v1|188623173118|0,Kenny Loggins ‎- Keep The Fire - 1979 Columbia 36172 LP Vinyl Record - EX,0.99,0.0852
v1|168524245254|0,"ROLLING STONES 8 LP, EP LOT BETWEEN THE BUTTONS, BEGGARS BANQUET, EXILE ON MAIN+",62.00,0.0852
v1|127964904191|0,"Kilslug Sins, Tricks And Lies On Leather Bound Cover Vinyl Lp Sludge Anal Cunt ",32.00,0.0851
v1|227423211760|0,U2 - ORIGINAL Lot of QTY6 1980s LP Vinyl Albums,119.00,0.0851
v1|178302641186|0,"""Godspell"" Original Cast – Godspell Arista – ARISTA 4001, Arista – AL 4001 Vinyl",1.00,0.0851
v1|407060056109|0,The Platters  on MER 71847,5.00,0.0851
v1|366524557783|0,"Sheena Easton ‎– Best Kept Secret Vinyl, LP 1983 EMI America ‎– ST-17101",4.99,0.0850
v1|236925965237|0,Beethoven- 4 Lenores George Szell Cleveland Orch Columbia Masterworks 360 stereo,14.99,0.0850
v1|117293856331|0,"Roy Orbison ""Only The Lonely/Here Comes That Song Again"" Monument 421 1960",4.00,0.0850
v1|407060026559|0,CAROUSEL - ORIGINAL CAST (New York) [LP vinyl  DECCA DL 79020] vintage theater,3.00,0.0850
v1|267721939728|0,Hombres Let It Out (Let It All Hang Out) Garage Rock Flip Go Girl Go 45 rpm,5.00,0.0849
v1|287448399830|0,Al Gilbert Graded Tap-Dancing Technique For The Whole World Grade 2,5.99,0.0849
v1|336680446747|0,Beatles 1982 Love Me Do 20th Anniversary 12” Single Unplayed In Shrink Wrap NM+,24.00,0.0849
v1|307044650755|0,Vintage LP: Virtuoso pianist Sviatoslav Richter plays Beethoven and Schumann,6.00,0.0849
v1|307052501256|0,Grand Funk Railroad Closer to Home,2.84,0.0849
v1|278169301392|0,Tommy Tutone-Tommy Tutone-2 AUTOGRAPHED Vinyl LP ARC 37401 867-5309/Jenny Promo,24.99,0.0848
v1|307052731289|0,Perry Como Dream On Little Dreamer,2.06,0.0848
v1|307055501613|0,ISAAC HAYES New Horizon POLYDOR RECORDS 1977 VINYL LP RECORD,4.99,0.0847
v1|407059953809|0,"Edison Diamond Disc 80505, American Symphony Orchestra, Mignon Fantasia Part 1/2",9.99,0.0847
v1|336679151919|0,Jenson Concert Band LP  Vol. 23 Advanced Edition 1988 Jenson Publications,5.00,0.0847
v1|358775418746|0,The Monkees More Of The Monkees From 1967 Very Good Condition,10.00,0.0846
v1|236926036384|0,"Belly Dance to Great Navel Music Record VG++/VG+, w/Certificate, RCA",7.00,0.0846
v1|147426856659|0,Thompson Twins Doctor! Doctor! Vinyl,10.00,0.0846
v1|178296026910|0,"The Doors, The Soft Parade Vinyl Record",15.00,0.0846
v1|236930179197|0,Italo Disco HOT COLD I CAN HEAR YOUR VOICE 12” Single Discotto,14.99,0.0845
v1|127966264521|0,"Morton Gould - West Point Symphony, Mercury Living Presence Stereo SR90220 VG+",3.99,0.0845
v1|257613433304|0,David Lee Roth Just Like Paradise the Bottom Line 45 RPM Vinyl 1988 Pressing,5.00,0.0845
v1|398157014751|0,"Aretha Franklin - Aretha Live At The Fillmore West , LP 1971 Funk Soul SD 7205",90.00,0.0845
v1|298491973375|0,Tennessee ERNIE FORD LP-Bless Your Pea Pickin Heart,3.00,0.0845
v1|377331025615|0,Johnny Chambers Bible Songs LP Vinyl J C Records LP-103 Gospel,25.00,0.0844
v1|188627399203|0,Charlie Daniels Band Million Mile Reflections 1979 1st Press NM Lyric Sleeve,9.99,0.0844
v1|117293696698|0,JOSEPH SZIGETI - BRAHMS CONCERTO IN D MAJOR - MERCURY SR-90225 VG,4.25,0.0844
v1|227424443759|0,Ocean 45 Record Put Your Hand In The Hand 1971 Kama Sutra,3.25,0.0844
v1|298490410792|0,BOBBY GOLDSBORO-10th Anniversary Album-Double LP,4.99,0.0843
v1|227423278477|0,Autograph Vintage Vinyl Record Album Titled Passage,9.99,0.0843
v1|307044650765|0,Vintage LP: Pictures at an Exhibition and Psyché and Eros,6.00,0.0842
v1|227423243575|0,Kiss  Destroyer Vinyl Record,5.78,0.0842
v1|298493901466|0,"Norm West on M.O.C. ""Hey Little Girl"" Excellent R&B",12.00,0.0842
v1|147425559636|0,"Elvis Presley Spinout RCA Victor LPM-3702 12"" Mono Black Vinyl LP Soundtrack",20.00,0.0841
v1|236919276474|0,Collection Of Rare 1900s Vintage 78 Records Lot,1.00,0.0841
v1|137485898185|0,Gentle Faith Self-Titled xian lp Darrell Mansfield Ultrasonic Clean + Bonus,7.99,0.0841
v1|327254917470|0,"Executive Slacks ""You Can’t Hum When You’re Dead"" Vinyl LP Fundament Record VG+",25.00,0.0841
v1|198486110639|0,The Dream Academy Life In A Northern Town 45 RPM 7” Very good,6.00,0.0840
v1|117296062532|0,ROBIN TROWER Long Misty Days 1976 1st Press Chrysalis CHR 1117,9.99,0.0840
v1|398156655618|0,Joe South - The Purple People Eater Meets The Witch Doctor 45 rpm 1958 Rock,70.00,0.0840
v1|267721794140|0,Holly Near & Ronnie Gilbert - Lifeline --PROMO --Live 1983 --Redwood Records,7.99,0.0840
v1|358777234448|0,Ronald McDonald All-Star Party LP Vinyl K-tel 1982 NU5150,10.00,0.0839
v1|318564221027|0,999 NINE NINE NINE BIGGEST PRIZE IN SPORT original US vinyl LP,8.00,0.0839
v1|198487915215|0,The Jimi Hendrix Experience Axis Bold As Love 1st Press Vinyl Record LP Hard Roc,3.58,0.0839
v1|168524304204|0,Deborah Allen - Telepathy - Used Vinyl LP,5.50,0.0839
v1|198486151795|0,"J-Kwon Tipsy So So Def Recordings 2004 12"" Black Vinyl 33 RPM Single Club+Radio",3.99,0.0839
v1|127968626974|0,1980 OG BARBRA STREISAND GUILTY VG+ With Barry Gibb 33 1/3 LP Used FREE S/H,14.99,0.0839
v1|206403665320|0,Lee Oskar - Before The Rain (LP) ELEKTRA W INNER SLEEVE EX,5.59,0.0839
v1|117293602018|0,The Judds - Wynonna & Naomi - Live At Gilley’s - Vinyl LP W/ Cue Sheet! - RARE!,50.00,0.0839
v1|117292348888|0,UAS 6682 Truman Capote reading his Thanksgiving Visitor LP,20.00,0.0839
v1|188621910354|0,Robert Bearns and Ron Dexter The Golden Voyage Volume 1 1977 LP Record Vinyl,16.00,0.0839
v1|137486094719|0,BLUES 78: BLUES 78: EUNICE DAVIS My Beat is 125th Street/Go to Work Pretty Daddy,11.99,0.0839
v1|227418511427|0,"The Essex  LP  ""A Walkin'  Miracle""  ©1963  ♪  Good Condition",4.99,0.0838
v1|147425992111|0,The Clancy Brothers & Tommy Makem a Spontaneous Performance Recording Vinyl LP,5.00,0.0838
v1|800298372462|0,"Daryl Hall & John Oates: I Can’t Go For That (No Can Do) / Unguarded Minute, 45",4.99,0.0838
v1|318561072679|0,"Strings Unlimited The Sound of Music Oscar Records OS-112 12"" Vinyl LP Stereo",2.62,0.0838
v1|287448741124|0,"Lee Greenwood Lee Greenwood LP Vinyl 12"" 33 RPM MCA Records Country Black",14.00,0.0838
v1|318560491807|0,cat stevens izitso vinyl,8.00,0.0837
v1|278159764012|0,Lee Ritenour Record Albums (Lot of 2),8.00,0.0836
v1|158058534704|0,BLUES 78: BOBBY SUE & FREELOADERS Relief Check/It Takes a Lot of  Love *HEAR*,24.99,0.0836
v1|178296403511|0,The Call - The Call Self Titled - 1982 Promo Vinyl LP - Mercury 4037,9.00,0.0836
v1|206405628418|0,"Luaka Bop 7""  Clear Vinyl Picture Sleeve David Byrne Zap Mama Tom Ze Promo",5.00,0.0835
v1|267722513205|0,Vintage Vinyl LPs: The Beatles ABBEY ROAD (1969); LET IT BE (1970),12.50,0.0835
v1|188627409762|0,UTOPIA Adventures In Utopia 1980 1st Press STERLING Gatefold Lyrics Todd Rundgre,6.99,0.0835
v1|407059777319|0,the Three Degrees & MFSB Show vol.2 ~ Made in Japan ECPO 64-PH ~ OBI,11.99,0.0835
v1|318561377230|0,"Spike Jones - Dinner Music (For People Who Aren t Very Hungry) / VG+ / LP, Album",9.95,0.0835
v1|147427206909|0,William Shatner Live 2 Album “ Captain Of The Star Ship”,10.00,0.0834
v1|358773774946|0,OZARK MOUNTAIN DAREDEVILS - If You Wanna Get To Heaven / Spaceship Orion 1973 VG,2.92,0.0834
v1|236920537357|0,"WILLIE NELSON - Always On My Mind/The Party's Over, 45 VG+, 1982, Columbia",2.49,0.0834
v1|407059926519|0,"Bananarama ~ Love, truth & Honesty - Record Made in England NANX 17 - EX+",5.99,0.0833
v1|168525275410|0,"Sonny & Cher, All I Ever Need Is You, 1972 Vinyl LP",5.00,0.0833
v1|206398812907|0,"Rock   The Magic Ring   ""Frodo Lives""    PROMO",20.00,0.0833
v1|377322606188|0,"Mighty Sphincter Placebo Records ""Ghost Walking Double EP"" 1985",24.99,0.0833
v1|206406001409|0,"George Russell, Easy Listening, Vinyl Record LP",1.99,0.0832
v1|227415574570|0,John McLaughlin fusion LP lot of 2 Santana Stan Clarke Chick Corea vinyl is MINT,15.00,0.0832
v1|287448703419|0,Carl Smith's Greatest Hits 1962 CS 8738 XSM 58027 VG++/VG++,11.00,0.0832
v1|287448626656|0,BILL BLACKS COMBO-PLAYS BIG BAND - LP (5),3.00,0.0832
v1|198488186754|0,"Chet Atkins The Other Chet Atkins (Vinyl, 1960) RCA Victor LPM 2175 Good LP",4.88,0.0832
v1|267722620963|0,Tower of Power - Warner Bros. LP - Tower of Power - BS 2681,4.99,0.0831
v1|127966247778|0,Johnny Cash - The Blue Train LP Vinyl Record - Share #5002 VG/VG,4.51,0.0831
v1|168528510815|0,Eric Gale -Ginseng Woman-Vinyl LP 1977-Columbia-PC 34421 VG+ CONDITION,9.99,0.0831
v1|366531148022|0,1967 BEAU BRUMMELS VAULT  LP,25.00,0.0830
v1|158058617223|0,"Monteverdi*, Santini Chamber Orchestra, Rudolf Ewerhart ‎– The Return Of Ulysses",12.00,0.0830
v1|278167861178|0,Maria Muldar Signed Southern Winds Lp,8.99,0.0830
v1|198487549181|0,Johnny Mathis Faithfully Osser Columbia Mono CL1422 1959 LP ,5.00,0.0830
v1|278167455945|0,THE ROLLING STONES Goats Head Soup 1973 LP 1st COC - EX Vinyl + Insert,50.00,0.0830
v1|327254329255|0,"Excellent 1967 Pop Rock LP - THE MONKEES ""Headquarters"" COLGEMS #103",6.50,0.0830
v1|198485913458|0,"Maggotron Welcome To The Planet Of Bass 12"" Single  Jamarc G+ WOL Scuffs DNAP",4.00,0.0829
v1|307051039271|0,Marie Osmond Who's Sorry Now Vinyl LP 1975 Album Records Tested VG+/VG+,1.99,0.0829
v1|267722656326|0,The Pink Panthers Numbers Caper Book And Record 1981,7.99,0.0829
v1|358777135605|0,TOM PETTY: CHANGE OF HEART / HEARTBREAKERS BEACH PARTY - CLEAR SLEEVE - HEAR!,0.99,0.0828
v1|307046016944|0,Lot of 6 Classic Rock 45s Queen Heart Kenny Loggins Herbie Mann Vinyl Singles,4.99,0.0828
v1|178296961493|0,"Sonny Charles & The Checkmates, LTD. - ""Black Pearl"" - 45 RPM",1.00,0.0828
v1|800315079035|0,"ROY ELDRIDGE-THE NIFTY CAT-MJR 8110, 1970 BUDD JOHNSON BENNIE MORTON",10.98,0.0828
v1|800295609764|0,Stunning! ORPHAN Everyone Lives to Sing US LONDON ’72 Country Rock LP Vinyl MINT,6.00,0.0828
v1|168526120698|0,DJ COLLECTION 2017 NUCLEAR BLAST THE ADICTS AND IT WAS SO! WHITE VINYL NM+ 6310H,125.00,0.0828
v1|147427406195|0,Mozart Horn Concerti 1-4 Rondo Dale Clevenger Liszt Chamber Orch. CBS Digital!,7.99,0.0828
v1|327255111412|0,2017 Davy Jones Daydream Believer / I Wanna Be Free 7a Release SEALED,25.00,0.0827
v1|147427533023|0,"WARNER BROS/PRINCE ""RASPBERRY BERET"" 1985 SINGLE 12"" VINYL FACTORY PLASTIC WRAP",15.00,0.0827
v1|188622099415|0,It's Happening Now Ronnie Aldrich And His Two Piano Vinyl Gatefold LP - Rare,6.00,0.0827
v1|188619056803|0,"SHABBA RANKS on LP  single "" SLOW & SEXY "" hip hop raggie",5.99,0.0826
v1|127966668484|0,"RICK SPRINGFIELD Affair Of The Heart/Like Father Son 45 7"" Record Vinyl Records",4.99,0.0826
v1|307051392703|0,"The Beatles Magical Mystery Tour 12"" Black Vinyl LP Apple SMAL 2835",11.25,0.0826
v1|327254885222|0,"Kiss Alive II 2xLP Vinyl Casablanca NBLP 7076-2 1977 12"" Stereo PLEASE READ",5.99,0.0825
v1|407059889910|0,Latoya Jackson - Latoya ~ 1988 Record Made in Germany PL88502 ~ E+,9.99,0.0825
v1|307052608983|0,"La Cage aux Folles [Original Broadway Cast] [LP] by Original Cast (Vinyl, RCA...",3.60,0.0825
v1|267719034382|0,"Marc Almond – Stories Of Johnny 1985 12"" UK Import Single with Poster Soft Cell",7.99,0.0825
v1|158070425103|0,1960      TROUBLE  IN  PARADISE  -  THE  CRESTS,3.95,0.0825
v1|377336508313|0,"Missy 'Misdemeanor' Elliott Get Ur Freak On Vinyl 12"" Single Elektra",7.77,0.0824
v1|307044650804|0,Vintage LP: Gary Graffman plays Brahms' Piano Concerto No. 1,6.00,0.0824
v1|137487549296|0,The Praise Album Maranatha Music HS-777/8 1974 Love Song The Way + Bonus,13.99,0.0824
v1|257614512561|0,Del Wood ‎– Mississippi Showboat - 1959 Vinyl LP - RCA Victor LSP-2091 - VG+,5.39,0.0824
v1|287449273633|0,Derringer – Sweet Evil LP 1977 Blue Sky – PZ 34470 White Label Demo,6.00,0.0824
v1|147427419656|0,Beethoven Last 4 Piano Sonatas Claudio Arrau Philips Stereo 2 LP Reissue FINE!,14.99,0.0824
v1|307050968166|0,Shel Silverstein  Songs And Stories    EX,25.00,0.0824
v1|318563473404|0,Paul Anka - I Don't Like To Sleep Alone & How can Anything Be Beautiful..- 45RPM,1.10,0.0823
v1|236920798280|0,"Bobby Darin – Theme from ""Come September""/Walk Bach to Me - Atco Records 45 VG+",4.99,0.0823
v1|307052249212|0,Herbert Blum - Elgar: Bath: Addinsell: Delius - Vinyl LP,10.00,0.0822
v1|407061127165|0,THE POLICE* STING* COLLECTABLE RARITIES: TICKETS* PENNANT* BADGE * PROGRAM+4 LP,79.99,0.0822
v1|398155969980|0,"The Sound of Musical Instruments, Hawaiian Percussion, Jim Reeves Vinyl Records",9.99,0.0822
v1|178287990373|0,Mozart Sinfonia Concertante Westminster WL5107 Worn Cover EX Vinyl Mono,5.00,0.0822
v1|158067964874|0,CHARME Let It In RCA AFL1-3393 (1979) LP,8.00,0.0822
v1|366532506054|0,Little River Band Sleeper Catcher LP 1ST PRESSING W/WALLY ETCHINGS Vinyl,120.00,0.0821
v1|137499147593|0,What Locks The Door by Jack Greene LP,2.09,0.0821
v1|227419173249|0,BILLY JOEL - 52ND STREET - COLUMBIA PC-35609 - NM SHRINK 1ST PRESSING,5.99,0.0820
v1|227423075951|0,Seals & Crofts – Get Closer LP BS2907 Vinyl 1976 Yacht Rock Lyrics Inner VG+,2.99,0.0820
v1|307044649771|0,Vintage LP: John Barrymore reads Shakespeare,9.00,0.0820
v1|307044649836|0,Vintage LP: John Barrymore reads Shakespeare,9.00,0.0820
v1|117293763489|0,"Mercury SR 90209 Khachaturian Gayne Ballet Tchaikovsky Dorati CTFR2, 1 NM",5.99,0.0819
v1|298493711808|0,Twenty One Hit Wonders - 1982 UK 20-track compilation LP,9.99,0.0819
v1|407060020031|0,"The Ventures....""The Ventures A Go-Go""  Vinyl Record LP  (UP) Vintage In Shrink",3.00,0.0819
v1|117293939833|0,JOHNNY RIVERS Double Autographed Set Vinyl LP & Promo Photo DJ Gene Lovin,100.00,0.0819
v1|127966545978|0,"Purple Rain by Prince And The Revolution (Vinyl, 1984)",200.00,0.0819
v1|168524144411|0,"Will Smith Men In Black 12"" Promo Vinyl Columbia CAS 0786 1997 MIB",6.00,0.0818
v1|298493527449|0,"Big Brother And The Holding Company  45   ""Down On Me/Call On Me""   1968    NM",17.00,0.0818
v1|307044649768|0,"Vintage LP: Christopher Marlowe's ""Dr. Faustus"" performed by Richar Burton et al",6.00,0.0818
v1|307044650781|0,"Vintage LP: Christopher Marlowe's ""Dr. Faustus"" performed by Richar Burton et al",5.70,0.0818
v1|227424459435|0,Masion Builder The 2nd Chapter Of Acts,0.99,0.0818
v1|257608419474|0,"Vintage 1957 Halo LP Album Of children's musical stories, games and songs",10.00,0.0818
v1|298493146849|0,"THOMPSON TWINS / HOLD ME NOW  / Arista AS1-9164 / 1984 / 7"" 45 SINGLE",4.97,0.0818
v1|236927988088|0,The Ronettes 45rpm 1963 Philles 116 Be My Baby / Tedesco And Pitman – Original,12.95,0.0818
v1|158068122020|0,Elvis Presly Golden Oldies How Great Thou Art 45rpm Vinyl,4.00,0.0818
v1|147426005817|0,Jan & Dean Lp Ride The Wild Surf On Liberty - Vg++/ Vg+ To Vg++,1.99,0.0818
v1|318560530843|0,Beat Of The Bahamas,5.00,0.0817
v1|318549980838|0,BULLET FOR MY VALENTINE FACTORY SEALED VINYL SCREAM AIM FIRE FEVER TEMPER TEMPER,899.99,0.0817
v1|366532950134|0,Trini Lopez ~ The Whole Enchilada ~ Reprise Records – RS 6337 ~ VG,1.99,0.0817
v1|267722523797|0,"The Michael Zager Band Let's All Chant 12"" Vinyl LP Private Stock Disco Sleeve",3.99,0.0817
v1|800316602480|0,"WYCLEF JEAN-TAKE ME AS I AM-FEAT. SHARISSA,white Label PROMO SINGLE EXCELLENT",6.00,0.0816
v1|188620981790|0,black sabbath picture disc,50.00,0.0816
v1|267721794339|0,"Spyro Gyra ""LIVE"" - promo LP - MCA 2-6893 - 2 Record Set - 1984",16.99,0.0816
v1|137495783195|0,1947 Al Jolson Souvenir Album Set Decca A-575 4x 10” Vinyl,22.00,0.0816
v1|377336294669|0,"Joe Petey Pablo Let's Stay Home Tonight Remix Vinyl 12"" Promo Jive R&B & Soul",8.88,0.0816
v1|127960636765|0,The Monkees Signed Headquarters Album By Davy And Micky,99.00,0.0815
v1|307055342883|0,Elton John - The Fox  Vinyl LP Record German Pressing Rocket Record Company 1981,5.99,0.0815
v1|227424278966|0,MEL BROWN'S FIFTH.,35.00,0.0815
v1|117286631404|0,Jesus Christ Superstar Original Double Vinyl 1970 Iconic Recording,10.00,0.0815
v1|366537209731|0,"Winelight by Grover Jr Washington (Record, 2019)",3.00,0.0814
v1|257607344576|0,SLY & THE FAMILY STONE Dance To The Music EPIC LP VINYL EXC COVER PROMO STAMPED,33.00,0.0814
v1|377321083535|0,"Paul McCartney - Choba B CCCP  Russian Pressing, 13 Song Variant  NM",12.95,0.0814
v1|307044649803|0,Vintage LP of Beverly Sills with Chamber Music Society of Lincoln Center,6.00,0.0814
v1|267721784786|0,Saint-Saens Samson and Delilah Metropolitan Opera Orch/ChorRCA LSC-2309 SD 3S/1S,6.95,0.0814
v1|137497114285|0,The Dazz Band ‎- Wild And Free Vinyl LP,5.00,0.0813
v1|398155542454|0,"XTC, INTERVIEW WITH ANDY PARTRIDGE, NM PICTURE VINYL LIMITED EDITION NUMBER 0340",34.99,0.0813
v1|377330264293|0,MURRAY  McLAUCHLAN ~ SWEEPING  THE  SPOTLIGHT  AWAY ~ DEMO  EPIC  LP,7.95,0.0813
v1|127964898942|0,Taylor Swift Opalite 2025 Republic Records Vinyl Single,40.00,0.0813
v1|407059777589|0,the Three Degrees Live in Japan ~ Made in Japan ECPZ-23~24-PH ~ Double Album,12.99,0.0813
v1|168525634509|0,Neil Sedaka - Steppin' Out (LP),3.00,0.0812
v1|398146382656|0,"White Cross Zero Degree Records LP 1983 ""What's Going On?""",99.99,0.0812
v1|198487695955|0,Billy Joel Songs From The Attic TC 37461 12” LP NM Vinyl,9.99,0.0812
v1|298492173080|0,vinyl records,28.50,0.0811
v1|188621730629|0,AcDC Vinyl records,21.60,0.0811
v1|327249783158|0,vinyl records,8.84,0.0811
v1|327249796196|0,vinyl records,8.84,0.0811
v1|327249791258|0,vinyl records,8.84,0.0811
v1|327249804895|0,vinyl records,8.84,0.0811
v1|307044663719|0,"Sandy Nelson “Sandy Nelson Plays” Mono Vinyl=VG+ 12"" LPRecord Rock,Instrumental",3.00,0.0811
v1|307055495472|0," Pesek Berg Concerto Stravinsky Symphonies for Wind Parliament PLPS 624 VINYL LP",4.99,0.0811
v1|188627472617|0,ABBA Super Trouper 1980 NM/NM Original Lyric Sleeve,19.99,0.0810
v1|307050781282|0,Military Music - Kostelanetz Star Spangled Marches 1962 Columbia CS8518 6 eye EX,2.00,0.0810
v1|158070464875|0,"FLEETWOOD MAC - Peter Green's Fleetwood Mac LP (UK Import on EMBASSY, Debut)",50.00,0.0810
v1|336682584009|0,Vintage Childrens Vinyl Records- Cabbage Patch Charlie Brown & More Lot Of 5,9.99,0.0810
v1|188627412965|0,The Souther Hillman Furay Band 1974 NM Vinyl Asylum 7E-1006,7.99,0.0809
v1|178302641154|0,Lily Tomlin - On Stage - 1977 US Vinyl Arista AB-4142 White Label Promo,1.00,0.0809
v1|407061218057|0,"Richard Pryor  ""WANTED - LIVE IN CONCERT"" LP - 1978 Warner Brothers",1.49,0.0809
v1|178297014270|0,"Freddie and the Dreamers 45 rpm ""I'm Telling You Now"" on Tower Records VG +",1.00,0.0808
v1|278159468236|0,"Shelly West ""Red Hot"" Unopened Record Album Viva Records",7.00,0.0808
v1|188619198381|0,Dinah Washington “What a Difference a Day Makes!” Mercury MG 20479 Hi-Fi LP,9.99,0.0808
v1|327257089913|0,Rita Coolidge “Anytime...Anywhere” (1977) Original Vinyl LP A&M Records SP-4616,3.00,0.0808
v1|278159498323|0,SCHUMANN PIANO CONCERTO RUBINSTEIN KRIPS RCA VICTOR MONO LM-2256 LP,8.00,0.0808
v1|307044649821|0,"Vintage LP: Rachmaninoff and Chopin Sonatas, Paul Tortelier, cello",16.25,0.0807
v1|236926650161|0,"Bachman-Turner Overdrive Not Fragile Mercury 12"" Black Vinyl LP Rock 33 RPM",0.80,0.0806
v1|298490415807|0,Lot 4 JERRY LEE LEWIS LP-Unlimited/Drinkin'Wine Spo-Dee O'Dee/Another Place...,20.00,0.0806
v1|318560613756|0,Hot Tuna Burgers Vinyl Record LP Album,7.00,0.0806
v1|358776688887|0,The Kinks LP Sunny Afternoon NM-MINT ORIG. French,35.00,0.0805
v1|336679841962|0,Maker Mirrors Blue with White 12 Colored Vinyl LP Animal Style Records Rare 2011,16.99,0.0805
v1|267721892018|0,"PAUL REVERE AND THE RAIDERS ""JUST LIKE US""  VINYL LP 1966 MONO  EX/VG+",7.00,0.0805
v1|137499410104|0,Antal Dorati Handel Water Music Royal Fireworks LSO Mercury Golden Pristine!,6.99,0.0805
v1|377322552961|0,YEHUDI MENUHIN - MOZART TELEMANN ANGEL STEREO LP RL-32080,8.00,0.0804
v1|267722690659|0,The Rod Stewart Album LP Vinyl Record SR 61237,0.99,0.0804
v1|257615085338|0,1979 CBS Inc Epic Records The Charlie Daniels Band Devil Went Down to Georgia 45,6.99,0.0804
v1|158070418528|0,1969      HAPPY  -  THE  BLADES  OF  GRASS,4.00,0.0803
v1|377331555278|0,THE ALAN PARSONS PROJECT EVE 1979 VINYL LP AL9504 GATEFOLD,5.00,0.0803
v1|198488039292|0,"Genesis No Reply at all 12"" Single Vinyl Record LP Prog Hard Rock Classic",0.99,0.0803
v1|206406009848|0,"Vive La Francois ! - Jacqueline Francois With Michel Legrand 12"" Vinyl LP CL 966",1.99,0.0803
v1|178302641182|0,MARY MACGREGOR - TORN BETWEEN TWO LOVERS LP - 1976 - ARIOLA AMERICA - FOLK ROCK,1.00,0.0803
v1|336679350772|0,Chuck Berry ‎The London Chuck Berry Sessions 1972 Chess Records Vinyl LP,9.99,0.0802
v1|800315954549|0,Steve Winwood Higher Love,2.00,0.0802
v1|227424190297|0,THE BUGGS The Beetle Beat US LP Coronet CX 212 BEATLES Covers,7.00,0.0802
v1|127966169255|0,Teddy Randazzo – Big Wide World / Be Sure My Love - 1962 - Colpix Records CP 662,6.00,0.0802
v1|407059677285|0," Cortijo Y Su Combo Vs. Sonora Matancera* – Duelo Musical* Lp Vinyl.  Tropical",20.00,0.0802
v1|147425593854|0,Robert Palmer Riptide LP 1985 Island SRC Pressing VG Vinyl w/ Lyric Inner Sleeve,10.00,0.0802
v1|127965139169|0,"Jim Ed Brown Sometime Sunshine / Louisiana Woman RCA Victor 7"" Black 45 Stereo",2.00,0.0802
v1|168516523865|0,Eddie Palmieri-Superimposition,20.50,0.0801
v1|327253979609|0,Trapeze LP “Medusa” Threshold (THS 4) Vinyl,59.99,0.0801
v1|257614494492|0,Shooting Star (self titled) LP by Shooting Star vinyl 1980 VG+ VA13133 Virgin,4.56,0.0801
v1|178288280087|0,"Β&Σ ΠΕΡΠΙΝΙΑΔΗΣ   ""ΕΓΩ ΚΑΙ Η ΣΥΝΕΧΕΙΑ"" 1985 Greek LP  SONORA ",5.00,0.0801
v1|327248809741|0,GABRIEL ROMERO Y LA NUEVA DIMENSION - Cumbia Currambera/La Tacita de Cafe,7.99,0.0801
v1|198485965091|0,Mario Lanza - A Kiss and Other Love Songs Album Vinyl,4.50,0.0801
v1|800315013626|0,"JOE CARROLL-MAN WITH A HAPPY SOUND-CHARLIE PARKER 802-S, GRANT GREEN",10.98,0.0801
v1|358763611672|0,John Fogerty - Centerfield - 1985 - Warner Bros. 9 25203-1 SRC Pressing EX/NM,10.00,0.0801
v1|307044512746|0,"Oak “Oak” Stereo Vinyl = VG:VG+ 12"" LP Record SRM-1-3802 Rock, Pop Rock",2.50,0.0800
v1|127965043821|0,"Moe Bandy I'm Looking For A New Way To Love You GRC 7"" Black Vinyl 45 Stereo",2.00,0.0800
v1|137497215396|0,Elvis Presley – G.I. Blues LP 1960 RCA Victor LSP-2256 MONO Original Sound Vinyl,5.00,0.0800
v1|327248789679|0,VICO KARICIA - Navidad Y Año Nuevo/Si Tu Me Quisieras,7.99,0.0799
v1|206409367914|0,"Gorgoroth Destroyer Vinyl Reissue LP 12"" Nuclear Blast Back On Black used Record",26.66,0.0799
v1|318560551232|0,THE GEORGE SHEARING QUINTET: Mood Latino ~ Capitol Records/ ST-1567 ~ COVER ONLY,0.99,0.0799
v1|287453699055|0,LSD And The Search For God Self Titled Red Colored Vinyl,18.00,0.0799
v1|257616717589|0,DAVE BRUBECK Time Out LP Columbia Records Mono Paul Desmond ,39.99,0.0798
v1|158058617221|0,Van Cliburn ‎– Van Cliburn Plays Liszt,12.00,0.0797
v1|307044650777|0,"Vintage LP: Oistrakh, Rostropovich and Richter in Beethoven's ""Triple"" concerto",6.00,0.0797
v1|366531519353|0,RCA Victor Gone With The Wind Max Steiner Vinyl LP Soundtrack Original 1956,2.92,0.0797
v1|377336492353|0,"Jacki-O Sugar Walls Vinyl 12"" Single Poe Boy Hip-Hop Rap",7.77,0.0797
v1|407059954257|0,"FIRST LT. DON KNEPP ~ Cuba, Cuba, Cuba Is My Home 45 U.S.A. Records 780 VG Rare!",6.99,0.0797
v1|236927167417|0,Prince Far I - Cry Tuff Dub Encounter Part II ,79.00,0.0796
v1|307050840557|0,Berlin 45RPM “Take My Breath Away” 1986 80s ‘TOP GUN’ Synth-Pop 7” Vinyl PS NM,3.00,0.0796
v1|358760486546|0,"The Strauss Dynasty Vienna Dances 1958 Classical Waltz Marches, 4 Disc LP Box",2.96,0.0796
v1|127966209187|0,Acid King Middle Of Nowhere.. Brand New Copy Never Played,19.99,0.0796
v1|137499479555|0,Samhain Initium S7/S10 Variant Signed by 2 Caroline Misfits Danzig 1988,200.00,0.0796
v1|307052347596|0,Vintage The Hymns Of Tennessee Ernie Ford 2 Record Set Vinyl Album LP 33,9.50,0.0796
v1|227423005681|0,"21 LPs, Great Moments of Music, LP Boston Pops VINYL  Volume 1 - 21 ",19.99,0.0795
v1|147425560888|0,Loggins & Messina Mother Lode LP 1974 Columbia PC 33175 Mint Vinyl,8.00,0.0795
v1|377330285035|0,Nature Divine In the Beginning Vinyl LP Skytower Music Soul 1970s INF 9013,7.77,0.0795
v1|287448329153|0,vinyl lot records,6.00,0.0794
v1|358777026564|0,Luther Vandross - Busy Body (1983) | RARE Gold Promo Stamp,20.00,0.0793
v1|318515930244|0,"REO Speedwagon – You Can Tune A Piano, But You Can't Tuna Fish - US LP + OIS",6.50,0.0793
v1|377329936776|0,radio show LP ~ Westwood One Special Edition With Sid McCoy ~ SLAVE,49.95,0.0793
v1|287450161486|0,"ROBYN HITCHCOCK & EGYPTIANS: if you were a priest GLASS FISH 12"" EP 33 RPM UK",4.99,0.0793
v1|336674710178|0,Tim Hardin 4,45.00,0.0792
v1|198488036183|0,KISS Alive II 2XLP Vinyl  1977 Casablanca Gatefold NBLP-7076 EX/EX w/Inlays,49.99,0.0792
v1|800296966030|0,Sail - Steppin' Out On Saturday Night. 1978 United Artists (UA-LA906-H) VG vinyl,4.97,0.0792
v1|318563140780|0,JUDY COLLINS Fifth Album 1965 Vinyl Folk LP Elektra EKL-300 - VG+,12.00,0.0791
v1|366531365153|0,The Austin Christmas Collection 1st Edition Vinyl 1981 Felicity,6.00,0.0791
v1|287449654564|0,Just A Woman Album Vinyl Record Loretta Lynn Like New,6.00,0.0791
v1|198488058445|0,LaBelle Album Pressure Cooker,4.00,0.0791
v1|287448420458|0,Frank Sinatra Songs For Swingin’ Lovers LP RE RM 1975 SM653 Nelson Riddle,13.50,0.0791
v1|236926254731|0,Jean Luc Ponty Imaginary Voyage~1976 LP-Atlantic Records,6.99,0.0791
v1|407060063554|0,George Reneau on VOC 14897,15.00,0.0790
v1|206405945627|0,The Lonely Island – Incredibad 2009 2XLP Brand New/Sealed Vinyl,14.00,0.0790
v1|298493838949|0,Lawrence Welk Collection Albums In VG+ Condition,49.00,0.0790
v1|227423076224|0,Barbra Streisand – Barbra Joan Streisand LP PC30792 Vinyl 1971 Gatefold EX!,4.99,0.0790
v1|206403881439|0,"Quincy Jones/Ray Charles - In the Heat of the Night UA Vinyl LP Soundtrack, OG",5.80,0.0790
v1|298497181131|0,Ozzy Osbourne the Other Side of Ozzy Osbourne LP (Japan Edition),50.00,0.0790
v1|236926030898|0,"For Swingin’ Dancers Record VG++, Crown Records Big Band Jazz",5.00,0.0790
v1|287449657452|0,"Bonnie Pointer * Heaven Must Have Sent You (New Version) * Motown 12"" Single",6.00,0.0790
v1|398155986633|0,loggins and messina full sail vinyl,5.00,0.0789
v1|158070223667|0,PEACHES & HERB  - 2 HOT - LP (22c),4.00,0.0789
v1|398158654564|0,"Symphony for Glenn - Glenn Black Vinyl Record, Classical Symphony",5.00,0.0789
v1|398158177687|0,Carlos Montoya - Flamenco Fury - Vinyl LP - Everest Records 1969,7.50,0.0789
v1|336674951647|0,"Johnny Maddox Humoresque/The Crazy Otto by Dot Records 7"" Vinyl Record 45rpm",2.00,0.0788
v1|307052412257|0,The Doors 45RPM “Touch Me/Wild Child” 1968 60s Classic Rock 7” Vinyl,2.95,0.0788
v1|188621829247|0,Snoopy And His Friends The Royal Guardsmen Vinyl LP Record Stereo LAURIE RECORDS,17.99,0.0788
v1|278159500271|0,"ST. LUKE'S CHAMBER ENSEMBLE MOZART DIVERTIMENTI NOS. 8,9,10,11,12,13&13 MHS 2-LP",15.00,0.0787
v1|366522339553|0,Atlantic Records LP ABBA  Arrival Sealed Never opened Hit song Dancing Queen,15.00,0.0787
v1|227424187765|0,"REO Speedwagon Hi Infidelity LP 1980 Original Epic, FE 36844 Vinyl Record",6.00,0.0787
v1|327255111426|0,1983 Weird Al Yankovic  I Love Rocky Road / I Love Rocky Road PROMO  Near Mint,20.00,0.0786
v1|267721762793|0,Gene Krupa Lionel Hampton Teddy Wilson - LP/Vinyl - Benny Goodman Movie - Jazz,5.00,0.0786
v1|298493594680|0,KROKUS - HARDWARE ARISTA (AL58147) VINYL LP 80s Heavy Metal ,9.00,0.0786
v1|227423251876|0,Oldies But Goodies Volume 7,3.41,0.0786
v1|267719483871|0,"The South Dallas  Funk ""Pop"" Festival 1970""  7"" vinyl record",8.99,0.0785
v1|366531045658|0,"The Friendly Bear + Johnny-Cake Young Readers Press, Leo Israel Childrens Record",1.99,0.0785
v1|398146723554|0,"The Irish Rovers LP ""The Life of The Rover""",4.99,0.0785
v1|168506626236|0,Petra Beat the System 1984 Star Song Vinyl Record LP Vintage CCM Christian Rock,10.00,0.0785
v1|318558656234|0,THE HASSLES HOUR OF THE WOLF LP NM NEAR MINT US UNITED ARTISTS VINYL BILLY JOEL,9.98,0.0784
v1|188619295327|0,Christa Ludwig Gustav Mahler “Songs Of A Wayfarer & Kindertotenlieder” LP,15.50,0.0784
v1|407059859882|0,Marilyn McCoo Billy Davis I Hope We Get to Love In Time ~ Made in Japan YX8056AB,11.99,0.0784
v1|307051290547|0,The Who The Kids Are Alright Orig-1stPress MCA2-6899 Booklet OG Sleeves,8.99,0.0783
v1|168524753619|0,Tom Scott Street Beat Vinyl LP,4.99,0.0783
v1|147427405123|0,Mozart Horn Concerti 1-4 Erich Penzel Paumgartner VSO Mercury Living Presence!,10.99,0.0782
v1|366531048101|0,"Georgie/Mother Ghost Nursery Rhymes, 1968 Scholastic 7” 33 RPM Record, CC 0619",2.99,0.0782
v1|198488240505|0,JEAN SEBASTIEN BACH - TOCCATA ET FUGUE   Germany,4.00,0.0782
v1|168525235995|0,Tennessee Ernie Ford Sing A Spiritual With Me LP 1960 Vinyl Gospel,5.00,0.0782
v1|358773822463|0,"five LP COMEDY SPECTACULAR box set~Stiller&Meara,Phyllis Diller,Jonathan Winters",14.95,0.0781
v1|168525954563|0,Herman's Hermits-Listen People/Got A Feeling-45 RPM-rock-vinyl-record-MGM 13462-,5.00,0.0781
v1|227424489734|0,"Windham Hill Windham Hill Records Sampler '84 1984 12"" Vinyl LP",10.00,0.0781
v1|168529049366|0,"Guy Lombardo, Decca 2196 It's a Lonely Trail, I Ups to Her and She Ups to Me",2.70,0.0781
v1|236925982706|0,MAMAS AND THE PAPAS VINYL ALBUM USED,4.00,0.0781
v1|147427376390|0,Elvis Presley- How Great Thou Art - LSP 3758-RCA Stereo Records,9.99,0.0780
v1|117296062547|0,The Police Syncronicity 1983 NM/NM- Lyric Sleeve,14.99,0.0780
v1|127968627777|0,Johnny Cash at San Quentin 1969 Columbia 360 Sound CS 9827 Play Tested,12.99,0.0779
v1|377329686750|0,GIACOMO PUCCINI - TOSCA RICCIARELLI / CARRERAS VTG VINYL RECORD 33RPM 1980,4.93,0.0779
v1|127968627830|0,REO Speedwagon Wheels Are Turnin' 1984 NM/NM Lyric Sleeve,14.99,0.0779
v1|198488079079|0,STARDUST 108 All-Time Favorites 9x 33RPM Vinyl LP Boxed Set 1971 Reader's Digest,3.18,0.0779
v1|327248780306|0,LA CHARANGA DEL CARIBE - A Mover el Esqueleto/La Novia Del Pescador,7.99,0.0779
v1|267719543860|0,FLASH AND THE PAN  • EARLY MORNING WAKE UP CALL  Epic Promo LP Vanda Young,6.99,0.0779
v1|398146245359|0,"The Vandals Epitaph EP 1982 ""Peace Thru Vandalism""",24.99,0.0779
v1|147429828285|0,RICKIE LEE JONES The Magazine LP Warner Bros 9 25117-1 1984,1.99,0.0778
v1|158068451878|0,U2 Wide Awake In America vinyl LP 1985 Island Records 90279-1-7,8.00,0.0777
v1|168524459721|0,Alantic Star As The Band Turns Vinyl Record Lp,4.99,0.0777
v1|227405812974|0,POINT BLANK - SECOND SEASON -  SOUTHERN ROCK - VG++ VINYL,5.99,0.0776
v1|267722552190|0,"The Soul Survivors - Crimson LP - When The Whistle Blows, Anything Goes - LP-502",2.99,0.0776
v1|800311101783|0,78 RPM Challenge 336 Wyzee Hamilton as Reuben White Old Sefus Brown,9.99,0.0776
v1|117288102371|0,Country Joe McDonald LP-Hold On It's Coming-1970-Vanguard-Gatefold-EX,7.99,0.0776
v1|117288040918|0,Waylon and Jessi: Leather and Lace - Vinyl Record VERY GOOD CONDITION,19.99,0.0776
v1|377322551117|0,CARLO MARIA GIULINI MOZART SYMPHONY NO.40 & 41 JUBILEE LP SHRINK IMPORT,9.99,0.0775
v1|188619178082|0,"Laura Nyro & Labelle “Gonna Take a Miracle” Columbia 12"" Black Vinyl LP",12.99,0.0775
v1|206409554829|0,"GOLDFINGER ORIGINAL SOUNDTRACK 007 JOHN BARRY 12"" LP High Fidelity  Excellent ",15.00,0.0775
v1|327254061126|0,Plasmatics - Coup D'Etat Capital ST-12237 1982 M/NM,22.99,0.0775
v1|377322690950|0,"Moving Target Original Taang! Hardcore LP """"Burning in Water"" 1986",35.00,0.0775
v1|358781622403|0,Rolling Stones- Beggers Banquet RSVP On Vinyl,15.00,0.0774
v1|227423264628|0,Jimi Hendrex Vinyl Record,5.93,0.0773
v1|158058617238|0,Frank Martin (3) ‎– Harpsichord Concerto / Ballade For Trombone & Orchestra / Ba,24.00,0.0773
v1|198487633750|0,Benton Civic Choir Popular Choir Xian LP Truth Of Truths,20.00,0.0773
v1|117293496728|0,"Black Oak Arkansas - ""If An Angel Came..."" Atco Vinyl LP SD 7008 EX ",12.00,0.0773
v1|198486406305|0,"RCA Victor The Sound of Music Original Soundtrack 12"" Vinyl LP Stereo LSOD-2005",20.00,0.0772
v1|407059521419|0,Charanga 76 – La Charanga 76 En El 78*  Lp Vinyl * TR Records,20.00,0.0772
v1|398158967471|0,Love + Tenderness Music Album Record - Love + Tenderness Release Title,20.00,0.0772
v1|366531063648|0,"Chubby Checker Your Twist Party LP 12"" Vinyl 33 RPM Parkway P-7007 Oldies",5.00,0.0772
v1|336683478197|0,Aaron Rosand The Violinist Lp Record Vox STPL512.850,9.99,0.0771
v1|147426861069|0,Jesus Christ Superstar Vinyl,10.00,0.0771
v1|127965218843|0,"Iron Maiden Flight of Icarus vinyl 12"" Single",35.00,0.0771
v1|267722677591|0,THE PHILIP GLASS ENSEMBLE LP Vinyl SONGS FROM LIQUID DAYS - CBS FM 39564 - 1986,12.99,0.0771
v1|236920798305|0,Bobby Darin – Lovin' You/Amy - Atlantic 45 RPM- VG+,4.99,0.0771
v1|377331562640|0,Guy Lombardo & Royal Canadians Lombardo with a Beat Vinyl LP Mono Capitol Signed,26.00,0.0771
v1|298494476363|0,LP Johnny Winter self titled 2nd album Free shipping,5.99,0.0770
v1|278169463818|0,Tchaikovsky/Rimsky-Korsakov-Capriccio! Gatefold Phase 4 SPC.21004 Vinyl 12'',8.00,0.0769
v1|377336405486|0,"Ludacris Rush Hour 2 Soundtrack Vinyl 12"" Promo Def Jam Hip-Hop DEFR 15181-1",11.11,0.0769
v1|127964870480|0,lot 2 LPs The Cars Self Titled 1st press Hall & Oates Greatest Hits Like New,14.50,0.0769
v1|398155740828|0,"QUARTERFLASH - QUARTERFLASH - 12"" VINYL RECORD ALBUM LP",6.00,0.0769
v1|168525634511|0,Neil Sedaka Emergence Vinyl LP RCA Pop 1971 EXCELLENT! Stereo,3.00,0.0769
v1|407060590375|0,Dean Martin - Houston   1965 LP Vinyl Record Album   VG / VG   Jojo's,5.00,0.0769
v1|307051040226|0,DIONNE WARWICK LP Reservations for Two Vinyl LP Record 1987 Album Tested VG+/VG+,2.99,0.0768
v1|137499701235|0,"A Portrait of Ray, Ray Charles, Vinyl Record LP 12"" Album 2pc LP LOT",100.00,0.0768
v1|318561361424|0,Blasters  Over There Live...London Rare 1982 RnB Blues Rock Rockabilly Lp Sealed,4.99,0.0768
v1|267722531288|0,"THE OVATIONS  GOLDWAX 45  ""QUALIFICATIONS""/""I BELIEVE I'LL GO BACK HOME""  LISTEN",8.00,0.0767
v1|318562767989|0,The Crucified Saint Joan PS Punk 45 And Insert,74.99,0.0767
v1|127966548615|0,The Spirit Of Atlanta THE BURNING OF ATLANTA Vinyl Album  - 1973 Buddah Records,23.99,0.0765
v1|178295754546|0,Genius + Love = Yo La Tango Vinyl,30.00,0.0765
v1|407061414180|0,Curtis Mayfield Heartbeat Vinyl Lp,15.00,0.0764
v1|117297186985|0,"SARAH VAUGHAN And Orchestra 10"" Lp ROYALE 18149- 1954 Vocal Jazz LP Swing",6.99,0.0764
v1|336679392214|0,16x Pop LP Record Lot Mixed Grade Party Dickey Jerico,12.00,0.0764
v1|257613111921|0,NANCY WILSON A Touch Of Today LP,6.99,0.0764
v1|188618988184|0,Holly Near “A Live Album” Redwood Records 3700 Live Stereo 33 RPM Vinyl LP,26.75,0.0763
v1|377336351240|0,"DMX Sheek of The Lox Get At Me Dog Vinyl 12"" Ruff Ryders Hip-Hop",8.88,0.0763
v1|407059672987|0,Cuco Valoy – Merengueando Con Cuco Valoy* Lp Vinyl * Team Enterprises,20.00,0.0763
v1|168526157521|0,Payolas Hammer On A Drum LP Vinyl SP-6-4958,5.00,0.0763
v1|178298091739|0,Michael Murphey Blue Sky Night Thunder,3.99,0.0762
v1|318560867708|0,John Denver Wind Song Vinyl Record,15.00,0.0761
v1|307052363258|0,Berlitz Simplified Spanish - Vinyl Double LP,2.00,0.0761
v1|307044708851|0,"American Standard Band”American Standard Band” Vinyl = VG:VG+ 12""LP Record Rock",2.50,0.0761
v1|287448720264|0,"Cowboy Copas The Unforgettable Cowboy Copas LP Vinyl 12"" Starday SLP 734",10.00,0.0761
v1|236926716615|0,"Ted Nugent Free-For-All Epic 12"" Black Vinyl LP Rock Record Cardboard Sleeve",3.02,0.0761
v1|178301032196|0,DAVE BRUBECK-WE’RE ALL TOGETHER AGAIN FOR THE FIRST TIME LP,3.00,0.0760
v1|168526122880|0,Les Paul & Mary Ford Time To Dream LP Record VG+/EX - Ultrasonic Clean & TESTED,14.99,0.0760
v1|227424175096|0,John Lennon And Yoko Ono Double Fantasy Vinyl Record 1980 Geffen,5.00,0.0760
v1|377331266796|0,The Platters Very Clean Encore Of Golden Hits Lp! In Shrink Wrap !,7.99,0.0760
v1|407061537687|0,Geoff Muldaur Is Having A Wonderful Time,3.99,0.0760
v1|800316585797|0,Don McLean 45 American Pie (Part 1) / (Part 2) XW-520-X,0.97,0.0760
v1|307044631334|0,"Grover Washington, JR. “The Best Is Yet To Come” Vinyl = VG:VG+ 12"" LP Record",6.00,0.0759
v1|127966666143|0,"Bluebird 78 rpm ""Star of Bethlehem"" set w/special sleeve (2 of 3 discs)",9.99,0.0758
v1|206405992095|0,"Hair - Soundtrack (Original Broadway Cast Recording) by Various (Record, 1968)",0.99,0.0758
v1|198488120362|0,TONY PASTOR Hey Tony! LP Plays Well 1957 Harmony Mono HL 7011 Big Band Vinyl,5.00,0.0758
v1|800315615429|0,Vacant Lot Rock Punk 7 in 33 Cheers To You on Force Majeure,25.00,0.0758
v1|178295558899|0,The lifeguards C’mon And Swim,4.00,0.0757
v1|287448652965|0,"Eurythmics - Missionary Man Vinyl Record 12"" Single RCA PD-14409",8.00,0.0757
v1|127965848564|0,Elton John Madman Across The Water 1971 Gatefold LP UNI Stereo VG - Vintage Slee,19.00,0.0757
v1|377331554845|0,THE ALAN PARSONS PROJECT PYRAMID 1978 VINYL LP AB4180,5.00,0.0757
v1|307044649779|0,Vintage LP: A Concert by the Vienna Choir Boys,8.50,0.0756
v1|298494464720|0,daryl hall john oates vinyl,2.16,0.0756
v1|227418313382|0,Shelley Berman: Outside Shelley Berman,0.99,0.0756
v1|137496883078|0,The Moonglows When I'm With You/See Saw  Doowop 45 Ex,5.50,0.0756
v1|117286622424|0,"Barbra Streisand 3 Vinyl Albums 1980 Guilty, 1984 Emotion,1985 Broadway Album",15.00,0.0756
v1|236925896814|0,Venus and The Razor Blades- Songs From The Sunshine Jungle LP,14.99,0.0756
v1|318568993616|0,"Elvis Today Rare Orange Label, Hype Sticker ",15.50,0.0756
v1|147426832886|0,Ted Nugent Scream Dream Vinyl,8.00,0.0755
v1|358777203434|0,Shirley Scott Queen Of The Oregon Recorded Live At The Front Room Vinyl Album,40.00,0.0755
v1|206405621505|0,Talking Heads Little Creatures 1-25305 12” LP NM Vinyl,9.99,0.0755
v1|298493712434|0,Joni Mitchell Hejira 7E-1087 SP Specialty Pressing Gatefold 1976,19.99,0.0755
v1|407059787740|0,Rod Stewart - Foolish Behaviour ~Vinyl Made in Japan P-10930W~ OBI - E+,10.99,0.0755
v1|336679151920|0,Jenson JAZZ Band LP  Vol. 11 Easy Edition  1984 Jenson Publications,5.00,0.0754
v1|117293709292|0,ANTAL DORATI Stravinsky Firebird  Mercury Living Presence SR 90226 matrix M2 NM-,5.99,0.0754
v1|158070365331|0,ADAM JACK LANDRY My Head Is Foggy Since She's Gone BAR-S RECORDS 312 45rpm ,6.00,0.0754
v1|137497155467|0,Polka Party Vol 2 LP Longines SQ-93994,2.00,0.0754
v1|398156647632|0,"RARE! Jimmy Conwell - Let It All Out / To Much, 45 Rpm, 7”, 1967 Northern Soul",300.00,0.0754
v1|298493711323|0,"Carry It On by Pete Seeger/Jane Sapp/Si Kahn (2-LP, 1986) Folk",6.99,0.0754
v1|198487464593|0,3 Record Guild Of America Cardboard Records  75 RPM- Childrens Songs & Stories,10.95,0.0753
v1|127959961054|0,"Conway Twitty's Honky Tonk Angel LP Conway Twitty Vinyl Record 1974, MCA-406",17.55,0.0753
v1|168526204066|0,Tom Rush Wrong End Of The Rainbow Vinyl LP Vinyl Ultrasonically Cleaned VG+/EX,7.99,0.0753
v1|318570844372|0,Warp 9 Beat Wave FREE S/H  12” 45 rpm single record Prism PDS 485 Stereo,7.99,0.0753
v1|178295637317|0,The Oak Ridge Boys /American Made /Vintage Vinyl LP Near-Mint REDUCED,13.99,0.0753
v1|198488172571|0,"record vinyl 78, Collectors Record Shop / John McCormack, Tenor In Italian",4.95,0.0753
v1|800311221258|0,Barry Manilow “Tryin’ To Get The Feeling” Vinyl LP 1975 Arista AL4060,2.00,0.0752
v1|318547883526|0,SIGNED! Count Bernardino At The Sheraton British Colonial Record Album LP ,14.99,0.0752
v1|318548090246|0,HERMANOS AGUASCALIENTES   La Distancia Es Como El Viento  Latin  LP Mexico  VG+,4.00,0.0752
v1|158075209305|0,The Tremeloes 45 Here Comes My Baby / Gentleman Of Pleasure EPIC VG+,8.00,0.0752
v1|158075670373|0,Go Go's We Got the Beat and How Much More 45 rpm vinyl on Stiff Records English,15.00,0.0752
v1|127965121866|0,"Talking Heads Wild Wild Life Sire 7"" Black Vinyl 45 Promo Stereo 1986 7-28629",3.98,0.0752
v1|236927233013|0,MICHAEL JACKSON THRILLER - RARE BACK COVER ERROR VINYL RECORD QE 38112 1st PRESS,65.00,0.0752
v1|267721751780|0,JAMES GANG RIDES AGAIN VINYL ABCS711 VG+ Gatefold cover ABC label 1972,10.99,0.0751
v1|158068392028|0,"The Outfield For You 12"" Single RARE IMPORT with It's Only Love",59.95,0.0751
v1|178297487671|0,“This Is Boston Not LA” Tri-color LP M/EX Classic Punk Jerry’s Kids Gang Green,40.00,0.0751
v1|366530832022|0,CROSBY STILLS AND NASH S/T FIRST ALBUM LP MONO SPAIN IMPORT 2 COLOR LABEL,16.06,0.0751
v1|127965164632|0,"Blues Brothers Excusez Moi Mon Cherie Atlantic 7"" Black Vinyl 45 Stereo 3545",2.73,0.0751
v1|178297079608|0,vinyl record album Dr Demento's Dementia Royale,19.99,0.0750
v1|278159504432|0,KIRIL KONDRASHIN TCHAIKOVSKY ROMEO & JULIET MELODIYA ANGEL STEREO LP SHRINK,8.00,0.0750
v1|257612962386|0,Chet Baker And His Quintet with Bobby Jasper 2013! Sam Records mono reissue,20.00,0.0750
v1|377329702045|0,Carpenters a Song for You LP Vinyl Record 1972 Album SP 3511,13.00,0.0750
v1|158058617256|0,"Alan Civil, Neil Black (3), Michael Chapman (4), Claude Monteux, The Academy Of ",10.00,0.0750
v1|158058617259|0,"André Jolivet, Mstislav Rostropovich ‎– Second Cello Concerto Five Ritual Dances",14.00,0.0749
v1|127965087458|0,"Rex Allen, Jr. Don't Say Goodbye Warner Bros. 7"" Black Vinyl 45 RPM WBS 8418",1.08,0.0749
v1|158058617227|0,Henri Lazarof ‎– Textures/Cadence III/Partita,20.00,0.0749
v1|336674973492|0,"PATTI LABELLE The Right Kinda Lover 12"" Vinyl Record Single 3 REMIXES CLUB 1994",19.95,0.0749
v1|287450778765|0,808 state vinyl,10.50,0.0748
v1|206396511888|0,"Buck Owens, Roy Clark, and More #125 If you ain't lovin you ain't Livin)",12.99,0.0748
v1|117294063530|0,"The Beatles 1962-1966 Apple Records 2LP 12"" 33RPM Black Vinyl Compilation",15.00,0.0748
v1|137486142259|0,ALICE COOPER - Cold Ethyl - Only Women 45rpm,6.00,0.0747
v1|407059519092|0,Pete Rodriguez And His Orchestra* – Right On ! Ahi Na Ma !* Lp Vinyl * All-Art ,33.00,0.0747
v1|158070482967|0,The Dictators  Manifest Destiny LP 1977 WHITE LABEL PROMO,15.00,0.0747
v1|236926254723|0,Tom Scott New York Connection on Vinyl LP Record Album 33 RPM,6.99,0.0747
v1|227423125513|0,"Billie Eilish When We All Fall Asleep, Where Do We Go? Vinyl LP Record",11.50,0.0746
v1|267722531285|0,"Rock & Roll 78 Bill Haley ""BIRTH OF THE BOOGIE"" / ""MAMBO ROCK""",10.00,0.0746
v1|298492085552|0,LOT LP Richie Havens-Richard P. Havens 1983 Verve FTS-3047-2/Stonehenge SFS-6001,7.98,0.0746
v1|298493711300|0,"Mint! Judy Collins Who Knows Where the Time Goes 1968 12"" LP Vinyl Record",24.99,0.0746
v1|236927714702|0,Back Door - 8th Street Nites - Promo LP -BS 2753 - 1973 - Warner Brothers ,19.00,0.0746
v1|398155974472|0,Jesus Christ Superstar LP Vinyl Record Decca Soundtracks & Musicals Brown 1970s,30.00,0.0745
v1|278159498453|0,JONATHAN WILLIAMS - MOZART THE FOUR HORN CONCERTI MHS LP ALEXANDER SCHNEIDER,8.00,0.0745
v1|257608336840|0,1987 Lizzy Borden Viual Lies & Shok Paris Steel & Starlight. 2 Lot Vinyl,80.00,0.0745
v1|257614192255|0,LOU RAWLS UNMISTAKABLY LOU VINTAGE & CLASSIC LOU RAWLS. DISTINCTIVE VOICE,19.99,0.0744
v1|407061194618|0,"JATP ALL-STARS-HOW HIGH THE MOON/PERDIDO-2 VERVE VSP LPS, 1944, 1947",14.98,0.0744
v1|267722531270|0,"HOWLI' WOLF blues 45 CHESS ""I DIDN'T KNOW"" / ""MOANIN' FOR MY BABY""  Listen",10.00,0.0744
v1|407059870024|0,John Lennon Walls & Bridges ~LP Made in Japan EAS-80065 ~Insert and Booklet - E+,14.99,0.0744
v1|398167948891|0,BEN E KING Supernatural ATLANTIC R&B Soul Steppers | Shrink | LP HEAR,9.99,0.0744
v1|158068741990|0,Manhattans There's No Me Without You 1973 Vinyl LP TESTED VG/G+,9.99,0.0744
v1|178298110920|0,The Platters -2 record set. lp Twilight Time/Great pretender - 1955/1958. ,10.00,0.0743
v1|298491971515|0,STYX Equinox LP,7.50,0.0743
v1|398155550335|0,"CREEDANCE CLEARWATER REVIVAL, REVIVAL,NM FIRST PRESS, DOUBLE VINYL",35.00,0.0743
v1|227424489840|0,Rise Of The NY Rangers 1969-1970 Season Lp Record,10.00,0.0743
v1|178295857997|0,"Casablanca LP Record, Village People, Cruisin VG ",2.00,0.0742
v1|257593127390|0,Marcius King Gospel Band - Stand Up 1980 lp UNKNOWN Private Gospel Soul Funk FL,6.00,0.0742
v1|117296105271|0,LP Irakere Columbia 35655 White Label Promotional 1979 Gatefold Jacket 5 Tracks,6.99,0.0742
v1|278167208914|0,Led Zeppelin Houses Of The Holy 1977 SD 19130 SP LP NM Gatefold Original,34.99,0.0741
v1|267719659123|0,Procol Harum – Home LP - 1970 - VG+/VG,8.00,0.0741
v1|198487802124|0,"Victor 11800 , Gems From “ My Maryland “ Gems From “the New Moon “",4.95,0.0741
v1|298484766674|0,Wizard Of Oz Vinyl 2 Record Lot HAPPY TIME / Take Spinners,28.95,0.0741
v1|257614172278|0,"Chicago (2) - Hot Streets, LP, (Vinyl)",7.89,0.0741
v1|227423640823|0,Chicago - Hot Streets - LP vinyl,2.50,0.0741
v1|336679465803|0,STRAY CATS - 'Built For Speed' - Vinyl - EMI/Capitol - 1982 33 RPM record VG+,10.00,0.0740
v1|298494208165|0,"Bonzo Dog Band  Let's Make Up And Be Friendly US 1972 Vinyl LP, UAS-5584",0.99,0.0740
v1|800298374588|0,"Bobby Helms: My Special Angel / Standing At The End Of My World  45rpm, 1957",9.99,0.0740
v1|227424348571|0,THE GERALDINE FIBBERS Get Thee Gone 10' EP LP Country Rock,4.99,0.0740
v1|287450419150|0,Martinho Da Vila Maravilha De Cenario Vinyl LP Record Brazil Samba RCA Victor,9.99,0.0740
v1|407059930574|0,Air Supply Lost in Love ~Made in Japan 25RS-86 ~Japan Variant Album Cover - EX+,12.99,0.0740
v1|127965167727|0,John Lennon Yoko Ono Double Fantasy Geffen Records 1980,10.00,0.0739
v1|267719536323|0,1970 Paul McCartney Vinyl STAO-336,5.99,0.0739
v1|178295726000|0,Turn Up The Night Black Sabbath Vinyl Picture Disc Record,25.99,0.0739
v1|257614787512|0,STARRING AL HIBBLER LP  VINYL DECCA JAZZ,8.00,0.0738
v1|318560420573|0,The Doobie Brothers Minute By Minute (1978) Vintage Vinyl!,7.00,0.0738
v1|147426834274|0,Seasons Greetings From Barbara Streisand…And Friends Vinyl,7.00,0.0738
v1|398156650527|0,"The Beatles - Love Songs, 2 LP Set, Gatefold, 1977 Rock Pop, SKBL-11711",180.00,0.0738
v1|168529049359|0,Johnny Mathis - Warm And Tender / It's Not For Me To Say  1957 EX,2.65,0.0737
v1|127960694965|0,"Lee Greenwood - God Bless the USA / This Old Bed - 45 single, vinyl, record ",10.00,0.0737
v1|137486299963|0,Grateful Dead Reckoning 2 Vinyl Set,144.00,0.0736
v1|307044649818|0,"Vintage LP: Original Sound Track Music from ""Becket"", by Laurence Rosenthal",6.00,0.0736
v1|117297075828|0,"Stan Kenton Orchestra MacGregor Transcriptions 10"" Vinyl Record LP201",6.99,0.0736
v1|318563554457|0,"Al Hirt The Dixieland Jazz 12"" Vinyl LP 33 RPM Longines Symphonette LWC 2",2.06,0.0736
v1|358763847695|0,"The S.O.S. Band - Just Be Good To Me  - 12"" Single - Tabu -  1983 - 4Z9 03956",4.80,0.0735
v1|178298091625|0,"BRUCE SPRINGSTEEN-DARKNESS ON THE EDGE OF TOWN-1978 US,BEAUTIFUL VINYL COPY",35.00,0.0735
v1|318563685531|0,ZZ TOP WARNER BROS  W1 25342-1 AFTERBURNER 1985 Vinyl Record LP,7.99,0.0735
v1|178298068629|0,Private Song Poem 45 - Mike Thomas - Mr. Grasshopper/Selena - Tin Pan Alley VG+,9.99,0.0734
v1|236927666948|0,Norman Connors - You Are My Starship - Vinyl,8.00,0.0733
v1|398167933548|0,MANDRILL Beat From The East UA Latin Funk | Deep Disco | Dancefloor | LP HEAR,9.99,0.0733
v1|257616795564|0,"NIGHTCRAWLERS ""Never Knew Love"" ",9.99,0.0732
v1|267722495224|0,JOHNNY WINTER AND - Live  (1971 LP Vinyl)  EX/VG,7.99,0.0732
v1|398155550333|0,"5 VG+ VINYL LP'S OLIVIA NEWTON JOHN, FIRST PRESSINGS,SEE TITLES",39.99,0.0732
v1|227423209646|0,MADONNA - LOT of 6 ORIGINAL 1980s LPs,89.00,0.0732
v1|227423209646|0,MADONNA - LOT of 6 ORIGINAL 1980s LPs,89.00,0.0732
v1|307044649825|0,Vintage LP Set: 10 Great Shakespeare Plays performed by the world's best actors!,60.00,0.0732
v1|206398731198|0,Kenny Rogers And The First Edition Transition LP 1971 Reprise MS 2039,3.99,0.0731
v1|267722610702|0,TOM JONES - Sings She's A Lady #XPAS-71046 Parrot Records 1971 Vinyl VG+/G,2.99,0.0731
v1|398157106065|0,Dee Dee Sharp The Night,5.00,0.0731
v1|188605192751|0,"Roxy ""I Really Like It"" Rare 12' single",4.00,0.0731
v1|188605192751|0,"Roxy ""I Really Like It"" Rare 12' single",4.00,0.0731
v1|158070369302|0,JEWEL AKENS The Birds and the Bees/Tic Tac Toe ERA 3141 (1965) 45rpm ,2.00,0.0731
v1|147426233255|0,Vinyl Collection Records The Godfather + More Lot of 7,12.28,0.0731
v1|168524053186|0,1996 Beatles Apple Records Picture Sleeve and Single  Real Love  Baby's in Black,30.00,0.0731
v1|206397955275|0,Meat Loaf Bat Out Of Hell vinyl records In Very Good + Condition Org. Plastic,17.00,0.0730
v1|278159505107|0,Henry Mancini Record Albums (Lot of 4),13.00,0.0730
v1|267722477302|0,Blaque Can't Get It Back Vinyl Record Lp Single Promo Copy,6.00,0.0730
v1|257614048102|0,Mozart Violin Concerto No. 4 - Zukerman - Saint Paul Chamber Orchestra LP NM,5.00,0.0730
v1|377322553008|0,PATACHOU - LES GRANDES CHANSONS VOL.1 COLUMBIA STEREO SIX-EYE LP,8.00,0.0730
v1|336680413112|0,Wherever You Go LP by The Monks of Western Priory,2.58,0.0729
v1|227423180796|0,"Give the Drummer Some by Santana, Cindy Blackman (Record, 2020)",29.99,0.0729
v1|178295724667|0,TOM PETTY and The Heartbreakers Into The Great Wide Open Vtg 1991 LP,31.00,0.0728
v1|366532255964|0,Vintage Educationial Berlin Wall 4 Record Set With Bailey Films Filmstrip German,19.99,0.0728
v1|117293793503|0,Mercury SR 90192 RFR-1 Howard Hanson Symphony 2 Romantic & Lament Beowulf NM,5.99,0.0728
v1|358777190948|0,"Propaganda A Secret Wish Island 12"" 33 RPM Stereo Black Vinyl LP 207 027",15.00,0.0727
v1|398158956711|0,The tune weavers,5.00,0.0727
v1|188619102233|0,"Conjunto Los Barrieron ""HASTA QUE AMANEZCA"" LP Hard Find Ecuador Pressing Vinyl",9.99,0.0727
v1|188619222981|0,"Holly Near & Ronnie Gilbert “Lifelines” Redwood Records Live Folk 12"" LP 1983",12.99,0.0726
v1|800311419243|0,VAN HALEN First Original PROMO LP 1978 WARNER BROTHERS BSK 3075 Promotional,45.00,0.0726
v1|127960595702|0,Saturday Night Fever The Original Movie Soundtrack 1977 Bee Gees 2 LP ,6.50,0.0726
v1|278167631394|0,THE BEATLES 1996 ANTHOLOGY 2 VINYL  SAMPLER  PROMO  APPLE CAPITOL SPRO 11206/7,124.99,0.0726
v1|178298168644|0,"JAMES TAYLOR - That's Why I'm Here (1985, Vinyl LP) “Song For You Far Away”",19.99,0.0726
v1|236925901072|0,Blues Magoos- Tobacco Road / Sometimes I Think About 45 on Mercury- Scarce!,24.99,0.0725
v1|327255111470|0,1981 Weird Al Yankovic  Another One Rides the Bus / Gotta Boogie  Very Good,15.00,0.0725
v1|117294057786|0,Stanley Clarke - Journey To Love Jeff Beck Chick Corea John McLaughlin,17.99,0.0725
v1|236926176024|0,"Randy Crawford vinyl record — ""Now We May Begin"", released in 1980.",7.00,0.0725
v1|127966302221|0,SR 90231 - DUPRE / MESSIAEN - MARCEL DUPRE AT SAINT-SULPICE VO.5 - NM-,5.99,0.0725
v1|267719691797|0,David Frye – I Am The President - 1969 - Elektra EKS-75006 Vinyl LP Promo Copy,4.99,0.0725
v1|127966525613|0,"Herbie Mann, at the Village Gate, Atlantic ST 1380",3.99,0.0725
v1|318550781790|0,ROCK ISLAND LINE / THE MAGIC TOUCH - VARIOUS ARTISTS - PROM RECORDS 78RPM EP,5.25,0.0724
v1|198488190860|0,Pickwick 1970 ROSE GARDEN compilation Sung by Country Road lp nde Stereo JS-6105,4.88,0.0724
v1|147431140192|0,NON STOP - THE BOX TOPS - ORIGINAL 1968 SEALED U.S. LP (Bell),19.99,0.0724
v1|407061191488|0,BENNY CARTER-DUKE ELLINGTON-GIANTS OF JAZZ- TIME-LIFE  MINT 1 SHIP 1 PRICE,10.98,0.0724
v1|168529307332|0,Lot of 2 - SOFT CELL - The Art Of Falling Apart + Single/This Last Night - VG+,17.99,0.0724
v1|366531306212|0,45 Debbie Gibson / Pebbles (2) Album Sleeves No Records - Nice Cond !,1.50,0.0723
v1|236925907251|0,The Get Up Kids / Coalesce split 7'  colored wax 45 ps.,19.99,0.0723
v1|278159504404|0,"JOSE CARRERAS SINGS DONIZETTI, BELLINI, VERDI, PHILLIPS LP IMPORT HOLLAND",8.00,0.0723
v1|188621319876|0,KISS Dynasty Vinyl LP Album from 1979 in VG+ Condition with poster,150.00,0.0723
v1|307044650792|0,Vintage LP: The Inspector General,6.00,0.0722
v1|158069995991|0,Ashley Alexander Big Band Plays Frank Mantooth Vinyl LP 1984,8.99,0.0722
v1|287448676991|0,"Wrapped Creedence Clearwater Revival S/T 12"" Vinyl LP Stereo Fantasy FANT 8382",18.00,0.0722
v1|147427112405|0,LRS 102 Home Made Album Vol. 1 LP (1976) Louisville KY Compilation VG/NM,12.00,0.0722
v1|407059834568|0,Willie Nelson - Without A Song ~ LP Made in Japan 26AP-2719 ~ OBI/Booklet - VG+,12.99,0.0722
v1|298494474744|0,"LP The 5th Dimension ""Portrait"" Free shipping",4.99,0.0722
v1|298483022496|0,PUCCINI LA BOHEME CABALLE DOMINGO SOLTI MILNES 1974 RCA 2-LP VINYL BOX SET,24.79,0.0722
v1|407059951404|0,Erroll Garner - Paris Impressions Vol 1   1958 LP Vinyl Record Album   VG / VG,5.00,0.0721
v1|287448399930|0,"The Melachrino Strings And Orchestra - Music For Romance / LP, Album, Hol",4.49,0.0721
v1|407059859350|0,"Paul McCartney Venus & Mars ~LP Made in Japan EPS-80236 ~OBI  24""X36"" Poster - M",19.99,0.0721
v1|117297150212|0,"Vinyl-10""Columbia CL6079. COUNT BASIE DANCE PARADE. NM",19.00,0.0721
v1|278172934417|0,TRIUMPH NEVER SURRENDER 1983  VINYL LP,5.00,0.0721
v1|206405681311|0,Buck Owens And His Buckaroos – The Kansas City Song VINYL LP ST-476,2.99,0.0720
v1|227424171284|0,"12"" LP Vinyl David Bowie - Real Cool World Maxi Europe NM",45.00,0.0720
v1|287448360645|0,Kiss Promo Best Solos Assembled For Radio Kiss LP Aucoin Promotional Vinyl ,175.00,0.0720
v1|236926211540|0,Joni Mitchell DON JUAN'S RECKLESS DAUGHTER 2-lp vinyl Jaco Pastorius Davd Crosby,7.99,0.0720
v1|278172935604|0,U.S.METAL 1981 VINYL LP,10.00,0.0720
v1|327254502637|0,"Vintage The Jonah Jones Quartet ""Tijuana Taxi And Other Favorites"" Vinyl...",2.00,0.0720
v1|377331553817|0,THE ALAN PARSONS PROJECT ROBOT 1977 VINYL LP AL7002,5.00,0.0719
v1|358777153513|0,"Burt Bacharach Make It Easy on Yourself 12"" 33 RPM Stereo Vinyl LP SP-4188",4.00,0.0719
v1|327253752498|0,Alan Mills Sings Old MacDonald Had a Farm & Other Funny Songs (Vinyl 33 rpm),2.99,0.0719
v1|158070570689|0,THE PONTER SISTERS-1 - LP - (301)),4.00,0.0718
v1|407060005968|0,"Edison Diamond Disc 52054, Frederick Kinsley, Just An Ivory Covered Shack, 1927",9.99,0.0718
v1|327235026886|0,BRUCE SPRINGSTEEN- NEBRASKA - CLASSIC ROCK - VG+  VINYL,5.50,0.0717
v1|287449636282|0,The Rascals Time Peace Greatest Hits LP Vinyl Atlantic SD 8190 Rock Soul,3.00,0.0716
v1|188604829496|0,Beatles – Sgt. Peppers Lonely Hearts Club Band –German Import- Picture Disc 1978,35.00,0.0716
v1|407059792760|0,the Seekers - Hide & Seekers ~ Record made in UK W-8191 - E,6.99,0.0716
v1|358763612020|0,"Melanie - ""Candles In The Rain"" - 1970 Monarch Pressing Buddah BDS/5060 VG+/VG+",10.00,0.0716
v1|407059615538|0,Willy DeVille Mirace,3.99,0.0716
v1|358773637526|0,"Burt Bacharach, Close To You, One Less Bell To Answer LP",2.00,0.0716
v1|206398732354|0,Bruce Springsteen Born To Run LP Vinyl Record Columbia PC33795 1975,10.00,0.0715
v1|407059877454|0,"CHUBBY CHECKER - In Person  VG / VG  Live at Sommers Point, NJ 1963 Record Album",5.00,0.0715
v1|178302641161|0,Peggy Lee - Bridge Over Troubled Water - Record Album Vinyl LP w/shrink,1.00,0.0715
v1|168529049521|0,Tennessee Ernie Ford - Ivy League/In the Middle of An Island 1957 VG,2.65,0.0715
v1|318570643551|0,YATCHS--WITHOUT RADAR--12 IN. VINYL 1980---FREE SHIPPING,8.00,0.0715
v1|307051044417|0,Jim Reeves ‎– The Unforgettable Jim Reeves [6 LP Box Set Compilation 1976] NM/EX,4.99,0.0715
v1|227423210065|0,Men At Work - Business As Usual & Cargo ORIGINAL LPs - MINT,25.00,0.0715
v1|407059680840|0,"Luis ""Perico"" Ortiz – La Vida En Broma* Lp Vinyl * FM ",30.00,0.0715
v1|178302399786|0,"Joe Williams, Joe Williams Live LP VINYL",2.00,0.0714
v1|236926179484|0,"BRITNEY SPEARS GIMME MORE REMIXES USA 12"" PROMO 2 DOUBLE BLACK VINYL VG",17.00,0.0714
v1|318561155689|0,ANGELICA MARIA CON MARIACHI LP 1976 Latin Vinyl Pronto Records VG+,4.99,0.0714
v1|358783920560|0,Juice Newton Quiet Lies 1982 Capitol Vinyl LP,1.99,0.0713
v1|178295718445|0,Dispatch - Bang Bang - Limited Edition Red/black Vinyl LP w/ 7” Bats (live),70.00,0.0713
v1|358777201758|0,"Henry Mancini RCA Victor Mancini Plays Academy Award Songs 12"" 33 Stereo 1964",6.00,0.0713
v1|188618537703|0,Carl Mackenzie - Violin - Tradition,20.00,0.0713
v1|158068168000|0,"The Outifeld ""Going Back' 12"" Vinyl Import ",39.95,0.0713
v1|198488174507|0,"COLUMBIA 12017 , The Cathedral Quintette / Ave Maria ,the Rosary",4.99,0.0712
v1|206405681424|0,Lynn Anderson - Keep Me In Mind VINYL Lp KC-32078 Columbia Records 1973,2.99,0.0712
v1|147427376363|0,LAURA NYRO  ORIG  VINYL LP,9.99,0.0712
v1|407059904610|0,Dr. Hook ~ A Little Bit More - Made in England E-ST 23795 - VG+,4.99,0.0712
v1|327254197723|0,The Fox And The Hound Picture Disc Record,4.00,0.0712
v1|307055344565|0,JOHN CONLEE - BUSTED Vinyl LP Record MCA-5310 Promo ,6.99,0.0711
v1|158070195645|0,1957     SEARCHIN'   -  THE  COASTERS,3.75,0.0711
v1|257615043340|0,AIR SUPPLY Even the Nights Are Better 1982 Making Love Out of Nothing at All1983,12.99,0.0711
v1|336683620332|0,Lot of 23 various folk vinyl record albums VG+ rare Guthrie seeger odetta kweski,34.99,0.0711
v1|188619339595|0,Mixed Vinyl Records Lot,18.00,0.0711
v1|407059845474|0,Nazareth Loud 'N' Proud ~1973 Record Mfg. By Longines Symphonette SWOA-95690 - E,9.99,0.0711
v1|407060058644|0,Dorsey Brothers on BRN 6938,15.00,0.0710
v1|137497597171|0,Richard Chamberlain - Joy in the Morning (1965) Vinyl LP • Joy in the Morning,5.99,0.0710
v1|158058617237|0,Gustav Mahler ‎– Song Of A Wayfarer - Kindertotenlieder,22.00,0.0710
v1|318560641993|0,Little River Band Diamantina Cocktail Vinyl LP Harvest 1977 SW-11645 Rock,10.00,0.0710
v1|327249766763|0,vinyl lp records classic rock lot,10.00,0.0710
v1|236920543085|0,"K.D. LANG - If I Were You/Get Some, 45, EX, 1995, Warner Brosl",3.99,0.0710
v1|307044649824|0,Vintage LP: John Fitzgerald Kennedy - A Memorial Album,6.00,0.0709
v1|168526188702|0,John Maytall & the Bluesbreakers LP A Hard Road 1967 Ultrasonic Clean & TESTED,14.99,0.0709
v1|188604939837|0,"Atlanta ""Where Have All The Cowboys Gone? b/w Come To Me",4.00,0.0709
v1|188619283038|0,Joan Sutherland “The Art of the Prima Donna” London Records A241 Vinyl LP,16.22,0.0709
v1|127965396989|0,"Blood, Sweat And Tears 3 - Columbia – KC 30090 - Vinyl LP Record Album 1970",5.00,0.0709
v1|117293837618|0,"Grape Jam Moby Grape '68 Vinyl LP Terre Haute Press Skip Spence, Mike Bloomfield",5.00,0.0709
v1|198487891322|0,Ernest Tubb sings-Country Hits Old & New Vinyl DL-4772 MONO 1967 Country VG+/NM,4.55,0.0708
v1|377330589029|0,"Junior M.A.F.I.A. Player's Anthem Vinyl 12"" Promo Rap Big Beat DJ Clark Kent",9.98,0.0708
v1|267721674440|0,James Taylor Dad Loves His Work Lc37009 Vinyl Lp 1981,4.00,0.0708
v1|206403855519|0,78 RPM R&B Bobby Charles Chess Record 1647 Why Can’t You / Put Your Arms Around,10.50,0.0707
v1|358776558722|0,Peter Paul And Mary A Song Will Rise Album Released In 1965 Very Good Condition,10.00,0.0707
v1|127966385766|0,Mercury SR 90214 Liszt Smetana MOUSSORGSKY Dorati 1961 NM-,5.99,0.0707
v1|147427550709|0,The Brave Bulls/La Fiesta Brava Music from the Bull Fighting Ring LP Vol. 1 & 2,25.00,0.0707
v1|318516820661|0,Cliff Richard – From A Distance - The Event - EU Import 2LP Gatefold 1990,4.99,0.0707
v1|127965217617|0,The J .Geils Band  1975 SD -18147   Hotline   VG,4.60,0.0706
v1|168524331602|0,The Damned Eloise UK 12” Blue Vinyl Single GRIMT 4 1986 MCA Punk Goth,0.99,0.0706
v1|307051030987|0,Elvis Presley -How Great Thou Art - Vinyl LP,3.04,0.0706
v1|358773692463|0,"90s VINYL SINGLES: Tom Jones, Wigstock, New Kids On The Block",7.00,0.0706
v1|227419207628|0,STEALER'S WHEEL - FERGUSLIE PARK - A &M  - NM,5.99,0.0706
v1|267722463071|0,"TOM JOHNSTON 1979 LP ""EVERY THING YOU HEARD IS TRUE"" Promo Lp",3.50,0.0705
v1|158075209337|0,The Left Banke 45 Walk Away Renee / I Haven't Got the Nerve Smash Promo EX,8.00,0.0705
v1|318524488549|0,Freddie Jackson – Just Like The First Time - US LP + OIS 1986,4.99,0.0705
v1|117293568405|0,Popeye - Robin Williams & Shelly Duvall - OST - 1980 Vinyl LP - MINT!,20.00,0.0705
v1|287440783127|0,Jim Croce-You Don’t Mess Around With Jim - By Lifesong Records  34993 LP   1972,3.99,0.0704
v1|257613228636|0,The Diamonds – Little Darlin' / Faithful And True   on  MERCURY   1957  U.S.  78,12.95,0.0704
v1|377330109049|0,"MR.HYDE 1981 "" THE WITCH & HYDE'S BEAT  ON PROFILE  RECORDS GIANT SINGLE SEALED",4.95,0.0704
v1|298493659858|0,DONNA SUMMER-ANOTHER PLACE AND TIME-COLORED VINYL,16.99,0.0704
v1|137502900502|0,Pink Floyd Dark Side Of The Moon 1973 LP Vinyl SMAS-11163 w/ Posters & Stickers,52.00,0.0703
v1|257613229664|0,Maxim Trio (with Ray Charles)– A Sentimental Blues / You'll Never Miss The Water,12.95,0.0703
v1|257613229664|0,Maxim Trio (with Ray Charles)– A Sentimental Blues / You'll Never Miss The Water,12.95,0.0703
v1|287450911851|0,THE EVERLY BROTHERS - THE LEGENDS OF ROCK - LP (X1),9.99,0.0703
v1|307051295961|0,Pantera Revolver Vinyl Reinventing The Steel 2021 Limited Edition,19.99,0.0703
v1|127965152505|0,ffrr Silver On Black double LP Full Frequency Range Recordings 89 Various Artist,0.99,0.0702
v1|236926046370|0,DOORS MORRISON HOTEL VINYL ALBUM USED,11.50,0.0702
v1|327255089595|0,"C.W. McCall, C.W. McCall & Co., (LP, Album), VG+, 3691131628",3.50,0.0702
v1|366531038629|0,Curious George Takes a Job / H.A. Rey 33 1/3 RPM Vinyl Record Scholastic Records,2.99,0.0702
v1|236925967368|0,John Sebastian- Welcome Back LP M-/M-,9.99,0.0701
v1|336679346680|0,Steve Martin A Wild And Crazy Guy Gatefold 1978 HS-3238 Vinyl Warner Bros Poster,3.99,0.0701
v1|327254032485|0,RAM DANCEHALL LP (Mango Records/Island # MLPS 9853) Patra JC Lodge  Coco Tea,4.99,0.0701
v1|307051997177|0,"The Yardbirds 2 Record Lot For Your Love/Heart Full of Soul,Got to Hurry/For Lov",10.00,0.0700
v1|227418508894|0,"Vanilla Fudge  45  ""Some Velvet Morning""  ©1969  ""People""  +Bio ♪ Good Condition",2.99,0.0700
v1|147418426948|0,1971 In SHRINK Gatefold LP ARTHUR BIG BOY CRUDUP The Father of Rock and Roll RCA,19.00,0.0700
v1|407061130178|0,"The Supremes - A' Go-Go (Motown Records, 1966) LP Vinyl Record  ",1.49,0.0700
v1|298493712436|0,"BENNY GOODMAN: king of swing TIME LIFE 12"" LP 33 RPM",14.99,0.0699
v1|236926005323|0,"Bongos Bongos Bongos Record VG+, Command Records",6.00,0.0699
v1|407060620738|0,Fats Domino - Fats Domino   1975 2LP Record Album   VG / VG   Jojo's   Walkin',5.00,0.0699
v1|188619034713|0,Enoch Light & The Light Brigade “The Torchv Thirties” Grand Award GA 220 S.D. LP,8.99,0.0699
v1|178297079367|0,vinyl record albums Guardians of the Galaxy One and Two,35.99,0.0699
v1|407059855172|0,"Ian Dury & The Blockheads Hot Biscuit 12"" Stiff 48-50779 1979",8.00,0.0698
v1|377322569634|0,JULIAN BREAM - THE ART OF THE SPANISH GUITAR RCA RED SEAL STEREO 2-LP SET,8.00,0.0698
v1|168525948229|0,Deryl Barnett Gospel Soul of the Saxophone Live LP Savoy 14428 Vinyl Record Choi,6.20,0.0698
v1|327235001219|0,TOM PETTY & THE HEARTBREAKERS - HARD PROMISES - CLASSIC ROCK - VG++ VINYL,5.99,0.0698
v1|158075209100|0,"Dave Mason Authentic Signed ""Split Coconut"" Record Album Vinyl LP Autograph",50.00,0.0698
v1|267722457557|0,Nitty Gritty Dirt Band: Stars And Stripes Forever 2xLP (1974) UNITED ARTISTS,3.50,0.0697
v1|407061374412|0,"Matt & Kim Grand Rock LP Vinyl Record Fader Label 2008 12"" Black",14.68,0.0697
v1|287450926333|0,OLIVIA NEWTON-JOHN - TOTALLY HOT - LP (X1),5.00,0.0697
v1|398167927298|0,BROTHERS JOHNSON Looking Out For #1 A&M Funk R&B | Shrink | LP HEAR,9.99,0.0696
v1|158075050685|0,Marvelous Miller Moods Glenn Miller Army Air Force Band VINYL RECORD LPM 1494,12.00,0.0696
v1|800315196905|0,"Fuerza Regida - 111xpantia, Black Vinyl, With Poster",30.00,0.0696
v1|236927836068|0,"The Dave Brubeck Octet,The Way You Look Tonight/Love Walked In,Fantasy- 509. 78.",10.00,0.0696
v1|188604829942|0,Huey Lewis & The News – Sports - Picture Disc - 1984,20.00,0.0696
v1|267722287941|0,"Kenny Loggins ""Nightwatch"" vinyl - 1978",5.00,0.0696
v1|287448399870|0,Judy Garland  The Garland Touch  1962 Capitol W 1710  Pop,4.49,0.0696
v1|336673999913|0,DAVID LAFLAMME WHITE BIRD 1976 amHersT Lp Mint! IT'S A BEAUTIFUL HOT SUMMER DAY,4.75,0.0695
v1|307051050344|0,Marie Osmond In My Little Corner of the World LP Vinyl Record Tested VG+/VG+,2.99,0.0695
v1|158070480776|0,GEORGE CRUMB - Ancient Voices of Children - Music For A Summer Evening LP Vinyl ,1.99,0.0695
v1|407060017956|0,"RCA LIVING STEREO LSP 1956 USA ED2 SDTK - JAZZ HENRY MANCINI ""Peter Gunn vintage",3.00,0.0695
v1|278167460792|0,BILL BLACKS COMBO - IT'S HONKY TONK TIME - LP (1),3.00,0.0695
v1|267722680070|0,2LP VINYL DUKE ELLINGTON  1938 SMITHSONIAN EX JAZZ P2 13367,9.99,0.0695
v1|398158660395|0,"Jackie Gleason Velvet Brass LP Vinyl Record 12"" 33 RPM Stereo Capitol Sleeve",5.00,0.0695
v1|127966282062|0,Howard Hanson Ernest Bloch LP Mercury Living Presence SR90223 Concerto grossi NM,5.99,0.0694
v1|298484766649|0,The Art of Dame Janet Baker 3x LP Record Box w Booklet HMV,12.25,0.0694
v1|407059872429|0,Led Zeppelin  In Through the Out Door ~ LP Made in US  SS16002 ~No Bar Code - E-,14.99,0.0694
v1|358762186559|0,Billy Idol - Debut LP - 2nd Cover - 1983 w/Congo Man - Chrysalis CHR-1377 EX/EX,15.00,0.0694
v1|137499533804|0,Bobby Leeds Test Press 45 On Federal  Country  Rare Test  Press With Paper Work,6.50,0.0694
v1|257607535352|0,1975 Ritchie Blackmore's RAINBOW Polydor & 1977 ON STAGE Polygram,45.00,0.0694
v1|178302641167|0,Angela Lansbury as Mame Original Broadway Cast - Columbia Records KOS‑3000,1.00,0.0693
v1|366532688732|0,SCARCE FIRST ISSUE ROCKABILLY 1956-RIC CARTEY & THE JIVA TONES-OOH EEE,1.99,0.0693
v1|257614515435|0,The Roaring 20s Volume 1 Lp GA33-327,2.23,0.0692
v1|366531329703|0,THE STAPLE SINGERS  Tell It Like It Is  LP  1972,8.00,0.0692
v1|267722594849|0,"TONY BENNETT - LOVE STORY 12"" LP  CBS RECORDS  64368 VG+/VG+",1.99,0.0692
v1|178297195555|0,"Connie Francis, Herman Hermits - ""When The Girls Meet The Boys"" - LP",1.00,0.0692
v1|377330176457|0,Record-A-View 78 ~ LET'S TAKE A TRIP TO WASHINGTON D.C.,19.95,0.0692
v1|178297896641|0,"Vintage Styx Pieces Of Eight Album, 1978 A&M Records, Inc.",6.99,0.0691
v1|366540153934|0,Best/Of/Bread/75+Cheap/Thrills Big/Bro+Holding Co/68/J/Joplin/1968/Debut/NM/Lp’s,15.00,0.0691
v1|327254032477|0,"Raekwon LIVE FROM NEW YORK / POWER (12"")  WU-TANG CLAN!!!",9.99,0.0691
v1|127968627873|0,Herb Alpert 2LP Lot What Now My Love? & S.R.O. Both EX/EX,6.99,0.0691
v1|407059685304|0,"Oscar D'León* – La Salsa Soy Yo* Lp Vinyl  , TH RODVEN ",20.00,0.0691
v1|398167935621|0,BROTHERS JOHNSON Right On Time A&M Funk | Shrink |  LP HEAR,9.99,0.0690
v1|267722680387|0,2LP VINYL DUKE ELLINGTON  1939 SMITHSONIAN EX JAZZ P2 14273,9.99,0.0690
v1|336679322597|0,Billy Eckstine & Quincy Jones At Basin Street East MONO 1962 Mercury Jazz VG++,5.50,0.0690
v1|298494505462|0,RARE 1948 NELSON EDDY By Request Vinyl Album ML2037 COLUMBIA MASTERWORKS Record,19.95,0.0690
v1|278159499862|0,EUGENIA & PINCHAS ZUKERMAN MUSIC FOR FLUTE & VIOLIN VIOLA BEETHOVEN COLUMBIA LP,8.00,0.0690
v1|318560827442|0,"Tommy Collins, I Always Get A Souvenir - Let Me Love You, Capitol Records F2806",8.00,0.0689
v1|158070468709|0,Styx The Serpent Is Rising Vinyl LP Wooden Nickel Records BWL1-0287 1973,25.00,0.0689
v1|366532694617|0,"K Tell Mind Bender LP Vinyl K Tell Records TU 2440, VG/FAIR VINAL",3.00,0.0689
v1|147430470413|0,Cheech  & Chong Alcoa Big Bam Bu Vinyl Record Album.,14.00,0.0689
v1|168526251717|0,Mastodon SIGNED Call of the Mastodon Blue/Gold Vinyl BARONESS Free Shipping ,79.99,0.0688
v1|158067999202|0,Four Freshmen LP Four Freshmen w/  5 Trombones Capitol T 683 Mono 1956,3.99,0.0688
v1|236920806724|0,Ella Fitzgerald - Mack the Knife Ella in Berlin Verve Stereo VG,9.99,0.0688
v1|407060015164|0,Mario Lanza Sings His Favorite Arias w SHRINK 1967 Plus 2 More As Well All Great,3.00,0.0688
v1|358776592293|0,Ed Ames My Cup Runneth Over Album Released In 1967 Very Good Condition,8.00,0.0688
v1|158070272806|0,3x Rob Zombie LP Vinyl Records The Great Satan Venomous Rat 🔥,31.00,0.0688
v1|336679260078|0,"Belly Dance Music Record VG++ w/Instruction Sheet, Monitor Records",7.00,0.0688
v1|236926043489|0,"Belly Dance Music Record VG++ w/Instruction Sheet, Monitor Records",6.00,0.0688
v1|227423052474|0,Soul/Jazz Red Prysock Groovy Sax I heard It Though The Grapevine 45 record,5.99,0.0688
v1|137488492920|0,"The XN-25 Crue, ""Beat Me With Your Love"", 1st Edition, Vinyl LP, Bagg Records",8.99,0.0687
v1|168529049435|0,Rodgers & Hammerstein-I Whistle a Happy Tune EX,2.65,0.0687
v1|407059799897|0,Boz Scaggs Hits! ~LP Made in Japan 25AP-1945~ Insert Hype Sticker Shrink Wrap E+,12.99,0.0686
v1|298493711273|0,Giants Of Jazz Jelly Roll Morton Box Set Vinyl 3X LP Time Life,7.99,0.0686
v1|318563618516|0,LINDA RONSTADT- MAD LOVE--12 IN. VINYL 1980-FREE SHIPPING !!!!,10.00,0.0686
v1|257614846484|0,"Metallica Master of Puppets Elektra 60439-1 12"" Vinyl LP Stereo Metal 1986",52.00,0.0685
v1|318520056267|0,Julian Lennon – The Secret Value Of Daydreaming - US LP + OIS 1986 Specialty,4.99,0.0684
v1|257613135980|0,"Blood, Sweat And Tears – Self Titled - 1969  Columbia CS9720 Vinyl Record LP ",5.00,0.0684
v1|206405926596|0,Fresh Out of Borstal LP RCA LSP-4328,5.00,0.0684
v1|137487549972|0,Chuck Girard Take It Easy lp + Bonus,6.99,0.0684
v1|407060051423|0,Fats Domino on IMP 5816,5.00,0.0684
v1|227405819912|0,THE RAUNCH HANDS - HAVE A SWIG - GARAGE ROCK / ROCK N ROLL - RED NM VINYL,4.99,0.0684
v1|178298068619|0,"Todd Terry Project – Bango / Back To The Beat 7"" 45 RPM 1988 Fresh PROMO RARE",6.99,0.0684
v1|267722289297|0,"Dan Fogelberg ""Home Free"" vinyl - 1972",3.00,0.0684
v1|278169558122|0,Jackie Lomax Sour Milk Sea  45 Apple 1802 George Harrison Beatles Error,49.99,0.0683
v1|147429810860|0,"On The Move, CBS & Chevrolet Promo Record VG++, Dionne Warwick, Glen Campbell",1.99,0.0683
v1|137499264297|0,Don Gibson Collector's Series 1985 Vintage Vinyl,18.00,0.0683
v1|318561027161|0,David Sanborn Heart To Heart Vinyl,8.00,0.0683
v1|278170069348|0,"The Professionals 1966- 10"" Promo Radio Spots -B.Lancaster-L.Marvin + more",19.99,0.0683
v1|236920806719|0,Alice Cooper: Killer WB BS2567 Green Label Randy Kling mastering VG+,12.99,0.0682
v1|327254344495|0,"Excellent 1971 Hard Rock LP - LED ZEPPELIN ""Led Zeppelin IV"" ATLANTIC #7208",8.50,0.0682
v1|198486058429|0,"Orchestral Manoeuvres in the Dark - Never Turn Away -OMD 12"" Single Vinyl Record",16.56,0.0682
v1|278167670060|0,"THE BROTHERS CANDOLI: SEXTET - 2 FOR THE MONEY, 1959 MERCURY JAZZ STEREO, VG++",8.50,0.0682
v1|198480300205|0,Jack Bruce / Bill Lordan / Robin Trower ‎– B.L.T. LP,9.00,0.0682
v1|407059870158|0,"Fiction Factory (Feels Like) Heaven 12"" Vinyl Single 45  RPM CBS TA 3996 1983 UK",20.00,0.0682
v1|398155550325|0,"VG+ FIRST PRESSINGS,PHIL COLLINS, FACE VALUE, GENESIS,ABACAB",40.00,0.0681
v1|127966415552|0,MERCURY LIVING PRESENCE SR 90196 SCHUBERT VG+,5.99,0.0681
v1|117297171661|0,"Vinyl-10""Lp-Tops.L929.JAZZ technocracy-EARLE SPENCER&Orchestra.NM",6.99,0.0681
v1|257615049552|0,Quicksilver Messenger Service ~What About Me Vinyl LP Capitol 1970 Gatefold,2.99,0.0681
v1|227424374200|0,1956 78 rpm THE CARSONS YOU'RE MINE ALL MINE WINE WOMEN & GOLD KEM 2737 ROCK N-,29.95,0.0681
v1|158058617257|0,"John Hebden, Cantilena ‎– Six Concerti For Strings, Op. 2",18.00,0.0681
v1|227423219251|0,The Encore Sound of 1970 Joseph Schlitz Brewing Co. S-5380 Vinyl Record VG+ Beer,18.99,0.0680
v1|206405985894|0,78 RPM Blues  Big Maybelle on Okeh: Such A Cutie/The Other Night V:M-     L:M. I,25.00,0.0680
v1|158059724385|0,"Mussorgsky* / Rachmaninoff* - Irina Arkhipova*, John Wustman ‎– Songs And Dances",28.00,0.0680
v1|307055349688|0,History of Eric Clapton 2xLP Vinyl Record 1972 ATCO Records SD 2-803,6.99,0.0679
v1|127965170667|0,"Johnny Rodriguez Born To Lose / Something Mercury 7"" Black Vinyl 45 73471",1.49,0.0679
v1|287449674176|0,Beatles*I Want to Hold Your Hand/I Saw Her Standing There *(1984)air brush cig,10.00,0.0679
v1|178302641150|0,"Bette Midler Live at Last (Edited for Radio) 12"" Vinyl PROMO Record - 1977",1.00,0.0678
v1|307050915783|0,New Kids On The Block 45RPM You Got It (Right Stuff) 1989 80s Dance Pop 7” PS NM,3.00,0.0678
v1|407059519891|0,"Rolando La Serie Y Johnny Pacheco – De Película* Lp Vinyl *,FANIA RECORDS ",20.00,0.0678
v1|267718876260|0,"2 Peter Nero albums Anybody Seen My Gypsy Rose?, Hail the Conquering Hero",9.99,0.0678
v1|127965067711|0,Abigail / Shitfucker - Bloody Your Lovely Pussy 7” EP 2015 Hells Headbangers,3.98,0.0678
v1|287449675404|0,NOVELTY Lot(4)Tiny Tim COMIC STRIP MAN+Ronald McDonald +Globetrotters+ Superbird,8.99,0.0678
v1|127965134570|0,"Kim Carnes Mistaken Identity / Jamaica Sunday Morning EMI America 7"" 45 Promo",1.61,0.0678
v1|377330109047|0,JASILBRAZZ HERBIE MANN  33 RPM 1987 ON RBI # 401  SEALED,4.95,0.0677
v1|257607402122|0,THIN LIZZY 2 lot.  1978 Live and Dangerous & 1983 Thunder and Lightning,50.00,0.0677
v1|377322815860|0,"Menace ""Screwed Up"" Illegal UK 2-Track 12"" Single 1978",24.99,0.0677
v1|287449353566|0,"Swinging Blue Jeans Don't Make Me Over/What Can I Do Today 7"" 1966 Imperial Exc",8.99,0.0677
v1|398158066970|0,Harry Roy's Tiger Ragamuffins (Parlaphone 1921 from 1934) Rare 78 Rpm Sweet Sue,6.34,0.0677
v1|117296688960|0,Jimi Hendrix axis: bold as love vinyl RS 6281 Excellent Condition!,40.00,0.0676
v1|158070470743|0,Tchaikovsky Symphony No. 6 Pathetique~Sir Georg Solti~Chicago Symphony Vinyl LP,2.99,0.0676
v1|327248742872|0,"KIKI DEE Band 1974 LP ""I've Got The Music In Me"" - Good Condition",5.99,0.0676
v1|198488073110|0,Melodic Music for Dining 10 VInyl LP Box Set VIntage Readers Digest EX/NM RDA47A,3.87,0.0676
v1|267722562234|0,"George Jones Why Baby Why Starday 202,  Seasons of my Heart 78 RPM Near Mint",75.00,0.0676
v1|188627408330|0,Nancy Wilson Nancy - Naturally 1967 1st Press NM/NM- Capitol ST-2634,12.99,0.0675
v1|178302641158|0,Natalie Cole Vinyl Bundle - R&B Soul Collection 70s 80s Records - Lot of 2,1.00,0.0675
v1|198487849068|0,Persona 5 P5 Royal 3 Lp Vinyl Soundtrack Set Atlus Music ,107.50,0.0675
v1|327254512872|0,"Vintage Entouch ""Crazay 4/U"" Vinyl Single (1990) Promo Copy",1.78,0.0674
v1|158074244966|0,1978 ROLLING STONES SOME GIRLS UNCENSORED VG+ 33 1/3 LP Used FREE S/H,29.99,0.0674
v1|127965038838|0,"ABBA I Do, I Do, I Do / Bang-A-Boomerang Atlantic 7"" 45 45-3310",2.08,0.0674
v1|800310695752|0,BETTE MIDLER  1977 Vinyl Double LP  LIVE AT LAST & Mud Will Be Flung 1985,12.99,0.0674
v1|117294047103|0,The Greatest Recordings Of The Big Band Era Box Set Vol 1-27 Franklin Mint VG,95.00,0.0674
v1|198487955987|0,Janis Joplin Janis Vinyl Record LP 2 Album Set Classic Rock Blues Rock,5.00,0.0674
v1|307044649776|0,Vintage LP: Otto Klemperer conducts symphonies by Mendelssohn & Schubert,16.25,0.0673
v1|158067965467|0,CASHMAN & WEST A Song Or Two ABC DUNHILL DSX-50126 (1972) LP,6.00,0.0672
v1|178296034424|0,"Diary Of A Madman Ozzy Osbourne LP, Album, Terre Haute Pressing 1981 VG++ VINYL ",16.38,0.0672
v1|198487017904|0,A Salute To The Great Band Leaders Nite Life In Las Vegas NV 60s LP Pirouette 27,6.00,0.0672
v1|236926898316|0,Rudolph The Red Nosed Reindeer Album,0.01,0.0672
v1|327249647875|0,"Adele Bertei - Build Me A Bridge / Take It To The Bridge ""12 Inch Single""",3.50,0.0672
v1|327253967793|0,Electric Light Orchestra 7” Vinyl Single of Telephone Line/Poorboy,5.00,0.0672
v1|307044649809|0,"Vintage LP: John Millington-Synge's comedy ""The Playboy of the Western World""",9.00,0.0671
v1|117293857550|0,Fred Hess/Sherry Young - Something's Happened/GoldFinger - HIT 206,4.50,0.0671
v1|178298090616|0,1978 Live And More Donna Summer Double LP Record Vinyl (Casablanca NBLP-7119-2),10.50,0.0671
v1|398155542443|0,"JOHN COUGAR MELLENCAMP, MINT UNOPENED, 1986 RHINO RECORDS",34.99,0.0671
v1|407061784322|0,Family - Anyway   1971 LP Vinyl Record Album   VG / VG   Jojo's   UAS-5527,5.00,0.0671
v1|366531067479|0,1949 Early 10 inch LP BING CROSBY Blue Of The Night DECCA Romantic Ballads,15.00,0.0671
v1|358760222895|0,Barbara Streisand 'Wet' Vinyl Record Album 1979,2.80,0.0670
v1|298491972437|0,Lot 4 LP Albums-Bells Are Ringing/San Francisco/Harlow/Swingin' On Broadway,9.99,0.0670
v1|278159499695|0,PUCCINI HIGHLIGHTS - MADAMA BUTTERFLY LEONTYNE PRICE RCA VICTOR STEREO LP,8.00,0.0670
v1|298491854586|0,Marty Gold Plays    24 Pieces Of Gold   Double Album  EX,10.00,0.0670
v1|127960760022|0,"Star Wars, Original Soundtrack, 2LPs, 20th Cent.Fox 2T-541, 1977, inserts,EX/VG+",14.99,0.0670
v1|178302764092|0,Heath Bros. In Motion Vinyl LP Columbia White Label Promo Stanley Cowell EX,6.00,0.0670
v1|168525693791|0,"Diana Ross & The Supremes ""Funny Girl"" Vinyl LP Ultrasonic Clean Tested VG+/VG+",10.99,0.0669
v1|188619291035|0,ANNA RUSSELL - In Darkest Africa LP w/ INNER 1957 Columbia ML5195 Vinyl * EX,17.75,0.0669
v1|188618984242|0,"Holly Near & Jeff Langley “You Can Know All I Am” Redwood Folk 12"" Vinyl LP",12.20,0.0669
v1|336679811110|0,The Turtles - Elenore,2.30,0.0669
v1|366531014878|0,carlo maria giulini vinyl Two 2 Record Vinyl  lot Brahms Symphony No.4 Firebird,25.00,0.0669
v1|800298467865|0,"Louisiana’s Le Roux: New Orleans Ladies / Love Abductor 45rpm Vinyl, 1978",9.99,0.0669
v1|206405629004|0,~~GENESIS~~THE LAMB LIES DOWN ON BROAD STREET~~2XLP~~INNERS~~SOLID COPY~~,14.99,0.0668
v1|327255111498|0,1981 Weird Al Yankovic  Another One Rides the Bus TK Records PROMO,30.00,0.0668
v1|287450082189|0,Cleveland Rock (2) 45 *The Easy Street Band* ESB International Records (1980-82),11.95,0.0668
v1|178288217458|0,"ΓΡΗΓΟΡΗΣ ΜΠΙΘΙΚΟΤΣΗΣ ""ΜΕΓΑΛΟΠΡΕΠΕΙΑ""Laiko Greek import vinyl 1980 ΕΜΙ",5.00,0.0668
v1|377330195848|0,78 ~ JO STAFFORD Ave Maria/Smilin' Through,7.99,0.0668
v1|398155306382|0,DBLP 1978 Kansas Two For The Show EX/EX,14.00,0.0668
v1|168529159415|0,Richard Bales The Union & The Confederacy Book Columbia DL-244 & DL-220 Mono NM,45.00,0.0668
v1|327255092816|0,LES MISERABLES VINYL 2 LP GATEFOLD LONDON CAST MACKINTOSH 1985 VINTAGE MUSICAL,49.99,0.0667
v1|398145598290|0,"BURT BACHARACH 3 ALBUM LOT SHRINK REACH OUT, MAKE IT EASY, TRIBUTE NICE !",7.99,0.0667
v1|198488237893|0,Bobby Vee 45 Liberty 55451 Sharing You Promo 1962 VG+,5.00,0.0667
v1|318547327449|0,GARLAND JEFFREYS: Ghost Writer ~Original 1977 Vinyl LP ~ A&M Record/SP-4629,3.99,0.0667
v1|178297889579|0,"Jim Croce, You Don’t Mess Around With Jim Lp Record – Abc Records 1971",6.99,0.0667
v1|800296979784|0,The Lovin' Spoonful - Everything Playing. 1967 Kama Sutra  (KLPS-8061) VG+,6.01,0.0666
v1|158069721096|0,A Choris Line LP 1975 Columbia Records BL33581,5.67,0.0666
v1|188618646418|0,Bad Brains - Live LP(Solar Flare Vinyl) Record Store Day 2026[like New/played],23.50,0.0666
v1|298494072354|0,"LP Dionne Warwick ""Golden Hits Part 2"" Free shipping",4.99,0.0666
v1|407061551417|0,"In the Mood for Something Rude [LP] by Foghat (Vinyl,)",2.36,0.0665
v1|358763611540|0,SERGIO MENDES & BRASIL '66 - “EQUINOX” - Stereo 1967 A&M SP 4122 VG+/VG+,10.00,0.0665
v1|158070570681|0,THE MANHATTAN TRANSFER-1 - LP - (301)),4.00,0.0665
v1|198488119696|0,For A Musical Merry Christmas 1963 RCA Victor PR-149.,4.50,0.0665
v1|227423075735|0,The Guess Who – Share The Land LP LSP-4359 Vinyl 1970 Orange Label Unipak EX!,14.99,0.0664
v1|147430870339|0,Tom Jones Hit Parade International LP Italian Import 12 page booklet  Excellent,5.00,0.0664
v1|336680267033|0,Moody Blues – This Is The Moody Blues (1974) 2LP • 2THS12/13 • EX/G+ Gatefold,8.99,0.0664
v1|398167971594|0,BARBARA MASON Sheba Baby Soundtrack OST  BUDDAH  Funk | Breaks | LP HEAR,56.00,0.0664
v1|158070386677|0,JONI MITCHELL Don Juan's Reckless Daughter ASYLUM BB-701 (1977) 2xLP,8.00,0.0664
v1|236926254720|0,"Phoebe Snow....""It Looks Like Snow"" 12"" Vinyl -Good Condition ",6.99,0.0663
v1|307051032076|0,Adam Ant 45RPM “Goody Two Shoes” 1982 80s New Wave Pop Rock 7” Vinyl Record NM,3.00,0.0663
v1|158068295149|0,L.T.D. Love to the World Vinyl LP 1976 A&M Records TESTED G+/G+,9.99,0.0663
v1|178297349748|0,Chicago III 1970 C2 30110 2LP gatefold vinyl LP,12.00,0.0663
v1|158069800032|0,"Rudolph The Red Nosed Reindeer LP Peter Pan Peppermint Kandy Kids Vinyl, 1981",4.51,0.0663
v1|158060611082|0,SEALED Da All (Da Alliance) –That's Crazy PT.2 / F.O.T.'s PT.2 -Detonator DET012,5.99,0.0663
v1|168529049480|0,Doris Day - Julie / Love In A Home   1956 EX,2.65,0.0663
v1|407061587169|0,Al Martino – Think I'll Go Somewhere & Cry Myself To Sleep 1966 ,1.40,0.0662
v1|178298068618|0,Rose Maddox - The One Rose Part 3 EP EAP 3-1312 Rockabilly Capitol E.P. RARE,3.99,0.0662
v1|127966527264|0,JIM CROCE - 1972 ABC LP Time in a Bottle VG-EX - Don't mess around with Jim,11.95,0.0662
v1|307044650750|0,"Vintage LP:James Joyce's ""Ulysses"", soliloquies of Molly and Leopold Bloom",6.00,0.0662
v1|358775292414|0,"Black Cilice: A Corpse, A Temple LP [Iron Bonehead 2015] LTD 300 black reissue",25.00,0.0662
v1|407061569982|0,Route 66 Theme And Other Great TV Themes Nelson Riddle LP 1962,11.99,0.0662
v1|178288095833|0,"LM-2328 FRITZ REINER: Tchaikovsky: the nutcracker RCA 12"" LP 33 RPM",5.00,0.0662
v1|267719484258|0,"The Bell Notes – I've Had It / Be Mine - 1958 - Time 1004 7"" Single Vinyl Record",13.99,0.0662
v1|178297936966|0,A Victor Musical Masterpiece Rimsky-Korsakow Scheherazade 78rpm Record Set,23.00,0.0662
v1|278169629414|0,"Columbia 12214-F International Ed Krolikowski Bernice Polka Swing Turn 10"" 78RPM",4.00,0.0661
v1|168516733312|0,Ino Garcia Y Su Orchestra-Mr.Brillo-1984 Tropical Buddah Records-Vinyl EX.,10.00,0.0661
v1|168523844711|0,AC/DC LIVE FROM THE ATLANTIC STUDIOS LP 1978 PROMO WLP WITH LETTER BON SCOTT,700.00,0.0661
v1|278168935563|0,"Saturday Night Fever Soundtrack 12"" Black Vinyl LP 33 RPM RSO Records",10.00,0.0661
v1|127969859330|0,"BLOOD SWEAT & TEARS B S & T; 4 LP, 1971 Columbia Terre Haute Pressing VG / Good",3.86,0.0661
v1|358775458768|0,"CROONERS VINYL: Andy WIlliams, Perry Como, Jack Jones",4.50,0.0660
v1|307059624918|0,Frampton Thank You Mr. Churchhill Vinyl Record,15.00,0.0660
v1|168529049397|0,Laurie London- He's Got The Whole World (In His Hands)/Handed Down 1957 VG,2.65,0.0660
v1|168525161219|0,"Basic Square Dancing~No. 1, First steps~Instructional Lesson~Swing~FAST SHIPPING",5.00,0.0660
v1|178295726012|0,Elvis Costello & The Attractions From Head To Toe 7” Vinyl Single UK MISPRESS,29.99,0.0659
v1|287449636233|0,"CHUCK BERRY - On Stage (Chess LP-1480) - 12"" Vinyl Record LP ",18.00,0.0659
v1|366531238757|0,ROD STEWART Out Of Order Original VINYL LP from 1986 WB 25684 with Forever Young,15.00,0.0659
v1|117293933255|0,"4 John F Kennedy Vinyl Albums , Spoken Word",12.99,0.0659
v1|188530583459|0,"Tchaikovsky, Rimski-Korsakoff, Kondrashin - RCA LM-2323 LP Vinyl Record - NM",0.99,0.0659
v1|358773409572|0,Emmylou Harris-“Quarter Moon In A Ten Cent Town” Vinyl LP VG Warner Bros 1978 OG,7.00,0.0658
v1|188621860700|0,John cougar mellencamp vinyl records,20.00,0.0658
v1|377331994810|0,THE HARMONIZING FOUR The Best Of LP EXODUS Funk Soul Gospel,7.99,0.0657
v1|327254616999|0,George Jones  and Tammy Wynette on Epic Records Near You /Tattletale Eyes 45RPM,2.99,0.0657
v1|158070227604|0,Bing Crosby-EP-Decca 7-38274 (General Electric Wishes You  A Merry Christmas) M-,6.00,0.0657
v1|307051960634|0,Yvonne Elliman – Love Me / (I Don't Know Why) I Keep Hangin' On,5.00,0.0656
v1|267721794235|0,"The Beatles: ""Let It Be"" b/w ""You Know My Name"" Apple Records",13.00,0.0656
v1|206405932654|0,"Sarah Vaughn, 'Dreamy' Vintage Vinyl, Forum Records, SF9034, 12""",0.99,0.0656
v1|227423883483|0,Bruce Springsteen Tunnel Of Love Vinyl Record Album 1987,10.00,0.0656
v1|287450910877|0,EDDIE RABBITT - STEP BY STEP - LP (X1),4.00,0.0655
v1|137489068700|0,Ernest Tubb ‎– Blue Christmas - DECCA vinyl - DL 4518 (MG9369) - Used (1960's?),3.00,0.0655
v1|267724197790|0,Pavement Hecklers Choice - Hits Compilation Vinyl LP Record NM,1.25,0.0655
v1|158070570682|0,DIANA ROSS - SWEPT AWAY - LP - (301)),4.00,0.0655
v1|407060057382|0,100 Proof on HW 7004,5.00,0.0655
v1|206406051920|0,Gogi Grant - Suddenly There's Gogi Grant (VINYL),3.00,0.0654
v1|358776574314|0,"The Beach Boys Beach Boys Super Hits Ronco 12"" Vinyl LP 33 RPM Surf Rock",10.00,0.0654
v1|137499373136|0,SIMON & GARFUNKEL BOOKENDS LP 2 EYE COLUMBIA,2.99,0.0654
v1|178295725995|0,"Kyle Dion, SUGA, LP record album, NM, RED VINYL, AWAL KDION01UO, PARENTAL ADV.",55.99,0.0654
v1|117288157529|0,1973 GREG AND DUANE ALLMAN 33rpm lp SPB4046 VINYL LP,10.99,0.0654
v1|298494466664|0,Music Treasures Of The World Tchaikovsky LP RECORD - The “Pathetique”,2.40,0.0654
v1|800310724017|0,"The Moody Blues ""Octave"" London Records PS708, 1978, LP Vinyl Stereo Gatefold",8.00,0.0654
v1|298493035612|0,"JOSSIE ESTEBAN y LA PATRULLA 15 ""HOTTER THAN EVER""",7.50,0.0653
v1|287448642293|0,CONWAY TWITTY-CONWAY TWITTY- LP - (14b),7.00,0.0653
v1|257614643246|0,PAUL ANKA SING HIS BIG 15,55.00,0.0653
v1|236920806725|0,ELLA FITZGERALD The Rogers & Hart Songbook 2LP VERVE VE22519 US '77 reissue VG++,10.99,0.0653
v1|267719578075|0,Willie Nelson/Waylon Jennings - Take It To The Limit LP - 1983 - EX/EX,10.00,0.0652
v1|358777071882|0,"NM  Frank Zappa ""Zoot Allures"" Original 1976 Vinyl LP - (BS-2970)",26.88,0.0652
v1|278167460764|0,BILL BLACKS COMBO- - BLACK WITH SUGAR - LP (I8),3.00,0.0652
v1|236925789441|0,Electric Light Orchestra A New World Record LP 1976 UA/Jet Records Terre Haute,15.00,0.0652
v1|158070212810|0,LP BOX-11 RECORDS: JANIE FRICKE-2 - LP,5.00,0.0651
v1|158070213376|0,LP BOX-11 RECORDS: JANIE FRICKE-5 LP,5.00,0.0651
v1|158070214063|0,LP BOX-11 RECORDS: JANIE FRICKE-4 LP,5.00,0.0651
v1|407059924497|0,Frank Sinatra - Sinatra & Company  1971 Record  Jobim - Costa - Deodato   VG+/VG,5.00,0.0651
v1|198485804812|0,Victoria Spivey LP SPIVEY 101 A Basket of Blues SIGNED AUTOGRAPHED by Victoria,45.00,0.0651
v1|377330587258|0,"Boyz II Men End Of The Road Vinyl 12"" Promo Single R&B Soul Motown 314571371-1",8.88,0.0651
v1|127965174699|0,"First Class Both Sides of the Story / Beach Baby UK 7"" Black Vinyl 45 45-49022",1.60,0.0651
v1|178297758091|0,"THE PARTRIDGE FAMILY UP TO DATE 12"" LP VG+ VINYL RECORD BELL DAVID CASSIDY 1971",8.50,0.0651
v1|278159503193|0,Danny Davis & the Nashville Brass Record Albums (Lot of 5),19.00,0.0651
v1|137499212711|0,Vintage Vinyl Record  Lot Of 8,50.00,0.0650
v1|198488173401|0,Blue Aquarius 1973 SEALED LP The Gospel Truth GTS 2725,4.88,0.0650
v1|800316368924|0,Led Zeppelin II Vinyl SD 19127 Stereo Gatefold Very Good,19.99,0.0650
v1|267722562887|0,The Mills Brothers ‎/ Fortuosity (Vinyl LP),1.90,0.0650
v1|800311866444|0,JESSE COLIN YOUNG American Dreams - 1978 Vinyl LP  EKS  6E-157 Shrink  EX,5.00,0.0650
v1|147426856805|0,Rossington Collins Band Vinyl,8.00,0.0650
v1|267722520231|0,"The Beat I Confess 12"" Black Vinyl Single Portrait Rock Record Cardboard Sleeve",9.99,0.0650
v1|178295633059|0,JANIS IAN Verve Forecast LP Album-Self Titled MGS 7081,4.99,0.0650
v1|206403800156|0,"Columbia Graphone Company Oh Come, All Ye Faithful",10.00,0.0649
v1|307051150661|0,Def Leppard 45RPM “Foolin’” 1983 80s Classic Hard Rock Hair Metal 7” Vinyl,3.00,0.0649
v1|236920798297|0,Bobby Darin – Mack the Knife / Beyond the Sea - Atlantic Records 45 RPM- VG+,4.99,0.0649
v1|407061290643|0,The Outlaws–Playin’ to Win–1978 Arista–AB 4205 Vinyl Record LP,4.99,0.0649
v1|336679317443|0,"June Tabor Abyssinians 12"" 33 RPM Black Vinyl LP Shanachie 79055 1983",10.00,0.0649
v1|188622682739|0,4 lp's. Johnny Paycheck. Take This Job And Shove It. 1977 Epic & Gold Nugget LP.,4.50,0.0649
v1|366531262417|0,45 Pet Shop Boys (2) Picture Sleeves / No Records - Nice Cond - What Have I Done,1.45,0.0648
v1|188605124993|0,Northern Soul 45.,3.99,0.0648
v1|236926092878|0,JOHN COUGAR MELLENCAMP UH HUH VINYL ALBUM USED,5.00,0.0648
v1|257613111923|0,Peggy Lee - I Like MEN! LP Capitol T-1131 - EX VINYL 1959,6.99,0.0648
v1|206404164362|0,"Run The Jewels -""RUN THE JEWELS 3"" 2016 Seeker Music Hip Hop Vinyl",10.00,0.0648
v1|127964848235|0,"My Chemical Romance I Brought You My Bullets, You Brought Me Your LP Black Vinyl",14.50,0.0648
v1|298494271011|0,JULIAN LENNON-VALOTTE-JAPANESE-VINYL LP,16.99,0.0648
v1|198488077772|0," Tennessee Ernie Ford  A Treasury of Inspirational Songs LP Box Set Longines '68",2.26,0.0648
v1|158070168987|0,NEIL SEDAKA - LP (29b),7.00,0.0648
v1|158070162353|0,NEIL SEDAKA - LP (29b),7.00,0.0648
v1|158070181404|0,NEIL SEDAKA - LP (29b),7.00,0.0648
v1|158070156249|0,NEIL SEDAKA  - LP (29b),5.00,0.0648
v1|198488117329|0,"MARIO LANZA: memories RCA 12"" LP 33 RPM",5.00,0.0647
v1|358777197846|0,"Columbia Masterworks Nutcracker Suite/Between Birthdays 12"" 33 Hi-Fi LP ML 5664",20.00,0.0647
v1|800311750110|0,"Henry Mancini -  A Merry Mancini Christmas - 1966 RCA Records -  12"" Vinyl VG+",12.99,0.0647
v1|307044650775|0,"Vintage LP: Carl Orff - Carmina Burana, Michael Tilson Thomas & Cleveland Orch.",6.00,0.0647
v1|398158916293|0,Wilmer and the dukes,15.00,0.0647
v1|236926115477|0,"Warner Bros. Records Peter, Paul and Mary (Moving) 1963 12"" Black Vinyl LP",5.00,0.0647
v1|366524909119|0,CAT STEVENS Catch Bull At Four ALBUM SIGNED!,99.99,0.0646
v1|137499612262|0,"RAP 12"" ""BECAUSE I GOT IT LIKE THAT"" JUNGLE BROTHERS ( IDLERS  1988 )",14.00,0.0646
v1|307044649830|0,Vintage LP double record set: Toscanini Plays Light Classics,8.40,0.0646
v1|407060022277|0,"Edison Diamond Disc 51418, Nathan Glantz/Green Bros. Novelty Band, Somebody Love",9.99,0.0646
v1|318524478479|0,Mighty Sparrow Accompanied By Conrad Little And His Big Band – More Sparrow More,4.99,0.0646
v1|178295999057|0,Eagles Asylum SD5054 US Vinyl LP,15.00,0.0646
v1|298497230740|0,The Music Machine Turn On Vinyl LP 2017 RSD 180 Gram,30.00,0.0646
v1|407059794142|0,the Seekers - Sing ~ LP made in UK Contour CN-2024 ~ E-,6.99,0.0646
v1|178302641168|0,Quincy Jones - Roots - 1977(The Saga Of An American Family) Vinyl Record SP-4626,1.00,0.0646
v1|336674895718|0,"TINA TURNER IN YOUR WILDEST DREAMS BARRY WHITE 12"" VINYL RECORD CLUB MIXES 1996",19.95,0.0646
v1|257608487645|0,In Concert With Charley Pride Live Vinyl LP Record 1975 Pressing Dolly Parton,5.00,0.0646
v1|267722021911|0,Larry Elgart & His Manhattan Swing Orch – Hooked On Swing Vintage 33RPM VG+,5.00,0.0646
v1|298494468600|0,John Lennon & Yoko Ono - Double Fantasy - Vinyl LP  1980 Geffen GHS 2001,3.99,0.0645
v1|398155804405|0,Pink Floyd Dark Side Of The Moon w Posters & Stickers Early Repress 1975 EX,65.00,0.0645
v1|206405984121|0,"Earth, Wind & Fire - Columbia LP - Last Days and Time - KC 31702",4.99,0.0645
v1|407061380959|0,Thee Sacred Souls Got a Story to Tell Clear/Green Vinyl LP Penrose PRS-005,10.17,0.0644
v1|327253924872|0,Paul Anka Sings His Big 15. ,5.99,0.0644
v1|358777195417|0,"Mike Oldfield Tubular Bells 12"" 33 RPM Stereo Black Vinyl LP Virgin AL 34116",16.00,0.0644
v1|236920798308|0,Bobby Darin – Mack the Knife/That's the Way Love Is/Beyond the Sea/That's All 45,4.99,0.0644
v1|407060618742|0,Dean Martin - Deluxe   1974 LP Vinyl Record Album   VG / VG+   Jojo's   I've Gro,5.00,0.0644
v1|398158060075|0,"1981 LP - IAN HUNTER ""SHORT BACK N' SIDES"" CHR 1326, LP = VG+",6.00,0.0644
v1|178297935910|0,Gems From Gilbert and Sullivan Operettas - A Victor Musical Masterpiece,10.00,0.0643
v1|407059778242|0,Taste of Honey - Ladies of the Eighties ~ ECS-81495 Made in Japan ~ OBI,12.99,0.0643
v1|267718879756|0,Les Brown And His Band Of Renown Jazz Song Book  vinyl record album,9.99,0.0643
v1|336679138995|0,"CHVRCHES ""Every Open Eye The Remixes RSD 2016",9.80,0.0643
v1|336679372345|0,Billy Joel An Innocent Man Vinyl LP 1983 Original Columbia QC-38837,16.99,0.0643
v1|117297127245|0,"BUD FREEMAN & HIS FAMOUS CHICAGOANS---FROM AUSTIN HIGH COMES JAZZ   (10"" LP)",6.99,0.0643
v1|198487887880|0,VINTAGE-FOUR ACES Sing Featuring Al Alberts (Original U.S. LP),4.50,0.0643
v1|168516492981|0,John Cougar nothin matters and what if it did vinyl mint,36.00,0.0642
v1|298497301070|0,"Janet Jackson - Control 12"", Single 45 rpm Vinyl Record",4.99,0.0642
v1|287448921798|0,Bon Jovi – The Albums (2017) Island Records Europe Ltd. Ed. Box set - 1 Signed,510.00,0.0642
v1|188627473510|0,Maxell Rock Sampler 1979 NM/NM Triumph Starbuck The Strawbs Rufus Chaka Khan,9.99,0.0642
v1|800316194043|0,"Golden Tone Songs for Christmas Time LP Vinyl 12"" 33 RPM C 4047 High-Fidelity",7.95,0.0642
v1|366532700109|0,Jethro Tull Songs From The Wood NM Vinyl LP. 1977 Original,60.00,0.0641
v1|358782002048|0,9pc Bundle of Assorted Vinyl Records,8.99,0.0641
v1|398156660162|0,"The Eagles - Desperado SD-5068, 1973, 33rpm, Classic Rock Vintage Orig Asylum",50.00,0.0641
v1|168529049547|0,Jill Jordan Everywhere You Go / I Don't See Me In Your Eyes Anymore VARSITY 139,2.70,0.0641
v1|318560918175|0,KRIS KRISTOFFERSON Monument LP Album-Jesus was a Capricorn,4.99,0.0640
v1|267718999619|0,Rare! The Montini Experience: My House Is Your House (And Your House Is Mine) ,9.99,0.0640
v1|137498752178|0,"10"" MEL POWELL SEPTET W BUCK CLAYTON AND JIMMY CRAWFORD",10.00,0.0640
v1|358773865181|0,LP~Yale Series Of Recorded Poets YVOR WINTERS Reads From His Own Works,9.95,0.0640
v1|267718881825|0,Montrose Jump on it vinyl record album,12.99,0.0640
v1|178288215356|0,"Stratos Dionysiou ""Τα ορθόδοξα"" Στρατός Διονυσίου Greek Laika ΕΜΙ LP Vinyl 1978",5.00,0.0640
v1|318570772544|0,Dry Dock County - 1970 Mercury Promo - Ex Central Park/Gunther's Bus/Supa Heat,40.00,0.0639
v1|127965141285|0,"Bee Gees Too Much Heaven / Rest Your Love on Me RSO 7"" Black Vinyl 45 RS 913",1.20,0.0639
v1|127966153500|0,INSANE CLOWN POSSE RIDDLE BOX  DOUBLE VINYL LP Bent Corner Michigan Hip Hop Rap,36.00,0.0639
v1|206404129898|0,Don Kosaken Chor Serge Jaroff – Ave Maria (Deutsche Grammophon),2.50,0.0639
v1|398167965881|0,BOBBY WOMACK Across 110th st Soundtrack OST UA | Funk | Shrink | LP HEAR,12.50,0.0639
v1|336679246354|0,"Marty Gold, Skin Tight Record VG+, RCA",5.00,0.0638
v1|206405996706|0,Evening Bells and Other Russian Folk Songs Nicolai Gedda vinyl record Capitol,2.00,0.0638
v1|407059591629|0,"Edison Diamond Disc 51523, Eddie Peabody, Miserere/Poet And Peasant Overture",9.99,0.0638
v1|168525650323|0,Pat Metheny Lyle Mays As Falls Wichita So Falls Wichita ECM1190 EX/EX Ultrasonic,39.99,0.0638
v1|236920798304|0,Bobby Darin – Things/Won't You Come Home Bill Bailey Atco Records 45 VG+,4.99,0.0638
v1|147427445251|0,HERB ALPERT - Casino Royale/The Wall Street Rag  - VG+,2.00,0.0638
v1|158071095677|0,UV Prom – Field Of Vision LP VG+ Cenotaph 1985 NC/Romweber family,20.00,0.0638
v1|158070180785|0,NEIL SEDAKA-2   LP (34b),7.00,0.0637
v1|278157711724|0,BREWER & SHIPLEY     Lot Of 1 Vinyl Record LP     WHITE LABEL/LABEL MARKED PROMO,1.99,0.0637
v1|398158400878|0,"Theo Mertens - Trompete HAYDN, PURCELL, TELEMANN LP Record, Telefunken, A. Rieu",3.35,0.0637
v1|236927107114|0,"Salsa Latina - ¡De Aqui...Pa'Lante! (LP, Album)  KILLER SALSA",12.92,0.0637
v1|298491971248|0,3 JIMMIE DAVIS LP-Amazing Grace/No One Stands Alone/Im My Father's House,4.99,0.0637
v1|147425727139|0,Lou Rawls Lou Rawls Live LP Vinyl Record Album,10.00,0.0637
v1|257614052994|0,Wombles Stories BBC Records The Best Of Tv & Radio Vinyl Record 12” Mono,17.89,0.0637
v1|298491971115|0,2 THE LIMELITERS LP-The Besto f the Limeliters and Fourteen Folk Songs,4.99,0.0637
v1|137499495299|0,"GEORGE GOODMAN & HEADLINERS: let me love you / let me love you VAL 7"" Doowop ",6.00,0.0637
v1|117292568822|0,JUDY GARLAND AT THE GROVE.UHQCD AND 2nd PRESSING VINYL.VG PLUS TO EXC.1959,40.00,0.0636
v1|236927244425|0,herbert von karajan vinyl,15.99,0.0636
v1|137487550805|0,James Sundquist Freedom Flight lp Noel Paul Stookey + Bonus,7.99,0.0636
v1|206405937908|0,Beyonce - Renaissance LIMITED EDITION Vinyl 2xLP ALTERNATE COVER,150.00,0.0636
v1|127966221976|0,Acid King Down With The Crown Vinyl Lp New Copy Bought And Shelved ,11.00,0.0635
v1|257615091284|0,*RARE* Limited Promo Michael Jackson Monsterjam Colored Vinyl Double LP 2017.,374.98,0.0635
v1|298493711318|0,FATS WALLER GIANTS OF JAZZ  TIME LIFE RECORDS 3 RECORD BOX SET W/ BOOKLET VG,9.99,0.0635
v1|127969775733|0,Lot of (5)  vinyl records/ indie folk garage alternative Ltd Ed /  shrink wrap,16.99,0.0634
v1|307051994678|0,"Ernest Tubb And Friends - Walkin The Floor Over You - Cachet (45RPM 7"")",2.40,0.0634
v1|358773954673|0,"American Top 40 Kasey Kasem, March 11, 1978, 3 LP Set with Track Lists",89.99,0.0634
v1|188619355846|0,Kirsten Flagstad & Edwin McArthur “Lieder Recital” Schubert Schumann LP LL 1546,9.95,0.0634
v1|137499569134|0,DOUG CLARK & NUTS 45 Baby Let Me Bang Your Box  on Jubilee soul R&B  Xxx,6.00,0.0633
v1|366525956057|0,Tom Jones – This Is Tom Jones - 1969 - Parrot PAS 71028 Vinyl LP Original,3.00,0.0633
v1|127968691678|0,“10” Movie Soundtrack (1979 LP) HENRY MANCINI Warner BSK 3399 Bo Derek Bolero NM,6.50,0.0633
v1|398158769681|0,"M.C. MIKER ""G"" & DEEJAY SVEN Holiday Rap 12 Inch Vinyl 1986 Electro POP-RAP",18.00,0.0633
v1|168523825559|0,REO Speedwagon Vinyl LP VG,15.00,0.0632
v1|168522757077|0,THE HI-LADS The Modify / Live A Little (1969) Capitol Northern Soul Funk 45 HEAR,7.00,0.0632
v1|227422978138|0,Madonna Vogue 12”single,75.00,0.0632
v1|147425656528|0,"Lp Eddy Clearwater  ""THE CHIEF"", Rooster  #R-2615 Stereo  Autographed  M- (lotc)",14.95,0.0632
v1|147426857648|0,The Longines Symphonette Recording Society Theme Songs Of The Big Band Era LP,1.99,0.0632
v1|407061471863|0,Alison Moyet All Cried Out,3.99,0.0632
v1|168525949436|0,Dionne Warwicke Make It Easy On Yourself 1972 Vinyl EX/NM - ULTRASONIC & Tested,8.99,0.0632
v1|336675000552|0,Emerson Lake And Palmer S/T LP SD 9040 1971 Cotillion Records VG+ Nice!!,9.99,0.0632
v1|407059931581|0,Air Supply One that You Love ~Made in Japan 25RS-127 ~ Japan Variant Cover - EX+,12.99,0.0631
v1|358776509843|0,NORTHROP FRYE: THE EDUCATED IMAGINATION - SIX RADIO CANADA LECTURES ON LP - HEAR,15.99,0.0631
v1|236925837901|0,Bing Crosby Seasons LP 1977 White Label Promo Polydor Gold Stamp Gatefold OOP,5.99,0.0631
v1|366531056063|0,Mott the Hoople LIVE endemic liner,9.90,0.0631
v1|298493994932|0,The Happy Hobo ‎– Teddy Bear In Heaven / He's Kind Of Special To Me 45 Ripcord,8.99,0.0630
v1|168516446340|0,James Last 3 LPs Don't Let the Sun Go Down; Wien beim Wein; Games that Lovers,30.00,0.0630
v1|236920798296|0,Bobby Darin – The Lady Came From Baltimore/I Am - Atlantic 45 RPM- VG+,4.99,0.0630
v1|188619170155|0,"Cris Williamson “Strange Paradise” Olivia Records 1980 12"" Vinyl LP",3.99,0.0630
v1|307059621410|0,Judas Priest Stained Class LP Vinyl Record 1978,10.00,0.0630
v1|267721751648|0,"strike 1912 lawrence mass. textile, womans 1909 🗳 Myles jackson vg",16.99,0.0629
v1|307044683197|0,"Cock Robin 45RPM ""When Your Heart Is Weak"" 1984 80s New Wave Pop Rock 7"" Vinyl",3.00,0.0629
v1|336680450097|0,1979 Beatles Rarities LP Holland Pressing Stunning Vinyl,25.00,0.0629
v1|198486535266|0,"12"" 78 Rpm Die Zauberfloete  Radiofunken Red Vinylite 70057",14.44,0.0629
v1|336679518603|0,"Styx Equinox 12"" 33 RPM Black Vinyl LP A&M SP-4559 Stereo 1975",9.99,0.0629
v1|158070084305|0,Diana Ross – Touch Me In The Morning - 1973 Motown M 772L - Vinyl Record LP,5.00,0.0629
v1|147426857027|0,The Police Zenyatti Mondatta Vinyl,10.00,0.0628
v1|366531042333|0,Curious George Rides a Bike / H.A. Rey 33 1/3 RPM Vinyl Scholastic Records,1.99,0.0628
v1|227424308642|0,ERNIE K DOE,45.00,0.0628
v1|168525565389|0,Dan Hicks & His Hot Licks - Where's The Money? LP VG+ Ultrasonic Clean & Tested,9.99,0.0628
v1|358762191121|0,Laura Nyro - Christmas & The Beads Of Sweat - 1970 Columbia  KC 30259 VG+/VG+,15.00,0.0628
v1|188619368560|0,"5 -Prince 45 Vinyl 7"" When Doves Cry, 1999, Let's Go Crazy, 7, Kiss, Warner",5.99,0.0628
v1|168526225055|0,Band of Gold Love Songs Are Back Again Vinyl VG/VG+ PROMO ULTRASONIC CLEAN,9.99,0.0628
v1|147427552312|0,The Beatles - 1967 - 1970 With Insert and Original Inner Sleeves STERLING,9.99,0.0627
v1|398157856539|0,WILLIIE NILE 1981 Vinyl LP Willie Nile,17.00,0.0627
v1|377322552247|0,CLAUDE BOLLING SUITE FOR CHAMBER ORCHESTRA & JAZZ PIANO TRIO CBS LP SHRINK,8.00,0.0627
v1|377329853597|0,DOKKEN : LOT OF 3 : VINYL LP : ALL VINYL EX : MASTERDISK/UNDER LOCK&KEY,58.88,0.0627
v1|206405681436|0,Music From Doctor DoLittle LP Talk To The Animals and Other Animal Songs CS 1075,2.99,0.0627
v1|800316317513|0,ROLLING STONES Through The Past Darkly LP 1969 US Octagon London NPS-3 EX Record,14.00,0.0626
v1|137499244850|0,"Crystal Gayle Vinyl LP ""we must believe in magic""",12.00,0.0626
v1|407061566585|0,"U2 Joshua Tree Lp gatefold, poster",15.00,0.0626
v1|398156698729|0,"OTIS LEAVILL-Right Back In Love/Keep On Loving, 45rpm 1966 Northern Soul",60.00,0.0626
v1|377336477606|0,Set Of Misc Vinyls And Empty Covers,5.00,0.0626
v1|307044649833|0,"Vintage LP: Daniel Barenboim performs Beethoven's Sonata No. 29, Op. 106.",6.00,0.0625
v1|398156661607|0,"Wings - Wings Over America (Paul McCartney) 1976, 3 LP, 33rpm Rock, Classic Rock",200.00,0.0625
v1|318561397276|0,Brinsley Schwarz  Nervous On The Road  Rare 1972 UA RnB Country Pub Rock Lp Lowe,5.50,0.0625
v1|407059520528|0,Machito Orchestra* – Fireworks* Lp Vinyl.  Coco  Records ,20.00,0.0625
v1|127965045426|0,"Bobby Bare The Mermaid / Marie Laveau RCA Victor 7"" Black Vinyl 45 Stereo",2.40,0.0625
v1|398155977077|0,Bee Gees Children of the World LP Vinyl Record RSO Disco Black 1976,15.00,0.0625
v1|158070570685|0,LOGGINS & MESSINA - LP - (301)),4.00,0.0625
v1|377330013386|0,"10"" Poland LP ~ CHOR CHLOPIECY, STEFAN STULIGROSZ ~ Koledy",49.95,0.0624
v1|298497363819|0,Cha-Cha-Cha With Art Mooney Bandleader Series Vol. 2 LP Vinyl Record in Shrink,4.99,0.0624
v1|407060019257|0,JUDY GARLAND - THE HITS OF JUDY GARLAND - CAPITOL RECORDS LP in shrink vintage ,3.00,0.0624
v1|188608480502|0,Vintage  Don Rainey Read Listen Learn Rhythm Guitar 1959 -  45RPM,6.00,0.0624
v1|188619333466|0,RCA Victor Living Stereo Verdi “La Traviata Highlights” LP LSC-2561 Moffo,10.05,0.0623
v1|267721822793|0,"Arroyo, Domingo, Milnes, Raimondi, James Levine Lp I Vespri Siciliani ",6.95,0.0623
v1|158059997508|0,"THE BEATLES - Help! Movie Soundtrack (1965 Mono) - 12"" Vinyl Record LP",15.75,0.0623
v1|257608507771|0,Porter Wagoner Dolly Parton Love and Music Vinyl LP Record 1973 Pressing,5.00,0.0623
v1|127965109877|0,Pink Floyd The Wall EX COND 1979 Columbia/CBS Records,33.00,0.0623
v1|287449648021|0,(3) Hip-Hop FUNKMASTER FLEX - DMX ‎**HEAVY D**CON FUNK SHUN**12 Inch Maxi Single,11.95,0.0622
v1|298493873963|0,"Lawrence Welk ""You’ll Never Walk Alone"" Album SPC-3116  EX",1.99,0.0622
v1|267719276010|0,"George Feyer, The King and I and Carousel, VOX FL21-300, **PROMOTIONAL ALBUM**",9.99,0.0622
v1|278169539714|0,"  The Dave Clark Five '66 VInyl LP Satisfied With You Mono Epic LN 24212 ",4.99,0.0622
v1|318563229161|0,"The Million Dollar Magic of Fats Domino - Vinyl (1979, SL-8129)",3.50,0.0622
v1|278159504463|0,ACADEMY OF ST. MARTIN-IN-THE-FIELDS MOZART FOUR EARY SYMPHONIES NO 13-16 ARGO LP,15.00,0.0622
v1|236920526556|0,"STEVIE NICKS - Wild Heart/If Anyone Falls, 45 EX, 1983, Modern Records",3.49,0.0622
v1|407059857508|0,Paul McCartney & Wings - London Town ~ LP Made in US SW-11777 ~ NO BAR Code - E,6.99,0.0622
v1|377322552877|0,HERBERT VON KARAJAN BEETHOVEN EROICA SYMPHONIE 3 GRAMMOPHON STEREO LP ITALY,20.00,0.0621
v1|168516478253|0,Basil rathbone reads edgar allan poe vinyl ex,46.00,0.0621
v1|298488419263|0,STEVIE NICKS 2 Vinyl Albums: The Wild Heart and Bella Donna,14.95,0.0621
v1|198488000995|0,Linkin Park Minutes to Midnight 180 Gram Vinyl Record LP Hard Rock Rap Metal,4.25,0.0621
v1|398156672033|0,"Led Zeppelin IV - Led Zeppelin- Atlantic 1971 Gatefold SD-7208 LP, Rock, VG++",290.00,0.0620
v1|257613286041|0,3 45s From The 50s,0.99,0.0620
v1|188619235867|0,Meg Christian “I Know You Know” Olivia Records Folk Black Vinyl 12” LP,8.72,0.0620
v1|398155258928|0,frank sinatra that old feeling vinyl,5.00,0.0620
v1|198488183794|0,John Gary The Nearness Of You LP Vinyl Record Albums Sold,4.55,0.0620
v1|206406014777|0,Irina Arkhipova Russian Opera & Cantata Arias LP Angel / Melodiya SR 40014,2.99,0.0620
v1|800315717764|0,"Limited Release Double vinyl LP ""Hot Rocks"" The Michael Jackson Story from 1988",200.00,0.0619
v1|206405665417|0,Mickey Hart Rolling Thunder LP (1972) BS 2635 (Grateful Dead),11.95,0.0619
v1|188622046192|0,Monstrrs Warners Bros Sampler LP,5.00,0.0619
v1|407059851996|0,"Edison Diamond Disc 80696, Peerless Orchestra/Reed Orchestra, Amoureuse-Valse Le",8.99,0.0619
v1|188619120886|0,"Olivia Records “Berkeley Women’s Music Collective” 12"" 33 RPM Folk LP",7.00,0.0619
v1|407061303042|0,WTUE Homegrown II Lp Compilation W/ORIGINAL INNER SLEEVE!!,1.99,0.0619
v1|188619359732|0,Glenn Gould / Beethoven Variations ~ Vinyl LP (Columbia M 30080) EX!,7.99,0.0619
v1|236926020166|0,But You’ve Never Heard Gershwin with Bongos Record VG++/VG+,8.00,0.0619
v1|287450060893|0,The Rolling Stones Sticky Fingers German Export TML Vinyl LP COC 59100 Doug Sax!,56.99,0.0618
v1|336679140804|0,Dave Brubeck & Jay & Kai – At Newport (1956) LP • Columbia CL 932 • VG/VG Jazz,7.99,0.0618
v1|147425884588|0,"ATLANTA ARTISTS / CAMEO ""BACK AND FORTH"" 1986 MAXI-SINGLE 12"" VINYL COLLECTIBLE ",15.00,0.0618
v1|178302641165|0,"SIMON & GARFUNKEL - The Graduate Soundtrack (1968) - 12"" Vinyl Record LP",1.00,0.0618
v1|327254511903|0,Original vintage!!! Charlotte's Web Soundtrack LP Vinyl Debbie Reynolds PAS-1008,80.00,0.0617
v1|407059931274|0,Esso Steel Band-On Top   VG/VG   1969 Bermuda LP Vinyl Record Album  Autographed,5.00,0.0616
v1|267719673459|0,"Slum Village / Phat Kat ""Get Live"" & What You Be Like"" 12"" Vinyl (Hip Hop-2002)",9.99,0.0616
v1|198488116069|0,VINTAGE-Mario Lanza You Do Something To Me LP RCA Camden CAL 450 Mono,5.00,0.0616
v1|287450907245|0,DJANGO REINHARDT - SWING IT LIGHTLY - LP (BOX-1),7.00,0.0616
v1|147426859572|0,Sesame Street Bert & Ernie Sing-Along Vinyl,8.00,0.0616
v1|358776598651|0,"Foghat Rock and Roll Outlaws Vinyl LP Bearsville Records 1974 12"" ",30.00,0.0616
v1|318561547002|0,GEORGE JENKINS AND HIS ALL STARS - DRUM STUFF (VINYL LP)  1957!!  RARE!!!  TAMPA,15.99,0.0616
v1|298494106567|0,"Dickie Goodman on Mark-X  ""The Touchables""  Fantastic Break-in Side!",12.00,0.0616
v1|298491890477|0,Midwest Franchise – Come On Let's Dance / When You Come Around Me 45 Record,6.99,0.0616
v1|257613321987|0,Jesse Crawford Deep Purple LP Promenade 2074 Hi-Fi Organ Classic,1.17,0.0616
v1|158070468532|0,Elton John 'Don't Shoot Me' LP Vinyl Record - 1973 Gatefold.,2.18,0.0615
v1|117296062543|0,NEIL YOUNG Hawks and Doves 1980 NM Vinyl Original Lyric Sleeve,14.00,0.0615
v1|377336465699|0,Set Of 22 children’s Records,20.00,0.0615
v1|188618976965|0,"Ian & Sylvia “Ian & Sylvia” Vanguard Folk Vinyl LP 12"" Black Record",18.20,0.0615
v1|158058617225|0,4 Piano Sonatas by Friedrich Rust performed by Vladimir Pleshakov LP,65.00,0.0615
v1|127969765768|0,LP's (3) - Snow White / Merriest Songs Disneyland ST3906  DL3510 ; Sesame Street,9.00,0.0614
v1|178295779536|0,"MGM 33 RPM Record, Dick Hyman Trio, Beside Shady Nook, VG ",5.00,0.0614
v1|298493254247|0,Uriah Heep ~ Salisbury (1971) Deluxe 33 2016 Sanctuary Records UK,40.00,0.0614
v1|158067999723|0,1946 Portland Oregon Acetate Recording Disc 6.5” Olds Record Shop Guy Lombardo,25.00,0.0614
v1|377330022146|0,"10"" Poland LP ~ SLASK, STANISLAW HAYDNA",49.95,0.0614
v1|188627407180|0,Huey Lewis And The News Small World 1988 NM/NM Shrink Lyric Sleeve,9.99,0.0614
v1|287450257986|0,LP RECORDS BOX-40 -TOMMY DORSEY-2,7.00,0.0613
v1|227424482823|0,"RARE EARLY R&B Clarence ""Gatemouth"" Brown Gate Walks to Board 1953 Peacock 45",25.00,0.0613
v1|336675000558|0,WAGNER: Tannhauser; Tristan Isolde  Dorati CB Living Presence Stereo VG+ SHRINK,9.99,0.0613
v1|236927147943|0,SADE DIAMOND LIFE ALBUM,13.50,0.0613
v1|267722406415|0,MELANIE CANDLES IN THE RAIN (VG+) BDS-5060 LP VINYL RECORD,8.99,0.0613
v1|287450253389|0,Andre Cymone Survivin in the 80s Gold Stamp PROMO 1983 LP  FC38902,4.99,0.0612
v1|158059725109|0,"Balakirev*, Liadov*, Ansermet* Conducting L'Orchestre De La Suisse Romande ‎– Ta",14.00,0.0612
v1|257614446764|0,Aerosmith - Toys in the Attic - LP - vg+,8.50,0.0612
v1|188619365927|0,RCA LHmV-20 LP : Rachmaninoff Symphony No.3 BBC SO His Master’s Voice Press EX!,19.00,0.0612
v1|327254886481|0,"10"" 1950's Vinyl LP Record Lot 33 1/3 80 Count (Read Discription) Salvage",20.00,0.0612
v1|158075196035|0,SOUNDTRACK - SNTK SURRENDER-1a LP SNTK #10,7.00,0.0612
v1|137496746394|0,ELVIS PRESLEY LP CAS-2472 YOU’LL NEVER WALK ALONE PICKWICK MEGA RARE NO “P” LBL,102.50,0.0612
v1|800325637414|0,LP Ritchie Valens RHINO 70178 Golden Archive Series  VG+,5.00,0.0611
v1|168517757395|0,"SWING OUT SISTER-BREAKOUT-45 RPM-7""-POP-VINYL-RECORD-MERCURY 888 088-7-NM-1987",8.00,0.0611
v1|188530233490|0,JERMAINE JACKSON - Frontiers - 1978 Motown M7-898R1 LP Vinyl Record - NM,0.99,0.0611
v1|137498605220|0,"Ice Cube Wicked/ U Ain't Gonna Take My Life 12""Single Vinyl ",4.00,0.0611
v1|158070369901|0,THE SHIRELLES Will You Love Me Tomorrow / Foolish Little Girl ERIC 4001 (Stereo),3.00,0.0610
v1|287450255540|0,DON MCLEAN -- PRIME TIME   LP - (ES6),7.00,0.0610
v1|398158212664|0,The Beatles Live At The BBC Vinyl Record Album LP British Broadcasting Corp UK,49.00,0.0610
v1|178295688229|0,Dispatch - Who Are We Living For? Ltd Rainbow Splatter 20th AnnPress 2 Vinyl LP,0.99,0.0610
v1|147425773631|0,Sobriety and Beyond Father John Doe Four Vinyl Records ,125.00,0.0610
v1|178286947102|0,Ritmo 7 Mi Adoracion LP Tijuana Mexico; romantica; escucha,22.99,0.0610
v1|407061156135|0,"ZOOT SIMS AND AL COHN-EITHER WAY-FM 1/OVERSEAS KUX 1, 1976 MOSE ALLISON",10.98,0.0610
v1|117293497226|0,JUDY GARLAND At Home At The Palace NEW ABC LP STEREO ABCS-620 EX+/NM,11.24,0.0610
v1|147425729627|0,The Platters Life Is Just A Bowl of Cherries Vinyl LP Record,8.00,0.0609
v1|127964827835|0,bob seger33 rpm record lp stranger in town/very good minus,3.46,0.0609
v1|178297576935|0,"Ratt - ""Out of The Cellar"" - LP",15.00,0.0609
v1|318561097850|0,"Simon & Garfunkel Parsley, Sage, Rosemary and Thyme 12"" Vinyl LP CS 9363",1.60,0.0609
v1|358760892989|0,DANA LYONS  -  Our State Is A Dumpsite  -  Reigning 12 Inch EP,9.00,0.0609
v1|377331552909|0,PRETENDERS LEARNING TO CRAWL1983 VINYL LP 123980 W/SHRINK,9.00,0.0609
v1|278159504550|0,WALLENSTEIN RUBINSTEIN MOZART CONCERTOS 21 23 RCA VICTOR LIVING STEREO LP,8.00,0.0609
v1|168529049490|0,"Bing Crosby 1939 - Little Sir Echo / Poor Old Rover Shellac, 10"" Decca 2385",2.70,0.0608
v1|158070367148|0,GLEN CAMPBELL By The Time I Get To Phoenix /Burning Bridges/Gentle EMBER S249 UK,20.00,0.0608
v1|158075604562|0,Honeymoon Suite New Girl Now 45 rpm vinyl record,3.00,0.0608
v1|318563617895|0,"Pee Wee Crayton, Texas Hop.  Central Avenue Blues.  Modern 20-643.  VG",18.00,0.0608
v1|407061416388|0,"Vinyl 33 1/3 RPM LP Deluxe Album by "" Earth Wind and Fire "" great condition",15.00,0.0608
v1|298494208021|0,"JAY & THE TECHNIQUES - APPLES, PEACHES, PUMPKIN PIE (SMASH LP 67095)  1967",3.00,0.0608
v1|318516002470|0,Bonnie Tyler – The Hits Of Bonnie Tyler - German Import LP 1978,12.00,0.0608
v1|188618898591|0,"Bob Dylan “Nashville Skyline” Columbia Stereo KCS 9825 LP Vinyl 12"" 33 RPM",25.78,0.0608
v1|188619348900|0,Zinka Milanov “Famous Operatic Arias” RCA Victor VICS-1198 Stereo Vinyl LP,9.99,0.0608
v1|168525501412|0,Quarterflash 12” Single Vinyl Take Me To Heart,3.00,0.0607
v1|398156666159|0,KISS - Destroyer LP 1976 Rock NBLP 7025 Santa Maria Repress,125.00,0.0607
v1|168525278499|0,SONNY AND CHER MAMA WAS A ROCK AND ROLL SINGER 1973 LP,5.00,0.0607
v1|298493711320|0,LOUIS ARMSTRONG giants of jazz Time Life  Box 3LP  + book ,24.99,0.0607
v1|206404254800|0,Connie Francis Lp Rock N' Roll Million Sellers On Mgm  E3794,10.00,0.0607
v1|158075209483|0,The Beach Boys 45 Do It Again / Wake the World Capitol VG+ Surf,8.00,0.0607
v1|407060027286|0,"""Evita"" Original Cast Album Two LPs w/ Booklet Vinyl Used vg+++ vintage opera ",3.00,0.0607
v1|147427376369|0,"ELVIS PRESLEY LOVE SONGS 12"" LP VG+ VINYL RECORD K-TEL 1981",9.00,0.0607
v1|407059616025|0,Eddie Fisher Here's My Souvenir Record From 'Coke Time' EP RCA Victor CEP-6144X,5.00,0.0607
v1|336680216517|0,The Cars – Panorama (1980) • Elektra 5E‑514 • NM/NM •,7.99,0.0607
v1|236925893265|0,Eric Clapton- Il Blues Di Eric Clapton Italy import on Super Star w/12 page bklt,15.99,0.0606
v1|147425592854|0,Wynton Marsalis PROMO Gold Stamp MINT + Hothouse Flowers MINT LP Vinyl Lot 2,15.00,0.0606
v1|178302641166|0,The Association - Insight Out - Warner Bros Records WS-1696,1.00,0.0606
v1|407060050543|0,Vintage Tony Bennett I Left My Heart In San Francisco Columbia Records Vinyl LP,4.00,0.0606
v1|800295365653|0,Jam Session in Swingville,40.00,0.0606
v1|178295887861|0,Wayne Newton LP Lot of 2 MGM Stereo Vinyl Records Walking On New Grass  Faith,1.99,0.0606
v1|206403896926|0,Autographed Copy Steve Martin & The Steep Canyon Rangers (Rounder 11661-0660-1) ,36.00,0.0605
v1|377329694408|0,Stuff Live in New York Vinyl LP Warner Bros./Just Sunshine BSK 3417 Promo,14.00,0.0605
v1|318516680430|0,Procol Harum - A Salty Dog - US LP 1969,4.99,0.0605
v1|117296922004|0,Vinyl.made in Japan.GR7089Mono.Artur Rubinstein-Falla/Danza Ritual del Fuego,6.99,0.0605
v1|227423260813|0,TED NUGENT & THE AMBOY DUKES Call Of The Wild 1974 - Discreet DS 2181,24.99,0.0605
v1|327248741868|0,"Isaac Hayes 45 ""Juicy Fruit"" (Disco Freak) Brazil Import +Bio 1976Good Condition",2.99,0.0605
v1|178288217982|0,"A Warm Shade Of Ivory: The Piano, Orchestra and Chorus of Henry Mancini",0.99,0.0605
v1|178302745425|0,Emerson Lake & Palmer Vinyl Lot Trilogy Debut Self-Titled VG+ to EX,4.00,0.0605
v1|227422596747|0,Run DMC Raising Hell Vinyl 1986 VG+ /VG,14.50,0.0604
v1|267722021018|0,Disneyland Sesame Street Rubber Duckie LP vinyl record Album 1970,6.75,0.0604
v1|117293496558|0,The Flock - Dinosaur Swamps ~ Columbia Records 1970 Vinyl LP 31911 EF/NM ,12.00,0.0604
v1|168525750789|0,"NELSON EDDY - ""BY REQUEST"" 4-RECORD SET 1945 PREOWNED VERY GOOD CONDITION",6.99,0.0604
v1|206403980342|0,"Elvis Presley The Sun Sessions RCA Victor Mono 12"" Vinyl LP 33RPM 1976 APM1-1675",5.54,0.0604
v1|117295923588|0,"Vintage.Vinyl-45RPM-7"" Lot of 56 Lp. Rock-Jazz-Pop. nm/nm-",12.99,0.0604
v1|298494104283|0,Starfires ‎– Fools Fall In Love / Under The Stars 45 Record 1962 Doo Wop,19.99,0.0604
v1|307052109577|0,The Charleston City All-Stars - The Roaring 20s Volume II - LP Vinyl Record ,4.00,0.0604
v1|267722638842|0,"G. Verdi* / Rigoletto : Ion Buzea, Nicolae Herlea, Magda Ianculescu",21.76,0.0604
v1|147426042486|0,Nat King Cole & Lester Young Self Titled S/t 1964 Lp Stereo  In Shrink Nm,9.99,0.0604
v1|287448399898|0,Dynagroove Ravel Bolero - Boston Symphony - LP Vinyl Record Stereo,7.99,0.0604
v1|398155550334|0,"KENNY ROGERS, 4 VG+ VINYL, FIRST PRESSINGS,DAYTIME FRIENDS,GREATEST HITS,HEART",45.00,0.0604
v1|318563353619|0,Francis Scott Orchestra Moods for Candlelight LP High-Fidelity T-304,7.00,0.0604
v1|358775193922|0,Ted Nugent Vintage Vinyl Promo Lot (1977),50.00,0.0603
v1|147425571554|0,Olivia Newton-John Physical LP 1981 MCA-5229 Original Vinyl w/ Inner Sleeve VG+,10.00,0.0603
v1|358763588220|0,TIM BUCKLEY - Greetings From L.A. - Reissue WARNER BROS BS 2631 EX/VG+,14.00,0.0603
v1|278166338850|0,Lot of (3) Roy Buchanan Vinyl LP Record Albums.,5.00,0.0603
v1|366535481137|0,Behemoth Pandemonic Incantations Limited Edition Vinyl Record Box Set,74.99,0.0602
v1|298494518537|0,"1950s FRED WARING JEROME KERN SONGS 10"" Album DECCA RECORDS DLP5004 Shellac",14.95,0.0602
v1|318516950403|0,Cliff Richard And The Shadows – Summer Holiday - NL Reissue LP 1979,4.99,0.0602
v1|158071003603|0,The Real Jamaica Ska Jimmy Cliff Lord Creator Charmers Winston Samuel MINT MONO,23.23,0.0601
v1|327254335062|0,"Excellent 1971 Rock LP - THE WHO ""Meaty Beaty Big and Bouncy"" DECCA RECORDS",6.07,0.0601
v1|358776586151|0,Peter Pan Records Puff the Magic Dragon Picture Disc Vinyl Record PD-202,22.00,0.0601
v1|318548666432|0,Surrender The Hawaiian Spell of the Outriggers ,3.00,0.0601
v1|168517798210|0,"Smokey Robinson & The Miracles-Shop Around-Reissue-7""-single-soul-QQQ135316-NM",5.00,0.0601
v1|298493647764|0,76  LP's From 1960's     CHOOSE  ANY 5-LP's  For  $25.00    NM or As Described,25.00,0.0600
v1|257613200463|0,REM Around The Sun reissue Vinyl limited gatefold 180 gram vinyl 2xLP R.E.M.,19.99,0.0600
v1|307052675133|0,707 Mega Force The Second Album 1981 Vinyl Promotional VG Tonite’s Your Nite,4.95,0.0600
v1|358777112173|0,David+David-“Boomtown” Vinyl LP VG A+M Records 1986 OG,5.00,0.0600
v1|178297386084|0,"Thinkin' About Your Body 2 Mad Bobby McFerrin 12"" vinyl single Chocolate Mix",1.99,0.0600
v1|336674953347|0,"Somethin' Smith & The Redheads - Cecilia / Heartaches - Vinyl Record 45 RPM 7""",3.00,0.0600
v1|336679458776|0,THE VISCOUNTS - HARLEM NOCTURNE b/w DIG - ORIG 1959 ROCK INSTRUMENTAL 45 RPM,5.50,0.0600
v1|398155542468|0,"OLIVIA NEWTON JOHN, TOTALLY HOT, TWO OF A KIND SOUNDTRACK, VG+ ORIGINAL VINYL LP",35.00,0.0600
v1|318516627457|0,Procol Harum - s/t - French Import LP,4.99,0.0599
v1|287450211331|0,"All Hail West Texas by Mountain Goats (Vinyl Record, 2013)",16.00,0.0599
v1|407059980490|0,The Edgar Winter Group They Only Come Out At Night Vinyl 1972  EPIC vintage LP ,4.00,0.0599
v1|227423158550|0,JAH WOBBLE- PIL BASS PLAYER V.J.E.P bLUEBEERRY HILL 1980 Virgin Limited,27.00,0.0599
v1|227424502705|0,2 LP THE BEST OF THE BIG BANDS COMPILATION DORSEY MILLER GOODMAN BB 2501 JAZZ,2.95,0.0599
v1|236920046564|0,Grace Slick & The Great Society - Collector's Item Vinyl 2xLP 1971  G30459,10.00,0.0599
v1|377330109053|0,THE IDEALS ON SATELLITE D J COPY  # 2007  ( YOU HURT ME  ) ,4.95,0.0599
v1|227424415431|0,The Whit Boyd Combo – Party Girls (Original Motion Picture Soundtrack),22.99,0.0598
v1|800310861798|0,"LOUIS LORTIE: wolfgang a. mozart, piano concerto no. 12 &14 12"" LP 33 RPM Exc+",5.99,0.0598
v1|198488058322|0,Y.M.C.A. Village People Cruisin’ Vinyl LP Record Album,50.00,0.0598
v1|236926166052|0,"Quincy Jones — Body Heat vinyl record (LP), released by A&M Records.1974",7.00,0.0598
v1|358773841615|0,LP~Yale Series Of Recorded Poets RICHARD EBERHART Reads From His Own Works,9.95,0.0598
v1|398155908660|0,LISA LISA CULT JAM- LOST IN EMOTION 45RPM 7” 1987 Columbia 38-07267,2.30,0.0598
v1|298494092383|0,"Dickie Goodman on Mark-X  ""The Touchables In Brooklyn""  Fantastic Break-In Side!",12.00,0.0598
v1|287440940650|0,"LOT OF 24 DIFFERENT RECORDS & ARTISTS (""N-P"" ) 19 LABELS 74 TITLE STRIPS",12.00,0.0597
v1|188621831241|0,Booker T & The MG's - Greatest Hits - 1970 Funk - LP Vinyl Record Vintage ,7.99,0.0597
v1|267719655647|0,The Platters – Encore Of Golden Hits LP - 1960 - VG+/EX,10.00,0.0597
v1|358773384555|0,Lloyd Cole & the Commotions-vinyl ,12.00,0.0597
v1|227423234946|0,Styx - Pieces Of Eight 8 - European Import Grey Vinyl - Only 1000 Pressed - NM,74.99,0.0597
v1|127969765779|0,LPs Beach Boys Endless Summer and Wow Great Concert and Poster - Near Mint,18.00,0.0596
v1|407060591493|0,Cher - Superpak Vol. II   1972 2-LP Vinyl record Album   VG / VG   Jojo's,5.00,0.0596
v1|236925783919|0,The Happy Goodman Family I’m Too Near Home Southern Gospel Record Vinyl Lp 46,15.00,0.0595
v1|287414067917|0,"The Who-1967 Decca First Press ""The Who Sell Out"" LP/EX/VG+",7.99,0.0595
v1|236921025765|0,"""If It's Not A Hit I'll Eat..."" - Duke Records Tracks - Ace LP-CH 154 Blues R&B",9.99,0.0595
v1|137499373147|0,ENOCH LIGHT - SPACED OUT - VINYL LP RECORD ALBUM D J RECORD,10.00,0.0595
v1|358776583377|0,The Sandpipers Come Saturday Morning Album Released In 1979 Very Good Condition,10.00,0.0595
v1|147427376384|0,"Carpenters Ticket To Ride SP-4205 12"" Vinyl 33 1/3 ROCK Record",5.00,0.0595
v1|336680577553|0,"LP 12 Capitol 11418, No Way To Treat A Lady, Helen Reddy",3.00,0.0595
v1|227422984582|0,"LaBelle - Self Titled, 1971 LP, Warner Bros. Records WS 1943, Patti/Nona Hendryx",29.99,0.0595
v1|298493663299|0,EURYTHMICS-SWEET DREAMS-REMASTERED VINYL LP,18.99,0.0595
v1|227424397997|0,"Bonnie Tyler Holding Out for a Hero 1984 7"" vinyl Columbia Records single 45",6.99,0.0594
v1|158068496460|0,"Various, The Original Hits Volume 7, (LP, Comp, Mono), VG+, 3614732628",7.99,0.0594
v1|158068496460|0,"Various, The Original Hits Volume 7, (LP, Comp, Mono), VG+, 3614732628",7.99,0.0594
v1|318515936306|0,REO Speedwagon – Hi Infidelity - US LP 1980,4.99,0.0594
v1|168529049419|0,My Dog And Other Songs My Doggie Taught Me!!! by Ken-L-Ration ‎– SL4M-6149 33 EP,2.65,0.0594
v1|158068569192|0,Mary Wells Two Lovers and Other Great Hits 1963 Motown M 607 Vinyl TESTED G/VG,9.99,0.0594
v1|307044650784|0,Vintage LP: Bruno Walter conducts Beethoven Symphony No. 7!,6.00,0.0593
v1|366536409189|0,EMI/HMV ASD 331-333 BIZET CARMEN Beecham de Los Angeles 1960 3LP VG++,6.99,0.0593
v1|168525563625|0,Mozart Vinyl 4 LP Set [Time Life Great Men of Music ] (no Booklet). Great Sound!,2.99,0.0593
v1|327248485543|0,"Lawrence Welk - Candida ""LP""",2.50,0.0593
v1|800325717299|0,THE SKYLINERS (33 Lp Album) VERY NICE,67.00,0.0593
v1|127964885233|0,Olivia Rodrigo Guts (Spilled) Zoetrope Foil Vinyl (2024) Blood Records,147.50,0.0593
v1|267719534923|0,Joan Jett & The Blackhearts - I Love Rock 'N Roll - 1982 NM Rock 45,4.99,0.0592
v1|327254731490|0,33 1/3 RPM RECORDS LOT OF 2 THE LAND & THE OCEANS OF MR WORLD,5.99,0.0592
v1|327254631632|0,Lacy J. Dalton - 16th Avenue Vinyl LP 1982 & Can’t Run Away From Your Heart 1985,9.99,0.0592
v1|327256704461|0,"Bing Crosby & Fred Waring w/Pennsylvanians 2-10"" 78rpm records Paper Sleeves",12.50,0.0591
v1|198487852040|0,"Morris Day The Oak Tree 12"" Maxi Single EP 1st Press Vinyl Record LP",0.99,0.0591
v1|158070486803|0,1962    VENUS  IN  BLUE  JEANS  -  JIMMY  CLANTON,3.75,0.0591
v1|298491896803|0,"Bob Moline – You're Mine, You're Mine (Alone) / Happy Street 45 Record",9.99,0.0591
v1|398155519757|0,Pat Travers Live Go For What You  Know  Vinyl ,5.00,0.0591
v1|178297144148|0,"The Firm - ""The Firm"" - Self-Titled LP, Jimmy Page & Paul Rodgers",5.00,0.0591
v1|318560811190|0,Jack Scott-Burning Bridges..Cool Water two 45rpm records,12.00,0.0591
v1|206405982001|0,78 RPM Yas Yas Girl on Columbia: Want To Woogie Some More/I’ll Try To Forget V:V,20.00,0.0591
v1|307044641433|0,"Johnny Rivers “…And I Know You Wanna Dance” Mono Vinyl = VG 12"" LP Record Rock",3.00,0.0591
v1|336679264212|0,"Navel Maneuvers, Belly Dance DBL Record VG+,  Audio Fidelity",7.00,0.0590
v1|267722531272|0,"Rock 78 Fats Domino ""BLUE MONDAY"" / ""WHATS THE REASON I'M NOT PLEASING YOU"" HEAR",10.00,0.0590
v1|407060014676|0,"Edison Diamond Disc 51833, Ernie Anderson, Nola/Marionette, 1926",9.99,0.0590
v1|398155970166|0,beatles rubber soul vinyl stereo,60.00,0.0590
v1|800315754318|0,"M.R.I. Dauerläufer Schnellbahn Autopilot 2000 Force Tracks Techno House 12""",7.00,0.0590
v1|298494529299|0,"MFSB LOVE IS THE MESSAGE 1973 LP  ""TSOP (THE THEME FROM SOUL TRAIN)""",2.99,0.0589
v1|267722419979|0,"Bette Midler ""The Divine Miss M"" 1972 LP, SD-7238A, Play Tested! VG +",2.99,0.0589
v1|278159504548|0,MOZART ROBERT CASADESUS GEORGE SZELL PIANO CONCERTO NO.21 & 24 COLUMBIA MONO LP,8.00,0.0589
v1|127968638392|0,"NATHANIEL RATELIFF & THE NIGHT SWEATS THE FUTURE - 180 GRAM VINYL LP "" Pre owned",8.99,0.0589
v1|168529049511|0,H.M.S. Pinafore Gilbert and Sullivan EP London REP.8016,2.65,0.0589
v1|188530169152|0,Julian Bream & John Williams - RCA LSC-3257 LP Vinyl Record - EX,0.99,0.0589
v1|117293713088|0,Marion Mann You're Gonna Hate Yourself In The Mornin' 1947 Vogue Picture Record,22.00,0.0589
v1|287449675950|0,Big Lot of (5) Soul 45 *James Brown And The Famous Flames*,10.00,0.0589
v1|298493712902|0,Jimi Hendrix Hendrix in the West  1972 LP Reprise Records VG PLUS,18.99,0.0588
v1|407059806599|0,REO Speedwagon - Good Trouble ~ Record Made in Japan 25 3P-367 ~ Insert - E,9.99,0.0588
v1|407059987174|0,"Pink Floyd Wish You Were Here LP 12"" 33RPM Columbia Black Vinyl Stereo",30.00,0.0588
v1|137504782846|0,"1984 Duces Wild – Gimmick 12"" Single Vinyl Record",3.00,0.0588
v1|407059683459|0,Conjunto Clasico – Las Puertas Abiertas* Canta TITO Nieves * Lp Vinyl * Palacio,30.00,0.0588
v1|178298068617|0,"Private Song Poem 45 - Mike Thomas - Flat, Flat Pockets - Tin Pan Alley VG+",9.99,0.0588
v1|267722531278|0,"ATLANTIC 78 LAVERN BAKER ""STILL"" / ""I CAN'T LOVE YOU ENOUGH"" Listen",20.00,0.0587
v1|127966342131|0,Berlioz Symphonie Fantastique Paray Mercury Living Presence FR1/FR5 VG+,5.99,0.0587
v1|407061004657|0,The Partridge Family Up To Date Vinyl Record,1.49,0.0587
v1|267718881284|0,The Lowery Group 25 Golden Years vinyl record album double promo,9.99,0.0587
v1|127965051928|0,"Boston Long Time / Let Me Take You Home Tonight Epic 7"" Black Vinyl 45 8-50320",3.20,0.0587
v1|198488172192|0,Magic Violins Featuring Twin Pianos Volume 3 Say It With Music 12” 33rpm Vinyl,4.55,0.0587
v1|137503307385|0,[ROCK/POP]~EXC LP~SEALS & CROFTS~Get Closer~{OG 1976~WARNER BROS~Issue]~,100.00,0.0587
v1|188622509938|0,James Gang Thirds Used Vinyl,5.00,0.0586
v1|188619317618|0,Donna Summer “Love To Love You Baby” Casablanca Records Vinyl LP,10.05,0.0586
v1|800298387735|0,"Hot Chocolate: Every 1's a Winner/Power of Love 45rpm, 1978 (Scratched)",2.99,0.0586
v1|307044634967|0,"Enoch Light And His Orch.”Touch Dancing Is Back” Vinyl = VG+ 12"" LPRecord Jazz",2.50,0.0586
v1|267721800890|0,"BOOTS RANDOLPH'S ""Sunday Sax""",3.95,0.0586
v1|178298068615|0,Lot of 6 Monkees 45s DW Washburn w/sleeve Steppin Stone Daydream Believer Words,6.99,0.0585
v1|158070468926|0,Los Tigres Del Norte Vinyl Record Numero Ocho FAMA VG,45.00,0.0585
v1|318563566141|0,Scivittaro & Veyron-Lacroix Mandolin Music Beethoven/Hummel LP,3.18,0.0585
v1|198486137827|0,Elvis Presley G.I. Blues ~ RCA Victor Original Soundtrack LPM 2256 Mono (VG),17.99,0.0585
v1|236926066724|0,Chris Farlowe- Paint it Black/You're so Good to Me Immediate 45,9.99,0.0585
v1|398162725045|0,Stop That train,70.00,0.0585
v1|236926254739|0,"BLUE GRASS BREAKDOWN - Living GUITARS,  RCA CAS-2461, 1971, GOOD CONDITION ",4.20,0.0585
v1|398109313431|0,"Symbiosis  Deep House Music 2xLP Numinous 12"" VINYL LP",9.99,0.0584
v1|287449674175|0,THE SOLO BEATLES (4) APPLE*Instant Karma*My Sweet Lord*My Love*Goodnight Vienna*,10.00,0.0584
v1|158070212845|0,LP BOX-11 RECORDS: JOYCE-KENNEDY-1  LP,5.00,0.0584
v1|298493712455|0,JAMES BROWN LP The Unbeatable James Brown 16 Hits 1964 King Vinyl,12.99,0.0584
v1|127965132076|0,"Elvin Bishop Fooled Around and Fell in Love / Have a Good Time 7"" 45",3.58,0.0584
v1|127966444286|0,"BRAHMS-SYMPHONY NO. 2-DORATI, MINNEAPOLIS MERCURY SR 90171, LIVING PRESENCE",5.99,0.0584
v1|236921078166|0,"Louis Jordan - ""Good Times - Live"" -Swing House LP 14 Ltd. Ed. Jumping R&B Blues",7.99,0.0583
v1|318550071391|0,TRIVIUM VINYL FACTORY SEALED ASCENDANCY SHOGUN SIN AND SENTENCE AB INITIO *READ*,599.99,0.0583
v1|178288218337|0,"Johnny Mathis - Warm and Tender (2-album vinyl, 1974)",0.99,0.0583
v1|127964890959|0,"Ariana Grande Positions (Deluxe Edition) 2LP Colored Vinyl Clear/Purple 12"" 2021",202.50,0.0583
v1|188621410947|0,DAVID LINDLEY~El Rayo-X~Original-1981 ASYLUM-VG condition,4.50,0.0583
v1|137499238584|0,Hangin' Tough by Waylon Jennings 1968 Vintage Vinyl RCA Lsp3918,25.00,0.0583
v1|188619102241|0,Eurythmics SWEET DREAMS  ¨ DULCES SUENOS'' 1982 SINGLE Hard Find   Ecuador Press,18.86,0.0583
v1|137487843474|0,Mason Proffit Bareback Rider lp John Michael Talbot Terry Talbot + Bonus,7.99,0.0582
v1|236926114519|0,MISSING PERSONS SPRING SESSION M VINYL ALBUM USED,5.00,0.0582
v1|407059895550|0,Annie Get Your Gun - Ethel Merman   1959 LP Vinyl Record Album   VG / VG  Jojo's,5.00,0.0582
v1|127965043311|0,"America Hideaway Part I / Today's The Day WB 7"" Vinyl 45 WBS 8212",1.58,0.0582
v1|307044512216|0,"Ringo Starr “Ringo’s Rotogravure” Stereo Vinyl = VG+ 12"" LP Record Rock, Blues",3.00,0.0581
v1|267722591496|0,The Rose (1979) Original Soundtrack LP Record SD 16010 SHRINK EX Vinyl,8.99,0.0581
v1|267722462497|0,The Platters: Encore of Golden Hits/ LP/MG-20472,2.99,0.0581
v1|398156671482|0,KISS - Double Platinum - 2LP 33 Rpm Rock Compilation 1978 Terre Haute Pressing,195.00,0.0581
v1|287448644034|0,The Seekers I'll Never Find Another You/Open Up Them Pearly Gates 45 VG Plus,2.99,0.0581
v1|398155500453|0,HELIX VINYL RECORD 1985 CAPITOL RECORDS GOLD STAMP,4.00,0.0581
v1|318561043040|0,THE DEVOTIONS ON ROULETTE # R-4541 DOOWOP   ( RIP VAN WINKLE  ) ,4.95,0.0581
v1|158075209478|0,Mary Wells 45 Bye Bye Baby / Please Forgive Me Motown 1003 Rare Lines Label EX,29.99,0.0580
v1|147430971123|0,20 Original Hits LP Mark-Fi Records Jerry Butler Bobby Day Little Anthony Oldies,1.99,0.0580
v1|188621337759|0,Ozzy Osbourne Live Mr. Crowley Vinyl LP Album Picture Disc from 1982 in VG Cond,100.00,0.0580
v1|336674946749|0,"SOMETHIN SMITH AND THE REDHEADS My Baby Just Cares For Me 45 7"" Record Vinyl",3.00,0.0580
v1|377330109050|0,MASON DIXON  33 RPM1988 ON CAPITAL C1-90120 EXCEPTION TO THE RULE   SEALED,4.95,0.0580
v1|287448399860|0,"12"" LP ""The Best of MARIO LANZA"" US RCA VICTOR LM 2748 mono",4.49,0.0580
v1|298481550853|0,Peter Frampton - Where I Should Be -  LP Vinyl Record 1979 A&M CS,10.21,0.0579
v1|298494199577|0,"OPERA VINYL ARCHIVES: 4 Deluxe Sets - Verdi, Donizetti, Wagner, Massenet - NM",12.00,0.0579
v1|227418979762|0,"PAUL WHITEMAN & ORCHESTRA ""I Never Knew/Do You Ever Think of Me?"" 1921 Good Cond",5.00,0.0579
v1|377331565424|0,ROXY MUSIC “VIVA” LP EX/EX ATCO BRYAN FERRY,15.00,0.0579
v1|257614380419|0,OutRun Video Game Soundtrack Limited Edition VGM OST Vinyl SEGA DATA DISCS,110.00,0.0578
v1|318564223411|0,"DARRELL BANKS REVILOT soul 45  ""OPEN THE DOOR TO YOUR HEART""   LISTEN",10.00,0.0578
v1|307045533335|0,Step On Out LP Record The Oak Ridge Boys Vinyl 33 RPM 1985,15.99,0.0578
v1|137496728035|0,The Temptations ‎– To Be Continued... LP Vinyl 1986 record *PROMO* Version,5.00,0.0578
v1|147430944510|0,The Everly Brothers A Date With LP Warner Bros W 1395 Pop Out Cover Cathy's Clow,1.99,0.0578
v1|236925799671|0,"Dion LP 2020 KTBA61081 180g 2xLP Vinyl Mint Condition Jeff Beck, B. Springsteen",19.99,0.0578
v1|188627404493|0,Seals & Crofts Sudan Village 1976 NM/NM- Original Inner Sleeve,6.99,0.0578
v1|236927014709|0,HARK! THE YEARS! Historic Voices Frederic March FDR RUTH ROCKNE  5- 45RPM +,1.99,0.0578
v1|358773852111|0,LP~Yale Series Of Recorded Poets ALLEN TATE Reads From His Own Works,9.95,0.0578
v1|158070210799|0,LP BOX-11 RECORDS: LYNN ANDERSON-1  LP,5.00,0.0578
v1|257585543614|0,"Michael Jackson - Billie Jean / instrumental 1982 Epic 12"" Promo RARE Boogie Pop",6.00,0.0577
v1|407059795371|0,the Seekers - Four & Only Seekers ~ Made in UK MFP1301 ~ Hide & Seekers Variant,6.99,0.0577
v1|178297757839|0,"Village People - Go West (LP, Album, 79 ) (Casablanca) With Poster",9.50,0.0577
v1|377335042718|0,"MADONNA 12-inch single vinyl record, Angel / Get into The Groove, 1985",2.99,0.0577
v1|236919917629|0,Wiener Blut JOHANN STRAUSS 2 Lp Box Set VG+ OTTO ACKERMAN ELISABETH SCHWARZKOPF,6.50,0.0577
v1|117297082219|0,"Vinyl-10"" fantasy3-6. GERRY Mulligan Quartet. ",36.99,0.0577
v1|168516785620|0,Edwards Generation-Someone Like You/School Is In-Ghetto Label #SG 016,10.00,0.0577
v1|117292431368|0,John Lennon Mind Games Vinyl LP Capitol Records SW3414 1973,12.98,0.0577
v1|307051042922|0,BILL HALEY & His Comets - Golden Hits 2LP Vinyl Record 1972 Tested MCA2 4010 VG,2.99,0.0577
v1|278167105451|0,Led Zeppelin Presence 1976 RI Pressing SS 8416 Embossed Cover NM LP,39.99,0.0577
v1|318563437849|0,1970'S POST HONEYCOMB HAUNTED HOUSE CARDBOARD RECORD,9.99,0.0576
v1|800315350102|0,Mestres Do Barroco- Mineiro Vol. II FESTA 1975 Brazilian,10.00,0.0576
v1|398158834331|0,"Sesame Street Aren't You Glad You're You? 12"" Vinyl LP Stereo CTW 22083 1977",5.00,0.0576
v1|168529630694|0,Milt Jackson-Quintessence Jazz Series-Vinyl LP-QJ-25391- VG+/EX. CONDITION,5.99,0.0576
v1|236925905894|0,Bug Central- Money and Riots 45 pic sleeve 4 track ep with insert,3.99,0.0575
v1|307050784039|0,MONO Bartok Concerto Orchestra Reiner Chicago Symphony RCA Victrola VIC-1110 LP,5.99,0.0575
v1|227424447162|0,"INSIDERS ""Ghost On The Beach"" Vinyl LP EPIC Record BFE-40630",4.99,0.0575
v1|206403952864|0,Lot of 7 Blues Country Classic Rock Garage Rock Psychedelic vinyl record albums ,21.71,0.0575
v1|236926254728|0,TCHAIKOVSKY 1812 Overture STLP 511.690  Vinyl  LP ,4.99,0.0575
v1|168524181242|0,Benny Goodman's and TUFF-SAX Vinyl Records (2),9.99,0.0575
v1|127966241606|0,Great Songs of the 60's Vinyl Album,3.00,0.0574
v1|158058617248|0,"Joseph Haydn, Helmuth Froschauer ‎– Overtures To The Operas",12.00,0.0574
v1|298493711784|0,2 LP Set - Them Featuring Van Morrison 1972,29.99,0.0574
v1|158068425780|0,Roger Miller Dang Me Vinyl Record Smash Records  33rpm 12in,2.00,0.0574
v1|398157472569|0,Edsels Rama Lama Di G,5.00,0.0574
v1|278167838694|0,Every Which Way But Loose Vinyl Clint Eastwood Soundtrack,9.99,0.0574
v1|366536527336|0,TELARC 5036 Widor Dupre MICHAEL MURRAY Methuen Organ 1977 DTD NM,3.99,0.0573
v1|407061402246|0,"Beryl, Connie, Jane - The Magic of Believing  1957 Record Capitol T-822 VG / VG",5.00,0.0573
v1|407061547477|0,Richard Thompson .. Daring Adventures.. 1986,10.00,0.0573
v1|188621511663|0,Chordettes 45 Born to Be With You/Love Never VG+ Cadence RCA Press 1958 Matrix,4.95,0.0573
v1|198487877086|0,Guns N Roses Appetite for Destruction 180 Gram Double Vinyl Record LP Hard Rock ,22.50,0.0573
v1|168517921403|0,Blue Ridge Rangers-Hearts Of Stone-45 RPM-rock-vinyl-record-Fantasy 700-1973-NM,4.99,0.0573
v1|407061331280|0,"The Dukes Of Dixieland - On Bourbon Street With The Dukes Of Dixieland, Volume 4",5.00,0.0573
v1|318564223446|0,"Lenny Miles ""DON'T BELIEVE HIM, DONNA"" / ""INVISIBLE"" Scepter 45 Listen",8.00,0.0573
v1|307044515115|0,"“Songs Of Beaupre/Cantiques De Beaupre” Vinyl = VG 12"" LP Record Devotional",2.50,0.0573
v1|336674898428|0,"Culture Club I'll Tumble 4 Ya & Man Shake 12"" Vinyl Single 1983 Epic 49-03913",4.95,0.0573
v1|287450278284|0,Helen Merrill - Rodgers & Hammerstein Album  LP,4.99,0.0572
v1|318560490487|0,Destroyer: Resurrected by Kiss Vinyl Record 2012,15.00,0.0572
v1|327254782790|0,Vinyl Record Variety Lot of 10 Albums Al Martino Davind Bomberg & More,6.00,0.0572
v1|127964847478|0,"Johnny Winter -Austin , Texas -EX/EX 1973 RE Blues Rock United Artist UA-LA139-F",6.50,0.0572
v1|236921424786|0,Don Mclean Autographed American Pie Vinyl,550.00,0.0572
v1|267718878140|0,Seatrain Marblehead Messenger vinyl record album,12.99,0.0572
v1|198487997779|0,classic rock vinyl records Collection (25) Lot Elton  Doobie Bros Fusion Jazz,29.99,0.0572
v1|298493833205|0,Jacky Ward        4-LP's        NM or as described        1977-1980,18.00,0.0572
v1|127966685139|0,phillis diller 33 rpm record jukebox ep/very good harder 1 to find,3.00,0.0571
v1|127965026591|0,"Peter Frampton Shine On / Show Me The Way A&M 7"" Black Vinyl 45 Stereo 1795-S",1.57,0.0571
v1|298484766661|0,Massenet Manon 3 LP Vinyl Box LIBRETTO Cotrubas KRAUS Plasson RECORDS,11.85,0.0571
v1|168518777757|0,"The Most Dulcimer by Jean Ritchie (LP, 1984) Traditional Folk",15.99,0.0571
v1|147425533576|0,Jim Messina LP 1981 Promo Gold Stamp Warner BSK 3559 NM Vinyl EX Cover,9.99,0.0571
v1|236926048953|0,"Music of The African Arab Record VG+,  Audio Fidelity",5.00,0.0571
v1|236926048953|0,"Music of The African Arab Record VG+,  Audio Fidelity",5.00,0.0571
v1|800325702995|0,45 RPM Fountain of Youth COLGEMS 1032 Sunshine on a Cold Morning VG+,3.00,0.0571
v1|198478295362|0,Beethoven Nine Symphonies Chicago Symphony Sir George Solti - MINT,165.00,0.0571
v1|318563867594|0,"Minute by Minute by The Doobie Brothers (Record, 1978)",14.99,0.0570
v1|407059843453|0,Nazareth - 2XS ~ 1982 Record Made in US  A&M SP-4901 ~ E,9.99,0.0570
v1|117293722616|0,"Drum N' Bass Deep House Techno Breakbeat 16x  12"" Lot Vinyl DJ UK",42.00,0.0570
v1|267719629123|0,Buck Owens And His Buckaroos – I've Got A Tiger By The Tail LP – 1965 – VG+/VG,9.00,0.0569
v1|318560850058|0,LED Zeppelin Self-Titled Vinyl LP Record and CD,15.00,0.0569
v1|327254032488|0,"Klique LOVE CYCLES LP MCA 12"" LP 33 RPM Ready For Love",4.99,0.0569
v1|168525638876|0,THE YOUNG GIRLS OF ROCHEFORT NM Soundtrack 2 LP PCC '67 ULTRASONIC & TESTED,44.99,0.0568
v1|278168904131|0,ELVIS PRESLEY - Elvis In Concert (APL2-2587) 1977 First Pressing,5.00,0.0568
v1|188621754386|0,Original Soundtrack Where The Lilies Bloom/Music By Earl Scruggs Revue LP 1974,0.99,0.0568
v1|336674245082|0,LEON BIBB in concert ENCORE! / cherries & plums  LIBERTY 2 1963 Lps VG+ AUDITION,4.00,0.0568
v1|336674245082|0,LEON BIBB in concert ENCORE! / cherries & plums  LIBERTY 2 1963 Lps VG+ AUDITION,4.00,0.0568
v1|267722321187|0,JOHNNY WINTER AND - Live  (1971 LP Vinyl)  VG+/VG+,8.99,0.0567
v1|318561151219|0,Mickey Newbury  Live At Montezuma Hall Looks Like Rain  1973 Country Promo 2-Lp,4.99,0.0567
v1|318564223444|0,"FORMAL  45 FREDDY YOUNG ""LIMBO LEAP"" / ""DARK RIVER""    LISTEN",6.50,0.0567
v1|236920046541|0,"GLENN FREY - No Fun Aloud (The One You Love) - 12"" Vinyl Record LP - VG+",4.00,0.0567
v1|407060608495|0,Duane Eddy - Dance With The Guitar Man   1962 RCA Mono LP Record Album   VG / VG,5.00,0.0567
v1|267722625214|0,Viridescent Funeral LP Crucifixion Bell Krieg Leviathan Kommodus Weakling,12.00,0.0566
v1|267719484245|0,"THE BROWNS The Three Bells / Heaven Fell Last Night 7"" Vinyl RCA Victor 47-7555",7.99,0.0566
v1|147429785177|0,"1984 Twisted Sister ‎– I Wanna Rock 12"" Single Vinyl Record",17.00,0.0566
v1|398155975834|0,Neil Sedaka Steppin' Out LP Vinyl Record The Rocket Pop Rock Black 1976,9.00,0.0566
v1|800316524741|0,Silent Thunder - Soulspear LP,37.00,0.0566
v1|158067965180|0,"Benny Roberts & His Madcats - Hotbox Mama - Put The Lights Out, Baby.",29.95,0.0566
v1|198488000005|0,Linkin Park Meteora 180 Gram Splatter Vinyl Record LP Hard Rock Rap Metal,17.50,0.0565
v1|287450347591|0,"DAVID LINDLEY "" WIN THIS RECORD"" 60178 NICE COPY EXCELLENT VINYL",6.95,0.0565
v1|198488002684|0,"1970 Three Dog Night ""Naturally"" Vinyl LP DSX-50088 (Dunhill/ABC) VG+/VG+",9.99,0.0565
v1|267722566516|0,Smokey Robinson and the Miracles - Tamla LP - Going to a Go-Go - T 267,7.85,0.0565
v1|188530183523|0,Rodrigo - Concierto de Aranjuez - Angel S-37440 LP Vinyl Record - NM,0.99,0.0565
v1|206403895947|0,"Roy Rogers & Dale Evans - The Bible Tells Me So Capitol Vinyl LP Gospel, Sleeve",2.00,0.0565
v1|158070001208|0,Maynard Ferguson Hollywood LP Vinyl Record CBS 1982,2.99,0.0564
v1|307051148672|0,UB40/Chrissie Hynde 45RPM “Breakfast In Bed” 1988 80s Pop Reggae 7” Vinyl WOW,2.95,0.0564
v1|137499335872|0,Billy Swan I Can Help LP Vinyl 1974 KZ33279 Monument Promo Edition ,20.00,0.0564
v1|398155433033|0,DELIVERANCE VINTAGE VINYL WARNER BROTHERS 1973,3.00,0.0564
v1|188619230065|0,4 Maynard Ferguson Vinyl Albums Good Condition,8.00,0.0563
v1|407060048955|0,Boyd Bennett on KING 1470,5.00,0.0563
v1|206405681207|0,John Schneider- Too Good To Stop Now VINYL LP MCA-5495 MCA Records 1980,2.99,0.0563
v1|267722643957|0,"LOT of 12 DJ Dance Records 12"" Single $165 value-Sheena Easton-L'Trimm-Al B Sure",17.99,0.0563
v1|287449081382|0,"Joan Rivers "" What Becomes A Semi-Legend Most? "" Vinyl Record LP",38.00,0.0563
v1|287448739204|0,"Bobby Bare Drunk & Crazy LP Vinyl 12"" 33 RPM Columbia Country Black",10.00,0.0563
v1|267721794427|0,"George Benson - ""Livin' Inside Your Love"" -- 1979 Warner Bros. 2BSK 3277 - LP ",13.99,0.0563
v1|267722458347|0,Merle Haggard  And Bonnie Owens - That Makes Two Of Us - Pickwick Records  LP,3.50,0.0563
v1|327254950817|0,Iron Butterfly In-A-Gadda-Da-Vida Vinyl LP 1968 ATCO Records – SD 33-250,12.00,0.0563
v1|137503148324|0,THE MOODY BLUES 4 LP lot DISTANCE VOYAGER OCTAVE DAYS OF FUTURE PASSED CHILDRENS,100.00,0.0562
v1|377331414878|0,"Styx Japanese LP Vinyl Lot - Kilroy Was Here, Cornerstone, Pieces of Eight",79.00,0.0562
v1|298493711295|0,The Immortal Hank Williams 10 Vinyl Record Set 1923 - 1953 Japanese,219.99,0.0562
v1|257614252494|0,"Cheech & Chong Cheech and Chong Ode Records 12"" Black Vinyl LP Comedy Sleeve",3.13,0.0562
v1|336680331453|0,"Britten Nocturne London Symphony ""Four Sea Interludes"" 180g 2LP 45rpm *LIMITED*",40.00,0.0562
v1|327254512307|0," Vintage! Sesame Street Fever Grover and crew Disco Children's LP Vinyl 12""",95.00,0.0561
v1|407061068297|0,BEE GEES * PHILIPPINES IMPORT* BARBARA STREISAND * OLIVIA NEWTON JOHN* 3 LP,15.99,0.0561
v1|327254920416|0,"Executive Slacks ""Fire & Ice"" Vinyl Album, 1986",10.00,0.0561
v1|327249828841|0,"B. J. Thomas - The Best Of B. J. Thomas ""LP""",2.50,0.0561
v1|178295990216|0,Eagles On The Border Vinyl Record,8.00,0.0561
v1|158070468370|0,"DWIGHT YOAKAM: Guitars, Cadillacs, Etc., Etc. (REPRISE 1-25372)",30.00,0.0561
v1|267722562553|0,Donna Summer 1975 Love To Love You Baby Vinyl Album Works Oasis (VG+/VG),9.99,0.0561
v1|158074135674|0,"MC Hammer 2 Legit 2 Quit 12"" single vinyl record",3.00,0.0560
v1|178298209736|0,James Gang Lot 3 Vinyl Album Record Lp’s 70s Promo 1 New EX/NM/VG+ ATCO,25.00,0.0559
v1|117294060631|0,STANLEY CLARKE SCHOOL DAYS Billy Cobham George Duke Steve Gadd,9.99,0.0559
v1|307052700203|0,JAVIER Y SU CHARAGA PACHECO FAJARDO PUPI LAS TRES FLAUTAS 1980 FANIA SALSA VG+,11.99,0.0559
v1|366531254790|0,45 Taylor Dayne / Cyndi Lauper (2) Album Sleeves No Records - True Colors- Nice!,1.40,0.0559
v1|127965012879|0,"Maria Muldaur I'm a Woman / Cool River Reprise 7"" Black Vinyl 45 RPS 1319",1.60,0.0558
v1|257615093292|0,Harry Chapin Cat's In The Cradle/ What Made America Famous -Vinyl 45 1974,9.99,0.0558
v1|168517794929|0,Journey-I'll Be Alright Without You (Hot Mix)-vinyl-record Columbia 38-06301-NM,5.00,0.0558
v1|188619291078|0,"Cronies - L1V3 S1CK0 L0V3 F3ST 12"" Gray Vinyl Reptilian Records 2023",15.00,0.0558
v1|127966199017|0,UK EMI LP RECORD/OLIVIA NEWTON JOHN/GREATEST HITS/EX+,15.99,0.0558
v1|147426857559|0,Molly Hatchet Flirtin’ With Disaster Vinyl,8.00,0.0558
v1|178298068623|0,Unknown MS Country 45 TOMMY W/ THE SWEET HARMONY SINGERS Sybil Records Obscure,6.99,0.0558
v1|236925807568|0,Jim Reeves 6 Vinyl Records Lot,42.00,0.0558
v1|147429910719|0,"1983 Mary Jane Girls – All Night Long 12"" Single Record Vinyl",17.00,0.0558
v1|198486115800|0,Donny Osmond - The Donny Osmond Album & To You With Love Vinyl LPs,9.99,0.0557
v1|377332142392|0,Elton John 2 LP Goodbye Yellow Brick Road NM-MINT,10.00,0.0557
v1|358774049756|0,"Doris Day Day By Day Pop LP 12"" Black Vinyl Columbia Records CL 942",5.00,0.0557
v1|178298068585|0,BILLY ADAMS Pixie Promo 45 Adam & Eve / Dudley Memphis Rockabilly Sun 005 RARE,9.99,0.0557
v1|227418505722|0,"4 Gene Pitney 1965 45s ""Last Chance"" """"Looking"" ""Princess"" +BIO - Good Condition",9.99,0.0557
v1|227424170398|0,"THE BEATLES ""Rare Beatles"" Compilation LP Vinyl",12.50,0.0557
v1|800315079032|0,"BOBBY HACKETT-COAST CONCERT-CAPITOL  692, JACK TEAGARDEN, 1955",10.98,0.0557
v1|287450363297|0,Al Stewart Lot Of 3 Vinyl LP’s Very Nice Copies Titles In Description,14.95,0.0557
v1|800311317070|0,78 RPM Bluebird 9021 Doctor Clayton Blues Ain’t No Business We Can Do,9.99,0.0557
v1|336679330242|0,jethro tull thick as a brick vinyl,2.50,0.0557
v1|318564733152|0,CAPTAIN & TENNILLE Come In From The Rain SP4700 LP Vinyl Cover Shrink Wrap,12.99,0.0556
v1|366531111487|0,Prince & Revolution-I Would Die 4 U 45rpm 194 Warner 29121,3.00,0.0556
v1|407059904061|0,The Unsinkable Molly Brown - Sound Track   1964 LP Vinyl Record Album   VG / VG,5.00,0.0555
v1|117297184591|0,"Vinyl-10""Lp-Tops.L931-LENA HORNE - NM",9.99,0.0555
v1|158070375315|0,"Harold Melvin & The Blue Notes ""Wake Up Everybody"" Vinyl LP- Promo",9.99,0.0555
v1|327248956856|0,"Ann Jones Too Old To Cut The Mustard I Carry Your Picture Red 7"" 45 LP King Rare",45.00,0.0555
v1|327254515153|0,"Vintage Five Star ""All Fall Down"" Vinyl Single (1985)",3.34,0.0555
v1|318563314487|0,gloria gaynor never can say goodbye,5.00,0.0554
v1|327254423282|0,"Vintage Percy Faith ""Leaving On A Jet Plane"" Vinyl Album (1970)",3.00,0.0554
v1|127965040348|0,Johnny Cash -The Johnny Cash Show -NM/VG+ 1970 UK Outlaw Country CBS S-64089 1ST,4.99,0.0554
v1|188629809603|0,Judy Collins : LP ~ Bread & Roses [Elektra # 7E-1076 / 1976] - NM,4.00,0.0554
v1|168524211418|0,The Outfield Play Deep Vinyl LP,29.95,0.0554
v1|158074994337|0,Eddy Arnold Turn the World Around RCA Victor LSP-3869 Vinyl LP Country Dynagroo…,5.00,0.0553
v1|278169668722|0,RICKY SKAGGS- WAITIN FOR THE SUN - LP (14b),15.00,0.0553
v1|168525949391|0,"BOBBY BLOOM-MONTEGO BAY/TRY A LITLE HARDER-45 RPM-7""-REGGAE-L&R RECORDS  157-NM",4.99,0.0552
v1|377323244609|0,45 Record HELEN TROY A KISS IN THE DARK/I GET THE BLUES WHEN IT RAINS VITO Vinyl,7.77,0.0552
v1|188530666858|0,Elvis Presley - 1973 RCA APL1-0283 LP Vinyl Record - EX,1.25,0.0552
v1|206396410942|0,Tchaikovsky Nine Choruses Vinyl Record,2.38,0.0552
v1|398156514072|0,"Bob Seger & The Silver Bullet Band-Stranger in Town, 1978, SW11698, Classic Rock",37.00,0.0552
v1|178295257659|0,"The New Christy Minstrels - ""Green, Green"" - 45 RPM",1.00,0.0552
v1|307044650744|0,Vintage LP: Fiorentino plays Liszt Annés de Pelerinage: Premier Année-Suisse ,6.00,0.0551
v1|147426856440|0,Aerosmith Toys In The Attic Vinyl,10.00,0.0551
v1|168523118887|0,CHARLIE McCOY & THE ESCORTS I'm Ready RARE Mod Popcorn Soul 45 PROMO HEAR,15.00,0.0551
v1|287450234152|0,GOLDEN GOODIES VOL. 13 - LP - INSTRUMENTAL  LP BOX-1,7.00,0.0551
v1|158058617252|0,"Palestrina*, Pro Cantione Antiqua, Bruno Turner ‎– Pope Marcellus Mass, Stabat M",25.00,0.0550
v1|137487549415|0,Chuck Girard Written On The Wind lp + Bonus,7.99,0.0550
v1|236920567579|0,LONDON TOWNE HOUSE Syncopate 1988 BRASS CONSTRUCTION KYM MAZELLE HOUSE ENGINEERS,4.00,0.0550
v1|127965065526|0,"Moe Bandy A Four Letter Fool Columbia 7"" Black Vinyl 45 RPM Stereo 3-10487",2.00,0.0550
v1|127964971457|0,"Starship It's Not Over / Babylon RCA 7"" Black Vinyl 45 RPM Stereo Promo 5225-7-G",5.20,0.0550
v1|307044649805|0,Vintage LP:Sviatoslav Richter plays Liszt concertos 1 & 2 with London Symphony,6.00,0.0550
v1|366531207506|0,Neil Young-Landing On Water VINYL 1986 Geffen GHS-24109 Columbia House item,11.50,0.0549
v1|307051145797|0,Pretenders 45RPM “Brass In Pocket/Space Invaders” 1980 Classic Rock 7” Vinyl,3.00,0.0549
v1|198487884384|0,The Four Aces – Beyond The Blue Horizon - VINYL RECORD,5.00,0.0549
v1|800310876981|0,"LOT OF (49) 45 RPM RECORDS GARAGE,PSYCH,ROCKABILLY,SURF 1950'S-70S",20.50,0.0549
v1|257614496450|0,Labelle Nightbirds LP Vinyl Record Album,4.56,0.0549
v1|137486132536|0,LOBO - Don't Expect Me To Be Your Friend / A Big Red Kite 45rpm,6.25,0.0549
v1|147427390151|0,JAMES CAGNEY - Yankee Doodle Boy/Over There - VG+,3.00,0.0549
v1|398155542441|0,"THE ROLLING STONES,SOME GIRLS, VG+ VINYL, 1978, IN SHRINK WITH HYPE STICKER",39.99,0.0548
v1|318561025413|0,Music Box Vinyl Record,8.00,0.0548
v1|158058617247|0,"George Perle - Richard Goode, Music Today Ensemble, Gerard Schwarz ‎– Serenade N",18.00,0.0548
v1|398162904866|0,First Pressings CAT STEVENS  Catch Bull at Four and The Teaser and the Firecat,20.00,0.0548
v1|267721748721|0,"THE FOX BROTHERS.....""JESUS WAS A COUNTRY MAN""......RARE HTF GOSPEL ALBUM 1980",9.95,0.0548
v1|147427239760|0,CARLY SIMON NO SECRETS (VG) EKS-75049 LP VINYL RECORD,4.99,0.0548
v1|407059917252|0,The Chimes S/T  Made in UK 466481-1 ~ I Still Haven't Found What I'm Looking For,4.99,0.0548
v1|178288325717|0,"PATTON 1970 Jerry Goldsmith Movie  Soundtrack  12"" 20th Century Fox LP S4208 ",6.95,0.0547
v1|366525714938|0,Walt Disney's Snow White and the Seven Dwarfs PICTURE DISC Vinyl  Record VG+  C,14.00,0.0547
v1|147427376375|0,"ELVIS PRESLEY HE WALKS BESIDE ME 12"" LP VG+ VINYL RECORD RCA 1978",7.00,0.0547
v1|407061541249|0,"Vintage 7"" Flexible Thin Vinyl 33 1/3 Record Bird Songs VF Condition 1970",6.99,0.0547
v1|327248793915|0,GRUPO AMAYA - Cumbia Universal / Sombras - CUMBIA GAITA SONIDERO 45,7.99,0.0547
v1|336680652864|0,Vintage 1959 The Sound of Music Original Broadway Cast LP Vinyl Record,7.50,0.0546
v1|198488058340|0,Marvin Gaye Album Live,4.00,0.0546
v1|227424393663|0,"Bonnie Tyler Total Eclipse of the Heart 1983 7"" vinyl 45 single Record",6.99,0.0545
v1|267718879958|0,Jimmy Smith 24 Karat Hits vinyl record album,14.99,0.0545
v1|298491972657|0,Orginal Sound Track GYPSY -Mervyn Leroy Production Lp Album,4.99,0.0545
v1|127966572856|0,Greetings from Sweden - The Swedish Sunshine Singers. 1962 Scandia Recordings LP,12.50,0.0545
v1|178297079626|0,vinyl record album Bob and Doug McKenzie comedy- Great White North,15.99,0.0545
v1|307044649790|0,Vintage LP of Beverly Sills and others singing highlights from La Traviata,6.00,0.0545
v1|377329698872|0,Ted Nugent Scream Dream Vinyl LP Record FE-36404 1980 promotional ,15.00,0.0545
v1|227423306447|0,FAITH HOPE & CHARITY - SELF TITLED - VINTAGE VINYL LP RCA VICTOR APL1-1100,4.99,0.0544
v1|147427224254|0,In a Very Spanish Mood Marvin Hamlisch Howard Liebling 10 acetate Brill Building,20.00,0.0544
v1|298491985603|0,"1985-MICK JAGGER , ""JUST ANOTHER NIGHT"",  7"" COLUMBIA RECORD , ROCK, GLAM ROCK",0.99,0.0544
v1|327256578233|0,The Steve Miller Band. Sailor Vinyl Lp,3.99,0.0544
v1|327254727328|0,Hæthen – Shaped By Aeolian Winds LP 2015 Fallen Empire – FE-17 [WHITE],24.99,0.0543
v1|267721792575|0,"FREDDIE AND THE DREAMERS I'M TELLING YOU NOW 7"" 45 rpm RECORD TOWER 125",2.00,0.0543
v1|398156455447|0,Elton John - A Single Man 33rpm LP Vintage 1978 Rock,50.00,0.0542
v1|298497265141|0,THE GUESS WHO LP Road Food Quadradisc Record Album 1974 Vintage  4 Channel,13.25,0.0542
v1|127968627852|0,NEIL YOUNG Everybody's Rockin' 1983 NM/EX Geffen GHS 4013,14.00,0.0542
v1|327253185262|0,"THE BEATLES abbey road, nm audiophile lp on MOBILE FIDELITY 1979 Japan",99.95,0.0541
v1|398157121396|0,"Real Life – Catch Me I'm Falling - 1984 - MCA Records MCA-52362 7"" Single VG+/VG",8.00,0.0541
v1|278169303487|0,"Ohio Express-Chewy,Chewy LP  AUTOGRAPHED by Keyboardist/Vocalist Buddy Bengert",14.99,0.0541
v1|147430958763|0,"HOMER & JETHRO / OOH, THAT’S CORNY / COMEDY LP / RCA VICTOR LPM 2743",1.99,0.0540
v1|137499463261|0,LUKE BRYAN   LP #1's Volume 2 CAPITOL 0243590832  Orange Excellent Condition,12.99,0.0540
v1|178298122003|0,Vintage Vinyl Records Lot,25.00,0.0540
v1|267724220170|0,"The Carpenters MERRY CHRISTMAS, DARLING ; Bless The Beasts & Children Sheets Mus",17.09,0.0540
v1|407052602010|0,"variety of tchaikovsky,mozart.strauss,taylor.stravinsky records",30.00,0.0540
v1|257617392326|0,Rolling Stones Let It Bleed Vinyl LP Mono 1969 with Poster,45.00,0.0539
v1|206404140031|0,Twenty One Pilots Vessel 10th Anniversary 2LP White Vinyl Limited Deluxe Box,400.00,0.0539
v1|158075851372|0,"David Grant Stop and Go 12"" single vinyl record",2.00,0.0539
v1|227418289890|0,LORETTA LYNN COLLECTORS Record For Decoration 6x6,10.00,0.0539
v1|318560918554|0,GEORGE CARLIN LP Album-Occupation: Foole,4.99,0.0539
v1|278159762592|0,"Dinah Washington ""Unforgettable""  Record Albums Mercury MG 20572",5.00,0.0539
v1|298493429110|0,"The Arrows  45      ""Blue's Theme/Bongo Party""     1966     NM",17.00,0.0538
v1|188619753754|0,"Nat ""King"" Cole Love Is the Thing LP Vinyl Capitol Records Stereo Cardboard",17.00,0.0538
v1|278169464895|0,GOUNOD Faust-Highlights & Pachelbele/Canon/Albinoni/Adagio 12 In LPs,10.00,0.0538
v1|257613303120|0,Saturday Night Live Vinyl Record 1976 NBC Comedy Promo Copy! Original Cast,15.00,0.0538
v1|267719484404|0,"Village People – Y.M.C.A./The Women 7"" Vinyl Single Record (Casablanca #NB 945)",13.99,0.0538
v1|407060018927|0,Teddy Pendergrass - Love Language Vinyl in the shrink 1984 record vintage vinyl ,3.00,0.0538
v1|147429719324|0,Disney Mousekedances & Blue Tail Fly 45,14.99,0.0538
v1|198478252443|0,Elvis Costello- My Aim Is True- Stiff Records SEEZ 3- Orig Press from Portugal,14.99,0.0538
v1|127965056003|0,"Bill Anderson Head to Toe / Love Song for Jackie MCA 7"" Black Vinyl 45 MCA-40173",1.20,0.0538
v1|398155976537|0,Allman Brothers Fantastic Original Hits LP Vinyl Record K-tel Rock 1970s,50.00,0.0538
v1|307052419568|0,The Monterey Brass – Standing Room Only - Vinyl LP - Diplomat (DS 2406) VG!,1.75,0.0537
v1|127965127821|0,"Aerosmith Draw the Line / Bright, Light, Fright Columbia 7"" 45 Stereo 3-10637",3.94,0.0537
v1|198488188068|0,HOLIDAY IN ITALY DOMINIC VALENTE VINYL RECORD,4.55,0.0537
v1|287449623338|0,The Beatles 1962-1966 Vintage Vinyl 2LP 1973 Apple Record SKBO-3403,35.00,0.0536
v1|127964957377|0,KISS Creatures Of The Night Non-Make Up Vinyl Record Cassette And CD,124.99,0.0536
v1|257614000672|0,"Louis Armstrong And His All Stars Plays Fats -  LP record, CJ 40378 EX",3.00,0.0536
v1|407061278479|0,Earl Klugh - Soda Fountain Shuffle   1985 LP Vinyl Record Album   VG / VG Jojo's,5.00,0.0536
v1|366522331380|0,1975 Eletra Records LP  Queen  A Night At The Opera  7E-1053,20.00,0.0536
v1|227422997973|0,Paul McCartney Ram Mono Vinyl LP Rare 2012 Beatles,149.99,0.0536
v1|178286313440|0,Robyn Hitchcock The Man Who Invented Himself Single,10.00,0.0536
v1|267722573401|0,**Vintage** Dionne Warwick's Golden Hits Part One Vinyl LP Stereo SPS-565,2.99,0.0536
v1|327254238618|0,Record Album Picture Insert Eric Clapton,15.99,0.0535
v1|137488157829|0,Sweet Comfort Band Hold On Tight lp Bryan Duncan Randy Thomas + Bonus,6.99,0.0535
v1|287448400019|0,"Edmundo Ros & His Orchestra, Dance Again, (LP, Album)",6.99,0.0535
v1|398155542439|0,"2 VG+ VINAL LP,S, JOE WALSH, THE BEST OF, BUT SERIOUS FOLKS",35.00,0.0535
v1|178302641151|0,CHICAGO - Chicago X COLUMBIA RECORDS LP VG+ gatefold with lyric sheet insert,1.00,0.0535
v1|307050846137|0,Funk & Wagnall Family Library Of Great Music LP Mozart #3 FW 303 F&W 1976,9.33,0.0535
v1|236927694121|0,Simon and Garfunkel Bridge Over Troubled Water Vinyl LP Record Columbia Records,10.00,0.0535
v1|147425573020|0,"Elvis Presley You'll Never Walk Alone Camden CAS-2472 12"" Black Stereo LP",1.75,0.0534
v1|407060021303|0,Camelot The Musical soundtrack record KOS 2031 Vintage Record Broadway Show ,3.00,0.0534
v1|158068261232|0,"“This Train”, “Lazy River”, Roberta Sherwood",2.00,0.0534
v1|398167897939|0,O V WRIGHT Memphis Unlimited BACK BEAT Funk Deep Soul | R&B  | Shrink | LP HEAR,10.50,0.0534
v1|117288178013|0,Peter Frampton – Frampton (1st press) A&M Records SP-4512,12.99,0.0534
v1|137497189152|0,"""Love Poems of John Donne"" - read by Richard Burton - SEALED",7.50,0.0534
v1|227423077863|0,Dick Gregory – The Light Side: The Dark Side 2xLP PYS60001 Vinyl 1969 Comedy EX!,8.00,0.0534
v1|407060001274|0,"The Doors Morrison Hotel LP 12"" 33 RPM Black Vinyl Elektra Sleeve Rock",20.00,0.0533
v1|307051025594|0,Crowded House 45RPM “Better Be Home Soon” 1988 80s Pop Rock 7” Vinyl PS NM,4.00,0.0533
v1|206403870579|0,"Hank Aaron LP record, The Life of a Legend, 1974 Fleetwood, Exc",4.09,0.0533
v1|168518641135|0,"Roger Nichols - Let's Ride 7"" VG+ 946 Vinyl 45 Promo 1968",9.99,0.0533
v1|168524115091|0,2 Dan Hicks And His Hot Licks Vinyl Record Lps,4.45,0.0533
v1|188618639666|0,"LISA LISA & CULT JAM on LP  single "" LET THE BEAT HIT THEM "" electronic house",6.50,0.0533
v1|206406095634|0,Shad Weathersby Light Outside That Door LP Vinyl Album Record Rock NEW SEALED,7.50,0.0533
v1|267722287850|0,"Kenny Loggins ""Keep The Fire"" vinyl - 1979",5.00,0.0532
v1|407060714962|0,"Black Box - I Don't Know Anybody Else (12"") (Very Good) by",1.49,0.0532
v1|147425704052|0,"Greatest Hits UK LP Parrot FAS 71010 VG+ Moody Blues, Tom Jones, Zombies VG/VG+",14.99,0.0532
v1|236927971919|0,Neil Young  Gatefold RS6317 RE MIX VG+ ,45.00,0.0532
v1|298493849972|0,Les Elgart   Larry Elgart     22- LP's   NM or as Described    CHOOSE Any 5 LP's,22.00,0.0532
v1|398156622316|0,Konrad Ragossnig & Walter Feybli Music For 2 Guitar Vinyl ,5.00,0.0531
v1|206409325083|0,LP  THE COUNTRY BLUES  HOMESICK JAMES   VG+  VINYL BOB 10000 STEREO,22.48,0.0531
v1|198487886334|0,VINTAGE 1975 Danny Davis Nashville Brass Dream Country Vinyl LP Record,4.50,0.0531
v1|117293716811|0,Mercury SR 90235 stereo LISZT/ ENESCO Antal Dorati LSO lp ED1 color back RFR2/2,7.00,0.0531
v1|307045542281|0,Johnny Winter LP First Winter BDS 7513 Stereo Vinyl Record,53.77,0.0530
v1|398155542467|0,"THE ROLLING STONES, HIGH TIDE AND GREEN GRASS, MINT 1976 JAPANESE VINYL IMPORT",45.00,0.0530
v1|127965044760|0,"Columbia Bobby Bare Love Is A Cold Wind 7"" Black Vinyl 45 Stereo 3-10891",3.17,0.0530
v1|307044679296|0,Jackson Browne 45RPM “Doctor My Eyes” 1972 70s Classic Rock 7” w/ Jukebox Strip,3.00,0.0530
v1|366531148023|0,CHICKEN SHACK THE COLLECTORIES SERIES DBL LP,40.00,0.0530
v1|188619356517|0,DAVID. UND IGOR OISTRACH DGG SLPM 138714 Germany LP  Tulip label 1970 NM! ,11.99,0.0530
v1|158071019874|0,THE BUCKINGHAMS SAMPLE RECORD,5.00,0.0530
v1|188618713160|0,"MOODY BLUES ""Seventh Sojourn"" MFSL MOFI Vinyl LP Mobile Fidelity NM? (1) SCRATCH",29.95,0.0530
v1|307051046329|0,Bob Welch-French Kiss 1977 First Edition Vinyl LP Pop Rock Tested Record VG+/VG,2.99,0.0530
v1|298491970948|0,5 RASBERRIES 45RPM-Go all the Way/Every Way I Can/Go All the Way/Eric Carmen,4.99,0.0529
v1|147427080777|0,kbc band vinyl ,0.99,0.0529
v1|188619175224|0,Holly Near “Imagine My Surprise!” Redwood Records Folk Vinyl LP,11.98,0.0529
v1|227423057788|0,Scarce: Promo Frank Sinatra Learnin’ the Blues/If I Had Three Wishes 1955,5.99,0.0529
v1|358762417713|0,Bach Brandenburgische Konzerte.  Vinyl LP.,2.95,0.0529
v1|336674897233|0,"OLIVIA NEWTON-JOHN HOPELESSLY DEVOTED TO YOU 12"" CIRCUT & CLUB MIX RARE VINYL LP",99.00,0.0529
v1|358783962857|0,Ramsey Lewis Sun Goddess Vinyl LP 1974 Columbia ,2.25,0.0528
v1|257614547474|0,Sentimental Journey 30s & 40s 2 LPs PRS-356 RCA,10.40,0.0528
v1|407059496385|0,El Gran Combo – ¡Erupcion! Lp Vinyl * Combo RECORDS ,30.00,0.0528
v1|178297758537|0,"The Partridge Family ""Shopping Bag"" 1972 LP, BELL 6072",9.50,0.0528
v1|198486333625|0,Paul Winter Sun Singer Vinyl / EX,1.99,0.0528
v1|366531411555|0,Lot Of 8 Time Life Big Bands Half Speed Mastered 2LP Box Sets FANTASTIC BANDS!!,20.00,0.0528
v1|158070664912|0,"Vintage Vangelis, Spiral, Vinyl LP, 1977, EX",7.99,0.0527
v1|158070664912|0,"Vintage Vangelis, Spiral, Vinyl LP, 1977, EX",7.99,0.0527
v1|158075209447|0,Ricky Nelson EP Someday IMP-156 COVER ONLY VG+,6.00,0.0527
v1|307044640795|0,"University Of North Dakota Choral Union “Brahms Requiem” 1963 Vinyl = VG+ 12"" LP",3.00,0.0526
v1|398167955754|0,FUNKADELIC Hardcore Jollies WARNER Funk | Shrink | LP HEAR,12.50,0.0526
v1|278167357064|0,JOHN LENNON PLASTIC ONO BAND COLD TURKEY APPLE 1813 45 PS Beatles Thumb Tab,49.99,0.0526
v1|178295836569|0,"The Association - ""Insight Out"" - LP, Gold Label",1.00,0.0526
v1|358776811499|0,Brother Jack Mcduff Vinyl Album On With It Ex,30.00,0.0525
v1|307052626512|0,Led Zeppelin III 1970 Vinyl LP With Working Wheel Cover Atlantic SD 7201,95.00,0.0525
v1|398157151981|0,"The Human League – Open Your Heart - 12"" Vinyl Single - New Wave / Rock",8.00,0.0525
v1|147426830254|0,"""NILSSON""  1971  SCHMILSSON  LP W/▪︎POSTER▪︎  SOFT POP  JUMP INTO THE FIRE  RCA",9.99,0.0525
v1|117288029109|0,Lindisfarne. LP. Fog On The Tyne. 1972 Elektra EKS-75021,9.95,0.0525
v1|298492173592|0,lp records pre owned,33.50,0.0525
v1|147426909817|0,Like New LP Linda Ronstadt Living In The USA  Stereo Vinyl Asylum 1978  6E-155,45.00,0.0524
v1|117298691741|0,Iron Maiden: Maiden England 88'  picture LP,27.00,0.0524
v1|227422247347|0,PAT ROBERTSON 2 LP SET MY PRAYER FOR YOU - VINYL LP HOUSE TOP RECORDS  NEAR MINT,2.99,0.0524
v1|307052658227|0,707 Mega Force Boardwalk Records 1982 Vinyl Promotional Copy VG Soundtrack Hit,4.95,0.0524
v1|127966169987|0,b j thomas 33 rpm record gatefold most of all/very good,3.49,0.0524
v1|236927677547|0,Vam Morrison Into The Music LP 1979 Inner Lyric Sleeve Shrink,8.00,0.0524
v1|206404805052|0,ELVIS PRESLEY  It's Now Or Never / A Mess Of Blues 45 with PicSleeve. Must L@@K,9.99,0.0523
v1|206404226590|0,"JETHRO TULL Stormwatch VINYL LP 1979 Chrysalis CHR-1238, Cover VG+/Album VG++",5.99,0.0523
v1|188619731653|0,"Scissor Sisters Fire With Fire 12"" Single Red Colored Vinyl Polydor Electronic",30.00,0.0523
v1|358763591359|0,Paul Simon - One-Trick Pony w/Late In the Evening 1980 CANADA WB XHS 3472 NM/VG+,8.00,0.0523
v1|307044711911|0,"Cowboy Copas “A Satisfied Mind” Stereo Vinyl = VG:VG+ 12"" LP Record Country,Folk",2.50,0.0523
v1|137486669810|0,Evie Mirror lp Gatefold Word WSB-8735 1976 + Bonus,6.99,0.0522
v1|377336507464|0,Death Row Records 2Pac 2 of Amerikaz most Wanted feat. Snoop Doggy Rap & Hip-Hop,16.66,0.0522
v1|127960676951|0,"Simon & Garfunkel-Parsley,Sage,Rosemary and Thyme, Columbia 9363, NM/VG+",10.99,0.0522
v1|336680563606|0,Bleacher Boys Sweetness ( Payton ) / Michael J ( Michael Jordan ) 1984 45rpm rec,15.00,0.0522
v1|178298246798|0,AEROSMITH-ROCKS-1976 VINYL LP W/ ORIG INNER SLEEVE-SEE FINYL VINYL DEMO,7.99,0.0522
v1|358777195534|0,Sonny Stitt Vinyl Album Lot ForSonny Stitt LPs VG+,50.00,0.0521
v1|147426859913|0,The Sound Of Christmas Vol. 2 Vinyl,8.00,0.0521
v1|236927586657|0,Seger Ellis Choirs Of Brass 1937,19.95,0.0521
v1|398155550348|0,"4 VG+ VINYL LP'S, PAUL MCCARTNEY, SEE TITLES, FIRST PRESSINGS",50.00,0.0521
v1|287449826162|0,"Casablanca Records Mac Davis It's Hard To Be Humble LP Vinyl 12"" Country",10.00,0.0521
v1|227423075901|0,Captain & Tennille – Song Of Joy LP SP-4570 Vinyl Gatefold 1976 Muskrat Love VG+,2.99,0.0521
v1|318520095012|0,Bee Gees – Bee Gees Greatest - US 2LP Multi-Gatefold + OIS' 1975,6.50,0.0520
v1|267719034824|0,"33 RPM Record/Vinyl ""Stoned Soul Picnic"" by The 5th Dimension",3.00,0.0520
v1|137499421994|0,FLEETWOOD MAC MYSTERY TO ME (ROCKTOBER) (OCEAN-BLUE VINYL)  VINYL Rhino,29.00,0.0520
v1|366531057282|0,The Three Billy-Goats Gruff & The Gingerbread Man (Vinyl 33 1/3 rpm) Scholastic,2.99,0.0520
v1|127966614144|0,chitty chitty bang bang song and poicture book/very good minus,4.95,0.0520
v1|366536415495|0,EMI 1C 197-53 776/79 BRAHMS COMPLETE SYMPHONIES Giulini 4LP 1980 NM,6.99,0.0520
v1|287449633825|0,ROD STEWART SMILER VINYL LP VG,10.99,0.0520
v1|137496710538|0,"Slim Dusty The Pub With No Beer/Walkin' On My Way PROMO Record 7"" Vinyl 45rpm",6.00,0.0519
v1|178295867775|0,Village People YMCA Macho Man 12” Vinyl Single 1978 Casablanca NBD 20144 VG+,1.25,0.0519
v1|407059852345|0,Anne Murray - Love Song ~ Made in Canada R-134121 ~ Factory Sealed,8.99,0.0519
v1|318560617814|0,"Steppenwolf The Second LP MCA Records 12"" 33 RPM ST-91575 Vinyl Rock Stereo LP",6.00,0.0519
v1|168518340440|0," SEALED Dr. York - Someone's Been Sleeping In My Bed YRC-786-56 12"" OH YES SOUL",5.99,0.0519
v1|188619374785|0,Sticks McGhee 45 Drinkin' Wine Spo-Dee-O-Dee Atlantic 1949 Blues R&B 1972 Reissu,50.00,0.0519
v1|336679235184|0,Mystikal Vinyl album bundle.  ,13.99,0.0518
v1|267719030588|0,THE MIGHTY WAH! A Word to the Wise Guy UK ’84 Rock w/ Comic Book 2x Vinyl LP,12.99,0.0518
v1|198487886039|0,Ray Eberle Plays Glenn Miller Favorites TOPS LP L-1573,4.50,0.0518
v1|257617726330|0,"""'SEASONS IN THE SUN' (1974) OOP ORIG. REL. 1ST ED. VINYL 45 RPM SINGLE""",30.00,0.0518
v1|307055364857|0,The Babys “Broken Heart” LP/Chrysalis CHR 1150 Vinyl Record 1977,4.99,0.0517
v1|377330263279|0,IAN  MATTHEWS ~ STEALIN HOME   BLUE  VINYL  MUSHROOM  LABEL  MRS-5012 LP,12.95,0.0517
v1|307052624559|0,Van Cliburn/Kondrashin TCHAIKOVSKY Concerto No.1 - RCA,2.00,0.0517
v1|158070216241|0,LP BOX-11 RECORDS: JANIS-SIEGEL-1  LP,5.00,0.0517
v1|236926061346|0,"Yvonne Elliman, Love Me Record NRMT, RSO Records",10.00,0.0516
v1|307055132785|0,Jay Z The Hits Collection Volume One 3 LP Set Vinyl Shrink  12 Pg Booklet VG+++,174.99,0.0516
v1|158070368024|0,"THE FREE-MEN Eleanor Rigby / Colin MGM K14093 (1969) 45rpm PROMO, NM",20.00,0.0516
v1|407059770058|0,Dionne Warwick - Very Dionne ~Vinyl Made in Germany SHA-S 409~,4.99,0.0516
v1|188621304216|0,Elvis Presley For LP Fans Only RCA Victor MONO Vinyl LP Album from 1965 VG+ Cond,300.00,0.0516
v1|137499537134|0,Def Leppard Euphoria World Tour Final Night Live Vinyl Double LP Record,80.00,0.0516
v1|307052199278|0,Van Cliburn Rachmaninoff Paganini Liszt Concerto RCA Red Seal LP 1971,3.06,0.0516
v1|366531256381|0,"45 Survivor / Starship (2) Album Covers No Record - First Night, It's Not Enough",1.50,0.0515
v1|137499334274|0,Johnny Cash - Original Golden Hits Volume I - 1969 Sun Records Vinyl LP Record,16.00,0.0515
v1|267721997579|0,Ella Fitzgerald & Billie Holiday - At Newport Original 1958 Vinyl LP,70.00,0.0514
v1|178295363994|0,Donna Summer~Can't We Just Sit Down (And Talk It Over)/I Feel Love (Casablanca),1.60,0.0514
v1|168524147506|0,Fleetwood Mac Yellow Black Sin City 77 Live Rock Double LP Vinyl Record 12,10.50,0.0514
v1|366531198188|0,THE MOODY BLUES Long Distance Voyager GERMAN LP 1981 THERSHOLD Audiophile TELDEC,15.00,0.0514
v1|307044517415|0,"Sheena Easton “You Could Have Been With Me” Vinyl = VG+ 12"" LP Record Rock, Pop",3.00,0.0514
v1|287453658938|0,"Santana Abraxas Vinyl LP Columbia Records 1970 Gatefold, KC30130",3.00,0.0513
v1|298492303276|0,"The Palms - The Holy City, Victor 16408, Gospel 78, 1928",29.99,0.0513
v1|117293715615|0,Wagner Tristan Und Isolde Tannhauser Dorati Mercury Living Presence SR90234 VG+,5.99,0.0513
v1|336675000539|0,CSN&Y Deja Vu 1973 Presswell reissue. Faux leather sleeve.  VG+ Great copy!!!!,12.99,0.0513
v1|178295437864|0,Jackson Browne - Running On Empty Vinyl LP [1977] 6E-113,9.99,0.0513
v1|147425884291|0,"Jimmy Castor Bunch ""Bertha Butt Boogie"" UK Press 45 Record 7"" K 10554",9.99,0.0512
v1|147427356447|0,AEROSMITH - (4) 45s - VG+,6.75,0.0512
v1|147427353807|0,AEROSMITH - (2) 45s - VG+,4.00,0.0512
v1|398156001008|0,The Big Chill (Original Motion Picture Soundtrack) by Various Motown,12.00,0.0512
v1|278169993549|0,PAT BOONE - PAT'S GREAT HITAS - LP (X1),3.00,0.0511
v1|407061194622|0,"AL COHN QUINTET FEATURING BOB BROOKMEYER-MCA 510 073, MOSE ALLISON 1956",14.98,0.0511
v1|278168770767|0,Bonnie Tyler Faster Than the Speed of Night Vinyl LP,10.00,0.0511
v1|158075863209|0,"Grey and Hanks You Fooled Me 12"" single vinyl record",2.00,0.0511
v1|307051256015|0,Grateful Dead Live 1970 Dead 2-LP Warner Bros 2WS 1830 Double Album Record,21.99,0.0511
v1|267721764583|0,Elvis:1961 Hawaii Benefit Concert Vinyl LP #GA-200 Golden Archives w/Booklet,24.99,0.0511
v1|366532983590|0,"THE BUBBLE PUPPY, INTERNATIONAL ARTISTS LABEL #128 45 RECORD",1.99,0.0511
v1|318564152218|0,THE BEST OF THE STATLER BROS BROTHERS NM in shrink original US vinyl LP,3.00,0.0510
v1|137487643197|0,Randy Stonehill The Sky Is Falling lp Solid Rock 1980 Ultrasonic Clean + Bonus,7.99,0.0510
v1|257613228638|0,Keep Them Cold Icey Fingers Off Me / Sweetheart Mountain Rose    on  CONTRACT,12.95,0.0510
v1|398167928674|0,TYRESE st RCA Orig | 1998 | Hype Sticker | R&B | 2 LP HEAR,9.99,0.0510
v1|147426028706|0,"STEPHEN STILLS ""STEPHEN STILLS"" 180g Classic Records exact reissue 1970 LP MINT",1.99,0.0509
v1|398155406405|0,"78rpm 10"" Columbia 2672 Worst is Yet To Come / JA-DA",9.99,0.0509
v1|307044664743|0,"Juice Newton “Quiet Lies” Vinyl=VG+ 12"" LP Record ST-12210 Rock,Pop,Country Rock",3.00,0.0509
v1|267719658651|0,Procol Harum With The Edmonton Symphony Orchestra – Live LP – 1972 – VG+/EX,8.00,0.0509
v1|318563605886|0,Garth Brooks Live at the Ryman Vinyl LP Record Live Rock Black,25.00,0.0509
v1|318564223406|0,"Jackie Lee  Mirwood 45  ""WOULD YOU BELIEVE""/""YOU'RE EVERYTHING""  LISTEN",8.00,0.0509
v1|206405221163|0,Bruce Springsteen Tunnel Of Love Album / Vinyl ,5.99,0.0509
v1|298497286736|0,"The Headliners, Volume 3  1962  Columbia Record Club GS-11 Vinyl LP ",4.99,0.0508
v1|318564344905|0,"Jefferson Airplane 33RPM ""Flight Log"" 1977 Kendun Pressing With Booklet",43.00,0.0508
v1|267722558630|0,The 5th Dimension – Portrait - 1970 Bell Records – BELL-6045 Vinyl Record LP ,2.99,0.0508
v1|407059889107|0,Billy Joel - An Innocent Man ~ Record Made in Japan 25AP-2660 ~ Two Inserts - E+,9.99,0.0508
v1|198488181783|0,PAUL MARTIN The Roaring 20's Featuring the Banjo of Paul Martin LP,4.11,0.0508
v1|168524207797|0,"Jouney ""Be Good to Yourself"" 12"" Promotional Vinyl Single",11.95,0.0508
v1|298493980771|0,"Dean Martin—I Cant Give You Anything But Love,, vinyl lp..SPC3089",0.99,0.0508
v1|198488035816|0,BOX SET: The Lively Years 120 Greatest Hits of 50s & 60s 10 LP's NM Columbia,2.40,0.0508
v1|407059511071|0,Chino Y Su Conjunto Melao – 100% Bailable* Lp Vinyl * TR RECORDS ,35.00,0.0508
v1|336680398668|0,"JOHN DENVER 7"" Vinyl  45 EVERYDAY /CITY OF NEW ORLEANS,Buddy Holly,Steve Goodman",2.25,0.0508
v1|267721959464|0,BILL MONROE'S COUNTRY MUSIC HALL OF FAME-NM1971LP COMPILATION,15.00,0.0507
v1|358777038762|0,Marvin Gaye Vinyl Album What’s Going On Ex,25.00,0.0507
v1|188621320570|0,Black Sabbath Sabbath Vol. 4 Vinyl LP Album in NM Condition Ozzy Osbourne,125.00,0.0507
v1|158070211533|0,LP BOX-11 RECORDS: DONNA FARGO-2 - LP,5.00,0.0507
v1|158070212112|0,LP BOX-11 RECORDS: DONNA FARGO-1 - LP,5.00,0.0507
v1|298494495246|0,RARE 1947 Columbia Masterworks ML2016 C Lynch THE MINSTREL BOY Folk Record Album,19.95,0.0507
v1|307044650747|0,"Vintage LP: Berenice by Racine, performed by Les Comédiens de la Pléiade. ",6.00,0.0507
v1|117293856835|0,"Rufus, Ft. Chaka Khan – At Midnight Mint- 7"" Vinyl 45 ABC 12239 Funk 1977",4.00,0.0506
v1|137497158217|0,Lawrence Welk Save The Last Dance For Me LP,0.16,0.0506
v1|407059982145|0,TOM JONES Live At Caesar's Palace LP Parrot 1971 Vintage Vinyl Record,3.00,0.0506
v1|267722427530|0,Harry Belafonte / Belafonte LP RCA Record LPM-1150  Vinyl 1956 EX/EX,4.99,0.0506
v1|206398657813|0,Elvis Costello- This Year's Model- Columbia JC 35331-Promo Labels & Timing Strip,19.99,0.0506
v1|178295896596|0,"Columbia LP Record, Johnny Mathis, Portrait of Johnny, Third Greatist Hits VG",1.00,0.0506
v1|147429642216|0,Rolling Stones – Some Girls - 1978 RS Records COC 39108 Vinyl Banned Cover EX!,26.00,0.0506
v1|257613203675|0,R.E.M. - Automatic For The People (25th Anniversary) [VG Vinyl LP] 180 Gram 2017,29.99,0.0505
v1|147430950469|0,"Jethro Tull War Child - Vinyl LP 33RPM - Bungle In The Jungle, Skating Away",1.99,0.0505
v1|236925903435|0,Big Country- Wonderland/Giant pic sleeve 45 on Phonogram UK import,3.99,0.0505
v1|227423076324|0,Cole Porter - Can-Can Original Broadway Cast LP S-452 Vinyl 1953 Gwen Verdon VG+,4.99,0.0505
v1|236920664688|0,Floyd Valentine VJ 113 & Buddy Phillips DeLuxe 6051 - Blues R&B 78rpm,8.99,0.0505
v1|147425845738|0,"The Little Sisters, The Joys Of Love, 1963 Vinyl LP w/intro by Johnny Carson",3.77,0.0505
v1|307044649797|0,Vintage LP: The Sound of Genius. Memorable performances by the world's greatest,6.00,0.0504
v1|318560818347|0,"Lou Monte – Angelique - 1958 - RCA Victor 47-7160 7"" Single VG/Generic",10.00,0.0504
v1|158070424782|0,The Dictators Bloodbrothers LP Record White Label PROMO Asylum 1978 w/ CDR,15.00,0.0504
v1|278172936015|0,BLACKFOOT  STRIKES 1979    VINYL LP,5.00,0.0504
v1|178296005659|0,"Columbia LP Record, The Mormon Tabernacle Choir, The Lords Prayer, VG ",1.50,0.0504
v1|287450395431|0,Duran Duran - Rio  ST-12211 1982 Pressing w/ Inner Lyrics Sleeve! VG+,25.00,0.0504
v1|407059520222|0,La Gran Banda De Venezuela – Sabrosito* Lp Vinyl * Faisan,20.00,0.0504
v1|188619227806|0,Holly Near “Fire In The Rain” Redwood Records Folk Vinyl LP Torf Millington,11.53,0.0504
v1|227423234964|0,Rush 2112 1986 Mercury Records SRM-1-1079 Vinyl/LP,24.99,0.0504
v1|800315079028|0,SUPERSAX PLAYS BIRD-CAPITOL ST 11177,10.98,0.0504
v1|407059899550|0,"Edison Diamond Disc 80687, Madeleine MacGuigan/Double You Hear Me Calling?, 1921",8.99,0.0504
v1|188623118762|0,"ELVIS PRESLEY on LP  "" moody blUES  "" R&R jazz rock",29.99,0.0504
v1|298484766696|0,Conveyor READY NOT READY Vinyl LP Record 2016,10.95,0.0504
v1|227424358521|0,"1955 78 rpm THE CLEFTONES, NEKI HOKEY, CAN'T WE BE SWEETHEARTS, GEE 1016 ROCK E+",29.95,0.0503
v1|188621309063|0,Black Sabbath Paranoid Vinyl LP Album in VG+ Condion Ozzy,200.00,0.0503
v1|147426840959|0,George Thorogood And The Destroyers Vinyl,10.00,0.0503
v1|398155938879|0,Vintage 1970s Assorted Albums 7ct,9.99,0.0503
v1|398155979196|0,"Alphaville Vinyl Lot- Forever Young, Afternoons In Utopia, Singles Collection +",60.00,0.0503
v1|278169798133|0,"Charlie Feathers - Live In Memphis, Tennessee - 1976 Barrelhouse Record Company",15.00,0.0503
v1|307051246789|0,BUDDY GIBSON & VANGARDS 45 JUST A GAME /  SESSION Northern Soul R&B Doowop  VG+,5.99,0.0503
v1|188621638846|0,motley crue vinyl records,25.00,0.0503
v1|287448658627|0,The Magnificents  - Up On The Mountain / Why Did She Go   VEE-JAY   1956  US  78,12.95,0.0502
v1|267721751148|0,Willie Nelson – Without a Song LP • Columbia • VG+/VG+,1.86,0.0502
v1|158070388456|0,MOODY BLUES A Question of Balance THRESHOLD THS3 (1970) LP,4.00,0.0502
v1|287442261085|0,Barbara Streisand Record Albums Lot of 5,19.00,0.0502
v1|188622991296|0,Mother's Finest VINYL LP EX/NM PROMO's White Label 1970's NICE BUNDLE,29.99,0.0502
v1|117292548491|0,PETER PAUL AND MARY.THIS IS PP & M.DOUBLE ALBUM.JAPAN.LYRYC SHEET.,26.00,0.0502
v1|336679142639|0,The Dave Brubeck Quartet LP Gone with the Wind Columbia  6 eye CL 1347 ,7.99,0.0502
v1|158070212060|0,LP BOX-11 RECORDS: CRYSTAL GAYLE - LP,5.00,0.0502
v1|327254811154|0,Linda Rondstadt A Retrospective Vinyl LP Record,10.00,0.0501
v1|358760509516|0,Pat Benatar Vinyl Lp Precious Time  Chrysalis Records 1981  CHR-1346,1.54,0.0501
v1|147425946829|0,"Gene Pitney It Hurts To Be In Love 1964 Musicor pop 1960s MONO 12"" 33 RPM LP VG",6.00,0.0501
v1|227419156328|0,JIMMY SOUL AND THE BELMONTS ON SPIN O RAMA - SEALED,5.99,0.0501
v1|318560444164|0,Crosby Stills & Nash Self-Titled Vinyl LP Record,15.00,0.0501
v1|377336407159|0,"Erykah Badu Bag Lady Vinyl 12"" Promo Single Motown Soul BOTH 20009-1",11.21,0.0501
v1|377331560784|0,ELTON JOHN VINYL LPs Lot of 3 ,5.00,0.0501
v1|227423218296|0,Rolling Stones  - ORIGINAL 1970s 1980s LOT Of 3 LPS,39.00,0.0501
v1|178295746789|0,"Readers Digest LP 6 Record set, Swing Hints 72 Songs VG ",5.00,0.0501
v1|298492058671|0,"1964-VIVALDI: IL CIMENTO DELL' ARMONIA E DELL' INVENZIONE, ALDO REDDITI, 12"" RCA",1.99,0.0500
v1|358776778615|0,"Sidesaddle Saratoga Gap Bluegrass Vinyl Record 1985 Vintage 33 12"" VRF6",30.00,0.0500
v1|278170200801|0,50 of the most loved records Of Your Life Record 1-3 ...3 LP set,9.95,0.0500
v1|358774099251|0,Mercury Childcraft 78 ~ BORIS KARLOFF - PETER AND THE WOLF,19.95,0.0500
v1|800316126850|0,"Bounty Killa – Bruckout TLC Remix – Jamaican Dubplate 7"" – ARROWS Dub Plate –",79.99,0.0500
v1|127968627784|0,The Fabulous Thunderbirds Tuff Enuff 1986 NM/NM Lyric Sleeve Shrink,12.99,0.0500
v1|137499207066|0,Waylon Jennings The Early Years 1988 Vintage Vinyl ,16.00,0.0499
v1|198486141799|0,Status Quo – If You Can't Stand The Heat  - Vinyl Fonogram - MADRID SPAIN 1978,3.40,0.0499
v1|236927115570|0,"Rock-A-Little by Stevie Nicks (Record, 2013)",12.99,0.0499
v1|287448751181|0,"Fleetwood Mac Rumours 12"" Black Vinyl LP Warner Bros. Records 1977 Rock",19.35,0.0499
v1|287448751181|0,"Fleetwood Mac Rumours 12"" Black Vinyl LP Warner Bros. Records 1977 Rock",19.35,0.0499
v1|398155970305|0,"The Brothers Four, The Ventures Another SMASH, Starlight Encores Vinyl Records 3",9.99,0.0499
v1|227423074087|0,"Vintage Set of 6 ""The Purple Puzzle Tree LP Albums Cpmplete With Booklets",45.00,0.0498
v1|206405960672|0,"So Long Astoria by The Ataris (Record, 2015) vinyl CLEAR GREEN",99.00,0.0498
v1|198487562919|0,Taj Mahal Blues LP The Real Thing on Columbia,18.00,0.0498
v1|318564344978|0,ROD MCKUEN SO MY SHEEP MAY SAFELY GRAZE US vinyl LP,3.00,0.0498
v1|127965041371|0,"Ambrosia How Much I Feel / Ready For Camarillo WB 7"" Vinyl 45 WBS 8640",1.60,0.0498
v1|318560559355|0,"Eagles Desperado 12"" Black Vinyl LP 33 RPM Asylum Records Rock Country Rock",10.00,0.0498
v1|257614593760|0,Avengers Two Black Eyes And A Bloody Nose 1997 Bancrupt Records ,80.00,0.0498
v1|267722622093|0,The Isley Brothers - T-Neck LP - 3 + 3 - KZ 32453,7.50,0.0498
v1|127964990160|0,"Marc Anthony Thompson So Fine Warner Bros. 7"" Vinyl Promo 7-29175",5.20,0.0498
v1|117294062759|0,"SALT N PEPA.1988 VINYL 45.SPINDERELLAS NOT A FELLA.EX.W/PICTURE SLEEVE.RAP.7""",3.99,0.0497
v1|267721777569|0,Paul McCartney & Wings Band on the Run LP Vinyl Apple Records Rock 33 RPM TESTED,3.95,0.0497
v1|278157637321|0,IMAGiNE John Lennon Plastic Ono Band The Flux Fiddlers ViNYL ONLY (The Beatles),12.99,0.0497
v1|407060611071|0,Charlie Rich – Behind Closed Doors   1973 LP Vinyl Record Album   VG / VG Jojo's,5.00,0.0496
v1|287450884406|0,Dusty Springfield Wishing & Hoping Vinyl Pickwick Reissue Import,4.85,0.0496
v1|137496691840|0,Eddie Cochran Lot Of 2  45s,7.00,0.0496
v1|267718979255|0,"45 ~The Stray Cats: ""Rock This Town / You Can't Hurry Love"" 1981 EMI (NM-)",6.99,0.0496
v1|236925972926|0,Shadows Of Knight- I'm Gonna' Make You Mine/I'll Make You Sorry Dunwich Records,24.99,0.0496
v1|137482148230|0,Vinyl LP The Beatles  Hey Jude Apple Records SO-385,20.00,0.0496
v1|198488050371|0,"Genesis Tonight Tonight Tonight 12"" Interview Single Vinyl Record LP Prog Classi",0.99,0.0496
v1|267718879128|0,Poco Under the Gun vinyl record album,12.99,0.0496
v1|117287928033|0,WALT DISNEY THE PRINCE AND THE PAUPER VINYL LP DISNEYLAND VG 83-A,5.00,0.0496
v1|307052488573|0,Colette - Colette Reading Selections From Gigi And Cheri - Vinyl LP,10.56,0.0496
v1|398155405651|0,"78rpm 10"" Oxford 4273 Put On Your Old Grey Bonnet - Arthur Clough w/Orchestra",9.99,0.0496
v1|800297679076|0,Glen Yarbrough,25.00,0.0495
v1|267722692510|0,CHARLIE DANIELS BAND NIGHTRIDER VINYL LP KAMA SUTRA ,3.99,0.0495
v1|168525639839|0,"Captain & Tennille Come In From The Rain w/Poster, Inner ULTRASONIC Clean NM",15.99,0.0495
v1|147425730851|0,"Tennessee Ernie Ford Vinyl Records My Favorite Things Music LP Record 12"" Album",7.00,0.0495
v1|158070212147|0,LP BOX-11 RECORDS: HELEN SCHNEIDER-1 - LP,5.00,0.0495
v1|267722576928|0,"Sonny & Cher - Sonny & Cher’s Greatest Hits (1967, Vinyl 2 LP) “I Got You Babe”",6.99,0.0494
v1|137499451064|0,Renowned Pianist Arthur Rubinstein Plays Beethoven and Schumann.,4.16,0.0494
v1|800315417622|0,1962     OLD  RIVERS  -  WALTER  BRENNAN,3.50,0.0494
v1|407060590067|0,Dean Martin – The Door Is Still Open to My Heart   1964 Vinyl Record   VG / VG,5.00,0.0494
v1|307051174969|0,GRACE JONES WARM LEATHERETTE LP VINYL 1986 Reissue - Read description!!!!,7.99,0.0494
v1|206406007303|0,GALINA VISHNEVSKAYA (Self-titled) 1961 Vinyl LP RCA LM-2497 - VG,4.99,0.0494
v1|267721487196|0,Vintage My Fair Lady Original Soundtrack Vinyl Record LP 360 Sound Columbia 1964,0.01,0.0494
v1|198488055504|0,Eagles Their Greatest Hits 1971-1975 LP Vinyl Elektra/Asylum Rock 1970s Album,10.00,0.0494
v1|298497287634|0,"CAROL LYNN TOWNES - BELIEVE IN THE BEAT 12"" Vinyl Single Record 1984",5.99,0.0494
v1|168525710548|0,Frank Sinatra This Is Sinatra 1956 Mono Vinyl LP T-768 VG/VG+ Ultrasonic Clean,9.99,0.0494
v1|168525494993|0,DANCING IN THE DARK CARMEN CAVALLARO DECCA 1STPRESSING '1958'  VINTAGE VINYL LP!,11.00,0.0494
v1|327248735488|0,"RAY CARRENO - Cumbia Bajo La Lluvia/Por Ahi, Por Ahi,  Suavecito",7.99,0.0494
v1|257613946619|0,Jimi Herdrix Expreience LP Smash Hits Stereo,8.00,0.0494
v1|267721719663|0,"Crystal Gayle LP, Vinyl, Record Album",5.25,0.0493
v1|327257115225|0,Carly Simon “Have You Seen Me Lately” (1990) Original Vinyl Album AL-8650 LP,10.00,0.0493
v1|158070213586|0,LP BOX-11 RECORDS: PETULA CLARK-4 LP,5.00,0.0493
v1|158070212858|0,LP BOX-11 RECORDS: PETULA CLARK-3 LP,5.00,0.0493
v1|206406014459|0,RCA Victor LCT-1003 Treasury of Immortal Performances Caruso Farrar Opera LP,0.99,0.0493
v1|257613863060|0,"VINTAGE VINYL CLASSIC NEIL DIAMOND ""MOODS"" SONG SUNG BLUE!!!! & PLAY ME",24.95,0.0493
v1|398146420661|0,"D.I. ""Team Goon"" Adolescents Triple X Records LP 1986",49.99,0.0493
v1|358776959738|0,HANDEL Messiah - Joan Sutherland - LONDON OSA-1396 - Sterophonic 3LP BOX,0.99,0.0493
v1|137498950048|0,Al Dimeola - Elegant Gypsy- 1977 PC 34461 Vinyl Record LP,18.00,0.0493
v1|307045811294|0,"Guadalajara Brass “Guadalajara Brass” Stereo Vinyl = VG+ 12"" LP Record CXS-269",2.50,0.0492
v1|267722522698|0,"Ric Ocasek Beatitude Vinyl LP Record 12"" Cardboard Sleeve Vinyl Album",4.49,0.0492
v1|336674973200|0,"Donna Summer -  ""Cat's Without Claws"" Vinyl LP (1984) Geffen GHS 24040",4.95,0.0492
v1|307044744870|0,"Genesis 45RPM “Abacab” 1981 90s Pop Rock 7” UK Vinyl, Picture Sleeve",3.00,0.0492
v1|198488057989|0,"Genesis 45RPM “Abacab” 1981 90s Pop Rock 7” UK Vinyl, Picture Sleeve",0.99,0.0492
v1|267722476794|0,Woody Herman - Woody Herman and His Woodchoppers Columbia Set C-121 1947,1.93,0.0492
v1|298493711801|0,Gene Krupa His Orchestra & Anita O'day Feat. Roy Eldridge 1974CBS 2LP-KG-32663,14.99,0.0492
v1|398155550324|0,"LED ZEPPELIN III, VG+ VINYL, SEE DESCRIPTION",39.99,0.0492
v1|257613310976|0,Vtg Jimi Hendrix Experience Electric Ladyland 2 Vinyl LP Set-MCA 1997-Sealed,12.99,0.0492
v1|307050793914|0,Dave And Ansil Collins 45RPM “Double Barrel” 1970 70s Reggae Hit 7” Vinyl CLEAN!,3.95,0.0492
v1|147425831272|0,"Beach Boys '69: The Beach Boys Live In London Vinyl, LP 1976 Capitol ST-11584 EX",12.00,0.0492
v1|257614000676|0,"DORIS DAY 10"" LP COLUMBIA CL6168  LULLABY OF BROADWAY  1951 VG+",1.99,0.0491
v1|188619224920|0,"Holly Near & Ronnie Gilbert “Lifeline” Redwood 1983 Live Folk 12"" 33RPM LP",8.98,0.0491
v1|267722531277|0,"Soul Star-vue 45 The Teques ""IF I COULD ""  listen",10.00,0.0491
v1|318516662214|0,Procol Harum - The Best Of Procol Harum - US LP Gatefold 1972,4.99,0.0491
v1|158075872539|0,"Harold Melvin Prayin' and Your Love is Taking Me on a Journey 12"" single record",3.00,0.0491
v1|318564223399|0,"Sig Sakowicz Mishawaka 45 ""POLISH BASEBALL PLAYE""  ""TRUE TO THE RED WHITE & BLUE",10.00,0.0490
v1|188621697448|0,Ozzy vinyl records,15.00,0.0490
v1|407059792086|0,the Seekers - A World of Our Own ~ Record made in UK SX-1722 - VG+,6.99,0.0490
v1|267718881715|0,Horselips Short Stories Tall Tales vinyl record album,14.99,0.0490
v1|287450101324|0,LP. Les Preludes /Tasso. Angel 35636    Liszt CONSTANTIN SILVESTRI  1958,15.00,0.0490
v1|398157199179|0,smokey robinson and the miracles vinyl,5.00,0.0490
v1|307044650774|0,"Vintage LP: Brahms Symphony No. 3 in F Major, opus 90",6.00,0.0490
v1|307052376828|0,VAN CLIBURN – Rachmaninoff Concerto No. 3 1958 RCA Victor Classical LP-LSC-2355,3.06,0.0490
v1|278168908824|0,"Columbia 4-44123 Steve Lawrence and Eydie Gorme Mame Cabaret 7"" 45 RPM 1967",5.00,0.0490
v1|800295436335|0,Jim Cullums,10.00,0.0489
v1|318561604993|0,Rudolph The Red Nosed Reindeer Christmas LP Crown Records Mono Holiday,0.99,0.0489
v1|236931912971|0,I. Burging Expression Italy Barbados Pop Rock 12” Single,4.99,0.0489
v1|398163124628|0,Cheap Trick - She’s Tight (1982) 7” 45  NM Epic Records,9.99,0.0489
v1|147425656530|0,"LP Elvis Presley LPM 2426 ""BLUE HAWAII"", Mono, M- (lot c)",64.95,0.0489
v1|137498601664|0,"Ted Nugent Intensities in 10 Cities 12""  ",25.00,0.0489
v1|800311366086|0,RARE Melinda 45 Dutch Creek 101 And I Love You So  Over the Rainbow,9.99,0.0489
v1|307044650776|0,"Vintage LP: ""Guide to Understanding Music"" from Stereo Review, 4-record set",16.00,0.0489
v1|257612978182|0,"Led Zeppelin Physical Graffiti 1975 Swan Song 12"" Black Vinyl LP Record",155.00,0.0488
v1|127964870236|0,Yellow Magic Orchestra - Self Titled (Yellow Vinyl Red Label) - 1979 - SP NM LP,49.99,0.0488
v1|327248741613|0,"John Denver 1974 LP ""Back Home Again"" with ""Annie's Song"" - Good Condition",5.99,0.0488
v1|318564223408|0,"Tony Smith And The Aristocrats ""Especially For You""  Chicago signed",25.00,0.0487
v1|358783884230|0,BOB JAMES Sign Of The Times VINYL LP Columbia 1981,1.99,0.0487
v1|358775335737|0,3 Album Set - Tom Jones “I Who Have Nothing” ; Live & It’s Not Unusual,7.00,0.0487
v1|236920867070|0,RUSS MORGAN How High The Moon/Gorgeous Dancing Doll 78 3030A Decca,12.90,0.0487
v1|267721725836|0,Judy Collins Judith LP Elektra 7E-1032 Gatefold Send in the Clowns Amazing Grace,10.00,0.0487
v1|298497290342|0,"George Thorogood & the Destroyers: More George Thorogood & the Destroyers, 1980￼",6.99,0.0487
v1|398167945775|0,RICK JAMES Fire It Up GORDY Funk R&B | Shrink | LP HEAR,9.99,0.0487
v1|158071078892|0,SOUTHSIDE JOHNNY Live Reach Up MERCURY SRM-2-8602 (1981) 2xLP PROMO,12.00,0.0487
v1|298494168066|0,Diplodocus ‎– Thingamajawn Money Studies Records ‎ms-003 7” Record,5.99,0.0487
v1|800297678893|0,Valdy And The Hometown Band,38.99,0.0486
v1|158075853948|0,"J. T. Taylor Long Hot Summer Night 12"" single vinyl record",3.00,0.0486
v1|158065209651|0,Carpenters,9.00,0.0486
v1|158068424407|0,"Dolly Parton – Greatest Hits Promo Copy - Vinyl VG+ , Cover EX Gatefold 1982",14.49,0.0486
v1|147426837643|0,Pointer Sisters Vinyl,10.00,0.0486
v1|198487017535|0,Vintage-MARIO LANZA SINGS CARUSO FAVORITES LP LM2393 A50,5.00,0.0486
v1|127965040198|0,"ABBA Chiquitita / Lovelight Atlantic 7"" Black Vinyl 45 RPM Stereo 3829",1.99,0.0486
v1|267722289716|0,"Dan Fogelberg ""Captured Angel"" - Vinyl  1975",3.00,0.0486
v1|147425698928|0,Burl Ives Sings Little White Duck And Other Children's Favorites LP,8.00,0.0485
v1|377316458721|0,Ray Charles- Rockhouse- Great 1959 R&B Instrumental 45- Atlantic Label,9.95,0.0485
v1|117296062552|0,NEIL YOUNG Landing On Water 1986 NM Vinyl Lyric Sleeve Geffen GHS 24109,14.00,0.0485
v1|147430725918|0,Timothy Mr Moonlight Jukebox 45 Record W/Title Strip ,62.99,0.0485
v1|168523120124|0,THE O'JAYS Lipstick Traces / Think It Over Baby Imperial Northern Soul 45 HEAR,5.00,0.0485
v1|336678465686|0,"CREEDENCE CLEARWATER REVIVAL cosmo's factory, vg+ MOBILE FIDELTY, 1979",24.95,0.0485
v1|147427027334|0,The Beatles - 1962 - 1966 With Insert and Original Inner Sleeves STERLING,14.99,0.0485
v1|127965125027|0,"Randy Bell Don't Do Me Epic 7"" Black Vinyl 45 RPM Stereo 34-04497 Promo Demo",1.69,0.0485
v1|336674709267|0,Dave Mason,5.00,0.0485
v1|336675000548|0,Beethoven Wellington's Victory Antal Dorati LSO Mercury Living Presence VG++,9.99,0.0485
v1|267719034821|0,"33 RPM Record/Vinyl ""Portrait"" by The 5th Dimension",3.00,0.0485
v1|188623175243|0,"Duran Duran- Rio Vinyl Record (1982, LP, Album, Club Edition, Sealed)",29.99,0.0485
v1|407059882234|0,Dionne Warwick - The Sensitive Sound Of Dionne Warwick   1971 Record   VG / VG,5.00,0.0485
v1|318560583944|0,"Bryan Adams Reckless 12"" Vinyl LP Record in Cardboard Sleeve",10.00,0.0484
v1|158070227606|0,Gene Pitney 45 Town Without Pity / Air Mail Special Delivery Musicor MU 1009 M-,4.99,0.0484
v1|188619297690|0,"Barbra Streisand “Funny Girl” Capitol STAO 2050 1964 12"" 33RPM Stereo Hi-Fi",17.25,0.0484
v1|398164306028|0,"The Ray Conniff Love Album Box Set 4 12"" Vinyl Records",9.99,0.0484
v1|257615022569|0,Gospel record Rev. Clay Evans Silver anniversary Special Vintage Jewel Records,18.88,0.0484
v1|358777043218|0,"Rudolph the RED-Nosed Reindeer by Autry, Gene (Record, 2015)",2.80,0.0484
v1|358783885643|0,BOB JAMES Lucky Seven VINYL LP Columbia 1979,1.99,0.0484
v1|236926063852|0,THE WHO BIG AND BOUNCY VINYL ALBUM USED,5.00,0.0484
v1|358777066329|0,"Herb Alpert's Tijuana Brass VINYL: Whipped Cream , Lonely Bull, Going Places",10.00,0.0484
v1|267722416692|0,JACKIE WILSON ~ SINGS the world's greatest Melodies LP VG+/G,5.99,0.0484
v1|206403738557|0,Woody Woodpecker Record Player,60.00,0.0483
v1|178294251205|0,THE BEATLETTES on Assault Records - Yes!!! You Can Hold My Hand - 45rpm,29.99,0.0483
v1|298493849850|0,Blackwood Brothers Quartet     8-LP's    NM or as Described    CHOOSE Any 5 LP's,22.00,0.0483
v1|318563765214|0,"robert palmer vinyl lot PRIDE, 12"" singles of pride, didn't mean to turn you on",14.99,0.0483
v1|257614052672|0,REO Speedwagon Good Trouble 1982 Vinyl LP Record,16.78,0.0483
v1|287448399826|0,Anne Murray Let's Keep it That Way 1978 Vinyl LP Record You Needed Me,4.99,0.0483
v1|168506631588|0,Peter Gabriel Vinyl Record LP Vintage Games Without Frontiers 1980,10.00,0.0482
v1|188607299642|0,(45) VINTAGE Soul Record- I'm Just An Average Guy-THE MASQUERADERS-Rare...!!!,39.00,0.0482
v1|287448779412|0,The Who – It's Hard • LP Vinyl Record,9.25,0.0482
v1|407065870087|0,45 RPM mac Davis COLUMBIA DJ 45618 Baby Don't Get Hooked On Me VG+,3.00,0.0482
v1|198487616364|0,Willie Tyler And Lester Comedy LP Hello Dummy on Tamla,15.00,0.0482
v1|377331547708|0,NINE BLACK ALPS “Cosmopolitan” 7-inch M/M Everything Is,10.00,0.0482
v1|307044619594|0,"The Shoppe “The Shoppe” Vinyl = VG:VG+ 12"" LP Record Shoppe-1 Country, Folk",3.00,0.0482
v1|137499569657|0,"LITTLE BOBBY REY: Rockin' ""J” Bells ’59 Original Sound Rock 45 Hear",6.00,0.0482
v1|127964969788|0,"Dave Edmunds Band Run Rudolph Run Columbia 7"" Black Vinyl 33 AE7 1576 Promo",2.36,0.0481
v1|358781317016|0,IRON BUTTERFLY IN-A-GADDA-DA-VIDA Vinyl LP 1968  SD 33-250 Atco ,1.99,0.0481
v1|307044650817|0,Vintage LP: Solomon plays Grieg & Schumann concertos with the Philharmonia Orch.,5.60,0.0481
v1|398155407193|0,"78 rpm 10"" Banner 6237 Campus Boys & Majestic Dance Orch / Violets Carolina Moon",9.99,0.0481
v1|318564585522|0,"genesis 12"" Single vinyl lot (2) USED VG Illegal Alien, Throwing it all Away Liv",19.99,0.0481
v1|407059969232|0,"Edison Diamond Disc 80160, Walter Van Brunt, I'll Take You Home Again, Kathleen ",9.99,0.0481
v1|158068319397|0,Nanci Griffith One Fair Summer Evening MCA Records Vinyl LP VG+ Live 1988,13.39,0.0481
v1|236927734801|0,CHICAGO Chicago Self Titled 1975 Vinyl LP Columbia Records  ,6.00,0.0480
v1|800311396310|0,STATUS QUO original US LP from 1976 (CAPITOL ST 11509). Blue For You,20.00,0.0480
v1|366532693589|0,Eddie Towns - Best Friends - Used Vinyl Record 12 - 07 - U5628z,2.00,0.0480
v1|236926074517|0,GILDA RADNER LIVE FROM NY VINYL ALBUM USED,5.00,0.0480
v1|198480768612|0,LP Moniuszko Soloists Chorus And Orchestra Of The Warsaw Straszny Dwor,6.00,0.0480
v1|147427440952|0,Vintage Vinyl The Glen Miller Story Movie Soundtrack Original Recordings Record,2.92,0.0480
v1|137499537413|0,Johann Sebastian Bach/Anton Heiller - Four Concerti for Organ LP,2.99,0.0480
v1|318562761420|0,"Roger Daltrey - One of the Boys - Vinyl (1977, MCA-2271)",2.00,0.0480
v1|158075209440|0,The Buckinghams 45 Kind of a Drag / You Make Me Feel So Good RARE USA sleeve EX,14.99,0.0479
v1|366513743366|0,Company B Jam On Me Perfect Lover 12” Double Trouble Freestyle Hi-NRG Club Mix,45.00,0.0479
v1|307044650754|0,"Vintage LP: Scarlatti: Sonatas/ Fou Ts'ong, piano",16.25,0.0479
v1|198485953825|0,"33rpm Stereo ""Hits From the Broadway Shows THE PAJAMA GAME & SILK STOCKINGS""",4.50,0.0479
v1|327253960193|0,One Step Closer From Me To You Black Vinyl 2019 Triple B Records,10.00,0.0479
v1|298492060513|0,"DVORAK: CONCERTO IN B MINOR FOR CELLO & ORCHESTRA , PABLO CASALS, 12"" EVEREST",1.99,0.0479
v1|178298068594|0,Northern Soul 45 - Harry Deal & The Galaxies - I Still Love You - Eclipse Rare,15.50,0.0478
v1|158075209284|0,Queen A Day At The Races LP 1976 with Inner Sleeve and Rare Tour Program VG+,80.00,0.0478
v1|178302641153|0,Vikki Carr Vinyl Records LPs - Lot of 2 Records,1.00,0.0478
v1|318560611819|0,"Alice Cooper Billion Dollar Babies 12"" Green Vinyl LP Rock Warner Bros. Sleeve",6.36,0.0478
v1|298493711814|0,The Duke Ellington - Japanese 8 LP Box Set,109.99,0.0478
v1|127960675276|0,3 Jo Ann Campbell Vintage LPs,40.00,0.0478
v1|267722288180|0,"Dan Fogelberg ""Souvenirs"" - Vinyl  1974",3.00,0.0478
v1|358776767076|0,"￼ Mckinley Morganfield, A.K.A. Muddy Waters",30.00,0.0478
v1|147425656532|0,MARSHALL CRENSHAW (Self-titled) 1982 Vinyl LP Warner Bros BSK 3673 - NM (lot c),9.95,0.0478
v1|147426171745|0,Lakeshore Music Presents Road Music 1978 GTV107 LP 2 Record Set Gusto Records,1.59,0.0477
v1|327248847685|0,TRIO LOS QUECHUAS - Nostalgia/Cumbia Del Pajarito,7.99,0.0477
v1|117298685463|0,Iron Maiden Beast over Hammersmith set,69.00,0.0477
v1|127959200855|0,"TRACIE - THE HOUSE THAT JACK BUILT- U.K. MINT 7"" 45. PAUL WELLER PRODUCER. 1983",12.47,0.0477
v1|206403894569|0,"Dean Martin - You Can't Love 'Em All Pickwick SPC-3057 12"" Black Vinyl LP Stereo",2.18,0.0477
v1|137499668598|0,Pearl Jam  No Code (2016) 20th Anniversary Vinyl  Gatefold never played,30.00,0.0477
v1|137487793770|0,The Sharrett Brothers Self-Titled lp Word WST-8732 1976 Ultrasonic Clean + Bonus,7.99,0.0477
v1|377329939850|0,radio show LP ~ Westwood One Special Edition With Sid McCoy ~ TOM BROWNE,49.95,0.0476
v1|800316450619|0,American Woman The Guess Who Vinyl ,19.00,0.0476
v1|366524557794|0,van morrison checkin' it out vinyl 45,3.99,0.0476
v1|278170158695|0,BILL BLACKS COMBO- - AWARD WINNERS - LP (BOX-7),4.00,0.0476
v1|358774236296|0,The Last Emperor Original Motion Picture Soundtrack LP Virgin V 2485 VG++ 1987,13.99,0.0476
v1|147425590121|0,Tom Johnston Still Feels Good PROMO LP Warner Bros BSK 3527  Mint Unplayed,12.00,0.0476
v1|127964925621|0,"Christopher Cross A Chance For Heaven Columbia 7"" 45 38-04492 Promo 1984",2.15,0.0475
v1|287449838655|0,Sweethearts Of The Rodeo: Satisfy You/One Time/One Night 45RPM 1988 NM F151,1.99,0.0475
v1|147429756600|0,Coheed and Cambria - The Afterman: Ascension Vinyl LP (2012) w/ Booklet,76.00,0.0475
v1|287448399865|0,Around the Christmas Tree Record Decca  LP 33 RPM  Vinyl Holiday,4.49,0.0475
v1|407060615074|0,Dionne Warwick – Dionne   1979 LP Vinyl Record Album   VG / VG   Jojo's  Deja Vu,5.00,0.0475
v1|158068548201|0,"THE JACKSON FIVE ""Maybe Tomorrow"" Vtg Record Album Vinyl LP 1971 Motown MS-735",125.00,0.0474
v1|318560496453|0,"Les Crane, ""Desiderata"" Vinyl LP, Warner Bros BS 2570 1971",5.00,0.0474
v1|236926076403|0,"Christmas Disco Record VG,  Mistletoe Records",5.00,0.0473
v1|267722309122|0,"Vanity – Under The Influence (12"" Vinyl, Single, Remixes, Motown - 1986) EX/EX",6.99,0.0473
v1|117293723792|0,"DOLLY PARTON THE FAIREST OF THEM ALL & SONGWRITER,PORTER WAGONER.VGplus-VINYL-CD",67.00,0.0473
v1|336678587214|0,"THE MAMA'S & THE PAPA'S  farewell to the 1st golden age SEALED LP,  MCA, 1980",14.95,0.0473
v1|198488056458|0,Fred Waring Twas the Night Before Christmas Vinyl LP Box Set Longines Holiday,4.06,0.0473
v1|298493976090|0,Roxy Music Flesh & Blood Vinyl LP,6.00,0.0473
v1|366537210137|0,Marvin Gaye Live at the London Palladium 2X Vinyl LP 1977 1st U.S Pressing,9.00,0.0473
v1|168525904582|0,Inconquerables FOR YOUR LOVE / WAIT FOR ME grail rare 45 test Flodavieur blank,2000.00,0.0473
v1|318561096738|0,"The Beach Boys Beach Boys Concert Live Capitol 12"" Vinyl LP TAO 2198",3.20,0.0472
v1|278168910725|0,Loretta Lynn Lp Back To The Country On Mca - Vg+ To Vg++ / Vg++ (In Shrink),5.00,0.0472
v1|358775292257|0,"Curtis Potter: Down in Texas Today LP [Step One Records, 1984] Texas honky tonk",6.00,0.0472
v1|287449862965|0,"Conway Twitty Heart & Soul LP Vinyl 12"" 33 RPM MCA Records Country Black",15.00,0.0472
v1|407059472612|0,Pacheco* – Canta El Conde Tres De Cafe Y Dos De Azucar* Lp Vinyl.  FANIA RECORDS,20.00,0.0472
v1|127965090681|0,"Morris Albert Same Things / Memories 7"" Vinyl 45 Stereo PB-10706",0.88,0.0472
v1|198488058317|0,Natalie Cole Natalie 1976 Album,4.00,0.0472
v1|178295968679|0,Kenny Rogers We've Got Tonight LP - LO 51143 - 1983 Pre Owned.,3.75,0.0471
v1|178286243104|0,David Bowie Australian Vinyl Lp PINUPS...1978 Tan label issue...EX,12.99,0.0471
v1|158059723906|0,Francesco Geminiani - Pietro Locatelli* - Angelicum Orchestra Of Milan* - Newell,16.00,0.0471
v1|158058617236|0,Francis Poulenc ‎– Poulenc: Sonata For Clarinet And Piano / Sonata For Oboe And ,10.00,0.0471
v1|278159502262|0,Roy Drusky Record Albums (Lot of 2),7.00,0.0471
v1|318561031241|0,Freddy Fender - Are You Ready for Freddy,8.00,0.0471
v1|236926024091|0,"Columbia House Party Record NRMT/VG++, Record Player Ad Back, Jazz Pop",6.00,0.0471
v1|318561327146|0,Lionel Bart's Oliver! Original Broadway Cast LP /  Vinyl / Record - Vintage 1963,7.95,0.0471
v1|398155908656|0,THE LOVIN' SPOONFUL Summer in the City /Butchie's Tune KAMA SUTRA KA211 45rpm,2.30,0.0471
v1|178298090190|0,Captain & Tennille / Come In From The Rain - Vinyl 1977 A&M - SP-4700,8.50,0.0471
v1|147426848803|0,Wings At The Speed Of Sound Vinyl,8.00,0.0470
v1|377336298642|0,"The Notorious B.I.G. Big Poppa Remix Vinyl 12"" Single Promo Rap Bad Boy BBDP-90…",9.98,0.0470
v1|336680274873|0,HERMAN'S HERMITS Abkco 8301-1 RSD 2015 180g 45 Vinyl LP Record Album BLAZE,12.00,0.0470
v1|398155974614|0,Elton John Captain Fantastic LP Vinyl Record MCA Rock Black 1970s,100.00,0.0470
v1|307051995420|0,Boots Randolph - Hip Boots - Vinyl LP,1.80,0.0470
v1|236925898173|0,Justin Hayward- Songwriter solo gatefold lp Deram Records 1977,7.99,0.0470
v1|147425772035|0,Eric Clapton Slowhand LP Record Only 1977 RSO RS-1-3030 Cow Label VG+,10.00,0.0470
v1|278159458440|0,"""Signatures: A Songwriters Album"" Unopened Record Album RCA Records 110-70W",7.00,0.0470
v1|188623173575|0,"5th Dimension, Medley: Change Is Gonna Come/People Gotta Be Free  45  BELL  VG+",0.99,0.0469
v1|198487885574|0,Ace Frehely Frehleys Comet 180 Gram Sealed Vinyl Record LP Hard Rock Heavy Kiss,10.50,0.0469
v1|298494494711|0,RARE Columbia Masterworks ML 2016 Christopher Lynch THE MINSTREL BOY 1947 Folk,24.95,0.0469
v1|287442095373|0,Leonard Bernstein  Record Albums (Lot of 4),13.00,0.0469
v1|236920806717|0,BILLIE HOLIDAY  LADY DAY SWINGS THE BLUES LaBrea Records Compilation,12.99,0.0469
v1|267719629266|0,Buck Owens And His Buckaroos – Roll Out The Red Carpet LP - 1966 – VG+/VG+,8.00,0.0469
v1|358774107615|0,78 ~ AL JOLSON Used To You/Why Can't You ~ Brunswick 4401,9.95,0.0469
v1|407060515356|0,3LP box Jacqueline DU PRE & BARENBOIM Daniel BEETHOVEN 5 Cello Sonatas SCB-3823,25.00,0.0468
v1|168526204904|0,"Robert Palmer - Riptide, Vinyl LP, Island 90471-1, 1985.",5.00,0.0468
v1|178302641148|0,"DIONNE WARWICK - PROMISES, PROMISES SPS 571 LP Vinyl Record w/shrink",1.00,0.0468
v1|236926740872|0,Foghat Energized Bearsville Records 1974 Vinyl LP Rock Cardboard Sleeve,3.01,0.0468
v1|158068178953|0,KITTY WELLS - Heartbreak U.S.A. / there must be another - 45rpm  Decca 31246,4.75,0.0468
v1|307044724503|0,"Various “Bread & Roses-Festival Of Acoustic Music” (2)Vinyls=VG:VG+ 12"" LPRecord",3.00,0.0468
v1|298493534615|0,Melissa Manchester      11-LP's       NM or as Described     CHOOSE Any 5-LP's,22.00,0.0468
v1|318563122354|0,"Billy Crystal - Mahvelous (Marvelous) - Vinyl (1985, SP5096)",2.50,0.0468
v1|257614270339|0,"Huey Lewis and the News Sports 12"" Black Vinyl LP Chrysalis Rock Cardboard",3.00,0.0468
v1|158070375307|0,"Pat Boone ""just the way i am"" Vinyl LP- Autographed",9.99,0.0467
v1|278169196793|0,"Diplomat Snoopy's Christmas Various LP 12"" Vinyl Stereo Holiday SX1718 Used",10.00,0.0467
v1|178297877785|0,Patsy Gallant / O Michel /It'll All Come & Best  Of The Woman In Me/ Love Affair,49.99,0.0467
v1|257615075848|0,"Genesis, That's All / Second Home by the Sea, 7"" 45rpm, Vinyl 1983",9.99,0.0467
v1|307044649794|0,Vintage LP: Van Cliburn plays Brahms' Concerto #2 with the Chicago Symphony,6.00,0.0467
v1|198480617461|0,Blues Brothers Briefcase Full Of Blues 1977 Vintage Vinyl LP Record Album VG+/EX,12.00,0.0467
v1|407059791093|0,Billy Squier - Emotions in Motion ~ LP made in Japan ECS-81513 ~ E,11.99,0.0467
v1|307051073533|0,Eddie Money 45RPM “Two Tickets To Paradise” 1978 70s Classic Rock 7” Vinyl EX,2.95,0.0467
v1|398156021096|0,Guitar  Vinyl,5.00,0.0466
v1|206404290056|0,SUPER RARE WHITE LABEL REGGAE 45 - HOPETON LEWIS - COME LIVE IT UP TONIGHT,2051.00,0.0466
v1|377336493556|0,"Fabolous Tamia Into You Vinyl 12"" Single Rap Desert Storm D-67452 Black",12.21,0.0466
v1|147427608773|0,"""JACKSON HEIGHTS""  1973  VINYL  PROGRESSIVE/FOLK/ROCK  GENESIS, THE NICE   VERVE",9.99,0.0466
v1|398156669681|0,"Bob Dylan - Bringing It All Back Home, LP, 1969 Rock 33 Rpm, Repress, CS- 9128",130.00,0.0465
v1|257614550782|0,Vinyl LP - The Delegates - Convention 72,4.80,0.0465
v1|198486047266|0,"Meet the Beatles STEREO LP 1964 2 BMI VERY Early A-Plates A1/A3, (NM) Vinyl!",122.52,0.0465
v1|188627471669|0,.38 Special Special Delivery 1978 NM/NM- Holland Import,15.99,0.0465
v1|407053790819|0,EMERSON LAKE & PALMER.   LP 1971  SD-9040 Ultrasonic Clean G+ Vinyl  Worn Cover ,4.99,0.0465
v1|318563432402|0,Barbara Mandrell “Live” Vinyl LP MCA-5243 1980 MCA Records,10.00,0.0465
v1|127965234771|0,"Iron Maiden Sancuary vinyl 12"" Single",35.00,0.0465
v1|377323246769|0,45 Record Sonny Bono  (NOT Cher) - One Little Answer/Comin Down The Chimney,6.97,0.0464
v1|127965004968|0,"Journey Why Can't This Night Go On Forever Columbia 7"" 45 38-07043",2.08,0.0464
v1|287448327976|0,"TOXIK TWINS: i'll house you AUREUS 12"" Single 33 RPM",5.20,0.0464
v1|188620981158|0,black sabbath vinyl records,50.00,0.0464
v1|188620980915|0,black sabbath vinyl records,50.00,0.0464
v1|147426831970|0,Thompson Twins King For A Day Vinyl,10.00,0.0464
v1|137505180689|0,The Congos Heart of the Congos Vinyl 2x LP Deluxe Edition,24.50,0.0464
v1|377322552541|0,ITZHAK PERLMAN LEINSDORF TCHAIKOVSKY VIOLIN CONCERTO IN D RCA VICTOR RED SEAL LP,6.00,0.0464
v1|407059878493|0,"Edison Diamond Disc 80710, American Symphony Orchestra The Ballet Of The Flowers",9.99,0.0464
v1|168525919165|0,Melanie Martinez vinyl bundle 3 albums,85.00,0.0464
v1|267722455098|0,2 45's THE 12 DAYS OF A CLEVELAND BROWN CHRISTMAS & THERE'S NO SURF IN CLEVELAND,15.00,0.0464
v1|147426860659|0,Great Songs Of Christmas Vinyl,8.00,0.0464
v1|117288158372|0,Billy Joel 52nd Street 1978 First Pressing Vinyl Record LP EX Rock n Roll Piano,9.99,0.0464
v1|307044649786|0,Vintage LP: Amazing collection of world-renowned artists performing music faves!,6.00,0.0464
v1|236921114909|0,The Clovers - Dr. Horse LP-807 - Classic 1950s Vocal Group R&R Blues - 19 Songs,9.99,0.0464
v1|307055391724|0,Steely Dan The Royal Scam LP MCA-37044 Vinyl Record Original Lyric Sleeve,10.00,0.0464
v1|236927952828|0,Justin Wilson I GAWR-ON-TEE vinyl album,10.00,0.0464
v1|318563883582|0,Donna Fargo The Happiest Girl In The Whole USA Vinyl Record LP (VG),5.00,0.0463
v1|298493852794|0,Mantovani         52-LP's         NM or as Described       CHOOSE Any 5  LP's,22.00,0.0463
v1|358760479162|0,Barbara Streisand Barry Gibb Guilty Vinyl Record LP (1980) Gatefold FC-36750,4.40,0.0463
v1|298482740641|0,Meco Encounters of Every Kind LP record album 1977,9.99,0.0463
v1|117292466679|0,Armored Saint Raising Fear Vintage Vinyl Record 1980's Nice,39.99,0.0463
v1|137499373139|0,"RARE Elvis Presley Picture Disc "" A Legendary Performer Vol. 3 "" 3078 1978 NICE",10.00,0.0463
v1|407059894823|0,The Immediate Singles Story 20 X 10 ~LP Made in England 672007-1 ~Gatefold - E-,5.99,0.0463
v1|137488523599|0,"O.B. McClinton, The  Only One, 1st Edition, Vinyl LP, Country Western, 1987",9.99,0.0463
v1|267722415691|0,"Cher - With Love, Cher - 1967 Vinyl LP - Imperial LP-12358 ",2.99,0.0463
v1|137497114113|0,DAZZ BAND HOT SPOT 1985 LP MOTOWN,5.00,0.0463
v1|127965143208|0,"Polly Brown I'm Saving All My Love / Up In A Puff Of Smoke GTO 7"" 45 GT-1002",1.32,0.0463
v1|236927177535|0,Steely Dan 1972-1978 Greatest Hits Vinyl 1979 Portugal ABC Records 1st Press 2LP,15.00,0.0462
v1|287448660329|0,The Platters – My Prayer / Heaven On Earth    on  MERCURY    1956   U.S.  78,12.95,0.0462
v1|137499646162|0,Super Girls   (4 LP SET)  Record Compilation    Warner Special Products  OP-3507,100.00,0.0462
v1|377331561926|0,Billy Joel Songs in the Attic Vinyl LP Columbia Rock Classic 1981 Gatefold VG+,9.00,0.0462
v1|206406020298|0,"Hurley by Weezer (Record, 2010)",16.00,0.0462
v1|318561027860|0,The Platters Remember When Vinyl,8.00,0.0462
v1|206403803977|0,RAC VICTOR  FREDDY MARTIN HEAVEN KNOWS WHEN MANAGUA NICARAGUA,21.99,0.0462
v1|198485958748|0,Bing Crosby: Crosby Classics [LP] 1958 Harmony Records HL 7094 Vinyl Album,4.50,0.0461
v1|227424007599|0,"The Who The Kids Are Alright RSD 2018 2LP Blue/Red Colored Vinyl 12""",28.99,0.0461
v1|377322569224|0,NIKOLAUS HARNONCOURT MOZART SYMPHONIES 32 & 36 OVERTURE TO LUCIO SILLA MHS LP,8.00,0.0461
v1|198486143386|0,"YES - ""TORMATO"" 1978 Vinyl Lp HISPAVOX - MADRID - SPAIN 1978",4.90,0.0461
v1|117298681583|0,Iron Maiden Holy Smoke single picture disc vinyl LP,31.05,0.0461
v1|298494203665|0,Executive Suite – I'm A Winner Now North Bay 45 Record,4.99,0.0461
v1|278167250713|0,MARY HOPKIN Those were the Days Apple 2 Sung in French Rare 45 beatles McCartney,49.99,0.0460
v1|188618540666|0,Willie Nelson – Greatest Hits (And Some That Will Be) 2xLP Vinyl Record  1981 NM,8.00,0.0460
v1|377322569543|0,VIENNA KONZERTHAUS QUARTET - BRAHMS IN B MINOR OP.115 WESTMINSTER LP WLACH,8.00,0.0460
v1|236926728582|0,"Phantom Rocker & Slick Phantom, Rocker & Slick Capitol 12"" Vinyl LP Rock Sleeve",2.42,0.0459
v1|188619176076|0,Malvina Reynolds “Mama Lion” Cassandra Records CK 950 Folk Vinyl LP,20.00,0.0459
v1|236920798313|0,Bobby Darin – Artificial Flowers/Somebody to Love pic sleeve Atco Records 45 VG+,4.99,0.0459
v1|127966209267|0,michael w smith 45 rpm record title strip place in this world/very good,2.96,0.0459
v1|287450234225|0,Mountain Goats - Getting Into Knives - Vinyl Record,17.98,0.0459
v1|206396518922|0,Charley Pride the country way #16 (too hard to say I'm sorry),12.99,0.0459
v1|198486237660|0,Lee Cash - The History of Country Music Vol. VI VINYL LP ALBUM NEW RADIANT RECOR,19.00,0.0458
v1|168525173530|0,Gene Autry Back in The Saddle Again LP Vinyl Record,5.00,0.0458
v1|307044659775|0,"Michael Aspinall”The Surprising Soprano”Stereo Vinyl=VG+ 12"" LP Record Classical",2.50,0.0458
v1|137487789406|0,Yes Fragile LP Ultradisc One-Step Pressing By Mobile Fidelity Labs Out of Print,299.99,0.0458
v1|206396650156|0,"The Bob Crosby Show with Orchestra 16"" Radio Transcription Disc 1949 U-280 VG-",19.99,0.0458
v1|298492743771|0,"Classic Soft Rock vinyl record lot- 4 lps. Winwwood, Simon, Croce, Manilow -NICE",8.00,0.0458
v1|298492743771|0,"Classic Soft Rock vinyl record lot- 4 lps. Winwwood, Simon, Croce, Manilow -NICE",8.00,0.0458
v1|318547890878|0,Saint-Saens Wieniawski Violin Concertos ITZHAK PERLMAN BARENBOIM Record LP Album,19.99,0.0457
v1|147425988204|0,PHIL HARRIS (1959) THE SOUTH SHALL RISE AGAIN - Vinyl LP Record,1.99,0.0457
v1|158065208215|0,"Bread Guitar Man 1972 LP Vinyl, Electra Records EK S75047, Vintage Record Album",5.00,0.0457
v1|407061216387|0,Country Road – Rose Garden   VG / VG   LP Record Album   Stand By Your Man   I,5.00,0.0457
v1|236927144834|0,Nazareth - Razamanaz / LP Vinyl / Gatefold / USA 1975 / A&M Records SP-4386 / VG,2.99,0.0457
v1|298497289152|0,JOEY AND LUIGI THE TURNABOUTS TNT COMEDY LP AUTOGRAPHED HARLAN BALLETTO VINYL ,4.99,0.0457
v1|127965540568|0,TEMPTATIONS - AIN'T TOO PROUD TO BEG / YOU'LL LOSE A PRECIOUS LOVE - SOUL 45 ,2.00,0.0457
v1|206396515952|0,Today's Country Sound #37 Margie Bowes including D-I-V-O-R-C-E,12.99,0.0457
v1|307044649814|0,"Vintage LP: Sound of Genius, vol.1. Symphonic favorites by renowned conductors",6.00,0.0457
v1|236926073262|0,"Bryan Ferry /  Boys and Girls Record VG++,  Warner Bros",8.00,0.0456
v1|188619284299|0,"Angel Olsen- My Woman 12"" LP Vinyl Jagjaguwar Records 2016",25.00,0.0456
v1|127966258556|0,the calvary quartet 33 rpm record a voice in the wilderness/very good,2.80,0.0456
v1|127965127224|0,"Boston Don't Look Back / The Journey Epic 7"" Black Vinyl 45 8-50590 Stereo",2.40,0.0456
v1|127965153151|0,"Merle Haggard Here in Frisco / Movin' On Capitol 7"" Black Vinyl 45 Stereo 4085",3.10,0.0456
v1|127964955722|0,KISS  First Kiss Last Licks 1990 Gold Stamp Promo Vinyl LP Record,214.99,0.0456
v1|267722531275|0,"Capitol 78 Stan Kenton ""STARDUST""/ ""BEEHIVE""  listen",10.00,0.0456
v1|327248729929|0,EL COMBO CANDELA - La Guagua/Magdalena,7.99,0.0456
v1|318563473707|0,33 1/3 RPM RECORD CBS RECORDS MAN ON THE MOON,5.99,0.0456
v1|236926027231|0,"An Evening At The Cove Norman Serkin Record NRMT, Signed",8.00,0.0456
v1|147425823382|0,HENRY VIII AND HIS SIX WIVES - FILM SOUNDTRACK - VINYL LP - SFO-36895  - VG+,5.00,0.0455
v1|257613229366|0,Kool And The Gang Plus Guest – The Summer Remixes Feat. Lauren Hill on Vocals,4.99,0.0455
v1|407060018610|0,"DUANE EDDY LP $1,000,000.00 Worth of Twang Vol.II 1962 Jamie vinyl Get Both ",3.00,0.0455
v1|236927456473|0,"Chaka Khan What Cha' Gonna Do For Me LP Vinyl Soul 12"" 33 RPM Warner Bros-1981",8.00,0.0455
v1|278168945943|0,"JOHNNY CASH Get Rhythm COUNTRY SUN 105 LP Vinyl Record 12""",5.00,0.0455
v1|278167548713|0,Jackson Browne - Running On Empty - 1977 Vinyl LP Asylum Records 6E-113 VG+/VG+,7.00,0.0455
v1|336683581666|0,"Simple Minds, “Once Upon a Time” LP 1985 A&M Records SP 5092 VG+/VG+ USA",5.00,0.0455
v1|307052709927|0,"Jethro Tull's seventh studio album, War Child Vinyl-G",1.00,0.0455
v1|178286168089|0,Culture Club Its A Miracle / Love Twist Aussie 1984 45rpm P/S Virgin label,4.50,0.0454
v1|257614553212|0,Jesse Crawford/Jessie Leeds ‎– Popular Organ Favorites LP-Decca ‎– DL 8790,1.17,0.0454
v1|358763900480|0,John Denver Back Home Again Vinyl LP Record 1974 RCA CPL1-0548,3.12,0.0454
v1|257614282697|0,"Quincy Jones Smackwater Jack A&M Records SP-3037 12"" Vinyl LP Jazz",3.00,0.0453
v1|318524208643|0,Bob Seger And The Silver Bullet Band – Night Moves - US LP + OIS 1976,4.99,0.0453
v1|398162919883|0,Broadway Cast Recordings-4 LP Lot-42nd St- Godspell-Dreamgirls-They’re Playing,9.99,0.0453
v1|398162919883|0,Broadway Cast Recordings-4 LP Lot-42nd St- Godspell-Dreamgirls-They’re Playing,9.99,0.0453
v1|127965956322|0,Faron Young – Unmitigated Gall / Some Of Your Memories (Hurt Me All Of The Time),3.55,0.0453
v1|298497363567|0,Roadrunner Various Artists Trucker Songs GT0053 Vinyl LP Record In Shrink 1979,4.99,0.0453
v1|236919935568|0,JUDY GARLAND  MICKEY ROONEY  BABES IN ARMS & BABES ON BROADWAY 2 LP record SET,25.99,0.0453
v1|168516758085|0,Christopher Cross Christopher Cross Vinyl LP Warner Bros. WB(K) 56 789 TESTED,10.00,0.0453
v1|147426861686|0,Jefferson Starship Freedom At Point Zero Vinyl,10.00,0.0453
v1|236925800414|0,Dexys Midnight Runners Jackie Wilson Said 12” Single 45 RPM UK Import 1982,5.99,0.0453
v1|287448399871|0,Frank De vol Class is In Modern 3 Record Set,4.99,0.0452
v1|198492043348|0,"The White Tape by Phish (Record, 2021)",15.00,0.0452
v1|137505110664|0,Bunny Wailer Blackheart Man Vinyl LP 4 Men With Beards Color Press. Mint,20.00,0.0452
v1|178295343197|0,The Moody Blues On The Threshold of a Dream,3.99,0.0452
v1|147425163421|0,"Japan Import Vinyl 7"" 45 EP Lot 1950s Rare Coca Cola Promo Pat Boone Joni James",14.99,0.0452
v1|147425560859|0,"Elvis Presley You'll Never Walk Alone 12"" Vinyl LP Pickwick Mono CAS-2472 33RPM",1.93,0.0452
v1|407060623034|0,The Everly Brothers - The History Of The Everly Brothers 1973 2-record set VG/VG,5.00,0.0452
v1|287450257926|0,LP RECORDS BOX-40 -FLOYD-CRAMER,3.00,0.0452
v1|287450258028|0,LP RECORDS BOX-40 -FLOYD-CRAMER,3.00,0.0452
v1|278169673982|0,LP RECORDS BOX-40 -FLOYD-CRAMER-3,3.00,0.0452
v1|287450258058|0,LP RECORDS BOX-40 -FLOYD-CRAMER-2,3.00,0.0452
v1|278169673776|0,LP RECORDS BOX-40 -FLOYD-CRAMER,3.00,0.0452
v1|278169674100|0,LP RECORDS BOX-40 -FLOYD CRAMER-1,3.00,0.0452
v1|278169674283|0,LP RECORDS BOX-40 -FLOYD-CRAMER-3,3.00,0.0452
v1|178295680443|0,Kurt Cobain - And I Love Her B/w Sappy 7” Vinyl Record Single,4.25,0.0451
v1|147427185374|0,"""THE BEATLES""  1973  1962-1966  COMPILATION LP, GATEFOLD, LYRICS CLASSIC ROCK",9.99,0.0451
v1|117296062513|0,Joe South Don't It Make You Want To Go Home? 1969 NM Vinyl Capitol ST-392,9.99,0.0451
v1|318560632015|0,hello im johnny cash vinyl,10.00,0.0451
v1|318561028427|0,Wes Montgomery Impressions Vinyl,8.00,0.0451
v1|377329698085|0,Robin Trower ‎/ For Earth Below ~ Vinyl LP. 1975 (Chrysalis CHR 1073),19.00,0.0451
v1|117292544693|0,DEBBIE HARRY ROCKBIRD SEALED VINYL-VG PLUS CD AND CASSETTE.ALL ORIGINAL 1986.,40.00,0.0451
v1|188622100684|0,The Control Freaks - 45 RPM Punk,15.00,0.0451
v1|188622092067|0,The Control Freaks - 45 RPM Punk,15.00,0.0451
v1|327254949075|0,"Vintage Barbara Mandrell ""The Best Of Barbara Mandrell"" Vinyl Album (1975 - 79)",2.36,0.0450
v1|800298102253|0,Signed George Jones Encore Album Vinyl Record LP,90.00,0.0449
v1|188619173612|0,Holly Near “Fire In The Rain” Redwood Records Folk Vinyl LP June Millington,14.99,0.0449
v1|127968515171|0,"JEFF BECK GROUP, Beck-Ola LP Epic 1969,  VG/Good",6.88,0.0449
v1|178296007524|0,"Bruce Springsteen the Wild, the Innocent & the E Street Shuffle Vinyl",8.00,0.0449
v1|407052828624|0,From the Gypsy Cellar by Rabb Joska - Signed & Dated,13.00,0.0449
v1|198488024414|0,"12"" 78 RPM-victrola 6002 , Martha Like A Dream , Enrico Caruso",14.44,0.0449
v1|127965137775|0,Poco Cowboys & Englishmen MCA Records 1982 NM-vinyl,3.00,0.0448
v1|168517769082|0,"Jackie Lee-The Duck-45 RPM-7""-single-Northern Soul-vinyl-record-Mirwood 5502",20.00,0.0448
v1|147426838479|0,George Carlin Toledo Window Box Vinyl,8.00,0.0448
v1|407059999106|0,"Judas Priest Sin After Sin LP 12"" Black Vinyl Columbia Cardboard Sleeve Rock",17.00,0.0448
v1|168529049357|0,1949 GRACIE FIELDS BOB FARNON Underneath Linden Tree / For Ever LONDON 362,2.70,0.0448
v1|407059786525|0,Styx - Paradise Theatre ~ Record made in Japan AMP-28022 ~ Side B Etching - E+,12.99,0.0448
v1|137496852970|0,LAURA LEE - HE WILL BREAK YOUR HEART - CHESS 45,5.50,0.0448
v1|206404383309|0,"Swing Hits Dorsey, Goodman, Miller, Shaw 72 Original Recordings 1969 (6) Records",0.99,0.0447
v1|358776964544|0,STEVE WINWOOD – Back in the High Life (1986) - Gold Stamp Promo w/Hype Sticker,30.00,0.0447
v1|198486400067|0,"Decca Artie Shaw & His Orchestra Did Someone Say ""A Party?"" LP 12"" 33RPM DL8309",25.00,0.0447
v1|206406096832|0,"Huey Lewis And The News The Power Of Love 12"" 1985 Chrysalis 4V9 42889 POP ROCK",5.00,0.0447
v1|137499373140|0,West Side Story (The Original Sound Track Recording) Vinyl,6.99,0.0447
v1|267722021667|0,Procol Harum Live Concert Edmonton Symphony Orch 1972 Vinyl LP SP 4335,9.00,0.0447
v1|398158772571|0,Billy Joel Piano Man LP 1973 Columbia,8.00,0.0447
v1|168525921491|0,Vintage Wyncote Tchaikovsky Swan Lake 1812 Overture Nutcracker Suite LP Vinyl St,3.60,0.0447
v1|327248672785|0,RAMIRO LEIJA - Todo es Maravilloso / Algo Se Me Va - CUMBIA MEXICO 45,7.99,0.0447
v1|318559566716|0,"Oh Ranfan 火遊びのブルース JVC SV-774 Vintage 1968 Japan Pop Vinyl 7"" 45 RPM",14.99,0.0446
v1|336680602784|0,Lawrence Welk - Champagne Memories Easy Listening LP The Longines Symphonette,15.00,0.0446
v1|178295692378|0,Star Wars Original Soundtrack Vinyl Record Original 1977 John Williams 2 LP VTG,20.00,0.0446
v1|147425580310|0,Richard Harris Love Album LP 1970 Dunhill DS-50074 Jimmy Webb Mint Vinyl,7.00,0.0446
v1|318560936889|0,"Shakespeare - Scenes from Romeo & Juliet/Hamlet - Gielgud, Brown - Decca DL 9504",19.95,0.0446
v1|227423219894|0,Lot of QTY-6  VINTAGE  Classic Rock Vinyl Albums ￼,55.00,0.0445
v1|227423219894|0,Lot of QTY-6  VINTAGE  Classic Rock Vinyl Albums ￼,55.00,0.0445
v1|158075786810|0,8 Eyed Spy Diddy Wah Diddy and Dead You Me 45 rpm vinyl record,10.00,0.0445
v1|206403806933|0,7 LP Disney Hansel Gretel Bambi 20000 Leagues Beauty Ugly Duckling Poppins Hood,25.00,0.0445
v1|307044649808|0,"Vintage LP: Scenes from ""Romeo & Juliet"" performed by the Old Vic Company!",6.00,0.0445
v1|147430887601|0,"1979 Dazzle – Walk Before You Run / You Dazzle Me!!! 12"" Vinyl Record",29.00,0.0444
v1|178295781918|0,WALT DISNEY TREASURE ISLAND  1251 LP VINYL RECORD (FSY41),3.14,0.0444
v1|336679302618|0,Paul McCartney & Wings **Band On The Run** Apple Records SO-3415 1973 ** NM,10.00,0.0444
v1|307052505114|0,"The Dependables, Klatu Berrada Niktu, (LP, Album, Res), NM or M-",8.99,0.0444
v1|318560608905|0,"The Allman Brothers Band Reach For The Sky 12"" Vinyl LP Rock Dunhill Records",10.00,0.0444
v1|327253782765|0,Doo Wop 45: The Chandeliers Tender Love/Wild Cherry on Angle Tone 1973 Repro,2.00,0.0444
v1|236926763826|0,Decca Eclipse Symphonic Poems Rachmaninov Liszt Ansermet/Munchinger LP ECS 702,5.72,0.0444
v1|168523272576|0,CHARLES DAVENPORT I've Gotta Get A Message To You Sweet Soul 45 PROMO HEAR VG+,6.00,0.0444
v1|307052281845|0,Grateful Dead Wake of the Flood Vinyl LP Record Album 1973,150.00,0.0443
v1|800311106406|0,"Vangelis ""China"" Vintage 1979 Vinyl LP Polydor Spheric PD-1-6199 USA",10.00,0.0443
v1|336680694761|0,We Praise Thy Name LP by Celebrant Singers,2.77,0.0443
v1|398155409958|0,John Williams Paganini: Guitar Trio Haydn Vinyl Record,5.00,0.0443
v1|287448658629|0,Tex Ritter – Ol' Shorty / Deck Of Cards   late 1950's   CAPITOL   U.S.  78  NICE,12.95,0.0443
v1|158070369574|0,ERNIE FREEMAN Rockin' Red Wing / Dark Eyes IMPERIAL X5656 (1960) 45rpm PROMO ,6.00,0.0442
v1|137499121064|0,Bonanza Christmas On The Ponderosa 1963 LP RCA Victor LSP-2757 Stereo Vinyl LP,18.99,0.0442
v1|147425542952|0,"Elvis Presley You'll Never Walk Alone 12"" Vinyl LP Pickwick Mono CAS-2472",3.00,0.0442
v1|158060611135|0,SEALED Becky Hobbs ‎– Everyday -Tattoo Records – BJL1-2169 yr 1977 ALL THAT I AM,5.99,0.0442
v1|188618944521|0,ELVIS COSTELLO Let Them All Talk / The Flirting Kind UK Import 45 with PicSleeve,12.99,0.0442
v1|178295912167|0,"RCA VICTOR LP Record, Hank Locklin, The Gloryland Way, VG ",1.00,0.0442
v1|307052581376|0,The Longines Symphonette Masterpieces of Music 33RPM LP Record,2.57,0.0441
v1|407060499911|0,HENRYK SZERYNG - BACH 6 SONATAS & PARTITAS 3LP Box Set,17.00,0.0441
v1|147425727829|0,David Ingles The Seed of Abraham Vinyl Record LP 1976 Gospel,8.00,0.0441
v1|307044649777|0,"Vintage LP: Carl Orff - Carmina Burana, Smetáček/Czech Philharmonic Orch & Choru",8.50,0.0441
v1|227423076219|0,Barbra Streisand – Funny Lady (Original Soundtrack) LP AL9004 Vinyl Gatefold VG+,8.99,0.0441
v1|327250042664|0,"The Nova Local Games If You Only Had Time Rare 7"" 45 LP Decca Garage",45.00,0.0441
v1|127960287830|0,"Wayon Jennings,Willie N., Jessi Colter,TomPall ""Wanted"" NM cond. 1976 rel. ",15.00,0.0441
v1|398155441999|0,Glory SS-1000 - 6 tracks on ONE 78rpm record - Bailes Brothers/Swanee River Boys,19.99,0.0441
v1|137497154957|0,Farrante & Teicher - 5 Record Collection - USED,5.00,0.0440
v1|178296021095|0,"Columbia LP Record, Mormon Tabernacle Choir Album,23 favorites  2 Record set VG",2.00,0.0440
v1|287440574992|0,"Toro Y Moi – Boo Boo, 2x12"" LP 2017 - VMP NUMBERED EDITION Orange/Beige Marbled",27.49,0.0440
v1|267722288994|0,"Larry Gatlin and Gatlin Brothers Band - ""Help Yourself"" - 1980 Vinyl",5.00,0.0440
v1|147425836560|0,UNCLE LAR' AND LI'L TOMMY'S ANIMAL STORIES Volume II 1982 VINYL LP WLS Radio,3.47,0.0440
v1|267719624277|0,Willie Nelson/Waylon Jennings - The Outlaws LP - reissue - VG/VG+,6.00,0.0439
v1|278159255050|0,Percy Faith & His Orchestra - Joy - 1972 LP Columbia,0.59,0.0439
v1|147425566994|0,"Naam Brigade What You Doin' Wit Dat ft Juvenile 12"" Promo Single ‘02 Hip  Hop",10.00,0.0439
v1|147425839949|0,Bob Seger Like A Rock Vintage Vinyl,10.00,0.0439
v1|227427025942|0,"Over SIXTY (60+) - 7"" 45rpm LP VINYL RECORDS - Vintage Classic Singles Albums! ",49.99,0.0438
v1|407059870408|0,John Lennon - Shaved Fish ~ LP Made in Japan EAS-80380 ~ E+,11.99,0.0438
v1|168525712047|0,"Arthur Fiedler The Boston Pops Orchestra ""Nutcracker Suite/Peer Gynt"" Vinyl",5.36,0.0438
v1|307051149675|0,Billy Harner 45RPM “Sally Sayin’ Somethin’” 1966 60s Northern Soul 7” Vinyl WOW,3.25,0.0438
v1|127965049749|0,"Bobby Borchers Hobo's Delight Playboy 7"" 45 ZS8 5803",12.00,0.0438
v1|298493770175|0,Jr. Walker & The All Stars – Gotta Hold On To This Feeling / Clinging To… 45,4.99,0.0438
v1|137503299623|0,"Stardust by Nelson, Willie",100.00,0.0438
v1|298493030102|0,"Jose Jose ""REFLEXIONES""",9.00,0.0438
v1|377330263871|0,"TEAM LOTUS SINGS ""THE CHAMPIONS"" BY THE 1972 WORLD CHAMPIONSHIP WINNING TEAM RPM",9.95,0.0437
v1|318524415589|0,Riders In The Sky – Three On The Trail - US Country LP 1980,4.99,0.0437
v1|307051069980|0,Mantovani And His Orchestra - Mantovani In Concert - Vinyl LP,2.00,0.0437
v1|188622378599|0,"Moja  Nya, Rise Up, Street Wise Records,,1984, 12” 45, SWRL 2229, Stereo,EX+",7.30,0.0436
v1|318561082336|0,"John Denver Back Home Again RCA 12"" Vinyl LP Gatefold Folk Record",2.36,0.0436
v1|398156674597|0,RARE! THE SILKIE -You've Got To Hide Your Love Away / City Winds 45rpm 1965,350.00,0.0436
v1|307052393953|0,BTO 33RPM ‘The Best Of BTO (So Far)” 1976 70s Classic Rock 12” LP Compilation GH,6.75,0.0436
v1|158058617224|0,"Moeran*, Neville Dilkes, English Sinfonia Orchestra* ‎– Symphony In G Minor / Tw",28.00,0.0436
v1|117293571910|0,Reba McEntire - LIVE at Gilley’s - RARE LP - April ‘85 - Cue Sheet Included,50.00,0.0436
v1|178257131730|0,SIMPLE MINDS DON'T YOU AM SP 12125  VINYL LP,9.99,0.0436
v1|318561078159|0,Columbia Stars For A Summer Night PM-1 2LP Vinyl High-Fidelity Record Set,5.16,0.0436
v1|307044649823|0,Vintage LP: The First Family,6.00,0.0435
v1|336679883846|0,Merry Christmas By Bing Crosby Album Cover Decca A-550 1945,2.60,0.0435
v1|227422734903|0,David Bowie - Ziggy Stardust - RCA Victor LSP-4702 - 1972 - Vinyl LP,13.50,0.0435
v1|188618646758|0,"Ella Fitzgerald - Sings the Gershwin Song Book Vol. 1 12"" LP Vinyl Verve Records",8.00,0.0435
v1|206405219038|0,Dire Straits – Brothers in Arms LP – MASTERDISK RL – Allied ɑ – SLM △9536 – VG+,22.99,0.0435
v1|327255122317|0,Joe Cocker 45 Record The Letter / Cry Me A River ￼,2.25,0.0435
v1|366531173174|0,16 1950s-70s 45rpm RECORDS - ALL LOCAL WISCONSIN GROUPS & LABELS - GARAGE ROCK++,24.99,0.0434
v1|137499475278|0,Faron Young  LP  Memories AUTOGRAPHED  F Y R Volume 1   VG+,4.99,0.0434
v1|178297079341|0,vinyl record album Gremlins movie Soundtrack,19.99,0.0434
v1|188622657313|0,Dvorak The Three Great Symphonies - George Szell - Cleveland Orchestra 3 LPs#13,10.99,0.0434
v1|327255111444|0,1971 Davy Jones I Really Love You / I Really Love You  Bell PROMO,20.00,0.0433
v1|198487572383|0,Rare 1950 WMOR  Chicago Serge Chermayeff The World We See On Six 78 RPM Records,99.99,0.0433
v1|398167970666|0,FIVE SPECIAL st ELEKTRA Midtempo Boogie + Disco | Jam!  | Shrink  LP HEAR,10.50,0.0433
v1|127966171454|0,Frosty The Snow Man 45rpm Read & Hear  Golden Press Learn To Read!!! Excellent!!,10.00,0.0433
v1|307044649817|0,"Vintage LP: Grieg Piano Concerto, De Falla Nights in the Gardens of Spain",6.00,0.0433
v1|278157596514|0,Vintage Chipmunks A Go Go Vinyl Music Record  Album Fair  Cover Poor,4.95,0.0433
v1|318564704207|0,Time Life Music Great Men of Music George Frideric Handel Classical Vinyl LP,15.00,0.0433
v1|168525980807|0,Jeannette MacDonald& Nelson Eddy Favorites Compact 33 RCA LSP-1738,5.00,0.0433
v1|307044649782|0,"Rare vintage LP: Henselt: Piano Concerto, Liszt-Lewenthal: Totentanz, bonus 45!",6.00,0.0433
v1|278169938370|0,"JAPANESE WWII ERA RECORD CASE w/ 3 1940s 10"" 78 rpm Shellac Records, Rare!",40.00,0.0433
v1|147426862173|0,Al Stewart Time Passages Vinyl,8.00,0.0433
v1|407060616464|0,DEAN MARTIN - DEAN MARTIN SINGS / SINATRA CONDUCTS   1965 LP Record   VG / VG+,5.00,0.0432
v1|377331375962|0,COUNT BASIE : LOT OF 22 : VINYL LP’S,98.88,0.0432
v1|127965219870|0,"78 RPM, Salty Holmes, Blue Eyes Crying In The Rain, Just An Old Farm For Sale",7.99,0.0432
v1|158060611146|0,The Wattfour ‎– Country Feelings GIMP Records ‎LP-53421 G LP TAMPA   WILDFINGERS,5.99,0.0432
v1|117292449751|0,Jimi Hendrix Experience Live in Maui 3-LP Vinyl Set Tested + Blu-Ray + Booklet,52.00,0.0432
v1|178295540538|0,The Imperials This Years Model,2.89,0.0432
v1|318563571813|0,"Brownie Mcghee, My Consolation.  Savoy 778  VG+ --",25.00,0.0432
v1|236925871768|0,"Loverboy by Loverboy (Vinyl, Columbia (USA))",5.00,0.0432
v1|307052144498|0,Enoch Light & The Light Brigade - Movie Hits,3.80,0.0432
v1|298493400997|0,The Romantics – Self-Titled - 1979 w/What I Like About You PZ 36273 Power Pop,5.75,0.0431
v1|278170028376|0,"Gary Puckett and The Union Gap, YOUNG GIRL, LP record, VG+, Columbia CS 9664",5.99,0.0431
v1|318564775566|0,K-Tel - Believe In Music Vinyl Record LP,10.00,0.0431
v1|127969764163|0,LP Del Vikings MG20314 - Mercury Records 1957 - They Sing They Swing - C Stevens,70.00,0.0431
v1|158058617250|0,Jean-Philippe Rameau - Albert Fuller ‎– Pièces De Clavecin,14.00,0.0431
v1|147425588165|0,The Dave Clark Five More Greatest Hits LP Epic LN 24221 In Shrink Woolco StickR,19.99,0.0430
v1|307044650767|0,Vintage LP: Poet's Gold - A collection of readings of poetry classics,6.00,0.0430
v1|158058617232|0,"Sergei Vasilyevich Rachmaninoff, Jean-Philippe Collard, Michel Plasson, Orchestr",20.00,0.0430
v1|198486125250|0,Peter Schilling Major Tom vinyl 45 English & German Slightly Warped Some Scratch,4.00,0.0430
v1|227423076227|0,Barbra Streisand – Live Concert At The Forum LP KC31760 Vinyl 1972 w/ Poster VG,4.99,0.0430
v1|407059829279|0,Orleans - Forever ~ INS-2004 Record Made in UK ~ E,4.99,0.0430
v1|147420143157|0,Billy Joel Turnstiles Vinyl LP (1976 Columbia) PC 33848 First Press MINT COND,25.00,0.0430
v1|137499642971|0,Devo – Peek-A-Boo! / Find Out - 1982 - Warner Bros  12”  45RPM Single NM/VG+,100.00,0.0430
v1|257613270531|0,"Tom Petty ""Here Comes My Girl"" U.K. import 3-track 12"" EP w/live track",12.50,0.0429
v1|117287644875|0,Frankie Carle RCA Victor 2 record set of 45s - Oh What It Seemed To Be/ +7 more,2.49,0.0429
v1|236927838407|0,1982 Michael Jackson THRILLER Vinyl Album Gatefold 1st Press QE38112 Only Quincy,200.00,0.0429
v1|318564610696|0,Beatles-Rel. Apple Paul & Linda McCartney Uncle Albert VG+/EX!,3.99,0.0429
v1|278157715499|0,ROY CLARK      Lot Of 6 Vinyl Records LPS     VG TO VG+,5.99,0.0429
v1|178295439954|0,Dan Fogelberg – Souvenirs Vinyl LP 1979,7.99,0.0429
v1|318564544878|0,Albert Ammons 8022 Swanee River Boogie/I Don't Want To See You Single Mercury,1.94,0.0429
v1|178295427130|0,Willy DeVille Angel Eyes,3.99,0.0428
v1|318561225006|0,HOW THE WEST WAS WON Original Soundtrack LP 1963 - MGM 33 RMP VINYL Records,4.95,0.0428
v1|318561225006|0,HOW THE WEST WAS WON Original Soundtrack LP 1963 - MGM 33 RMP VINYL Records,4.95,0.0428
v1|127966673113|0,Iron Monkey Our Problem Double Vinyl Puke Green Sludge Core Dystopia Grief ,93.00,0.0428
v1|127966611169|0,the chipmunks 33 rpm record lp songs from our tv show/very good minus,4.00,0.0428
v1|398156129074|0,"Laurindo Almeida & Villa Lobos ""Music For The Spanish Guitar"" Vinyl ",5.00,0.0428
v1|287449662903|0,"Chicago - Hot Streets (LP, 1978, Columbia) Gatefold ~ *Sterling Press",7.99,0.0428
v1|178294084379|0,THE DICK CLARK FIVE LP Album-American Tour,4.99,0.0428
v1|398156685623|0,"System Of A Down - Mezmerize, 33rpm, LP, 2018 Reissue, Hard Rock, Nu Metal",170.00,0.0428
v1|358776824663|0,Mozart Symphonies 39 & 36 Vinyl On Deutsche Grammophon,3.20,0.0428
v1|206406009679|0,Ringo Starr 45 Step Lightly / Oh My My 1973 Apple Records 1872 vg+,0.99,0.0428
v1|178295486864|0,Linda Ronstadt - SIMPLE DREAMS  LP Vinyl  Asylum 6E-104 ,9.50,0.0428
v1|307044650745|0,World-renowned opera star Eileen Farrell sings Puccini Arias ,5.70,0.0428
v1|318560602660|0,"Elvis Original Vinyl Soundtrack ""Frankie And Johnny"" LPM 3553 RCA Victor",10.00,0.0427
v1|336674952494|0,Bobby Darin – You Must Have Been A Beautiful Baby / Sorrow Tomorrow  ATCO 45 RPM,3.00,0.0427
v1|358783931701|0,England Dan & John Ford Coley I Hear The Music 1976 A&M Vinyl LP,1.99,0.0427
v1|407059518592|0,Oscar D'Leon* Presenta... La Critica – La Critica* Lp Vinyl * TOP HITS ,30.00,0.0427
v1|307051043630|0,Johnny Cash- Big River Vinyl LP Record Album JS-6118 1972 Tested VG+/VG,2.99,0.0427
v1|188619169060|0,"Enrico Caruso, A Treasury Of Immortal Performances, Music To Remember Two Albums",8.99,0.0427
v1|287449640937|0,LORETTA LYNN LOOKIN' GOOD MCA RECORD  VINYL LP 124-32W,6.00,0.0427
v1|227423234948|0,"JIMI HENDRIX, ""EXPERIENCE"" ORIGINAL SOUNDTRACK VINYL LP ALBUM, 1971 on Bulldog",22.99,0.0427
v1|227423234948|0,"JIMI HENDRIX, ""EXPERIENCE"" ORIGINAL SOUNDTRACK VINYL LP ALBUM, 1971 on Bulldog",22.99,0.0427
v1|117295924076|0,78RPM.The world's greatest Operas.G.Puccini-MADAMA BUTTERFLY.NM,6.99,0.0426
v1|188619016381|0,Lavender Jane “Lavender Jane” Olivia Records OLIVIA 40 1973 Folk Vinyl LP,18.24,0.0426
v1|227422894531|0,1974 Ray Stevens Record LP SEALED The Streak Album - Don't Look Ethel!,10.00,0.0426
v1|198488054075|0,Genesis The Last Domino 180 Gram Vinyl Record LP Box Set Prog Hard Rock Classic,15.50,0.0426
v1|307050942155|0,JOHN COUGAR MELLENCAMP - SCARECROW ALBUM - VINTAGE MASTERDISK,27.99,0.0426
v1|147425563481|0,"Elvis The Greatest Show On Earth RCA 12"" 33RPM Black Vinyl LP Collector's Ed",4.56,0.0426
v1|168517811446|0,Del Shannon-Stranger In Town/Over You-45 RPM-7”-Single-Rock-Vinyl-Amy 919-1965,6.99,0.0426
v1|178295783198|0,"Ray Charles Born To Lose / I Cant Stop Loving You 7"" 45 ABC Paramount Record",1.16,0.0426
v1|298493711271|0,Judy Collins Fifth Album - Vinyl RECORD EKS-7300 Elektra records 1965,16.99,0.0425
v1|307052270539|0,Emerson Lake And Palmer - Pictures at an Exhibition [LP],5.99,0.0425
v1|318516898184|0,Cliff Richard – Cliff (The Cliff Richard Story Vol. 1) - NL Import Reissue LP,4.99,0.0425
v1|398155715178|0,LANG LANG In Paris Chopin Tchaikovsky 2 LP VINYL  2015 Sony Classical EX,11.99,0.0425
v1|398155471531|0,Tom Jones Live in Las Vegas Vinyl LP Stereo Live Recording London PAS 71031,1.77,0.0424
v1|257615091139|0,Zeke - Hellbender 2018 Vinyl Relapse Records ,35.00,0.0424
v1|236926770361|0,Turnabout Vox Liszt The 2 Piano Concerti Alfred Brendel Vinyl LP TVS 34581,4.98,0.0424
v1|178302641181|0,CARPENTERS - A KIND OF HUSH - A&M 1976 - WITH LINER VINYL LP SP-4581,1.00,0.0424
v1|298493650363|0,65  LP's From 1960's     CHOOSE  ANY 5-LP's  For  $25.00    NM or As Described,25.00,0.0424
v1|278167867089|0,Lot Of 20 Vintage 33 rpm vinyl Classic ROCK & Dance records.,92.00,0.0424
v1|287448733203|0,"Jimmy Buffett Songs You Know by Heart 12"" Vinyl LP 33 RPM MCA-5633 1985",15.00,0.0424
v1|158074129824|0,"MC Hammer This is the Way We Roll 12"" single vinyl record",3.00,0.0424
v1|267718880224|0,Detective It Takes One to Know One vinyl record album,11.99,0.0424
v1|307052770474|0,Stevie Wonder 45RPM “That Girl” 1982 80s Motown Soul R&B 7” UK Vinyl PS NM,3.00,0.0424
v1|327257615146|0,2018 Denzel Curry TA1300 LP Record Loma Vista LVR00421 / LVR00469,6.00,0.0424
v1|398156646929|0,The Rolling Stones - Sticky Fingers LP 1971 Vinyl COC 59100 Zipper Cover Rock ,250.00,0.0423
v1|158075850619|0,Eurythmics Here Comes the Rain and Paint a Rumour 45 rpm vinyl record,3.00,0.0423
v1|377334716674|0,"U.N.V. So In Love With You Vinyl 12"" Promo R&B Maverick R&B Remix 42-45839",8.88,0.0423
v1|287449842161|0,"Henson Cargill Skip a Rope LP Vinyl 12"" 33 RPM Monument Country Black",10.00,0.0423
v1|168525634514|0,"Neil Sedaka – The Hungry Years LP PIG-2157 -MCA839,  1975, w/ Lyrics- LP-EX,CV-G",3.00,0.0423
v1|267722690874|0,"Ramsey Lewis ""Love Notes"" LP",2.50,0.0422
v1|800311548022|0,The Weeknd - Hurry Up Tomorrow The Complete Edition 22 Tracks Vinyl,25.00,0.0422
v1|137497148911|0,"Kenny Loggins Alive Double Vinyl Album, Gatefold, 1980 CBS, VG",8.00,0.0422
v1|307052678073|0,Lee Michaels ‎5th VINYL LP Pickwick 1979 Reissue Do You Know What I Mean hit,4.95,0.0422
v1|257614556376|0,The Ink Spots Ping Pong Percussion Vol. 3 Vintage Vinyl Record RFM 68,3.28,0.0422
v1|178295440540|0,"LITTLE RIVER BAND - SLEEPER CATCHER - 12"" VINYL RECORD ALBUM LP",9.99,0.0422
v1|127965074270|0,ELVIS PRESLEY LOT OF 4 LPS VINYL 3 NEW/1 USED CHRISTMAS LET'S BE FRIENDS CAMDEN,14.50,0.0422
v1|407060021580|0,Neil Sedaka~ Sedaka's Back~old~1974~LP Gatefold vintage Album~MCA-463 record ,3.00,0.0421
v1|257614489536|0,Neil Diamond Love At The Greek Live Vinyl LP Orig Record VG+ VG+,4.56,0.0421
v1|398156618424|0,frank sinatra come swing with me vinyl,5.00,0.0421
v1|278169450347|0,Wolfgang A MOZART Requiem K 626 Michael Corbin Con.  Musical Heritage Society,25.00,0.0421
v1|327254041991|0,Nine Inch Nails NIN With Teeth 2xLP 180g Vinyl Definitive B0025681-01 Halo 19V,18.50,0.0421
v1|147425562669|0,"Elvis Presley Frankie & Johnny Pickwick ACL-7007 12"" Black Vinyl Stereo LP",3.60,0.0421
v1|287440676765|0,ATLANTA RHYTHM SECTION     Lot Of 2 Vinyl Records LPS,5.99,0.0420
v1|198488058384|0,The Mills Brothers and the Mellow Years 5 Album Set,5.00,0.0420
v1|117293855224|0,"45 rpm Sammi Smith Help Me Make It Through The Night  MEGA Records 7"" VG+",3.50,0.0420
v1|227424385016|0,"1955 78 rpm FRANK SINATRA NOT AS A STRANGER, HOW COULD YOU, CAPITOL 3130 JAZZ E-",9.95,0.0420
v1|178289077729|0,originial 1977 Star Wars Record album with poster in almost mint condition,100.00,0.0420
v1|158075044310|0,"The King and I Original Soundtrack LP 1956 Capitol Records, Vinyl",3.00,0.0420
v1|298490403484|0,"Lot JIM ED BROWN/HELEN CORNELIUS 45RPM-Pop a Top/SaYing Hello, Saying I Love",4.99,0.0420
v1|198485883660|0,"Jimmy Buffett ""You Had To Be There"" Original Vinyl LP",5.00,0.0420
v1|358776095845|0,Kool & The Gang - Ladies Night – (1979),20.00,0.0419
v1|206398811253|0,"Soul/ R&B  Wilson Pickett ""If You Need Me""",20.00,0.0419
v1|168526248055|0,Soul Kings King Of Soul Medley PROMO SINGLE Vinyl EX/EX Ultrasonic Clean & Test,10.99,0.0419
v1|278159768320|0,Shirley Bassey Record Albums (Lot of 4),13.00,0.0419
v1|298493255197|0,POTLIQUOR LEVEE BLUES LP VINYL ALBUM,28.00,0.0419
v1|318562990841|0,PACKARD BELL Demonstration Record Stereophonic High Fi Record 33 LP VINTAGE,9.95,0.0419
v1|358773890708|0,"BENNY GREEN Juggin Around 45 7"" JAZZ HARD BOP SWING Record Vinyl Records",1.57,0.0419
v1|307052771138|0,"7"" 45 RPM KENNY BIGGS THE WORST FOOLS OF ALL ON TIARA NM/M 1967",6.95,0.0418
v1|358773385632|0,Tom Petty and the Heartbreakers LP You're Gonna Get It PROMO MINT,15.00,0.0418
v1|318563143215|0,"Tommy McLain Sweet Dreams/I Need You So by MSL Records 7"" Vinyl Record 45rpm",10.00,0.0418
v1|298492059329|0,"1965- WALTER GIESEKING: "" GIESEKING"" SOUVENIRS"", 12"" ANGEL RECORD , CLASSICAL",1.99,0.0418
v1|168523997928|0,"THE GRATEFUL DEAD 10 LP LOT WORKINGMANS DEAD, EUROPE 72, WAKE OF THE FLOOD",155.55,0.0418
v1|800311563600|0,BAD COMPANY DESOLATION ANGELS VINYL RECORD 1979 VG+,12.99,0.0417
v1|206403803269|0,"LP 10"" Square Dance ! Carson Robison and his Old Timers 10 inch record CL 2551",10.00,0.0417
v1|178302641164|0,"Anthony Newley The Singer And His Songs - Vinyl, 1977 United Artists UA-LA718-G",1.00,0.0417
v1|327248740702|0,"3 Bobby Goldsboro 45s ""Little Things"" 1960s  ""Broomstick Cowboy""  Good Condition",4.99,0.0417
v1|117286651309|0,"Barbra Streisand 1970 Original Soundtrack “On A Clear Day You Can See Forever""",8.00,0.0417
v1|158068175200|0,Elvis Presley Kiss Me Quick/Suspicion US BMG 45,6.00,0.0417
v1|127964878113|0,Eyehategod 10 Years Of Abuse Limited To 750  Double Vinyl Lp,27.00,0.0417
v1|267724766836|0,type o negative dead again box dvd 3 vinyls booklet ♎ ✅♍❎,179.99,0.0417
v1|327253979625|0,Thin Lizzy - Jailbreak -  2011 ReMastered - Reissure - gray vinyl,89.99,0.0417
v1|800311534027|0,Lot Of 4 Eliminator By ZZ Top Vinyl Records LP Album With Original Cover,8.49,0.0417
v1|327249574097|0,"Christmas America: Album Two ""LP""",2.50,0.0416
v1|137499500007|0,RCA Red Seal LSC-3317 - Heifetz Beethoven Concerto Boston Symph LP Stereo,6.49,0.0416
v1|236927692974|0,"Pearl Jam Vinyl Alive by Pearl Jam [RSD Limited Edition] (Vinyl LP, Jul 2021)",18.00,0.0416
v1|127969765767|0,LP The Roaring 20's Sandy Clark - C4029 - Golden Tone Hi-Fid Vol 2 - 33 1/3 RPM,6.00,0.0415
v1|158075209350|0,Slim Harpo John Lee Hooker 45 Promo Lot King Bee Serves Me Right Rare Blues VG,19.99,0.0415
v1|267719656269|0,Poco – Pickin' Up The Pieces LP - 1969 - VG+/VG+,12.00,0.0415
v1|358777216241|0,"Mercury Living Presence Haydn Symphonies 94 103 12"" 33 RPM Stereo SR90208",19.00,0.0415
v1|158070006212|0,MARTINON Chicago Symphony Bizet/Mendelssohn Vinyl LP Symphony in C,1.99,0.0415
v1|358775292338|0,Midpoint: Quest III Live at the Montmartre Copenhagen Denmark LP [Storyville],20.00,0.0415
v1|267721686007|0,Childrens Four Records And One Tape,29.99,0.0414
v1|287448292076|0,Sun Records Johnny Cash “Sings The Songs That Made Him Famous” Vinyl Record,28.00,0.0414
v1|127966615665|0,james taylor 33 rpm record sweet baby james very good minus,8.00,0.0414
v1|236925782071|0,The Ventures' Christmas Album Vinyl LP 1965 Dolton Record BLP-2038 A,20.00,0.0414
v1|398155353457|0,"Mark Knopfler Down the Road Wherever  (Record, 2018)",30.00,0.0414
v1|298493711787|0,Wild And Crazy Hits ERA Records 1978 BU-4910 Vinyl LP 12'' Vintage,6.99,0.0414
v1|407061352298|0,Billy Vaughn - Berlin Melody   1961 LP Vinyl Record Album   VG / VG   Jojo's,5.00,0.0414
v1|287448399796|0,"The Magic of Mantovani, 8 LP record Set, by RCA RECORDS for Reader's Digest 1974",5.99,0.0414
v1|407059975895|0,"Pantera Cowboys From Hell LP 12"" White Colored Vinyl ATCO RFI 91372",100.00,0.0414
v1|168525213653|0,"Ol' Blue Eyes Is Back by Frank Sinatra (Vinyl, Reprise)",5.00,0.0414
v1|178295695060|0,Tygers of Pan Tang - Wild Cat - 1980 Promo Vinyl LP - MCA 3270,18.50,0.0414
v1|267721950846|0,Pete Klint Quintet Just Hold On Garage Rock Flip Hey Diddle Diddle 1968 45 rpm,5.00,0.0414
v1|307052574808|0,The Baskerville Hounds	Here I Come Miami / Hold Me  45 RPM,4.00,0.0414
v1|287449675395|0,45rpm lot (10) * CONNIE FRANCIS*CONNIE STEVENS*DEBBIE REYNOLDS*DIANE RENAY-more,10.00,0.0414
v1|206403892986|0,"Pat Boone - 12 Great Hits Hamilton 12"" Vinyl LP Record Pop, Sleeve",2.26,0.0414
v1|206405617952|0,~~THE WHO~~HAPPY JACK~~LP~~DECCA~~STEREO~~VG+ / VG+,15.99,0.0414
v1|398156061831|0,"Ferde Grofe GRAND CANYON SUITE Howard Hanson, Mercury Living Presence LP Record",2.39,0.0414
v1|298494394820|0,"Jethro Tull's seventh studio album, War Child Vinyl-VG+",1.00,0.0413
v1|336680578906|0,Bear Down Chicago Bears NFL Marching Band / Bernard Green 45rpm vinyl record,25.00,0.0413
v1|137499446123|0,"Dreamboat Annie by Heart (Record, 2016)",4.80,0.0413
v1|127964864650|0,CARPENTERS A Kind Of Hush 1976 Vintage Vinyl + 1972 Top Of The World Sheet Music,7.95,0.0413
v1|287448575342|0,IMPALAS  UNDER 21 1000  ANOTHER TYPE OF LOVE VG +    45 RPM,6.99,0.0413
v1|298484675930|0,"1972 LITTLE RED HEN 33 RPM Children’s Record - Young Readers Press,  7"", Jacket",6.99,0.0412
v1|407059821123|0,The Great Dolly Parton Vol.2 ~ Record Made in UK - CDS1184 ~ E+,9.99,0.0412
v1|407059602758|0,"Edison Diamond Disc 51738, Jack Stillman's Orchestra, Valencia/Lulu Belle, 1926",9.99,0.0412
v1|377329701093|0,Sea Level Ball Room Vinyl Record LP Album  1980 Promotional Prom Great Shape,19.00,0.0412
v1|168524328038|0,"Reader's Digest ""These Were Our Songs: The Early 40's Vinyl Record Box Set",8.99,0.0412
v1|178295875503|0,"Birdwing LP Record,George Frederick Handel ,The Messiah, 4 Record Box Set VG ",4.00,0.0412
v1|206405953666|0,"EMERSON LAKE & PALMER - Works Volume 1 (1977) - 12"" Vinyl Record 2xLP - VG+",4.00,0.0412
v1|318515940795|0,REO Speedwagon – Hi Infidelity - NL Import LP 1980,4.99,0.0411
v1|800310668463|0,Loverboy Keep It Up (1983) 12 Vinyl LP Record Columbia Records  Mint,10.00,0.0411
v1|307044649778|0,Vintage LP: Prevent Back Pain,8.00,0.0411
v1|178298131795|0,"Styx - ""Styx II - The Serpent Is Rising"" - LP",5.00,0.0411
v1|227423006181|0,Bullet For My Valentine The Poison Live At Brixton Vinyl 3LP RED Bonus Tracks ,120.00,0.0411
v1|127966119688|0,Eagles The Long Run Vinyl 1979 Sterling Pressing 5E 508 Fair Condition ,4.10,0.0411
v1|407059905953|0,Frank Sinatra - Sinatra '65   1965 LP Vinyl Record Album   VG / VG   My Kind Of,5.00,0.0411
v1|137497713439|0,The Fantastic Johnny C: New Love / Got What You Need 45 - Phil L.A. Of Soul,5.50,0.0411
v1|178296066911|0,"Bell Laboratories LP Record,Early Hi-FI,Leopold Stokowski,Philadelphia Orchestra",3.00,0.0411
v1|127966152931|0,Linda Ronstadt Heart Like A Wheel Vinyl LP 1982 Capitol ST 11358,2.95,0.0411
v1|278167459411|0,Double LP URIAH HEEP LIVE,20.00,0.0410
v1|117287644865|0,Nelson Riddle and His Orchestra - Robin Hood/Lisbon Antigua - #F3287 - 1955,2.49,0.0410
v1|158075872206|0,"Norma Jean Sorcerer and I Believe in You 12"" single vinyl record",3.00,0.0410
v1|298494056167|0,Deodato – Also Sprach Zarathustra (2001) / Spirit Original 45 Rpm Record  1973,1.99,0.0410
v1|188618969732|0,Ian & Sylvia “Four Strong Winds” Vanguard Folk LP Vinyl VRS-9133,5.85,0.0410
v1|307044650798|0,Vintage LP of world renowned singer Ezio Pinza singing arias from beloved operas,8.00,0.0410
v1|127966229672|0,Acid King BUSSE WOODS VINYL LP OLAYED ONCE,14.50,0.0410
v1|127966581904|0,dominique the singing nun 33 rpm record/very good minus,3.98,0.0409
v1|236920798307|0,Bobby Darin – Beyond the Sea/That's the Way Love Is - Atco Records 45 RPM- VG+,4.99,0.0409
v1|236920798312|0,Bobby Darin – Beyond the Sea/That's the Way Love Is - Atco Records 45 RPM- VG+,4.99,0.0409
v1|236920798315|0,Bobby Darin – Beyond the Sea/That's the Way Love Is - Atco Records 45 RPM- VG+,4.99,0.0409
v1|267719034499|0,"LP ""The Broadway Album"" by Barbra Streisand",4.00,0.0409
v1|318560487374|0,Starbuck Rock and Roll Rocket Vinyl,10.00,0.0409
v1|407060014358|0,"DAVID MERRICK- CAROL CHANNING- HELLO, DOLLY LP+ 1960s original cast vinyl classi",3.00,0.0409
v1|307044650802|0,"Early Hollywood heartthrob Jeanette MacDonald sings songs from classic movies.,",4.50,0.0409
v1|398157154717|0,Emergers 20/20 LP,3.00,0.0409
v1|298491972378|0,Lot Soundtrack Albums-LIVE IN LONDON/BYE BYE BIRDIE/THE BIG CHILL/THE KING AND I,4.99,0.0409
v1|168529049411|0,Rodgers & Hammerstein-A Puzzlement/Getting to Know You EX,2.65,0.0409
v1|267722462937|0,Paul Simon There Goes Rhymin' Simon KC 32280 Lp Vinyl 1973 Gatefold,3.99,0.0409
v1|236925903035|0,Bill Wyman-(Si Si) Je Suis Un Rock Star UK 45 pic sleeve on A&M,7.99,0.0408
v1|158070201108|0,JOHNNY RIVERS-1 LP (34b),4.00,0.0408
v1|366532620376|0,The Doors Vinyl LP,95.00,0.0408
v1|327253513314|0,Doo Wop 45: The Popular Five Tomorrow Night/Sh-Boom on Rae Cox 1967,2.00,0.0407
v1|178302399409|0,Della Reese ~ The ABC Collection,2.00,0.0407
v1|278174194503|0,Steve Winwood-Lot Of 2 Vinyl Records-Back In The High Life - Arc Of Diver LP,9.99,0.0407
v1|298493259609|0,Ian Gillan Band - Child In Time - Promo Gatefold LP Vinyl Album ,27.00,0.0407
v1|178295725994|0,"MOTORHEAD * Iron Fist * 1982 UK RED VINYL 7"" 45 * HEAVY METAL * LEMMY *",25.99,0.0407
v1|127964955678|0,"Earl Thomas Conley Angel in Disguise RCA 7"" Black Vinyl 45 Stereo PB-13758",2.16,0.0407
v1|336679281219|0,"Village People Cruisin' 12"" 33 RPM Black Vinyl LP Casablanca NBLP 7118 1978",4.41,0.0407
v1|287448425386|0,"Direct Hit Remix Service 12"" LP Vinyl",5.60,0.0407
v1|307052745706|0,"Tyler, The Creator Flower Boy 12"" Vinyl LP Record Columbia Rap/Hip Hop Sleeve",5.12,0.0407
v1|287450915562|0,THE BACHELORS - HITS OF THE 60'S - LP (X1),5.00,0.0407
v1|227423076172|0,Barbra Streisand – What About Today? LP PC9816 Vinyl Michel Legrand VG+,4.99,0.0406
v1|147427376376|0,ELVIS PRESLEY Self Titled RCA LSP-1254(e) LP,15.00,0.0406
v1|168526186426|0,The Moody Blues To Our Children’s Children’s Children VG/VG+ ULTRASONIC & TESTED,9.99,0.0405
v1|318561712174|0,The Beatles Rubber Soul Vinyl LP Mono High-Fidelity Capitol Records T 2442,6.00,0.0405
v1|188618761596|0,BARBRA JOAN STREISAND COLUMBIA LP QUADRAPHONIC,2.99,0.0405
v1|327253888861|0,"Double Fantasy by Lennon, John (Record, 2015)",6.99,0.0405
v1|318561270288|0,Gordon Lightfoot Summertime Dream Vintage Vinyl LP 1976 Reprise Record MS-2246,30.00,0.0405
v1|366532299304|0,"Bill Haley & His Comets~ Golden Hits~ 2x Vinyl LP, Compilation",2.00,0.0405
v1|178295710179|0,45 Promo Ozzy Osbourne Crazy Train  1987 wlp Stereo CBS,19.99,0.0405
v1|327255179892|0,Bach Greatest Organ Works by J.S. Bach (2001),5.00,0.0404
v1|358776925397|0,"SPECIMEN – Beauty of Poison/Returning From a Journey (1984)  - 12"" Maxi Single",30.00,0.0404
v1|267721676363|0,"Flashdance Soundtrack Vinyl Record LP, 1983 Casablanca Original",5.00,0.0404
v1|267722429045|0,Diana Ross and The Supremes Where Did Our Love Go Original 1964 12” Vg+ Vinyl LP,5.99,0.0404
v1|287450790007|0,"The Doors the Soft Parade Vinyl LP Record (Elektra, EKS-75005)",10.00,0.0404
v1|366522322112|0,"3 Capital Records Linda Ronstadt The Stone Poneys # 1, 2, and 3",45.00,0.0404
v1|117292853481|0,"Cliff Richard ""Cliff's Hit Album"" Columbia Records",9.99,0.0404
v1|178302641146|0,"Anne Murray – Country – 1974 LP Capitol ST-511324, VG/VG+",1.00,0.0404
v1|358776997404|0,Led Zeppelin LP In Through The Out Door,10.00,0.0404
v1|267722325788|0,Bread Baby I’m A Want You  33” LP Vinyl ,4.00,0.0404
v1|147430715031|0,Neil Young On The Beach 1974,20.50,0.0404
v1|287448712890|0,"Willie Nelson City Of New Orleans LP Vinyl 12"" 33 RPM Columbia Country",16.00,0.0403
v1|137496998163|0,"LP INTERWEAVE EXPEDITION, Vanderveer Records #VLP-9034, 1986  (lot a)",9.95,0.0403
v1|117293940316|0,Bruce Springsteen BORN TO RUN Vinyl LP Album - Columbia Records 1980 Reissue,9.99,0.0403
v1|127965167276|0,"Ace How Long / Sniffin' About Anchor 7"" Black Vinyl 45 RPM Stereo ANC-21000",2.38,0.0403
v1|127965180372|0,"Ace How Long / Sniffin' About Anchor 7"" Black Vinyl 45 RPM Stereo ANC-2100",2.38,0.0403
v1|117293741618|0,"SIBELIUS: SYMPH #2 * PAUL PARAY, DETROIT * MERCURY SR90204 * COLOR BACK * VG",5.99,0.0403
v1|206405896894|0,Conan Gray WISHBONE (SHOOTING STAR EDITION) SIGNED CD Framed Matted,79.99,0.0403
v1|137499459239|0,RCA Red Seal Rubinstein - Beethoven Emperor Concerto No. 5 Barenboim ARL1-1420,2.72,0.0403
v1|298483435573|0,"- OZZY OSBOURNE ""OZZY LIVE” 2012 EPIC LEGACY -RSD - numbered",100.00,0.0403
v1|168526243513|0,"The Monkees, “Greatest Hits” Vinyl LP 1976 ARISTA AL4089 VG+ Ultrasonic Clean",8.99,0.0402
v1|178296028700|0,The Doors Waiting For The Sun Vinyl Record,18.00,0.0402
v1|188604939499|0,"Cynthia Manley ""Back In My Arms Again"" Rare Promo version.",4.00,0.0402
v1|307052734537|0,"Tyler, The Creator IGOR 12"" Vinyl LP Record Columbia Rap/Hip Hop",4.00,0.0402
v1|278170072195|0,"Radio Spots 1963 Promo One Sided ""The Prize"" w/P.Newman/E .G Robinson",19.99,0.0402
v1|407059906529|0,Sarah Dash - Close Enough ~BL 37659 - Made in Canada~ Patti Labelle & Bluebelles,6.99,0.0402
v1|298493719576|0,"62     10""-LP's          CHOOSE  ANY   5-LP's       NM or as Described",22.00,0.0402
v1|377336507775|0,"Wyclef Jean Kenny Rogers Vinyl 12"" Single Red Columbia CAS 75786",12.21,0.0401
v1|398162897436|0,Command Records 4LP Vinyl Lot Persuasive Percussion 1966-Ray Charles Singers-Doc,9.99,0.0401
v1|398154861368|0,Doo Wop 45: The Clovers If I Could Be Loved By You/Nip Sip on Atlantic 1955,2.00,0.0401
v1|227426573797|0,"Sweet Dreams of Country Golden Stars, Golden Memories LP Vinyl Box Set 1990",18.50,0.0401
v1|287440476523|0,38 SPECIAL  SPECIAL FORCES Vinyl Records  (AS IS),10.00,0.0401
v1|287450323856|0,Marshall Crenshaw - Marshall Crenshaw LP (Warner Bros BSK 3673) Winchester 1982,4.00,0.0401
v1|307052582562|0,"JOHNNY CASH ""THE SONGS THAT MADE HIM FAMOUS"" SUN RECORDS DT 90668",5.99,0.0401
v1|227424369435|0,"1956 78 rpm THE FIVE KEYS, WISDOM OF A FOOL NOW DON' THAT, CAPITOL 3597 ROCK, E",35.00,0.0401
v1|298493182345|0,Lord Pretty Flacko Jorde / Multiply A$Ap Rocky White Vinyl Record Store Day 45,10.00,0.0400
v1|307044649791|0,Vintage LP: Robert Francis Kennedy - A Memorial,11.00,0.0400
v1|278159496640|0,"HAYDN JEAN-PIERRE RAMPAL TWO CONCERTI FOR FLUTE, OBOE & ORCH NONESUCH STEREO LP",8.00,0.0400
v1|336679392200|0,16x Rock LP Record Lot Mixed Grade Texas Alphaville Wilde,12.00,0.0400
v1|407059844466|0,Nazareth - Malice in Wonderland ~ 1980 Record Made in US  A&M SP-4799 ~ E,9.99,0.0400
v1|307044513365|0,"Julian Lennon “Valotte” Stereo Vinyl = VG+ 12"" LP Record Rock, Pop, Pop Rock",3.00,0.0400
v1|267722628838|0,Frank Zappa - Discreet LP - Apostrophe - DS 2175,4.99,0.0400
v1|327256614689|0,Van Halen That's All Folks 2 CD Set,10.00,0.0400
v1|227424347366|0,"1954 78 rpm SARAH VAUGHAN, IDLE GOSSIP, MAKE YOURSELF ... MERCURY 70469 JAZZ E-",14.95,0.0400
v1|206408282710|0,"Crosby, Stills & Nash Allies 1983 NM/NM- Lyric Sleeve C,S & N",9.99,0.0399
v1|298493985740|0,Janis Ian Between the Lines Vinyl LP Record (1975) Columbia PC 33394,5.50,0.0399
v1|267721849604|0,TONY RITCHIE: comin' on strong / could you really live without her PROMO,25.00,0.0399
v1|127965064540|0,"Moe Bandy Up To Now Columbia 7"" Black Vinyl 45 RPM Stereo 3-10619",2.00,0.0399
v1|198487923884|0,Iron Maiden Somewhere In Time 180 Gram Vinyl Record LP Hard Rock Heavy Metal,16.50,0.0399
v1|327249646384|0,"Steven Schoenberg - Piano Works ""LP""",4.50,0.0398
v1|168518562685|0,"Eddie Vodicka - Keyboard Conntrasts,  Best Recordings BR-1976-1",9.99,0.0398
v1|198487997973|0,Linkin Park Hybrid Theory 180 Gram Vinyl Record LP Hard Rock Rap Metal,14.50,0.0398
v1|227425948336|0,Bonnie Raitt The Glow Vinyl 1979 Warner Bros. Records HS 3369 PROMOTIONAL COPY,0.99,0.0398
v1|287448530853|0,BARBI BENTON S/T LP '75 PLAYBOY PB-406  w Original Dustjacket COUNTRY MUSIC,5.99,0.0398
v1|168525212922|0,Chicago Box Set Vinyl/Record,5.00,0.0398
v1|407059519588|0,"Oscar D'Leon A Mi Si Me Gusta Asi! Latin Salsa LP Vinyl TH Records 12"" 33 RPM S…",20.00,0.0398
v1|158069999966|0,MEL LEWIS : AND FRIENDS VINYL LP 1977 HORIZON USA FEAT. MICHAEL BRECKER,3.99,0.0398
v1|178297557926|0,"Chicago - ""17"" - LP",3.00,0.0398
v1|257614384249|0,Golden Axe I & II Video Game Soundtrack  Vinyl Record LP Data Discs VGM OST Sega,70.00,0.0398
v1|236925871810|0,David Foster LP 1986 Atlantic Records 81642-1 Allied Press OOP St. Elmo’s Fire,15.50,0.0398
v1|407059900464|0,Don Costa - DON COSTA'S INSTRUMENTAL VERSIONS OF SIMON & GARFUNKEL   VG / VG+,5.00,0.0397
v1|800314994371|0,"THE GEORGE SHEARING QUINTET-A SHEARING CARAVAN-MGM 3175, CAL TJADER",10.98,0.0397
v1|198488071291|0,Arthur Fiedler Boston Pops Pops Varieties Reader's Digest Vinyl Box Set,2.39,0.0397
v1|358762194542|0,Herb Alpert – Rise - 1980 RE - Terre Haute Pressing - A&M Records SP 3714 EX/EX,14.00,0.0397
v1|178295741194|0,GEORGE BENSON-THE COOKBOOK-VINYL LP-AUTOGRAPHED-BEAUTIFUL VINYL GOOD COVER,54.99,0.0397
v1|358775292306|0,"Bob Wills Day, Live from Turkey, Texas, 1984 Delta Records DLP-1177, 2LPs VG+",25.00,0.0397
v1|287448658623|0,Fats Domino – I'm Walkin' / I'm In The Mood For Love   IMPERIAL   1957  U.S.  78,12.95,0.0397
v1|227424509705|0,LUCILLE BOGAN Shave Em' Dry / Plumber Explicit Blues 78 RPM Shellac G+ USED,258.56,0.0397
v1|147426909978|0,The Beatles Revolver Stereo Vinyl LP ST 2576  Like New,75.00,0.0397
v1|127966080576|0,Lot Of 3 12” 78 Shellac Stephen Foster Melodies VG Red Seal Labels,12.50,0.0396
v1|307052297890|0,ISAAC STERN 1957  WIENIAWSKI Philadelphia Orch LP Columbia,2.04,0.0396
v1|188627394065|0,"SIMON & GARFUNKEL WEDNESDAY MORNING, 3AM 1964 NM/EX Columbia PC 9049",9.99,0.0396
v1|358776977660|0,STEVIE RAY VAUGHAN & DOUBLE TROUBLE – Couldn't Stand the Weather (1984) | PROMO,40.00,0.0396
v1|137499639343|0,Patty And The Emblems 45 Doowop First Press,5.50,0.0396
v1|137499177427|0,"Darrell Royal, Legend of the Longhorns Record With The Univ. of Texas Band",15.99,0.0395
v1|236930182947|0,Italo Disco Via Verdi Diamond Remix 12” Single,19.99,0.0395
v1|398146258121|0,"Shattered Faith Slag Records ""Volume II"" EP 1985",24.99,0.0394
v1|127964855332|0,The Used Shallow Believer Blue Vinyl LP RSD 2015 Exclusive,36.00,0.0394
v1|327253782601|0,George Jones Greatest Hits Vinyl LP Musicor Records 1975 Stereo MS 3116,20.00,0.0394
v1|158075209318|0,Garnet Mimms & The Enchanters 45 Cry Baby / Don't Change Your Heart UA Promo VG+,8.00,0.0394
v1|206405230247|0,Justin Townes Earle - Kids in the Street - PledgeMusic Package [Signed + bonus],175.00,0.0394
v1|227423170567|0,Reader's Digest Popular Music Hit Parade 110 Favorites Vinyl Record Box Set,7.50,0.0393
v1|127966299940|0,The Partridge Family Sound Magazine LP Vinyl 33 RPM 1971 Record,4.58,0.0393
v1|137499373130|0,GREATEST WESTERN HITS RAY PRICE CARL SMITH LEFTY FRIZZELL (VG+) LP VINYL RECORD,1.99,0.0393
v1|377330203790|0,Eric Clapton Before You Accuse Me RepricedCd,5.38,0.0393
v1|236920806726|0,ELLA FITZGERALD Ella Sings Gershwin MCA-215 LP stereo 1980 reissue in shrink,9.99,0.0393
v1|358776149993|0,Kool & The Gang - The Force (1977) - Gold Stamp Promo,35.00,0.0393
v1|188530180004|0,Bobby Hackett Plays Tony Bennett's Greatest Hits - Epic 26220 LP Vinyl - EX,0.99,0.0393
v1|267721835807|0,Aerosmith – Rocks - PC 34165 - Vinyl LP Record - 1976 - Original Inner Sleeve,16.75,0.0393
v1|168525638564|0,DOCTOR ZHiVAGO - Sound Track Album 1965 With movie booklet NM - ULTRASONIC CLEAN,10.99,0.0392
v1|188621410348|0,Gregg Allman – Laid Back – 1973 Capricorn – CP 0116 – VG,4.50,0.0392
v1|127964897747|0,Olivia Rodrigo Walk in the Park Midnight Exclusive 7” Green Single Vinyl,31.00,0.0392
v1|178297977402|0,Allman Brothers Band: Ramblin' Man / Pony Boy excellent ! Free shipping.,6.50,0.0392
v1|236925895012|0,"Jesus Sound Explosion Live 1972 (Various) Johnny Cash, Larry Norman, many more.",14.99,0.0391
v1|188622044933|0,"VARIOUS  on LP  single "" WILD STYLE "" hip hop sondtrack",14.99,0.0391
v1|307044639484|0,"Randy Newman Lot Of 2 Albums Vinyls Visually Rated  Rock, Pop, Pop Rock  A54",9.00,0.0391
v1|137485897621|0,Dave Mason – Certified Live 2×LP 1976 • TML Mastered • VG/G VG+ Inners,34.99,0.0391
v1|377336288100|0,"95 South Whoot! There It Is Vinyl 12"" Single Hip-Hop Bass Music Wipay",7.77,0.0391
v1|318563144496|0,"Bill Cosby - Little Ole Man / Hush Hush 7"" Vinyl 45 WB 7072 1967 promo",7.00,0.0391
v1|298493711322|0,THE BEBOP BOYS - VARIOUS ARTISTS - SAVOY RECORDS DOUBLE LP,8.99,0.0391
v1|267722531280|0,"VISCOUNTS -MERCURY 45  ""RAINDROP"" /""MY GIRL""  1957 LISTEN",10.00,0.0390
v1|358773630443|0,"WINGS 12"" Single GOODNIGHT TONIGHT Daytime Nightime Suffering 1979",9.00,0.0390
v1|147426860357|0,The Great Songs Of Christmas Vinyl,7.00,0.0390
v1|236926068204|0,"A Child’s Introduction to The Orchestra Record VG++, Golden Record",5.00,0.0390
v1|287453261503|0,JETHRO TULL AQUALUNG   VINYL LP,5.00,0.0390
v1|257607202520|0,“That’ll Be The Day”--The Crickets (1957) 7-inch Vinyl  Maroon Label,12.00,0.0389
v1|366524557809|0,Andy Gibb – (Our Love) Don't Throw It All Away /One More Look At The Night - 45,4.99,0.0389
v1|178298068608|0,LOUISIANA COUNTRY 45 Tim Core - Makin' Believe / Part Of My Heart HY SIGN 5502,6.99,0.0389
v1|327249374257|0,JAZZ - FRANK ROSOLINO - THINKING ABOUT YOU - SACKVILLE - SEALED,6.99,0.0389
v1|257614233462|0,Emmylou Harris Quarter Moon In A Ten Cent Town 1978 vinyl,3.50,0.0389
v1|206404099482|0,"Bobby Bland 'I Feel Good, I Feel Fine' 1979 LP MCA Records McA-3157",4.00,0.0389
v1|267722558585|0,Michael Jackson - Epic LP - Thriller - QE 38112,9.25,0.0389
v1|188608813363|0,David Sylvian - (A Little Girl Dreams Of) Taking the Veil (1986 Vinyl),26.00,0.0389
v1|298491857486|0,CANDI STATON-YOUNG HEARTS RUN FREE-1976 WARNER BROS. WBS 8181,22.00,0.0389
v1|137498737462|0,ORIG 1953-55 SHELLEY MANNE AND HIS MEN C-2503 CLEAN VINYL,10.00,0.0388
v1|168529049371|0,Rodgers & Hammerstein - The King And I -My Lord And Master  EX,2.65,0.0388
v1|267719629439|0,Buck Owens And His Buckaroos – Open Up Your Heart LP - 1966 - VG+/VG+,7.00,0.0387
v1|287455132043|0,The Rolling Stones Get Yer Ya-Ya's Out! Vinyl LP 1971 London,5.00,0.0387
v1|127965078541|0,Johnny Cash -Ride This Train -VG/VG 1960 Outlaw Country Columbia CL-1464 MONO 1S,4.99,0.0387
v1|127965206812|0,"Iron Maiden 2 Minutes to Midnight 12"" Single Vinyl",35.00,0.0387
v1|127966550686|0,The Rolling Stones FLOWERS Vinyl LP Album - 1967 Mono - London Records LL 3509,12.99,0.0387
v1|236920798281|0,Bobby Darin – You're the Reason I'm Living/Now You're Gone- Capitol 45 Good,4.99,0.0387
v1|127965093365|0,"Don Gibson I Don't Think I'll Ever (Get Over You) Hickory 7"" 45 Stereo H 361",4.80,0.0386
v1|358774065072|0,Lot of 2 BEACH BOYS Japanese RED vinyl LPs Concert SURFIN' SAFARI Capitol label,11.50,0.0386
v1|366537210660|0,"Kiara The Best Of Me 12"" Single Vinyl AD19729 Soul 80's",5.00,0.0386
v1|318560702624|0,Prince and the Revolution Purple Rain Vinyl LP Record Limited Edition,15.00,0.0386
v1|178289000117|0,Elton John Your Song Australian 1971 vinyl 45rpm DJM label DJK-4107,6.00,0.0385
v1|137498991586|0,Candyman Knockin' Boots [12 inch Single Vinyl Jul-1990!!,8.00,0.0385
v1|178302641145|0,Tony Orlando & Dawn - To Be With You - Vinyl - Elektra Records - LP 7E-1049,1.00,0.0385
v1|287450102627|0,Diane Bish at the Ruffatti Organ - Music From a Royal Wedding LP,8.00,0.0385
v1|198486539689|0,The Platters - Encore Of Golden Hits - 50s Doo Wop LP Mercury Stereo Vinyl,4.55,0.0385
v1|287449661326|0,Heart Little Queen 1977 Portrait Vinyl LP Record with Lyrics Liner,12.50,0.0385
v1|287448576685|0,GENE TERRY & DOWN BEATS GOLDBAND 1081 NO MAIL TODAY  VG ++    45 RPM,6.99,0.0385
v1|307052423854|0,Queen the Game Vinyl LP Record Album,3.02,0.0385
v1|336680557540|0,"Herb Alpert & The Tijuana Brass - Treasury Award-Winning 12"" LP 33RPM",10.00,0.0384
v1|298492134680|0,Real McKenzies Float Me Boat Double LP Best Of Celtic Punk Tossers Flatfoot 56,28.00,0.0384
v1|198480521406|0,Jethro Tull - Living in the Past 1972 Gatefold Vinyl Record Album -2 Lp Set,11.99,0.0384
v1|398158382440|0,Tony Hawk's American Wasteland Soundtrack green vinyl LP my chemical romance,70.00,0.0384
v1|236920602399|0,Louis Jordan - 10-Inch 33 LP-Blues R&B-Aladdin 1546680 (Pathé Marconi) 1954 Mint,12.99,0.0384
v1|278168917168|0,Paul Anka - Goodnight My Love Vinyl Lp Record,3.50,0.0384
v1|236925901847|0,Eddie Holmes- Together Again/At Night Eagle Records 45,9.99,0.0383
v1|158058617233|0,"Leoš Janáček, Moravian Teacher's Choir ‎– Music For Male Chorus",12.00,0.0383
v1|407059984370|0,"The Ventures Rock And Roll Forever LP 12"" Black Vinyl United Artists Sleeve",10.00,0.0383
v1|236920574198|0,"MONTANA SLIM - The Alpine Milkman/There's A Tree On Every Road, 45, VG+, 1954",1.99,0.0383
v1|398158813162|0,the beatles something new vinyl,30.00,0.0383
v1|336679494129|0,MALCOLM McLAREN - MADAM BUTTERFLY b/w BOYS' CHORUS - ORIG 1984 NEW WAVE- 45 RPM,4.50,0.0383
v1|178298012448|0,Gerald Hudson My Front Door Julianne,19.96,0.0383
v1|137488487389|0,"County Line Hits, 1st Edition, Variety of Artists, Vinyl LP, Country, 1979",10.99,0.0382
v1|407059876292|0,Gladys Knight & the Pips - I Feel a Song ~ Record Made in U.K. BDLP4030 ~ E+,7.99,0.0382
v1|398146491761|0,Nikki & The Corvettes Orig Bomp Power Pop LP 1980,49.99,0.0382
v1|327257355116|0,BLEACHERS - Take The Sadness Out Of Saturday Night GOLD Vinyl LP Album,21.00,0.0382
v1|127965951272|0,Barrelhouse Blues 1927-1936 LP Yazoo Piano Blues Dh 810,23.99,0.0382
v1|327256689949|0,john lennon imagine vinyl lp,7.00,0.0382
v1|267722011719|0,VINTAGE VINYL LP:  Rodgers and Hammerstein - Carousel Movie Soundtrack,5.00,0.0382
v1|278168902783|0,"Paul Anka - The Painter [LP,1976]",4.00,0.0382
v1|366530981795|0,Woodstock Soundtrack 3 Record Set - 1970 Cotillion – SD 3-500 Vinyl LP,18.00,0.0382
v1|137499283469|0,ERNEST TUBB & His Texas Troubadours  HITTIN' THE ROAD DL-74681 Vintage Vinyl ,35.00,0.0381
v1|267722531296|0,"Major Lance ""AIN'T IT A SHAME"" / ""GOTTA GET AWAY"" Okeh 45 Listen",8.00,0.0381
v1|158068286652|0,BARBARA CARROLL-RARE MOVIE PICTURE SLEEVE + 45-(NORTH BY NORTHWEST)--PS--PIC-SLV,125.00,0.0381
v1|267721872723|0,Glimmer Twins + Saint of Me (Single Edit) Any Way You Look At It Pop Rock 45rpm,5.00,0.0381
v1|198486215451|0,5 Golden Records RCA Victor 5 LP Box Set 50 All Time Hits Vinyl,7.99,0.0381
v1|287442261817|0,Sarah Vaughan  Record Albums (Lot of 2),8.00,0.0381
v1|158068293641|0,45RPM QUIET RIOT-1- BOX-((4Xc),2.50,0.0381
v1|147427378501|0,David Bowie - The Man Who Sold The World Original Damaged Cover,16.99,0.0380
v1|398131587876|0,Shelly Manne & His Men At The Black Hawk Volume 1 Vinyl LP S 7577,9.99,0.0380
v1|158068037429|0,FULLER BROTHERS-PICTURE SLEEVE+45-(WHY DO FOOLS FALL IN LOVE)--PS--PIC-SLV,24.99,0.0380
v1|168525639270|0,A Man And A Woman Soundtrack NM - LP 1966 UA Records - ULTRASONIC CLEAN & TESTED,10.99,0.0380
v1|227426727744|0,"LP  Vinyl John Lennon 1980 Edition, Crosby, Big Brother and King Crimson-EX Cond",44.00,0.0380
v1|147420235945|0,Nat King Cole Those Lazy-Hazy-Crazy Days of Summer 1963 Capitol Album Lp,4.99,0.0380
v1|298491851312|0,John Hines – Livin' On A Shoestring / Local Watergate 45 Record,9.99,0.0379
v1|158074138835|0,"MC Hammer Help the Children 12"" single vinyl record",3.00,0.0379
v1|800315258117|0,Rock USA 1984 LP Box Set Mutual Broadcasting System John Lennon Eagles Rolling,30.00,0.0379
v1|800316024153|0,Deep Purple Black Night Live Japan 7” Single P-150W Woman From Tokyo NM,9.99,0.0379
v1|318560617094|0,Carole King Rhymes And Reasons  LP Ode SP-77016 1972 1st PR,10.00,0.0378
v1|800315900422|0,Kim Carnes 'Bette Davis Eyes' 45 Record with Sleeve Original,2.95,0.0378
v1|178297545149|0,The Happenings Golden Hits,4.00,0.0378
v1|407059802308|0,Sister Sledge - When the Bos Meet the Girls ~ Made in Germany 781 255-1 ~ E+,5.99,0.0378
v1|327254086158|0,8 Vintage Columbia Vinyl 10-in records,12.90,0.0378
v1|137488391556|0,"THE KINKS 45RPM VINYL, 1965, TIRED OF WAITING FOR YOU,  REPRISE, WB, USA",7.00,0.0378
v1|336680567749|0,The Longines Symphonette Society - Hawaii... Melodies from Paradise Record,6.00,0.0378
v1|336680567749|0,The Longines Symphonette Society - Hawaii... Melodies from Paradise Record,6.00,0.0378
v1|178295503407|0,Barbra Streisand - Superman - (1977 LP Vinyl) VG++,10.00,0.0378
v1|198487007285|0,"Eddie Condon and His All-Star Dixieland Band ""Confidentially...It's Condon"" LP",4.50,0.0378
v1|198488278207|0,"Captain Allen Swift Mae Questal TV 10"" 78 CABOT 2001 Popeye w/ PS Sleeve 1957",19.57,0.0378
v1|287440680467|0,JOAN BAEZ     Lot Of 1 Vinyl Record LP     GULF WINDS     WHITE LABEL PROMO,1.99,0.0378
v1|398156391645|0,"Slim Whitman – All My Best Vinyl, LP 1979 Liberty/United Records ",7.00,0.0378
v1|407061382078|0,"Clairo Immunity Pink Colored Vinyl LP 12"" 33 RPM Alternative (Fader Label)",28.00,0.0377
v1|158070223256|0,1963      I  WONDER  WHAT  SHE'S  DOING  TONIGHT  -  BARRY  AND THE TAMERLANES,3.25,0.0377
v1|168525640218|0,John Lennon Yoko Ono Double Fantasy Vintage Vinyl Lp 1980 EX/NM Ultrasonic Clean,10.99,0.0377
v1|307052391568|0,The Mamas & the Papas If You Can Believe Your Eyes & Ears LP DS-50006,75.00,0.0377
v1|147426846657|0,Fragile Yes Vinyl,10.00,0.0377
v1|117288049956|0,Judy Collins Recollections LP Elektra Records Folk Vinyl Album,9.99,0.0377
v1|127965230576|0,"Iron Maiden Run to the Hills vinyl 12"" Single",40.00,0.0377
v1|407061262523|0,LOT OF 18 Assorted CLASSIC VINYL RECORDS w/ Classical & Opera,9.99,0.0376
v1|298491971095|0,Lot 5 CAL SMITH 45RPM- The Lord Knows Im Dirnkin/Baby's Gone/Country Bumpkin,4.99,0.0376
v1|307052270310|0,6 LP's - Tschaikowsky Symphony No. 5 in E Minor Op. 6 Chicago Symphony 1944,12.00,0.0376
v1|147427450881|0,"THE ROLLING STONES Under Cover LP Rolling Stone Records  90120-1 1983, EX",7.50,0.0376
v1|127966400920|0,les dudek 33 rpm record ghost town parade/very good minus,3.00,0.0376
v1|168528726201|0,SOUL R&B Lot of 30 RANDOM Vintage 45's rpm 7” Vinyl  Records DJ Jukebox mixed,14.99,0.0375
v1|188604830250|0,Linda Ronstadt – Living in the USA - Picture Disc - 1978,20.00,0.0375
v1|178302534652|0,Paul McCartney Pipes of Peace Vinyl 2LP 2017 Reissue w/ Extras Gatefold NM,10.00,0.0374
v1|358776920612|0,The Rondels 45 Caldonia / 110 Lbs. Of Drums,4.99,0.0374
v1|318516853814|0,"Cliff Richard - She's So Beautiful - EU Import 12"" 1985",4.99,0.0374
v1|137498671413|0,Willie Nelson Greatest Hits And Some That Will Be 1981 2LP Vinyl ,14.99,0.0374
v1|267722183291|0,Hank Williams - Beyond The Sunset   LP  MGM Records E-4138   VERY NICE!,2.99,0.0374
v1|236927836816|0,"Muvva (Guitar) Hubbard and the Stompers,Congo Mombo/Ponytail,AM PAR 45-9774.",10.00,0.0374
v1|257614841154|0,"10 45s From The 50s and 60s, For Decoration Only",0.99,0.0374
v1|188622959791|0,Rare Jukebox 45.,1.99,0.0373
v1|168528514843|0,Sobrinos De Cheech & Chong Big Bambu Ode Records SP 77014 VG/VG+ No Paper,9.99,0.0373
v1|236927115053|0,"Fever Dreams Pts 1-4 by Marr, Johnny (Record, 2022)",16.99,0.0373
v1|178257148225|0,UB40 - Labour of Love 1983 Vinyl LP Record Album Virgin A&M Records SP-6-4980,9.99,0.0373
v1|206403870163|0,Aretha Franklin - The Best Of Aretha Franklin Atlantic 81280-1-V Soul LP,4.28,0.0373
v1|257616656315|0,BOBBY JAY MCCARTHY SPOON ME UP YOUR HONEY DJ NORTHERN SOUL 45 RPM,9.99,0.0372
v1|407060033623|0,"Edison Diamond Disc 51404, The Top Notchers, Along The Old Lake Trail, 1924",9.99,0.0372
v1|147425531957|0,Janis Ian Between The Lines LP PC 33394 Columbia 1975 EX Vinyl,10.00,0.0372
v1|168525153974|0,"Phil Collins-Against All Odds-45 RPM-7""-single-pop-vinyl-Atlantic 89700-NM-PS",3.99,0.0371
v1|398158659243|0,Leontyne Price Prima Donna LP Vinyl RCA LSC-2898 Molinari-Pradelli,5.00,0.0371
v1|800316577681|0,1984 Vinyl 45 Record Chicago Remember The Feeling Warner Bros Records Vintage,2.45,0.0371
v1|236920798327|0,Bobby Darin – Splish Splash / Queen of the Hop - Atlantic Records 45 RPM- VG+,4.99,0.0370
v1|198480561388|0,Elvis Costello- This Year's Model- Columbia JC 35331-Orig w/Custom Lbl-In Shrink,14.99,0.0370
v1|137496786598|0,Kiss 45 Hard Times/I Was Made For Loving You (461 EX,5.50,0.0370
v1|188622560694|0,Foreigner Double Vision Vinyl,5.00,0.0369
v1|198480561389|0,Elvis Costello- This Year's Model- Radar 56477- Orig French Press w/Inner Sleeve,9.99,0.0369
v1|267721945119|0,Ted Cassidy The Lurch Horror Rock Flip Wesley Comical 1965 Capitol 45 rpm vinyl,5.00,0.0369
v1|398156622850|0,RARE! Robert Banks Verve 45 Promo “A Mighty Good Way” - Santa Maria- Ultrasonic,100.00,0.0369
v1|377330265296|0,COLLECTION  OF  HEBREW  LPS / VINYL  RECORDS  ~ 9  LPS,16.95,0.0369
v1|800310826255|0,The London Fortepiano Trio-Mozart Piano Trios K254 & 548 Telex DMM Audiophile Lp,6.99,0.0369
v1|137488568547|0,"Sequence, ""And You Know That"" 12"", 1st Edition,  Promo Single, Sugar Hill, 1980",7.99,0.0369
v1|307051255746|0,G.L.O.B.E. & Whiz Kid Play That Beat Mr. D.J 1Vinyl Record Single Old School Rap,9.99,0.0368
v1|188627502952|0,DAVID DALI  Que Voy Hacer Sin Ti  RARE GARAGE GO GO PERU 45 ODEON,29.86,0.0368
v1|127965140066|0,"RCA Jim Ed Brown & Helen Cornelius It Takes So Long 7"" 45 Stereo",2.20,0.0368
v1|127966425453|0,Vintage Disney Vinyl Record - Mickey Mouse Clubhouse,5.00,0.0368
v1|267721682903|0,PAUL MCCARTNEY - PIPES OF PEACE LP,5.00,0.0368
v1|366537209685|0,Country Joe And The Fish 2015 Gatefold VSD-79277,4.00,0.0368
v1|398157594345|0,Syndicat of sound Little Girl,5.00,0.0368
v1|298490411771|0,"Lot 37 45RPM Records-Rare or Unknown/Christmas/Childrens,Patriot,Misc",9.99,0.0368
v1|318520165501|0,Billy Joe Shaver – Gypsy Boy - US Country/Honky Tonk LP 1977 + OIS,4.99,0.0368
v1|377329693828|0,Jefferson Starship Spitfire Vinyl LP 1976 Grunt Records BFL1-1557 Stereo,13.00,0.0368
v1|236926255205|0,David Gates (Bread) - Never Let Her Go 1975 USA Orig. Vinyl LP Lyrics E/E,4.99,0.0368
v1|137497057326|0,JAMES TAYLOR - GREATEST HITS - LP (14b)   SUMMER DEAL .....FREE SHIP,25.00,0.0368
v1|188618920620|0,Led Zeppelin I Cover Jacket ONLY + Houses Of The Holy Vinyl LP 1969 1973...,20.00,0.0368
v1|198486083618|0,LOU RAWLS-1 - 45RPM - (4Xb),1.50,0.0367
v1|168524247893|0,Boston Don't Look Back Vinyl Record,9.99,0.0367
v1|158075209238|0,James Brown Papa‘s Got A Brand New Bag Part 1 & 2 KING Records 45-5999 45 VG+,8.00,0.0367
v1|147429906278|0,1984 The Temptations / Dazz Band Treat Her Like A Lady / Let It All Blow Vinyl,17.00,0.0367
v1|307052759749|0,GUY MITCHELL 78 RPM DON'T ROB ANOTHER MAN'S CASTLE,4.99,0.0367
v1|127968627912|0,LINDA RONSTADT Living In The USA 1978 NM Vinyl Lyric Sleeve Gatefold,9.99,0.0367
v1|137498958484|0,"Al Caiola LP, Golden Hit Instrumentals, United Artists UAS 6142, ORIGINAL 1961",22.00,0.0367
v1|227423234953|0,Rush Permanent Waves Vinyl 1980 Mercury SRM-1-4001  VG+,24.99,0.0367
v1|267722689908|0,Rick Wakeman White Rock Vinyl SP-4614,2.50,0.0367
v1|267724922233|0,michael messineo all that matters walk with the lord vg+ 💒 autograph signed,19.99,0.0367
v1|278170028452|0,Simon And Garfunkel Bridge Over Troubled Water KCS 9914 Columbia,15.95,0.0366
v1|287449675946|0,R&B Soul lot of (4) Checker/Chess/Savoy 50's-60's,14.00,0.0366
v1|407059803735|0,"Corozo Y Pepito – Exitos De Rafael Hernandez, Lp Vinyl  , TROPICAL ",10.50,0.0366
v1|336674236228|0,SERKIN MENDELSSOHN PHILADELPHIA COLUMBIA SYMPHONY ORCHESTRA EUGENE ORMANDY Ex Lp,4.00,0.0366
v1|158068477630|0,"Thriller by Michael Jackson (Vinyl, 1982) CBS 38112",1000.00,0.0366
v1|188622935232|0,1960s Rare Promo 45.,3.99,0.0365
v1|800297681904|0,Peter Paul & Mary,12.00,0.0365
v1|236925964656|0,Jethro Tull- This Was LP Reprise 1969 (U.S.) Steamboat press label early 70s,9.99,0.0365
v1|800316195592|0,"Westminster Hi-Fi A Christmas Sampler LP Vinyl 12"" 33 RPM Holiday WP 5-2",8.07,0.0365
v1|307052264164|0,El Cuento Que Canta Luis Aguile LP,2.99,0.0365
v1|336683372421|0,Maria Callas Opera Classical Lot Of 11 LP  Records 7 Are Box Sets 4 Single Lps,69.99,0.0365
v1|336674602112|0,"EUGENE ORMANDY /PHIL. ORCH. LP- "" A SIBELIUS FESTIVAL "" 1963 COLUMBIA RECORDS",3.80,0.0365
v1|236926713466|0,Montrose Paper Money Warner Bros. Records Vinyl LP Rock Cardboard Sleeve,4.00,0.0364
v1|318561026701|0,"LP Album Louis Armstrong July 4, 1900/ July 6, 1971  RCA USA",8.00,0.0364
v1|336674910650|0,"PATTI LABELLE 12"" SINGLE ""Kiss Away The Pain"" w/ GEORGE HOWARD MCA 1986 VINYL",3.95,0.0364
v1|267719656900|0,Elvis Presley – A Canadian Tribute LP - 1978 - EX/VG+ - GOLD VINYL,25.00,0.0364
v1|178297079619|0,vinyl record albums Mannheim Steamroller Christmas extraordinaire and 30/40,19.99,0.0364
v1|358775292289|0,"Black Cilice: Mysteries LP [Iron Bonehead, 2017] red vinyl reissue LTD 300",22.50,0.0364
v1|800315855734|0,The Beatles Can't Buy Me Love APPLE 45,18.00,0.0364
v1|358760900052|0,DANA LYONS  -  Animal  -  Reigning LP with Original Inner Sleeve,9.00,0.0364
v1|168518532623|0,"1969 Vtg Reader’s Digest “Two Hearts in 3/4 Time"" 33rpm Boxed Set 4 Albums",9.19,0.0364
v1|127966524896|0,2 LP Lot The Spinners   Happiness is being with the Spinners & Mighty Love  EX,10.95,0.0363
v1|318560622926|0,Original Motion Picture Sound Track Thunderball Vinyl LP,10.00,0.0363
v1|267724143882|0,GINGER THOMPSON BOY WATCHER -ANSWER SONG- NORTHERN SOUL 45 RPM,9.99,0.0363
v1|198488207185|0,BARBRA STREISAND KRIS KRISTOFFERSON A STAR IS BORN SOUNDTRACK 1976 LP POP ROCK,6.00,0.0363
v1|236926155320|0,George Duke – A Brazilian Love Affair Vinyl Record,7.00,0.0363
v1|287448399924|0,VINYL RECORD LP JUDY GARLAND I COULD GO ON SINGING SOUNDTRACK #4 CAPITAL W 1861,4.99,0.0363
v1|287450257723|0,LP RECORDS BOX-40 -JIMMY DORSEY-1,3.00,0.0362
v1|127965858208|0,The Great Band Era Collectors Edition,5.00,0.0362
v1|336680535548|0,DEEP PURPLE Made In Japan 2 LP Vinyl Record Warner Bros 1973,11.00,0.0362
v1|327248835149|0,ORQUESTA AMERICA - Cumbia en Guayaquil/El Zuc,7.99,0.0362
v1|206402887206|0,"Boston Pops Peter & The Wolf, Carnival of the Animals 1977 Album ANL1-2322(e)",5.00,0.0362
v1|206403908363|0,"Kitty Wells - Kitty Wells Vocalion VL 73786 12"" 33 RPM Stereo Vinyl LP, Sleeve",2.40,0.0361
v1|327248743613|0,"3 The KINKS 45s ""Tired"" ""Respected"" ""Dedicated"" 1965 & 66 +BIO ♫ Good Condition",8.99,0.0361
v1|298493405528|0,Marlene Dietrich - The Best Of Marlene Dietrich (VINYL),0.50,0.0361
v1|236927463478|0,Time Life The Story of Great Music The Spanish Style 4 Record Box Set Vinyl LP,15.00,0.0361
v1|168526178408|0,Balaam n The Angel I Love The Things You Do To Me 45 Single Record,8.99,0.0361
v1|188619357861|0,"Taylor Swift evermore 12"" Red Colored Vinyl Record LP Pop",20.00,0.0361
v1|358777006643|0,Chaka Khan - Chaka (1978) Vinyl LP – Gold Stamp Promo,35.00,0.0361
v1|127966581267|0,"Vinyl LP Jermaine Jackson "" Lets Get Serious "" J. L. Jackson Productions 1980...",5.99,0.0361
v1|158075722992|0,Bryan Ferry Slave to Love and Valentine 45 rpm vinyl record,3.00,0.0361
v1|206396715999|0,"Bob Crosby and his Orchestra 16"" Radio Transcription Disc X335 EX Jack Teagarden",34.99,0.0361
v1|358774069210|0,"Lot (39) 1980s 12""/33rpm Vinyl Records Genesis,Go-Go's,Dire Straits,Seger,Dylan",202.50,0.0361
v1|127968627818|0,"MELANIE Candles In The Rain 1970 Gatefold w Lyrics ""STERLING""",5.99,0.0360
v1|267724822342|0,GARAGE ROCK PUNK 45 by VOKKOL PVT. OHIO LABEL UNKNOWN? 80s HEAR IT,9.99,0.0360
v1|127964810267|0,The Halos -  NAG b/w Copy Cat  1961  7 Arts Records S 709 Doowop  V Good  🎶🎵,4.95,0.0360
v1|267722192583|0,"3 Red and Green Vinyl 45 RPM Vinyl 7"" Promo Singles Switch, LeRoux,THP Orchestra",12.00,0.0360
v1|800315033846|0,THE DAVE BRUBECK QUARTET-DAVE DIGS DISNEY-COLUMBIA 1059,10.98,0.0360
v1|800315008291|0,THE DAVE BRUBECK QUARTET-DAVE DIGS DISNEY-COLUMBIA 1059,10.98,0.0360
v1|117292550950|0,BARBRA STREISAND THE BROADWAY ALBUM-CD/VINYL/CASSETTE.EXC.TO NM.BONUS TRACK.,58.00,0.0360
v1|287442262161|0,Della Reese Record Albums (Lot of 3),11.00,0.0360
v1|278167454250|0,"Poco, The Very Best Of Poco, Vinyl LP, VG+",15.00,0.0359
v1|188629552201|0,HOT TUB w/ Kurt & Kristen - Live at the Virgil x2 LP Vinyl Records Comedy Schaal,12.00,0.0359
v1|336673786128|0,VIRGILIO BARCO VARGAS 28TH PRESIDENTE COLOMBIA LATIN LP ANTONIO DE VILLAR CUMBIA,12.92,0.0359
v1|307052378474|0,Johnny Mathis - Feelings - Vinyl LP,1.76,0.0359
v1|236927837286|0,Floyd Cramer – Cramer At The Console Vinyl LP Record 1964 RCA Victor LPM 2883,10.00,0.0359
v1|137499432001|0,Dixie Wonders Promo 45 N Soul,5.50,0.0359
v1|398156643819|0,Jerry Lee Lewis – Great Balls Of Fire / You Win Again 7” Single VG 1957 Rock,125.00,0.0359
v1|257613085120|0,Rush Signals Vintage Vinyl Record Lp,18.88,0.0359
v1|318516869267|0,"Cliff Richard And The Young Ones Featuring: Hank Marvin – Living Doll EU 12"" '86",4.99,0.0359
v1|236926254745|0,"Pablo Cruise Worlds Away Vinyl LP Record Album  33RPM 12"" VG SP 4697 One Owner. ",6.99,0.0359
v1|127964899594|0,THE IN-OVATIONS  - THIS AINT REAL 1966 GARAGE ROCK ASCOT RECORDS PROMO 45RPM,7.95,0.0359
v1|267721893114|0,STYX Paradise Theater 1980 GF Etched LP Vinyl Album A&M Records SP-3719,10.00,0.0359
v1|287448399922|0,"Elmer Bernstein, The Swinging Bon Vivants – Paris Swings (1960 Capitol)",4.49,0.0359
v1|267719037336|0,Maria Kurenko – 3 78 rpm Victor set M 862: GRETCHANINOFF songs; In Box Mint,6.99,0.0359
v1|188621598696|0,Guns and rose records,25.00,0.0358
v1|137496722360|0,"NANCY WILSON Today, Tomorrow, Forever 1964 Vinyl LP Capitol Records ST 2082 VG+",5.00,0.0358
v1|188621762225|0,"JOE WALSH *DJ COPY* ""LIFE'S BEEN GOOD"" 45 RPM",4.99,0.0358
v1|358760292530|0,COLIN JAMES-ST,9.00,0.0358
v1|398158568881|0,The Weeknd House Of Balloons Vinyl LP Record Album Wicked Games High For This,17.50,0.0357
v1|127965033655|0,"Vern Gosdin What Would Your Memories Do Elektra 7"" Black Vinyl 45 Stereo E-46522",2.29,0.0357
v1|178297465255|0,"SLAUGHTER AND THE DOGS ""WHERE HAVE ALL THE BOOTBOYS GONE"" ORIGINAL 7-inch",30.00,0.0357
v1|236920806723|0,"Brewer & Shipley ""Tarkio"" LP - KAMA SUTRA Jerry Garcia /  Bob Ludwig mastering",9.99,0.0357
v1|188621861911|0,LITTLE ALFRED 1963 Swamp Pop It Don’t Hurt No More  7” 45 LYRIC 1007 VG+,25.00,0.0357
v1|127965009241|0,"La Toya Jackson Heart Don't Lie Private I 7"" Vinyl 45 RPM Promo ZSA 04439",2.55,0.0356
v1|147427464078|0,JACK WEBB - The Christmas Story EP - VG+,5.00,0.0356
v1|307052697838|0,Elvis Presley - Elvis' Golden Records LP Vinyl Stereo RCA Victor LSP-1707(e),5.00,0.0356
v1|127964782800|0,theola kilgore 45 rpm record the love of my man/i no that he luvs me vg-,2.95,0.0356
v1|307051290513|0,Jefferson Airplane 1973 - Thirty Seconds Over Winterland Vinyl RCA Records,8.99,0.0356
v1|298485226258|0,Divine YOU THINK YOU'RE A MAN 45 Maxi-Single 1984 First Pressing,20.00,0.0356
v1|147425731325|0,The Beatles - Let It Be 2012 Remastered Edition,19.99,0.0356
v1|188619303246|0,"Carole King “Tapestry” Ode SP 77009 12"" Vinyl LP Gatefold Rock Pop",7.99,0.0356
v1|398146488967|0,Marie Et Les Garcons Orignal Import Only Celluloid LP 1980,99.99,0.0356
v1|327248483111|0,"Fred Waring And The Pennsylvanians - This Is My Country ""LP""",1.50,0.0356
v1|327254945289|0,"Vintage David Soul ""David Soul"" Vinyl Album (1976)",1.13,0.0356
v1|127965031415|0,"Merle Haggard The Way It Was In '51 / Roots Of My Raising Capitol 7"" 45 4204",2.40,0.0356
v1|358763606148|0,"GEORGE BENSON - ""Bad Benson"" - 1975 w/Ron Carter, Don Sebesky CTI 6045 VG+/VG+",12.00,0.0355
v1|137497421653|0,"RARE ROCK 'N ROLL 7"" ""RAMROD"" DUANE EDDY ( LONDON 1958 ) ONE-SIDED DEMO COPY",8.00,0.0355
v1|158058356143|0,"1978 Kansas ""Two for the Show"" Vinyl Records",9.99,0.0355
v1|327253710722|0,al jolson story vinyl,26.99,0.0355
v1|178297620201|0,"Iron Maiden Clairvoyant 12"" gatefold single vinyl LP 1988",75.00,0.0355
v1|336680136073|0,"""The Gift of Music"" vinyl record from Billy Graham Crusade",10.00,0.0355
v1|267722612921|0,Isaac Hayes - Enterprise LP - The Isaac Hayes Movement - ENS-1010,4.99,0.0355
v1|307043751698|0,"Lot 2 Little River Band Self Titled Vinyl Record Album ST-11512, Sleeper Catcher",27.72,0.0354
v1|127964977158|0,"Journey Be Good To Yourself Columbia 7"" Black Vinyl 45 RPM Stereo 38-05869",3.06,0.0354
v1|127964997194|0,Johnny Cash - Sound Of Johnny Cash - EX/VG 1962 Outlaw Country Columbia MONO 1ST,6.57,0.0354
v1|327253961884|0,1970s Capitol The Beatles And I Love Her / If I Fell  Near Mint Condition,14.00,0.0354
v1|327248694854|0,CARMEN RIVERO - La Cumbia/El Pescador,7.99,0.0353
v1|358775504063|0,The Moody Blues Long Distance Voyager Album Released In 1981 Very Good Condition,10.00,0.0353
v1|267721930346|0,"The McCoys Hang on Snoopy ,Garage Rock Flip I Can't Explain It Bang Label 45 rpm",5.00,0.0353
v1|336683470412|0,Margaret Price Mozart Arias 2 Lp Records RCA Gold Seal,10.99,0.0353
v1|178302641139|0,"DAVID ESSEX: All the Fun of the Fair COLUMBIA 12"" LP 33 RPM WHITE LABEL PROMO",1.00,0.0353
v1|407059820900|0,JUST-ICE “Back To The Old School” 35th Anniversary Splatter Vinyl LP - RSD21,15.99,0.0353
v1|178295436904|0,Jethro Tull - A Passion Play - Chrysalis CHR 1040 Vinyl Record,12.99,0.0353
v1|307051255963|0,Jerry Garcia-Garcia-1972 Warner Bros-BS 2582-Vinyl LP,7.99,0.0353
v1|236926254748|0,Steve Martin Vinyl BSK3090 Lets Get Small Record Album Vintage One Owner.,6.20,0.0353
v1|298497223037|0,Stockhausen - Kontakte Vinyl LP James Tenney William Winant Ecstatic Peace,30.00,0.0353
v1|327253672020|0,Doo Wop 45: The Serenaders Nite Owl on Starfire Pic Sleeve Clear Wax 1958,2.00,0.0352
v1|278169797698|0,Julie London Calendar Girl Liberty Vinyl LP Jazz/Vocal LEP 45 Set of 3,30.00,0.0352
v1|267722691322|0,"Daryl Hall solo 12"" single DREAMTIME 4.48 Double A side 1986 DJ",0.99,0.0352
v1|227424217451|0,WILLIAM BELL WOW,45.00,0.0352
v1|298491931718|0,THE CHANTELS-IF YOU TRY/CONGRATULATIONS-1958 END E-1030 DOO WOP,8.50,0.0352
v1|188622514420|0,James Gang Rides Again Vinyl,10.00,0.0352
v1|206403898881|0,"Nat King Cole - Unforgettable Capitol Records Vinyl LP Jazz, Cardboard Sleeve",2.40,0.0352
v1|366533008896|0,"S. N. AND THE CT'S, SUNBURST LABEL #77145 RECORD",3.99,0.0351
v1|188604830169|0,Bon Bon “Sexy Boy b/w Dance with You” 12” single,4.00,0.0351
v1|236920801584|0,Bobby Darin – If I Were a Carpenter/Dream Lover - Atlantic 45 RPM- VG+,4.99,0.0351
v1|178302641179|0,Janis Ian - Aftertones - Columbia Records - Vg++/ Vg++ White Label Promo,1.00,0.0351
v1|398155983428|0,Vintage 1980s Assorted Albums 2ct,9.99,0.0351
v1|327253650495|0,Doo Wop 45: The Kool Gents This Is The Night/Do Ya Do on Vee Jay 1956 Repro,2.00,0.0351
v1|358776630855|0,Tyler The Creator Wolf Double Colored Vinyl,24.99,0.0351
v1|800311141056|0,78 RPM Blanche Callaway & Her Joy Boys Victor 22641 There’s Rhythm in the River,9.99,0.0351
v1|366537210072|0,"Sybil - Falling In Love 12"" Single Vinyl NP50107",3.00,0.0351
v1|198488180782|0,Far Away Places starring Enoch Light and his Orchestra Viny Command Records,4.77,0.0351
v1|327248741000|0,"Peggy Lee 45 - ""I'm A Woman"" ""Big Bad Bill"" +BIO - Good Condition",2.99,0.0351
v1|158058617220|0,Richard Nanes ‎– Piano Solos,25.00,0.0351
v1|127965002184|0,"Barry Gibb Shine Shine / She Says MCA 7"" Black Vinyl 45 RPM 1984 Promo",3.68,0.0351
v1|307051255802|0,Meet The Beatles! 1964 Capitol Records T-2047 MONO Vinyl U.S. Press,19.99,0.0350
v1|398156789213|0,Star Wars- Original Soundtrack (John Williams) Double LP  33rpm 1977 Vintage,88.00,0.0350
v1|158068187633|0,The Troggs Wild Thing With A Girl Like You Fontana Vinyl LP Play Testef,13.00,0.0350
v1|407059577940|0,Iron Butterfly In-A-Gadda-Da-Vida Vinyl LP,3.50,0.0350
v1|158075209307|0,Lou Christie 45 Lightnin' Strikes / Cryin' In The Streets MGM EX,8.00,0.0350
v1|336679399033|0,"James Taylor Sweet Baby James 12"" 33 RPM Black Vinyl LP Warner WS 1843",3.40,0.0350
v1|398157964564|0,"The Everly Brothers ~ Cathy's Clown/Always Its You 7"" 45 w Pic. Slv. VG+/VG+",5.00,0.0350
v1|398156654582|0,"Bobby De Soto - The Cheater / Don't Talk, Just Kiss, 45rpm 1959 Rock 7”",70.00,0.0349
v1|147430975967|0,"Roger Whittaker All My Best Vinyl Record TeeVee TV-1056 Stereo 12""",1.99,0.0349
v1|407059523378|0,Sonora Santanera – Al Ritmo De La Sonora Santanera* Lp Vinyl * CBS ,25.00,0.0349
v1|257608442527|0,Jim Steinman Bad for Good Vinyl LP Record 1981 Pressing,5.00,0.0349
v1|407059821759|0,Dolly Parton - Love is Like a Butterfly ~ Record Made in UK - CDS1202 ~ E,9.99,0.0349
v1|147427225192|0,"The Greenwood Tree Gold Star 8"" acetate lonely C&W demo",20.00,0.0349
v1|227424235877|0,CHILD,15.00,0.0349
v1|127966258996|0,anne mccready 45 rpm record each now n then/ same very good promo,1.75,0.0349
v1|377335043831|0,"Dionne Warwick ""The Dionne Warwicke Story"" 1971 Vinyl 2 LP (SPS2-596) Scepter",2.99,0.0348
v1|257612953811|0,Chet Baker Quartet 2021 Sam Records mono reissue,25.00,0.0348
v1|198479933571|0,The Rolling Stones - Some Girls Vinyl LP - 1978 - Uncensored Cover - COC 39108,39.00,0.0348
v1|358775385648|0,Wings Back To The Egg Album Released In 1979 Very Good Condition,10.00,0.0348
v1|198486213419|0,Vintage Vocal Pop Vinyl LP Lot Don Ho Bing Crosby Jule Styne Reprise,9.99,0.0348
v1|198487887106|0,Ace Frehley Frehley's Comet Second Sighting 180 Gram Blue Vinyl Record LP Kiss,4.25,0.0348
v1|267721924023|0,ROGER DALTREY - DALTREY - TRACK RECORDS GATEFOLD LP,2.99,0.0348
v1|800298386796|0,"Heart: Barracuda / Cry To Me 45 RPM Vinyl, 1977, FAST SHIPPING!",9.99,0.0348
v1|307052709577|0,Highway 101 45RPM “Somewhere Tonight” 1987 80s Country Pop 7” Vinyl PS NM,3.00,0.0348
v1|127966668123|0,"Rick Springfield Love Somebody/The Great Lost Art of Conversation 7"" Vinyl 45rpm",5.00,0.0347
v1|198486212795|0,Vintage Polka Irish German Folk Vinyl LP Lot Irish Rovers E Power Biggs,13.99,0.0347
v1|206405985890|0,78 RPM Blues Lightning Hopkins on Gold Star: Mercy/What Can It Be VG+,75.00,0.0347
v1|178296096504|0,"Pickwick LP Record, Original Artists, Memories 15 Golden Hits , VG ",3.00,0.0347
v1|318560717744|0,ELVIS Presley ROUSTABOUT RCA Lpm 2999 Press Black LP Monaural,47.99,0.0347
v1|158059724336|0,"John Williams (7), Daniel Barenboim, English Chamber Orchestra - Rodrigo* / Vill",15.00,0.0347
v1|267722688848|0,"1980 BOZ SCAGGS MIDDLE MAN COLUMBIA RECORDS 12"" LP 33  RPM FC 36106",3.99,0.0347
v1|158068045598|0,"Vintage 33RPM Operatic Record Album: Be My Love, The Golden Voice of Mario Lanza",9.99,0.0347
v1|127966669805|0,Vanity 6: Nasty Girl / Drive Me Wild / 45 Rpm 1982 ,10.00,0.0347
v1|407060060573|0,Duke Ellington on VIC 22528,15.00,0.0346
v1|236926081735|0,"The Partridge Family, Up To Date Record VG to VG+, Warner Bros",4.00,0.0346
v1|188622219372|0,"Eddie Rabbitt ""The Best Year of my Life"" gently used Vinyl Record LP VG+",5.00,0.0346
v1|307044649792|0,Vintage LP: The Man Who Could Work Miracles,6.00,0.0346
v1|158075209329|0,The Fireballs 45 Bottle Of Wine / Can't You See I'm Tryin' ATCO EX Jimmy Gilmer,8.00,0.0346
v1|147426863016|0,Bob Seger & The Silver Bullet Band Vinyl,10.00,0.0346
v1|147429819948|0,Super Hits Stars Super Hits Vol 1 & 2 2LP Columbia Musical Treasures Shrink Viny,1.99,0.0346
v1|278159497389|0,ROBERT SCHUMANN KONZERTSTUCK 4 HORNS  PIANO  ORCHESTRA NONESUCH STEREO LP,9.99,0.0346
v1|407059883782|0,Janis Joplin - I Got Dem Ol' Kozmic Blues Mama! ~ Made in Japan  SONP-50167 ~,7.99,0.0346
v1|267722682902|0,Lot 2 Victrola Victor Talking Violin Fritz Kreisler Liebesfreud Caprice Viennois,4.00,0.0346
v1|158075840799|0,"Patti Whatley Backstreet 12"" single vinyl record",3.00,0.0345
v1|398155138698|0,Doo Wop 45: The Bowties Again/This Must Be The Place on Royal Roost 1956,2.00,0.0345
v1|168524124964|0,BRIAN HYLAND-2nd-RAREST PICTURE SLEEVE + 45--(I GOTTA GO)--PS--PIC--SLV,49.99,0.0345
v1|257614288670|0,The Contenders: The Clock/Look At Me 45 Java Close To NM Vinyl,9.99,0.0345
v1|278157783458|0,"National Symphony Orch performs Schuman, Bloch & Tchaikovsky LP",100.00,0.0345
v1|358773414334|0,Nancy Wilson-“ Tell Me The Truth” B/W “My Sweet Thing” vinyl 45 VG Capitol 1963,5.00,0.0345
v1|178296127177|0,Ella Fitzgerald Record My Happiness 24446A & Tea Leaves 24446B DECCA,19.99,0.0345
v1|407059529123|0,The Cinema Sound Stage Orchestra - Academy Award Winners from Hollywood VG / VG+,5.00,0.0345
v1|127966524338|0,The Police : Zenyatta Mondatta A&M Records 1980 Stereo Vinyl SP-4831,7.95,0.0345
v1|147425518256|0,Dave Mason LP Lot x2 It's Like You Never Left & Dave Mason Columbia Classic Rock,12.00,0.0345
v1|198488055982|0,"Columbia  Doris Day - You Are My Sunshine/ The Comb And Paper Polka 10"" 78rpm ",2.00,0.0345
v1|327254725309|0,33 1/3 RPM RECORD STAR TREK TO STARVE A FLEAVER,9.99,0.0345
v1|137499409817|0,Haydn Symphonies Nos 55 & 85 Piano Con Haebler Orig Mercury Living Presence!,10.99,0.0344
v1|158076040989|0,Carpenters Close to You 1970 LP album A&M Records SP 4271 VG+ vinyl,3.99,0.0344
v1|127965165701|0,"Atlanta Rhythm Section Champagne Jam/The Great Escape Polydor 7"" 45 PD14504",3.00,0.0344
v1|158070370989|0,NEIL DIAMOND Solitary Man / The Time Is Now BANG B-519 (1970) 45rpm ,3.00,0.0344
v1|188605478159|0,Rare 1960s 45.,3.99,0.0344
v1|188605529212|0,Rare 1960s 45.,3.99,0.0344
v1|327255109597|0,The Rolling Stones ~ England’s Newest Hitmakers ~ Vinyl LP.,19.00,0.0344
v1|398156674148|0,Pink Floyd - Wish You Were Here 33rpm LP 1975 Rock Vintage Terre Haute Pressing,110.00,0.0344
v1|236926254722|0,"Guarneri Quartet - Mozart - Six Quartets Dedicated to Haydn, Vol. 3 [Used Vinyl]",4.99,0.0343
v1|800310726180|0,Elton John Friends LP Vinyl Record Original Soundtrack 1978 Pickwick Records,12.00,0.0343
v1|158075209361|0,The Monkees 45 I'm a Believer / Steppin' Stone Colgems Sleeve VG++,14.99,0.0343
v1|158075629382|0,The Honeydrippers Sea of Love and I Get a Thrill 45 rpm vinyl record,2.00,0.0343
v1|407060013825|0,Chet Atkins This Is Chet Atkins Vinyl Record Album 1970 2LP RCA Victor Records !,3.00,0.0343
v1|198488001816|0,Linkin Park Living Things 180 Gram Vinyl Record LP Hard Rock Rap Metal,4.25,0.0343
v1|147427153762|0,Vinyl 45 Record Tom Jones Letter To Lucille / Thank The Lord,1.78,0.0343
v1|178295924866|0,"Barry Manilow, Barry Manilow - One Voice - [LP], Vinyl",8.50,0.0342
v1|307044746720|0,"The Statler Brothers Lot of 3 Albums, See Pictures, Vinyls Visually rated    C16",6.00,0.0342
v1|366532693991|0,NANCY WILSON - I Know I Love Him ~ CAPITOL 11131 {orig} *1973* w/Felder - NICE,4.04,0.0342
v1|398158881247|0,THE RASCAL'S GREATEST HITS Time Piece Vinyl LP Record,10.00,0.0342
v1|127965082720|0,"Paul Anka Today I Became a Fool / There's Nothing Stronger UA 7"" 45 Stereo",2.09,0.0342
v1|358775519110|0,The Moody Blues Octave Album Released In 1978. Very Good Condition,10.00,0.0342
v1|358775519110|0,The Moody Blues Octave Album Released In 1978. Very Good Condition,10.00,0.0342
v1|318563439637|0,LOT OF 2 THE ARCHIES CARDBOARD CEREAL BOX RECORDS,9.99,0.0342
v1|377329701919|0,Uriah Heep Firefly Vinyl LP 1977 Warner Bros  BS 3013,29.00,0.0341
v1|178286206541|0,Diana Ross Aussie 1972 vinyl 45rpm Touch me In The Morning Motown label,4.00,0.0341
v1|147427376377|0,ELVIS PRESLEY ELVIS' CHRISTMAS ALBUM LP NM US GREEN VINYL 50TH ANNIVERSARY,20.00,0.0341
v1|137499373110|0,ELVIS PRESLEY ELVIS' CHRISTMAS ALBUM LP NM US GREEN VINYL 50TH ANNIVERSARY,20.00,0.0341
v1|127965053373|0,"Boston Peace of Mind / Foreplay Epic 7"" Black Vinyl 45 RPM Stereo 8-50381",2.40,0.0341
v1|137485898539|0,WHITNEY HOUSTON - WHERE DO BROKEN HEARTS GO / WHERE YOU ARE - 45 Single,10.00,0.0341
v1|278154810682|0,"Jimi Hendrix – Suspicious, 7"" Promo Single VG+ 1972",12.00,0.0341
v1|117294000468|0,1908 Columbia Record Hebrew Hymn,8.00,0.0341
v1|358775987147|0,Kool & The Gang - Open Sesame (1976) – White Label Promo (Notched),40.00,0.0341
v1|127966398613|0,pheobe snow 33 rpm record/very good minus,27.25,0.0340
v1|178297463009|0,78 Rpm; Sunny Williams Trio; The Boogie Man & Reverse The Charges ; Super - 116,8.00,0.0340
v1|257613349797|0,LTD - For You Vinyl LP M A 105 No Sleve Good Condition. One Owner Srink Wrapped ,6.99,0.0340
v1|168518641137|0,Show Boat Kathrym Grayson & Ava Gardner Jerome Kern MGM X84 NM 45's,2.99,0.0340
v1|168524738706|0,Little River Band Diamantina Cocktail Vinyl Record Lp,4.99,0.0340
v1|127966580283|0,loggins and messina on stage double record set gatefold/very good minus,4.40,0.0340
v1|188627414002|0,Dan Fogelberg Captured Angel 1975 Gatefold Lyrics Excellent!,7.99,0.0339
v1|168525135606|0,Connie Francis-My Heart Has A Mind of Its Own-45 RPM-single-pop-vinyl-MGM K12923,3.85,0.0339
v1|298490407753|0,Lot 3 BOZ SCAGGS 45RPM-Breakdown Dead Ahead/Miss Sun/Dinah Flo/Lowdown Promo,4.99,0.0339
v1|287448624829|0,45RPM 2FOR: DOTTIE WEST-(2FER2),2.00,0.0338
v1|168526119774|0,Tom Petty Pack Up Plantation 12” Sampler 5 Tracks,10.00,0.0338
v1|267722011419|0,VINTAGE VINYL LP:  Great Songs Of Christmas Collector's Album Limited Edition,5.00,0.0338
v1|178296022592|0,Bruce Springsteen Darkness On The Edge Of Town Vinyl Record,10.00,0.0338
v1|178296022592|0,Bruce Springsteen Darkness On The Edge Of Town Vinyl Record,10.00,0.0338
v1|206405679802|0,Al Stewart Year of the Cat LP (1976) JXS-7022 Gatefold,11.95,0.0338
v1|227423076703|0,Stevie Wonder – Looking Back 3xLP M-804LP3 Vinyl 1977 Trifold LimitedEdition VG+,8.99,0.0338
v1|178298245301|0,3 Vinyl LPs - Ian Whitcomb - Michael Nesmith - Edgar Winter 1979 Blue Sky 35989,18.00,0.0338
v1|236921082836|0,Readers Digest Collectors Edition Merry Christmas 4 LP Vinyl Record Box Set 1969,20.00,0.0338
v1|158076091193|0,RCA Victor Red Seal Records Beethoven 6th Symphony BBC Symphony ,10.00,0.0338
v1|267724147271|0,PEERLESS FOUR PEACE IN THE VALLEY  VA. GOSPEL NORTHERN SOUL 45 RPM,9.99,0.0337
v1|168525765851|0,"VOLTIO - BUMPER - 12"" VINYL SINGLE  w/PITBULL ",2.99,0.0337
v1|307052265404|0,Robert Schumann Van Cliburn Concerto In A Minor RCA Victor LM-2455 LP,3.06,0.0337
v1|298493712463|0,The Blues - Various Artists - RCA Records - 3 Vinyl Box!,24.99,0.0337
v1|117292523755|0,Anthrax I'm The Man Vintage Vinyl Record Megaforce 1980's Nice & Clean,29.99,0.0337
v1|117285742279|0,"Lot of 5 Vintage Children's Records– Voco, Golden Records & Star-Bright Classics",32.99,0.0337
v1|327248741381|0,"STEVE MILLER BAND  LP  ""The Joker""  1973  Record +Bio - Good Condition",6.99,0.0337
v1|377336494637|0,Merline Webber Webber Sisters On The Right Track Vinyl LP Beverly Records,6.66,0.0337
v1|287442268246|0,STEPHEN STILLS-ST,7.00,0.0337
v1|127966296906|0,kathy mattea 33 rpm record lp willow in the wind/very good,4.10,0.0337
v1|287450330563|0,"Hilary Duff Luck…or something (Mature Edition) 12"" LP Gold Colored Vinyl",20.00,0.0337
v1|800311134673|0,78 RPM Light Crust Doughboys Clifford Gross Duryel Campbell Conqueror 9756 Rag,12.34,0.0337
v1|137499329368|0,"Merle Haggard and The Strangers The Roots Of My Raising (Vinyl, 1976, Capitol)",18.00,0.0336
v1|267722503082|0,"“DYNAMITE” 1974 Vinyl LP K-TEL TU 2360 20 Original Hits Elton John, Eric Clapton",12.99,0.0336
v1|236925802927|0,Bing Crosby 1 Christmas Record 1 Good Time Songs,15.00,0.0336
v1|227424402715|0,"Bonnie Tyler It's a Heartache 1978 RCA Records 7"" vinyl single",4.99,0.0336
v1|168526129860|0,The Nylons-Kiss Him Goodbye-45 RPM-Acapella-Open Air-OS-0022-vinyl-record-NM-,5.00,0.0336
v1|168526254481|0,Elton John  1978 A Single Man Gatefold MCA3065 Ultrasonic Clean & Tested VG+,7.99,0.0336
v1|198487523341|0,“BEE GEES GOLD” THE BEE GEES 1976 ORIGINAL VINYL ALBUM - FINE PLAYING CONDITION!,45.00,0.0335
v1|318564683969|0,Time Life Records Great Men of Music: Ludwig van Beethoven Classical Record,12.00,0.0335
v1|377336350636|0,"Erykah Badu Bag Lady Vinyl 12"" Single R&B Motown Black Sleeve MOTP-00041-1",11.21,0.0335
v1|407059812179|0,Diana Ross and the Supremes - Dynamic Diana! ~ Record Made in UK - TMS3505 ~ E,9.99,0.0335
v1|366537212198|0,"Keith Sweat Make It Last Forever 12"" Single Elektra 1987 R&B Soul",4.68,0.0335
v1|327254947381|0,JOE HENDERSON:   SNAP YOUR FINGERS / IF YOU SEE ME CRY .. 45 RPM ,2.00,0.0335
v1|327254955869|0,"Vintage Lynn Anderson ""Back"" Vinyl Album (1983)",1.80,0.0334
v1|307044649811|0,"Vintage LP: Igor Oistrakh, violin with father David Oistrakh conducting Brahms",16.25,0.0334
v1|188621416005|0,"CROSBY,STILLS&NASH-1977-CSN-SD 19104-Excellent",5.00,0.0334
v1|127965021085|0,"Merle Haggard Holding Things Together Capitol 7"" Black Vinyl 45 Stereo 3900",2.68,0.0334
v1|398157322529|0,"VTG,  ALBUM, VINYL, CHRISTMAS AMERICA, MERRY CHRISTMAS FROM FIRESTONE 1973",3.00,0.0334
v1|287449638606|0,"Elvis Sings Flaming Star Vintage 12"" Vinyl 33 RPM LP Record CAS_2304 1969 B3 EX",5.00,0.0334
v1|168524719310|0,Billy Crystal Marvelous Vinyl Record Lp,4.49,0.0334
v1|188619115568|0,Revolutionary 1 Immortal Technique Record 2015 fatbeats Viper Records 2LP Vinyl,33.00,0.0334
v1|407061071172|0,IAN ANDERSON* HOMO ERRATICUS* 2014* 2 LP,49.99,0.0334
v1|168525978028|0,PLACIDO DOMINGO WITH JOHN DENVER PERHAPS LOVE CBS MasterSound 1/2 SPEED MASTERED,5.99,0.0333
v1|278167860763|0,The Beatles MISPRINT LP ISO-383 CAPITOL RECORDS ABBEY ROAD w Her Majesty Showing,149.00,0.0333
v1|127966191410|0,the three degrees 45 rpm record sugar on sunday/maybe very good,1.67,0.0333
v1|800322462106|0,10 LP’s: Pops Festival - Readers Digest Arthur Fiedler & The Boston Pops),11.29,0.0333
v1|287449757467|0,"Willie Nelson ""Tougher Than Leather,"" Vinyl Record",12.46,0.0333
v1|407061158239|0,Vintage 1972 Colors of the Day the Best of Judy Collins Vinyl Record,5.00,0.0333
v1|236920799086|0,Bobby Darin – You're the Reason I'm Living/Now You're Gone- Capitol Pic 45  Good,4.99,0.0333
v1|236920799060|0,Bobby Darin – You're the Reason I'm Living/Now You're Gone- Capitol Pic 45  Good,4.99,0.0333
v1|267719332797|0,"Joe Fingers Carr, Honky Tonk Hits, Capitol EP EAP-1-417 Snow Deer Rag-Sam's Song",6.99,0.0333
v1|206405932675|0,Tom Waits Franks Wild Years Vinyl Album LP Gatefold Sleeve Island Records Used,8.00,0.0333
v1|198486214990|0,Readers Digest Dance Waltz Cocktail Piano Vinyl LP Box Set Lot 3,19.99,0.0333
v1|178286280036|0,King Crimson Sleepless UK 3 track 12 inch 45rpm EGOX 15 Dance & Instr mixes 1984,8.99,0.0332
v1|168523277126|0,FRANKIE VALLI (You're Gonna) Hurt Yourself Smash Northern Soul 45 HEAR VG+,5.00,0.0332
v1|257614507707|0,"Wild Beasts Present Tense Domino 12"" Multicolor Vinyl LP Rock Cardboard Sleeve",12.94,0.0332
v1|158058617231|0,"Rudolf Kempe, Brighton Festival Chorus, The Royal Philharmonic Orchestra ‎– Jana",17.00,0.0332
v1|298493711317|0,"PEE WEE KING: country classics RCA 12"" LP 33 RPM Japan",17.99,0.0332
v1|127969765775|0,LP This is Faron Young - T1096 Capitol Records 1958 Vinyl - Country music,15.00,0.0332
v1|278167067040|0,Led Zeppelin In Through The Out Door 1979 SP Pressing F Sleeve NM No Barcode,49.99,0.0332
v1|198488021721|0,"Radiofunken red vinyl , 70040 , Niemand Liebt Dich So Wie Igh , Mixed Chorus",9.00,0.0332
v1|800310669701|0,Joni Mitchell Dog Eat Dog Vinyl LP Record (1985) Geffen Records,8.00,0.0332
v1|298494519890|0,The Michael Zager Band Let’s All Chant Vinyl LP 1978,5.75,0.0331
v1|117293876323|0,"J. Allsop P. James L. Small DJ-SS Mental Power Perfect Combination Remix 12""",7.00,0.0331
v1|236925994233|0,"24 Groovy Greats Record VG+/NRMT, Warner Bros",5.00,0.0331
v1|198486185464|0,"Twista Overnight Celebrity Remix Bump J & Cam’ron 12"" Vinyl + So Sexy Ft R Kelly",4.99,0.0331
v1|407060613830|0,Dean Martin - Everybody Loves Somebody The Hit Version LP Reprise Records R-6130,5.00,0.0331
v1|407059597875|0,"Jossie Esteban & La Patrulla 15* – Hot, Lp Vinyl,  MERENGUE,  TOP TEN HITS ",15.00,0.0331
v1|407061751148|0,Connie Francis - sings award winning motion picture hits   VG / VG   Jojo's,5.00,0.0331
v1|307044513977|0,"Paul Belanger”You’re The One For Me” Vinyl = VG:VG+ 12"" LPRecord WMM002 Country",2.50,0.0330
v1|287448733140|0,"Million Dollar Country LP Vinyl Record 12"" Country Black George Jones",9.00,0.0330
v1|257613111933|0,LISZT ALFRED BRENDEL PIANO SONATA IN B MINOR STEREO VOX LP. Made in USA,6.99,0.0330
v1|267719038333|0,Tchaikovsky Aurora's Wedding 10” Ballet Suite (Complete)MGM E 524,6.99,0.0330
v1|307051255706|0,"Eric Clapton Slowhand Vinyl LP Rock RSO Records 1977 Classic Album 12"" 33 RPM",14.99,0.0330
v1|147426910296|0,"Garcia by Garcia, Jerry  Stereo Vinyl LP EX/NM BS 2582",59.00,0.0330
v1|257613349798|0,"Hello, Dolly! Original Broadway Cast. 1964 RCA Victor. LSOD-1087 LP Vinyl Album",6.99,0.0330
v1|257614297666|0,John Lennon Imagine Vinyl Capitol Records With Album Cover And White Sleeve!!!,12.00,0.0330
v1|267722560872|0,Elvis Costello and the Attractions - Columbia LP - Armed Forces - JC 35709,4.99,0.0330
v1|178302641180|0,Bill Cosby Vinyl Records LPs Comedy - Lot of 4 Records,1.00,0.0329
v1|158075209362|0,Fontella Bass 45 Rescue Me / Soul of the Man Checker VG+,8.00,0.0329
v1|287449675403|0,"THE LEISURE SET - Eddie And His New Girlfriend 7"" 45 RPM ~ 1983 ~ Banana Records",19.83,0.0329
v1|298491814543|0,Mothers Of Invention FRANK ZAPPA - The Worst Of The Mothers Vinyl LP,30.00,0.0329
v1|188622060874|0,Count Basie On My Way & Shoutin' Again Vinyl No Cover Sleeve,5.00,0.0329
v1|800316268479|0,ABC WIDE WORLD OF SPORTS LP FLEETWOOD RECORDS 10th Anniversary ,9.50,0.0328
v1|137496662095|0,Otis Redding 45 (Sittin' On) The Dock Of The Bay 1968 Volt 45-157 NM ,5.50,0.0328
v1|267719090304|0,"Vintage Hip Hop Al-Shid  Ign'ant [Single] (Vinyl, Mar-2002, Fat Beats) Signed",39.99,0.0328
v1|137482172204|0,Imperial Records LP The Tadpoles Bonzo Dog Band,30.00,0.0328
v1|188621225175|0,Vinyl Record Bowl Bon Jovi Side 1 Living On A Prayer Side 2 Wild In The Streets,14.99,0.0328
v1|800294821737|0,In The Blue Light by Paul Simon (Vinyl 2018),1.00,0.0328
v1|127965169763|0,"Austin Roberts You Got the Power / Rocky Private Stock 7"" Vinyl 45 Stereo",2.48,0.0328
v1|327253712290|0,James Taylor Mud Slide Slim & the Blue Horizon LP Record Warner Brothers,1.50,0.0327
v1|236926086509|0,DAVID BOWIE LETS DANCE VINYL ALBUM USED,7.50,0.0327
v1|147425581219|0,"RCA Victor Elvis Presley He Walks Beside Me 12"" 33RPM Black Vinyl LP",3.34,0.0327
v1|398131671141|0,SHELLY MANNE & HIS MEN at the Black Hawk Vol. 4 Contemporary S7580 Reissue,9.99,0.0327
v1|398131628297|0,SHELLY MANNE & HIS MEN at the Black Hawk Vol. 2 Contemporary S7578 Reissue,9.99,0.0327
v1|318560707298|0,2 BLACK ARTIST BLUES LP RECORD Howlin Wolf London Sessions / ALBERT KING HEAT VG,9.95,0.0327
v1|407059526720|0,"Fernandito Villalona ""El Mayimbe"" Y Su Orquesta* – Para Mi Pueblo...""Todo* Lp ",20.00,0.0327
v1|307044515582|0,"The London Philharmonic Orchestra“Gypsy” Stereo Vinyl = VG+ 12"" LP Record Romani",2.50,0.0327
v1|158074662315|0,Walt Disney Presents The Story Of Blackbeard's Ghost (1967; DQ-1305) LP,5.00,0.0327
v1|178288551297|0,Walt Disney's BAMBI LP Album,14.99,0.0327
v1|366524700198|0,"Capitol Gene Vincent I Flipped, Peg O' My Heart,  Jump Back Honey, Waltz of Wind",4.50,0.0327
v1|158070372640|0,MARY WELLS You Beat Me To The Punch / Two Lovers MOTOWN YESTERYEAR Y425F 45rpm ,8.00,0.0327
v1|178295505054|0,BOB DYLAN-BLOOD ONTHE TRACKS-1974 COLUMBIA PC 33235 VINYL LP WITH BLACK NOTES,32.69,0.0327
v1|287449675399|0,Rock Lot (2)DIG THIS (Promo 33 )(1969) + THE SUPER SET (Promo 45) (1967)Columbia,10.00,0.0327
v1|178295602229|0,"Samantha Fox Naughty Girls Need Love Too 7"" 45 Single Vinyl Record 1987",8.00,0.0327
v1|327254032490|0,JONES GIRLS at peace with woman Philadelphia JZ 36767 orig 1980 + inner EX,4.99,0.0327
v1|336674972561|0,"Four Seasons Medley 1981 Gidea Park 12"" Maxi Single Vinyl Record Seasons of Gold",3.00,0.0327
v1|327257087978|0,"8 Classic Rock Vinyl Albums: Eagles, James Taylor, Doobie Brothers, Walter Egan",16.00,0.0327
v1|168526260394|0,Don Henley Building The Perfect Beast EX/NM LP Geffen GHS 24026 Ultrasonic Clean,10.99,0.0327
v1|287448624730|0,45RPM 2FOR: DEE DEE SHARP-1-(2FER1),2.00,0.0326
v1|327248845584|0,SOLON SIRIAS - Pajaro Amarillo/Cumbia en Azul,7.99,0.0326
v1|147427376356|0,VTG 1964 The Lone Ranger Album #1 Vinyl LP Record,5.00,0.0326
v1|398157997794|0,"1959 FRANKIE AVALON ""VENUS"" 45rpm 7""",5.00,0.0326
v1|236926751352|0,Mozart Flute Concerti Richard Adeney Raymond Leppard Vinyl LP CFP 40077,0.89,0.0326
v1|377330356706|0,Walt Disney Happiest Songs Vinyl,20.00,0.0326
v1|117296062539|0,Liberace With The London Philharmonic Orchestra 40th Anniversary 1984 NM/NM-,9.99,0.0326
v1|137499583478|0,"PINK FLOYD / Record Store Day 2017 INTERSTELLAR OVERDRIVE  ( Vinyl 12"" + poster,",36.50,0.0326
v1|137481818966|0,Capital Records Vinyl LP  Record The Beatles  The White Album   #A1571856,30.00,0.0326
v1|307055348318|0,Fatback Fired Up 'N' Kickin' Vinyl LP Record SP-1-6718 Spring Records 1978,6.99,0.0326
v1|158068490745|0,"Ernest Tubb /Waltz Across Texas & Lots Of Luck  by Decca  7"" Vinyl 45rpm",3.75,0.0325
v1|147431081562|0,"1979 Debbie Jacobs ‎– Undercover Lover / Don't You Want My Love 12"" Vinyl Record",8.00,0.0325
v1|278170028192|0,Paul Revere And The Raiders Greatest Hits No Book -LP  MONO KCL 2662,9.95,0.0325
v1|327255110398|0,Elvis In Concert 2 Record Set,7.99,0.0325
v1|278170024155|0,John Lennon 2 Apple 45 PS Whatever Gets You Holland Stand By Me Germany Beatles,24.99,0.0325
v1|158068225869|0,Eddy Arnold country 78 Texarkana Baby bw Bouquet Of Roses & Texarkana Baby RCA,3.75,0.0325
v1|168529049500|0,Frankie Starr - Home For The Holidays / Caroleers sing Silent Night    Good,2.65,0.0325
v1|318564718875|0,Reader's Digest Gaslight Varieties: Happy Music of the Gay Nineties 6LP Box Set,10.00,0.0325
v1|366535841627|0,Marvin Gaye & Tammi Terrell - United - NM Vinyl LP - 1967 Tamla Motown S-277,39.99,0.0325
v1|236920798285|0,Bobby Darin – If A Man Answers/A True True Love/Sermon/All By.. - Capitol 45 VG,4.99,0.0324
v1|236920798287|0,Bobby Darin – If A Man Answers/A True True Love/Sermon/All By.. - Capitol 45 VG+,4.99,0.0324
v1|236920798322|0,Bobby Darin – If A Man Answers/A True True Love/Sermon/All By.. - Capitol 45 VG,4.99,0.0324
v1|236925901495|0,Richie Arthur / Mike Pedicin Quintet- Walking Down a Lonesome Road 45 on Platter,14.99,0.0324
v1|257613111932|0,Honey Cone – Take Me With You ; 1970 LP 1ST EDITION ULTRASONIC CLEAN,6.99,0.0324
v1|158058593533|0,HOT BLUES R&B 78: GENE & BILLY It’s Hot/Zerlene SPARK 120 (1955) *hear*,49.99,0.0324
v1|407053795830|0,"Billy Swan LP ""At His Best"" Monument (MG 7629),VG & G ULTRASONIC CLEAN ",3.99,0.0324
v1|267721791133|0,Buddy Holly - The Buddy Holly Story (Original Recordings) Vol. II ,6.95,0.0324
v1|298491972747|0,SPYRO GYRA MCA Records Lp-MCA37149,3.00,0.0324
v1|236925871895|0,38 Special Special Forces LP 1982 A&M Records SP-4888 RCA Indianapolis Press OOP,15.00,0.0324
v1|298497244252|0,DEVO Live At The Old Waldorf SF 1978 Vinyl LP Mark Mothersbaugh,40.00,0.0324
v1|398157641134|0,"Parsley, Sage, Rosemary And Thyme by Simon & Garfunkel 1966",4.99,0.0324
v1|398155908661|0,"Europe Superstitious  ,Lights & Shadows 45 RPM 7"" Record 1988",2.30,0.0324
v1|188627400417|0,ELVIS PRESLEY Love Songs 20 Original Songs 1979 Greece Import,7.99,0.0323
v1|147425868944|0,ELLIS AND BILL THE GREEN MOUNTAIN BOYS 45 RCA Victor– 47-5087 Stony Fork / Foggy,9.99,0.0323
v1|178295968966|0,Bill Cosby-  Silver Throat Bill Cosby Sings  LP- 1967 - Pre Owned,4.00,0.0323
v1|178295725992|0,Punk Hardcore EP Exploited Dead Cities 45 RPM 7” 1981 Secret SHH 120,45.99,0.0323
v1|267722689741|0,Firefall Sd18174 Vinyl Lp 1976,0.99,0.0323
v1|336675000543|0,Chicago II 2 LP Columbia KGP 24 no poster VG,9.99,0.0323
v1|298491971771|0,Lot 2 CRYSTAL GAYLE LP-We Must Beleive in Magic/Somebody Loves You,4.99,0.0323
v1|267724145412|0,JOHNSON SISTERS  YOU DONT WANT ME ANYMORE / I FOUND MY PLACE NORTHERN SOUL45 RPM,9.99,0.0323
v1|147425656529|0,"LP ELVIS PRESLEY RCA CAL-2518 ""C’MON EVERYBODY"" BLUE LABEL   Mono 1971 ( lotc)",34.95,0.0323
v1|318564223416|0,"Rock & Roll 78 Bill Haley ""SEE YOU LATER, ALLIGATOR"" / ""THE PAPER BOY"" Listen",10.00,0.0323
v1|318569022684|0,LATIN Lot of 30 RANDOM Vintage 45's rpm 7” Vinyl  Records DJ Jukebox SPANISH,14.99,0.0322
v1|117297119556|0,David Bowie LOVE YOU TILL TUESDAY LP England 1984,19.95,0.0322
v1|206404280444|0,Jan & Dean Golden Hits Volume 2 LP (1965) LST-7417,11.95,0.0322
v1|236927845025|0,"JAN & ARNIE , JENNIE LEE / GOTTA GETTA DATE  - arwin  MM-108 -45, 45rpm. record.",15.00,0.0322
v1|358783914662|0,Cannonball Adderley Live! Vinyl LP Capitol ST-2399,1.99,0.0322
v1|198488052813|0,Longines Symphonette Choraliers Family Songs Vinyl LP Box Set 130 Favorites,3.49,0.0322
v1|327255179510|0,1978 Road Music Record,3.16,0.0322
v1|267724329312|0,"Autographed EAGLES One of These Nights 1975 Asylum Henley, Frey, Meisner, Felder",299.99,0.0322
v1|147425871873|0,"Boomtown Rats ""Like Clockwork""  UK Press  45 Record 7"" ENY 14",9.99,0.0322
v1|127966309948|0,four tops 33 rpm record lp reach out/very good,2.92,0.0322
v1|407061403293|0,"Diana Ross The Jackson 5 Diana Ross Presents The Jackson 5 LP 12"" Motown MS700",15.00,0.0321
v1|168529860499|0,Triumph-Just A Game-1979 Vinyl LP RCA AFL1-3224 -NO BARCODE- EXCELLENT CONDITION,19.99,0.0321
v1|287451060653|0,"Buddy Holly Collection: Poster23”x16”, Double Album Records Mint, Advertisements",40.00,0.0321
v1|178296019030|0,"Decca LP Record, Len Barry ,1-2-3 ,Treat Her Right, VG ",1.00,0.0321
v1|117286799887|0,"BIILL QUATEMAN - Just Like You (LP, 1979) Very Good RCA",3.99,0.0321
v1|800298457880|0,"George Jones: These Old Eyes Have Seen It All/Wine Colored Roses, 45rpm, 1986",9.99,0.0321
v1|236925778385|0,"Vintage Vinyl Bert and Ernie ""Sing-Along"" LP Record Album Sesame Street .",15.00,0.0321
v1|147427157034|0,The Searchers - Love Potion Number Nine / Hi-Heel Sneakers - 1969 Kapp Records,2.42,0.0321
v1|236920568176|0,"BRENDA LEE - I Still Miss Someone/Truly, Truly, True, 45, EX, 1965 Decca",2.49,0.0321
v1|206398805281|0,"Rock & Roll Beat The Originells 4 ""Nights"" Promo",20.00,0.0321
v1|147427553082|0,Be Bop Deluxe - The Best and the Rest Of Be Bop Deluxe Bill Nelson VG+ Condition,9.99,0.0321
v1|127964894874|0,"Steve Miller Band Shangri-La Capitol 7"" Black Vinyl 45 RPM Stereo P-B-5407 Promo",1.78,0.0321
v1|168518628636|0,"French Traditional Music From The Limousin by Lo Jai (LP, 1986) Folk/World Music",5.75,0.0321
v1|267719034498|0,"LP ""Wet"" by Barbra Streisand",4.00,0.0321
v1|147427407091|0,HUGO & LUIGI - Theme From The Ruling Class/My Jack - VG+,2.25,0.0320
v1|298492009474|0,Guy Mitchell With Ray Conniff – Knee Deep In The Blues 45 Columbia Records,4.99,0.0320
v1|287440678840|0,HANK LOCKLIN     Lot Of 6 Vinyl Records LPS     VG TO VG+,5.99,0.0320
v1|287450102610|0,Lot Of 6  Lp 12 Inch Vinyl Records Various Artist Featuring Organ Music. ￼,15.00,0.0320
v1|206403799246|0,2 LP Tchaikovsky Liturgy Op. 41 Chermushenko Leningrad Choir Russian Bulgarian,25.00,0.0320
v1|158075828801|0,Eurythmics There Must Be An Angel 45 rpm promo vinyl record,3.00,0.0320
v1|407061161192|0,"BUDDY MILES EXPRESS - ""BOOGER BEAR"" - RECORD ALBUM LP - COLUMBIA - KC32694",3.60,0.0320
v1|377336410533|0,"Elephant Man Pon De River, Pon De Bank / All Out Vinyl Record VP VPRD 6461",5.55,0.0320
v1|407059687244|0,"Marvin Santiago – Caliente Y Explosivo!, Lp Vinyl,  TOP HITS ",30.00,0.0320
v1|278169193330|0,Disneyland DQ-1233 Walt Disney's Little Toot & Sailor Songs LP Vinyl 1962,5.00,0.0320
v1|227418511545|0,"2 Dixie Cups 45s ""Chapel of Love"" ""Little Bell"" 🎶 Good Condition",3.49,0.0320
v1|178298068586|0,Tracy Chapman 45 Give Me One Reason / Rape of the World - Elektra - Title Strip,9.99,0.0320
v1|298491973989|0,Golden Hits by Tony Martin LP Album,3.00,0.0320
v1|278169661030|0,JOHN LENNON POB Open Your Box / Power to The People Apple UK Flip 45 Beatles,24.99,0.0320
v1|407059656151|0,"Rafael, Interpretando  Canciones  De La Película  El Golfo, Lp Vinyl * ",15.00,0.0320
v1|127966688101|0,Grief And Man Will Become The Hunted Double Vinyl Lp Oop Sludge Doom Metal ,26.00,0.0319
v1|298493539293|0,Barry Manilow         20-LP's        NM or as Described       CHOOSE Any 5 LP's,22.00,0.0319
v1|227424509332|0,"26 Vinyl Lot Rock:ACDC,T Nugent,Knack,D Purple,Foreigner,Yes,Dire Straits,Stones",99.99,0.0319
v1|327253961709|0,1971 Apple The Beatles And I Love Her / If I Fell  Fair Condition,10.00,0.0319
v1|398156175983|0,"Zager and Evans vinyl 45 single, 1969  In The Year 2525, 74-0174",2.20,0.0319
v1|287450389341|0,"Bill Haley and his Comets ""Shake Rattle And Roll""  4-Song Decca ED 2168",25.00,0.0319
v1|178302641169|0,Petula Clark Vinyl Bundle - Fantastic Collection Hard to Find Titles - Lot of 4,1.00,0.0319
v1|318560580468|0,"Jackson Browne Saturate Before Using 12"" Vinyl LP Rock Asylum Records",10.00,0.0319
v1|366524557788|0,TOBY BEAU MY ANGEL BABY/CALIFORNIA 45RPM VINYL,2.99,0.0319
v1|366537209553|0,"Stevie Wonder Skeletons Motown 12"" Single Vinyl 1987  Marvin Gaye",3.00,0.0318
v1|206398860977|0,"Mozart, RIAS Sinfonietta, Gustav Kuhn, Symphony No. 31 ""Paris"" Vinyl LP, Sealed",1.99,0.0318
v1|398154774232|0,"Doo Wop 45: The Cadillacs Please, Mr. Johnson/Cool It FRool on Josie 1959",2.00,0.0318
v1|158068350813|0,"Tom Jones, I'll Never Fall In Love Again / Once Upon A Time",3.52,0.0318
v1|188618764944|0,2 LP's. Gordon Lightfoot. If You Could Read My Mind & Cold On The Shoulder,5.00,0.0318
v1|307052762691|0,Night Ranger 45RPM Sentimental Street 1985 80s Classic Rock 7” Vinyl PS NM ERROR,2.95,0.0318
v1|227423219500|0,The Who -  Classic Rock Vinyl Album Records 1980 & 1973,25.00,0.0318
v1|407060022050|0,Zero Mostel Fiddler On The Roof Album 1964 Vinyl/LP RCA original cast VG+ vintag,3.00,0.0317
v1|257613111934|0,Frank Sinatra Softly As I Leave You LP Reprise F-1013 VG Mono Shrink Wrap,6.99,0.0317
v1|307051096105|0,Dwight Twilley 45RPM “Girls” 1984 80s Power Pop Rock 7” Vinyl PS NM,3.00,0.0317
v1|137496644359|0,"Reel Big Fish Teen Beef 7"" Blue Colored Vinyl Single 33 RPM Mojo Records Ska",60.00,0.0317
v1|188621317987|0,Black Sabbath Sabbath Bloody Sabbath Vinyl LP Album NM Condition Ozzy Osbourne,150.00,0.0317
v1|206403856313|0,Merle Haggard & The Strangers - Eleven Winners Capitol Vinyl LP Country,5.00,0.0317
v1|377322569976|0,JEAN-PIERRE RAMPAL A FESTIVAL OF FLUTE CONCERTOS RCA RED SEAL STEREO 2-LP SHRINK,9.99,0.0317
v1|278159504503|0,SAINT LOUIS SYMPHONY ORCH. JERZY SEMKOV WAGNER OVERTURES & PRELUDES TURNABOUT LP,8.00,0.0317
v1|137496800060|0,JULIO IGLESIAS AMOR (SPANISH/ENGLISH) & NOSTALGIE( NOSTALGIA) FRENCH 45RPM,6.50,0.0317
v1|147426000051|0,An Old Fashioned Candlelite Country Christmas LP Vinyl 5 Record Set,4.36,0.0317
v1|336680591897|0,Jim Croce Record Cover Only LP “You Don’t Mess Around With Him”,4.00,0.0317
v1|398155386924|0,Doo Wop 45: The Fabulous Flames Josephine/My Joan on Rex 1958,2.00,0.0317
v1|278169762625|0,AL STEWART TIME PASSAGES VINYL ARISTA 1978 PRE-OWNED,8.95,0.0317
v1|158075808707|0,Olivia Newton John Clearly Love vinyl lp record 1975 MCA records gatefold,5.00,0.0316
v1|358776129238|0,Kool & The Gang - Forever (1986) - Gold Stamp Promo,30.00,0.0316
v1|298493872650|0,Gilbert O'Sullivan ‎– Get Down / A Very Extraordinary Sort Of Girl 45,3.99,0.0316
v1|298491973592|0,Lot  5  BILLIE JO SPEARS 45rpm-Blanket on the Ground/57 Cheverolet/Del Reeves,4.99,0.0316
v1|257613844984|0,"Lot of 21 Vintage Irish Celtic Vinyl LPs - Spinners, Clancy Brothers, Houghton",29.00,0.0316
v1|127966609170|0,walt disneys the jungle book 33 rpm record lp/very good minus,4.25,0.0316
v1|327249643829|0,"Roger Williams - Academy Award Winners ""LP""",3.50,0.0316
v1|206403954178|0,"Elvis Presley Elvis Is Back! RCA Victor LSP-2231 Stereo 12"" Black Vinyl LP",9.82,0.0316
v1|158070367456|0,REGENTS Barbara-ann / I'm So Lonely GEE 1065 (1961) 45rpm ,6.00,0.0316
v1|398158814799|0,beatles magical mystery tour vinyl,40.00,0.0315
v1|287449628871|0,"The Beatles White Album 2 LP Vinyl, Capitol Records, Apple Record SWBO-101",40.00,0.0315
v1|127966302202|0,gary puckett and the union gap 33 rpm record lp very good,3.80,0.0315
v1|407059527448|0,"Johnny Ventura – El Sueño, Lp Vinyl * COMBO RECORDS ",15.00,0.0315
v1|298493977795|0,"Elvis Costello This Year's Model LP Columbia 1978 Rock 12"" 33 RPM Stereo",8.00,0.0315
v1|800311126362|0,78 RPM Bluebird 6851 Bennie Moten & Kansas City Orch. Prince of Wales,9.99,0.0315
v1|398158771860|0,Beatles  Revolver  Vinyl,40.00,0.0315
v1|127965042357|0,"Ambrosia Can't Let A Woman / The Brunt 20th Century 7"" 45 TC-2310",1.84,0.0315
v1|257614896751|0,"Something to Remember by Madonna (Record, 2016)",40.00,0.0315
v1|168525256111|0,THE BELTONES I'll Follow You Harry J Rocksteady Ska Reggae 45 Jamaica RE HEAR,8.50,0.0315
v1|198488177036|0,Loretta Lynn Wings Upon Your Horns Vintage *Vinyl* Record Album LP VG,4.88,0.0315
v1|147425836197|0,"Erna Sack The European Nightingale 10” EP from 1950, Capitol L8000",0.99,0.0315
v1|267722479795|0,LEONTYNE PRICE: Great Artists at the Met-NM1977LP with LIBRETTO,3.99,0.0315
v1|227423259326|0,The Moody Blues: Seventh Sojourn LP Vinyl London Record THS-7,24.99,0.0315
v1|206405987662|0,Minneapolis Symphony Orchestra Antal Dorati,2.99,0.0315
v1|127965227904|0,Iron Maiden Powerslave vinyl LP,100.00,0.0315
v1|318564610198|0,"""DREAMS OF UKRAINE""  VARIOUS ARTISTS - APON STEREO",6.98,0.0314
v1|336679140481|0,"25 Record Lot 45's Movie Themes Elmo's Fire, The Odd Couple, Superstar, Shaft",12.99,0.0314
v1|168518205722|0,jim kweskin&the jug band-vanguard-1970-2lp greatest hits-vinyl vg+,1.99,0.0314
v1|398156665089|0,"Bad Bascomb-Black Grass/I Feel Like Dancing, 1972, 45 RPM, Funk, Soul",48.00,0.0314
v1|137505217014|0,Chicago Lp’s 5 Record Lot KC 32400 - C2 32810 - KG 30864 Columbia Vinyl 3 Albums,24.00,0.0314
v1|407059836483|0,Willie Nelson Sings Standard Songs ~Made in Japan XAAP90069 PROMO~ Booklet - E+,14.99,0.0313
v1|147429720249|0,THE BANANA SPLITS - The Tra-La-La Song - 45 rpm EP - Kellogg's premium,7.50,0.0313
v1|127965160813|0,"Kenny Rogers & Dottie West Every Time Two Fools Collide UA 7"" 45 UA-XW1137",5.20,0.0313
v1|147425582365|0,"Elvis Presley The Sun Years Sun 12"" 33RPM Stereo Black Vinyl LP SUN 1001",2.67,0.0313
v1|407060588086|0,"Duane Eddy - ""Twang"" A Country Song   1963 Vinyl Record Album   VG / VG   Jojo's",5.00,0.0313
v1|307051256056|0,JERRY GARCIA Band LP Cats under the stars 1978 Arista grateful dead vinyl,11.99,0.0313
v1|267721875718|0,THE BEATLES - THE EARLY BEATLES - APPLE RECORDS ST 2309 LP LENNON & MCCARTNEY,29.99,0.0313
v1|287448399876|0,World’s Great Piano Music. Reader’s Digest. 4 LP Box Set,8.99,0.0313
v1|287449675393|0,(2) BOBBY JAMESON 45rpm- All I Want Is My Baby (London) *I'm So Lonely (Talamo),12.00,0.0312
v1|117293924089|0,Paul Coleman HOW MANY TIMES b/w GOOD MORNING SUNSHINE 45 rpm - 1971,9.99,0.0312
v1|366524557802|0,"B87 Michael Johnson: Bluer Than Blue/ Two In Love, 1978 EMI America 8001 - 7"" 45",4.39,0.0312
v1|318570665988|0,The Beatles - Yellow Submarine - 1969 Apple - Terre Haute Pressing,30.00,0.0312
v1|127964885405|0,"Fleetwood Mac Farmer's Daughter / Monday Morning WB 7"" 45 Promo WBS49700",1.88,0.0311
v1|307052610875|0,"RARE Blank Back DR HOOK The Cover Of  ""ROLLING STONE"" COLUMBIA 45",1.99,0.0311
v1|147425844792|0,"Tramaine Hawkins RARE Radio Maxi Single for Freedom, A&M SP- 12248,4 Mix Vinyl",0.99,0.0311
v1|398131681724|0,Nancy Sinatra How Does That Grab You Vinyl LP 1966 Record Stereo Reprise RS6207 ,9.99,0.0311
v1|178295523198|0,Little River Band Vintage Vinyl 'Diamantina Cocktail' Harvest Records 1976,4.19,0.0311
v1|327248819959|0,WENCE Y LOS SUPREMOS - La Manera Como Luces / Para Que Vivo Yo,7.99,0.0311
v1|358775544570|0,Joe Ward -Nuttin For Xmas Vinyl 45 Record,3.00,0.0311
v1|158068082224|0,YMA SUMAC--4-SONG HARD COVER-EP+45-(VOL.-1-EARLY RECORDINGS)--PS--PIC--,39.99,0.0310
v1|168516497880|0,Dr. Hook greatest hits vinyl mint,169.00,0.0310
v1|366531191567|0,Lot Of 7 Alabama 33rpm Vinyl Records Loaded With Hits,19.99,0.0310
v1|147425605537|0,"Petula Clark Color My World / Who Am I Warner Bros. 12"" 33RPM Stereo LP WS 1673",4.14,0.0310
v1|127965126232|0,"Aerosmith Uncle Salty / Walk This Way Columbia 7"" Black Vinyl 45 Stereo 3-10449",3.44,0.0310
v1|358776801947|0,KING CRIMSON - BEAT - LP VINYL 1982 WARNER BROS RECORDS ,18.95,0.0310
v1|147420236862|0,Golden Hits Volume LP - Longines Symphonette Society Album ,4.99,0.0310
v1|127965034040|0,Jimi Hendrix Experience 2025 W/Poster   VG,14.81,0.0310
v1|158075839743|0,Eurythmics Here Comes The Rain Again 45 rpm vinyl promo record,3.00,0.0310
v1|168529049388|0,Jerry Vale – You Don't Know Me / Enchanted  1956 VG+,2.65,0.0310
v1|178295602238|0,"Waiting On A Heart Attack Device 7"" 45 Single Vinyl Record 1986",9.00,0.0310
v1|127964898568|0,Jimi Hendrix - Rainbow Bridge (Soundtrack) -NM/NM 2014 RE Blues Rock 200G GF ,11.50,0.0310
v1|800315698884|0,"Vintage 33 1/3 rpm LP records lot, I count 44 of various genres. Added a List",43.43,0.0310
v1|158068276591|0,Doris Day “Secret Love” 78,3.50,0.0309
v1|168525872245|0,Disney Bambi LP w/ Book PLUS Caedmon Curious George read by Julie Harris,10.00,0.0309
v1|137499403064|0,George Crumb Makrokosmos Vol II Robert Miller Amped Piano 1st Ed. PROMO RARITY!,7.99,0.0309
v1|158074996471|0,"GUY LOMBARDO Your Guy Lombardo Medley 12"" Vinyl Record Album LP 1956 Capitol",4.00,0.0309
v1|236925902636|0,Mississippi Black Bottom Bayou Band-What Makes Mary Go Round 45 promo CCR style!,9.99,0.0309
v1|327253861332|0,"LOT 12 VINYL LPS, SOUNDTRACKS, SINGER SONGWRITER, OUTLAND, JOYRIDE, MELANIE",6.00,0.0309
v1|188621504609|0,"Worldwide Gold Award Hits, Parts 1 & 2 Elvis Presley 1974 RCA Tan Excellent",21.95,0.0309
v1|298493712462|0,"VARIOUS: On Stage At The Grand Ole Opry DECCA 12"" LP",24.99,0.0309
v1|178297424020|0,NR promo SHANGRI-LAS  LEADER OF THE PACK  (ROCK N ROLL 45) #014 PLAYS ex mt-mt-,24.00,0.0309
v1|178297424020|0,NR promo SHANGRI-LAS  LEADER OF THE PACK  (ROCK N ROLL 45) #014 PLAYS ex mt-mt-,24.00,0.0309
v1|236930180648|0,The Who Who Are You Vinyl LP Vintage Great Conditions,10.00,0.0309
v1|318550977573|0,Signed  OAK RIDGE BOYS   Singing The Gospel   '64 States Wood LP  signed  VG,10.00,0.0308
v1|117293600364|0,"Teddy Bear, Duke And Psycho - Heaven 17 - Vinyl LP - W/Inner Sleeve",20.00,0.0308
v1|257613321053|0,Don Ho Tiny Bubbles 1966 Vinyl LP Record Reprise R 6232 VG Hawaiian Lounge,2.08,0.0308
v1|178295862957|0,"RCA LP Record, Family Library of Great Music , Grieg, VG ",1.00,0.0308
v1|318560493296|0,THE MOODY BLUES TO OUR CHILDRENS CHILDRENS CHILDREN (VG) THS-1 LP VINYL RECORD,5.00,0.0308
v1|398156122687|0,Saturday Night Fever LP Vinyl Record Bee Gees RSO Disco Soundtrack Black 1977,18.00,0.0308
v1|407061579114|0,2 Willie Nelson Lp’s,10.00,0.0307
v1|377332126047|0,THE CARS S/T THE CARS LP NAUTILUS SUPERDISCS SEALED AUDIOPHILE HALF SPEED,40.00,0.0307
v1|278169337119|0,THE DOOBIE BROTHERS THE CAPTAIN AND ME VINYL PRE OWNED,7.95,0.0307
v1|307052599686|0,The Stripper and Other Big Band Hits SI ZENTNER AND HIS ORCHESTRA VINYL LP ALBUM,4.02,0.0307
v1|137497166507|0,ELVIS PRESLEY LP EPE-1011 A DINNER DATE WITH ELVIS SPAIN LONG OUT OF PRINT 1986,49.00,0.0307
v1|407059860201|0,"A Flock of Seagulls Wishing 12"" Vinyl Single Promo 33 RPM Jive VJ 12014 1982",10.00,0.0307
v1|358776355698|0,Various Artists 8 Vinyl LP Records,15.99,0.0307
v1|147425561391|0,"Elvis Presley Elvis: His Songs of Inspiration 12"" Vinyl LP RCA Stereo DML1-0264",3.00,0.0307
v1|198488051395|0,Original BEATLES 1963 CANADA ‘FROM ME TO YOU’ ‘THANK YOU GIRL’ CAPITOL 45 VG,5.50,0.0307
v1|267718878476|0,Bachman-Turner Overdrive Freeways vinyl record album,9.99,0.0307
v1|236920798299|0,Bobby Darin – Lazy River/Clementine - Atlantic Records 45 RPM- VG+,4.99,0.0306
v1|137489103746|0,Eddie Nash ‎– One Man Band - Custom Recording and Sound 1981 - Used,10.00,0.0306
v1|267722676733|0,Vtg Boxed Set 3 LP RCA Victor Red Seal Verdi Falstaff Arturo Toscanini LM-6111,2.00,0.0306
v1|327254696337|0,2014 Reissue Apple Records The Beatles 1962-1966 (Red Album),50.00,0.0306
v1|178297079632|0,vinyl record album Radio Shack promo Christmas storytime,19.99,0.0306
v1|318516958771|0,Cliff Richard – The Best Of Cliff - German Import LP 1975,4.99,0.0306
v1|336674901897|0,"Daryl Hall And John Oates Adult Education 12"" Remix SINGLE Vinyl Record IMPORT",12.95,0.0306
v1|407059928311|0,Patti Austin ~ Gettin' Away With Murder - Record Made in France 925276-1 ~ E-,5.99,0.0306
v1|227418823231|0,"LOT OF 6 78 RPM RECORDS Good Cond. Joe Stafford, Danny Kaye, Eileen Barton",7.00,0.0305
v1|168526178387|0,DEVO Heavy Metal Animated Movie 45 record Working In The Coal Mine Planet Earth,8.99,0.0305
v1|358773929379|0,78 ~ PERCY GRAINGER Chopin Scherzo Op. 31 No. 2,19.95,0.0305
v1|398156652996|0,Bruce Springsteen & the E Street Band - Live/1975-85 Complete In Box 5 LP Set,300.00,0.0305
v1|318564589653|0,Caedmon Robert Frost in Recital Vinyl LP Spoken Word Poetry TC 1523,10.00,0.0305
v1|168525925373|0,RARE Vintage 1950 Little Lulu Golden Record 45RPM R59 Little Lulu Lavender'sBlue,5.95,0.0305
v1|407061125805|0,My Cherie - Al Martino,0.99,0.0305
v1|298493712901|0,Robin Lane & The Chartbusters - 5 Live LP - Warner Bros. SEALED,8.99,0.0304
v1|318563758922|0,1975 FABIAN - THE VERY BEST OF FABIAN -  UNITED ARTISTS RECORD LP,2.99,0.0304
v1|117293451248|0,"Bob Atcher ‎– Nobody Knows But Me And You- 10"", 78 RPM 1946 Columbia ‎– 3",9.99,0.0304
v1|178301033192|0,Oscar Peterson - Illinois Jacquet - Herb Ellis Jazz At The Philharmonic Blues,3.00,0.0304
v1|307044525908|0,Goree Carter JUMP BLUES 78 I’ll Send You/How Can You Love FREEDOM VG++VG+++ HEAR,100.00,0.0304
v1|158075209388|0,Jr Walker All Stars 45 Shotgun / Hot Cha SOUL Motown VG+,8.00,0.0304
v1|257616656812|0,THREE DEGREES LOOK IN MY EYES NORTHERN SOUL DJ 45 RPM,9.99,0.0304
v1|407059490929|0,Oscar D'Leon PRESENTA... La Critica* Lp Vinyl * TOP HITS ,20.50,0.0304
v1|377330165419|0,78 ~ AL JOLSON I'm Sitting On Top Of The World/You Flew Away From The Nest,49.95,0.0304
v1|318560722781|0,LED Zeppelin Houses of the Holy Vinyl LP Record 1973,25.00,0.0303
v1|298491779526|0,Beth Moore – If You Ain't Lovin’ / I’ll Sing About Ohio B-W Records 45,9.99,0.0303
v1|398156158395|0,FLEETWOOD MAC Tango In The Night Vinyl ,30.00,0.0303
v1|188618925813|0,Elvis Costello Good Year For The Roses Vinyl Single Picture Sleeve UK Import ,14.99,0.0303
v1|398155125791|0,Glazer On Top Of Spaghetti / Battle Hymn + This Was My Love Jones Yellow Sleeves,9.99,0.0303
v1|257608738245|0,"25 7' 45rpm 22 With Original Covers. Cher, Simple Minds, REM, Tears4fear",50.00,0.0303
v1|287448407611|0,Jackie Gleason Music Martinis and Memories LP Capitol Records Vintage Vinyl,3.50,0.0303
v1|407061112930|0,Aerosmith Get Your Wings Columbia Records Vinyl ,3.54,0.0303
v1|236926051810|0,"Feliciano! Jose Feliciano Record NRMT, RCA",8.00,0.0302
v1|127964983439|0,"Face to Face 10-9-8 Epic 7"" Black Vinyl 45 RPM Stereo 34-04430 Promo",52.00,0.0302
v1|800298462658|0,"KISS: Christine Sixteen / Shock Me 45rpm, 1977, FAST SHIPPING!",19.99,0.0302
v1|267724823369|0,GENE PITNEY - 'MAN WHO SHOT LIBERTY VALENCE' (1962) OOP ORIG. REL. VINYL SINGLE,15.70,0.0302
v1|178302641173|0,Classic Cole Jan DeGaetani Smit LP Record Album Vinyl White Label Promo,1.00,0.0302
v1|127964931785|0,"Lloyd Allen I Keep Looking At You (Keep Pumping) Epic 7"" 45 34-04252 Promo",1.10,0.0302
v1|318561040648|0,"Herb Alpert & Tijuana Brass !!Going Places!! 12"" Vinyl LP Stereo A&M SP-4112",1.42,0.0302
v1|147425585618|0,"Reader's Digest All-Time Broadway Hit Parade 12"" 33RPM Black Vinyl Box Set",12.00,0.0301
v1|398158812730|0,Margaret O Brien Stories for Children Vinyl LP Record Autographed Signed,9.99,0.0301
v1|307044680425|0,Kenny Rogers/Dolly Parton 45RPM “Islands In The Stream” 1983 80s Duet 7” Vinyl,3.00,0.0301
v1|117296062501|0,Frank Sinatra Try A Little Tenderness 1971 NM Shrink Ultrasonic Clean,9.99,0.0301
v1|307044669784|0,"Anne Murray Lot of 3 Albums, See Pictures, Vinyls Visually rated, Xmas, Pop  A18",6.00,0.0301
v1|327248741905|0,"3 Dean Martin 45s ""Houston"" ""I Will"" ""The Door Is Open To My"" 🎶 Good Condition",5.99,0.0301
v1|298493226001|0,"  THE HEARTBEATS 78 I FOUND A JOB/DOWN ON MY KNEES ",30.00,0.0301
v1|178302559555|0,The Lost Generation Young Tough and Terrible 2023 ORG Reissue NM,14.00,0.0300
v1|236926100094|0,"WHITNEY HOUSTON 12"" SINGLE VINYL ALBUM USED",5.00,0.0300
v1|307051628782|0,"Floyd Cramer Cramer at the Console Vinyl 1964 LP Record Album LSP 2883 12""",1.80,0.0300
v1|158068427857|0,CARMEN MCRAE Second To None  LP 1964,4.00,0.0299
v1|327254961449|0,Phil McLean Vinyl 45 Small Sad Sam/Chicken Versatile Records,2.50,0.0299
v1|307044650799|0,"Vintage LP: Christmas Excerpts from Handel's Messiah, Masterwork Chorus performs",6.00,0.0299
v1|287449650466|0,JAN & DEAN GOLDEN HITS VOLUME 2 (VG+) LRP-3417 LP VINYL RECORD,5.00,0.0299
v1|267719034050|0,"LP Linda Ronstadt ""Living in the USA""",3.00,0.0299
v1|147426863061|0,Carole King Wrap Around Joy Vinyl,10.00,0.0299
v1|188622415796|0,NIÑO DE MARCHENA / Cante Flamenco LA VOZ DE SU AMO 7EPL13.195 Spain 1958 E,8.00,0.0299
v1|366526141754|0,The Warner Bros. Records 20th Anniversary Album In Sound And Picture,30.00,0.0299
v1|287448399758|0,George Gershwin Porgy & Bess Record LP,8.99,0.0299
v1|147425523430|0,Doris Day Robert Goulet Annie Get Your Gun LP 1963 Columbia OS 2360 Stereo VG++,10.00,0.0299
v1|287448999661|0,Beatles EP Collection BEP 14 1981. Box has some wear. Vinyl & Sleeves Very Nice!,189.99,0.0298
v1|198480824936|0,Original Broadway Cast- “ The Music Man “ Released In 1958. 33 1/3 Rpm Album.,1.99,0.0298
v1|158067964669|0,CLIMAX BLUES BAND Flying The Flag WARNER BROS BSK-3493 (1980) LP,12.00,0.0298
v1|198485913069|0,Beethoven Bicentennial Collection Volume VI Choral Music 5 LP Box Set ,5.00,0.0298
v1|178296736098|0,78rpm; Hugh And Shug's Radio Pals; You Wore A Tulip & Girl In Blu ; Decca - 5428,8.00,0.0298
v1|168525744372|0,Lot of  4 Vintage Woody Woodbury LP Adult Risque Comedy Albums,12.00,0.0298
v1|298493711800|0,Junior Walker & The  All Stars Anthology Double LP Motown W/ Booklet VG+/VG+,19.99,0.0298
v1|298493712909|0,Junior Walker & The  All Stars Anthology Double LP Motown W/ Booklet VG+/VG+,14.99,0.0298
v1|358776480718|0,Donovan's Greatest Hits Vinyl LP Epic BXN 26439 Mellow Yellow Folk Rock 1969,5.06,0.0298
v1|168529049635|0,The Goldman Band – America Marches - 1955 Patriotic - Vinyl LP RCA CAL-125,2.70,0.0297
v1|147427223206|0,Simon & Garfunkel Bookends Vinyl LP Columbia KCS 9529 Stereo 33 RPM,4.99,0.0297
v1|188622988184|0,Rare Jukebox Only 45.,1.99,0.0297
v1|168524126321|0,CATHY JEAN/ROOMMATES-RARE PROMO TITLE SLEEVE+1-SIDED 45-(MAKE ME SMILE AGAIN)-PS,75.00,0.0297
v1|287448866930|0,Steve Wariner Lynda / Small Town Girl 45 Single Record Vinyl,1.99,0.0297
v1|307052766166|0,"7"" 45 RPM ARTHUR LEE MAYE AND THE CROWNS DO THE BOP ON RPM VG/VG+ 1955",49.95,0.0297
v1|267721909612|0,Antique vinyl records Tony Pastor and Orchestra,2.00,0.0297
v1|307051285387|0,"Steely Dan – The Royal Scam 1976 LP Vinyl Album, ABC Records ABCD 931, Classic",13.45,0.0297
v1|127966669906|0,Iron Monkey Iron Monkey Vinyl LP Sludge Grief Dystopia Doom Metal ,83.00,0.0297
v1|168526055034|0,EAGLES HOTEL CALIFORNIA - BUTTERFIELD BLUES BAND - IRON BUTTERFLY - 3 VINYL LPs,9.99,0.0297
v1|358777181010|0,"Ashford & Simpson Solid 12"" 33 RPM Black Vinyl LP Record Capitol ST-12366",3.00,0.0297
v1|178298041094|0,5 Bill Cosby LP lot,20.00,0.0297
v1|298493712438|0,Ella Fitzgerald With Ella Fitzgerald And Her Savoy Eight Chick Webb,19.99,0.0296
v1|236926214596|0,"Chicago XIV vinyl lp ""Manipulation"" Peter Cetera 1980 NEARM MINT",7.99,0.0296
v1|147427204377|0,PAUL MCCARTNEY - Press / It’s Not True 45 RPM single 1986 US Capitol press w/ PS,15.00,0.0296
v1|117293567675|0,Porter Wagoner & Dolly Parton - Say Forever - RCA APL1-1116 - LP - See Photos!,20.00,0.0296
v1|398158912863|0,LIGHTHOUSE One Fine Morning Vinyl LP Record,10.00,0.0296
v1|800316356741|0,The Rolling Stones - Blue & Lonesome 2016 Double LP Vinyl French Import NM,20.00,0.0296
v1|327248783979|0,BANDA BLANCA - A lo Obscuro / Palo Hueco - CUMBIA GARIFUNA HONDURAS 45,7.99,0.0296
v1|158059724644|0,"Corigliano* - Hilde Somer, San Antonio Symphony Orchestra, Victor Alessandro / B",22.00,0.0296
v1|137485973237|0,DAVID GRAY - FOUNDLING (2010 VINYL LP RECORD - DWT701931) - UNPLAYED,31.00,0.0296
v1|127966574514|0,Jethro Tull AQUALUNG Vinyl LP Album - 1971 Chrysalis Records - Gatefold w/Lyrics,9.99,0.0296
v1|307052155291|0,Richard Rodgers Victory At Sea Volume I Robert Russel Bennett 33 Vinyl Record LP,0.99,0.0296
v1|137499251654|0,DON GIBSON I'm All Wrapped Up in You 1976 Vintage Vinyl,16.00,0.0295
v1|377320766747|0,Bob Newhart The Button-Down Mind Strikes Back LP Record Album. Pre-owned.,4.00,0.0295
v1|800325645680|0,45 RPM Moonglows CHESS 1581 Sincerely / Tempting    VG,3.00,0.0295
v1|188608813286|0,David Sylvian - Words With the Shaman (1985 Vinyl),24.00,0.0295
v1|398157938433|0,The Everly Bros Record & Photo Framed 10x 20,10.00,0.0295
v1|407061705333|0,David Bowie - Hunky Dory (Vinyl/LP Record) - [VERY GOOD],12.36,0.0294
v1|206403904885|0,"Patsy Cline - Here's Patsy Cline Vocalion VL 73753 Vinyl LP Country, Sleeve",3.32,0.0294
v1|168518585719|0,Duran Duran-The Refelx/New Religion-45 RPM-rock-Capitol-B-5345-vinyl-record-NM-,6.99,0.0294
v1|178297007513|0,"Steam, 45 rpm, VG+, Na Na Hey Hey Kiss Him Goodbye F-1667 no sleeve",1.00,0.0294
v1|236926727073|0,Three Dog Night Three Dog Night Dunhill DSD 50168 Vinyl LP Rock Cardboard Sleeve,2.63,0.0294
v1|257616690919|0,BLACK SABBATH Master Of Reality LP Warner Bros Ozzy Iommi ,39.99,0.0294
v1|198486534287|0,Ernest Tubb - One More Memory / Just A Drink Away 45 RPM Record- Decca,4.85,0.0294
v1|127965055041|0,"Boston Don't Look Back / The Journey Epic 7"" Black Vinyl 45 RPM Stereo 8-50590",2.40,0.0294
v1|398155204388|0,Shakti With JOHN McLAUGHLIN LP. Columbia Records PC-34162. Clean!,9.00,0.0294
v1|287449785173|0,"Eddy Arnold Don't Give Up On Me LP Vinyl 12"" RCA Country Black",13.00,0.0294
v1|158075209471|0,The Shirelles 45 Dedicated To The One I Love / Look A Here Baby Scepter VG+,8.00,0.0294
v1|267719038580|0,"Moving Target By Simon Townshend [LP Polydor Records, 1985, The Who",6.99,0.0293
v1|168529049414|0,"Bing Crosby 1942 10"" 78 – Hello Mom / A Boy In Khaki - A Girl In Lace Decca 4367",2.70,0.0293
v1|127966634872|0,the bobbettes 45 rpm record promo mr lee/look at the stars/very good minus,3.20,0.0293
v1|137488747745|0,"VINTAGE READER'S DIGEST ""HAVE A MERRY CHRISTMAS"" 5-RECORD SET 1974",11.99,0.0293
v1|358774218852|0,78 ~ ELLA FITZGERALD Crying In The Chapel/When The Hands Of The Clock Pray At...,14.95,0.0293
v1|307044718153|0,Delteens 1961 DOOWOP 45 Listen To The Rain / Love Me FORTUNE 2nd VG++/VG+++ HEAR,25.00,0.0293
v1|127964952016|0,"Donna Summer Supernatural Love Geffen 7"" Black Vinyl 45 Stereo Promo 7-29142",3.18,0.0293
v1|287448460563|0,Beatles Yesterday and Today Alternate Cover Promo Flat??,65.00,0.0293
v1|198488173611|0,"Jerry Vale - It's Magic (LP, Album)",4.55,0.0292
v1|127966260295|0,jaye p morgan 45 rpm record that man is my weakness/same promo/very good,2.16,0.0292
v1|298491926193|0,Billie And De-De   And Their Preservation Hall Jazz Band  EX+,10.00,0.0292
v1|158070477270|0,Gustav Mahler James Levine Chicago Symphony | Symphony No. 4 in G Major Vinyl LP,1.99,0.0292
v1|236927841337|0,"Jimmy Kinchen, My Honky Tonk Baby / Blue Teardrops, Imperial 8229,78rpm. record",15.00,0.0292
v1|117297162896|0,"Vinyl.10"" E253. BUDDY DE FRANCO WITH STRINGS.Vinyl-NM",9.99,0.0292
v1|117297066348|0,"Vinyl.10"" E253. BUDDY DE FRANCO WITH STRINGS.Vinyl-NM",6.99,0.0292
v1|307044722638|0,"Various”Hits Of The 60’s” Stereo Vinyl=VG:VG+ 12"" LP Record Rock, Stage & Screen",2.50,0.0292
v1|127966689179|0,cheryl ditcher 45 rpm record lovin woman/follow the love/very good,3.26,0.0292
v1|336673953103|0,DAVID BOWIE STAtION TO STATION LP ON RCA  RECORDS,16.55,0.0292
v1|318551418876|0,The Ballad of Davy Crockett Sung by Bill Hayes   78rpm record w Picture Sleeve,9.95,0.0292
v1|278167288360|0,"Brain Telephone by Frankie & the Witch Fingers (Record, 2021)",18.00,0.0292
v1|178295812099|0,"Capital LP Record, Jackie Gleason ,Music, Martinis And Memories , VG ",1.00,0.0291
v1|178295821819|0,"Capital LP Record, Jackie Gleason ,Music, Martinis And Memories , VG ",1.00,0.0291
v1|147426836955|0,East Side Story Squeeze Vinyl,10.00,0.0291
v1|127966312761|0,wilson pickett 33 rpm record lp right on/very good,3.56,0.0291
v1|318564223401|0,"HASSAN Funk 45 Ken-Will 101 ""GHETTO KING"" LISTEN  vOCAL / iNSTRUMENTAL",10.00,0.0291
v1|117294063080|0,CLOSE ENCOUNTERS OF THE THIRD KIND.ORIGINAL 1977 SOUNDTRACK VINYL  LP.W/45,5.99,0.0291
v1|358760521609|0,Pat Benatar Crimes of Passion Vinyl LP 1980 Record Album,2.51,0.0291
v1|287448683456|0,"Hank Williams Jr. Blues My Name LP Vinyl 12"" MGM Records Blues Black Sleeve",15.00,0.0291
v1|287448399895|0,Hawaiian Paradise - Delightful Music Of The Islands - 5 Record Set,8.99,0.0291
v1|298491927434|0,The Rolling Stones More Hot Rocks 2 Vinyl LP Record 1972 London Records,6.50,0.0291
v1|178295903052|0,"Word 33 RPM Record, Billy Graham, Crusade Echoes, VG ",1.50,0.0290
v1|257613842528|0,"25 Vintage Classical Vinyl LP Records Tchaikovsky, Strauss, Boston Pops, Mozart",36.00,0.0290
v1|227423076025|0,Barbra Streisand – Je m'appelle Barbra LP PC9347 Vinyl 1966 Michel Legrand EX!,4.99,0.0290
v1|188622056429|0,Chess Blue Chip Series Various Artists Vinyl,5.00,0.0290
v1|137497796036|0,Stevie Wonder-You Are The Sunshine Of My Life 45 Rpm Tamla Promo T-54232F,5.50,0.0290
v1|168523950529|0,JERRY LEE LEWIS-DUTCH PICTURE SLEEVE + 45-(TURN ON YOUR LOVE LIGHT)---PS--PIC--,24.99,0.0290
v1|178297935038|0,"Vintage 1978 ""Walt Disney's Story of Bambi"" Disneyland 1203 Alt Cover NM Vinyl!",10.00,0.0290
v1|127965959824|0,"JOHNNY DESMOND SO NICE 33RPM 7"" EP JUKEBOX RECORD VG LONG PLAY",70.16,0.0290
v1|137499645220|0,Lee Andrews and The Hearts  Tear Drops on Chess   Doo Wop  45 EX,5.50,0.0290
v1|227423212625|0,David Bowie - 2LP Lot - VINTAGE 1983 and 1974 Albums,49.00,0.0289
v1|227418506291|0,"Ray Conniff LP ""Laughter In The Rain"" 1975 10 Pop Songs - Good Condition",5.99,0.0289
v1|287449779668|0,Stevie Wonder Looking Back Motown R&B/Soul Black Vinyl Record Box Set 3 VINYLS,20.00,0.0289
v1|147425612582|0,"RCA Victor Elvis Presley Welcome to My World 12"" 33RPM Stereo Black LP APL1-2274",2.49,0.0289
v1|287448399766|0,Rubinstein Chopin Waltzes LSC-2726 RCA-Victor  1 LP BOX SET & Booklet,5.99,0.0289
v1|358777206812|0,"Commodores Nightshift Motown 12"" 33 RPM Black Vinyl LP Record",7.00,0.0289
v1|278159767715|0,Lena Horne Record Albums (Lot of 4),20.00,0.0289
v1|407060626313|0,THE EVERLY BROTHERS - Wake Up Again...With The Everly Brothers  VG / VG+  Jojo's,5.00,0.0289
v1|227423075665|0,Flashdance Soundtrack LP 811492-1M-1 Vinyl Laura Branigan Donna Summer 1983 NM!,3.99,0.0289
v1|158058617235|0,Ernst Krenek ‎– Aulokithara / Wechselrahmen / Three Sacred Pieces / Echoes From ,65.00,0.0288
v1|236920798326|0,Bobby Darin – Long Line Rider/Change - Direction Records 45 RPM- VG+,4.99,0.0288
v1|307050789316|0,Chicago 45RPM “Hard Habit To Break” 1984 80s Pop Rock 7” *UK* W/Picture Sleeve,2.95,0.0288
v1|298492279515|0,"Lot of 4 Cat Stevens LP Albums Teaser Firecat, Bull at Four, Buddha, Foreigner",10.95,0.0288
v1|168529049364|0,1982 MICKEY GILLEY PUT YOUR DREAMS AWAY LP #FE 38082 COUNTRY w/fan club sleeve,2.70,0.0288
v1|307044650757|0,Vintage LP: Poet's Gold - A collection of readings of poetry classics (vol. 2),9.00,0.0288
v1|278174653543|0,ROD STEWART-4 LP Lot-Night On The Town-Footloose & Fancy-Tonight I’m Yours Vinyl,9.99,0.0288
v1|278159504226|0,Statler Brothers Record Albums (Lot of 7),25.00,0.0287
v1|366531056064|0,"BOB WELCH ~ FRENCH KISS ~ 33 RPM 12"" VINYL LP  LYRIC INNER SLEEVE ~ EX",5.90,0.0287
v1|318564589815|0,"""Ukrainian Hit Parade""  Various Artists -Monitor Stereo",5.98,0.0287
v1|117294057077|0,Jean Luc Ponty Imaginary Voyage Mint Zappa Genesis,14.99,0.0287
v1|398155512396|0,"78rpm 12"" Victor 36206 Fats Waller - Honeysuckle Rose",9.99,0.0287
v1|307052768065|0,"7"" 45 RPM PROMO THE COUNTRY GENTLEMEN THIS WORLD'S NO PLACE TO LIVE ON REBEL M",6.95,0.0287
v1|117298688815|0,Iron Maiden From Fear to Eternity picture LP,36.10,0.0287
v1|137499227402|0,Lot Of Vintage Vinyl Records,50.00,0.0287
v1|158075209254|0,Jimmy Jones 45 Handy Man / The Search is Over CUB VG+,8.00,0.0286
v1|198478252442|0,Elvis Costello- My Aim Is True- Columbia JC 35037- Original White Label Promo,59.99,0.0286
v1|307044649804|0,Vintage LP: Julius Caesar--Dramatic Highlights from the Motion Picture Soundtrac,6.00,0.0286
v1|178295786491|0,"United Artists LP Record, Vikki Carr, The Very Best Of , VG ",2.00,0.0286
v1|336673793212|0,GABBY PAHINUI GABBY BAND VOL.2 LP PANINI RECORDS 1977 EX VINYL HAWAII,13.92,0.0286
v1|137497091165|0,Def Leppard Two 7” 45 Vinyl Rock Of Ages/Photograph Mercury 80s,1.99,0.0286
v1|147427502849|0,45-(2)Jimmie Rodgers-Honeycomb & Their Hearts Were Full of Spring-Roulerre 4015,0.50,0.0285
v1|278159761107|0,Mills Brothers Record Albums (Lot of 4),14.00,0.0285
v1|307044649795|0,Vintage LP: David Oistrakh (Mozart & Beethoven),8.50,0.0285
v1|147420236574|0,Don Ho Tiny Bubbles 1966 Reprise RS 6232 LP Record Album,4.99,0.0285
v1|800315797727|0,Ella Johnson RnB 78 Someday bw Break My Heart In Two on Mercury,18.00,0.0285
v1|168523851699|0,1983 The Care Bears Christmas Record Album Kid Stuff Vintage,2.75,0.0285
v1|127964830998|0,My Chemical Romance I Brought You My Bullets Picture Disc Vinyl LP 2017 Reissue,36.00,0.0285
v1|137498743390|0,We wish You A Merry Christmas The Robert Rheims Choraliers LP,1.18,0.0284
v1|158068287483|0,GENE PITNEY - 45RPM - 2FER - (BOX-6),1.80,0.0284
v1|267721676000|0,“The Revelli Years” w/The University of Michigan Symphony Band  6-LP Set - Vol 1,64.26,0.0284
v1|377330038149|0,78 ~ AMES BROTHERS Rockin' Shoes/Tammy,19.95,0.0284
v1|358760458576|0,"Barbra Streisand ""Yentl"" - 1983 Vinyl LP Record w/Poster-Original MP Soundtrack",3.40,0.0284
v1|227422738777|0,GEORGE CLINTON Computer Games CAPITOL ST-12246 LP ,10.00,0.0284
v1|366524557793|0,"One Step Closer (Real Love) by Doobie Brothers (Record, 2013)",4.99,0.0284
v1|318516613850|0,Procol Harum - Greatest Hits Vol. 1 - UK Import LP 1978,4.99,0.0284
v1|117292489719|0,Jean-Luc Ponty  Upon The Wings Of Music,12.99,0.0284
v1|398158777046|0,"The Nylon Curtain by Billy Joel (Record, 1982)",8.00,0.0284
v1|137496745504|0,Jimmy Sedlar Rock A Billy EP (RCA EPA 4075) Keep Walkin/Don't Talk To My Friends,6.00,0.0284
v1|158076019269|0,"Lot of 5 Classic 70s LP- Joe Walsh, Boston, AC/DC, Jackson Browne, Pousette Dart",27.00,0.0284
v1|147425564707|0,"Elvis Presley Moody Blue RCA Victor AFL1-2428 12"" 33RPM Blue Vinyl Stereo LP",4.66,0.0283
v1|307045396470|0,"JACKSON BROWNE Running On Empty Album, with BONUS BOOKLET, 1977",4.99,0.0283
v1|188621762222|0,"LITTLE RIVER BAND ""MAN ON YOUR MIND"" 45 PS",2.99,0.0283
v1|227427156299|0,Hank Williams Jr.,9.99,0.0283
v1|227427133666|0,Hank Williams Jr,9.99,0.0283
v1|407059519324|0,"El Gran Combo de Puerto Rico Innovations Salsa LP Vinyl Combo 12"" 33 RPM Stereo",20.00,0.0283
v1|127966392286|0,doc watson33rpm record out in the country/very good,4.85,0.0283
v1|147420237588|0,Firesign Theatre Waiting For The Electrician Lp Album 1978  Columbia ,4.99,0.0283
v1|147427376361|0,"ELVIS PRESLEY "" DON`T "" USA RCA GOLD STANDARD   EX+ COND.",9.99,0.0283
v1|188618964811|0,Ginni Clemmens “Long Time Friends” LP Vinyl 1976 Open Door Records 0030 R. Bell,3.00,0.0282
v1|158060366266|0,Five Classic Bill Cosby comedy LPs,20.00,0.0282
v1|257614498502|0,Heart Dog and Butterfly LP Vinyl Album Record Rock,7.89,0.0282
v1|168529049643|0,The Four Lads-Put A Light in the Window / The Things We Did Last Summer 1957 VG,2.65,0.0282
v1|158075209364|0,The Monkees 45 Daydream Believer / Goin Down Colgems Picture Sleeve,14.99,0.0282
v1|398158781958|0,Milt Jackson + Count Basie + The Big Band – Vol 1 LP 1978 Pablo Records,5.00,0.0282
v1|377336559305|0,"Stravinsky Le Sacre Printemps Columbia Masterworks M-417 4 Records  12"" 78 RPM",15.00,0.0282
v1|206403879451|0,78 RPM Lester McFarland & Robert Gardner Brunswick 203 The Drunkard’s Dream,9.99,0.0282
v1|188622507870|0,10 Songs From Walt Disney’s Mary Poppins 1964 Vinyl DQ-1256,5.00,0.0282
v1|407059897992|0,Footloose Motion Picture Soundtrack ~ 30AP2797 MASTER SOUND  Made in Japan ~ OBI,24.99,0.0282
v1|137488571685|0,"Country Duos, 1st Edition, Variety of Artists, Vinyl LP, Country Western, 1981",9.99,0.0281
v1|336679320124|0,linda ronstadt vinyl simple dreams Vintage 1977,3.00,0.0281
v1|206403911064|0,Roger Miller - King of the Road & Other Comedy Hits Modern Sound MS 546 LP,2.60,0.0281
v1|318560640537|0,Bread Lost Without Your Love Vinyl LP 1977 Elektra Record 7E-1094-A,10.00,0.0281
v1|407060015762|0,Johnny Mathis Swing Softly Vinyl LP Record Album 1963 Columbia CS vintage LP ,3.00,0.0281
v1|127965023479|0,"Merle Haggard Nobody Knows I'm Hurtin' Capitol 7"" Black Vinyl 45 Stereo 3641",2.28,0.0281
v1|336683487733|0,Marylene Dosse Pianist Saint Saens Volume I And II Lp Record Vox Box Sets,12.99,0.0281
v1|398155087990|0,Doo Wop 45: The Chateaus Satisfied/Brown Eyes on WB 1959,2.00,0.0281
v1|127964950691|0,"Mi-Sex Castaway Epic 7"" Black Vinyl 45 RPM 34-04419 Promo Stereo",1.60,0.0281
v1|287448700572|0,Buck Owens Your Tender Loving Care Vinyl Record Vintage 1967 G+/Fair,10.00,0.0281
v1|178302641159|0,"Ten Golden Years,36 Great Motion Picture Themes & Original Soundtracks UA-UXS 68",1.00,0.0281
v1|267721794064|0,Eighty-Six Years of Eubie Blake - Columbia LP C2S 847 -- Ragtime Piano,9.98,0.0280
v1|206405681235|0,Tammy Wynette- Greatest Hits Volume II VINYL LP E-30733 Epic Records,2.99,0.0280
v1|127966150659|0,the platters 33 rpm record lp remember when?/very good 1959,3.02,0.0280
v1|407065850231|0,LP Elvis Presley RCA CAMDEN OZ 2304 Flaming Star AUSSIE PRESSING VG+,5.00,0.0280
v1|127964898946|0,"Jim Steinman Rock and Roll Dreams Come Through / The Storm Epic 7"" 33 AE7 1232",3.20,0.0280
v1|287449846748|0,"David Houston & Tammy Wynette My Elusive Dreams LP Vinyl 12"" 33 RPM Epic",10.00,0.0280
v1|298494138736|0,wagner tristan und isolde - MET -Historical Broadcast 1941 - Soria Series Box Se,21.00,0.0280
v1|127966483544|0,"Tom Petty and the Heartbreakers ""Hard Promises"" 1981 Collection",299.99,0.0279
v1|298491738330|0,Elton John Vintage Vinyl Collection (9 LPs) 70s 80s Classic Rock Records,19.99,0.0279
v1|206403853465|0,78 RPM Old Time Fiddler Vocalion 14846 Uncle Am Stuart Old Liza Jane Forki,9.99,0.0279
v1|398158582341|0,Donna Summer I Remember Yesterday Vinyl LP Record Album I Feel Love Disco Pop NM,9.99,0.0279
v1|127966556900|0,Fleetwood Mac LIVE Vinyl 2-LP Album Set  - 1980 WB Records w/ Tour Itinerary,9.99,0.0279
v1|198488054856|0,"ROSEMARY CLOONEY-""THIS OLD HOUSE""/""HEY THERE"" - 45RPM VINYL - 1954",2.50,0.0279
v1|358776798201|0,Stanley Turrentine Vinyl Album Up At The Mintons Ex,30.00,0.0279
v1|168525589050|0,Men At Work Two Hearts Vinyl Record Lp,4.98,0.0279
v1|287448400009|0,"An Evening With Cole Porter (Vinyl, 1962) Capitol W 1805 Good+ LP Record Album",4.49,0.0279
v1|198488221889|0,Tommy Roe 45 ABC Paramount 10329 Sheila PROMO 1962 M-,15.00,0.0279
v1|127964943482|0,"Strange Advance She Controls Me Capitol 7"" Black Vinyl 45 Promo P-B-5214",2.00,0.0279
v1|178295602231|0,"Fine Young Cannibals She Drives Me Crazy 7"" 45 Single Vinyl Record 1988",9.00,0.0278
v1|318571028163|0,David Bowie - Rise & Fall Of Ziggy Stardust Spiders From Mars 1972 RCA Tan Label,40.00,0.0278
v1|267719035099|0,"LP Album ""Immortal Performances"" from Longines Symphonette Society",3.00,0.0278
v1|188627401621|0,THE STING Original Motion Picture Soundtrack Scott Joplin Marvin Hamlisch 1973,6.99,0.0278
v1|178295138759|0,Johnny Cash Vinyl Lot - The Junkie and the Juicehead + World Of Johnny Cash 2LP,14.99,0.0278
v1|267718893610|0,"James b. keene plutopia jamekee 12"" record reggae burning love 1986 one richards",12.99,0.0278
v1|206405917317|0,"Benefit by Jethro Tull (Record, 2013)",3.00,0.0278
v1|227416995984|0,"Chicago 45 ""Hard To Say I'm Sorry"" 1982 ""Sonny Think Twice"" Good Condition",2.99,0.0278
v1|307044649773|0,"Vintage LP: Robert & Gaby Casadesus, Duo-Pianists play works by Mozart, Schubert",23.00,0.0278
v1|307050936360|0,Joe Jackson 45RPM “Is She Really Going Out With Him?” 1979 70s Pop Rock 7” PS NM,3.00,0.0278
v1|206398819542|0,Garage Rock     The Poor   “She’s Got the Time” ,25.00,0.0277
v1|178296077083|0,"RCA LP Record, Family Library of Great Music, Schubert, #8. VG ",1.00,0.0277
v1|800325663014|0,45 RPM Rascals COLUMBIA DJ 45491 Lucky Day MONO / STEREO VG++,3.00,0.0277
v1|227426961939|0,Greta Van Fleet Vinyl LP Record Lot From The Fires Colored Battle Gardens Gate,31.00,0.0277
v1|327253774791|0,Doo Wop 45: The Harptones The Shrine Of St. Cecilia/Ou Wee Baby on Rama 1957,2.00,0.0277
v1|206406003391|0,"VTG The Great Songs Of Christmas Album Two Record Vinyl 12"" LP Various Artists",0.99,0.0277
v1|358762665736|0,"LOT OF 2 VINTAGE 1975 7"" SUPERMAN VINYL RECORDS, 'PO BOX 65 + MXYZPTIK MENACE'!!",2.50,0.0277
v1|158060236189|0,"TRANSVISION VAMP - lot of 2, 12” vinyl singles - REVOLUTION BABY +, 45 & 33 RPM",20.00,0.0277
v1|327248742618|0,"Walter Murphy Band  1976  LP ""A Fifth of Beethoven"" -  Good Condition",7.99,0.0277
v1|127966119337|0,Lynyrd Skynyrd*What's Your Name/I Know A Little*VINYL EP RECORD 45RPM 1977 NMINT,5.00,0.0277
v1|127966119337|0,Lynyrd Skynyrd*What's Your Name/I Know A Little*VINYL EP RECORD 45RPM 1977 NMINT,5.00,0.0277
v1|227423076306|0,"Columbia Records 6 Pack Sampler Double EP 7"" Promo 1976 Sutherland Brothers EX!",3.99,0.0277
v1|147425908843|0,"The Human League LP Lot - ""Hysteria"" & ""Fascination!""  - Tested -VG+",14.99,0.0277
v1|147427525312|0,Handel's Messiah 3 Record Set Red box w/gold lettering very good condition,30.00,0.0277
v1|178297144395|0,Annie Get Your Gun Complete Vinyl 78 Set MGM ,8.00,0.0277
v1|236927513774|0,Lot Of 5 BOSTON PROMOS Radio Station Copy’s,25.00,0.0277
v1|287449805509|0,Van Morrison Wavelength Vinyl LP 1978 KEEPER COPY,7.95,0.0277
v1|188621740488|0,Iron maiden vinyl records,20.00,0.0276
v1|227423076817|0,"Alex Dreier – The Amazing World Of Short Wave Listening 7"" 45 RPM 1959 VG",3.99,0.0276
v1|287448399888|0,Ravel:  Paris Conservatoire; Cluytens -      Orchestral  Works Vol. 1 Vinyl LP,6.99,0.0276
v1|336682595570|0,"Lot Of Over 50 45 LP Records, Untested, Used",25.00,0.0276
v1|398158575301|0,Tom Petty Long After Dark Vinyl Record LP Shrink ULTRASONIC CLEAN,12.99,0.0276
v1|127965932169|0,waylon jennings live 33 rpm record lp/very good,4.06,0.0276
v1|117287942690|0,Lee Emerson & Marty Robbins - Where D’Ja Go / I Cried Like a Baby 45 RPM VG,19.99,0.0276
v1|158069421843|0,Harry Styles Harry's House Orange Colored Vinyl,18.00,0.0276
v1|398158816108|0,Cozy Cole And His All-Stars Featuring Red Norvo Don Byas Vinyl LP P-122 EX~14,5.00,0.0276
v1|168523839179|0,"Quarterflash, Back Into Blue, Vinyl",4.00,0.0276
v1|327253510776|0,Doo Wop 45: The Blue Jays Practical Joker/Barbara on Roulette 1959,2.00,0.0276
v1|407059863133|0,"Fab 5 Freddy Une Sale Histoire 12"" Vinyl Maxi-Single 33 RPM Celluloid AZQ 156",18.00,0.0275
v1|137496734739|0,LP Nancy Wilson - Tender Loving Care - 1966 - R & B,7.00,0.0275
v1|137498671442|0,Rumours Studio album by Fleetwood Mac 1977,16.99,0.0275
v1|168529967086|0,BEE GEES SATURDAY NIGHT FEVER SOUNDTRACK (VG+/EX) RS-2-4001 VINYL-LP,9.99,0.0274
v1|178288324568|0,"VTG 1974 The Children's Bible in Sound and Pictures 2 LPs & Book, Peter Pan Recs",8.95,0.0274
v1|267721802162|0,Johnny Cash and the Tennessee Two Story Songs of the Trains and Rivers VINYL LP,15.00,0.0274
v1|278169626815|0,JOHNNY & HURRICANES - LP - INSTRUMENTAL BOX-1,7.00,0.0274
v1|236920046552|0,"Vintage Chicago - Chicago (Vinyl LP) Double Album, 1970, Columbia KGP 24",8.00,0.0274
v1|307045950453|0,"Yes Lot of 2 Albums, See Pictures,(4)Vinyls Visually rated, ProgressiveRock  A42",9.00,0.0273
v1|158075209422|0,Gary Lewis Playboys 45 EP Doin' The Flake / This Diamond Ring Liberty EX,8.00,0.0273
v1|287448742107|0,Del Reeves Del Reeves Sings Jim Reeves LP Vinyl United Artists Country Black,10.00,0.0273
v1|327248742257|0,"3 The GRASS ROOTS 45s  ""Where Were You When""  ""Heaven Knows"" +BIO Good Condition",6.99,0.0273
v1|298485248315|0,Divine YOU THINK YOU'RE A MAN 45 Maxi-Single 1984 First Pressing SEALED,25.00,0.0273
v1|366524557789|0,"WAR - 'Greatest Hits' 12"" Vinyl LP Record 1976 U.S. PRESSING UA-LA648-G",17.99,0.0273
v1|147425533737|0,"Elvis Presley The Sun Sessions RCA APM1-1675 12"" 33RPM Black Vinyl LP",3.32,0.0273
v1|206405681263|0,Barbara Streisand's Greatest Hits Volume 2 (1978) LP Vinyl Good Condition,2.99,0.0273
v1|278174574958|0,JULIAN LENNON-2 LP Vinyl Lot-Valotte-The Secret Value Of Day Dreaming Record,7.99,0.0273
v1|168525634510|0,Neil Sedaka In The Pocket Elektra Excellent/still in cellophane LP Album 1980,4.00,0.0273
v1|398158659008|0,1947/49 RCA VICTOR RED SEAL RECORDS LOT 3 BOX SET COMPLET ROMBERG GEMS 1&2 WALTZ,9.99,0.0272
v1|117292533978|0,THE DORIS DAY CHRISTMAS ALBUM N/M VINYL AND CASSETTE.COLUMBIA.1964.RE.,18.00,0.0272
v1|158058617244|0,"Ravel* - Karajan*, Orchestre De Paris ‎– Karajan Conducts Ravel",13.00,0.0272
v1|407059886529|0,Billy Joel Streetlife Serenade ~ Made in Japan 25AP-1078 ~ 10 Page Booklet - E+,13.99,0.0272
v1|800311100570|0,78 RPM Crown 53 Black Blues Lucille Hegamin Blue Flame Synocaters Arkansas Blues,11.50,0.0272
v1|398157763282|0,four seasons vinyl record 45,5.00,0.0272
v1|398146258590|0,"Dow Jones & The Industrials The Gizmos Gulcher LP 1980 ""Hoosier Hysteria""",199.99,0.0272
v1|407061205931|0,"Rock 45 Peter Frampton - It'S A Plain Shame / Baby, I Love Your Way On A&M Recor",1.49,0.0271
v1|178302641177|0,Barbra Streisand Vinyl Bundle - Collection of Hard to Find Titles - Lot of 5,1.00,0.0271
v1|188618761593|0,"Eddie Heywood ""Soft Summer Breeze / Heywood's Bounce"" 7"" 45 rpm 70863X45",1.99,0.0271
v1|287449873315|0,"The Statler Brothers Years Ago LP Vinyl 12"" 33 RPM Mercury Country Black",10.00,0.0271
v1|287448399950|0,"Peter Brown - Dance With Me / For Your Love (45 RPM, 1978, TK Productions) 6239 ",4.99,0.0270
v1|198488229603|0,The Arbors 45 Columbia JZSP 117535 Open A New Window PROMO YELLOW 1966 VG+,9.00,0.0270
v1|358777103958|0,Disney's Christmas Favorites 13 All Time Favorites 1979 Disneyland Album,4.81,0.0270
v1|137496730891|0,Beethoven Sym. No. 3 Ormandy Philadelphia Orch RCA Red Seal Import Audiophile!,8.99,0.0270
v1|407059790276|0,Jim Steinman - Bad for Good ~Vinyl Made in England EPC 84361~ Meatloaf - E,5.99,0.0270
v1|227425956525|0,Styx 1978 Classic Rock Vinyl LP Pieces of Eight A&M Records SP-4724,0.99,0.0270
v1|236926671982|0,"Frank Marino & Mahogany Rush ""Live"" CBS Records 1978 Black Vinyl LP Rock Sleeve",3.56,0.0270
v1|318564223420|0,"Ray Pettis Dee Dee Records  45 "" HELLO THERE PRETTY BABY""/ ""I DON'T CARE"" Listen",10.00,0.0270
v1|198486214968|0,Hawaiian Paradise Hawaiian Brass LP Box Set Lot Readers Digest Longines,19.99,0.0270
v1|267722288730|0,"Jimmy Messina - ""Oasis"" - 1979 Vinyl",3.00,0.0270
v1|307051431876|0,“Spain” Chicago Symphony  Orchestra Conducted By Fritz Reiner LM-2230 Red Seal,18.08,0.0270
v1|236920046553|0,LP / Various Artists / Red Bird Goldies / 1965 / Red Bird 20-102,10.00,0.0270
v1|327248835976|0,MARIACHI CUMBIAS - Cumbia Indigena / Cumbia en Jazz - CUMBIA MARIACHI MEXICO 45,7.99,0.0270
v1|127966311608|0,duane eddy 33 rpm record lp the twangs the twang/very good,4.00,0.0270
v1|227423303854|0,Music Machine All Top 10 Hits LP Record 1977 K-tel Pop Rock 33 RPM,9.00,0.0270
v1|358781839372|0,Barry Manilow Carpenters Johnny Ken Griffin Marty Pinza Andre Kostelanetz,8.99,0.0270
v1|407060018397|0,Eydie Gorme Lp Greatest Hits (1967) On Columbia - Vg+ To Vg++ / vintage record,3.00,0.0270
v1|307052516307|0,Vintage Bernstein NY Philharmonic - William Tell Favorite Overtures - Vinyl LP,2.72,0.0269
v1|168525873447|0,Walt Disney Winnie the Pooh & The Fox & the Hound LPs w/ Read-Along Books,10.00,0.0269
v1|127965946116|0,Anita Ward ~ Ring My Bell/ If I Could Feel That Old Feeling Again ~45 WL  Record,2.50,0.0269
v1|307052251475|0,The Best of George Hamilton IV--Record LP Vinyl--RCA Victor--1970--LSP-4265,1.50,0.0269
v1|298492743265|0,"Classic Country vinyl lot- 4 lp albums. Tanya Tucker, Glen Campbell, Jim Croce",8.00,0.0269
v1|318560495644|0,EDDIE MONEY - Playing For Keeps - Vinyl Album - 1980 Columbia Records - PROMO,5.00,0.0269
v1|147425850852|0,"M. Jackson/D.Ross ""Ease On Down"" The WIZ UK Press 45 Record 7"" MCA 396",9.99,0.0269
v1|800316205167|0,"Patsy Cline Showcase LP Vinyl 12"" 33 RPM Decca DL 4202 High-Fidelity",19.95,0.0269
v1|257614233889|0,The Beatles Five Nights In A Judo Arena 1975 vinyl,25.99,0.0269
v1|147425893271|0,Songs I Sing On The Jackie Gleason Show Frank Fontaine LP Vinyl Record Album,0.99,0.0268
v1|287448730312|0,NEIL SEDAKA Stairway To Heaven/Forty Winks Away RCA VICTOR 47-7709 45 1960 Exc,2.59,0.0268
v1|188619449078|0,The Pozo-Seco Singers I Can Make It With You LP Record Texas Group Blue Eyes!!,9.50,0.0268
v1|358776498683|0,JERRY LEWIS Just Sings 2 LP’s Originals 1956 DECCA USA & Brunswick UK,6.00,0.0268
v1|287442554653|0,Carrying’On with Johnny Cash and June Carter Cash LP Vinyl Record,17.10,0.0268
v1|278169464896|0,2 Vintage Soundtrack LP Records The Sound Of Music And Hello Dolly,10.00,0.0268
v1|407059684817|0," Oscar D' León – Yo Soy* Lp Vinyl,  TOP HITS ",20.00,0.0268
v1|366531329220|0,"LOT of 4 SOUL/R&B 7"" Staple Singers, Rose Royce, Sister Sledge, A Taste of Honey",5.00,0.0268
v1|158068357972|0,"Russ Morgan 78 RPM 10"" I’ll Never Smile Again/Get The Moon Out Of Your Eyes 1940",2.87,0.0268
v1|236925981219|0,"Faces, Long Player Record NRMT, Warner Bros.",5.00,0.0268
v1|267721928230|0,2 Vtg Laughin' With 'Em J. Garland McKee Southern Americana Vinyl Record Album,28.00,0.0268
v1|188530583791|0,Ravel The Complete Orchestral Works Vol. 4 - Angel D-3636 LP Vinyl Record,0.99,0.0268
v1|267722329724|0,VINYL RECORD LP MAHALIA JACKSON GREATEST HITS COLUMBIA RECORDS CS 8804 EX/VG+,3.99,0.0268
v1|168517739906|0,BEE GEES-LOVE YOU INSIDE OUT/I'M SATISFIED-45 RPM-POP-VINYL-RECORD-RSO 925-NM-,4.79,0.0267
v1|206405465949|0,Loretta Haggers Tonite! At The Capri Lounge Vinyl Record LP Capri Country,30.00,0.0267
v1|278157514850|0,1957 late 78 Indian National Anthem Akashvani chorus His Masters Voice H80125 EX,45.00,0.0267
v1|287448573989|0,HUEY SMITH ACE 521 EVERYBODY'S WHALIN    VG +    45 RPM,4.99,0.0267
v1|206405852251|0,Introducing The Beatles LP 1062 VeeJay Records Vg+ ,15.50,0.0267
v1|298493778441|0,The Andy Williams Christmas Album - Vinyl Record Album 1963,50.00,0.0267
v1|336680591384|0,donna summer vinyl 5 LP Collection ,8.00,0.0267
v1|168517732427|0,Paul Anka-Crazy Love-45 RPM-single-pop-vinyl-record-ABC Paramount 9907-EX-1958,4.00,0.0267
v1|307045691651|0,"Connecticut’s Bristol Old Tyme Fiddler’s Club Lot of 2 Albums, Country   C28",7.00,0.0266
v1|336679231915|0,"The Motown Sound, 16 Big Hits Record VG+, Motown",5.00,0.0266
v1|307045518090|0,Jermaine Jackson You Said You Said LP Vinyl Record Album,17.77,0.0266
v1|147426875136|0,Vintage Decca Records album booklet “Songs of Our Times – Song Hits of 1931”,11.49,0.0266
v1|127965136366|0,Bobby Borchers Someone's With Your Wife Tonight / Hobo's Delight Playboy 45,12.00,0.0266
v1|127966604544|0,bob seger 33 rpm record live double record set gatefold/very good,4.50,0.0266
v1|137496663074|0,"45 ~Cathy Carr: ""With Love / First Anniversary"" 1958 Roulette (VG+)",6.00,0.0266
v1|188622506929|0,Lynyrd Skynyrd Second Helping Vinyl LP Album AUTOGRAPHED by Leon Wilkeson,995.00,0.0266
v1|137488748677|0,"VINTAGE READER'S DIGEST ""BACK HOME FOR CHRISTMAS"" 5-RECORD SET 1972",9.49,0.0266
v1|267719041555|0,MICHEL BEROFF/JEAN-PHILIPPE COLLARD BRAHMS Hungarian DancesLP CONNOISSEUR EXC 73,6.99,0.0266
v1|127966399390|0,HANS  SCHMIDT- ISSERSTEDT  LONDON SYMPHONY ORCHESTRA  MOZART SYMPHONY NO.41 VG++,5.99,0.0266
v1|227424352190|0,"1953 78 rpm FAYE ADAMS I'LL BE TRUE, HAPPINESS TO MY SOUL, HERALD H419 BLUES, V+",19.95,0.0266
v1|278169988237|0,FRANKIE LAINE - TAKE ME BACK TO LAINE COUNTRY - LP (X1),4.00,0.0266
v1|278159761802|0,Female Vocalists Record Albums (Lot of 6),21.00,0.0265
v1|358777081799|0,"RCA Victor Harry Belafonte Jump Up Calypso 12"" 33 RPM Vinyl LP Hi-Fi LPM-2388",8.00,0.0265
v1|287448555544|0,"Queen the Game Vinyl LP Record (1980, Elektra Records)",11.00,0.0265
v1|307052503224|0,Complete Bring Me The Horizon Vinyl Box Set This Is What Count Your Season Hell,305.00,0.0265
v1|327254970372|0,"Vintage Bobby Byrne & The All Star Alumni Orchestra ""The Great Song Hits Of The",1.25,0.0265
v1|227426879005|0,"VINTAGE ""VOGUE THE PICTURE RECORD"" THE BELLS OF ST. MARY'S R710 DON LARGE CHORUS",30.00,0.0265
v1|127964797889|0,THE BOYZZ FROM ILLINOIS 1978 Shady Lady White Label Promo 7” 45RPM Vinyl Record,4.95,0.0265
v1|287448717190|0,Erroll Garner “All The Things You Are / Goodbye” - 78 Rpm Shellac Record,2.00,0.0265
v1|336680086025|0,Liberace..Just For You Vinyl LP 1979 Double LP Compilation CBS Special Products,5.00,0.0265
v1|307052724303|0,Stevie Wonder 45RPM “Send One Your Love” 1979 70s Soul R&B Motown Slow Jam 7” NM,3.00,0.0265
v1|407061552707|0,"Dino, Desi & Billy - Our Time's Coming   VG / VG   1966 LP Vinyl Record Album",5.00,0.0265
v1|127965088974|0,"The Brothers Johnson Dancin' And Prancin' A&M 7"" Black Vinyl 45 Stereo 1949-S",1.66,0.0265
v1|298493987727|0,Boz Scaggs - Middle Man Vinyl LP - 1980 First Press - Columbia FC 36106,5.75,0.0265
v1|178295725980|0,"DEF LEPPARD, ""PHOTOGRAPH"". 3D POP-UP SLEEVE, 7"" SINGLE.",29.99,0.0265
v1|127964779738|0,stars in the sky 45 rpm recordbaby hold on/love what a feeling/very good,1.88,0.0264
v1|267721859393|0,"Joe Ritchie Mr Music & My Song 1975 Blue Star Records Pop Song, Ballad 45 rpm",5.00,0.0264
v1|127965135402|0,"Asleep at the Wheel Nothin' Takes the Place of You Capitol 7"" 45 4238",0.94,0.0264
v1|236920798284|0,Bobby Darin – Merci Cheri/Who's Afraid of Virginia Wolf - Atlantic 45 RPM- VG,4.99,0.0264
v1|178295238895|0,"Henry Gross - ""Shannon"" - 45 RPM",1.00,0.0264
v1|257613099249|0,The Friends Of Distinction LP 1970 Real Friends RCA,6.00,0.0264
v1|206406014076|0,"Chopin, Arthur Sanford, Carlo Vidusso – Piano Duet Vinyl LP Royale – 1214",0.99,0.0264
v1|188622230455|0,Classic Lightfoot Best of Lightfoot Vol 2 vinyl record,4.99,0.0264
v1|336679323239|0,Jackie Gleason Music Martinis and Memories Vinyl LP 1954 Record,9.00,0.0264
v1|137497161054|0,Jan & Dean- 2 Record Collection - USED,3.00,0.0264
v1|318561287656|0,"Motown Michael Jackson ""Motown Disco"" 12"" Vinyl Single Disco, Cardboard Sleeve",5.56,0.0264
v1|407059769283|0,Dionne Warwick 20 Golden Hits ~Vinyl Made in Holland MA 10484~ in Shrink Wrap,4.99,0.0263
v1|307052783310|0,1976 All This & World War II Vinyl Record Album  Bee Gees Elton John Promo Copy,9.99,0.0263
v1|398155177977|0,The Chordettes 78. Mr. Sandman & I Don’t Want To See You Cryin.1954 Cadence 1247,12.00,0.0263
v1|318560426780|0,"So Far by Crosby Stills Nash & Young (Record, 1974) and CD ",12.00,0.0263
v1|117297161086|0,"1970'S 12"" LP RECORD ROSEMARY CLOONEY & HARRY JAMES HOLLYWOOD'S BEST P13083",19.99,0.0263
v1|198488174095|0,101 Strings ‎–The Glory Of Christmas - Alshire XM-4 Vinyl LP Christmas,4.88,0.0263
v1|168518340409|0,SEALED - Tom Austin - Empty Nights - First American FA 7707 yr 1977 LP OLD MAN,5.99,0.0263
v1|327253886564|0,1970s Apple The Beatles Hard Day's Night / I Should Have Known Better Very Good,10.00,0.0263
v1|407059682760|0,Tommy Olivencia & His Orchestra* Lp Vinyl * TOP HITS ,30.00,0.0263
v1|127968627840|0,Elvis Presley Elvis' Christman Album 1975 NM/NM Shrink,9.99,0.0263
v1|127965007982|0,Spyro Gyra MCA 1487 Catching The Sun   Sealed,4.99,0.0263
v1|178296130476|0,"RCA LP Record, Family Library of Great Music #10,Liszt, VG",1.00,0.0262
v1|287442260402|0,Four Freshmen  Record Albums (Lot of 4),15.00,0.0262
v1|178302641184|0,Johnny Mathis Vinyl Bundle - Fantastic Collection Hard to Find Titles - Lot of 3,1.00,0.0262
v1|127964898436|0,"Taylor Swift - The Fate of Ophelia LP Exclusive Single 7"" Vinyl Record",85.00,0.0262
v1|318560913010|0,AC/DC Back In Black Vinyl Record 1980 SD 16018,20.00,0.0262
v1|377330231890|0,SGT PEPPERS LONELY HEARTS CLUB BAND ~ ORIGINAL SOUNDTRACK LP ~ VARIOUS ARTIST,4.95,0.0262
v1|318551109674|0,Bruce Springsteen The River - LP Record,8.99,0.0262
v1|298493712478|0,Vintage Stage Fright The Band SW-425 Vinyl Record Album LP C2,14.99,0.0262
v1|278160172186|0,"Columbia 15020-F Italian Carlo Buti Rosa Sfrunnata Rusella 'E Maggio 10"" 78 RPM",6.00,0.0262
v1|307051940163|0,The Youngbloods 45  Get Together/Beautiful,7.00,0.0262
v1|257614487738|0,THE SINATRA FAMILY WISH YOU A MERRY CHRISTMAS LP In Shrink Wrap ! Open,4.56,0.0261
v1|298491898063|0,Oscar Brand  Boating And All That Bilge,5.00,0.0261
v1|278169674041|0,LP RECORDS BOX-40 -JIMMY DORSEY ORCHESTRA,5.00,0.0261
v1|318560434471|0,"The Beatles 1967-1970 Double Vinyl LP the Blue Album, 1973, Capitol Records",20.00,0.0261
v1|198486083882|0,THE PLATTERS-1 - 45RPM (4Xb),1.50,0.0261
v1|267722195598|0,"22 Vintage Vinyl LPs 60's 70's 80's - Elvis , Grassroots, Glen Campbell, Janis ",36.00,0.0261
v1|127966196804|0,Acid King Live At Roadburn 2011 Brand New Copy,19.99,0.0261
v1|377321025997|0,** CAROLE KING ~ 3 LPs ~ Wrap Around Joy ~ Music ~ Thoroughbred * Excellent /VG+,9.95,0.0261
v1|127965006711|0,James Cotton  AL 3737  Hifh Compression  VG,6.22,0.0261
v1|158075005868|0,"Capitol Country Anniversary Album CAPITOL 12"" LP 33 RPM Vinyl LP Record",5.00,0.0261
v1|198488049885|0,Reader's Digest Mood Music from the Movies Vinyl 6 LP Box Set Soundtrack 1971,3.60,0.0260
v1|227423148841|0,"Alan Jackson Dallas / Just Playin' Possum 1991 7"" vinyl 45 Single Record",4.66,0.0260
v1|398145624003|0,20 ROCK AND ROLL ALBUM LOT ALL VG TO VG+ RECORDS !,24.99,0.0260
v1|336679224041|0,Jackie Gleason Deluxe Set - Capitol Stereo Vinyl Box Set,40.00,0.0260
v1|366524480905|0,LED Zeppelin in Through the Out Door 1979 Vinyl LP Record SS-16002 Swan Song,6.00,0.0260
v1|227422361770|0,Barbra Streisand – Yentl Soundtrack LP JS39152 Vinyl 1983 Gatefold w/Lyrics EX!,3.99,0.0260
v1|278159501461|0,Hank Locklin Record Albums (Lot of 3),11.00,0.0260
v1|366531258763|0,45 Richard Marx & Bruce Hornsby (2) Picture Sleeves / No Records - Nice Cond !,1.40,0.0259
v1|267722333604|0,JOHNNY WINTER AND VINYL LP COLUMBIA RECORD LABEL 1970  C 30221 EX/G,3.99,0.0259
v1|287449876262|0,"John Conlee Rose Colored Glasses LP Vinyl 12"" MCA Records Country Black",12.00,0.0259
v1|168525211890|0,Los Troveros Cuyanos Vinyl LP,11.80,0.0259
v1|267722196485|0,"22 Vinyl LPs 60's 70's 80' - Donovan, John Denver, Rolling Stones, Lightfoot",36.00,0.0259
v1|327255111490|0,Homer and Jethro- 4 Promo 45's Mint MInus Condition(See Photos for Titles),9.99,0.0259
v1|158068323552|0,Pearl Jam- Who Killed Rudolph?,75.00,0.0259
v1|278168444771|0,"Qrious Collection 45 ""Out Of Prison""/""Plastic Imitation"" Embryo Arts Xian Nu-wav",9.99,0.0259
v1|336680216283|0,"Barry Manilow , This One’s For You LP",4.00,0.0259
v1|198485813362|0,MOODY BLUES-2- LP - (47b),15.00,0.0258
v1|278167243154|0,1970 Smokey Bear 33-1/3 RPM Record “Give The Bear A Break Forest Service USDA,9.99,0.0258
v1|287449602864|0,George Benson - Breezin’  LP~1976 Warner Bros. Records~BS 2919 ,2.90,0.0258
v1|198488024176|0,"Force Of Destiny, 78 Rpm Victrola 6000 , Enrico Caruso",14.44,0.0258
v1|127965037762|0,"Marvel Felts Lonely Teardrops / I Remember You 7"" 45 Stereo DOA-21620",3.08,0.0258
v1|178295869280|0,"RCA LP Record ,Bach Family Library of Great Music VG ",1.00,0.0258
v1|117293710362|0,The Partridge Family Up to Date Vinyl LP Record Album VTG Bell 6059,10.00,0.0258
v1|298493712915|0,The Beach Boys The Capitol Years 7 LP Box Set Album Vinyl Record SM651 Pop,99.99,0.0258
v1|307052310355|0,"Going Places by Alpert, Herb / Tijuana Brass (Record, Lp",1.99,0.0258
v1|127965062598|0,"Bachman-Turner Overdrive Takin' Care Of Business Mercury 7"" Black Vinyl 45 73487",0.80,0.0257
v1|158068441883|0,U2 Boy Bono The Edge 1983 USA Island 90040-1 vinyl LP + lyrics inner sleeve,10.00,0.0257
v1|267722566966|0,DIONNE! Dionne Warwick Columbia Record Club 2 LP Record Set P2S 5140,3.99,0.0257
v1|137499672368|0,Night Marchers 7 inch single lot of 2,25.00,0.0257
v1|358760278580|0,Air Supply Lost in Love Vinyl LP Record AL-9530 Arista 1980 Vintage 12” 33 Rpm,2.92,0.0257
v1|267719484338|0,Tina Turner -We Don't Need Another Hero Thunderdome Madmax - 45 - CAPITOL B-5491,12.99,0.0257
v1|147425564038|0,"Elvis Presley Elvis RCA Victor DPL2-0056 12"" 33RPM Stereo Black Vinyl 2LP",2.87,0.0256
v1|188627469770|0,The Outaws Bring Em' Back Alive 1978 STERLING Excellent!,7.99,0.0256
v1|168526092048|0,Vintage RCA Victor Cowboy Classics Sons Of The Pioneers 78 RPM Record Album,7.99,0.0256
v1|178295482716|0,Eydie Gorme Eydie Gorme's Greatest Hits Vinyl LP Record Album Columbia 1967,8.50,0.0256
v1|358777045672|0,Elaine Elias Vinyl Album So Far So Close Ex,25.00,0.0256
v1|336674908323|0,"POINTER SISTERS MERCURY RISING 12"" LP SINGLE VINYL 1986 RCA RECORD (3 VERSIONS)",3.00,0.0256
v1|158070279224|0,"Lot of 5 Classic 70s LPs Bob Seger, Styx, Billy Squire, Pete Townsend, Kansas",26.50,0.0256
v1|206396505952|0," Mel Tillis Loves Thoubled Waters #82 (Tonkin') many great hits",12.99,0.0256
v1|318560842395|0,"The Best of the Lovin Spoonful by The Lovin' Spoonful (Record, 1966)",10.00,0.0256
v1|377332289973|0,The Rolling Stones Hot Rocks 1964-1971 LP Red Label 66671 Remastered Record,10.00,0.0255
v1|377329694883|0,Pete Townshend from Who 1980 Empty Glass Vinyl LP ATCO Records SD 32-100 Promo,19.00,0.0255
v1|307051179808|0,JEFFERSON STARSHIP PAUL KANTNER - BLOWS AGAINST THE EMPIRE - RCA VICTOR LP,4.99,0.0255
v1|298493999497|0,"Dion And The Belmonts on Laurie  ""Wish Upon A Star With..""  Excellent Doo Wop",12.00,0.0255
v1|227418508244|0,"5 The Association 45s ""Along Comes Mary"" ""No Fair at All"" - Good Condition",9.99,0.0255
v1|298493228530|0,THE HEARTBEATS 78 EVERYBODY’S SOMEBODY’S FOOL/ I WANT TO KNOW RAMA ,30.00,0.0255
v1|407060038932|0,Krokus or ARI 254,5.00,0.0255
v1|168525926408|0,Connie Francis-Don't Ever Leave Me-45 RPM-pop-vinyl-record-MGM 13287-PS-NM-1964,5.00,0.0255
v1|147426834246|0,"Bruce Springsteen & E Street Band Live 1975-85, Vinyl Box Set W/ Booklet, 5LPs",15.00,0.0255
v1|358776696607|0,Columbia Masterworks RCA Victor,2.60,0.0255
v1|206403673237|0,Friend And Lover - Reach Out Of The Darkness - 1967 NM Pop 45,0.81,0.0254
v1|257613891137|0,Lee Andrews: A Wise Man Said/If You Only Cared 45 Jordan Colored Vinyl VG++,9.99,0.0254
v1|137488744548|0,"VINTAGE RCA VICTOR ""THE SOUND OF MUSIC"" SOUNDTRACK VINYL RECORD 1965",19.99,0.0254
v1|278167091091|0,"T-DIVA, PICTURE THIS (12"" VINYL LP MAXI SINGLE + Remix/Mix; NEAR MINT)",2.59,0.0254
v1|407059516500|0," Kim De Los Santos Y Su Orquesta – Voz, Ritmo Y Sabor* Lp Vinyl * Sonolux",15.00,0.0254
v1|158059725329|0,"Music from the Great Basilica of San Petronio with music by Torelli, Gabrieli LP",25.00,0.0254
v1|327254308967|0,Bob Dylan - The Times They Are A Changing LP - 1964,20.00,0.0254
v1|318561316820|0,"QUEEN ANOTHER ONE BITES THE DUST - DON'T TRY SUICIDE 7"" Vinyl 45 RPM VINTAGE",4.95,0.0254
v1|117286671805|0,Barbra Streisand 3 Albums from the Late 1970s In Very Good Vinyl Condition,15.00,0.0254
v1|147427282082|0,Beatles Ringo Starr US 45 APPLE 1849 Back Off Boogaloo / Blindman,30.00,0.0254
v1|800315860514|0,Air Supply   Even The Nights Are Better 45 Record with Sleeve Original,2.55,0.0254
v1|267722012035|0,VINTAGE VINYL LP: South Pacific ~ Mary Martin ~ Ezio Pinza ~ Orig Broadway Cast,5.00,0.0253
v1|307051094355|0,Neil Young ~ Everybody Knows This Is Nowhere ~ 6349,20.00,0.0253
v1|278159311136|0,Pat Boone – Sings LP Record Dot Records Pop Vocal 33⅓ RPM,0.59,0.0253
v1|147425535599|0,"Jodeci Fun 2 Nite JM Remixes 12"" Promo Vinyl MCA Uptown WMCSX 2105 VG+",10.00,0.0253
v1|168523988429|0,TOMMY ROE-RARE PICTURE SLEEVE+45-(EVERYTIME A BLUEBIRD CRIES)--PS--PIC--SLV,59.99,0.0253
v1|168516766552|0,Billy Preston-Wildest Organ In Town-Capitol  1970's Reissue VG+,4.00,0.0253
v1|366531329705|0,MEL TORME and BUDDY RICH Together Again-For The First Time  LP   1978,5.00,0.0253
v1|178295477097|0,RCA Victor Pop Shopper Set Of 3 Vintage Records Album Book Collection ,2.99,0.0253
v1|800311047134|0,PAUL McCARTNEY  and WINGS LP Band on the Run 1973 Capitol   vinyl,8.00,0.0253
v1|168518340895|0,Paul McCartney - Tug Of War - Columbia – TC 37462 yr 1982 - EBONY AND IVORY,5.99,0.0252
v1|278159503982|0,Charlie Rich Record Albums (Lot of 5),18.00,0.0252
v1|147429942791|0,"1981 The Strikers ‎– Body Music (Special Disco Re-Mix) 12"" Single Vinyl Record",6.00,0.0252
v1|227418515933|0,"BARBRA STREISAND  LP ""Yentl"" Soundtrack ©1983 Vinyl Record +BIO ♪ Good Condition",3.99,0.0252
v1|127966580475|0,Donna Summer Bad Girls 2LP 1979 Casablanca Vinyl Stereo NBLP-2-7150,15.00,0.0252
v1|267722531292|0,"RAZOR'S EDGE - POW! 45 ""LET'S CALL IT A DAY GIRL"" / ""AVRIL""   LISTEN",8.00,0.0252
v1|168529049424|0,Cadence 1266 78 RPM Record - Marion Marlowe – Man In The Raincoat - Heartbeat,2.70,0.0252
v1|198488186322|0,"Glen Campbell ""Live"" - 2 Record Set - Capitol Records (STBO-268) 1969 Pop",4.88,0.0251
v1|198487010438|0,"Vintage, Domenico Savino- Music For A Perfect Day!",4.50,0.0251
v1|147425514589|0,JERRY CLOWER PRESENTS 1980 Vintage Vinyl Comedy THE LEDBETTER OLYMPICS Album,7.50,0.0251
v1|127966566007|0,The Rolling Stones AFTERMATH Vinyl LP Album - 1966 Mono - London Records LL 3476,12.99,0.0251
v1|267722345656|0,"LOT of 3 Duane Eddy LP Twangs That Thang, Twangin' The Golden Hits, Twang Up a",9.99,0.0251
v1|398155722300|0,More Greatest Hits Of The Monkees,10.00,0.0251
v1|117293493518|0,"The Sportsmen - 78rpm single 10-inch – Capitol ,I’d Love To Live In Texas ..4",19.99,0.0251
v1|267722689434|0,Leon Russell & Marc Benno- Asylum Choir II- 1974 Vinyl LP Shelter Records Rock,3.50,0.0251
v1|298494292451|0,"Joe ""Fingers"" Carr And His Ragtime Band – Fireman's Ball 45 EP",3.99,0.0250
v1|158058617253|0,"Franz Liszt, Peter Planyavsky ‎– Organ Works",25.00,0.0250
v1|188621317291|0,Black Sabbath Live At Last Vinyl LP Album from 1980 in NM Condion Ozzy,150.00,0.0250
v1|318564681750|0,Time Life Records Great Men of Music: Peter Ilyich Tchaikovsky Classical LP,12.00,0.0250
v1|267722408067|0,"The Best Of Phoebe Snow, LP Record (1981) PC 37091 VG+/VG+",4.99,0.0250
v1|137497708435|0,The Percels Cheek To Cheek Doowop 45 EX,5.50,0.0250
v1|206398814275|0,"Rockabilly  Paul Chaplain and his Emeralds  ""Shortnin' Bread",10.00,0.0250
v1|227423234965|0,The Rolling Stones- Tattoo You Specialty Press COC-16052  VG+,24.99,0.0249
v1|178297573834|0,"Eric Burdon & The Animals – Greatest Hits 12"" Vinyl LP Stereo MGM SE-4602",12.00,0.0249
v1|206403869664|0,78 RPM Conqueror 7704 Gene Autry Frankie Wallace Gangster’s Warning  Don't Send,9.99,0.0249
v1|127965067360|0,"Moe Bandy Then More Than Her Share Columbia 7"" Black Vinyl 45 RPM Stereo 1-45162",2.00,0.0249
v1|147420514812|0,STEVIE RAY VAUGHN - The House Is Rockin/Tightrope - VG+,4.50,0.0249
v1|168526133781|0,Manfred Mann-Pretty Flamingo-45 RPM-Rock-United Artists 50040-vinyl-record-NM,9.99,0.0249
v1|147425529988|0,Jan & Dean The Little Old Lady From Pasadena LP 1964 Mono Liberty LRP-3377 MINT,14.99,0.0249
v1|398158078020|0,Rockin' Rollin' Country Style - SUN Records Memphis - 1985 - Charley U.K,24.50,0.0249
v1|236925975904|0,New Colony 6-At The River's Edge SIGNED by Ray G. at Chicago Rec Show Nov '24!,49.99,0.0249
v1|377322551001|0,JOSHUA RIFKIN - THE BAROQUE BEATLES BOOK STEREO ELEKTRA LP,8.00,0.0248
v1|178302769688|0,Elvis Costello and the Attractions Get Happy Vinyl LP Columbia JC 36347 VG+,6.00,0.0248
v1|327253665730|0,Doo Wop 45: Arthur Lee Maye & Grp Hey! Pretty Girl on Flip 1957 Repro?,2.00,0.0248
v1|298491924094|0,"Best of Johnny Cash - Ring of Fire - Vinyl LP Record Stereo 33rpm 12""",6.50,0.0248
v1|227423927783|0,"Lot Of 26 Rock Vinyl:Foreigner,B Joel,Grateful Dead,Nugent,Styx,Tull,J Beck,Mott",99.99,0.0248
v1|278157654538|0,The Beatles NOWHERE MAN / What Goes On 1966 OG PICTURE SLEEVE ONLY 5587 NO ViNYL,12.99,0.0248
v1|800316205678|0,"Buck Owens & Friends The HEE-HAW Gospel Quartet LP Vinyl RCA AHLI-0901 12"" 33",6.99,0.0248
v1|158068287553|0,THE CHORDETTES - 45RPM - 2FER - (BOX-6),1.80,0.0248
v1|287448571424|0,JOE SMITH KING 4902 SHORT WALK VG ++     45 RPM,3.99,0.0248
v1|147426851881|0,Willie Nelson You’ll Never Know Vinyl,10.00,0.0248
v1|158067963092|0,"Paul Simon, Still Crazy After All these Years LP 1975 Columbia",3.00,0.0248
v1|298491820719|0,Dr. Dog – Goner / I Hope There’s Love 7” Record ￼Park The Van,7.99,0.0248
v1|198486019058|0,"The Beatles The Early Beatles 12"" Black Vinyl LP - Capitol Records T-2309 (NM)",29.99,0.0248
v1|158068109409|0,Jerry Lee Lewis Country Class LP Vinyl Album Record Rock,2.00,0.0247
v1|117286537256|0,9 Sonny James 45 LOT MOST PROMOS 4 PICTURE SLEEVES ALL NM UNPLAYED RECORDS,7.55,0.0247
v1|198486094283|0,"Akon Locked Up Remix Ft Styles P 2004 SRC 12"" Vinyl Single Hip-Hop Rap",4.99,0.0247
v1|206403913223|0,Dean Martin - Dean Martin Hits Again Reprise RS-646 Vinyl LP Stereo Vocal,2.28,0.0247
v1|278169457768|0,LOT OF 2 VINTAGE VINYL 45 RPM HALL & OATES RECORDS 1981-84 CANT GO FOR THAT ,9.99,0.0247
v1|298491745565|0,Vintage 45 Records lot of 31,200.00,0.0247
v1|398157886830|0,Lot Of 6-45 RPM Sleeves-Parrot;Decca;Epic (2); Phillips Mercury Vertigo; Mercury,16.26,0.0247
v1|327257115306|0,Kelsea Ballerini “kelsea” & “Rolling Up The Welcome Mat” Colored Vinyl LPs,24.00,0.0247
v1|127965086282|0,"Tom Bresh Sad Country Love Song/While We Make Love Farr 7"" 45 FR-009",2.50,0.0247
v1|158068287557|0,SARAH VAUGHAN - 45RPM - 2FER - (BOX-6),1.80,0.0246
v1|398158767282|0,Victor Military Band 78. Alexander’s Ragtime Band & Slippery Place Rag. 1912,12.00,0.0246
v1|318570643548|0,DURAN-DURAN 45RPM 7 IN VINYL-HUNGREY LIKE THE WOLF-- 2 VERSIONS-EXCELENT COND.,5.00,0.0246
v1|336680744345|0,Glen Campbell: By The Time I Get to Phoenix Vinyl LP 1967 Capitol/ MCI ST2851,2.17,0.0246
v1|318561079659|0,"The Village Stompers Some Folk, A Bit of Country 1964 Epic 12"" 33RPM LP BN 26161",1.59,0.0246
v1|127964986931|0,"Chicago Hard Habit to Break Warner Bros. 7"" Black Vinyl 45 Stereo Promo 7-29214",2.42,0.0246
v1|298491813616|0,FRANK ZAPPA -(45)- VALLEY GIRL / YOU ARE WHAT YOU IS - BARKING PUMPKIN  - 1982,11.00,0.0246
v1|178295725982|0,"SIOUXSIE AND THE BANSHEES ""ISRAEL"" 45 RPM VINYL SINGLE 1980",29.99,0.0245
v1|307052760659|0,"PEPPERMINT HARRIS   "" I GOT LOADED"" / IT'S YOU, YES IT'S YOU / ALADDIN RE  78RPM",8.99,0.0245
v1|158070467923|0,"Maddox Brothers And Rose - 1946-1951 Volume 1, LP, (Vinyl) Autographed By Rose",100.00,0.0245
v1|377330109377|0,Mercury Childcraft 78 ~ FUN FAIR When The Circus Comes To Town,24.95,0.0245
v1|158075209279|0,Connie Francis 45 Lipstick On Your Collar / Frankie MGM EX Country Rockabilly,8.00,0.0245
v1|158068293254|0,45RPM -LOU RAWLS-1 BOX-(4Xc),1.50,0.0245
v1|158068293448|0,45RPM  LOU RAWLS-1 (BOX-(4Xc),1.50,0.0245
v1|236920799104|0,Bobby Darin – If I Were a Carpenter/Rainin' - Atlantic 45 RPM- G+,4.99,0.0245
v1|127964945930|0,"Barbra Streisand Make No Mistake, He's Mine Columbia 7"" Black Vinyl 45 Promo",2.00,0.0245
v1|236926711040|0,"Crystal Gayle Somebody Loves You 12"" Vinyl LP Record Cardboard Sleeve",1.50,0.0244
v1|298483165082|0,BEETHOVEN THE NINE SYMPHONIES GEORGE SZELL CLEVELAND ORCHESTRA 7LP SET M7X-30281,16.00,0.0244
v1|398155550342|0,"VG+ VINYL JIMMY PAGE OUTRIDER,NM AFTER THE CRASH II,ROBERT PLANT&JIMMY PAGE,2LP",134.99,0.0244
v1|158076075730|0,Tchaikovsky's Swan Lake Golschmann RCA Victor Record with Sides 5&10 Is Broken,10.00,0.0244
v1|398158395117|0,Folk Music Legend Joan Baez Autographed Vinyl LP,55.00,0.0244
v1|307052538810|0,Original Cast Recording - My One And Only - Vinyl LP,2.36,0.0244
v1|178296119978|0,"Pickwick LP Record, The Four Freshmen, taste of honey, misty,San Francisco, VG ",1.00,0.0243
v1|178287717532|0,Christmas Advent Calendar w/ Wooden Marker and Snowpeople Theme ,14.00,0.0243
v1|336674710617|0,Peter Yarrow,20.00,0.0243
v1|127966225876|0,art tancredi 45 rpm record bye bye blues/very good,5.84,0.0243
v1|318560657023|0,Alvin Robinson - Fever / Down Home Girl 45 RPM 1964 Red Bird RB 10-010 Funk/Soul,40.00,0.0243
v1|307045801367|0,"Pablo Casals, Joan Alavedra”El Pessebre” (2)Vinyls = VG+ 12"" LPRecord Classical",3.00,0.0243
v1|168524115936|0,Canned Heat Live at Topanga Corral LP Pickwick SPC-3364 VG+ Blues Rock Vinyl,5.00,0.0243
v1|178286004471|0,Ernie (Jim Henson) Rubber Duckie / The Kids Sesame Street 45RPM Vinyl  4-45207,2.99,0.0243
v1|227424387134|0,"Bonnie Tyler Take Me Back Picture Sleeve 7"" vinyl 45 single record 1983",8.88,0.0243
v1|117302633090|0,Iron Maiden picture LP,26.00,0.0243
v1|117302637937|0,Iron Maiden picture LP,25.00,0.0243
v1|117302635995|0,Iron Maiden picture LP,25.00,0.0243
v1|117302635666|0,Iron Maiden picture LP,25.00,0.0243
v1|117302636937|0,Iron Maiden picture LP,25.00,0.0243
v1|227418604272|0,Vintage children story books with matching vinyl records.Lot of 14,20.00,0.0243
v1|278159760686|0,Folk Record Albums (Lot of 4),15.00,0.0243
v1|178295725978|0,Wall Of Voodoo Mexican Radio Call Of The West 7” 45 Record 1LS036 Illegal UK Imp,29.99,0.0243
v1|287448400012|0,Vintage Vinyl LP Peter Nero Young And Warm And Wonderful RCA LSP2484 Stereo 1961,5.49,0.0242
v1|407061560519|0,All-Time Country and Western LP Vinyl Record Music Album Volume VII Assorted ,1.93,0.0242
v1|178286233988|0,David Bowie Young Americans Aussie Vinyl Lp 1975 APL1-0998,9.99,0.0242
v1|147425840211|0,"Styx Equinox LP Vinyl A&M Records Rock 33 RPM 12"" Cardboard Sleeve",12.00,0.0242
v1|287449675396|0,Sam Cooke lot of (3) 45 rpm CHAIN GANG w/pic slv *Blue Moon*You Send Me,12.00,0.0242
v1|127965131390|0,"Single Bullet Theory Keep It Tight Nemperor 7"" Black Vinyl 45 1982 ZS4-03300",2.80,0.0242
v1|158070570683|0,CRISTY LANE - AT HER BEST- LP - (301)),4.00,0.0242
v1|127966181758|0,dr. john 45 rpm record such a night/cold cold cold/very good,6.00,0.0242
v1|407059858555|0,"Everything But The Girl When All's Well 12"" Vinyl Single 45  RPM UK  Import ",10.00,0.0242
v1|287448360861|0,"DE-1 - 16 WITH A BULLET (MIXES) - REPRISE RECORDS 12"" SINGLE",6.50,0.0242
v1|307052404722|0,"Nancy Sinatra Boots LP Vinyl, Reprise R-6202 Pop Record Black Cardboard Sleeve",8.00,0.0241
v1|137496683604|0,Gee 45RPM The Cleftones - You Baby You / I Was Dreaming 1000  Doowop,6.00,0.0241
v1|278169464878|0,2 Peter Nero Piano  Vinyl Records - RCA Victor,10.00,0.0241
v1|267719655034|0,Peter And Gordon – The Best Of Peter And Gordon LP - '72 reissue – VG+/VG,7.00,0.0241
v1|257613322957|0,BURL IVES Sings Pearly Shells 1964 Vinyl LP Decca DL 74578,3.20,0.0241
v1|178295602227|0,"House of Lords I Wanna Be Loved 7"" 45 Single Vinyl Record 1988 Gregg Giuffria",9.00,0.0240
v1|398154752063|0,Doo Wop 45: The Emjays Over The Rainbow/Cookie Jar on Paris 1959,2.00,0.0240
v1|137497055855|0,"Adam Ant Goody Two Shoes 45 7"" Vinyl (One Sided Single) Epic 1982 ENR-03529",1.99,0.0240
v1|178295250244|0,"Judy Collins - ""So Early In The Spring"" - Double LP",1.00,0.0240
v1|178296025337|0,"The doors, EKS74007 record",15.00,0.0240
v1|236920799852|0,Bobby Darin – Simple Song of Freedom/I'll Be Your Baby Tonite Motown 45 RPM- VG+,4.99,0.0240
v1|227423234954|0,"Iron Butterfly, In-A-Gadda-Da-Vida (VG) ATCO (R1-33250) Vinyl LP RECORD ",74.99,0.0239
v1|298491990962|0,Dwight Davis - Lonely Still Is Heavy / I Cry Alone Clark Country Records 45,12.99,0.0239
v1|377329801166|0,"Elvis, Speedway: Original Soundtrack LP Vinyl Record Album LSP-3989 RCA Victor",19.99,0.0239
v1|127965046151|0,"Bee Gees Down The Road / Night Fever RSO 7"" Black Vinyl 45 Stereo RS 889",1.60,0.0239
v1|398167959076|0,PRINCE Batman Soundtrack OST | Hype Sticker | Shrink | LP HEAR,13.50,0.0239
v1|298493712437|0,20 Solid Gold Hits Rock -LP Various 1969 Crystal Records S-1200 Vinyl G+/VG,7.99,0.0239
v1|278169764121|0,Bread Lost Without Your Love Vinyl Pre-owned 1977 ELEKTRA 7E-1094,4.95,0.0239
v1|188618761586|0,Rosco Gordon - Goin' Home / Just A Little Bit Vinyl 45 - 1959 Vee-Jay ,3.99,0.0239
v1|227418505710|0,"Andrew Gold 45 ""Lonely Boy"" 1977  B SIde  ""Must Be Crazy""  Good  Condition",2.99,0.0239
v1|198487956373|0,Buddy Johnson RnB 78 Doot Doot Dow bw Dont Want Nobody on Mercury,18.00,0.0239
v1|168524472335|0,"John Denver Rocky Mountain High 1972 Vinyl LP 12"" 33 RPM Classic Country Rock",12.00,0.0239
v1|236920539908|0,"STU NUNNERY - Madelaine/Sally From Syracuse, 45 EX, 1973, Evolution Records",3.99,0.0239
v1|117287929493|0,WALT DISNEY PRESENTS LITTLE RED RIDING HOOD 1969 VINTAGE VINYL LP DQ-1284-A,5.00,0.0238
v1|168523985694|0,JR. WALKER/ALL STARS-6-SONG HARD COVER -EP + 45-(ROAD RUNNER + 5)--PS--PIC,29.99,0.0238
v1|318560968753|0,"Luciano Pavarotti Pavarotti's Greatest Hits Vol One Vinyl LP 12"" 33 Stereo",15.99,0.0238
v1|127968517819|0,1964 Elvis Presley RCA Victor EP Viva Las Vegas COV VG Record Strong VG+,14.99,0.0238
v1|188622670846|0,King Sunny Ade LP M”Juju Music” 1982 Mango MLPS9712 EXC ,10.00,0.0238
v1|267722655119|0,Glenn Miller Parade Of Hits LP 1976 ACL 7009 Big Band Compilation VG,2.00,0.0238
v1|336679392217|0,16x Pop LP Record Lot Mixed Grade Mccartney Aritha Amanda,12.00,0.0238
v1|377336457907|0,Set Of 9 Vtg 45 Records ,24.99,0.0238
v1|158058352519|0,"FREDDY CANNON: 20th Century Fox&Cincinnati Woman WB 7"" Single 45 RPM-PROMO",79.99,0.0238
v1|800322390310|0,"Dream, Ivory When You Come Back I Have So Much To Tell You Vinyl Record",24.99,0.0238
v1|278167458433|0,JANIS JOPLIN - I Got Dem Ol' Kozmic Blues Again Mama! - COLUMBIA KCS 9913 - 1969,69.00,0.0238
v1|278159506102|0,"Harmonia H-2051 Italian Giovanni Vicari Tarantella Quadriglia 10"" 78 RPM Shellac",8.00,0.0238
v1|398157751090|0,johnny maestro the brooklyn bridge Autograph Picture  5x4,20.00,0.0237
v1|178297571706|0,"Elton John – Caribou 12"" Vinyl LP MCA Records Rock in Cardboard Sleeve",5.00,0.0237
v1|147427479717|0,JOHN WILLIAMS - Theme From Close Encounters/Nocturnal Pursuit - VG,2.50,0.0237
v1|407061604060|0,DAVID GRISMAN  Mondo Mando Vinyl LP ,3.02,0.0237
v1|206403999428|0,"Elvis Presley Let’s Be Friends Pickwick Stereo 12"" Vinyl LP 1970 CAS-2404",3.82,0.0237
v1|327254015470|0,Yes Live At The Apollo: 50th Anniversary Vinyl Orange Colored Excellent Cond.,22.00,0.0237
v1|366531432384|0,Claudia De Colombia Yo Soy Claudia Llevame Contigo y Con Todos Mis Exitos Lp Lat,19.99,0.0237
v1|287449645551|0,ROLLING STONES Sucking In The Seventies ROLLING STONES LP - Near Mint - SHRINK,30.00,0.0237
v1|287453776800|0,The Weeknd x Frank Miller – Hurry Up Tomorrow Collector’s Edition Vinyl,25.00,0.0236
v1|257614511097|0,"Jimi Hendrix Hendrix RCA 12"" Black Vinyl LP Record Rock Cardboard Sleeve",4.19,0.0236
v1|257614511097|0,"Jimi Hendrix Hendrix RCA 12"" Black Vinyl LP Record Rock Cardboard Sleeve",4.19,0.0236
v1|236926737292|0,".38 Special Strength in Numbers A&M SP-5115 12"" 33RPM Vinyl LP Rock Sleeve",1.89,0.0236
v1|236925970126|0,Jimmy Heap Show Featuring Ken Idaho-Laugh Potion-Fame Records Autographed by all,14.99,0.0236
v1|117286630387|0,Carpenters Close to You Vinyl LP Record SP-4271 A&M Records 1970 Shrink NM,0.99,0.0236
v1|137499644832|0,Led Zeppelin Lot Of Two First Press 1Ex 1Vg+,10.00,0.0236
v1|298491971247|0,GARY PUCKETT & THE UNION GAP Greatest Hits LP CS 1042,4.99,0.0236
v1|318560475992|0,THE OUTLAWS - Bring It Back Alive - Live double album vinyl record lp 1978,10.00,0.0236
v1|227423174807|0,LITTLE RIVER BAND-Sleeper Catcher-1978  Vinyl LP Pre Loved,9.99,0.0236
v1|407059684550|0," Marvin Santiago – Oficial ! Y Ahora...Con Tremenda Pinta ! Lp Vinyl,  TOP HITS ",20.00,0.0236
v1|137498891454|0,Johann Sebastian Bach/Ormandy - Ormandy Conducts Bach LP Vinyl RCA Gold Seal,2.99,0.0236
v1|137497158695|0,Nancy Wilson- 3 Record Collection - USED,3.00,0.0235
v1|127966669205|0,"Men At Work ""Who Can It Be Now?"" “anyone For Tennis?”. 45 Rpm Vinyl",4.99,0.0235
v1|800310679798|0,Elton John Caribou Vinyl LP MCA Records McA-2116 1974,8.00,0.0235
v1|287447863354|0,Teachers Vinyl Soundtrack Freddie Mercury ZZ Top .38 Special Bob Seger 1984 VG+,5.95,0.0234
v1|178297597032|0,"The Animals - ""The Best of The Animals"" (1966) - LP, Mono",5.00,0.0234
v1|236926741465|0,"Nazareth Close Enough for Rock 'n' Roll A&M 12"" Vinyl LP Rock Cardboard Sleeve",5.36,0.0234
v1|318524323841|0,Dionne Warwick – Dionne Warwick's Greatest Motion Picture Hits UK Import LP 1969,4.99,0.0234
v1|147425656534|0,"Lp BEATLES ""Meet The Beatles"", 1964 Capital Mono #T-2047 VG+/ NM  (lot b)",49.00,0.0234
v1|236925928160|0,Fantastic Beasts and Where to Find Them Soundtrack Vinyl Record,28.00,0.0234
v1|358776592572|0,ELLA FITZGERALD Brighten The Corner LP 1967  Capitol ST-2685 VG/Good+,6.50,0.0234
v1|298493711812|0,CAROLE KING PLUS... THE COOKIES LITTLE EVA VINYL LP EX CONDITION,12.99,0.0233
v1|366532018886|0,Bon Jovi Runaway/Love Lies 1984 Mercury Records 45,3.99,0.0233
v1|257613945408|0,Elvis Presley LP 1968 Elvis Singing Flaming Star and Others RCA,10.00,0.0233
v1|366531264989|0,"Bruce Springsteen 1984 Dancing In the Dark (12"" single) Vinyl Columbia 05028",2.88,0.0233
v1|327248829898|0,CARMELO GUTIERREZ/RAMON ROPAIN - Cumbia del Pegajoso/Cumbia de las Fichitas,7.99,0.0233
v1|298491973385|0,4 TOMMY ROE 45RPM-Need Your Love/Sheila/Save Your Kisses/Sweet Pea/Dizzy,4.99,0.0233
v1|158070227605|0,Lot of 5  Early 60's 45's Records with Original Sleeves Records M- Sleeves VG,16.99,0.0232
v1|188622101027|0,Bruce Springsteen The River ONLY ONE RECORD Vinyl,0.99,0.0232
v1|127964791261|0,the galens 45 rpm record love bells/baby i do love u/very good,3.20,0.0232
v1|377334719328|0,Chaka Chaka I'm Every Woman Vinyl LP Arif Mardin Red BSK 3245 Cardboard Sleeve,7.99,0.0232
v1|287442093329|0,Jim Reeves Record Albums (Lot of 8),30.00,0.0232
v1|198487954452|0,Ella Johnson RnB 78 Alright Okay You Win bw Say Youre Sorry on Mercury,18.00,0.0232
v1|327249986458|0,"The Lettermen - The Best Of The Lettermen ""LP""",2.50,0.0232
v1|298492061988|0,"1964-HAYDN:""CLOCK "" SYMPHONY No. 101,  FRITZ REINER  (1888-1963), 12"" RCA VICTOR",1.99,0.0232
v1|158070280608|0,"Lot of 6 POP 12"" Vinyl Record Albums. Tom Jones Perry Comp Little Drummer Boy",3.00,0.0232
v1|267722531279|0,"PINK BIRD 45 THE BOTTLE TOPPS "" COULD YOU BE THE ONE"" / AIN'T LOVE TROUBLE'",20.00,0.0232
v1|267719527285|0,Hank Williams Ramblin’ Man MGM E-3219 Mono EX Vinyl Classic Country LP Record,6.00,0.0232
v1|236927972178|0,The Rolling Stones Hot Rocks Hits ‘64-‘71  2PS 606/7 Blue Label Record LP,10.00,0.0231
v1|298492246874|0,"WEIHNACHTSKONZERTE-CHRISTMAS CONCERTOS , HERBERT VON KARAJAN , 12"" DGG RECORD",1.99,0.0231
v1|267722011179|0,"VINTAGE VINYL 45:  WHITNEY HOUSTON ""ONE MOMENT IN TIME"" (1988)",2.00,0.0231
v1|287449668065|0,Johnny Cash 'Live At San Quentin' LP Columbia Records Vinyl Record,3.50,0.0231
v1|127965093100|0,"Anne Murray Love Song / You Can't Go Back Capitol 7"" Vinyl 45 Stereo 3776",1.20,0.0231
v1|147427584781|0,Vintage 1947 Bing Crosby Merry Christmas  78rpm Album Partial Set With Book,10.80,0.0231
v1|287448660299|0,Lot Of 78 Shellac Records... Probably,20.00,0.0230
v1|407059818828|0,Prince - When Doves Cry Single ~ 1984 45 Record Made in US  7-29286 ~,6.99,0.0230
v1|236920571996|0,"PAUL MCCARTNEY - Coming Up/Coming Up,LunchBox/Odd Sox, 45, VG+, 1980, Columbia",2.49,0.0230
v1|198486051918|0,ROLLING STONES -TIME IS ON MY SIDE - 45RPM (RS-4x),8.00,0.0230
v1|287448399817|0,Various Rock Tunes by Unknown Artist - DOUBLE (2) Pickwick 33  LPs,4.99,0.0230
v1|236925859707|0,Bob Dylan Hard Rain Vinyl Columbia AL34349 1E,10.00,0.0230
v1|168525906704|0,Scritti Politti-Perfect Way-45 rpm-rock-WB 7-28949-vinyl-record-PS-NM-,4.99,0.0230
v1|287448716247|0,"Conway Twitty Merle Haggard Legends LP Vinyl 12"" MCA Records Country Black",14.00,0.0230
v1|227423075710|0,"Erasure – Chains Of Love 7"" Remix / A Little Respect 45RPM 7-21863 Vinyl 1988VG+",4.99,0.0230
v1|158075007753|0,The Versatile Burl Ives Vinyl LP Record Album & Record Sleeve,5.00,0.0230
v1|127969764153|0,LP Burl Ives Sings Little White Duck - HS 14507 Harmony - Children's Favorites,7.00,0.0230
v1|307050936862|0,"RARE! VINTAGE-33 LP vinyl record, MMO records, various, Music Minus One, Vol 5",9.25,0.0230
v1|127965077545|0,"ABC Dot Narvel Felts The Feelin's Right 7"" Black Vinyl 45 Stereo DOA-17680",1.16,0.0230
v1|278169456629|0,Bruce Springsteen Darkness On The edge Of Town LP  W/lyric Sheet Columbia 35318,8.95,0.0229
v1|168516546898|0,"AC/DC - Have A Drink On Me / You Shook Me All Night Long 7"" 45 Master Disk",19.99,0.0229
v1|398155404276|0,Doo Wop 45: TempoTones Come Into My Heart on  ACME 1957 Repro,2.00,0.0229
v1|188622059981|0,Midnight Snaxxx - 45 RPM - Punk,15.00,0.0229
v1|287442264095|0,Stan Kenton Record Albums (Lot of 4),15.00,0.0229
v1|278159764375|0,Burl Ives Record Album Lot of 7,25.00,0.0229
v1|377329690335|0,"Columbia Johnny Mathis Johnny's Greatest Hits LP 12"" Stereo Vinyl CS 8634",2.86,0.0229
v1|366531387653|0,45 Randy Travis (2) Album Picture Sleeves No Records - Nice Condition !,1.40,0.0229
v1|398163130156|0,"General Public - Tenderness 7"" Single 1984 I.R.S. Records Rock 45 RPM",9.99,0.0229
v1|188605123995|0,beatles collection vinyl/ MEMROBILA,3800.00,0.0229
v1|398158773960|0,Frank Sinatra Great Hits Vinyl,5.00,0.0229
v1|137499540957|0,26 Hits by Ray Conniff II LP Columbia P12691,0.52,0.0229
v1|147425898321|0,"Raydio ""Is This A Love Thing"" RED VINYL 45 Record 7"" Arist 193",9.99,0.0229
v1|318563183621|0,"LAWRENCE WELK  ""1963s Early Hits"" VINTAGE 12"" VINYL LP RECORD EC VINTAGE",4.95,0.0228
v1|206406015145|0,Bee Gees Children of the World Vinyl LP Record (1976),1.99,0.0228
v1|158075866842|0,"Bob Dylan with ""The Heartbreakers"" Band of the Hand 45 rpm vinyl promo record",7.00,0.0228
v1|137498722162|0,Mozart Rarity! Complete Sonatas for Organ & Orch. Carl Weinrich Fiedler RCA 2LP!,13.99,0.0228
v1|168524439677|0,PAUL MCCARTNEY - Wings Wild Life - Vinyl LP Record,22.50,0.0228
v1|127964892774|0,"Combination Girls Like You Warner Bros. 7"" Black Vinyl 45 Stereo Promo 7-29240",1.99,0.0228
v1|127968523273|0,2 VISIT FROM ST NICHOLAS +PETER AND THE WOLF RECORDS,1.27,0.0228
v1|298494471406|0,"Johnny Ventura ""YO SOY EL MERENGUE""",7.50,0.0227
v1|206404006993|0,Best Of ~ The Beach Boys ~ Capitol DT 2545 ~ Stereo (Ex),17.99,0.0227
v1|236927709782|0,Carole King Tapestry  Vinyl LP Ode Records Gatefold A&M SP-77009,10.00,0.0227
v1|198486215356|0,Vintage Columbia Vocal Hits Vinyl LP Lot Headliners Hall of Fame 3,9.99,0.0227
v1|178295805556|0,"London 33 RPM  Record,Mantovani , Charmaine , VG",1.50,0.0226
v1|168529049408|0,Frankie Laine Hawk-Eye / Your Love Columbia  78 RPM 40558,2.70,0.0226
v1|377329851959|0,DUKE ELLINGTON : LOT OF 11 : VINYL LP’S,78.88,0.0226
v1|147425784278|0,Lot Of Elvis Vinal Records 33 RPM,15.00,0.0226
v1|327248991227|0,"David Rogers Hold Me Chuck Berry Music 7"" 45 LP Rare",35.00,0.0226
v1|127964806693|0,rat charles 45 rpm records lot of 3 two r promos 1 with willie/very good,5.00,0.0226
v1|407061553082|0,EMERSON LAKE & PALMER LOVE BEACH LP,3.99,0.0226
v1|147426972198|0,COUNTRY GENTLEMEN THE AWARD WINNING COUNTRY GENTLEMEN  NEW SEALED VINYL L P,1.99,0.0226
v1|398155086452|0,Doo Wop 45: The Monarchs Wanna Go Home/Angels In The Sky on Wing 1955,2.00,0.0225
v1|117293946165|0,Jefferson Airplane SURREALISTIC PILLOW Vinyl LP Album - 1969 RCA Victor Reissue,9.99,0.0225
v1|800310673022|0,Willie Nelson Always On My Mind Vinyl LP CBS FC 37951 Columbia 1982,9.00,0.0225
v1|158058617239|0,Goffredo Petrassi - Lya De Barberiis* ‎– L'Opera Per Pianoforte (Invenzioni / Oh,25.00,0.0225
v1|158075814374|0,Eurythmics Would I Lie To You and Here Comes That Sinking Feeling 45 rpm record,3.00,0.0225
v1|198486083838|0,THE RASCALS-1 - 45RPM - (4Xb),1.50,0.0225
v1|158058278706|0,"Motley Crue - Wild Side / Five Days Dead 7"" 45 w/ Picture Sleeve Master Disk",15.99,0.0225
v1|298493258256|0,"GEORGE BENSON / THIS MASQUERADE | BREEZIN' / WB GWB 0345 / 1976 / 7"" 45rpm SNGL",4.74,0.0225
v1|127969764157|0,LP Faron Young T778 - Sweethearts or Strangers 1957 Capitol Records - Country,15.00,0.0224
v1|287448400018|0,[CLASSICAL]~EXC 2 DOUBLE LP~ARTUR TOSCANINI~Plays Light Waltzes~[1963~RCA RED SE,6.49,0.0224
v1|800316277441|0,The Beatles (Germany) 45 The Ballad Of John And Yoko,20.00,0.0224
v1|307045808033|0,"Various”50 Favourite Classical Excerpts”Stereo (2)Vinyls=VG 12""LPRecordClassical",2.50,0.0224
v1|257617697148|0,'I ONLY WANT TO BE WITH YOU' (1963) OOP ORIG. REL. OFF. ORIG. REL. VINYL SINGLE,15.00,0.0224
v1|147425784578|0,"Lot Of Old Country Vinal 33 Willie,Statler Bros, Rodriguez,Sonny James,Merle",20.00,0.0224
v1|117293857104|0,Red Norvo Trio 78 Night And Day Discovery Label ,20.00,0.0224
v1|298497226785|0,MGMT Oracular Spectacular Vinyl LP 2008 Columbia Records,30.00,0.0224
v1|287448676189|0,"Billy Joel Piano Man LP Vinyl 12"" 33 RPM Columbia Rock Black Cardboard Sleeve",10.00,0.0223
v1|267719484202|0,Steve Miller Fly Like an Eagle Record 45 RPM Single 4372 Capitol Records 1976,14.99,0.0223
v1|327256757820|0,"LOT 20 VINYL LP Rock ALBUMS, Steven Stills, Seals & Crofts,70s, Dan Folgleberg",25.00,0.0223
v1|327253883208|0,"LOT 20 VINYL LP Rock ALBUMS, Steven Stills, Seals & Crofts,70s, Dan Folgleberg",22.50,0.0223
v1|236920798311|0,Bobby Darin – Plain Jane / While I'm Gone - Atco Records 45 RPM- VG+,4.99,0.0223
v1|236920798317|0,Bobby Darin – Plain Jane / While I'm Gone - Atco Records 45 RPM- VG+,4.99,0.0223
v1|178295987848|0,"RCA VICTOR 33 RPM Record,George Beverly Shea, A Billy Graham Crusade VG ",1.00,0.0223
v1|407059983540|0,Tom Jones The Body And Soul Of Tom Jones   Record Album Vinyl LP In The Shrink ,3.00,0.0223
v1|178302589637|0,Tom Browne Love Approach Vinyl Record 1980 GRP,5.60,0.0223
v1|236927842236|0,The Crickets ~ That'll Be The Day/ I'm Lookin' For Someone To Love 45 RPM Record,20.00,0.0223
v1|158058424895|0,1986 Linda Ronstadt with Nelson Riddle & his Orchestra Vinyl Record LP,4.99,0.0223
v1|267722531281|0,"Stan Kenton Promo Capitol  78  ""BLUES IN BURLESQUE""  Instrumental / Vocal",10.00,0.0222
v1|188618765262|0,2 LP's. Gordon Lightfoot. Old Dan's Records & Did She mention My Name,4.00,0.0222
v1|158075209343|0,Isley Brothers 45 It's Your Thing / Don't Give It Away T Neck VG+ Soul,8.00,0.0222
v1|318560548488|0,Elvis Presley -Aloha From Hawaii Via Satellite - 2xLP Vinyl Album- VG,10.00,0.0222
v1|168518434191|0,Large lot of Picture Sleeves 128 No records 50's 60's & newer all pictured,9.99,0.0222
v1|227419280616|0,"Ebb Tide/Waltzing Bugle Boy/Frank Chacksfield (10"", 78 rpm, London, 1358)",4.99,0.0222
v1|188621391622|0,Elvis Presley The Elvis Tapes Redwood Records 1977 Mono Non-Music Red Robinson,12.95,0.0222
v1|298490412700|0,Louis Armstrong/Danny Kaye THE FIVE PENNIES Soundtrack Album,4.99,0.0222
v1|236926255206|0,Tom Snow - Same 1976 USA Orig. Vinyl LP Lyrics Good Condition ,4.99,0.0222
v1|147420263138|0,"Rachmaninov Piano Concertos 2,4  Ashkenazy Concertgebouw Orch. Decca 414 475-1",15.00,0.0222
v1|158068294094|0,45RPM  THE PLATTERS-1- (BOX-(4Xc),1.50,0.0222
v1|257614447496|0,Vintage Vinyl LP: Beatles Love Songs SKBL‑11711 ✲ Booklet & Inner Sleeves '77,9.99,0.0221
v1|127965024340|0,"Merle Haggard Cherokee Maiden / Diana Capitol 7"" Black Vinyl 45 Stereo 4326",2.40,0.0221
v1|278174143074|0,Three Vintage shellac 78 records 1920's okeh & columbia,29.00,0.0221
v1|236926254751|0,LIving Voices Sing Christmas Music 1977 One Owner. Srinkwrap On! Good CONDITION ,4.99,0.0221
v1|188619241385|0,Meg Christian “Face the Music” Olivia Records 1977 Folk Vinyl LP,6.99,0.0221
v1|287440677726|0,CARLY SIMON     Lot Of 5 Vinyl Records LPS     VG to VG+,11.99,0.0221
v1|267724148509|0,PETE BEST BEATLES REL. BOYS/ KANSAS CITY  CAMEO STOCK 45 RPM,9.99,0.0221
v1|366533048954|0,"GARY LEWIS & THE PLAYBOYS, LIBERTY #56144 45 RARE /  I SAW ELVIS LAST NIGHT",9.99,0.0221
v1|158068253238|0,Perry Como “ I Love You “ 78,3.75,0.0221
v1|127966480627|0,TOM PETTY & THE HEARTBREAKERS LONG AFTER DARK  Tour Collection,299.99,0.0221
v1|287440546104|0,I'm Still in Love with You by Al Green (Vinyl 2009),12.50,0.0220
v1|398156657662|0,"The Monkees - Someday Man / Listen To The Band, 45 Rpm, 1969 Vintage Rock Vinyl",60.00,0.0220
v1|158060477677|0," RCA 1959 Highlighter PERRY COMO & HIS FRIENDS 6 Complete Hits",5.00,0.0220
v1|188621414457|0,"1976 STEVEN STILLS ""ILLEGAL STILLS"" VINTAGE VINYL RECORD ALBUM",4.50,0.0220
v1|198486334087|0,Rod McKuen's Greatest Hits 2 - 1970 Stanyan BS-2560 Vinyl Record & Poster / G+,1.99,0.0220
v1|298494043577|0,"Mike Berry  with the Outlaws on Coral  ""Tribute To Buddy Holly""  Excellent R-A-B",15.00,0.0220
v1|336679251180|0,"Robin Williams Reality... What a Concept 12"" 33 RPM LP Casablanca 1979",6.00,0.0219
v1|236926054305|0,DAVID BOWIE ZIGGY STARDUST VINYL ALBUM USED,5.00,0.0219
v1|407061801943|0,Smokey Robinson Miracles  Season For Miracles MOTOWN Sound Sleeve soul Christmas,5.99,0.0219
v1|137498984058|0,"Bach — Organ Works, Vol. 1.  Historical Anthology of Music V/ The Bach Guild",2.99,0.0219
v1|127965008723|0,Steely Dan MCA 37041 Countdown To Ecstasy  VG,4.62,0.0219
v1|377331889264|0,"Styx Pieces of Eight Vinyl LP Record Album, 1978, SP-4724",16.00,0.0219
v1|318563637932|0,Boogie Woogie 1957 45 Speed Record Of Norman Granz At The Philharmonic,5.99,0.0219
v1|127965089967|0,"Eddy Arnold Goodnight, Irene / Put Me Back RCA 7"" Black Vinyl 45 Stereo PB-10794",1.57,0.0219
v1|336674994184|0,"Smokey Robinson - Get Ready 12"" VG+ M 00027 D1 Motown 1979 USA Vinyl Record LP",3.00,0.0219
v1|366531165043|0,The Very Best of The Everly Brothers LP (WS 1554) Reissue,11.95,0.0219
v1|206406007170|0,Pierre Kolmann Lp Vinyl Single,5.00,0.0218
v1|336674714505|0,Arthur- Hurley- Gottlieb,70.00,0.0218
v1|147425784883|0,"Country vinal Dolly, Lynn Anderson, Crystal Gayle, Tammy Wynette, Loretta Lynn",15.00,0.0218
v1|178297885930|0,MAZE (Featuring Frankie Beverly) “Can't Stop The Love” LP/Capitol ST-12377 / WOW,1.50,0.0218
v1|287449675394|0,"Lot of (8) The PLATTERS* 45 rpm (MERCURY)Twilight Time,Magic Touch,Only You-more",10.00,0.0218
v1|298493712467|0,The Clancy Brothers Greatest Hits Vinyl (Double LP),16.99,0.0218
v1|178297630437|0,"MODUL High Voltage 12"" 45 rpm MFRP008 Vinyl DJ Remix 2002 UK Single VG+",5.00,0.0218
v1|198487015641|0,VINTAGE-Dick Contino And His Accordion - Wing Records MGW 12122 - 33 RPM,5.00,0.0218
v1|236920798320|0,Bobby Darin – Melodie/Someday We'll Be Together - Motown Records 45 RPM- VG+,4.99,0.0218
v1|227423156747|0,JOHN FOXX- DANCING LIKE A GUN B/W SWIMMER i & ii  metal beat records,15.00,0.0217
v1|127966670334|0,The Doobie Brothers China Grove / Listen To The Music Vinyl 45,4.99,0.0217
v1|178287208798|0,Tennessee Ernie Ford Nearer The Cross Vinyl Gospel Record Album LP 22F,4.00,0.0217
v1|178302459133|0,Paul Simon Graceland Vinyl LP 1986 25447-1 Warner Bros VG+,10.00,0.0217
v1|257613230072|0,Oakenfold – Ready Steady Go (Jakob Carrison Remix) - Vinyl Single Sided,4.99,0.0217
v1|287442092182|0,Billy 'Crash' Craddock  Record Albums (Lot of 2),7.00,0.0217
v1|398157724538|0,The Beatles White Album Vinyl LP Record Original,55.00,0.0217
v1|298493712482|0,Tribute to Dorsey Vol 2 - Tommy Dorsey and Orchestra - RCA Victor  1957,9.99,0.0217
v1|117292618262|0,"Cole Records Square Dancing - With Calls by Ernest Useman""Swing Like Thunder""",12.99,0.0217
v1|336674993206|0,"MICHAEL JACKSON ""MICHAEL VS MICHAEL THE GLOVE MIX"" ""REMEMBER THE TIME"" VINYL 12""",99.00,0.0217
v1|307051042605|0,Bob Dylan 45RPM “Rainy Day Women #12 & 35” 1966 1960s Folk Rock 7” Vinyl,5.00,0.0217
v1|147427526552|0,"45- Jim Croce- Bad, Bad Leroy Brown &  A Good Time Man Like Me - ABC 11359",0.50,0.0216
v1|336679476845|0,MARVIN RAINWATER-WHOLE LOTTA WOMAN b/w BABY DON'T GO -ORIG 1958 ROCKBILLY 45 RPM,4.50,0.0216
v1|158068137914|0,Murray McLauchlan 45 /  The Farmer's Song /     Station copy,4.00,0.0216
v1|800311114115|0,78 RPM Bradley Kincaid Conqueror 8090 Sourwood Mountain   Old Joe Clark,9.99,0.0216
v1|147426857436|0,Billy Joel Glass Houses Vinyl,8.00,0.0216
v1|298493711312|0,Various- Bread & Roses: Festival Music  1979,9.99,0.0216
v1|267722109331|0,VINTAGE VINYL LP: Barry Manilow “One Voice” (1979),2.00,0.0216
v1|800298388512|0,Engelbert Humperdinck: After The Lovin’/Let’s Remember The Good Times 45rpm 1976,7.99,0.0216
v1|257615107140|0,"Culture Club, Karma Chameleon Record 45 RPM Virgin Records 1983",4.99,0.0216
v1|147427249175|0,"Wood Sisters Particular Shake 10"" acetate girl group garage ",40.00,0.0216
v1|227423171140|0,OLIVIA NETWON-JOHN Greatest Hits Vol 2  MCA-5347 LP Vinyl Record EX/EX,9.99,0.0215
v1|358775440685|0,The Monkees Greatest Hits Album Released In 1982. Very Good Condition,10.00,0.0215
v1|267724143546|0,JAN & DEAN SHE STILL TALKING BABY TALK /FROSTY THE SNOWMAN XMAS DJ  RARE 45 RPM,39.99,0.0215
v1|158070227607|0,"DICK & DEEDEE The Mountain's High F55350 Liberty 7"" 45rpm Vinyl M- Co Slv 1961",5.99,0.0215
v1|377320878462|0,The Beatles I WANT TO HOLD YOUR HAND / I SAW HER STANDING THERE 1984 SLEEVE ONLY,9.99,0.0215
v1|327254723537|0,"2 Johnny Cash SUN LP Records / Sings Hank Williams, Songs That Made Him Famous",8.00,0.0215
v1|267722475547|0,Vintage Vinyl LP:  BEATLES SGT. PEPPERS CLUB BAND  CAPITOL 2653,9.99,0.0215
v1|407060020914|0,NEIL SEDAKA THE HUNGRY YEARS VINYL LP ALBUM 1975 THE ROCKET RECORD CO. BAD BLOOD,3.00,0.0215
v1|206396465733|0,Jim Reeves Good 'N' country #19 The talking walls plus more,12.99,0.0215
v1|318561105386|0,"The Supremes & The Four Tops Magnificent 7 Motown 12"" 33 RPM LP MS 717",2.80,0.0215
v1|318560489408|0,nat king cole ramblin rose vinyl,8.00,0.0214
v1|287450710240|0,SIMON & GARFUNKEL I AM A ROCK/FLOWERS NEVER BEND WITH THE RAINFALL  EXC 45 ,3.99,0.0214
v1|278168909793|0,Gladys Knight & The Pips – Pipe Dreams:  Soundtrack LP BDS5676ST Vinyl 1976 VG+,3.00,0.0214
v1|168517736665|0,"The Ivy League-Tossing And Turning/Graduation Day-45 RPM-7""-rock-vinyl-Cameo 377",4.49,0.0214
v1|158075209224|0,Ricky Nelson Unchained Melody Poor Little Fool 45 EP IMP-158 COVER ONLY VG+,6.00,0.0214
v1|137503284856|0,ELVIS COSTELLO AND THE ATTRACTIONS - GET HAPPY!! -  COLUMBIA RECORDS LP,100.00,0.0214
v1|168523988909|0,BARBRA STREISAND-JUKE BOX HARD COVER-EP+45+STRIPS+MINI PICS-(THIRD ALBUM)-PS-PIC,24.99,0.0214
v1|227426490575|0,Vinyl Record Revolution Sealed Original Motion Picture Score Pre-owned,8.50,0.0214
v1|327242785651|0,"Crispian St. Peters 45 ""The Pied Piper"" ""Sweet Dawn My True"" - Good Condition",2.99,0.0213
v1|158075628779|0,Jan Hammer Miami Vice Theme 45 rpm vinyl record,2.00,0.0213
v1|407059696096|0,Louie Ramirez - Ray De La Paz Y Su Orquesta – Sabor Con Clase! Lp Vinyl ,20.00,0.0213
v1|188627474201|0,K-Tel Disco Nights Non Stop Original Disco Hits 1979 Rick James A Taste Of Honey,12.99,0.0213
v1|168517796480|0,Lot of 5 Vintage Country Bluegrass LPs Vinyl Records Trucker don gibson,7.99,0.0213
v1|287449879715|0,John Conlee Busted LP Vinyl Record MCA Records Country Black Cardboard Sleeve,12.00,0.0213
v1|287448658624|0,Paul Anka – Diana / Don't Gamble With Love   on  ABC-PARAMOUNT   1957   U.S.  78,12.95,0.0213
v1|278166344982|0,Eagles – Their Greatest Hits 1971-1975. Vinyl LP Record Album.,10.00,0.0213
v1|800316190710|0,"Bruce Springsteen Greetings from Asbury Park, N.J. LP Vinyl Columbia PC 31903",9.99,0.0212
v1|178295434862|0,VTG Flashdance Soundtrack Vinyl Album 1983 Original Motion Picture LP Record,7.99,0.0212
v1|178295434862|0,VTG Flashdance Soundtrack Vinyl Album 1983 Original Motion Picture LP Record,7.99,0.0212
v1|307044746286|0,"Lynn Anderson Lot of 3 Albums, See Pictures, Vinyls Visually rated, Country  C15",6.00,0.0212
v1|137497057720|0,KENNY ROGERS - WE'VE GOT TONIGHT - LP (KR)....... SUMMER SALE,5.00,0.0212
v1|800325710362|0,45 RPM Byrdie Green TCF 422 Het A Hold of Yourself VG,3.00,0.0212
v1|366531198508|0,Vintage 45rpm RECORD STORAGE CASE - WITH 80+ 45rpm RECORDS 1950s/60s,19.99,0.0212
v1|407065887661|0,45 RPM  Glitterhouse TEST PRESSING Tinkerbell's Mind DYNOVOICE VG,3.00,0.0212
v1|287449656602|0,The Buddy Holly Story Soundtrack Vinyl LP Orig Record VG,6.00,0.0212
v1|137497156053|0,ELVIS PRESLEY LP AYL1-3733(e) KING CREOLE NM/MT WITH BEST BUY STAMP DIFF. CAT. #,11.50,0.0212
v1|800298470406|0,"Louisiana Purchase: For The Moment / Can’t Get Your Love 45 RPM Vinyl, 1984",9.99,0.0211
v1|178288924962|0,INXS - THE LOVED ONE - OG Australian 45 RPm  1980 vinyl single DELUXE,5.99,0.0211
v1|358777213403|0,"Percy Faith I Concentrate On You 12"" 33 RPM Black Vinyl LP Columbia DS 390",9.00,0.0211
v1|147426941962|0,Vinyl 45 RPM Record Toni Basil - Mickey / Thief On The Loose 1981,2.50,0.0211
v1|168506570183|0,Vintage Batman & Robin Record Sleeve ONLY 1966 Dan & Dale guitars Tifton Audio,10.00,0.0211
v1|800316449426|0,The Beatles (Japan) 45 Hey Jude red vinyl,30.00,0.0211
v1|236920649540|0,Elvis Presley-Almost in Love Vinyl LP 1970 Pickwick CAS-2440/Very Good++++!!!!!!,6.99,0.0211
v1|178295429287|0,"THE PLATTERS TWILIGHT TIME 7"" 45 rpm RECORD MERCURY 1958 71289x45",2.00,0.0210
v1|318564223414|0,"Beatles Capitol 45 ""I WANT TO HOLD YOUR HAND"" West coast P/S Thumb Tab & Enlarge",100.00,0.0210
v1|398155867371|0,"Pearl by Joplin, Janis (Record, 2012)",14.00,0.0210
v1|127965046077|0,"Stevie Wonder In Square Circle Motown LP Vinyl 12"" 33 RPM Black 1985 6134TL",7.00,0.0210
v1|236925828914|0,"Patsy Cline, Country Music Hall Of Fame 33 LP Record In Very Nice Shape",4.95,0.0210
v1|407059521430|0,"Elvis Presley - Aloha from Hawaii via Satellite 1973 2xLP 12"" RCA VPSX-6089",3.90,0.0210
v1|278159257932|0,ROBERT GOULET - MY LOVE FORGIVE ME 1969 Columbia Records CL 2296,0.59,0.0210
v1|800314758856|0,Vintage 1975 7'' inch 2 song Record The Elton John Band ,3.60,0.0210
v1|206406006810|0,"Tchaikovsky, Beethoven - RCA Red Seal LP - 1812, Wellington's Victory - Ormandy",4.99,0.0210
v1|358775112927|0,Barry Manilow This One's For You Album Released In 1976 Very Good Condition,10.00,0.0210
v1|147425997029|0,David Allan Coe Greatest Hits Lp  In Shrink Nm,21.99,0.0210
v1|178295602236|0,"Debbie Gibson Only In My Dreams 7"" 45 Single Vinyl Record 1986",8.00,0.0210
v1|198488023151|0,"12"" 78 RPM-victrola 6754 , Pagliacci , Giovanni Martinelli",14.44,0.0209
v1|407060032430|0,"Rod Stewart – A Night On The Town, 1976 LP, Warner Bros. Records – BS 2938 old ",4.00,0.0209
v1|287449674173|0,Wilson Pickett-HEY JUDE ( BEATLES-cover) 45rpm unopened package-Woolworth's,9.00,0.0209
v1|307044650752|0,"Great cast sings highlights from Mozart's Don Giovanni, Hans Rosbaud, condutor",6.00,0.0209
v1|287449947470|0,Elvis Presley - RCA Victor LP - Moody Blue - AFL1-2428 - Blue Vinyl,3.80,0.0209
v1|398154772935|0,Doo Wop 45: The Royal Debs I Do/Jerry on Tifco 1962,2.00,0.0209
v1|327247253573|0,"2 Chubby Checker 45s ""She Wants T' Swim""  ""Twist It Up""  +BIO  -  Good Condition",3.99,0.0209
v1|327248805609|0,MARIMBA ORQUESTA GRAN CONTINENTAL - La Chinita - CUMBIA MARIMBA EL SALVADOR 45,7.99,0.0209
v1|358760498930|0,Kenny Rogers greatest hits vinyl LP 1975 very good condition,2.72,0.0209
v1|127966420169|0,Elton John Don't Shoot Me I'm Only The Piano Player MCA Records 1973 Vinyl,5.00,0.0209
v1|407065905484|0,45 RPM Hollywood Flames EBB 119 Buzz Buzz Buzz / Crazy VG+,3.00,0.0209
v1|318563433752|0,"Jackie Gleason Oooo! LP Vinyl 12"" 33 RPM High-Fidelity Capitol W-905",6.99,0.0208
v1|398156861395|0,Elton John Captain Fantastic MCA-2412 w Poster And Booklets,18.00,0.0208
v1|178295923618|0,"Word 33 RPM Record, Great Gospel Songs , Volume 1 , VG ",2.00,0.0208
v1|318563289530|0,"Silk Degrees by Boz Scaggs (Record, 1976) Record Only",1.10,0.0208
v1|198488003998|0,"Betty O'Brien ‎True True Love 1963 Funk Soul Vinyl 7"" 45 RPM ABC Paramount (VG+)",177.00,0.0208
v1|147425994908|0,"Marty Robbins  Marty! 5 LP Box Set 1972  P5S5812 12"" Columbia House 50 tracks",6.80,0.0208
v1|377330191596|0,78 ~ FRANKIE LAINE The Gandy Dancers' Ball/When You're In Love,19.95,0.0208
v1|227418283048|0,Willie Nelson Always On My Mind LP Vinyl Album Matrix Number AL 37951,3.49,0.0208
v1|168529049373|0,Percy Faith - The Vagabond King Waltz / Baby Doll 1956 EX,2.65,0.0208
v1|366531039952|0,"Vintage LENTIL / Robert McCloskey (Vinyl Record, 33 1/3 RPM) Scholastic Records",2.99,0.0208
v1|168517784429|0,"The Grass Roots-Let's Live For Today(Import)-45 RPM-7""-single-rock-vinyl-RCA4084",7.99,0.0208
v1|198486214824|0,Country Western Music Jamboree 3 LP Box Set Readers Digest RCA Vinyl,9.99,0.0207
v1|366533019703|0,"THE RASCALS, ATLANTIC LABEL #2537 CLASSIC 45 RECORD",1.99,0.0207
v1|407053396696|0,"The Mammas & the Papas-16 of their greatest hits, ABC Dunhill DS 50064, 1969, EX",10.99,0.0207
v1|287449869138|0,"George Jones Sings the Songs of Hank Williams LP Vinyl 12"" 33 RPM Musicor",10.00,0.0207
v1|117287644988|0,DAVID ROSE - The Stripper/Ebb Tide - 1962 - 45 RPM on MGM - BIG BAND JAZZ SWING,1.99,0.0207
v1|198488058323|0,Voix et Images de France 5 Student Records 33.33 RPM,20.00,0.0207
v1|147426858172|0,Uniroyal’s Special Christmas Album Vol. 1 Vinyl,10.00,0.0207
v1|168524864579|0,Jefferson Starship Gold The Best Of LP Picture Disc Grunt 1979 Rock,15.00,0.0207
v1|267721802910|0,"The Bee Gees - Best Of Bee Gees 12"" Vinyl LP - 1973- RSO SO 874",4.95,0.0206
v1|168517047226|0,The Best Of Glenn Yarbrough Vinyl Lp,4.79,0.0206
v1|327254842541|0,The Beatles BBC vinyl Bootleg,39.99,0.0206
v1|398155736812|0,Charley Pride Country Vinyl,5.00,0.0206
v1|206405981999|0,78 RPM State Street Swingers on Vocalion: Whipping That Jelly/Oh. Red! V:VG++.,35.00,0.0206
v1|358763926541|0,Bette Midler / Divine Madness 1980 Vinyl LP  Record Album,2.27,0.0206
v1|398155542452|0,"KENNY ROGERS VG+VINYLFIRST PRESSINGS,TEN YEARS OF GOLD,EYES THAT SEE ,WHAT ABOUT",35.00,0.0205
v1|800298458626|0,"Margie Joseph: Knockout / Knockout Part II 45 RPM Vinyl, 1982, FAST SHIPPING!",14.99,0.0205
v1|278169592788|0,"The Beatles - 1967-1970 / VG+ / 2xLP, Comp, RE, Los",699.00,0.0205
v1|137496718837|0,DOO WOP 45 THE CRESCENDOS OH JULIE ON NASCO First Press,5.50,0.0205
v1|327248816399|0,Los Pentagonos - Coco Loco / Jugueteando por la Playa - LATIN TROPICAL MEXICO 45,7.99,0.0204
v1|318560443330|0,The Who The Kids Are Alright Vinyl Double LP MCA Records,16.00,0.0204
v1|336674959640|0,"Crazy Otto In The Mood/My Melancholy Baby Decca Records 45rpm 7"" Vinyl Single",3.00,0.0204
v1|298493258798|0,"WEIRD AL YANKOVIC / RICKY | Buckingham Blues  / ZS4 03849 / 1983 /  7"" 45 SINGLE",3.98,0.0204
v1|206403871713|0,Johnny Cash - Nine Pound Hammer Harmony Records Vinyl LP Country,2.48,0.0204
v1|298491971422|0,Lot Gospel LP-Bethel Quartet/Anita Kerr/Lawrence Welk/Curry Family/Gospel Greats,7.50,0.0204
v1|178297696241|0,King Gizzard & The Lizard Wizard Quarters Black Vinyl LP record Castle Face 2015,49.99,0.0203
v1|236920959956|0,KENNY ROGERS His Greatest Hits and Finest Performances 1986 (5)-LP Vinyl's,20.00,0.0203
v1|127964921286|0,"Giorgio Moroder Paul Engemann Reach Out Columbia 7"" Black Vinyl 45 38-04511",0.40,0.0203
v1|198486146931|0,Simple Minds 45 Alive And Kicking Don’t You Forget About Me A&M,5.00,0.0203
v1|168529049712|0,The Four Lads-I've Got Four Big Brothers (To Look After Me) /Little Bit 1955 VG+,2.65,0.0203
v1|800312572210|0,Marian Anderson - Spirituals - RCA Victor LM-2032 Monaural Sound (1956) Red Seal,4.95,0.0203
v1|117288156388|0,The Beatles - A Hard Day's Night - Vinyl LP Album- Mono  1964 UAL 3366- VG+,6.99,0.0203
v1|298491971046|0,Lot 6 Gospel LP-Signed Chuck Harrell/Jimmy Swaggart/BIll Michael/The Renaissance,9.99,0.0202
v1|267722012380|0,VINTAGE VINYL LP: GREAT SONGS OF CHRISTMAS (Album Two),5.00,0.0202
v1|147425535520|0,"Elvis Presley Elvis: His Songs of Inspiration 12"" Vinyl LP RCA 1977 DML1-0264",3.50,0.0202
v1|366524557803|0,Y Vonne Elliman vinyl (I don't know why i keep hangin' on) 45 (1976),4.99,0.0202
v1|147426832941|0,Fleetwood Mac Mirage Vinyl,10.00,0.0202
v1|377336474561|0,Vtg Set Of Mary Poppins 45 Vinyls,10.99,0.0202
v1|298493711274|0,AT THE HOP-A COLLECTION OF CLASSIC OLDIES-2X LP-1978 ABC-AA-1111/2,9.99,0.0202
v1|188621762209|0,"BADFINGER ""NO MATTER WHAT"" 45 RPM",4.99,0.0202
v1|407059887435|0,Billy Joel - Glass Houses ~ Record Made in Japan 25AP-1800 ~ Two Inserts - E+,9.99,0.0202
v1|236925801988|0,David LaFlamme White Bird LP 1976 Amherst Records AMH-1007 OOP Shrink Intact,8.17,0.0201
v1|178286317180|0,Madonna Like a Prayer (Maxi Single),25.00,0.0201
v1|227418508743|0,"Bob  Seger  45  ""Understanding""  1984  +BIO  -  Good  Condition",2.99,0.0201
v1|206398199186|0,Czerwone Gitary The Best Of Czerwone Gitary Polish Rock  Breaks LP.,18.00,0.0201
v1|198488179003|0,The Best Of Vikki Carr 12 Inch Vinyl ,4.77,0.0201
v1|327253668880|0,Doo Wop 45: The Elegants Human Angel/Tiny Cloud on Planet Red Wax,2.00,0.0201
v1|267719528722|0,Jim Reeves - The Best of Jim Reeves (Vinyl Record LP),7.99,0.0201
v1|287449671197|0,The Grassroots The ABC Collection ABC Records (1976) 33 RPM Vinyl LP,7.50,0.0201
v1|178286326718|0,Focus Live at the Rainbow,10.00,0.0201
v1|287449625212|0,"The Beatles The Early Beatles 12"" Black Vinyl LP - Capitol Records",20.00,0.0201
v1|307044650778|0,"Vintage LP: Liszt Late Piano Music, Sergio Fiorentino at the piano. Formidable!",6.00,0.0201
v1|158070155302|0,NEIL DIAMOND-1  LP (34b),4.00,0.0200
v1|287449675397|0,Teen Idols~Johnny Crawford/Bobby Crawford (3) 45 rpm Del-Fi,10.00,0.0200
v1|206405985892|0,78 RPM Jump Blues Calvin Boze on Score: Working With My Baby/Satisfied V:VG++.,25.00,0.0200
v1|377330200629|0,78 ~ THE ORIOLES Crying In The Chapel/Don't You Think I Ought To Know,9.95,0.0200
v1|287448399843|0,"LOVE AND KISSES *DJ COPY* ""THANK GOD IT'S FRIDAY"" 45 RPM",4.99,0.0200
v1|298493690315|0,"Elvis Presley, Vinyl, 1972, Burning Love",5.00,0.0200
v1|198487818910|0,"Walt Disney The Ugly Duckling Vintage 1969 Vinyl LP Children's Record  12"" Album",4.77,0.0200
v1|147418651915|0,orig unlisted South Africa 78 Harry Belafonte Marys Boy Child RCA#71223 w slv EX,14.00,0.0200
v1|327253927038|0,Ten Years After Rock N Roll Music To The World,3.56,0.0200
v1|327253927346|0,Ten Years After Rock N Roll Music to The World,3.55,0.0200
v1|257614824508|0,The Best of Dr. Know -Vinyl-Ghetto Way Records 1986,45.00,0.0200
v1|298491971583|0,Time Peace THE RASCALS Greatest Hits Gatefold Atrlantic LP SD 8190,9.99,0.0199
v1|236925900388|0,Elvis Presley- Love Me Tender EPA-4006 on RCA,17.99,0.0199
v1|366531124221|0,Buddy Holly and The Crickets 20 Golden Greats LP (1978) MCA-3040,11.95,0.0199
v1|117287644906|0,"Rosemary Clooney - Mangos/Independent - 7"" Vinyl 45 - Columbia - 1957 - VG",2.49,0.0199
v1|227424445645|0,The Beatles ‘Searchin’ 45 Vinyl Record UK Press 1982,20.00,0.0199
v1|168526189303|0,"Robert Palmer ""I Want You"" Single HYPE STICKER - EX/NM - ULTRASONIC -Play Tested",15.99,0.0199
v1|117287926503|0,Walt Disney Hans Christian Andersen album-A,5.00,0.0199
v1|227426042034|0,Led Zeppelin IV by Led Zeppelin Record,40.00,0.0199
v1|327254511393|0,Peter Pan Records Snoopy's Christmas Peppermint Kandy Kids Holiday LP Vinyl Pun…,60.00,0.0199
v1|358760257032|0,"COAL MINER'S DAUGHTER  ""Original Motion Picture Soundtrack""  Vinyl LP  MCA-5107",3.35,0.0198
v1|398146099363|0,Asleep at the Wheel 45 rpm Beat Me Daddy  Eight to the Bar,3.99,0.0198
v1|358775542725|0,GENERAL HOSPITAL Jack Wagner -Too Young Vinyl 45 Record With Photo Sleeve,2.69,0.0198
v1|287451001271|0,RINGO STARR It Don't Come Easy/Early 1970---- 45/Picture Sleeve APPLE 1831 NM,7.99,0.0198
v1|287442093737|0,Chet Atkins Record Albums (Lot of 5),20.00,0.0198
v1|206403719646|0,"Six 1960s 45s With Picture Sleeves (Four Seasons, Turtles, Monkees)",6.99,0.0198
v1|158070371499|0,THE GUESS WHO Rain Dance / One Divided RCA 74-0522 (1971) 45rpm ,4.00,0.0198
v1|257614266883|0,"The Isley Brothers Isleys' Greatest Hits T-Neck TNS 3011 12"" Vinyl LP Stereo",3.44,0.0198
v1|298491971739|0,Lot-George Jones-We Found Heaven Right Here on Earth/It';s Country Time Again LP,9.99,0.0198
v1|158070074730|0,"Hits! by Boz Scaggs (Vinyl, Columbia (USA))",12.50,0.0198
v1|206403851046|0,78 RPM Bluebird 6855 Cliff Carlisle Quartet Shine On Me  Just a Wayward Boy,28.78,0.0197
v1|168523286130|0,THE EMJAYS This Is My Love / Waitin' (1958) Greenwich GR-411 Doo-Wop 45 VG+ HEAR,8.00,0.0197
v1|278157713398|0,CLASSICAL STRINGS     Lot Of 6 Vinyl Records LPS,10.99,0.0197
v1|318564590920|0,"andrew gold vinyl WHAT'S WRONG WITH THIS PICTURE Feat. ""Lonely Boy""",9.99,0.0197
v1|287448709292|0,"Willie Nelson Without A Song LP Vinyl 12"" 33 RPM Columbia Country Black",12.00,0.0197
v1|178288924966|0,Zonk Creedence Clearwater Revival Hits LP 1970 Aussie press - Petards,11.99,0.0197
v1|287448658625|0,The Crows – Gee / I Love You So   on  RAMA    1953   U.S.  78,12.95,0.0197
v1|236925998516|0,"Original Country Gold Record NRMT, RCA",7.00,0.0197
v1|158059723789|0,"Liapunov* / Balakirev* - Louis Kentner ‎– Transcendental Etudes, Volume II (Op. ",13.00,0.0197
v1|336682572164|0,Lot Of 30+ Vintage Vinyl Records Mixed Genres Classical Jazz Country ,20.00,0.0197
v1|188621300922|0,KISS You Wanted The Best You Got The Best Vinyl 2 LP Album from 1996 NM Cond,400.00,0.0197
v1|358777171250|0,Vinyl Christmas With Marty Robbin’s,1.99,0.0197
v1|168516446642|0,"Motley Crue - Girls, Girls, Girls / Sumthin' for Nuthin' 7"" 45 w/ Picture Sleeve",9.99,0.0197
v1|168525710112|0,ZZ Top The Best of ZZ Top 1977 LONDON LP ~Vinyl~ 10 Legendary Texas Tales,15.95,0.0196
v1|358784613759|0,The Beatles –Meet the Beatles! T-2047 Mono  scranton Press Rainbow-VG,24.99,0.0196
v1|257615039313|0,Montreux Summit Volume 1 PROMO White Label Various Artists Columbia-JG 35005,18.88,0.0196
v1|307052708042|0,40 Greatest Collage Football Marches,2.95,0.0196
v1|336679229264|0,"Top Hits of the 70s Vol. 2 Record NRMT/VG++, Bell/Capitol Records",8.00,0.0196
v1|318563801066|0,"Smokey Hogg, Specialty Sp 369 .  Your Better Watch That Jive.  Vg+",20.00,0.0196
v1|318561076405|0,"Peter, Paul and Mary Ten Years Together Best Of Comp Vinyl LP Stereo 2552",2.58,0.0195
v1|327254172745|0,Your In Love Charlie Brown .Record and Story Book. Vintage ,2.98,0.0195
v1|127964900408|0,"Devo Beautiful World Warner Bros. 7"" Black Vinyl 45 RPM 1981 Promo WBS49834",4.52,0.0195
v1|307044650763|0,Opera star Eileen Farrell sings Puccini Arias with the Columbia Symphony,5.50,0.0195
v1|158076034372|0,Bangles Manic Monday 45 rpm white label promo vinyl record on Columbia Records,3.00,0.0195
v1|298493593794|0,"Sammy Turner   2-45's    ""Lavender-Blue/Wrapped Up In A Dream""   1-45 is Free",17.00,0.0195
v1|366532431528|0,R&B 45 The Gay Notes Post 2006 Hear My Plea and Crossroads ,8.00,0.0195
v1|800298372966|0,"George Harrison: Give Me Love / Miss O’Dell, 45 RPM, 1973, FAST SHIPPING!",9.99,0.0195
v1|358776290759|0,JOE WALSH: LIFE'S BEEN GOOD / THEME FROM BOAT WEIRDOS - 1978 ASYLUM 45 - HEAR!,4.99,0.0195
v1|336680079405|0,The Rolling Stones - Tattoo You - Vintage 1981 Rock LP Vinyl Record Album,0.99,0.0194
v1|206403909353|0,Hank Locklin - Queen of Hearts Pickwick/33 Vinyl LP Record Country,6.33,0.0194
v1|147431128416|0,GARAGE ROCK PSYCHE 45 by DAZE PASSED PVT. OHIO LABEL UNKNOWN? 80s HEAR IT,9.99,0.0194
v1|127966487795|0,Vinyl 45 RPM Records Lot - Neil Diamond I am I Said Song Sung Blue Granola Suite,4.99,0.0194
v1|800316595560|0,The Beatles (Japan) 45 I Don't Want To Spoil Party,15.00,0.0194
v1|168523143961|0,PEARLETTES Duchess Of Earl / Everyday (1963) Vee Jay R&B Popcorn Soul 45 HEAR,3.00,0.0194
v1|327254032495|0,"Earth Wind & Fire EVIL / KEEP YOUR HEAD TO THE SKY 45 RPM 7"" Columbia",4.99,0.0194
v1|158070665585|0,"Vintage Herb Alpert, The Brass Are Comin', Vinyl LP, 1969",3.99,0.0194
v1|158075209327|0,The Friends Of Distinction 45 Grazing In The Grass / Really Hope You Do RCA VG+,8.00,0.0194
v1|127966543942|0,The Newbeats CRYING MY HEART OUT b/w SHORT ON LOVE 45 rpm PROMO - 1966 Hiscory,9.99,0.0194
v1|227424325098|0,"Lot Of 25 Pop Vinyls: U2,Pearl Jam,Eddie Murphy,Prince,Wham,Duran D,Luther V",99.99,0.0194
v1|158068266777|0,Stonewall Jackson 45 vinyl “ Don’t Be Angry “,3.50,0.0193
v1|318564678937|0,"Vintage Vinyl Record Lot Stevie Wonder Survivor Styx, Tammy Wynette, Bert K  Lps",15.00,0.0193
v1|298493640283|0,"Strawberry Alarm Clock   45   ""Incense And Peppermints/The Birdman Of Alkatrash""",17.00,0.0193
v1|168525334628|0,"Bettye Swann-Today, I Started Loving You Again-45 RPM-soul-vinyl-Atlantic 2821",8.99,0.0193
v1|236927275233|0,Vintage Stevie Wonder The Secret Life Of Plants 2 LP Vinyl Album Record 1979,12.00,0.0193
v1|307052302674|0,"Going Places by Alpert, Herb / Tijuana Brass (Record, 2016)",1.99,0.0193
v1|267722531289|0,"THE MIGHTY TROJANS  JOED 45  ""JUST GOT UP""/""STHE BUFFALO TWIST""   LISTEN",8.00,0.0193
v1|327248741085|0,TERESITA RENDON W/CLIMATICO SARMIENTO - Negro No Te Vayas - CUMBIA PORRO 45,7.99,0.0192
v1|336680156076|0,"JOHN DENVER RCA SPS-45-217 DJ 7"" Promo LEAVING ON A JET PLANE / JIMMY NEWMAN",14.00,0.0192
v1|327253886738|0,1964 Tollie The Beatles Love Me Do / PS I Love You Fair Condition,8.00,0.0192
v1|127965173598|0,"Kenny Rogers Lucille / Till I Get It Right UA 7"" Vinyl 45 UA-XW929-Y",1.40,0.0192
v1|158060611185|0,Paul McCartney - Pipes Of Peace - Columbia – 39149 yr 1983 LP SAY SAY SAY,5.99,0.0192
v1|206405681312|0,Buck Owens And His Buckaroos – I've Got You On My Mind Again VINYL LP ST-80131,2.99,0.0192
v1|287449277807|0,1976. BEST OF BTO (SO FAR) - Mercury Records SRM-1-1101 LP Mercury Vinyl,5.00,0.0192
v1|287449675398|0,lot  (3)DISNEY'S   Ballad of Davy Crockett - Bill Hayes/Fess Parker/Buddy Ebsen,5.00,0.0192
v1|188621757181|0,Beatles vinyl records,25.00,0.0192
v1|398158122883|0,Nat King Cole - The Christmas Song - Vinyl LP VG,12.50,0.0192
v1|206403892818|0,Frank Sinatra - The Nearness of You Capitol Pickwick SPC-3450 Stereo Vinyl LP,4.72,0.0192
v1|278160018754|0,"Columbia 14779-F Italian I Quattro Diavoli La Bella Notte Silenziosa 10"" 78 RPM",6.00,0.0191
v1|147426771492|0,CHIC - LE FREAK - ORIGINAL 45 W/ PIC SLEEVE - VINTAGE,3.00,0.0191
v1|267718880786|0,Jesus Christ Superstar soundtrack vinyl record album,9.99,0.0191
v1|298492037489|0,Aquarian Dream ‎– Phoenix Promo 45 With Sleeve Buddah Records,14.99,0.0191
v1|236926704416|0,Bread Lost Without Your Love Elektra 1977 Vinyl LP Rock Cardboard Sleeve,2.00,0.0191
v1|278167459571|0,45RPM 2FOR: MICHAEL MURPHEY-(2FER4),2.00,0.0191
v1|398155432451|0,Doo Wop 45: The Statens Valentine/Do What You Want on Crystal Ball 1978,2.00,0.0191
v1|127965075463|0,"Deniece Williams Do What You Feel Columbia 7"" 45 38-03807 Promo",2.40,0.0191
v1|358776722741|0,BELINDA CARLISLE: HEAVEN IS A PLACE ON EARTH 1987 MCA 45- W/PICTURE SLEEVE -HEAR,0.99,0.0191
v1|298494013614|0,The Children – From The Very Start / Such A Fine Night 1970 ODE-66005 45 Single,0.99,0.0191
v1|127965018867|0,"Merle Haggard It's Been A Great Afternoon / Love Me MCA 7"" Vinyl 45 MCA-40936",1.76,0.0191
v1|227423037917|0,ZZ Top Deguello 1979 Warner Bros. LP HS 3361 Vinyl Record w/ Inner sleeve G-Vg,8.00,0.0190
v1|307052444444|0,FRANCE ISSUE BLUES DOUBLE LP - JIMMY ROGERS - CHESS/VOGUE 427012,12.00,0.0190
v1|377320872713|0,"THE BEATLES Hey Jude 1968 Revolution 45 rpm 7"" Vinyl Apple 2276 Thumb Tab Sleeve",99.99,0.0190
v1|188608111478|0,VINTAGE-Percy Sledge-Best Of Percy Sledge (LP) Album/Vinyl-Motown Soul-60s,25.00,0.0190
v1|318561046262|0,Andy Williams Merry Christmas Columbia CL 2420 Vinyl LP Holiday Christmas,4.64,0.0190
v1|206405958258|0,"Emerson Lake & Palmer by Emerson Lake & Palmer (Record, 2016)",3.00,0.0190
v1|327248741371|0,"Carly Simon  45  ""Love You By Heart""  Test Pressing  -  Good Condition",2.99,0.0190
v1|358762178174|0,Barbara Streisand's Greatest Hits Vol. 2 CBS 1978 LP Vinyl Record Album VG+,2.39,0.0190
v1|800315954606|0,The Beatles Eight Days A Week APPLE 45,25.00,0.0190
v1|800315946898|0,The Beatles Eight Days A Week APPLE 45,22.00,0.0190
v1|188621762207|0,"ELTON JOHN & KIKI DEE ""DON'T GO BREAKING MY HEART"" 45 PS",4.25,0.0190
v1|206398035889|0,vintage 78 record. Tex Russell,8.99,0.0190
v1|168524127469|0,The Beatles Magical Mystery Tour Stereo w/ Picture Book LP SMAL-2835 1967,100.00,0.0190
v1|307052535147|0,Shangri-Las – I Can Never Go Home Any More / Bull Dog 45 RPM,6.00,0.0189
v1|168525159724|0,Go West-True Colours/XL 5-w/gatefold P/S-45 RPM-single-rock-vinyl-Chrysalis GOW4,15.00,0.0189
v1|398144110122|0,UNDOCUMENTED Signed 1972 Gospel Soul 45- The Vocalaries- Nobody Knows/Rescue Me,500.00,0.0189
v1|178298180561|0,Simon & Garfunkel The Graduate Original Soundtrack LP Vinyl Columbia OS 3180,1.50,0.0189
v1|366531301542|0,45 Milli Vanilli 2 Album Sleeves No Records Girl I'm Gonna Miss You - 2 Sleeves,1.45,0.0189
v1|327257594435|0,DAVID  BOWIE  2-LPS   BOWIE PINUPS AND CHANGES,19.75,0.0189
v1|307045951524|0,"Country Compilations, Lot of 16 Records, See Pics, Vinyls Visually rated G+  cg1",11.00,0.0189
v1|137499640680|0,Doo Wop / 45  -  The Penguins  -  I Knew I'd Fall In Love  -  1957,6.00,0.0189
v1|168517937441|0,joe cocker/with a little help from my friends a&m-1969-vinyl album vinyl ex ,5.99,0.0188
v1|178295688503|0,"Helen Reddy – Helen Reddy's Greatest Hits 12"" Vinyl LP Pop Vocal",3.60,0.0188
v1|137505182142|0,Jimmy Cliff the Harder They Come Soundtrack Vinyl LP,15.50,0.0188
v1|206403866605|0,"The Allman Brothers Band - Win, Lose or Draw Capricorn Vinyl LP Rock, Sleeve",2.12,0.0188
v1|178298168470|0,West Side Story Original Soundtrack LP 1961 Columbia Masterworks OS 2070 Stereo,1.25,0.0188
v1|137499412254|0,Lot Of 2 Johnny Cash 1ep Ex First Press And One Picture Sleeve Roll Call EX Nice,8.50,0.0188
v1|127965006888|0,"Neil Diamond Love on the Rocks / Acapulco Capitol 7"" Black Vinyl 45 Stereo 4939",1.60,0.0188
v1|407061129459|0,"TOM JONES 3 SINGLES LOT (ALL ORIGINALS, ONE IMPORT).",9.99,0.0188
v1|298491971108|0,Lot  6 GLEN CAMPBELL 45RPM-/Southern Nights/Houston/Love My Truck/Gentle on Mind,4.99,0.0187
v1|336674953663|0,"Lou Monte - Eh, Marie! Eh, Marie! / The Sheik of Araby  Vinyl Record 45 RPM 7""",3.00,0.0187
v1|318560920510|0,57 Vintage 78 RPM Records Collection - 1940s-50s Big Band & Pop,225.00,0.0187
v1|236925890590|0,"Village People Y.M.C.A. & more RCA 1978 Vinyl 7"" 45 RPM lot of 6 Singles ",5.99,0.0187
v1|236925890590|0,"Village People Y.M.C.A. & more RCA 1978 Vinyl 7"" 45 RPM lot of 6 Singles ",5.99,0.0187
v1|158075834358|0,Eurythmics Sexcrime Nineteen Eighty Four 45 rpm vinyl promo record,3.00,0.0187
v1|168526178383|0,Ray Stevens You Are So Beautiful 45 vinyl record Warner Bros Records,7.49,0.0187
v1|267722423699|0,Nat King Cole – The Nat King Cole Story: Volume 1 NM/EX,14.99,0.0187
v1|127965168924|0,"Johnny Rivers Swayin' to the Music / Outside Help Big Tree 7"" 45 Stereo BT-16094",1.44,0.0187
v1|227424438143|0,The Beatles 45s Capitol Records Lot of 5,30.00,0.0187
v1|287448399916|0,Various artists ~Pop Piano Favorites~ 4 LP Set - (1969) Reader's Digest,8.99,0.0186
v1|158068287479|0,BING CROSBY - 45RPM - 2FER - (BOX-6),1.80,0.0186
v1|206405982002|0,78 RPM Vocal Group/Doowop The Royals (Chuck Willis) on Okeh: If You Love Me/Drea,90.00,0.0185
v1|287448725376|0,"Columbia All American Cowboys LP Vinyl 12"" 33 RPM Country Black",15.00,0.0185
v1|336674960078|0,Four Aces / Al Alberts IT SHALL COME TO PASS / DREAM 1954 Decca 45 RPM Single,3.00,0.0185
v1|168517741817|0,"Marcie Blane-Bobby's Girl-45 RPM-7""-single-pop-vinyl-record-Seville 45-120-NM-",6.99,0.0185
v1|178295224349|0,"Manfred Mann's Earth Band - ""Blinded By The Light"" - 45 RPM",1.00,0.0185
v1|158076038333|0,Bangles Manic Monday and In a Different Light 45 rpm vinyl record,3.00,0.0185
v1|318563488126|0,45 RPM RECORDS LOT OF 56 CLASSIC ROCK,9.99,0.0185
v1|298491973066|0,2 GLENNN MILLER LP-The Glenn Miller Story LP & orginal film soundtracks Vol 2,4.99,0.0184
v1|278169848749|0,Mireille Mathieu French collection Vinyl Record Album 33 rpm ,7.99,0.0184
v1|800315013628|0,THE CAPP-PIERCE ORCHESTRA FEATURING ERNIE ANDREWS-THE JUGGERNAUT STRIKES AGAIN,10.98,0.0184
v1|137496717688|0,Chuck Mangione Feels So Good Vinyl Record  LP A&M,8.00,0.0184
v1|327254109212|0,"BEATLES Parlophone 45 record art, real record 45R 4949 Rare",10.00,0.0184
v1|206405998259|0,George Russell His Guitar and Music Vinyl LP Record,2.00,0.0184
v1|147426183877|0,The Best Melanie 1976 Vinyl LP 2 Record Set Mr Tambourine Man,0.99,0.0184
v1|800311146869|0,78 RPM The Record Boys Al Bernard Frank Kamplain Brunswick 3857 Yeedle Beedle,9.99,0.0184
v1|307052031080|0,"The Teddy Bears and the Moments 2 Rec Lot 45 RPM, To Know Him, Is To Love Him",7.00,0.0184
v1|336680399789|0,Vintage Walt Disney Read-Along Storybook and Record Set of 4,12.00,0.0184
v1|257614193659|0,CHRISTMAS SING-ALONG WITH MITCH MILLER LP CS8027 1958. INCLUDES ALL THE LYRICS,14.99,0.0184
v1|278157655164|0,The Beatles YESTERDAY/ACT NATURALLY Capitol 5498 OG PICTURE SLEEVE ONLY NO ViNYL,12.99,0.0183
v1|188619740976|0,45 Huey Lewis and the News Hip To Be Square Vinyl Record Black Paper Sleeve,6.99,0.0183
v1|236926254725|0,The Features Up Side   Record Album Vinyl LP No Sleeve. Fair Condition ,6.99,0.0183
v1|127965036019|0,"Marvel & Flets Reconsider Me / Foggy Misty Morning ABC Dot 7"" 45 DOA-1549",2.50,0.0183
v1|137499715067|0,THE SHELLS Baby Oh Baby / What's In An Angel's Eyes JOHNSON 104 DOO WOP 45 /1957,6.00,0.0183
v1|127960628702|0,"U2 RARE VINYL 45 RPM  PROMO RECORD WITH SLEEVE "" A CELEBRATION """,18.88,0.0183
v1|137486162732|0,Bette Midler | The Rose | Stay With Me | 45 RPM | 1979 Pop 7” Vinyl,7.50,0.0183
v1|327253632151|0,Doo Wop 45: Cashmeres Little Dream Girl/Do I Upset You on Herald 1956v Repro,2.00,0.0183
v1|267722518077|0,Vintage Vinyl LPs:  Ringo Starr Goodnight Vienna '74;John Lennon Shaved Fish '75,9.99,0.0183
v1|307045822347|0,"Air Supply FIVE 45RPM ""Making Love/Nights Are Better/One You Love” 80s 7"" Vinyl",5.00,0.0182
v1|206405909062|0,Iron Butterfly - Atco LP - Ball - SD 33-280,4.99,0.0182
v1|178298245051|0,LED ZEPPELIN-LED ZEPPELIN IV-VINYL LP w/ORIG INNER SLEEVE-SEE DEMO,6.95,0.0182
v1|318560703090|0,ZZ Top Signed Autographed Rio Grande Mud Vinyl Album  Billy Gibbons Beard Hill,500.00,0.0182
v1|188619807625|0,Linda Ronstadt For Country Lovers LP Vinyl Capitol Records Country Cardboard,17.00,0.0182
v1|298493778512|0,The Neons – Golden Dreams / Angel Face 45 Gone Records 1960,8.99,0.0182
v1|127966611114|0,burl ives 45 rpm record promo copy it comes and goes/very good,2.58,0.0182
v1|327253785237|0,Doo Wop 45: The Hi-Fives My Friend/How Can I Win on Decca 1958 Repro,2.00,0.0182
v1|168526096536|0,"Songs of Winnie-the-Pooh - 3 on 1 Golden Record 45 RPM, Jack Gilford Lot Of 4",7.95,0.0182
v1|158058617249|0,"André Previn, Philadelphia Orchestra* ‎– Richard Strauss: Alpine Symphony (Op.64",22.00,0.0182
v1|227424310249|0,"1954 78 rpm ELLA FITZGERALD LULLABY OF BIRDLAND, LATER, DECCA 29198, E, JAZZ",14.95,0.0182
v1|800295370749|0,Benny Carter and his orchestra,8.00,0.0182
v1|137496843709|0,OTIS WILLIAMS the CHARMS 45 United Don't Deny Me DeLUXE 1957 Doowop VG++ Great ,6.50,0.0182
v1|327255108924|0,"Some Girls by The Rolling Stones (Record, 2011) COC 39108",10.99,0.0181
v1|117287949764|0,@RARE@ Sweetie / She Was Taking My Baby by France’s Burnett 45 RPM Coral VG+,19.99,0.0181
v1|178288178464|0,Beethoven Missa Solemnis RCA Victor Red Seal Box Set Vintage Classical Vinyl,6.00,0.0181
v1|117293874925|0,"SIX VINYL RECORD ALBUMS-1970s-5th DIMENSION, FLOYD CRAMER, GEORGE BENSON, PABLO.",14.99,0.0181
v1|127965032862|0,"Merle Haggard Nobody Knows I'm Hurtin' Capitol 7"" Black Vinyl 45 RPM Stereo 3641",2.28,0.0181
v1|267722610913|0,Donna Summer - Casablanca 2-LP - Bad Girls - NBLP-2-7150,4.99,0.0181
v1|127965088591|0,"Bee Gees Rest Your Love On Me RSO 7"" Black Vinyl 45 RPM Stereo RS 913",1.20,0.0181
v1|198478252441|0,Elvis Costello- My Aim Is True- Columbia JC 35037- Orig 1977 Press w/Yellow Back,14.99,0.0181
v1|168525878029|0,GUY LOMBARDO - Medley: Volume 3 - LP Vinyl CAPITOL - 1961 - Pop,5.00,0.0181
v1|336679322327|0,neil young after the gold rush vinyl Vintage 1970,5.00,0.0181
v1|287451024475|0,FRANK VIRTUE  & THE VIRTUES -  INSTRUMENTALS BOX-1,4.00,0.0181
v1|127966441440|0,Judas Priest Record Vinyl LP Lot of 5 - Turbo / Entry / Hell Bent / Live / Hits,77.50,0.0181
v1|257613433256|0,"Robert Plant Little by Little Vinyl Single 12"" 1985 Pressing Collector's Edition",5.00,0.0181
v1|307051255657|0,Eagles Live Double LP 33 RPM Record 1980 Elektra Asylum Records,29.99,0.0180
v1|236926974125|0,SOUTH PACIFIC  1949  78RPM  7 Record Album  Columbia MM850,15.00,0.0180
v1|257615042807|0,Pine Top Got The Blues About My Baby / Memphis Minnie Hustlin Woman Blues 78 Rpm,180.00,0.0180
v1|366524557826|0,"bee gees vinyl 45: Words, Edge Of The Universe",4.99,0.0180
v1|366532808411|0,"Flintstones 7"" 45 RPM  Disc VTG 1970’s, stand up story books, tell a tale book",6.00,0.0180
v1|227423075585|0,Various - Dynamite 20 Original Hits LP TU2360 Vinyl K-tel BTO Elton John 1974EX!,9.99,0.0180
v1|287450250694|0,SHIRLEY BASSEY - GREATEST HITS - 2LP (18a),19.99,0.0180
v1|147425703474|0,"The Beatles - ""Rarities"" 1979 Holland Import John Paul Ringo George!",19.99,0.0180
v1|127966669479|0,JOE JACKSON CHA CHA LOCO/YOU CAN'T GET WHAT YOU WANT (...) VINYL 45 58-21,4.99,0.0180
v1|227423212277|0,"PAUL WALL THEY DON'T KNOW MIKE JONES BUN B 12"" Single  Asylum 2005 *PROMO*",3.00,0.0180
v1|287448399935|0,"Earth, Wind & Fire 45  ""Got To Get You Into My Life"" “I’ll Write A Song For You”",4.99,0.0180
v1|158068287470|0,BROOK BENTON - 45RPM - 2FER - (BOX-6),1.80,0.0180
v1|206405681295|0,Big Country Hits Volume 1 VINYL LP LSP-3606 RCA Victor Chet Atkins Dottie READ,2.99,0.0179
v1|127965220549|0,"RARE 45 RPM, Hank Thompson, Green Light, Mary Had A Little Lamb",16.99,0.0179
v1|127965087868|0,"Bee Gees Tragedy / Until RSO Records 7"" Black Vinyl 45 RPM Stereo RS 918",1.20,0.0179
v1|267726600084|0,FERNEST ARCENEAUX 45 rpm on MARDI GRAS RECORDS 204 Lot of 16 New Old Stock,10.00,0.0179
v1|287448569007|0,IMPALAS STEADY 044  I CAN'T SEE ME WITHOUT YOU  VG +    45 RPM   DJ,7.99,0.0179
v1|137499290672|0,Emmylou Harris The Country Collection Vintage Vinyl  Arcade Records Import 1982,20.00,0.0179
v1|278157647970|0,The Beatles EIGHT DAYS A WEEK 1965 PICTURE SLEEVE ONLY Capitol 5371 NO ViNYL,12.99,0.0178
v1|227424414656|0,George Jones & Tammy Wynette Promo 45 Record Let's Build A World Together 1973￼,0.01,0.0178
v1|336674717187|0,David Gates,60.00,0.0178
v1|398155675117|0,The Statler Brothers LP. The Best Of. 1975 Mercury Records SRM-1-1037. CLEAN! ,9.00,0.0178
v1|327257104044|0,Brett Eldredge “Mr. Christmas” (2021) & “Brett Eldredge” (2020) 2 Vinyl LPs OOP,22.00,0.0178
v1|188619300857|0,Decca Records Judy Garland “The Best of” Pop Vinyl LP DXB 172,12.00,0.0178
v1|158070478848|0,"Piano Music of Edward MacDowell - Vinyl LP  John Kirkpatrick, Piano Columbia",0.99,0.0178
v1|298491815008|0,"Frank Zappa/Mothers: Burnt Weeny Sandwich, Vinyl/LP,  1970, Bizarre",35.00,0.0177
v1|398155559832|0,"frank Sinatra Nicd ""N"" Easy Vinyl",5.00,0.0177
v1|137496729632|0,Bob Gaddy - Operator / I Love My Baby 45 R&B 1956 Blues Old Town Records,5.50,0.0177
v1|398158584780|0,ELVIS PRESLEY - THE LEGEND LIVES ON - 7 VINYL LP BOX SET 1986 READER'S DIGEST,40.00,0.0177
v1|168526224822|0,Neil Diamond Sweet Caroline vinyl records lot of three 45 Records. Johnny Duncan,10.25,0.0177
v1|800298365476|0,"Cher: Dixie Girl / Train Of Thought, 45 RPM, 1974, FAST SHIPPING!",4.99,0.0176
v1|188605522849|0,Rare Chicago R&B 45.,3.99,0.0176
v1|188605144306|0,Rare Chicago 45.,1.99,0.0176
v1|227423034172|0,The Rolling Stones - Love You Live - 1977 Classic Rock Live 2xLP,8.00,0.0176
v1|377332290622|0,The Rolling Stones Emotional Rescue COC 16015 with Poster LP,10.00,0.0176
v1|366531255158|0,45 Supertramp & REO Speedwagon (2) Picture Sleeves - No Records - Nice !,1.45,0.0176
v1|298482740174|0,The Beatles I Feel Fine/She's A Woman 45  Capitol Records Pro Framed Ex Cond,198.00,0.0176
v1|366536727946|0,"The James Gang, 16 Greatest Hits, 1973 2 Album Set",10.00,0.0176
v1|336680062601|0,"VTG MOUTH & MACNEAL 45 RPM 7"" Vinyl Record Single Lot of 2 Philips Made in USA",0.99,0.0176
v1|127965220126|0,"78 RPM, Shorty Long, I Wasted A Nickel, This Cold War With You",13.99,0.0176
v1|358763903832|0,Pete Townshend - All The Best Cowboys Have Chinese Eyes - 1982 ATCO SD 38-149 EX,16.00,0.0175
v1|168523949717|0,GATEWAY TRIO-PROMO-OPEN-END INTERVIEW PICTURE SLEEVE+45-(FOOLISH QUESTIONS)--PS-,35.00,0.0175
v1|398154788894|0,Doo Wop 45: The Shirelles Dedicated To The One I Love/Looka Here Baby on Scepter,2.00,0.0175
v1|168528726781|0,Lot of 30 RANDOM Vintage ROCK & ROLL 45's rpm 7” Vinyl  Records DJ Jukebox mixed,14.99,0.0175
v1|287448677062|0,"Loretta Lynn One's On The Way LP Vinyl 12"" 33 RPM Decca Country",15.00,0.0175
v1|298494010590|0,Ike & Tina Turner ‎– The Argument / Mind In A Whirl 45 Sue Records,2.99,0.0175
v1|127966666224|0,Thirty Eight Special - Second Chance / Comin' Down Tonight 45 - A&M Records,2.40,0.0175
v1|127965137933|0,"Brick Dazz / Southern Sunset Bang 7"" Black Vinyl 45 RPM Stereo B-727 1976",3.64,0.0175
v1|327255035292|0,"Steve Winwood While You See A Chance Picture Sleeve 7"" 45 TONY WRIGHT ARTWORK",1.99,0.0175
v1|287442263483|0,George Shearing  Record Albums (Lot of 2),7.00,0.0175
v1|158058617222|0,"Carl Orff, Smetáček* / Czech Philharmonic Orchestra* and Singers Chorus* ‎– Carm",25.00,0.0175
v1|267717903094|0,Four Japan Enka 45 Singles: Signed Seizo Oikawa & Sumo Wrestler Singers Vintage!,14.50,0.0174
v1|267717903094|0,Four Japan Enka 45 Singles: Signed Seizo Oikawa & Sumo Wrestler Singers Vintage!,14.50,0.0174
v1|398155814995|0,Motown Monsterhits Volume 2,1.00,0.0174
v1|178295487828|0,We Wish You A Merry Christmas Comp Pickwick Various 1960’s,10.50,0.0174
v1|257613349788|0,Harry Blech/London Mozart Players MOZART/HAYDN Symphonies One Owner. ,6.20,0.0174
v1|127965130375|0,"Stephen Bishop Careless / Save It For A Rainy Day ABC 7"" 45 ABC-1232",1.98,0.0174
v1|287448399956|0,"DARYL HALL & JOHN OATES Family Man b/w Open All Night 7"" 45rpm Vinyl VG+",4.99,0.0174
v1|178297671639|0,Bing Crosby Lp The Greatest Christmas Shows (1978 - #BMF 210),9.50,0.0174
v1|227424395931|0,The Mamas And The Papas 45 Record  Creeque Alley 1967 Dunhill ￼,0.01,0.0174
v1|236927513472|0,"MELISSA MANCHESTER, 45 RPM vinyl record, Fire in the Morning / Lights of Dawn,  ",5.99,0.0174
v1|267722655979|0,Roxy Music - Atco LP - Country Life - SD 36-106,4.99,0.0173
v1|398155943513|0,Fleetwood Mac Vinyl ,36.00,0.0173
v1|398156673314|0,"Woodstock - Music from the Original Soundtrack (Various Artists), 3 LP, 1971",135.00,0.0173
v1|398158951680|0,DAVID FRIZZELL and SHELLY WEST Carrin' On the Family Names Vinyl LP Record,10.00,0.0173
v1|800298388707|0,"Mary Hopkin: Knock Knock Who's There/International, 45, FAST SHIPPING!",4.99,0.0173
v1|188618807835|0,Chuck Mangione Feels so Good Vinyl,14.00,0.0173
v1|158068287518|0,THE LETTERMEN - 45RPM - 2FER - (BOX-6),1.80,0.0173
v1|236920798286|0,Bobby Darin – Artificial Flowers/Somedbody to Love - Atco Records 45 RPM- G,4.99,0.0172
v1|168517732924|0,"The Impressions-Amen-45 RPM-7""-single-soul-vinyl-record-ABC PARAMOUNT 10602-1965",2.99,0.0172
v1|206406017611|0,"Egypt Station by Mccartney, Paul (Record, 2018)",12.00,0.0172
v1|158058617219|0,"Liadov* - U.S.S.R. Symphony Orchestra*, Yevgeny Svetlanov* ‎– Music Of Liadov",22.00,0.0172
v1|318547943249|0,RARE WOR RECORDING - MAXWELL AUDITION 12-11-47 Record Album 78 rpm,9.99,0.0172
v1|287448867397|0,RCA Bonnie Tyler It's A Heartache/It's About Time 45 Single Record Vinyl Album,1.99,0.0172
v1|267721774072|0,VINTAGE VINYL LP:  High Energy - Various Artists - 1985,3.00,0.0172
v1|178286314534|0,Crosby Stills & Nash Live It Up Promotional Copy Album,10.00,0.0171
v1|117293570061|0,Lenny Dee - The Best Of Lenny Dee - Vol. II - 2 LP Gatefold,10.00,0.0171
v1|227423068912|0,"Lot Of 25 Rock Vinyl:B DylanX2,Foreigner,Led Zepplin,U2,Sting,Elton,SMiller",99.99,0.0171
v1|127964967420|0,"Jude Cole Back to School MCA 7"" Black Vinyl 45 1986 Stereo Promo MCA-52886",1.56,0.0171
v1|327248755840|0,LOS TEEN AGERS - Me Lo Prohibio el Doctor / La Pata Pela - CUMBIA COLOMBIA 45,7.99,0.0171
v1|198485848693|0,DON GIBSON -45rpm - COUNTRY-2,2.25,0.0171
v1|147429767085|0,"1985 Shantelle ‎– Love Attack 12"" Maxi-Single Vinyl Record",15.00,0.0171
v1|336675000547|0,Billy Joel 52nd Street LP 1978 Columbia FC 35609 OP Shrink w stickers VG+/ TJ,9.99,0.0171
v1|168518340376|0,SEALED Even Stevens - Thorn On The Rose - elektra 7E-1113 yr 1977 LP,5.99,0.0170
v1|267721995335|0,Sealed - Jackson 5 - Greatest Hits - 80'S Motown Record M5-201V1 Michael Rare,29.00,0.0170
v1|117293565958|0,Diana Ross & The Supremes - Motown 25th Anniversary 3 LP Set With Book - M,20.00,0.0170
v1|398155971498|0,"Walt Disney, Three Little Pigs, Book & Record, Disneyland, Vinyl LP Album 1967",8.99,0.0170
v1|137496855262|0,"1963 THE MARVELETTES ""FOREVER"" 45rpm 7""Doowop ",6.00,0.0170
v1|227431546284|0,1977 Reissue LED Zeppelin Houses of the holy 1973 Vinyl album  RL STERLING copy,20.00,0.0170
v1|287448399900|0,"EVELYN KING Dancin' / Till I Come Road RCA PB-11025 45 7"" 1977 Funk",4.99,0.0170
v1|287448389279|0,Alabama 40 Hour Week LP Album/Record - 33 RPM - 1985,4.00,0.0170
v1|407059516978|0,ROBERTA FLACK THE FIRST TIME EVER I SAW YOUR FACE/TRADE WINDS SINGLE VG 45-2864,5.50,0.0170
v1|287449889517|0,"John Conlee Friday Night Blues LP Vinyl 12"" MCA Records Country Cardboard Sleeve",15.00,0.0170
v1|298491972234|0,RCA Red Seal David Merrick's 42ND STREET Lp Album,4.99,0.0170
v1|318561091216|0,Reader's Digest Great Music from the Movies Vinyl LP Box Set Soundtrack,3.41,0.0170
v1|407059970374|0,Donna Summer – A Love Trilogy LP 1976 Oasis – Vinyl Record Album Vintage classic,3.00,0.0169
v1|398157087749|0,The Outsiders 45 Help Me Girl / You Gotta Look  w/PS,5.00,0.0169
v1|178298068606|0,"The Sunrays Our Leader/Won't You Tell Me RSD 45 Sundazed 7"" Beach Boys Surf",2.99,0.0169
v1|227424326143|0,45rpm Records/Vinyl Lot of 6: The Police/Wings/Jefferson Starship/Billy Idol,11.94,0.0169
v1|127965069705|0,"Eddy Arnold Cowboy RCA Victor 7"" Vinyl 45 Stereo PB-10701",2.70,0.0169
v1|298494192333|0,Joe Valino With George Siravo And His Orchestra ‎– Declaration Of Love 45 Record,4.99,0.0169
v1|307044637902|0,"Various”The Best Songs Of The Year 1980” Stereo Vinyl = VG+ 12"" LP Record Modern",2.50,0.0168
v1|198488066326|0,Reader’s Digest Easy Listening Country Vinyl LP Record Glen Campbell Jim Reeves,3.07,0.0168
v1|287449675945|0,lot of (12) Dance/Soul 45 rpm*1960's*Twist~Hully Gully~Pony~Dog~Monkey~Limbo,9.00,0.0168
v1|318564223404|0,"Rock & Roll 78 Bill Haley ""TEENAGER'S MOTHER"" / ""RIP IT UP""",10.00,0.0168
v1|267726626516|0,Lot of 48 45 rpm Records Various Labels And Artist RARE,10.00,0.0168
v1|127968656319|0,Little Donnie Bowshier Rock And Roll Joys / Stone Heart 45RPM Rockabilly ,14.99,0.0168
v1|298491712952|0,Gene Chandler ‎– No One Can Love You / (Gonna Be) Good Times 45 Record VG,6.99,0.0168
v1|127966213296|0,surface 45 rpm record title strip all i want is u/very good,1.45,0.0168
v1|800316103876|0,The Beatles (France) EP 45 We Cant Work It Out,20.00,0.0167
v1|307044535480|0,"The Baytowners 45 RPM ""Changes"" 1966 60s Folk Pop Rock 7"" PROMO Only Record!",5.00,0.0167
v1|407059599763|0,El Combo Del Ayer   – 20 Años Depues... El Pasado Convertido En Presente,22.50,0.0167
v1|298491973347|0,Lot of 5 DAN SEALS 45RPM-Bop/The Wild Side of Me/In San Antone/One Friend,4.99,0.0167
v1|206405260092|0,"Tapestry by King, Carole (Record, 2021)",6.72,0.0167
v1|398158742700|0,frank sinatra watertown vinyl,5.00,0.0167
v1|227424393502|0,Mike Reno & Ann Wilson 45 Record Almost Paradise 1984 Footloose ￼￼,2.25,0.0167
v1|407053782183|0,"Love Beach by Emerson, Lake & Palmer  2017 G+ Vinyl & G Ultrasonic Clean ",3.99,0.0167
v1|158070365712|0,JIMMY HOLIDAY We Got a Good Thing Goin /Spread Your Love MINIT 32040 45rpm PROMO,18.00,0.0167
v1|127966255187|0,"Dwight Yoakam - Guitars, Cadillacs / I'll Be Gone  - 1986 - 45 RPM  Warner Repri",2.99,0.0167
v1|117293939270|0,The Who QUADROPHENIA Vinyl 2-LP Album Set - 1973 Track Record w/ 44-Page Book,9.99,0.0167
v1|198486051906|0,ROLLING STONES -ROCK AND A HARD PLACE- 45RPM (RS-4x),4.00,0.0167
v1|168524183558|0,"Freddy Martin / Orch 78 RPM 10"" My Gal Sal / On The Banks Of The Wabash 1942",2.29,0.0167
v1|137503283553|0,Waylon & Willie LP RCA AFL1-2686 1978 Waylon Jennings Willie Nelson VG+,100.00,0.0167
v1|188621507786|0,Elvis Presley Fun in Acapulco LP RCA 1977 Reissue New Catalog# Sticker,19.95,0.0166
v1|158068290892|0,CHAD MITCHELL TRIO-RAREST PICTURE SLEEVE+45-(THE JOHN BIRCH SOCIETY)--PS--PIC,45.00,0.0166
v1|127966670831|0,ABC THE LOOK OF LOVE 45 Rpm  Vinyl.,5.00,0.0166
v1|227423055659|0,The Beatles Beatles 65 Vinyl LP Mono Capitol Records T 2228 High Fidelity Warped,15.99,0.0166
v1|147426856276|0,Hawaii Calls Greatest Hits Vinyl,10.00,0.0166
v1|287448399894|0,"GERRY RAFFERTY Baker Street 45 7"" Record Vinyl Records",4.99,0.0165
v1|398156415316|0,"Dr. Hook & The Medicine Show - The Cover of the ""Rolling Stone"" Vinyl 45 RPM (G)",3.99,0.0165
v1|198486238819|0,Lot of 5 Vinyl 45 records w/Frank Sinatra and Others Four Different Labels USED!,1.49,0.0165
v1|287449622499|0,"The Beatles Love Songs Capitol 12"" Black Vinyl LP Rock Cardboard Sleeve",30.00,0.0165
v1|298491971991|0,Lot 3 CHARLEY PRIDE LP-Best of/Just Plaimn Charley/The Incomparable Charley ,9.99,0.0165
v1|127966658904|0,scorpions 45 rpm record rock u like a hurricane/ coming home very good,4.10,0.0165
v1|287448399896|0,"Commodores - Look What You've Done To Me; Three Times A Lady - Vinyl 45 RPM 7""",4.99,0.0165
v1|287448624481|0,45RPM 2FOR: GLAYDES KNIGHT-(2FER1),2.00,0.0165
v1|267718880071|0,"Emerson, Lake & Palmer Love Beach vinyl record album",9.99,0.0165
v1|188619172293|0,Great Songs of Christmas LP Barbra Streisand Bing Crosby Vinyl Columbia Holiday,10.09,0.0165
v1|298493711325|0,Johnny Cash & the Tennesse Two - The Sun Years - 5 LP CHARLY Sun Box 103 - 1984,99.99,0.0165
v1|198487892864|0,BUCKY DEE JAMES & NASHVILLE EXPLOSION-HITS OF GLEN CAMPBELL SPB-4084 LPgggg,4.88,0.0165
v1|137499373090|0,Elvis - Puppet on a String / Wooden Heart Vintage 45 RPM Vinyl Single GS 1965,7.50,0.0165
v1|267722531290|0,"FRANK GARI - CRUSADE 45 ""UTOPIA"" / ""I AIN'T GOT A GIRL""   LISTEN",8.00,0.0164
v1|318561705918|0,"The Beatles Help! 12"" Black Vinyl LP Film Soundtrack Capitol Records",5.97,0.0164
v1|198486115650|0,"Rusty Warren 3 LP Lot - Knockers Up (Full Photo), Bounces Back, Banned In Boston",9.99,0.0164
v1|117293793251|0,"The Fut Have You Heard the Word/Futting Around 7"" 45 Fut Records Unofficial VG",1.00,0.0164
v1|800313990236|0,"Evis Presley ""Elvis Christmas Album"" LP-1951",5.99,0.0164
v1|198488172905|0,"25 Country Artists Singing Their Original Hits, records",4.88,0.0164
v1|206405681227|0,Jim Reeves - The Best Of Jim Reeves VINYL LP LSP-2890 RCA Records,2.99,0.0164
v1|257614438592|0,"VINTAGE TOM JONES, DELILAH / SMILE AWAY YOUR BLUES 7"" 45 RPM Vinyl Record",4.99,0.0164
v1|147425819333|0,ELVIS PRESLEY LP AQL1-4362 ON STAGE FEBRUARY 1970 WITH DIFFERENT BACK PHOTO NMMT,89.00,0.0164
v1|236926023348|0,DAVID BOWIE HEROES VINYL ALBUM USED,8.50,0.0164
v1|257614735728|0,"LED ZEPPELIN INSIDE LP SLEEVE FROM LED ZEPPELIN 4 ""ZOSO"" STAIRWAY LYRICS *NR MT*",15.00,0.0163
v1|398154818201|0,Doo Wop 45: The Three Friends + 3 on Doo Wops Unlimited,2.00,0.0163
v1|227424275102|0,"R&B SOUL JOHNNY OTIS ON CAPITOL   LABEL  45 RPM  7"" RECORD",1.00,0.0163
v1|267718880919|0,The Best Of Tommy James And The Shondells vinyl record album Scepter Records,14.99,0.0163
v1|318563430890|0,Johnny Cash Greatest Hits Vol. 1 LP Album 1967 Columbia 2 Eye CS 9478 Vintage LP,8.00,0.0163
v1|206403852101|0,78 RPM Victor 20933 Alfred G. Karnes When They Ring The Golden Bells,9.99,0.0163
v1|336675000553|0,"Laurie Anderson  O Superman / Walk The Dog 12"" EP 45 rpm  VG++",9.99,0.0163
v1|358773956754|0,lot of two THAI RABBIT BRAND 78 rpm records,49.95,0.0163
v1|358774700050|0,"JCI Various Artists Sock Hoppin' Sixties LP Vinyl 12"" 33 RPM 1960s Comp",15.00,0.0162
v1|158068359876|0,"Dick Clark Presents All Time Hits 7"" vinyl 45  Chuck Berry The Coasters 1957",2.59,0.0162
v1|127968627937|0,The Honey Drippers Volume One 1984 NM Vinyl Led Zeppelin Jeff Beck,12.99,0.0162
v1|398156262005|0,meet the beatles vinyl,25.00,0.0162
v1|158070227603|0,"Mario Lanza - The Desert Song RCA LSC-2440 Living Stereo LP + 45 rpm Red Seal 7""",9.99,0.0162
v1|407059967001|0,Pat Benatar Live From Earth 1983 Vinyl LP Record Album Chrysalis vintage rock ,4.00,0.0162
v1|318564306559|0,NATIONAL LAMPOON GOLD TURKEY GREATEST HITS US vinyl LP,3.00,0.0161
v1|168526216619|0,"THE ALLMAN BROTHERS 8 LP LOT w EAT A PEACH, AT FILLMORE EAST, BROTHERS & SISTERS",20.70,0.0161
v1|318564295597|0,JAMES LAST NON STOP DANCING 1973 vinyl LP,2.50,0.0161
v1|267722261279|0,"Tony Bennett Hall of Fame Series EP 45 RPM B-2563 7"" Vinyl Record 1957",2.14,0.0161
v1|178295955929|0,"Kapp LP Record, Roger Williams, Christmas Time, VG ",1.00,0.0161
v1|267721863410|0,"beatles songs,pictures and stories of the fabulous beatles vj 1092 original ",599.99,0.0161
v1|158060611204|0,Poco - Under The Gun - MCA Records ‎– MCA-5132 yr 1980 LP MADE OF STONE,5.99,0.0161
v1|188618929279|0,"Elton John Honky Cat / Slave 7"" 45 RPM Single Stereo UNI 55343 (1972)",1.88,0.0160
v1|147430953473|0,Very Best Of Vol. II LP Vinyl Record Gordon Lightfoot United Artists UA LA445 E,1.99,0.0160
v1|127966255350|0,the crescendos 45 rpm record school girl/crazy hop/very good,3.56,0.0160
v1|377332310135|0,"7"" 45 RPM THE SPANIELS YOU'RE GONNA CRY ON VEE JAY VG+ 1957",6.95,0.0160
v1|158068081812|0,OSBORNE BROTHERS/RED ALLEN-HARD COVER-EP+45---PS--PIC--BLUEGRASS,29.99,0.0160
v1|127966669944|0,Chicago Sonny Think Twice / Hard To Say I'm Sorry Record 45 RPM Vinyl,3.99,0.0160
v1|117292548836|0,"YMA SUMAC 7"" 45 rpm. BLOWOUT. 11 EP'S-5 FULL ALBUMS.CAPITOL.1950'S.",175.00,0.0160
v1|307052316880|0,SRO S.R.O. Herb Alpert and the Tijuana Brass 1966 Vinyl LP,1.99,0.0160
v1|236927837346|0,"Flora Washington, Broken Hearted / If I Cry You'll Never Know, United Artist 78.",20.00,0.0159
v1|147427241208|0,RINGO STARR It Don't Come Easy/Early 1970---- 45/Picture Sleeve APPLE 1831,25.00,0.0159
v1|236920798290|0,Bobby Darin – Multiplication/Irresistible You - Atlantic Pic Sleeve 45 RPM- VG,4.99,0.0159
v1|178295602240|0,"Samantha Fox I Only Wanna Be With You 7"" 45 Single Vinyl Record 1989",8.00,0.0159
v1|377332324140|0,"7"" 45 RPM MAURICE WILLIAMS DO I ON HERALD NM/M 1961",6.95,0.0159
v1|188621762215|0,"ELTON JOHN ""LUCY IN THE SKY WITH DIAMONDS"" 45 PS",3.99,0.0158
v1|236925872028|0,38 Special Tour De Force LP 1983 A&M Records SP-4971 RCA Indianapolis Pressing,15.00,0.0158
v1|318551107464|0,Journey - Departure (1980) - Columbia FC 36339 AL BL Vinyl LP Record Album,8.99,0.0158
v1|327248846437|0,CONJUNTO FIESTA -  Cumbia del Camaleon - CUMBIA 45 MEXICO,7.99,0.0158
v1|800298390089|0,"Elton John: Lucy In The Sky With Diamonds / One Day At A Time, 45, 1973",9.99,0.0158
v1|137496867401|0,BRENDA & The TABULATIONS 45 You've changed / Don't make me over TOP BOTTOM EX,5.50,0.0158
v1|278159933634|0,"Columbia 14830-F Italian Carlo Buti Chitarra Sotto Ar Chiaro 10"" 78 RPM Shellac",4.00,0.0158
v1|327254735873|0,45 RPM RECORDS LOT OF 200 POP/ROCK/R&B 1960'S-70'S LOT 1,43.00,0.0158
v1|327254736001|0,45 RPM RECORDS LOT OF 200 POP/ROCK/R&B 1960'S-70'S LOT 2,37.00,0.0158
v1|267721801705|0,BOXCAR WILLIE: King of the Road 20 Great Tracks (Vinyl LP Record),6.00,0.0157
v1|327253571873|0,Doo Wop 45: The Ontarios Lovers Mambo/Memories of You on Firefly Reissue?,2.00,0.0157
v1|178296782856|0,"Glenn Miller - ""The Best of Glenn Miller"" - Double LP",1.00,0.0157
v1|800298349230|0,"Paul Anka: (You’re) Having My Baby / Papa, Vinyl 45 RPM, 1974, FAST SHIPPING!",6.99,0.0157
v1|336680565436|0,Chicago Bears NFL ROQ IN ZOO/FRIG O RATOR (WILLIAM PERRY) MOTOWN 45 RECORD/SPORT,15.00,0.0157
v1|287455147710|0,The Rolling Stones Tattoo You Vinyl LP 1981 Warner Record COC-16052,3.00,0.0157
v1|206404222560|0,The Sveshnikov Chorus From A Far Far Country LP Vinyl Record Album,3.92,0.0157
v1|298493757927|0,Cowboy Copas – (I'm A) Stranger In My Home / I'll Be There 45 King Records,4.99,0.0157
v1|236927851637|0,PETER SCHILLING  Major Tom (Coming Home) / (Vollig Losgelost)  Elektra 7-69811,15.00,0.0157
v1|227423218627|0,"Dire Straits, YES, Jefferson Starship, Earth Wind Fire , VINTAGE Vinyl Albums",45.00,0.0156
v1|147425559446|0,Lennon This Is My Day 12” Promo,10.00,0.0156
v1|227424333464|0,"THE BEATLES   LP    SONGS, PICTURES AND STORIES FABULOUS VJ Records",25.00,0.0156
v1|800316345789|0,The Beatles (Mexico) 45 Words Of Love,25.00,0.0156
v1|127964792832|0,tony orlando and dawn 45 rpm record promo who's in the strawberry patch/very ood,1.90,0.0156
v1|358776995317|0,45’s Soul Motown Rb and Doo-Wop 35 in all vg* to Vg- all in playable condition,10.00,0.0155
v1|168518066519|0,Vintage 1948 Looney Tunes Bugs Bunny & Tortoise- 2 78 LPs & Book Mel Blanc voice,10.00,0.0155
v1|158068390307|0,EURYTHMICS SEX CRIME 1984 SINGLE 45  record,8.00,0.0155
v1|158068293806|0,45RPM  KENNY ROGERS- (BOX-(4Xc),2.00,0.0155
v1|298494208196|0,Elvis Costello Taking Liberties Columbia JC 36839,1.25,0.0155
v1|206403791681|0,"LOT OF (50) 45 RECORD COLLECTION DOO WOP, R&B, NORTHERN SOUL 1950'S-70's",9.99,0.0155
v1|117293960923|0,"David Medoff, Russian folk songs on Columbia 78 rpm  E7731, 1922",9.99,0.0154
v1|168518641130|0,Lot of 9 Skeeter davis 45's all Pictured,2.99,0.0154
v1|127965017438|0,"Merle Haggard & The Strangers It's All In The Movies Capitol 7"" 45 Stereo 4141",2.40,0.0154
v1|158075209458|0,The Temptations 45 Cloud Nine / Why Did She Have to Leave Gordy Motown VG+,8.00,0.0154
v1|267721923981|0,Vintage Vinyl LP: 1966 Firestone Your Christmas Favorites Volume 5,5.00,0.0154
v1|800299023428|0,"The Rascals Carry Me Back Real Thing 7"" 45RPM Pic Sleeve Only 3 Lot 4 Seasons",14.21,0.0154
v1|117287925320|0,"Walt Disney's Babes In Toyland Vinyl, LP 1961 Disneyland – DQ-1219-A",5.00,0.0154
v1|168517744301|0,"PETULA CLARK-I COULDN'T LIVE WITHOUT YOUR LOVE-45 RPM-7""-POP-WB 5835-VINYL-VG+",5.00,0.0154
v1|407053759741|0,Various Artists American Gigalo Soundtrack   Vinyl G+ Cover G+ ULTRASONIC CLEAN ,3.99,0.0154
v1|127966162243|0,steppenwolf gold 33 rpm record lp gatefoldtheir great hits/very good minus,4.00,0.0154
v1|178295761765|0,LOT 5 VILLAGE PEOPLE 45's Vinyl Records YMCA IN THE NAVY MACHO MAN CASABLANCA,30.00,0.0154
v1|366531255050|0,Jane Wiedlin - Rush Hour 45 RPM 1988 EMI picture sleeve,2.88,0.0153
v1|358762428105|0,"1969- ""Ssssh"" By: Ten Years After ~ Vinyl Record Album LP",4.00,0.0153
v1|398156786960|0,Prince and the Revolution - Raspberry Beret/She’s Always In My Hair 45rpm 1985,40.00,0.0153
v1|298491738815|0,Darrell Banks – Open The Door To Your Heart / Our Love 45 READ,2.99,0.0153
v1|318561035613|0,Ronnie Milsap Only One Love In My Life Vinyl LP 1978 RCA Record AFL1-2780-A,8.00,0.0153
v1|278174377274|0,Vintage Walt Disney Albums  Lot of (2)  DISNEY LAND AND WDW AND SNOW WHITE,50.00,0.0153
v1|287448399915|0,Boogie Oogie Oogie / World Spin A Taste Of Honey 45 RPM Vinyl Record,4.99,0.0153
v1|127966683733|0,bill farrell 45 rpm record rock love/it may sound silly/very good,1.10,0.0153
v1|178298176789|0,Alabama 40 Hour Week LP Vinyl Record 1985 RCA Country 33 RPM Play Tested VG+,1.75,0.0153
v1|188622094346|0,"Kenny Rogers Morning Desire 7"" 45 RPM Vinyl Single Stereo RCA 1989 PB-44194",1.58,0.0152
v1|236920798324|0,Bobby Darin – Things/Jailer Bring Me Water - Atco 45 RPM- Good,4.99,0.0152
v1|236920798319|0,Bobby Darin – Things/Jailer Bring Me Water - Atco 45 RPM- Good,4.99,0.0152
v1|178295786066|0,Gary Lewis And The Playboys (45) This Diamond Ring / Tijuana Wedding~Liberty,2.00,0.0152
v1|336679238094|0,"Country-Pop Hits of the 70s Record NRMT/VG++, Capitol",6.00,0.0152
v1|377332357293|0,"7"" 45 RPM THE O'JAYS LOOKY LOOKY (LOOK AT ME GIRL) ON NEPTUNE M 1970",6.95,0.0152
v1|278170028524|0,"Ric-Tic RT-104 Sam Remo Golden Strings Hungry For Love All Turned On 7"" 45 RPM",10.00,0.0152
v1|398144396137|0,Hank Thompson 45 rpm It Makes No Difference Now b/w Taking My Chances,3.99,0.0152
v1|188621762218|0,"BILLY PRESTON ""THAT'S THE WAY GOD PLANNED IT"" 45 RPM",3.99,0.0152
v1|147426202496|0,"Wet Willie "" WET WILLIE'S GREATEST HITS"" 1977, Capricorn CPN 0200",0.99,0.0152
v1|257607377119|0,LED ZEPPELIN  2 lot    1973 HOUSE of the HOLY   &   1979 IN THROUGH THE OUTDOORS,70.00,0.0151
v1|168518641133|0,Excellent THE BEATLES Day Tripper ORIG 1965 CAPITOL 5555 45 Orig ?,4.99,0.0151
v1|168529049465|0,"AL HIBBLER Breeze / He 10"" 78 Decca 29660 VG",2.70,0.0151
v1|227419166785|0,THE ROLLING STONES - FLOWERS - LONDON PS-509 - NM,5.99,0.0151
v1|398158827313|0,CHET ATKINS Country Picking Vinyl LP Record,10.00,0.0151
v1|206405876344|0,EP Record 45 rpm Dale and Becky Johnnycake Ridge Smoke a Little Milk BO-1211EP,10.00,0.0151
v1|327248800715|0,VANESSA -  Aguas Del Magdalena - CUMBIA FEMALE 45 MEXICO,7.99,0.0151
v1|206396316376|0,Elvis Costello- My Aim Is True- Columbia JS 35037- Orig Yellow Back Press-SEALED,59.99,0.0151
v1|267721710312|0,The Best Of The Ink Spots EX-227 1980,7.00,0.0151
v1|227423141795|0,"Alan Jackson Chattahoochee / Mercury Blues 1992,93 7"" vinyl single record",6.99,0.0150
v1|127965084679|0,The Emotions Flowers / I Don't Wanna Lose Your Love Columbia 45 3-10347,2.12,0.0150
v1|287442094952|0,Herb Alpert Record Albums (Lot of 2),6.00,0.0150
v1|307052288718|0,The Beatles Magical Mystery Tour 1967 LP Record *Mismatch* Media Grade READ!,4.99,0.0150
v1|168526101671|0,Best of Bobby Bland Vol II LP Vinyl Record MCA 27045 Blues Soul 33 RPM,3.80,0.0150
v1|318516893841|0,Cliff Richard - Greatest Hits - Danish Import LP 1986,4.99,0.0150
v1|398155104070|0,Doo Wop 45: The Wrens I Won't Come To Your Wedding on RAMA 1955 Repro,2.00,0.0150
v1|127966605515|0,glenda griffith 45 rpm record dont worry bout me/very good,1.65,0.0150
v1|358777178188|0,Ray Conniff & The Singers We Wish You A Merry Christmas Vinyl LP Record Album,5.20,0.0149
v1|327253522781|0,Doo Wop 45: The Platters Helpless/Indiff'Rent on Mercury 1957,2.00,0.0149
v1|206396464280|0,"Kitty Wells, Country Music Time #7 33 RPM",12.99,0.0149
v1|327254331983|0,"1969 Rock LP  ROLLING STONES ""Through the Past, Darkly (Big Hits Vol. 2)"" LONDON",2.99,0.0149
v1|168518641131|0,Exile Lot of 7  45's  all promos N Mint,4.99,0.0149
v1|168525303215|0,"THE NASHVILLE TEENS-TOBACCO ROAD-45 RPM-7""-ROCK-VINYL-RECORD-LONDON 9689-VG+",4.99,0.0149
v1|178298317240|0,Various Vintage Records,1.80,0.0149
v1|298491973667|0,"3 BARRY WHITE 45RPM-Sheet Music Promo/You're the First,the Last My Everything",4.99,0.0148
v1|127965061310|0,"America Woman Tonight / Bell Tree Warner Bros. 7"" Black Vinyl 45 WBS 8157",2.31,0.0148
v1|287448469270|0,Hank Williams / Hank Williams Jr. The Legend of Hank Williams Double LP MGM,20.00,0.0148
v1|188622223934|0,"Songs of Prayer, Nelson Eddy Columbia A-1598 45 RPM, The Lord’s Prayer ",5.00,0.0148
v1|188618765668|0,Elvis Presley. Elvis' Christmas Album on Pickwick Record. EX,4.00,0.0148
v1|307051255711|0,Asylum Records Eagles Their Greatest Hits 1971 -1975 Vinyl LP 1976,17.99,0.0148
v1|198488081121|0,Super Country 85 of America's Greatest Country Stars Vinyl Box Set,2.29,0.0148
v1|307052758196|0,Patsy Montana 78rpm Single 10-inch Decca Records #6101 Good Night Soldier,4.99,0.0148
v1|188621824355|0,Fleetwood Mac vinyl records,20.00,0.0148
v1|366532991851|0,"GUS BACKUS, M-G-M PROMO LABEL #13134 45 RECORD",1.99,0.0147
v1|327253573119|0,Doo Wop 45: The Jacks Why Did I Fall In Love/Sugar Baby on RPM 1956,2.00,0.0147
v1|127966218372|0,harold melvin 45 rpm record n the blue notes power of loove/very good,1.79,0.0147
v1|188619571318|0,"""The Story of Star Wars"" 1977 Original Soundtrack Vinyl Record Album W/book",110.00,0.0147
v1|227418867123|0,"LOT OF 6 78 RPM RECORDS Good Cond. Paul Whiteman, Mills Brothers, Nellie Lutcher",7.00,0.0147
v1|206398815909|0,"doo-wop The Danleers ""One Summer Night"" AMP3",30.00,0.0147
v1|377323252369|0,Phil Harris - 78 rpm Record ARA #136 One-zy Two-zy - Some Little Bug Orchestra,9.70,0.0147
v1|147427245873|0,"Bruce Woodley Magic Music Box 7"" demo acetate Emidisc 1-sided",100.00,0.0147
v1|318560597788|0,A Christmas Treasury of Classic-From Avon -RCA DPL10716,12.00,0.0147
v1|287448745936|0,Syndicate of Sound Little Girl/You 45 RPM Vinyl Record Bell Records Excellent,4.25,0.0147
v1|267722531286|0,"Doo Wop / R&B  78 Atlantic1029 The Drifters ""HONEY LOVE"" / ""WARM YOUR HEART""",10.00,0.0147
v1|327248855831|0,CARMEN RIVERO - La Pollera Colora / Cumbia de la Media Noche - FEMALE CUMBIA 45,7.99,0.0147
v1|178298360697|0,"Willie Nelson & Family - ""Honeysuckle Rose"" - Double LP",3.75,0.0146
v1|137499564417|0,(45) (Hear) Gloria Walker / Chevelles - Talking About My Baby / The Gallop Soul,6.00,0.0146
v1|178295683880|0,John Denver – Back Home Again Vinyl LP RCA Victor Country,3.00,0.0146
v1|267721718026|0,Elvis Presley Burning Love ,3.95,0.0146
v1|358777159740|0,Peter Gabriel 45 Games Without Frontiers / Lead A Normal Life   w/PS,4.99,0.0146
v1|158076024885|0,Bangles Hero Takes a Fall and Where Were You When I Needed You 45 rpm record,3.00,0.0146
v1|327254696299|0,"1979 Columbia Records McCartney Wings Goodnight Tonight 12"" Single",40.00,0.0146
v1|178295726008|0,"Rhoda Dakar - The Boiler - 1982 - 45 RPM Vinyl Record 7"" Single ...  SUPER RARE",39.99,0.0145
v1|227423057481|0,Promo Paulette Sisters Dream Boat Leave My Honey Be 45 record,6.99,0.0145
v1|398156337188|0,"Madonna - Like a Prayer / Act of Contrition - 7"" Sire 45 rpm Picture Sleeve",2.30,0.0145
v1|287450223044|0,Vintage Colored Vinyl Record Album Bright Classics Children's Kids,8.00,0.0145
v1|127966655774|0,Walt Disney World Country Bear Jamboree LP Record +Book 1972 Disneyland Vinyl ,33.00,0.0145
v1|178295459960|0,"Loretta Young The Littlest Angel 3x 78 RPM 1945 Decca DA 399 Victor Young, Darby",20.00,0.0145
v1|178295706910|0,"Carly Simon ‎– The Best Of Carly Simon Vinyl, LP 1975 Elektra ‎– 6E-109",8.99,0.0145
v1|257614000671|0,"DURAN DURAN: rio HARVEST 7"" Single 45 RPM-1982 VG++",15.00,0.0145
v1|117293852158|0,J.B. Williams P. James Mental Power IC1 Green & Gold Remix Formtion Records 1997,7.00,0.0145
v1|278159716908|0,"Columbia 14978-F Italian Carlo Buti Rosalie Reginella 10"" 78 RPM Shellac CBS",12.00,0.0145
v1|227418857065|0,"LOT OF 6 78 RPM RECORDS Good Cond. Benny Goodman, Four Aces, Woody Herman",7.00,0.0144
v1|117293744303|0,TOM PETTY AND THE HEARTBREAKERS ~ 1987 MCA RECORDS 45RPM w/ PICTURE SLEEVE -EX!,5.49,0.0144
v1|318564223403|0,"THE RAYS  XYZ 45  ""MAGIC MOON"" /""LOVE HOO HOO""  1960",10.00,0.0144
v1|127966224042|0,the spinners 45 rpm records lot of 3 all very good,3.22,0.0144
v1|336674958837|0,"Sarah Vaughn Experience Unnecessary Slowly With Feeling 7"" Vinyl 45 RPM Single",3.00,0.0144
v1|137496735282|0,PAT SHANNON SUMMERS OVER  ROCKABILLY  7 IN 45 RPM RECORD EX,6.50,0.0144
v1|298491972552|0,LP Lot -Trini Lopez/Signed Al Harrington/Bread Love & Cha Cha Cha/Forever Aloha,9.99,0.0144
v1|168523986486|0,MARVIN GAYE/KIM WESTON-DUTCH PICTURE SLEEVE + 45--(IT TAKES TWO)--PS--PIC--SLV,65.00,0.0144
v1|278169664348|0,RAY STEVENS- GREASTEST HITS 2 - LP (14b),9.00,0.0144
v1|287449674172|0,"Lot Of (4) DC Superheroes Vinyl 45• Batman & Robin, Superman, Wonder Woman",10.00,0.0144
v1|800315783195|0,The Beatles The Long And Winding Road APPLE 45,18.00,0.0143
v1|800314449867|0," vinyl album collection 33 rpm , latin , folk, country, soundtracks",100.00,0.0143
v1|366524557832|0,"Foreigner ""Double Vision"" ""Lonely Children"" 45 Vg+ Tested Jukebox Picture Sleeve",4.99,0.0143
v1|178297936532|0,Wagner Tristan und Isolde Love Duet 78 RPM Victor Red Seal DM-671,25.00,0.0143
v1|168524182502|0,Billy Vera & The Beaters vinyl 45 RPM At This Moment / I Can Take Care Of Myself,1.00,0.0143
v1|158068287530|0,GUY LOMBARDO - 45RPM - 2FER - (BOX-6),1.80,0.0143
v1|267721960207|0,War Band Summer Dance Pop Flip All Day Music Funk 1976 United Artists 45 rpm,5.00,0.0143
v1|127965063794|0,"George Baker Selection Dreamboat / Paloma Blanca WB 7"" 45 WBS 8115",1.20,0.0143
v1|800316408353|0,The Beatles (Mexico) EP Matchbox,25.00,0.0143
v1|327253788822|0,Doo Wop 45: The Celtics Can You remember on Al-Jacks 1962 Red Wax,2.00,0.0143
v1|327256704231|0,"Lot of 2 MERCURY RECORDS: 10"" 78rpm With Vintage Paper Sleeves Good Condition",10.99,0.0143
v1|178288122772|0,FAURE-REQUIEM-ANGEL RECORD S-1-35974  CLASSICAL OPERA 33-1/3 FRANCE ,10.00,0.0142
v1|307050956746|0,"Johnny Mathis - Johnny Mathis' All-Time Greatest Hits, Vinyl 2XLP",2.00,0.0142
v1|318560246487|0,The WHO - Substitute / Waltz For A Pig Nr MINT hard rock '66 Atco 45-6409,4.99,0.0142
v1|158075869892|0,Ian and the Blockheads Hit Me With Your Rhythm Stick 45 rpm vinyl record,2.00,0.0142
v1|227418239690|0,DIRE STRAITS Money for Nothing / Love Over Gold (Live) 45 Single,10.00,0.0142
v1|206403978593|0,Rockabilly 45 RPM Sunny & The Sunliners RPR Promo 102 Hip Huggin Mini My Dream,9.99,0.0142
v1|227423200916|0,Louis Armstrong – The Best Of Louis Armstrong LP RECORD,24.99,0.0142
v1|298493759084|0,David Bowie - Space Oddity / Wild Eyed Boy From Freecloud Mercury 45,6.99,0.0142
v1|398155092378|0,Doo Wop 45: The Iridescents Three Coins In The Fountain/Strong Love on Hudson,2.00,0.0141
v1|178302641152|0,Looking for Mr. Goodbar - Soundtrack Vinyl LP - 1977 - Columbia JS-35029 WLP,1.00,0.0141
v1|127964887115|0,"James Taylor Only One Columbia 7"" Black Vinyl 45 RPM Stereo 38-05785 Promo",1.92,0.0141
v1|287448399841|0,"Bonnie Tyler, It's A Heartache / It's About Time, RCA, 45 RPM Excellent",4.99,0.0141
v1|117285742484|0,"Lot of 6 Vintage 33 RPM Records RCA Al Hirt,  Light Durnate, Crouch, Roberts",32.99,0.0141
v1|158068294245|0,CONNIE FRANCIS-RAREST PICTURE SLEEVE + 45-PROMO ONLY-(A NURSE IN THE U.S. ARMY),99.99,0.0141
v1|377334718635|0,Nat King Cole The Christmas Song Vinyl LP Holiday Ralph Carmichael Capitol SM-1…,9.96,0.0141
v1|267718882410|0,Hits of the Mersey Era Volume One vinyl record album,14.99,0.0140
v1|147420386434|0,ELVIS PRESLEY - Good Rock in’ Tonight/I Don’t Care If The Sun Don’t Shine- VG+,2.50,0.0140
v1|257608504687|0,Porter Wagoner Dolly Parton the Best of Vinyl LP Record Reissue Pressing,5.00,0.0140
v1|366537211947|0,David Peaston - Two Wrongs Don't Make It Right - Used Vinyl Record  - C1177z,3.00,0.0140
v1|358760522765|0,Helen Reddy Greatest Hits Vinyl LP Record,3.48,0.0140
v1|366533066288|0,"JACK SCOTT, TOP RANK LABEL #2028 CLASSIC 45 RECORD",5.99,0.0140
v1|206405982003|0,"78 RPM  Lennie Lewis on Queen: Mean, Bad And Evil Blues/Blue Flame V:VG+.    L:V",35.00,0.0140
v1|198487896302|0,John Voiles And Myriad Power Pop Rock 45 Every Little Thing bw Tell Him on World,20.00,0.0140
v1|267722628074|0,"Curious George Rides a Bike 7"" Single Vinyl 33 RPM Record Scholastic Kids 1970",7.99,0.0140
v1|398155109663|0,Doo Wop 45: The Bishops The Wedding/Hey Spo-Dee-O-Dee on Bridges 1961 Repro,2.00,0.0140
v1|227427006344|0,"1985 Rick Springfield – Celebrate Youthl 12"" Maxi-Single Vinyl Record",10.00,0.0140
v1|287448626645|0,BILL BLACK - GREATEST HITS VOLUME 2 - LP (I8),3.00,0.0139
v1|127964816893|0,danny zella 45 rpm record wicked ruby/very good,3.54,0.0139
v1|168529049345|0,"10"" 78 RPM-Dick Jurgens-My Sister and I/Pardon Me for Falling in Love/Okeh 6094",2.70,0.0139
v1|307052349796|0,The Shirelles – Foolish Little Girl / Not For All The Money In The World 45 RPM,4.00,0.0139
v1|158068304732|0,TAYLOR DAYNE- 45RPM WITH PICTURE SLEEVE SET - BOX-8,3.00,0.0139
v1|307051078406|0,Meco 45RPM “Star Wars Theme/Cantina Band” 1977 70s Disco Soundtrack 7” Vinyl NM?,3.50,0.0139
v1|117297063606|0,"DEAD OR ALIVE - SOMETHING IN MY HOUSE (1986) 7"" 45 PROMO DEMO GREAT CONDITITION!",4.99,0.0139
v1|800314347191|0,Club Nouveau ~ Lean On Me/ Pump It Up ~ Warner Bros. 45 RPM Record,15.00,0.0139
v1|127964928984|0,"Bonnie Tyler Take Me Back Columbia 7"" Black Vinyl 45 RPM Stereo 38-04246 Demo",1.69,0.0139
v1|307052422460|0,Elvis Presley-Burning Love And Hits From His Movies-Vinyl LP-Volume 2-CAS-2595,3.85,0.0138
v1|398158584565|0,Frank Sinatra At The Sands Vinyl LP Record Album Count Basie Quincy Jones Stereo,12.50,0.0138
v1|267721691440|0,Elvis Presley - Love Songs 16 Original Hits K-Tel,4.00,0.0138
v1|318560473710|0,Skeletons from the Closet: Best of the Grateful Dead Record 2019,30.00,0.0138
v1|257616654185|0,VENTURES SLEIGH RIDE/ SNOWFLAKES SURF INSTRO DJ XMAS 45 RPM,9.99,0.0138
v1|127964801090|0,allen reynolds 45 rpm record she really lied/here comes raggedy ann/very good,0.80,0.0138
v1|366531134259|0,10 45rpm RECORD COMPANY SLEEVES - RCA-VICTOR - 1950's,9.99,0.0137
v1|158075676339|0,Go Go's Our Lips Are Sealed 45 rpm sleeve only no record,2.00,0.0137
v1|127966662155|0,"BOLLYWOOD 78 rpm ""Pehli Nazar"" music, Shahida, HMV N.26758 India 78 rpm",29.99,0.0137
v1|227423883008|0,"Elvis Sings the Wonderful World of Christmas by Presley, Elvis (Record, 1971)",7.00,0.0137
v1|158074369740|0,GREEN DAY BASKET CASE TIRED OF WAITING FOR YOU 7 INCH GREEN VINYL 45 RPM,59.99,0.0137
v1|287448719437|0,T. Texas Tyler - Courtin' In The Rain / Old Blue ~1954 4 Star 1660 Country 78RPM,2.00,0.0137
v1|158074124961|0,"Lot of 7 Classic Rock Vinyl Rod Stewart,Cat Stevens,Moody blues,Boz Scaggs,Elton",16.95,0.0137
v1|198486475606|0,The Greatest Of Nat King Cole Vinyl LP Record,4.00,0.0137
v1|358760276209|0,"Billy Vera & The Beaters, By Request (The Best Of Billy Vera & The Beaters), (LP",2.08,0.0137
v1|137499373144|0,Elvis Presley Original This Is Elvis Soundtrack 1981 Complete W/Original Sleeve,10.00,0.0137
v1|318561043051|0,THE BOX TOPS 45 RPM ON MALA # 580 ( NEON RAINBOW ) & ( EVERTHING I AM  ) ,4.95,0.0137
v1|366530982938|0,"KRIS JENSEN, HICKORY PROMO LABEL #1285 45 RECORD",3.99,0.0136
v1|158069913806|0,Johnny Rivers Hits,6.89,0.0136
v1|188621762227|0,"THE PRETENDERS *DJ COPY* ""BACK ON THE CHAIN GANG"" 45 PS",3.99,0.0136
v1|168516970570|0,Lot of (10) Vintage Latin ROBERTO GRIEGO 45 rpm 7” Vinyl RJG Records Guitara,24.99,0.0136
v1|178302641141|0,The Bible In The Beginning Motion Picture Soundtrack - Vinyl LP Record Excellent,1.00,0.0136
v1|327255076038|0,Sheena Easton 45 Record For Your Eyes Only 1981 The Spy Who Loved Me 007￼,3.25,0.0136
v1|298493954359|0,Don Ho Greatest Hits RS 6357  LP,0.99,0.0135
v1|236925780536|0,Vintage Vinyl Record Christmas With The Chipmunks Alvin Simon Theodore V. 2 1963,14.00,0.0135
v1|188621762226|0,"POCO ""NOTHIN' TO HIDE"" 45 PS",2.99,0.0135
v1|366531143244|0,The Best of The Lovin' Spoonful LP (1976) BLB6-8339,11.95,0.0135
v1|800316039854|0,The Beatles (France) 45 EP I Want To Hold Your Hand,25.00,0.0135
v1|398158959859|0,CREAM Best Of Vinyl LP Record,10.00,0.0135
v1|398157153381|0,"Donovan - Donovan's Greatest Hits 12"" Vinyl LP 1969 CBS Records ",5.00,0.0134
v1|168526098319|0,Tom Petty And The Heartbreakers Make It Better 12” Vinyl Single W/ Extended Vers,12.00,0.0134
v1|298485178766|0,Divine SHOOT YOUR SHOT & Spec Long Mix B side 45rpm Maxi-Single 1982 1st Press,20.00,0.0134
v1|366531101023|0,The Righteous Brothers Greatest Hits LP (1967) V6-5020,11.95,0.0134
v1|227418971921|0,"PIETRO ""Ruspana One-Step / Have a Smile Medley Fox Trot"" Good Cond. 78 RPM",5.00,0.0134
v1|287448736531|0,"Mercury Country Spectacular! 24 All-Time Gold Hits LP Vinyl 12"" 33 RPM Black",10.00,0.0134
v1|147420356848|0,"VINTAGE READER'S DIGEST ""TODAY'S GOLDEN HITS"" 8-RECORD SET 1976",8.99,0.0133
v1|287447907957|0,Dion DiMucci Greatest Hits Vinyl 1973 Columbia Records VG+,3.95,0.0133
v1|407065902649|0,45 RPM  Les Cooper EVERLAST 5019 Wiggle Wobble / Dig yourself VG++,3.00,0.0133
v1|127966621751|0,connie francis 45 rpm record with pic slv/very good im gonna be warm,2.96,0.0133
v1|358775321343|0,Barry Manilow Greatest Hits Two LP Set Released In 1978 Very Good Condition,10.00,0.0133
v1|158075209342|0,The O'Kaysions 45 Girl Watcher ABC Records VG+,8.00,0.0133
v1|206403908832|0,VINTAGE THE BEATLES A HARD DAY'S NIGHT PICTURE SOUND TRACK UAS6366 STEREO LP,39.77,0.0133
v1|287451055987|0,Barry DeVorzon Perry Botkin Jr. Nadia's Theme Vinyl Single A&M 1976 Soundtrack,0.99,0.0133
v1|257614051736|0,Billy Joel - The Bridge OC40402 Vinyl 1986 USA Columbia Records ROCK LP,7.89,0.0133
v1|158070278879|0,"Vintage (1986) Ricky Nelson ""All My Best"", Double LP, Silver Eagle Records",8.49,0.0132
v1|257616652048|0,LITTLE BRENDA LEE IM GONNA LASSO SANTA CLAUS DJ XMAS 45 RPM,9.99,0.0132
v1|257608669721|0,LED ZEPPELIN'S 1976 SONG REMAINS THE SAME. Live Soundtrack  Swag Song Records,35.00,0.0132
v1|366530973704|0,"MARCIE BLANE, SEVILLE LABEL #123 45 RECORD",2.99,0.0132
v1|168525983373|0,"Aretha Franklin-Baby I Love You (IMP)-45 RPM-7""-single-soul-vinyl-Atlantic 4527",6.99,0.0132
v1|800314564208|0,Daryl Hall & John Oates – Kiss On My List / Africa - 1981 45 rpm PB-12142,0.25,0.0132
v1|327253675236|0,Doo Wop 45: The Velvets Tonight (Could Be The Night on Monument 1961,2.00,0.0132
v1|278159238609|0,"Columbia E4979 Italian Sicilian Duo Guarneri Tirantella U Vecchiu 10"" 78 RPM",6.00,0.0131
v1|168517797006|0,"Verdelle Smith-In My Room-45 RPM-7""-single-North Soul-vinyl-record-Capitol 5567",8.95,0.0131
v1|336679454978|0,THE VALETS - SHERRY b/w YOU AND YOU ALONE -ORIG 1959 DOOWOP 45 RPM,4.50,0.0131
v1|158075209540|0,The Turtles 45 Elenore / Surfer Dan White Whale Picture Sleeve VG+,8.00,0.0131
v1|168525946417|0,"Gary Lewis & The Playboys- Paint Me A Picture-45 RPM-7""w/PS-Liberty 55914-1966NM",5.78,0.0131
v1|127966234743|0,billy joel 33 rpm record glass houses/very good minus,4.00,0.0131
v1|377332344095|0,"7"" 45 RPM ETTA JAMES ALL THE WAY DOWN ON CHESS NM 1973",6.95,0.0131
v1|336674959643|0,Four Aces  Al Albert Melody Of Love / There Is A Tavern In The Town Decca 45 RPM,3.00,0.0131
v1|188619744999|0,"Don McLean American Pie - Part I 7"" 45 RPM Single United Artists 50856",5.00,0.0130
v1|287449855794|0,"George Jones Greatest Hits LP Vinyl 12"" Mercury Country Black",10.00,0.0130
v1|168517725047|0,"Chuck Berry-School Day/Deep Feeling-45 RPM-7""-single-rock-vinyl-record-Chess1653",4.99,0.0130
v1|147425827529|0,"THE WHO – You Better You Bet / The Quiet One - 7"" 45 - 1981 - WBS49698 - VG/VG",3.00,0.0130
v1|168517937147|0,"ELO-Evil Woman/10538 Overture-45 RPM-7""-single-rock-vinyl-UA XW729Y-EX-1975",6.99,0.0130
v1|287448679688|0,Hank Williams Movin' On--Luke The Drifter LP Vinyl MGM Records Country Sleeve,15.00,0.0130
v1|188621762210|0,"THE POINTER SISTERS *DJ COPY* ""BE THERE"" 45 PS",3.99,0.0130
v1|278160121634|0,"Columbia 14681-F Italian F. Fazio Banjo Bella Tu Sei Polka Giulietta 10"" 78 RPM",10.00,0.0130
v1|158068287467|0,PATTI PAGE - 45RPM - 2FER - (BOX-6),1.80,0.0130
v1|236927798961|0,Vintage Boots Randolph record album,10.00,0.0129
v1|147425586608|0,Columbia House 1 Hit Parade: 60 Top Chart Songs Vinyl Box GP 6845,10.00,0.0129
v1|117288108569|0,The Marshall Tucker Band Greatest Hits Vintage vinyl record LP-VG w/celo,7.99,0.0129
v1|267722531274|0,"Beatles related 45 Li'L Wally & the Venturas ""WELCOME BEATLES""  Listen",50.00,0.0129
v1|398154771565|0,"Doo Wop 45: The Four Voices Lovely One/M-I-N-E, Mine on Mr. Peacock 1962",2.00,0.0129
v1|206403856433|0,78 RPM Little Richard Specialty 572 Slippin’ and Sliddin’   Long Tall Sally,10.49,0.0128
v1|236926115473|0,Lot 4. Selection of vinyl records (vintage). The lot contains 8 items.,25.00,0.0128
v1|358777171068|0,"Billy Ocean Suddenly Pop 12"" 33 RPM Black Vinyl LP Record Jive Cardboard Sleeve",8.00,0.0128
v1|298494368587|0,Red Baker – Quiz Fix / Don’t Quote Me 45 Rigg Records,8.99,0.0128
v1|366524557772|0,Little River Band Reminiscing 1978 Capitol Harvest 4605 Stereo So Many Paths 45,4.39,0.0128
v1|307052778854|0,"7"" 45 RPM THE SPINNERS IT'S A SHAME V.I.P. NM/M 1970",6.95,0.0128
v1|198486529703|0,Jim Reeves and Patsy Cline - Greatest Hits 1981 AHL1-4127-A. A8,4.77,0.0128
v1|168516641867|0,Hank Williams and Hank Williams Vinyl Record Lot,14.99,0.0128
v1|158070666750|0,"Vintage Bobby Vinton's Greatest Hits, Vinyl LP, 1964",6.99,0.0128
v1|327256760200|0,"LOT 20 VINYL LP Classic Rock ALBUMS,Santana, Mahogany Rush, Moody Blues, Chicago",41.00,0.0128
v1|168524158755|0,Vintage Disney Snow White 45 RPM EP Some Day My Prince Will Come Golden Record,4.95,0.0128
v1|327248848370|0,WLADIMIR Y SU CONSTELACION - No Existe el Amor - SALSA LATIN 45,7.99,0.0127
v1|366531252346|0,45 Bruce Springsteen & Neil Young (2) Picture Sleeves / No Records - Nice Cond !,1.25,0.0127
v1|206404208151|0,"Gentlemen Prefer Blondes Jane Russell, Marilyn Monroe 45 EP Soundtrack Record",39.99,0.0127
v1|366533075592|0,"JACK SCOTT AND THE CHANTONES, CARLTON LABEL #483 CLASSIC 45 RECORD",5.99,0.0127
v1|127966690681|0,annette 45 rpm record promo o'dio mio'/it took dreams /very good -,3.06,0.0127
v1|407059774938|0,"Rare VTG The (3) Voyageers Workin' Tool/Mr. Littles Cats 7"" 45 RPM Vinyl Single",25.00,0.0127
v1|358760287524|0,Barbara Streisand's Greatest Hits KCS-9968 Vinyl Columbia Records 1977,2.39,0.0127
v1|287449853279|0,"George Jones Mr. Country and Western Music LP Vinyl 12"" 33 RPM Starday Country",15.00,0.0127
v1|127965133519|0,"Bonnie Tyler Here She Comes Columbia 7"" Black Vinyl 45 RPM 38-04548 Promo",2.35,0.0126
v1|117288156420|0,Vintage 45 Chancellor Record Cover Sleeve Only FABIAN C-1941,4.00,0.0126
v1|198490168617|0,Lot Of 15 Vintage Vinyl Records Featuring Artists The Beatles James Brown ECT,9.99,0.0126
v1|298492048379|0,The Sa-Shays & The Royal Impalas You Got Love/ Boo Hoo ZEN Z-101 45,6.00,0.0126
v1|198486477871|0,The Christmas Song Nat king Cole,4.74,0.0126
v1|206403907158|0,"Ferlin Husky - I Could Sing All Night Capitol Vinyl LP Country, Cardboard Sleeve",1.88,0.0126
v1|327253697281|0,Bette Midler  The Rose Soundtrack  LP Vinyl Record Album,11.99,0.0126
v1|366531204493|0,MOTT THE HOOPLE Greatest Hits WHITE LABEL PROMO 1976 COLUMBIA 34368 Promotional,25.00,0.0126
v1|188621525010|0,FRANK SINATRA THE VOICE COLUMBIA YEARS 6 RECORD LP VINYL BOX SET  ,99.99,0.0126
v1|206406019260|0,The Beach Boys - Scepter LP - The Best of The Beach Boys - CTN-18004,4.99,0.0125
v1|178295874286|0,Stevie Wonder - The Woman in Red - Original Motion Picture Soundtrack - Vinyl LP,1.72,0.0125
v1|178286330826|0,The Monkees Greatest Hits,15.00,0.0125
v1|127965988259|0,"RCA Victor Elvis Presley ""Elvis"" Soundtrack 12"" Black Vinyl LP LPM-4088",5.60,0.0125
v1|147425993684|0,David Allan Coe Greatest Hits Lp  Nm,19.99,0.0125
v1|307052772736|0,"7"" 45 RPM PROMO HANK WILLIAMS, JR. I CAN'T TAKE IT NO LONGER ON MGM M 1966",6.95,0.0125
v1|178297433417|0,"Simple Minds – Don't You (Forget About Me) 7"" Single 1985 A&M Pop Rock 45 RPM",10.00,0.0125
v1|318560754377|0,Rock & Roll 45 rpms. Lot #1 of 50 Varied vinyl records. Varied artists. 25$,25.00,0.0125
v1|198488187499|0,"Vintage Robin Hood Records , 45 Rpm 29A ,turkey In The Straw",4.11,0.0125
v1|236920798282|0,Bobby Darin – Mack the Knife/Was There a Call For Me - Atco Records 45 RPM- VG+,4.99,0.0125
v1|267719349336|0,Music to Remember Jose Iturbi From The Life of Chopin RCA Victor Red Seal 45 - 2,19.99,0.0125
v1|287448399847|0,The Great Songs Of Christmas LP Vinyl Record Album Vintage Holiday Music 60s,6.49,0.0124
v1|147425590772|0,"MCA Special Markets At the Hop! Various Artists 12"" 33RPM Black Vinyl 34967",22.00,0.0124
v1|267722193937|0,Queen & David Bowie Under Pressure - David Bowie Cat People - 45 RPM Vinyl Promo,14.00,0.0124
v1|188621296566|0,Best Of Gilbert & Sullivan 3 LP Record Box Set RD42-M RCA Reader’s Digest 1963,10.00,0.0124
v1|137497002161|0,"LP ""THE BEATLES SECOND ALBUM"" ~1964 Capitol T-2080 Mono (lot z)",75.00,0.0124
v1|236925774446|0,Elvis Presley Elvis Sings Flaming Star Vinyl LP Pickwick Camden CAS-2304 1969,15.00,0.0124
v1|327248806452|0,BANDA CAIMITERA - Festival Vallenato - CUMBIA BANDA COLOMBIA 45,7.99,0.0124
v1|227423077291|0,Barbra Streisand – Classical ... Barbra LP M33452 Vinyl 1976 Lyrics Columbia EX!,4.99,0.0123
v1|407061776727|0,"JACK SCOTT, TOP RANK LABEL #2055 CLASSIC 45 RECORD",6.99,0.0123
v1|287448686734|0,"Don Williams Images LP Vinyl 12"" MCA Records Country Black Cardboard Sleeve",10.00,0.0123
v1|318569014940|0,COUNTRY Lot of 30 RANDOM Vintage 45's rpm 7” Vinyl  Records DJ Jukebox mixed,14.99,0.0123
v1|267719271816|0,ELVIS PRESLEY 45 47-7777 IT’S NOW OR NEVER/A MESS OF BLUES  ,19.99,0.0123
v1|188622060413|0,"Elvis Presley ""Elvis"" 2 Big Vinyl LPs RCA Special Products Canadian Excellent",19.95,0.0123
v1|257613843824|0,"Judas Priest - Heading Out To The Highway - 45 RPM 7"" Picture Sleeve Promo 1981",12.00,0.0122
v1|168525148655|0,"Andy Williams-Hopeless-45 RPM-7""-single-pop-vinyl-record-Columbia 4-42784-1963",4.65,0.0122
v1|257616650397|0,EARLY BUCK OWENS HOT DOG RAB ROCKIN GUITAR RARE 45 RPM,59.99,0.0122
v1|188621762212|0,"ALAN PRICE ""I WANNA DANCE"" 45 PS",2.99,0.0122
v1|158075635125|0,Guns N Roses Patience 45 rpm vinyl record,3.00,0.0121
v1|267724758262|0,Patti Smith Group Because The Night Picture Sleeve 1978 45 rpm Record,5.76,0.0121
v1|168526137001|0,"Bryan Adams-Run To You/I'm Ready-45 RPM-7""-rock-A&M 2586-w/PS-EX-1984",6.50,0.0121
v1|287448399878|0,Sister Sledge - We Are Family / Easier To Love 1979 45 RPM,4.99,0.0121
v1|127965000577|0,"Rebbie Jackson Centipede Columbia 7"" Black Vinyl 45 RPM 38-04547 Promo Stereo",2.68,0.0121
v1|287450821142|0,Denise Lor~ Every Day Of My Life/ And One To Grow On ~ Majar Promo 45 RPM Record,4.00,0.0121
v1|366524898718|0,Neil Diamond Stones   MCA Record Stereo 93106  Unique sleeve.,3.50,0.0121
v1|366524898718|0,Neil Diamond Stones   MCA Record Stereo 93106  Unique sleeve.,3.50,0.0121
v1|298491761032|0,The Orlandos – Cloudburst / Old MacDonald 45 Record VG+,11.99,0.0121
v1|267721769177|0,VINTAGE VINYL LP:  The 5th Dimension -- Greatest Hits On Earth,2.00,0.0121
v1|407059776705|0,the Greatest Hits of Dionne Warwick Vol.3 ~ Record Made in UK  SHM829 ~,7.99,0.0120
v1|236920798294|0,Bobby Darin – Lazy River/OO-EE Train - Atco Records 45 RPM- VG+,4.99,0.0120
v1|407059754144|0,Elvis Presley: Suspicious Minds/You’ll Think of Me- 45rpm RCA Victor 47-9670,4.00,0.0120
v1|407059754144|0,Elvis Presley: Suspicious Minds/You’ll Think of Me- 45rpm RCA Victor 47-9670,4.00,0.0120
v1|117287578192|0,The Story Of Hansel & Gretel Vinyl Disneyland Record 1964 Walt Disney VINTAGE-A,5.00,0.0120
v1|800311117015|0,78 RPM Okeh 8728 Little Chocolate Dandies 1929 Jazz Six or Seven Times,9.99,0.0120
v1|147425558171|0,"Elvis Presley Elvis Sings ""Flaming Star"" Camden 1969 CAS-2304 12"" 33RPM LP",1.18,0.0120
v1|267721774385|0,Footloose 1984 Soundtrack Vinyl LP Record Columbia Records ,3.95,0.0120
v1|168524129683|0,BUCKINGHAMS-RAREST PICTURE SLEEVE+45-(THIS IS HOW MUCH I LOVE YOU)--PS--PIC--SLV,135.00,0.0120
v1|236920798293|0,Bobby Darin – Baby Face/You Know How - Atco Records 45 RPM- VG+,4.99,0.0120
v1|188621762208|0,"THE BAND ""AIN'T GOT NO MORE"" 45 RPM",2.99,0.0120
v1|198486083830|0,JOHNNY PRESTON - 45RPM (4Xb),1.50,0.0120
v1|127965057725|0,"Lynn Anderson He Ain't You / It's Your Love Columbia 7"" 45 3-10597",1.80,0.0119
v1|227424440050|0,Nat King Cole The Greatest Of Vintage Vinyl LP Record Album 2LP,2.79,0.0119
v1|287448399824|0,Barbra Streisand - Songbird - Put on Your Clothes - Columbia 45 RPM Vinyl Record,4.99,0.0119
v1|327255078223|0,Roy Orbison 45 Record CRYING 1962 Monument 1961,5.50,0.0119
v1|287449830143|0,"Hank Thompson The Best of Hank Thompson LP Vinyl 12"" Capitol Country Black",9.00,0.0119
v1|168516592498|0,Lot of (14) Vintage PATTI PAGE 45 rpm 7” Vinyl Records DJ notes AIR TIME ?,14.99,0.0119
v1|127960600144|0,Zubin Mehta Los Angeles Philharmonic Star Wars Vinyl LP London Soundtrack,25.00,0.0119
v1|158068287559|0,JACK JONES - 45RPM - 2FER - (BOX-6),1.80,0.0119
v1|327248745911|0,TROPICAL BRISA Y MAR - El Chapulin Colorado - CUMBIA ORGAN MEXICO 45,7.99,0.0119
v1|236920799087|0,Bobby Darin –  Queen of the Hop/Lost Love - London Records 45 RPM- VG+,4.99,0.0119
v1|178301034412|0,The Best of ’66 Volume One LP 1967 Columbia TBS-1 Stereo Vinyl Record,3.00,0.0118
v1|257616670107|0,BEACH BOYS SURFIN/LUAU  CANDIX 301 SURF 45 RPM,69.99,0.0118
v1|206403912395|0,"Nat King Cole - Ramblin' Rose Capitol ST 1793 Vinyl LP High-Fidelity, Hendricks",2.10,0.0118
v1|168517796304|0,Lot of 5 Vintage Bluegrass LPs Country Cooking Caravan Rounder Baby Virginia,7.49,0.0118
v1|147425592325|0,"MCA Records Loretta Lynn They Don't Make 'Em Like My Daddy 12"" 33RPM LP MCA-444",1.69,0.0118
v1|206405892166|0,The Beatles - United Artists LP - A Hard Day's Night - UAL 3366,2.99,0.0118
v1|206405981998|0,78 RPM Vocal Group/Doowop Bunny Paul With The Harptones on Essex: Honey Love/I’l,45.00,0.0118
v1|398155205718|0,the beatles help Vinyl,30.00,0.0118
v1|158075209338|0,The Marketts 45 Batman Theme / Richie's Theme Garage Surf Warner Brothers VG,6.00,0.0118
v1|298492206761|0,2 LP sale : The Best of Chet Atkins Vols I & II Free shipping,5.99,0.0117
v1|137499642244|0,( DOO-WOP ) THE CLASSICS / TILL THEN / Enie Minie Mo 45 Musicnote EX,6.00,0.0117
v1|267722531276|0,"Beatles Capitol 45 ""I WANT TO HOLD YOUR HAND"" east coast P/S with 1/8 cut",100.00,0.0117
v1|366524557782|0,"Earth Wind And Fire 1975 ""Got to get you into my life"" Vinyl 45 Record",5.99,0.0117
v1|336678583599|0,THE BEATLES magical mystery tour nm audiophile lp MOBILE FIDELITY 1980 W/BOOKLET,89.95,0.0117
v1|307052291755|0,Tchaikovsky - Nutcracker Suite M-395  Chicago Symphony Orchestra 1940 78 RPM Set,15.00,0.0117
v1|127964779413|0,lorraine ellison 45 rpm record a good love/im over you/very good minus,4.14,0.0117
v1|178297758785|0,Willie And Leon One For The Road 2 X vinyl LP Columbia records KC2 36064 1979,9.50,0.0117
v1|318570643557|0,"DURAN-DURAN-45 RPM 7 IN SIGLE ""UNION OF THE SNAKE""-SECRET OCTOBER-EXCELENT COND.",5.00,0.0117
v1|188621762223|0,"ERIC WEISSBERG (FROM ""DELIVERANCE"") ""DUELING BANJOS"" 45 RPM",3.99,0.0117
v1|287449675406|0,Garage 45 *The SHONDELLS* * Hanky Panky/Thunderbolt * Snap Records #102   (1964),10.00,0.0116
v1|188618472560|0,Vintage Rock & Roll LP Lot Jerry Lee Lewis Chuck Berry Everly Brothers,9.99,0.0116
v1|236925904118|0,NOFX- The P.M.R.C. Cn Suck on This- 6 track EP reissue 45 pic sleeve,14.99,0.0116
v1|206405985897|0,78 RPM Blues B.B. King on RPM: Love You Baby/The Woman I Love V:VG++.   L:M-,25.00,0.0116
v1|327253886775|0,1964 Capitol The Beatles Hard Day's Night / I Should Have Known Better Very Good,10.00,0.0116
v1|407059946740|0,FRANK SINATRA - Sinatra's Swingin' Session   1961 Record Album  VG / VG   Jojo's,5.00,0.0116
v1|358762296398|0,Chicago Vinyl Record Bundle Chicago x Chicago v Chicago IX Greatest Hits,5.42,0.0116
v1|287442089716|0,"""New Country Pop Favorites"" Quadraphonic (Various Artists) Record Album Captiol",10.00,0.0115
v1|800311099387|0,78 RPM Blues Willie Big Bill Broonzy Perfect 7-11-67 My Big Money  My Woman,9.99,0.0115
v1|377336405748|0,Rick Springfield Hard to Hold Vinyl LP RCA Records Soundtrack SP-5013,6.66,0.0115
v1|267722193452|0,"Two 7"" 45 RPM Picture Sleeve Singles - Bob Dylan Heart of Mine Pat Travers Band ",14.00,0.0115
v1|117287280376|0,"HANK WILLIAMS RECORD MGM 45 rpm ""I SAW THE LIGHT / SIX MORE MILES"" MGM#K107",10.00,0.0115
v1|327253530874|0,Doo Wop 45: The Shirelles Soldier Boy/Love Is A Swingin' Thing on Scepter 1962,2.00,0.0115
v1|318564586269|0,Columbia House Country Music Then & Now Vinyl Box Set Black 6P 6111 Johnny Cash,10.00,0.0115
v1|327248675468|0,MARCOS GILKES - El Chiclet / Con La Punta Del Palo - CUMBIA 45 Sellogris,7.99,0.0115
v1|287449664020|0,Johnny Cash – Original Golden Hits Vol 1 LP Sun Country Rock 33 RPM,6.00,0.0115
v1|307052783102|0,Vintage 1976 Charlie Parker The Verve Years 1948-1950 SEALED Vinyl Record Album,14.99,0.0114
v1|377331262280|0,Very Clean The Best Of Rod Stewart 2 lp Record Set !!,7.99,0.0114
v1|137499639887|0,The Dovells Picture Sleeve And Record Doowop 45 EX,6.00,0.0114
v1|267719519903|0,Fleetwood Mac Live Vinyl 2 LP Record - 1980 Warner Brothers (2WB 3500) Promo,11.39,0.0114
v1|127965020268|0,"Merle Haggard Kentucky Gambler / I've Got A Darlin' Capitol 7"" 45 Stereo 3974",1.42,0.0114
v1|407059788374|0,Rod Stewart - Da Ya Think I'm Sexy! Single ~ 45 made in Japan P-364W ~ E,6.99,0.0114
v1|117293930857|0,Preston Penn A DOGGONE FOOL b/w SAY IT AGAIN 45 rpm - Accent Records,9.99,0.0114
v1|800315810712|0,The Beatles Nowhere Man APPLE 45,18.00,0.0114
v1|267719068172|0,Jim Wynn and His Bobalibans 1945 R&B 12” METAL ACETATE 78 Buzz Buzz Buzz HEAR,25.00,0.0113
v1|358773806230|0,Tom Petty & the Heartbreakers Photo 45 Record 1981 Backstreet Records MCAP 778B,19.95,0.0113
v1|407060133569|0,"78 RPM 10"" Record Frank Sinatra I Love You Lets Take An Old-Fashioned Walk 38513",3.99,0.0113
v1|198487956156|0,Burl Ives The Night Before Christmas Vinyl Record 45 RPM Euclid Square 1986,5.00,0.0113
v1|307052437204|0,Elvis Presley - Elvis - Vinyl Double LP,4.42,0.0113
v1|198480463360|0," The Very Best Of CHER - 1975 United Artists Pop Rock Vinyl LP Record Album",15.00,0.0113
v1|377336289684|0,B.B. King Love Me Tender Vinyl LP MCA Records Blues MCA-5307,11.43,0.0113
v1|298494075055|0,JULIO IGLESIAS & WILLIE NELSON-TO ALL THE GIRLS I'VE LOVED BEFORE-1984  45 VINYL,0.99,0.0113
v1|127965047415|0,"Bee Gees If I Can't Have You / Stayin' Alive RSO 7"" Black Vinyl 45 RS 885",1.60,0.0113
v1|188621762233|0,"BILLY PRESTON ""NOTHING FROM NOTHING"" 45 PS",4.99,0.0112
v1|127965163803|0,"The Rolling Stones Through The Lonely Nights 7"" Black Vinyl 45 RS-19301",2.00,0.0112
v1|366532279551|0,Three Vintage 10 Inch Vogue Picture Records Produced 1946 Through 1947 78 RPM,75.00,0.0112
v1|137499565506|0,Doo Wop 45~THE PARAMOUNTS~Trying / Girl Friend~Carlton ,5.50,0.0112
v1|800316570015|0,The Beatles (Japan) 45 I Should Have Known Better,25.00,0.0112
v1|127966667480|0,NAT KING COLE - THE CHRISTMAS SONG / THE LITTLE BOY THAT SANTA CLAUS FORGOT,4.99,0.0112
v1|198486532944|0,A Tribute to Hank Williams Volume 2 LP 1961. BB2,4.55,0.0112
v1|236920806730|0,ELVIS PRESLEY: ELVIS' GOLDEN RECORDS VG++ RCA #AFM1-5196-50th Anniversary,9.99,0.0111
v1|278173073236|0,Country 4 Lp Lot Glen Campbell Moe Bandy George Jones Chester & Lester Vinyl,9.99,0.0111
v1|800316574447|0,Van Halen I'll Wait 45 RPM 7” Promo Single Warner Bros. 7-29307 Stereo 1984,3.88,0.0111
v1|198486538099|0,"Victor 78 RPM Record 35841 ,Carmen Selection , Creatore And His Band",11.11,0.0111
v1|298493753126|0,"The Sunrays    45     ""Andrea/You Don't Phase Me""     1966    NM",17.00,0.0111
v1|127965176456|0,"ABBA Tropical Loveland / Mamma Mia Atlantic 7"" Black Vinyl 45 RPM 45-3315",2.08,0.0111
v1|127965155607|0,"Arthur Alexander Every Day I Have To Cry Some Buddah 7"" Black Vinyl 45 BDA-492-N",4.28,0.0111
v1|366522439543|0,London Records LP Rolling Stones Through the Past Darklly Vol. 2,35.00,0.0111
v1|377330183400|0,78 ~ LEFTY FRIZZELL My Baby's Just Like Money/I Want To Be With You Always,7.99,0.0110
v1|168518525017|0,PRINCE & THE REVOLUTION-RASPBERRY BERET-45 RPM-ROCK-VINYL-RECORD-WB7-28792-PS-NM,9.99,0.0110
v1|327253630644|0,"Doo Wop 45: King Crooners She's Mine, All Mine on Hart 19591 Repro",2.00,0.0110
v1|327253520854|0,Doo Wop 45: Little Anthony & The Imperials Take Me Back/Our Song on dcp 1965,2.00,0.0110
v1|188619118107|0,Meg Christian “Face the Music” Olivia Folk Vinyl LP Record Cardboard Sleeve,6.02,0.0110
v1|366531446012|0,Neil Diamond Gold LP (1970) 73084 Live at the Troubadour,11.95,0.0110
v1|398155976860|0,Elton John Greatest Hits LP Vinyl Record MCA Rock Pop Black 1970s,15.00,0.0110
v1|398155908680|0,MARVIN GAYE & TAMMI TERRELL - THE ONION SONG -TAMLA 45,2.39,0.0110
v1|278159642144|0,"Columbia 14836-F Italian Carlo Buti Quante Rose Scrivimi 10"" 78 RPM Shellac CBS",10.00,0.0109
v1|227424267613|0,james brown 45 rpm,7.38,0.0109
v1|137504782129|0,1990's Country Lot Of 5 - 45 RPM Records  EXCELLENT,4.99,0.0109
v1|327253556514|0,Doo Wop 45: The Sensations Let Me In/Oh Yes I'll Be True on ARGO 1961,2.00,0.0109
v1|336674945745|0,Domenico Modugno (Volare) Nel Blu Dipinto Di Blu/Marita In Citta 45 RPM DECCA,3.00,0.0109
v1|298494464641|0,RCA Gold Standard Series 45 ,3.64,0.0109
v1|278157646521|0,The Beatles A HARD DAY’S NIGHT 1964 OG PICTURE SLEEVE ONLY Capitol 5222 NO ViNYL,12.99,0.0109
v1|278157646521|0,The Beatles A HARD DAY’S NIGHT 1964 OG PICTURE SLEEVE ONLY Capitol 5222 NO ViNYL,12.99,0.0109
v1|336679140273|0,"50 Record Lot 45's P:romo, Demo The Gentrys, John Gates, The Bells, The Ventures",17.99,0.0109
v1|117293434955|0,"1946 Hank Williams 78 RPM record titled ""My Love for You (Has Turned to Hate)"" 1",18.99,0.0109
v1|407059508324|0,"JANIS JOPLIN Kozmic Blues / Little Girl Blue COLUMBIA 45023 45 VINYL 7""",4.50,0.0109
v1|127965068847|0,"Paul Anka Happier / Closing Doors United Artists 7"" 45 UA-XW911-Y",2.20,0.0109
v1|158070370944|0,"HENRY LEWIS Little Angel In Our House / My Morning Thoughts LTD 1003 45rpm 7""",6.00,0.0109
v1|278169534165|0,"R&B SOUL THE EMPIRES ON WING  LABEL  45 RPM  7"" RECORD",1.00,0.0109
v1|147425524287|0,Fame Original Motion Picture Soundtrack LP 1980 RSO RX-1-3080 Irene Cara VG+,10.00,0.0108
v1|800315721215|0,The Beatles (France) 45 Eight Days A Week,25.00,0.0108
v1|800315748700|0,The Beatles (France) 45 Eight Days A Week,20.00,0.0108
v1|318560723922|0,"THE ROLLING STONES - I WANNA BE YOUR MAN - UK 7"" DECCA 45-F 11764  / Stoned",29.00,0.0108
v1|178298068612|0,LOUISIANA COUNTRY 45 Bob Necaise & Lil' Gary - Mr. Where Is Viet-Nam NU FAX 101,6.99,0.0108
v1|267726602839|0,EAGLES 45 rpm on ASYLUM RECORDS 11013 Lot of 12 New Old Stock,10.00,0.0108
v1|358775560212|0,Johnny Mathis Greatest Hits Album Released In 1977 Very Good Condition,10.00,0.0107
v1|327253536468|0,Doo Wop 45: Barry & The Tamerlanes I Wonder What She's Doing Tonight on Valiant,2.00,0.0107
v1|267721764753|0,Bill Haley: Greatest Hits Lp,4.00,0.0107
v1|327253560735|0,Doo Wop 45: The Sensations My Debut To Love/You Made Me Love You on ATCO 1957,2.00,0.0107
v1|168526027550|0,"NEIL SEDAKA-BAD BLOOD/YOUR FAVORITE-45 RPM-7""-ROCKET-PIG-40460-VINYL-RECORD-NM",6.75,0.0107
v1|168518656969|0,THE JACKSON 5-THE LOVE YOU SAVE-45 RPM-SOUL-MOTOWN 1166-VINYL-RECORD-VG=-1970,6.49,0.0107
v1|227426054326|0,"Benjamin Britten, London Symphony Orchestra - The National Anthem 7"" 45-71146 VG",2.99,0.0107
v1|158068280783|0,"Junior – Women Say It / Baby, I Want You Back, 45 RPM Excellent",12.00,0.0107
v1|267722531291|0,"Magic Sam BRIGHT STAR 45 ""I'LL PAY YOU BACK""/""SAM'S FUNCK"" Listen",5.00,0.0107
v1|127966253053|0,spencer morales 45 rpm record caribbean mambo/very good,4.67,0.0107
v1|358781346432|0,Rick Wakeman King Arthur Vinyl LP A&M 1975,1.99,0.0107
v1|127965943716|0,ray stevens 45 rpm record promo/very good minusmy heart cries 4 u,2.98,0.0107
v1|158075209117|0,Elvis Presley 45 Love Me Tender 1956 RCA 47-6643 Dark Pink Sleeve VG+ With Extra,8.00,0.0107
v1|137496725379|0,elvis presley Import 45 Germany Vg+,6.00,0.0107
v1|158075799548|0,Eurythmics I Need a Man and Heaven 45 rpm vinyl record,3.00,0.0107
v1|227424510933|0,THE WHO vinyl lot: Who's Next/Face Dances/It's Hard    All Clean Record LP Album,45.00,0.0107
v1|158068118212|0,"PATSY CLINE: i'll sail my ship alone DECCA 7"" Single 45 RPM",4.00,0.0107
v1|267722434886|0,DICK GODDARD  THE WOOLLYBEAR SONG 45 RECORD & SIX INCHES OF PARTLY CLOUDY BOOK,30.00,0.0106
v1|358773819436|0,The Platters 45 RPM  Mercury 70948 It Isn't Right/You'll Never Know TESTED,2.38,0.0106
v1|147427376359|0,Elvis Presley Welcome to My World 1977 Vinyl LP Record Album,5.00,0.0106
v1|318560695471|0,LOT 2 CLASSIC 80s POP LP RECORD Michael Jackson - Thriller /Jacksons- Destiny VG,56.00,0.0106
v1|278170055439|0,"The Beatles vinyl LP Record  ""Introducing the Beatles"" Vee Jay Records ",8.00,0.0105
v1|327248817474|0,CALIXTO OCHOA Y SU CONJUNTO - Cholita - CUMBIA COLOMBIA 45,7.99,0.0105
v1|117287524474|0,"Hank Snow - Married By The Bible, Divorced By The Law/Lady's Man - RCA Victor 45",2.99,0.0105
v1|147427557439|0,45- Jerry Wallace - Primrose Lane & By Your Side  - Challenge 59047,0.50,0.0105
v1|287448574814|0,CLYDE TERRELL EXCELLO 2151 MY ONE DESIRE  VG  ++    45 RPM  DJ,5.99,0.0105
v1|127964897288|0,"Dave Edmunds Band Run Rudolph Run Columbia 7"" Vinyl 45 38-03428",2.40,0.0105
v1|206405985891|0,78 RPM Blues  One Arm Slim on Vocalion: Crap Shooting Blues/Where Did You Stay L,125.00,0.0105
v1|168517904098|0,Frankie Valli-(You're Gonna) Hurt Yourself-45 RPM -single-rock-vinyl-Smash S2015,5.00,0.0105
v1|327253642876|0,Doo Wop 45: Thor-Ables Our Love Song/Get That Bread on titanic 1962 Repro?,2.00,0.0104
v1|147427192254|0,The Nat King Cole Story LP Capitol Rec SWCL 1613 3 album and pictorial book. ,14.99,0.0104
v1|800311110788|0,"78 RPM Bob Ferguson & His Scalawags Columbia 15476 Dry Votin, Wet Drinkers",9.99,0.0104
v1|117297086655|0,"Nat King Cole At The Piano – 1950 - Capitol Records H-156 Vinyl 10"" LP",6.00,0.0104
v1|168525949663|0,ROGERS & HAMMERSTEIN SOUND OF MUSIC SOUNDTRACK - Picture Book - EX/NM ULTRASONIC,14.99,0.0104
v1|147425583364|0,Case Lot: 79 1950s 45s Sun Records Rockabilly Johnny Cash Elvis Jerry Lee Lewis,99.00,0.0104
v1|257614313283|0,"Frankie Goes To Hollywood 45 RPM 12"" Extended Play 1983 Relax Stereo",16.00,0.0104
v1|336688868748|0,Box Lot Of About 150 Vinyl 45 Records VG+ Most In Sleeves w/ All Genres ,14.99,0.0104
v1|158075209087|0,Ricky Nelson 45 Mighty Good / I Wanna Be Loved Imperial 5614 Rockabilly VG++,8.00,0.0104
v1|287441899275|0,"2-45s 7"" Vinyl MCA REC Lynard Skynyrd ""Truck Driving"" When you got good friends""",7.00,0.0103
v1|227423218999|0,Led Zeppelin – Robert Plant - ORIGINAL Vinyl LP Record Album LOT QTY4,69.00,0.0103
v1|307051151940|0,Robert Mitchum 45RPM “The Ballad Of Thunder Road” 1958 50s Country 7” Soundtrack,3.00,0.0103
v1|158075209271|0,Stevie Wonder 45 Hey Harmonica Man / This Little Girl Tamla 54096 VG++,14.99,0.0103
v1|800316025802|0,The Beatles Lot Of 5 APPLE 45 Records,30.00,0.0103
v1|800316038203|0,The Beatles Lot Of 6 APPLE 45 Records,22.00,0.0103
v1|158075049621|0,Johnny McEvoy Sings Hank Williams 1973,5.00,0.0103
v1|127966654840|0,the lifeguards 45 rpm record everybody out'ta the pool/teenage tango vg minus,3.76,0.0103
v1|147426697514|0,ELVIS PRESLEY PS/45 DON'T CRY DADDY B/W RUBBERNECKIN' VG/EX RCA VICTOR 47-9768,14.95,0.0103
v1|287448399803|0,45 Record Maynard Ferguson Battlestar Galactica Theme & M.F. Carnival 1978,4.99,0.0103
v1|158058310714|0,"Motley Crue - Smokin' In The Boys Room 7"" 45 w/ Picture Sleeve",29.99,0.0102
v1|336680027048|0,"""AINT MISBEHAVIN'""SOUNDTRACK, FATS WALLER- DOUBLE LP RCA Red Seal CBL2-2965 1978",8.00,0.0102
v1|278167448038|0,HOTEL HUNGER  45RPM WITH PICTURE SLEEVE BOX 5,2.50,0.0102
v1|327253770228|0,Doo Wop 45: The Excellents IHear A Rhapsody/Why Did You Laugh on Blast 1963,2.00,0.0102
v1|168517772319|0,"John Cougar Mellencamp-R.O.C.K In The USA-45 RPM-7""-single-rock-Riva-884 455-7",4.95,0.0102
v1|206404316989|0,Diana Ross and the Supremes Greatest Hits LP (1967) MS 2-663 Gatefold,11.95,0.0102
v1|127966666809|0,The Beatles 45 Revolution/ Hey Jude Apple records 2276 45-x46434,10.00,0.0102
v1|137499672042|0,Elton John 45 Lot Of 6 EX,12.50,0.0102
v1|267719332228|0,Menudo - If You're Not Here RCA 13771  Vinyl 45 rpm Record,6.99,0.0102
v1|358774044153|0,"The BEATLES Christmas Fun with The Beatles scarce Japanese WHITE vinyl 10"" LP",35.00,0.0102
v1|800295196513|0,Chess Records  45 rpm Little Queenie & Almost Grown by Chuck Berry,3.00,0.0102
v1|147427442359|0,BARRY DE VORZON - Simon & Simon - VG+,2.00,0.0102
v1|188618471234|0,Country LP Lot Kenny Rogers Don Williams Tom T Hall Jerry Reed + More,9.99,0.0102
v1|287448610635|0,BOBBY VINTON - 45RPM WITH PICTURE SLEEVE - BOX-1,2.00,0.0101
v1|298493526131|0,Pat Benatar     6-45's   4-Picture Sleeves   NM or as Described    1980-1983,17.00,0.0101
v1|158068287552|0,TONY BENNETT  - 45RPM - 2FER - (BOX-6),1.80,0.0101
v1|287450355905|0,Buffalo Springfield Retrospective The Best Of Vinyl LP 1977 CRC ATCO KEEPER COPY,9.95,0.0101
v1|147427248772|0,Ringo Starr “You’re Sixteen” Picture Sleeve And Vinyl 45,25.00,0.0101
v1|287449425573|0,"Lot of 12 Beatles 45's.  Condition: VG+, EX, NM See Description",20.00,0.0101
v1|147426833973|0,George Dickel A Song Of The Tennessee Hills 45 Record ,5.00,0.0101
v1|137499607895|0,LINDA LAURIE  45rpm All Winter Long b/w Stay With Me HEAR,5.50,0.0100
v1|287451063312|0,Burl Ives 45 Rpm Record Collection There’s 4 Of Them In Fair Cond. Rips On Cover,19.00,0.0100
v1|198488116852|0,"VINTAGE-FRANK YANKOVIC, Polka Music, Paris # 6",5.00,0.0100
v1|257613844819|0,"Lot of 20 Vintage Christmas Vinyl LP Records - Elvis, Bing Crosby, Billy Squier",29.00,0.0100
v1|366524564003|0,"JERMAINE STEWART *DJ COPY* ""THE WORD IS OUT"" 45 RPM",1.99,0.0100
v1|366532770840|0,Lot Of 4 JOHN LENNON 45’s w/ Picture Sleeves. EX. BEATLES. Nice Copies!,14.99,0.0100
v1|358783926873|0,ELVIS PRESLEY THE GREATEST SHOW ON EARTH Vinyl LP RCA ,1.99,0.0100
v1|158074127139|0,Jazzy Jeff and Fresh Prince Greatest Hits Megamix Sampler vinyl record,3.00,0.0100
v1|398158409341|0,Michael Jackson 'Beat It' 45 Record with Sleeve Original,4.95,0.0100
v1|327253671081|0,Doo Wop 45: Billy Storm & The Valiants Please Wait My Love on Early Bird Green,2.00,0.0100
v1|158070373792|0,IVAN (Buddy Holly) Real Wild Child / Oh You Beautiful Doll CORAL 9-62017 45rpm ,12.00,0.0100
v1|366532790244|0,"Neil Diamond Gold Recorded Live at the Troubadour 12"" 33 RPM MCA 1980 LP",1.60,0.0099
v1|147425656531|0,LP Elvis Presley G.I. BLUES 1964 RCA LPM-2256 NM (lot c),40.00,0.0099
v1|117294005337|0,"DR. Hook ""Better Love Next Time"" 45 RPM paper sleeve 1979 Capitol Records",0.89,0.0099
v1|287448610885|0,JANET JACKEON  45RPM WITH PICTURE SLEEVE BOX 5,2.50,0.0099
v1|298491845460|0,L. Wint Hurt So Bad / You Don’t Know 45 Fox Records RARE,19.99,0.0099
v1|267721754271|0,marianne faithfull this little bird 💉 sister morphine rolling stones holland 💔,14.99,0.0099
v1|398154884540|0,Doo Wop 45: The Raindrops Book Of Love/I Won't Cry on Jubilee 1964,2.00,0.0099
v1|327253886852|0,1964 MGM The Beatles My Bonnie / The Saints Fair Condition,3.00,0.0099
v1|168529049374|0,"The Dinning Sisters, 78 rpm, Buttons And Bows / San Antonio Rose - Capitol 15184",2.70,0.0099
v1|318563476564|0,45 RPM RECORDS LOT OF 6 PETER PAN CHILDREN'S RECORDS,9.99,0.0099
v1|800316520685|0,The Beatles (Japan) 45 Ain't She Sweet,25.00,0.0098
v1|168523945346|0,ALL-TIME COUNTRY & WESTERN HITS-HARD COVER-EP + 45-(PATSY CLINE & OTHERS)--PS,49.99,0.0098
v1|127964802948|0,💥 ' CONNIE FRANCIS ' HIT 45 + PICTURE SLEEVE [VACATION ]   1962 ! 💥,4.00,0.0098
v1|287449848986|0,"George Jones Greatest Hits LP Vinyl 12"" Mercury Country MG20621",11.00,0.0098
v1|307052324873|0,The Left Banke – Pretty Ballerina / Lazy Day 45  RPM,4.00,0.0098
v1|147433885126|0,O. V. WRIGHT 45 rpm on BACK BEAT RECORDS 631 Lot of 10 New Old Stock,10.00,0.0098
v1|127965150475|0,"Jackson Browne Rosie / Stay Asylum 7"" Black Vinyl 45 RPM Stereo 1977 E-45485",1.77,0.0098
v1|366524557805|0,"Gary Stewart ""Your Place Or Mine & Lord, What A Woman"" 45 RPM 7"" Vinyl Record",4.99,0.0097
v1|178297975231|0,"RIVIERAS 7"" 45 RPM ""California Sun""On LANA  Label.",6.00,0.0097
v1|198487802645|0,Jerry Vale This Guy's in Love with You Music Vinyl Record LP Columbia Records,4.88,0.0097
v1|267721916611|0,"Lot 3 Vtg 1960s Hank Locklin Albums LPs CAL-705, CAL-765, LSP-3588 Country Folk",5.00,0.0097
v1|336658021548|0,classic rock 45 rpm vinyl records lot,0.99,0.0097
v1|236927848517|0,"Rick Nelson - Bright Lights & Country Music, Decca DL 4779, LP. Record.",10.00,0.0097
v1|127966626847|0,lori parker 45 rpm record try a little tenderness/remember me/very good minus,3.00,0.0097
v1|267719039971|0,World's Greatest Lover Soundtrack LP Music by John Morris/Various EXCELLENT PLAY,6.99,0.0097
v1|137504780447|0,Gene Watson Greatest Hits LP 1985 MCA-5572  Curb   Country  VG+,4.00,0.0097
v1|398157669771|0,"The Penguins Earth Angel / Hey Senorita Dooto 7"" Vinyl Single 45 RPM",5.00,0.0097
v1|287448610177|0,JOHN TRAVOLTA  45RPM WITH PICTURE SLEEVE BOX 4,2.00,0.0097
v1|198488175220|0,Claude Gray: Take Off Time / Sherry Ann / 45 Rpm 1969 / VG+,4.95,0.0097
v1|188621762236|0,"LOUDON  WAINWRIGHT 111 ""DEAD SKUNK"" 45 RPM",3.99,0.0097
v1|127965029182|0,"Bellamy Brothers If I Said You Had A Beautiful Body Warner Bros 7"" 45 WBS 88401",0.60,0.0096
v1|298494137188|0,Mighty Tom Cats – Soul Makossa / Tom Cat Reggay 45 Record,9.99,0.0096
v1|327235022953|0,LINDA RONSTADT - GREATEST HITS VOLUME TWO - POP ROCK - VG++ VINYL,4.99,0.0096
v1|336674952657|0,"Nat ""King"" Cole - Darling Je Vous Aime Beaucoup / Sand And The Sea  45 RPM 7""",3.00,0.0096
v1|168525974915|0,"THE DOOBIE BROTHERS-REAL LOVE-45 RPM-7""-SOFT ROCK-VINYL-RECORD-WBS49503-NM-1980",5.00,0.0096
v1|188621768207|0,For Sweethearts Only Carmen Cavallaro 3 45 Vinyl Records Decca I Love You,10.00,0.0096
v1|307052764124|0,"7"" 45 RPM THE SHELLS OH, WHAT A NIGHT BOARDWALK EX+",9.95,0.0096
v1|178296017592|0,Elton John Mca 2012,8.00,0.0095
v1|158076021833|0,Bangles Hazy Shade of Winter 45 rpm vinyl record,3.00,0.0095
v1|366524557776|0,The Best Of The 5th Dimension 1976 (12' Vinyl LP) Kory Records KK 1001 Vintage,4.99,0.0095
v1|158075209262|0,George Carlin Indecent Exposure The Best Of Vinyl Record Album LP 1978 VG++,8.00,0.0095
v1|127964957495|0,"The Bunyups Christmas Presents / Tu Krang Krang Tu 7"" 45 Dancing Bunyup 1986",2.00,0.0095
v1|198488185418|0,Jerry Vale's Greatest Hits Vinyl Album CS8778,4.77,0.0095
v1|137499287424|0,HANK THOMPSON - THE BEST OF HANK THOMPSON - CAPITOL T1878 Vintage Vinyl,18.00,0.0095
v1|158075209317|0,Dion and The Belmonts 45 Where or When / That's My Desire Laurie Doo Wop VG+,8.00,0.0095
v1|287448575978|0,DUVALS PRELUDE 110 THE LAST SURF  VG ++     45 RPM,6.99,0.0095
v1|168518562496|0,"The Best of '77 Marching Band, Jenson label, original inner sleeve w/ scores",12.99,0.0095
v1|278169756513|0,Atlantic 45-3284 Spinners The Games People Play They Just Can't Stop It 45 RPM,7.00,0.0095
v1|318563620980|0,"Vintage, 45 rpm, The Rolling Stones, Let’s Spend The Night Together/Ruby Tuesday",5.00,0.0094
v1|178294231500|0,4 By The Beatles Capitol EP # 5365,31.00,0.0094
v1|257613228634|0,Hank Williams With His Drifting Cowboys – Lovesick Blues / Never Again    M-G-M,12.95,0.0094
v1|398154901678|0,Doo Wop 45: Jimmy Lewis & Volumes In My Heart on Ivy,2.00,0.0094
v1|327253886589|0,1964 Tollie The Beatles Twist and Shout / There's a Place Blue Lettering  Fair,5.00,0.0094
v1|206405886524|0,The Beatles - Capitol LP - Beatles '65 - T 2228,2.99,0.0094
v1|147425918173|0,"Bob Dylan ""If Not For You"" Promo 45 Record 7"" Columbia AE 7 1039",9.99,0.0094
v1|398155358888|0,Doo Wop 45: Billy Ward & The Dominoes St. Therese of The Roses on Decca 1956,2.00,0.0093
v1|127966668300|0,The Association Cherish / Along Comes Mary 45 Rpm Vinyl,5.00,0.0093
v1|377332359649|0,"7"" 45 RPM THE SPINNERS TRULY YOURS ON MOTOWN NM 1966",6.95,0.0093
v1|398155126015|0,Doo Wop 45: The Monarchs This Old Heart/Til I Hear It From You on Sound 7 Stage,2.00,0.0093
v1|398157887133|0,"Vintage Lot of 13-CAPITOL RECORDS 45 RPM Vinyls/Records-7 w/Sleeves,6 w/o",17.26,0.0093
v1|377330336211|0,Johnny Horton's Greatest Hits Vinyl LP Record Columbia,20.00,0.0093
v1|147425595582|0,ELVIS PRESLEY FRM-2231 ELVIS IS BACK 180 GRAM BLUE VINYL FRIDAY MUSIC NM TO MINT,30.00,0.0093
v1|117294005334|0,"The Oak Ridge Boys ""Elvira"" 45 RPM  1981 MCA Records",0.59,0.0093
v1|366524557828|0,"Boston-Don't look Back/The Journey-45 RPM-7""-single-rock-vinyl-record-1978",5.99,0.0092
v1|407059805980|0,"Linda Ronstadt - Alison / All that You Picture Disc ~6"" 45 Made in USA K-13149P~",9.99,0.0092
v1|158075039711|0,Happiness Is Ray Conniff Vinyl LP Columbia Exclusive 78 Record Vintage Columbia,5.00,0.0092
v1|327248865259|0,LOS LATINOS - Cumbia Para Ti / Candelaria - CUMBIA 45,7.99,0.0092
v1|327253794010|0,Doo Wop 45: The Cap-Tans Let's Put Our Cards On The Table on DC Reissue,2.00,0.0092
v1|800325667095|0,45 RPM  Faron Young CAPITOL 3898 i Can't Dance / Rosalie ROCKABILLY M-,3.00,0.0092
v1|298491972783|0,Lot 10 LP-South Pacific/Camelot/King and I/Oliver/Arthur/Sound of Music/Bye Bye,25.00,0.0092
v1|358775312668|0,"Various Artists Tumbleweed LP Vinyl Album Record Folk, World, & Country",2.95,0.0092
v1|298494403270|0,Billy Paul ‎– Small Hotel / I'm Always A Brother 45 Finch Records,18.99,0.0092
v1|327248791610|0,CRECENCIO CAMACHO - Acercate / Trigueñita - CUMBIA PORRO 45,7.99,0.0091
v1|198488054985|0,The Carlisles – I'll Never Love Again / I Need A Little Help 1954 Mercury 78 RPM,2.30,0.0091
v1|168529049375|0,Jimmy Carroll And Orchestra 1954 Song From Moulin Rouge / Ruby 78 RPM Bell 1007,2.70,0.0091
v1|398155391790|0,Doo Wop 45: The Fabulous Pearl Devines You've Been Gone/So Lonely on ALCO 1963,2.00,0.0091
v1|168526118902|0,"RAY STEVENS, ""GET THE BEST OF RAY STEVENS""",4.50,0.0091
v1|236920567265|0,"PATTI LABELLE - When You Love Somebody/Temptation, 45, EX, 1992, MCA Records",2.25,0.0091
v1|206403861214|0,"Motown Diana Ross & The Supremes - Greatest Hits M-2-663 12"" Vinyl LP ~ 2 albums",2.38,0.0091
v1|117293910150|0,Denny Walters YOU'LL NEVER KNOW b/w I KNOW I'M LOSING YOU 45 rpm - 1965,9.99,0.0090
v1|147425731244|0,This Is Nate King Cole Vinyl LP Record Album,8.00,0.0090
v1|377332342605|0,"7"" 45 RPM THE SPINNERS IN MY DIARY ON V.I.P. EX 1969",6.95,0.0090
v1|127964981478|0,"Neil Diamond Turn Around Columbia 7"" Black Vinyl 45 RPM Stereo 38-04541 Demo",2.00,0.0090
v1|327253886746|0,1964 Tollie The Beatles Twist and Shout / There's a Place Fair Condition,3.00,0.0090
v1|287449675400|0,NAT KING COLE*Unforgettable* plus FRANK SINATRA *Strangers In The Night*45 Vinyl,9.00,0.0090
v1|398157012031|0,Wings [Paul McCartney]- Goodnight Tonight / Daytime Nighttime Suffering 45 1979,120.00,0.0089
v1|327248691765|0,LOS CORRALEROS DEL MAJAGUAL - Vete / La Cumbia Soba - CUMBIA CORRALERA 45,7.99,0.0089
v1|178286289971|0,Led Zeppelin Immigrant song Single,8.00,0.0089
v1|127964988768|0,"Nazz Hello It's Me / Open My Eyes S.G.C. 7"" Black Vinyl 45 RPM 45-001",6.28,0.0089
v1|236925892875|0,"Carpenters Por Favor Sr. Cartero 1975 A&M 1059 A 7"" 45 RPM lot of 6",5.99,0.0089
v1|318561265311|0,RONNY & THE DAYTONAS MALA 45 RPM SANDY 513 VINTAGE VINYL RECORD,2.95,0.0088
v1|178297079600|0,vinyl record album Herb Alpert Tijuana Brass Christmas,15.99,0.0088
v1|147425568356|0,"Elvis Presley Elvis Sings Hits From His Movies Vol. 1 Camden CAS-2567 12"" LP",2.33,0.0088
v1|366533057476|0,"GARY LEWIS & THE PLAYBOYS, LIBERTY #55846 45 RECORD W/PICTURE SLEEVE",3.99,0.0088
v1|287442090635|0,Country Ladies Record Albums (Lot of 3),11.00,0.0088
v1|267722349415|0,the eagles 45 lyin eyes,1.25,0.0088
v1|278173064637|0,Tom Paxton-2 LP Lot Folk Music Morning Again-Six Vinyl Records,6.99,0.0088
v1|287450929936|0,"Various ‎– Rock, Pretty Baby - Music From The Soundtrack - LP (SNTK #9)",20.00,0.0088
v1|398156663999|0,"Randy Hobbs - You Better Run / Oh Julie, 7” 45 Rpm 1960 Rock (VG) Gator Records",75.00,0.0088
v1|198485849230|0,BUCK OWENS  -45rpm - COUNTRY-2,2.25,0.0088
v1|178295492544|0,"CRISPIAN ST. PETERS THE PIED PIPER 7"" 45 rpm RECORD JAMIE 1320",2.00,0.0088
v1|137496664100|0,The Valentinos Doowop 45,6.00,0.0088
v1|318564223396|0,"FLASH 78 The Jayhawks  Doo Wop ""STRANDED IN THE JUNGLE"" / ""MY ONLY DARLING"" Hear",10.00,0.0088
v1|147427554155|0,45- Jerry Wallace - Mission Bell Blues & Little Coco Palm - Challenge 59060,0.50,0.0087
v1|267721762770|0,Ink Spots – 10 Best Hits LP Record Longines Symphonette Society Pop 33 RPM,4.00,0.0087
v1|188621762213|0,"WAR ""SLIPPIN' IN TO DARKNESS"" 45 RPM",3.99,0.0087
v1|206403947009|0,Elvis Presley Elvis Sings Hits From His Movies Vol 1 Stereo LP RCA CAS-2567,4.54,0.0087
v1|398157013423|0,"THE SILKIE 7"" 45 RPM ""You've Got To Hide Your Love Away"" & ""City Winds"" VG cond.",5.00,0.0086
v1|366530982774|0,Nat King Cole - A Sentimental Christmas with Nat King Cole and Friends ex shrink,15.00,0.0086
v1|407061187980|0,John Denver Greatest Hits LP Vinyl RCA Country Folk 1970s Compilation Album,86.00,0.0086
v1|257608672904|0,LED ZEPPELIN  2 lot   1969 LED ZEPPELIN II   &  1970 LED ZEPPELIN III,60.00,0.0086
v1|188621762229|0,"THE POINTER SISTERS ""FIRE"" 45 PS",2.99,0.0086
v1|227420859344|0,The ROLLING STONES - Hang Fire / Neighbors MINT classic rock Rolling Stones 45,4.89,0.0086
v1|336674904764|0,"Pointer Sisters - Special Extended 12"" Vinyl Single - ""Twist My Arm"" RCA 1985",3.00,0.0085
v1|398155131699|0,Doo Wop 45: TheSparks The Genie/Gee That's Bad on Carlton,2.00,0.0085
v1|198488254825|0,The Shootist 45 FAMOUS MUSIC ACETATE Bernstein?,9.00,0.0085
v1|398156476335|0,"78 rpm 10"" Victor - Rhythms for Children - Victor Orchestra",9.99,0.0085
v1|257613111924|0,Frank Sinatra's Greatest Hits The Early Years CS CL 9274 Columbia Stereo Shrink,6.99,0.0085
v1|127965162744|0,"The Rolling Stones Miss You / Far Away Eyes 7"" Vinyl 45 Stereo RS-19307",1.80,0.0085
v1|178298068627|0,MS Country Mover Honky Tonk 45 TONY HODA Just Like That /Road Of Love MAGNOLIA,6.99,0.0085
v1|127960163943|0,Patsy Cline She’s Got You ED 2719 45 RPM 1963 Decca Records EP ~~NO COVER~~,19.99,0.0085
v1|257613142506|0,Lot of (10) Clean - 1980s Pop R&B 45 rpm (NM Vinyl),10.00,0.0085
v1|147427451245|0,Three Dog Night The Best Of Double LP Vinyl Record Album Set 1982 MCA EX,75.00,0.0085
v1|127966220301|0,dave mason 45 rpm record mystic traveler/very good,2.00,0.0084
v1|307044538264|0,"LOT of 10 J. Geils Band-Rolling Stones-Wings 7"" 45rpm ROCK records EX in sleeves",4.95,0.0084
v1|236926896524|0,The Best of Bread - Vintage Vinyl LP,0.01,0.0084
v1|298493712477|0,"Various Artists LP King-Federal Rockabillys, King 5016 X",5.99,0.0084
v1|117293710325|0,Cocktail Motion Picture Soundtrack Tom Cruise Vinyl Album Record 1988 Elektra,10.00,0.0084
v1|117293710325|0,Cocktail Motion Picture Soundtrack Tom Cruise Vinyl Album Record 1988 Elektra,10.00,0.0084
v1|188621762234|0,"DIONNE WARWICK ""PROMISES, PROMISES"" 45 RPM",3.99,0.0084
v1|127968627763|0,Elvis Presley From Elvis With Love 2LP 1978 NM/NM RCA Music Service Exclusive,15.99,0.0084
v1|327253786571|0,Doo Wop 45: The Charmers +3 on Edaphonic,2.00,0.0084
v1|158075809200|0,Eurythmics Thorn in My Side and In This Town 45 rpm vinyl record,3.00,0.0084
v1|267721870196|0,Beatles Vinyl Lot Original 45 Picture Sleeve Ain’t She Sweet Tony Sheridan OBO,499.99,0.0084
v1|127964974691|0,"Huey Lewis & The News Stuck With You Chrysalis 7"" Vinyl 45 VS4 43019 Promo",0.80,0.0083
v1|147427376350|0,"ELVIS  PRESLEY  7""  VINYL  E P  ,  IF YOU THINK I DON,T NEED YOU",5.00,0.0083
v1|267721864323|0,"Al Martino Somebody Else is Taking My Place, With All My Heart Pop 45 rpm vinyl",5.00,0.0083
v1|236920798279|0,Bobby Darin – Splish Splash / Judy Don't Be Moody - Atco Records 45 RPM- VG,4.99,0.0083
v1|278169493886|0,"R&B SOUL JIMMIE NABBIE ON CARLTON  LABEL  45 RPM  7"" RECORD",1.00,0.0083
v1|267722394344|0,Sam Cooke Chain Gang 45 RPM Picture Sleeve and Record,10.00,0.0083
v1|227423253569|0,"45 RPM-THE BEE GEES -Words/ Night Fever/You Should be Dancing-Exc. ""Play Tested""",4.00,0.0083
v1|198485848917|0,BROOKS & DUNN -45rpm - COUNTRY-2,2.25,0.0083
v1|398157758878|0,Vintage Frank Sinatra 10” Gray Label Capitol Records LP Collection (1954),39.99,0.0083
v1|327255168059|0,Louis Jones The Birds Is Coming / That’s Cuz I Love You Decca 45 RPM Vinyl VG+,175.00,0.0082
v1|147427228837|0,"THE BEATLES - MICHELLE - 1966 MEXICAN 7"" EP EPEM-10074 ROCK POP",25.00,0.0082
v1|147427085281|0,THE BEATLES I WANT TO HOLD YOUR HAND/SAW HER STANDING THERE 45 SLEEVE REISSUE,7.00,0.0082
v1|158076027592|0,Bangles If She Knew What She Wants 45 rpm vinyl record,3.00,0.0082
v1|236925902308|0,Cheap Trick- Everything Works If You Let It 1980 White lbl pro 45 in Epic sleeve,9.99,0.0082
v1|158068287520|0,STAN FREEBERG - 45RPM -  2FER - (BOX-6),1.80,0.0082
v1|398154896489|0,Doo Wop 45: The Teen Queens Eddie My Love/Just Goofed on RPM 1956,2.00,0.0082
v1|336680162417|0,John Lennon The Last Reunion 45 12-inch vinyl,20.00,0.0081
v1|227419248961|0,"BENNY GOODMAN ""After You've Gone / Body And Soul"" 78 RPM Good Condition",5.00,0.0081
v1|358763194245|0,PERCY SLEDGE-THE BEST OF,12.00,0.0081
v1|178296136882|0,Little Tony -I Love Mary & I’m Coming Home 45 Warner Bros. Promo #7166 VG,15.50,0.0081
v1|307044650783|0,"Vintage LP: The Best of ""What's His Name"" - Comedy by Jack Paar",6.00,0.0081
v1|287440921748|0,VINTAGE 78 RPM RECORD - VICTOR LABEL - SONG OF THE VAGABONDS & ONLY A ROSE,5.00,0.0081
v1|127965125639|0,"Merle Haggard What Have You Got Planned Tonight Diana Capitol 7"" 45 Stereo 4326",3.20,0.0081
v1|327255112358|0,Cher 45 Record Dark Lady 1973,1.25,0.0081
v1|178296965231|0,"Raspberries - ""I Wanna Be With You"" - 45 RPM",1.00,0.0081
v1|278159482638|0,Country Compilations Record Albums (Lot of 7),25.00,0.0081
v1|188621762217|0,"BRUCE SPRINGSTEEN ""FADE AWAY"" 45 PS",4.99,0.0080
v1|236927441528|0,Reseller Lot of 47 Vintage Vinyl Record Gospel Country Soundtracks 30lbs,1.92,0.0080
v1|127965082190|0,"Bee Gees How Deep Is Your Love RSO 7"" Black Vinyl 45 RPM Single 1977 RS 882",1.20,0.0080
v1|398156657117|0,"The Beatles - Get Back/Don’t Let Me Down, 45 rpm, 1969 Rock",105.00,0.0080
v1|366524701047|0,Chess Records  45 rpm Run Rudolph Run & Merry Christmas Baby by Chuck Berry,5.00,0.0080
v1|358763926175|0,"Anne Murray Greatest Hits LP Vinyl Capitol Pop 1980 12"" 33 RPM Stereo",2.31,0.0080
v1|168526216301|0,Robert Palmer Hyperactive 12” 45rpm Single Vinyl,5.00,0.0080
v1|358777084269|0,Ted Nugent 45 Bound And Gagged / Habitual Offender  w/PS,3.99,0.0080
v1|236925900658|0,Elvis Presley- Volume 1 EPA-992 on RCA,17.99,0.0079
v1|398146404547|0,Manhattan Transfer 45 rpm Route 66 promo,3.99,0.0079
v1|188619050535|0,"Elton John Crocodile Rock / Elderberry Wine 7"" 45 RPM MCA 40000 (1972)",2.68,0.0079
v1|178286320358|0,Neil Young Cinnamon Girl 45,4.00,0.0079
v1|178297473888|0,"Vintage Vinyl Album,  Barry Manilow, Greatest Hits, DBL LP..",7.25,0.0079
v1|178288924965|0,Uriah Heep – Look At Yourself - Simon the Bullet Freak Aussie 1971 45 rpm single,4.50,0.0079
v1|127964808795|0,the black crowes 45 rpm record thorn in my pride/very good,6.04,0.0079
v1|287449674171|0,"* DOO WOP 45 rpm Lot (15) *5 Satins, Crests, Chantels many more!",15.00,0.0078
v1|287448399816|0,EDDIE MONEY - Baby Hold On 1977 Columbia 45 rpm 3-10663,4.99,0.0078
v1|377320880387|0,The Beatles Match Box/Slow Down 1964 PICTURE SLEEVE ONLY Capitol 5255 NO ViNYL,12.99,0.0078
v1|158075209455|0,Tony Harris 45 Chicken Baby / I'll Forever Love You R&B rocker popcorn,6.00,0.0078
v1|127964842738|0,elton john 33 rpm record lp import from w germany/very good greatest hits,4.95,0.0078
v1|158075878894|0,Eurythmics and Aretha Franklin Sisters Are Doin' It 45 rpm vinyl record,3.00,0.0078
v1|257613839872|0,Cherie & Marie Currie Since You've Been Gone Picture Sleeve 45 RPM 1979 Capitol,12.00,0.0078
v1|398144116221|0,RED FOLEY 45 rpm Just Call Me Lonesome b/w Blue Guitar DECCA 9-29626,3.99,0.0078
v1|287449675944|0,lot of (5) *R&B Soul*  Ike & Tina Turner  +The Ikettes 45 rpm -,10.00,0.0078
v1|287448547223|0,"Lot of 3 Nat ""King"" Cole 45's in Sleeves, Unforgettable, Love is the Thing",5.00,0.0078
v1|267721860453|0,"2 Pictures, Sleeves, And 45 Sting And The Police",10.00,0.0078
v1|398146238722|0,Allan Sherman 45 rpm The Twelve Gifts of Christmas,2.99,0.0078
v1|287449675408|0,Lot of (5) The Chordettes* Mr. Sandman* Lollipop* Cadence label 45 rpm,10.00,0.0078
v1|158068045385|0,"Vintage 78RPM 10"" Record: Tommy Dorsey & His Orchestra with Frank Sinatra",4.99,0.0078
v1|227422984360|0,3 Vinyl Record Lot  Two Donna Summers One Diana Ross See All Photos,29.99,0.0077
v1|127966624834|0,lenny&dick 45 rpm record last nite i had the wierdest dream/vg,1.62,0.0077
v1|137499373141|0,Elvis Presley AIN'T THAT LOVING YOU BABY 1964 RCA single,5.00,0.0077
v1|287448399912|0,Donna Summer - Last Dance / With Your Love 45 - 1978 Casablanca - VG+ ,4.99,0.0077
v1|178296009691|0,"MCA LP Record. Bob Crosby and The Bob Cats,Greatest Hits, VG ",1.00,0.0077
v1|267719031174|0,Lauritz Melchior – 78 rpm Columbia 71388 O Koenig/ Rienzi’s Prayer Wagner,6.99,0.0077
v1|127966670239|0,"Paul Petersen – My Dad / Little Boy Sad - Goldies 45 D2682 7"" Single VG+/Generic",5.00,0.0076
v1|137499536540|0,Mary Martel 45 On D Rare Country 45,6.00,0.0076
v1|267721762916|0,"BLONDIE CALL ME 7"" 45 rpm RECORD CHRYSALIS CHS 2414",3.00,0.0076
v1|327254723638|0,45 RPM RECORD WIZARD OF OZ PETER PAN BOOK AND RECORD,9.99,0.0076
v1|236920800839|0,Bobby Darin – Dream Lover / Bullmoose - Picture Sleeve Atco Records 45 RPM- VG+,4.99,0.0076
v1|127965028408|0,"Bee Gees You Should Be Dancing / Subway RSO 7"" Black Vinyl 45 RPM RS 853",2.41,0.0076
v1|198486051874|0,"ROLLING STONES 2,000 LIGHT YEARS - 45RPM (RS-4x)",8.00,0.0076
v1|158069927988|0,EDDIE CANTOR - Curtain Call - Making Whoopie 45 rpm,5.00,0.0076
v1|198485849802|0,CONWAY TWITTY -45rpm - COUNTRY-2,2.25,0.0076
v1|327253886590|0,1964 Capitol The Beatles Hard Day's Night/I Should Have Known Better Pic Sleeve,30.00,0.0076
v1|358775029861|0,"The Beatles All You Need Is Love/Baby You're a Rich Man 7"" 45RPM Capitol 5964",7.99,0.0076
v1|287449620927|0,The Beatles - The Beatles' Second Album Capitol ST 2080 Rock Stereo Vinyl LP,15.00,0.0076
v1|287450022904|0,Smokie Living Next Door To Alice/When My Back Was Against the Wall 1976 RSO 45,2.49,0.0076
v1|318573584366|0,elvis presley love me tender 45,8.00,0.0076
v1|407065890539|0,45 RPM  Annette DISNEYLAND 102 Don't Jump To Conclusions VG+,3.00,0.0076
v1|358783954324|0,A&M Records ‎R 123678 Herb Alpert & The TJB Greatest Hits Vol 2 Vinyl LP,1.99,0.0075
v1|147427151772|0,Blondie - The Tide Is High and Suzy & Jeffrey - Chrysalis 45 RPM   1980,3.00,0.0075
v1|800316501387|0,The Beatles (Japan) 45 Twist And Shout,25.00,0.0075
v1|298493404112|0,Bob Dylan  'Greatest Hits Vol.2  Vinyl 2x LPs Columbia PG 31120,6.50,0.0075
v1|366531228844|0,"PAUL SIMON Greatest Hits , Etc WHITE LABEL PROMO 1977 COLUMBIA 35032 Promotional",25.00,0.0075
v1|188621762231|0,"ELTON JOHN ""PHILADELPHIA FREEDOM"" 45 PS",4.99,0.0075
v1|267721947859|0,The Corvells The Jokes on Me Doo-Wop Flip One (Is Such A Lonely Number 45 rpm,5.00,0.0075
v1|278169535066|0,"PROMO POP THE BUDDIES ON DECCA  LABEL  45 RPM  7"" RECORD",1.00,0.0074
v1|137496920278|0,"Lot(38) 1970s 12""/33rpm Vinyl Records Fleetwood Mac,Elton,Clapton,Bruce,Allman",338.00,0.0074
v1|407065872712|0,45 RPM Jim Nesbitt CHART 1240 Friendly Undertaker ROCKABILLY VG+,3.00,0.0074
v1|127966204825|0,vanessa williams 45 rpm record title strip runnin back 2 u/very good,1.79,0.0074
v1|147425577550|0,Elvis Presley Elvis Sings The Wonderful World of Christmas RCA ANL1-1936 LP,2.88,0.0074
v1|158075719550|0,A Flock of Seagulls Who's That Girl She's Got It 45 rpm vinyl record,3.00,0.0073
v1|158075719550|0,A Flock of Seagulls Who's That Girl She's Got It 45 rpm vinyl record,3.00,0.0073
v1|127965185206|0,"David Bowie Golden Years/Can You Hear Me RCA Victor 7"" 45 Stereo PB-10441",2.35,0.0073
v1|168526097170|0,GLENN MILLER SERENADE 45 RECORD,4.00,0.0073
v1|298491932857|0,Elvis Presley – Peace In The Valley 7” RCA EP Record 45RPM,14.99,0.0073
v1|178296961031|0,"Earl Hooker - ""Boogie, Don't Blot!"" - 45 RPM",1.00,0.0073
v1|278167447916|0,KC SUNSHINE BAND - 45RPM WITH PICTURE SLEEVE BOX-1,2.00,0.0073
v1|117285742104|0,"Lot of 5 Vintage Records 33 RPM  Melrose Music, Oral Robert & Guitar Instruction",32.99,0.0073
v1|137496998153|0,The Beatles ~A Hard Day’s Night Soundtrack LP 1964 Mono United Artists UAL-3366,95.00,0.0072
v1|168517797294|0,LOT OF 6 x COUNTRY BLUEGRASS ALBUMS LPS Lily Brothers SEALED autograph Texas Jim,10.99,0.0072
v1|188618467477|0,Country Duets LP Lot Dolly Parton Cash Conway Twitty George Jones,9.99,0.0072
v1|398143813144|0,The Dave Clark Five 45 rpm At The Scene b/w I Miss You,2.99,0.0072
v1|227424208515|0,"REISSUE BOOT  ROCKABILLY ANDY DIO ON JOHNSON   LABEL 45 RPM  7"" RECORD",2.00,0.0072
v1|398157690427|0,~~QUEEN~~QUEEN GREATEST HITS~~INNER~~ELEKTRA~~STERLING~~EX+ VINYL~~,19.99,0.0072
v1|366525711175|0,Walt Disney's Dumbo Music from the Motion Picture  Disneyland Records DQ1204  C,10.00,0.0072
v1|377330368646|0,Bing Crosby Lot 4 Merry Christmas /family Christmas / The Best Of Bing Dbl Lp,20.00,0.0072
v1|117288032420|0,Vtg Record 1967 double vinyl LP album Diana Ross & The Supremes Greatest Hits.,6.99,0.0072
v1|327248718827|0,CAYITO - El Campano / Carnavelera - CUMBIA MEXICO 45,7.99,0.0072
v1|227419648948|0,"Lot of 85, 45 RPM Records, VTG Mix of '50s, '60s, Mixed Genre, Rock, Pop, +++,",21.00,0.0072
v1|127965093675|0,"David Gates Goodbye Girl / Sunday Rider Elektra 7"" Vinyl 45 RPM Stereo E-45450",2.38,0.0071
v1|178295738225|0,"1965 BEATLES HELP/I'M DOWN Original 7” 45, 7 Total 45’s Bundle. Beatles Bundle",45.00,0.0071
v1|407059833082|0,Olivia Newton - Olivia's Greatest Hits ~ Record Made in U.K. EMTV36 ~ E+,9.99,0.0071
v1|206403980129|0,Bruce Willey & Inner Circle 45 Morning After Production Wanna Be With You,9.99,0.0071
v1|267719034500|0,"LP ""Greatest Hits"" by Barbra Streisand",3.00,0.0071
v1|127966251438|0,irene castle 45 rpm record its all so gay/never say goodbye/very good,11.86,0.0071
v1|127964786226|0,blondie 45 rpm records with pic sleeves lot of 2 vg-,5.30,0.0071
v1|327254730067|0,45 RPM RECORDS LOT OF 6 LITTLE LIBRARY BOOK AND RECORD,9.99,0.0071
v1|318561094948|0,Kenny Rogers Greatest Hits Vintage Country Vinyl Record LP,4.99,0.0071
v1|188621762216|0,"PRINCE ""KISS"" 45 PS",2.99,0.0071
v1|358775246298|0,5 Johnny Mathis Albulms;  Including 1958 Greatest Hits. Bid Starts At 15.00.,15.00,0.0071
v1|257614798181|0,"Beatles ""Lot of 2 Beatles vinyl 45’s, Help & Nowhere Man""",4.00,0.0071
v1|188621762235|0,"CLIMAX ""PRECIOUS AND FEW"" 45 RPM",3.99,0.0070
v1|327255064071|0,Sheriff 45 Record When I'm With You 1982 Capitol Crazy Without You ￼,0.01,0.0070
v1|206406010268|0,PAUL McCARTNEY & WINGS  Band On The Run  45 RPM  APPLE 1873 ,0.99,0.0070
v1|168526187201|0,Johnny Fortune NEED YOU / ONE LESS ANGEL Park 45 rpm 1960s teener n/m rare,40.00,0.0070
v1|407061793663|0,"JACK SCOTT, TOP RANK LABEL #2041 CLASSIC 45 RECORD W/PICTURE SLEEVE",7.99,0.0070
v1|318560719461|0,RARE OFF CENTER LABEL/45 RPM Elvis Presley RCA VICTOR 0280 Help me/ If You talk,27.00,0.0070
v1|398155412403|0,Doo Wop 45: Vinni Monte & The Jay Birds Your Cute Little Ways on Josie 1956,2.00,0.0069
v1|377330567543|0,Johnny Mathis Johnny's Greatest Hits LP Vinyl Record,2.00,0.0069
v1|800315606856|0,The Beatles (France) 45 The Long And Winding Road,20.00,0.0069
v1|278168929206|0,JOHNNY   CASH     SUN    LP     THE KING OF COUNTRY MUSIC,4.00,0.0069
v1|398155396842|0,"Doo Wop 45: The Escorts So Hard To Laugh, So Easy To Cry on RCA 1957",2.00,0.0069
v1|358773933821|0,"78 ~ BING CROSBY+FRANK SINATRA Well Did You Evah, CROSBY+GRACE KELLY True Love",19.95,0.0069
v1|227424216522|0,Elton John Greatest Hits Vinyl LP Record Album,5.00,0.0069
v1|206404093636|0,Jan & Dean The Best of Jan and Dean Vinyl LP Album Record,6.99,0.0069
v1|168524183994|0,45 Of The Greatest Rock'n Roll 45s vinyl 3-LP collection Veejay,2.99,0.0069
v1|117293859986|0,J. Williams J. Wright P. Rayner Tekinq Reasonable Force Platinum Yellow Remix,7.00,0.0069
v1|800325665652|0,45 RPM Statesmen Quartet CUSTOM 1077 I'm Living With Jesus M-,3.00,0.0069
v1|298492017315|0,Skylites Oh Happy Day/My Only Girl TA-RAH A-101 B-101 45,6.00,0.0069
v1|800316285265|0,The Beatles (Germany) 45 Paperback Writer,10.00,0.0068
v1|137496891913|0,PROCOL HARUM Greatest Hits Volume I 1969 Vinyl LP Record SHM 956,16.00,0.0068
v1|127965044343|0,"Moe Bandy I Think I've Got a Love On For You Columbia 7"" 45 3-10313 1976",2.42,0.0068
v1|298493992556|0,Rock 45 The Eagles - Best Of My Love / Ol' '55 On Asylum,1.99,0.0068
v1|377320864686|0,"GET BACK / DON'T LET ME DOWN 1969 The Beatles BiLLY PRESTON 45 rpm 7"" Apple 2490",19.99,0.0068
v1|168506570283|0,3 Children’s Kids 45 RPM records Sesame Street Bert Ernie Grover Cookie Monster,9.00,0.0068
v1|168517798792|0,"Vintage 78 rpm 10"" Record Album Book w  SEVEN RECORDS",19.00,0.0068
v1|358776981542|0,The Ron-Dels 45 Matilda / Tina,3.99,0.0068
v1|278169540223|0,"DUET BOB & EARL ON CLASS   LABEL  45 RPM  7"" RECORD",3.25,0.0068
v1|398144323617|0,"George Jones 45 rpm ""If Not For You"" vintage vinyl honky tonk",2.99,0.0068
v1|206396465448|0," Johnny Cash Greatest Hits Volume 1  #74 (Ring of Fire) man great hits",14.99,0.0067
v1|267721736139|0,Greatest Hits Volume IV (4) By Marty Robbins (Vinyl 1978 Columbia) Record Album,5.00,0.0067
v1|127964787791|0,jim capaldi 45 rpm record with pic sleeve promo/very good thats love,2.00,0.0067
v1|188621762228|0,"JAMES TAYLOR ""CAROLINA IN MY MIND"" 45 RPM",3.99,0.0067
v1|267718972921|0,Johnny Holiday 45 WWDC A Visit From St. George Washington Redskins Football 70s,35.00,0.0067
v1|127966670485|0,Lionel Richie Truly / Just Put Some Love In Your Heart Record 45 RPM Vinyl,4.99,0.0067
v1|307052759010|0,"FRANK SINATRA  ""Stars In Your Eyes / My Shawl""   1945  78RPM  Columbia  36842",4.99,0.0066
v1|188621762220|0,"ALICE COOPER ""EIGHTEEN"" 45 RPM",4.99,0.0066
v1|287448570823|0,IDYLLS SPINNING 6012 ANNETTE    VG ++     45 RPM,4.99,0.0066
v1|327248717163|0,LOS CORRALEROS DEL MAJAGUAL - No Te Vayas Cariño - CUMBIA CORRALERA 45,7.99,0.0066
v1|307051079943|0,"RUBBERBAND: i know you GRAM-O-PHON 7"" Single 45 RPM- DJ Sample",8.00,0.0066
v1|147425591158|0,"RCA Records Elvis Presley The Elvis Presley Story 12"" 33RPM Vinyl LP Box Set",20.00,0.0066
v1|127966577285|0,the continental four 45 rpm record running away from love/very good,3.41,0.0066
v1|407061792329|0,Vintage Lot of two Decca Sample 45 rpm records Peggy Lee,14.95,0.0066
v1|800314529987|0,"FOREIGNER DOUBLE VISION / LONELY CHILDREN 7"" 45 EX PIC SLEEVE PICTURE",3.50,0.0066
v1|327253961712|0,1964 Capitol The Beatles And I Love Her / If I Fell With Original Picture Sleeve,50.00,0.0066
v1|227423306454|0,"Howard Jones THINGS CAN ONLY GET BETTER / WHY LOOK 45 7"" PICTURE SLEEVE",2.99,0.0065
v1|206406012951|0,Various - Peter Pan LP - All Time Children's Hits - 8138,2.99,0.0065
v1|198485848640|0,TOM T HALL- -45rpm - COUNTRY-2,2.25,0.0065
v1|147430953494|0,"1986 The Rolling Stones – One Hit (To The Body) 12"" Single Vinyl Record",5.00,0.0065
v1|227424248320|0,"BOOT  ROCKABILLY RUDY""TUTTI""GRAYZELL ON STARDAY  LABEL  45 RPM  7"" RECORD",39.99,0.0065
v1|267722689949|0,"PAUL REVERE AND THE RAIDERS JUST LIKE ME 7"" 45 rpm RECORD COLUMBIA 4-43461",2.00,0.0065
v1|398154913548|0,Doo Wop 45: The Harp-Tones My Memories of You on Bruce 1954,2.00,0.0065
v1|267722260357|0,The RCA Victor Listener's Digest Box Set of 10- 45 RPM Records and Booklet 1953,4.75,0.0065
v1|147427376372|0,Elvis Presley 1978 Memphis With Paper Sleeve,10.00,0.0065
v1|236925831604|0,Vintage John Denver Rocky Mountain Christmas Vinyl LP 1975 RCA Victor Country,8.00,0.0065
v1|287448696252|0,"Don Williams The Best of Don Williams LP Vinyl 12"" Compilation MCA Country",10.00,0.0065
v1|800316263225|0,Marianne Faithfull LP Lot-Greatest Hits/Dangerous Acquaintances/Strange Weather,20.99,0.0065
v1|398155067439|0,Doo Wop 45: The Caronators Long Hot Summer/Senorita on Clock 1964,2.00,0.0065
v1|127966669634|0,Elvis Presley-Suspicious Minds/You'll Think Of Me-45 RCA,4.99,0.0065
v1|227423076202|0,"Chicago – Questions 67 And 68 / I'm A Man 7"" 45 RPM 4-45467 Columbia 1971 VG+",3.99,0.0064
v1|336680208760|0,Polish 45 Record,5.00,0.0064
v1|366524557806|0,"Harry Chapin Sequel b/w I Found It Sandy 7"" Vinyl 45 rpm Record 1980 Pop Rock",6.99,0.0064
v1|267718881049|0,"2 Percy Faith albums All Time Greatest Hits, George Gershwin",9.99,0.0064
v1|358776045169|0,Jerry Lewis & Patti Lewis 78 Little Man You’ve Had A Busy Day,6.00,0.0064
v1|307050805916|0,"Chubby Checker 45 RPM Parkway Limbo Rock / Popeye. P849, 1962, w/Picture Sleeve",5.00,0.0064
v1|278170191796|0,Vintage Lot of three Decca Sample 45 rpm records Ernest Tubb,14.95,0.0063
v1|127964999397|0,"Sam Harris Sugar Don't Bite Motown 7"" Black Vinyl 45 RPM 1743 MF Promo",1.88,0.0063
v1|147425947247|0,"Hank Snow Souvenirs 1961 RCA Country/Traditional Country 12"" 33RPM LP VG",4.00,0.0063
v1|158069917892|0,"“Swinging Sweethearts,”Ron Goodwin 45 Rpm",5.00,0.0063
v1|127964813032|0,willie redden 45 rpm record after ten thousand years/very good,4.00,0.0063
v1|257614306316|0,Bob Dylan - Greatest Hits With Cover And White Sleeve!!!,8.00,0.0063
v1|168518577551|0,Lot of (5) Vintage Latin JUAN GABRIEL 45 rpm 7” Vinyl PRONTO Records Spanish,14.99,0.0063
v1|398155362946|0,"Vintage Lot of 11 - DOT RECORDS 45 RPM Vinyls/Records - 7 w/Sleeves, 4 w/o",14.26,0.0063
v1|358776106987|0," Billy Joel, Tell Her About It b/w Easy Money, original 45 with Picture Sleeve ",3.00,0.0062
v1|188621762237|0,"PRINCE ""RASPBERRY BERET"" 45 PS",2.99,0.0062
v1|307052522241|0,CUMBIA GAITA SALSA GUAGUANCO 45 RPM,4.99,0.0062
v1|127965019447|0,"Merle Haggard I Think It's Gone Forever MCA 7"" Black Vinyl 45 RPM MCA-40700",1.28,0.0062
v1|298493530178|0,The Bee Gees    19-45's     NM or as Described      CHOOSE Any 8-45's For $20,20.00,0.0062
v1|287448399902|0,"ROSE ROYCE ""LOVE DON'T LIVE HERE ANYMORE"" 45 RPM",4.99,0.0062
v1|227424229107|0,"REISSUE RED VINYL BOOT  ROCKABILLY BILLY HARLAN ON BRUNSWICK   45 RPM  7"" RECORD",17.99,0.0062
v1|327248807150|0,ALFREDO GUIERREZ - El Huele Huele / El Rezao - CUMBIA CORRALERA 45,7.99,0.0061
v1|366532831503|0,"ELVIS PRESLEY, RCA LABEL #9741 45 RECORD W/PICTURE SLEEVE, ORIGINAL 1969",7.99,0.0061
v1|127964790998|0,stan campbell 45 rpm record with pic sleeves lot of 2 both promos/very good,4.16,0.0061
v1|287449675949|0,The COASTERS Lot of (4) 45 RPM Records - ATCO~Lieber and Stoller,7.00,0.0061
v1|298493696336|0,"The Temptations   Promo 45   ""Silent Night/Everything For Christmas""   1980",17.00,0.0061
v1|127964814948|0,betty johnson 45 rpm record i want a good home 4 my cat/very good,1.37,0.0061
v1|318560831123|0,"BONNIE GUITAR Dark Moon / Big Mike DOT 45-15550 VG 45 RPM 1957 Pop Rock 7""",8.00,0.0061
v1|117296107221|0,Tina Turner-Typical Male/Don't Turn-45 RPM-PS-single-soul-vinyl-Capitol 5615-NM,6.99,0.0061
v1|800316114969|0,The Beatles (France) EP 45 Paperback Writer,25.00,0.0061
v1|287448866418|0,45 RPM SINGLE RECORD ERIC CLAPTON LAY DOWN SALLY / NEXT TIME YOU SEE HER,1.79,0.0061
v1|236920798333|0,Bobby Darin – If A Man Answers/A True True Love - Capitol Pic Sleeve 45 RPM- VG,4.99,0.0061
v1|336680890210|0,"45 RPM RECORDS CLASSIC ROCK, Country Beatles, KISS Apx 80 Vinyl Lot",19.99,0.0061
v1|158075209367|0,Brenton Wood 45 I Think You've Got Your Fools Mixed Up / Gimme Little Sign VG+,8.00,0.0060
v1|198487882681|0,1960 RCA VICTOR FROM THE BEST OF CARUSO SP-33-75 RED SEAL,5.00,0.0060
v1|127966667204|0,RICKY NELSON - TRAVELIN MAN / Believe In what you Say 45 Rpm Vinyl,5.00,0.0060
v1|188621762214|0,"WE FIVE ""YOU  WERE ON MY MIND"" 45 RPM",3.99,0.0060
v1|327253886607|0,1964 ATCO The Beatles Ain't She Sweet / Nobody's Child  Fair Condition,10.00,0.0059
v1|168528701533|0,"Ella Fitzgerald, Louis Armstrong, Waller, Duke Ellington, Dizzy Gillespie 78 RPM",35.00,0.0059
v1|366524557785|0,Kenny Loggins -I’m Alright (Cadddyshack Theme) 1980 Columbia 45 RPM 7” Vinyl,6.99,0.0059
v1|168517796366|0,Jimmy Duncan-Doll House/Our Song Of Love-45 RPM-single-rock-vinyl-Back Beat 527,3.49,0.0059
v1|117294005343|0,"Snoopy VS The Red Barron, Peter Pan records 45 RPM",0.69,0.0059
v1|127966655953|0,hootie&the blowfish 45 rpm record tuckers town/araby/very good,4.00,0.0059
v1|137485924315|0,Whitney Houston- So Emotional/For The Love Of You Vinyl 45 w/Picture Sleeve,10.00,0.0059
v1|800315875349|0,The Beatles (France) 45 From Me To You,18.00,0.0058
v1|366524557778|0,"Stephen Bishop - Careless - 7"" Single 45 rpm (vinyl single)",4.49,0.0058
v1|227423273637|0,Readers Digest 45 Rpm Classical Records Mint,15.00,0.0058
v1|137485969758|0,"Bruce Springsteen War/Merry Christmas Baby Vinyl 7"" 45 RPM 1986 Single Columbia",10.00,0.0058
v1|287448868096|0,Barry Manilow CAN'T SMILE WITHOUT YOU THE OLD SONGS 45 RPM Single record Album,1.99,0.0058
v1|127965059174|0,"Bill Anderson Married Lady MCA 7"" Black Vinyl 45 RPM MCA-40964 (1978)",2.82,0.0058
v1|137499644091|0,The Earls - Never / I Keep A Tellin' You - Doo Wop  Record Vinyl - 45 RPM,5.50,0.0058
v1|278169580872|0,PAUL McCARTNEY SALLY G APPLE P-1875 PROMO 45 Beatles Wings Last Apple 45,60.00,0.0057
v1|327253629690|0,Doo Wop 45: Tony Allen & The Wanderers If Love Was Money on Kent 1961 Repro,2.00,0.0057
v1|127965159864|0,"David Bowie Golden Years / Can You Hear Me RCA Victor 7"" Vinyl 45 PB-10441",2.92,0.0057
v1|127966681778|0,bill farrell 45 rpm record you were only fooling/if/very good,1.36,0.0057
v1|307052483294|0,Yes – Roundabout / Long Distance Runaround 45 RPM,5.00,0.0056
v1|117287644868|0,"Eddy Arnold RCA Victor 45 rpm - The Tip of My Fingers/Long, Long Friendship 1966",2.49,0.0056
v1|236920046561|0,"Johnny Mathis – The Best Of Johnny Mathis: 1975-1980 Vinyl, LP 1980 Columbia ",7.50,0.0056
v1|137499414453|0,Jimmy Holiday 45 Baby I Love You MINIT,6.00,0.0056
v1|168524435292|0,"RCA Red Seal Record 45 Rpm,Scheherazade Symphonic Suite Op35",5.00,0.0056
v1|178302641175|0,The Best of Nat King Cole 12” Vinyl LP Record,1.00,0.0056
v1|127965929285|0,Wanda Jackson - Back Then /I'm Gonna Walk Out of Your Life 45 RPM,3.00,0.0055
v1|158070375316|0,"Elvis Presley ""Guitar Man"" Vinyl LP- RCA AAL1-3917",9.99,0.0055
v1|137495743728|0,10 Inch 78 RPM 4 Record Set/Selections From “Sweethearts”/Featuring Al Goodman,15.00,0.0055
v1|267722553489|0,The Beatles - Capitol LP - The Beatles' Second Album - T 2080,2.99,0.0055
v1|198488055492|0,"78 rpm Columbia 39871, Jimmy Bond, I Saw Mommy Kissing Santa, Christmas V+",2.50,0.0055
v1|800315986983|0,"Billy Joel  ""She's Got A Way' 45 Record with Sleeve Original",2.45,0.0055
v1|198486051855|0,ROLLING STONES MOTHER'S LITTLE HELPER  - 45RPM (RS-4x),8.00,0.0055
v1|127965145245|0,"Brownsville Station Lady / Rockers 'N' Rollers 7"" Vinyl 45 PS 45-149",1.76,0.0055
v1|158075826051|0,Eurythmics Who's That Girl and Aqua 45 rpm vinyl record,3.00,0.0054
v1|188621297135|0,The Beatles - Rock 'N' Roll Music Double Vinyl LP - 1976 - Capitol SKBO-11537,13.00,0.0054
v1|168523946441|0,COUNTRY SPECTACULAR-VARIOUS ARTISTS-HARD COVER-EP+45-(COLLINS KIDS+OTHERS)--PS,29.99,0.0054
v1|227424165256|0,"Brunswick Ketelbey In A Persian Market 45 RPM Vinyl Single 7"" Paper Sleeve",7.00,0.0054
v1|257613837903|0,"9 Promo Picture Sleeve 45 RPM 7"" Vinyl Records 1978 - 1982",18.00,0.0054
v1|398143900701|0,GARLAND JEFFREYS 45 rpm She Didn't Lie A&M 2074,4.99,0.0054
v1|327249006405|0,"David Rogers You've Still Got Me 7"" 45 LP Mr. Music",25.00,0.0054
v1|287449674179|0,THE BEATLES lot of (4)  **45rpm**ATCO~VEE JAY~SWAN,17.00,0.0054
v1|267722531271|0,"Beatles SWAN 45 ""SIE LIEBT DICH (SHE LOVES YOU)"" / "" I'LL GET YOU"" plain sleeve",200.00,0.0053
v1|188622092665|0,"Epic Assorted 7"" 45 RPM Vinyl Singles Lot w/ Sleeves Country Mickey Gilley",7.60,0.0053
v1|227424258370|0,"DOO WOP LONNIE HEARD ON ARLISS LABEL  45 RPM  7"" RECORD",4.99,0.0053
v1|178295263883|0,Jimmy Watford Sometime Woman & Cold Hearted World 45 RPM,5.00,0.0053
v1|236920798295|0,Bobby Darin – The Greatest Builder / Hear Them Bells - Decca Records 45 RPM- VG+,4.99,0.0053
v1|236920798291|0,Bobby Darin – The Greatest Builder / Hear Them Bells - Decca Records 45 RPM- VG+,4.99,0.0053
v1|158068287568|0,TONY BAVAAR - 45RPM - 2FER - (BOX-6),1.80,0.0053
v1|198488055627|0,Mervin Shiner 78 RPM Decca 46221 Floppy/ Peter Cottontail,3.00,0.0053
v1|168517737033|0,"Grand Funk Railroad-Footstompin' Music-45 RPM-7""-single-rock-vinyl-Capitol 3255",5.00,0.0053
v1|168525124261|0,ROBERT TEPPER-NO EASY WAY OUT-SOUNDTRACK-45 RPM-SCOTTI BROS ZS405750-EX-VINYL-PS,6.99,0.0053
v1|158068036920|0,FRANCIS A. SINATRA/EDWARD K. ELLINGTON-JUKE BOX  PICTURE SLEEVE+45+TITLE STRIPS),35.00,0.0053
v1|188621762224|0,"THE VOGUES ""YOU'RE THE ONE"" 45 RPM",3.99,0.0053
v1|227424410898|0,Olivia Newton-John 45 Record Magic 1980 Xanadu,0.01,0.0052
v1|398145813485|0,RCA Victor Folk Dance Orchestra 45 rpm Sellenger's Round b/w Gathering Peascods,4.99,0.0052
v1|398156058265|0,"David Rose Strings Alive, Johnny's Greatest Hits, Johann Strauss Vinyl Records 3",9.99,0.0052
v1|168525933308|0,THE CARS-YOU MIGHT THINK/HEARTBEAT-45 RPM-ROCK-VINYL-RECORD-ELEKTRA 7-69744-PS,5.00,0.0052
v1|227424266203|0,"DOO WOP THE PENGUINS ON MERCURY   LABEL  45 RPM  7"" RECORD",1.25,0.0052
v1|158068035327|0,DISNEY-CHILDREN'S PICTURE SLEEVE + 45-(4-SONGS FROM CINDERELLA)--PS--PIC--SLV,29.99,0.0052
v1|327253519427|0,Doo Wop 45: The Empires Love Is Strange/Have Mercy on dcp 1964,2.00,0.0052
v1|127966299656|0,The Monkees ‎– 45 RPM 1966 Record Tote Carrying Case With Handle - Davy Jones,102.50,0.0052
v1|178297937743|0,Walt Disney - The Best Of Disney Volume One Vinyl LP - Disneyland TESTED * READ,15.00,0.0051
v1|137497107968|0,"Elvis Presley RCA Victor Vinyl 45 Single ""Hound Dog""/""Don't Be Cruel"" 47-6604",6.12,0.0051
v1|287449790673|0,"Waylon Jennings Greatest Hits LP Vinyl 12"" 33 RPM RCA Country Black",15.00,0.0051
v1|178298156628|0,Vintage Chicago Bears Superbowl Shuffle Vinyl 45 Record w/Picture Sleeve,17.00,0.0051
v1|318560811823|0,Jeanette MacDonald & Nelson Eddy Indian Love Call RCA Victor 49-0200 1949 45 RPM,10.00,0.0050
v1|278170162329|0,Vintage Lot of two Decca Sample 45 rpm records Kitty Wells and Red Foley,14.95,0.0050
v1|318547641202|0,Lot of (8) Vintage MARTY ROBBINS 45 rpm 7” Vinyl Records DJ notes INTERESTING,14.99,0.0050
v1|117293568808|0,Loretta Lynn - Greatest Hits Vol. II - MCA Records - MINT,20.00,0.0050
v1|227423057068|0,Duke Ellington One O'Clock Jump/Honeysuckle Rose #3 45 RPM Capitol Records VG+,5.99,0.0050
v1|168524130887|0,FABIAN TOUGH LATE PICTURE SLEEVE+45--(A GIRL LIKE YOU)--PS--PIC--SLV,45.00,0.0050
v1|158075788020|0,The Family High Fashion and Susannah's Pajamas 45 rpm vinyl record,3.00,0.0050
v1|267719478066|0,"Shaun Cassidy - Da Doo Ron Ron / Holiday 45 rpm Vinyl 7"" Single WBS 8365",9.99,0.0050
v1|178295239065|0,"Toni Basil - ""Mickey"" - 45 RPM",1.00,0.0049
v1|147427221958|0,"BEATLES: a hard day's night / things we said today PARLOPHONE 7"" Single 45 RPM",25.00,0.0049
v1|206405509316|0,Elvis Presley Spinout Soundtrack LP (1966) LSP-3702,13.95,0.0049
v1|800315172656|0,"Ray Stevens Loving You On Paper 7"" Vinyl 45 RPM Single Barnaby ZS7 2048",5.00,0.0048
v1|377329713005|0,RCA Victor Rudolph the Red-Nosed Reindeer Paul Wing 45 RPM Record 45-5156-A,4.00,0.0048
v1|188618674229|0,"The Mamas and the Papas California Dreamin' 7"" 45 RPM Single Dunhill 45-D-4020",3.60,0.0048
v1|178295262979|0,"Paul McCartney & Wings - ""Let Em In"" - 45 RPM, Black Record Label",1.00,0.0048
v1|227422976628|0,Madonna vintage 45 Borderline single ,55.00,0.0048
v1|398155908668|0,"Exposé 'Seasons Change' 7"" 45 RPM Single",2.39,0.0048
v1|178298399373|0,Vintage Turkish 78 RPM Odeon Record Muzeyyen Senar Turnalar Gul Derler LA270391,49.99,0.0047
v1|800315986753|0,45 rpm vinyl records for sale,15.00,0.0047
v1|178297132495|0,"Bruce Springsteen - ""Fade Away"" - 45 RPM",1.00,0.0047
v1|198485848987|0,WAYLON WILLIE JOHNNY KRIS  -45rpm - COUNTRY-2,2.25,0.0047
v1|287448572388|0,IDEALS SATELLITE 2007  YOU LOST AND I WON  VG ++    45 RPM,4.99,0.0046
v1|188621762232|0,"WEDNESDAY ""LAST KISS"" 45 RPM",3.99,0.0046
v1|178295848164|0,"Kirby St. Romain - ""Summer's Comin'"" 45 RPM",1.00,0.0046
v1|298493893784|0,The Rance Allen Group ‎– Just My Imagination (Just My Salvation) 45 Record,4.99,0.0046
v1|267724138622|0,ELVIS PRESLEY GOOD ROCKIN TONIGHT SUN 210 PUSHMARKS THICK WAX RAB 45 RPM,199.99,0.0046
v1|178295404178|0,"ELTON JOHN ISLAND GIRL 7"" 45 rpm RECORD MCA 1975",3.00,0.0045
v1|407058856164|0,"35 Vinyl LP Lot Rock- Doors, Stones, Beatles, Queen, Eagles, Who, Sabbath VG+",287.85,0.0045
v1|398157871946|0,Vintage Lot of 7- DECCA RECORDS 45 RPM Vinyls/Records w/Sleeves,15.26,0.0045
v1|278173106108|0,Linda Ronstadt Lot of 5 vinyl LPs Greatest Hits Retrospective Living In The USA,14.99,0.0045
v1|117292640354|0,Willie Nelson Record Lot Honeysuckle Rose Greatest Hits 1980/1981 Vinyls,55.00,0.0045
v1|168517805707|0,"The Turtles-She's My Girl/Chicken Little-45 RPM-7""-single-pop-White Whale-WW 260",4.99,0.0044
v1|198487017332|0,VINTAGE-33 RPM LP Johnny's Greatest Hits Johnny Mathis CL 1133 .,5.00,0.0044
v1|188621762221|0,"DIONNE WARWICK ""THIS GIRL'S IN LOVE WITH YOU"" 45 RPM",3.99,0.0044
v1|398155933640|0,"CULTURE CLUB, I'LL TUMBLE 4 YA!, 45 RPM RECORD w/ PICTURE SLEEVE",2.40,0.0044
v1|127964980681|0,"45 rpm 1960's Lot of 8 W/ps +2 Beatles-Rick Nelson, Lovin Spoonful",15.95,0.0043
v1|358777118972|0,Lot Of 4 - 45’s Vinyl Records - Beatles - Simon & Garfunkel - Jonny Mathis -,250.00,0.0043
v1|336674960470|0,Al Hibbler - Trees / The Town Crier Decca 45 RPM Vinyl Single,3.00,0.0043
v1|407065865455|0,45 RPM Tony Williams REPRISE DJ 20019 Sleepless Nights / Movin In VG+,3.00,0.0043
v1|318564223412|0,"Beatles VJ 45 ""DO YOU WANT TO KNOW A SECRET"" / ""THANK YOU GIRL"" W/PICTURE SLEEVE",200.00,0.0043
v1|147425941774|0,"DON KRISS – It's Christmas/Jingle Bell Rock, 45 rpm, Carrot Records NrMt",6.99,0.0043
v1|117293689846|0,Lot Of 23 -45 Rpm Vinyls,19.99,0.0043
v1|278170157388|0,Vintage Decca Sample 45 rpm record Bill Haley See You Later Alligator Paper Boy,14.95,0.0043
v1|307052464500|0,Nancy Sinatra – Sugar Town / Summer Wine 45 RPM,5.00,0.0043
v1|278169435291|0,"REISSUE BOOT  ROCKABILLY BENNY ENGLAND  DEE JAY JAMBOREE LABEL 45 RPM  7"" RECORD",2.00,0.0043
v1|188623141008|0,6 LP'S. Johnny Cash. Greatest Hits Vol 1.,8.00,0.0042
v1|158071035058|0,VEEJAY 45 RECORD FRANK IFIELD,4.00,0.0042
v1|178301034783|0,The Best Of '66 Volume Two Columbia ABS 1,3.00,0.0041
v1|298493733449|0,Billy Vera the Beaters at This Moment Peanut Butter 45 RPM Record,3.99,0.0041
v1|800311042254|0,"David Bowie Ashes to Ashes 7"" Black Vinyl Single RCA Records Rock 45 RPM",16.50,0.0041
v1|407059680423|0,Willie Rosario – El De A 20 De Willie* Lp Vinyl * TOP HITS ,30.00,0.0041
v1|117285741824|0,"The Turtles Chicken Little Was Right / She's My Girl 45 RPM 7""",11.99,0.0041
v1|158068287493|0,JOHNNY TILLOOTSON - 45RPM - 2FER - (BOX-6),1.80,0.0041
v1|278169497581|0,"WLP JIVE POP CAROLE BENNETT ON CAPITOL  LABEL  45 RPM  7"" RECORD",3.25,0.0041
v1|287448399936|0,"Quincy Jones NM 45 rpm ""Stuff Like That"" with picture sleeve",4.99,0.0041
v1|158068034540|0,"ALLESANDRO-MOVIE PICTURE SLEEVE + 45-(THEME FROM LADY ""L"")--PS--PIC--SLV",29.99,0.0041
v1|168517885508|0,"Lloyd Price-Lady Luc-45 RPM-7""-single-soul-vinyl-record-ABC Paramount 45-10,075",4.95,0.0041
v1|327254727855|0,45 RPM RECORD PETER PAN OLIVER,5.99,0.0040
v1|800316293583|0,The Beatles (Germany) 45 I'm A Loser,15.00,0.0040
v1|137496787721|0,14 Vintage Disney and Children Records 45 RPM Lot,25.00,0.0040
v1|168526252245|0,Lot Of 120 Vintage 45 RPM Vinyl Records Various R&B Soul Artists,75.00,0.0040
v1|318547707270|0,Lot of (10) Vintage RAY PRICE 45 rpm 7” Vinyl Records DJ notes INTERESTING,14.99,0.0040
v1|287448295958|0,Elvis Presley 45 RCA VICTOR All Shook Up/That's When Your Heartaches Begin Exc,2.25,0.0040
v1|327248697263|0,LOS CORRALEROS - El Coplero / Los Tres Indiecitos - CUMBIA COLOMBIA 45,7.99,0.0039
v1|127966604126|0,david rose 45 rpm record with pic sleeve small blemishg on slv see pic/vg,1.90,0.0039
v1|267721779378|0,"STORIES BROTHER LOUIE 7"" 45 rpm RECORD KAMASUTRA 1973",2.00,0.0039
v1|800315080269|0,"Mari Jones Riba Daba Doo / Teenage Quarrel 7"" 45 RPM Tampa 45-TP 122",50.00,0.0038
v1|307050620756|0,Pake McEntire 45RPM “Bad Love” 1986 80s Country 7” Promo Poster Sleeve ,3.00,0.0038
v1|278170028432|0,"Bob Dylan ""Greatest Hits"" LP Record   Columbia KCS9463 VG",9.99,0.0038
v1|377336449507|0,Frank Parker – Ireland EP Record 1955 Columbia Irish Folk 45 RPM,5.00,0.0038
v1|267721801384|0,"45 RPM Record Collection, 14 Records in Album OLD Vinyls Lot",29.99,0.0038
v1|127964985640|0,"Neil Diamond Hello Again Capitol 7"" Black Vinyl 45 RPM Single P-4960",2.90,0.0038
v1|800315504172|0,THE BEATLES Nowhere Man ORANGE Capitol label 45,18.00,0.0038
v1|188621307638|0,"Elvis Presley Elvis Country I'm 10,000 Years Old Vinyl LP RCA LSP4460 Tan Labels",18.95,0.0037
v1|298491922558|0,The Beatles – She Loves You / I’ll Get You Swan 45 Record,7.99,0.0037
v1|158060570193|0,FLESHTONES - up front e.p. - 12”  45 rpm,25.00,0.0037
v1|287448657413|0,LOT OF (29) 45 RPM RECORDS,19.99,0.0037
v1|267722109079|0,"VINTAGE VINYL 45: Billy Joel ""Honesty / Mexican Connection"" (1978)",2.00,0.0037
v1|327255081918|0,Nat King Cole 45 Record The Christmas Song ￼,2.25,0.0037
v1|800316380547|0,The Beatles (Mexico) 45 Strawberry Field Forever,40.00,0.0037
v1|257616654909|0,LOT OF ELVIS PRESLEY PSs 45s JAILHOUSE ROCK HOUND DOG ETC...45 RPM,9.99,0.0036
v1|178295749768|0,"THE BEATLES YESTERDAY/ACT NATURALLY 7"" 45 RPM 1965 #5498 SLEEVE CAPITOL TESTED",10.00,0.0036
v1|267722334546|0,"Beatles ""And I Love Her"" & "" If I Fell"" 45 RPM Vintage Record Guaranteed Play",1.90,0.0036
v1|127964871926|0,"Elvis Presley It’s Now or Never RCA Victor 7"" 45 RPM Black Vinyl Single 47-7777",12.00,0.0036
v1|168516623756|0,Lot of (18) Vintage ELVIS PRESLEY 45 rpm 7” Vinyl Records DJ notes INTERESTING,18.50,0.0036
v1|236920798302|0,Bobby Darin – Multiplication/Irresistible You Pic - Atco 45 RPM- Good,4.99,0.0035
v1|178295838887|0,"The McGuire Sisters - ""Delilah Jones"" - 45 RPM",1.00,0.0035
v1|188622224363|0,Foster Favorites Nelson Eddy Columbia A-1507 45 RPM Old Kentucky Dolly Day ,5.00,0.0035
v1|227424161633|0,Stonewall Jackson Waterloo/Smoke Along The Track Columbia 45 RPM Vinyl Country,0.99,0.0035
v1|800316129860|0,The Beatles (France) 45 Help,25.00,0.0035
v1|127964972971|0,"Tina Turner Break Every Rule Capitol 7"" 45 RPM P-B-44003",2.66,0.0034
v1|377323249817|0,Dean Martin 45 RPM - Everybody Loves Somebody / A Little Voice Reprise 0281 1961,5.77,0.0034
v1|158068287477|0,FRANK SINATRA - 45RPM - 2FER - (BOX-6),1.80,0.0034
v1|800315540363|0,The Beatles Yesterday Capitol Subsidiary 45,55.00,0.0034
v1|287449623822|0,THE BEATLES - ROCK N ROLL MUSIC VOLUME 2 - CAPITOL - Lot #2,23.00,0.0033
v1|168506570260|0,Children’s Kids 45 RPM Peter Pan book & record Blinky the Lighthouse Ship Good,7.00,0.0033
v1|158068304740|0,NEIL DIAMOND-LLP-JUKE BOX PICTURE SLEEVE + 45--(STONES)-PS--PIC--SLV,29.99,0.0033
v1|287448866596|0,"The DeFranco Family 45 RPM Single Record Heartbeat, It's A Lovebeat",1.79,0.0033
v1|257606939761|0,"The Beatles Free As A Bird/Christmas Time 45 RPM 7"" Vinyl Picture Sleeve !",25.00,0.0033
v1|168517099512|0,Lot of (20) Vintage Latin 45 rpm 7” Vinyl Spanish GRIEGO GABRIEL  LOS SAGITARIOS,14.99,0.0033
v1|800315898315|0,The Beatles (France) 45 Michelle,10.00,0.0032
v1|236927138173|0,"Victor Manuel Paxariños/El Abuelo Vitor Belter 7"" 45 RPM Vinyl 07-632",5.00,0.0031
v1|227424330766|0,"1953 78 rpm FRANK SINATRA, MY ONE AND ONLY ONE LOVE I'VE GOT CAPITOL 2505 POP V+",19.95,0.0031
v1|168517798700|0,3-LP Lot Mike Auldridge LP Lot -Shrink! Bluegrass Country 'Dobro' 'Old Dog',4.99,0.0031
v1|267719055715|0,Angel Face with Frank Motley 1955 R&B 12” METAL ACETATE 45 Frantic HEAR,25.00,0.0031
v1|366532018429|0,"Rebbie Jackson Centipede 45 RPM Vinyl Record Single 7"" Vintage 1984 W/ Sleeve",2.02,0.0031
v1|127966082013|0,Fleetwood Mac 45 Dreams / Songbird Warner Bros WBS 8371 vg,10.00,0.0030
v1|287442087112|0,Country Compilations Record Albums various artists (Lot of 2) #2,8.00,0.0030
v1|278159489799|0,Country Compilations Record Albums various artists (Lot of 2)  #1,7.00,0.0030
v1|327254734019|0,45 RPM RECORD WITH PICTURE SLEEVE LOT OF 85 CLASSIC ROCK,32.00,0.0030
v1|327254108041|0,"BEATLES 3 Solo 45's McCartney, Harrison, Lennon lot . Goodnight Tonight PROMO ",15.00,0.0030
v1|800316066643|0,The Beatles (France) 45 Get Back,25.00,0.0030
v1|318563480093|0,45 RPM RECORD WITH PICTURE SLEEVE DAVID DAVY JONES THERE FOR A NEW LOVE,10.50,0.0029
v1|336674992512|0,FRANK SINATRA - Say Hello / Good Thing Going  1981  Reprise 45 RPM Record,3.00,0.0029
v1|800314338897|0,vintage 45 rpm records,15.00,0.0029
v1|800314242247|0,vintage 45 rpm records,15.00,0.0029
v1|800314290032|0,vintage 45 rpm records,15.00,0.0029
v1|800314150341|0,vintage 45 rpm records,15.00,0.0029
v1|168525762533|0,"Nat King Cole at the Piano Capitol Records 3 Boxed 45 RPM Vintage 7"" Records",14.00,0.0028
v1|318563485957|0,45 RPM RECORD WITH PICTURE SLEEVE LOT OF 124 POP/ROCK/R&B,31.00,0.0028
v1|227424196305|0,"REISSUE BOOT  ROCKABILLY RALPH PRUITT ON MERIDIAN  LABEL 45 RPM  7"" RECORD",3.00,0.0028
v1|227423155353|0,"Alan Jackson Gone Country / All American Country Boy 7"" vinyl single",6.99,0.0028
v1|227424277799|0,"R&B SOUL INSTRUMENTAL WLP  EARL BOSTIC & OR  .KING LABEL  45 RPM  7"" RECORD",1.00,0.0027
v1|206403864415|0,78 RPM Columbia 15497 Jack Jackson I’m Just a Black Sheep In Our Little Home,9.99,0.0027
v1|257616636693|0,ELVIS PRESLEY MYSTERY  TRAIN SUN 223 RAB 45 RPM,127.50,0.0027
v1|127964961397|0,"Willie Nelson If You've Got the Money Columbia 7"" 45 3-10383 (1976)",1.91,0.0026
v1|800325701399|0,45 RPM Al Elias RCA 7081 Chickadee / off to the Preacher VG,3.00,0.0026
v1|127966670118|0,Billy Joel Laura  / Pressure 45 Rpm Vinyl,5.00,0.0026
v1|327254732837|0,45 RPM RECORD WITH PICTURE SLEEVE LOT OF 4 THE MONKEES,9.99,0.0026
v1|327254732056|0,45 RPM RECORD WITH PICTURE SLEEVE CARDIAC KIDS LITTLE LIES/TONIGHTS THE NIGHT,9.99,0.0026
v1|407065900402|0,45 RPM Peter & Gordon CAPITOL 5211 Nobody I Know SLEEVE ONLY,3.00,0.0026
v1|178298068630|0,ALABAMA COUNTRY 45 Ernie Chaffin - Walk In My Shoes / You Walked In JB 45-118,6.99,0.0026
v1|168523947702|0,ELVIS PRESLEY-GOLD STANDARD SERIES PICTURE SLEEVE+PROMO 45-(HOUND DOG)--PS--PIC,39.99,0.0025
v1|206406075223|0,Vintage record album 45 RPM w/ Latino records,15.00,0.0025
v1|800314205558|0,vintage 45 rpm vinyl records,15.00,0.0025
v1|800314330929|0,vintage 45 rpm vinyl records,15.00,0.0025
v1|800314084668|0,vintage 45 rpm vinyl records,10.00,0.0025
v1|800314065372|0,vintage 45 rpm vinyl records,10.00,0.0025
v1|398157901368|0,"Floyd Cramer, David Bowie Vinyl Record Lot 45 RPM Limited Edition RCA",9.08,0.0025
v1|188619744210|0,"The Newbeats Touch Little Buggy 7"" 45 RPM Single Vinyl Hickory Rock 45-1269",5.00,0.0025
v1|227424204717|0,"REISSUE BOOT  ROCKABILLY  EDDIE DUGOSH ON AWARD   LABEL 45 RPM  7"" RECORD",3.00,0.0025
v1|377330109055|0,THE TROGGS 45 RPM ON ATCO # 45- 6444 ( GONNA MAKE YOU   ) ,4.95,0.0025
v1|278169549927|0,"TEEN POP HONEY SISTERS ON FABLE  LABEL  45 RPM  7"" RECORD",3.77,0.0024
v1|287448573207|0,EDDIE WILLIAMS EXCELLO 2158 YOU BROKE YOUR VOWS   VG ++     45 RPM,4.99,0.0024
v1|336679107276|0,Vintage Lot of  52 ELVIS PRESLEY 45 rpm RCA Victor Records w Covers,81.00,0.0023
v1|127964874266|0,"Elvis Presley ""Don't Cry Daddy"" RCA Victor 7"" 45 RPM Vinyl Single 47-9768",7.99,0.0023
v1|278169463984|0,"KILLER !!! BOOT  ROCKABILLY RONNIE DAWSON ON ROCKIN' LABEL 45 RPM  7"" RECORD",425.00,0.0023
v1|287448456487|0,"Elvis Presley She's Not You/Just Tell Her Jim Sa 45 RPM, RCA, 47-8041, 1962 Exc",3.25,0.0023
v1|188606842211|0,Elvis Presley 1972 RCA Pic Sleeve Vinyl 45 RPM/”Burning Love”/Pre-owned/Used. ,4.00,0.0023
v1|278169487575|0,"SWAMP  BOOT  ROCKABILLY GUITAR JEFF ON ROCKET LABEL  45 RPM  7"" RECORD",51.99,0.0023
v1|227424253533|0,"REISSUE BOOT  ROCKABILLY EDDIE GAINES  SUMMIT   LABEL  45 RPM  7"" RECORD",3.00,0.0023
v1|178295238348|0,"Bee Gees - ""Love So Right"" - 45 RPM",1.00,0.0022
v1|198485849575|0,DIANA DUKE -45rpm - COUNTRY-2,2.25,0.0022
v1|267724141345|0,ELVIS PRESLEY BABY LETS PLAY HOUSE SUN 217 PUSHMARKS RAB 45 RPM,179.99,0.0022
v1|227424212561|0,"BOOT  ROCKABILLY RONNIE DEE ON BACK BEAT    LABEL 45 RPM  7"" RECORD",29.99,0.0022
v1|800316193543|0,The Beatles (Denmark) 45 Lady Madonna,25.00,0.0021
v1|257616653809|0,ROBERT WILLIAMS/ GROOVERS CRANBERRY BLUES KILLER GUITAR VA RAB 45 RPM,9.99,0.0021
v1|227424269805|0,"R&B SOUL TITUS TURNER ON KING  LABEL  45 RPM  7"" RECORD",1.00,0.0021
v1|267724149158|0,ELVIS PRESLEY LOVE ME TENDER GREEN TINT PIC SLEEVE w/45 45 RPM,19.99,0.0021
v1|298494065578|0,Elvis Presley – Beginnings - Elvis Style Interview 45 Record Memphis Flash,2.99,0.0021
v1|236927632750|0,9 Lot 45 RPM Vinyl,49.00,0.0021
v1|178298068607|0,ALABAMA COUNTRY 45 Carl McDonald - I'll Remember You / Just Call My Name JB 101,6.99,0.0021
v1|188621762219|0,"DIONNE WARWICK ""I SAY A LITTLE PRAYER"" 45 RPM",3.99,0.0020
v1|278169537448|0,"BIG BAND ERSKINE HAWKINS ON KING  LABEL  45 RPM  7"" RECORD",1.00,0.0019
v1|307050821276|0,8 Pc Vintage Vinyl Kids 45 Rpm 33-1/3 Rpm Peter Pan Wonderland Records Christmas,6.99,0.0019
v1|800315996147|0,45 rpm records,10.00,0.0019
v1|800314356127|0,Vintage 45 RPM Record ,20.00,0.0018
v1|227424198925|0,"REISSUE BOOT  ROCKABILLY  BUBBA FORD ON MCM  LABEL 45 RPM  7"" RECORD",3.00,0.0018
v1|298494278403|0,45 rpm vinyl records,39.95,0.0018
v1|800316243436|0,The Beatles (Holland) 45 Back In The USSR,35.00,0.0017
v1|267724142954|0,JOHN LENNON BEATLES REL. KYA  1969 PEACE TALKS PROMO 45 RPM,39.99,0.0017
v1|188619746817|0,"Elvis Presley Little Sister 7"" 45 RPM Single Black Vinyl RCA Victor Rock Sleeve",5.00,0.0017
v1|178298212720|0,"Barbra Streisand - ""Greatest Hits"" & Greatest Hits Vol. II"" - LP",3.00,0.0016
v1|227424264446|0,"DOO WOP THE CORSAIRS & LITTLE SKEET UZZELL CHESS  LABEL  45 RPM  7"" RECORD",3.25,0.0016
v1|227423076078|0,"The Rolling Stones – Mother's Little Helper / Lady Jane 7"" 45-902 VG+ 1966",5.99,0.0015
v1|127966622679|0,"Styx ""The Best of Times"" 45 RPM Picture sleeve 1980 A&M Records",0.69,0.0010
v1|800316028532|0,45 Rpm Record,10.00,0.0009
v1|800316062909|0,45 rpm record,10.00,0.0009
v1|800316054642|0,45 rpm Record,10.00,0.0009
v1|800316023706|0,45 rpm record,5.00,0.0009
v1|327254733096|0,45 RPM RECORD WITH PICTURE SLEEVE LOT OF 2 THE BEATLES,9.99,0.0005
