ebay_id,ebay_title,price,keeper_score
v1|117295091305|0,THE VELVET UNDERGROUND AND NICO-EXTREMLEY RARE 1971 UK PRESS,199.99,0.9947
v1|198483748774|0,Charles Mingus East Coasting LP Bethlehem DG mono,26.00,0.9922
v1|318551378902|0,The Velvet Underground & Nico ~ S/T Limited Milky Clear Vinyl LP Record,17.50,0.9913
v1|227401532362|0,The Remains OG Yellow Epic Psych Rock PROMO COPY! NICE! NM!,259.50,0.9891
v1|236917388090|0,THE 3 SOUNDS Moods LP BLUE NOTE Mono 4044 US ‘60 EAR RVG 47 W.63rd Gene Harris,19.99,0.9889
v1|358777478660|0,John Coltrane feat Pharoah Sanders Live in Seattle Impulse AS-9202 stereo 2 LP,10.00,0.9882
v1|227401532376|0,Heart (Self-Titled) RARE Psych Rock OG on Look DEEP Groove NICE COPY! NM!,14.99,0.9856
v1|198483748776|0,Yusef Lateef Other Sounds LP New Jazz 8218 DG - Klabin collection,23.38,0.9831
v1|178291752625|0,"The Velvet Underground, Lou Reed, Nico Index Flexi",375.00,0.9828
v1|117295096844|0,THE JAZZ EXPERIMENTS OF CHARLES MINGUS,99.99,0.9801
v1|227421405815|0,The Velvet Underground & Nico Produced By Andy Warhol V6-5008 Vinyl,247.00,0.9780
v1|236923835310|0,The Velvet Underground & Nico - LP/Stereo -V6-5008(0701) /1978,98.00,0.9775
v1|377326372852|0,The Velvet Underground Nico Andy Warhol V6-5008 Stereo Lawsuit Sticker Vinyl Lp,59.60,0.9769
v1|178291637746|0,Sonny Rollins On Impulse LP (Promo Reissue),25.00,0.9753
v1|227401532354|0,Marmalade Reflections of My Life RARE Psych Rock PROMO COPY on London! NM!,35.00,0.9747
v1|117288158735|0,"GODZ The Third Testament LP 1968 U.S. ESP Disk, psych rock/folk, Near Mint Vinyl",21.98,0.9727
v1|117288158735|0,"GODZ The Third Testament LP 1968 U.S. ESP Disk, psych rock/folk, Near Mint Vinyl",21.98,0.9727
v1|227401532351|0,The Bobby Doyle Introductory Offer Psych Rock OG Green Warner Bros NICE! NM!,9.99,0.9704
v1|407056595710|0,"Soft Machine ""Fourth"" Vinyl LP 1971 Jazz Rock/Fusion/Prog Rock EX OG",5.99,0.9698
v1|227401318321|0,Stained Glass Aurora OG 1st Press on Capitol RARE Psych Rock VG!,49.99,0.9682
v1|198483749152|0,Kenny Dorham Trompeta Toccata LP Blue Note Van Gelder Joe Henderson - Klabin,270.00,0.9675
v1|267721300518|0,Mr. & Mrs. Garvey Vinyl LP 1968 WLP PROMO RARE Psychedelic Folk PSYCH OG MONO,24.99,0.9667
v1|227416931255|0,Various Blue Note Hits A New Note *sealed* Promo Jazz Funk LP on Blue Note,7.00,0.9554
v1|327252542906|0,Spirit  Feedback  Rare (1972) Epic Records Classic Psych Rock Lp,4.99,0.9552
v1|227421510529|0,1967 Cream Disraeli Gears Reaction Uk Import lp MONO Psych RARE,30.00,0.9539
v1|227401532350|0,"Merrell Fankhauser and H.M.S. Bounty ""Things"" RARE Psych Rock! TOP COPY! NM!",73.00,0.9497
v1|188599064020|0,VINTAGE-Pearls Before Swine-Balaklava-LP 1968 FOLK PSYCH ROCK (Rare),29.00,0.9473
v1|336681767635|0,RAMONES – DEMOS EP (MEGA RARE!) BLUE VINYL – 1ST PRESS 1975,240.00,0.9445
v1|227420980043|0,John Coltrane   ~ Meditations ~ Vintage  LP    ABC Impulse! – AS-9110,10.00,0.9442
v1|257605522291|0,"7"" Vinyl PUNK - Killing Joke - America/Jihad ",15.00,0.9414
v1|257610769180|0,The Smiths Meet Is Murder 1985 pressing,45.99,0.9362
v1|227401532361|0,The Robbs Self-Titled OG Psych Rock on Mercury BEAUTIFUL COPY! NM!,38.00,0.9345
v1|267720616463|0,John Coltrane - Standard Coltrane LP Prestige OJC-246 1986 Record ONLY. P-7243,2.69,0.9329
v1|318556071724|0,The VELVET UNDERGROUND & NICO Andy Warhol LP 1967 East Coast Press With Lawsuit,1199.99,0.9317
v1|227401532364|0,Rotary Connection Songs OG PROMO COPY! Psych Rock BEAUTIFUL COPY! NM!,32.53,0.9293
v1|227401532345|0,Smokey and His Sister OG WHITE LABEL PROMO VERY RARE PSYCH! NM!,19.99,0.9274
v1|257611067656|0,Sonny Rollins Tenor Madness 2011 Prestige Original Jazz Classics mono reissue,29.00,0.9272
v1|168521426201|0,Miles Davis Kind of Blue 1959 Mono 1st Press Triple 6-Eye CL 1355 DG MISPRINT,350.00,0.9253
v1|117295124853|0,"SONNY ROLLINS,THE SOUND OF SONNY,ORIGINAL AMERICAN PRESS",449.99,0.9233
v1|318556192862|0,Blacklight Braille - The Avalon Towers - 1990 Vetco - 723 Art-Psych-Experimental,25.00,0.9228
v1|298487897947|0,"Roy Ayers - ""Coffy"" Soundtrack LP - RARE SOUL FUNK OST LP - Original PROMO Press",76.00,0.9226
v1|318551771325|0,"CHI-LITES ARE YOU MY WOMAN 45 7"" VG+ US BRUNSWICK VINYL LISTEN SOUL FUNK",9.98,0.9208
v1|127966387529|0,"BLACK PEARL, Debut LP On Atlantic, Rare W.C. Psych/Blues Rockers, 1969 VG+/VG",7.86,0.9204
v1|358758630410|0,LOVEQUAKE - SELF-TITLED MOGUL RARE PRIVATE DISCO SOUL LP,25.00,0.9191
v1|236923754152|0,Coltrane Time United Artists Jazz 14001 Cecil Taylor Kenny Dorham etc.  LP,14.00,0.9166
v1|267721284344|0,REUBEN At Foxy's Five-Of-Us FTR100 Private Press FOLK PSYCH Record Vinyl LP RARE,34.99,0.9160
v1|336681767637|0,"RAMONES – HERE TODAY, GONE TOMORROW – ULTRA-RARE JAPANESE 1ST PRESS PINK COVER",39.00,0.9150
v1|267720803824|0,Split Enz - Waiata - Vinyl  1981,5.00,0.9122
v1|198483676497|0,Max Roach and Clifford Brown in Concert LP GNP Records - Klabin collection,12.00,0.9091
v1|227421665794|0,1989 Mojo Nixon Skid Roper  Root Hog or Die In Shrink Blues Psych,30.00,0.9071
v1|178291686605|0,"Quicksand Manic Compression LP 12"" Black Vinyl Record Revelation original 1995",21.71,0.9062
v1|298488648910|0,"Nolan Thomas – Too White Vinyl 12"" Single 1985 Rap / Freestyle / Club RARE",4.99,0.9062
v1|327251922737|0,STOCKHAUSEN  Gruppen fur 3 Orchester  Carre fur 4 Orchester  DG Avant Garde  NM,14.90,0.9042
v1|278161079138|0,MOGUL THRASH SELF TITLED S/T DEBUT 1ST SOLE LP ULTRA RARE ORIGINAL 1971 UK RCA!!,27.00,0.9008
v1|137493734865|0,MC5 High Time original 1971 US vinyl release gatefold Presswell,39.99,0.8999
v1|117295109902|0,"OBSCURE SPIRITUAL FREE FORM JAZZ-KENNY GRAHAM ,MOONDOG SUITE,SUNCAT SUITE",89.99,0.8954
v1|198483480684|0,Tangerine Dream Alpha Centauri  ORIGINAL LP  VG+  CONDITION,8.00,0.8947
v1|307047919577|0,"Miles Davis, Bitches Brew, Early Two Eye, 360 Sound, Credit Error To Davis VG++",99.00,0.8937
v1|158064073421|0,Joy Division Closer lp 1981 release on Factory Records Factus VI,26.00,0.8912
v1|287433418090|0,UNIVERSE SELF TITLED LP ULTRA RARE PRIVATE HARD HEAVY PSYCH BLUES~SWEDEN COLOURS,38.00,0.8883
v1|137493094514|0,In The Hands Of Karma- The Electric Toilet Psychedelic Rock OG Press Nasco 1970,500.00,0.8867
v1|147423577134|0,Black Moth - The Killing Jar Frosted Clear Vinyl with Insert and Download Mint -,19.99,0.8862
v1|257611252796|0,Lee Morgan Delightfulee Morgan 1985 Blue Note stereo reissue w/ poster,25.00,0.8849
v1|168521155091|0,The Dameans Gloryland LP 1979 Private Pressing Religious/Pop,11.00,0.8845
v1|267720787864|0,Yusef Lateef / The Complete Yusef Lateef - Atlantic Jazz Vinyl - 1968 Stereo Ex,9.99,0.8842
v1|198483676495|0,Horace Silver Serenade to a Soul Sister LP Blue Note RVG - Klabin Collection,19.38,0.8831
v1|278160415492|0,"TIM DAWE Penrod LP 1969 U.S. Straight, psych rock Near Mint Vinyl, Frank Zappa",24.98,0.8812
v1|298490311803|0,The Cure Pornography LP Vinyl 1982 SP 4902,20.50,0.8768
v1|236924017194|0,Latimore- Dig A Little Deeper LP SEALED! Not a cutout. Glades Recoeds 1978,37.99,0.8751
v1|168521617527|0,"SPLIT ENZ, ""WAIATA""",4.50,0.8749
v1|188612892688|0,"Soda Stereo Signos 12"" Black Vinyl Record LP 1987  Mexico First Pressing",75.00,0.8744
v1|198483749150|0,Dexter Gordon Gettin Around LP Blue Note Bobby Hutcherson Van Gelder - Klabin,51.01,0.8744
v1|117295108587|0,"OBSCURE R+B GROUP-THE TEENAGERS,ORIGINAL AMERICAN PRESS",59.99,0.8742
v1|227401532356|0,The Marbles Self-Titled OG WHITE PROMO COPY Cotillion Psych Rock TOP COPY! NM!,14.99,0.8736
v1|358758630795|0,BALANSAMBA - PAGODE BOSSA NOVA 3M LP BRAZIL IMPORT,30.00,0.8734
v1|227416968922|0,"THE FEMININE COMPLEX LIVIN' LOVE  Cult 12"" US '69 Athena Album DISC: EXCELLENT++",94.99,0.8719
v1|147417594098|0,"Steve Howe ""Beginnings"" 1 st US pressing Atlantic 1975 LP  Gatefold",9.99,0.8691
v1|287451139828|0,ROY AYERS - No Stranger to Love LP Vinyl Exc,12.00,0.8689
v1|178291637765|0,Miles Davis You're Under Arrest Gatefold LP (original pressing),15.00,0.8689
v1|188616960844|0,Thelonious Monk Underground Vinyl LP Album from 1968 in NM Condition,150.00,0.8682
v1|336680347606|0,Bill Evans Trio Everybody Digs Bill Evans RLP 12-291 Mono First Pressing Vinyl,500.00,0.8657
v1|137483405903|0,RARE-Goddess of Fortune LP Spiritual Sky UK 1971 George Harrison ISKCON NM Vinyl,79.99,0.8654
v1|358768384882|0,"Television Vinyl Album, Adventure VG+",30.00,0.8649
v1|178291569240|0,Stereolab - Transient Random - Noise Bursts With Announcements Vinyl,75.00,0.8639
v1|227421381882|0,"Joy Division The Peel Sessions 12"" Limited Edition Stereo UK 1987 Vinyl Record ",54.65,0.8630
v1|407058744614|0,Big Boys - No Matter How Long the Line Is - Original Enigma LP Press,8.62,0.8627
v1|327251922734|0,Foss: Paradigm  Hiller: Algorithms  Schwartz: Signals  DG Avant Garde  M-,17.90,0.8613
v1|127962485262|0,"Spazz/ Charles Bronson Split 7"" Vinyl Slap A Ham 625 Mitb Powerviolence",84.00,0.8606
v1|198475985053|0,New York Dolls- New York Dolls- Mercury 6641631 UK EX/EX Gatefold double album,75.00,0.8606
v1|800304486886|0,Heraldic Blaze - Blazoned Heraldry LP,25.00,0.8600
v1|178292795821|0,The Ramones Rocket To Russia LP 1977 Sire SR 6042 First Press  Original G+,25.00,0.8567
v1|336677355411|0,Lou Reed Rock N Roll Animal Vinyl LP (Velvet Underground),5.99,0.8564
v1|298487866803|0,Yan Tregger - Catchy LP - MEGA RARE SOUL FUNK LIBRARY LP - MTS Original 1978,19.50,0.8547
v1|127957672024|0,VOGGUE self-titled 1981 PROMO DEBUT LP on Atlantic #SD 19343 SYNTH-POP DISCO,5.99,0.8536
v1|298495157145|0,Anthony Braxton 3 Compositions of New Jazz Vinyl LP Free Jazz,20.00,0.8516
v1|117295082908|0,"OBSCURE SPIRITUAL JAZZ,AHMAD JAMAL TRIO  THE AWAKENING",399.99,0.8512
v1|257610839136|0,Paul Chambers Sextet Whims Of Chambers 1994 Blue Note Japan mono reissue,55.00,0.8501
v1|227416714832|0,MOUNT RUSHMORE 69   DLP 25934.   Indianapolis Pressing.  No Skips   KRK COL.,21.99,0.8476
v1|298487975219|0,9th Creation - Falling In Love LP - Rare Soul Funk Original 1975 First Pressing,8.50,0.8472
v1|318515477617|0,Charlene – I've Never Been To Me - US Vocal / Ballad LP 1982,4.99,0.8452
v1|227401532339|0,Liverpool Five Arrive OG RCA MONO Psych Rock STUNNING TOP COPY! NM!,14.99,0.8434
v1|227405810593|0,PAVLOV'S DOG - PAMPERED MENIAL -  ART / PROG ROCK - (RE) - VG++  VINYL,5.99,0.8430
v1|227420378929|0,Hermann Szobel – Szobel Promo Jazz LP on Arista,7.00,0.8415
v1|227416925138|0,Focus Ship Of Memories Canadian Press Prog Rock LP on Sire,7.00,0.8390
v1|168521151095|0,Duke Pearson Merry Ole Soul LP  1969 Blue Note Jazz Holiday,65.00,0.8386
v1|188613983046|0,"Don Baron – Action Vinyl 12"" Single 1988  Hip Hop / Rap / Club RARE $1 Start",1.00,0.8379
v1|257611328733|0,SUPERSUCKERS Motherf*ckers Be Trippin Orange Vinyl 2003,35.00,0.8371
v1|227405806103|0,GEORGE HARRISON - ALL THINGS MUST PASS - CLASSIC ROCK - 3 LP - VG++ VINYL,51.00,0.8353
v1|298487907433|0,"HANNIBAL ""VISIONS OF A NEW WORLD"" LP EXC VINYL/COVER WITH CUTOUT 1989",9.99,0.8340
v1|287445164343|0,Jimmy Smith Plays Fats Waller LP BLUE NOTE BLP-4100 Jazz (1962)-MONO,8.00,0.8334
v1|227416616376|0,"Virgin Prunes ...If I Die, I Die New Wave LP on Rough Trade",9.50,0.8321
v1|188613078209|0,"ECONOCHRIST Trained to Serve LP 1994, Ebullition, Born Against Rorschach Punk",29.99,0.8319
v1|178291315388|0,Rena Scott Do That To Me One More Time Promo Copy LP Vinyl,15.00,0.8317
v1|298487973011|0,Jean Jacques Perrey - Moog Indigo LP - Rare Soul Funk LP Original 1970 Pressing,23.01,0.8312
v1|298488649236|0,"Vitamix – That's The Way Girls Vinyl 12"" Single 1987 Rap / Freestyle / Club RARE",4.99,0.8302
v1|407057184163|0,BYB & SAXXY: set the record straight / give 'em a dance beat 2001 Records 1991,24.99,0.8286
v1|318551912252|0,Lonnie Liston Smith REFLECTIONS OF A GOLDEN DREAM LP NM VINYL JAZZ FUNK FUSION,9.98,0.8285
v1|358767887748|0,Blue Mitchell Vinyl Album Bringing It Home To Me VG+,39.00,0.8272
v1|298487949841|0,Tommy Stewart - S/T LP - MEGA RARE SOUL FUNK LP - Original 1976 1st Pressing,63.00,0.8247
v1|206399400829|0,Archie Whitewater vinyl record album 1970 Cadet Jazz Funk Soul Psychedelic Rock,199.99,0.8238
v1|127963013459|0,John Fahey America Takoma Records 1971 EX COND w/booklet,13.00,0.8233
v1|358768765129|0,Beastie Boys Licensed to Ill 1986 Vinyl LP Def Jam/Columbia OG Pressing ~,169.95,0.8193
v1|236928708358|0,George Harrison All Thing Must Pass Vintage 3LP Vinyl 70s Classic Rock Records ,40.00,0.8177
v1|327251922739|0,ZIMMERMANN  Die Soldaten  WERGO  WER 60030  3-lp  NM,18.90,0.8165
v1|137495551869|0,CREAM DISRAELI GEARS ATCO EX+ NICE L@@K ! ERIC CLAPTON PSYCH ROCK !,9.99,0.8164
v1|298487869767|0,Eddie Kendricks - People...Hold On LP - Rare Soul Funk LP 1972 Original SEALED!!,26.00,0.8137
v1|287447534859|0,Killing Joke  What's This For RECORD ONLY 1ST PRESS 1981  EGM 111 Vinyl LP VG++,44.89,0.8135
v1|358767390291|0,John Coltrane Stardust,29.00,0.8119
v1|168522774044|0,"Albert Ayler - Vibrations (LP, VG+, 1975 Reissue), cut out but vinyl excellent",9.99,0.8097
v1|407056595001|0,"Passport ""Talk Back"" Vinyl LP Stereo 1988 Jazz Rock/Funk Soul/Fusion NM OG",1.99,0.8093
v1|800304413521|0,Krallice - Dimensional Bleedthrough 2xLP Clear Vinyl ,58.00,0.8091
v1|198483749153|0,Anthony Williams Life Time LP Blue Note Bobby Hutcherson Van Gelder - Klabin,146.94,0.8060
v1|336677743347|0,Soundgarden Screaming Life 1st US Pressing  VINYL NM Beautiful,150.00,0.8050
v1|298487960496|0,James Brown - Hell LP - SOUL FUNK 2 LP Original 1974 Polydor Pressing,5.50,0.8040
v1|278154809870|0,"MILES DAVIS - SHOUT COLUMBIA 12"" WL PROMO",25.00,0.8038
v1|358777904525|0,Art Farmer Donald Byrd Trumpets All Out Prestige 2 LP Doug Watkins Jackie McLean,10.00,0.8024
v1|278163336272|0,new york dolls vinyl Pink ,8.18,0.8021
v1|298487917510|0,Slickaphonic - S/T LP - Rare Soul Funk LP - Albina Music Trust SEALED!!,5.00,0.7994
v1|287447534880|0,"Prince Charles And The City Beat Band -Beat The Bush, 12"" Rare Mint UK Import",11.99,0.7967
v1|236917082140|0,Milton Nascimento Ao Vivo,15.99,0.7946
v1|227401532355|0,Lord Sutch and Heavy Friends Psych Rock OG Cotillion VINYL ONLY! NICE COPY! VG+!,9.99,0.7944
v1|398152049512|0,"Ralph MacDonald Universal Rhythm 12"" Vinyl LP Jazz Funk Polydor 1984 Stereo",5.00,0.7845
v1|168520577101|0,the cure vinyl records personal collection,199.00,0.7823
v1|198483748772|0,Bobby Timmons Chicken & Dumplin's LP Prestige Promo Copy - Klabin collection,64.00,0.7789
v1|168521637481|0,"DAV KIPP~""NO SWEAT, BABY ! ""~Orig. 1957~FUNK~SOUL~R&B~7'' 45rpm~VERY RARE~$$~VG+",12.50,0.7786
v1|158064882837|0,Bergen White - For Women Only. International Records SSS #7 Vinyl LP Record,19.95,0.7725
v1|358758630876|0,THE GIANCARLO NICOLAI TRIO - GOCCIE LEO LP UK IMPORT,25.00,0.7710
v1|127962779839|0,NEW ORDER TECHNIQUE 1989 QUEST RECORDS SHRINKWRAP & HYPE STICKER NEAR MINT VINYL,59.95,0.7676
v1|206393814378|0,Marek Grechuta Szalona Lokomotywa Vinyl LP Musical Poetry Prog Rock Experimental,24.00,0.7639
v1|206393814781|0,Marek Grechuta Szalona Lokomotywa Vinyl LP Musical Poetry Prog Rock Experimental,19.00,0.7639
v1|257611159520|0,LP 1968 The Main Attraction And Now VG+/VG+,7.99,0.7584
v1|227420987631|0,Hugh Masekela ‎Masekela Vinyl LP US 1969 Stereo OG Pressing VG Soul Jazz,10.00,0.7559
v1|336677697592|0,"The Meters - Ease Back, 1969 7"" single, Funk, Soul, Bayou Funk.",8.00,0.7549
v1|206401236522|0,The Smile a Light for Attracting Attention 2-LP Yellow Vinyl Like New Radiohead,19.99,0.7546
v1|358758630420|0,AIRFORCE - SELF-TITLED AVI 8714 LP WL PROMO RARE ELECTRO-FUNK VOCORDER,100.00,0.7546
v1|257610938601|0,Sonny Rollins What's New? 2015 stereo reissue,25.00,0.7542
v1|127964207202|0,"SLOTH/CORRUPTED SPLIT 7"" RECORD",31.00,0.7532
v1|198482770483|0,"AFI Decemberunderground 7"" Vinyl x 6 Limited Set Clear RARE Near Mint. ",180.00,0.7518
v1|318558024682|0,"The Amity Affliction - Misery, Electric Blue, 1686-174331",71.00,0.7518
v1|278170810501|0,CALLIOPE-Steamed LP BUDDAH RECORDS BDS-5023 PSYCH OG US Vinyl Press,5.99,0.7517
v1|206393673372|0,Anthony Braxton~Seven Standards Vol. II PROMO Avant-garde Jazz translucent LP,13.00,0.7509
v1|178291751251|0,"Helmet Unsung 7"" (Original white vinyl)",20.00,0.7493
v1|407056848451|0,T.V. & the Tribesmen  Barefootin  Lp  TV   Stereo   HLP-8507 -mono,3.99,0.7478
v1|287451643782|0,Suicideboys-Thy Kingdom Come Limited Translucent Clear Vinyl NM+ -$uicideboy$,20.00,0.7477
v1|257610971970|0,Art Blakey & The New Jazz Messengers Live In Paris '65 Sam Records 2020,27.50,0.7466
v1|178293612940|0,"Lush Origami 5 x LP Box Set Gala, Split, Lovelife, Topolino & Spooky + bonus!!! ",299.00,0.7459
v1|188616663196|0,GEORGE RUSSELL & LIVING TIME ORCH AFRICAN GAME BLUE NOTE 85103 VINYL NEAR MINT!,6.99,0.7432
v1|257566206644|0,John Coltrane - A Love Supreme - MCA Impulse - MCA-5660,10.00,0.7431
v1|227421378583|0,Seefeel 2011 UK import Warp Records WARPLP205,48.00,0.7410
v1|358770433055|0,Mariah Carey Merry Christmas Vinyl LP Clear Red Green Splatter Unplayed,16.00,0.7408
v1|377326091225|0,"HOME & GARDEN / NKEMDI An Invitation 2000 House VINYL 12"" Record VG+ USED",5.00,0.7402
v1|287442513884|0,"MICHEAL BOSBY TOGETHER 12"" WILDLY RARE 1989 PRIVATE CHICAGO ELECTRO FUNK HIP HOP",16.49,0.7398
v1|318554919316|0,The Christians  original UK vinyl LP 1987,3.00,0.7380
v1|158054455923|0,T. REX - The Slider LP 1972 1st pressing Gatefold vinyl record album lyrics,50.00,0.7379
v1|178292348063|0,EUROPE-THE WAY OF THE WORLD-ORIGINAL 1988 VINYL LP IN SHRINK W/ HYPE BEAUTIFUL,27.99,0.7378
v1|307047877282|0,"Ramones, Pet Cemetery, Maxi Single, 1989, Sire Records , VG+/VG+",37.00,0.7376
v1|377332083986|0,"musiq Forthand Sight Vinyl 12"" LP R&B Soul Def Soul 850 630-1",15.55,0.7358
v1|257611303915|0,"Cripple Bastards Split 7"" PELME- Dawn Of Ecology 1999",20.00,0.7354
v1|278156266008|0,BLUE NOTE'S THREE DECADES OF JAZZ VOL.1  2-LP 1949-1959 VARIOUS ARTISTS COLTRANE,25.00,0.7343
v1|267720765149|0,RAMONES ROAD TO RUIN 1978 LP VINYL ALBUM,14.95,0.7308
v1|398159801771|0,REFUGEE s/t LP Prog Rock  w/Patrick Moraz From Yes And ex-The Nice Members Vinyl,5.79,0.7307
v1|287447114952|0,UK Apachi & Shy Fx Nuttah VIP Lip,85.00,0.7302
v1|298488815186|0,Get Crazy    OST  NM  Ramones  Lou Reed,10.00,0.7285
v1|377318761827|0,"SPYCE - DO IT ROCK STEADY ROTA RECORDS INTERNATIONAL 12"" WL PROMO",25.00,0.7281
v1|117295085700|0,"ART BLAKEY,ORGY IN RHYTHM VOL 1",34.98,0.7278
v1|377319933740|0,CHERYL PEPSII RILEY - MY MYSELF AND I COLUMBIA MODERN SOUL LP PROMO,8.00,0.7262
v1|137483406040|0,David Bowie – Space Oddity RALP 0131-2 NM/EX Ryko Clear Vinyl 1990,74.99,0.7247
v1|198476281392|0,Chick Corea- Circulus Blue Note BN-LA882-2 2 disc gatefold EXNM/EX 1978,24.00,0.7246
v1|358768145087|0,"Bobby Caldwell (1978) - Yellow Vinyl - Holy Grail ""Science In Action"" Matrix",75.00,0.7239
v1|147427880554|0,The Sons Of Champlin Self Titled 1975 NM Play graded,9.99,0.7231
v1|168514193544|0,steppewolf 7-abc/dunhill-1970-vinyl lp psych rock vinyl ex ,2.99,0.7210
v1|267717841730|0,LES MCCANN Talk To The People LP ATLANTIC SD 1619 US 1972 Jazz Funk VG+,13.99,0.7203
v1|257610912378|0,"*RARE* POISON-TALK DIRTY TO ME-1987 UK IMPORT VINYL-MUSIC FOR NATIONS 12"" ",85.00,0.7181
v1|358768496537|0,The Modern Jazz Sextet Vinyl Album Dizzy Meets Sonny Ex Promo,25.00,0.7179
v1|158065207915|0,Pestilence ‎- Consuming Impulse LP Vinyl possessed bolt thrower asphyx death VG+,50.00,0.7168
v1|318515414228|0,The Candymen - s/t - US Psychedelic Rock LP 1967,4.99,0.7133
v1|267723167173|0,Beat Records Vinyl LP Roots Of Electronic Sound Black Anime Art Not Tested,14.27,0.7129
v1|407056269763|0,Pape Saye “Rhythm Of Love And Wisdom” African Disco Reggae Signed OG Vinyl,11.50,0.7126
v1|178291295037|0,Diamanda Galas Panoptikon Rhythm And Noise Rare Mental Language,75.00,0.7125
v1|178291295037|0,Diamanda Galas Panoptikon Rhythm And Noise Rare Mental Language,75.00,0.7125
v1|137495439124|0,Praetorius Terpsichore German EMI-Reflexe Ricercare Ensemble Zurich RARE & FINE,6.99,0.7056
v1|298495148104|0,Sun Ra Life Is Splendid Vinyl LP Free Jazz,40.00,0.7055
v1|198481254052|0,CHARLES EARLAND ODYSSEY LP NEAR MINT US MERCURY VINYL JAZZ FUNK,9.98,0.7052
v1|358768446499|0,The Best Of Max Roach And Clifford Brown In Concert Ex,25.00,0.7031
v1|307042993675|0,The Cure 45RPM “Hot Hot Hot!!!” 1987 80s Alternative Dance Rock 7” Vinyl PS NM,11.00,0.7027
v1|236924866691|0," Nina Simone /Pastel Blues/ Mono LP-1966 - Philips Records-PHM 200-187",100.00,0.7027
v1|257610788396|0,Bill Evans Montreux III  1977 pressing Fantasy Records,20.00,0.7026
v1|336677638085|0,"Sadao Watanabe - California Shower, 1978 LP, Jazz, Fusion, Funk, Free Jazz.",8.00,0.7022
v1|398159333957|0,Reggae Private Press 12” Pumpy & The Artilleries-Black Children-Patrick Delves,9.99,0.7014
v1|278170508651|0,Brian Poole & The Tremeloes - Brian Poole Is Here! Excellent Vinyl In OG Shrink,29.99,0.7009
v1|158064066250|0,New Order Brotherhood Vinyl LP Record 1986 Qwest 1-25511 Allied Pressing Joy Div,17.99,0.6978
v1|227410516195|0,The J.B.'s  Hustle With Speed Funk Soul LP on People,7.00,0.6975
v1|227401532359|0,The Fox For Fox Sake Vol. 1 OG Panda (Missing Poster) Psych Rock NICE! NM!,9.99,0.6972
v1|227424155880|0,"In Name and Blood by Murder City Devils (Record, 2000) first pressing! ",50.00,0.6952
v1|366528511308|0,"Lebenden Toten Contamination!! 7"" EP Black Vinyl Punk Rare",20.00,0.6951
v1|188613982691|0,"Georgio – Lover's Lane Vinyl 12"" Single 1987 R&B Freestyle / Club RARE",2.00,0.6939
v1|188613982691|0,"Georgio – Lover's Lane Vinyl 12"" Single 1987 R&B Freestyle / Club RARE",2.00,0.6939
v1|377319835458|0,THE WALTER WANDERLEY TRIO - CHEGANCA VERVE MONO LP RVG,8.00,0.6912
v1|168522401083|0,Eileen Rodgers - Third Finger - Left Hand / Crazy Dream 1957 VG+,2.65,0.6902
v1|117294396600|0,Molly Hatchet No Guts...No Glory Original Vinyl Release 1983 Hype Sticker VG+ ,25.00,0.6902
v1|188614398672|0,"Sheena Easton – What Comes Naturally Vinyl 12"" Single 1991 Freestyle / Club RARE",4.99,0.6894
v1|236928248120|0,"Nina Soul - Barb Wire, 7"", (Vinyl)",29.99,0.6865
v1|287447534839|0,Deacon Blue Dignity Riches Ultra Rare 12” Promo Vinyl Lp Mint 1987 1st Press,7.99,0.6855
v1|298487969593|0,Syl Johnson - Diamond In The Rough LP - Soul Funk LP Original 1974 Pressing,6.00,0.6852
v1|278163550252|0,GEORGE HARRISON - ALL THINGS MUST PASS Apple 3 Lp  Poster 2017 Beatles NM,99.99,0.6839
v1|198483163832|0,1988 GOVERNMENT ISSUE Crash Vinyl Record LP - Giant Records w/Insert Punk Rock,46.58,0.6838
v1|198482956771|0,"RARE 2003 BEATLES FACTORY SEALED LP ‘LET IT BE… NAKED’  BONUS 7"" 1ST PRESS ERROR",191.73,0.6825
v1|307042539826|0,"Brian Friel 33RPM ""Ashes And Matchsticks"" 1976 70s Folk Rock 12"" LP PROMO Album",3.95,0.6817
v1|407062807366|0,"Antiseen EP royalty 7"" og pressing signed",55.00,0.6816
v1|227401532385|0,The Easybeats Falling Off The Edge of the World OG Psych Rock TOP COPY! NM!,12.38,0.6811
v1|358777693968|0,Jimmy Smith Back at The Chicken Shack Blue Note 4117 MONO NY USA RVG EAR Burrell,27.00,0.6808
v1|398152371968|0,The Fall Futures and Pasts - Live Vinyl LP,12.00,0.6808
v1|158054564377|0,"New Music for Virtuosos (Babbitt, Bassett, Smith & Wuorinen) lp",17.00,0.6806
v1|206393801351|0,"Stromboli ‎s/t  Alternative Rock, Post-Punk, Avantgarde, Prog Rock LP",38.00,0.6789
v1|257611028729|0,Freddie Hubbard Ready For Freddie 2014 Blue Note stereo reissue,20.00,0.6780
v1|287451835368|0,Larry Coryell – Barefoot Boy – Jazz Rock-Fusion Vinyl LP - OG VG,9.00,0.6775
v1|168520786850|0,MILES DAVIS - All 8 Mosaic Box Sets - Rare Chance- 67 Records Total - Mint Vinyl,4700.00,0.6766
v1|227420366432|0,Jimi Hendrix And Curtis Knight Get That Feeling Psych Rock Blues LP on Capitol,7.00,0.6761
v1|278170850247|0,The Dells~  LP  Freedom Means…~Soul~Funk~RARE Vinyl~,6.99,0.6714
v1|318551902203|0,JACO PASTORIUS SELF TITLED 1976 DEBUT LP NM US EPIC VINYL JAZZ FUNK FUSION,27.00,0.6714
v1|287445831481|0,The Messengers Rare Punk LP,1000.00,0.6685
v1|188613980432|0,"Royalcash – Radio Activity Vinyl 12"" Single 1983 Rap / Freestyle / Club RARE",14.99,0.6673
v1|800304772696|0,Rostorchester - Die Sonne Und Der Mond In Ketten LP,22.00,0.6668
v1|327251446137|0,IV Xample From the Fool MCAD-11220 1995 MCA Funk/Soul R & B Promo,1.00,0.6633
v1|227401532360|0,Suzanne Prince Rusty Nails and Promises RARE Psych Blues MINT! SEALED!,16.50,0.6620
v1|327252313068|0,"Depeche Mode – People Are People (Different Mix) - 12"" Vinyl - Mute - 1984",18.00,0.6614
v1|327251966106|0,JOHN NORUM - TOTAL CONTROL 1987 VINYL EPIC,16.99,0.6605
v1|287438604211|0,NOTORIOUS MIAMI 1976 DRIVE 102 TK Productions FUNK DISCO RARE White Label PROMO,30.00,0.6603
v1|178291637754|0,Savages Adore Life (Original Press),20.00,0.6553
v1|227421394483|0,Psychic Ills Never Learn Not to Love/Cease to Exist 2020 Sacred Bones Records,5.00,0.6546
v1|278164135213|0,HM ROYAL MARINES PLYMOUTH DIVISION BRITISH MARCH LP OUM 2104,4.30,0.6541
v1|198483749151|0,Sam Rivers Contours LP Blue Note NY USA van gelder - Klabin collection,98.75,0.6527
v1|287438737762|0,RUTH BROWN-ROCK & ROLL. Japanese import w/obi. mono,25.00,0.6507
v1|298488649998|0,The Beach Boys Pet Sounds 1966 Mono Press 60s Psych Pop Surf Records,99.99,0.6501
v1|206401638468|0,"""VOYAGER 1"" RARE BLUE VINYL ALBUM by PSYCHEDELIC ROCK GROUP VERVE",650.00,0.6484
v1|168514583716|0,"Nirvana - Your Opinion 7"" EP Vinyl White Label Unofficial 1995 Pool Hall Rare",22.50,0.6464
v1|257615326370|0,PEPPER ADAMS JIMMY KNEPPER Quintet LP Metro DG Mono Elvin Jones Wynton Kelly,89.99,0.6432
v1|206406143909|0,SILVER APPLES:PROMO WHITE LABEL MONO LP & Insert- condition issue 1968,88.00,0.6430
v1|158066726810|0,Bobby McFerrin -Simple Pleasures LP (1988)  EMI E1-48059  NM,5.99,0.6430
v1|158064219906|0,MPB-4 Ao Vivo LP/Vinyl  Original 1989 MPB4 NM,20.00,0.6429
v1|227421453308|0,GG Allin Hated In The Nation Vinyl,50.00,0.6422
v1|188600626310|0,"Nina Schiller ""Stay The Night"" LP. Rare promo of these dance classics.",6.00,0.6411
v1|168520833486|0,The Lowdowns 7 Inch Purple Vinyl SF Punk 1995,5.00,0.6403
v1|336677094592|0,Bobby Darin Inside Out LP Atlantic 8142 Mono,5.00,0.6387
v1|227422500725|0,Nick Hook Vinyl Collage JAM IT - Serato RARE-Check other auctions for rare Vinyl,20.00,0.6370
v1|298488649154|0,"T La Rock – Come And Give It T Vinyl 12"" Single 1989 Rap / Freestyle / Club RARE",4.99,0.6345
v1|358769455036|0,Psychic TV | Pagan Day Temple Records 1986 T.O.P.Y.017A LP UK EX/NM,59.99,0.6343
v1|278162952736|0,FUNKADELIC ONE NATION UNDER A GROOVE LP RARE ORIG. 1978 1ST ALLEN ZENT MONARCH!!,15.50,0.6302
v1|358777483642|0,Jazz Vinyl Records Lot Miles Davis Bitches Brew & Benny Goodman Digital Remaster,25.00,0.6298
v1|278163282408|0,Hoodoo Gurus - Singles Set-Rare!,40.00,0.6298
v1|298488244557|0,"Dead Kennedys – In God We Trust, Inc. 1981 US Pressing",39.99,0.6297
v1|358772068079|0,INSTANT FUNK LP SEALED + HYPE STICKER ! 1979 SALSOUL RECORDS,9.99,0.6289
v1|188616954672|0,Hank Mobley The Turnaround! MONO Vinyl LP Album from 1965 NM Condition Blue Note,500.00,0.6281
v1|377326078519|0,BOBBY COLE New! New! New! COLUMBIA Jazz 1960 VG+ VINYL LP Record USED,5.00,0.6275
v1|298488649477|0,"Young M.C. – I Come Off Vinyl 12"" Single 1990 Rap / Freestyle / Club RARE",4.99,0.6235
v1|318515357854|0,Robin Flower – 1st Dibs - US Folk LP 1984,4.99,0.6232
v1|188613984612|0,"Criminal Nation – Black Power Nation 1990 Vinyl 12"" Single Rap Hip Hop RARE",4.99,0.6220
v1|327252333518|0,"The Cult - Love Removal Machine Vinyl 12"" Single Beggars Banquet Records UK 1987",14.99,0.6214
v1|800304835861|0,Intorment - S/t LP,22.00,0.6202
v1|800304454011|0,Iskra - Bureval LP,16.00,0.6202
v1|147422702763|0,Robb Strandlund LP,8.00,0.6202
v1|178291752632|0,"Dinosaur Jr / Elyse Weinberg Houses split 7""",10.00,0.6189
v1|358767531921|0,Cabaret Voltaire Vinyl Album Code Nm,30.00,0.6181
v1|168514409668|0,"28 Random Vinyl Records, Not Playtested.",10.00,0.6179
v1|158065630808|0,Tiger Army Self Titled CD 1999 HellCat Records RARE,13.99,0.6170
v1|178281725981|0,Vintage 1968 Transformed Man by William Shatner Original Pressing ,75.00,0.6155
v1|307048127273|0,"THE GRASSROOTS ""MOVE ALONG"" LP 1973 EXC VINYL/COVER-CLEAN SHEEN VINYL",9.99,0.6148
v1|318515429746|0,The Smithereens – Green Thoughts - US LP 1988,7.50,0.6147
v1|257611085342|0,Freddie Hubbard Hub Tones 2010 Blue Note Analogue Productions numbered reissue,89.00,0.6139
v1|407056117320|0,Gil Scott-Heron “ “B” Movie” Arista 12” DJ Promo SP-116 Disco Soul Funk ,9.99,0.6110
v1|117294170429|0,Lp-C.H.S-9.String Quartet N.4-BELLA BARTOK.Guilet string Quartet.NM,4.99,0.6110
v1|298488901256|0,"1987-SADAO WATANABE, "" BIRDS OF PASSAGE"" , 12"" ELEKTRA PROMO RECORD , BOSSA NOVA",1.99,0.6102
v1|236923784141|0,"Patti & Rod - Inner City Peace 12"" Black Vinyl LP Religious",1.00,0.6096
v1|236917204642|0,Aztec Camera Oblivious 12 Inch Uk. Not Pedestrian US Version Rare Live Versions.,9.99,0.6091
v1|117295105440|0,"ATTEN-LOW RIDERS,INSANELY RARE MODERN SOUL ,KEELO PRI  PRESS,500 COPYS,PRESSED",599.99,0.6071
v1|800304327531|0,DJ Jes Musical Ethics EP NRK Sound Division 2001 nrk 047 45RPM Black Vinyl,3.37,0.6071
v1|137500020229|0,"1988 Caldwell Plus – As We Bop 12"" Album Vinyl Record",13.00,0.6070
v1|227418686935|0,Yaz Upstairs At Eric's Electro Pop New Wave LP on Sire,9.00,0.6059
v1|178291830211|0,Kahn Space Shanty Vinyl Nm,99.99,0.6052
v1|287445968545|0,"Aphex Twin, AFX /Analogue Bubblebath 1994 US Vinyl TVT Records TVT 48101",125.00,0.6050
v1|407057178213|0,"Craig Huxley / Craig Hundley / Skin ""This Iz Skin"" Vinyl 12"" EP (NM / RARE) Club",24.99,0.6046
v1|127962478482|0,"NEANDERTHAL/RORSCHACH SPLIT 7"" VINYL MITB Vermiform Slap A Ham Crossed Out ",34.00,0.6024
v1|377326091276|0,CURTIS COUNCE Carl's Blues CONTEMPORARY 1960 Jazz LP VINYL Record ALBUM VG+ USED,59.04,0.6023
v1|227416932421|0,"Various Notes Worth Holding, Vol.1  *sealed* Promo Jazz Funk LP on Blue Note",7.00,0.6019
v1|366530248267|0,Beatles Abbey Road US Apple Records US FIRST PRESSING Winchester 1969,12.00,0.6019
v1|158064059675|0,Galorn 1978 Original Pressing Vinyl,60.00,0.6018
v1|358770600020|0,Chappell Roan Midwest Princess Vinyl Coke Bottle Clear Glitter Unplayed,35.00,0.6017
v1|158064060315|0,"Tears for Fears - Shout US and UK Remix Versions (vinyl 12"" Single 1984 Mercury)",8.99,0.6017
v1|358777828767|0,The Kenny Drew Trio Riverside 12-224 WHITE LABEL 1st Paul Chambers Philly Joe OG,115.50,0.6014
v1|227421530497|0,Promo 1987 The Screaming Blue Messiahs Bikini Red Elektra 9-60755 Vinyl Rock NM,4.95,0.5996
v1|168525822756|0,THE FALL The Real New Fall LP Baby blue Vinyl Record LP 2004 Narnock NCK7018,75.00,0.5990
v1|236924324433|0,KISS The Girls And Make Them Die 2 Lp Vinyl 1988 Parrot  EX Eric Carr Live NYC,70.00,0.5956
v1|398159727944|0,Tyrone Be Free Test Pressing RH Factory Prod Prestige Records Club Dub DJ Vinyl,6.88,0.5940
v1|117294400079|0,Patti Smith Group Wave Original Vinyl Release 1979,25.00,0.5939
v1|307049556468|0,"KILLING JOKE 1982 10"" LP ""HA"" LIVE egmdt4 original vinyl 6 tracks album record!",54.00,0.5933
v1|147423320068|0,The Groupquake LP RCA Victor SPS-33-525 PROMO DJ Only 1968 Psych Comp NM Vinyl G,20.00,0.5929
v1|198487852065|0,Spiff Music At Last Private Press New Wave Synth-pop SRG-01 Rare  1989,100.00,0.5922
v1|147424506591|0,"POCO HEAD OVER HEELS Stereo Vinyl LP Like New, Opened, but never played",40.00,0.5902
v1|278160751865|0,"RAPTURE VICIOUS RAGE 12"" WILDLY RARE 1986 PRIVATE CHICAGO RANDOM RAP ON PELICAN!",12.84,0.5883
v1|318556421238|0,Sountrack Lot LP-Benji/Oliver/ 2001 Space Odessey/Around the World in 80 Days,7.50,0.5882
v1|407056317405|0,Jah Shaka Meets Mad Professor “At Ariwa Sounds”  SALP84 UK Reggae Dub Vinyl,16.50,0.5865
v1|336676847595|0,Such Gold A Loss for Words' Split EP Record 7” Vinyl Black Pop Punk Blink 182,12.99,0.5859
v1|358758630131|0,SKYY - SELF-TITLED SALSOUL LP,8.00,0.5849
v1|336676721051|0,"The Modern Jazz Quartet, Blues At Carnegie Hall Record VG++, Atlantic Records",10.00,0.5806
v1|206401946543|0,"Thee Midniters Whittier Blvd Vinyl LP Stereo OG Pressing VG-, G",65.00,0.5787
v1|206401021708|0,"Earth A.D. by Misfits (Record, 1983 Original Release)",52.00,0.5786
v1|137493509497|0,Frijid Pink by Frijid Pink Vinyl Record,16.00,0.5767
v1|800304284015|0,"Circulation Green Guidance Recordings 12"" Black Vinyl Record Electronic",4.58,0.5758
v1|206393562804|0,"EAST Rések A Falon HUNGARIAN Space Rock, Prog  LP",36.00,0.5757
v1|407056596421|0,"Cat Stevens ""Matthew & Son"" Vinyl 2LP 1971 RE Gatefold Folk Rock/Pop Rock Deram",2.99,0.5721
v1|298488501552|0,PUNK AND DISORDERLY ORIGINAL 1982 U.K. ABSTRACT RECORDS FIRST PRESSING LP BILBO,49.99,0.5717
v1|377318771024|0,"RARE ESSENCE - SHOO-BE-DO-WOP SOUNDS OF THE CAPITOL GO-GO 12""",8.00,0.5714
v1|198481275067|0,DEODATO LOVE ISLAND LP NM NEAR MINT US WB VINYL JAZZ FUNK DISCO 1978,9.98,0.5687
v1|398151870569|0,HERBIE HANCOCK LP  Wb 1970's JAZZ Fat Albert Rotunda  180G NEAR MINT NM Chicago,6.98,0.5670
v1|257605692807|0,ALKALINE TRIO SELF TITLED LP COLORED VINYL PURPLE BLUE MARBLE RARE,33.00,0.5669
v1|188521301392|0,Dizzy Gillespie - The Sonny Rollins/Sonny Stitt Sessions - (2LP) Verve Vinyl -EX,1.25,0.5667
v1|398150288422|0,"1979 LP EMIGRE' SELF TITLED, CHR-1228, Promo Album, LP=Excellent, Album=VG Cond",6.00,0.5657
v1|377326091259|0,"THE LIMRAY Lucid Dreams ZONE 2000 UK House VINYL 12"" Record VG+ USED",5.00,0.5651
v1|358768768964|0,FRUT-vinyl ,18.00,0.5644
v1|117290182563|0,X-vinyl ,10.00,0.5644
v1|137500164721|0,"DETHKLOK -Dethalbum IV, Ltd 1st Press SPLATTER COLOR VINYL LP Gatefold+OBI New!",45.00,0.5641
v1|227416593121|0,Danzig Self-Titled Debut Album Original 1988 U.S. Press,199.99,0.5640
v1|147424498776|0,"Cat Stevens Matthew & Son LP Vinyl Deram 1980 12"" Black Stereo DES 18005-10",9.99,0.5630
v1|188616952859|0,SEALED Bill Evans Everybody Digs Bill Evans MONO Vinyl LP Album from 1959,1000.00,0.5613
v1|327251375652|0,Keith Jarrett ~ Arbor Zena ~ ECM Vinyl Promo LP.,15.00,0.5597
v1|327251557451|0,Records Vinyl,3.76,0.5594
v1|178293826499|0,THE BABYS-HEAD FIRST VINYL LP-BEAUTIFUL VINYL COPY-ORIGINAL US PRESSING NICE,28.60,0.5590
v1|257611450794|0,Tori Amos Boys for Pele 2x Vinyl LP RARE 2016 Rhino Pressing In Hand Ready Ship,46.50,0.5578
v1|307049908955|0,"PRIVATE 1963 MN Surf Punk LP - TRASHMEN ""Surfin' Bird"" GARRETT RECORDS - Mono",5.50,0.5573
v1|366528799760|0,1970 RCA NINA SIMONE LP,20.00,0.5562
v1|366528799760|0,1970 RCA NINA SIMONE LP,20.00,0.5562
v1|278155837403|0,"Black Flamingos - Neon Boneyard In Shrink, Pink Vinyl Hard To find LP. NM",34.95,0.5552
v1|168521286759|0,"Midnight String Quartet ""Chamber Music For Lovers"" vinyl LP 1971 Viva V36024",2.36,0.5548
v1|137500006259|0,Kenny G G Force LP NM/NM 1983 1st Press Arista ALB 8192 ,12.99,0.5540
v1|188616958053|0,Grant Green Sunday Mornin' Vinyl LP Album from 1966 in VG+ Condition Blue Note,150.00,0.5537
v1|366528823882|0,Skin Yard Fist Sized Chunks Vinyl,40.00,0.5527
v1|257611159626|0,LP Original 1975 John Valby Dirt VG+/VG+,7.99,0.5523
v1|407056632630|0,Klaatu - Sir Army Suit - 1st Press Capitol Records - Vinyl LP -,12.00,0.5522
v1|267720610510|0,HARVEY MANDEL / Righteous/ LP/ PHILIPS PHS600-306 Stereo WLP,2.89,0.5515
v1|800304465739|0,"Rocket Revolution EP Grayhound Recordings 12"" Vinyl EP Black Card Sleeve",4.92,0.5502
v1|278160231392|0,"MORDICAI JONES self-titled LP 1972 U.S. Polydor promo Link Wray, near mint vinyl",49.98,0.5501
v1|358758630650|0,RICK WEBB - SITTING ON YOUR DOORSTEP WHMR RARE MODERN SOUL LP SHRINK,25.00,0.5501
v1|267717816433|0,PAIR Original HEART LPs  Vinyl Records Private Auditions Passionworks Both VG-NM,19.99,0.5491
v1|227401532342|0,Aslan RARE Christian Psych Rock-Pop COMPLETE with Poster NICE TOP COPY! NM!,10.50,0.5485
v1|178292751031|0,Rare 1931 Chevrolet 4-inch promotional Flexi-disc,0.99,0.5477
v1|117295099861|0,"OBSCURE RAGGAE-THE WAILERS CATCH A FIRE,ORIGINAL LIGHTER COVER",169.99,0.5474
v1|287444736632|0,"Pavement – Slanted & Enchanted LP, 2010 Press, Near Mint, w/ Download card",20.00,0.5468
v1|366528831247|0,Joe Jackson - Blaze of Glory Vinyl 1989 A&M SP-5249 cut-out,3.50,0.5455
v1|206400584175|0,The Robin Hood Players-Happy Birthday Party LP  RH19 Rare Tested Works,6.99,0.5449
v1|227421291520|0,LADYTRON 604 2021 Synth Pop 2xLP RED / CLEAR VINYL Record ALBUM VG+ USED,29.52,0.5446
v1|318557399264|0,Foreigner  Inside Information  Rare 1987 Atlantic Pop Rock Record Club Lp Sealed,4.99,0.5422
v1|318512788380|0,Kevin Rowland & Dexys Midnight Runners – Too-Rye-Ay - US LP 1982,4.99,0.5422
v1|318512179864|0,Breathe – All That Jazz - US LP 1987,4.99,0.5418
v1|358758630165|0,BROWNIE McGHEE SONNY TERRY - BLUES & FOLK PRESTIGE BLUESVILLE 1005 LP RVG,75.00,0.5407
v1|336680432265|0,"Depeche Mode ""Personal Jesus"" 12 BONG 17 Mute - VG+/VG+",39.99,0.5395
v1|307048169141|0,Ahmad Jamal Vinyl Freeflight SIGNED MCA-29043 Impulse! ,19.93,0.5384
v1|147422502842|0,Beastie Boys - Paul's Boutique LP vinyl - Beastie Boys Records – C1-92844,175.00,0.5384
v1|158064922346|0,ALUN DAVIES DAYDO VINYL LP RECORD (1972) INSERT ,5.00,0.5380
v1|278160862965|0,"MELODIOUS MYLES NOTIONS 12"" WILDLY RARE ORIGINAL 1987 PRIVATE CHICAGO HOUSE JAM!",10.50,0.5374
v1|336677262142|0,"New Man, New Songs, Same Shit, Vol. 2 by Me and That Man Adam Nergal Darski LP",10.00,0.5361
v1|336677255738|0,"New Man, New Songs, Same Shit, Vol. 1 by Me and That Man Adam Nergal Darski LP",10.00,0.5361
v1|307051176834|0,Bad English Self Titled LP in Shrink & Hype,16.50,0.5354
v1|287451144417|0,FREDDIE HUBBARD First Light CTI LP VG+ gatefold,17.00,0.5352
v1|327251985125|0,RARE! LOON 2003 Double Vinyl 2xLP Record PROMO VG,7.99,0.5348
v1|398151599348|0,LP Original 1975 Golden Earring Switch VG+/VG+,6.99,0.5347
v1|398151599348|0,LP Original 1975 Golden Earring Switch VG+/VG+,6.99,0.5347
v1|198475277878|0,Fermata ‎Generation jazz rock green labels club edition LP ex-Collegium Musicum,40.00,0.5344
v1|287451861800|0,Japanese Breakfast Soft Sounds From Another Planet DOC133,10.00,0.5322
v1|158063797722|0,"Crazy Town – Butterfly Rare promo 1999 Press 12""  Vinyl",19.99,0.5305
v1|398150349081|0,Charles Manson Lie The Love And Terror Cult Lp White Vinyl,90.00,0.5300
v1|117289791434|0,GHOST HORSE TROJAN DLP MATH RECORDS NEAR MINT! Contemporary Jazz Experimental!,14.99,0.5283
v1|127966808707|0,ORIG 1963 Jan & Dean STEREO Liberty LP Drag City in SHRINK ! Mint- Condition!,24.99,0.5280
v1|227421291481|0,NEFFVUE '77 Manheim Lancaster PA EVA-TONE Blue Flexi-Disc USED,5.00,0.5279
v1|257611434896|0,"The Teardrop Expldes ""Wilder"" used U.S. Gold-stamped Promo album",15.50,0.5270
v1|127957693489|0,"EARL ""FATHA"" HINES Quintessential 1974 JAZZ LP on Chiaroscuro #CR-131 Stereo",5.99,0.5268
v1|298489141291|0,JJ CALE Troubadour LP '76 SHELTER Original 1st,34.95,0.5255
v1|267718253277|0,Python Lee Jackson – In A Broken Dream LP - 1972 - VG/G,7.00,0.5254
v1|206401605800|0,"Mosh Pit EP No.2  Lilo & Stitch Disney 2003 Japan Ska, Punk, Hard Rock Vinyl",10.00,0.5250
v1|206399801225|0,1964 JAZZ LP - THE BIG SOUND - GENE AMMONS - FREE SHIP - audio clips available,20.00,0.5249
v1|188614409322|0,"The Pretenders – Learning To Crawl, 1984 LP, Sire – 1-23980-VG+ Condition",6.50,0.5245
v1|366528705302|0,"L7 Keep On Rockin' EP 7"" Black Vinyl 45RPM Super Stereo Mono 1991 MFC-88902",16.00,0.5244
v1|227421291536|0,"CHUPHER Systems Pumpin EP LIMBO 1997 UK Hard House VINYL 12"" Record VG+ USED",5.00,0.5242
v1|287447534875|0,KISS LP Animalize 1st Press Mint Vinyl Mercury Polygram Played 1x 1984 In Shrink,15.89,0.5240
v1|318551958485|0,JOHN TROPEA SELF TITLED 1975 DEBUT LP NM US MARLIN VINYL JAZZ FUNK GUITAR,9.98,0.5237
v1|278170802290|0,"Classic Rock Psych Folk-8 45 Lot  Troggs Lindisfarne Obscure 7"" vinyl 60's 70's",4.99,0.5230
v1|278170802290|0,"Classic Rock Psych Folk-8 45 Lot  Troggs Lindisfarne Obscure 7"" vinyl 60's 70's",4.99,0.5230
v1|178291637750|0,Pere Ubu The Art Of Walking LP (Original Press),20.00,0.5221
v1|298488983981|0,Booker T & MG’s Original Stereo Lp - Best Of Booker T & MG’s - Atlantic 1968,12.75,0.5209
v1|318563504785|0,Womb - Womb 1969 Dot - Still In Shrink EX/EX - Progressive Psych,40.00,0.5190
v1|407056632696|0,Imperials ♫ No Shortage ♫ 1975 Impact Records Original Press Vinyl LP,15.00,0.5184
v1|257605522319|0,Chron Gen - Live On The Apocalypse Tour June 1981 - 1983 UK Pressing - Apoca-1,20.00,0.5182
v1|147424506530|0,Like New Firefall Self Titled Rock 1976 Vinyl LP Atlantic Records SD-18174,40.00,0.5182
v1|278165869282|0,"The Chosen Radio Spot, Rare Apocalyptic Horror, American International,Halloween",75.00,0.5178
v1|287445477960|0,FUNKADELIC LET'S TAKE IT TO THE STAGE LP WILDLY RARE ORIG. WESTBOUND 1ST PRESS!!,21.50,0.5176
v1|198483748773|0,Archie Shepp Four For Trane LP Impulse Van Gelder DJ Promo - Klabin collection,22.00,0.5171
v1|366528466839|0,Atrocious Madness Spectres Of Holocaust EP Black Vinyl Punk Wicked Witch Rare,40.00,0.5156
v1|307048345010|0,The Beach Boys / Pet Sounds 1966 British Press Original Mono Capitol-EMI T2458,34.00,0.5149
v1|178292676018|0,"Canaan LP Record, The New Sounds Of LeFevres, VG ",1.50,0.5145
v1|127962941256|0,"1974 Electric Light Orchestra ""Eldorado"" Vinyl LP Album - EX Cond. W/Dust Jacket",6.99,0.5141
v1|267721284080|0,PHILIP GLASS REWORK REMIXES Record OG 1st press White Gray Splatter Vinyl RARE,79.99,0.5130
v1|227420364435|0,Lime - Lime 3 Dutch Electro Pop Disco LP on Prism,7.00,0.5127
v1|127957693638|0,DICK ST. NICKLAUS Magic 1979 FUNK SOUL DISCO LP on Epic #JE 36178 Debut PROMO,5.99,0.5117
v1|298487917755|0,D.O.A. – Bloodied But Unbowed (The Damage To Date 1978–83) ORIGINAL 1983 Punk,35.00,0.5114
v1|127957693558|0,ELEK BACSIK Bird And Dizzy A Musical Tribute 1975 JAZZ LP Flying Dutchman 1-1082,5.99,0.5110
v1|327246933112|0,New Triumvirat Presents Pompeii~German~Rock Krautrock~1977 Vinyl LP Excellent,90.00,0.5096
v1|358770423600|0,Olivia Rodrigo Sour Vinyl LP Blue Translucent Alt Cover Unplayed,17.00,0.5093
v1|278163377840|0,PARLIAMENT MOTHERSHIP CONNECTION LP WILDLY RARE ORIG. 1975 SMOKING MAN 1ST PRESS,9.00,0.5079
v1|800308793896|0,"BLIND JOHN DAVIS-ALIVE, ""LIVE"" AND WELL-CHRISCHAA CB-30-3301, LIVE 1973",10.98,0.5078
v1|358758630664|0,KASHIF - CONDITION OF THE HEART ARISTA LP SHRINK,8.00,0.5068
v1|358771778119|0,Tonio K – Life in the Foodchain (1978 US White Label Promo LP + Bio Insert),20.00,0.5060
v1|307052484072|0,SEA TRAIN - Watch  1973 US WL  BS2692 VG+  Gatefold / Blues Project,7.50,0.5059
v1|127962550640|0,TEEN ROCK- DON HINTON - HONEY BEE/JO AN - Original Philips  PROMO- VG+,8.00,0.5054
v1|227421291498|0,ART CISSELL Live At The Saenger SWING CLUB Private Press VG+ VINYL Record USED,5.00,0.5042
v1|287447534855|0,Golden Treasury Of Fairy Tales ULTRA RARE PICTURE DISC 1960 Vinyl LP Art Carney,34.95,0.5041
v1|227421273639|0,Brian Auger’s Oblivion Express Straight Ahead 1974 APL1-0454 Vinyl LP RCA Victor,4.00,0.5036
v1|188614056180|0,"HEAR👂Art Hodes Jazz Men Sugar Foot Stomp Sweet Georgia Brown Blue Note 12"" 78",14.99,0.5026
v1|178291637778|0,Don Cherry Mu First Part LP (reissue),25.00,0.5014
v1|278170810678|0,SATOR-SLAMMER!-LP-VINYL-Rare Punk Metal Import SWEDEN-RADIUM RA 033,5.99,0.5003
v1|358758630409|0,RAY CHARLES - YES INDEED! ATLANTIC MONO 8025 LP BULL'S EYE LABEL DG,8.00,0.4946
v1|137492004637|0,The Shamen – Move Any Mountain - Progen 91 LP - Epic – 49 74043 Vinyl 1991,2.99,0.4940
v1|127962291416|0,"Grief/Soilent Green Split 10"" Doom Metal Green Vegetable Matter Electric Wizard ",41.00,0.4936
v1|298496206255|0,Boris With Merzbow - 2R0I2P0 Vinyl LP Ltd 100 Private Pressing Noise Stoner Doom,39.99,0.4930
v1|267720613738|0,THE MUSIC OF ERIK SATIE: THE VELVET GENTLEMAN LP '70 DERAM DES-18036 VG/VG+,3.87,0.4926
v1|327252353635|0,"1986 VINYL LP by MACALPINE, ALDRIDGE, ROCK, SARZO ""PROJECT DRIVER"" M/NM",18.99,0.4925
v1|227416620116|0,Abrasive Wheels Black Leather Girl UK Press Punk LP on Clay,12.50,0.4921
v1|227418689457|0,Altar Boys self titled Xian Punk Rock LP on Ministry Resource Center,7.00,0.4918
v1|336677677136|0,"Stanley Winston - No More Ghettos In America, 1965 7"" promo single, Soul, Funk.",7.00,0.4915
v1|257611067626|0,SMALL FACES - PLAYMATES - UK IMPORT - LIKE NEW MINT,19.99,0.4913
v1|336677691669|0,"Osamu Kitajima - Masterless Samurai, 1981 LP, Jazz, Fusion, Jazz-Rock.",8.00,0.4913
v1|227424136571|0,Small Brown Bike Dead Reckoning Vinyl LP Blue Vinyl Record,30.00,0.4911
v1|227416622268|0,New Model Army Thunder And Consolation New Wave LP on EMI,7.00,0.4892
v1|158063755417|0,"Yuzuru Sera - Recital ""The Days Of Wine And Women"" / VG / LP, Album, Stereo",19.95,0.4892
v1|336677402769|0,LIVE AT THE KNITTING FACTORY Vol. 1 Promo LP A&M SP5242 (1989) M/NM Rare!,25.00,0.4892
v1|227416553271|0,Front 242 Endless Riddance Electronic EP on Wax Trax,12.50,0.4837
v1|198483701731|0,Don Friedman Metamorphosis LP Prestige 7488 Van Gelder - Klabin collection,12.00,0.4835
v1|227410514488|0,The Escorts All We Need Is Another Chance Soul Funk LP on Alithia,7.00,0.4820
v1|137484652360|0,John Lennon-Imagine (1971 US Apple SW-3379 1st Press + Poster/Postcards) VG+/NM,74.99,0.4807
v1|257610843908|0,NM VINYL LP RECORD + Insert !  GONE WITH THE WIND MAX STEINER POLYDOR  1983,12.34,0.4806
v1|307048412360|0,HAPPY BIRTHDAY TO AMERICA Mr Pickwick Feat. Kate Smith 1974 Vinyl LP Record,8.00,0.4797
v1|117289792148|0,ART PHAG SELF TITLED LP 33 RPM featuring GOLF DETROIT RARE PSYCHO-JUNGLE GRUNGE!,14.99,0.4789
v1|377319835806|0,MARINA GRANOVSKAJA KESTUTIS LUSAS - JAZZ COMPOSITIONS MELODIYA RARE RUSSIAN LP,100.00,0.4786
v1|178291739604|0,"Blind Melon Tone of Home 7"" (WLP)",10.00,0.4781
v1|307050019952|0,TEMPEST  TEMPEST FIRST ALBUM RARE PROMO COPY HYPE PROMO STICKER ON HALF GATEFOLD,24.99,0.4780
v1|158064471925|0,"Smashing Pumpkins - Chicago Tapes and Unreleased Demos, vinyl,",99.99,0.4768
v1|287450260706|0,Sarah Vaughan - Copacabana RARE OG 1981 Press (VG+) LP 2312-125,9.00,0.4763
v1|358756526063|0,Me First & the Gimme Gimmes -- Blow in the Wind LP (White vinyl) near mint,175.99,0.4756
v1|257611434992|0,"Tangerine Dream ""Phaedra"" used original U.S. gatefold album",15.50,0.4754
v1|127962341748|0,Johnny Frigo Sextet Original LP Jazz Is Now 1967 Orion LP 110 VG++,5.99,0.4727
v1|407056596689|0,"Ambrosia ""Self-Title"" Vinyl LP Stereo 1975 Prog Rock/Soft Rock Terre Haute OG",2.99,0.4726
v1|307042267936|0,"The Bus Boys “American Worker” Vinyl = NM 12""LP Record Rock,Electronic,Funk/Soul",4.50,0.4724
v1|358755567379|0,GIL SCOTT-HERON & BRIAN JACKSON - HELLO SUNDAY! HELLO ROAD! ARISTA 45 WL PROMO,60.00,0.4715
v1|236929050770|0,Italo Disco Aleph Fly To Me 12” Single,14.99,0.4704
v1|198483599933|0,THELONIOUS MONK Palais des Beaux-Arts 1963 Colored Vinyl LP #1521/2000 NM- OOP,10.00,0.4702
v1|327251984347|0,The Mad Show A New Musical Revue Based On MAD Magazine LP Vinyl Record Album,12.00,0.4694
v1|227421291465|0,HAIR Original Japanese Cast Recording RCA 1971 Psych VG+ VINYL LP Record USED,7.50,0.4693
v1|236917419089|0,Italo Disco Dhuo Walkin’ Sire 12” Single,9.99,0.4692
v1|287447113944|0,"TERROR SQUAD - 12"" - Whatcha Gon Do/ Pass The Glock - Atlantic 0-84507- VG++/VG+",7.00,0.4692
v1|800305360611|0,PHIL COLLINS Face Value original PROMO LP 1981 ATLANTIC SD 16029 Promotional,8.00,0.4691
v1|287445840308|0,"MEGARARE Vengaboys – We Like To Party! (The Vengabus 12"") Vinyl",24.00,0.4690
v1|287450708534|0,White as Snow By James Felix Record LP 80s R&B Funk Jazz Rare Soul,9.00,0.4687
v1|318512147738|0,Various – 2001: A Space Odyssey - US Soundtrack Reissue LP Gatefold 1971,4.99,0.4686
v1|127957693577|0,FOXY Get Off 1978 FUNK SOUL DISCO LP on Dash #30005 8 tracks Tena's Song etc.,5.99,0.4685
v1|188614398486|0,"Maurice ""C"" And The Homecrew – Funk You 1986  Vinyl 12"" Single Rap  RARE",4.99,0.4674
v1|227421281577|0,AFRICAN METHODIST EPISCOPAL Grant L.A. PRIVATE PRESS M- VINYL LP Record USED,5.00,0.4666
v1|168521431565|0,Oscar Brown Jr. & Luiz Henrique  Barra Limpa 1547 Rare Disc In Mint Shape Or NM,17.65,0.4661
v1|287444007062|0,TOM WAITS BLUE VALENTINE LP VERY RARE ORIG. ASYLUM SPECIALTY 1ST PRESS FROM 1978,5.50,0.4660
v1|318511731525|0,Richard Pryor – Live On The Sunset Strip - US LP 1982,4.99,0.4649
v1|178282769520|0,Daevid Allen Now is The Happiest Time of Your Life UK 1st press vinyl 1977 EX/EX,18.99,0.4634
v1|178291397792|0,PHIL COLLINS Hello I Must Be Going LP 1982 Vintage Atlantic 80035-1 Gatefold VG+,5.00,0.4629
v1|127962548069|0,RARE DOOWOP - AVONS - BABY - Original Hull 722 -   Plays Great!,6.00,0.4616
v1|158066465617|0,SOUNDTRACK - RUTHLESS PEOPLE- LP SNTK #2,7.00,0.4613
v1|407056980007|0,Geese LP Getting Killed Clear Vinyl MINT 2025,22.00,0.4604
v1|198476315319|0,Passport- Garden of Eden Atlantic SD 19233 NM/NM 1979,16.20,0.4596
v1|377318761054|0,"LEE MARROW - MOVIN' QUALITY 12"" WL PROMO",15.00,0.4592
v1|206400609992|0,"Hugs - Self Titled 12"" LP  Clear Vinyl Screened On B-side Slave Union Records",11.18,0.4579
v1|800305214869|0,MADONNA LP Like A Virgin 1984 Sire  vinyl,8.00,0.4577
v1|227401532365|0,The Beau Brummels Bradley's Barn Psych OG Green Warner Brothers TOP COPY! NM!,12.00,0.4573
v1|287451658803|0,SONNY STITT Plays Bird ATLANTIC LP VG++ ,15.00,0.4566
v1|188612906554|0,"Soda Stereo Doble Vida 12"" Black Vinyl Columbia KLS482900 Mexico First Pressing",75.00,0.4565
v1|227416623976|0,The Best Of Ruth Brown Blues Soul Compilation LP on Atlantic,7.00,0.4562
v1|227416618940|0,Angelic Upstarts We Gotta Get Out Of This Place Euro Press Punk LP on WarnerBros,7.00,0.4562
v1|298488649091|0,"Quadrant Six – Body Mechanic Vinyl 12"" Single 1982 Rap / Freestyle / Club RARE",9.99,0.4560
v1|336677640422|0,"The Shocking Blue - Venus, 1969 7"" single, Rock, Psychedelic Rock.",7.00,0.4552
v1|377326106492|0,"LUTHER VANDROSS Superstar 12"" LP Soul Funk Disco EPIC",4.99,0.4545
v1|800308900383|0,Miles Davis Someday My Prince Will Come CS 8456 Columbia Sealed Shrink KCS VG+,19.98,0.4541
v1|318515368290|0,The Washington Sisters – Understated - US Vocal / Soul LP + OIS 1987,4.99,0.4541
v1|147424506812|0,The Flying Burrito Brothers Stereo Vinyl LP White Label Promo Copy,35.00,0.4538
v1|206393816041|0,"Miles Davis ‎– Jazz Track Vinyl, LP,  RSD 2013 , Limited Edition 4336 Sealed",40.00,0.4537
v1|358769372436|0,Paul Bley LP Mr. Joy MINT Limelight ORIG.,25.00,0.4536
v1|287450269461|0,Gilbert & Sullivan Jazz Workshop - Coolest Mikado LP - Andex Mono DG VG+,9.00,0.4533
v1|127962802964|0,Yes - The Yes Album - NM/VG 1977 RE Prog Rock Atlantic SD-19133 GF Sleeve,16.25,0.4530
v1|278161097147|0,SEALED! SHIP OF THE DESERT OASIS LP 1982 CASH EAR PRIVATE CHICAGO ELECTRO FUNK!!,18.50,0.4527
v1|236928747021|0,Italo Disco Max Coveri In The Night 12” Single,19.99,0.4516
v1|137492933161|0,TERRY GIBBS SWINGIN' ORIG EMARCY.    NEAR MINT,8.00,0.4516
v1|407056200114|0,Midori Takada “Tree of Life” New Age Ambient Chant Test Pressing 2002 Vinyl ,9.99,0.4515
v1|158054372116|0,Birthday Tribute to Sir Lennox Berkeley LP,33.00,0.4510
v1|278169843267|0,USA PRIVATE PRESS LP – ALIVE! NYC Based Female Rock Rare,19.99,0.4509
v1|336680461878|0,TEARS FOR FEARS- SHOUT b/w THE BIG CHAIR-ORIG 1985 w/ PIC SLV -45 RPM-NEAR MINT,3.75,0.4506
v1|147427895952|0,Kenny G Duotones 1988 1st Press NM/NM- Arista AL-8427,12.99,0.4500
v1|377319933736|0,AVA CHERRY - RIPE !!! RSO LP WL PROMO,9.99,0.4499
v1|278163880910|0,God Bless America 2 LP Compilation Patriotic songs,4.29,0.4498
v1|178292180628|0,"Popart 33 RPM Record 1986 Instant Funk ,Tailspin, Yves Sterling, VG ",1.00,0.4490
v1|398150224033|0,"Budapest String Quartet Beethoven Complete String Quartets LP Vinyl 12"" ML 4581",10.80,0.4483
v1|287445721831|0,Beastie Boys - To The 5 Boroughs 2LP black vinyl,5.50,0.4481
v1|236924080567|0,Growl- Self-titled killer hard rock lp Discreet promo copy 1974,14.99,0.4465
v1|147423577131|0,David Bedford - The Odyssey Mike Oldfield Andy Summers UK Import with Insert,5.99,0.4464
v1|358770431054|0,N.W.A Straight Outta Compton Vinyl LP 2013 Reissue Unplayed,15.00,0.4461
v1|307047973829|0,"MADONNA ""LIKE A VIRGIN"" LP VG VINYL/COVER/INNER ORIGINAL 1984 RELEASE",3.25,0.4461
v1|298488649120|0,"The System – I Don't Run From  Vinyl 12"" Single 1985 Rap / Freestyle / Club RARE",4.99,0.4460
v1|366528893148|0,"Oak LP ""Set The Night On Fire"" EX BX10",3.00,0.4454
v1|267720799778|0,"VINTAGE VINYL LP:  HIROSHIMA ""GO"" (1987)  CONTEMPORARY JAZZ",2.00,0.4453
v1|147423577124|0,The New Barbarians - They Offer Nothing More Than Ear-To-Ear Violence! RSD 2016,9.99,0.4448
v1|327255035012|0,DJANGO REINHARDT Le Jazz Hot! EMARCY LP MGE 26004,9.99,0.4446
v1|278163328930|0,Carlos Santana & Buddy Miles Live LP 1972 Columbia KC 31308 VG+ Insert,19.99,0.4445
v1|147422800711|0,"FUNK 7"" ""THE FUNKY JUDGE"" BULL & THE MATADORS (TODDLIN' TOWN 1968)",5.50,0.4444
v1|318557472052|0,Carcass Heartwork Ultimate Edition Vinyl Record LP Earache Rare!,89.00,0.4432
v1|206401231934|0,Bananarama Self-Titled Vinyl LP 1984 London Records 80's NM/VG+,11.00,0.4427
v1|158063711837|0,Nancy Wilson With The Great Jazz Trio - What's New Japan LP 1982 + Insert ´,19.95,0.4425
v1|267720614132|0,Bcr Which Earth Are We On? Vinyl LP VG+ Afro Nuclear Wave Funk Swing Reggae Band,1.89,0.4424
v1|158054564393|0,"Dutch Concert Rostrum plays Cage, Zimmermann, Debussy LP",100.00,0.4418
v1|178291752624|0,"Coffin Break Pop Fanatic  7"" (Original Pressing)",8.00,0.4395
v1|358758630779|0,THE BOSWELL SISTERS - NOTHING WAS SWEETER THAN ACE OF HEARTS MONO LP UK IMPORT,25.00,0.4394
v1|188616956077|0,The Modern Jazz Quartet Fontessa Vinyl LP Album from 1966 in VG Condition,300.00,0.4386
v1|206402364037|0,"Soul Funk  The Monclairs  ""Happy Feet Time""",20.00,0.4385
v1|117295121227|0,"OBSCURE R+B GROUP, THE ELDORADOS,CRAZY LITTLE MAMA",199.99,0.4380
v1|318556418869|0,Bobby Vinton LP Melodies of Love,3.00,0.4364
v1|307048165070|0,"NEVILLE BROTHERS ""UPTOWN"" LP ORG 1987 EXC VINYL & COVER STILL IN SHRINK",9.99,0.4354
v1|178291637768|0,Thee Oh Sees Memory Of A Cut Off Head 2 x LP,35.00,0.4350
v1|298498807694|0,"John Prine Vinyl LP ""Illegal Smile"" Record Atlantic VG",15.50,0.4346
v1|206401532199|0,Boondoggle Groove Inside Yourself 7 Inch Vinyl Kustom Kitchen Records Magic Eye,10.00,0.4342
v1|137500162473|0,Greyhaven - Empty Black Vinyl LP Opaque Green - Equal Vision Records,50.00,0.4341
v1|117295088504|0,MEGA RARE D.J. NOVELTY HEAVY FUNK-DR. SHOCK-FRANKENSTEIN IS A SOUL BROTHER,124.98,0.4339
v1|236917036249|0,Thelonious Monk Plays Duke Ellington LP repress play graded RIVERSIDE vinyl only,25.00,0.4336
v1|227421385619|0,Youth Of Today Break Down The Walls Revelation Records REV008 pink vinyl lp,24.95,0.4333
v1|137500042980|0,The Modern Jazz Quartet And Orchestra 1963 NM/NM Shrink Concertino Atlantic ,19.99,0.4333
v1|307048043755|0,"THE BYRDS LP 1973 EXCELLENT VINYL,VG+ GATEFOLD COVER W/BLACK INNER",9.99,0.4324
v1|267720798210|0,"Sad Cafe “Misplaced Ideals” 1978 vinyl, Promo Copy.. SP4737",2.50,0.4320
v1|178291637762|0,Radiohead Hail To The Thief (2008 Reissue),30.00,0.4320
v1|127962658233|0,ROCKER! -STEREOS - THE BIG KNOCK- CUB 9103 - VG++/NM,7.00,0.4317
v1|206407459671|0,PVRIS White Noise Deluxe Half Clear/Half Grey W/Black Splatter Vinyl (No DVD),35.00,0.4315
v1|327255061170|0,Ray Charles – What'd I Say LP (Atlantic SJET-7505 SAL-7065 JAPAN Rare,9.99,0.4314
v1|407058156771|0,The Frankfurt Male Chorus – Great German Choruses LP Recorded In Germany VG / VG,5.00,0.4313
v1|178293874691|0,AMY GRANT-STRAIGHT AHEAD-1984 MYRRH LABEL-BEAUTIFUL VINYL COPY ALL ORIGINAL LP,19.99,0.4309
v1|358776316174|0,Joe Henderson Black is The Color Milestone MSP-9040 shrink Ron Carter VG++1972,76.77,0.4306
v1|298489016663|0,"SAM & DAVE ""DOUBLE DYNAMITE"" LP ORIGINAL 1966 STAX RELEASE S712 EXC VINYL/COVER",9.99,0.4295
v1|358756687938|0,Dancers Of Bali - Gamelan Orchestra Pliatan Bali Indonesia 1952 1st Press 6 Eye,4.99,0.4291
v1|137482045620|0,"PHRANC--""Folksinger""--1985 Rhino Release--Vinyl and Cover In Excellent Condition",4.95,0.4281
v1|227416593008|0,Danzig 2 - Lucifuge Vinyl Original 1990 UK Press,99.99,0.4278
v1|158064397443|0,JEANNIE C RILEY Things Go Better With Love PLANTATION PLP-3 (1969) LP,6.00,0.4278
v1|227416559887|0,The Spirit Of Achievement 1976 Exxon Convention *sealed* Industrial Musical LP,7.00,0.4265
v1|298488380618|0,Stevie Nicks The Other Side of the Mirror 1989 Modern Records Vinyl LP Record,10.00,0.4257
v1|127962898564|0,Burning Witch Original Vinyl First Press Eyehategod Noothgrush Grief Dystopia ,12.00,0.4249
v1|158070505593|0,"Chi-Lites Higher and Stay A Little Longer 12"" single vinyl record",3.00,0.4246
v1|158064922325|0,"Friends, Compilation, A&M SP8021 Vinyl LP - Rare - Excellent!",5.99,0.4245
v1|227416556863|0,Vinicius Cantuária self titled Promo Brazil Pop LP on RCA,7.00,0.4242
v1|278154810020|0,"MADELAINE - I LOVE MAKIN' LOVE TO YOU CHI-SOUND RARE DISCO PROMO EP 12"" ORIGINAL",100.00,0.4238
v1|318515326924|0,"The Salsoul Orchestra – Nice 'N' Naasty - US Disco 12"" 1976",4.99,0.4236
v1|327252126819|0,"NBC-TV ""IBM Presents SCROOGE"" TelEd Inc. PROMO LP + Inserts & Poster 1975",19.99,0.4231
v1|318563802756|0,Van Der Graaf Generator - The Least We Can Do Is Wave To Each Other - 1970 Probe,50.00,0.4231
v1|178282127758|0,Bette Midler Lp Divine Madness On Atlantic - Vg+ To Vg++ / Vg++ (In Shrink),10.00,0.4227
v1|278159784567|0,"BONNIE RAITT Luck Of The Draw LP 1991 U.S. Capitol near mint vinyl, club edition",51.00,0.4226
v1|227421416590|0,RARE The Cars S/T 1st Vinyl LP  w/ 1978 WPIX Promo Hype Bumper Sticker VG+,20.00,0.4219
v1|178291671848|0,"Saves the Day Through Being Cool LP 12"" Black Vinyl Record original press",24.50,0.4211
v1|318556811983|0,Jane Aire And The Belvederes  Rare 1979 Virgin UK Import New Wave Pop Rock Lp,1.99,0.4211
v1|358770506197|0,Machine Moving On Lp Vinyl Record 1980 Funk Soul Album Vg+,6.99,0.4209
v1|336676813747|0,Original 1954 Treniers EP on Epic EG 7014 Go! Go! Go! w Cover VG++,39.99,0.4207
v1|366528893154|0,"Frank James LP ""Live & Lively"" EX VG++ BX10",3.00,0.4207
v1|188614558174|0,LORETTA LYNN WHO SAYS GOD IS DEAD Vinyl LP Original 1968 Decca Very Good+++,2.80,0.4205
v1|147424506360|0,Steppenwolf At Your Birthday Party Stereo  DSX 50060 EX/NM Original Cover,40.00,0.4202
v1|227416918772|0,Thee Midniters self titled Mono Press Garage Rock LP on 	Chattahoochee,76.00,0.4201
v1|407056131071|0,DJ Squeeky “In Da Beginning Underground Volume 1” 2xLP  Numbered Memphis Vinyl,20.50,0.4199
v1|117284994236|0,"LIGHTS OUT! ""MURDER CASTLE"" LP RADIOLA MR-1027 HORROR SERIES #4 BORIS KARLOFF",15.99,0.4191
v1|287447114927|0,"Todd Terry - Let It Ride - Virgin Records (1999) 12"" Vinyl",6.00,0.4190
v1|278170810607|0,"MAX ROMEO- Let The Power Fall For I- Rare Hop JAMAICA 7"" 45 REGGAE Hippy Boys",5.77,0.4184
v1|327252339671|0,Nasty Rox Inc. Escape From New York ZTT NROX 1 1988 UK  P/S Vinyl 12inch Single,8.99,0.4183
v1|307048164182|0,"12"" Single - PRINCE - (eye) I HATE U - Warner Bros/NPG Records 1995 Vinyl",40.00,0.4176
v1|137495509272|0,NIFELHEIM Unholy Death EP 2000 Primitive Art Records PAR 021 DISSECTION WATAIN ,39.99,0.4171
v1|137493829135|0,"DISCO 12"" ""EVERYBODY'S SINGING LOVE SONGS"" / ""SPACE BASS"" (STREETWAVE 1985) UK",8.00,0.4165
v1|327252099001|0,"Tim Weisberg LP ""Listen To The City"" NM EX w/ Orig Inner BX10",3.00,0.4157
v1|287447113963|0,Bad ass shit eclipse versus Funklab 1999 LP,20.00,0.4155
v1|227401532343|0,Murray Roman A Blind Man's Movie Gatefold Art-Pop BEAUTIFUL COPY! NM!,9.99,0.4152
v1|298488904438|0,"P4F – P.Machinery / Relax  Vinyl 12"" Single 1986 Freestyle / Club / Hip Hop RARE",4.99,0.4149
v1|336677646889|0,"Les McCann - Talk To The People, 1972 Pitman Pressing CRC LP, Jazz, Jazz-Funk.",8.00,0.4149
v1|257611351471|0,The Spacemen – The Clouds / The lonely jet Pilot     on   ALTON     1959,8.95,0.4147
v1|267720377544|0,THE GOLDEN FACTS OF LIFE AND HEALTH - RARE US copy  -  EX  / EX *Plastic Wrap*,10.00,0.4145
v1|366529027325|0,Atrocious Madness / WHY? 7” Vinyl EP ,20.00,0.4143
v1|800303744879|0,DEAD OR ALIVE-Youthquake-Vinyl LP-1985 Epic- Promo 1st Edition - Ultra Rare,17.50,0.4143
v1|307049870207|0,PJ Harvey 4 Track Demos Vinyl Island IL 2079 518 450 1 ,19.99,0.4142
v1|287445688300|0,Rolling Stones Unstoppable Decca LKM 6004 Purple label Import Psych RARE,45.00,0.4134
v1|407057247730|0,"Big Sean Detroit 2 12"" Black Vinyl LP Def Jam Cardboard Sleeve",5.00,0.4131
v1|336677675763|0,"Gary Numan - Lot of 2 7"" UK singles from 1986 &1987, Synth-Pop, Electronic.",9.99,0.4127
v1|358772065764|0,Miles Davis Vinyl Album Lot 3 LPs  G+,40.00,0.4125
v1|287450307873|0,"Toyah  – The Changeling ; 1982 LP, UK VOOR 9",7.00,0.4123
v1|287438732648|0,JOAN JETT AND THE BLACKHEARTS-GLORIUS RESULTS OF A MISSPENT YOUTH,12.00,0.4120
v1|407056542764|0,The Shunters “Since Morning” Afrobeat Disco Bassey Udaw Electro Funk OG Vinyl,9.99,0.4120
v1|327255046701|0,L’inoubliable Django Reinhardt jazz vinyl LP Felp 231 S  NM/Ex,9.99,0.4117
v1|407055837445|0,Tomita* Lot Of 6 Lp* UK* Import* Colored,49.99,0.4117
v1|236923745476|0,Jane Fonda Barbarella Dynovoice 31908 Soundtrach Psych Bob Crewe LP,14.00,0.4116
v1|168521337348|0,WAGNER-The Essential Wagner-Netherlands Import Album-LONDON #JL 41031-In Shrink,7.08,0.4115
v1|158054564386|0,Tone Poems by Sir Arnold Bax LP,15.00,0.4111
v1|188616670714|0,DEVIL'S ANGELS ORIGINAL BIKER SOUNDTRACK TOWER STEREO DT 5074 VINYL NEAR MINT!,19.99,0.4105
v1|307049924779|0,MC5 Kick Out The Jams LP Vinyl EKS 74042 Stereo,14.99,0.4102
v1|206401605793|0,Kenny Burrell Midnight Blue Vinyl LP US 1967 Stereo Reissue VG/VG+ Soul Jazz,10.00,0.4101
v1|358758630811|0,HILLEL & AVIVA LAND OF MILK AND HONEY RIVERSIDE MONO RLP 12-803 DG LP ,6.00,0.4094
v1|287447113225|0,No Alarms – Deja View LP 2020 SIGNED! Opaque Red Color Indie Rock 45rpm EP EX/EX,8.99,0.4087
v1|168521869224|0,Kenny Marks - Follow Him - Christian Pop Rock LP - Xian Myrrh Sacred,7.75,0.4082
v1|336681107116|0,TLC - CrazySexyCool Vinyl LP Album (1994) - Like New Condition,32.50,0.4077
v1|198483165594|0,"Play Dead Conspiracy / Silent Conspiracy - GOTH - vinyl Uk 12"" Clay records 1984",14.23,0.4076
v1|327251401671|0,EARL HOOKER Sweet Black Angel BLUE THUMB 1st Press NM LP excellent condition,30.00,0.4064
v1|318556608039|0,Dave Edmunds  Subtle As A Flying Mallet  Original Rare 1975 RCA Pop Pub Rock Lp,4.99,0.4064
v1|278154706710|0,"Joe Perry Sweetzerland Manifesto MKII Red White Swirl Vinyl Aerosmith 1 of 1,000",10.00,0.4064
v1|267720796645|0,JONI MITCHELL~Mingus~LP~ASYLUM~BLUE~SKY~LABEL~STEREO~VINYL CLEANED NM VINYL,9.99,0.4057
v1|257611250820|0,Funk/Soul -Lot of 9 LP's /Records- James Brown/Ray Charles/Commodores/ Spinners,9.99,0.4056
v1|287447114933|0,Author Baker versus Rennie PILGREM like no other remixes LP 1999,23.00,0.4055
v1|198483603757|0,White Lies NIGHT LIGHT Limited Edition CLEAR VINYL LP NEAR MINT,22.00,0.4052
v1|137484651919|0,John Lennon – Listen To This Picture Disc (EMI 1984) G+ Vinyl,29.99,0.4049
v1|137484651919|0,John Lennon – Listen To This Picture Disc (EMI 1984) G+ Vinyl,29.99,0.4049
v1|358768505850|0,Average White Band-“Soul Searching” Vinyl LP VG+ Atlantic Records 1976 OG,6.00,0.4048
v1|287446212410|0,The Mamas & The Papas People Like Us Original 1971 LP (VG+) DSX50106,6.00,0.4043
v1|178292526248|0,RARE-CHIC-TAKE IT OFF-WITH TIMING STRIP-PROMO ORIGINAL 1981 VINYL LP ORIGINAL,24.36,0.4041
v1|158054564402|0,Charles Gounod - Vincent d'Indy - Maurice Bourgue Wind Ensemble* ‎– Petite Symph,19.00,0.4039
v1|147427807354|0,More Of The Monkees 1966 1st Press Play Graded Colgems COM-102 Michael Nesmith,6.99,0.4038
v1|318515527886|0,The Dirt Band – An American Dream - US LP + card OIS 1979,4.99,0.4034
v1|287438733851|0,LOU REED-BERLIN. original with booklet apl1-0207,22.00,0.4031
v1|278163261539|0,Destroyer destroyer Split Spider Spiderbear tales Wax Vessel Splatter Vinyl ,58.00,0.4027
v1|257610931767|0,London Brew by London Brew Miles Davis tribute 2LP 2023 vinyl,17.99,0.4026
v1|358771076792|0,Young MC – “Debut Maxi-Single” – Original Vinyl First Pressing,35.00,0.4021
v1|137493697336|0,The Clash 1977 UK first album early Copyright Control pressing A-5/B 3 ,39.99,0.4016
v1|267717782873|0,"Mad Lion Big Box of Blunts Mad Lion Real Ting 1995 Weeded Records 12"" Vinyl",15.00,0.4016
v1|287447114917|0,"Mad Lion Big Box of Blunts Mad Lion Real Ting 1995 Weeded Records 12"" Vinyl",12.00,0.4016
v1|287447114917|0,"Mad Lion Big Box of Blunts Mad Lion Real Ting 1995 Weeded Records 12"" Vinyl",12.00,0.4016
v1|318555904180|0,The Westbound Sound Foundations RSD Exclusive Funk/Soul Hip-Hop Record Westbound,4.99,0.4012
v1|800306000679|0,"Red Rodney: Red, White and Blues Muse MR5111 Vinyl LP 1978 Jazz EX/EX in shrink",9.00,0.4012
v1|158064922351|0,Tania Maria - The Lady From Brazil Album LP NM,4.99,0.4011
v1|227401532373|0,The Herd Lookin Thru You Peter Frampton Psych OG PROMO COPY! TOP COPY! NM!,24.99,0.4007
v1|327252171427|0,Digital Underground “Walk Real Kool” Record VG,2.00,0.4003
v1|318551167240|0,The Killers ~ Hot Fuss 2004 US OG TCG Blue Vinyl Record LP Limited 3000,75.00,0.3999
v1|198487911096|0,"THEORETICAL GIRLS U.S. Millie - Original US 7"" Single NO WAVE Glenn Branca Punk",100.00,0.3991
v1|117290500377|0,The Sound Of Music (An Original Soundtrack Recording) Vinyl LP Album US 1965,15.00,0.3987
v1|327251898299|0,NrMt Jutta Hipp At The Hickory House Volume 1 Blue Note BLP-1515 Japan shrink LP,65.99,0.3986
v1|257615290651|0,FRANK STROZIER Long Night LP Jazzland WLP Mono DG George Coleman ,39.99,0.3977
v1|398158528673|0,CHRIS ISAAK silvertone lp '85 Original Press promo hole  wb125156 debut 1st,15.00,0.3967
v1|168520950023|0,Prophet Cycle Of The Moon LP Vinyl  Mehaforce Records 1988,5.00,0.3957
v1|147423242540|0,Nicki Minaj Pink Friday Limited Deluxe Anniversary Edition 3 Disc LP Pink Opaque,6.00,0.3956
v1|336677402789|0,"KYLIE MINOGUE ""Kylie"" promo LP w/ sticker (1988) Geffen GHS 24195 ""Locomotion""",25.00,0.3951
v1|178291270465|0,Noel Vinyl Promo Copy With Three Additional Singles - Like New - No Poster,30.00,0.3950
v1|287441840400|0,"ONSTAGE I'LL GIVE MY BEST WHY MEGA RARE '86 OMNIBUS ELECTRO BOOGIE FUNK SOUL 12""",15.50,0.3947
v1|278170802364|0,St John’s College Glee Club 1961 -32nd Annual Spring Concert LP Private Press,1.99,0.3946
v1|327252874783|0,"Vintage DJ Mitsu ""DJ Mitsu The Beats EP 2"" (2003)",5.66,0.3944
v1|168514467109|0,Ken Nordine LP RARE 'Songs Of The Cowboys /Songs Of The Sea' On Sve vinyl,14.99,0.3939
v1|227424311324|0,Killing Time Unavoidable Blackout Records 7inch Yellow Vinyl,14.99,0.3935
v1|398152254262|0,"New Order 12"" Vinyl Lot 12 Singles Blue Monday, Ceremony,Temptation 7 Inches",160.00,0.3930
v1|158063898903|0,Lou Reed Berlin  1972 Vinyl LP With Insert Booklet RCA APL1-0207,17.99,0.3930
v1|198482851883|0,"Various The Wrestling Album Epic Records 12"" Black Vinyl LP Rock",50.00,0.3929
v1|257611008857|0,Tony! Toni! Tone! / The Revival 1990 US Original LP Vinyl Wing Records,15.00,0.3927
v1|318555421029|0,State Champs Picture Disc LP Extremely Rare,8.00,0.3924
v1|318551735238|0,"BETTY EVERETT TOO HOT TO HOLD 45 7"" EX- US VJ VINYL LISTEN NORTHERN SOUL",9.98,0.3924
v1|307048232171|0,Abba / Voulez-Vous Vinyl LP XSD16000 Atlantic 1979 Canadian Pressing VG ++,5.99,0.3922
v1|257611159848|0,LP Original 1984 Krokus The Blitz  EX shrink/EX,12.00,0.3921
v1|278163391673|0,PARLIAMENT GLORYHALLASTOOPID LP RARE ORIGINAL TERRE HAUTE 1ST PRESS w/ TRI-COVER,17.50,0.3910
v1|178291752623|0,"Facs North America Endless 7"" Original Press",10.00,0.3906
v1|327252311556|0,"DIGGER ""Stronger Than Ever"" P1986 Noise 1st Press – M/NM",39.99,0.3903
v1|117285068431|0,THE VISIBLE TARGETS Autistic Savánt 1983 EP on Park Avenue #PA 82805 NEW WAVE,5.99,0.3901
v1|127962654790|0,SURF INSTRUMENTAL  -SHADOWS - Rise & Fall of Flingel Bunt - Atlantic 2235 - VG+,9.00,0.3900
v1|117285073254|0,Q Dancin' Man 1977 PROMO DEBUT LP on Epic #PE 34691 DISCO FUNK SOUL,5.99,0.3900
v1|278154789813|0,"RARE ESSENCE - HEY NOW I HEAR YA! GO-GO 12""",20.00,0.3896
v1|318567320034|0,RARE Limited Occult Vinyl Lp Medium - Paranormal Field Recordings 1901-2017 Ex+,49.99,0.3889
v1|398151115156|0,Merle Haggard LP. Big City. 1981 Epic Records FE-37593. Clean!,12.00,0.3887
v1|287447114934|0,Bobby Short - The Mad Twenties  LP - SD 1664,6.00,0.3886
v1|307048634375|0,Bobby Vinton: Mr Lonely; Epic; LN24136; Mono; 1965; VG+,7.99,0.3884
v1|158064053513|0,Pixies - Surfer Rosa [LP] Vinyl Record,56.00,0.3877
v1|267721218958|0,"Listen to The Ahmad Jamal Quintet,Vinyl LP Record",6.38,0.3877
v1|158066762935|0,"LOU REED mistrial LP NM vinyl, album, no lyric inner, 1986",9.99,0.3873
v1|398150884572|0,BRENDA LEE LET IT BE ME VOCALION RECORDS  VINYL LP 173-11,3.00,0.3872
v1|178291755320|0,"RARE""BOBBY DARIN ""SAME"" ON MOTOWN-753 1972 PRESSING VG R69",19.99,0.3868
v1|227421281631|0,"THE SNAPPER Pulsar CAMOUFLAGE 1999 Trance VINYL 12"" Record VG+ USED",5.00,0.3868
v1|407056380857|0,Mighty Maytones “Madness” Roots Reggae Dub Burning Sounds OG Colored Vinyl ,12.50,0.3868
v1|407058178036|0,"Fritz Wunderlich - Freunde, Das Leben Ist Lebenswert   VG / VG Germany release",5.00,0.3866
v1|307042991327|0,"Arthur Blythe “DA-DA” Stereo Vinyl = VG++  12"" LP Record Jazz, Fusion, Free Jazz",5.00,0.3859
v1|178293654170|0,"Trina Da Club / Shake 12"" Black Vinyl Promo Single Stereo PH 30188-0",15.00,0.3856
v1|327246571286|0,"MFSB - Universal Love ""LP"" (Gatefold Cover)",4.00,0.3854
v1|336677126046|0,FREDDIE & THE DREAMERS MERCURY LP 1965 MONO  with Hype Sticker Shrink NM/VG+,5.00,0.3853
v1|227421281572|0,THE COLGATE THIRTEEN S.R.O Private Press 1986 Pop LP VINYL Record ALBUM VG+ USED,5.00,0.3847
v1|407062651833|0,oh no it's devo lp signed near mint og pressing guitar pick backstage pass,75.00,0.3843
v1|206400609503|0,"NAAM Kingdom 12"" Vinyl EP Tee Pee Records",8.00,0.3839
v1|127962653227|0,SURF INSTRUMENTAL  -SHADOWS - KON-TIKI - Atlantic 2135 - VG+,8.00,0.3835
v1|147424326204|0,"Pokafase Introducing Pokafase 12"" Promo 2003 ArtistDirect Hip Hop Rap NM Rare Al",30.00,0.3831
v1|800306005519|0,Dells Vs The Dramatics Self-Titled LP Cadet records CA 60027 1974 Vinyl NM Promo,20.00,0.3822
v1|278150842605|0,"Tennis Shoes – (Do The) Medium Wave, 7"" Import EP UNPLAYED NM 1978",14.00,0.3818
v1|227421817705|0,"C.J. & CO. Deadeye Dick 12"" LP WLP Promo Soul Funk Disco WESTBOUND",4.99,0.3807
v1|336677709667|0,"Sandie Shaw - Portrait In Musik, 1965 Germany Import LP, Pop, Beat, Vocal.",8.00,0.3798
v1|158065166898|0,CC Schilling 1983 Space Girl LP-2nd Press Autographed LP RARE NM,160.00,0.3781
v1|188599656153|0,The Incredible Year - 1968 - LP Produced by CBS News,1.99,0.3769
v1|137484651767|0,"John Lennon & Yoko Ono–Some Time in New York City (Apple SVBB-3392,1972) VG+/EX",59.99,0.3769
v1|358771830463|0,Eric Burdon Desert Island Discs Radio Program LP Rare,20.00,0.3767
v1|298494712494|0,Ariel Pink - Pom Pom LP Vinyl,10.00,0.3767
v1|366529036737|0,"Detestation The Inhuman Condition 7""  Vinyl EP Consensus Reality Portland Punk",20.00,0.3765
v1|188613916481|0,"HEAR👂Port Of Harlem Jazz Men Mighty Blues Rocking The Blues Blue Note 3 12"" 78",14.99,0.3757
v1|198475985169|0,"U.K.- ""U.K."" EG PD-1-6146 VG+/VG- 1978 Specialty 1st/early",19.80,0.3752
v1|366532696505|0,BERNSTEIN & ORMANDY 2001 SPACE ODYSSEY COLUMBIA STEREO MS 7176,3.00,0.3750
v1|318512805626|0,Chakachas - s/t - Scarce Latin / Funk LP 1972,9.99,0.3746
v1|307042805100|0,Obscure (?) 1980s Pop Rock 7” PROMO Vinyl Records - Lot Of 11,11.00,0.3743
v1|398150493378|0,Jefferson Airplane - Bless It’s Pointed Little Head Vinyl Record 1st Press ,18.00,0.3740
v1|127963153759|0,"A Group Called Smith A Group Called Smith Dunhill LP Vinyl 12"" 33 RPM Stereo",5.00,0.3739
v1|137492293605|0,"The Shakin' Pyramids The Shakin' Pyramids 12"" Black Vinyl LP 1982 Oval 1st Press",12.00,0.3722
v1|158065209879|0,"Hour Of 13 - Black Magick Rites 12"" LP On Smoke Vinyl Record The Devil's Blood ",30.00,0.3718
v1|398159760681|0,Buddy Miles Expression-Expressway To Your Skull-Vinyl LP Jazz Rock 1968 Mercury,4.99,0.3707
v1|127957449261|0,the odyssey a nothern soul time capsule 19t8-2014,180.00,0.3704
v1|188614180705|0,"OPENED- APPLE RECORDS- THE BEATLES ""Let It Be"" VINYL LP",6.00,0.3703
v1|358768767512|0,JAZZ VINYL: Kenny Burrell - Guitar Forms  conductor: Gil Evans  (VG/VG),9.50,0.3699
v1|198483170617|0,UNGH! - Cement - Vinyl - LP - produced by MINISTRY - H-Gun Productions - 1988,16.23,0.3698
v1|366528398265|0,LET IT BE ME - HOLD ME THRILL ME KISS ME - WALK ON BY - LOVE SIXTIES - Good,0.99,0.3697
v1|318515858251|0,REO Speedwagon – R.E.O./T.W.O. - US LP dark epic labels 1972,4.99,0.3694
v1|137493703167|0,The Clash self titled first album UK vinyl 1978 release CBS 82000,29.99,0.3690
v1|158063832046|0,Ultra Rare First Pressing Michael Jackson Thriller vinyl 1982 original,99.00,0.3690
v1|178292143202|0,"The Dennie Poole Jazztette Cool Cat, Hot Vibes Album LP",10.99,0.3686
v1|137499971788|0,Kayak Starlight Dancer 1977 NM/NM Lyric sleeve Canada,12.99,0.3675
v1|287447114943|0,Cop in a coma Dr. bone 1999 LP,24.00,0.3664
v1|188616665557|0,WENDY CARLOS SWITCHED ON BRANDENBURGS 2 LP SET M2X 35895 VINYL NEAR MINT!,14.99,0.3660
v1|298493953050|0,DEPECHE MODE Live Concert Vinyl Lot,100.00,0.3659
v1|327252271683|0,Flying Burrito Bros Close Up The Honky Tonks 2 X Lp Vinyl Record 1974 VG+,11.99,0.3654
v1|158066726785|0,ANGELA MARIA  Brazilian Singer lps lot of 2 JAZZ SAMBA AFRO GROOVE ,15.99,0.3652
v1|158066726688|0,ANGELA MARIA  Brazilian Singer lps lot of 2 JAZZ SAMBA AFRO GROOVE ,15.99,0.3652
v1|147427827541|0,Nick Lowe Nick The Nife 1982 1st Press NM Vinyl,9.99,0.3651
v1|198483701732|0,Nina Simone Sings the Blues LP RCA Victor DG - Klabin collection,14.50,0.3648
v1|158063827793|0,Joy Division - Preston 28 February 1980  Vinyl,9.99,0.3647
v1|257610848070|0,Grand Funk Railroad Live 2LP Excellent Concert! w/ Rare Full Poster Insert!,45.00,0.3646
v1|287447114923|0,Carlos Santana – Borboletta LP 1974 PC-33135 Stereo Vinyl,9.00,0.3645
v1|227421653979|0,Stray Cats | Built For Speed | Vinyl LP 1982 EMI ST-17070 | VG+/VG+,15.00,0.3645
v1|358758419997|0,Jean-Luc Ponty - A Taste For Passion - 1979 Jazz Fusion Atlantic SD 19253 EX/VG+,10.00,0.3644
v1|168521757699|0,"THE ORLONS~""CROSSFIRE !""~Orig. 1963~FUNK~SOUL~POP~7'' 45rpm~C-273~CAMEO~VG+",0.99,0.3643
v1|267720770981|0,The Rainbow Band - 1971 Elektra – Beautiful Spiritual Psychedelic Folk Rock,6.61,0.3643
v1|287447113959|0,Julie Brian Auger & The Trinity Jools & Brian Capitol Records DT-136,5.00,0.3641
v1|127962622369|0,SURF INSTRO - EDDIE SMITH - UPTURN/BORDER BEAT - REL 601 -VG/VG+,7.00,0.3639
v1|147424506282|0,Likw New Jo Jo Gunne Stereo Vinyl LP 1972 Asylum SD 5053,40.00,0.3637
v1|336678474623|0,GARZON Y COLLAZOS NEAR MINT LP STEREO SONOLUX RECORDS,14.99,0.3637
v1|318551968483|0,ERIC CLAPTON RAINBOW CONCERT LP NM NEAR MINT US RSO VINYL CLASSIC ROCK,9.98,0.3633
v1|198483676489|0,Ahmad Jamal Happy Moods LP Argo deep groove - Klabin collection,12.00,0.3629
v1|117285096581|0,LARRY SANTOS Self-Titled 1975 POP SOUL LP on Casablanca #NBLP 7018,5.99,0.3627
v1|366522581582|0,Bald Bill Hagan And His Trocaderons Music For A Strip Tease Party SF27200 Stereo,4.00,0.3627
v1|257610984495|0,Def Leppard UK IMPORT LP Hysteria Including Animal EP **RARE,95.00,0.3625
v1|307047693905|0,"Black Pearl, Self Titled, 1969 Original(SD8220)VG/VG+",12.00,0.3625
v1|336677403125|0,PRESENTING THE SONGSTERS Rare mono LP 1959 Top Rank RM-305 NM,9.50,0.3623
v1|127962630184|0,SURF INSTRO -RHYTHM ACES - MOHAWK ROCK - Roulette 4268 PROMO - VG+,8.00,0.3619
v1|127966786328|0,1963 STEREO Lp Jan And Dean Surf City & Other Swingin' Cities In SHRINK!!!,24.99,0.3597
v1|158054564359|0,Count Carnette Plays Psychic Piano Music lp,52.00,0.3592
v1|336676734840|0,"Funk, Bobby Rush, Chicken Heads, Galaxy promo # 778, M-",8.00,0.3589
v1|178291637756|0,John Coltrane The Africa Brass Session Volume 2 LP (reissue),35.00,0.3584
v1|198481278875|0,THE MAIN INGREDIENT EUPHRATES RIVER LP NM NEAR MINT US RCA VINYL FUNK SOUL,9.98,0.3583
v1|227421379022|0,Dona Ivone Lara Sorriso De Criança Odeon 31C 062 421170 Brazil 1979 w/insert lp,48.00,0.3581
v1|800305712085|0,1978 Inner City JEFF LORBER album SOFT SPACE super clean LP EX  CHICK COREA,9.99,0.3580
v1|137495439126|0,Charles Ives Chamber Music Four First Recordings First Edition! Near-Mint Album!,5.99,0.3577
v1|127962468851|0,"Man Is The Bastard/crossed Out Vinyl 7"" Slap A Ham Dystopia Grief Eyehategod ",102.50,0.3576
v1|147423243469|0,Ariana Grande My Everything LP Lavender Clear Split Limited Rare Sold Out,25.00,0.3574
v1|298488650439|0,"Fast Eddie – Acid Thunder 1988  Vinyl 12"" Single House / Club / Hip Hop RARE",14.99,0.3573
v1|188613894002|0,"HEAR👂Edmond Hall Royal Garden Blues Night Shift Blues Blue Note 29 12"" 78 RPM",14.99,0.3569
v1|298489027707|0,Diiv Oshin LP US Album Vinyl LoFi,19.99,0.3567
v1|158064883847|0,"CHARLES WALKER: blues from the apple OBLIVION 12"" LP 33 RPM",19.95,0.3565
v1|287445207576|0,crime of the century vinyl,9.25,0.3561
v1|298490104900|0,"The Temptations - All Directions (LP, Vinyl) 1972 Gordy Funk Soul VG+",17.00,0.3561
v1|147423561900|0,"Oops! Wrong Stereotype, Comp, 12” Vinyl, 1988, Punk Rock, Spoken Word",55.00,0.3558
v1|178291639506|0,"The Nails Hotel For Women 12""",10.00,0.3555
v1|800306091533|0,U2 LP War 1983   Island   vinyl,10.50,0.3548
v1|287446995580|0,KAOMA/WORLD BEAR (INCLUDES LAMBADA) 1989 CBS Records LP,8.00,0.3547
v1|407055848544|0,GEORGE HARRISON * RARE 3 HORSES LABEL *SOMEWHERE IN ENGLAND * IMPORT*LP,29.99,0.3547
v1|178291637749|0,Murder By Death Red Of Tooth and Claw LP (2008 issue),45.00,0.3545
v1|336681083851|0,SONG TO A SEAGULL / JONI MITCHELL 1968 REPRISE LP RS 6293,23.75,0.3544
v1|358771880548|0,The Fuzztones-vinyl,12.00,0.3539
v1|168521083657|0,The Rainmakers Vinyl,5.00,0.3539
v1|298490364635|0,The Hives LP Vinyl Tyrannosaurus Hives White Vinyl 2004 ,19.99,0.3539
v1|188600629315|0,"Tantra ""Ma-Cum-Ba"" Rare 12"" promo pressing of this dance classic.",4.00,0.3535
v1|227421397209|0,Misfits Famous Monsters Vinyl,250.00,0.3534
v1|318542844227|0,Queen Omega & The Dub Revolutionaries Ft. Mad Professor Reggae 12” Vinyl Record,23.99,0.3531
v1|198483749147|0,Steve Kuhn Trio Three Waves LP Contact Pete LaRoca Van Gelder,174.50,0.3528
v1|198482804838|0,The Age Of Television A Chronicle Of First 25 Years LP Vinyl Berle & Hugh Downs,10.00,0.3527
v1|287446943468|0,The 5th Dimension Stoned Soul Picnic Vinyl LP Soul City SCS 92002 1968,5.00,0.3527
v1|188612769717|0,"DJAN TATLAN: DEUX GUITARES 12"" LP Жан Татлян ""Две Гитары""",15.00,0.3522
v1|336676884280|0,The Moody Blues Days Of Future Passed LP Deram DES-18012 VG First Pressing 1967,10.00,0.3520
v1|377325888397|0,"Beatles/Apple ""2 obscure Apple 45's w/company sleeves"" 1968 & 1971, priced to go",10.00,0.3518
v1|137495527131|0,TRAFFIC JOHN BARLEYCORN MUST DIE UNITED LP EX !!,9.99,0.3517
v1|137492273286|0,The Missionary Jubilaires☆Self-Titled☆Vinyl LP☆Locus Records,9.99,0.3517
v1|227422454245|0,"Phil Brito Sings Italian Favorites 12"" LP Vinyl 33 RPM Stereo Doty MVM 139",25.00,0.3516
v1|188521456780|0,Glenn Barber - Self Titled - 1974 Hickory H3F-4510 LP Vinyl Record - EX,0.99,0.3515
v1|137493703011|0,"CHARLES WOLCOTT - ""Ruby Duby Du (From 'Key Witness')"" / ""Leather Jacket Cowboy""",1.99,0.3510
v1|257610916174|0,"Motley Crue EP 12"" UK IMPORT RARE!  4 Songs 1987/88  ",60.00,0.3509
v1|158064003951|0,"THE NEW SEARCHERS-Chris, John, Mike, Frank Mono LP",4.00,0.3509
v1|298488323856|0,Steeley Span Promo 1973 White Label No Insert Gatefold Lp PARCEL OF ROGUES,6.99,0.3508
v1|178291909582|0,Don McLean American Pie LP Vinyl 1971 Original First Press Artisan VG+ In Shrink,14.99,0.3507
v1|800305132333|0,The Game 1992 RSD2023 Exclusive 180g Clear Vinyl 2LP,19.99,0.3505
v1|178291637783|0,Murder By Death Big Dark Love LP (2009 issue),85.00,0.3500
v1|137499750661|0,Banshee - Race Against Time 1989 HYPE STICKERS  PROMO Vinyl Atlantic Heavy Metal,59.99,0.3497
v1|168521453752|0,Eddie Lockjaw Davis W/ The Tommy Flanagan Trio Straight Ahead LP 1976 Pablo,11.00,0.3497
v1|327247188890|0,"9  Bobby Vinton  45s ""Roses Are Red""  ""Blue Velvet""  ""Mr. Lonely"" Good Condition",14.99,0.3496
v1|287450300593|0,Davy D Davy’s Ride Lp In Shrink Hype Def Jam FC 40657 Hurricane Rap Hip Hop 1987,8.00,0.3492
v1|168520865365|0,Sleater Kinney Self-Titled 10 Inch Mini Album 1995 Villa Villakula Punk,36.00,0.3490
v1|178291296758|0,Nina Hagen Band Germany Picture Disc,67.00,0.3489
v1|298488773109|0,BILL HALEY & THE COMETS LP-Rock--Sun Records Recorded in Muscle Shoals,7.50,0.3489
v1|336676874713|0,"Plasmatics - Butcher Baby 12"" LP Stiff Records 1980 UK Pressing",22.00,0.3484
v1|398150682729|0,THE VENTURES IN SPACE 1964  LP UNUSUAL & OTHER-WORLDLY SOUNDS OUT OF LIMITS,3.98,0.3483
v1|318512705312|0,"DeBarge – Rhythm Of The Night - US 12"" 1985",4.99,0.3482
v1|127966745312|0,"BRUCE BAXTER, Middle Of The Night LP, 1983 Cheap Producer, Atlanta Rare 1983 VG+",7.96,0.3478
v1|168521723534|0,"BOHANNON~""JAMMIN' IN THE STREET""~Orig. 1986~FUNK~SOUL~DISCO~7'' 45rpm~M-",0.99,0.3469
v1|298490669901|0,"Johnny Preston    LP      ""Running Bear""       STEREO       NM/NM-      1960",17.00,0.3468
v1|158064627880|0,The All Niter 4 Disc LP,34.95,0.3467
v1|318555004923|0,JACKIE MASON THE WORLD ACCORDING TO ME promo US vinyl LP,2.75,0.3467
v1|358771990873|0,TRAFFIC JOHN BARLEYCORN MUST DIE UNITED LP VG+ TO EX- !!,9.99,0.3466
v1|298487888203|0,Depo-Provera Totally Useless LP ORIGINAL 1985 Wisconsin Hardcore Punk RARE,54.99,0.3459
v1|158064009106|0,JOHN ADAMS Strip This Heart (1987) TEST PRESSING 45rpm ,6.00,0.3456
v1|158055484261|0,"Whitesnake ""Guilty of Love"" 1983 7"" Picture Disc UK Import  BPP420  Hard To Find",20.00,0.3454
v1|178291637764|0,"Murder By Death Bitter Drink, Bitter Moon LP (2012 issue)",45.00,0.3437
v1|137482038104|0,"ROCKABILLY CLASSICS VOL. 2--Contains Rare Cuts --Burnette, Riley, Self and More",4.95,0.3434
v1|307042573074|0,"The Jerky Boys ""Jerky Jam"" 12 inch black vinyl [skips quite a bit on side 1]",5.00,0.3430
v1|327252180926|0,Psychedelic Furs Talk Talk Talk Lp 1981 Vinyl Record Vg+ Album New Wave ,14.99,0.3429
v1|117290296782|0,Asia Alpha  Vinyl Excellent Record Condition/VG± Sleeve!,8.00,0.3427
v1|307047949427|0,Sounds That Make You Shiver! Horrific Sounds For Halloween Fun. 12” Vinyl.,7.00,0.3421
v1|377326094813|0,MACCOLL & SEEGER Matching Songs British Isles & America VG+ VINYL LP Record USED,5.00,0.3416
v1|287446085060|0,Syl Johnson – Come On Sock It To Me / Try Me    on  TWILIGHT     1967,8.95,0.3414
v1|800308860688|0,Chocolate Milk Funk Soul Vinyl LP 1976 RCA Original Pres Records Allen Toussaint,7.00,0.3413
v1|188614061095|0,"TYLER COLLINSon LP  single "" GIRLS NITE OUT "" electronic, hip hop funk soul",2.99,0.3413
v1|298488649504|0,"TKA – Crash (Have Some Fun) 1990  Vinyl 12"" Single Hip Hop / Rap / Club RARE",1.00,0.3411
v1|327247235526|0,"Andy Pratt - ShiverInTheNight -NE 443 Vinyl LP, Nemperor Records Promo Copy",12.00,0.3411
v1|398159728494|0,Tri Atma-Yummy Moon 12” Promo Vinyl Rare,6.99,0.3410
v1|398159746741|0,"BETO MENDEZ: pachacamac ONIX 12"" LP 33 RPM Latin Folk Vinyl Record RARE! Import",4.99,0.3403
v1|236917286085|0,Keith Green (Jesus Commands us to go)LP CCM 1984,0.99,0.3393
v1|377318770834|0,"BOYS DON'T CRY - CITIES ON FIRE 12"" WL PROMO",8.00,0.3391
v1|227421291550|0,LAKE STREET DRIVE Free Yourself Up LP BLUE VINYL Record ALBUM M- USED,23.62,0.3390
v1|227421558260|0,Black Milk No Poison No Paradise,55.00,0.3383
v1|236923879974|0,Melanie Martinez - Portals Vinyl (Rare Bloodshot Translucent Variant),10.00,0.3383
v1|137492024162|0,THE THREE SOUNDS AT THE LIVING ROOM Gene Harris,5.00,0.3383
v1|358771255959|0,Graham Parker & The Rumour LP Parkerilla MINT Vertigo UK ORIG,20.00,0.3381
v1|147424506518|0,Like New Ray Manzarek The Golden Scarab Vinyl LP  Mercury 1975 Original Pressing,40.00,0.3379
v1|178291296777|0,Transvision Vamp Wendy James Interview Picture Disc 12” Vinyl UK,51.00,0.3377
v1|298488951281|0,"1993-JOHNNY GILL, 7""  MOTOWN EP, "" ALBUM SNIPPETS, ""THE FLOOR"", R&B, SOUL",0.99,0.3364
v1|227416971333|0,THE BYRDS  SWEETHEART OF THE RODEO RARE 1st TWO- EYE LABEL CS 9670  DISC: EX+ !!,82.95,0.3363
v1|336677402761|0,NIA PEEPLES Nothin' But Trouble LP | Mercury 422 834 303-1 (1988) | Promo MINT!,8.95,0.3356
v1|137493763260|0,The Jam - This Is The Modern World vinyl US Polydor  1977 shrink,14.99,0.3353
v1|137493763260|0,The Jam - This Is The Modern World vinyl US Polydor  1977 shrink,14.99,0.3353
v1|117295095921|0,"FUNKADELIC,SELF TITLED,ORIGINAL AMERICAN PRESS",49.99,0.3350
v1|377326091264|0,CHESAPEAKE JUKE BOX BAND s/t 1972 Garage Psych VG+ VINYL LP Record USED,5.00,0.3346
v1|267720653075|0,1975 STAR TREK Three Exciting NEW Stories on LP Vinyl VERY GOOD PLUS,12.99,0.3345
v1|227424344051|0,Hot Water Music Never Ender Vinyl LP Limited Edition 1st Press no Idea Records,50.00,0.3344
v1|298488903053|0,"J.M. Silk – Let The Music Take Control Vinyl 12"" Single 1987 House / R&B RARE",4.99,0.3338
v1|158064922372|0,Certain General Lp. Holiday Of Love Album +  Insert,10.00,0.3337
v1|366528968765|0,"The Glass Bottle LP ""Self Titled"" VG++ VG+ BX5",2.00,0.3335
v1|137492261548|0,"HOUSE 12"" ""DREAMS"" / ""THROUGH"" KINGS OF TOMORROW (DEFECTED 2003) UK IMPORT",5.00,0.3334
v1|318551686111|0,"CHANGE SEARCHING 45 7"" NM US RFC VINYL LISTEN DISCO FUNK BOOGIE LUTHER VANDROSS",5.98,0.3333
v1|257612230669|0,THE CATS - HOME (original Dutch EMI label),13.15,0.3332
v1|137484465663|0,Rolf Harris – At the Club • Original LP • VG+ Vinyl • XEN-77492,7.99,0.3328
v1|298488379672|0,SLY & THE FAMILY STONE - Dance to the Music LP (1968 US Pressing on EPIC),19.99,0.3321
v1|198483817344|0,"Ray Charles Chorus Sings Of Things To Do On A Rainy Night, 12"" Vinyl Record ",5.00,0.3321
v1|377326091253|0,PASTOR JOHN RYDGREN Silhouette Segments 1968 2xLP VINYL Record ALBUM VG+ USED,47.23,0.3319
v1|147423245505|0,"INSANE CLOWN POSSE - HOKUS POKUS(RARE 12"" VINYL/ON ISLAND RECORDS) Icp Twiztid",87.99,0.3318
v1|168522400957|0,Lonnie Donegan – Rock Island Line / John Henry  1956  VG+,2.65,0.3317
v1|366528935270|0,"Neil Diamond LP ""Beautiful Noise"" NM EX w/ Orig Inner BX10",3.50,0.3314
v1|147424793767|0,Promo Copy Cheech & Chong Let's Make A New Dope Deal Vinyl Like New,125.00,0.3313
v1|267720541030|0,RARE Funk Soul Doo Wop Blues Compilation 22 Hot Heavyweights Vol 2 Vinyl Record,14.99,0.3309
v1|227401532353|0,New Heavenly Blue Educated Homegrown OG RCA SEALED! MINT!,14.99,0.3308
v1|168521524428|0,ZAGER AND EVANS RCA THE PLASTIC PARK 7 in Vinyl Promo Plug Copy,11.99,0.3307
v1|377332089054|0,"LL Cool J Feel the Beat Vinyl 12"" Single Def Jam Hip-Hop Rap",8.88,0.3306
v1|127956411839|0,GONZALEZ Haven't Stopped Dancin' 1978 SOUL LP on Capitol #SW-11855 SHRINK! HYPE!,5.99,0.3304
v1|327251922742|0,Fred Frith and Chris Cutler  LIVE IN PRAGUE AND WASHINGTON  Re 1729  NM,16.50,0.3297
v1|137499979952|0,SAD CAFE - Facades 1979 Original NM/NM A&M SP-4779,12.99,0.3296
v1|278156401590|0,GENOBIA JETER - GENOBIA RCA MODERN SOUL LP SHRINK,9.99,0.3294
v1|127966603714|0,"BLONDIE, Eat To The Beat LP, 1979 Chrysalis First Press Original Release  VG/VG",8.69,0.3292
v1|236924779266|0,SCOTT CLEVELAND Waiting For Reality LP vinyl + plastic cover 1984 VGD rare,4.99,0.3292
v1|366528391172|0,Led Zeppelin IV RARE 1ST PRESSING W/PECKO DUCK ETCHING LP Vinyl,980.00,0.3288
v1|318556192080|0,Heads Hands & Feet - Old Soldiers Never Die - 1973 Atco Gatefold Albert Lee,25.00,0.3285
v1|318511789355|0,Foghat – Live - US LP in Gimmick Sleeve + card OIS 1977,4.99,0.3283
v1|206401532162|0,The Monkeywrench Bottle Up And Go Sub Pop Vinyl 45 NEAR MINT,15.00,0.3279
v1|287447534863|0,OZZY OSBOURNE Diary of A Madman NM To MINT JET LP OG 1st Press w/ Lyric Inner,59.89,0.3277
v1|318550656151|0,The National ~ System Only Dreams In Total Darkness / Guilty Party Clear Vinyl 7,9.99,0.3274
v1|318550656151|0,The National ~ System Only Dreams In Total Darkness / Guilty Party Clear Vinyl 7,9.99,0.3274
v1|158054564354|0,Huguette Dreyfus Cembalo plays English Suites #1 & 2 by J S Bach LP,20.00,0.3272
v1|327253076209|0,"The Cure in between days fiction records FICSX 22 12"" maxi single 45rpm",15.00,0.3271
v1|227422368994|0,"Trona – Dirty Pretty Picture 12"" US Breaks Moonshine Music Fast Ship VINYL ",3.00,0.3269
v1|236923865253|0,"The Tides The Best of the Bossa Nova 12"" Vinyl LP Mercury Wing Bossa Nova Stereo",10.00,0.3268
v1|298488294533|0,Noah Kahan Town Hall (Stick Season Collaborations) Brown Vinyl RSD BF 2024  ,92.00,0.3268
v1|198475485789|0,"Bob James ‎– Ivory Coast  Jazz Style: Fusion, Jazz-Funk, Smooth Jazz  Lp",10.00,0.3259
v1|198483676490|0,Bud Powell A Portrait of Thelonious LP Columbia 2-eye - Klabin collection,12.50,0.3255
v1|800305931126|0,"MILES DAVIS - ""FILLES DE KILIMANJARO"" / COLUMBIA RECORDS 1969 Vinyl cleaned NM",21.51,0.3253
v1|267720798461|0,Sad Cafe Facades LP,2.50,0.3253
v1|236923001883|0,"Collaboration, Modern Jazz Quartet with Laurindo Almeida Record VG++, Atlantic",8.00,0.3251
v1|178293875488|0,HALL AND OATES-NO GOODBYS-PROMO WITH TIME STRIP-VERY PLAYABLE ENJOYABLE VINYL LP,19.99,0.3248
v1|358771407673|0,Bobby Vinton Melodies Of Love Album Released In 1974 Very Good Condition,10.00,0.3248
v1|127966954360|0,1962 The Flamingos on End in SHRINK The Sound Of The Flamingos MINT-!!!,14.99,0.3246
v1|318544273670|0,HOOTENANNY  '63 Liberty Mono LP  Compilation  EX,7.50,0.3244
v1|188616934088|0,"ERIC B. & RANKIN on LP  single "" MOVE THE CROWD "" hip hop boom bap",9.99,0.3238
v1|398140904178|0,THE KINGSTON TRIO MAKE WAY LP on CAPITOL T 1474 MONO 1ST PRESS c.1960 EXCELLENT,3.00,0.3238
v1|298488284142|0,Prince Paul - A Prince Among Thieves LP - 1999 Original Pressing RAP HIP HOP,7.00,0.3236
v1|227422087035|0,"THE NEW VOGUE SOCIETY 12"" DEPUTY OF LOVE ~RARE HOUSE RECORD~",3.00,0.3236
v1|227422087035|0,"THE NEW VOGUE SOCIETY 12"" DEPUTY OF LOVE ~RARE HOUSE RECORD~",3.00,0.3236
v1|127963282185|0,Madonna American Life Die Another Day 45 VG+,6.99,0.3235
v1|318556490463|0,Murphy Lee. Young Dro. Promo Vinyl Lot Of 2. Hatin. Gangsta. Hip Hop Record,10.00,0.3230
v1|358768185711|0,Zelia Barbosa Brazil: Songs Of Protest  Monitor Records MFS 717 1971 lp,24.95,0.3229
v1|158054564385|0,"CONCERTO BAROCCO, VIOLIN CONCERTOS BY TARTINI & NARDINI -- DG 413 418-1 STEREO",25.00,0.3224
v1|358771829220|0,Tyrone Davis – In the Mood (1979 US White Label Promo LP),25.00,0.3223
v1|227421291509|0,BUNDY VARGA International Music From The Heart OHIO VG+ VINYL LP Record USED,5.00,0.3222
v1|398151129839|0,Merle Haggard LP. Kern River. 1984 Epic Records FE-39602. In Original Shrink.,12.00,0.3220
v1|278170802307|0,"Madeleine Grey    Chants D'Auvergne    10""   Vinyl    Germany Odeon",3.55,0.3219
v1|366528703937|0,"Bauhaus Kick in the Eye 7"" 45rpm Vinyl Record",20.00,0.3218
v1|227422087255|0,"Access 58 - Changing Times EP - UK 12"" Vinyl - 2000 - Access",3.00,0.3216
v1|318558774970|0,Santiago ceron la vecina vinyl dj copy club 3030 northern blvd Queens NY Combo,10.00,0.3214
v1|178293873641|0,BRUCE SPRINGSTEEN-BORN IN THE USA-ORIGINAL US PRESSING-R.L.   IN WAX VINYL LP,49.99,0.3212
v1|168520710751|0,BLACK MARBLE A Different Arrangement LP EX! In Shrink With Hype Sticker,45.00,0.3211
v1|168520724719|0,"RAGE AGAINST THE MACHINE Battle of Los Angeles 1st Press 1998, No Slip Matte",75.00,0.3210
v1|318558701013|0,hector lavoe que sentimiento dj copy vinyl  club 3030 northern blvd queens 1981,25.00,0.3210
v1|327252315409|0,Helen Wheels Band- Postmodern Living- Vinyl EP + Promo Inserts (1981) Near Mint,19.99,0.3207
v1|307052484069|0,"Earth Quake ""Rocking The World""  EX  1975 Beserkley BZ-0045/Hard rock",5.00,0.3199
v1|407055966561|0,Sturmgewehr Aufhetzung Des Hakenkreuz-Volkes  Limited Edition Nokturne Absurd ,25.00,0.3198
v1|398158650771|0,"USA Private Press 45 SCREAMER 1986 Queens NYC Heavy Metal 7"" Bitches Hell NM",9.99,0.3198
v1|278156265962|0,SMOKE CITY - I REALLY WANT YOU EPIC MODERN SOUL LP SHRINK,25.00,0.3196
v1|407056375570|0,"General Echo “12"" Of Pleasure” Junjo Erotic Roots Reggae Colored OG Vinyl ",9.99,0.3195
v1|298498873754|0,"The Electric Flag A Long Time Comin' Columbia 12"" Vinyl LP Stereo Rock VG+",3.00,0.3195
v1|127966661654|0,"BEBOP DELUXE, Pair Of Harvest Releases, Drastic Plastic/Live In The Air Age, VG+",11.68,0.3192
v1|168521559465|0,"MARK ALMOND, ""TO THE HEART""",4.50,0.3191
v1|168522662696|0,"Blues Brothers Briefcase Full of Blues LP Atlantic SD 19211 1978 12"" Stereo",15.00,0.3191
v1|377326105780|0,"BERNIE WORRELL B.W. Jam 12"" LP WLP Promo INVASION Electro Soul Funk Parliament ",4.99,0.3189
v1|327246933089|0,LP{2}~VINYL 1981~Dan Fogelberg~The Innocent Age~Gatefold NM~KE237393 Epic INSERT,68.50,0.3187
v1|407057235056|0,"Trendsetter Trendsetter Volume 1 Disc 1 12"" Black Vinyl LP Coal Mine 2020",1.00,0.3183
v1|178292340160|0,HISTORY OF RHYTHM & BLUES VOL. 4 THE BIG BEAT LP ATLANTIC SD-8164,5.00,0.3183
v1|178291639495|0,Patti Smith  Group Radio Ethopia (Original Press),20.00,0.3182
v1|158070500212|0,THE WALKER BROTHERS PORTRAIT 1966 PHILIPS UK MONO LP 7732 CLEAN PLAYER,33.33,0.3182
v1|178293688714|0,"Celine Dion It's All Coming Back To Me Now 12"" Black Vinyl Promo BAS 8194",6.00,0.3180
v1|188614055432|0,"HEAR👂Art Hodes Jazz Men Squeeze Me Bugle Call Rag Blue Note 35 12"" 78 RPM",14.99,0.3180
v1|147423577394|0,Janet Jackson Black Cat Album,17.00,0.3177
v1|137493067433|0,BT Express - Non Stop [1975] Vinyl LP Funk Soul Ballad Disco,5.00,0.3176
v1|127962653233|0,Traveling Wilburys - Volume 1 - NM/NM 1988 Folk Rock W/B 1-25796 Sleeve 1ST,21.50,0.3175
v1|147424506292|0,Like New Record America Homecoming Stereo Vinyl LP  1972 BS 2655,35.00,0.3173
v1|377326745980|0,Alejandro Lerner Y La Magia Debut Album LP Vinyl Argentina Raviol RR5001 RARE,49.99,0.3171
v1|307052484081|0,Wilderness Road-Self Titled 1972 LP VG+/Smoke Free Home,5.00,0.3171
v1|800305863646|0,Larry Coryell - Philip Catherine - Twin-House (Promo) - VG+/VG+,2.99,0.3165
v1|267717551441|0,"Flag Of Convenience 12"" Vinyl Record EP Original 1982 Jem Promo- Buzzcocks",5.99,0.3163
v1|137500041161|0,STYX Caught In The Act Live 1984 NM/NM- A&M SP-6514,14.99,0.3153
v1|137493139511|0,"Angel • Sinful • Original Press vinyl Lp record , Giuffria",4.00,0.3152
v1|287447114915|0,Mr Smith Silence And God Spoke Vinyl,6.00,0.3151
v1|117290318400|0,Wayne Shorter Weather Report 2 LP Bundle Tale Spinning Heavy Weather VG  Jaco,24.99,0.3147
v1|127962537022|0,RARE DOOWOP - TREMELOES - BREAKHEART MOTEL - EPIC PROMO - M-,8.00,0.3145
v1|377326091263|0,EUGENE CHADBOURNE / JIM MCHUGH Bad Scene 2021 PSYCH FOLK M- VINYL LP Record USED,6.55,0.3144
v1|358770431722|0,Rihanna Anti Vinyl 2LP Red Translucent Reissue Unplayed,35.00,0.3140
v1|287451574445|0,Bo Kirkland and Ruth Davis - Bo & Ruth LP 1976 Claridge funk soul,7.00,0.3138
v1|117289733473|0,"Jill Corey, Sometimes Im Happy, Sometimes I'm Blue (CL 1095) 1958 Columbia...",0.99,0.3132
v1|188617030727|0,Strawberry Shortcake  Vinyl LP Limited Edition Picture Disc 1981 kpd6002 tested,18.75,0.3130
v1|327252207631|0,Power Station Some Like It Hot 12” Picture Disc Vinyl Record 1985 Uk RARE,14.99,0.3129
v1|287447534871|0,Return Of The Living Dead Original 1985 Soundtrack LP 1st Press Mint Hype Shrink,79.99,0.3128
v1|366528645030|0,"Honey Bane You Can Be You 7"" Black Vinyl Punk EP Crass Records 521984/1",25.00,0.3122
v1|158054564371|0,Sinfonia by Luciano Berio and New York Philharmonic LP,35.00,0.3122
v1|188616867486|0,EMPIRE STATE BASTARD - RIVERS OF HERESY LP(like new/played once)DAVE LOMBARDO,6.99,0.3120
v1|407056178844|0,Very Rare SIGNED MAURICE WILLIAMS AND THE ZODIACS Vinyl LP STAY,60.00,0.3120
v1|800305210691|0,RARE/FULLY TESTED! The Troubadours Of Barbados – Find A Way (1972 LP) READ,69.00,0.3117
v1|298493872161|0,"U2, ""Angel Of Harlem"" 12"" Vinyl EP Vinyl Mint Condition ",6.00,0.3115
v1|267720608409|0,"Ed Raetzloff  ""Drivin' Wheels"" (1981) LP + Free Bonus CD",10.00,0.3114
v1|327252146121|0,"The 5th Dimension LP ""Stoned Soul Picnic"" EX VG++ w/ Insert BX5",3.00,0.3114
v1|366532699915|0,"Midnight Star – Headlines 12"" Single 1986 Electronic Funk Soul 0-66851",2.00,0.3112
v1|127962361239|0,"RARE! Guns & Roses Live Castle Donnington 20th August, 1988 Pink Label No GR-002",99.99,0.3107
v1|127962361239|0,"RARE! Guns & Roses Live Castle Donnington 20th August, 1988 Pink Label No GR-002",99.99,0.3107
v1|800305098666|0,ABOVE AND BEYOND - WE ARE ALL WE NEED 2-LP GATEFOLD - NEAR MINT UK IMPORT,24.95,0.3107
v1|278163215103|0,"Lewis Fleagle Bros.-1982-Private Press-""Eastern Siesta""-Folk/Rock",19.99,0.3106
v1|178282789996|0,"Lil Wayne - A Milli (12"") (Very Good Plus (VG+)) -m",49.99,0.3100
v1|287447113970|0,"MY LIFE WITH THE THRILL KILL KULT SOME HAVE TO DANCE 1989 VINYL 12"" Record Only",20.00,0.3098
v1|407056301614|0,Scientist vs. Prince Jammy “Big Showdown” Reggae Dub Junjo 1980 US OG Vinyl,18.50,0.3097
v1|188613703983|0,SYD BARRETT ~ THE MADCAP LAUGHS  BARRETT 70's HARVEST 2 x LP Records,60.00,0.3091
v1|377319933753|0,CAROL DOUGLAS - MIDNIGHT LOVE AFFAIR MIDLAND INTERNATIONAL DISCO LP,8.00,0.3090
v1|257611159395|0,LP Original 1962 12 Million Record Sellers from Blast Records VG+/VG+,15.00,0.3090
v1|318512892481|0,Rod McKuen – At Carnegie Hall - US 2LP Gatefold,4.99,0.3089
v1|318551479866|0,"Britney Spears ~ I'm A Slave 4 U Limited OG 2001 Vinyl 12"" Single",9.99,0.3086
v1|298488297074|0,Post Malone  “ Twelve Carat Toothache “ Vinyl Record 2022 Opaque Lemon Yellow,12.00,0.3085
v1|298488297074|0,Post Malone  “ Twelve Carat Toothache “ Vinyl Record 2022 Opaque Lemon Yellow,12.00,0.3085
v1|278170810664|0,LIVE AT CBGB'S HOME OF UNDERGROUND ROCK 2 LP VINYL The Shirts Mink Deville,6.88,0.3085
v1|287447115481|0,DENIM EPIC RECORDS PE 34362 LP,10.00,0.3084
v1|407056739685|0,Midnight Oil Blue Sky Mine,6.50,0.3075
v1|227424675132|0,"Schleimer...K   Vinyl  ,  The Metros Vinyl 1981 , 1982",85.00,0.3075
v1|227421524357|0,"1977 American Tears - Powerhouse Columbia PC 34676 Vinyl  Record, Rock Near Mint",4.95,0.3075
v1|327252154739|0,Polyrock above The Fruited Plain 12” Vinyl Record 1982 VG+  New Wave RARE,7.99,0.3074
v1|327252866927|0,1968 Apple Hey Jude / Revolution Fair Condition Scranton Pressing,5.00,0.3069
v1|800306082656|0,PHIL COLLINS LP Hello I must be going 1982 Atlantic  vinyl,8.00,0.3067
v1|298479830731|0,"x-Posed- Point Of No Return -Promo Copy 12"" Single on Pantera Records 1984 Vinyl",299.00,0.3066
v1|137484656466|0,"John Lennon & Yoko Ono-Milk and Honey (POLH P5 821 131-1, 1984 UK) M/NM Pic Disc",74.99,0.3066
v1|206400584836|0,Metal Church LP 1985 Elektra 60471 1st US Press EX w/ Lyric Sleeve Vinyl,66.95,0.3057
v1|278153900288|0," Shadowfax ‎– Too Far To Whisper LP",8.00,0.3057
v1|358770502429|0,Nile Rodgers B Movie Matinee Lp PROMO Vinyl Record 1985 Electronic Funk Vg++,6.99,0.3055
v1|168521430640|0,CAPT JOHN CANTY USAF MGM BLOW YE WINDS 7 in Vinyl Promo  Copy 1970,11.99,0.3054
v1|278154809833|0,"LARRY'S FAT BAND  - STUBBORN KIND OF FELLOW VIRGIN 12"" GERMANY IMPORT",9.99,0.3050
v1|198483947404|0,Outlaws -  1975 release Arista  LP  Vinyl Album - VG,3.99,0.3049
v1|178292538495|0,THE GRADUATE-THE ORIGINAL SOUNDTRACK 1968 2 EYE COLUMBIA US PRESSING-NICE PLAY,8.99,0.3044
v1|227421281567|0,HARVEY HATCHER DAVIE ALLAN Albert Peckingpaw's Revenge VG+ VINYL LP Record USED,5.00,0.3041
v1|188616667137|0,BUDDY KNOX PARTY DOLL+ OTHER HITS ACCORD RECORDS SN7218 VINYL NEAR MINT!,9.99,0.3035
v1|336681257292|0,Teaching You The Fear by Really Red Vinyl LP First Pressing VG++ PUNK HARDCORE,150.00,0.3032
v1|267720755431|0,"Steve Green ""He Holds the Keys"" (1985) LP + Free Bonus CD",11.00,0.3026
v1|158064096130|0,Mitski “This Is Where We Fall” Vinyl 12” LP Z2 Comics Dead Oceans,14.99,0.3024
v1|287445721826|0,Gorillaz D-Sides 3 LP Set 2020 Parlophone 190295307745 Import Black Vinyl ,12.50,0.3024
v1|137499915403|0,Merle Haggard 5:01 Blues 1989 1st Press NM/NM- Epic FE 44283,12.99,0.3023
v1|377327916255|0,MOTHER’S FINEST : IRON AGE : PROMO VINYL LP : ATLANTIC SD 19302 : EX,12.88,0.3021
v1|307047853738|0,CHARLES AZNAVOUR: His Love Songs In English LP - 1965 REPRISE RECORDS 6157,4.00,0.3018
v1|318515387293|0,Doucette – The Douce Is Loose - US Blues Rock LP 1979,4.99,0.3011
v1|298488649323|0,"10-Speed – Tour De France Vinyl 12"" Single 1983 Rap / Freestyle / Club RARE",9.99,0.3009
v1|287447115478|0,ANNE MURRAY LP TALK IT OVER IN THE MORNING CAPITOL RECORDS VINYL STEREO NM,6.00,0.3009
v1|318555645061|0,ULTRAVOX VINYL LP MONUMENT THE SOUNDTRACK-LIVE USED VG Import W. German,9.99,0.3008
v1|188521301497|0,Valentine Brothers - Self Titled - 1979 Source SOR-3070 LP Vinyl Record - NM,0.99,0.3008
v1|377326091219|0,RICHARD TOENSING New Music For Piano And Organ OWL 1983 VG VINYL LP Record USED,5.00,0.3006
v1|366528554364|0,RARE AUTOGRAPH SUN RECORD-DICKEY LEE& HIS COLLEGIATES-GOOD LOVIN 1956,49.99,0.3002
v1|198483171907|0,Trilogy - New Africa Hard Cell Beat Freaks - Celluloid Records 3 vinyl LP Set,18.62,0.3001
v1|178298453157|0,SPLASH FOUR FunBangers 7 French KBD Punk NO TALENTS The Boys UK Oblivians Gories,6.95,0.2999
v1|318515300049|0,Dave Mason – Let It Flow - US LP 1977,4.99,0.2997
v1|398158729746|0,The Rolling Stones - She’s A Rainbow - London 45 VG PSYCH ROCK 1967,14.98,0.2996
v1|206401068729|0,DONN THOMAS You're The One LP Myrrh 6680 1981  Gospel Modern Soul.,8.00,0.2996
v1|227424321878|0,Kill Your Idols 12 Inch EP Vinyl Record,30.00,0.2996
v1|147422701006|0,"NAKED EYES - Promises, Promises - A Very Hard Act To Follow - VG+",4.00,0.2993
v1|158054564355|0,"Sir Thomas Beecham conducts Paris, Eventyr & Koanga by F. Delius LP",7.00,0.2992
v1|287447534891|0,Power Station Self-Titled 1985 Capitol Record SJ-12380 NM 1st US Press Shrink,14.99,0.2982
v1|267718220322|0,Bobby Goldsboro – Little Things LP - 1965 - MONO - VG/VG,5.00,0.2981
v1|158065889456|0,"Drive-Ins Movie Girls Dakine Music 1985 12"" Rare Vinyl Lp",15.00,0.2979
v1|117294137332|0,MARIA CALLAS ~ LA DIVINA VOL. 5 ~ 2789750 ~ 1981 ~ 2 LP ~ nm/nm-,4.99,0.2974
v1|188614250280|0,Small Black “Moon Killer” 12 Inch Vinyl Record Marble Blue Swirl,60.00,0.2972
v1|327252127851|0,"Kenny Rogers LP ""Self Titled"" NM EX BX10",3.00,0.2967
v1|407056594400|0,"The Police ""Ghost In The Machine"" Vinyl LP 1981 Pop Rock/New Wave/Rock OG",3.99,0.2967
v1|377328766532|0,Shaed – Melt - RARE 2019 Sea Blue Vinyl Photo Finish Records LP - NM (P199),50.00,0.2967
v1|327252049910|0,"TORNADOES, THE---THE ORIGINAL TELSTAR",13.99,0.2964
v1|398153866402|0,"BOYGENIUS - the record (urban outfitters Limited Ed. Pink Swirl Vinyl 12"" LP)",20.00,0.2963
v1|147424506558|0,Wishbone Ash ‎- New England Atlantic SD-18200 LP 1976 EX/NM,40.00,0.2961
v1|127966661095|0,"BEBOP DELUXE, Live In The Air Age Double LP/EP Specialty White Disc 1977 Harvest",7.22,0.2960
v1|298480419836|0,Buckingham Nicks 1978 EX Vintage US LP  Vinyl ONLY NO COVER,30.00,0.2960
v1|127963626498|0,"Raise The Flag Hardcore 7"" Vinyl Record 1996 Excellent Condition Punk",10.00,0.2959
v1|127963281544|0,Franne Golde Natives Are Restless Portrait WLP Promo 45 VG+,2.99,0.2958
v1|206400979884|0,"Home Of The Blues / New Orleans - Jessie Hill,Aron Nevill, Ernie K-Doe,Lee",35.00,0.2958
v1|227416825010|0,Kool & The Gang Wild And Peaceful Funk Soul LP on De-Lite,7.50,0.2954
v1|336676999120|0,The Best of Eddie Rabbit Electra Vinyl LP 6E-235 First Pressing 1979 in Shrink,8.00,0.2952
v1|127962270163|0,"Church Of Misery Son Of A Gun 10"" Vinyl Record Electric Wizard Doom Metal ",26.00,0.2951
v1|287447115491|0,Environments New Concepts in Stereo Sound Disc 1 Vinyl LP SD 66001,7.00,0.2949
v1|287445963342|0,Chrissie Hynde Stockholm Live 229 Club 10” RSD LIVE EP White Wax MINT,19.95,0.2946
v1|358770433230|0,Lorde Melodrama Vinyl LP Unplayed,20.00,0.2946
v1|377325892116|0,"DAVE CLARK 5 - LP ""Weekend in London"" ORIGINAL EPIC MONO ""White Label Promo"" VG+",12.50,0.2946
v1|117293720359|0,"Sara Vaughan ""in Hi-FI"" 6 eye Columbia CL-745 Vinyl  LP  VG/VG",6.99,0.2941
v1|407063308949|0,Depeche Mode - Music For The Masses Vinyl Record Album,45.99,0.2936
v1|358771284256|0,Sinatra Sammy Davis Dean Martin LP 500 Club Atlantic City Cafe Later Philly,20.00,0.2929
v1|137494008204|0,The Moonglows Doowop 45 First Press,6.00,0.2929
v1|327252315393|0,The Clash Combat Rock Lp First Pressing Vinyl Record 1982 Punk Album RARE,24.99,0.2928
v1|137494086436|0,JAMES BROWN & FRIENDS/SOUL SESSIONS LIVE LP Aretha Franklin Joe Crocker Rare,100.00,0.2928
v1|188614252398|0,"OPENED- ATLANTIC RECORDS- PHIL COLLINS ""No Jacket Required"" VINYL LP",6.00,0.2926
v1|168522401011|0,Electric Moog Orchestra Music fr Close Encounters Of The Third Kind LP Mint!!!,3.99,0.2924
v1|137484192676|0,The New Gaither Vocal Band New Point Of View lp Larnelle Harris + Bonus CD,7.99,0.2922
v1|366528799102|0,1979 ABBA ATLANTIC  LP,20.00,0.2922
v1|336677641423|0,"Twennynine w/Lenny White - Best Of Friends, 1979 Promo LP, Soul, Funk, Disco.",8.00,0.2921
v1|267720666977|0,MARIAN MCPARTLAND SIGNED LP Plays The Music Of Alec Wilder US Halcyon HAL 109 LP,25.00,0.2921
v1|168521728408|0,"ALICE COOPER~""ONLY WOMEN""~Orig. 1975~ROCK~HARD ROCK~GLAM~7'' 45rpm~ATLANTIC~VG+",0.99,0.2919
v1|307048300180|0,"Mick Fleetwood I'm Not Me Black Vinyl LP 12""",5.00,0.2918
v1|267720804260|0,"Gino Vannelli ""Big Dreamers Never Sleep"" vinyl - 1987",5.00,0.2917
v1|800304421076|0,Luring - Victory Fires Ablaze Under The Banner Of Lucifer LP,30.00,0.2917
v1|158065313136|0,"137 piece Indie Garage Punk Experimental Grunge Alternative 7"" RECORD LOT",181.00,0.2916
v1|287447113974|0,"Donovan--Like It Is (Was, And Evermore Shall Be) LP Vinyl US 1968 Hickory Stereo",12.00,0.2914
v1|298488608154|0,JOE BATAAN “POOR BOY” FANIA 371 DG LATIN BOOGALOO SALSA VG+,100.00,0.2913
v1|398159728209|0,The Lady Of Rage AFRO PUFFS Promo 12” Remixes Vinyl Death Row EX,4.99,0.2913
v1|800305539469|0,"Lettermen – Now And Forever Vinyl, LP 1974 FIRST Records, Japanese Pressing EXC",14.95,0.2908
v1|127962257460|0,"CATHEDRAL THE CARNIVAL BIZARRE DOUBLE 10"" VINYL British Doom Electric Wizard ",29.81,0.2906
v1|358756662104|0,"Shakti With John McLaughlin ""Natural Elements"" 1977 Fusion Jazz LP Vinyl Record",9.99,0.2900
v1|298488774719|0,ELECTRIC GLIDE IN BLUE LP Album,4.99,0.2899
v1|227424163931|0,Vision In The Blink of An Eye Vinyl Record LP,15.00,0.2895
v1|227416934535|0,Don 'Sugar Cane' Harris Fiddler On The Rock Gatefold Jazz LP on MPS,7.00,0.2890
v1|278163471589|0,MICHAEL JACKSON OFF THE WALL LP ULTRA RARE 1979? PITMAN 1ST? PRESS~NO DISCOGS!!,56.00,0.2890
v1|358770523976|0,Doechii Alligator Bites Never Heal Vinyl LP Hazel Translucent +Poster Unplayed,15.00,0.2890
v1|127962539399|0,THE SLADES - BABY/YOU MEAN EVRERYTHING TO ME - Liberty - VG,7.00,0.2889
v1|267720708141|0,DOC SEVERINSEN & STRINGS - COMMAND LP RS 937SD 1968,2.28,0.2888
v1|307048319307|0,Let Us Entertain You - Magnavox Promotional LP,4.00,0.2888
v1|117289916233|0,Low Sunday Ghost Machine  Static Besides,20.00,0.2887
v1|358770425671|0,Taylor Swift Self-Titled Debut Vinyl 2LP 180g Reissue Unplayed,90.00,0.2886
v1|117283703401|0,THE MG's (aka The Memphis Group) Self-Titled 1973 SOUL R&B LP on Stax #STC-3024,5.99,0.2884
v1|398153468876|0,Big popper,5.00,0.2879
v1|178291639503|0,The Scientist This Heart Doesn't Run On Blood EP (original issue),35.00,0.2875
v1|206400626593|0,"Lou Reed Coney Island Baby Vinyl LP 12"" Album RCA Records 1976 Pressing Used",11.18,0.2875
v1|398159401875|0,George Jones-Love Bug-Vinyl LP Musicor Records -Mono Pressing Excellent,9.99,0.2872
v1|158064051101|0,"90-piece Indie Garage Punk Experimental Grunge Alternative 7"" RECORD LOT",129.50,0.2872
v1|178292529153|0,DOCTOR SCHIVAGO-OMS-ORIGINAL MGM VINYL GERMAN PRESSING INCREDIBLE COPY,19.99,0.2871
v1|158064876351|0,MARI NAKAMOTO YUZURU SERA EIJI KITAMURA SWING ON BIRDLAND VINYL AB-2003 LP EX,19.95,0.2867
v1|358777466762|0,Rock and Rollin with Fats Domino Imperial LP-9004 MONO 1st press deep groove,12.50,0.2865
v1|327246854456|0,The Norfleet Brothers Shadrach LP Checker 1008 Rare Soul Gospel,45.00,0.2865
v1|168527357161|0,Pink Floyd – Masters Of Rock - Harvest EMI LP Vinyl Record,22.00,0.2862
v1|188616728094|0,MEGA RARE Roy Roberts Country Star LP Album from 1981 in NM Condition in Shrink,500.00,0.2858
v1|236923379741|0,Eminem Stan Mint playing condition-Promotional Album beyond Rare,25.00,0.2856
v1|147416437177|0,Viva La Salsa Vinyl 33rpm LP,19.00,0.2852
v1|147416437177|0,Viva La Salsa Vinyl 33rpm LP,19.00,0.2852
v1|366528398257|0,SMOKIE - DISCOVER WHAT WE COVERED - 180g HeavyWeight Vinyl - Like New,14.99,0.2852
v1|278170802388|0,"Al Brown Here I Am Baby Come And Take Me 45 Reggae Rare OG Jamaica 1973 Vinyl 7""",3.99,0.2852
v1|236923748912|0,KISS ME KATE BROADWAY RECORDING CLASSIC,19.99,0.2846
v1|398159746208|0,TEST PRESSING-1970 Minnie's Boys-1 Sided Shelley Winters Groucho Marx Rare Vinyl,7.99,0.2844
v1|278163728614|0,Beethoven Symphony No.7 Philharmonia/Klemperer UK Columbia 1st press SAX 2415 NM,50.00,0.2842
v1|377326235117|0,"Mitch Ryder and the Detroit Wheels: Sock It To Me!  1967 VG- Cover, VG+ Vinyl",6.00,0.2841
v1|147424506493|0,"Like New Record SAVOY BROWN ""HELLBOUND TRAIN""  Stereo Vinyl LP  1972 XPAS 71052",36.00,0.2840
v1|147422645942|0,Like New James Taylor Never Die Young Stereo Vinyl LP,29.00,0.2838
v1|336677403121|0,"RUBY TURNER Motown Songbook LP (Jive, 1988) * MINT VINYL *  Promo 1177-1-J",8.99,0.2838
v1|188612719714|0,"The Mission UK God's Own Medicine 12"" Black Vinyl LP Stereo Mercury",15.00,0.2835
v1|358770509558|0,KISS Asylum Lp Vinyl Record 1985 VG++ Glam Rock Album Gene Simmons Paul Stanley,19.99,0.2833
v1|147424506303|0,Wishbone Ash Locked In 1976 Atlantic SD 18164 Stereo Vinyl LP Like New Promo Cop,40.00,0.2831
v1|168521074078|0,Beethoven: the Complete String Quartets (1989 Live Recordings) by Alban Berg,69.00,0.2829
v1|327252128287|0,AGE OF CHANCE~One Thousand Years Of Trouble- Vinyl Near Mint Flawless,9.99,0.2828
v1|398159746412|0,"R. KELLY “IGNITION” 2002 PROMO VINYL, SLANG DANCE MIXES, NEAR MINT",2.99,0.2827
v1|278169760189|0,"Alice Cooper Love It To Death 12"" Vinyl Record WS 1883",27.99,0.2823
v1|278164402417|0,The Boys Of The Lough – Open Road - 1983 - Flying Fish FF 310 Vinyl LP VG+/VG+,5.90,0.2821
v1|158054564368|0,"Christine Edinger, Violin plays Blacher, Linke & Maderna on Orion Masterworks LP",50.00,0.2819
v1|227421818985|0,"DISKONAUTS Feat. Tanya Henderson Feel The Love 12"" LP  AFTERHOURS",4.99,0.2819
v1|158064922301|0,Tina Turner live in Europe Lp and 2 copies of Private Dancer. Very good,31.00,0.2817
v1|287451866840|0,Japanese Breakfast For Melancholy Brunettes Frosted Coke Bottle Vinyl LP sealed,10.00,0.2816
v1|236923876003|0,Jeff Stice (And Now) LP Southern Gospel 1986,0.99,0.2813
v1|287447114951|0,Funkmaster Flex Vinyl 1993 Sad And Blue/Million Was To Die,10.00,0.2809
v1|398159801745|0,HOWDY DOODY And Buffalo Bob Smith- LP-Be A Ventriloquist Vinyl In Shrink Wrap,6.99,0.2808
v1|178291752621|0,"Blues Control Snow Day Sub Pop SIngles Club 7""",5.00,0.2804
v1|188616950884|0,The Muppet Movie Vinyl Original Soundtrack 1979 Atlantic SD 16001 Gatefold VG,18.25,0.2800
v1|800247403898|0,"Amine, Limbo ~ EX ~ '21, Republic Records, GF, Trap, Pop Rap",9.99,0.2799
v1|358769733630|0,The Animals! Animal Tracks 1965 Mono US Pressing MGM E4305 VG/VG+,20.00,0.2796
v1|127962653608|0,Don Shirley  CLP 1015  Sometimes I'm Happy  NM,4.86,0.2794
v1|287446085043|0,Jack Scott – Tall Tales / Flakey John    on  GROOVE    1964   PROMO !,8.95,0.2791
v1|398150748665|0,Sonny James - Young Love 1962 USA Mono Orig. Vinyl LP VG+/VG+,3.00,0.2791
v1|307042564939|0,A Chorus Line - Original Cast Recording 1975 Musical 12” LP Gatefold 33RPM NM,8.00,0.2790
v1|198483676494|0,Ahmad Jamal Alhambra LP Argo 685 mono - Klabin Collection,40.00,0.2790
v1|227421281579|0,VA Live At The Richmond Inn PRIVATE PRESS Canada Folk VG+ VINYL LP Record USED,5.00,0.2789
v1|188613225743|0,"AVERAGE WHITE BAND Cut The Cake, SD 18140 1975 Vinyl LP Sounds Great",2.00,0.2787
v1|398150487057|0,Billy Joel ‎ ~ Songs In The Attic ~ Japanese IMPORT LP  CBS/Sony OBI,6.00,0.2786
v1|398158668025|0,"TEST PRESSING-Monica- Missy Elliott-Set It Off Dance Remix R&B Soul 12"" Vinyl",8.99,0.2785
v1|278154809851|0,"BAD BASCOMB BAND - DO IT TWICE  FUNKY CITY SPECTRUM 12""",40.00,0.2785
v1|236917096581|0,CINDY BULLENS / DESIRE WIRE LP,5.00,0.2785
v1|168521504749|0,"HENNY YOUNGMAN: the primitive sounds of National Recording Corporation 12"" LP Se",3.60,0.2784
v1|318554915845|0,Stephen Bishop The Big House  NM US vinyl 12” promo,3.00,0.2782
v1|800304485462|0,Hugg & Pepp Naken Janne EP Backdahl Black Vinyl Record Electronic Cardboard,5.00,0.2781
v1|168514797490|0,"UK DOUBLEVISION 12"" Industrial 45 RPM  PETER HOPE & RICHARD H. KIRK Leatherhands",12.00,0.2778
v1|398151128980|0,DJ Shadow Entroducing Vinyl LP Record Album MISSING ONE VINYL RARE 1996,75.00,0.2771
v1|227421083266|0,Lakeside Party patrol  Vintage Vinyl LP 1990  z75314 rare record,10.00,0.2771
v1|168522400994|0,Andy Williams - Lips of Wine / Straight From My Heart 1957 EX,2.65,0.2770
v1|178291637781|0,Melvins Nude With Boots (Original Press),35.00,0.2770
v1|236928251390|0,"Alton Ellis - A Fool, 7"" RE (Vinyl)",24.99,0.2768
v1|257611351090|0,The Surfaris – Wipe Out / Surfer Joe    on   DOT    1966    re-issue,8.95,0.2768
v1|366528664017|0,"Gustav Mahler 2 Record Vinyl Lot, A Rare find! Symphony No.6  Sir John Barbiroll",18.00,0.2755
v1|147423453142|0,Joan Baez Diamonds & Rust LP 1975 A&M SP-4527 Original Pressing VG Vinyl G Cover,10.00,0.2753
v1|327251912554|0,In The Nursery LP L'esprit Vinyl 1988 EUR Vinyl Third Mind/Play It Again Sam,9.99,0.2753
v1|267720762598|0,Freddie & The Dreamers - MG 21017 - Vinyl Record LP,2.50,0.2752
v1|398153813760|0,"PAUL REVERE & THE RAIDERS - Here They Come! (LP, 1965) Very Good",5.00,0.2751
v1|336678429413|0,"LP Conjunto Casino ‎– La Epoca De Oro - Latin,  Rumba, Afro-Cuban RCA GRN LBL M-",14.95,0.2749
v1|398159746491|0,ACETATE Vinyl Record-PEPPER-Classic Rock 1977 Original Funk RCA APLI-2189 A,27.99,0.2748
v1|318555119900|0,LEE KOSMIN STOP THE CLOCK AOR 1983 promo US vinyl LP,2.50,0.2748
v1|327251961376|0,"Paint this Town by Old Crow Medicine Show (Record, 2022) NM Played Once",15.00,0.2746
v1|147424688888|0,Like New J.B. Hutto & The Hawks Slidewinder Stereo Vinyl LP 1973 Delmark DS-636,75.00,0.2744
v1|398159264198|0,Culture Club-Lot of 2 LP OG Shrink Wrap-NM W/Inner Sleeves-Kissing-Waking Hype,14.99,0.2743
v1|227421475023|0,BERG  BARTOK Concertos ANDRE GERTLER -Violin  Kletzki/PO Fully Tested! NM-/NM- -,15.90,0.2742
v1|298487726164|0,Little Joe Woods - It Takes A Drinking Man / This Time Private Press 45 Rare,8.99,0.2739
v1|278170850152|0,LOT OF 2 SOUTHERN ROCK LP-HENRY PAUL BAND-Anytime-Self Titled W-Promo Time Strip,7.99,0.2738
v1|358768683280|0,Joe Newman Vinyl Album Joe’s hap’nin’s VG+,25.00,0.2738
v1|198475487854|0,"Bob James 12 Smooth Jazz, Jazz-Funk, Electronic in shrink wrap Lp",10.00,0.2736
v1|188616715569|0,"MARKIE DEE on LP  single "" TYPICAL REASONS "" hip hop funk soul",4.99,0.2732
v1|168521151736|0,Purple Reign This Old Man 1975 Go-Rilla Funk NM,15.00,0.2730
v1|377332068669|0,"Groove Theory 4 Shure Vinyl 12"" Single R&B Soul Columbia CAS 12867",15.55,0.2726
v1|257615476574|0,LP US 1983 The B-52's – Whammy!,11.99,0.2726
v1|278156266028|0,RICHARD 'GROOVE' HOLMES  X-77 LIVE AT THE LIGHTHOUSE WORLD PACIFIC JAZZ LP PROMO,15.00,0.2718
v1|398158619456|0,USA For Africa We Are The World Vinyl LP Record First Pressing,13.95,0.2718
v1|236924081651|0,Trapeze- Medusa lp Threshold Records 1970 1st press,14.99,0.2717
v1|147427861449|0,Harry Chapin Portrait Gallery 1975 1st Press NM Lyrics Insert,8.99,0.2714
v1|147423377068|0,Nipsey Russell The Funny Side of Nipsey LP Humorsonic 708 Comedy Vinyl Rare Shri,2.99,0.2711
v1|298489017144|0,"SAM & DAVE ""SOUL MEN"" ORIGINAL STAX S725 EXC VINYL-VG+ COVER 1967",9.99,0.2711
v1|147427875074|0,Wishbone Ash Locked In 1976 Atlantic SD 18164 NM Vinyl,9.99,0.2709
v1|227421281627|0,DENNIS LOEWEN Profile HANNAH Soft Rock 1979 VG+ VINYL LP Record USED,5.00,0.2707
v1|358769269971|0,"ILLSTYLE LIVE (2LPS), FUNKDOOBIEST- XXX FUNK VINYL SINGLES HIP HOP",10.00,0.2705
v1|198475483669|0,Mike Wofford ‎– Scott Joplin: Interpretations '76   Mint JAZZ MODAL LP,10.00,0.2705
v1|227405807577|0,JOAN JETT & THE BLACKHEARTS - I LOVE ROCK  & ROLL - HARD ROCK - CLUB ED NM VINYL,5.99,0.2702
v1|117290743995|0,LOVE AND ROCKETS MOTORCYCLE 1989 U.K. 12” SINGLE BEGGARS BANQUET PRINT 4TRX,10.00,0.2702
v1|236922942625|0,"The Big Three Record NRMT, Doctor Jazz Records, Hawkins, Young, Webster",15.00,0.2700
v1|236923732529|0,Neal Ford & the Fanatics Hickory LPS 141 Garage Psych LP,14.00,0.2699
v1|147427890575|0,Don McLean Self Titled LP NM-/EX 1972 Lyrics,6.99,0.2697
v1|147423561911|0,"JOE STRUMMER & THE LATINO ROCKABILLY WAR - 7"" VINLY - ""TRASH CITY""",75.00,0.2694
v1|327252381645|0,Asia  (2) Geffen Records 25AP 2299 Japan  VINYL LP OBI NM/M,34.99,0.2693
v1|267720612595|0,"TRAFFIC ""shoot out at the fantasy factory"" LP 1973 VINYL Island ST-IL 825062",1.75,0.2691
v1|227421338700|0,DIRTY WATER.,15.00,0.2691
v1|307052484076|0,Shoes Present Tense LP NM Elektra 6E-244 1979 Power Pop/Smoke Free Home.,10.00,0.2684
v1|178294228877|0,LIONEL RITCHIE-CAN'T SLOW DOWN-1983 MOTOWN 6059 ORIGINAL US VINYL PRESSING,22.00,0.2684
v1|147424506646|0,Faces Original Vinyl Album LP - A Nod Is As Good As A Wink 1971  BS 2574 EX,26.00,0.2682
v1|188614196527|0,"OPENED- ATLANTIC RECORDS- GRAHAM NASH ""Innocent Eyes"" VINYL LP",6.00,0.2680
v1|358755572235|0,GENE DOZIER & THE BROTHERHOOD - A HUNK OF FUNK MINIT 45,6.00,0.2679
v1|188601132206|0,"Yazz And The Plastic Population ""The Only Way Is Up"" rare US pressing. 3 mixes.",4.00,0.2672
v1|377326699023|0,Suicide Machines Destruction By Definition Green Swirl Ltd 127 Asbestos Records,59.99,0.2667
v1|278156266147|0,FREDDIE HUBBARD - SKY DIVE CTI 6018 LP GEORGE BENSON RON CARTER JARRETT LAWS RVG,25.00,0.2663
v1|366528317627|0,Foreigner Agent Provocateur 1ST PRESSING W/ETCHING Vinyl,250.00,0.2662
v1|398152010439|0,"James Brown Sings Out of Sight 12"" Black Vinyl LP R&B Smash Stereo SRS 1-67109",20.00,0.2662
v1|358758630635|0,LAKESIDE - POWER SOLAR MODERN SOUL LP SHRINK,8.00,0.2658
v1|318551474456|0,"Alphaville ~ Forever Young Limited OG Promo Vinyl 12"" Single",9.99,0.2657
v1|398152101292|0,"Original 1969 LP - Ten Years After ""Stonedhenge"" DES-18021, LP=VG+, Cover=Fair",12.50,0.2654
v1|227422453434|0,Eric Orr DJ Robot Control Vinyl Serato SIGNED,200.00,0.2649
v1|168521496631|0,LENNY DEE DECCA RECORDS COAL MINER'S DAUGHTER 7 in Vinyl Cover in Mono 1971,11.99,0.2647
v1|147422624259|0,Delibes Sylvia Ballet Suite Complete Fistoulari LSO Orig Merc Stereo 1959 RARE!,14.99,0.2647
v1|257615540860|0,PELT! JACK ROSE! EMPTY BELL RINGING IN THE SKY 2 LP SET! PSYCH DRONE! EX+/NMINT!,15.95,0.2645
v1|307048408897|0,CNA Insurance Consumer 6-60sec Radio Commercials 45RPM RARE Ex Cond.,12.00,0.2644
v1|127957673600|0,DAZZ BAND Keep It Live 1982 LP on Motown #6004ML FUNK SOUL R&B ELECTRONIC,5.99,0.2643
v1|188614066971|0,"HEAR James P. Johnson Improvisation On Pine Top's Boogie Woogie Blue Note 12"" 78",14.99,0.2643
v1|407056398379|0,tiger army rose of the devils garden ep,40.00,0.2643
v1|168522401166|0,The Megatrons - Velvet Waters/The Merry Piper  1959 VG,2.65,0.2642
v1|198488341987|0,***THE MAGNIFICENTS MY HEART IS CALLING / ON MAIN STREET NORTHERN SOUL***,176.00,0.2640
v1|158066448438|0,STEREO REVIEW - STEREO DEMOSTRATION RECORD - LP,6.00,0.2637
v1|227421311149|0,"NEWCLEUS Jam On It 12"" LP SUNNYVIEW Electro Hip Hop",4.99,0.2634
v1|358768682347|0,"VTG Mother Goose Records 2 Album Set Happy Birthday Party Songs 33 RPM 12""",10.00,0.2633
v1|307049955311|0,Anne Murray Dannys Song LP Vinyl Canada 1973 Hype Sticker Shrink Tested EX/VG+,2.99,0.2633
v1|147424506883|0,The Flying Burrito Brothers Airbone Stereo Vinyl LP 1976 BL 34222,40.00,0.2632
v1|137500041796|0,TIM HARDEN Self Titled 1970 Original NM Shrink,12.99,0.2629
v1|800304340008|0,"Translucent Rhythm (Gene Farris Remix) Rod Hot HOT227 12"" Vinyl Single",5.00,0.2629
v1|158054564391|0,In Retrospect by Ernst Toch LP,38.00,0.2628
v1|188614112510|0,"PUFF DADDY & THE FAMILY on LP  single "" BEEN AROUND THE WORLD "" hip hop rap",4.99,0.2627
v1|257610680561|0,Larry Lee Jones LP 1984 Make Me Happy Mamory Machine Signed on Back,10.00,0.2623
v1|168521454356|0,"Deep Purple Machine Head 12"" Black Vinyl LP Warner Bros.",24.99,0.2623
v1|307042570042|0,Green 45RPM “My Tears Are Dry” 1988 80s Chicago Indie Rock Power Pop 7” EP Vinyl,3.50,0.2622
v1|198481149888|0,"CARL HALL MY BABY'S SO GOOD 45 7"" NM US MERCURY VINYL LISTEN RARE NORTHERN SOUL",10.50,0.2619
v1|327252146118|0,"Gary U.S. Bonds LP ""Dedication"" NM EX w/ Orig Inner BX10",3.50,0.2619
v1|358767464409|0,"POWERSOURCE Shelter From The Storm 12""LP 1986 Power GRAY VINYL Spiritual Rock EX",15.00,0.2619
v1|298487923584|0,"THE MERRYMEN ""FROM DUSK TILL DAWN"" LP 1967 EXC VINYL & GATEFOLD COVER",9.99,0.2618
v1|278163374810|0,Bad Brains H.R. Heywella Valiant Thoor Sailin On Split  Volume Vinyl Club,10.00,0.2616
v1|336677149754|0,White Zombie Make Them Die Slowly Vinyl NM PROMO Super Rare!!!,129.00,0.2614
v1|358758399538|0,The Ventures - Underground Fire - 1969 Inst Guitar - Liberty LST-8059 VG+/VG+,12.00,0.2611
v1|377319933738|0,CHARLIE RICH - A TIME FOR TEARS SUN STEREO LP,8.00,0.2610
v1|377332224761|0,"Players Association Get On Up Now Vinyl 12"" Single Disco Vanguard SPV 41 Black",9.50,0.2609
v1|147423708390|0,Clannad Macalla Lp Maire Brennan  Bono U2 Lp Nm,6.99,0.2603
v1|227421281556|0,"DJ JAMX !Keep It That Way! 1999 Hard Trance VINYL 12"" Record VG+ USED",5.00,0.2602
v1|800305503876|0,"The Band of Heathens Top Hat Crown & The Clapmaster's Son 12"" Black Vinyl LP",30.00,0.2602
v1|366529190321|0,Eric Clapton Backless Lp gatefold textured cover Nm,5.99,0.2600
v1|137500020656|0,"1991 Nomad – (I Wanna Give You) Devotion 12"" Vinyl Record Album",3.00,0.2599
v1|158054564367|0,The Early String Quartet by The Schaffer Quartet LP,20.00,0.2598
v1|398159801983|0,ARTHUR LEE-LOVE-CLASSIC ROCK-Self Titled LP - RECORD Vinyl Rhino,8.99,0.2598
v1|327252158898|0,Brownsville Station  Rare 1977 Private Stock Hard Rock Lp Sealed Mint Cub Koda,9.49,0.2598
v1|137484426542|0,Ken Medema Through Eyes Of Love lp In Shrink + Bonus,7.99,0.2597
v1|168514466658|0,Ken Nordine LP RARE Songs Of The Railroads / Songs Of The Civil War On Sfve,14.99,0.2596
v1|318512749221|0,Swing Out Sister – Kaleidoscope World - US LP + OIS 1989,4.99,0.2594
v1|267718256155|0,Jefferson Airplane – Crown of Creation LP – 1968 – VG/VG,9.00,0.2594
v1|287451357319|0,FIESTA MEXICANA! 1960's Vinyl compilation LP latin trios mariachi ranchera VG+,9.00,0.2586
v1|188623692167|0,"JIMI HENDRIX EXPERIENCE: ELECTRIC LADYLAND, 2X12"", 2657-012, UK, 1973, EX, COOL!",290.00,0.2585
v1|307052484073|0,Shoes: Tongue Twister Lp  Original Lyric inner sleeve/ Smoke Free Home,10.00,0.2585
v1|188613984122|0,"2 In A Room – Wiggle It 1990  Vinyl 12"" Single Club / Freestyle / House RARE",14.99,0.2584
v1|800288894653|0,"Fox Jaw, Ghost's Parade, White Vinyl,Limited Pressing,Numbered",40.00,0.2581
v1|398159728033|0,Test Pressing Ruth Waters - Never Gonna Be The Same 12” Soul Disco,3.99,0.2578
v1|358756679195|0,"John Barleycorn Must Die [Remastered / 180gm Standalone] by Traffic (Record,...",4.99,0.2578
v1|318564309542|0,Linkin Park Underground 9 Demos Limited Edition Numbered Vinyl with Display LPU9,789.00,0.2577
v1|398159746886|0,DISCO 4 LP RECORD LOT-Walter Murphy-Gary Criss-Ralph Carter-French Kiss FUNK,6.88,0.2575
v1|127962370740|0,"The New Vaudeville Winchester Cathedral / Wait For Me Baby Fontana 7"" Vinyl 45 …",0.74,0.2572
v1|178291637785|0,P J Harvey I Inside The Old Year Dying LP,25.00,0.2571
v1|366528531124|0,1952 JUMP BLUES-RENE HALL-DO IT UP RIGHT -WILD GUITAR BLASTER-WOW,109.99,0.2570
v1|800304279656|0,"Renata Scotto Arias Puccini Mascagni Cilea Catalani Columbia 12"" Stereo LP",4.00,0.2569
v1|267721279453|0,The Nails Mood Swing OG Original 1984 Vinyl LP RCA Records NFL1-8037 Clean!,15.99,0.2567
v1|800305997921|0,"Nascence, Terrence Blanchard, Donald Harrison, M-/M- exc for ¾” marker",3.99,0.2565
v1|358768178438|0,The Flying Lizards,15.00,0.2560
v1|168522401202|0,The Merry Macs - Boom I'm In Clover / The Lord Is Busy Man  1955 VG+,2.65,0.2556
v1|800303964867|0,Used Vintage 1958 Vinyl Record LP Art Mooney& His Orchestra/Dancin' Banjos-Jazz,9.00,0.2556
v1|358768394441|0,The BoDeans-“Outside Looking In” Vinyl LP VG Slash Records 1987,7.00,0.2556
v1|227421199350|0,"1978 CERRONE IV, The golden touch. Cotillon SD 5208 vinyl disco, NM",4.95,0.2556
v1|358770432357|0,Michael Bublé Christmas Vinyl LP Clear Red Green Splatter Ltd Ed Unplayed,16.00,0.2554
v1|358758630027|0,ADRIANO CELENTANO TI AVRO PETERS INTERNATIONAL STEREO PLD 4220 LP,50.00,0.2552
v1|206401317219|0,White Lies Ritual (Vinyl) Near Mint Limited Edition Transparent Green Vinyl,42.00,0.2543
v1|267720713292|0,"Paul Horn,INSIDE THE TAJ MAHAL, Vinyl LP, Jazz Rock, Kuckuck 062, Record Only",2.86,0.2541
v1|168521829356|0,"THE STYLISTICS~""YOU ARE BEAUTIFUL""~Orig.1975~FUNK~SOUL~R&B~7'' 45rpm-AV-4664~VG+",0.99,0.2541
v1|318515872287|0,REO Speedwagon – Ridin' The Storm Out - US LP dark epic labels 1973,4.99,0.2541
v1|318550715967|0,"The Hives ~ Main Offender OG Limited Blue Marble Vinyl 7"" Single",9.99,0.2539
v1|407055792813|0,"HORACE BROWN ""One For The Money / "" 12"" NM/NM Promotional 1996",8.00,0.2537
v1|188612723942|0,Vladimir Vysotsky Concert in Toronto  Record  LP Kismet Records USA,205.00,0.2536
v1|327255313522|0,"Funkadelic - Free Your Mind And Your Ass Will Follow, Blue Vinyl Record, LP 2020",25.00,0.2535
v1|287451437367|0,Queen Breakthru (UK Picture Shaped Vinyl Record) 1989,40.00,0.2535
v1|307048293967|0,"Grizzly Bear Painted Ruins Black Vinyl LP 12""",7.00,0.2533
v1|257611052118|0,"Van Morrison Astral Weeks Olive-Green LP Vinyl Record 12"" Original 1968",70.00,0.2528
v1|147424795299|0,Bartok Concerto for Orchestra Reiner Pittsburgh Sym. Rare 1st Edition Enhanced!,6.99,0.2523
v1|168521455426|0,"THE SOUL CLAN~""SOUL MEETING""~Orig. 1968-FUNK~SOUL~R&B~7'' 45rpm~45-2530~VG+",0.99,0.2520
v1|287451458594|0,Queen - You Don't Fool Me - Vinyl (1995),20.00,0.2520
v1|307048887408|0,"Sam & Dave - Hold On, I’m Comin' LP Stax 1966 Stereo 708 Soul Vinyl VG 1st Press",9.99,0.2519
v1|358767445790|0,Keith Jarrett Vinyl Album Ex,30.00,0.2517
v1|358755572783|0,JOE TEX - PAPA'S DREAM DIAL RARE SOUL 45,20.00,0.2514
v1|178291637773|0,Murder By Death Finch LP (2009 issue),40.00,0.2510
v1|147423854311|0,"OEDIPUS RECORDS/DOORS ""HOLLYWOOD BOWL"" 1991 ORIGINAL ALBUM 12"" VINTAGE VINYL",60.00,0.2510
v1|137493143525|0,"FUNK/DISCO 12"" ""LOVE WARS"" WOMACK & WOMACK (ELEKTRA 1983)",4.50,0.2509
v1|257611158796|0,LP Original 1986 Daryl Hall 3 Hearts in the Happy Ending Machine MT Unopened,8.99,0.2509
v1|298488903242|0,"Raww – Don't You Try It Vinyl 12"" Single 1986 House / Club RARE",1.99,0.2508
v1|206394974539|0,Nana Mouskouri In Concert Dutch pressing on PHILLIPS vocal double  Lp,7.00,0.2504
v1|147427881078|0,"Earth, Wind & Fire Touch The World 1987 Promo Excellent!!",6.99,0.2504
v1|358768185871|0,O Samba É Mais Samba Com Jair Rodrigues Philips – P 632 758 L Brazil import,24.95,0.2502
v1|188613001516|0,DAMNED Eloise JAPAN 7” SIGNED by DAVE VANIAN promo RARE punk NEVER PLAYED 1986.,79.00,0.2501
v1|800305361436|0,Night  Of The Living Dead Limited 2XLP Set,60.00,0.2501
v1|358768185461|0,Angelo Badalamenti Blue Velvet Varèse Sarabande STV 81292 movie soundtrack,38.00,0.2501
v1|318515375889|0,Fleetwood Mac - s/t - US LP + Insert 1975,4.99,0.2500
v1|227420844490|0,Rafael Mendez & Laurindo Almeida – ...Together LP DL74921 Vinyl 1967 Jazz EX!,7.99,0.2500
v1|206401046142|0,I AM A Celebration of Praises vinyl LP ALBUM 1983 MARANATHA! MUSIC,4.00,0.2498
v1|366528950250|0,"Three Dog Night LP ""Cyan"" NM EX Promo w/ Orig Inner & Sticker on Back BX10",4.00,0.2496
v1|117285096648|0,DALTON & DUBARRI Success & Failure 1976 FUNK SOUL ROCK LP on ABC #ABCD-964 PROMO,5.99,0.2496
v1|158063864579|0,Czarface - The Odd Czar Against Us! Green Record Store Day Limited Vinyl,39.99,0.2495
v1|188614654888|0,Della Reese And Now/There's Nothin' Like A Boy 45rpm RCA IN Press 1960 W/Insert,2.57,0.2492
v1|198484411766|0,BOB DYLAN SELF PORTRAIT 2 LP GATEFOLD MATTE COVER C2X 30050 VINYL,11.99,0.2492
v1|278163496823|0,"Outlaws ""Hurry Sundown"" 1977 Rock LP Original Arista Press, AL-4135",4.99,0.2492
v1|236924001622|0,The Sound of Boots vinyl LP 1968,10.00,0.2489
v1|227421475042|0,HENRI RENE AND HIS ORCHESTRA SHOW BOAT vinyl record 1959 RCA VICTOR,6.26,0.2489
v1|127962956558|0,BB King 16 Original Hits Fantasy Records EX COND,10.00,0.2488
v1|137493831039|0,The Jam - The Gift original 1982 UK vinyl pressing pic label,16.99,0.2485
v1|398150865001|0,Galla-Rini 78. Blue Heaven & Miss Annabelle Lee. 1927 Brunswick Records 3665.,12.00,0.2485
v1|236923835550|0,Queen - Hot Space - Lp - 1982 - Elektra Asylum Records - USA- E1-60128,45.00,0.2483
v1|358767954553|0,Angel - White Hot (1978) – Gold Stamp Promo w/ Rare Merchandise Insert,100.00,0.2482
v1|206401331591|0,Quad Spectrum  Sound  Soul of Spain  volume 3,3.99,0.2481
v1|358776282208|0,Jackie McLean One Step Beyond Blue Note 84137 NM French import Grachan Moncur,10.50,0.2481
v1|127963175603|0,Was (Not Was) 1981 Self-Titled Vinyl LP,4.00,0.2477
v1|298488951271|0,"1970-OWEN B,  ""MISSISSIPPI  MAMA / NOWHERE TO RUN"",  7"" JANUS , OHIO PSYCH BAND",0.99,0.2468
v1|257611067853|0,"M - NEWYORK, LONDON,PARIS,MUNICH (POP MUSIK) -  NM+ CONDITION - PROMO COPY",14.99,0.2467
v1|178293826666|0,GORDON LIGHTFOOT-COLD ON YOUR SHOULDER-1975 VINYL LP-VERY PLAYABLE ENJOYABLE LP,25.00,0.2467
v1|127964181185|0,Burning Witch AVSA Split Vinyl OOP SLUDGE,15.00,0.2467
v1|800303736585|0,Jimi Hendrix – Electric Ladyland – 1968 USA Release Double Vinyl LP – 6307,15.50,0.2467
v1|227416823619|0,We Are The Chantels Reissue Rhythm and Blues LP on End,7.00,0.2464
v1|358768576290|0,Etta Jones Vinyl Album Don’t Go To Strangers Prestige 7186 VG+,25.00,0.2464
v1|377328601804|0,Mildred Bailey on Vocalion 3615  Heaven Help This Heart Of Mine,12.00,0.2464
v1|377328601804|0,Mildred Bailey on Vocalion 3615  Heaven Help This Heart Of Mine,12.00,0.2464
v1|267717880915|0,"LP Barbara Mandrell ""Moods""",3.00,0.2461
v1|267717880915|0,"LP Barbara Mandrell ""Moods""",3.00,0.2461
v1|178291280702|0,"Dave Lee (7) - Our Man Crichton, LP, (Vinyl)",7.99,0.2455
v1|227421819840|0,"LEE PRENTISS Have I The Right 12"" LP UNIDISC Electronic Hi NRG WBMX",4.99,0.2454
v1|168521501011|0,German Party Live Record Tifton Stereo Paul Mann & his Musicians & Singers ,4.00,0.2452
v1|398151591155|0,"George Jones Still the Same Ole Me Epic 1981 12"" Vinyl LP 33RPM Stereo FE37106",10.00,0.2448
v1|168522400714|0,Julius La Rosa-Winter in New England /Lipstick and Candy and Rubbersole Shoes EX,2.65,0.2443
v1|267720609333|0,TEN YEARS AFTER “Undead” 1968 Vinyl LP Deram Records STEREO DES 18016 ‘Live’,3.05,0.2442
v1|158054564370|0,Borodin* - The Borodin Quartet* ‎– String Quartet No. 1 In A Major,12.00,0.2442
v1|407056326515|0,Singers & Players “War of Words” Roots Reggae Sherwood 99 Records OG Vinyl,9.99,0.2441
v1|358768607334|0,Keith Jarrett Invocations/The Moth & the Flame 1981 ECM-D-1201 Stereo Vinyl 2xLP,10.00,0.2440
v1|158055275748|0,"BAD STAIN RECORDS COMPILATION 7"" RARE PUNK VINYL BS010 RED #9 HEADCRAMP NIMRODS",10.00,0.2440
v1|147427884596|0,"Outlaws Bring It Back Alive 1978 1st Press Play Graded Excellent! ""STERLING""",9.99,0.2439
v1|267720618741|0,"Nero Goes ""Pops"" An All-Gershwin Program 1965 LSC-2821 Vinyl 12''",3.23,0.2438
v1|147423561908|0,"Steve Vai's ""Flexable"" LP Vinyl Record (Green Label)",50.00,0.2435
v1|267720491332|0,"BRAZILIAN INTERNATIONAL CHOIR in ""Musical Gems From Brazil""",4.99,0.2434
v1|318555952935|0,"Carl Stevens Skin and Bones Mercury Records SR 60013 12"" Stereo Hi-Fidelity LP",5.99,0.2433
v1|307049945983|0,Eddie Rabbitt - I Wanna Dance With You Vinyl LP RCA Shrink 1988 Tested NM/VG+,2.99,0.2433
v1|398152103014|0,"Original 1987 LP LITTLE STEVEN ""NO MORE PARTY'S"" ""12 Inch Extended Remix""",5.00,0.2433
v1|158064922330|0,Johnny Cash Born To Sing 5 LP' with Jeannie C. Riley Longines 1970 Original Box,9.99,0.2431
v1|318555012559|0,DAVE MASON LET IT FLOW promo yacht rock US vinyl LP,3.00,0.2431
v1|227424700964|0,"1988 Sugar Style ‎– Quadro-Phonic 12"" Vinyl Record",13.00,0.2431
v1|227421281656|0,MORRIS LANE / ART BLAKEY Poinciana / Twilight Time SCOOTER 78 RPM VINYL USED,5.00,0.2430
v1|236917234662|0,DENNIS DEYOUNG / DESERT MOON LP,5.99,0.2429
v1|178282676298|0,PETE SEEGER ~ WE SHALL OVERCOME LIVE  ~ 1963 MONO ~ RECORD EX,1.99,0.2429
v1|318515856381|0,REO Speedwagon – R.E.O./T.W.O. - US LP orange epic labels 1973,4.99,0.2429
v1|307048167940|0,GENYA RAVAN - STEVE - 1979 20th CENTURY FOX TC-2430-DJ - PROMO - STEREO b/w MONO,3.50,0.2428
v1|327252222295|0,Parachute Club At The Feet Of The Moon Lp Vinyl Record 1984 VG+ New Wave,9.99,0.2427
v1|366528830293|0,FOREIGNER First Album original LP from 1977 (ATLANTIC SD 18215). Hype Sticker,22.00,0.2426
v1|287446085058|0,"Garland Jeffreys – Matador / American Boy & Girl   on  A&M    ""STEREO""   HOLLAND",8.95,0.2423
v1|327246933198|0,Jackson Berkey~Sunken Cathedral~American Grammaphone AG-361~Vinyl LP *NM~1974,49.50,0.2423
v1|147423078126|0,Mantovi is Golden Hits Vinyl Lo,0.99,0.2422
v1|318512243888|0,Stephen Stills - s/t - US Preswell press Club Edition LP 1970,4.99,0.2421
v1|327251987243|0,Wrabit Self Titled LP Record Album Vinyl Promo,4.99,0.2420
v1|800304337545|0,Animated Wired DVNT40X 2000 Vinyl Record Single Black Electronic Deviant,5.00,0.2419
v1|227421281630|0,NEIL BRAHE D.D.S. Solid Gold Dental Assistant PRIVATE VG+ VINYL LP Record USED,5.00,0.2419
v1|318512961885|0,Kate Wolf – Gold In California - US Folk 2LP Gatefold + OIS',4.99,0.2418
v1|366529947999|0,PHOEBE SNOW Self- Titled VINYL LP ALBUM 1974 SHELTER RECORDS,2.00,0.2414
v1|298488646151|0,R1-48 MAGNAVOX LET US ENTERTAIN YOU .... 1968 .... PRS 278 - RECORD - BIG BAND,2.99,0.2412
v1|800308845534|0,MADONNA Confessions II Translucent Red Vinyl (Please read description),14.76,0.2412
v1|178291637755|0,The Fugs The Fugs First Album LP (Italian reissue),18.00,0.2412
v1|307048216824|0,ABC / How To Be A Zillionaire 824 904-1 M-1 Mercury 1985 Excellent Condition ,8.99,0.2408
v1|318551416448|0,Rush ~ Fly By Night Limited 180g Black Vinyl LP Record,16.50,0.2407
v1|377326078541|0,PAT THOMAS Jazz Patterns STRAND 1961 Promo VG+ VINYL LP Record USED,5.00,0.2405
v1|287447114950|0,JACKIE DeShannon What The World Needs Now Is Love 1970 Sunset Vinyl LP Record,13.00,0.2402
v1|298490398181|0,GOLDEN ROCK'N ROLLERS / Pickwick ACL-7032 /VINYL '76 Classic Rock Compilation LP,2.99,0.2402
v1|198475985015|0,U2- WAR Island 90067 EX/EX 1983 *Original* Gatefold,36.00,0.2402
v1|188616663579|0,"URBIE GREEN 2 RECORD JAZZ LOT SENOR BLUES,GREEN POWER  VINYL NEAR MINT!",9.99,0.2402
v1|366528870287|0,"Seawind LP ""Window Of A Child"" NM EX w/ Orig Inner BX10",3.00,0.2400
v1|117289921735|0,Lene Lovich Japan OBI New Toy Stateless Picture Disc Wonderland 12”,37.00,0.2399
v1|278163230156|0,Wax Vessel With The Eyes Of Conrad Veit Vinyl Lp Starlet Splatter Grindcore Mage,45.00,0.2397
v1|800308852551|0,"Melanie Martinez Cry Baby LP 12"" Black Vinyl Parental Advisory Atlantic",15.00,0.2395
v1|336677703914|0,"The Soul Surfers - Cannon Ball, 7"" promo from 1963, Rock, Surf, Instrumental.",8.00,0.2395
v1|158065352497|0,Original Vintage Vinyl STARSHIP Knee Deep In The Hoopla 1985 We Built This City!,9.99,0.2392
v1|800303759127|0,FAT BOYS Crushin' Vinyl Record Album LP - 1987 Tin Pan Apple - Classic Rap,17.50,0.2391
v1|307048836902|0,Matthew Wilder 45RPM “Break My Stride” 1983 80s Synth Pop Rock 7” Vinyl,3.00,0.2388
v1|318542845506|0,Radikal Guru Ft. Tenor Youthman 10” Clear Colored Radical Reggae Vinyl EP,35.99,0.2383
v1|117295084203|0,"SPIRITUAL FUNK JAZZ,DAVID AXELROD ,STRANGE LADIES",74.99,0.2382
v1|236923727128|0,"CBS Masterworks Aaron Copland 75th Birthday Celebration 12"" Vinyl Box Set 1975",2.80,0.2380
v1|168522400336|0,Don Cherry – Band Of Gold / Rumble Boogie  1955 VG+,2.65,0.2380
v1|318542912144|0,songs for swinging lovers,19.00,0.2380
v1|318542913767|0,songs for swinging lovers,19.00,0.2380
v1|147427673442|0,"1985 Soft Touch ‎– Crime Of Passion 12"" Single Vinyl Record",5.00,0.2377
v1|117284931714|0,Blue Oyster Cult self titled LP Columbia KC 31063 ex,15.00,0.2375
v1|227420964754|0,STEVIE NICKS The Wild Heart OG Vinyl LP 90084-1 First Press,10.00,0.2373
v1|198476968210|0,Martine Habib ‎– Martine Habib  pop vocal mint in shrink LP ,10.00,0.2371
v1|267720787816|0,1980 Original John Lennon/Yoko Ono Double Fantasy Album Orig. Lyrics insert,4.75,0.2370
v1|147416400990|0,Joe Quijano & His Orchestra- Shing A Lings (Vinyl Record LP) First Press CE 3000,23.00,0.2369
v1|168522400514|0,Don Cherry - Ghost Town / I'll Be Around  1956 VG+,2.65,0.2367
v1|158064922252|0,Marshall Crenshaw Vinyl Lp Self-Titled (1982) On Wb - Vg++ / Vg++,10.00,0.2365
v1|158066467926|0,WHAT DID YOU DO IN THE WAR DADDY - HENRY MANCINI   -LP  SNTK #5,5.00,0.2364
v1|158066762973|0,MIRIAM MAKEBA (1960) RCA VICTOR LPM-2267 /mono FOLK LP,5.00,0.2363
v1|257615342302|0,GERRY MULLIGAN PAUL DESMOND QUARTET LP Verve Mono DG Dave Bailey Joe Benjamin ,29.99,0.2361
v1|117289833170|0,DOC MARTIN..DISCFUNKTIONAL & BLAKDOKTOR...FREE/LUNATIX..MM88435-1 1996 HOUSE,20.00,0.2358
v1|398152199831|0,Onix Marca Registrada LP Vinyl Record,0.99,0.2356
v1|307048109339|0,Los Nemus Del Pacifico • PA LA LUNA • Lp VG • Classic Salsa Montuno • Listen,4.99,0.2353
v1|188612839739|0,NEGATIVE STANCE Spectators Decadence 7” Hardcore Punk VINYL RECORD insert ETCHED,12.99,0.2353
v1|298487968193|0,Syl Johnson - Back For A Taste Of Your Love LP - Soul Funk LP Original 1973,5.00,0.2353
v1|127962035503|0,Taylor Swift Life of a Showgirl Pink Vinyl Target Poster Looks Never Played ,29.99,0.2351
v1|800306005515|0,"Jack Jones ""Dear Heart & This Love of Mine"" LPs (1965) Kapp KS-3415 Both Shrink",5.00,0.2350
v1|188616435979|0,"BOZ SCAGGS on LP "" MY TIME "" rock funk soul",2.99,0.2350
v1|188614169708|0,"*RARE RED LABEL* Soul Funk **SAMSON & DELILAH** Indigo *7"" VINYL 45* Old Record",39.99,0.2350
v1|127962603623|0,SURF INSTRO - TARRYTONS - ROUGH SURFIN' - DOT 16537 - VG++,8.00,0.2348
v1|336678568650|0,1976 Six Million Dollar Man 4 Exciting New Stories Power Records Vinyl Record LP,15.00,0.2345
v1|147424506526|0,Like New Spirit The Thirteeth Dream Stereo Vinyl LP 818 514 Nade In Holland,45.00,0.2343
v1|147424506673|0,Like New Spirit The Thirteeth Dream Stereo Vinyl LP 818 514 Nade In Holland,39.00,0.2343
v1|168521105782|0,HERMAN ZE GERMAN And Friends LP 1985 PROMO Great White SCORPIONS DOKKEN Ratt,6.00,0.2343
v1|287450317030|0,"Front Street/Counter Parts by Swollen Members (Record, 1999)",9.00,0.2342
v1|800305500575|0,GRAND FUNK RAILROAD Born To Die original LP from 1975 (CAPITOL ST-11482),20.00,0.2342
v1|168520572872|0,Peter Moffit Zoe's Song LP - PROMO/DEMO LP - NM! - Jazz Fusion ULTRASONIC CLEAN,9.99,0.2341
v1|398159728146|0,Chamber Brothers 2 LP Lot Soul Funk Vinyl Time Has Come Now-Love Peace Happiness,5.99,0.2339
v1|298494337281|0,Bassnectar Noise vs Beauty 2LP Vinyl Record (Blue and Yellow),20.00,0.2336
v1|318515814643|0,REO Speedwagon – s/t - US LP yellow epic labels repress,4.99,0.2334
v1|377318069589|0,PRINCE *BATDANCE* ADVANCE TEST PRESSING* RECORD 1980'S ULTRA RARE.,31.00,0.2333
v1|800304342139|0,Barbara Mandrell 1981 Live MCA Vinyl LP Mint Condition !,5.00,0.2333
v1|227416653284|0,Kehlani While We Wait 2 Vinyl Gatefold,50.00,0.2333
v1|147427810303|0,JUDY COLLINS True Stories & Other Dreams 1973 1st Press NM Vinyl,9.99,0.2332
v1|158054564398|0,Two British Quintets by Sir Arthur Bliss & Samuel Coleridge-Taylor LP,28.00,0.2332
v1|178292523052|0,THE TIME-SELF TITLED LP-1981 ORIGINAL US PRESSING-CLEAN VINYL COPY,25.00,0.2332
v1|198483701730|0,Bill Evans at the Montreux Jazz Festival LP Verve DJ promo - Klabin collection,19.38,0.2331
v1|278165259875|0,"Jazz Vinyl Record Lot Of 25 Jazz Fusion and Classic Jazz - Metheny, Brubeck",75.00,0.2331
v1|178291755376|0,RARE PROMO PLANET P “Self-Titled” LP/Geffen GHS 4000 Ex 1983,19.99,0.2330
v1|398150624407|0,Jimmy Buffett Son Of A Sailor Ex/Ex First Press,20.00,0.2329
v1|336672183695|0,Doing The Twist  As Played by the Twisters Vinyl LP Record Mono ,6.79,0.2327
v1|147427844299|0,IT'S A BEAUTIFUL DAY A Thousand & One Nights 1973 NM/NM- England Import,21.99,0.2324
v1|227421610827|0,ELEANOR JUNLE WAVE - LP  VINYL COLUMBIA RECORDS 40822 MINT CONDITION -  1987,2.99,0.2322
v1|267718254052|0,Tommy James & The Shondells – I Think We're Alone Now LP - 1967 – VG+/VG+,15.00,0.2317
v1|147424506626|0,Like New NEW RIDERS OF THE PURPLE SAGE BRUJO 1974 PC 33145,35.00,0.2316
v1|298487973782|0,"LEE MICHAELS ""LIVE"" DOUBLE LP EXCELLENT VINYL'S(2) VG+ COVER W/ORG INNERS 1973",9.99,0.2314
v1|366528935272|0,"Marty Robbins LP ""It's A Sin"" EX VG++ w/ Orig Inner BX10",3.00,0.2312
v1|236917439106|0,Italo Disco Radio Movie Let’s Move Together 12” Single,4.99,0.2311
v1|298494566231|0,Wax Tailor - Tales Of The Forgotten Melodies (Vinyl 2LP - 2005 - EU - Reissue),20.00,0.2311
v1|327252185201|0,Brownsville Station  School Punks 1974 Big Tree Glam Blues Hard Rock Lp Cub Koda,4.99,0.2310
v1|358768757238|0,UK Squeeze – “Self-Titled LP” (1978) White Label Promo Red Vinyl,40.00,0.2309
v1|147424506672|0,Like New Record Firefall Mirror Of The World Stereo Vinyl LP 1983 Atlantic 80120,40.00,0.2307
v1|327251867442|0,Jeannie C Riley 45 Record Harper Valley Pta Green Vinyl PS In Shrink On Card,12.72,0.2306
v1|287446301906|0,Billy Graham Crusade In Miniature Rare Christian Record Vinyl 1969 With Insert,2.99,0.2305
v1|188612417470|0,The Brecker Brothers – Don't Stop The Music W/Orig Insert VG+/VG,7.99,0.2301
v1|127962639548|0,SURF INSTRUMENTAL  -THE CHAMPS - MR. COOL - CHALLENGE PROMO- M-,6.00,0.2301
v1|127962639548|0,SURF INSTRUMENTAL  -THE CHAMPS - MR. COOL - CHALLENGE PROMO- M-,6.00,0.2301
v1|198483605494|0,GEORGE HARRISON LP Self Titled 1979  Dark Horse  vinyl,11.50,0.2300
v1|327252171076|0,"(?) Question Mark & The Mysterians 45 ""96 Tears / Midnight Hour"" AU1",0.99,0.2298
v1|227416671278|0,"Beatles Sgt Peppers 1st Issue 1967 MONO disc, rare 2nd Issue early '67 Cover ",19.00,0.2295
v1|198484941184|0,HENRY GROSS-VINYL RECORD-PLUG ME INTO SOMETHING / G+,2.25,0.2295
v1|227424128750|0,"Kill Your Idols - This Is Just The Beginning 10"" Vinyl Record Red 1999 VG+",50.00,0.2295
v1|287445479203|0,BONNIE RAITT Self Titled 1971 WL PROMO vinyl LP VPI CLEANED WARNER BROS,29.99,0.2293
v1|147417591373|0,"Ringo Starr ""Ringo's Rotogravure"" Atlantic 1976 original US pressing LP",3.33,0.2292
v1|117294571969|0,Rolling Stones Exile on Main St. Original Vinyl Release 1972 ,35.00,0.2289
v1|336672493578|0,VIENNA OCTET ~ BEETHOVEN QUINTET / MOZART DIVERTIMENTO LONDON STEREO Lp Excellen,4.00,0.2288
v1|257611063604|0,THE KINKS - PERCY - SOUNDTRACK ALBUM - UK IMPORT - RARE - LIKE NEW,24.99,0.2287
v1|127962549276|0,RARE TEEN ROCKER - LEE AND BART - KNOCKIN' AT MY DOOR - U.A. - VG++,7.00,0.2286
v1|358758630704|0,MANCINI & FOX - SELF-TITLED EVENT LP SHRINK WL PROMO,15.00,0.2285
v1|327252278338|0,The Three Degrees The Runner 12” Single BLUE Vinyl Record 1979 Disco RARE VG+,7.99,0.2285
v1|358769450418|0,Carolyn Franklin Baby Dynamite Lp Vinyl Record 1969 Funk Album Vg/vg+,9.99,0.2283
v1|127962713262|0,Lou Reed  - Walk On The Wild Side - NM/EX 1980 RE Glam Punk Rock RCA AYL1-3753,10.50,0.2281
v1|236923722138|0,The Surfaris Hit City 64 Decca Stereo DL 74487 Surf Hot Rod LP,14.00,0.2279
v1|307052484078|0,Splinter The Place I Love LP 1974 /NM/ [Dark Horse SP-22001] Gatefold/Harrison,5.00,0.2278
v1|398159746728|0,"USA Private Press Rock 45 Mammals Of Zod 1992 Texas NYC  7"" Vinyl Is EX",5.99,0.2278
v1|206401232361|0,"Fairport Convention ""Rising For The Moon"" VG+ 1975 Vinyl LP!",6.80,0.2276
v1|366528392694|0,Kiss Kiss 1974 2nd PRESSING W/KISSIN’ TIME LP Vinyl,1225.00,0.2274
v1|358767463212|0,Ahmad Jamal Vinyl Album Jamaica BG+,40.00,0.2272
v1|298488951466|0,"1979- WHITEFACE, "" LOVE CAME"", 7"" MERCURY PROMO RECORD, POP -FUNK, ROCK",0.99,0.2271
v1|377326091200|0,THOMAS NEWMAN He Named Me Malala 2015 #61 VG+ PINK VINYL LP Record USED,6.55,0.2270
v1|236923795440|0,"Sonny & Cher - Live Kapp 12"" Black Vinyl LP 33RPM Stereo KS 3646",2.40,0.2270
v1|358768481494|0,"Magda Olivero / Ebe Stignani - In Opera And Song, LP RARE VINYL OASI 510 NM",35.00,0.2269
v1|198483500821|0,"Dvorak - The New World 9th Symphony Vinyl 33 12"" Funk & Wagnalls Album 15 / EX",1.99,0.2269
v1|287450294010|0,"Vinyl Gene Loves Jezebel LP Suspicion 1987  VG++ 12""",7.00,0.2267
v1|318512188760|0,Eddie Money – Nothing To Lose - US LP 1988,4.99,0.2266
v1|298495173124|0,Aphex Twin I Care Because You Do Vinyl 2xLP,30.00,0.2266
v1|358755567282|0,RUBY WINTERS - I WILL POLYDOR 45 WL PROMO,9.99,0.2265
v1|358755567282|0,RUBY WINTERS - I WILL POLYDOR 45 WL PROMO,9.99,0.2265
v1|336678248831|0,FABULOUS POODLES Mirror Stars JE35666 LP Vinyl Promo Copy,2.11,0.2265
v1|227421735151|0,Stranger in the Alps by Phoebe Bridgers Vinyl Record LP DOC142 G/VG Indie Folk,6.00,0.2265
v1|287447114947|0,"THE BAD SEED - FOR THE KIDS / THEY LOVE ME / JULIE (12"")  1999!!!  RARE!!!",12.00,0.2264
v1|178291639497|0,Murder By Death Murder By Death In Bocca Al Lupo LP (2009 issue),45.00,0.2262
v1|358771192277|0,J.B. Hutto & The New Hawks Slideslinger Vinyl LP 1983 Rounder Records,24.95,0.2260
v1|398150250310|0,"Taylor Swift 1989 (Taylor's Version) Blue Colored Vinyl LP 12"" Republic",11.50,0.2259
v1|407055977072|0,"LINDA RONSTADT - What's New (1983) - 12"" Vinyl Record LP ",1.93,0.2259
v1|137500044440|0,The Reds S/T Self Titled 1979 Promo NM/NM Green Vinyl,14.99,0.2258
v1|168521423323|0,"ROSE ROYCE~""WISHING ON A STAR""~Orig. 1978~FUNK~SOUL~DISCO~7'' 45rpm~WHI 8531~M-",0.99,0.2258
v1|158064922433|0,The New Lost City  Rambles Vol.3  Vintage Excellent,10.00,0.2257
v1|198483621111|0,"Rare Earth ""Ecology"" 1970 - Rare Earth - RS514 -LP  Vinyl Record Album",8.99,0.2254
v1|366528318583|0,Chicago 17 1ST PRESSING W/ETCHING LP Vinyl,245.00,0.2252
v1|206401471878|0,The Deep Nick  Nolte  Original  Soundtrack Recording Vinyl Lp  Nick Nolte,3.99,0.2251
v1|287445721829|0,Dave Chappelle - 8:46 (Black Vinyl),6.05,0.2250
v1|398139949293|0,"JANIS IAN  SELF-TITILED LP on COLUMBIA JC35325 1ST PRESS c.1978 FOLK, SONGWRITER",6.00,0.2249
v1|278154789912|0,"SHARON REDD - LIAR ON THE WIRE RAMS HORN 12"" HOLLAND IMPORT",9.99,0.2248
v1|117289921701|0,Dead Or Alive Promo Brand New Lover Poster Rare Pete Burns,200.00,0.2248
v1|198475985013|0,Nilsson- ..That's The Way It Is RCA APL1-1119 EX/VG+ Gatefold Indy,31.50,0.2247
v1|158063591893|0,"PIA ZADORA Pia ELEKTRA E160109 (1982) PROMO LP, Pressing Error, **READ**",6.00,0.2247
v1|307049938542|0,Pete Townsend White City 1985 (A Novel) Vinyl LP Album Record 90473-1 NM/VG+,5.99,0.2245
v1|198483986449|0,THE ATKINS STRING CO. VINYL RECORD,4.55,0.2244
v1|227424082077|0,"BAD BRAINS, OMEGA SESSIONS 9 INCH PICTURE DISC LP",15.00,0.2242
v1|366528486291|0,Donny Osmond The Donny Osmond Album 1ST PRESSING LP Vinyl,245.00,0.2241
v1|257610974106|0,Alexander O'Neal Self-Titled Vinyl 1985 LP RARE Vintage 1980s R&B,8.99,0.2241
v1|158066461436|0,I DO I DO -ORIGINAL CAST  LP SNTK #5,4.00,0.2241
v1|318515816014|0,REO Speedwagon – s/t - US LP orange epic labels,4.99,0.2239
v1|318565786007|0,The Rocky Horror Picture Show Audience Participation Album W/ Inner Sleeves Mint,39.99,0.2237
v1|287447534843|0,Divine - Lately (Dance Remixes) / 2 Vinyl Records With 8 Singles Rare Excellent,9.89,0.2235
v1|168521534285|0,Little John Bowie go go Annie my love PROMO Phil-L.A. of Soul Funk Northern 45,11.11,0.2234
v1|198483749148|0,Curtis Counce Carl's Blues LP Contemporary Stereo DG Harold Land - Klabin,105.00,0.2232
v1|236923779535|0,"Matthew Ward - Armed and Dangerous Live Oak 12"" Black Vinyl Rock LP Sleeve",6.98,0.2232
v1|127963025540|0,Mike Theodore “Hellfire” 1984 12” Single Vinyl Promo LP,3.00,0.2231
v1|358777438577|0,Paul Van Vliet in Carre Rob Van Kreeveld Kwartet Philips 6641677 2 LP EX RARE,10.00,0.2231
v1|236928460597|0,Italo Disco Rose Memories 12” Single Please Read Note,19.99,0.2229
v1|407056470780|0,ADAM AND THE ANTS SIGNED Kings Of The Wild Frontier LP UK Adam Ant Autograph ,74.99,0.2228
v1|327247859884|0,The Brothers Johnson Light Up The Night Ltd Ed Pink Vinyl Reissue LP Like New!!,15.00,0.2228
v1|147417591774|0,"The Who ""Meaty Beaty Big & Bouncy'' Original US pressing MCA 1971 MCA37001",8.99,0.2226
v1|366530213867|0,MICK JAGGER Primitive Cool Vinyl 1987 Columbia 40919 Promotional copy - cut out,4.00,0.2224
v1|358771711095|0,The Temptations – Anthology (1973 US White Label Promo 3-LP Set),40.00,0.2224
v1|178291879139|0,"The Young Rascals - ""Collections"" - LP, Mono",3.00,0.2219
v1|158064219976|0,"GRAHAM NASH ""WILD TALES"" 1973  ALBUM VINYL LP ATLANTIC RECORDS ",10.00,0.2219
v1|168526744664|0,CHAIRMEN OF THE BOARD-Give Me Just A Little More Time- VInyl LP VG/VG+ Condition,9.99,0.2218
v1|178292533244|0,THE CAPITOLS-wWE GOT A THING-1966 ORIGINAL MONO VINYL LP-SWEET ASS MONDO VINYL,35.00,0.2218
v1|800303021416|0,BOBBY HACKETT PLAYS THE GREAT MUSIC OF HENRY MANCINI-EPIC 24061,14.98,0.2217
v1|137484655624|0,RARE-Elton John Band ft. John Lennon – Live NYC 1974 (German DJM 45RPM) NM/VG,79.99,0.2217
v1|366528318295|0,Cyndi Lauper She’s So Unusual RARE 1ST PRESSING W/ETCHING LP Vinyl,260.00,0.2217
v1|236923903100|0,CAMELOT - MUSICAL COLUMBIA TREASURY - VINYL LP RECORD -  51698 - NEAR MINT,3.99,0.2215
v1|198483987276|0,Stereo 35 MM Enoch Light at Carnegie Hall Command RS 826 SD LP Vinyl Record ,4.44,0.2214
v1|407056142034|0,"Fred E Finn ""The Now Sound of Mickie Finn's"" 1967 Dixieland Jazz LP, Nice ",1.50,0.2212
v1|336676714297|0,"Helen Humes, Songs I Like To Sing Record VG++, Contemporary Records",35.00,0.2211
v1|147427825229|0,Art Garfunkel Breakaway 1975 1st Press NM Vinyl Columbia PC 33700,6.99,0.2210
v1|158070367868|0,EBN-OZN Feeling Cavalier vinyl record album,3.00,0.2208
v1|358769012651|0,"HEAVEN BOUND.....""IN CONCERT""......RARE HTF LIVE GOSPEL CONCERT ALBUM",15.00,0.2208
v1|198483166518|0,Cyclic Amp - People of the Book Vinyl - Probe Plus - Probe 18,17.25,0.2207
v1|307052484082|0,The Zombies 1965 Stereo  LP She's Not There Pas 71001 VG+ Plays great/Argent,25.00,0.2206
v1|287447165579|0,"KIM MITCHELL PATIO LANTERNS/THATS THE HOLD 12"" Single Alert Canada 1986 Vinyl LP",2.99,0.2205
v1|257610710695|0,Bangles LP 1984 All Over The Place Stereo Columbia,10.00,0.2203
v1|800305210756|0,RARE/FULLY TESTED! Dynamic Africana In U.S.A. - Unity And Strength (1977 LP) VG+,120.00,0.2203
v1|188614398644|0,"Five Star – If I Say Yes Vinyl 12"" Single 1986 Freestyle / Club / R&B RARE",4.99,0.2203
v1|287451541676|0,"CHIC: believer ATLANTIC 12"" LP 33 RPM VG++",9.00,0.2203
v1|358756337193|0,"The Edsel Auctioneer - Simmer 12"" Black Vinyl LP KokoPop Production ",5.00,0.2203
v1|318515524547|0,Bob Dylan – Desire - US LP + card OIS 1976,4.99,0.2201
v1|147424689000|0,Feeling Low Down Washboard Sam w/Big Bill Broobzt & Memphis Slim,20.00,0.2199
v1|206401186051|0,Kenny Burrell Quartet  The Tender Gender (1966) Cadet LP,6.14,0.2195
v1|298488302231|0,"Nevermind by Nirvana (Record, 2013) black vinyl 1 LP",15.00,0.2190
v1|278170810652|0,RARE HIP HOP-Theodore Unit-Paychecks 12” OG Vinyl Ghostface Killer WU-TANG CLAN,5.99,0.2190
v1|227416915384|0,Frank Zappa Waka / Jawaka - Hot Rats Jazz Rock LP on Bizarre,7.50,0.2188
v1|158054564376|0," The Academy Of St. Martin-in-the-Fields, Sir Neville Marriner ‎–  LP",12.00,0.2188
v1|257611068069|0,NEW COLONY SIX - ATTACKING A STRAW MAN -   NMINT IN SHRINK WRAP - CANADA IMPORT,14.99,0.2187
v1|278154809942|0,"MOJA NYA - RISE UP STREET WISE REGGAE 12"" WL PROMO",9.99,0.2187
v1|358768358472|0,The Incredible Jimmy Smith Vinyl Album I’m Moving On VG,25.00,0.2186
v1|158064882515|0,Kool & The Gang – Spirit of the Boogie (1975) LP Vinyl | De-Lite Records- Disco,19.95,0.2186
v1|327253152939|0,Shanana From The Streets of New York Vinyl LP KSBS 2075,3.00,0.2185
v1|366528514032|0,"Conflict The House That Man Built 7"" EP Vinyl Punk Crass 1982 repress",7.08,0.2183
v1|147423320613|0,Marvin Gaye What’s Going On LP IN VG++ Condition. Tamla TS310 Original Pressing,25.00,0.2182
v1|267720804646|0,Rickie Lee Jones - Pirates - Vinyl  1981,3.00,0.2180
v1|287447113987|0,JACKIE DeSHANNON ~ Your Baby Is A Lady ~ 1974 Atlantic LP,5.00,0.2180
v1|127963130040|0,Smile Self-Titled 1985 Promo Vinyl LP,5.00,0.2178
v1|127963147821|0,"Linda Ronstadt Different Drum Capitol LP Vinyl 12"" Stereo 1974 ST 511269",5.00,0.2174
v1|198483646342|0,Joe Walsh So What LP 1974 ABC DUNHILL DSD-50171 Santa Maria Press Vinyl is VG+,8.99,0.2173
v1|227424295953|0,"SHELTER - FREEWILL / SARANGATI - 7"" VINYL EP 1990 EQUAL VISION -complete",25.00,0.2173
v1|358769290379|0,"2-FIREFALL VINYL 70s: Self-Titled, Luna Sea",5.00,0.2172
v1|147424506520|0,Like New Rhinoceros First Album Stereo Vinyl LP Like New Gatefold CoverL,45.00,0.2171
v1|137495432636|0,Howard Hanson Conducts Schuman Griffes Mennin Orig Mercury Stereo RARE PROMO!,13.99,0.2170
v1|307049944852|0,Carpenters - A Kind of Hush - LP Vinyl Record Album A&M SP 3197 TESTED NM/VG+,2.99,0.2170
v1|407056981280|0,Roam Viewpoint Vinyl Record EP MINT,15.00,0.2169
v1|168521160082|0,The Soul Runners Last Date 1967 Mo Soul VG,20.00,0.2169
v1|366528488288|0,Bertie Higgins Just Another Day In Paradise 1ST PRESSING LP Vinyl,200.00,0.2169
v1|168521240189|0,"JERRY LEE LEWIS LP 12"" 1971 TOUCHING HOME ON MERCURYLABEL#SR-61343 VINYL VG",15.00,0.2168
v1|137492281640|0,"Angel~On Earth As It is In Heaven, VINYL  LP + Poster (reprint).",14.00,0.2168
v1|358770988136|0,Wild Cherry – “Electrified Funk” (1977) – Triple Marked Promo,40.00,0.2167
v1|366528998912|0,TAMMY WYNETTE D-I-V-O-R-C-E 1968 Vinyl LP Epic BN 26392 - VG,6.99,0.2167
v1|158070530663|0,"Debbie Peters Boogie With Me Baby and Baby It's Alright 12"" single vinyl record",3.00,0.2166
v1|336681119728|0,"YES – TALES FROM TOPOGRAPHIC OCEANS  2 LP VINYL RECORD GATEFOLD 1973, Promo Copy",47.50,0.2163
v1|127966918456|0,Elton John Blue Moon 1976 1st Press NM-/EX Lyric sleeves,12.99,0.2162
v1|236923924938|0,Evie (Self Titled) LP CCM 1974,0.99,0.2162
v1|158066726657|0,EYDIE GORME Blame It on the Bossa Nova COLUMBIA LP CL 2012 EX/EX MB2,15.00,0.2161
v1|178292864229|0,"Enhanced LP Record, Mass For Young Americans, I'm not Afriad, VG ",1.00,0.2161
v1|366528887157|0,"Loretta Lynn LP ""Lyin, Cheatin, Woman Chasin, Honky Tonkin, Whiskey"" NM EX BX10",3.00,0.2160
v1|267718220082|0,J. Geils Band – Nightmares ...And Other Tales LP - 1974 VG+/VG,10.00,0.2158
v1|127962561520|0,SURF INSTRO - VALIANTS - MOONFLIGHT - AmCan 404 -VG,8.00,0.2157
v1|147424506965|0,Pavlov's Dog Pampered Menial Stereo Vinyl Record UK Press 1975 Excellent Cond.,59.00,0.2151
v1|168521755029|0,"AL GREEN~""SHA-LA-LA {MAKE ME}""~Orig. 1974~FUNK~SOUL~R&B~7'' 45rpm~HI~5N-2274~VG+",0.99,0.2150
v1|168521469754|0,"VTG Ed Sullivan Presents Songs & Music Pal Joey Record Vinyl 12"" LP 33 RPM ES9",1.00,0.2148
v1|257611434891|0,"Peter Hammill ""The Future Now"" U.S. white label Gold stamped promo copy",10.00,0.2146
v1|147424506366|0,Like New The Byrds - Mr. Tambourine Man - 1965 Columbia Stereo CS 9172 Vinyl! LP,45.00,0.2145
v1|318555423199|0,UK vinyl records lot used UK & NIGHT AFTER NIGHT-LIVE VG,19.99,0.2144
v1|137492003753|0,“NO NO NANETTE” THE NEW 1925 MUSICAL ORIGINAL CAST RECORDING LP S 30563 Columbia,1.99,0.2141
v1|398152365853|0,Vampire Weekend Only God Was above Us Blood Records Vinyl UV Light,50.00,0.2141
v1|398152176864|0,GARY NUMAN - Replicas & Pleasure Principal First Recordings + Telekon Vinyl 2xLP,75.00,0.2140
v1|117291718366|0,"DOLLY PARTON NEW HARVEST...FIRST GATHERING & ALL I CAN DO-VINYL,CASSETTE,AND CD.",77.00,0.2140
v1|398152944805|0,"Earth Wind & Fire - Faces, 1980, 2 LP, 33rpm, Funk Soul Disco,",50.00,0.2139
v1|127962941662|0,"1976 Electric Light Orchestra ""A New World Record"" Vinyl LP - EX - W/Dust Jacket",6.99,0.2138
v1|158064489252|0,"Weezer Blue Album 12"" LP Vinyl Record",12.99,0.2138
v1|307047935251|0,LP - PRINCE - PURPLE RAIN - W/POSTER  (rare insert)  1984 Warner Bros. 1-25110,35.00,0.2134
v1|318556420021|0,THE BIG CHILL LP Album-More Songs from the Original Soundtrack 6094ML,4.99,0.2133
v1|198483676491|0,Joe Pass Catch Me! LP Pacific Jazz featuring Clare Fischer - Klabin collection,13.38,0.2124
v1|127963886965|0,GEORGE BURNS & GRACIE ALLEN: THE NEW BURNS & ALLEN SHOW Original 1983 LP Record,5.00,0.2124
v1|168522401277|0,Tony Martin - Walk Hand In Hand / Flamenco Love  1956 EX,2.65,0.2122
v1|358777491672|0,Groove Holmes Ben Webster Joe Pass Gene Ammons Tell It Like it Is Pacific Jazz,9.99,0.2121
v1|318551210375|0,The Weakerthans ~ Left and Leaving Vinyl LP Record,9.99,0.2120
v1|287447113960|0,Virus006 1999 Twisted Ghostbuster Ryme Tyme + Optical No Sleeve,25.00,0.2119
v1|298489119110|0,Vintage Orchestra Test Pressing Dated May 24 1985 Mint Condition Vinyl LP Rare,100.00,0.2118
v1|117294212898|0,"THE CRYSTALS,HE'S A REBEL ORIGINAL THICK VINYL PRESS",79.98,0.2117
v1|298488195193|0,50s Cool Jazz Vintage Vinyl Lot (3 LPs) Chet Baker Bud Shank Jazz Records,19.99,0.2117
v1|117289921711|0,Madonna Poptart Borderline Super Rare,149.00,0.2116
v1|398151550498|0,Bring Me the Horizon That's the Spirit LP Colored Vinyl Orange/Purple Swirl,280.00,0.2114
v1|278156266175|0,OSCAR PETERSON TRIO + ONE CLARK TERRY MERCURY MG 20975 MONO DG LP,15.00,0.2113
v1|366529231368|0,Gene Clark No Other Lp w poster The Byrds Nm,45.00,0.2112
v1|257611457054|0,CRI-CRI - 15 EXITOS DE CRI-CRI - LP - PLAY TESTED,17.89,0.2112
v1|227422468558|0,DJ Jazzy Jeff Serato Control Vinyl-Check my other auctions for limited Edition!,50.00,0.2111
v1|278170802521|0,DOMENICO MODUNGO-La Lontananza LP VINYL RECORD Italian Music,6.88,0.2111
v1|307049381245|0,"Paul Anka – Sings His Big 15 [1960 First Pressing, ABC-Paramount ABC-323, Mono]",5.99,0.2109
v1|227421293184|0,P.J. HOFFMAN Muscle & Brain RABBLE 1977 Folk VG+ VINYL LP Record USED,5.00,0.2109
v1|358755567676|0,MANFRED MANN - TOO MANY PEOPLE MERCURY 45,8.00,0.2108
v1|318558942871|0,"""Dance Time in Ukrainia"" ~ Paul Kelechava ~ Colonial Stereo",5.98,0.2108
v1|358769447541|0,Warish Down In Flames Lp Vinyl Record 2019 Grunge Album Vg+ RARE,9.99,0.2107
v1|168526746834|0,THE KINKS: Preservation Act 1-Vinyl LP w/ Insert LPL1-5002 VG+ CONDITION,9.99,0.2107
v1|168522705736|0,Cher- – All I Really Want To Do MONO 1965 LP-9292,5.00,0.2105
v1|358770408488|0,"Jerry Riley Hot Cat LP Vinyl 12"" 33 RPM Black Jubilee Records Children's",20.00,0.2101
v1|327252806731|0,PUCCINI-TURANDOT-PAVAROTTI-SUTHERLAND-MEHTA-ORIGINAL LONDON 3-LP BOX SET-USED-UK,14.99,0.2101
v1|307048459702|0,"Etta James, At Last, Original 1960 Mono, Deep Groove Label, Argo LP 4003, G+/G+",80.00,0.2101
v1|137492581647|0,"SOUNDTRACK LP ""VALLEY OF THE DOLLS"" (20th CENTURY FOX 1967)",7.00,0.2100
v1|227421299636|0,The Monkees Headquarters (Vinyl Album Original Pressing Colgems RCA 1967),8.00,0.2099
v1|298487804685|0,"Jamalski Roughneck Reality Album ""Jump, Spread Out"" LP Vinyl Jamal-Ski Promo?",19.49,0.2099
v1|227421291515|0,THE BIGWOODS Live CHANCE 1971 Folk VG+ VINYL LP Record USED,6.55,0.2094
v1|178291762261|0,Jon Spencer Blues Explosion Bag Of Bones 7”,10.00,0.2093
v1|366528715214|0,"Disorder Mental Disorder EP 7"" Black Vinyl 45RPM ORDER 4 1983",25.00,0.2092
v1|800304552602|0,Abstract Void - Forever LP Sunburst Purple & Pink Vinyl,30.00,0.2092
v1|318542844807|0,Lady Skavya Meets Soul Steppa Chakra ft. Vibronics Dub Reggae 7” Vinyl,23.99,0.2091
v1|318551968486|0,JIMI HENDRIX MIDNIGHT LIGHTNING LP NM NEAR MINT US REPRISE VINYL CLASSIC ROCK,9.98,0.2090
v1|127966353267|0,"BLODWYN PIG, Ahead Rings Out LP, On A&M  First Terre Haute Pressing, VG/Good",6.75,0.2089
v1|377332087562|0,"Method Man Even If Vinyl 12"" Single Soul R&B Hip-Hop Def Soul 314 582 902-1",7.77,0.2089
v1|307048416159|0,LP - MAN ON THE MOON - FLIGHT OF APOLLO 11 - 1969 - GATEFOLD  W/ INSERT BOOKLET,15.00,0.2088
v1|236928379620|0,Italo Disco Keystone Time Has Come 12” Single,9.99,0.2087
v1|800306005523|0,Quincy Jones Body Heat Vinyl LP A&M Records 1974 Jazz-Funk Soul  Vinyl EX,7.00,0.2085
v1|407057076175|0,Anthrax Rock SAGAS ~ 2X Double Picture Disc Made in UK CTD 2001 ~ No Bar Code,19.99,0.2083
v1|287451753252|0,DAVE BRUBECK QUARTET Bravo! Brubeck! LP 1967 1st Press JAZZ 2-Eye VG++,10.00,0.2082
v1|227424795637|0,John Lennon Plastic Ono Band 1970 SEALED 1ST PRESSING HYPE STICKER (Beatles),153.50,0.2079
v1|800305012330|0,"Used Vinyl Record- ""a gift from a flower to a garden"" by Donovan",40.00,0.2077
v1|147416691951|0,Richard Thompson Across A Crowded Room vinyl Orig Issue Ex - Joe Boyd Producer,4.99,0.2074
v1|318554861943|0,Chaka Khan & Rufus Vinyl Bundle. R&B Soul VG'-VG+[condition Varied Mostly VG+],35.00,0.2074
v1|127961609516|0,1963 LP THE SOULFUL MOOD OF ... GENE AMMONS - FREE SHIP - audio clips available,25.00,0.2070
v1|407056421035|0,Dick Bartley Solid Gold Scrapbook 5 RECORD Radio Show Program JANUARY 18-22 1988,34.00,0.2068
v1|298488951521|0,"1985- JAKKY BOY & THE BAD BUNCH, ""TALKING JAPANESE / EYE TO EYE"", 12""  EP SINGLE",0.99,0.2068
v1|366530243975|0,Albert Collins Ice Pickin Vinyl 1978 Original ,15.00,0.2068
v1|336672495752|0,JOSS BASEELLI & HIS ENSEMBLE Vive le Bal Musette ADVENTURES IN SOUND Lp VG Paris,4.00,0.2068
v1|198476315162|0,The Pentangle- Sweet Child Reprise 2RS6335 EX/VG+ Gatefold 1977,16.20,0.2068
v1|307048760635|0,Dr. Demento's Delights    NM In Shrink,10.00,0.2067
v1|307048760635|0,Dr. Demento's Delights    NM In Shrink,10.00,0.2067
v1|298494596199|0,Laufey - A Matter Of Time Timeless Blue Vinyl,24.00,0.2064
v1|287444030784|0,TOM WAITS HEARTATTACK AND VINE LP RARE ORIGINAL 1980 SPECIALTY 1ST PRESS~LYRICS!,5.50,0.2064
v1|178291637774|0,Van Halen Diver Down LP (Original Press),20.00,0.2064
v1|117284965339|0,"Earth, Wind & Fire UK England import LP I Am 1979 CBS S CBS 86084 solid vg",9.99,0.2062
v1|168520557191|0,Soul Chris Clark‎– Do Right Baby  / Don't Be Too Long V.I.P.  DEMO ‎– V 25031,34.99,0.2059
v1|800304375404|0,Kris & Rita Natural Act Vinyl Record  Mint Condition !,8.00,0.2059
v1|206406095546|0,Stranger Things Season 1 Vol 2 Original Score Upside Down Inter Dimensional Blue,39.99,0.2052
v1|178291639494|0,Young Mountain This Will Destory You (original press),40.00,0.2051
v1|147427849558|0,Eric Carmen Boats Against The Current 1977 NM/NM- Lyrics Raspberries,3.99,0.2049
v1|318558520357|0,"Sammy Davis Jr - Now - Vinyl (1972, SE-4832) - Foldout",2.50,0.2047
v1|198483894106|0,"LP, ""HIS BEST THE ELECTRIC B. B. KING"", ABC Bluesway BLS 6022, Stereo, 1968",10.00,0.2047
v1|267717580003|0,Young Rascals Groovin 1967 Vinyl Stereo LP w/ Hype Sticker & Photo Poster Insert,28.00,0.2047
v1|147423563752|0,"PRINCE - Controversy (1981 Warner Bros. US 12"" Vinyl LP) EX/VG+",35.00,0.2044
v1|198475984987|0,Vangelis- Beaubourg RCA AFL1-3020 VG/VG PROMO 1978 Original,11.00,0.2043
v1|358771748949|0,Tony Williams – The Joy of Flying (1979 US White Label Promo LP),20.00,0.2043
v1|236917447960|0,Italo Disco The Toys Boogie In The Night 12” Single,4.99,0.2043
v1|168522400260|0,Eddie Cooley And The Dimples – Pull Mon Pull / Hey You!   1957 VG+,2.65,0.2042
v1|377326102803|0,"מכבי ת""א - צ.ס.ק.א מוסקווה - MACCABI TEL AVIV - CSKA MOSCOW RARE 1977 Israel LP",20.00,0.2041
v1|227421112028|0,ART ZOYD Symphonie pour le jour/Deux Images Imbecile Cryonic - France LP VG+/F,29.99,0.2041
v1|227421112028|0,ART ZOYD Symphonie pour le jour/Deux Images Imbecile Cryonic - France LP VG+/F,29.99,0.2041
v1|800306005522|0,Steve Hackett Defector LP Album Vinyl CHARISMA 1980 Vinyl cleaned NM Jacket NM,9.00,0.2039
v1|366528398261|0,SAINT ETIENNE - TALES FROM TURNPIKE HOUSE  - Like New,19.99,0.2037
v1|127957430672|0,VINYL RECORD rare used GREAT SONGS of the 60's made for SAFEWAY!!!,7.00,0.2037
v1|188614182378|0,"OPENED- APPLE RECORDS- PAUL & LINDA McCARTNEY ""Ram"" VINYL LP",7.00,0.2036
v1|178291639501|0,Murder By Death The Other Shore LP (2018 issue),45.00,0.2035
v1|127966977065|0,ORIG 1963 The Marvelettes Recorded Live On Stage Tamla 243 COVER M- RECORD VG++,34.99,0.2035
v1|147424506413|0,"John Fahey Visits Washington, D.C. (LP, 1979) Stereo Vinyl LP EX/NM Condition",30.00,0.2034
v1|188616332646|0,"“Madonna” Debut Album-Madonna (Vinyl, 1983); Original",11.99,0.2033
v1|318515834016|0,REO Speedwagon – Good Trouble - US LP dark epic labels 1982,4.99,0.2033
v1|366528791019|0,1956 ROCKABILLY- DICKIE BISHOP & THE SIDEKICKS - NO OTHER BABY ORIGINAL SLEEVE,9.99,0.2032
v1|358770430432|0,Taylor Swift 1989 (Taylor’s Version) Vinyl 2LP Crystal Skies Blue Open Unplayed,20.00,0.2029
v1|287447114941|0,jo jo gunne vinyl Jumpin The Gunne,7.00,0.2028
v1|168520858395|0,"Golden Tone Johnny Desmond Dance Party LP Vinyl 12"" High-Fidelity C4045",15.00,0.2028
v1|168522400837|0,Georgia Gibbs – Kiss Me Another / Fool Of The Year 1956 VG+,2.65,0.2027
v1|298498798306|0,"Steve Goodman Lp Self-Titled Vinyl 12"" Record (1971) On Buddah Records VG",5.00,0.2027
v1|198481057817|0,"BOBBY MERCER SKOAL DIPPIN MAN 45 7"" NM US COLUMBIA VINYL NEW YORK YANKEES",5.98,0.2027
v1|800305314922|0,Johnny Winter Nothin But the Blues LP Blue Sky PZ 34813 Sterling NM/VG,9.99,0.2024
v1|127962831117|0,Bruce  Springsteen - Tunnel Of Love - NM/EX+ 1987 Pop Rock Columbia C-40999 Slev,7.50,0.2023
v1|377318770676|0,"LAI - EENY MEENY MINEY MOE UGLI ST. RARE RAP 12""",50.00,0.2021
v1|188471603423|0,SIGNED - Randy Coryell - In the Masters Hands - 1984 LP Vinyl Record EIC-8405,0.99,0.2021
v1|117289820843|0,SEMI-TWANG SALTY TEARS LP 1988 ,4.99,0.2021
v1|236917280190|0,Scott Wesley Brown (The Language of Jesus is Love)LP CCM 1987,0.99,0.2020
v1|358758418813|0,CHICK COREA / RETURN TO FOREVER - NO MYSTERY - 1975 Polydor PD 6512 VG+/VG+,12.00,0.2019
v1|168522400674|0,"Cathy Carr - Please, Please Believe Me / Ivory Tower  1955 VG+",2.65,0.2017
v1|318563618517|0,PETE TOWNSHEND--WHITE CITY--12 IN. VINYL 1985---,5.00,0.2016
v1|318555160327|0,LON AND DERREK VAN EATON WHO DO YOU OUT DO NM WLP promo US vinyl LP,3.00,0.2013
v1|168521702418|0,"YARBROUGH & PEOPLES~""I WOULDN'T LIE""~Orig. 1986~FUNK~SOUL~DISCO~7'' 45rpm~TP~VG+",0.99,0.2013
v1|117290106105|0,The Jack Bruce Band And His Musical Extravaganza How’s Tricks PROMO COPY RARE,19.99,0.2013
v1|257611227112|0,Medina Azahara - Medina Azahara Vinyl LP Spain,14.99,0.2012
v1|178291822492|0,EMIT RHODES-SELF TITLED-1970 GATFOLD VINYL LP-MATRIX RECORDED AT HOME-BEAUTIFUL,49.99,0.2012
v1|227420835781|0,Barbra Streisand – Emotion LP OC39480 Vinyl 1984 w/Lyrics Kim Carnes Near Mint!,3.99,0.2011
v1|117290703873|0,"LOVE AND ROCKETS 1985 Ball of Confusion 12"" Single UK Goth Punk Vinyl Bauhaus",10.00,0.2009
v1|327235000071|0,LITTLE FEAT - TIME LOVES A HERO -  SOUTHERN ROCK / FUSION - NEAR MINT VINYL,5.99,0.2009
v1|377327183278|0,The Franchise / T.V.[Not On Label - L.E1],9.99,0.2007
v1|358769023544|0,Bessie Smith-“The Worlds Greatest Blues Singer” Vinyl DBL LP VG Columbia 1970 OG,7.00,0.2005
v1|358758630151|0,MARTIN DENNY - EXOTICA LIBERTY MONO LRP 3034 LP,25.00,0.2004
v1|158063789172|0,GANELIN Tarasov Chekasin LP Poi Segue 1985 East Wind   jazz  vinyl  Lp Vg+,19.95,0.2002
v1|287446135896|0,The Great Gildersleeve LP Original Radio Broadcast Golden Age RecordsGA5024 1978,8.00,0.2001
v1|168521490927|0,"Blake Edward’s , The Return Of The Pink Panther LP",2.98,0.1999
v1|407056595476|0,"Ella Fitzgerald ""Mack The Knife"" Vinyl LP Stereo 1960 Jazz/Bop/Vocal Swing OG",5.99,0.1999
v1|227421281658|0,AVON'S FRIENDS Hey People! NEWZEAL Christian Rock VG+ VINYL LP Record USED,5.00,0.1997
v1|137491725381|0,"Five Satins, Your Memory, Cub promo # 9071, vg++",8.00,0.1996
v1|178291637747|0,Mudhoney Mudhoney LP (1st repress after original gatefold pressing),35.00,0.1996
v1|377326107590|0,"FATMAN SCOOP & CROOKLYN CLAN Be Faithful 12"" LP Cut-Up DJ Hip Hop Rap AV8",4.99,0.1996
v1|318556959095|0,"SOPHIE - ""Product"" Singles 12"" Vinyl LPx4",200.00,0.1996
v1|377319933760|0,NOEL POINTER - DIRECT HIT LIBERTY MODERN SOUL LP SHRINK,8.00,0.1995
v1|267717893790|0,Vinyl record Yugoslav Dances- The TINE ROZANC Ensemble,14.00,0.1995
v1|318515764970|0,Linda Ronstadt – Living In The USA - US LImited Edition Picture Disc LP 1978,4.99,0.1995
v1|307042888457|0,"Various “The Heart Of The March”Stereo (2)Vinyls = VG+ 12"" LP Record Marching",3.00,0.1994
v1|198483597334|0,Hot Sauce Vol. 4 LP NEW VINYL Harlem Shuffle Trojan Rocksteady Reggae,29.00,0.1992
v1|287451153604|0,BELAFONTE RETURNS TO CARNEGIE 2LP LIVING STEREO GATEFOLD Exc GERMANY,15.00,0.1991
v1|366529184659|0,Eric Clapton Self Titled S/t Debut 1st LP  1970 Vg+,5.99,0.1990
v1|298488296394|0,Post Malone - Twelve Carat Toothache Blue Vinyl,12.00,0.1990
v1|358768868120|0,"The Big Chill (Original Motion Picture Soundtrack) by Various (Record, 1983)",8.00,0.1989
v1|358767642837|0,Oliver Zavala Y Su Orqueste Original LP 987 Kristie Lynne OZ-1257 VG++,5.99,0.1989
v1|137493557378|0,Jeffrey Osborne - Self Titled LP 1982 A&M Records SP-4896 Vinyl,5.00,0.1988
v1|800304489480|0,E-Troneek Funk & Chris Carrier Help Yourself EP Dialect Bat1 E-Troneek 002,5.00,0.1987
v1|318551326406|0,Modest Mouse ~ Interstate 8 Limited 180g Black Vinyl LP Record,9.99,0.1984
v1|800304434356|0,"Jackson's Gourmet Jackson's Gourmet Sound Of Barclay 1999 12"" 33RPM Vinyl",7.40,0.1984
v1|407056978466|0,Gwen Stefani Bouquet Limited Edition Sky Blue Vinyl Record LP MINT,40.00,0.1982
v1|147422700276|0,Bar D Wranglers A Cowboy Has To Sing Live Frontier Records 1008 Stereo Hi-Fi,5.00,0.1981
v1|127962421836|0,Billie Holiday Lady Love Destination Moon Record Limited Ed Clear Vinyl Jazz,9.99,0.1980
v1|137484193506|0,Campus Life Presents The Carpenter A Musical Drama About The God Man  lp + Bonus,5.99,0.1980
v1|358778072599|0,Assorted Vinyl Records Chet Atkins Dialog In Brass Carl Smith Mazareth Sons Of T,8.99,0.1980
v1|267720980357|0,DAVE MASON ~ HEADKEEPER  VINYL RECORD LP / 1972 BLUE THUMB RECORDS BTS 34 ,5.75,0.1980
v1|168515418422|0,Duke Ellington Indigos US First Press Columbia Mono CL-1085 Vinyl LP 1958  NICE,33.00,0.1977
v1|358756421817|0,Rossini-Il Turco In Italia-Gianandrea Gavazzeni-Italian EMI Odeon 3 LP Box Set,5.00,0.1977
v1|407056595910|0,"Billy Squier ""No"" Vinyl LP 1981 Hard Rock/Pop Rock Jacksonville Pressing OG",2.99,0.1976
v1|278153900141|0," Patrick Ball ‎– Celtic Harp Volume III (Secret Isles) LP",8.00,0.1974
v1|188613749862|0,Gary Moore Run For Cover 28VB1045 OBI Japan Import Vinyl Record,40.00,0.1974
v1|398150608830|0,"NOFX Never Trust a Hippy clear with green splatter vinyl 10"" Fat Euro Store",100.00,0.1974
v1|407056596208|0,"Demi Lovato ""Dancing With The Devil"" Vinyl 2XLP LE Red 2021 Ballad/Vocal/Pop OG",5.99,0.1973
v1|117291720064|0,ALBERTA HUNTER The Thirties VINTAGE JAZZ LP Stash ST-115 RnB Soul 1978,5.99,0.1973
v1|278154809843|0,"RITA MARLEY - ONE DRAW  THAT'S THE WAY SHANACHIE 12""",8.00,0.1973
v1|178292752149|0,Ruido Rosa - Respirame - Mexican Edition in VG Condition!!!,6.00,0.1973
v1|227424309388|0,Indecision Believe 7inch First Press,19.00,0.1971
v1|358768956817|0,Alive She Cried by The Doors original 1983 vinyl release,16.99,0.1970
v1|366528398268|0,VIVA LA FRANCE 1 & 2 - 4 LPs - ADAMO -DALIDA - STONE et ERIC CHARDEN -Acceptable,7.99,0.1970
v1|366528398260|0,VIVA LA FRANCE 1 & 2 - 4 LPs - ADAMO -DALIDA - STONE et ERIC CHARDEN -Acceptable,7.99,0.1970
v1|267720400234|0,Ron Mrozik ‘peanuts’ Album LP Used,6.40,0.1968
v1|127964214936|0,"Dystopia/grief Split 7"" Record Sludge Doom Metal Corrupted Noothgrush Grief ",170.50,0.1968
v1|278170850231|0,Lou Rawls 4 LP Vinyl Lot-Unmistakably Lou-All Things In Time-Shades Of Blue-Soul,7.88,0.1967
v1|147424506472|0,Mississippi Fred McDowell I Do Not Play No Rock N Roll Stereo Vinyl LP SR-409,65.00,0.1966
v1|358756833222|0,THE MOTHER OF US ALL-Thomson/Stein/Leppard/Santa Fe-Gatefold-New World 2 LPs,7.02,0.1966
v1|127966845566|0,1967 Surf The VENTURES GOLDEN GREATS STEREO LP Gatefold Cover M- CLEAN VG++,14.99,0.1965
v1|327251781945|0,Brigade Werther - To Be Continued - ZOTH 08 Super Rare Dance Music NM/M,22.99,0.1965
v1|127962517446|0,The African Mbira Music Of The Shona People Of Rhodesia Nonesuch Record 1971 LP,9.99,0.1964
v1|318512753943|0,Blackfoot – Vertical Smiles - US LP + OIS 1984,4.99,0.1964
v1|278154810025|0,"RARE ESSENCE - BACK UP AGAINST THE WALL SOUNDS OF THE CAPITOL GO-GO 12""",15.00,0.1963
v1|158064091574|0,Skin by Flume (140/150g 2LP) 2016 VINYL RECORD,17.99,0.1962
v1|198475984970|0,Nektar- Remember the Future Passport PPSD-98002 VG VG- gatefold,13.50,0.1961
v1|178282733599|0,WITNESS : LP ~ Self-titled Limited Edition  [TIP STAFF TS-4183/1983] - NM+,15.00,0.1960
v1|257611332002|0,En Vogue Born To Sing LP Vinyl 1990 Atlantic Hold On You Don’t Have To Worry,5.00,0.1960
v1|206401145826|0,"Richard Pryor - Live On Sunset Strip - Vinyl Record, 12”, 33 RPM, VG+",4.99,0.1959
v1|298488951249|0,"1979-SHEILA B. DEVOTION, "" SEVEN LONELY DAYS"", 7"" CARRERE , LATIN FUNK,  DISCO",0.99,0.1958
v1|168526365365|0,Quiet Riot-Mental Health-Vinyl LP-Pasha Records Carrollton Pressing-BFZ-38443 VG,9.99,0.1956
v1|236923720761|0,"Khachaturian Gayne Ballet Suites Forum Circle 12"" Vinyl LP 33RPM Stereo",2.62,0.1956
v1|287445863085|0,"A Study In high - fidelity Rare LP 12""",45.00,0.1953
v1|137484662275|0,"John Lennon & Yoko Ono – Milk and Honey (Polydor 817 160-1, 1984) VG+LP",39.99,0.1953
v1|236917258735|0,"Love Song,The Way(Everlasting Living Jesus Music Concert)LP CCM 1971 Maranatha M",9.50,0.1950
v1|147424507107|0,"Like New Judy Collins Hard Times for Lovers 12"" LP Record 1979 Elektra 6E-171",45.00,0.1949
v1|366528887158|0,"Jane Rothfield & Allan Carr LP ""There & Back"" NM EX (UK Press) BX10",3.00,0.1949
v1|407056573342|0,John Hiatt Overcoats,3.99,0.1947
v1|318542846551|0,Dezzi-D Vibes House Ten Roots Rock Reggae 10” Vinyl Record EP,23.99,0.1946
v1|366528869622|0,GRAND FUNK RAILROAD Phoenix Original LP from 1972 (CAPITOL SMAS-11099),15.00,0.1946
v1|287447113957|0,MAD LOVE ORIGINAL MIX CAFFEINE RECORDS RARE BREAKBEAT TECHNO 2STEP VINYL,12.00,0.1946
v1|407057303500|0,Cat Stevens Foreigner LP VG+ Vinyl Record Still In Shrink Cardboard Insert,10.00,0.1946
v1|366528398280|0,TIZIANO FERRO - IL MESTIERE DELLA VITA - URBAN & ACOUSTIC Like New,14.99,0.1946
v1|147424689141|0,Chester Burnett AKA Howlin' Wolf Stereo 2 LP's  Like New Records  2CH 60016,79.00,0.1945
v1|206401440936|0,"Big Bam Boom by Hall & Oates (Record, 1984) Lp ALBUM Vinyl ",3.99,0.1945
v1|358769498254|0,lp the diplomats gary davis' mackinac music show,10.00,0.1944
v1|336678426874|0,LP VICENTICO VALDES VICENTICO TICO LBL MINT-,14.99,0.1944
v1|307052484075|0,The Who Magic Bus On Tour original 1968 release  Decca DL-7-5064,15.00,0.1943
v1|188623761619|0,"Mr. Zivago-Little Russian, Vinyl, New Wave Music RARE",29.99,0.1942
v1|407061539549|0,45 RPM Jennie Smith CAN-AM DJ 150 Go Away Little Boy / Let it Be Me VG+,3.00,0.1941
v1|336677557650|0,1981   OVER THE TOP  COMPILATION OF HITS EMI LABEL RML-50001 LP-VG++,16.00,0.1937
v1|158066467575|0,THE HAPPY ENDING ORIGINAL SCORE - LP SNTK #3,9.99,0.1936
v1|137483406248|0,John Lennon Imagine NM Vinyl 1971 Apple SW-3379 OG Shrink Lyric Sleeve Poster,69.99,0.1935
v1|278156266256|0,FEATURING ANDRE PREVIN SUTTON STEREO LP,8.00,0.1934
v1|278153911137|0,Santana - Abraxas Quadraphonic Pressing In Shrink (read) VG++,29.94,0.1934
v1|168521089941|0,1982 The Beatles First Movement Cut Out Vinyl LP Al Brown Sound Cutting in wax,24.95,0.1930
v1|198476315302|0,Windham Hill Sampler '81 WHS C-1015 VG+/VG PROMO RARE,16.20,0.1928
v1|800289386033|0,Brenda Lee ,25.00,0.1928
v1|800303761821|0,"TOMMY ""ORIGINAL SOUNDTRACK RECORDING"" w/original Sleeves 1975 Classic Vinyl",15.50,0.1927
v1|158064922311|0,Joe Sample- Vintage Vinyl Lp Fancy Dance NM  1978,9.99,0.1927
v1|336677402845|0,"DAVID VAN TIEGHEM 12"" single RARE! MINT! Private Music 2018-1-PDAB, 1987",10.00,0.1926
v1|407055569402|0,WILD BILL DAVIS-JOHNNY HODGES-CON-SOUL  AND SAX-RCA VICTOR  LSP 3393,10.98,0.1926
v1|800303902603|0,Little Steven And The Disciples Of Soul Rock LP Men Without Women on EMI,15.00,0.1924
v1|236928591909|0,Italo Disco G.J. Lunghi Dynamite (Burning Lovers) 12” Single,19.99,0.1924
v1|336681065410|0,"Judgment at Nuremberg, Reprise Records, Mint Condition Album",23.75,0.1923
v1|407056778512|0,Midnight Oil Diesel and Dust,5.50,0.1922
v1|168521759095|0,"THE FATBACK BAND~""NJIA WALK {STREET WALK}""~Orig. 1973~FUNK~SOUL~7'' 45rpm~VG+",0.99,0.1922
v1|137492657603|0,Don Henley Promo vinyl Dirty Laundry,8.00,0.1921
v1|298496208840|0,ORG Mortal Sin Mayhemic Destruction Vinyl LP 1987 Vertigo/Phonogram Thrash,39.99,0.1921
v1|278163969947|0,"“THE BLUES HOT AND COLD”, BOB BROOKMEYER QUARTET, VERVE, VG++",10.00,0.1921
v1|137493752327|0,The Jam -  In the City  1977 original US Polydor  PD-1-6110 with inner sleeve,24.99,0.1919
v1|318555490308|0,"MELISSA MANCHESTER: better days & happy endings ARISTA 12"" LP 33 RPM",7.95,0.1917
v1|188521301162|0,Shirley Alston ‎With ... - 1975 Prodigal PLP-10008 LP Vinyl Record - EX,0.99,0.1912
v1|358756447287|0,Arthur Miller's AFTER THE FALL-Lincoln Center-Mercury 4 LP Box Set with Booklet,6.01,0.1911
v1|336677525284|0,"Foreigner Self titled  1977  12"" Vinyl LP Album Atlantic Records SD19109",7.99,0.1909
v1|377326091205|0,VA Brokeback Mountain VERVE 2025 LP BLUE VINYL Record ALBUM M- USED,29.52,0.1908
v1|206401678745|0,Vintage 1959 The Phil Moody Quintet Intimate Jazz Vinyl Record Album,6.48,0.1907
v1|398152101560|0,"1975 LP Joe Cocker ""Jamaica Say You Will"" VG to Excellent Condition",6.00,0.1906
v1|800304471657|0,"Funk D'Void Desperado Soma Quality Recordings 12"" Black Vinyl Single",6.00,0.1906
v1|377319835685|0,GARY BURTON - THE TIME MACHINE RCA VICTOR STEREO LSP-3642 LP,15.00,0.1906
v1|377326090010|0,"Eddy Duchin On Victor 25212 Lights Out ,Moon Over Mimi ",12.00,0.1905
v1|147423321906|0,The Detroit Vibrations I'm The Man/She's A Winner Detroit Sound 1967 Frijid Pink,199.95,0.1905
v1|147424506322|0,James Gang In Concert Stereo Vinyl LP ABCX 733 Like New Promo Copy,40.00,0.1905
v1|147424506603|0,Christine McVie Stereo Vinyl LPSASD-7522 Like New Rarelu Played,40.00,0.1903
v1|307052484066|0,Surf's Up The Beachboys LP 1971 Reprise RS6453  Brian Wilson,10.00,0.1901
v1|137500019433|0,"1982 Ramsey 2C-3D – Fly Guy And The Unemployed 12"" Vinyl Record",99.00,0.1898
v1|800305481408|0,"Joe Cocker Joe Cocker 12"" Black Vinyl LP 33 RPM Stereo A&M Cardboard Sleeve",5.00,0.1897
v1|800303758172|0,Fat Boys LP Vinyl Record Album 1984 - Classic Rap - Vintage 1st Pressing,17.50,0.1896
v1|137499990504|0,Bob Wills Plays The Greatest String Band Hits 1969 NM Vinyl,6.99,0.1894
v1|178292180393|0,GINO VANNELLI  Nightwalker  1981 Vinyl LP Arista records AL9539,5.99,0.1893
v1|327252150860|0,"The 5th Dimension LP ""Portrait"" EX VG++ BX5",3.00,0.1892
v1|398150873994|0,Razzy Bailey  The Midnight Hour 1984 LP Vinyl Record (P6),5.18,0.1891
v1|137492069729|0,"1982 Kevin Toney ‎– Red Tape / On Your Feet 12"" Vinyl Record",5.00,0.1890
v1|227421427291|0,LP- Justi Barreto y Su Grupo Folklorico - Comparsas Cubanas ,8.00,0.1890
v1|287446043377|0,Deep Purple vinyl record Burn 1974 Purple Records TPS 3505 vgc,10.00,0.1889
v1|307042540694|0,"Graham Parker & The Rumour 33RPM ""Squeezing Out Sparks"" 1979 70s Rock 12"" LP  EX",8.00,0.1889
v1|336678216178|0,Energy - Race The Sun 7” PURPLE Vinyl - Bridge 9 AFI American Nightmare Punk ,9.99,0.1888
v1|137484194941|0,Jon Gibson On The Run lp + Ain't It Pretty Remixes lp + Bonus Disc,8.99,0.1887
v1|257611163545|0,Gadi Elon - Sing O' Beloved Land LP - Isra-art  IS-57,2.99,0.1886
v1|307047776737|0,"History Of British Blues Volume One, Double Lp 1973 PRC  press VG+/VG+",8.00,0.1886
v1|298488951387|0,"TONY VICKERS, "" I'LL SHOW YOU HOW /AN EXTRA HEART"", 7"" PLEASURE RECORDS",0.99,0.1886
v1|168515420488|0,Rare Children's 4-LP Set - V/A - Cock A Doodle Doo And Mother Goose Too,5.03,0.1883
v1|278154789076|0,"TILT - ARKADE FUNK D.E.T.T. 12""",8.00,0.1881
v1|318512107477|0,Isaac Hayes – Tough Guys - US LP Gatefold 1974,4.99,0.1880
v1|398152433663|0,"Mendelssohn LE SONGE D'UNE NUIT D'ETE (1961) LP Record, Otto Klemperer EMI Rare",1.75,0.1878
v1|117285001087|0,Destry Rides Again Original Cast Vinyl DL-79075 LP 1959 Andy Griffith,15.99,0.1878
v1|158065002445|0,"EPIC/THE CLASH ""ROCK THE CASBAH"" 1982 ORIGINAL SINGLE 12"" VINTAGE VINYL RARE",10.00,0.1877
v1|307042662627|0,"The Real Things “Express” (Recorded in Maine)Stereo Vinyl = VG:VG+ 12"" LP Record",4.50,0.1877
v1|127962482062|0,"RCA Victor Sounds of the Sixties 12"" Vinyl LP Pop 1960s PRS-219-4",1.99,0.1875
v1|168521342271|0,The Piano Magic of Roger Williams  Vinyl LP Original First Pressing EX,10.95,0.1875
v1|267720804109|0,"Kenny G ""Gravity"" vinyl - 1985",7.00,0.1872
v1|327246631530|0,"GRAVEDIGGAZ THE PICK, THE SICKLE, AND THE SHOVEL RSD 20 WHITE VINYL 2XLP. NM++",24.50,0.1872
v1|227422518523|0,"The Hilo Kaimas Around The Island Of Hawaii LP Vinyl 12"" 33 RPM Stereo",18.75,0.1872
v1|198475984925|0,"Vangelis- ""Spiral"" RCA AFL1-2627 PROMO EX/VG+ 1977",12.60,0.1871
v1|318555948813|0,"Felsted FL 7502 Joe Leahy Never Too Late...For Dancing 12"" 33RPM Hi-Fi LP Vinyl",8.99,0.1869
v1|178292143196|0,An Andres Segovia Recital Lp,12.99,0.1869
v1|137482009989|0,THE LINCOLNS--Self Titled--Rare Folk Group from Illinois-White Label Promo Issue,4.95,0.1864
v1|188613885908|0,"HEAR👂Sidney Bechet Bechet's Blue Note Jazz Men Salty Dog Weary Blues 12"" 78 RPM",14.99,0.1863
v1|800317155266|0,JIMI HENDRIX EXPERIENCE LOS ANGELES FORUM 4/26/1969 NEW SEALED 2 LP SET! PSYCH!,19.95,0.1863
v1|307049913384|0,"PRIVATE 1967 MN Garage LP - T. C. Atlantic ""Live At The Bel-Rae Ballroom"" DOVE",6.50,0.1861
v1|358755567219|0,MICHELE - CAN'T YOU FEEL IT WEST END MODERN SOUL 45 WL PROMO,8.00,0.1861
v1|800304912695|0,Janet Jackson - Just A Little While  Remixes Maurice’s By Soul 12” Lp Exc Cond,3.00,0.1861
v1|366528852829|0,GENESIS Live original UK Pressing LP from 1973 Charisma CLASS 1 Peter Gabriel,25.00,0.1858
v1|318558757425|0,hector lavoe vinyl strikes back dj copy from club 3030 northern blvd queens ny,31.00,0.1858
v1|158064220055|0,Jarvon Jol The Dustcollector 1984 Vintage Vinyl Record NM,20.00,0.1857
v1|206393725043|0,"Adam Makowicz ‎– Naughty Baby jazz Post Bop, Bop  shrink mint lp",7.00,0.1856
v1|188613756668|0,Ravi Shankar & Ali Akbar Khan – A Dhun & A Raga LP Vinyl 1974 EMI EMGE 12351,49.00,0.1855
v1|137492616934|0,"POP LP ""LET IT BE ME"" NANCY AMES ( LIBERTY RECORDS 1965 )",7.00,0.1854
v1|188614119724|0,"HEAR👂James P. Johnson J. P. Boogie Woogie Gut Stomp Blue Note 24 12"" 78 RPM",19.99,0.1854
v1|117295102108|0,RUFUS THOMAS-DO THE FUNKY CHICKEN-PROMO COPY,39.99,0.1849
v1|278156401586|0,THE RITCHIE FAMILY - BRAZIL 20TH CENTURY LP,8.00,0.1849
v1|287446049727|0,Kim Carnes Mistaken Identity 1981 Vinyl LP EMI Records,8.00,0.1848
v1|407056786528|0,"Cruise Control No Condom,No Sex 12"" Vinyl Maxi-Single 33  RPM Sire 0-20983promo ",8.00,0.1847
v1|168520574631|0,STEPPIN TO OUR DISCO LP VINYL 1978 PROMO STORE PLAY ONLY VG - ULTRASONIC CLEANED,8.99,0.1847
v1|236917283339|0,Steve & Annie Chapman (Self Titled)LP CCM 1981,0.99,0.1847
v1|168521405273|0,"ROSE ROYCE~""OOH BOY""~Orig. 1977~FUNK~SOUL~DISCO~7'' 45rpm~WHI 8491~M-",0.99,0.1847
v1|327252110302|0,"Ian Thomas LP ""Long Long Way"" EX VG++ BX10",3.00,0.1846
v1|206401471177|0,Diana Ross  Vinyl Silk Electric Record LP 1982,4.99,0.1846
v1|137495429411|0,Mozart Divertimento K251 Serenade K525 Toronto Chamber Orch Direct-to-Disc RARE!,18.99,0.1845
v1|137495429411|0,Mozart Divertimento K251 Serenade K525 Toronto Chamber Orch Direct-to-Disc RARE!,18.99,0.1845
v1|278165974829|0,"The Sweater Girls Rare Radio Spot, Sexploitation Rated R",75.00,0.1845
v1|327252867047|0,1982 Bob and Doug McKenzie  Take Off / Twelve Days of   Mercury Reissue,6.00,0.1844
v1|236923538271|0,Peaches & Herb/Worth The Wait - Promo LP  1980- Polydor -PD -1-6298 - 2391 484,30.00,0.1844
v1|168522400865|0,Rita Raines - Such a Day / Ol' Devil Moon  1956  VG,2.65,0.1844
v1|318556419034|0,Henry Mancini THE PINK PANTHER RCA Victor LP LSP 2795,4.99,0.1844
v1|168521451094|0,BURL IVES WORD RECORDS HOW GREAT THOU ART 7 in Vinyl 1971 Original sleeve?,11.99,0.1842
v1|158054632346|0,BRAD GOWANS and his New York Nine with Joe Dixon (rare) 10” LP 1954 LJM-3000,25.00,0.1842
v1|236928827033|0,House Techno Timerider Invader Space Iwan 12” Single ZYX ,14.99,0.1840
v1|377326056991|0,"Vangelis: Heaven And Hell 1975 VG- Cover, VG Vinyl",5.00,0.1839
v1|407058096782|0,"BABY WASHINGTON: it'll never be over for me / move on drifter SUE 7"" Single",15.00,0.1838
v1|318511799606|0,"Sammy Davis, Jr. – Sammy - US Soundtrack LP 1973",4.99,0.1838
v1|137483271291|0,Cindy Richardson Crusader lp In Shrink + Bonus,7.99,0.1837
v1|188612850881|0,"Oasis What's the Story Unplugged Glory 12"" Yellow Vinyl LP 33 RPM Dear Boss",15.00,0.1837
v1|227421363529|0,"Eric Weissberg & Steve Mandell Dueling Banjos Deliverance 12"" Vinyl LP Record",0.77,0.1837
v1|147424688912|0,Taras Buba Original Soundtrack Musiic Stereo Vinyl LP Like New,20.00,0.1836
v1|206401635920|0,Unknown DooWop Group Soul R&B WWII Northern Soul Dancer Test Pressing 45 - HEAR,25.00,0.1836
v1|178291637645|0,God Dethroned - Into The Lungs Of He’ll (Double LP 2003) Black Death Metal Vinyl,30.99,0.1836
v1|407062656918|0,"Antiseen barbecued brains 7"" numbered limited live Austin Texas 1992 rare",150.00,0.1833
v1|158066465598|0,SHIRLEY BASSEY - AND WE WERE LOVERS - LP (18a),7.00,0.1833
v1|257611251156|0,Celtic Frost - Morbid Tales-vinyl- Metal Blade records- 1985- NO INSERT,50.00,0.1832
v1|137492530805|0,"SYNTH POP 12"" ""SHE DRIVES ME CRAZY"" (REMIX) FINE YOUNG CANNIBALS (LONDON 1988)",4.50,0.1831
v1|178291637777|0,Pigface Live 2019 Double LP and Gatefold (original press),85.00,0.1830
v1|188614232088|0,"OPENED- REPRISE RECORDS- GRAM PARSONS ""Grievous Angel"" VINYL LP",19.38,0.1830
v1|267720739442|0,Paula Abdul- Cold Hearted- LP 1989 Virgin 0-96546 Shrink,4.99,0.1830
v1|227421602124|0,MAME - ANGELA LANSBURY - VINYL LP RECORD -  COLUMBIA KOS3000 - NEAR MINT,3.99,0.1830
v1|307048329315|0,Remember How Great...? Custom-pressed for Lucky Strike LP 33 Vinyl Collector's,0.99,0.1830
v1|158064047343|0,Ted Coleman Band - Taking Care of Business (1980) ORIGINAL PRESSING Vinyl,325.00,0.1829
v1|158064089847|0,Ted Coleman Band - Taking Care of Business (1980) ORIGINAL PRESSING Vinyl,315.00,0.1829
v1|287438744916|0,THE EASYBEATS-LET'S DANCE WITH.  German import,32.00,0.1828
v1|307048479902|0,Robbie Nevil 45RPM “C’est La Vie” 1986 80s Synth Dance-Pop R&B 7” Vinyl PS NM,3.00,0.1828
v1|398139948908|0,THE TURTLES GOLDEN HITS LP on WHITE WHALE WWS 7115 1ST PRESSING c.1967 LP NR MT,6.00,0.1827
v1|158063454360|0,33 LP RPM Vinyl Record James Taylor Apple Records SKAO-3352 ,6.00,0.1827
v1|298488193368|0,Sidney Bechet Vintage Vinyl Lot (2 LPs) New Orleans Jazz Records Riverside,9.99,0.1827
v1|377326094806|0,HOT CHIP The Warning ASTRALWERKS 2006 Leftfield 2xLP VINYL Record ALBUM VG+ USED,47.23,0.1826
v1|236928509800|0,Italo Disco Fred Ventura Imagine 12” Single,19.99,0.1825
v1|366529207151|0,Eric Clapton  August Lp gatefold Nm,7.99,0.1825
v1|298488702693|0,ESTHER PHILLIPS-CONFESSIN' THE BLUES-SHRINK WRAP 1976 ATLANTIC RECORDS SD1680 NM,25.00,0.1824
v1|137499920521|0,Uncle Jim's Music There's A Song In This 1972 NM/NM Promo Lyric Insert,19.99,0.1823
v1|307048168013|0,"Jethro Till, Original Master Compilation Album 1985 Club Edition",3.00,0.1822
v1|198476348317|0,GEORGE SEGAL LP & TERESA BREWER A TOUCH of RAGTIME 1974 banjo STEREO VG+,6.47,0.1822
v1|147423367631|0,"ELECTRO VINYL 12"" ""YOUR LIFE"" KONK ( SLEEPING BAG RECORDS 1984 )",7.00,0.1821
v1|168521791818|0,"THE JACKSON 5~""SUGAR DADDY""~Orig. 1971~FUNK~SOUL~7'' 45rpm~MOTOWN~M 1194F~VG+",0.99,0.1821
v1|398150152608|0,"The ELECTRIC PRUNES. Singles (1966-1969) by Electric Prunes (Record, 2016)",10.00,0.1820
v1|307047907773|0,LP - PRINCE - CONTROVERSY - W/POSTER  (rare insert)  1981 Warner Bros. BSK-3601,50.00,0.1820
v1|287447114900|0,"Pressure Drop - Silently Bad Minded 12"" Single 1998 Work Roni Size Rmx VG / VG+",8.00,0.1820
v1|188612729117|0,"Misha Gulko ""The Blue Sky of Russia"" Russian Emigrant LP 1982 Shufutinsky",100.00,0.1819
v1|267720637997|0,The Smurfs Smurfing Sing Song Original Vinyl Record 1980 ARI-1018 Album LP ,2.25,0.1818
v1|398159802169|0,Latin Various - LP- Lo Mejor Del Ano - Latin Mexico Pop Vinyl Record,7.88,0.1817
v1|168521780862|0,"THE JACKSONS~""LOVELY ONE""~Orig~1980~FUNK~SOUL~DISCO~7'' 45rpm~EPIC~9-50938~M-",0.99,0.1817
v1|236923695595|0,"Leroy Anderson - New Music Decca 12"" Vinyl LP Stereo DL 74335",0.25,0.1815
v1|257610911393|0,DOUG BROOKS AS TIME GOES ON/I TAKE A LOT OF PRIDE IN WHAT I AM IMPERIAL PROMO,9.99,0.1814
v1|800305431979|0,"Nirvana Nevermind 12"" Black Vinyl LP Record DGC Cardboard Sleeve",40.00,0.1812
v1|278163661156|0,"HORROR ROCK CLASSICS Orange Vinyl 7"" Pumpkin 33 RPM Halloween Various VG TESTED*",18.00,0.1811
v1|307048168325|0,YOKO ONO - GOODBYE SADNESS b/w I DON'T KNOW WHY -  1981 GEFFEN GEF49849 - PROMO,1.00,0.1811
v1|800304389791|0,Dead To A Dying World - Litany 2xLP,15.00,0.1811
v1|358758630282|0,BANGLES - INTERCHORDS COLUMBIA LP PROMO CONVERSATION,25.00,0.1810
v1|236917085307|0,PET CLARK / THESE ARE MY SONGS / LP GRADE VG+,5.00,0.1810
v1|147427897204|0,Faron Young's Deputies ST Self Titled NM/NM,6.99,0.1808
v1|307048614685|0,"Nirvana/ Nevermind, Original Master Recording, Limited 5000 200g vinyl MFSL",1002.99,0.1808
v1|358770476272|0,Taylor Swift Speak Now (Taylor’s Version) Vinyl 3LP Violet Marbled Unplayed,25.00,0.1807
v1|168515418839|0,Ella In Berlin Mack The Knife LP 1960 1st U.S. Pressing Ella Fitzgerald (EX),17.00,0.1807
v1|358758630548|0,THE TEMPTATIONS - TOUCH ME GORDY LP SHRINK,8.00,0.1806
v1|336678466716|0,LP CUARTETO IMPERIAL el continuado del DISCOS CBS INTERNATIONAL MINT-,19.99,0.1806
v1|127962699962|0,"Amel Larrieux ‎– Get Up  VINYL 12"" Promo Only 2000 Double 12"" Groove Theory",9.99,0.1804
v1|287446058669|0,Whitesnake - Self/Titled - 1987 Geffen Records - GHS 24099 EX/VG+,24.99,0.1804
v1|800292071281|0,Albert Hammond,40.00,0.1804
v1|267720818787|0,SABOTAJE( LA AMENAZA MUSICAL) ARROLLANDO.     CD-R.   SALSA-GUAGUANCO,17.50,0.1803
v1|318556426058|0,Two German 45 rpms by Die Bluen Jungs and Der sdrage Otto,10.00,0.1802
v1|117295103998|0,"FUNKADELIC LET'S TAKE IT TO THE STAGE,ORIGINAL AMERICAN PRESS",49.99,0.1802
v1|398151936095|0,Classics 4 Poor People,10.00,0.1802
v1|318515757742|0,Cliff Richard – Two Hearts - UK LImited Edition Valentine Card Gatefold Sleeve,4.99,0.1800
v1|287447113998|0,Great Performance Mozart 40th/41st Jupiter 1981,6.00,0.1799
v1|137495539665|0,WOODSTOCK TRIPLE LP GATEFOLD COVER VINYL EX TO EX + ! NICE L@@K !,9.99,0.1798
v1|377319835604|0,FATS WALLER - AFRICAN RIPPLES RCA VICTOR MONO LP LPV-562,8.00,0.1797
v1|236923938698|0,Bobby Goldsboro - California Wine (1972 Vinyl LP) United Artists UAS-5578 Stereo,5.00,0.1796
v1|398151877133|0,"MOTLEY CRUE, ""SHOUT AT THE DEVIL""   WITH INSERT",12.00,0.1796
v1|117295322753|0,"Neil Larsen  - Orbit Used (180g Vinyl 2LP),2007 Straight Ahead/ SAR-104LP",35.00,0.1795
v1|168521598710|0,"SAM AND DAVE~""I TAKE WHAT I WANT""~Orig. 1965~FUNK~SOUL~7'' 45rpm~STAX~PROMO~VG+",0.99,0.1795
v1|227421281601|0,"EBONY DUBSTERS Dubs Vol. 4 2004 UK 12"" Drum & Bass VINYL Record VG+ USED",5.00,0.1795
v1|158066469930|0,SHIRLEY BASSEY - SHIRLEY - LP (18a),7.00,0.1794
v1|227420839339|0,"André Previn, David Rose – Like Blue LP E3811 Vinyl 1960 Jazz Mono Lounge EX!",6.99,0.1791
v1|800305456202|0,GENESIS Seconds Out original PROMO Double LP 1977 ATLANTIC SD 2-9002 Promotional,35.00,0.1790
v1|366529307367|0,DJ COLLECTION 2002 TAANG! F.U.'S MY AMERICA / KILL FOR CHRIST VINYL NM+ 6471H,100.00,0.1790
v1|366528230744|0,LP BOXED SET--OTTO NICOLAI--DIE LUSTIGEN WEIBER VON WINDSOR  *MINT VINYL*   #20,25.00,0.1787
v1|366528714296|0,"Kuolleet Kukat Kyynelkaasua! 7"" Vinyl 33RPM EP Fight Records FIGHT 005",10.00,0.1787
v1|168522654240|0,"Carey Bell Carey Bell's Blues Harp LP Vinyl Delmark DS-622 1982 12"" Blues",14.00,0.1786
v1|336677740355|0,"I'm a Stranger Here by The Devil Makes Three (Record, 2013) NM",30.00,0.1784
v1|287445510421|0,THE RASCALS See Vinyl LP Atlantic Records,3.79,0.1784
v1|407056411818|0,Doug Kershaw LP Vinyl Alive & Pickin LP Record Vinyl Warner 2851,2.20,0.1784
v1|137493508966|0,"Jah Wobble, The Edge, Holger Czukay 'Snake Charmer' 1983 US LP",14.99,0.1784
v1|318563581087|0,SRC - Traveler's Tale - 1970 Capitol Gatefold - Lime Green Label,50.00,0.1783
v1|137500011656|0,Marty Balin Lucky 1983 1st Press NM Vinyl Jefferson Airplane,5.99,0.1783
v1|307043263300|0,"Tommy Overstreet “Heaven Is My Women’s Love” Stereo Vinyl = VG:VG+ 12"" LP Record",2.50,0.1782
v1|158066779829|0,"SANTANA inner secrets LP Vinyl CBS 1978, album, classic rock, fusion",5.99,0.1782
v1|236924256841|0,China Crisis WHAT PRICE PARADISE vinyl lp NM Gary Barnacle Kevin Wilkinson,6.49,0.1781
v1|298490399026|0,GRAHAM PARKER & The Rumour / STICK TO ME / Mercury SRM-1-3706 / 1977 VINYL LP,3.09,0.1780
v1|168522822453|0,"Pink Floyd Ummagumma 1ST UK Pressing with Misspelling, Gi Gi Cover",45.00,0.1778
v1|377326078503|0,OLGA ARRUZA Plays Ethnic Music of Cuba 1973 Ohio VG+ VINYL LP Record USED,5.00,0.1777
v1|298488179435|0,SOUL TRAIN HALL Of fame 1973 - 12” VINTAGE VINYL RECORD ALBUM,45.00,0.1774
v1|336679392195|0,24x Soul LP Record Lot Mixed Grade Stewart Carey Band,12.00,0.1774
v1|158063673860|0,Arthur Fiedler's Favorite Overtures POLYDOR 24-5006 (1972) LP NM,4.00,0.1774
v1|377319933792|0,OLIVER - DEFINITELY NOT FOR RADIO AIRPLAY FOR N.E.C. REVIEW ONLY LP WHITE LABEL,25.00,0.1773
v1|236928428587|0,Italo Disco Star Blazer Game Over 12” Single,39.99,0.1771
v1|137482044169|0,"HAPPY TRAUM--""American Stranger""--1977 Rare Acoustic Folk--Clean Vinyl and Cover",4.95,0.1770
v1|377317762340|0,"The Moody Blues  ""Caught Live +5""   (2 LP Set)",11.00,0.1768
v1|298487950627|0,DOA-Don't Turn Yer Back (On Desperate Times) ORIGINAL 1984 UK Porky Prime Cut EP,30.00,0.1767
v1|137495433720|0,Martha Argerich Schumann Kinderszenen Kreisleriana DGG Digital Stereo SUPER-FINE,12.99,0.1766
v1|366528960026|0,"Rod Stewart LP ""Smiler"" VG++ VG+ w/ Original Inner BX5",3.00,0.1766
v1|267717838837|0,13 LP LOT Obscure ROCK LIAR DAN HICKS NANTUCKET CRAWLER KINGFISH ROY BUCHANAN ++,53.00,0.1766
v1|377318770877|0,"ADAMSKI - N-R-G VIVA-CITY MCA 12"" PROMO",8.00,0.1764
v1|366522660892|0,Bald Bill Hagan And His Trocaderons Music To Strip By SF16800 Stereo Fidelity,3.00,0.1764
v1|307048389928|0,2 LP Great Songs of Christmas 1968 + The Most Beautiful Sounds of Christmas 1978,8.00,0.1764
v1|127962278292|0,"Grief/16. ""Board"" 10"" Vinyl Record",16.50,0.1763
v1|257605522278|0,D.O.A. - Bloodied But Unbowed - Signed By Entire Band - CD016 - PUNK Vinyl,150.00,0.1763
v1|147427870601|0,Yipes! 1979 1st Press NM/EX+ Lyric sleeve STERLING,9.99,0.1762
v1|278159787186|0,"ALISON KRAUSS & UNION STATION Two Highways LP 1989 U.S. Rounder, near mint vinyl",48.98,0.1762
v1|227421578433|0,"Lena Horne – Lena, A New Album LP AYL1-4389 Vinyl 1976 Near Mint!",4.99,0.1761
v1|158063894332|0,1977 The Clash Self Titled Vinyl LP Epic 36060  Vinyl  LP,19.99,0.1761
v1|137500018702|0,"1987 A.T.C. – This Beat Is Def 12"" Single Vinyl Record",15.00,0.1760
v1|158063803149|0,"Mazzy Star Still (Vinyl) 12"" EP",12.99,0.1759
v1|117289876546|0,ONE DOVE ..PROMO BREAKDOWN  MIXES 1993...IN GREAT CONDITION,20.00,0.1758
v1|278156401730|0,"RAY, GOODMAN & BROWN - SELF-TITLED POLYDOR LP",8.00,0.1758
v1|298487889618|0,Judas Priest Rocka Rolla US LP Visa Records IMP 7001  British Metal,28.00,0.1757
v1|117289907838|0,Airto  Moreira I’m fine now how are you Brazilian,12.99,0.1754
v1|158066763076|0,Torres - Sprinter LP - Partisan 2015 Near Mint.,15.00,0.1752
v1|188614057329|0,"HEAR👂Earl Father Hines The Father's Getaway Reminiscing At Blue Note 5 12"" 78",14.99,0.1751
v1|257611066440|0,"ELO  ""THE NIGHT THE LIGHTS WENT ON IN LONGBEACH""  WARNERS BROS 56 058     RARE",39.99,0.1751
v1|168522400553|0,Gene Autry Nobody's Darling But Mine / Don't Waste Your Tears On Me 1947 37001,2.70,0.1746
v1|407056008533|0,Rigor Mortis Demons Ep ,14.00,0.1746
v1|800307964014|0,"Rhythm & Blues    Z, Z.  Hill",3.59,0.1745
v1|278154809935|0,"TROUBLE FUNK - STILL SMOKIN' ISLAND GO-GO 12"" SHRINK",8.00,0.1744
v1|227421516365|0,"1974 Neil Diamond Serenade Columbia AL32919 vinyl, soft rock, Near Mint",7.95,0.1744
v1|168520773712|0,NATALIE COLE EVERLASTING 1246 Near Mint Vinyl Cover LP Record ,6.00,0.1744
v1|257611067504|0,ARISTA WORLD POP -VARIOUS ARTISTS COMPILATION -  VINYL LIKE NEW,8.99,0.1744
v1|307042542749|0,"NRBQ and Captain Lou Albano ""Lou And The Q"" 12 inch black vinyl record",15.00,0.1743
v1|327251892941|0,"Bananarama ""Wow!"" Vinyl LP Record, London Records, 828-061-1 R-1, 1987 Release",9.99,0.1743
v1|278165796944|0,"GEORGE SHEARING QUINTET - JAZZ CONCERT 1963 STEREO LP, VG++",2.99,0.1742
v1|298488951570|0,"1969-THE ELECTRIC INDIAN, "" KEEM - O- SABE / BROAD STREET "", 7"" UNITED ARTISTS",0.99,0.1741
v1|366528517712|0,"Chromatics Die!!! Monitr Bats 7"" Black Vinyl Single GSL 58 2002",50.00,0.1741
v1|318556812942|0,NRBQ NRBQ At Yankee Stadium Original Rare 1978 Mercury Records RnB Blues Rock Lp,3.99,0.1739
v1|318515861539|0,REO Speedwagon – Life As We Know It - US LP + OIS 1987,4.99,0.1739
v1|377326078566|0,ELLIOTT MURPHY Aquashow POLYDOR 1973 Folk Classic Rock VG+ VINYL LP Record USED,5.00,0.1738
v1|307047983451|0,"Ozzy Osbourne, Speak Of The Devil, 1982 2 LP Live Album. Jet Records , VG/VG+",70.00,0.1738
v1|318542893234|0,SKINNAY ENNIS-I DON'T WANT TO SET THE WORLD ON FIRE/DON'T LET JULIA-VICTOR 78RPM,4.55,0.1737
v1|236929064669|0,Italo Disco Greta Striller Linger On 12” Single,19.99,0.1735
v1|377326091269|0,ARMY BLUES JAZZ ENSEMBLE The Army Blues PERSHING'S OWN VG+ VINYL LP Record USED,6.55,0.1735
v1|407055576751|0,MEL TORME-FRANCES FAYE-A JAZZ VERSION OF PORGY & BESS-BETHLEHEM 6040-BETTY ROCHE,10.98,0.1735
v1|257611332637|0,Final Fantasy VI 6 SNES Vinyl Record LP VGM 3LP Square Enix Not Moonshake,125.00,0.1734
v1|227422550592|0,Trevor Powers Youth Lagoon Mulberry Violence VMP Splatter VINYL LP  LTD 500,14.99,0.1734
v1|336677709329|0,"Pentangle - Cruel Sister, 1971 Promo LP, Folk Rock, World, Folk.",8.00,0.1734
v1|178282762109|0,"Self Defense Family/Axis split 7"" OOP Touche Amore Thrice La Dispute Orange VG+",13.99,0.1732
v1|407055566038|0,HENRY MANCINI-THE BLUES AND THE BEAT-RCA VICTOR LSP 2147,10.98,0.1732
v1|398150828158|0,THE MOVING VIOLATIONS. YOU'D BETTER MOVE ON/SAME PROMO. SSS INTERNATIONAL 733,9.99,0.1731
v1|307047947162|0,LP - PRINCE - I WOULD DIE 4 U - 1984 Warner Bros. 920 297-0,25.00,0.1731
v1|800305416274|0,GEORGE HARRISON LP  Cloud Nine  1987 Dark Horse vinyl,8.00,0.1730
v1|267718258340|0,Joan Jett And The Blackhearts – Good Music LP - 1986 - EX/VG+,20.00,0.1730
v1|358768834325|0,Marillion Fugazi Vinyl Album 1984 EMI St-12331,44.95,0.1730
v1|336677524246|0,"1977 Ted Nugent Cat Scratch Fever Vinyl Record 12"" LP Epic PE 34700 Gatefold",7.99,0.1730
v1|236917444881|0,Italo Disco Medley It’s My Life Relax Somebody’s Watching Me Cover 12” Single,4.99,0.1727
v1|137492700848|0,ICON  S/T Vinyl LP,99.00,0.1727
v1|257611401379|0,FRANK ZAPPA - APOSTROPHE (‘) Original Press!  Discreet Vinyl LP,25.00,0.1726
v1|147423261462|0,Gershwin Con. in F Rhapsody in Blue Eugene List Hanson Orig Mercury Stereo RARE!,10.99,0.1726
v1|327252866981|0,"1987 Bobby ""Boris"" Pickett  Monster Mash / Monster Mash Party  Reissue",8.00,0.1726
v1|287446049577|0,"Carpenters ""A Song For You"" Record Vinyl 1972 LP Album (SP3511) Excellent ",6.00,0.1726
v1|188613227810|0,El Tri Simplemente Vinyl LP Original 1985 Mexican Press VG Media VG Cover,65.00,0.1726
v1|257612240960|0,CHAD & JEREMY - YESTERDAY'S GONE (original US World Artists label) MONO,1.00,0.1726
v1|127967096066|0,LISA MAY “The Curse Of Voodoo Ray “ (1996 EP) Juice Box UK V00X 1,4.25,0.1725
v1|287445961684|0,New Riders Of The Purple Sage 2 Vinyl LP’s Nice Copies Titles In Description,13.95,0.1724
v1|168522695983|0,L293 Tchaikovsky 1812 Overture Capriccio Kunzel Telarc DG-10041 Digital Stereo,29.99,0.1724
v1|318515851759|0,REO Speedwagon – Good Trouble - US LP + card OIS 1982,4.99,0.1722
v1|168521435772|0,"BILLY BLAND~""LET THE LITTLE GIRL""~Orig. 1960~FUNK~SOUL~R&B~7'' 45rpm~RARE~VG+",0.99,0.1721
v1|407058148328|0,Freddie Watson – Together Baby Е1170,45.00,0.1721
v1|336676986915|0,Woodstock 3LPS Record LP vinyl album First Pressing SD 3-500 Cotillion 1970,25.00,0.1720
v1|318512900971|0,Peter Frampton – I'm In You - US LP + card OIS 1977,4.99,0.1720
v1|206401428489|0,Pearl Jam Vitalogy vinyl record album 1994 Epic Records Alternative Rock Grunge,59.99,0.1720
v1|168521727069|0,"LOU ZERATO~""LOUIE- PART 1""~Orig. 1973-FUNK~SOUL~7'' 45rpm~45-2975~PROMO~M-",0.99,0.1719
v1|127964220931|0,IRON MAIDEN—NUMBER of the BEAST (1982) Original Pressing ST‑12202 w/Merch Insert,50.00,0.1717
v1|327251388287|0,Kool G Rap It's A Shame EAS 7162 Promo 1995 Cold Chillin Epic Street 33 1/3 RPM,4.66,0.1716
v1|117290161750|0,The Carpenters Close To You LP Burt Bacharach Very Good Original Release 1970,12.99,0.1715
v1|407056397530|0,Manzie Swaby & Ja-Man Allstars “King’s Dub” Reggae Dub Roots Manzie OG Vinyl ,20.00,0.1715
v1|358770479004|0,Taylor Swift Reputation Vinyl 2LP Picture Disc Unplayed,157.50,0.1714
v1|287447114006|0,"Hot! Live and Otherwise [Arista] [LP] by Dionne Warwick (Vinyl, Arista...",6.00,0.1714
v1|327252105827|0,"Tony Orlando & Dawn LP ""Skybird"" NM EX BX10",3.00,0.1714
v1|358767669561|0,Sonrise Quartet GOD PUT A RAINBOW IN THE CLOUDS NM VINYL  LP,30.00,0.1713
v1|267718219550|0,"J. Geils Band – ""Live"" Full House LP - 1972 - VG+/VG+",12.00,0.1713
v1|267718219550|0,"J. Geils Band – ""Live"" Full House LP - 1972 - VG+/VG+",12.00,0.1713
v1|358771530349|0,'Til Tuesday – Voices Carry (1985 US Promo Vinyl LP),20.00,0.1713
v1|158065196850|0,War – Why Can't We Be Friends Vinyl LP(52214),7.00,0.1713
v1|398159028917|0,"Winelight - Grover Washington, Jr. 6E-305 Elektra 1980 Jazz-Funk VG",8.00,0.1713
v1|168521487279|0,The Spirit of Atlanta The Burning of Atlanta Buddah Funk Vinyl Record 1973,12.22,0.1712
v1|398150294814|0,grass roots vinyl ..midnight Confessions,5.00,0.1710
v1|318556102010|0,Fludd - 1971 Warner Brothers Green Arrowhead Canadian Original - Saga - Goddo,20.00,0.1710
v1|257611484013|0,EMMYLOU HARRIS Elite Hotel REPRISE LP VG+VG+ l,7.89,0.1710
v1|398152764528|0,"Cecil Campbell's Tennessee Ramblers Rare 10"" 78rpm from 1950 NO BLUES FOR ME...",1.99,0.1709
v1|407056365954|0,Burning Spear “Garvey’s Ghost” Island Reggae Dub Sly & Robbie OG Vinyl,16.50,0.1709
v1|147424789653|0,The Romeros  Evening of Flamenco Original Mercury Stereo 1965 SUPERB SONICS!,12.99,0.1709
v1|127963806202|0,Stan Kenton - Lush Interludes 1959 Capitol Records 12' LP ,5.00,0.1707
v1|298488951355|0,"1969-VELVET CREST, "" GOTTA MAKE YOU MINE/ LOOKIN THRU THE EYES OF LOVE"",  GARAGE",0.99,0.1707
v1|358758419760|0,Falco- On The Run (Auf Der Flucht)/Maschine Brennt 1982 Promo A&M SP-12063 EX/EX,10.00,0.1706
v1|188616799656|0,Diamonds Are Forever OST Vinyl LP Album from 1971 in VG+ Condition,55.00,0.1706
v1|127962627457|0,SURF INSTRO -FOUR TEENS - COOL OFF - Counsel 115 - VG++,7.00,0.1706
v1|137483270563|0,Robyn Pope Always Robyn lp + Bonus CD,7.99,0.1705
v1|227422394526|0,Specs Powell Big Band Jazz LP Vinyl 33 RPM Strand Records SL 1027,1.99,0.1705
v1|358770429000|0,Taylor Swift Lover Vinyl 2LP Pink & Blue Unplayed (Slight Cosmetic Damage),20.00,0.1704
v1|318554948779|0,DUMPTRUCK LP...FOR THE COUNTRY  BIG TIME RECORDS  1987  PROMO   EX/VG+,6.95,0.1704
v1|318554948779|0,DUMPTRUCK LP...FOR THE COUNTRY  BIG TIME RECORDS  1987  PROMO   EX/VG+,6.95,0.1704
v1|198475547242|0,REGINA PISAREK - Badz Po Prostu Badz - Pronit 1478 - Polish Poland LP,12.00,0.1703
v1|407056632540|0,BETTY RYDELL - Self Titled LP Minnesota Private Press AUTOGRAPHED! Country,35.00,0.1702
v1|117295119943|0,"OBSCURE ACID ROCK,FRANK ZAPPA,LUMPY GRAVY-YELLOW LABEL PROMO COPY",249.99,0.1702
v1|307042565450|0,Ray Thomas 33RPM “From Mighty Oaks” 1975 70s Classic Rock 12” LP Vinyl Album,5.00,0.1701
v1|307048195255|0,Solomon Burke Proud Mary 1969 Bell Records Bell-6033 Muscle Shoals Soul VG/VG++,12.99,0.1701
v1|336676739058|0,"Pete Johnson, Pete’s Blues Record NRMT, Savoy Jazz Records",20.00,0.1700
v1|336677341145|0,Sviatoslav Richter Rachmaninoff Piano Concerto No. 2 6 Preludes DG NM/VG,5.00,0.1697
v1|318556894342|0,"Nelson Riddle Batman Mercury 1966 12"" Vinyl LP 33 RPM Stereo Original Cover",120.00,0.1694
v1|236917289570|0,Michael Card (Known by the Scars)LP CCM 1984,0.99,0.1693
v1|127962712267|0,MAUREEN McGOVERN-THE MORNING AFTER-ORIGINAL 1973 20TH CENTURY RECORDS  VINYL,1.60,0.1692
v1|188614144305|0,*PSYCHEDELIC ROCK* The Pasternak Progress *VINYL 45* Original Record *1967* Old,19.99,0.1692
v1|307049657190|0,Pink Floyd A Collection Of Great Dance Songs LP Vintage Vinyl Record 1981,25.00,0.1692
v1|137500016418|0,"Claudia Schmidt New Goodbyes, Old Helloes 1983 NM/NM Lyric sleeve",9.99,0.1692
v1|287447113968|0,Labelle Night birds 1974 Vinyl Lp Epic Record,7.00,0.1692
v1|800305236689|0,Ike & Tina “Live At Carnegie Hall” UA Records 2xLP Vinyl NM Cover EX 1971 ,11.99,0.1691
v1|287438220093|0,"Electric Light Orchestra ""Ole ELO"" 1976 Rock LP, VG, Vinyl, on United Artists",6.00,0.1691
v1|188521455611|0,Joan Jett - Bad Reputation - 1981 Boardwalk FW-37065 LP Vinyl Record,1.05,0.1691
v1|287447115485|0,BT Smart bomb plump DJs mix 2000 LP,8.00,0.1690
v1|327234995985|0,GLORIA ESTEFAN - CUTS BOTH WAYS - LATIN DANCE POP - (NM-) VINYL,5.99,0.1690
v1|358771562674|0,Teri DeSario – Moonlight Madness (1979 US Promo Vinyl LP),10.00,0.1690
v1|398150471495|0,ENYA – THE CELTS – LP 1992,35.00,0.1689
v1|127963613431|0,Dead End Hardcore Punk Vinyl,14.00,0.1689
v1|257610915526|0,BRENDA LEE  SWEET NOTHIN'S/WEEP NO MORE MY BABY DECCA 30967,5.99,0.1688
v1|236923918343|0,"Gale Force Gale Force 12"" Black Vinyl LP Fantasy 1972 Promo F-9527",5.25,0.1688
v1|236929055236|0,Italo Disco Promo! P. Lion Under The Moon 12” Single,9.99,0.1688
v1|257611068732|0,NILSSON - DUIT ON MON DEI -   NMINT IN SHRINK WRAP - LIKE NEW,15.99,0.1687
v1|188613347845|0,Elvis 1956-(1984 Mono Restore) AFM1-5199 50th Ann. Excellent Vinyl Glossy Cover,24.95,0.1687
v1|137492300608|0,1971 Shaft Soundtrack Isaac Hayes Record Album LP Gatefold Soul Funk Jazz,20.00,0.1686
v1|147422912753|0,"Shake Some Action by Flamin' Groovies (Record, 2022)",4.00,0.1686
v1|227401532349|0,Run-D.M.C. OG Press on Profile Old School Rap HARD TO FIND! VG!,11.00,0.1685
v1|178292413814|0,THE HAPPENINGS (Self titled)-See You In September-BT Puppy Records LP BTPS-1001,4.99,0.1685
v1|178291370846|0,"12"" RARE LP THE GOLDEN SECTION BY JOHN FOXX (1983) VIRGIN RECORDS V2233 German",18.25,0.1684
v1|298488528038|0,Razamanaz by the Scottish band Nazareth LP ~Vinyl-VG,1.00,0.1684
v1|287447114003|0,The Supremes - New Ways But Love Stays LP VG+ Motown 1970,5.00,0.1684
v1|227421291518|0,BLACK TASK s/t DAMNATION 1985 Heavy Metal LP VINYL Record ALBUM VG+ USED,59.04,0.1684
v1|158071211325|0,SUBLINE SELF TITLED LP 2008,30.00,0.1683
v1|168521692468|0,"THE IMPRESSIONS~""SAME THING IT TOOK""~Orig. 1975~FUNK~SOUL~7'' 45rpm~CMS 0106~M-",0.99,0.1683
v1|137493090990|0,Bread Manna 1971 Vintage Vinyl Die Cut Cover,15.00,0.1682
v1|278169814131|0,FIREFALL-CLASSIC YACHT ROCK-Self Titled Album-Shrink Wrap 1976  LP EX ATLANTIC,9.99,0.1682
v1|227421291477|0,"VOID Orcana Hellpass High Pleasure Remix UK Trance VINYL 12"" Record VG+ USED",5.00,0.1682
v1|137495523614|0,MELANIE FOLDOUT LP + INSERT ! FOLK POP L@@K !!,9.99,0.1681
v1|198483676498|0,Pete Jolly Trio Sweet September LP Ava Records - Klabin Collection,12.00,0.1681
v1|336677111418|0,RICHARD COCCIANTE - self-titled VINYL LP 20th Century T-504 (1976) ,1.00,0.1680
v1|198476982789|0,"Mary Stuart self titled Pop, Folk, vocal PROMO  in MINT condition  LP",6.00,0.1680
v1|137500069614|0,David Sanborn Close Up 1988 1st Press NM/NM,9.99,0.1678
v1|407058196127|0,FRED ASTAIRE - Fred Astaire Sings & Swings Irving Berlin   VG / VG   Jojo's,5.00,0.1677
v1|377319835521|0,EARL BOSTIC - BLOWS A FUSE CHARLY LP SHRINK UK IMPORT,12.00,0.1677
v1|318555015114|0,Pete Rock & Cl Smooth 12In Lots Of Lovin / It'S Not A Game On Elektra -Vinyl VG+,15.00,0.1674
v1|158071763502|0,Stiff Little Fingers 1981 Release 'Go For It' Vinyl Record -CHR 1339 Record Code,19.99,0.1674
v1|168522401279|0,The Turbans - Congratulations / Wadda-Do   1957 VG,2.65,0.1672
v1|158066779781|0,"GEORGES MOUSTAKI ,2 LPs, NM, Polydor Sucess 2 Disques.",10.00,0.1672
v1|137482046952|0,VILLAGE PEOPLE- GO WEST (LP),4.99,0.1671
v1|178292532323|0,AMY GRANT-AGE TO AGE-1982 VINYL LP-SUPER CLEAN-NICE CLEAN VINYL LP,25.00,0.1670
v1|178291295038|0,Divine Walk Like A Man UK Shaped Picture Disc 7”,51.00,0.1670
v1|147427826549|0,Do'a Ornament Of Hope 1979 NM/NM Inserts Philo PH 9000,9.99,0.1670
v1|267720398405|0,Ukrainian Festival Album Victor Pasowisty Lp Used,6.40,0.1669
v1|298488321737|0,"In the Lonely Hour by Smith, Sam (Record, 2014) black vinyl",10.00,0.1669
v1|318556418945|0,Miriam Makeba The World Of LP Album,4.99,0.1669
v1|227421389009|0,"EDDIE SANTIAGO ""New Wave Salsa"" 1989 (TH-RODVEN/TH2660/VENEZUELA) SALSA VG+/EX!!",60.00,0.1669
v1|198483163635|0,"APB - Something To Believe In - (1985) Scotish LP ""Shoot You Down""  VINYL",17.36,0.1669
v1|287446085399|0,Chuck Willis And His Band – It's Too Late / Kansas City Woman    ATLANTIC   1956,8.95,0.1668
v1|318556701528|0,Disney-Disneys Childrens Favorite Silly Songs LP (1988 Disneyland 2528) VG+/VG,4.00,0.1668
v1|307052484050|0,Manfred Mann - History Of British Pop Vol. 6 LP (EX/VG+) Holland import,5.00,0.1668
v1|137492273495|0,Troy Ramey & The Soul Searchers☆Great Change☆Vinyl LP☆1978 Nashboro Records ,13.99,0.1667
v1|168522400198|0,Buchanan & Goodman-The Flying Saucer (both sides)  1956 VG,2.65,0.1667
v1|168527356779|0,"GEORGE BENSON ""IN YOUR EYES"" (1983) JAZZ, FUNK-SOUL NM  Vintage Vinyl ",15.50,0.1667
v1|158064220112|0,Stanley Clarke - School Days Vinyl 1972 NM,10.00,0.1667
v1|318556242230|0,"1977 Ted Nugent Cat Scratch Fever Vinyl Record 12"" LP Epic JE 34700 VG",10.00,0.1667
v1|168514056741|0,"Salt of the Earth (Song of Praise) by Orchestre Super Moth (Single, 1988) World",1.99,0.1665
v1|147417594265|0,Pavarotti.Sut.Horne.Nat.Philar. Orch. London  Original UK pressing multi rec.set,18.99,0.1664
v1|236923963015|0,RAY CONNIFF HOLLYWOOD IN RHYTHM (VG+) CL-1310 6 EYE LP VINYL RECORD,10.00,0.1663
v1|168521122007|0,"Beverly Hills Cop Original Movie Soundtrack Vinyl, 12"" LP, 1984, Eddie Murphy",6.20,0.1662
v1|127963772365|0,Guns'n Roses Appetite for Destruction Vinyl 1987 Original Banned Cover GHS 24148,285.00,0.1661
v1|127966505019|0,Vintage Vinyl George Jones I Am What I Am ,5.53,0.1660
v1|327251985972|0,"Kid 'N' Play ‎– Gittin' Funky 1988 Hip-Hop Vinyl 12""",4.99,0.1660
v1|188616937749|0,MEGA RARE The Mighty Majors The Majors' Boogie Vinyl 45 from 1971  NM Condition,200.00,0.1658
v1|336686554495|0,"Lot of 55 Rare Vinyl 33 RPM 12"" Single Records VG++ w/ Soul Disco Funk D",14.99,0.1658
v1|168513867990|0,"RUSTY WARREN, Songs For Sinners, 12’’ Vinyl, Jubilee, Ex",11.99,0.1658
v1|147424506568|0,Like New America Silent Letter Vinyl LP Capitol Records SO-11950 1979,36.00,0.1657
v1|168521834184|0,THE STYLISTICS~FOOL OF THE YEAR~Orig. 1977~FUNK~SOUL~7'' 45rpm~HL-4695~PROMO~M-,0.99,0.1657
v1|227421281641|0,HERITAGE Living By The Air PLANT LIFE 1982 UK Folk VG+ VINYL LP Record USED,5.00,0.1657
v1|267720814603|0,"JIMI HENDRIX ""War Heroes"" LP Original 1972 Reprise RL Sterling Vinyl cleaned EX",15.00,0.1656
v1|198483676500|0,Jimmy Smith Organ Grinder Swing LP Verve Kenny Burrell Van Gelder,12.00,0.1654
v1|198483173567|0,"ALIEN SEX FIEND - ""IT"" THE ALBUM - w/POSTER - GRAM26 PLAGUE RECORDS 1986 VINYL",75.23,0.1654
v1|398150706406|0,BARBARA MANDRELL MOODS ABC RECORDS LP 136-77W,3.00,0.1653
v1|267720609810|0,The Young Rascals “Good Lovin'” - Vinyl LP 1966 - Atlantic Records SD 8123,1.95,0.1652
v1|267720760679|0,"SILVER CONVENTION: golden girls Midland International 12"" LP",0.99,0.1651
v1|358779814767|0,Rick Wakeman The Six Wives Of Henry The VIII Vinyl LP A&M 1973,1.99,0.1651
v1|800305582915|0,Michael Murphy Blue Sky Night Thunder Vinyl Japanese Press IANT TD-1588 Misprint,14.95,0.1651
v1|287447115486|0,KRS-One Heartbeat/A Friend Vinyl,12.00,0.1651
v1|127963096323|0,LEROY ANDERSON & HIS ORCHESTRA:The New Music Of Leroy Anderson DL74335 VG-/VG-,1.00,0.1650
v1|377326078573|0,ROY SMECK & PARADISE SERENADERS Melodies With Memories VG+ VINYL LP Record USED,5.00,0.1650
v1|158066562871|0,THE BIG BAND SOUND  - LP (22c),4.00,0.1648
v1|407056388065|0,Arthur Duke Reid “Treasure Dub” Vol. 2 Series Reggae Dub Roots OG Vinyl ,9.99,0.1648
v1|267718221242|0,Earl Grant – Ebb Tide And Other Instrumental Favorites LP - repress - EX/VG+,8.00,0.1648
v1|158066471662|0,PUMP BOYS AND DINETTES ON BROADWAY  - LP SNTK #4,4.00,0.1648
v1|318512957979|0,Missouri - s/t - US Southern Rock LP 1977,4.99,0.1647
v1|147417592023|0,"Rick Wakeman ""Rhapsodies"" A&M records 1979 1 st Holland pressing  AMLX 68508",3.33,0.1647
v1|318512884347|0,Linda Ronstadt – Prisoner In Disguise - US LP embossed Gatefold 1975,4.99,0.1647
v1|407057171145|0,Information Society - Whats on Your Mind ~ Record Made in US TB911 ~ Shrink Wrap,7.99,0.1647
v1|257611325225|0,S.O.D. speak english or die-viny-1985 Megaforce Records,36.00,0.1647
v1|307048517556|0,"The Moody Blues' album ""Days of Future Passed""  LP ~Vinyl-VG+",1.00,0.1644
v1|327252308123|0,Reddy Teddy  Reddy Teddy  Original Rare 1976 Spoonfed Power Pop Punk Rock Lp,5.99,0.1644
v1|307052484077|0,SKY-Sailor's Delight-1971-RCA LSP-4514/Doug Fieger/Knack,5.00,0.1643
v1|147423378276|0,"10,000 Maniacs in My Tribe Featuring “Peace Train” 1987 Original Pressing VG++",20.00,0.1643
v1|358768283707|0,Lowell Folsom Kent K 45x477 Rb Soul Blues Vg—,3.00,0.1641
v1|398150386430|0,bobby darin vinyl,5.00,0.1641
v1|278153705957|0,Stephen Stills - Manassas 2 LP Gatefold Set German Pressing VG,8.99,0.1640
v1|307042932706|0,"Barbara Ann Auer”Aerobic Dancing” Stereo Vinyl = VG:VG+ 12"" LP Record Fitness",2.50,0.1639
v1|227421510992|0,Alice Cooper From The Inside SIGNED and SEALED w/Hype Stickers,85.00,0.1639
v1|158070758646|0,Slappy White The First Negro Vice President Lp Brunswick Bl 754146 Vinyl,19.99,0.1639
v1|158054564381|0,Kreisler/Paganini String Quartets played by The Stuyvesant Quartet LP,23.00,0.1639
v1|178282769511|0,Young Einstein Aussie 1988 promo Vinyl Lp Mushroom Icehouse The Saints Big Pig,13.99,0.1638
v1|327251922733|0,Mussorgsky  THE MARRIAGE    WESTMINSTER  OPW 1202  2-lp  NM,14.90,0.1638
v1|398152124154|0,Delfonics - Tell Me This Is A Dream LP,2.50,0.1637
v1|158066471743|0,ON YOUR TOES ORIGINAL BROADWAY CAST   - LP SNTK #4,4.00,0.1637
v1|800304727168|0,Thangorodrim - Gil Estel LP White/black Mix Vinyl,30.00,0.1637
v1|168521451179|0,"CANDI STATON~""STAND BY YOUR MAN""~Orig. 1970~FUNK~SOUL~R&B~7'' 45rpm~FAME~VG+",0.99,0.1635
v1|227421475019|0,Tschaikowsky Violin Concerto  Louis Stevens   HALO 5058  NM- Fully Tested!,8.90,0.1635
v1|206394985673|0,Maureen McGovern ‎ State Of The Heart POP VOCAL FEMALE LP,7.00,0.1634
v1|127962906844|0,Jukebox 45 & Title Strip Sonny Curtis Good Ol Girls Cleaned Tested,2.49,0.1634
v1|137492004843|0,HARRY BELAFONTE “SINGS OF LOVE” LSP-3938 - album in near mint condition see pics,4.99,0.1633
v1|178291641905|0,Amon Amarth - Twilight Of The Thunder God Limited 2000 Pic Disc Death Metal,63.99,0.1633
v1|278156401830|0,DIANA ROSS -  RED HOT RHYTHM AND BLUES RCA MODERN SOUL LP SHRINK,8.00,0.1633
v1|227421291503|0,VA Work's Many Voices Vol II JOHN EDWARDS Rolk Rock VG+ VINYL LP Record USED,5.00,0.1633
v1|168522400541|0,Rusty Draper - Please Help Me I'm Falling / Mule Skinner Blues 1960 EX,2.65,0.1631
v1|336678289840|0,BILL COSBY IS A VERY FUNNY FELLOW RIGHT (VG+) W-1518 LP VINYL RECORD,7.99,0.1630
v1|358758630261|0,PIECES OF A DREAM - 'BOUT DAT TIME EMI LP SHRINK,8.00,0.1630
v1|377332066616|0,Biz Markie What Comes Around Goes Around Vinyl Promo Cold Chillin' Hip-Hop 0-21…,13.33,0.1628
v1|168513928555|0,"Simian Mobile Disco, clock ep, 12” Vinyl",11.25,0.1628
v1|398158528671|0,JOHN KAIZAN NEPTUNE / BAMBOO TEXTURES LP - Japan,4.00,0.1628
v1|307048597227|0,"Fleetwood Mac, Self Titled, 1975, Pitman Press, VG/VG+",12.00,0.1626
v1|236924932606|0,Coroner ~ Punishment For Decadence ~ LP ~ Vinyl ~ Death Thrash Metal ~ In Shrink,15.50,0.1625
v1|127962214395|0,"SPIRIT CARAVAN DREAM WHEEL 10"" VINYL Saint Vitus Wino Doom Rock ",48.00,0.1625
v1|336677737470|0,"RUSH The Body Electric Red Vinyl Record Album Limited Edition 10"" Import 1984 NM",30.00,0.1624
v1|257611236066|0,"Mentors ""Live At Whisky-A-Go-Go” LP orig 1983 Mystic Records ",35.00,0.1624
v1|307042888031|0,"Dynamic Sound “Can’t Stop Dancing” (2)Vinyls=VG:VG+ 12"" LP Record Rock,Funk/Soul",3.00,0.1623
v1|137500019947|0,"1987 Sisley Ferré ‎– Give Me Your Love 12"" Vinyl Record",15.00,0.1622
v1|127966977768|0,ORIG '71 John Lennon Imagine Apple LP 3379 GLOSSY COV W/ORIG. POSTER & SLEEVE M-,29.99,0.1620
v1|307049948918|0,Top of The Pops - Volume 20 - SHM 755- Vinyl LP Cheesecake Record Tested EX/VG+,6.99,0.1619
v1|168521240834|0,DJ COLLECTION 1978 BEARSVILLE RECORDS NORMA JEAN SORCERER VINYL PROMO NM+ 06565D,35.00,0.1618
v1|366528489266|0,The Osmonds Phase-III Phase 3 1ST PRESSING W/POSTER LP Vinyl,220.00,0.1614
v1|366529000666|0,"Les Cooper & The Soulrockers 45 ""Bossa Nova Dance / Garbage Can"" AU2",0.99,0.1614
v1|298496302726|0,The Sex Pistols Vinyl - Never mind The Bollocks  1977 US FIRST PRINT BSK 3147,100.00,0.1613
v1|137499988491|0,"Rory Block Rhinestones & Steel Strings 1983 NM Vinyl ""MASTERDISK""",8.99,0.1611
v1|358769453951|0,Autographed! Jody Reynolds LP Endless Sleep UK Import 1988 Rock n Roll Magnum.,15.00,0.1611
v1|158063958122|0,Cher Half-Breed Vinyl LP 1973,5.98,0.1611
v1|168521392929|0,"THE GAP BAND~""BURN RUBBER""~Orig. 1980~FUNK~SOUL~DISCO~7'' 45rpm~76091~VG+",0.99,0.1611
v1|257610739576|0,David Arkenstone Valley In The Clouds LP Album Vinyl New Age World Music Promo,13.99,0.1610
v1|336672015873|0,BEACH BOYS CONCERT Capitol Re-issue Lp G- Cover Ex Hot Rod Surf Rock Chuck Berry,5.00,0.1610
v1|358776647824|0,The Page Boys - Peter Gunn/Barricuda - Hamilton 45 VG++ SURF/TITTYSHAKER 1959,99.98,0.1609
v1|287443309452|0,DAVID BOWIE ALADDIN SANE LP VERY RARE '80 INDIANAPOLIS AYL1-3890 RCA BLACK LABEL,12.72,0.1608
v1|358768775601|0,"LADIES JAZZ VINYL: Peggy Lee, Carmen McRae, Sarah Vaughan",8.50,0.1608
v1|158064009634|0,"Jazz Jam Session by Lockjaw Davis, Parker, Gillespie,Hawkins Vinyl Record #933",4.00,0.1608
v1|188623696596|0,"TECHNO RAVE:  2X12”  EON-The Spice Must Flow;  ALTERN8-Everybody, Low Plays VGC+",23.00,0.1608
v1|307047704205|0,"Son Seals, Live And Burning, 1978 Alligator Records, Chicago Blues, VG",7.00,0.1607
v1|298488951315|0,"1989- SHOCKY SHAY, "" PASS THE SALT"" , 12"" OPHEUS RECORD  SINGLE,  HIP HOP",0.99,0.1607
v1|198483451951|0,Le Roi Jones LP United Black Associations University of Cincinnati 1968 Speech,9.00,0.1607
v1|158064219908|0,Bronco Country Home vinyl Lp  NEAR MINT,10.00,0.1606
v1|366528923936|0,Formula 30-Var. Artists 2LP Vinyl set 1983 PRO LP4 UK,4.44,0.1603
v1|318556814300|0,Commander Cody  Let's Rock  Rare 1986 Blind Pig Blues Country Rock Rockabilly Lp,2.99,0.1602
v1|278170850157|0,ZUBIN MEHTA-STRAVINSKY -petrushka-CBS Masterworks LP New York Philharmonic Vinyl,7.88,0.1602
v1|117290180923|0,"Walter Coon & his Joy Boys (as ""Uncle George Green"") - Champion 15828, hillbilly",49.99,0.1601
v1|307048763953|0,Don Randi And The Baked Potato Band    EX  In Shrink,10.00,0.1601
v1|188613998106|0,"DIANA KING on LP  single ""SHY GUY "" hip hop electronic funk soul",9.99,0.1600
v1|168521154083|0,Phil Flowers & The Flower Shop Like A Rolling Stone 7 Inch Test Pressing 1969,50.00,0.1600
v1|366528483584|0,The Doobie Brothers One Step Closer 1ST PRESSING W/KENDUN ETCHING LP Vinyl,240.00,0.1600
v1|147422736907|0,NEW WORLD SYMPHONY - Wonder Woman/Same - VG+,4.00,0.1599
v1|257611068421|0,NILSSON - SANDMAN-   NMINT IN SHRINK WRAP - LIKE NEW,16.99,0.1599
v1|147424506563|0,Poco Blue & Gray Stereo Vinyl LP  Like New,40.00,0.1598
v1|117294144084|0,MARIA CALLAS Highlights From Medea MERCURY LP SR 90233 NM CTFR1 Scala,3.99,0.1596
v1|366528493639|0,Billy Joel 52nd Street 1ST PRESSING W/ETCHING Vinyl,340.00,0.1595
v1|178292352025|0,"CURIOUS GEORGE FEATURING  LEON COLEN-SING ALONG WITH ME NOW-1996 VINYL 12"" SINGL",19.99,0.1594
v1|137492023245|0,Harry Belafonte “In My Quiet Room” LSP 3571 Mono Dynagroove Album Near Mint 1963,4.99,0.1593
v1|327252190719|0,"Jan & Dean 45 ""Drag City / Schlock Rod Part 1"" AU2",0.99,0.1592
v1|236917142021|0,"BUDDY HOLLY - Coral Records 9-61947 - ""Listen To Me"" & ""I'm Gonna Love You Too""",3.99,0.1592
v1|287451701963|0,Gil Evans ‎– Live At The Public Theater Vol. 1 (New York 1980) LP VG++,8.00,0.1592
v1|278163604973|0,"The Captain & Tennille Love, Will Keep Us Together, A&M Records, LP Good",8.99,0.1591
v1|198482657342|0,VINTAGE-KINGS OF DIXIELAND VOLUME TWO LP NM CROWN CST-162 1959,5.00,0.1590
v1|298494569236|0,Flowerovlove A Girl Like Me 7 Inch Pink Flower Picture Disc Vinyl,31.00,0.1590
v1|366522667417|0,Strip Tease And Other Delights CXS286 Coronet Records 1967,3.00,0.1589
v1|178292839728|0,"Diplomat LP Record, Enzo Stuarti,The Worlds Great Arias,  VG",1.50,0.1589
v1|358768852014|0,"George Bennett Plays the Preludes of Messiaen, Fantasy Pieces of Del Tradici LP",3.00,0.1589
v1|298488083709|0,The Monkees - The Monkees - Self Titled - MONO Colgems COM-101 1966 Vinyl,1.00,0.1588
v1|147427803973|0,THE HIGHWAYMEN Encore! 1962 Original EX+/NM,9.99,0.1588
v1|137492284265|0,"Oak Ridge Boys - Fancy Free - Vinyl Lp Record, Gatefold Cover ",4.00,0.1587
v1|168521433466|0,Dirty Band Jealousy  81 Vinyl Record Lp,4.75,0.1587
v1|257612233441|0,THE CATS - HARD TO BE FRIENDS (original Dutch EMI label),9.50,0.1587
v1|227421577858|0,"Pretenders - Back On the Chain Gang 12"" Single ARE19T Vinyl 1982 UK Import EX!",10.00,0.1586
v1|257611066999|0,MONKEES - MORE OF THE MONKEES - MONO CANADIAN RCA COPY,9.99,0.1585
v1|117294582906|0,The Jimi Hendrix Concerts Original Vinyl 2 LPs 1982 EX+ Like New ,40.00,0.1585
v1|147423054034|0,Captain Kangaroo - Treasure House Vinyl Lp Record.,0.99,0.1584
v1|236923342312|0,"CHICAGO ""Self-Titled"" Vinyl 2LP KGP 24 (1970) Columbia W/ Original Poster",4.99,0.1584
v1|336678426650|0,LP  CONJUNTO CLASICO Las Puertas Abiertas Canta Tito Nieves LO MEJOR LBL OG M-,19.99,0.1583
v1|158066447989|0,STEREO REVIEWS - STEREO TEST  RECORD - LPa,5.00,0.1583
v1|407056037950|0,"Venom ""Canadian Assault"" CAN Banzai Records 1985 Speed Metal Vinyl Mini LP",17.50,0.1583
v1|117288157483|0,"CLASH Sandinista Now! 12-track promo sampler LP 1980 U.S. Epic, near mint vinyl",38.98,0.1582
v1|267720796644|0,"Eric Carmen Self Titled Vinyl, LP 1975 Arista ‎– AL 4057  EX/EX/EX",7.99,0.1580
v1|147422656889|0,BEACH BOYS - Good Vibrations/Let’s Go Away For Awhile - VG,5.00,0.1580
v1|117289791449|0,IKON LIASONS DANEREREUSES LIVE HACIENDA CLUB VINYL  MINT!,19.99,0.1580
v1|198483171529|0,"Gardening By Moonlight - Strange News (1983) GOTH (Vinyl 12"") (12MPE2, 12 MPE 2)",16.11,0.1580
v1|358771989492|0,Pierre Moerlen's Gong Live Vinyl Lp 1980 Arista Excellent Condition OOP,18.95,0.1579
v1|398151848212|0,"THE POLICE, ""GHOST IN THE MACHINE""",4.50,0.1577
v1|366528960030|0,"Lobo LP ""Of A Simple Man"" VG++ VG+ BX5",3.00,0.1576
v1|147424506501|0,The Youngbloods Get Together Stereo Vinyl LP 1069 LSP-3724 Like New,40.00,0.1576
v1|407056068545|0,BBC Radiophonic Workshop Fourth Dimension Reissue LP Vinyl Record - VG CONDITION,9.99,0.1575
v1|800304353481|0,Eric Clapton Rainbow Concert LP 1973 RSO Records SO 877 Gatefold,15.00,0.1575
v1|278163132529|0,"STANDING UP TO SORROW  CHEESECAKE COVER, Toshiba Tp-7357",19.99,0.1575
v1|278170810680|0,Obscure 4 LP Rock Lot Norton Buffalo Nicholas Tremulis John Hunter Jimmy Mack,6.88,0.1573
v1|398152048033|0,"THE BANANA SPLITS, ""WE'RE THE BANANA SPLITS""",75.00,0.1572
v1|307042296632|0,"Air Supply “Love And Other Bruises” Stereo Vinyl = VG+ 12"" LP Record Rock, Pop",5.00,0.1572
v1|257611067964|0,M - THE OFFICIAL SECRETS ACT -  NM+ CONDITION - PROMO COPY,14.99,0.1572
v1|358771087852|0,Yvonne Elliman – “Self Titled” (1979) – Dual Marked Promo,25.00,0.1571
v1|307048218954|0,"Ozzy Osbourne, Diary Of A Mad Man, 1981 Carrollton Press, With OG Sleeve VG/VG",20.00,0.1571
v1|168522645272|0,1983 Beatles Picture Disc Single Please Please Me and Ask Me Why  MINT,35.00,0.1571
v1|800305360545|0,Peter Frampton 'I'm In You' Japanese Import,12.99,0.1570
v1|366528280848|0,"Vtg Brittten Peter Grimes Jon Vickers Classical Musical Vinyl Record LP 12""",20.00,0.1570
v1|147417594458|0,"Mario Del Monaco"" Operatic Recital number Three""London ffrr original UK pressing",3.99,0.1570
v1|267720677799|0,"Mikaeli Kammarkor / Sjunger Sakralt ""Kor"" audiophile LP  VG+ import on Proprius",12.00,0.1570
v1|168522400765|0,Sheb Wooley - The Purple People Eater /  I Can't Believe You're Mine  1958 VG+,2.65,0.1569
v1|158066377080|0,Assorted Vinyl Records - 26 Total ,13.00,0.1567
v1|366532694994|0,"Patti LaBelle – Feels Like Another One 12"" Single 1991",2.00,0.1567
v1|198476315185|0,The Who- Meaty Beaty Big and Bouncy Decca DL79184 VG+/VG+ gatefold misprint 1971,31.50,0.1566
v1|298488951238|0,"1989-MICA PARIS, 12"" SINGLE,  "" BREATH LIFE INTO ME "", ISLAND RECORDS, SOUL",0.99,0.1566
v1|227424203198|0,THE INCREDIBLE SHRINKING DICKIES 1979 YELLOW VINYL LP Los Angeles Pop Punk Band,10.00,0.1566
v1|127963599837|0,CHET ATKINS In  3 Dimensions 1961 	RCA Victor LPM-1197 Mono original LP,2.86,0.1565
v1|800304477350|0,"Vintage 1968 JOHN MAYALL Vinyl LP Record Album ~ ""The Blues Alone"" ~ No Reserve",5.00,0.1565
v1|318515461743|0,Stevie Wonder – In Square Circle - Japan Import LP + Insert Gatefold 1985,4.99,0.1564
v1|358768381852|0,The Beatles Let It Be Vinyl LP Record,16.00,0.1564
v1|287446043374|0,"Extremely rare 1920's Nortre Dame on Victor records ""Victory March"" 10"" record.",25.00,0.1563
v1|318554763146|0,"Bachman Turner Overdrive (BTO) - Head On - Vinyl (1975, SRM-1-1067)",2.00,0.1563
v1|377328330400|0,"DAVE DEE, DOZY, BEAKY, MICK & TICH LP If Music Be the Food of Love UK",20.00,0.1563
v1|407056593956|0,"Bad Company ""10 From 6"" Vinyl LP RE Compilation Rock/Classic Rock Atlantic NM",4.99,0.1563
v1|287445128626|0,Reader's Digest Music of Faith & Inspiration Vinyl LP Stereo RDS-41 Religious,10.00,0.1562
v1|198483173106|0,400 blows - Groove Jumping / Strange Ways Revisited vinyl - Illuminated REC,15.22,0.1562
v1|137492473238|0,"Bryan Adams Promo, Summer Of 69",8.00,0.1562
v1|178292577359|0,"Camden LP Record, Stuart Hamblen, In The Garden, VG ",1.50,0.1561
v1|158054564383|0,Radio Nederland Transcription Program 8323 Maurice Ravel World Premiere 1983 LP,90.00,0.1560
v1|398150714822|0,WAYNE MCGINNIS. ROCK ROLL AND RHYTHM/LONESOME RHYTHM BLUES METEOR ROCKABILLY,199.99,0.1558
v1|800304838896|0,To Kill A Mockingbird -Elmer Bernstein-Royal Philharmonic-exc In Orig Shrink,4.50,0.1557
v1|227401532357|0,Ambrose Slade Ballzy RARE Blues Rock WHITE LABEL PROMO COPY NICE COPY! NM!,41.00,0.1557
v1|366528887156|0,"Tim Weisberg LP ""Dreamspeaker"" NM w/ Orig Inner BX10",3.00,0.1555
v1|188614613469|0,Linda Ronstadt Simple Dreams Vinyl LP 6E-104 PRC Richmond Pressing Gatefold Nice,2.98,0.1555
v1|287445823479|0,RANCID The Warfield 2006 San Francisco Ticket Stub Floor Ticket Punk Rock Altern,25.00,0.1554
v1|298488951473|0,"1969- MOTHER EARTH, ""MAKE A JOYFUL NOISE"", 12"" MERCURY RECORD, ROCK, BLUES ROCK",0.99,0.1554
v1|278163216125|0,Rolling Stones Undercover LP 1983 US Allied Pressing 90120-1 NM Vinyl,19.99,0.1554
v1|800304428258|0,Danny Tenaglia Elements Twisted America 2x Black Vinyl Record Set Electronic,17.20,0.1552
v1|158063811462|0,"NIRVANA LIVE AT THE PIER 48 SEATTLE 1993 12"" VINYL SIGILLATO LP",14.99,0.1550
v1|307048606073|0,Belle Stars 45RPM “Sign Of The Times” 1982 80s New Wave Dance Pop 7” UK Vinyl PS,3.50,0.1550
v1|307048317437|0,Luciano Pavarotti- Bravo Pavarotti PAV-2001-2 1978 Vinyl 12'' Vintage,3.67,0.1549
v1|307048317437|0,Luciano Pavarotti- Bravo Pavarotti PAV-2001-2 1978 Vinyl 12'' Vintage,3.67,0.1549
v1|358758630649|0,JOSE GRECO - FLAMENCO FURY MGM MONO LP,9.99,0.1548
v1|137499945804|0,DICKEY BETTS & GREAT SOUTHERN S/T Debut 1977 NM/NM STERLING Shrink,19.99,0.1548
v1|168527356784|0,"1981 Air Supply ""The One That You Love"" LP - ARISTA Vinyl Album",15.50,0.1547
v1|168522400978|0,Mike Pedicin Quintet – Shake A Hand / The Dickie-Doo  1957 VG+,2.65,0.1546
v1|336677402762|0,"JIVE BUNNY ""Swing the Mood"" 12"" EP M/NM (Atco 0-96512, 1989)",6.95,0.1546
v1|318512941299|0,Fools Gold – Mr. Lucky - US Country Rock/AOR LP 1977,4.99,0.1546
v1|178293761543|0,Blunts L.L.A. If U Gon' Roll Vinyl Record Promo Ruthless Records Rap Black,7.00,0.1546
v1|127963280734|0,Angel City No Secrets Epic WLP Promo 45 VG+,2.99,0.1545
v1|307043031233|0,"Federal Bros. “Fed Up” Vinyl = NM(SS) 12"" LP Record 1985 Rock",4.50,0.1545
v1|227422453608|0,Robert Alda Romance Of Rome Pop Vinyl LP 33 RPM Hi-Fidelity Tops L1589,9.00,0.1544
v1|318555645572|0,"Current 93 Imperium 12"" Black Vinyl LP Record Signed Cover World Serpent",100.00,0.1544
v1|147427872588|0,"Crosby, Stills, Nash & Young American Dream 1988 1st Press NM/NM Lyric sleeve",12.99,0.1544
v1|227421400367|0,motley crue shout at the devil Vinyl,75.00,0.1542
v1|147424506420|0,The Byrds Preflyte Stereo Vinyl LP KC 32183 Like New Open But Never Played,40.00,0.1542
v1|800304411979|0,Mnima - Disciples Of Excremental Liturgies LP,30.00,0.1541
v1|358768390490|0,Vanilla Fudge-“Renaissance” Vinyl LP VG Atco Records 1968 OG,6.00,0.1541
v1|278170802503|0,Baden Powell LP Fresh Winds Paul Mauriat LP Vinyl Record Gatefold Original,3.99,0.1540
v1|267720418025|0,Polish Dances Polkas Matka Album LP Used,6.00,0.1540
v1|318542288494|0,1975 Beach Boys Spirit of America Gatefold Vinyl LP,4.00,0.1540
v1|206402491361|0,"Wreckless Eric Vinyl 12"" Double LP Big Smash and 10""  ep Punk Lot Stiff Records",22.22,0.1537
v1|198482792875|0,VINTAGE Instrumental Stereophonic Adventure In Sound ALPS 54,5.00,0.1537
v1|198481294045|0,LESLEY GORE LOVE ME BY NAME LP NM NEAR MINT US A&M PROMO VINYL POP ROCK 1976,9.98,0.1537
v1|168521496529|0,Lowell Varney Albert Parsley five string rock don’t leave Nashville Records VG+,11.11,0.1537
v1|287446085054|0,The Revels  – Midnight Stroll / Talking To My Heart   on  NORGOLDE    1959,8.95,0.1536
v1|158066448365|0,STEREO REVIEW - BINAURAL  DEMOSTRATION RECORD - LP,5.00,0.1536
v1|178291570634|0,Heatwave - Central Heating - 1978 Promo Vinyl LP - White Label Epic 35260,10.00,0.1535
v1|257611070950|0,ALAN WHITE - RAMSHACKED -  MINT PROMO COPY- STILL IN SHRINK WRAP,14.99,0.1535
v1|358768244329|0,Simon and Garfunkel Sounds of Silence LP Record,15.00,0.1534
v1|287450272841|0,Martin Denny - Exotica (1957) - Great Mono LP Record! Liberty #LRP 3034   ,10.00,0.1534
v1|318515278503|0,Simon & Garfunkel – Bookends - US LP + POSTER 1968,4.99,0.1534
v1|267720796638|0,BOLA SETE jungle suite solo guitar 1985 (USA) BRAZIL NM,10.00,0.1534
v1|366528950244|0,"Marlene Dietrich LP ""The Great Dietrich Sings In German"" EX VG++ BX10",2.00,0.1533
v1|307048510918|0,"Jody Watley 33RPM ""Looking For A New Love"" 1987 80s Dance R&B Neo-Soul 7"" PS",3.00,0.1533
v1|168522451449|0,Neil Young Time Fades Away 1973 Vinyl LP Original Press Reprise MS-2151 VG,9.99,0.1533
v1|287445988349|0,AC/DC For Those About To Rock 1981 Vinyl LP Atlantic SD 11111,9.25,0.1532
v1|358767465849|0,"Stevie Nicks Bella Donna LP Vinyl Rock 1981 Modern Records 12"" 33 RPM Stereo",12.00,0.1532
v1|327246933015|0,A Very Special Christmas~Keith Haring Art~1987~Shrink~Vinyl LP~Hype Sticker NM,100.00,0.1532
v1|287445359492|0,Michael Wendroff - Southpaw - New 1974 LP Record! Buddah BDS-5609,5.00,0.1532
v1|168522400783|0,The Dream Weavers - Why I Chose You / Give Us This Day 1956 EX,2.65,0.1531
v1|358758419313|0,Tony Bennett - I Left My Heart In San Francisco - STEREO - CS 8669 - VG+/VG+,10.00,0.1531
v1|188612761438|0,"Misha Gulko  ""Burned Bridges"" Russian Emigrant LP Shufutinsky Produced 1984 ",170.00,0.1531
v1|137499963866|0,STANLEY CLARKE Let Me Know You 1982 NM/NM- Epic FE 38086,12.99,0.1531
v1|236923792270|0,"The Crusaders Free As The Wind ABC Records 12"" Vinyl LP 33RPM BT 6022",3.20,0.1530
v1|267720949293|0,Harry Belafonte - Belafonte at Carnegie Hall - Original 2-LP Vinyl Record Set,20.00,0.1530
v1|377326078488|0,JEFFERSON STARSHIP Dragon Fly QUADRAPHONIC 1974 VG+ VINYL LP Record USED,8.09,0.1529
v1|236923696151|0,"Buddy Morrow - Shall We Dance... Mercury 12"" Vinyl LP 33RPM MG 20042",1.75,0.1528
v1|287445834808|0,"Neil Diamond Beautiful Noise Columbia PC 33965 1976 12"" Black Vinyl LP Stereo",12.99,0.1528
v1|287445652490|0,The Beatles White Album LP 1968 Apple Capitol Hybrid Labels 4 Errors Numbered,13.50,0.1528
v1|366528711503|0,"The Partisans 17 Years of Hell 7"" Black Vinyl EP 45RPM No Future Oi12 1982",25.00,0.1528
v1|377326078552|0,ROGER KELLAWAY Cello Quartet AUTOGRAPH Test Press VG VINYL LP Record USED,5.00,0.1527
v1|188612407022|0,Across Canada With Stoltz Bros Vinyl Record Quad Autograph,5.00,0.1526
v1|127963080654|0,Isley Jasper Isley Broadway's Closer to Sunset Blvd. Vinyl LP Record 1984 Pop,5.99,0.1525
v1|377326078505|0,GEORGE WHITSELL Wanted RAIL 1984 AOR New Wave Rock VG+ VINYL LP Record USED,8.09,0.1524
v1|267720797830|0,Billy Mitchell: Blue City Jam LP,3.99,0.1523
v1|366528870290|0,"Cleo Laine 2xLP ""Spotlight On Cleo Laine"" NM EX  BX10",3.00,0.1523
v1|318555209389|0," Argento ""Disco Geiger"" Promo 12-inch Vinyl Record LP",10.00,0.1522
v1|227421329821|0,"A Century Of American Music, Vincent Lopez, 4 Album Box Set, 1960",6.00,0.1519
v1|307049092010|0,Glenn Yarbrough - The Lonely Things LP Vinyl  1966 RCA Victor  LPM-3539  Mono,2.40,0.1518
v1|287445692793|0,1952 “A MOTHER GOOSE PERSONAL BIRTHDAY RECORD”,5.00,0.1518
v1|198475266914|0,Alcatrazz ‎– Disturbing The Peace Heavy Metal German pressing Vinyl Lp,20.00,0.1517
v1|227422369290|0,"SNOOP DOGG: UPS & DOWNS b/w BANG OUT VINYL 12"" SINGLE ",4.50,0.1515
v1|298493873110|0,"Rush ‎– The Body Electric (Mercury 12"" Promo) 1984",5.28,0.1515
v1|188623550179|0,THE WHO - Live At Leeds LP OG US Decca Records DL-79175/ 11 inserts EX / VG+,35.00,0.1515
v1|188623550179|0,THE WHO - Live At Leeds LP OG US Decca Records DL-79175/ 11 inserts EX / VG+,35.00,0.1515
v1|127962615320|0,"KALEIDOSCOPE - ANDRE KOSTELANETZ and HIS ORCHESTRA 1968 Columbia 12"" Vinyl LP ",1.00,0.1514
v1|117295104745|0,"THE FIVE SATINS SING,ORIGINAL AMERICAN PRESS",69.99,0.1513
v1|800305374253|0,"Third Man Records TMR 211, The White Stripes Nine Miles From White City 2LP & 45",99.95,0.1513
v1|398152845656|0,"The ROLLING STONES - GOATS HEAD SOUP, LP, 1973, Presswell Pressing COC 59101",210.00,0.1511
v1|358770692300|0,BALLET PARISIEN-Delibes-Gounod-Rossini-SERAPHIM #S 60284 (Near Mint),4.00,0.1510
v1|147427851850|0,CORKY LAING Makin' It On The Street 1977 NM/NM PROMO Lyric Sleeve,9.99,0.1510
v1|168521078967|0,Rail 4 Song EP  Vinyl,4.92,0.1509
v1|278163643961|0,"Bruce Spingsteen Born To Run Vinyl LP, PC33795 ",4.99,0.1509
v1|168520683114|0,"Gwen Guthrie Ain't Nothin Goin On But The Rent 12"" Single VG Ultrasonic Clean",4.99,0.1508
v1|278156401588|0,GIBSON BROTHERS - CUBA ISLAND LP,15.00,0.1507
v1|358755572195|0,THE HEARTBEATS - A THOUSAND MILES AWAY ROULETTE 45 ,8.00,0.1507
v1|127963171428|0,"Boz Scaggs ""Slow Dancer"" 1974 Vinyl LP",4.00,0.1505
v1|287447545374|0,Eddie Boy Band -Self Titled Vinyl Mercury 1975,0.99,0.1505
v1|398151062951|0,The Golden Eagles. Throw Out A Lifeline. 1953 Federal Records 12116. Spiritual,9.00,0.1505
v1|358777705285|0,Classics IV Dennis Yost Oldies But Goodies Vol 4 The Equals LP Vinyl,8.99,0.1505
v1|127966947253|0,Gerry & The Pacemakers Don't Let The Sun Catch You Crying Stereo In Shrink MINT-,14.99,0.1504
v1|236935816004|0,"Lot of 36 Rare Vinyl 33 RPM 12"" Single Records VG++ w/ Soul Disco Funk A",9.99,0.1504
v1|336686553471|0,"Lot of 36 Rare Vinyl 33 RPM 12"" Single Records VG++ w/ Soul Disco Funk C",9.99,0.1504
v1|236935817355|0,"Lot of 36 Rare Vinyl 33 RPM 12"" Single Records VG++ w/ Soul Disco Funk B",9.99,0.1504
v1|147424506527|0,Laurel & Hardy Original Motion Picture Soundtracks Vinyl LP Like New,20.00,0.1502
v1|318556489694|0,Snoop Dogg. Vinyl Record Promo Lot. Those Gurlz. Life Of Da Party. VG.,10.00,0.1502
v1|236924016841|0,Crow- On The Run LP 1981 on Peak Records M-/M- Orig inner sleeve. Scarce.,39.99,0.1501
v1|327252157731|0,"Judy Collins LP ""Whales And Nightingales"" VG++ w/ Original Inner BX5",3.00,0.1501
v1|236928492069|0,Italo Disco Paul Manners Enchante 12” Single,9.99,0.1501
v1|127963090431|0,Bette Midler 1973 Self-Titled Vinyl LP ,1.00,0.1500
v1|366528806958|0,ATLANTA RHYTHM SECTION Champagne Jam WHITE LABEL PROMO 1978 POLYDOR Promotional,20.00,0.1500
v1|366528800080|0,1978 RCA DOLLY PARTON PINK VINYL,25.00,0.1499
v1|298488861255|0,"MIC HOLWIN, "" STARTING TO REMEMBER "", 12"" LIFE STYLE RECORD , NEW AGE , NEW WAVE",0.99,0.1498
v1|198483541845|0,George Jones and Tammy Wynette Encore 1982 Vinyl LP CBS Inc. Compilation Vinyl,9.99,0.1498
v1|147427814283|0,"Phantom, Rocker And Slick S/T Self Titled Debut 1985 NM/NM Lyric Sleeve",12.99,0.1497
v1|117295122954|0,NORTHERN SOUL RARITY-THE VANDYKES-TELLIN'IT LIKE IT IS,39.99,0.1497
v1|127966464345|0,"BLOOMFIELD KOOPER & STILLS, Super Session LP, 1968 Columbia Santa Maria Press VG",5.75,0.1496
v1|298488951297|0,"1968-THE FIREBALLS, ""WOMAN, HELP ME/ COME ON, REACT "", ROCKAND ROLL",0.99,0.1495
v1|227422087013|0,"David Banner ""Cadillac on 22's"" Vinyl Single 2003 Universal ",3.00,0.1494
v1|227421019853|0,Led Zeppelin IV - ZOSO - Vinyl LP 1971 Atlantic SD 19129  ,10.00,0.1494
v1|800308002042|0,The Hunting Of The Snark / The Pied Piper by BORIS KARLOFF 1957 -Wing- USA,10.00,0.1494
v1|117295122362|0,"EARTH WIND AND FIRE,THE THE NEED OF LOVE",39.98,0.1493
v1|407057747801|0,Nina & Mike Paloma Blanca Vinyl Record Single mabla 16 080 AT Stereo German,0.99,0.1492
v1|358769274779|0,The Surfaris Wipe Out And Surfer Joe Album Released In 1978 Very Good Condition,10.00,0.1491
v1|318555829850|0,"JOHN TRAVOLTA MOVIE SOUNDTRACKS vinyl lot GREASE, URBAN COWBOY used VG",19.99,0.1490
v1|178291637780|0,The Fugs Fugs II LP (Italian reissue),20.00,0.1490
v1|178281956892|0,"Young Lovers - Hit Songs from Barbarella Vinyl LP Record [Jazz, Pop]",9.99,0.1489
v1|287445479808|0,The Stripper ... Music To Strip By Burlesque The Boston Baked Beans - LP,2.29,0.1489
v1|257610843419|0,"U2 Desire Hallelujah (Here She Comes) 12"" 1988 ISLAND 96600 - Record Is NM !",6.78,0.1488
v1|377319835538|0,STANLEY CLARKE - HIDEWAY EPIC LP,8.00,0.1486
v1|407056476497|0,DJ Zirk “Orange Mound Presents: Underworld” 2xLP Memphis Rap Houston 2022 Vinyl,9.99,0.1486
v1|127962552478|0,DON HUME - GO RIGHT AHEAD - FELSTED PROMO - VG- PLAYS GREAT!,7.00,0.1486
v1|267720712034|0,"Sarah Vaughan US Archive Of Folk & Jazz Music – FS-250 Vinyl, LP Only",1.97,0.1486
v1|127962554238|0,HEAR! RARE GARAGE!- MARTIN MARTIN - PRESS RIGHT HERE - MGM PROMO - NM,19.00,0.1484
v1|407057332660|0,MC A.D.E. How Much Can You Take 12” Vinyl 4 Sight Records 25867-5526,130.00,0.1484
v1|137483405604|0,"The Beatles – Reel Music (Capitol SV-12199, 1982 US) NM/VG+ LP w/ Insert",34.99,0.1484
v1|168527356783|0,Bette Midler - LP - NO FRILLS  (1983) EX,18.00,0.1483
v1|178292506604|0,Blackjack - Worlds Apart - 1980 Promo Vinyl LP - Polydor 6279,14.00,0.1482
v1|407056087218|0,Winston Jones Ossie Hibbert “Satisfaction In Dub” Revolutionaries Reggae LP ,18.28,0.1481
v1|257611404128|0,Vanity 6 Self Titled LP 1982 Warner Bros WBK 57023 NM Vinyl Prince Nasty Girl,5.00,0.1480
v1|267720648724|0,"Erik Satie, The ParisConservatoire Orchestre Conducted ByLouis Auriacombe S36486",2.57,0.1479
v1|236917142019|0,"Sam Cooke - RCA Victor - 47-7983 - ""Twistin' The Night Away"" & ""One More Time""",3.99,0.1477
v1|257611499064|0,"Alarm – Strength I.R.S. Records 1985 IRS-5666 Vinyl LP 33 RPM 12"" EX EX/EX",7.89,0.1475
v1|137500020982|0,Elton John Rock of The Westies 1975 NM/NM Lyric Insert Custom Sleeve,12.99,0.1475
v1|398150657010|0,Ted Nugent Promotional Copy Atlantic Records Vinyl LP,5.99,0.1475
v1|318515865770|0,REO Speedwagon – Ridin' The Storm Out - US LP orange epic 1973,4.99,0.1474
v1|158066465592|0,SOUNDTRACK - THE BIG EASY - LP SNTK #11,20.00,0.1474
v1|287447113973|0,"LP, MARY, Mary Travers, 1971",6.00,0.1473
v1|178292413783|0,BOBBY DARIN LP Album-18 Yellow Roses & 11 Other Hits,4.99,0.1473
v1|398142621177|0,"""PETE SEGER"" LP ARCHIVE OF FOLK MUSIC on EVEREST FS-201  1ST PRESS c.1965 EXC.",6.00,0.1473
v1|336676839823|0,RICHIE HAVENS Stonehenge Vinyl LP SFS-6001 First Pressing 1969 Stormy Forest,10.00,0.1472
v1|168521783298|0,"JACKSONS~""BODY / BODY {Instr.}""~Orig~1984~FUNK~SOUL~POP~7'' 45rpm~EPIC~04673~M-",0.99,0.1472
v1|236929445407|0,Italo Disco Easy Going Casanova LP,19.99,0.1471
v1|257611136597|0,Rupert Holmes: Partners In Crime Vintage Vinyl LP 1979 (PINA COLADA SONG),12.00,0.1471
v1|206394976604|0,Blanca Rosa Gil ‎– Vete Ya latin vocal   Lp,9.00,0.1470
v1|377318770984|0,"BOSCA BANKS - CRAZY FOR ME  LOVE THAT STAYS BEE PRO 12"" AFRICAN DISCO",9.99,0.1469
v1|287447466281|0," SNIFF 'N' THE TEARS  *ATLANTIC LABEL 7: 45 LP  * NEW LINES ON LOVE* 1978",8.00,0.1469
v1|800309020431|0,Captain & Tennille Love Will Keep US Together Vinyl Record 1975 A&M,8.00,0.1469
v1|168522401000|0,Dorothy Collins - Cool It Baby / The Italian Theme 1956 EX,2.65,0.1469
v1|377332102680|0,"R. Kelly Thoia Thoing Vinyl 12"" Single Promo Jive R&B & Soul JDAB-57151-1",21.00,0.1467
v1|236928494146|0,"Italo Disco - Agnes O - Charmeurs Latin / La Nuit A Paris (Keepon) 12"" single",9.99,0.1466
v1|257611069801|0,FAIRPORT CONVENTION - RISING FOR THE MOON - EX+ TO NM CONDITION -,10.99,0.1465
v1|318515304861|0,John McCutcheon – Gonna Rise Again - US LP + Booklet SIGNED 1987,4.99,0.1465
v1|188614183642|0,"OPENED- EMI RECORDS- JOHN LENNON ""Live Peace In Toronto 1969"" VINYL LP",10.00,0.1465
v1|800304411237|0,Barry Manilow 1984 LP Paradise Cafe Vinyl Lounge Music by Sarah Vaughan,5.00,0.1464
v1|158064922315|0,"Let Freedom Ring Lp by Mclean, Jackie (Record 1986) NM",20.99,0.1464
v1|236917424568|0,Italo Disco Deborah Kinley Guerrilla 12” Single,6.99,0.1462
v1|137493104239|0,Maxine Sullivan Together (1987 Vintage Vinyl),10.00,0.1462
v1|137482044167|0,"MASON PROFFIT--""Rockfish Crossing""--1972 Issue--Clean Vinyl-Some Cover Wear-Rare",4.95,0.1461
v1|168513892188|0,The Cuban Orchestra Holiday in Cuba in Mambo Tempo LP,6.50,0.1460
v1|198483715696|0,Rene Joslin Y Los Favoritos - Muchachita de Ojos Claros Vinyl LP Hacienda Tejan,5.00,0.1460
v1|188613750031|0,Whitesnake Slide It In American Remix OBI SHRINK Japan Import Vinyl Record,50.00,0.1460
v1|206393554822|0,Blue Cheer ‎– Oh! Pleasant Hope 1971 Hard Rock LP,35.00,0.1460
v1|227424230399|0,Subhumans From Cradle To The Grave 1st Press,50.00,0.1459
v1|168522401238|0,Tony Perkins  - First Romance Moon / Light Swim 1957 EX,2.65,0.1459
v1|377319933772|0,EDDIE HOLMAN - I LOVE YOU ABC - ABCS 701 STEREO SOUL LP ,15.00,0.1457
v1|257611087018|0,The Black Crowes - Happiness Bastards Rock Punk Zip Hooded Sweatshirt L,39.99,0.1456
v1|147424506431|0,Paul and Paul Stookey lp promotional! White Label! NM/VG WS 1912,22.00,0.1456
v1|377326078490|0,DAVE MARKEE BAND Rock Opera By Valeri Barinov 1985 VG+ VINYL LP Record USED,8.09,0.1454
v1|257606460574|0,"Lou Gramm Ready or Not Vinyl 12"" Single 33 1/3 1987 Pressing Foreigner",5.00,0.1454
v1|137500014224|0,Quicksilver Messenger Service Solid Silver 1975 1st Press NM/NM- Shrink,14.99,0.1453
v1|366529377720|0,JOE JACKSON Night And Day USED 1982 Vinyl A&M-4906,3.00,0.1453
v1|287447114931|0,"GRANDMASTER MELLE MEL & THE FURIOUS 5  White Lines Part II NEW DAY 12"" Single 33",10.00,0.1453
v1|137493355074|0,"Vintage Vinyl Jerry Reed ""Ko-Ko Joe"" LSP4596 LP 12"" 33RPM VG/VG",1.99,0.1452
v1|236924856619|0,Earl Thomas Conley (Too Many Times) LP 1986,0.99,0.1452
v1|257610825269|0,HENRY SHEAD. BYE BYE LOVE/VICKIE'S PERFUME. MY 2919  JAZZ  LITTLE ROCK ARKANSAS,19.99,0.1452
v1|168521580518|0,"QUIET RIOT, ""CONDITION CRITICAL""",4.50,0.1451
v1|278170810477|0,The Dark-Darkworld Artsy Annoyance/Boring Vinyl LP Record-Ric Ocasek Produced,5.77,0.1451
v1|307047629842|0,4 LP's  - CHARLIE DANIELS BAND - Me and the Boys + Nightrider + Million Mile,12.00,0.1451
v1|117295127779|0,FLETCHER-GIRL OF MY DREAMS ON HOT PINK VINYL SEALED,39.99,0.1450
v1|278156266389|0,LARRY CARLTON - SELF-TITLED WARNER BROS LP PROMO,8.00,0.1449
v1|127964262322|0,OFRA HARNOY-CELLO ENCORES/MOSS MUSIC GROUP STEREO,14.99,0.1449
v1|358769453823|0,I Prevail True Power Lp Purple W/ Black Splatter Vinyl Record Vg++ 2022 Hardcore,17.99,0.1449
v1|318567634085|0,"Elisabeth Waldo Rites of the Pagan GNP 601S Stereo 12"" Vinyl LP Occult Esoteric",25.00,0.1448
v1|377327119040|0,Big Daddy Kane  The Man : The Icon  LP Vinyl  ALC-003  VG+,9.99,0.1448
v1|267718221104|0,Grand Funk Railroad – Survival LP - 1971 - VG/VG+ - UK,8.00,0.1447
v1|407056632593|0,Unknown Artist – The Louisiana Purchase / The Pirate Lafitte Vinyl Record,18.00,0.1447
v1|168522400782|0,Bing Crosby - Around The World - Decca - 9-30262 1957 Excellent!,2.65,0.1446
v1|800304266519|0,Jaime Brockett Folk LP Remember The Wind And The Rain on Oracle,15.00,0.1445
v1|287445946772|0,The Chase Vinyl Limited Edition Double Pack,20.00,0.1443
v1|117289580545|0,The Cold Crush Brothers - 1983 LP “The Sound Of Young New York” (4Z9-03898),12.00,0.1443
v1|287451360266|0,Pablo Beltran Ruiz ‎– Caliente Caliente... A Go-Go VG+ In Shrink,14.00,0.1442
v1|137492034636|0,"The Souther Hillman Furay Band - Self Titled - 1974 Geffen Records VG, Vinyl ",4.00,0.1442
v1|227401532370|0,Denny McLain at the Organ Detroit Tigers Baseball Related OG Capitol NICE! NM!,9.99,0.1442
v1|257604755562|0,Vintage Vinyl Ray Coniff Concert in Rhythm Vinyl Album,5.00,0.1441
v1|168522829599|0,Parliament Live P-Funk Earth Tour Vinyl LP 1st 1977 Press w/ Poster & Iron On,50.00,0.1441
v1|137500059198|0,Judy Collins Judith 1975 1st Press NM/NM- Gatefold w Lyrics,6.99,0.1440
v1|206401224428|0,Peaches & Herb 2 Hot! Vinyl LP Record 1978 Polydor,4.99,0.1439
v1|336677095780|0,"LP La Super Banda, A Bailar Y Gozar Con La Saporrita FAMOSO LBL. CHEESECAKE EX",19.99,0.1439
v1|147423331024|0,ELVIS PRESLEY EP EPA-747 SELF TITLED DEBUT RARE DOG ON SIDE NM/MINT OUTSTANDING,31.00,0.1437
v1|127957674814|0,PROVOKED - Infant in the Womb of Warfare - Vinyl LP - Provoked,9.99,0.1437
v1|158066465579|0,SOUNDTRACK -LP SNTK #9 MUSIC SNTK BLIND DATE,9.99,0.1437
v1|257611158032|0,LP 1972 John Denver Rocky Mountain High  EX/EX,8.99,0.1436
v1|257611067350|0,"POINTER SISTERS -FIRE / HAPPINESS- LOOKS LIKE NEW - NM+ - RED VINYL - 12 """,8.99,0.1435
v1|147424795302|0,Beethoven Symphony No. 5 Leonore 3 Solti CSO US London Press Grammy Winner!,6.99,0.1435
v1|117294227506|0,Vinyl.Box set-2Lp-Folkways2942- LEADBELLY'S LAST SESSIONS-vol-two,99.99,0.1434
v1|287451783060|0,"ELVIN BISHOP ""LIVE! RAISIN' HELL"" (2 LPS)PREMIUM QUALITY USED LP Exc",8.00,0.1434
v1|366528483908|0,Stevie Wonder Hotter Than July 1ST PRESSING W/ETCHING Vinyl,320.00,0.1433
v1|358770422175|0,Nirvana Nevermind Vinyl LP Silver 2023 Repress Unplayed,17.50,0.1433
v1|127962850750|0,Bluegrass SCOTT SMITH & VERNON BOWLING & The Sacred Bluegrass VG+,30.00,0.1433
v1|168520587542|0,Ireland's Jolly Tinkers The Irish Jolly Tinkers Vinyl EX/EX ULTRASONIC CLEANED,5.99,0.1432
v1|800304554828|0,"The Hollies Long Cool Woman (In a Black Dress) 7"" 45 Epic 1972 Stereo 5-10871",5.00,0.1431
v1|318515290064|0,Nicolette Larson – All Dressed Up And No Place To Go - US LP + OIS 1982,4.99,0.1431
v1|158066478405|0,THE VENTURES - LET'S GO - 33RPM EP - JAPAN ISSUE,7.00,0.1431
v1|398151692978|0,THE BG RAMBLERS-THEYRE CLOGGING IN THE WHITEHOUSE,0.99,0.1431
v1|377326091195|0,E. KOESTYARA GROUP GAPURA Sangkala Indonesia Gamelan VG+ VINYL LP Record USED,6.55,0.1431
v1|377328324867|0,Jackie Ivory LP Soul Discovery,20.00,0.1431
v1|800305519790|0,"Beastie Boys Solid Gold Hits 12"" Black Vinyl LP 33 RPM Capitol Cardboard Sleeve",20.00,0.1430
v1|398150784291|0,Bobby Goldsboro Muddy Mississippi Line LP Vinyl Record Album,3.00,0.1429
v1|227422421568|0,Black/Snow 2014 Vinyl  Serato Record X2,40.00,0.1429
v1|206401221447|0,Andy Gibb Shadow Dancing. 1978 RSO RECORDS vinyl record LP,4.99,0.1429
v1|336677037664|0,"Herman's Hermits Blaze 33RPM 12"" Vintage Vinyl LP 1967 MGM E-4478",5.00,0.1429
v1|298490406811|0,The Rockafire Explosion LP Vinyl Gee Our 1st Album Creative 1982,35.00,0.1429
v1|117290594240|0,Vinyl Records Lot Classic 70's 80's (15 Records),99.00,0.1428
v1|327252146123|0,"Fresh LP ""Get Fresh"" NM EX BX10",3.00,0.1428
v1|267720909982|0,Sammy Davis Jr Golden Boy Original Cast Musical Vinyl Record LP Capitol VAS-2124,70.00,0.1427
v1|137495439125|0,Copland Dance Sym El Salon  Fanfare Dorati Detroit Sym Orig London Digital!,6.99,0.1427
v1|147424688925|0,Like New Record The London Chuck Berry Sessions Chess 1972  Stereo Vinyl LP,50.00,0.1427
v1|257615478069|0,"SRC ""Milestones"" (1969) the classic psychedelic LP a legendary Detroit cult band",4.99,0.1426
v1|178292795886|0,"Verve LP Record, Shelley Berman, Outside , VG ",1.50,0.1426
v1|198482870972|0,Little Steven Rock LP Freedom No Compromise on Manhattan,18.00,0.1426
v1|377318761959|0,"THE MANHATTAN TRANSFER - BOY FROM NEW YORK CITY ATLANTIC 12"" PROMO",8.00,0.1425
v1|137484427139|0,Jessy Dixon It's All Right Now lp + Bonus,7.99,0.1425
v1|198476315397|0,The Washington Squares- Fair and Square  Gold Castle D1-71319 VG+/VG+ 1989,12.60,0.1422
v1|267720710320|0,"IVY LEAGUE tx SUMMER SESSIONS 7"" 33RPM BLUE VINYL 6131 Records #6131038",8.50,0.1422
v1|398150876799|0,"GENE VINCENT DRESSED IN BLACK, VINYL LP, MFLP016, VG",4.00,0.1421
v1|407056355992|0,The Revolutionaries “Don't Underestimate the Force…” Reggae Dub Misprint Vinyl,16.50,0.1420
v1|198484942228|0,Walter Egan - Hi Fi Vinyl / EX,2.99,0.1420
v1|158054564378|0,L'Orchestre Symphonique De Montreal ‎– R.Murray Schafer : Son Of Heldenleben /,100.00,0.1419
v1|336671586115|0,Ronnie Wood NOW LOOK Lp 1975 Ex / VG+ w Bobby Womack Keith Richards Ian McLagan,17.50,0.1418
v1|236923627182|0,Zen Bow - Impression; Instrumental / Dub Mix (2012 FIRST PRESS) NEAR MINT,49.99,0.1418
v1|227424614523|0,"1984 Slack ‎– Slack 12"" Single Record Vinyl",5.00,0.1418
v1|327247942140|0,"Godfrey Hirsch At Pete's Place, New Orleans ""LP""",1.50,0.1417
v1|318556838006|0,"grace jones vinyl lot (2) LIVING MY LIFE, SLAVE TO THE RHYTHM Used VG",14.40,0.1417
v1|307048700451|0,Soup Dragons   Hang Ten    NM,10.00,0.1416
v1|377326176762|0,Ed Loyd On Okeh Pagon Love Song,18.00,0.1415
v1|358756318758|0,"Bass Kittens - Bass Kittens Spinyl 12"" Black Vinyl LP 33 RPM",4.00,0.1415
v1|158066726610|0,Air Supply - Lost In Love  LP  Arista Records AL 9530  VINYL NM,10.00,0.1414
v1|127962710194|0,The 5th Dimension - Living Together Growing Together LP 1973 Vinyl Record - VG,2.96,0.1414
v1|137483269952|0,Mylon LeFevre & Broken Heart More lp + Bonus,7.99,0.1413
v1|336677412930|0,Cal Valentine - The Boogie Twist - Lyon - Rock/Texas Blues 45 - 1962,24.00,0.1412
v1|127962607080|0,SURF INSTRO - RAN-DELLS - SOUND OF THE SUN - Chairman 4407 PROMO -VG+,8.00,0.1411
v1|358768189599|0,The Babys - Head First (1978) – Gold Stamp Promo,60.00,0.1411
v1|178292882861|0,"Baldwin LP Record, Our Little World ,The Joyful Noise, VG ",1.50,0.1409
v1|227421281588|0,"SUUNS 12 Tone JOYFUL NOISE 2014 7"" single 45 RPM VG RECORD Flexi-disc USED",5.00,0.1409
v1|358769216253|0,Willie Bobo LP Juicy MINT ORIG,15.00,0.1409
v1|158064877614|0,THE HARPTONES - LOVE NEEDS - LP (22c),4.00,0.1408
v1|307048275946|0,"Stevie Nicks The Wild Heart Black Vinyl LP 12""",5.00,0.1408
v1|227421617352|0,"R. Jazz My Turn Vinyl LP 12"" VP Records Reggae Black Prod. Michael 'Fire' Eaton",4.99,0.1407
v1|227416693787|0,Kehlani It Was Good Until It Wasn’t Vinyl,35.00,0.1407
v1|147424688916|0,Elmore James The Blues in My Heart Stereo Vinyl LP US 7716 EX/NM,60.00,0.1406
v1|158064015299|0,On The Move The Chevrolet 70's Vinyl LP Special Collectors Album 1969 Cellophne ,4.00,0.1406
v1|267720769968|0,Canned Heat - Boogie With Canned Heat -1968-Vinyl LP - Liberty LST 7541,60.00,0.1406
v1|227421536623|0,"1978 Ivan Rebroff Mitternacht in Moskau, Philips 6305 348 Germany vinyl pop folk",9.95,0.1405
v1|188614184489|0,"OPENED- MFSL RECORDS- JOE COCKER ""Sheffield Steel"" AUDIOPHILE VINYL LP",26.67,0.1405
v1|327252157735|0,"Joan Armatrading LP ""Back To The Night"" NM EX BX5",4.00,0.1405
v1|236922999493|0,"Oregon Jazz Band, Why Don’t We Do This More Often Record NRMT",8.00,0.1404
v1|236917061488|0,PHIL CODY 1976 WB Lp VG- w Neil Sedaka Al Kooper Paul Shaffer NYC Blues Boogie,4.00,0.1404
v1|198488424671|0,2 LPs GARY BURTON KEITH JARRETT Alone Last Atlantic,20.00,0.1404
v1|298488774621|0,Lousiana's Le Roux LP Album,4.99,0.1403
v1|358767931750|0,Alvin Lee - Ten Years Later - Ride On (1979) – RARE White Label Promo,50.00,0.1402
v1|407055849943|0,GRAND FUNK RAILROAD * SURVIVAL * WE'RE AN AMERICAN BAND* ISRAEL * IMPORT * 2 LP,7.99,0.1399
v1|257608536777|0,Renaissance ~ Illusion Vinyl LP Island Label German Import EX+ to NM- (no scratc,24.99,0.1399
v1|800305765822|0,"Glenn Douglas 7"" EP-Heartbreak Alley-4 Songs-1958-Decca-EX",7.99,0.1398
v1|307051175280|0,Paul McCartney Back to the Egg LP in Shrink & Hype,8.00,0.1398
v1|318515310928|0,Fleetwood Mac – Tusk - US 2LP Card OIS' 1979,4.99,0.1397
v1|227421609543|0,FINIAND RAINBOW - SOUNDTRACK  FRED ASTAIRE  WB 2550 VINYL LP RECORD  - NEAR MINT,4.99,0.1395
v1|227420970633|0,"ROBERT PLANT - Pictures At Eleven (1982) - 12"" Vinyl Record LP  RARE PROMO",10.00,0.1395
v1|127962654662|0,70s PINK FLOYD Dark Side Of The Moon US Pressing Complete 2 Posters and stickers,99.00,0.1394
v1|127964199799|0,Bert Kaempfert That Happy Feeling LP Vinyl Album Record Jazz DL74305,1.50,0.1394
v1|287445277089|0,Samson C01 Studio Condenser Microphone,11.00,0.1393
v1|257611089900|0,"DJ Devilish - How My Love Goes/Turn This Disco Hot - 12"" Singles",1.99,0.1392
v1|137484193145|0,Amy Grant Straight Ahead lp Angels Thy Word + bonus photo + Bonus,6.99,0.1392
v1|127964261273|0,Rare Promotion Copy DONAL DONNELLY Take The Name Of Donnelly 33 LP w Dust Cover,39.00,0.1392
v1|278170802376|0,BASILIO Self titled LATIN MUSIC LP 1981 Shrink Wrap Vinyl Record Karen PANAMA EX,5.99,0.1392
v1|188616435376|0,"LEON RUSSELL on LP "" ....& THE SHELTER PEOPLE"" rock folk",2.99,0.1390
v1|358776550707|0,Nancy Sinatra & Lee Hazelwood – Nancy & Lee - LP - Reprise - RS-6273..VG+,14.99,0.1390
v1|800305402287|0,BRYAN FERRY Boys And Girls original LP from 1985 WB 25082 Rare Sleeve Roxy Music,20.00,0.1389
v1|198475984900|0,Harry Nilsson Ringo Starr- Son of Dracula Rapple ABL1-0220 EX/EX/EX iron-on,67.50,0.1389
v1|307052486029|0,Jeff Beck Group Rough And Ready Quadraphonic LP Epic EQ30973 EX/VG,15.00,0.1389
v1|398150381986|0,Redd Foxx At Home Vinyl,5.00,0.1387
v1|117285000586|0,Down To Earth - Jonathan Winters - Vinyl Record Comedy MGV-15011,15.99,0.1387
v1|158064938551|0,"Bidú Sayão, - 3 LPs, Classical ,Bachianas Brasileiras 5, Folks Songs Brazil, ",9.99,0.1386
v1|358769054496|0,Martin Denny LP Exotic Sounds From The Silver Screen MINT,10.00,0.1386
v1|377327302956|0,"MAZI aka AUDIO SOUL PROJECT Retrofuturism EP 12"" LP WLP RIQUE Tech House",4.99,0.1386
v1|127963132334|0,The Original Cast of Man of La Mancha Vinyl 1973,2.00,0.1385
v1|127963132334|0,The Original Cast of Man of La Mancha Vinyl 1973,2.00,0.1385
v1|398152844965|0,"Sam Cooke-“The Bells of Saint Mary's"" B2001 EP 4 Songs Vintage 1958 Funk Soul 7”",50.00,0.1384
v1|257610943810|0,Running Wild- Crossing The Blades. Limited Edition Yellow Marble 12” Vinyl.,11.99,0.1384
v1|236929403037|0,Italo Disco Roby Vandalo I Can’t Change Your Life 12” Single,9.99,0.1382
v1|307048130106|0,LP - PRINCE - LOVESEXY- Love Sexy 1988 Paisley Park Records,24.00,0.1382
v1|327251716208|0,Little Shawn Dom Perignon 12” 33rpm vinyl record single In Original Cover,5.20,0.1382
v1|398159801843|0,60s Jazz 4 LP Lot In Shrink- Alpert-Gorme-Weston-Grant Vinyl-Easy Listening Pop,7.99,0.1381
v1|398152847119|0,"Creedence Clearwater Revival - Green River, 1969, LP, Vintage, Original, Rock",160.00,0.1381
v1|298490490849|0,"Woody Herman Band     LP      NM       ""Chick, Donald, Walter & Woodrow""    1978",17.00,0.1379
v1|178282562913|0,"Aussie 1971 Vinyl LP Go Set Pop Poll Awards Various Zoot, Spectrum, Chain etc",15.99,0.1379
v1|236929351397|0,Italo Disco Paola Melato Energy 12” Single,19.99,0.1379
v1|298484697152|0,Larry Coryell guitar ~ Spaces Vinyl LP Vanguard 1970 EX/NM Stereo,24.99,0.1379
v1|336677722829|0,1987 Def Leppard ‎Hysteria LP Vinyl Album Record Mercury 422 830 675-1 Q-1 NM+,150.00,0.1377
v1|178292413906|0,"Lucky Strike REMEMBER HOW GREAT,,,? LP Collector Item",4.99,0.1377
v1|336671988061|0,"BUDDY HOLLY and the CRICKETS - Brunswick 955053 - ""Maybe Baby"" & ""Tell Me How""",3.99,0.1376
v1|398152203560|0,PEGGY LEE SUGAR 'N' SPICE CAPITOL RECORDS VINYL LP 202-53,2.99,0.1375
v1|158064010481|0,"KIMBER-PELLI Daydream/Ain't Been Home MGM K14530 (1973, PROMO) 45rpm",6.00,0.1374
v1|178291759735|0,"Jon Spencer Blues Explosion 2 Kindas Love 7"" (promo)",10.00,0.1374
v1|358758630713|0,AL JARREAU - HEART'S HORIZON REPRISE LP PROMO,8.00,0.1373
v1|287447113954|0,"NONCHALANT - 5 O'CLOCK (12"")  1996 UNTIL THE DAY!!!",6.00,0.1373
v1|318512800761|0,Diana Ross – To Love Again - US LP 1981,4.99,0.1373
v1|147424506304|0,Record Like New Spirit Clear Stereo Vinyl LP 1969 Ode Z1Z 44016,50.00,0.1372
v1|358771799635|0,Tommy Boyce & Bobby Hart – Test Patterns,10.00,0.1372
v1|278156401604|0,ABBE LANE - WITH TITO PUENTE & HIS ORCH - BE MINE TONIGHT RCA VICTOR MONO DG LP,25.00,0.1372
v1|307049946680|0,Eddie Rabbitt Vinyl LP Variations Record 1978 Album Tested Shrink VG+/VG+,2.99,0.1371
v1|127962683299|0,SURF INSTRUMENTAL - SIDEWINDERS -SIDEWINDER - IMPERIAL PROMO - VG+,9.00,0.1369
v1|147423721596|0,"Thijs Van Leer Introspection 2, 1977 Stereo/Quadraphonic Vinyl LP. VG+",9.77,0.1369
v1|398153377450|0,Ed Ames Sing Away The World LP Vinyl Record Album,1.57,0.1367
v1|307048618008|0,George Michael 45RPM “Monkey” 1988 80s Dance Pop R&B 7” Vinyl PS NM,3.00,0.1367
v1|298495177119|0,Cradle of Filth Cruelty and the Beast Re-Mistressed Vinyl 2xLP,40.00,0.1366
v1|398153854412|0,"~~MALCOLM McLAREN~~MADAME BUTTERFLY~~12"" EP~~ISLAND~~CHEESECAKE~~NICE COPY~~",7.99,0.1365
v1|227422426830|0,"Micki Marlo Married I Can Always Get Vinyl LP 12"" Stereo ABC-Paramount Vocal",10.00,0.1364
v1|127962326781|0,"Brian Hyland Jerry Keller Itsy Bitsy Bikini / Here Comes Summer Kapp 7"" 45",2.04,0.1362
v1|178292229862|0,Notorious B.I.G. – Duets LP VINYL Original Press 2005 Bad Boy Records,35.00,0.1362
v1|147428030280|0,"DEVO LP - ""Freedom Of Choice"" - Tested -VG+ - Original 1980",12.99,0.1361
v1|398150719572|0,"Carol Chase, Sexy Songs (Vintage Vinyl Music LP",4.10,0.1360
v1|307048134908|0,JESSE COLTER ( THAT'S THE WAY A COWBOY ROCKS and ROLLS ) ORIG 1978 VINYL LP NM-,6.99,0.1360
v1|168521807565|0,"DIANA ROSS~""REMEMBER ME""~Orig. 1970~FUNK~SOUL~7'' 45rpm~M 1176~VG+",0.99,0.1360
v1|257611021748|0,Freddie Hubbard Backlash 2017 Speakers Corner reissue,35.00,0.1360
v1|147422703160|0,Songs for Children to know vinyl lp robin hood 12 Jack-in-box Cover RARE,2.49,0.1359
v1|287446085048|0,Billy Brown – Look Out Heart / It Don´t Take Long To Learn   on  REPUBLIC   1961,8.95,0.1359
v1|278156266291|0,JOHN WHITEHEAD - I NEED MONEY BAD MERCURY LP PROMO,8.00,0.1358
v1|198482788708|0,SALUTE STAN KENTON ARTISTRY IN RHYTHM CROWN RECORDS. Rare RED Vinyl!!,6.00,0.1357
v1|287447114935|0,JACKIE DeSHANNON   ME ABOUT YOU   1968 LP,15.00,0.1356
v1|147424506357|0,"Like New McGruin,n, Clark & Hillman Stereo Vinyl LP",40.00,0.1356
v1|307042784748|0,"Bob Brady & Con Chords 45RPM More, More, More Of Your Love 1967 Northern Soul 7”",5.00,0.1356
v1|158066562869|0,BOBBY VINTON - THE NAME OF LOVE  - LP (22c),4.00,0.1356
v1|318556688349|0,barry manilow this ones for you vinyl USED VG+ condition,4.99,0.1354
v1|198476975721|0,Wendy Waldman ‎– Letters Home pop vocal  PROMO copy LP ,5.00,0.1354
v1|158064475520|0,"JOHN COUGAR MELLENCAMP 1983 ""UH-HUH"" Used ORGNL VINTAGE US LP w/STICKER",9.99,0.1354
v1|127962539101|0,VALENTINES - THE WOO WOO TRAIN/WHY - RAMA 196- Red Lbl - VG++/NM,7.00,0.1353
v1|377325757109|0,The Dorsey Brothers Orchestra on Brunswick 6938 Annies Cousin Fanny /Judy,20.00,0.1353
v1|227416929204|0,J.O.B Orquestra Open The Doors To Your Heart *sealed* Disco Soul LP on Sudarshan,7.00,0.1352
v1|358768251572|0,The Byrds Mr. Tambourine Man LP,15.00,0.1352
v1|278156401685|0,THE MAMAS & THE PAPAS - DELIVER DUNHILL STEREO LP,7.00,0.1351
v1|257606461184|0,Jefferson Airplane Bless Its Pointed Little Head Vinyl LP Record 1969 Pressing,5.00,0.1350
v1|358756823474|0,Songs By GLENN YARBROUGH  -  Mono Elektra LP,7.02,0.1350
v1|168520774889|0,Kool And The Gang  - In The Heart LP - 1983 De-Lite,6.00,0.1350
v1|188521454915|0,Joe Harnell – World's Greatest Love Themes - Epic LN-3548 LP Vinyl Record - EX,0.99,0.1349
v1|318515776143|0,REO Speedwagon – R.E.O. - US promo only LP + promo sticker + promo stamped,4.99,0.1348
v1|127966745551|0,"JON ANDERSON, Mini Collection, 3 LPs, 2 Singles, Atlantic All VG Plus",8.79,0.1347
v1|318556543424|0,"Decca Earl Grant Ebb Tide 12"" Stereo LP Vinyl 33 RPM DL 74165",4.99,0.1347
v1|278163134013|0,THE EVERLY BROTHERS BOTH SIDES OF AN EVENING VINYL ALBUM WARNER BROS W1418,6.95,0.1346
v1|318555096005|0,THE MANY VOICES OF MIRIAM MAKEBA US vinyl LP,3.00,0.1344
v1|168513866669|0,PAPA JOHN CREACH FILTHY FTR1009 LP VINYL RECORD USA 1972,8.99,0.1344
v1|168525751352|0,"Planet P Project-Turquoise by Planet P Project (Record, 2021)",1.99,0.1344
v1|366528398273|0,COLLECTION - YANN ARTHUS-BERTRAND - ZEN - Like New,1.99,0.1344
v1|366528893152|0,"Walter Forbes LP ""Folk Song Festival"" EX VG++ BX10",3.00,0.1343
v1|127962198025|0,"Acid King Down With The Crown 10"" Vinyl Original Electric Wizard Doom Metal ",14.51,0.1343
v1|188614648021|0,Barbara Streisand Memories Vinyl LP Like New Excellent 1981 Military Sale Only,1.60,0.1342
v1|298489023480|0,"TEN YEARS AFTER ""RECRDED LIVE"" EXCELLENT VINYL 1973 VG+ GATEFOLD COVER",9.99,0.1340
v1|137495556982|0,DAVE MASON LP IT'S LIKE YOU NEVER LEFT GATEFOLD EX ! TRAFFIC CLASSICK ROCK,9.99,0.1339
v1|398151599493|0,With Confidence Love and Loathing LP Limited Edition Colored Vinyl Pink/Cream,50.00,0.1338
v1|158065209020|0,"Rogue Male - First Visit,  Vinyl Elektra 1985, Mexico edition LP VG Heavy Metal ",25.00,0.1338
v1|158065209020|0,"Rogue Male - First Visit,  Vinyl Elektra 1985, Mexico edition LP VG Heavy Metal ",25.00,0.1338
v1|168521695593|0,"Britney Spears I'm a Slave 4 U (The Remixes) Jive 12"" Black Vinyl 33RPM",6.80,0.1337
v1|127962245150|0,"Orange Golbin Nuclear Guru 10"" Mans Ruin Electric Wizard Church Of Misery ",44.00,0.1337
v1|336677413658|0,ROLLING STONES - DIRTY WORK - RARE PROMO FIRST ALBUM,9.99,0.1336
v1|227421393449|0,"Burl Ives ""Great Holiday Hits"" Vinyl 7"" Promo Eastlake Mall; VG+",7.99,0.1335
v1|366522569598|0,The Burlesque Show Recorded Live Wyncote Records W9057 1964,3.00,0.1335
v1|117291455122|0,New Kids On The Block Hangin’ Tough LP SIGNED AUTOGRAPHED 1988 Wahlberg nkotb,149.00,0.1335
v1|158063668694|0,"Wilco - Schmilco (2016 Pressing, Black Vinyl LP) Jeff Tweedy",37.00,0.1334
v1|398140692598|0,Olivia Newton-John - Have You Never Been Mellow Vinyl LP 1975,5.00,0.1333
v1|117284965445|0,Ding Dang IV LP RECORD ONLY NO COVER Probe Records PR-18 ex,9.99,0.1333
v1|127966287691|0,"LP 12 Columbia CL-1320 Buck Clayton Songs for Swingers, Demo",2.95,0.1332
v1|198487954055|0,Blondie Hanging On The Telephone + 2 (Demo Versions) Rare Fan Club 7” EP,60.00,0.1332
v1|298480081599|0,Elvis Presley Self Titled  LP 1956 Mono RCA Victor LPM-1254 ROCKAWAY FIRST PRESS,135.00,0.1331
v1|236923600158|0,Oregon Moon and Mind Album 1979,6.93,0.1331
v1|117295094727|0,"ELVIS RECORDED LIVE ON STAGE IN MEMPHIS ,QUADRADISC",89.99,0.1331
v1|198475984943|0,Nilsson- Nilsson Schmilsson RCA LSP-4515 VG+ VG+ Rockaway 1971,31.50,0.1330
v1|800304349890|0,Stanley Black Massenet le Cid Gayne Ballet Suite Vinyl LP Record,5.00,0.1330
v1|158070358594|0,"Gloria Estefan Get On Your Feet 12"" single vinyl record",3.00,0.1330
v1|127964186616|0,BEDEMON CHILD OF DARKNESS ORIGINAL ON DOOM RECORDS PENTAGRAM WITCHCRAFT Infamous,77.00,0.1330
v1|298496086682|0,Cronkite the way It Was the Sixties 3LPs,10.00,0.1330
v1|206401416002|0,*VINYL 45* Old Soul **CADILLAC ANNIE** The New Clarence Reid *D.J. COPY* Record,39.99,0.1330
v1|227421578113|0,Royal Philharmonic Orchestra – Hooked On Classics LP Vinyl 1981 Spain Import VG+,2.99,0.1329
v1|236928433201|0,Italo Disco System Sacrifice 12” Single,14.99,0.1328
v1|366528918835|0,"Freddy Fender LP ""Swamp Gold"" EX VG++ BX10",3.00,0.1328
v1|318515319045|0,Larry Rice – Hurricanes And Daydreams - US Bluegrass LP 1986,4.99,0.1328
v1|158070331849|0,"Falco The Sound of Musik 12"" single vinyl record",3.00,0.1328
v1|117290047784|0,LIL HOUSE GANGSTAZ....LOUIE BALO GUZMAN & JOE T TURRY....1997 PROMO COPY...NICEE,20.00,0.1327
v1|257611351096|0,Fats Domino – Valley Of Tears / It's You I Love   on  IMPERIAL    1957    Nice!,8.95,0.1326
v1|168520951917|0,Great White Test Press Vinyl NM,74.99,0.1325
v1|398150226828|0,"D.D.V.IV The Marvels of Insect Life LP Vinyl 12"" 33 RPM CLM 130 1990",4.80,0.1323
v1|198481294049|0,MIKE LOVE LOOKING BACK WITH LOVE LP NM US BOARDWALK VINYL 1981 BEACH BOYS,9.98,0.1323
v1|327252528056|0,"LED ZEPPELIN ""HOUSES OF THE HOLY"" ATLANTIC-19130 NM 1973 PRESSING ORIG INNER SL",19.99,0.1320
v1|137492519571|0,Lenny Kravitz Greatest Hits 2LP Limited Clear  and Blue Swirl Vinyl,49.99,0.1320
v1|800306171159|0,GARTH BROOKS LP The Chase 1992 Pearl   RE country  vinyl,10.00,0.1319
v1|358777006650|0,TINY TIM - Tip-Toe Thru' The Tulips With Me - VG+ Reprise 45/1968,9.98,0.1318
v1|307052484068|0,SHOES  Present Tense1979 &Tongue Twister 1981 LPs Elektra NM/VG+,20.00,0.1318
v1|127966977767|0,The Hollies Bus Stop Stereo Imperial Records LP In SHRINK COV VG++ to M-/ REC M-,19.99,0.1318
v1|318555139527|0,BOBBY SHERMAN WITH LOVE US vinyl LP,3.00,0.1317
v1|358756261076|0,Harry Chapin - On The Road To Kingdom Come Vinyl LP,20.00,0.1317
v1|366528870288|0,"Al Jolson LP ""Jolie"" EX w/ Orig Inner BX10",3.00,0.1317
v1|358771262811|0,Alvin Red Tyler LP Heritage Rounder New Orleans Jazz MINT,7.00,0.1317
v1|377332077979|0,"Nelly (Hot S**T) Country Grammar Vinyl 12"" Single Rap Universal 0121568001 Black",8.88,0.1316
v1|178292340806|0,WOR FM STEREO 98.7 SOLID GOLD POST-7001 LP VINYL RECORDS,5.00,0.1316
v1|257606411247|0,Mister Magoo “Music To Sell Bulbs By” LP/Columbia CSP 165 (VG) 1965 Gatefold,25.00,0.1315
v1|318511781943|0,Lou Rawls – Let Me Be Good To You - US LP + OIS 1979,4.99,0.1313
v1|287447512150|0,"Porter Wagoner The Carroll County Accident LP Vinyl 12"" Stereo RCA Victor",10.00,0.1312
v1|377328745108|0,Danny Kaye Tells 6 Stories of Faraway Places Vinyl 1960 Golden Records LP 62,12.99,0.1311
v1|198483286616|0,Carlos Gardel La Voz Inolvidable LP Odeon Tango Vinyl Record LDS-843,18.00,0.1311
v1|127966700210|0,"1962 STEREO LP The Champs Great Dance Hits Challenge Tequila Twist, Limbo, MINT-",19.99,0.1310
v1|327251866199|0,Salem 66 - Natural Disasters National Treasures - 1986 Homestead Press w/inserts,8.99,0.1310
v1|407058184576|0,Fred Waring - The Romantic Sound of Fred Waring and His Pennsylvanians   VG / VG,5.00,0.1310
v1|398152686818|0,Hank Crawford - Help Me Make It Through The Night LP 1972 Smooth Jazz,50.00,0.1309
v1|178292520635|0,THE GRASS ROOTS-LOVIN' THINGS-1969 ORIGINAL DUNHILL LABEL-STUPID SICK FIRE VINYL,25.00,0.1308
v1|188600627149|0,"Nona Hendryx ""Keep It Confidential"" Rare 12” Promo version.",4.00,0.1307
v1|318556559440|0,"Bob Newhart The Button-Down Mind LP Vinyl 12"" Mono Warner Bros. W 1379 1960",5.66,0.1306
v1|278170810570|0,JOSSIE ESTEBAN & LA PATRULLA 15 Hot LATIN Merengue LP SHRINK NM Vinyl Record,6.19,0.1306
v1|158054564360|0,"Orion Recording Evelinde Trenkner playing Szymanowski, Weber, Busoni & Toch LP",75.00,0.1305
v1|178292413835|0,HOW TO SUCCEED IN BUSINESS WITHOUT REALLY TRYING RCA Victor LP Album,4.99,0.1305
v1|327252157734|0,"Godfrey Daniel LP ""Take A Sad Song"" VG++ VG+ BX5",3.00,0.1305
v1|227421379054|0,Rory Gallagher Atco Records – SD 33-368 Presswell Pressing 1971,24.95,0.1303
v1|206401445934|0,Barbra Streisand-New Gold Disc Record Album LP 1974 CBS/Sony Vinyl Album,3.99,0.1302
v1|257611340076|0,Eydie Gorme Eydie In Love Vinyl LP Pop Vocal US ABCParamount Love Letter Shrink,16.99,0.1302
v1|358767616833|0,Aerosmith - Night In The Ruts (1979) – Gold Stamp – Rare First Press Matrix,65.00,0.1302
v1|278139305066|0,LED ZEPPELIN IV LP MEGA RARE 1982 GEORGE PIROS ALLIED PRESS WITH LYRIC INNER!!,15.50,0.1301
v1|398153369320|0,James Whitmore As Harry S. Truman In Give 'Em Hell 1975 LP Vinyl UA-LA540-H2*,1.49,0.1301
v1|358772074302|0,JOHN LENNON YOKO ONO DOUBLE FANTASY EX+ L@@K !!,9.99,0.1300
v1|318551367593|0,Alkaline Trio ~ Remains Limited Edition Indie Exclusive Black Vinyl 2x LP,26.00,0.1300
v1|137495434015|0,Brahms String Sextet No. 1 Op. 18 Amadeus Quartet et al. Orig. DGG Prize-Winner!,10.99,0.1300
v1|158065059250|0,"The Blackwood Brothers Lot of 4LPs: RCA, 1958 - 1968 Vinyl NM Covers NM",19.99,0.1300
v1|407056142830|0,DJ Screw “Legend…Of The Screwed Up Click” 2xLP Now & Again Houston Rap Vinyl ,71.00,0.1299
v1|147424506479|0,Jerrerson Starship Red Octopus Stereo Vinyl LP BFL1-0999 Like New Rarely Played,40.00,0.1297
v1|377332123583|0,"Lost Boyz Me and My Crazy World Vinyl 12"" Promo Universal Rap Hip-Hop U12 53240",13.33,0.1297
v1|188613645088|0,Six (6) Rare Herb Alpert Tijuana Brass LP Vinyl Excellent Condition ,15.00,0.1297
v1|267720829311|0,"SCANDINAVIAN MOODS FOR FLUTE, HORN AND PIANO-1980LP SWEDISH IMPORT GATEFOLD COV",14.00,0.1297
v1|206401636400|0,Handel Water Music / Fireworks LP L'Oiseau-Lyre DSLO 595 Hogwood Academy Ancient,0.99,0.1297
v1|236923826357|0,"Jacques Brel Jacques Brel 12"" Black Vinyl LP Stereo Reprise Records RS 6187",5.00,0.1296
v1|227421291510|0,LARS ERSTRAND & Four Brothers OPUS 3 Sweden Jazz 1984 VG+ VINYL LP Record USED,5.00,0.1295
v1|178292651736|0,Pink Floyd-Dark Side of the Moon Vinyl LP Gatefold SMAS 11163 1973 Harvest,28.00,0.1294
v1|178292416309|0,KISS ME KATE Orginal Soundtrack LP-M-525,4.99,0.1293
v1|307052484071|0,Traffic Mr Fantasy 1968 LP UAS 6651/ Pink/Orange Label /Winwood/,12.50,0.1293
v1|158055190605|0,"BERKS COUNTY 98 Rare 7"" PUNK Vinyl Comp PISS SHIVERS Rotten House Records RHR004",10.00,0.1293
v1|287447115477|0,"NINE - LYIN' KING  Album Only (12"")  1996!!!  RARE!!!  ROB LEWIS!!!",5.00,0.1293
v1|236929474317|0,Italo Disco Xenon Symphony (non Gatefold) 12” Single,14.99,0.1292
v1|327251830787|0,Palestrina  Madrigali e Ricercari  ARCHIV 198 434   NM,13.90,0.1292
v1|158066779776|0,JOHN KLEMMER BRAZILIA 1979 ABC RECORDS LP #9022-1116 NM- VINYL,7.00,0.1292
v1|147417592885|0,Rubinstein and Chopin New Orthophonic High Fedelity Vinyl LM-2277,3.69,0.1291
v1|206401711198|0,"Funkadelic S/T Vinyl LP 2020 Europe Reissue VG-, VG+",10.00,0.1291
v1|206401706089|0,"Black Uhuru Showcase Taxi 1979 Vinyl LP  SKIPS F, Generic ",35.00,0.1290
v1|147424689059|0,Like New Howlin' Wolf Live & Cookin' At Alice's Restaurant Stereo Vinyl LP,55.00,0.1290
v1|168521463440|0,Charlie Rich - Behind Closed Doors (Original 1973 Vinyl Epic KE 32247 G / VG,2.00,0.1290
v1|257605124447|0,"Shaggy Boombastic Remix ( 12"" Vinyl + Cassette Tape) Combo, 1995 Virgin Records ",24.99,0.1290
v1|358758310805|0,"""London Moon and Barnyard Remedies"" vinyl LP by Mark Germino",3.00,0.1289
v1|147424506492|0,Jesse Colin Young Song Fr Julie Stereo Vinyl LP BS 2734 Like New,40.00,0.1289
v1|318556682804|0,"CHARLIE vinyl lot (5) No Second Chance, Lines, Fight Dirty, Good Morning America",24.99,0.1288
v1|127962698391|0,Ratt - Invasion Of Your Privacy -NM/VG+ 1985 Hair Metal Rock Atlantic Sleeve CRC,16.50,0.1287
v1|127962190602|0,BOOTS RANDOLPH PLAYS MORE YAKETY SAX! MONUMENT VINYL LP,7.00,0.1287
v1|188613094353|0,LORETTA LYNN-- I Remember Patsy--MCA -1977 LP -VG+ Gatefold Cover,4.50,0.1286
v1|307048952737|0,Osmonds Self-Titled vinyl LP MGM Records SE-4724 1971,4.75,0.1286
v1|307048952737|0,Osmonds Self-Titled vinyl LP MGM Records SE-4724 1971,4.75,0.1286
v1|307048368290|0,LP - Sounds To Make You Shiver - SPC5101 - A Scary Holloween Record by Pickwick,15.00,0.1285
v1|236929044289|0,Italo Disco Amazing Bingo Band Dragster 12” Single,14.99,0.1285
v1|336676767387|0,"Cleo Laine, Born On A Friday Record NRMT, RCA Records",7.00,0.1285
v1|147423577128|0,David Bedford-Rime of the Ancient Mariner Mike Oldfield Robert Powell UK Import,5.99,0.1284
v1|407058741067|0,"George Harrison I Don’t Want To Do It 12"" Promo Single Vinyl LP Record Play VG!!",24.95,0.1283
v1|158063593250|0,"The Dynamic STONEWALL JACKSON COLUMBIA CL-1391 (1959), Mono, 2-Eye LP",8.00,0.1282
v1|168521551636|0,"20 CT FUNK, SOUL LP LOT w PARLIAMENT GEORGE CLINTON, ZAPP, BRIDES OF FUNKENSTEIN",159.05,0.1281
v1|358758420964|0,Eddie Harris & Les McCann - Second Movement - 1971 Atlantic SD-1583 VG+/EX,10.00,0.1281
v1|158066726791|0,MELISSA MANCHESTER Lp HEY RICKY - NM,5.99,0.1280
v1|178294082940|0,BOB+RAY ON A PLATTER RCA LIVING STEREO LSP-2131 COVER AND VINYL NEAR MINT!,14.99,0.1279
v1|168520863101|0,Katy Perry - Teenage Dream (Peppermint Pinwheel Vinyl) Limited Edition,29.88,0.1278
v1|137499994784|0,Van Morrison Wavelength LP NM-/EX 1978 Lyrics,9.99,0.1278
v1|178292370146|0,1949 GEMS OF JAZZ Decca 10 INCH JAZZ LP Volume 1,15.00,0.1278
v1|377326106289|0,"The Ozark Mountain Dare Devils 1973 Reissue VG Cover, VG+ Vinyl",5.00,0.1278
v1|158066726622|0,CHARLES AZNAVOUR LP  ALL ABOUT LOVE 1965 LIVE HUNTINGTON THEATRE HOLLYWOOD.,15.00,0.1278
v1|137493091484|0,CHANGE The Glow Of Love WARNER BROS/RFC LP b,28.00,0.1277
v1|188612725174|0,Victor Klimenko LP Cossack Patrol,20.00,0.1277
v1|358771061498|0,"DANCE VINYL: Greatest Dance Album In The World, KC Megamix Official Bootleg",5.50,0.1277
v1|147424506416|0,Like New America Live Stereo Vinyl LP  1977 BSK-3136,35.00,0.1277
v1|358768149218|0,The Mills Bros. Great Hits DOT Records DLP 25157  1968   Vinyl LP  VG+,1.00,0.1277
v1|127963095497|0,LIBERACE:Liberace Sends You Love Brookville BR-300 3LP 1974 VG-/VG-,1.00,0.1276
v1|198483170968|0,"The Telling - The Telling  In Praesenti 4-Track 12"" GOTH Album VINYL RECORD 1986",23.48,0.1276
v1|147424787094|0,Prokofiev Love for 3 Oranges Suite Ravel La Valse Susskind LPO Direct-to-Disc!,12.99,0.1276
v1|366528314012|0,Paul McCartney McCartney ii 1ST PRESSING W/RARE PROMOTIONAL DEMO Vinyl,525.00,0.1275
v1|188613870912|0,Method Man 4:21 the Day After Vinyl Rap Hip Hop Riginal OG VG/VG,30.00,0.1275
v1|336677497226|0,"Burt Bacharach – Make it Easy on Yourself, vinyl LP Still in Plastic! VG+",3.00,0.1274
v1|236923737214|0,"Vox Military Band - Marches Militaires Françaises 12"" LP 33RPM Stereo VX 2.950",5.07,0.1274
v1|267720787407|0,The Ventures A Go-go Vinyl LP BST-8037,3.99,0.1273
v1|327252150862|0,"Blood, Sweat & Tears LP ""3"" VG++ VG+ BX5",3.00,0.1272
v1|407056595210|0,"Steely Dan ""Gaucho"" Vinyl LP 1980 Pop Rock/Jazz Rock/Classic Rock OG",10.50,0.1272
v1|147424506552|0,The Strawberry Alarm Clock Incense And Peppermints  Stereo LP 1967 NM 73014,150.00,0.1272
v1|178293681801|0,"D'Angelo Lady (The Remix) 12"" Black Vinyl 33RPM Promo Single EMI SPRO-10458",22.00,0.1272
v1|358767452923|0,Dottie West Carolina Cousins LP RCA 1975 VG+ in SHRINK,1.00,0.1272
v1|236917266143|0,Fireworks (Self Titled)LP CCM 1977,0.99,0.1271
v1|366528055822|0,Pink Floyd–The Dark Side Of The Moon–1973 Harvest–SMAS 11163 Vinyl LP,11.00,0.1271
v1|267720762888|0,The J. Geils Band You're Gettin' Even While I'm Gettin' Odd vinyl LP  1984 VG,3.99,0.1270
v1|188521457121|0,Johnny Cash - Hymns From Heart - Columbia CS-8522 LP Vinyl Record - EX,0.99,0.1270
v1|168522401234|0,The Four Preps – 26 Miles (Santa Catalina) / It's You - 1957  EX,2.65,0.1269
v1|287447114948|0,B.B.D [Single] [12 inch Vinyl Disc] by Bell Biv DeVoe Promo 1990,8.00,0.1269
v1|358769153757|0,Robin Trower -Long Misty Days-1976 vinyl lp,8.00,0.1269
v1|800293747390|0,BEATLES – The White Album – Pre-Owned 2-Disc Vinyl LP in Great Condition!,30.00,0.1268
v1|206401214393|0,EVITA FESTIVAL  1979 RSO RECORDS VINYL DISCO LP RECORD ,4.99,0.1267
v1|236929469733|0,Italo Disco Yoann Touche Moi Touche Du Bois 12” Single,9.99,0.1267
v1|127962770998|0,"Henry Whitter - Fox Chase No. 2/Poor Lost Boy - Montgomery Ward M-4909 78, 1928",7.99,0.1267
v1|318551968482|0,NANCI GRIFFITH ONCE IN A VERY BLUE MOON LP NM US PHILO VINYL COUNTRY FOLK,9.98,0.1267
v1|227421281634|0,JOSETZO GRIETA  The Art Of Distraction OZONE KIDS 2008 VG+ VINYL LP Record USED,5.00,0.1266
v1|227401532352|0,Deep Purple The Book of Taliesyn OG PROMO COPY BEAUTIFUL TOP COPY! NM!,37.00,0.1265
v1|206393739333|0,Al Caiola ‎– Warm & Mellow jazz Easy Listening  LP,8.00,0.1265
v1|188521301298|0,NM PROMO - Levon Helm - Self Titled - 1978 ABC AA-1089 LP Vinyl Record,5.50,0.1265
v1|188625804711|0,Travis Scott Astroworld Vinyl Record,19.00,0.1264
v1|178291828097|0,"The Young Rascals - ""The Young Rascals"" - Self-Titled LP",3.00,0.1264
v1|318556486053|0,Joe Cocker. Vinyl Records. Vintage. A&M Records. Joe Cocker! Self Titled,10.00,0.1264
v1|137495430386|0,Lord Finesse funky Technician Test Pressing,25.00,0.1264
v1|117293720513|0,"Ace  Frehley ""Spaceman""  45RPM Audiophile Clear & Grape Vinyl DOUBLE LP NM-/NM-",17.99,0.1263
v1|178293825835|0,"808 STATE The Extended Pleasure Of Dance EP 12"" UK  ZTT ZANG 2T Techno House",28.00,0.1262
v1|327251372000|0,"M.C. HAMMER: anything goes on the dance floor GIANT 12"" Single 33 RPM",5.50,0.1261
v1|800306005520|0,Little Anthony & the Imperials LP Self-Titled Sunset records#SUS-5287 Shrink EX,7.00,0.1261
v1|198483569454|0,THE CARS LP Heartbeat City 1984 Elektra   vinyl,8.00,0.1260
v1|127966915630|0,ORIG 1961 Colpix LP GOLD LABEL The Marcels Blue Moon In SHRINK R&B Doo Wop Soul,49.99,0.1259
v1|147423541233|0,Fifth Angel Vinyl LP BFE 44201 1988,50.00,0.1258
v1|307048863593|0,Hi-Fi Band Salute to the Men of the Mall 33rpm Vinyl LP Vg+ AJ1,0.99,0.1258
v1|336677038344|0,Paul McCartney 1979 Goodnight Tonight 12” Single With VERY RARE STICKER NM,88.00,0.1257
v1|287451012254|0,Chris Gaffney-Road To Indio-Cactus Club EP 101-Vintage 1986 Rock-Rockabilly EP!!,25.00,0.1257
v1|358777647227|0,Gerry Mulligan Quartet Reunion with Chet Baker Vogue import 1957 UK Henry Grimes,9.99,0.1257
v1|147422973138|0,Glen Gray and The Casa Loma Orchestra One More Time Lp Vinyl Record,4.00,0.1257
v1|168520573792|0,"JIMMY GILMER & THE FIREBALLS ""Sugar Shack"" G+/VG Mono 1963 Ultrasonic Cleaned",3.99,0.1256
v1|117290012454|0,FARON YOUNG.ORIGINAL 1958 VINYL  LP.OBJECT OF MY AFFECTION.VG+.INSERT.COUNTRY,14.99,0.1256
v1|257610989375|0,"Foreigner SD 19109 1977 12"" LP Vinyl 33 RPM Stereo Rock",12.95,0.1255
v1|278156401631|0,THE McCRARYS - LOVING IS LIVING PORTRAIT LP ,8.00,0.1254
v1|168520570963|0,Luther Vandross Busy Body 1983 -Epic Vinyl LP VG+/VG+ ULTRASONIC CLEAN & TESTED,4.99,0.1254
v1|227421545339|0,avenged sevenfold Waking The Fallen Vinyl,120.00,0.1253
v1|257611452961|0,AZ Hey AZ Featuring SWV 12” Vinyl Single 1997 EMI Hip Hop Rap VG+ Tested,5.00,0.1253
v1|147424506347|0,'70 Concert: Recorded Live in Europe by Canned Heat Stereo Vinyl LP EX/NM,40.00,0.1253
v1|127966977769|0,1965 LP Go Now The Moody Blues #1 London Stereo In Shrink Wrap REC M- COV M-,19.99,0.1253
v1|307048178775|0,"The Butterfield Blues Band , East West, 1966 Original Mono. Allied Pressing VG",15.00,0.1253
v1|188614038920|0,"BETTY BOO & THE BEATMASTERS on LP  single "" HEY DJ "" electronic, hip house,",2.99,0.1252
v1|318557471996|0,Cause Of Death - Live Infection by Obituary SIGNED Silver Vinyl limited to 1000,199.00,0.1252
v1|198484897530|0,INSTRUMENTAL SOUNDS OF MERLE HAGGARD'S STRANGERS LP CAPITOL RAINBOW ST-80169,10.00,0.1252
v1|158064877619|0,FM (The Original Movie Soundtrack) 2LP 1978 MCA2-12000 Jimmy Buffett RARE!,59.95,0.1252
v1|298498925001|0,The Big Chill Movie Original Soundtrack Vinyl LP 1983 Motown 6062ML VG+,5.00,0.1251
v1|307048147248|0,"12"" Single - PRINCE - The Most Beautiful Girl In The World - NPG Records 1994",24.00,0.1250
v1|307048147248|0,"12"" Single - PRINCE - The Most Beautiful Girl In The World - NPG Records 1994",24.00,0.1250
v1|227421410126|0,"UK Subs - War On The Pentagon 7” Record Single, Ltd, Num, Yellow Vinyl 1997",9.99,0.1250
v1|287446087921|0,Lush Life (+2 Bonus Tracks) (Limited Edition) (Blue Vinyl),19.99,0.1248
v1|336679392211|0,24x Funk LP Record Lot Mixed Grade Kane Vangelis People,12.00,0.1248
v1|227421578149|0,Steve Winwood – Arc Of A Diver LP ILPS9576 Vinyl 1980 While You See A Chance EX!,7.00,0.1248
v1|178292483134|0,THE CHARLIE DANIELS BAND-MIDNIGHT WIND-1977 US PRESSING VINYL LP-NICE COPY,13.99,0.1247
v1|158066562868|0,BOBBY VINTON - PLEASE LOVE ME LP (22c),4.00,0.1246
v1|398151587183|0,Seals & Crofts • Get Closer Vinyl Record LP,6.99,0.1245
v1|278170814771|0,Female Soul Funk Disco 4 LP LOT-Roberta Flack-Sister Sledge-Carol Douglas-Mills,6.88,0.1245
v1|366534475710|0,RCA LSC 2465 MALCOLM FRAGER Prokofieff CONCERTO NO.2 Leibowitz Germany 1960 VG++,2.99,0.1244
v1|358758630681|0,DIANNE BROOKS - BACK STAIRS OF MY LIFE REPRISE LP PROMO,8.00,0.1244
v1|318512230795|0,Foreigner – Double Vision - US Club Edition LP 1978,4.99,0.1243
v1|188614178205|0,"OPENED- APPLE RECORDS- THE BEATLES "" Help"" JAPAN IMPORT VINYL LP",12.00,0.1243
v1|178282130606|0,"Bette Midler, Alan Bates Lp The Rose Soundtrack On Atlantic - Nm / Vg++ (shrink!",15.00,0.1242
v1|398151212121|0,"1963 JAN & DEAN ""DRAG CITY"" 45rpm 7""",10.00,0.1242
v1|168521727140|0,Nina J Daughtrey You Are All Around 7 Inch Vinyl Hemphill Sounds Country Gospel,20.00,0.1241
v1|307048359443|0,MGMT - Little Dark Age Vinyl Record 2xLP LDA,17.50,0.1240
v1|117290863509|0,PERCY FAITH BIM BAM BOOM (VG+) CS-9329 LP VINYL RECORD,9.99,0.1240
v1|318515754025|0,"Cliff Richard – Stronger Than That - UK Import 12"" + Signed Print",4.99,0.1240
v1|407056919083|0,ALICE IN WONDERLAND STARING MAGILLA GORILLA P-13830,2.99,0.1238
v1|117284965642|0,Four Tops WLP promo LP Keeper Of The Castle 1972 ABC Dunhill DSX-51029 vg+,16.00,0.1238
v1|117290319852|0,Don Gibson vinyl album on Hickory records,3.00,0.1238
v1|147424670519|0,"Assorted Vinyl Records - Disneyland Records, Spaced Out Disco +More",45.00,0.1237
v1|327246549191|0,Green Day Dookie 2008 Reissue Black Vinyl LP. Like New Copy!!,13.50,0.1237
v1|377326091274|0,BARBIE Journey To Jesus BOND 1971 Country VG+ VINYL LP Record USED,5.00,0.1237
v1|257611420673|0,Steve Miller Band Book of Dreams 1977 LP Record Capitol EMI Original Insert,6.00,0.1236
v1|227421243331|0,ARK 2 FLAMING YOUTH Sample copy.,10.00,0.1236
v1|407055782304|0,Santana Self Titled III LP 1971 Columbia KC 30595 Record Clean,9.00,0.1236
v1|278154809849|0,"FULL FORCE - TEMPORARY LOVE THING COLUMBIA 12"" SHRINK",7.00,0.1235
v1|278170802404|0,Full Force Test Pressing Our Love Is So Def 12” Vinyl,6.88,0.1235
v1|168521776910|0,"THE TEMPTATIONS~""SAIL AWAY""~Orig. 1983-FUNK~SOUL~7'' 45rpm~1720 GF~M-",0.99,0.1234
v1|236917458193|0,Italo Disco Giorgia Tell Me Why 12” Single,4.99,0.1234
v1|366528664288|0,"2 Awesome Vinyl Record Lot, Bluegrass Special & Early Blue Grass John Henry",20.00,0.1234
v1|168522400972|0,Armenian Jazz Sextet - Harem Dance / Pretty Girl 1957 VG+,2.65,0.1233
v1|267720780796|0,RAINBOW (DEEP PURPLE) 1983 (ENGLAND) 12” 3 SONG EP CAN’T LET YOU GO / NEAR M,5.00,0.1230
v1|178281917290|0,Aussie press Frankie Goes To Hollywood Welcome To The Pleasure Dome 2LP 1984,12.99,0.1229
v1|227416514945|0,"GILBERT AND SULLIVAN, THE GONDOLIERS 2 LP SET ~ D'OYLY CARTE Excellent Condition",11.75,0.1228
v1|407056660120|0,Reader's Digest Mood Music for Listening and Relaxation LP Box Set (1968),5.00,0.1228
v1|318556493279|0,Petey Pablo. Promo Vinyl Lot Of 2. Get Me Out Of Jail. Club Banger,10.00,0.1228
v1|336677334298|0,Musicraft 320-A/320-B Herman Chittison Trio Thelma Carpenter Of My Life,1.00,0.1228
v1|158054564390|0,"The Vienna Choir Boys Sing Madrigals of Italy, Germany, England & France LP",15.00,0.1228
v1|327251978347|0,Wanda Jackson - Wonderful Wanda Limited Edition [LP] NM Played Once,20.00,0.1227
v1|236923422726|0,Coal Miner's Daughter Original Soundtrack MCA-5107 Lp Nice VG/VG+,0.01,0.1227
v1|257611453891|0,Statler Brothers Holy Bible The Old & New TestamentSouthern GospelMusic 1975,7.89,0.1227
v1|377332067353|0,"Bubba Sparxxx Ugly Vinyl 12"" Single Rap Beat Club Hip-Hop 069497062-1",8.88,0.1227
v1|307047742573|0,"The Lemon Pipers 1968 Buddah 45rpm ""Rice Is Nice"" b/w ""Blueberry Blue"" BuBBleGuM",9.95,0.1227
v1|137493105772|0,Chris Connor & Maynard Ferguson Double Exposure (1984 Vintage Vinyl),10.00,0.1227
v1|358767615004|0,The Carpenters Now and Then Vinyl LP,15.00,0.1226
v1|147423854111|0,"JESSE WINCHESTER ""A TOUCH ON THE RAINY SIDE"" 1978 U.S. Bearsville LP VG+/M-",0.99,0.1226
v1|358777781208|0,Pepper Adams Critics Choice Pacific Jazz PJM-407 Doug Watkins Jimmy Rowles 1957,11.67,0.1226
v1|307048317660|0,"Mick Fleetwood The Visitor Black Vinyl LP 12""",5.00,0.1225
v1|168522400315|0,Bill Doggett – Honky Tonk (both sides)  1956  VG+,2.65,0.1225
v1|318555238877|0,"""Cold Cock'd"" by Disco Agents 12-inch vinyl record",8.00,0.1224
v1|147423786877|0,Guy Clark Old No 1 Lp Nm,69.99,0.1224
v1|147422582303|0,Great Speckle Bird  Roy Scuff,5.00,0.1223
v1|198483572295|0,WHO - I' M FREE RARE GREEK 45 PLAYS VG - TO VG++ CONDITION,12.00,0.1223
v1|398151111771|0,Dwarves Radio Free Dwarves vinyl LP test press Greedy Riot Style,350.00,0.1222
v1|298494576293|0,"Tell Me That It's over by Wallows yellow vinyl (Record, 2022)",20.00,0.1221
v1|257611068578|0,"THE TREMELOES - SUDDENLY YOU LOVE ME - LIKE NEW, MINT",14.99,0.1220
v1|327251914089|0,Randy Newman – Good Old Boys - 1974 - Reprise Records MS 2193 Vinyl ,2.75,0.1220
v1|227424650290|0,"Mambo For Cats, RCA LPM-1063, Rare Album ",55.25,0.1220
v1|307050049383|0,"Brian Hyland “The Joker Went Wild, Run Run, Look & See” Vinyl LP Tested EX",3.99,0.1220
v1|127963081903|0,"Los Lobos How Will the Wolf Survive? Slash LP Vinyl Rock 12"" Record Black",9.00,0.1220
v1|257611060232|0,ROY WOOD - BOULDERS - NM- FIRST EDIITION - ELO RELATED ,17.99,0.1219
v1|307048381926|0,2 LP's AMAZING GRACE Royal Scots Dragoon Guards & Regime Brigade of Scotland,8.00,0.1219
v1|236929077490|0,Italo Disco Walter Martino Turn It On 12” Single,14.99,0.1219
v1|358755572524|0,CHARLES BROWN - PLEASE COME HOME FOR CHRISTMAS KING 45 AMOS MILBURN,8.00,0.1219
v1|147423448223|0,Lenny Original Broadway Cast 2 LP Set BTS 9001 MINT Unplayed Vinyl,15.00,0.1219
v1|287447464003|0,The Monkees  I'm A Believer /I'm not your steppin stone -Colgems 1966,6.00,0.1216
v1|158054564369|0,Swingle Singers II present Luciano Berio LP,30.00,0.1215
v1|358758310812|0,"""Hi...Simply Hi""  LP by Ron Gaylord & Burt Holiday",7.99,0.1215
v1|278164056883|0,70’s Pop Soft Yacht Rock 4 LP Lot-Leo Sayer Shaun Cassidy Rupert Holmes Vinyl,9.99,0.1215
v1|127963157030|0,"Rickie Lee Jones ""Pirates"" 1981 Vinyl LP ",3.00,0.1215
v1|318512202006|0,Journey – Escape - US LP + OIS 1981 embossed sleeve,5.50,0.1215
v1|198485112263|0,RARE BEATLES ‘EIGHT DAYS A WEEK’ 1970 APPLE BLACK STAR LA PRESSING 45 SINGLE NM-,23.50,0.1214
v1|137500014842|0,Models Out Of Mind Out Of Sight 1985 NM Vinyl Lyric sleeve,6.99,0.1214
v1|287445907868|0,NEIL DIAMOND Hot August Night 1972 Vinyl 2xLP MCA Records MCA 2-8000 - VG,9.25,0.1213
v1|307042665450|0,"Blue Movie “ Hearts In Clubs” Vinyl = VG+  12"" LP Record Rock, Alternative Rock",3.00,0.1213
v1|227405809950|0,TED NUGENT - WEEKEND WARRIORS - HARD ROCK - VG++ VINYL,5.99,0.1212
v1|358758630300|0,PEABO BRYSON - DON'T PLAY WITH FIRE CAPITOL MODERN SOUL LP SHRINK,8.00,0.1211
v1|188614539250|0,Sentimental Journey 30's 40's RCA PRS-356 Brookville 2 Vinyl LP's Excellent 1972,6.84,0.1211
v1|257610700079|0,Luther Vandross LP 1985 The Night I Fell In Love Stereo EPIC,12.00,0.1210
v1|318554784600|0,Olivia Newton-John: If You Love Me Let Me Know 1974  MCA-411 First Pressing LP,10.00,0.1210
v1|298488951378|0,"1972-BILLY PRESTON, ""SLAUGHTER / GOD LOVES YOU"", 7"" A&M RECORD, R&B, SOUL, FUNK",0.99,0.1210
v1|327247246075|0,Festival Di San Remo 1972 LP Seven Seas Rare King Records Japan,25.00,0.1208
v1|147423478477|0,ELVIS PRESLEY EP EPA-821 HEARTBREAK HOTEL RARE COVER ORIGINAL DOG ON TOP NMMT/NM,22.50,0.1208
v1|178292831310|0,"Polydor 33 RPM Record, Die Grobe Starparade,Folge 11, El Paso, VG ",4.00,0.1208
v1|366532707442|0,"COLONEL ABRAMS, You And Me Equals Us USA New Sealed LP FREE SHIPPING",2.00,0.1208
v1|147424506669|0,"White Label Promo JAMES GANG ""STRAIGHT SHOOTER"" orig ABCX-741 vintage vinyl LP",45.00,0.1207
v1|307048063010|0,"Lou Gramm 45RPM 2FER! ""Midnight Blue/Ready or Not"" 1987 80s Rock 7""  Vinyl PS NM",3.50,0.1207
v1|206402363836|0,"Northern Soul   Junior and the Classics    ""The Dog""   PROMO",30.00,0.1207
v1|188613979657|0,"REDHEAD KINGPIN & THE FBI on LP  single ""PUMP IT HOTTIE "" hip hop new jack swing",2.99,0.1207
v1|117291373349|0,Judy Garland Judy In Love 1958 In Stereo-Vinyl and CD.VG plus to Exc.vinyl.CD-Vg,29.00,0.1206
v1|178294083164|0,BLAKAMIX RECORDS HEARTICALLY VOL 1 U.K. VARIOUS REGGAE COVER + VINYL NEAR MINT!,14.99,0.1206
v1|178294225170|0,DESMOND CHILD AND ROUGE 1979 SELF TITLED VINYL LP-VERY NICE VINYL COPY,19.50,0.1205
v1|800309008885|0,"HERESIE Virgin Prunes BOX SET-GREAT CONDITION-Two 10"" Records VINYL w/ 5 INSERTS",16.99,0.1205
v1|147417592666|0,"Jethro Tull ""Too Old to Rock n Roll"" 1 st US pressing Chrysalis 1975",12.33,0.1205
v1|287438597538|0,"Four Old 7"" On A 12"" Teen Idols Government Issue Youth Brigade W/foldout poster",35.00,0.1205
v1|377332069397|0,"Nick Cannon Feelin' Freaky Vinyl 12"" Single Promo Hip-Hop Jive 82876-51674-1",11.00,0.1204
v1|287446085050|0,Jay White – The Alto Sax Of Jay White Takes Me To Far Away Places   2-Ext play,8.95,0.1204
v1|267720805334|0,"Carly Simon ""Boys in the Trees"" vinyl - 1978",3.00,0.1204
v1|178291834191|0,Necrophagist – Epitaph - Galaxy Colored Vinyl LP Album NM,29.99,0.1204
v1|267717924954|0,Elvis Presley THAT'S THE WAY IT IS LSP-4445 (USA 1970 ORIGINAL) RARE RIGID,15.00,0.1203
v1|236917089013|0,DAVE GRUSIN / NIGHT-LINES LP (1984) Grade (E) Excellent,5.00,0.1203
v1|307043118932|0,"France Joli “France Joli” Stereo Vinyl = VG:VG+ 12"" LP Record Electronic, Disco",8.00,0.1202
v1|158054564375|0,"I SOLISTI VENETI, RAMPAL, PIERLOT LP Corelli, Platti, Tartini, Marcello MHS1168",22.00,0.1202
v1|318551257703|0,John Mayer ~ Sob Rock Limited Triple Swirl Vinyl LP Record Artist Exclusive,19.99,0.1201
v1|117284987631|0,The Great Radio Horror Shows Bela Lugosi Vinyl 3 LP Box Set Murray Hill 933977,25.99,0.1201
v1|127962940737|0,"1973 Electric Light Orchestra ""On The Third Day"" Vinyl LP - EX - W/Dust Jacket",6.99,0.1201
v1|137493091650|0,Blackfoot Marauder 1981 Vintage Vinyl German Import,10.00,0.1201
v1|407056243245|0,Yabby You & Michael Prophet “Meeting…In Dub” Vivian Jackson Reggae Dub OG Vinyl,24.50,0.1200
v1|178292413863|0,Danny Davis LP Album-America 200 Years Young,4.75,0.1199
v1|398150841916|0,Zombies/ She's Not There,10.00,0.1199
v1|307047867332|0,"Troll Associates Stone Soup 7"" Vinyl LP 33 RPM 1982 T-32",12.08,0.1198
v1|168522400700|0,Eddie Albert & Sondra Lee  - Little Child / Jenny Kissed Me 1956 VG+,2.65,0.1198
v1|137493040330|0,Lionel Hampton-Golden Vibes LP,5.00,0.1197
v1|127963735475|0,"DuPont - Creosote / Black Man's God White Man's Soul Brother 1993 7"" Single",4.00,0.1196
v1|358755567917|0,DETROIT EMERALDS - LEE  WHATCHA GONNA WEAR TOMORROW WESTBOUND 45,8.00,0.1196
v1|377326078565|0,"THE HUSSY Clothes Mountain 2013 Germany Rock 10"" LP VINYL Record ALBUM VG+ USED",5.00,0.1196
v1|377325770628|0,BOB DYLAN: BLOOD ON THE TRACKS Promo/DJ Album~COLUMBIA #JC 33235 • Near Mint,49.99,0.1196
v1|377326078596|0,FOUR OF A KIND Summer Fun COMET 1969 Religious Pop VG+ VINYL LP Record USED,5.00,0.1196
v1|298488951242|0,"ARTHUR GODFREY, ""YOU CAN'T PUT THE LEAVES BACK ON THE TREE / FREEDOM IS AMERICA""",0.99,0.1196
v1|287446931156|0,Rias Kammerorchester & Chorus Carnival Time on the Rhine (German Favorites- Lp J,5.00,0.1195
v1|318515761521|0,"Cliff Richard – Never Say Die (Give A Little Bit More) - NL Import 12"" 1983",4.99,0.1195
v1|307042565970|0,Mickey Mouse Club: Mousekedances and Other Mouseketeer Favorites 12 inch vinyl,5.00,0.1195
v1|318512186028|0,Elton John – Breaking Hearts - US Club Edition LP 1984 STILL SEALED,4.99,0.1194
v1|188614192524|0,"OPENED- MFSL RECORDS- JOHN MELLENCAMP ""The Lonesome Jubilee"" AUDIOPHILE VINYL LP",56.77,0.1193
v1|327251471495|0,Obituary - Obituary LP 2022 Relapse – RR47811[Halloween Orange Galaxy Edition,23.00,0.1193
v1|267720804481|0,Dan Fogelberg - The Innocent Age - Vinyl 1981,3.00,0.1193
v1|307047757937|0,The Keith Stonecipher Orchestra Plays The Music Of America - Vinyl LP,4.00,0.1193
v1|236923698855|0,Metro Leroy Anderson Songbook Starlight String Orchestra LP MS-545,1.81,0.1192
v1|398152947228|0,"THE PLATTERS - Twilight Time / Out of My Mind 1958 R&B SOUL Mercury 7"" (VG+)",70.00,0.1192
v1|287446085052|0,The impeccable  Mel Powell    on  ESQUIRE  ext. play    IMPORT    1956   NICE !,8.95,0.1192
v1|188616868331|0,Ratt Invasion Of Your Privacy Vinyl LP Album from 1987 in VG+ Condition,60.00,0.1192
v1|257611066548|0,JOE WALSH - THERE GOES THE NEIGHBORHOOD-  NMINT PROMO COPY- NUMBERED EDIT,16.99,0.1192
v1|147423561902|0,"U2 VINYL ep's 12"" 45's from 1984-85-88 UK IMPORTS",30.00,0.1192
v1|117284965756|0,Genesis LP Invisible Touch 1986 Atlantic 81641-1-E ex with inner sleeve,9.99,0.1192
v1|178291874702|0,"Led Zeppelin Hey Hey What Can I Do 7"" (Japanese issue)",35.00,0.1191
v1|358768412701|0,Big Mama Thorton Vinyl Album Stranger Than Dirt VG+,25.00,0.1191
v1|278153900216|0," P.F.M.* ‎– Cook LP",29.00,0.1191
v1|188612810145|0,Sonya Chamina Russian Emigrant LP Kismet Records K-004 Соня ШАМИНА,20.00,0.1191
v1|287445225890|0,"Funkmaster Flex 12"" Vinyl 1993 No Sleeve",10.00,0.1191
v1|198481294043|0,THE BEACH BOYS KEEPIN THE SUMMER ALIVE LP NM NEAR MINT US CARIBU VINYL 1980,9.98,0.1191
v1|158064922298|0," 2LP Record Devotional 1973 Hi GOD Carey Landry & Carol Jean Kinghorn - Hi God -",14.00,0.1190
v1|267720761524|0,Ian Matthews - Stealin' Home - Vinyl LP,2.99,0.1189
v1|267720796894|0,The Souther Hillman Furay Band / Self-Titled Vinyl Record 1974 Asylum Records,2.99,0.1189
v1|377326091220|0,INCANTATION Diabolical Conquest AUTOGRAPH 2013 2xLP VINYL Record ALBUM VG+ USED,41.33,0.1187
v1|377326165027|0,Charleston Chasers On Columbia 2415 Basin Street Blues / Beale Street Blues ,20.00,0.1187
v1|377326165964|0,Ipana Troubadours On Columbia 1009  Wherever You Go - Whatever You Do ,15.00,0.1186
v1|178292362442|0,Watching Movies with the Sound Off - Mac Miller - Clear + Red Splatter Vinyl UO,50.00,0.1186
v1|358768010783|0,Atlanta Rhythm Section - Underdog (1979) – White Label Promo - REV2 Pressing,75.00,0.1185
v1|227421156305|0,"1987 Swing Out Sister, it's better to travel, Mercury 832 213-1 Q-1 vinyl Pop NM",17.95,0.1185
v1|137493099857|0,SARAH VAUGHAN ALL TIME FAVORITES LP 1963 MONO Vintage Vinyl ,10.00,0.1184
v1|358777658084|0,Buddy Collette Swinging Shepherds Mercury SR 8005 stereo Bud Shank Paul Horn,9.99,0.1183
v1|188612725593|0,"Willi TOKAREV ""Life Is Always Beautiful"" Russian Emigrant LP",85.00,0.1183
v1|227424111971|0,Big Boys Lullabies Help the Brain Grow LP with Lyric Sheet Insert x-mist Reissue,20.00,0.1182
v1|278170802342|0,Carl Malcom-No Jestering LEO RECORDS 45 REGGAE Near Mint,4.99,0.1182
v1|147428221798|0,"1984 Trans-X ‎– Message On The Radio / Living on Video 12"" Vinyl Record",15.00,0.1181
v1|188616715590|0,RARE MAN ON THE MOON Apollo 11 LP Narrated by WALTER CRONKITE AND ONE GIANT STEP,25.00,0.1181
v1|127963171281|0,Amy Grant The Collection Vinyl Picture Disc,15.00,0.1181
v1|278170802548|0,THE FLYING DUTCHMAN 3 LP Vinyl Record Box w Book Stereo Angel Records Classical,3.55,0.1179
v1|398152039032|0,"Duke Jenkins Something New 12"" Vinyl LP Soul Venus Records 33 RPM 3384",20.00,0.1178
v1|307048978754|0,Bachman-Turner Overdrive Not Fragile Vinyl LP Record 1974 Pressing Embossed,5.99,0.1178
v1|267720800050|0,Dave Edmunds Twangin SS 16034 vinyl lp 1981 Swan Song,2.99,0.1176
v1|800309018868|0,Blue Strings The Cambridge Strings Vol. 4 Vinyl LP Record,7.00,0.1175
v1|358769496275|0,TG Shepard Vinyl Albulm,0.88,0.1175
v1|377328840689|0,1972 BILL HALEY & His Comets GOLDEN HITS album 2 lp Rock Around The Clock,399.00,0.1175
v1|158064220014|0,Marshall Crenshaw Downtown Warner Bros Records vinyl LP Excellent,10.00,0.1175
v1|147427862999|0,The Edger Winter Group Shock Treatment 1974 1st Press NM Lyric Sleeve,12.99,0.1175
v1|336677641973|0,Zoot Sims Quintet – Zoot! (Japan Press) RLP 12‑228 • G+ Vinyl / VG+ Sleeve,9.99,0.1174
v1|307048730489|0,"Yngwie J. Malmsteen's Rising Force ‎– Marching Out (LP, 1985 Polydor, Richmond)",14.99,0.1174
v1|278171675297|0,"Take the Manic Ride by Bl'ast (Record, 1989)",22.80,0.1174
v1|298488085400|0,THE MONKEES - MORE of THE MONKEES Com-102 LP~Vinyl G,1.00,0.1173
v1|168522400895|0,Dorothy Hall – King Of The Road / Party Line  VG+,2.65,0.1173
v1|336677522822|0,Eurythmics - Sweet Dreams (Are Made Of This) Vinyl LP (AFL1-4681) 1983,5.00,0.1173
v1|307048293855|0,"1977 Simone Shapiro: Chopin Piano Concerto No 1, Summit SUM 1075 LP",4.40,0.1172
v1|168522400785|0,Gale Storm – Dark Moon / A Little Too Late  1957 VG+,2.65,0.1171
v1|206402945371|0,NEW Death and Vanilla - A score to Drayers “Vampyr” Fire Records LP Color Vinyl,20.00,0.1171
v1|800304775980|0,Aevangelist - Writhes In The Murk LP,15.00,0.1171
v1|327252285096|0,The Doors La Woman Vinyl Record LP 1971 Original Stereo EKS-75011,30.00,0.1170
v1|358769220889|0,IRON MAIDEN Iron Maiden original Japanese vinyl LP EMI EMS-81327,14.50,0.1170
v1|318556917000|0,Kelley Hunt & Kinetics Blue Light Special 1981 Alt New Wave Blues Rock Lp Shrink,4.99,0.1169
v1|318555760410|0,NAT KING COLE RAMBLIN' ROSE LP 1962 RE '69 SHRINK GREAT CONDITION! VG+/VG++!!D,28.00,0.1168
v1|168522401183|0,The Rover Boys-Young Love/From A School  Ring to a Wedding Ring 1956 EX,2.65,0.1168
v1|137492002970|0,"Barbara Mandrell – “In Black & White” Vinyl, LP 1982 MCA Records – MCA-5295",1.99,0.1166
v1|298488542588|0,Caravanserai by Santana  LP ~Vinyl-VG,1.00,0.1166
v1|800309019352|0,Engelbert Humperdinck Miracles Vinyl LP Record  Near Mint !,8.00,0.1165
v1|398159727967|0,FELIPE PIRELA Unica Mente Tu Latin LP Porfi Jimenez Vinyl Record,6.88,0.1165
v1|188613349725|0,Bill Black's Combo Solid and Raunchy 1960 Hi Records HL 12003 Vinyl LP Monaural,1.87,0.1164
v1|257610861661|0,"THE ""5"" ROYALES PLEASE PLEASE PLEASE/I GOT TO KNOW HOME OF THE BLUES 112 MEMPHIS",9.99,0.1164
v1|257615480453|0,"The Johnny Van Zant Band ""No More Dirty Deals"" 1980 Vinyl LP",9.99,0.1164
v1|257612105195|0,Dennis Day Clancy Lower the Boom / Romance Rose RCA Victor Record VG+78 Jazz,2.50,0.1164
v1|307047711245|0,"Billy Preston , Late At Night, 1979 Original Lp VG+/VG+",6.00,0.1163
v1|358767659937|0,Alessi - Words and Music (1979) – Gold Stamp Promo – Rare Yacht Rock,30.00,0.1163
v1|377325770631|0,THE ROLLING STONES: AFTER-MATH~DJ/Promo German Import Album~DECCA #6.21396 NMint,49.99,0.1163
v1|127963095097|0,"ED AMES:Time, Time RCA LSP-3834 LP 1967 G/VG",0.99,0.1163
v1|278169796171|0,"America Warner Bros. Records BS 2576 12"" Vinyl LP",18.99,0.1162
v1|158066726668|0,JUDY COLLINS Hard Times For Lovers 1979 LP Record Folk Rock #171,5.99,0.1162
v1|158064388618|0,Tony Bennett – Tony Makes It Happen! (1967) – Columbia CS 9453 – 2-Eye Stereo LP,4.00,0.1162
v1|336678473387|0,"""More Dances from Ukraine"" ~ Paul Kelechava ~ 1963 Colonial Mono",5.98,0.1162
v1|307048862778|0,"DORIS TROY  ""Sings Just One Look"" '22 Real Gone Music LP GREEN VINYL in SHRINK",15.00,0.1161
v1|127966437969|0,Ketty Lester But Not for Me / Once Upon a Time  ERA Records 45-272-RE-1,1.50,0.1161
v1|366528398266|0,VIVA LA FRANCE 5 & 6 - 4 LPs - SYLVIE VARTAN - DALIDA - Acceptable,7.99,0.1160
v1|188614728092|0,Doctor Zhivago Soundtrack LP SIE6-STX MGM/Polydor 1979 Gatefold Vinyl Like New,1.60,0.1159
v1|236917096141|0,Andreas Vollenweider / CAVERNA MAGICA LP,6.50,0.1159
v1|257605030260|0,"Art Farmer Tentet - Brass Shout LP - United Artists, UAL4047",9.99,0.1159
v1|366528318065|0,The Beach Boys Keepin’ The Summer Alive 1ST PRESSING W/KENDUN ETCHINGS Vinyl,845.00,0.1158
v1|188613966058|0,"ALISHA on LP  single "" BOUNCE BACK "" electronic house freestyle",4.99,0.1157
v1|377326096140|0,Jerry Fenwyck On Clarion Now’s The Time To Fall In Love ,20.00,0.1157
v1|236918285188|0,"POISON - Swamp Juice,Unskinny Bop/Valley Of Lost Souls, 45 New NM, 1990, Enigma",4.99,0.1156
v1|398150759929|0,DR. HOOK - SOMETIMES YOU WIN Vinyl LP RECORD 1979 Album Sexy Eyes SW 12018 NM,3.08,0.1156
v1|800306005521|0,Quincy Jones – Sounds And Stuff Like That - 1978 Vinyl LP Record Album  EX/EX,5.00,0.1156
v1|137482044163|0,"MASON PROFITT--""Bareback Rider""--1973 Issue--Country Rock--Very Clean Vinyl-Rare",4.95,0.1155
v1|127962549996|0,RARE DOOWOP - CO-EDS - WHEN IT'S OVER - ORIGINAL CHA CHA 715 - M-,8.00,0.1155
v1|327251925752|0,Tbeats - The Sound Of My Mind Part II - CD - Brand New,4.99,0.1154
v1|168521153054|0,Bobby Bland I'll Take Care Of You 1959 Duke Soul/Blues VG+,25.00,0.1153
v1|168522401146|0,Shepherd Sisters-Alone (Why Must I Be Alone) /Congratulations to Someone  1957,2.65,0.1152
v1|178291637779|0,Murder By Death Good Morning Magpie LP (2010 issue),50.00,0.1152
v1|127962940984|0,"1979 Electric Light Orchestra ""Discovery"" Vinyl LP Album - VG - W/Dust Jacket",6.99,0.1152
v1|398152727471|0,Andre Benichhou Jazz Guitar Bach Vinyl,5.00,0.1152
v1|377328570880|0,Horace Heist / Nat Shilkret on Victor 22195 ,12.00,0.1152
v1|236923912748|0,Z - MIKIS THEODORAKIS  COLUMBIA # XSM 150815 VINYL LP RECORD  - NEAR MINT,7.99,0.1152
v1|236917096828|0,Andreas Vollenweider / Down to the Moon LP,6.50,0.1151
v1|188614195414|0,"OPENED- ABC RECORDS- D. CROSBY & G. NASH ""Whistling Down The Wire"" VINYL LP",6.00,0.1151
v1|398151773852|0,HAIR The American Tribal Love-Rock Musical The Original Broadway Cast Vinyl,5.00,0.1150
v1|236917265147|0,The Imperials (Heed The The Call)LP CCM 1979,0.99,0.1150
v1|366528935273|0,"Canadian Sweethearts (Lucille Starr & Bob Regan) LP ""Side By Side"" EX VG++ BX10",3.00,0.1150
v1|800305704538|0,Melanie Martinez After School EP Blue Colored Vinyl Record EP Atlantic Records,13.00,0.1150
v1|236929268092|0,Italo Disco Colby Giorgio Moroder - From Here To Eternity 12” Single,14.99,0.1149
v1|178292255830|0,"Kenny Rogers Daytime Friends LP 12"" Vinyl Record",9.99,0.1149
v1|257611068904|0,OUT OF SIGHT - 20 ORIGINAL HITS - K-TEL RECORDS - LIKE NEW - NM+  IN SHRINK WRAP,14.99,0.1148
v1|287451799487|0,Sadao Watanabe California Shower LP • IC6062,7.00,0.1148
v1|398153390317|0,Billy Vaughn Plays The Million Sellers Vinyl,2.69,0.1148
v1|236924779104|0,"RALPH CARMICHAEL & ORCHESTRA, CHORUS LP PORTRAIT STEREO LIGHT VERY FINE 5726",3.49,0.1148
v1|227421175240|0,Rare Lu Watters Yerba Buena Jazz Band 78RPM That’s A Plenty Bienville Blues 1946,10.00,0.1148
v1|307049285471|0,Frank Zappa Sheik Yerbouti Promo 2 LP US Press with DJ Sticker and gold stamp M-,56.99,0.1147
v1|287447113969|0,Boots Randolph's Yakety Sax! Vinyl LP Stereo JAZZ Monument,7.00,0.1147
v1|227416672595|0,Kehlani SweetSexySavage Vinyl Gatefold ,45.00,0.1147
v1|298488774798|0,aLL The Hits by BOBBY RYDELL Cameo LP Album c 1019,9.99,0.1146
v1|358768617720|0,Squeeze-vinyl,10.00,0.1146
v1|117290272396|0,Demi Lovato - It's Not That Deep Purple Vinyl Record w/ Signed Photo Autographed,20.00,0.1146
v1|327251435477|0,The Musical Score of GIGI Vinyl Ira Wright SA 48 Rondo-Lette Sterophonic,2.02,0.1145
v1|158066138513|0,Barry Miles Miles Of Genius 1962 Vinyl LP Shrink  Jazz Bop Charlie Parker Record,6.00,0.1145
v1|358768713581|0,UFO Strangers In The Night 2LP (1979) Rare Gold Stamp Promo w/ Hype Sticker,75.00,0.1145
v1|398150237833|0,"Taylor Swift RED (Taylor's Version) Republic Records Black Vinyl LP 12"" 33 RPM",20.50,0.1145
v1|178292618555|0,"Decca LP Record, Loretta Lynn , Hymns, VG ",1.50,0.1145
v1|327252150861|0,"Brewer & Shipley LP ""Tarkio"" VG++ BX5",3.00,0.1144
v1|377332072702|0,"Kurtis Blow The Breaks Vinyl 12"" Single Mercury Hip-Hop MDS-4010 1980",7.77,0.1144
v1|188613536035|0,Eric Burdon & The Animals/ Self Titled / Vinyl LP / 1975 / Made In UK,9.99,0.1143
v1|236929413473|0,Italo Disco Legend Keep On Dancin’ 12” Single,19.99,0.1143
v1|278156401572|0,AURRA - A LITTLE LOVE SALSOUL LP FRANCE IMPORT,25.00,0.1143
v1|198483676486|0,George Russell at Beethoven Hall LP Don Cherry Saba Records - Klabin collection,19.38,0.1141
v1|287447113985|0,J.J.Thomas Everest Golden Greats EV-4104,5.00,0.1141
v1|377319933749|0,RUFUS - PARTY 'TIL YOU'RE BROKE MCA LP PROMO,8.00,0.1141
v1|358768800432|0,Rank and File-vinyl ,10.00,0.1141
v1|227424283071|0,"Lifetime An Outstanding Record Achievement, Somewhere In The swamps 7inch",20.00,0.1140
v1|127963614660|0,Show Of Hands - A New Day Not Forgotten 7” Vinyl Hardcore Punk Music 45,9.00,0.1140
v1|168520809580|0,Robin Trower In City Dreams Vintage Vinyl LP Chrysalis - EX - Ultrasonic Cleaned,9.99,0.1140
v1|318556421117|0,Lot-LP Album-For a Few Dollars More/CasinoRoyale/How the West Was Won/Ponderosa,7.50,0.1139
v1|198483820290|0,VARIOUS: a demonstration of the new dimensional sound of dynamic stereo Roulette,5.00,0.1139
v1|287446085055|0,The Ran-Dells – Martian Hop / Forgive Me Darling  on  CHAIRMAN  1963  w/pic slv!,8.95,0.1139
v1|358758630125|0,GROVER WASHINGTON JR - INSIDE MOVES ELEKTRA LP SHRINK,8.00,0.1139
v1|358758416830|0,The Alan Parsons Project - The Turn of a Friendly Card - 1980 Arista AL 9518 VG+,12.00,0.1139
v1|377326078599|0,KAYE HART Yesterday & Today METROMEDIA Pop Jazz PROMO VG+ VINYL LP Record USED,5.00,0.1138
v1|398150963421|0,The Cream Swlabr,10.00,0.1138
v1|307050053662|0,Starland Vocal Band Rear View Mirror Windsong Vinyl LP BHL1-2239 Tested VG+/VG,1.99,0.1137
v1|278162583938|0,Santana Beyond Appearances LP 1985 Columbia FC 39527 Canada NM Vinyl,14.99,0.1137
v1|236917793586|0,EILEEN FARRELL HERE I GO AGAIN COLUMBIA Lp VG+ LUTHER HENDERSON & HIS ORCHESTRA,4.00,0.1137
v1|127962962431|0,Little White Duck and Other Children's Songs LP Vinyl Record,0.99,0.1136
v1|127962553255|0,HEAR! RARE NO. SOUL - BEVERLY JONES - HEAR YOU TALKING - SWAN PROMO- VG++,39.00,0.1136
v1|800304348717|0,Isaac Goodfriend Sholom Secunda LP Vinyl Record,5.00,0.1136
v1|227422422890|0,Ace Cannon The Misty Sax Of Ace Cannon Stereo Vinyl LP Hi Records SHL 32035,5.00,0.1136
v1|178291329818|0,LEONARD BERNSTEIN NEW YORK PHILHARMONIC Symphony No 5 COLUMBIA MS 6115 VG+ 1959,35.00,0.1135
v1|158063540690|0,33 RPM Vinyl Record Orchestral Manoeuvres in the Dark Forever Live & Die SP12202,11.00,0.1135
v1|298488951531|0,"1972- GRUPA CD, "" DINGL DI -DINGL DA/ MESTO ZA LJUBAV"" ,  YUGOSLAVIA ROCK BAND,",0.99,0.1135
v1|318515314819|0,Christopher Cross - s/t - US LP + OIS 1979,4.99,0.1135
v1|206401196986|0,Barbra Streisand Funny Girl LP Vinyl A New Musical Broadway  LP RECORD ,4.99,0.1135
v1|307048479391|0,"Arlo Guthrie Amigo Black Vinyl LP Folk Reprise Records 12"" MPN MS 2239",5.00,0.1135
v1|257611484171|0,Andre Previn | Itzhak Perlman “A Different Kind Of Blues” LP (1980)   NM/EX,7.89,0.1134
v1|278153718609|0,R.E.M. - Fables Of The Reconstruction With Lyric Sheet iRS Promo Copy VG+,24.95,0.1133
v1|158070784428|0,"Devo Disco Dancer 12"" single vinyl record",3.00,0.1133
v1|407056776652|0,"Pink Floyd Ummagumma Harvest Stereo 2x12"" Vinyl Double LP STBB-388 SKBB-388",10.00,0.1132
v1|188614577354|0,Johnny Rodriguez For Every Rose Epic Vinyl LP FE 38806 1983 Like New,2.18,0.1132
v1|336681767639|0,"INTEGRITY – IN CONTRAST OF SIN (ONLY 7” SLEEVE, NO VINYL, NOT A COPY) VR03",17.00,0.1131
v1|188614153412|0,"OPENED- SUB POP RECORDS- BEACH BOYS ""I Just Wasn't Made For These Times"" 7-INCH",6.50,0.1129
v1|298488774235|0,Greg Kihn Band Beserkley Promo LP Album-Kihnspiracy,4.99,0.1129
v1|377319835601|0,KRIS KRISTOFFERSON - SURREAL THING MONUMENT STEREO LP SHRINK,7.00,0.1129
v1|358779279942|0,Dave Matthews Band - Funny The Way It Is 7” Vinyl Single b/w #27 DMB Rare,29.99,0.1129
v1|168522401173|0,The Four Coins-Follow Your Heart / A Broken Promise  1957 VG+,2.65,0.1129
v1|147424506809|0,Wishbone Ash Live Dates 2 LPs  Stereo Vinyl  MCA2-80066 EX/NM Gatefold Cover,55.00,0.1128
v1|257611157849|0,4-LP's Original 1972 Boxed Set Greatest Rock And Roll Hits VG+/VG+,12.99,0.1128
v1|158066467738|0,THE SECRET OF SANTA VICTORIA ORIGINAL SCORE  - LP SNTK #5,3.00,0.1128
v1|398150785425|0," Lovin Spoonful",5.00,0.1127
v1|287450964794|0,Justin Timberlake Everything I Thought It Was Metallic Silver & Black LP Vinyl,5.00,0.1127
v1|178291241504|0,The Marx Bros. Original Voice Tracks vinyl record LP,8.50,0.1127
v1|287445491615|0,GRAHAM NASH Songs For Beginners ...LP,3.79,0.1127
v1|377326989410|0,New Orleans Jazz Heritage Festival 1976 Double Vinyl Album Rare,15.00,0.1127
v1|336677402824|0,WBAB SON OF HOMEGROWN LP 1982 Twisted Sister/Zebra/Southern Cross/Rat Race Choir,12.00,0.1126
v1|168522400795|0,"Dorothy Collins - He's Got Me Hook, Line and Sinker / Treasure of Love 1956 EX",2.65,0.1126
v1|358768294401|0,Yes Tales From Topographic Oceans Vinyl LP,15.00,0.1126
v1|206400611807|0,"Sonagi Everything Is Longing 7"" Vinyl EP Limited Ed. Yellow Glitter Secret Voice",11.18,0.1125
v1|227421164644|0,THE  WHO LP  - IT'S  HARD  LP - Not Sealed - Original Sleeve - 1982,30.00,0.1124
v1|278163969940|0,"Olivia Newton-John Let Me Be There 12"" Vinyl Record LP",9.99,0.1124
v1|318555376547|0,"Liberace Continental Favorites LP Vinyl 12"" 33 RPM Stereo AVI Records AVI 6103",5.99,0.1123
v1|307043088925|0,"“Willie Alexander And The Boom Boom Band” Vinyl = VG+ 12"" LP Record Classic Rock",3.00,0.1123
v1|287447069751|0,Leslie Gore Look of Love/Little Girl Go Home Excellent Original Sleeve,2.99,0.1123
v1|278150832633|0,"Wild Remain ‎– Brand New Dream, 7"" Import Single 1980 NM",16.00,0.1123
v1|267722793370|0,"ron d core picture disc da kalifornia killa 12"" 😵",33.99,0.1122
v1|287445230405|0,13 Old School Rap Vinyl Lot,80.00,0.1121
v1|227421513013|0,RARE Vintage Alexander Galich - Entertaining Conversation Israel Only LP EX,49.99,0.1121
v1|318511747632|0,Foreigner - s/t - US Reissue LP + OIS 1977,5.50,0.1119
v1|327247278946|0,"Orlons Envy No Love But Your 7"" 45 LP Cameo White Label Promo CRACKED",25.00,0.1119
v1|158064220075|0,STEPPENWOLF Live  DOUBLE ALBUM 1972 Excellent,15.00,0.1118
v1|358756865770|0,JOHN LEWIS  -  The Bridge Game Vol. 2  -  Dutch Philips LP,7.03,0.1118
v1|287445199104|0,famous last words vinyl,9.25,0.1118
v1|168520767581|0,"Sound Off, Marches By John Philip Sousa, Mercury Records, SR 90264, 12"" LP, R2.",10.75,0.1118
v1|307047674296|0,"Enoch Light and The Light Brigade ""SPANISH STRINGS"" Project 3 Total Sound Vinyl",3.18,0.1117
v1|147422569332|0,The Holy Modal Rounders Lp Stampfel &Weber Fantasy Vintage Record ,15.00,0.1117
v1|267720678184|0,Sheffield Lab Wagner Ride Of The Valkyries Lp Erich Leinsdorf  L.A. Phil VG+,12.00,0.1116
v1|206401722619|0,The Lost Boys Original Movie Soundtrack Vinyl Limited Edition Blood Red Record,80.00,0.1115
v1|267720780887|0,Leon Russell - Carney - 1972 Vinyl LP - Shelter SW-8911 - Winchester- Pressing,20.00,0.1115
v1|327251642813|0,"Tokyo Blade Ain't Misbehavin'... LP, Album 1987 Heavy Metal (M/NM) Flawless!!",24.99,0.1115
v1|366522516317|0,Al Hirt The Dawn Busters SW9089 Wyncote Records Original 1964,5.00,0.1114
v1|366522516317|0,Al Hirt The Dawn Busters SW9089 Wyncote Records Original 1964,5.00,0.1114
v1|137500065305|0,Fairport Convention Rising For The Moon 1975 1st Press Lyric sleeve,6.99,0.1114
v1|198475984992|0,New Riders of the Purple Sage- Panama Red Columbia PC32450 EX EX Gatefold,25.20,0.1114
v1|318515481230|0,Waylon Jennings And Willie Nelson – WWII - US LP 1982,4.99,0.1114
v1|287451128866|0,CARMEN MCRAE AS TIME GOES BY/LIVE AT THE DUG Amigo AMLP-826 JAPAN LP VG++,12.00,0.1113
v1|307047801048|0,Manfred Mann's Earth Band - Chance - 1981 Warner Bros LP VG+,4.95,0.1113
v1|158064878190|0,THE HARPTONES / THE TOKENS - I GOT RHYTHM - LP (22c),5.00,0.1113
v1|137482077694|0,VILLAGE PEOPLE- RENAISSANCE(LP),4.99,0.1112
v1|147422660629|0,Schell's Hobo Band - Twelve Great Musicians Vinyl LP - Little Crow Records EX/NM,25.00,0.1112
v1|127963033946|0,"Eric Carmen ""Boats Against The Current"" 1977 Gatefold Vinyl LP ",1.00,0.1112
v1|358755472287|0,"Rhino Hotel California Vinyl, 180g",5.99,0.1112
v1|398151958042|0,Pearl Jam Vs. Vinyl Record LP Album 2011 Epic Grunge Rock Gatefold Black 12in,45.00,0.1112
v1|287446085063|0,The Fortune Tellers – Song Of The Nairobi Trio / Camel Train    on  MUSIC MAKERS,8.95,0.1112
v1|398152609399|0,"RENE TOUZET And His Orchestra - Cha Cha Cha LP Record, White Label, Latin, RARE",33.19,0.1111
v1|398152609399|0,"RENE TOUZET And His Orchestra - Cha Cha Cha LP Record, White Label, Latin, RARE",33.19,0.1111
v1|278163473947|0,"Art Mooney Presents the Happy Minstrels (LP, Burlesque/Ragtime/Vaudeville, 1956)",3.99,0.1111
v1|398152085480|0,"Columbia Grape Jam 12"" Black Vinyl LP Rock 33 RPM Stereo MGS 1",15.00,0.1111
v1|336676969431|0,Poco Legend Vinyl LP 1978 ABC Records AA-1099 First Pressing,12.00,0.1111
v1|398150729274|0,Blink-182 Greatest Hits Silver Marble Tin  Vinyl 2xLP alkaline trio,75.00,0.1110
v1|147424506628|0,Like New New Riders of The Purple Sage Feelin Alright Stereo Vinyl  LP  SP 481,36.00,0.1110
v1|267720767237|0,Peter & Gordon True Love Ways LP 1965 MONO pressing,2.99,0.1110
v1|188616903464|0,Vinyl 5 LPs Golden Age of Comedy Limited Promo George Burns 1971 Excellent,14.95,0.1110
v1|168521690601|0,"THE IMPRESSIONS~""SOONER OR LATER""~Orig. 1975~FUNK~SOUL~7'' 45rpm~CMS 0103~VG+",0.99,0.1110
v1|377326841850|0,"Public Image Ltd. LP Album, Happy, Flowers Of Romance Lot PIL",80.00,0.1110
v1|236923736181|0,"Cathy Berberian - Recital I (For Cathy) Berio RCA Red Seal 12"" Vinyl LP 33RPM S…",2.00,0.1109
v1|188613229819|0,JANIS JOPLIN PEARL Vinyl LP - RARE MISSPELLED NAME ON LABELS (Janice Joplin),20.00,0.1109
v1|307051186157|0,Van Halen Balance 180 gram LP in Shrink & Hype,18.50,0.1109
v1|398151270934|0,ARLO GUTHRIE - ONE NIGHT - PROMO LP VINYL,5.00,0.1109
v1|327247191321|0,"2 JEFFERSON STARSHIP 45s ""Winds Of Change"" ""Light the Sky on Fire"" +BIO 🎸 NEW",4.99,0.1108
v1|188614132169|0,"OPENED- REPRISE RECORDS- BRIAN WILSON ""Love And Mercy"" 7-INCH 45RPM SINGLE",6.50,0.1107
v1|366528072313|0,Brand New Daisy Green Vinyl Limited Edition,90.00,0.1106
v1|168514100811|0,173cv.  Tiana Lemnitz - Otello-Desdemonas-Lied & Ave Maria - HMV DB4595,9.95,0.1106
v1|287447590081|0,Ray Charles Modern Sounds in Country and Western Music LP Vinyl ABC 416,10.00,0.1105
v1|236923762505|0,Otis Redding Day Tripper France Stax 3001 R&B Soul  LP,14.00,0.1105
v1|298494577424|0,"Billie Eilish When We All Fall Asleep, Where Do We Go? Glow in the Dark Vinyl",20.00,0.1105
v1|137484654548|0,Nukes 3×LP 1979 VG+ w/ Original Booklet Asylum ML-801 Springsteen CSN,24.99,0.1104
v1|168521825525|0,"THE ISLEY BROTHERS~""I WANNA BE WITH""~Orig. 1979~FUNK~SOUL~R&B~7'' 45rpm~TNECK~M-",0.99,0.1104
v1|800304540785|0,Abstract Void - Wishdream LP Neon Purple W/ Orange Splatter Vinyl,30.00,0.1103
v1|137491552200|0,"Muddy Waters, Don't go no Farther, Chess promo # 1630, vg++",15.00,0.1102
v1|158054564394|0,Pianist Hilde Somer plays Piano Concerto by Alberto Ginastera LP,70.00,0.1102
v1|377326091191|0,ANDY WILLIAMS You Lay So Easy On My Mind QUAD LP VINYL Record ALBUM VG+ USED,5.00,0.1101
v1|377326078528|0,CLAUDIA VILLA Sings International Hits AUTOGRAPH LP VINYL Record ALBUM VG+ USED,5.00,0.1101
v1|206401470701|0,"Samantha SANG 1978 Vinyl Lp Record ""Emotion""",3.99,0.1101
v1|358768504470|0,Butterfield Blues Band-“In My Own Dream”vinyl LP VG Elektra Records 1968 OG,7.00,0.1101
v1|188622092865|0,Twiztid The Dojo Rsd Vinyl Signed,25.00,0.1100
v1|137499098554|0,DRIFTER - REALITY TURNS TO DUST LP MINT THRASH METAL PHOTOS INCLUDED OF BAND ,179.99,0.1100
v1|236929279924|0,Italo Disco Deborah Haslam Danger For Love 12” Single,24.99,0.1100
v1|127962660562|0,HEAR! SURF INSTRUMENTAL - JOHNNY ZORRO - ROAD HOG - WB 5111 PROMO - VG/VG+,9.00,0.1099
v1|206401445047|0,John Cougar American Fool LP RECORD 1982,3.99,0.1099
v1|298490106058|0,The Temptations A Song For You Vinyl Record Original,23.00,0.1098
v1|127966287683|0,LP 12 ABC records ABCD-929 Buffy Sainte-Marie Sweet America,2.95,0.1097
v1|257615482682|0,Rozalla Are You Ready To Fly Remix 12” Vinyl Single Epic Records House Dance,5.00,0.1097
v1|236918504983|0,TEENAGE ENGINEERING- SOUND LIBRARY EP-133 VOL ONE- 10 INCH *WHITE* VINYL RECORD!,60.00,0.1097
v1|117285191752|0,Climax Blues Band Tightly Knit   Record Album LP 1st US Edition Hipgnosis Cover,3.99,0.1096
v1|198481161412|0,"RUBEN WRIGHT I'M WALKING OUT ON YOU 45 7"" EX- CAPITOL VINYL LISTEN NORTHERN SOUL",9.98,0.1096
v1|398152339887|0,"SLIM DUNCAN - Dear Okie/One Has My Heart (1948) VERY Rare Country 78 Rpm, 10""",3.64,0.1095
v1|377326091266|0,MICHAEL SEYER Nostalgia 2019 Pop LP GREEN VINYL Record ALBUM VG+ USED,35.42,0.1095
v1|318554943279|0,THE MOODY BLUES DAYS OF FUTURE PASSED vintage vinyl LP,5.00,0.1094
v1|358758630427|0,OLDIES BUT GOODIES VOL.8 ORIGINAL SOUND STEREO LP VARIOUS ARTISTS COASTERS,8.00,0.1094
v1|307051189499|0,KISS Animalize 180 gram LP in Shrink & Hype Sticker,8.00,0.1094
v1|236923768603|0,"Mozart Furtwängler Berlin Philharmonic Heliodor 12"" LP Stereo HS 25078",4.71,0.1093
v1|127962213916|0,"Discotheque - Unknown Artist 1964 12"" Mono LP Coronet Records",5.00,0.1092
v1|236929480273|0,Italo Disco Giorgia Morandi Children Of The Sky 12” Single,24.99,0.1091
v1|336676831721|0,RICHIE HAVENS DEBUT Mixed Bag Vinyl VERVE FTS-3006 1966 First Pressing,10.00,0.1091
v1|327251985771|0,Jay Nice x DøøF x Sadhu Gold - Unkind: A Shocking Memoir Vinyl-HipHop Pic Disc,40.00,0.1090
v1|287445973453|0,"Jeff Buckley – Grace - LP Vinyl Record 12"" - USED Album",20.00,0.1089
v1|287447114953|0,"Salt N Pepa – I Am Down / Chick On The Side - 12"" Vinyl Maxi Single 1987 NP50071",7.00,0.1089
v1|137482857240|0,David T Clydesdale Beyond Imagination lp Sandi Patti Steve Green + Bonus CD,7.99,0.1089
v1|287447113984|0,DJ Xtravagant Let Your Mind Be Free  Vinyl Lap No Sleeve Or Inlay,12.00,0.1089
v1|158064389407|0,ISAAC HAYES Chocolate Chip ABCD-874 (1975) LP,8.00,0.1088
v1|336677661781|0,"Claude Bolling, Alexandre Lagoya, Concerto For Classic Guitar And Jazz Piano-NM",5.50,0.1088
v1|227421579100|0,"Lefty Frizzell – Signed, Sealed And Delivered LP HS11260 Vinyl 1968 Harmony VG+",3.99,0.1088
v1|318551668584|0,"LOS TIOS QUERIDOS SALTAR POR EL AIRE 45 7"" NM US PARNASO VINYL LISTEN LATIN FUNK",9.98,0.1088
v1|127963279816|0,Jukebox 45 & Title Strip Phil Collins Hang In Long Enough Cleaned Tested,2.49,0.1087
v1|298488320877|0,MAROON 5 - V Red Colored LP Vinyl Records 2014 Original First Pressed,16.00,0.1086
v1|377332282453|0,Vintage Gospel R&B Funk Soul Vinyl Record Lot 50+ LPs 12-inch Singles,9.99,0.1086
v1|358770426282|0,Taylor Swift Folklore Vinyl 2LP Deluxe Brown “In The Trees” Open Never Played,41.00,0.1086
v1|158065210042|0,POSSESSED - Beyond The Gates LP Vinyl Woodstock sodom death kreator venom death,65.00,0.1085
v1|227421330422|0,"1977 Barbara Cook, As of Today, Columbia PC 34493, pop classical, Mint",9.95,0.1084
v1|800304339737|0,Anita Bryant I Believe Vinyl LP Record  Near Mint !,5.00,0.1084
v1|158054372230|0,"Gabriel Von Wayditch, San Diego Master Chorale, Charles Ketcham, San Diego Symph",100.00,0.1083
v1|147416348563|0,"THE YARDBIRDS ""CAN YOU IDENTIFY THESE MEN"" - MINT - 10-inch WHITE VINYL",25.50,0.1082
v1|257611264218|0,MYSTIC RADIO PRESENTS COVERS  Vinyl 1985,35.00,0.1082
v1|198483499905|0,Homer & Jethro Will Drive You Nuts Their Versions of the Standards Vinyl / VG,1.99,0.1081
v1|236916858382|0,ROLLING STONES RECORDS UNDERCOVER 1983  Lp G++ Unique Cover Ex w Bill Wyman Twin,7.00,0.1080
v1|178293764748|0,"Sheryl Crow Soak Up The Sun (Remix) 12"" Vinyl Promo Single A&M",6.00,0.1080
v1|287445908359|0,The Association Insight Out Windy ....LP Vinyl,3.29,0.1079
v1|137499951553|0,Herb Alpert & The Tijuana Brass What Now My Love NM/NM 1966 1st Press ,6.99,0.1079
v1|198483315205|0,Henry Mancini Breakfast at Tiffany's RCA Victor LSP-2362 Stereo Vinyl LP,110.00,0.1078
v1|267720388331|0,"SPANDAU BALLET – GLOW, vinyl 12"" single Chrysalis CHS 12 2509 - VG+ condition!",9.99,0.1078
v1|188616375164|0,Jefferson Starship - Red Octopus 1975 (VINYL) Original Album,4.99,0.1078
v1|307043782928|0,"Network “Nightwork” Stereo Promo Vinyl = VG+ 12"" LP Record Rock, Pop, Arena Rock",3.00,0.1076
v1|158064922427|0,"ROCK LOT OF 3 LPS BY BETTE MIDLER, Excellent.",8.00,0.1075
v1|168520797430|0,Billy Eilish Happier than Ever [2 LP] Record EX/EX Black Vinyl 200 gm Ultrasonic,24.99,0.1075
v1|168522400722|0,Gale Storm - Lucky Lips / On Treasure Island - 1957  VG+,2.65,0.1075
v1|287439073369|0,PHIL OCHS-ALL THE NEWS THAT'S FIT TO SING,16.00,0.1075
v1|267720793516|0,Colosseum -Those Who Are About to Die Salute You -Dunhill Org-Ex Vinyl,9.99,0.1074
v1|287451785177|0,Appetizers – Feasting With Panthers  VG+ 12” Vinyl,12.00,0.1074
v1|287447114920|0,Khachaturian: Gayne - Ballet Suites No. 1 And 2 ML 4030 Vintage,5.00,0.1074
v1|800305282282|0,"The Decemberists The King Is Dead, Heavy Vinyl LP Capitol, NM Gatefold",39.95,0.1073
v1|287446043408|0,Ralph Records BUY OR DIE #14 (1987) 45 San Francisco music,9.00,0.1072
v1|336681100830|0,"The Moody Blues - In Search Of The Lost Chord, 1968 Original, Deram, DES 18017",14.25,0.1072
v1|206401639589|0,1968 The Melachrino Strings The Music Of Irving Berlin Vinyl Record Album,6.00,0.1072
v1|147424864697|0,close encounters of the third kind vinyl,3.00,0.1072
v1|158066477716|0,"Dirt by Alice in Chains (Vinyl, 2022, Columbia)",29.00,0.1072
v1|198488424661|0,3 LPs Pete Seeger Grass Circle Seasons Waist Deep MONO 2 Eye Columbia Vtg 1960s,20.00,0.1072
v1|377326589219|0,Crystal Gayle A Woman's Heart (1980 Vinyl) VG+ *Buy 2 Get 1 Free*,7.00,0.1072
v1|168520689887|0,METALLICA MASTER OF PUPPETS -  ELEKTRA - 1986 1ST PRESS 60439-1. VG,75.00,0.1072
v1|158066726670|0,Flora Purim LP Vinyl Records Lot of 14,89.99,0.1072
v1|358758630555|0,DELAMORE SINGS A NIGHT IN THE CARIBBEAN CARIB STEREO LP SHRINK ,15.00,0.1071
v1|206401083926|0,"Sundragon Sessions by The Ramones (Record, 2018) Record Store Day Exclusive",50.00,0.1071
v1|236923751805|0,"Golden Records A Child's Introduction to the Ballet LP 85 12"" Vinyl LP 33RPM",4.48,0.1071
v1|358770433428|0,Taylor Swift Fearless (Taylor’s Version) Vinyl 3LP Gold Unplayed,30.00,0.1071
v1|127962320366|0,"The Poni-Tails / The Elegants Born Too Late / Little Star ABC 7"" Black 45 1230",1.83,0.1071
v1|318556077776|0,Paul Brett - Interlife - 1978 RCA UK Pressing Eclectic Instrumental Progressive,20.00,0.1070
v1|198475537687|0,"Sami Swoi – Ach! Jak Przyjemnie - 1976 jazz 12 "" Poland LP",11.00,0.1070
v1|117289791435|0,"King Tubby Crazy Bald Head PUNK IN DUB LONDON DUBBING & ASTRO ZOMBIES 7"" 45",9.99,0.1070
v1|358769453315|0,Dj Teebee Capable Guilty 12” Single Vinyl Record Vg+ Electronic Drums N Bass,5.99,0.1070
v1|336677281073|0,"Columbia 35486 ""Make Believe Island"" Kate Smith Black Vocal Single Record",3.04,0.1070
v1|168521151402|0,The Wow-Wows Count Down 1959 Challenge VG Rock/Pop,7.00,0.1069
v1|188600830932|0,"Madleen Kane ""I'm No Angel b/w Ecstasy"" Rare US 12"" bonus mix included.",4.00,0.1069
v1|147422702759|0,Mark and Dale - Second Generation Nashville LP played once,9.00,0.1068
v1|358768216623|0,Point Blank LP,15.00,0.1068
v1|236923645969|0,"LaVerne Baker & The Gliders - Jim Dandy / Tra La La - Atlantic-1116,  78RPM",15.00,0.1068
v1|307042934110|0,"Pablo Cruise “Part Of The Game” Stereo Vinyl = VG+ 12"" LP Record Soft Rock, Pop",3.00,0.1068
v1|366529247003|0,Guy Clark Texas Cookin Lp Nm,29.99,0.1068
v1|307043091784|0,"Harry Chapin “Dance Band On The Titanic” Stereo (2)Vinyls = VG:VG+ 12"" LP Record",3.00,0.1067
v1|307043091784|0,"Harry Chapin “Dance Band On The Titanic” Stereo (2)Vinyls = VG:VG+ 12"" LP Record",3.00,0.1067
v1|307042890467|0,"Judy Collins “Judith” Stereo Vinyl = VG+ 12"" LP Record Rock,Soft Rock,Blues Rock",3.00,0.1067
v1|307042890467|0,"Judy Collins “Judith” Stereo Vinyl = VG+ 12"" LP Record Rock,Soft Rock,Blues Rock",3.00,0.1067
v1|257610908408|0,Sammi SMITH ~ Mixed Emotions *COUNTRY FOLK* LP Vinyl ,5.00,0.1067
v1|147424506477|0,America Hat Trick Stereo Vinyl LP 1975 BS 2852 EX/NM,35.00,0.1067
v1|298488774725|0,Anita Kerr/Rod McKuen/San Sebastian Strings THE SEA LP,4.99,0.1067
v1|278154015315|0,B-52s - Cosmic Thing  With Custom Inner Sleeve In Shrink VG+,27.99,0.1067
v1|336678565023|0,EDWIN BRUCE SUN 276 ROCK BOPPIN'BABY/MORE THAN YESTERDAY VG PLAYS FINE,9.95,0.1066
v1|127962353452|0,"Jimmy Strickland Ring In My Pocket/Dream Of Lifetime Davco 7"" Vinyl DR-107 Samp…",0.99,0.1066
v1|227421484144|0,"1971 CARPENTERS - CARPENTERS, A&M SP-3502 VINYL SOFT ROCK VG+",4.95,0.1066
v1|358770402811|0,"Ace Cannon Memphis Golden Hits LP Vinyl 12"" Black Hi Records Pop Stereo",10.00,0.1066
v1|327251984223|0,"A-Trak - Money Makin' / Piss Test - Vinyl Record 12"" Danny Brown ",25.00,0.1066
v1|206401121835|0,JESUS STYLE SONGS VOL 2 Sung by SPIRITBORNE Vinyl LP 1974,4.00,0.1066
v1|147428054747|0,BANGLES Different Light COLUMBIA  C4039 LP VG,4.99,0.1065
v1|158054564403|0,Italian Recorder Sonatas (MHS 3052) lp,28.00,0.1065
v1|366529196090|0,Eric Clapton  461 Ocean Boulevard Lp gatefold Nm,8.99,0.1065
v1|178292102362|0,Vinyl Moon 67 Static Swagger ,17.99,0.1065
v1|257611351109|0,"Various Artists – Raw Power Vol. 3  ext play   EPIC   ""STEREO""    1990    IMPORT",8.95,0.1064
v1|336676948122|0,The Monkees Self-Titled Vinyl LP 1966 Colgems Records COM-101,12.00,0.1063
v1|257610714462|0,Random Lot of 11 Classic Vinyl Records Classic Rock Vinyl Lot Albums 12”,15.00,0.1063
v1|278154809918|0,"NONA HENDRYX - MOVING VIOLATIONS RCA 12"" WL PROMO",8.00,0.1063
v1|188614528135|0,THE BILL GAITHER TRIO Christmas BACK HOME IN INDIANA VINYL LP Like New,1.52,0.1063
v1|307048640298|0,Journey 45RPM Why Can’t This Night Go On Forever 1987 80s Classic Rock 7” PS NM,3.00,0.1062
v1|147427861926|0,The Marc Tanner Band No Escape 1979 1st Press Lyric sleeve NM-/NM-,5.99,0.1062
v1|257610844004|0,"ANDRES SEGOVIA: reveries RCA 12"" LP 33 RPM",12.34,0.1062
v1|127966624239|0,"BLONDIE, Heart Of Glass Disco Version 33  1/3 12-in Release Chrysalis 1978 NM/NM",11.75,0.1061
v1|206400744253|0,"Buckingham Nicks, Cying In The Night 45",35.00,0.1061
v1|336677138228|0,"Bobby Darin ""Winners"" Atco 33-167 Mono In Shrink with Hype Sticker Mint 1964 Lp",5.00,0.1061
v1|336678344296|0,Don Randi and Quest New Baby LP Vinyl Sheffield Lab LAB 11 12” Box Set Stereo,14.99,0.1061
v1|366529020149|0,"Ray Charles 45 ""Take These Chains From My Heart / No Letter Today"" Promo AU2",0.99,0.1061
v1|377326078567|0,JOE MORRIS Midnight Grinder / Love Fever Blues ATLANTIC 1951 78 RPM SHELLAC USED,5.00,0.1060
v1|168522400802|0,Carol Jarvis - Rebel / Whirlpool of Love  1957 VG+,2.65,0.1059
v1|298488951416|0,"1972-PEOPLE'S ASSEMBLY (FEAT: MARIA), ""KUMBAYA/THEME FROM KUMBAYA"", FOLK",0.99,0.1059
v1|227421420335|0,The Oak Ridge Boys ‎– Self Titled Vinyl Record LP Columbia 32742,2.00,0.1059
v1|178282637420|0,"Jeff Beck, Tim Bogert, Carmine Appice Epic Records 1973 Vinyl Album",7.69,0.1059
v1|800287722445|0,"George Harrison Cloud Nine Vinyl LP Record 12"" Dark Horse Records",7.00,0.1058
v1|377326954584|0,"Y SOCIETY ""NEVER OFF (ON & ON)"" 2007 VINYL 12"" SINGLE  Tres Records",35.00,0.1058
v1|278163388843|0,Alabama Shakes Heavy Chain 7 Inch Vinyl,10.00,0.1058
v1|298490619876|0,"Lefty Frizzell     LP     NM-      ""The One And Only Lefty Frizzell""      MONO",17.00,0.1057
v1|377326968511|0,"Non Phixion vinyl 7 inch, Ill Bill, Sabac red, Gorerex, exclusive white vinyl!!!",30.00,0.1057
v1|227416592566|0,The Michael Schenker Group Built To Destroy Vinyl Gold Stamp Promo 1983,9.99,0.1057
v1|178292105453|0,"The Pastels Crawl Babies 12""vinyl Single ",36.00,0.1056
v1|227416675168|0,Kehlani CRASH Vinyl,45.00,0.1056
v1|127964071205|0,The Three Suns - Busy Holiday & Flower Dance- Majestic 78 RPM 1945,2.00,0.1054
v1|198476281455|0,Gary Burton Chick Corea- Crystal Silence ECM 1024 VG/G+ 1973,10.00,0.1054
v1|287451863818|0,Jubilee Vinyl LP Japanese Breakfast DOC225,15.00,0.1054
v1|168515422207|0,CHUBBY CHECKER - TWISTIN' ROUND THE WORLD 1962 Vinyl LP STEREO RECORD LIKE NEW,6.99,0.1054
v1|137492067984|0,"Sammy Davis Jr., New York's My Home / Never Like This. 45rpm",7.00,0.1054
v1|127962387681|0,"Paul Evans After the Hurricane / Not Me Carlton 7"" Vinyl Single DJ Copy 543",0.60,0.1054
v1|158054564356|0,"Eastman Trio play music by: Arensky, Glinka & Rimsky-Korsakov on Turnabout LP",27.00,0.1053
v1|168521148527|0,Toby Redd Every time I Run Red Vinyl 12” Single,8.00,0.1053
v1|318564094434|0,DESIGN COUNTRY & WESTERN STARS 1962 Vinyl LP Spectrum Records DLP605,7.00,0.1053
v1|407056236596|0,Spin-O-Rama Themes From The Films Eddie Maynard LP Stereo S-43,4.00,0.1052
v1|307049946324|0,"Eddie Rabbitt ‎– Rabbitt Trax Vinyl, LP 1986 RCA AHL1-7041 Shrink Tested EX/EX",2.99,0.1052
v1|236924869337|0,Merle Haggard (His 30th Album) LP 1974,1.25,0.1052
v1|327251514065|0,"Watts Gangstas Wanna B 12"" Vinyl Single 1995 Hood Rat Records White Label Promo",7.15,0.1051
v1|257611062740|0,GREG KIHN BAND - ROCKIHNROLL- PROMO COPY - AUTOGRAGHED COVER -  NM COND.,29.99,0.1051
v1|227424187733|0,Ink And Dagger Drive This Seven Inch Wooden Steak Through My Philadelphia Heart,40.00,0.1051
v1|398151588561|0,Weekend in L.A. by George Benson Record Vinyl 2LP Gatefold,4.98,0.1050
v1|398150660078|0,David Houston & Barbara Mandrell Best Of 1974 Vinyl LP Epic Records KE-32915,3.00,0.1050
v1|318563618518|0,"ROGER DALTRY 12IN. PROMO--MOVE BETTER IN THE NIGHT. VINYL, FREE SHIPPING",8.00,0.1050
v1|336677402806|0,IMAGINATION Closer LP promo (1987) RCA 6762 w/ lyric sleeve & sticker M/NM,11.00,0.1050
v1|358771803994|0,Steffen Basho-Junghans: Is LP [AOHRAR01] 2009 raga-folk /DOWNLOAD,24.00,0.1049
v1|236929057129|0,Italo Disco P. Lion Believe Me 12” Single,9.99,0.1049
v1|800305235519|0,Eat It Humble Pie LP Record Vinyl Album A&M Records Rock ,14.50,0.1049
v1|278165911584|0,"The Little Girl Who Lives Down The Lane, Radio Spot, Horror, Rare Suspense ",75.00,0.1048
v1|358768858269|0,"Hendrix Band Of Gypsys 12"" LP Vinyl Stereo Black Capitol STAO-472",18.00,0.1048
v1|236928598965|0,Italo Disco Manuel De Leo Hasta La Vista 12” Single Discotto,9.99,0.1048
v1|358755572821|0,THE BROTHERHOOD OF MAN - UNITED WE STAND DERAM 45,6.00,0.1047
v1|377318761496|0,"JAMES BROWN - STATIC SCOTTI BROS 12""",8.00,0.1047
v1|377326066416|0,John Waite Ignition 1982 VG+ Cover and Vinyl,4.00,0.1047
v1|336677278272|0,"Decca Record 5616 Jimmie Davis ""Meet Me Tonight in Dreamland"" / ""Headin' Home""",4.47,0.1046
v1|127963282077|0,Action Band Sexual Research Profile WLP Promo 45 VG+,2.99,0.1045
v1|336677265523|0,The Girl Ain't Straight-Felony 45 RPM 1983 (Extremely Rare),7.50,0.1045
v1|227416826517|0,Un Brindis Musical Con El Mariachi Uclatlan de Mark Fogelquist Latin LP on Primo,7.00,0.1044
v1|227421291533|0,VA The Mormon Pioneers LEGACY 1966 Americana Folk VG+ VINYL LP Record USED,5.00,0.1044
v1|366528968759|0,"Peter, Paul And Mary LP ""Peter, Paul And Mary Album"" EX BX5",4.00,0.1043
v1|358768586668|0,The Band LP Northern Lights-Southern Cross MINT ORIG,10.00,0.1043
v1|127962662459|0,SURF INSTRUMENTAL - SWAGS - ROCKIN' MATILDA - DEL-FI 4143 - VG+,9.00,0.1043
v1|127962639626|0,Jukebox 45 & Title Strip Bobby Brown On Our Own Ghostbusters 2 Cleaned Tested,2.49,0.1042
v1|158063831680|0,Lefty Fritzell “Time Changes Things”,3.75,0.1042
v1|198483307466|0,"The Police Ghost in the Machine LP A&M 1981 Vinyl 12"" 33 RPM SP-3730",15.00,0.1042
v1|398150334267|0,"Screaming Females It All Means Nothing 7"" vinyl test press Don Giovanni Records",50.00,0.1042
v1|158054564400|0,"Borodin*, Shostakovich*, The Borodin Quartet* ‎– Borodin Quartet No. 2 / Shostak",33.00,0.1042
v1|257611012068|0,THE BLASTERS Over There: Live At The Venue London LP Blues Rock Rockabilly SLASH,3.99,0.1042
v1|287447114014|0,"Rampage -We Getz Down/Get The Money & Dip 12"" Vinyl 1997",10.00,0.1041
v1|307049939062|0,"Blackfoot - Marauder ""PROMO"" Record Album 1981 Vinyl LP Play Tested EX/VG+",6.99,0.1041
v1|287445311147|0,"BRENDA LEE  (2) *Let Me Sing('63) *Bye Bye Blues('66) 12"" Vinyl  Decca Records",9.99,0.1040
v1|227424295292|0,WINGS - WILD LIFE - 1971 Taiwan LP. FL-2152,40.00,0.1040
v1|168520775545|0,BILLY OCEAN - LOVE ZONE - VINYL RECORD LP Vinyl near mint,5.00,0.1040
v1|168522401253|0,"The Highlights – City Of Angels / Listen, My Love  1956 VG+",2.65,0.1040
v1|178292060523|0,Mark Almond Mark Almond,3.99,0.1040
v1|127962660541|0,Jimi Hendrix -Are You Experienced -NM/EX+ 1977 RE Blues Rock Reprise RS-6261 Slv,12.50,0.1040
v1|158054564362|0,"Violinist Sergiu Luca plays Schumann, Mendelssohn & Clara Schumann LP",15.00,0.1039
v1|298488977729|0,Tommy Boyce & Bobby Hart Test Patterns 1967 LP Album,8.45,0.1039
v1|188616665146|0,DUKE+ THE DRIVERS 2 LP R AND B / BLUES LOT ROLLIN' ON CRUISIN' VINYL NEAR MINT!,14.99,0.1039
v1|198483676506|0,Gerry Wiggins Relax and Enjoy It! LP Contemporary - Klabin collection,12.00,0.1039
v1|318512698131|0,The Dave Clark Five – Having A Wild Weekend - US LP 1965,4.99,0.1038
v1|127966976845|0,The Chantels New York R&B Group Vocal Lp There's Our Song Again on End Records,34.99,0.1038
v1|336678428156|0,LOS DANDYS 3 LP’s JOYA MUSICAL ORFEON LABEL MINT-,29.95,0.1038
v1|206401465521|0,Thelma Houston Any Way You Like It Record Vinyl Lp RARE ,4.99,0.1037
v1|147424506384|0,Like New Record America Hideaway Stereo Vinyl LP 1976 BS 2932,36.00,0.1037
v1|358768774056|0,"70s POP/ROCK VINYL: Atl Rhythm Section, Andy Gibb, Seals/Croft, Simon/Garfunkel",7.00,0.1037
v1|236924917261|0,Vintage Dirty Dancing Patrick Swayze She’s Like The Wind 45 Vinyl Record 1987,6.00,0.1037
v1|206401450106|0,The Village People Macho Man LP Vinyl 1978 Album Casablanca Records,4.99,0.1037
v1|398150738675|0,the crystals vinyl,10.00,0.1036
v1|398150994357|0,Blue Cheer,7.58,0.1036
v1|127966919965|0,Herman Brood and His Wild Romance 1979 PROMO NM Vinyl Ariola SW 50059,12.99,0.1036
v1|178291331498|0,HARRY BELAFONTE AT CARNEGIE HALL LSO-6006 LP VINYL RECORD,50.00,0.1035
v1|298498930901|0,Bob Wills Tommy Duncan A Living Legend Vinyl LP Liberty LST 7182 Stereo VG+,5.00,0.1034
v1|318556407786|0,The Encores- Barbara/Thank You 45rpm PROMO COPY,15.00,0.1034
v1|137493192591|0,George Hamilton IV Sing Me A Sad Song Vintage Vinyl ,20.00,0.1034
v1|168521148691|0,British Rock Classics Vinyl LP Record Album  1979,19.99,0.1034
v1|377319469362|0,Ian Dury & The Blockheads - Do It Yourself + Bonus 45 W/pic Sleeve. PROMO LP VG+,9.94,0.1034
v1|127963958140|0,Pete Fountain: Licorice Stick Vinyl LP CRL 757460) VG/G+),1.00,0.1033
v1|318554784822|0,Carpenters Close to You 1970 LP album A&M Records SP 4271 Original Release Vinyl,10.00,0.1032
v1|147424506548|0,Gregg & Duane Allman Stereo Vinyl LP VG Condition,26.00,0.1032
v1|318551424769|0,"The Clash ~ Rock the Casbah OG 1982  Limited 12"" Vinyl Single",9.99,0.1031
v1|307049951119|0,"Anne Murray, ""Where Do You Go When You Dream"", Vinyl LP Shrink Tested EX/VG+",2.99,0.1030
v1|287446085061|0,"Clarence ""Frog Man"" Henry – Ain't Got No Home / Troubles, Troubles   ARGO   1956",8.95,0.1030
v1|198475985051|0,Nilsson- Duit on Mon Dei RCA APL1-0817 VG+ VG+ double gatefold Hollywood,18.00,0.1030
v1|398150688404|0,Dave & Sugar That's The Way Love Should Be Vinyl LP RCA APL1-2477 1977 Country,3.00,0.1030
v1|327255038734|0,Mildred Bailey All of Me Vinyl LP Monmouth Evergreen MES 6814 Jazz VG,9.99,0.1029
v1|398150838616|0,GARY THIIBODAUX. JUST BECAUSE/NO MORE LONELINESS. RED BARN 1001 RACELAND LA,9.99,0.1029
v1|127963053018|0,Johnny And The Distractions Self-Titled 1981 Vinyl LP,3.00,0.1029
v1|407057186236|0,Krokus - Hardware ~ Record Made in US OL1508 ~,9.99,0.1028
v1|278170814575|0,Edda Moser - Virtuose Arien Von W.A. Mozart Vinyl LP Germany Excellent,6.88,0.1028
v1|257611086267|0,The Boyz-N-The Hood Eazy-E 1987 12” VG,34.99,0.1028
v1|158066562864|0,THE BIG BAND ERA VOLUME 6 LP  (22c),4.00,0.1028
v1|147424688796|0,Like New Record McKinley Morganfield A.K.a. Muddy Waters Stereo Vinyl 2CH-600006,79.00,0.1028
v1|168521436024|0,"Crosby, Stills, Nash & Young 4 Way Street 12"" Vinyl LP Atlantic Rock",19.99,0.1028
v1|178293910346|0,Carol Hensel's Exercise and Dance Vol. 2 VG+ Vintage LP 1981 w/Booklet,9.50,0.1027
v1|267720796741|0,Doug Kershaw - The Louisiana Man  LP   Warner Bro Records BSK 3166,3.99,0.1027
v1|236923720089|0,"JANE MORGAN - THE BALLADS OF LADY JANE/1960/Vinyl, LP",10.00,0.1027
v1|147422830902|0,"HAWAIIAN LP ""THE MAGIC OF HAWAII"" THOUSAND STRINGS ( CROWN RECORDS 1960 )",4.50,0.1026
v1|168527356789|0,"Little Richard -Dollars, Dollars And More Dollars LP Mono Charly Records EX 1975",15.50,0.1026
v1|137492473712|0,Rachmaninov Tacchino Cluytens Piano -RARE VINYL LP ,4.00,0.1025
v1|178293695267|0,"Watts Records Mike Watts & Paul Wall Grind Winters Out 12"" Black 33 Stereo 2006",10.00,0.1025
v1|188613280065|0,Childrens Record Guild Lot of 7 Original Covers 78rpm 10” Vinyl 1950s CRG tested,25.75,0.1025
v1|287446085053|0,Jackie Ravell & The Bandits   – Moonshine / Anita    on   JORDAN     1960,8.95,0.1024
v1|227401532363|0,Eric Quincy Tate OG WHITE LABEL PROMO Cotillion Blues Rock TOP COPY! NM!,76.00,0.1024
v1|287451656032|0,Betty Everett - The Very Best Of - 1964 Mint In Shrink - R&B - Soul -Vee-Jay,15.00,0.1023
v1|318556494008|0,Trick Daddy. Promo vinyl lot of 2. Sugar/JODD and Thug Matrimony. Good Condition,10.00,0.1023
v1|287446085033|0,"Joe Weaver & His Blue Notes ‎– Baby, I Love You So / It Must Be Love  on FORTUNE",8.95,0.1022
v1|407056594304|0,"Bob Dylan ""At Budokan"" Vinyl 2XLP Promo 1979 Folk Rock/Rock Vinyl NM OG",5.99,0.1021
v1|398151737789|0,"QUIET RIOT, ""METAL HEALTH""   PICTURE DISC",6.50,0.1021
v1|800304408181|0,Mnima - Possessed Templars LP,40.00,0.1021
v1|168522400870|0,Johnny Nash – The Ladder of Love / I'll Walk Alone 1957 EX,2.65,0.1021
v1|307050100389|0,Hospital Playlist OTS K-Drama K-Pop Box Set Complete w/ Items Pictured US SELLER,69.95,0.1021
v1|117284966473|0,Mike Bloomfield Al Kooper Steve Stills LP Super Session Columbia 2 eye CS 9701,16.00,0.1021
v1|117295118006|0,JOE BATAAN-SAINT LATIN'S DAY MASSACRE,379.97,0.1021
v1|267721090281|0,Antonio Koga Latin Guitar Mood Vinyl Record,9.99,0.1019
v1|800306110605|0,THE BEATLES Dbl LP White Album 1968 Capitol stereo inserts  vinyl,17.50,0.1019
v1|188613823124|0,Rare DAMNED John Peel Session 1979 DOOMED punk VINYL RECORD 7” 45 Smash It Up EX,59.00,0.1019
v1|188600779246|0,VINTAGE-Brooklyn Allstars-Family Prayer-Album (rare gospel),15.99,0.1019
v1|227420822009|0,MARIAN McPARTLAND At The Hickory House Nr MINT modern JAZZ '55 Capitol lp 1ST PR,8.99,0.1018
v1|137484651792|0,"John Lennon – Shaved Fish (Apple SW-3421, 1975) NM Sleeve / VG+ Vinyl",29.99,0.1018
v1|206402252668|0,5 LP Marches Sousa Band Fiedler Favorite Pops Royal Scots Dragoon Victory at Sea,16.00,0.1017
v1|147424507014|0,Like New Record Canned Heat Future Blues Stereo Vinyl LP 1970 LST-11002,36.00,0.1017
v1|257611435281|0,Stars On Long Play 3 album set of medleys,11.50,0.1017
v1|358758420763|0,Chicago - VII - 1974 2LP Embossed Cover Gatefold - Columbia C2 32810 VG+/VG+,10.00,0.1017
v1|158066762934|0,THE RITCHIE FAMILY Brazil Good Condition 20th Century Album Record Vinyl LP 1975,10.00,0.1016
v1|366529000661|0,"Doug Clark & The Nuts 45 ""Baby Let Me Bang Your Box Part 1 / Part 2"" AU2",0.99,0.1016
v1|287447592372|0,"R. Wagner, Vivaldi Gloria/JC Hartemann Gounod Saint Cecilia Mass LP Angel Stereo",5.00,0.1016
v1|278163074272|0,"Dr. Demento 2 LP CAR TUNES & COMEDY #89-42 Radio Show w/Cue Sheet-Carlin, W-AL",39.95,0.1016
v1|227421281581|0,"NATION OF ONE Because You're Mine 1986 New Wave 7"" 45 RPM VG+ RECORD Vinyl USED",5.00,0.1016
v1|336677403123|0,BLU BLOWIN' Peggi Blu LP Capitol ST-12550 1987 Mint!,7.99,0.1015
v1|336676752767|0,"The Two Sides of Sonny Stitt DBL Record NRMT, Trip Jazz",10.00,0.1015
v1|358767457409|0,5 ELTON JOHN ORIGINAL VINYL ALBUMS-PLEASE SEE PHOTOS AND DESCRIPTION FOR TITLES!,395.00,0.1014
v1|377328633868|0,"GROOVE COMMITTEE I Wanna Hold You 12"" LP Garage House EMOTIVE RECORDS",4.99,0.1014
v1|407063427035|0,45 RPM  Quin-Tones HUNT 322 There'll Be No Sorry / what Am I to Do VG+,3.00,0.1013
v1|398159802133|0,"KYZE-TEST PRESSING-You Wear It Well-Mixes 12"" Vinyl Electro Hip Hop House",7.99,0.1013
v1|287445635034|0,"TRAVIS TRITT - It's All About To Change (1991) Vinyl, LP Warner Bros",72.00,0.1011
v1|358777787151|0,Kai WInding Suspense Themes in Jazz Verve V-8493,5.99,0.1011
v1|137500037888|0,Models Out Of Mind Out Of Sight 1985 Promo NM Lyric Sleeve,9.99,0.1011
v1|178282769514|0,Argent Hold Your Head Up Australian 1972 press 45rpm vinyl Epic ES-115,5.00,0.1010
v1|147423104662|0,Vintage Night Ranger - Dawn Patrol - 1982 Very Good +Condition,10.00,0.1010
v1|117290113338|0,The Longines Symphonette Judy Garland Over The Rainbow & 49 Other Performers LPs,7.00,0.1010
v1|137482857214|0,Larry Norman Back To America lp Messiah Interview + Bonus CD,12.99,0.1010
v1|358767895601|0,"Shanice - It's For You  12"" Single (RARE)",25.00,0.1010
v1|366528508772|0,"Confuse Contempt for the Authority & Take Off the Lie EP 7"" Vinyl 1985 repress",20.00,0.1009
v1|267720577080|0,Dottie West lot of 2 LPs,5.00,0.1009
v1|147427894969|0,HARRY CHAPIN Living Room Suite 1978 1st Press NM/NM- Lyric Sleeve,9.99,0.1008
v1|398150749899|0,BIG DADDY AND HIS TRIO. HARD TOP PARTS 1 AND 2 PMB 7220  FRANKIE BRUNSON INSTRO,29.99,0.1008
v1|358769298065|0,"JAZZ/SWING VINYL LOT: Bellson, Nero, Herman, Conniff, Hefti",5.00,0.1008
v1|278150838449|0,"The Tyros – Parasites, 7"" Single UNPLAYED NM 1979",10.00,0.1007
v1|336677403124|0,CARLY SIMON Hello Big Man LP ( 1983) Warner Bros. Records ‎1-23886 MINT!,13.00,0.1006
v1|158064424380|0,"Bad Company Bad Company 12"" Black Vinyl LP Island Rock 1973 33RPM 88 005 XOT",15.00,0.1006
v1|398150879848|0,Cantonese Opera LP. Tien Shing Records Company. TSLP-2089. Hong Kong.,20.00,0.1006
v1|398150843780|0,Cantonese Opera LP. Tien Shing Records Company. TSLP-2073. Hong Kong.,20.00,0.1006
v1|398150753719|0,Cantonese Opera LP. Tien Shing Records Company TSLP-2063. Hong Kong.,20.00,0.1006
v1|398150772003|0,Cantonese Opera LP. Tien Shing Records Company. TSLP-2072. Hong Kong.,20.00,0.1006
v1|227421374415|0,EUGENE MALININ  Beethoven/Prokofiev/Scriabin   Angel 35402  NM-/EX  Fully Tested,4.90,0.1006
v1|158066140352|0,John Bellows Clean Your Clock 2010 Vinyl LP Monikor Records VG+ Psychedelic Rck,6.00,0.1006
v1|206401462116|0,Richard Gere American Gigolo Original Soundtrack PD-1-6259 LP RECORD VINYL 1980 ,3.99,0.1006
v1|358768800198|0,"Van Halen – ""5150"" (1986) Gold Stamp Promo w/Original Rare Hype Sticker",75.00,0.1005
v1|287447114001|0,ARS Long a Vita Brevis The Nice 1975,10.00,0.1005
v1|278162766984|0,CAMELOT MUSICAL VINYL  KOS 2031 VINYL GOOD STEREO COLUMBIA RICHARD BURTON,4.95,0.1005
v1|127963743671|0,"The Righteous Brothers - You've Lost That Lovin' Feelin'  1965 12"" LP Mono",5.00,0.1004
v1|127962539823|0,VALENTINES - LILY MAEBELLE - RAMA 171 -BLUE LBL.- VG+,8.00,0.1004
v1|377318902453|0,Rex Allen 78 rpm 10” Record - The Roving Kind / The Wreck Of The John B  5573,7.99,0.1004
v1|168521497229|0,Jackie Gleason Lonesome Echo Vinyl LP Record W 627 1955,5.62,0.1003
v1|800304355501|0,"The Honeydrippers Volume One 1984 12"" Vinyl LP Record Mint Condition",5.00,0.1003
v1|127962769301|0,Melanie Gather Me Neighborhood NRS47001 GF VG,3.10,0.1003
v1|336678363100|0,"Tomita Pictures at an Exhibition RCA Red Seal LP Vinyl 12"" Stereo ARL1-0838",5.19,0.1003
v1|117290281703|0,Jefferson Starship Gold Vinyl LP 1979 BZL1-3247 FB-11426 VG+/VG+ Condition,12.00,0.1003
v1|336671776837|0,RED 7 WHEN THE SUN GOES DOWN 1987 MCA Lp Mint Techno Pop Synth Prod RICHIE ZITO,4.00,0.1002
v1|198483619499|0,IAN HUNTER MICK RONSON SELF TITLED ORIGINAL LP 1975 COLUMBIA PC 33480,12.99,0.1001
v1|318558538600|0,"Crosby, Stills, Nash & Young 4 Way Street Atlantic 12"" Black Vinyl LP 33 RPM",5.99,0.1001
v1|398150785448|0,Paul Anka - Flamingo Hotel Unreleased Acetate VG,199.99,0.1000
v1|327253138487|0,Bette Midler–The Rose (Original Soundtrack)–1979 Atlantic–SD 16010 Vinyl LP,10.00,0.1000
v1|298488652164|0,The Monkees  Lot Of 2 JAPAN Victor Pressings SS-1706 SS-1735  45s,10.00,0.1000
v1|188612734805|0,Maya Rozova Russian Emigrant LP Shufutinsky,175.00,0.0999
v1|188612726132|0,"Sichkin Russian Emigant LP Сичкин И Мирвис ""Новые Интеллигентные Одесские Песни""",115.00,0.0999
v1|188612712614|0,Irina Fogelson Russian Emigrant LP,4.00,0.0999
v1|377319933812|0,THE REDDINGS - CLASS BELIEVE IN A DREAM CBS LP SHRINK,8.00,0.0999
v1|800303048365|0,"ERROLL GARNER-THE ELF-THE SAVOY SESSIONS-SAVOY 2207, 2 LP, 1945, 1949",14.98,0.0999
v1|206405782116|0,"Adam And The Ants ""Kings Of The Wild Frontier"" Vinyl LP album ",6.66,0.0999
v1|358756828064|0,HOT TUNA-First Pull Up Then Pull Down-Gatefold-RCA LP with Original Inner Sleeve,7.02,0.0999
v1|307048763039|0,The Golden Palominos   Blast Of Silence    NM,10.00,0.0999
v1|127966287671|0,"LP 12 Capitol 2632, Lou Rawls Carryin On!",2.95,0.0998
v1|227421281632|0,"AL SACK ORCHESTRA Music for Listening TOPS 10"" VINYL Record ALBUM VG USED",5.00,0.0998
v1|178281879595|0,Steve Martin Wild And Crazy Guy Lp Vinyl,4.99,0.0998
v1|287446085062|0,Junior Parker  – Someone Somewhere / Foxy Devil    DUKE   1963  UNPLAYED  PROMO!,8.95,0.0998
v1|366522162006|0,"JOHNNY RIVERS - and I Know You Wanna Dance   LP, Mono, Research Craft Pressing",3.00,0.0998
v1|307048061099|0,Grupo Clase • OJOS QUE NO VEN • Lp VG+ Classic Salsa Latino Hits •,4.99,0.0997
v1|307048061099|0,Grupo Clase • OJOS QUE NO VEN • Lp VG+ Classic Salsa Latino Hits •,4.99,0.0997
v1|287447114912|0,Elvis Costello and the Attractions: Goodbye Cruel World - US 1984 Columbia LP,6.00,0.0997
v1|318556419847|0,Lot of 4 Radio Program LP Albums-Rock and Roll/Master Control 30th Annv/On Track,9.99,0.0997
v1|158064922335|0,Luis Cobos lot of 8 lps,30.00,0.0996
v1|198483796415|0,JANE'S ADDICTION LP  Nothing's Shocking 1988 Rhino  RE 180 gram vinyl,21.50,0.0996
v1|318512745189|0,"David Breed – Condition - US Reggae 12"" 1980",4.99,0.0996
v1|127963121701|0,Crosby Stills Nash & Young Déjà Vu GERMAN PRESSING Atlantic Records VG+ 1970,8.00,0.0995
v1|257611401093|0,"Mondo Rock - PRIMITIVE LOVE RITES - 1986 Columbia 12"" Demo Single  RARE  EX",10.00,0.0995
v1|358771466317|0,Vladimir Horowitz And The New York Philharmonic Album Released In 1978 Very Good,10.00,0.0994
v1|358768203730|0,The Godz Nothing Is Sacred,15.00,0.0994
v1|307048368481|0,LP - Frankie Laine - Concert Date - 1957 Mercury Records MG20085,8.00,0.0994
v1|257610720762|0,"STING Love Is The Seventh Wave (New Mix) 12"" Single vinyl LP UK Edition + poster",37.99,0.0994
v1|227421529750|0,MARTI JONES MATCH GAME Vinyl Lp Record 1986 Pre Loved,6.99,0.0994
v1|407055847891|0,THE BEATLES * SGT. PEPPER'S CLUB  BAND* PARLOPHONE * UK* IMPORT* LP,39.99,0.0993
v1|227421475026|0,Bobby Vee With Strings And Things  LIBERTY  LRP 3186  VG+/EX+   Fully Tested,8.99,0.0992
v1|198483551439|0,"George Jones - Golden Hits OG Vinyl LP, Gusto Recs, 1981, UC, GT 0080 Vinyl",9.99,0.0992
v1|307051183371|0,The Rolling Stones Beggars Banquet 180 gram LP in Shrink,12.12,0.0992
v1|307049555752|0,OMD - Messages - 10”  DIN DISC 15 10 ORHCESTRAL MANOEVRES DARK VINYL,69.00,0.0992
v1|158064219858|0,Wishbone Ash - Live Dates 1973 USA Gatefold Orig. Double Live Vinyl ,20.00,0.0991
v1|127962236378|0,"Crossed Out Fuck Grindcore 10"" Powerviolence Spazz INFEST No Comment Slap A Ham ",83.00,0.0991
v1|158066473619|0,CONWAY TWITTY - NUMBER ONES - LP (14b ),9.00,0.0991
v1|358768391702|0,Maria Muldaur-“Southern Winds” Vinyl LP VG+ Warner Bros. 1978 OG,6.00,0.0991
v1|358768707445|0,Citizen Cope The Clarence Greenwood Recordings Limited Numbered Sealed Vinyl LP,228.52,0.0991
v1|227421538469|0,Taylor Swift The Life Of a Showgirl Tiny Bubbles in Champagne Pressing,32.00,0.0991
v1|307047669301|0,A Child's Introduction to JAZZ  Bob Keeshan-Capt Kangaroo + Honeydreamers 1958,10.00,0.0990
v1|127962642336|0,SURF INSTRUMENTAL  -THE ROCKIN R'S - HEAT/NAMELESS -TEMPUS PROMO- VG++,7.00,0.0989
v1|168521454725|0,KENNY KAREN-VERY RARE PROMO TITLE SLEEVE+45+5 TITLE STRIPS-(SUSIE FORGIVE ME)-PS,79.99,0.0989
v1|336677049874|0,"Columbia Moe Bandy & Joe Stampley Just Good Ol' Boys 1979 12"" LP JC36202",6.00,0.0989
v1|168520775152|0,ELTON JOHN (Madman Across the Water  1978) VINYL LP Original FirstPressing ,15.95,0.0988
v1|137484196766|0,Robert Vaughn And The Shadows Love And War lp + Bonus,7.99,0.0988
v1|318558561528|0,"Wayne Newton Wayne Newton Capitol Records 12"" Black Vinyl LP Sealed Pop",5.00,0.0988
v1|206401216284|0,"Too Low for Zero by John, Elton (Record, 2017)VINYL Lp ALBUM ",4.99,0.0987
v1|318511831685|0,REO Speedwagon – You Get What You Play For - US 2LP Gatefold 1977,4.99,0.0986
v1|117290009593|0,THE PARTRIDGE FAMILY ALBUM - LP - 1970 - RARE - EX Condition,20.00,0.0986
v1|318556488166|0,LL Cool J. Promo Lot Of 2. Any Given Sunday. Deep Blue Sea. Vinyl Records,10.00,0.0985
v1|800305456780|0,"The Musical Score of ""The Wizard of Oz"" and Hit songs from ""Pinocchio"" vinyl",7.99,0.0985
v1|206394273756|0,Dickie Goodman Mr. Jaws And Other Fables By Dickie Goodman Record Vinyl LP ,1.99,0.0985
v1|398150827110|0,LLOYD PRICE. LONELY CHAIR/THE CHICKEN AND THE BOP. KRC 2577 PROMO,9.99,0.0984
v1|398151555194|0,HAIR - The Original Broadway Cast Recording 1968 LSO1150 Album Record Vinyl Lp,9.99,0.0984
v1|377328517700|0,Frankie Trumbauer  on Brunswick 7665 Ain’t Misbehaving / Somebody Loves Me ,5.00,0.0983
v1|267720979545|0,"Pat Benetar , In the Heat of the Night LP 1979 Chrysalis CHE 1236",6.00,0.0983
v1|307042842995|0,Joe Cuba Sextet 45RPM “Bang! Bang!” 1966 60s Boogaloo Latin Soul 7” TICO Vinyl,8.00,0.0983
v1|257610696036|0,Bruni Pagan LP 1979 Just Bruni Stereo Elektra,12.00,0.0983
v1|318515354446|0,Don Francisco – Got To Tell Somebody - US Gospel LP 1979,4.99,0.0981
v1|318515354446|0,Don Francisco – Got To Tell Somebody - US Gospel LP 1979,4.99,0.0981
v1|178292300957|0,"KOYO PAINTING WORDS INTO LINES 7"" 33RPM YELLOW VINYL SHELLSHOCK AUDIO 2020",25.00,0.0981
v1|267718220945|0,Grand Funk Railroad – On Time LP - 1973 reissue - VG/G+,6.00,0.0981
v1|307048330140|0,"George Jones & Tammy Wynette Me and the First Lady Black Vinyl LP 12""",5.00,0.0981
v1|336677658624|0,"SMOKEY ROBINSON ""TOUCH THE SKY ""(MINT) 6030TL TAMLA 1982 LP VINYL -SEALED",5.50,0.0980
v1|377326091254|0,MERCEDES BENZ 75th Anniversary RIVERSIDE 1961 VG+ VINYL 2xLP Record USED,6.55,0.0980
v1|188616844799|0,Van Halen 5150 Vinyl LP Album from 1986 in NM Condition,100.00,0.0980
v1|800306807825|0,"Jamiroquai Alright Work 12"" Single Vinyl 33 RPM Electronic 1996 OS 2376",5.90,0.0980
v1|287445895775|0,"Ronnie McDowell Good Time Lovin' Man LP Vinyl Epic Country 12"" Black",10.00,0.0980
v1|307048367173|0,LP - Gene Autry - Rudolph The Red Nose Reindeer w/ Full Color Santa Cutout,8.00,0.0978
v1|287445695063|0,"6"" 78RPM Childrens Picture Disc Trains  Working On The Railroad Erie Canal",10.00,0.0978
v1|298490595908|0,Steve Lawrence  Eydie Gorme   28-LP's    NM or as Described    CHOOSE Any 5-LP's,22.00,0.0977
v1|147427856096|0,"Richard P. Havens, 1983 Richie Havens 1968 FTS-3047-2 Ultrasonic Clean ",12.99,0.0977
v1|318513004125|0,Simon And Garfunkel – Bridge Over Troubled Water - US Reissue LP,4.99,0.0976
v1|800304493430|0,"Crosstown Rebels Phonique Kissing Strangers 12"" Black Vinyl Record Single",5.00,0.0976
v1|267720486448|0,Tchaikovsky Nutcracker Suite 78rpm 3-Discs Chicago Symphony ALEX STEINWEISS ART,9.99,0.0976
v1|358777554845|0,"Shorty Rogers & The Giants Cool and Crazy RCA LPM-3138 MONO 10"" Marty Paich 1954",9.99,0.0976
v1|168522400786|0,Billy Scott - You’re the Greatest / That’s Why I Was Born 1958 VG+,2.65,0.0975
v1|800308006423|0,Rhythm & Blues   Philip Upchurch Combo,3.59,0.0975
v1|127962667320|0,SURF INSTRUMENTAL - ROCKIN R'S - CRAZY BABY/THE BEAT -TEMPUS - VG++,9.00,0.0974
v1|137483126280|0,The Bill Gaither Trio The Very Bet Of The Very Best lp + Bonus,7.99,0.0974
v1|137499984299|0,ELECTRIC LIGHT ORCHESTRA New World Record ELO 1976 NM Vinyl Lyric Sleeve,12.50,0.0973
v1|158064011767|0,HONEYDREAMERS Potato Bug Boogie / Beanbag Song RCA VICTOR 47-4023 (1951) 45rpm,12.00,0.0973
v1|257604937683|0,"SAXON!! 3 Lot  1981 Denim & Leather, 1984 Crusader, 1983 3 song EP",120.00,0.0973
v1|147424792770|0,Grieg Schumann Piano Concertos Fleisher Szell Rare Promo Disk! PRISTINE!,5.99,0.0973
v1|298488774463|0,THE FIRM LP Album-Self Titled-The Firm,4.99,0.0972
v1|137484196287|0,Michael Omartian Adam Again lp + Bonus,7.99,0.0972
v1|358768833699|0,Was (Not Was) (1988) “What Up Dog?” – Triple Marked Promo,35.00,0.0972
v1|188521456329|0,Promo - AIRTO - I'M FINE HOW ARE YOU? - 1977 WARNER BROS BS-3084 LP Vinyl Record,0.99,0.0971
v1|278163969819|0,"The Ink Spots Volume 2 (12"" Vinyl, LP) C4037~ VG",6.99,0.0971
v1|117284988217|0,Creedence Clearwater Revival Green River  Fantasy Records 8393,16.99,0.0971
v1|318555942694|0,"The Dukes of Dixieland Marching Along With... Vol. 3 12"" Stereo LP AFLP 1851",4.99,0.0971
v1|336678533624|0,LP 14 Cañonazos Bailables Vol. 16 CHEESECAKE COVER Fuentes M-,19.99,0.0971
v1|168522400522|0,Sam Cooke - Desire Me / For Sentimental Reasons  1957 VG+,2.65,0.0971
v1|168521819618|0,"THE ISLEY BROTHERS~""TAKE ME TO THE NEXT""~Orig. 1978~FUNK~SOUL~7'' 45rpm~TNECK~M-",0.99,0.0970
v1|147424506459|0,Duane & Gregg Allman Stereo Vinyl LP VG Condition,26.00,0.0970
v1|358755468286|0,"Turn! Turn! Turn! [Bonus Tracks] by The Byrds (Vinyl, Jul-1999, Sundazed)",9.99,0.0970
v1|398153372427|0,Ed Ames Ed Ames Sings Apologize LP Vinyl Album Record Jazz,1.60,0.0970
v1|267720765333|0,Emmylou Harris – Pieces Of The Sky - LP Vinyl 1975 Reprise Records,3.99,0.0970
v1|227416947170|0,"Tommy Boyce & Bobby Hart  45  ""Alice Long""  1968 ""PO Box 9847"" 🎸 Good Condition",2.99,0.0970
v1|358768038343|0,Atlanta Rhythm Section - Are You Ready (1979) – White Label Promo - 2 LP Vinyl,115.00,0.0969
v1|358769252533|0,vinyl records lot,24.60,0.0969
v1|366528341688|0,Mozart Don Giovanni Karajan 1986 3x LP Germany Import Vinyl Record Set,15.00,0.0969
v1|267717702072|0,"Vic Damone That Towering Feeling! Vinyl LP Jazz Columbia 12"" 33 RPM CL 900 Vocal",5.99,0.0969
v1|800304369884|0,"Reo Speedwagon Nine Lives Vinyl LP Record Album, 1979, Epic Records FE-35988",5.00,0.0969
v1|407056327263|0,Lover Baby / Please Think It Over By The Dynamics,189.99,0.0968
v1|358768867642|0,America Live Vinyl LP Record 1977 BSK 3136,8.00,0.0968
v1|298488644022|0,DINAH WASHINGTON-DINAH -JAPANESE  VINYL LP,15.99,0.0968
v1|407058772998|0,"1984 Thompson Twins Hold Me Now 12"" Extended Version Maxi Single VF Condition",14.99,0.0968
v1|307048296231|0,Frank Sinatra “Strangers in the Night” LP Reprise FS-1017 Stereo 1966 VG,7.99,0.0968
v1|127962553788|0,Yours Truly clear & white swirl lp by Ariana Grande (pre-owned),25.00,0.0967
v1|318556411217|0,Northern Soul 45rpm's/ lot of 5,20.00,0.0967
v1|318512888240|0,Bob Dylan & The Band – The Basement Tapes - US 2LP Gatefold 1975,7.50,0.0966
v1|358768201155|0,UFO Obsession LP Vinyl,15.00,0.0966
v1|188614185394|0,"OPENED- SHELTER RECORDS- LEON RUSSELL ""AND THE SHELTER PEOPLE"" VINYL LP",6.00,0.0965
v1|398151817717|0,"SCORPIONS, ""LOVE AT FIRST STING""",5.00,0.0965
v1|158064481209|0,"Apart by Leon (Vinyl, 2020)",49.00,0.0965
v1|366528323778|0,Beethoven Cello Sonata No 4 Yo Yo Ma Emanuel Ax CBS Masterworks LP,10.00,0.0965
v1|188613352827|0,"The Uncle Floyd Show Album  1983, good condition , only played once  LAST CHANCE",40.00,0.0965
v1|336677708743|0,"The Byrds - Lot of 2 7"" singles from 1967 & 1968, Rock, Pop, Folk, Folk Rock.",9.99,0.0964
v1|407056632662|0,The Deputies – The Ballad Of The Green Berets - Wyncote – W-9139,50.00,0.0964
v1|287447114926|0,Le Roux – Up LP 1980 Capitol Records – ST-12092 VG/VG+,5.00,0.0964
v1|137493190237|0,THE VENTURES -   NEW TESTEMENT - LP (BOX-1),5.00,0.0964
v1|198483596479|0,Hot Sauce Vol. 5 LP VINYL Harlem Shuffle Trojan Rocksteady Reggae 1965-75,29.00,0.0964
v1|206401293814|0,Hot Sauce Vol. 1 LP VINYL Harlem Shuffle Trojan Rocksteady Reggae 1965-75,29.00,0.0964
v1|168521152555|0,Cross Jordan Singer Trail Of Jesus Revelation Records  Fair Gospel,30.00,0.0963
v1|198475984927|0,Vangelis- Albedo 0.39 RCA LPL1-5136 VG+/VG 1976 ORIGINAL,11.00,0.0963
v1|800305784744|0,RARE GUY LOMBARDO- THE SWEETEST MUSIC THIS SIDE OF HEAVEN vinyl  LP SL-8104,4.32,0.0963
v1|377327918368|0,GINUWINE : PONY : VINYL LP MAXI : SONY 550 46 78354,19.88,0.0962
v1|407058131350|0,E. Power Biggs ~ The Four Antiphonal Organs of the Cathedral of Freiburg VG / VG,5.00,0.0962
v1|117290368643|0,"Jane Powell Rich, Young and Pretty MGM 1951 12"" Vinyl LP 33 RPM Musical OST",15.00,0.0962
v1|267722750178|0,GERRY MULLIGAN PAUL DESMOND Two Of A Mind LP RCA Mono DG Dave Bailey ,29.99,0.0962
v1|358755572820|0,THE VISCOUNTS - HARLEM NOCTURNE AMY 45,6.00,0.0961
v1|278165825715|0,Supergroup THE VENTURES Sunset Records  33 1/3 VINYL ALBUM Awesome Art Cover!!!!,13.99,0.0961
v1|278165825715|0,Supergroup THE VENTURES Sunset Records  33 1/3 VINYL ALBUM Awesome Art Cover!!!!,13.99,0.0961
v1|307048528762|0,"Judy Garland The Beginning Black Vinyl LP 12"" ",5.00,0.0960
v1|147423340446|0,CSNY 4 Way Street 2LP 1971 Monarch MO Artisan COMPLETE Lyric Book NM SD 2-902,45.00,0.0960
v1|168520571186|0,Slim Pickins' & His Twenty-Niners Mono Charleston Vinyl VG+/EX ULTRASONIC CLEAN,4.99,0.0960
v1|168522400866|0,Bill Hayes - Kwela-Kwela / That Do Make It Nice  1955 VG+,2.65,0.0960
v1|227421212885|0,"KISS ""ALIVE! IN EAST LANSING OCTOBER 1974",100.00,0.0960
v1|278154809900|0,"STEVIE WONDER - LOVE LIGHT IN FLIGHT MOTOWN 12"" WL PROMO",25.00,0.0960
v1|158066461751|0,FAMOUS MOVIE THEMES SOUNDTRACKS   - LP SNTK #4,4.00,0.0960
v1|236923958464|0,Juice Newton (Take Heart) LP 1979,0.99,0.0959
v1|188616946269|0,"The Merced Blue Notes Rufus, Jr. / Thompin' PROMO Vinyl 45 from 1965 in NM Cond",50.00,0.0959
v1|206401122431|0,MACABRE OMEN - Gods of War - At War 2LP BLACK METAL VINYL,50.00,0.0959
v1|178293906067|0,Maynard Ferguson – “Gonna Fly Now” (Theme From ROCKY movie) 1977 Columbia Jazz,1.39,0.0957
v1|147424506424|0,"Like New New Riders Of The Purple Sage Oh, What A Mighty Time Demo Copy",35.00,0.0957
v1|147422855245|0,"VINTAGE WORLD/POP LP ""MUSIC FOR AN ARABIAN NIGHT"" RON GOODWIN ( CAPITOL 1960 )",12.00,0.0957
v1|298488985592|0,"Best Of New Riders Of The Purple Sage, Vinyl Record",6.00,0.0957
v1|127962908178|0,Jukebox 45 & Title Strip Taylor Dayne Heart Of Stone Cleaned Tested,2.49,0.0956
v1|377321137351|0,"Used 2008 International Submarine Band 7"" EP Record Sundazed SEP195 Gram Parsons",8.00,0.0956
v1|137492023079|0,SLPX 12109-11 Verdi Aida Caballe Domingo Muti 3xLP VF/NM Hungaroton EMI Libretto,4.99,0.0955
v1|377327393372|0,Leonard Bernstein Mass Columbia Masterworks Stereo Deluxe 2LP Vinyl M2 31008,5.00,0.0955
v1|366533678224|0,[Rare Vaporwave Vinyl] Saint Pepsi: Hit Vibes [Red] [Only 500 Made] [Grade G+],100.00,0.0955
v1|168522400976|0,The Dream Weavers – It's Almost Tomorrow / You've Got Me Wondering 1955 EX,2.65,0.0955
v1|158066726675|0,"Vintage 1971 SONY & CHER LIVE LP, MCA Records Original Cover, NM",10.00,0.0954
v1|298488822815|0,lp vinyl records,34.50,0.0954
v1|298488818191|0,lp vinyl records,32.50,0.0954
v1|298488572205|0,lp vinyl records,31.50,0.0954
v1|298488816348|0,lp vinyl records,26.50,0.0954
v1|298488822250|0,lp vinyl records,23.50,0.0954
v1|127962672331|0,"1978 Styx ""Pieces of Eight"" Vinyl LP Album - EX Condition W/Dust Jacket",4.99,0.0954
v1|267720805784|0,"Riopelle ""Dangerous Stranger"" vinyl - 1979",4.00,0.0954
v1|158066448279|0,STEREO FREQUENCE  - FREQUENCE TEST RECORD,6.00,0.0953
v1|398151164237|0,ROCKIN AROUND THE WORLD Vinyl LP Bill Haley and his Comets 1958,16.00,0.0953
v1|168520714726|0,Raven S/T LP 1969 Columbia Pitman Pressing  Rock,25.00,0.0953
v1|198488057832|0,RUNNING WILD -Black And Heavy Is Our Sound 150 Copies Iron Maiden W.A.S.P. Rare ,49.99,0.0953
v1|236923741094|0,Rain Forest Music J.D Emmanuel New Age Aguirre 2017 Shrink NM- LP,14.00,0.0952
v1|336676748230|0,"Dizzy Gillespie, Havin’ A Good Time In Paris Record VG++, Inner City Records",8.00,0.0952
v1|318512703258|0,"Debbie Gibson – Only In My Dreams - US 12"" + Hype Sticker 1986",4.99,0.0952
v1|398152255816|0,Benedict Cork Orange Multicolor Signed Notes On A Hopeless Romance Pop,9.99,0.0951
v1|137493402910|0,DANTE and The EVERGREENS 45 Dream Land Time Machine MADISON doowop VG++ #2489,5.50,0.0951
v1|137493462632|0,Rilo Kiley Under the Blacklight LP RSD Black Friday Colored Vinyl,14.99,0.0951
v1|398152042023|0,Dion Return of the Wanderer Vinyl LP Rock Lifesong 1978 Promo Demo JZ 35356,6.00,0.0951
v1|318512681268|0,"Dead Or Alive – You Spin Me Round (Like A Record) (Murder Mix) - US 12"" 1984",4.99,0.0950
v1|198483701733|0,The Unpredictable Jimmy Smith Bashin' LP Verve Van Gelder - Klabin collection,12.00,0.0950
v1|298489015684|0,"1969- JOHN MAYALL, "" THE TURNING POINT"" , 12"" POLYDOR RECORD , BLUES",4.99,0.0950
v1|318512757341|0,Todd Rundgren – Initiation - US LP 1975,4.99,0.0949
v1|198476968511|0,Nana Mouskouri ‎– An American Album  Promo pop vocal  LP nie dla psa kielbasa,10.00,0.0949
v1|800308084523|0,Rhythm & Blues   Frederick II,3.59,0.0949
v1|206401231272|0,Shaun Cassidy-Under Wraps-1978 Pop Rock E/E Curb Records  Vinyl Lp Record ,4.99,0.0949
v1|407055853055|0,"ROXY MUSIC ""MANIFESTO"" JAPAN IMPORT LP ",19.99,0.0949
v1|358768590981|0,"Marvin Gaye The Master 1961-1984 Motown Promo White Label Stereo 12"" LP",4.34,0.0948
v1|127962191887|0,"The Telescopes/Füxa – Where The Sky Is Low/Electric Sound Of Summer 7"" Single ",14.00,0.0948
v1|206401194519|0,Ronnie Laws Solid Ground 1981 Vinyl LP Liberty Records LO-51087,3.10,0.0947
v1|800304848569|0,"Outlawz - ""Black Rain"" - 12"" Promo OUTL2000-PRO3 Vinyl 2pac",9.99,0.0947
v1|267720678537|0,78 RPM 1954 Henri Rene My Impossible Love & The Happy Wanderer Disc Jockey Promo,5.00,0.0947
v1|318515801574|0,REO Speedwagon – Nine Lives - US LP Gatefold + OIS 1979,4.99,0.0947
v1|377328632807|0,"SAMPSON ""BUTCH"" MOORE House Beat Box 12"" LP TRAX WBMX",4.99,0.0947
v1|398151252951|0,"Vaughn Monroe 78. Don’t tell A Lie About Me, Dear. 1942 Bluebird Records B-11468",9.00,0.0947
v1|336677798534|0,"Vinyl, Record, LP, Album, Edwin Birdsong, Supernaturaler Natural",49.00,0.0946
v1|168521469787|0,Poco  Crazy Eyes -  G+/VG+ KE 32354 Ultrasonic Clean,2.00,0.0946
v1|257604878924|0,Duran Duran Vinyl lot of 6 original records ,86.00,0.0946
v1|117293876740|0,"Yes Relayer, 1974",10.00,0.0946
v1|318557277938|0,"Paul Siebel Woodsmoke and Oranges 12"" Black Vinyl LP Elektra EKS-74064",15.00,0.0946
v1|178291645586|0,"Henbane by Cultes des Ghoules (Record, 2013) 2x LP Black Metal",35.99,0.0945
v1|168521804460|0,"Vintage 1975 Gateway Records 2 Vinyl Albums ""Jerry Murad Harmonicats""",8.99,0.0944
v1|278163285202|0,Satellite Of Love Neko Case Victoria Willams Howe Gelb Red 7 Inch Vinyl ,20.00,0.0944
v1|287447534882|0,HERCULES Soundtrack 33RPM LP RCA LBY-1036 STEVE REEVES Nagel Near Mint Vinyl,9.99,0.0943
v1|227416948120|0,"HEART  LP  ""Heart""  ©1985  +Bio  🎶 Good Condition",8.99,0.0943
v1|257611019279|0,Cyndi Lauper – She's So Unusual - 1983 Portrait New Wave Vinyl LP Record Album,7.99,0.0942
v1|227401532390|0,The Walker Brothers The Sun Ain't Gonna Shine Anymore OG Smash NICE! NM!,12.50,0.0942
v1|407056443543|0,DJ Diamond “Footwork Or Die” Chicago Footwork Juke Planet Mu Vinyl ,9.99,0.0941
v1|236929061871|0,Italo Disco Promo! Claudio Simonetti (Kasso) - I Love The Piano 12” Single,9.99,0.0941
v1|236918293708|0,Red Prysock - 'Wiggles' - Red Robin 107 - Jumping Blues R&B Sax 78rpm,9.99,0.0941
v1|800308016440|0,Rhythm & Blues   Tony Clarke,3.59,0.0941
v1|168515421773|0,Sophie Tucker / The Spice Of Life / 1956 Vinyl / VG+,5.20,0.0940
v1|257611187760|0,Patti Page I'll Remember April Vinyl LP 1959 MG 20406,5.67,0.0939
v1|327251349093|0,"Annie Lennox No More ""I Love You's"" vinyl ADP-2863 33 1/3 RPM Promo Arista",4.80,0.0939
v1|198476315564|0,"John Entwistle- of The Who- ""Whistle Rymes"" Track DL79190 VG+/VG Gatefold 1972",16.20,0.0939
v1|287443287789|0,MICHAEL JACKSON THRILLER LP RARE '82 CARROLLTON~LYRICS~SHRINK~GRAMMY + SONG HYPE,20.50,0.0939
v1|236923933487|0,Al Hirt More of that “Honey in the Horn” Cotton Candy Walkin Record,10.00,0.0938
v1|257611351113|0,Dermot Hegarty And The Plainsmen – 21 Years / The Shores Of My Own Native Home,8.95,0.0938
v1|236923943438|0,Paul Metheny Group (First Circle) LP 1984,0.99,0.0938
v1|800303093719|0,"PAUL DESMOND WITH STRINGS-DESMOND BLUE-RCA VICTOR LSP 2438, JIM HALL",14.98,0.0938
v1|800304231799|0,Brian Auger's Oblivion Express Live Oblivion Vol. 1 RCA Victor CPL1-0345 LP,3.20,0.0937
v1|227420387525|0,The Get Up Kids Problems *sealed* 180 g Light Blue Vinyl Indie Rock LP Polyvinyl,7.00,0.0937
v1|327253132306|0,Scraping Foetus Off the Wheel LP Records Nail Calamity Crush Ramrod Boxhead VG+,40.00,0.0937
v1|227401532367|0,Hot Air Through a Straw from Don Preston & The South WHITE LABEL PROMO COPY! NM,14.99,0.0936
v1|278170802421|0,"RUBEN BLADES: Caminando 12"" Extended Remix Discos International",4.99,0.0936
v1|188615680807|0,Bonnie Raitt Sweet Forgiveness vinyl record,4.99,0.0935
v1|298488901042|0,"THE FINAL APPROACH - ""WE LIKE TO BOOGIE"" / GOLD PLATE RECORDS 1976",22.51,0.0934
v1|147422916368|0,The Rock N Rool Era Vinyl Collection 4 Set Very Good Condition,25.35,0.0934
v1|236917087388|0,PABLO CRUISE / WORLD AWAY LP Grade (VG+) Very Good +,5.00,0.0934
v1|236923407424|0,SUPERGROUP 12” 2 LP VINYL PROMOTIONAL ALBUM – 1976 – VARIOUS ARTISTS - GOOD COND,19.99,0.0933
v1|267720718932|0,queen 🎸 keep yourself alive 45 promo stereo/mono 3:29 Vg+,29.99,0.0933
v1|198483546679|0,George Jones - Still the Same Ole Me LP VG+ Vinyl/VG+ Sleeve,9.99,0.0933
v1|287447114932|0,"1983 Cris Williamson ""Portrait"" 33 1/ RPM 12"" LP Record",10.00,0.0932
v1|147427868237|0,Chuck Berry Johnnie B. Goode 1973 NM Vinyl Shrink Nice!,12.99,0.0932
v1|127964262591|0,The Monkees All FOUR POST Cereal Box Records RARE Freight Included,109.99,0.0931
v1|236923890265|0,cavalleria rusticana Double LP  RECORD mint vinyl,9.99,0.0931
v1|800305345306|0,JACK BRUCE I’ve Always Wanted To Do This WHITE LABEL PROMO + PRESS KIT 1980 EPIC,25.00,0.0930
v1|198489545912|0,LP  FLASHBEAGLE  SNOOPY  CHARLIE BROWN RECORDS 2518  PLAY TESTED,19.95,0.0929
v1|407056068547|0,Nathan Whitehead - Days Gone Original Video Game Soundtrack - Used  - MONDO,69.99,0.0929
v1|307048342618|0,"Christine McVie Christine McVie Black Vinyl LP Rock 12""",5.00,0.0928
v1|358779842804|0,ROD STEWART Never A Dull Moment Mercury Vinyl LP 1972,1.99,0.0928
v1|236929083183|0,Italo Disco Shoo Shoo D. Bon Bon Woman 12” Single,14.99,0.0927
v1|188521301645|0,PROMO - Percy Faith - Leaving On A Jet Plane - Columbia CS-9983 LP Vinyl Record,0.99,0.0927
v1|168522400224|0,Martin Denny -  Quiet Village / Llama Serenade  1959  VG+,2.65,0.0927
v1|336677638928|0,"Swingville All Stars w/C. Hawkins - Years Ago, 1961 LP, Cool Jazz, Modal, Swing.",8.00,0.0927
v1|178292413767|0,Ed Ames LP Album-My Cup Runneth Over,4.75,0.0927
v1|307047978781|0,Beyan Ferry The Bride Stripped Bare Japan,7.95,0.0927
v1|198483293536|0,"Ella Fitzgerald Ella LP Music-Hall 12"" Vocal Jazz Vinyl Record 12.864",10.00,0.0926
v1|127962644710|0,Found Heaven teardrop blue lp + poster by Conan Gray (pre-owned),40.00,0.0925
v1|257611351473|0,Ray Charles – Hallelujah I Love Her So / What Would I Do Without You    ATLANTIC,8.95,0.0925
v1|358777484243|0,Psychedelic Rock Vinyl Record Lot Melt at Moody Blues Spanky & Gang Mountain,20.00,0.0925
v1|168520947774|0,Bison Bop Vol.10 Vinyl Signed John by Owens/Mickey Hawks No COA VG+,19.99,0.0924
v1|278161110690|0,VG++/NM- BEAUTIFUL! IN THE COURT OF THE CRIMSON KING LP  1978 MONARCH ATLANTIC!!,12.49,0.0924
v1|188614401936|0,Brook Benton ‎Golden Hits Vinyl LP 1961 Mercury ‎MG-20607 MONO Excellent,6.46,0.0924
v1|188612707548|0,"U2 The Unforgettable Fire 12"" Black Vinyl LP 33 RPM Island Records",7.00,0.0923
v1|158065170238|0,Genesis The Lamb Lies Down On Broadway Double LP Album Vinyl Record - NM/EX,40.00,0.0923
v1|800304373954|0,"Captain & Tennille 12"" Vinyl LP Greatest Hits, Dream Love, Will Keep US Mint !",5.00,0.0923
v1|188614181624|0,"OPENED- APPLE RECORDS- PAUL McCARTNEY ""Band On The Run"" VINYL LP",6.00,0.0923
v1|407057104637|0,Anthrax / UTFO - Lethal ~ 1987 Record Made in US FMS62305 ~ Shrink Wrap,14.99,0.0923
v1|158064802218|0,Rare HTF Lon Thomas Whiskey And Weed Background Music 45 RPM Record 0026-B VG+,19.99,0.0922
v1|307048391205|0,2 Dbl LP's - Golden Twenties + Nostalgic Thirties - LONGINES SYMPHONETTE 1965 EC,8.00,0.0922
v1|366528480979|0,2 SIDED ROCKIN BLUES ELMORE JAMES-PICKIN THE BLUES-FIRE RECORDS PLAYS MINT,8.99,0.0922
v1|158065209440|0,Grave Desecrator - Dust to Lust 2LP vinyl black death metal blasphemy Beherit ,35.00,0.0922
v1|318557274854|0,"Alice Cooper Lace and Whiskey 12"" Black Vinyl LP Warner 1977 BSK 3027",20.00,0.0922
v1|318542444600|0,The Return Of Roger Miller LP Vinyl Record,10.00,0.0921
v1|236929036034|0,Italo Disco Rainbow Team Come To The Rainbow 12” Single,29.99,0.0920
v1|158054564357|0,Music by Berger & Wolpe lp,23.00,0.0920
v1|287445309144|0,Perez Prado And His Orchestra: Pops And Prado vinyl LP G+/VG 1959 RCA LPM-2028,5.00,0.0920
v1|178291637771|0,Channel Three After The Lights Go Out LP (reissue),20.00,0.0920
v1|307048978935|0,BAD COMPANY 1974 Debut Album Gatefold Vinyl LP Swan Song Records,11.99,0.0919
v1|178293725748|0,"Arrested Development Ease My Mind 12"" Black Vinyl Single Stereo Y-58157",9.00,0.0919
v1|358758630275|0,MARTHA & THE VANDELLAS - GREATEST HITS GORDY STEREO LP,8.00,0.0919
v1|257610643885|0,The Chambers Brothers LP 1967 The Time Has Come Columbia Stereo,12.00,0.0919
v1|257610643885|0,The Chambers Brothers LP 1967 The Time Has Come Columbia Stereo,12.00,0.0919
v1|377332221060|0,"EPMD You Gots to Chill Vinyl 12"" Single Fresh Records Hip-Hop Rap FRE-80118",11.00,0.0918
v1|158066461212|0,LA CAGE AUX FOLLIES  SOUNDTRACK  - LP SNTK #5,4.00,0.0918
v1|188613704860|0,Rolling Stones Let It Bleed (1969) LP Vinyl Record NPS-4 ,50.00,0.0918
v1|227422516518|0,Bravo Vol. II Os Temas Classicos Que Todos Gostam LP Vinyl Brazil 1977 VG+,9.99,0.0917
v1|147424688837|0,BB Kubg Live In Cook County Jail Stereo Vinyl LP ABCS-723 EX/NM,40.00,0.0917
v1|278156266303|0,KRIS KRISTOFFERSON - BORDER LORD MONUMENT STEREO LP LYRIC SHEET,8.00,0.0917
v1|168525702936|0,Music From Big Pink LP,1.99,0.0917
v1|137492465347|0,Stevie Nicks Promo Leather And Lace,8.00,0.0917
v1|318551968485|0,NANCI GRIFFITH STORMS LP NM NEAR MINT US MCA VINYL COUNTRY FOLK,9.98,0.0917
v1|158064922413|0,"Heitor Villa-Lobos ""Bachianas Brasileira No. 5 / Bidu Sayao"" LP ML 5231 ",10.00,0.0917
v1|327251762328|0,Fantasy Of Japan: Ricardo Santos And His Orchestra Vinyl Record,23.89,0.0917
v1|137493355127|0,Herschel Bernardi Sings Fiddler On The Roof /  CBS Masterworks ‎ Vinyl Record,3.99,0.0916
v1|398152369837|0,Tom Verlaine Souvenir From A Dream 1979-1984 Vinyl Box Set,50.00,0.0916
v1|227421162731|0,Bing Crosby - New Tricks ED 2535 EP 45,10.99,0.0915
v1|137500373562|0,"1988 Camouflage ‎– The Great Commandment 12"" Single Vinyl Record",20.00,0.0914
v1|318512634976|0,The Temptations – Wings Of Love - US LP 1976,4.99,0.0914
v1|327251858974|0,Scarlatti  Sonatas for Harpsichord  Ralph Kirkpatrick  ARCHIV 2533072  NM,19.90,0.0914
v1|398158517744|0,"Cosmo's Factory Creedence Clearwater Revival Record Fantasy 12"" Vinyl Record",19.99,0.0914
v1|147424506581|0,Like New Spirit Further Along Stereo Vinyl Mercury 1976 SRM-1-1094,39.00,0.0913
v1|227422446641|0,Twinkle Playtime Songs 'N Stories 3LP Vinyl Box Set 33 RPM Stereo K-38,13.50,0.0913
v1|117284503969|0,2001: A Space Odyssey Motion Picture Soundtrack GF gatefold LP MGM 1-SE-13 vg++,15.00,0.0913
v1|287438736285|0,THE ROCHES-SPEAK. still in shrink,18.00,0.0913
v1|358768394919|0,The Roches-“Keep On Doing” Vinyl LP VG+ Warner Bros. Records 1982,7.00,0.0913
v1|377326078479|0,SUNNY GALE Sunny WARWICK 1961 Mono Pop LP VINYL Record ALBUM VG+ USED,5.00,0.0913
v1|358755566084|0,BOBBY GOLDSBORO - THE STRAIGHT LIFE UNITED ARTISTS 45,6.00,0.0913
v1|366534374725|0,"TAS RCA LSC-2395 Prokofiev ALEVANDER Nevsky Reiner SD 10S 10S 1960 VG++ TO NM,NM",9.10,0.0912
v1|178292413818|0,Roy Rogers/Dale Evans & Their Family JESUS LOVES ME LP Album CAS-1022(e),4.99,0.0912
v1|117289721077|0,Barry Manilow - ‎Even Now (vinyl LP 1978) Arista AB 4164 All Disc Pressing ,3.99,0.0912
v1|336677524839|0,"JOHN DENVER ""SPIRIT” (Vinyl LP 1976) Sleeve:G Record:VG APL1-1694",7.99,0.0912
v1|236922982561|0,"Sonny Stitt POW! Record NRMT, Roulette Records",8.00,0.0911
v1|358777476740|0,Billy Paul Let 'Em In Philadelphia International PZ 34389 1976 Soul LP Vinyl ,1.99,0.0911
v1|168522401170|0,"The Four Lads - No, Not Much! / I'll Never Know  1955  VG+",2.65,0.0910
v1|168521499311|0,MICHELLE SHOCKED LP Mercury 1980's POP ROCK  Short Sharp Shocked  NEAR MINT  NM,6.98,0.0910
v1|800307987327|0,Rhythm & Blues   Marv Johnson,3.59,0.0910
v1|257610719650|0,Johnny Cash I Walk The Line & Rock Island Line Vinyls By Pickwick 33,18.00,0.0910
v1|117295128691|0,"ATTEN. HARD CORE BILL HALEY COL.-THE HOLY GRAIL 78,TENNESSEE BORDER/CANDY KISSES",999.99,0.0910
v1|178292190977|0,"Vintage Vinyl Album, Carpenters,  AM Records, Rainy Days And Mondays.",9.25,0.0909
v1|158064219911|0,BILLY COBHAM TOTAL ECLIPSE JAZZ  Vintage 1974 LP VINYL ALBUM NM,9.99,0.0909
v1|168522400997|0,Don Cherry - Namely You /  If I Had My Druthers  1956 VG+,2.65,0.0909
v1|257611064772|0,CREEDENCE CLEARWATER REVIVAL - PENDULUM - FIRST EDITION - FANTASY RECORDS,18.99,0.0909
v1|158054564384|0,Carmina Burana by Carl Orff LP,15.00,0.0909
v1|366528884877|0,GREENSLADE Time And Tide WHITE LABEL PROMO 1975 MERCURY SRM-1-1025 Promotional,22.00,0.0908
v1|327252099002|0,"Cleo Laine & Dudley Moore LP ""Smilin' Through"" EX  BX10",3.00,0.0908
v1|117290320121|0,Larry Gatlin vinyl album on Columbia records,4.00,0.0908
v1|307042929777|0,"Randy Vanwarmer “Songs From The Album Terraform” Promo Vinyl=VG++  12"" LP Record",3.00,0.0907
v1|800308643783|0,The Beatles Vinyl Yellow Submarine Songbook 1999 EMI ,80.00,0.0907
v1|236924081130|0,American Flyer- self-titled LP United Artists 1976 with Doug Yule of VU,5.99,0.0907
v1|318556489042|0,Promo Records. Puff Daddy. Mase. Vinyl Records. Bad Boy Entertainment,10.00,0.0907
v1|168520860710|0,Columbia The Headliners LP Vinyl Limited Edition Pop Jazz Compilation,5.00,0.0907
v1|127966287695|0,"LP 12 Columbia CS-8423, Johnny Mathis I'll Buy You A Star",2.95,0.0907
v1|236923760364|0,Blondie Eat To the Beat LP 1979 Santa Maria Pressing Chrysalis Records CHE-1225,15.00,0.0906
v1|117289899979|0,John Lennon Sometime In New York City 2LPs Frank Zappa Beatles Original Release,39.99,0.0906
v1|227424625768|0,"1982 Superior Movement ‎– Wide Shot / Sweet Dreams 12"" Vinyl Record",30.00,0.0906
v1|287445445831|0,KISS Love Gun 1977 LP COMPLETE w/LOVE GUN & ORDER FORM NBLP 7057 VG/VG READ,50.00,0.0906
v1|206401193900|0,Vintage 1969 B.J. Thomas Raindrops Keep Fallin' On My Head LP Record Album,3.00,0.0906
v1|366534425438|0,RCA LSC-2555 THE SOUND OF STOKOWSKI WAGNER Die Walkure SD 4S 1S 1961 VG++,7.50,0.0906
v1|188471493553|0,Andre Previn & Russ Freeman - Double Play - 1957 Stereo S-7011 LP Vinyl - VG++,0.99,0.0905
v1|358768115937|0,Burton Cummings - Dream of a Child (1978) – WLP & Gold Stamp w/ Timing Strip,45.00,0.0905
v1|257611321263|0,Bad Brains - Quickness -vinyl-1989 Caroline Records,35.00,0.0905
v1|188612728277|0,Emil Gorovets - Israeli LP ,25.00,0.0905
v1|127966287677|0,"45rpm – ABC AB-12432 Promo Stereo, John Wesley Ryles, Love Ain’t Made For Fools",2.95,0.0905
v1|398154089146|0,"BILLIE EILISH - Happier Than Ever (2021 Black 12"" LP) Darkroom/Interscope",10.00,0.0904
v1|398154089146|0,"BILLIE EILISH - Happier Than Ever (2021 Black 12"" LP) Darkroom/Interscope",10.00,0.0904
v1|358769182656|0,"QUARTERFLASH - QUARTERFLASH - 12"" VINYL  LP",8.00,0.0904
v1|366522540478|0,The Musical Magic Of The Pipe Organ UTS141 Celebrity Records,3.00,0.0903
v1|168520778967|0,Beach Boys Little Deuce Coupe 1963 US Vinyl LP - VG - Ultrasonic Clean & Tested,14.99,0.0903
v1|267720737278|0,"DAYLIGHT RUN FOR COVER ACOUSTIC SERIES #3 7"" 33RPM BLUE LABEL VINYL RFC 035",15.00,0.0903
v1|278156264077|0,DOC SEVERINSEN & HIS TRUMPET & ORCH - FEVER COMMAND STEREO LP,8.00,0.0903
v1|318557815022|0,Lou Rawls—Black And Blue.. vinyl lp..T1824,8.00,0.0903
v1|278170850214|0,CHARLIE BARNET And His Orchestra Dance Bash LP VERVE MG V-2007 US 1956 Vinyl,6.99,0.0902
v1|800305210708|0,"RARE/FULLY TESTED! Wild Fire – Try Making Love (1977 Barbados 12"" Single) READ",80.00,0.0902
v1|327252929972|0,"Vintage Grandmaster Melle Mel & The Furious 5 ""Beat Street"" Motion Picture...",2.71,0.0902
v1|257611351468|0,Jackie Wilson – To Be Loved / Come Back To Me     on   BRUNSWICK     1958,8.95,0.0902
v1|257610932827|0,La Borinqueña Danny Rivera,5.00,0.0901
v1|137493501296|0,Be Bop Deluxe  Best of & the Rest Of 2 LP Harvest Records Ultrasonic Cleaned VG+,4.99,0.0901
v1|800308825985|0,vinyl records classic rock,800.00,0.0901
v1|278163588689|0,Square Dance Calling Record  Capitol Records Ta Ra Ra Boom De Ay Untested,7.00,0.0900
v1|307048368451|0,KISS Alive II Casablanca 2xLP Double Vinyl Record Gatefold Black Rock,20.00,0.0900
v1|287445247434|0,Scotch on the Rocks Vinyl Record Pipes & Drums,6.99,0.0900
v1|168522400679|0,Burl Ives- This Is All I Ask / There Goes Another Pal Of Mine 1965 Good,2.65,0.0900
v1|358769251889|0,The Mamas And The Papas Golden Era Volume 2 Album Released In 1968,10.00,0.0900
v1|127962910068|0,Jukebox 45 & Title Strip Roberta Flack Set The Night To Music Cleaned Tested,2.49,0.0900
v1|358767441418|0,The Moody Blues Seventh Sojourn Vinyl LP 1972 Threshold THS 7 Gatefold Stereo,15.00,0.0900
v1|800304745344|0,Falls Of Rauros - Believe In No Coming Shore LP,30.00,0.0900
v1|287445152306|0,The Alan Parsons Project I Robot Vinyl Record LP 1977 Arista AL 7002,9.25,0.0899
v1|287445152306|0,The Alan Parsons Project I Robot Vinyl Record LP 1977 Arista AL 7002,9.25,0.0899
v1|206401174040|0,Orquesta Aragon De Cuba Vol 4 FLY RECORDS RARE LATIN RECORD VG+,0.99,0.0899
v1|257611351125|0,Calvin Carter ‎– The Roach / What'd I Say   on  VEE-JAY    1961   (instrumental),8.95,0.0899
v1|158064390432|0,SOUTHSIDE JOHNNY & ASBURY JUKES This Time It's For Real EPIC PE-34668 (1977) LP ,4.49,0.0899
v1|137498948812|0,Christian Death Jesus Points The Bone At You Plus 3 Singles,13.50,0.0899
v1|800292063137|0,Taos,37.50,0.0898
v1|800289384497|0,Harriet Schock,35.00,0.0898
v1|800292307954|0,Hammersmith,25.00,0.0898
v1|298488807262|0,Spinozza,4.00,0.0898
v1|206400614720|0,"Allelujah The Death And Life Of Captain Nathan Baker LP 12"" Cosmic Dreamer Music",8.00,0.0898
v1|178292974669|0,Tierra - City Nights - 1980 Promo Vinyl LP - Boardwalk 36995,12.00,0.0898
v1|147423561917|0,THE SELECTOR LP CELEBRATE THE BULLET MASTERED AT ALLEN ZENTZ LA,55.00,0.0898
v1|278163856951|0,The Vienna Choir Boys - Ceremony of Carols  & Motetten - LP,4.29,0.0897
v1|287445962479|0,Trombones Beaucoup Swing Low Vinyl LP 1967 Excellent Copy,24.95,0.0897
v1|188614735059|0,Great Gospel Songs Volume 1 LP Vinyl LP Excellent Vinyl and Album Cover Word,3.84,0.0897
v1|127962191364|0,"ACID KING 10"" VINYL ON SFTRI DOOM METAL",15.50,0.0897
v1|147424506373|0,Like New Bob Dylan Bringing It All Back Home Stereo Vinyl LP  KCS 9128,75.00,0.0897
v1|307048401738|0,Ohio State Marching Band Stars Stripes N Brass Vinyl,6.12,0.0896
v1|206394124666|0,Barbara Mandrell Just for the record #87(fooled by a feeling) many more hits,14.99,0.0896
v1|307048012080|0,LP - PRINCE - Around the World in a Day - 1-25286 Warner Bros. 1985,10.00,0.0896
v1|127963913557|0,"7"" Single. Dropkick Murphys / Oxymoron - Irish Stout vs German Lager. Excellent",10.00,0.0896
v1|236923767176|0,Pablo Cruise Worlds Away LP Rock Vinyl A&M Records 1978,2.40,0.0895
v1|327247187987|0,"New Christy Minstrels ""Alice's Restaurant"" 1968 45rpm Single +BIO Good Condition",2.59,0.0895
v1|117291365062|0,"PETER AUL AND MARY-PETER PAUL AND MOMMY.1969.RED VINYL.JAPAN.G/F,OBI,OIS.N/M",92.00,0.0895
v1|137500019327|0,Bellamy Brothers Country Rap 1986 1st Press NM Vinyl Shrink,6.99,0.0894
v1|377319933806|0,THE BEACH BOYS - SPIRIT OF AMERICA CAPITOL 2-LP SET,9.99,0.0894
v1|287447114929|0,Lily Tomlin On Stage LP 1977 [Arista AB 4142],7.00,0.0894
v1|287445721825|0,"LIONESS: Hidden Treasures by Winehouse, Amy (Record, 2011)",7.49,0.0894
v1|800304118010|0,Elvis Kennedy LP A Souvenir Of The 60s on Avco,20.00,0.0893
v1|287445407575|0,"Skinty FIA by Fontaines D.C. (Record, 2022)",14.00,0.0893
v1|147424506306|0,Like New Fleetwood Mac Stereo Vinyl  1975 Reprise MS 2225,75.00,0.0893
v1|257612230471|0,THE CATS - 45 LIVES (original US Rare Earth label),7.50,0.0893
v1|188615000282|0,Holiday in Spain by Lew Raymond Orch & Elvis In Person Record Jacket Only!!,10.00,0.0892
v1|307049555156|0,Rita Coolidge Anytime Anywhere,2.00,0.0892
v1|198483552475|0,George Jones I Am What I Am LP 1980 Epic JE 36586 Country VG+ ,10.50,0.0892
v1|800305080404|0,Spice 1 187 He Wrote 2023 Black Friday RSD 2LP Hip Hop,39.99,0.0892
v1|178291760374|0,Fiddle Dee Dee First Record For Baby Album,3.65,0.0891
v1|318515473037|0,Ray Charles – Modern Sounds In Country And Western Music Volume Two - US SEALED,4.99,0.0891
v1|117289804964|0,"Dr. Alban - Sing Hallelujah! (12"") (Near Mint (NM or M-)) - 3860489569]",30.00,0.0891
v1|227422550839|0,LIONEL RICHIE - CANT SLOW DOWN - LP GATEFOLD Vinyl 1983 Pre-Loved,13.99,0.0891
v1|147422783167|0,Elton John Vinyl - Jump Up! (1982) LP Geffen GHS 2013 Winchester Pressing EX!,6.00,0.0890
v1|287447114906|0,"HERMAN'S HERMITS  ""THEIR SECOND ALBUM ON TOUR""  1965  LP",9.00,0.0890
v1|327246833284|0,"Angelo Di Pippo E La Sua Orchestra Tipica Italian - Tarantella ""LP""",6.50,0.0890
v1|366528999554|0,Barbara Streisand a Christmas Album Columbia Records Vinyl LP,6.99,0.0890
v1|407055843737|0,John Lennon*  Double Fantasy *2 LP* Canada* Japan* Imports* Bonus,35.99,0.0890
v1|198483676492|0,Oscar Peterson Trio Stratford Shakespearean Festival LP Verve DG - Klabin,12.00,0.0889
v1|366528826606|0,ELECTRIC LIGHT ORCHESTRA Discovery Original LP from 1979 (JET FZ 35769) ELO,20.00,0.0889
v1|336677273189|0,"Decca ""In My Heart I Will Always Be Mine"" Jimmie Davis Vocal Single 5715 A",4.12,0.0889
v1|377318762152|0,"BUSTA JONES - JUST A LITTLE MISUNDERSTANDING SPRING 12"" WL PROMO",25.00,0.0888
v1|168522400845|0,Sal Mineo-Lasting Love / You Shouldn't Do That  1957 VG+,2.65,0.0888
v1|147427850980|0,John Denver I Want To Live 1977 1st Press NM/NM- RCA AFL1-2521,11.99,0.0888
v1|178282595050|0,Somewhere My Love And Other Romantic Movie Melodies-Longines Symphonette Society,10.94,0.0888
v1|117289594956|0,"Donovan ""Cosmic Wheels"" (Epic KE 32156) 1973 LP With Posters & Lyrics EX+",12.98,0.0888
v1|206394122112|0,Barbara Mandrell Love ups and Downs #17 (If I were a river) plus more,12.99,0.0887
v1|117295098585|0,AMANDA LEAR-SWEET REVENGE WITH TOPLESS GATEFOLD,49.98,0.0886
v1|127957671658|0,"S.S.O. DOUGLAS LUCAS SUGAR SISTERS Right Here Right Now b/w Give A Damn 1977 12""",5.99,0.0886
v1|407056595340|0,"Kiss ""Destroyer"" Vinyl LP 1976 Hard Rock/Heavy Metal Casablanca OG",6.99,0.0886
v1|127962681182|0,SURF INSTRUMENTAL - THE ROMANCERS - ALL ABOARD -DEL-FI - VG-,7.00,0.0886
v1|307051181666|0,Ozzy Osbourne Bark at the Moon 180 gram LP in Shrink & Hype,9.50,0.0885
v1|178292754006|0,Santiago Show -Santiago Show - Mexican Edition - VG Condition in the Shrink!!!!,12.27,0.0885
v1|398150790330|0,AZ - Sugar Hill Vinyl VG+/VG SIGNED Y 58407 RE1,29.99,0.0885
v1|178298832407|0,Tony Carey - Blue Highway Vinyl LP - MCA Records MCA5603,3.00,0.0885
v1|358768188744|0,Crack The Sky,15.00,0.0885
v1|227421081982|0,"1979 Stephanie Mills, Whatcha Gonna Do. Casablanca T 583 vinyl, disco, NM",9.95,0.0884
v1|307047955380|0,"The Yardbirds, Great Hits , 1977 Compilation Album VG+/VG+",8.00,0.0883
v1|168520959504|0,Queen - Jazz Vinyl LP 1978,52.99,0.0883
v1|800303792629|0,"Pamela Wilson-""Christmas Is:""-Snowflake Records-ST 120-Stereo-1985",0.99,0.0883
v1|358768842286|0,"ROBERT MILES VINYL SINGLES : Fables (2 LP), One and One",22.00,0.0883
v1|127962940497|0,"1981 The Moody Blues ""Long Distance Voyager"" Vinyl LP Album - EX - W/Dust Jacket",6.99,0.0883
v1|267720897656|0,Buffalo Springfield Last Time Around Vinyl LP 1968 ATCO SD-33-256 Gatefold,40.00,0.0883
v1|117294261245|0,Kansas Monolith 1979 1st Press Lyric Sleeve NM-/NM- STERLING,12.99,0.0882
v1|257611351112|0,"Little Richard – Good Golly, Miss Molly / Hey-Hey-Hey-Hey      SPECIALTY    1958",8.95,0.0882
v1|147427889863|0,Lacy J. Dalton Self Titled 1980 NM/NM Columbia PC 36322,7.99,0.0881
v1|206400635360|0,"Ronnie Spector E-Street Band ‎Say Goodbye To Hollywood Vinyl 7"" Promo 1977 VG+",3.30,0.0881
v1|127966287690|0,"LP 12 Columbia CS 8528, The Dukes Of Dixieland Breakin' It On Broadway",2.95,0.0881
v1|267720721930|0,rare Chicago blues 62 through 68,2.99,0.0880
v1|327251781375|0,Vodu 155 Mama Dadu 1994 island records PR12 6919-1 Lionel and Constant Bernard,3.75,0.0879
v1|358767604532|0,Connie Francis Lp Connie'S Greatest Hits On Polydor - Vg++/ Vg+ To Vg++,15.00,0.0879
v1|800305397716|0,Occulted Death Stance - Crush Your Enemies & Rarities LP,30.00,0.0879
v1|267720552229|0,BERNE HAL MANN Hilton Hawaiian Village Lounge Exotica Record Vinyl LP SIGNED,39.99,0.0879
v1|178291637753|0,Fuzztones Nine Months Later (picture disc),15.00,0.0878
v1|198483174875|0,"Chris & Cosey Rise (Twelve Inch Remix) , Hypnotika US 12"" - Nettwerk records",19.23,0.0878
v1|127962634279|0,SURF INSTRO -LELAN ROGERS - HOLD IT Pt.1 & 2 - Lynn 502 - VG,8.00,0.0878
v1|267720804922|0,Gord Jenkin conducts 26 years of academy award winning songs - vinyl - 1960,5.00,0.0878
v1|377319835580|0,BOB WILBER SOPRANO SUMMIT THE MERIDIAN '77 MANASSAS FESTIVAL FAT CATS JAZZ LP,25.00,0.0878
v1|168522401112|0,Micki Marlo = That's Right / What You've Done to Me 1957 EX,2.65,0.0877
v1|227421577929|0,"The Chambers Brothers – Love, Peace And Happiness 2xLP KGP20 Vinyl 1969 EX!",6.99,0.0877
v1|267720386565|0,Elvis Presley - RCA Victor LP - Moody Blue - AFL1-2428 - Blue Vinyl W/ HYPE,4.99,0.0877
v1|307048375194|0,Vinyl LP - Carefree Days in Blue Hawaii - 49th State Record Co. LP-3428,8.00,0.0877
v1|127962657412|0,"1977 Styx ""The Grand Illusion"" Vinyl LP Album - EX Condition W/Dust Jacket",7.50,0.0877
v1|257605370479|0,TRIUMPH 2 lot.    Rare RCA  1980 SAMPLE OF TRIUMPH promo  &  ROCK & ROLL MACHINE,58.00,0.0877
v1|206405903626|0,Grace Jones / Slave To The Rhythm Album Vinyl LP Manhattan Island Records Used,8.00,0.0876
v1|800303738249|0,ZZ Top Fandango! LP Vinyl Rock London Stereo PS 656 - Original Sleeve - 1975,15.00,0.0876
v1|307052484052|0,1973 PETER FRAMPTON Frampton's Camel US LP A&M SP 4389,5.00,0.0875
v1|188614578940|0,US Edition / The Jimi Hendrix Experience / Axis: Bold As Love / Reprise Records,15.00,0.0875
v1|257611498873|0,"Loggins and Messina - Self Titled - Columbia Records Stereo KC 31748 - 12"" 33rpm",4.56,0.0874
v1|188616609673|0,"FRITZ REINER  ""Debussy - Iberia""  3 Disc 78RPM  12"" Album   Columbia  MM-491",18.00,0.0874
v1|398159801642|0,Vintage Comedy-Bill Cosby Vinyl Lot of 2- Inside The Mind Of- Best Of 2-Shrink,6.77,0.0874
v1|298488774115|0,"2 KAY STARR  LP Album-Losers,Weepers..../Jazz Singer",7.50,0.0874
v1|800308575192|0,MICHAEL JACKSON – THRILLER 1982 Original Vinyl LP Album Epic ,99.99,0.0873
v1|147424506281|0,Steppenwolf - For Ladies Only Vinyl LP DSX-50110 EX/NM Gatefold COver,35.00,0.0872
v1|147422633378|0,Stanley Brothers and the Clinch Mountain Boys Folk Concert Vinyl Record,5.00,0.0872
v1|366528994791|0,"Musique 45 ""In The Bush (LP Version) / Remix Version"" AU2",0.99,0.0872
v1|307047841463|0,Doris Day LP Love Me Or Leave Me 6 Eye Columbia CL 710,3.00,0.0872
v1|158064219862|0,"2 CARLY SIMON LPs ANTECIPATION AND NO SECRETS 12"" VINYL  NM",30.00,0.0871
v1|377326302780|0,"VTG Vinyl Record LP Love - ""Forever Changes"" 1967 Stereo EKS-74013 Rated VG",25.99,0.0871
v1|318555420718|0,"Carly Simon vinyl lot FIRST, NO SECRETS, BOYS IN THE TREES, PLAYING POSSUM",19.99,0.0871
v1|168521431564|0,"Tommy Roe 45 11266  6049 a -1e, 15604 b-1e ,No one has these wax no.s, wit 1E 1E",13.75,0.0871
v1|127963914738|0,"Dropkick Murphys / The Business 7"",   Red vinyl Mob Mentality",10.00,0.0871
v1|366528096497|0,Vietnam - With The American Fighting Man Documentary Recordings,14.99,0.0870
v1|168522400490|0,Art Mooney – Daydreams / Somebody Stole My Muchacha  1956 VG+,2.65,0.0870
v1|358755483017|0,Douglas 9 My Goal's Beyond Jazz Country Gatefold Record Vinyl lp Album ,9.99,0.0870
v1|366528326042|0,Toshiya Eto Violin Sonatas of Tartini DL 10014 LP wonderful!!,50.00,0.0870
v1|158054564374|0,Michael Gielen conducts Lulu Suite by Alban Berg LP,25.00,0.0869
v1|117290506152|0,Crack The Sky-Live Sky Vinyl LP Tower Theatre Philadelphia  + BONUS,4.99,0.0869
v1|147427823147|0,The Platters Life Is Just A Bowl Of Cherries 1960 Mercury MG 20589,5.99,0.0869
v1|188614885286|0,Baja Marimba Band Rides Again Stereo A&M Records SP4109 Vinyl Records Vintage US,8.00,0.0868
v1|377328635689|0,Carl Fenton On Brunswick 4808 Cossack Love Song / Song Of The Flame ,8.00,0.0867
v1|398139784295|0,THE ROLLING STONES December's Children LP 1st Press Hole London MONO LL 3451 NM,29.00,0.0867
v1|257611327634|0,Sandler & Young – Pretty Things Come In Twos [Vinyl LP],0.99,0.0867
v1|298488951515|0,"7"" POLKA CITY RECORDS, FRANKIE YANKOVIC AND CORKY GODEC, ""DANCE LITTLE BIRD"",",0.99,0.0866
v1|287451343388|0,LUIS “PERICO” ORTIZ La vida en broma LP VG Hard To Find,20.00,0.0865
v1|318554919598|0,Stephen Bishop Bish Is Back interview NM US vinyl 12” promo,3.00,0.0865
v1|318556420220|0,"Rare Sam Rayburn High School presents SOUTH PACIFIC LP Album-Pasadena,Texas 1970",4.99,0.0865
v1|800304648644|0,Spite Extreme Wing - Vltra 2xLP,40.00,0.0865
v1|158066779740|0,Village People Live & Sleazy 2Vinyl LP Casablanca records NBLP-2-7183 DJ 1979 NM,10.00,0.0865
v1|117291375795|0,"BARBRA STREISAND LIVE CONCERT AT THE FORUM CD,VINYL,AND NEW CASSETTE.1972.VG.",14.99,0.0865
v1|800289393214|0,Stevie Nicks,20.00,0.0864
v1|188612826371|0,Nochenka Russian Emigrant LP Arfa Records ALP 1007 Liza Dolina Ноченька,20.00,0.0864
v1|800309019004|0,Vikki Carr’s Love Story LP Vinyl Record Mint Condition !,8.00,0.0864
v1|158066726691|0,Jim Kweskin and The Jug Band - self-titled LP,9.99,0.0864
v1|327251708490|0,Funkdoobiest Dedicated Vinyl Lp Single 33 1/3 XSS 77915A Immortal Records EPIC,4.00,0.0864
v1|127966749010|0,The Beach Boys STEREO LP Capitol Rainbow Surfin' USA In Shrink MINT- Record!!!,69.99,0.0864
v1|188614792031|0,"2 James Galway LPs, ""Nocturne "" & ""Song Of The Seashore """,6.89,0.0864
v1|137492191840|0,"Ruth Brown - Secret Love (7"", Single)",5.50,0.0864
v1|127962470996|0,Jimmy Smith  V-8544  Hobo Flats  VG,6.80,0.0863
v1|358771422018|0,Hawaii Ho  Don Ho And The Aliis Album Released In 1968 Very Good Condition,10.00,0.0863
v1|147423624341|0,From A Second Story Window - Let This World Swallow Us 4 LP Wax Vessel /50,500.00,0.0863
v1|127957693149|0,TONI TENNILLE More Than You Know 1984 POP VOCAL LP on Mirage #90162-1/R-160350,5.99,0.0862
v1|336677107354|0,BOBBY DARIN This Is LP '59 ATCO Mono SHRINK Hole Punch/Price Tag EX+/NM ,5.00,0.0862
v1|407056518733|0,"The California Raisins, I Heard It Through The Grapevine, 7"" 45rpm Vinyl",12.00,0.0862
v1|336677252254|0,PHIL SPECTOR’S CHRISTMAS ALBUM LP Vinyl PZ37686 RONETTES / CRYSTALS,14.99,0.0861
v1|398142399678|0,The Doors - The Soft Parade LP EKS-75005 Stereo 1976 Rock Reissue,40.00,0.0860
v1|407056784869|0,"Fred Fowler Times Are Changin 12"" Vinyl Single 33 RPM Chrysalis 1988 4V9 43258",8.00,0.0860
v1|307048282700|0,"Rick Wakeman, Journey to the Centre of the Earth, Vinyl LP, A&M SP-3621, 1974.",6.99,0.0860
v1|278154788574|0,"STANLEY TURRENTINE - I'LL BE THERE  GEMINI ELEKTRA 12"" WL PROMO",9.99,0.0860
v1|336678280230|0,Vintage Blue Oyster Cult,12.00,0.0860
v1|188612788717|0,"Misha Shufutinsky  ""Gulliver"" Russian emigrant LP 1985 USA Шуфутинский",250.00,0.0860
v1|358777615533|0,RICK WAKEMAN Journey To The Center Of The Earth 1974 Vinyl LP A&M,1.99,0.0860
v1|227421265666|0,"MEL BROWN I""D RATHER SUCK MY THUMB.",15.00,0.0860
v1|158064922376|0,Julie Andrews - Star! (Original Motion Picture Sound Track Album) LP 1968 .Ex,2.00,0.0859
v1|800304397068|0,The Statler Brothers 10th Anniversary Vinyl LP Compton Pressing VG,5.00,0.0859
v1|137493091634|0,"SIBELIUS SYMPHONY No.5 IN E FLAT MAJOR POHJOLA'S DAUGHTER, Vinyl Lp ",4.00,0.0858
v1|327252866177|0,1977 Dickie Goodman Kong / Ed’s Tune  Very Good Condition,5.00,0.0857
v1|178282564800|0,Toño Almonaci La Voz Inconfundible Como Voy A Vender Vinyl LP Mexico Tropical,99.99,0.0857
v1|178292524840|0,THE JALOPY FIVE-DRAGGIN' AND SURFIN 'MODERN SOUND 525 VINYL LP-VERY NICE COPY,25.00,0.0857
v1|407056973662|0,"Black Coffey ""Hard To Get"" 2002 Motown 12"" Promo Vinyl Single MOTR 20755-1 R&B",4.99,0.0857
v1|800308063809|0,Rhythm & Blues   Mighty Sam,3.59,0.0856
v1|227421353669|0,Let's Take A Sentimental Journey 9-LP vinyl records by Reader's Digest in 1970. ,5.00,0.0856
v1|318512852745|0,Gloria Gaynor – Love Tracks - US LP 1978,4.99,0.0856
v1|168522838750|0,Gordon Jenkins --Manhattan Tower 1956 LP Orchestral Easy Listening COVER ONLY,8.00,0.0855
v1|278150827214|0,"CH3 – I'll Take My Chances, 7"" Single 1983 UNPLAYED NM",19.00,0.0855
v1|287445505531|0,ELVIS COSTELLO EXTREME HONEY 2x LP *RARE* MOV AUDIOPHILE 180g EU PRESS VINYL New,17.02,0.0855
v1|267720653079|0,Patsy Cline LP The Patsy Cline Story 2 Record Set  (LP584) VG + EXC vinyl,17.99,0.0854
v1|137493306257|0,"PAUL AND DAVE: JAZZ INTERWOVEN - 10"" Red vinyl LP Fantasy 3-20 SIGNED by Brubeck",75.00,0.0854
v1|267720763509|0,"BENT FABRIC - Alley Cat (Vinyl 12"" LP 1962) Atco 33-148 ",0.99,0.0854
v1|178292782793|0,Vintage 1977 The Original Little Richard 20 Original Recordings Double LP,5.00,0.0854
v1|117291621041|0,Santo (Farina) 1982 Snake/Love Toys Steel Guitar Disco Funk VG++ instro,5.99,0.0854
v1|168522401165|0,The Fontane Sisters – Rock Love / You're Mine 1955 VG+,2.65,0.0854
v1|327251412473|0,"1986 The Monkees That Was Then, This Is Now / (Theme From) The Monkees  PROMO",8.00,0.0853
v1|206401528527|0,BLUES promo 45: JOHN LEE HOOKER I Need Some Money/No More Doggin' BATTLE 45901,8.50,0.0853
v1|127962725844|0,flesh for lulu 33 rpm record lp single scuffs on jacket/very good minus promo,3.72,0.0853
v1|358756744507|0,"Birds of Fire by Mahavishnu Orchestra (Record, 2019)",7.99,0.0853
v1|127966662843|0,"BEBOP DELUXE, Pair Harvest LPs, Axe Victim/Modern Music Both VG To VG+",9.99,0.0853
v1|198484877918|0,"Kamikaze Tokyo Rose 12"" A&M Records SP-12095 US 1984 - VG",1.99,0.0853
v1|137484465864|0,Do It Now – 20 Giant Hits LP 1970 Ronco VG+ Beatles Hendrix Joplin,14.99,0.0852
v1|168521690295|0,Emma Barrett “Sweet Emma at Heritage Hall” LP/,26.00,0.0852
v1|358756869080|0,LEONARD PENNARIO  -  George Gershwin's Song Book  -  EMI Angel DMM LP,7.03,0.0851
v1|287447114944|0,"The Rascals – Time Peace: The Rascals' Greatest Hits Vinyl, LP 1968 Atlantic",9.00,0.0851
v1|366529362689|0,Syl Johnson Uptown Shakedown LP (1979) HLP 6010,11.95,0.0851
v1|366529362689|0,Syl Johnson Uptown Shakedown LP (1979) HLP 6010,11.95,0.0851
v1|188614193258|0,"OPENED- RRPRISE RECORDS- NEIL YOUNG ""Journey Thru The Past"" DOUBLE VINYL LP",8.00,0.0851
v1|206401800117|0,Blowfly's Party LP (1980) LP-2034,11.95,0.0851
v1|236923409855|0,PRINCE AND THE REVOLUTION–AROUND THE WORLD IN A DAY VINYL LP-GOOD CONDITION ,12.99,0.0851
v1|407056165210|0,Mighty Diamonds “…Tell Me Whats Wrong” Channel One Roots Reggae Vinyl ,12.50,0.0851
v1|318550722309|0,"The Hives ~ Hate To Say I Told You So OG Limited Black Vinyl 7"" Single",9.99,0.0851
v1|168521713890|0,"PEABO BRYSON~""JUST ANOTHER DAY""~Orig. 1976~FUNK~SOUL~R&B~7'' 45rpm~BULLET~M-",0.99,0.0850
v1|358756221642|0,DAFYDD IWAN & AR LOG  -  Rhwng Hwyl a Thaith  -  Sain LP,5.00,0.0850
v1|158063673260|0,LUKAS FOSS The Prairie TURNABOUT Records TVS34649 Carl Sandburg LP,9.00,0.0850
v1|407056632625|0,"Rush titled ""2112"" 1976 Good condition LP on Mercury Records ",20.00,0.0850
v1|257611069690|0,FLASHBACK GREATS OF THE 60's - VARIOUS ARTISTS -VINYL LIKE NEW - K-TEL,17.99,0.0850
v1|127962516667|0,"Mahalia Jackson: Mahalia Sings, Columbia CS-9252, 1966, 2-Eye, EX",1.99,0.0850
v1|147423331219|0,Sonny & Cher Best Of LP 1967 ATCO SD 33-219 Orig Shrink CT Press NM- Vinyl VG++,15.00,0.0850
v1|358756214176|0,Bach / Messe H-Moll / Neville Marriner / Dutch Philips 3 LP Box Set with Booklet,5.00,0.0849
v1|158066465446|0,SOUNDTRACK -ACTION JACKSON - LP SNTK #11,20.00,0.0848
v1|178292581079|0,"Mercury LP Record, the Platters Encore Of Golden Hits, VG ",1.50,0.0848
v1|398152842265|0,"James Brown - Cold Sweat Part 1 & 2, (Blue Label) 45rpm, 1967 Funk Soul 45-6110",110.00,0.0847
v1|198476972448|0,Shirley MacLaine And Sammy Davis Jr. ‎Sweet Charity Soundtrack  lp,7.00,0.0847
v1|307049894735|0,Dorothy Morton Parks - A Signature Album Presented By Orlando Federal Savings ,1.50,0.0846
v1|298488773922|0,BLOOD SWEAT & TEARS LP -Brand New Day AB-1015,7.50,0.0846
v1|147423070540|0,"Coral records 78 ( Rare) Teresa Brewer ""It's Siesta Time"" /""A Good Man is..."" ",9.95,0.0845
v1|188612403840|0,Vintage LP Vinyl Record Lot ,15.00,0.0845
v1|366528265829|0,commodores midnight magic vinyl,6.95,0.0845
v1|198488675058|0,VTG Paul Weston Floatin' Like A Feather Vinyl LP Record STEREO Capitol ST1153,22.00,0.0845
v1|127964170053|0,How Fast Them Trucks Can Go Various Artist LP 1979 Gusto Records,3.00,0.0845
v1|307051188583|0,Skid Row B-Side Ourselves 180 gram LP in Shrink & Hype Sticker,8.00,0.0845
v1|178291393160|0,Emerson Lake Palmer Lucky Man Mono One Sided Test Pressing 1970 US  45,9.95,0.0845
v1|398150288329|0,"1979 LP ""Witch Queen"" self-titled, BXL1-3312, Demo, LP=Ex, Cover=Fair+",7.50,0.0844
v1|168520860995|0,"Liberty The Four Freshmen A Today Kind of Thing LP Vinyl Stereo 12""",1.00,0.0844
v1|257611351469|0,The Spaniels – Great Googley Moo / Tina       on  VEE-JAY       1958,8.95,0.0843
v1|178298822424|0,"Von Bingen - Von Bingen, LP, (Vinyl)",1.00,0.0843
v1|236917092610|0,KINGS OF SWING! (2 records set),8.00,0.0843
v1|366532697557|0,Bar-Kays - Banging The Wall LP (VG/VG) .*,5.20,0.0843
v1|287445898301|0,LIONEL RICHIE CAN'T SLOW DOWN - LP,4.79,0.0843
v1|358768169318|0,Billy Joel - 52nd Street (1978) – White Label Promo w/Rare Timing Strip,150.00,0.0843
v1|336681100346|0,Vanilla Fudge Self-Titled 1967 Vinyl Record LP SD-33-224 Stereo Atco Records,4.75,0.0843
v1|198483511988|0,JOURNEY LP Escape 1981  Columbia  vinyl,12.50,0.0843
v1|137500042306|0,Willie Nelson The Sound In Your Mind 1976 1st Press NM/NM- Columbia PC 34092,12.99,0.0843
v1|227421281580|0,L.B. SILER If That's The Way You Feel 1980 VG Test Press VINYL LP Record USED,5.00,0.0843
v1|366529063003|0,Strawbs Vinyl LP,5.00,0.0843
v1|158065490853|0,Disneyland The Songs from The Wizard of Oz LP Record Black Vinyl 1969 #1328,12.00,0.0842
v1|358768220640|0,"Signed-The Lennon Sisters Solos Dot Records DLP 3659 12"" Vinyl LP 33 RPM Hi-Fi",19.99,0.0842
v1|147423434443|0,"BROTHERS FOUR: roamin' with COLUMBIA 12"" LP 33 RPM",5.00,0.0842
v1|318557813533|0,SHA NA NA THE NIGHT IS STILL YOUNG (VG) KSBS-2050 LP VINYL RECORD,8.00,0.0842
v1|168521464906|0,Mel Tillis Mel's Favorites Double LP Original Vinyl Album - Stomp Them Grapes,2.50,0.0842
v1|127963076173|0,This World “Face Dancer” 1979 Vinyl LP,3.00,0.0842
v1|377326156357|0,Glenn Miller On Vocalion 5051 I Got Rhythm,10.00,0.0842
v1|358767542697|0,America 'A Horse with No Name' Vinyl LP,15.00,0.0842
v1|178292135469|0,Mark Almond Mark Almond II,3.99,0.0842
v1|168520572989|0,A Night With The Beachcombers Vinyl LP AC-32 VG/VG+ - ULTRASONIC CLEAN & TESTED,9.99,0.0841
v1|358768869387|0,Golden Avatar - A Change of Heart  Vinyl LP 1976  ,8.00,0.0841
v1|127963080165|0,"Elvis Costello & The Attractions Almost Blue Columbia LP Vinyl Rock 1981 12"" 33",18.00,0.0841
v1|398150726572|0,Municipal Waste The Fatal Feast LP vinyl test pressing Nuclear Blast iron reagan,140.00,0.0841
v1|327246920497|0,RARE 4💿LPSET~Billie Holiday~Defunct ADAM VIII~Morris Levy~John Lennon~Lawsuit,120.00,0.0840
v1|398150460317|0,Champaign - Modern Heart  1983 Vinyl LP  Columbia FC 38284  VG+,8.00,0.0840
v1|158070671149|0,"Lime On The Grid 12"" single vinyl record",3.00,0.0840
v1|227421027221|0,"Black Sabbath – Mob Rules, 1981 LP in Shrink, Warner Bros. BSK 3605 ",10.50,0.0840
v1|188612454278|0,Bon Jovi 12 singles records,50.00,0.0840
v1|168522400391|0,Bobby Helms - Jingle Bell Rock / Captain Santa Claus 1957 G,2.65,0.0840
v1|168522400542|0,The Coasters -  Searchin' / Young Blood  1957 VG,2.65,0.0839
v1|168520862580|0,"Columbia Lionel Hampton Golden Vibes LP Vinyl Jazz 12"" CL 1304",3.00,0.0839
v1|318555178357|0,Mixed Lot of 12 Original Pressing LPs From Iconic Artists and Eras,51.00,0.0839
v1|298490312355|0,Beach Boys Surfer Girl Vinly,1.88,0.0839
v1|168520945485|0,Local Angel - Brant Bjork Vinyl SIGNED NM Blue/Orange Variant HPS085,74.99,0.0838
v1|168521143255|0,"RED ROCKERS: ""SCHIZOPHRENIC CIRCUS"" Vinyl VERY GOOD CONDITION ",3.75,0.0838
v1|287447115492|0,S.S.T. Lately Vinyl Lp No Sleeve,8.00,0.0838
v1|227422403321|0,Bill Black's Combo Plays Tunes by Chuck Berry Stereo Vinyl LP Hi Records Rock 1…,13.87,0.0838
v1|198484776663|0,VINTAGE-Tennessee Ernie Ford- Hymns 1956 T756 Vinyl 12'',5.00,0.0838
v1|188614136948|0,"OPENED- REPRISE RECORDS- THE BEACH BOYS ""In Concert"" DOUBLE VINYL LP",8.00,0.0838
v1|398152342031|0,"Syreeta & G.C. Cameron - Rich Love, Poor Love (1977) 70's Soul, R&B, Romantic",2.15,0.0838
v1|298488951364|0,"1959- THE BELL NOTES , "" I'VE HAD IT / BE MINE"", 7"" TIME RECORDS , ROCK AND ROLL",0.99,0.0837
v1|327247190684|0,"THE VENTURES  LP  ""Super Psychedelics""  1967  Vinyl Record   ♫   Good Condition",7.99,0.0837
v1|236923890993|0,The Steeplemakers (Required of us a Song) LP Southern Gospel,0.99,0.0837
v1|398152949620|0,"The Gospel Tone Trumpeter - Onward Christian Soldiers 45rpm, EP, Rare!",80.00,0.0837
v1|267724834373|0,311 311 Double LP 2x Vinyl 2014 RSD Record Store Day #0369 Numbered Rare,58.00,0.0837
v1|206400771653|0,J.E. Mainer's Mountaineers LP F 5002 Arhoolie 1963,14.99,0.0837
v1|257605371137|0,"TED NUGENT 3 lot.  1975 DEBUT, 1977 CAT SCRATCH FEVER, 1981 INTENSITIES LIVE",42.00,0.0837
v1|358770500156|0,Tom Rush New Year Live Symphony Hall Lp Singed And Numbered Vinyl Record Vg++,9.99,0.0837
v1|168522400510|0,Don Cherry - Wild Cherry / I'm Still A King To You  1956  G,2.65,0.0836
v1|377326180138|0,Abe Lyman’s California Orchestra On Brunswick 3268 ,12.00,0.0836
v1|307049937957|0,George Benson Livin’ Inside Your Love 1979 Vinyl (2) LP W/Lyric Sheet Japan EX,5.99,0.0836
v1|327251910101|0,"Hula VC1 Vinyl Record LP 12"" 45 RPM 1988 WAX 046- Flawless!!!",7.99,0.0835
v1|158054564363|0,Christoph von Dohnanyi conducts Berg's Lulu Suite LP,21.00,0.0835
v1|278164201511|0,Music Of Morocco  * field recordings * Library of Congress Archive of Folk Song,50.00,0.0835
v1|188521302014|0,Peter and Gordon - Knight in Rusty Armour - Capitol T-2729 LP Vinyl Record - EX,0.99,0.0835
v1|398159230163|0,Grateful Dead Europe '72 3LP Vinyl LP 3WX 2668 Warner Bros 1972 MISSING BOOKLET,15.00,0.0835
v1|198483147686|0,The McGuire Sisters - Musical Magic - CRL 57180 Vinyl Record LP,4.50,0.0835
v1|318556553855|0,Golden Record 8 Exciting Stories From The Bible LP Vinyl 33 RPM LP 155 Hi-Fi,8.00,0.0835
v1|800305453191|0,Budapest Quartet - Clifford Curzon - Schumann/Brahms/Dvorak - 2 Vinyl LP Box Set,14.99,0.0835
v1|137499949516|0,Arlo Guthrie Arlo LP 1970 Reprise RS 6299 NM-/VG Pics,6.99,0.0834
v1|318542911099|0,sun records jerry lee lewis ,40.00,0.0834
v1|178282653041|0,LOVE IS BLUE : 4 LP-Set ~ Music In A Mellow Mood [Reader's Digest RDA-77A] - NM,8.00,0.0834
v1|178282653041|0,LOVE IS BLUE : 4 LP-Set ~ Music In A Mellow Mood [Reader's Digest RDA-77A] - NM,8.00,0.0834
v1|287447114002|0,EDDIE RABBIT STEP BY STEP 1981 Vinyl Lp 5E532 Vintage Record,6.00,0.0834
v1|278170810682|0,Lot of 2 Sha Na Na Vinyl Albums LP Golden Age Of Rock W/ Poster -Is Here To Stay,4.99,0.0833
v1|318556062686|0,"A Wild and Crazy Guy [LP] by Steve Martin (Vinyl, Warner Bros. Records Record...",9.99,0.0833
v1|147422702758|0,Kansas - Leftoverture LP,13.76,0.0833
v1|137482044166|0,"JIMMY DEAN--""Big Bad John""--1961 Pressing W/ ""One Hell of a Man""--6-Eye--Clean",4.95,0.0833
v1|236917083105|0,Golden Greats,5.00,0.0833
v1|298488951402|0,"1983-JIM GLASER, ""YOU'RE GETTIN TO ME AGAIN/STAND BY THE ROAD"", 7 "" NOBLE VISION",0.99,0.0832
v1|236918306539|0,"TEENA MARIE - Lovergirl/Lovegirl (Instrumental), 45 NM. 1984, Epic Records",4.49,0.0832
v1|147424506599|0,Canned Heat 1sr Album Stereo Vinyl LP LST-7526 Excellent Condition,50.00,0.0832
v1|298488951451|0,"1970- VOCES AMIGAS, "" JAMAS LA OLVIDARE/ UN MUNDO MEJOR"",  7"" NOVOLA, LATIN POP",0.99,0.0832
v1|377332101543|0,"R. Kelly Feelin' On Yo Booty The Remixes Vinyl 12"" Single Jive R&B & Soul",21.00,0.0832
v1|407057000532|0,Kinsman Dazz Self-Titled LP 1978 20th Century Fox Records T-574 Philip Bailey ,4.99,0.0832
v1|198483676507|0,Pete Jolly Trio Little Bird LP Ava Records - Klabin collection,12.00,0.0832
v1|257611351095|0,"The Beatles – Kansas City / Boys    on  CAPITOL  ""THE STAR LINE""    1965",8.95,0.0832
v1|327252866769|0,1988 Weird Al Yankovic Lasagna/Lasagna PROMO With Original Picture Sleeve,20.00,0.0832
v1|298488988026|0,"1969-LEO KOTTKE, ""6 &12 STRING GUITAR "" 12""  TAKOMA RECORD , FOLK, ANNIE ELLIOTT",4.99,0.0831
v1|257611401312|0,RICK SPRINGFIELD Beginnings Vinyl Record LP Rare Debut! 80s,10.00,0.0831
v1|287445959881|0,"Roy Drusky Roy Drusky LP Vinyl Mercury Country 12"" 33 RPM Stereo Black",10.00,0.0831
v1|398152336927|0,Wicked Original Cast Recording Vinyl LP,15.00,0.0830
v1|358769460218|0,lp tom vaughn games people play,5.00,0.0830
v1|267720684124|0,"Mobb Deep Give Up The Goods (Just Step) Rare 1995 Loud RCA Records Hip Hop 12""",15.00,0.0830
v1|158065058879|0,"Lot of 4 The Statesmen Quartet with Hovie Lister RCA Victor, 1959-1969 Near Mint",19.99,0.0830
v1|800306175724|0,GARTH BROOKS LP No Fences 1990 Pearl   RE country  vinyl,10.00,0.0830
v1|198483494860|0,JOURNEY LP Raised on Radio 1986 Columbia  vinyl,12.50,0.0829
v1|407056338713|0,The Revolutionaries “I Came I Saw I Conquered” Channel One JJ Reggae Dub Vinyl,15.50,0.0829
v1|188471577331|0,PROMO - Johnny Williams - Rhythm In Motion - COLUMBIA CS-8467 LP Vinyl Record,5.60,0.0829
v1|358769598030|0,lp  bolcom piano quartet finney piano trio no.2 jacket autographed concert progr,10.00,0.0829
v1|127962639856|0,Jukebox 45 & Title Strip Cameo Back & Forth Cleaned Tested,2.49,0.0828
v1|278154789617|0,"GEORGE DUKE - LOVE MISSION ELEKTRA 12"" WL PROMO",8.00,0.0828
v1|127962774331|0,the dixie cups 33 rpm record lp chapel of love/very good minus play tested ok,1.60,0.0828
v1|257611351121|0,The Four Seasons – Don't Sweat It Baby / That's The Way The Ball Bounces  ALANNA,8.95,0.0828
v1|358767429894|0,ABBA - Voulez-Vous 1979 US GOLD STAMP PROMO,40.00,0.0827
v1|336677393054|0,FESTIVAL of LIGHT CLASSICAL MUSIC-ORIGINAL RCA 12-VINYL BOX SET-USED,1.00,0.0827
v1|168514059695|0,"All Buttoned Up by the Hemlock Cock & Bull Band (LP, 1981) British folk/dance",1.99,0.0827
v1|127963155227|0,Lynyrd Skynyrd  MCA2 11008  Self Titled  G,8.00,0.0826
v1|398152388161|0,Martin Plug Hammond Organ Single Milwaukee Sound Service 5002 Lonesome/Madness,9.99,0.0825
v1|236924054511|0,Frankie Laine Foreign Affair Columbia CL 1116 6 Eye Vinyl Record LP,4.99,0.0825
v1|158071311456|0,TWO RARE 33 1/3 RECORDS STREISAND& HOLIDAY ORIGINAL CELOPHANE/PRICE TAG,19.99,0.0825
v1|298494591797|0,Kids See Ghosts Kanye West Kid Cudi Vinyl LP Target Canada 2020 Hot Pink Record,30.00,0.0824
v1|198484931617|0,Danny Davis and the Nashville brass,5.00,0.0824
v1|127964197829|0,BURNING WITCH/GOATSNAKE VINYL LIMITED TO 7 ON EARTH!,199.00,0.0824
v1|227421707058|0,"Air Supply The One That You Love 12"" PROMO LP Vinyl Record Album 1981 Excellent",3.00,0.0824
v1|198475985111|0,Vangelis- Heaven and Hell RCA LPL1-5110 VG+/VG+ 1976 *Original*,11.00,0.0824
v1|366534469143|0,HMV ALP 1144 Boccherini 2 Quintets Quintetto Boccherini 1957 VG++ TO NM,1.99,0.0824
v1|327246526894|0,Guns N' Roses Use Your Illusion I 2012 Reissue Black Vinyl 2xLP. Like New Copy!!,23.50,0.0824
v1|158066726660|0,"NM Cat Stevens ""Catch Bull At Four"" Vinyl LP A&M SP4365",8.00,0.0823
v1|287445800914|0,Larry Gatlin & Gatlin Bros How Much Is A Man Supposed To Take/All the Gold in CA,1.99,0.0822
v1|127962608244|0,Buffalo Springfield - S/T - NM/NM 1980 RE Folk Rock ATCO SD2-806 GF Sleeves,15.50,0.0822
v1|358768586771|0,"Elvis Separate Ways LP Vinyl 12"" Stereo Black RCA Camden CAS-2611",2.85,0.0822
v1|267720771017|0,SAXON DENIM AND LEATHER 1981 LP VINYL ALBUM,13.80,0.0822
v1|188612807807|0,Alexander Shepievker Russian Emigrant LP,70.00,0.0822
v1|800304665888|0,Rejoice - All Of Heaven’s Luck LP,15.00,0.0822
v1|267720804530|0,Boz Scaggs- Down Two Then Left - Vinyl  1977,3.00,0.0822
v1|377318770966|0,"THE SOFTONES - CALL IT LOVE  LOVE CHILD H&L DISCO MIX 12"" WL PROMO",9.99,0.0822
v1|298488946393|0,"THE JOY OF CHRISTMAS , LEONARD  BERNSTEIN , NEW YORK PHILHARMONIC ,",0.99,0.0822
v1|158066726638|0,Eric Clapton/461 Ocean Boulevard  LP,10.00,0.0821
v1|398153909290|0,Melanie Martinez Cry Baby 2-LP Deluxe Edition Pink Splatter Vinyl,15.00,0.0821
v1|198483537155|0,Rodney Dangerfield – I Don't Get No Respect - Vinyl Record LP,9.99,0.0821
v1|800308741339|0,"LOT OF (50) 45 RPM RECORDS 1970'S-80'S  RAP,DISCO, R&B,SOUL,BOOGIE RECORD LOT",9.99,0.0821
v1|127962874310|0,Bluegrass 1976 Lily & Joe Isaacs A Miracle For Me Melody Records VG+,30.00,0.0820
v1|117290863221|0,NEIL SEDAKA STEPPIN OUT-LP-NM-SUMMER NIGHTS-LOVE IN THE SHADOWS-SING ME,9.99,0.0820
v1|158054532968|0,NITTY GRITTY DIRT BAND~”HOLD ON” PROMO NM/NM/HYPE STICKER,50.00,0.0820
v1|236924086318|0,"OKLAHOMA! Selections Original NY Production 10"" Set 1943 Decca Album 359 23m.",15.00,0.0819
v1|127963145631|0,The Supremes He Means The World To Me/where Did Our Love Go MOTOWN7’ 45RPM VInyl,0.99,0.0819
v1|358756747941|0,The Koto Music of Japan,4.99,0.0819
v1|800304478850|0,"Argy Night Ritual E.P. Poker Flat PFR 67 2006 12"" 33RPM Black Vinyl Techno",8.00,0.0819
v1|358768156711|0,Bob James - Touchdown (1978) – White Label Promo w/ Timing Strip,50.00,0.0818
v1|257612251700|0,CAROLE KING Tapestry '71 LP ODE SP 77009 Santa Maria ORIGINAL Gatefold Plays EX+,5.67,0.0818
v1|168522400775|0,George Hamilton IV - Why Don't They Understand /Even Tho  1957 EX,2.65,0.0818
v1|158064922255|0,THANK GOD IT'S FRIDAY  3 Vinyl LP's 1978 Excellent Condion.,10.00,0.0818
v1|358756162030|0,"CHICAGO 17 - 1984 - w/""You're the Inspiration"" - Warner Bros. 9  25060-1  EX/EX",19.00,0.0818
v1|318556869965|0,"JACKIE GLEASON-Aphrodisia (1960) Mono CAPITOL12"" LP VINYL 33 RPM VINTAGE",9.95,0.0818
v1|168522655095|0,Paradise Alley inc Rare Tom Waits  tracks Soundtrack  Stallone Album Vinyl ,9.99,0.0818
v1|287445883968|0,Frank Zappa rare interview vinyl,30.00,0.0817
v1|188614088296|0,Mac Miller - Faces 3LP Vinyl w/Bonus Track (Tri-Color Vinyl) EXCELLENT CONDITION,100.00,0.0817
v1|358768315376|0,Crack The Sky Safety In Numbers,15.00,0.0817
v1|178292530038|0,REO-HIGH IN FIDELITY-1980 VINYL LP-ORIGINAL INSERTS-NICE VINYL COPY,25.00,0.0817
v1|206401646779|0,Nine Inch Nails The Downward Spiral 2xLP vinyl record album 1994 Island Records,199.99,0.0817
v1|227421458529|0,"David Bromberg Band Bandit in a Bathing Suit 12"" Vinyl LP Fantasy USED",4.40,0.0817
v1|366529034520|0,"Huggy Bear / Her jazz Prayer / Pro No From Now 7"" Vinyl Trouble 001",20.00,0.0817
v1|267720761156|0,Michael Wendroff – Southpaw - VINYL RECORD LP,0.99,0.0817
v1|168521151874|0,Marcella Montagne Verdi 1972 CGD Pop VG,6.00,0.0817
v1|287447113964|0,Charlie Pride     From Me To You       1971   RCA Victor   LSP-4468     LP,5.00,0.0817
v1|377327299316|0,"TRIBALATION Freestylers EP 12"" LP Deep Tribal Tech House WLP JAMAYKA Promo",4.99,0.0817
v1|257611435279|0,"Cheryl Dilcher ""Blue Sailor"" U.S. gatefold colored vinyl album",10.00,0.0816
v1|236918296417|0,"MARIE OSMOND - There's No Stopping Your Heart/Blue Sky Shinin', 45 VG+, 1985",1.49,0.0816
v1|407057220181|0,"The Funny Side of The Smothers Brothers, Think Ethnic. Vinyl Record",5.00,0.0816
v1|800304412876|0,Amy Grant Unguarded Vinyl LP Record Album 1985 A&M Records,6.00,0.0815
v1|267720773091|0,Limited Metallica Black Album Double LP Colored Smoke Vinyl Heavy Metal Rock,20.50,0.0815
v1|147423259637|0,Merry-Go-Sound Records Children's Opry House TP-7 Black Record Unbreakable,3.30,0.0814
v1|127962643209|0,Jukebox 45 & Title Strip Bad English Price Of Love Cleaned Tested,2.49,0.0814
v1|198483171278|0,GARDENING BY MOONLIGHT Diction And Fiction (Extended Mix) UK 12 inch 1983,15.56,0.0813
v1|168521156483|0,Canarias Spanish Folk Songs Of The Canary Islands Columbia Spanish Folk NM VG+,15.00,0.0813
v1|117290728661|0,"Love and Rockets - Kundalini Express 12"" Vinyl Single 1986 Big Time Records VG+",10.00,0.0813
v1|377326078496|0,ANNIE ROSS Fill My Heart With Song DECCA Promo Jazz VG+ VINYL LP Record USED,5.00,0.0813
v1|407058107048|0,The Chordsmen Quartet - Worship With The Chordsmen LP Vinyl Record Album VG / VG,5.00,0.0813
v1|257610934292|0,"JOSEITO MATEO: king of merengue! GEMA 12"" LP 33 RPM",5.00,0.0812
v1|287451337193|0,Ruben Blades y Seis del Solar- Buscando America - LP -1984 - Elektra Records  Ex,30.00,0.0811
v1|227421065800|0,Earl Hooker Vinyl LP Rare PROMO do you remember the great Earl Hooker,10.00,0.0811
v1|147424506491|0,Like New Spirit The Family That Plays Together Stereo Vinyl LP  1986 XED 162,59.00,0.0811
v1|298488951272|0,"1982-THE TWEETS, ""MELLOW TERRAIN /DANCE LITTLE BIRDIE( BIRDIE SONG), 7"" SATRK",0.99,0.0811
v1|257610844043|0,"FRANCIS   FORD COPPOLA   LP    NAPOLEON   SOUNDTRACK , ( No BOOKLET ). Ex/VG+",6.78,0.0810
v1|318512648026|0,Various – Woodstock - US Soundtrack 3LP Multi-Gatefold 1970,4.99,0.0810
v1|398152761114|0,"Leon McAuliffe & His Western Swing Band VERY RARE Country, Hillbilly Bop 78rpm",1.04,0.0810
v1|158054372170|0,"Dietrich Fischer-Dieskau, The Juilliard Quartet* - Othmar Schoeck / Samuel Barbe",29.00,0.0810
v1|198483001479|0,Eagles UK 2007 LP Long Road Out Of Eden on Asylum,35.00,0.0810
v1|336677708571|0,"Mick Jagger Let’s Work / Catch As Catch Can 7"" 45 Black Vinyl Columbia 38-07306",1.15,0.0809
v1|257611435556|0,Polyrock Special Radio Series #3 w/ music & interviews promo LP,10.00,0.0809
v1|336676907257|0,Richie Havens - Alarm Clock LP Vinyl Record SFS 6005 Stormy Forest 1970 Stereo,12.00,0.0808
v1|227421161726|0,"Neil Young Harvest 1971 Vinyl LP Reprise MS 2032 12"" 33 RPM Stereo Mint ",45.00,0.0808
v1|327247192132|0,"Al Hirt  LP  ""That Honey Horn Sound""  1965  Vinyl Record  ♫  Good Condition",5.99,0.0808
v1|327251715500|0,"DEVANTE GIN & JUICE 12"" 1995 MCA 3660 DJ PROMO DANGEROUS MINDS SOUNDTRACK",2.40,0.0808
v1|327246933052|0,VINTAGE RARE 2-LP Vinyl~Moses Story&Song~SIGNED Sebastian Temple&Sara Hershberg,100.00,0.0807
v1|158064219962|0,Emerson Lake & Palmer - Trilogy  1972 Cotillion Records.  NM,20.00,0.0807
v1|358767621675|0,Don Gibson - Woman (Sensuous Woman) LP - LPS 166,10.00,0.0807
v1|137499941720|0,REO Speedwagon Nine Lives 1979 1st Press NM/NM Custom Sleeve,14.99,0.0807
v1|307048384305|0,LP - SUPERMAN II - Soundtrack - 1981 DC Comics - Laser Etched Vinyl - Mint Cond.,20.00,0.0807
v1|358771465240|0,Attainment Chuck Lyons Director From Akron Ohio Album Very Good Condition 1973,8.00,0.0806
v1|287445651210|0,Herman's Hermits  LP Vinyl Record-There's A Kind Of Hush.....,3.49,0.0806
v1|127962321120|0,Wes Montgomery  RS 3036  March - June  VG+,9.92,0.0806
v1|178291637057|0,Ares Kingdom - Veneration (Record 2013) Black Death Metal,24.99,0.0806
v1|168521831296|0,"THE STYLISTICS~""BECAUSE I LOVE YOU""~Orig.1976~FUNK~SOUL~R&B~7'' 45rpm~HL-4674~M-",0.99,0.0806
v1|257604941984|0,"Fear By Force, Message From Dub Planet/Dancing In Outer Space 12"" 45 RPM 1990 UK",24.99,0.0805
v1|358755572166|0,TOMMY BOYCE & BOBBY HART - ALICE LONG A&M 45,6.00,0.0805
v1|307050055876|0,Firestone Presents Your Favorite Christmas Music Volume 4 Vinyl LP Record EX/VG+,9.00,0.0805
v1|137500058265|0,Tom Rush Wrong End Of The Rainbow 1970  NM vinyl Lyrics,8.99,0.0805
v1|198482836226|0,"The Ray Charles Singers Winter Wonderland MGM E3387 12"" Vinyl LP 33 RPM",20.00,0.0805
v1|318512723989|0,Count Basie Orchestra + Neal Hefti – Basie (E = MC²) - US LP 1958,4.99,0.0805
v1|168522401100|0,George Hamilton IV – If I Possessed A Printing Press / Only One Love 1957 EX,2.65,0.0805
v1|137483148622|0,"BLUES 78: JAMES WAYNE  Please Baby, Please/I'm Goin' to Tell Your Mother SIW",15.99,0.0805
v1|168522400191|0,JOHNNY PRESTON – RUNNING BEAR 1960 - VINYL LP BLACK MG 20592 MERCURY - VG,2.70,0.0805
v1|206401174850|0,"Vintage Village People Self Titled 1977 Vinyl 12"" Record LP Album",4.99,0.0805
v1|307042886546|0,"The Fabulous Kids From Wisconsin, Mark Azzolina (1975) Vinyl = VG+ 12"" LP Record",3.00,0.0804
v1|298488951332|0,"1963-RUBY AND THE ROMANTICS, ""YOUNG WINGS CAN FLY/ DAY DREAMING"", 7"" KAPP, R&B",0.99,0.0804
v1|307048513764|0,"Willie Nelson The Troublemaker Black Vinyl LP 12""",6.00,0.0804
v1|236917277380|0,Dallas Holm & Praise (This is my Song In Concert)LP CCM 1980,0.99,0.0804
v1|298488774086|0,"2 ARTHUR ""GUITAR BOOGIE"" smith-LP-Mister Guitar/",4.99,0.0804
v1|236928425459|0,Italo Disco French American Style Vagrant Star 12” Single,19.99,0.0804
v1|298488316578|0,Olivia Rodrigo GUTS LP Transparent Vinyl,18.00,0.0803
v1|267720694563|0,Beethoven vinyl record Vienna Opera Eduard Lindenberg E2093,2.33,0.0803
v1|147423563758|0,"Anthrax ""I'm The Man"" Vintage vinyl 12'",75.00,0.0802
v1|298488773240|0,BankAmericard Compilation LP Album-Music Box,4.99,0.0802
v1|188600830498|0,"Moon Martin ""X-Ray Vision. Rare promo version. Double ""A"" sided hit.",4.00,0.0802
v1|327234999493|0,HUEY LEWIS AND THE NEWS - FORE!  - POP ROCK - CLUB EDITION - MINT VINYL,7.99,0.0802
v1|198483327603|0,Young Froth / Taypiss - Of Montreal Kickstarter Exclusive Vinyl Record,105.00,0.0801
v1|398150867356|0,JEFFERSON STARSHIP. LIGHT THE SKY ON FIRE/HYPERDRIVE. GRUNT 11426,9.99,0.0801
v1|358755572380|0,CONSTANCE T. DEAN - BE A WITNESS FOR CHRIST TODAY FIRST HILL RARE GOSPEL 45 ,25.00,0.0801
v1|398152760507|0,LOUIS PRIMA THE WILDEST Vinyl LP French pressing. 1981,12.00,0.0801
v1|358777427871|0,Gerry Mulligan Art Farmer I Want to Live United Artists UAL 4006 Shelly Manne,7.99,0.0801
v1|206400709238|0,George Harrison This Is Love/Breath Away From Heaven DHS P/S  9  27913 Excellent,3.99,0.0801
v1|137500012176|0,Chicago Hot Streets Original Vinyl 1978 Lyric Sleeve Excellent!,5.99,0.0800
v1|287447113992|0,Bill Cosby Revenge Vinyl 1967 Lp,6.00,0.0800
v1|236928394804|0,Italo Disco Sahara Simon Burning 12” Single,19.99,0.0800
v1|158066316194|0,The Human League - Dare Vinyl LP 1981 Virgin Records,19.99,0.0799
v1|307043030503|0,"George Jones & Tammy Wynette “Golden Ring” Stereo Vinyl = VG:VG+ 12"" LP Record",3.00,0.0799
v1|377332222167|0,"Sugarhill Gang Rapper's Delight Vinyl 12"" Single Hip-Hop Sugar Hill",12.21,0.0799
v1|287445281118|0,THE EVERLY BROTHERS LOVE OF MY LIFE/PROBLEMS CADENCE RECORDS VINYL 45 VG 41-138,1.99,0.0798
v1|147427818983|0,"Eurogliders Absolutely 1985 NM/NM Promo Glossy Photo Bio ""STERLING""",14.99,0.0798
v1|168520940210|0,Tina Dixon w/ Los Jarochos - Jungle Funk 7” Vinyl VG+ EL 45X100,24.99,0.0798
v1|168521521675|0,HARRY BELAFONTE - BELAFONTE AT CARNEGIE HALL,30.00,0.0798
v1|178294089279|0,"Sergio Mendes - ""Confetti"" - LP",1.00,0.0798
v1|137492261951|0,"Back To School - Trinidad Bill - 12"" Vinyl Record - 1979 Charlie's Disco ",238.99,0.0797
v1|287451910689|0,Journey Captured 1981 2x LP Gatefold Live Columbia KC2-37016,10.00,0.0797
v1|147424790923|0,Gidon Kremer Tchaikovsky  Violin Con. Serenade Maazel DGG Digital Stereo FINE!,10.99,0.0797
v1|298488951266|0,"2001- COO COO CAL, ""MY PROJECTS REMIXES"", FEAT: TRICK DADDY & KURUPT, TOMMY BOY",0.99,0.0797
v1|298488951266|0,"2001- COO COO CAL, ""MY PROJECTS REMIXES"", FEAT: TRICK DADDY & KURUPT, TOMMY BOY",0.99,0.0797
v1|227421578287|0,Janis Ian – Between The Lines LP PC33394 Vinyl 1975 At Seventeen Excellent!,7.00,0.0797
v1|800309017749|0,Bert Kaempfert & His Orchestra Blue Midnight Vinyl LP Decca Records,7.00,0.0796
v1|198475504217|0,Enrico Ruggeri ‎– Enrico VIII italian pop chanson Europop LP,20.00,0.0796
v1|307051169060|0,Jimi Hendrix Are You Experienced 180 gram LP in Shrink & Hype,8.00,0.0796
v1|227421281615|0,THE CARDINALS The Wheel Of Fortune ATLANTIC 1952 R&B 78 RPM SHELLAC USED,5.00,0.0796
v1|227401532371|0,Warner Brothers PROMO RARE Sampler Grateful Dead Jimi Hendrix Electric Prunes NM,9.99,0.0795
v1|278163318240|0,Johnny Diesel & The Injectors Promo Vinyl LP Very Good,7.49,0.0795
v1|336678371976|0,"Tomita The Bermuda Triangle RCA Red Seal 12"" LP Colored Orange Vinyl ARL1-2885",1.99,0.0795
v1|358768858282|0,Greta Van Fleet Anthem Of The Peaceful Army  LP Lava 60257708018 Red Vinyl MINT-,13.99,0.0795
v1|147427822015|0,Bob Wills Tommy Duncan & The Texas Playboys 31st Street Blues 1981 NM,9.99,0.0795
v1|178292322567|0,vinyl lot records,10.00,0.0794
v1|377318770724|0,"STYLZ - BOUNCE MCA RAP 12"" PROMO",8.00,0.0794
v1|127962533839|0,the vibrations 45 rpm record continental with me baby/the junkeroo 1961/vg,3.60,0.0794
v1|257611351470|0,Jackie Wilson – Lonely Teardrops / In The Blue Of Evening   on  BRUNSWICK   1958,8.95,0.0793
v1|336671988049|0,"BUDDY HOLLY - Coral Records 9-62006 - ""Early In The Morning"" & ""Now We're One""",3.99,0.0793
v1|206405560060|0,"THE FUN BOY THREE:7"" Picture Disc ""The Telephone Always Rings""-Chrysalis UK 1982",8.00,0.0793
v1|117294195892|0,Lp-Mercury.MG20513-KAN AUGUST plays GREAT PIANO HITS.NM,6.99,0.0792
v1|407056219407|0,Spin-O-Rama Nutcracker Suite / 1812 Overture Hans Ledermann LP Stereo S-29,15.00,0.0792
v1|137493090870|0,"CESAR FRANCK - Symphony In D Minor (Frugoni) - 12"" Vinyl Record LP ",4.00,0.0792
v1|407056240574|0,Spin-O-Rama Strauss Waltzes Baron Von Liszt LP Stereo 33 RPM Black Vinyl S-31-B,5.00,0.0792
v1|287445118642|0,Firesign Theatre Not Insane LP Columbia AL 31585 1972,6.00,0.0792
v1|377326091203|0,THE MARIAS Iridescent Blue 2024 LP Iridescent Blue VINYL Record ALBUM M- USED,47.23,0.0792
v1|127963144290|0,"Grand Funk ""Phoenix"" 1972 Gatefold Vinyl LP",5.00,0.0791
v1|227422087022|0,Twista Holding Down The Game / So Lonely / Out Here Vinyl Record,3.00,0.0791
v1|267722390708|0,WAH WAH WATSON ELEMENTARY ORIG. COLUMBIA LP  1976 PC 34328  VG+ PROMO 9th WONDER,27.99,0.0791
v1|147424506454|0,Like New Record BB King in London 1971 Vinyl LP ABC Records ABCX730,40.00,0.0791
v1|298488951351|0,"7"" COLLECTABLES RECORD, THE CRESTS, ""GEE( BUT I'D GIVE THE WORLD)/ STEP BY STEP""",0.99,0.0791
v1|800317133840|0,SOJA – Strength To Survive & Poetry In Motion Reggae Music Dirty Heads Vinyl Lot,134.95,0.0791
v1|287451952870|0,"Miki Matsubara Pocket Park See-Saw C25A0077 Vinyl LP with OBI, Japan Edition",60.00,0.0791
v1|178291894258|0,"Led Zeppelin Candy Store Rock 7"" (Promo SP pressing)",20.00,0.0790
v1|407056458226|0,Hi-Bias “Hi-Bias/Wind It Up” 12” 90s Electro Deep House Autechre Rare Vinyl ,9.99,0.0790
v1|127962341207|0,Vinyl Record LP Album - Adolph Busch Frances Magnus,0.99,0.0790
v1|158072825488|0,Sopwith Camel~Sopwith Camel (1967; KLPS 8060) LP,13.13,0.0789
v1|366529020147|0,"Moments & Whatnauts 45 ""Girls Part 1 / Girls Part 2"" AU2",0.99,0.0789
v1|168522400450|0,Boxcar Willie Last Train to Heaven Vinyl LP Main Street 1982 St-73001 VG,2.70,0.0788
v1|800306005518|0,Chicago Hot Streets   1978 Columbia records FC35512  Near Mint Condition,7.00,0.0788
v1|287446085032|0,Elton Anderson With Sid Lawrence Combo – Cool Down Baby / Secret Of Love    1959,8.95,0.0788
v1|236923949399|0,Flatt & Scruggs (The Original Sound) LP Bluegrass,0.99,0.0788
v1|800292313574|0,Piper,65.00,0.0788
v1|318556190596|0,Skid Row - Skid - 196 Epic Yellow Label Original - Gary Moore,40.00,0.0788
v1|137493422744|0,ELVIS PRESLEY EP EPA-993 VOLUME 2 RARE DOG ON SIDE ISSUE & RARE COV NM/MT BEAUTY,67.00,0.0787
v1|307048169820|0,"Ozzy Osbourne, Blizzard Of Ozz, 1981 Jet Records, VG/VG",25.00,0.0787
v1|127962750203|0,WILLIE NELSON Tougher Than Leather LP Vinyl VG/VG 1983 CBS,3.88,0.0787
v1|198481143940|0,"COUNT FIVE PSYCHOTIC REACTION 45 7"" NM US VINYL LISTEN CLASSIC GARAGE ROCK",9.98,0.0787
v1|198483497538|0,Bruce Cockburn - The Trouble With Normal - 1983 Original Vinyl / EX,2.99,0.0786
v1|198483433365|0,USMC LP Anniversary of the Battle of Iwo Jima Documentary,9.00,0.0786
v1|198483433365|0,USMC LP Anniversary of the Battle of Iwo Jima Documentary,9.00,0.0786
v1|227421174513|0,"TED NUGENT FREE-FOR-ALL LP VINYL ALBUM, EPIC PE 34121, 1976 CBS,  EXCELLENT",15.00,0.0786
v1|158054562381|0,Les Brown & Orchestra 10” LP Sentimental Journey 1948 CL 6008 VG Vinyl,10.00,0.0786
v1|236923822296|0,Angel Records Messiah Handel Sir Malcolm Sargent 1954 Vinyl Record Box Set,3.20,0.0785
v1|377326985093|0,"Walt Disney Productions Mousercise 1981 Disneyland 12"" Vinyl LP Stereo Booklet",5.00,0.0785
v1|127962385802|0,"Manfred Mann Quinn The Eskimo / By Request Mercury 7"" Black Vinyl 45 72770",1.18,0.0785
v1|287447113990|0,"Blessed Are by Joan Baez (Record, 1971)",6.00,0.0785
v1|800293833559|0,ROCK’N ROLL GOLD – 60’s artists - Pre-Owned 3-disc Vinyl LP in Great Condition!,4.00,0.0784
v1|236917172059|0,BOB DYLAN NASHVILLE SKYLINE Columbia 1969 Lp Mint Lay Lady Lay Threw It All Away,17.50,0.0784
v1|257610896614|0,JONI EARECKSON. THE PART YOU WROTE FOR ME/ SAME PROMO WORD 776 CHRISTIAN,9.99,0.0784
v1|307052484057|0,CREAM Fresh Cream  ATCO Records SD 33-206 VG+ VG -Plays Great,5.00,0.0784
v1|158066779743|0,"Lote Of 3 LPs  WINDHAM HILL LIVE , George Wiston AUTUMN & William Ackerman",20.00,0.0784
v1|137493189206|0,JOE ELY Musta Notta Gotta Lotta  1981 MCA/Southcoast Records 5183 Vintage Vinyl,18.00,0.0783
v1|158064426607|0,Barry Manilow Tryin' to Get the Feeling,10.00,0.0783
v1|236923731477|0,"Columbia Masterworks Tchaikovsky The Sleeping Beauty 12"" Vinyl LP 33RPM Stereo",5.20,0.0783
v1|236924256106|0,Bill Monroe & His Bluegrass Boys BLUEGRASS INSTRUMENTALS vinyl lp MCA-104 Stereo,5.99,0.0783
v1|137499767526|0,Kenny G Two Record Lot Duotones and Silhouette Vinyl LP’s Arista Vintage 1980’s,15.75,0.0783
v1|358758630739|0,LENNY WILLIAMS - NEW EPISODE KNOBHILL LP SHRINK,8.00,0.0783
v1|327251988200|0,D-Track & Nicholas Craven - Hull on Novelty Ltd Edition Smoke Grey Vinyl LP,20.00,0.0783
v1|398150151308|0,Be All End All - Object to Persona Vinyl LP,5.00,0.0782
v1|407056632673|0,"Nitty Gritty Dirt Band Dirt, Siver, and Gold 3LP set W/ Original Poster NM!",15.00,0.0782
v1|158071215177|0,"Mickey Mouse ""This Is My Life"" (1971; ST-3805) Gatefold LP Purple Labels",6.00,0.0782
v1|278169756931|0,Donna Summer 4 LP DISCO Vinyl Record Lot Including Live & More-Bad Girls Dance,19.99,0.0782
v1|307048110524|0,"LP - PRINCE - Sign O' The Times - 2 Records, Sleeves + Postcard Warner Bros 1987",24.00,0.0781
v1|127962912205|0,Jukebox 45 & Title Strip Larry Gatlin She Used To Sing On Sunday Cleaned Tested,2.49,0.0781
v1|137493702737|0,"THE VELVETS - ""Spring Fever"" / ""Tonight (Could Be The Night)"" - MONUMENT RECORDS",2.99,0.0781
v1|158055527579|0,CHICAGO BLUES 78: NATURE BOY (J.T.) BROWN Blackjack Blues/Windy City Boogie,15.99,0.0781
v1|358769524386|0,lp  the lone ranger album 1,6.25,0.0780
v1|168522400656|0,Guy Mitchell-Knee Deep In The Blues /Take Me Back Baby 1957 VG+,2.65,0.0779
v1|298488577841|0,DOKKEN-UNDER LOCK AND KEY-SHRINK WRAP 1985 ELEKTRA RECORDS 60458-1 EX,24.50,0.0779
v1|800307945176|0,Rhythm & Blues    Jay Dee Bryant,3.59,0.0779
v1|147423539754|0,Leo Sayer Thunder in my Heart LP Vinyl 12 inch Record SEALED pop rock disco,20.00,0.0779
v1|158054564399|0,Coffee Cantata by JS Bach LP,25.00,0.0779
v1|147423342854|0,The Dave Brubeck Quartet. Timeout Featuring Take Five 1959 In  VG+ Condition.,20.00,0.0779
v1|358768053000|0,THE TRUTH THAT HEALS: A 1970's CHRISTIAN SCIENCE RADIO PROGRAM - 2 LP's - HEAR!,9.99,0.0778
v1|336680386073|0,NILSSON- ME AND MY ARROW b/w ARE YOU SLEEPING?  - ORIG 1971 NEAR MINT -45 RPM,2.50,0.0778
v1|298488951423|0,"1963-GARNET MIMMS &THE ENCHANTERS-"" CRY BABY/ DON'T CHANGE YOUR HEART"", SOUL",0.99,0.0778
v1|236923780665|0,"Glen Campbell - Gentle On My Mind Capitol 12"" Vinyl LP 33RPM Stereo",2.12,0.0778
v1|278154259696|0,Buildings By Katatonia 45 LP Vinyl Record RARE! Metal Paradise Lost Opeth Soen,16.99,0.0778
v1|236931910763|0,2-Lot Carl Thomas Lets Talk About It Vinyl Record + Emotional Cassette Tape 2xLP,11.00,0.0778
v1|298488353361|0,"Positions by Grande, Ariana (Record, 2021) Glow in the Dark vinyl",18.00,0.0778
v1|318556418922|0,Good Friends Are For Keeps 100th Year Celebration LP Album,4.99,0.0778
v1|800303725089|0,Tom Petty – Southern Accents LP - 1985 US  Pressing MCA - Amazing Record,15.50,0.0778
v1|188521301804|0,The Dave Clark 5 - Weekend In London - Epic LN-24139 LP Vinyl Record,0.99,0.0777
v1|278155840116|0,George Thorogood And The Destroyers - Born To Be Bad Still in Shrink Wrap  VG++*,8.99,0.0777
v1|358771882102|0,Evening With Groucho Marx 12 Inch Picture Disc Vinyl,25.00,0.0777
v1|257605266768|0,VINYL 2 LOT.  TALAS LIVE SPEED ON ICE & DIXIE DREGS NIGHT OF THE LIVING DREGS,55.00,0.0777
v1|188612375934|0,Motley Crue picture disc vinyl,50.00,0.0777
v1|800304360256|0,Honky Tonk Piano By Eddie Miller Buckingham Records Lp Vinyl,5.00,0.0775
v1|236923912574|0,Spiritbourne  (Prepare Ye The Way) LP CCM,0.99,0.0775
v1|358769586135|0,lp the brass menagerie the university of  michigan tuba & Euphonium ensemble,5.00,0.0774
v1|158064096173|0,GOAT “Live Ballroom Ritual” Vinyl 2013 2xLP Rocket Records ,34.99,0.0774
v1|227421291444|0,POLITICOS Year Of The Ram 1967-68 TROTWOOD MADISON HIGH VG+ VINYL LP Record USED,5.00,0.0773
v1|398151600918|0,DBLP 1972 Eric Clapton History Of Eric Clapton VG+/VG+,9.99,0.0773
v1|318551435759|0,"Heart ~ Dreamboat Annie Limited Promo only D.J. Copy Vinyl 12"" Single",9.99,0.0773
v1|198482794301|0,JFK John F. Kennedy - Last Words To Labor Inaugural Address Nov 15th 1963 Record,9.99,0.0773
v1|227401532358|0,Deep Purple Shades of Deep Purple OG Press STUNNING CONDITION! TOP COPY! NM!,13.50,0.0773
v1|287447114930|0,"JACKIE DE SHANNON: to be free IMPERIAL 12"" LP 33 RPM",14.00,0.0773
v1|287447115484|0,DIONNE WARWICK~Heartbreaker. 1982 Vinyl LP.,5.00,0.0773
v1|336677373733|0,"4 Star 1008 ""T"" Texas Tyler Remember Me / Oklahoma Hills Black Vinyl",6.20,0.0772
v1|147424506342|0,Like New Bonnie Raitt Takin My Time Stereo Vinyl Warner Brothers 1973 BS 2729,40.00,0.0772
v1|287447114916|0,Reefa! Inner Fantasy & Get Up Stand Up Lp,25.00,0.0772
v1|257611483800|0,"DRUM & BASS 12"" VINYL Ed Rush & Optical - Medicine / Lifecrisis VRS 001 !",32.10,0.0772
v1|158054564382|0,Les Maitres Italiens de L'Art Lyrique Recital Montserrat Caballe LP,20.00,0.0772
v1|147424789138|0,Beethoven Triple Concerto Arrau Starker Szeryng Philips Stereo Best Ever! FINE!,10.99,0.0771
v1|236917090236|0,Headkeeper,5.00,0.0771
v1|298487532962|0,"Jan & Arnie     45     ""Jennie Lee/Gotta Get A Date""    NM       1958",40.00,0.0771
v1|278170810585|0,ALTERNATIVE ROCK-3 LP LOT- Vinyl-Tetes Noires-Berlin Airlift-Burn Peepshow COOL,7.99,0.0770
v1|127962752406|0,Lou Rawls: All Things In Time Label LP 1976 Philadelphia International VG+/VG,2.82,0.0770
v1|267720800317|0,Tim Weisberg  4  Vinyl LP Record,0.99,0.0770
v1|278164412350|0,Leonard Bernstein Mussorgsky Pictures At An Exhibition LP Vinyl Record Album,4.20,0.0769
v1|188601131507|0,"Chaka Khan ""Tearin' It Up"" Ultra Rare 12” Promo Version. Long Version Remix",4.00,0.0769
v1|168521671754|0,The 4 Seasons 2nd Vault of Golden Hits Vinyl Record Untested ,10.99,0.0769
v1|407056673551|0,Marvin Gaye My Last Chance 1990 12” Vinyl Single Advance Promo RARE L33-1171,9.99,0.0769
v1|377326655031|0,Presti & Lagoya LP The Virtuoso Guitar ORIG NM,10.00,0.0769
v1|188614728544|0,DONNA FARGO ~ All About A Feeling Vinyl LP DOT Records DOS-26019 1973 Gatefold,1.93,0.0768
v1|298488572565|0,Atlantic Aretha Franklin ,27.50,0.0768
v1|137493391453|0,"JACKIE LEE 7"" Your Personality /TRY MY METHOD Northern Soul 45 MIRWOOD a1731",5.50,0.0768
v1|137493391453|0,"JACKIE LEE 7"" Your Personality /TRY MY METHOD Northern Soul 45 MIRWOOD a1731",5.50,0.0768
v1|336677429261|0,"Shawn Mendes Wonder 2020 Island Records Gold Colored Vinyl 12"" LP",5.60,0.0768
v1|377328858729|0,Jack Pettis /willie Creager On Banner 1929 I Gotta Get Myself Somebody To Love,12.00,0.0768
v1|168522400854|0,Chas. McDevitt Skiffle Group - Freight Train / The Cotton Song 1957 VG+,2.65,0.0767
v1|188471596081|0,Willie Nelson - Me & Paul - Columbia 40008 LP Vinyl Record - EX,0.99,0.0766
v1|307048411052|0,LP The Singing Nun - Soeur Sourire - W/2 sets of Watercolor Sketches - EC,8.00,0.0766
v1|398152862433|0,PRETTY THINGS SAVAGE EYE VINYL LP 1975,10.00,0.0766
v1|137493552283|0,ROBERTA FLACK & PEABO BRYSON Live & More SD27004 JA HL LP Vinyl VG+ Cover VG++,7.00,0.0765
v1|318557272767|0,"Bob Dylan John Wesley Harding 12"" Black Vinyl LP Columbia CS 9604",15.00,0.0765
v1|137492985767|0,i Ponchielli - La Gioconda - 3xLP Box Set -  OSA- 1388,9.99,0.0765
v1|227421291551|0,MIGHTY SAM MCCLAIN Give It Up To Love AUDIOQUEST LP VINYL Record ALBUM VG+ USED,29.52,0.0765
v1|168521745523|0,Pat Boone Sings~1959~ DOT Label * RARE LP 25158~Stereo~ EX Condition & Value!,9.95,0.0764
v1|287447113962|0,Tested:  Mike + The Mechanics - 1985 Pop Rock LP,6.00,0.0764
v1|198483676508|0,Charlie Parker Bird is Free LP Gatefold - Klabin collection,12.00,0.0764
v1|278163441011|0,Walt Disney's Mickey Mouse Club LP Vinyl Album 1974 Disneyland Records 1362,16.00,0.0764
v1|377319933780|0,TONY WILSON - CATCH ONE BEARSVILLE LP PROMO,8.00,0.0764
v1|327251433153|0,KEITH MARTIN~ MOMENT IN TIME~ L.O.V.E.~ RARE PROMO RUFF HOUSE RECORD CAS 7237,1.00,0.0764
v1|206401149296|0,JOHN MICHAEL TALBOT & FRIENDS Be Exalted 1986 LP Birdwing Records #BWR2000,5.00,0.0764
v1|287445721824|0,Gorillaz - Fall Pre-Owned VG,0.01,0.0764
v1|168522400719|0,Joe Darensbourg  – Martinque / Yellow Dog Blues  1958 VG+,2.65,0.0763
v1|158066722691|0,"30 Guitar Favorites, Evelyn Scott, Vinyl Records",3.00,0.0763
v1|366522145431|0,Gene Pitney Golden Greats   Record Album Vinyl.  IN SHRINK,3.00,0.0763
v1|168514470000|0,Exotica E Z Listning 6 LP Vinyl Lot Billy Mure Arthur Lyman Stereo Action shrink,5.99,0.0763
v1|127963016495|0,"Mink Deville ""Return To Magenta"" 1978 Vinyl LP",1.00,0.0762
v1|287438597550|0,Public Image Limited (PIL) - Happy? - Johnny Lydon Ex-Sex Pistols,20.00,0.0762
v1|137500052075|0,Prelude After The Gold Rush 1974 Island ILPS 9282,5.99,0.0762
v1|327251782052|0,"Robin Trower ""In City Dreams"" 1977 Vinyl LP, Chrysalis Vinyl MINT",4.95,0.0762
v1|327254849818|0,dj krust vinyl lps   4 whole records  --wow,55.00,0.0761
v1|800304388161|0,"Captain & Tennille Come in From the Rain 12"" LP Record, Excellent Condition !",5.00,0.0761
v1|278156266114|0,"GROVER WASHINGTON, JR. - SKYLARKIN' MOTOWN LP",8.00,0.0761
v1|127962493142|0,Diana Ross Promotional Copy Upside Down 12in Lp,80.00,0.0761
v1|358777111138|0,ROD STEWART Sing It Again Rod Mercury Vinyl LP 1972,1.99,0.0761
v1|178290112224|0,"50s Bluegrass 45 LESTER FLATT, EARL SCRUGGS Preachin' Prayin' Singin' MERCURY EX",4.00,0.0760
v1|147423285759|0,Chicago VIII Vinyl LP PC 33100 Columbia Original Shrink Hype Sticker Classic Roc,2.99,0.0759
v1|358768773077|0,"FOLK VINYL LOT: Melanie, Kate Wolf, Clancy Bros & Tommy Makem, Odetta Live",5.50,0.0759
v1|206394364498|0,"Pepe Hernandez Y Los Coyotes Del Rio Bravo; Latin, Near Mint, Ranchera Style",18.00,0.0759
v1|318556245556|0,The Bay City Rollers Strangers in the Wind Vinyl LP,10.00,0.0759
v1|377326578450|0,Elton John - Leather Jackets (1986) [SEALED] Vinyl Heartache All Over the World,8.00,0.0759
v1|287445537065|0,METALLICA AND JUSTICE FOR ALL 4x LP BOX 1988 45RPM VINYL LTD Warner Bros Records,399.99,0.0758
v1|398151679648|0,1970 Walt Disney Brer Rabbit Vinyl Record 3907 Songs and Stories of Uncle Remus,4.30,0.0758
v1|267721271154|0,BILLY BOY ARNOLD More Blues On The South Side PRESTIGE RE Chicago Vinyl LP EX+,22.99,0.0758
v1|227421494834|0,"1956 THE BRASS RING, THE FLIGHT OF THE PHOENIX, Dunhill D-50008 VINYL JAZZ VG+",4.95,0.0757
v1|227421494834|0,"1956 THE BRASS RING, THE FLIGHT OF THE PHOENIX, Dunhill D-50008 VINYL JAZZ VG+",4.95,0.0757
v1|168521689712|0,Tony Bennett I Left my Heart in San Francisco Vinyl Record Untested ,8.99,0.0757
v1|358768164927|0,The Jacksons White Label Promo Vinyl Lot: 1976 Debut & 1977 Goin' Places,150.00,0.0757
v1|407062416653|0,Marvin Gaye What's Going On LPOriginal Press Gatefold VinylRecord VG+ TS310,35.99,0.0757
v1|298488951278|0,"1961-JOHNNY DANKWORTH, ""AFRICAN WALTZ / MOANIN'"", JAZZ, BIG BAND",0.99,0.0757
v1|168522400816|0,Guy Mitchell - Singing The Blues / Crazy With Love 1956 VG+,2.65,0.0756
v1|137500027892|0,Garthwaite Hawkins Sorrels Live at The Great American Music Hall LP NM/NM 1981,12.99,0.0755
v1|800305149577|0,Andy Panda and Chilly Willy the Penguin  Cricket Records 45 rpm vinyl UNTESTED,9.99,0.0755
v1|236917432431|0,Italo Disco Nicole J. I’ve Got To Go 12” Single,9.99,0.0755
v1|800289381509|0,Liz Damon,18.00,0.0754
v1|366528398258|0,TAKE THAT - WONDERLAND -Including the Single - Giants -  Like New,50.00,0.0754
v1|168514056943|0,"Carry It On by Pete Seeger/Jane Sapp/Si Kahn (2-LP, 1986) Folk",1.99,0.0754
v1|257605522296|0,Helloween - Walls Of Jericho - ERROR - SIGNED - ONE OF A KIND - Read Description,200.00,0.0754
v1|377319462369|0,Damaged Goods The Dark Side  7”  4 Song EP LTD Edition # 351 Blue Vinyl NM,19.99,0.0753
v1|307048183159|0,Terence Trent D’Arby 45RPM “Wishing Well” 1987 80s Pop Soul R&B 7” Vinyl PS NM,3.00,0.0752
v1|147422664912|0,Into Somethin' Fine soul demo acetate 1-sided cut by Raelets,100.00,0.0752
v1|398150438916|0,Vintage 1972 Joan Baez “Come From The Shadows” Album (AM SP-3103,2.00,0.0752
v1|327247188999|0,"STEVE MILLER BAND  LP  ""Brave New World""  1969 Record +Bio - Good Condition",7.99,0.0752
v1|188614734467|0,Harry Belafonte 1956 Self Titled “Belafonte” Vinyl LP LPM-1150 Monaural Nice,2.33,0.0752
v1|117290112665|0,John McLaughlin With the one truth band / Electric dreams,14.99,0.0751
v1|178291873795|0,John Hiatt All of a Sudden,3.99,0.0751
v1|236924893103|0,Blues Tone Records  Talkin' 'Bout A Shindig & New York City Sidney Barnes 45 RPM,19.95,0.0751
v1|377326420292|0,P. Diddy I Need a Girl (Part Two) Vinyl Promo Bad Boy Rap BBDP9297,6.04,0.0751
v1|158063674212|0,"ENOCH LIGHT Magnificent Movie Themes  COMMAND RS887SD (1965) Gfld, LP, EX",4.00,0.0750
v1|267720762314|0,Ricky Skaggs Waitin' For the Sun to Shine LP Epic FE 37193,3.50,0.0750
v1|377326078548|0,NATHANIEL BRANDEN Discusses Teenagers Question On Sex M- VINYL LP Record USED,5.00,0.0749
v1|198483701729|0,Jimmy Smith Peter & The Wolf LP Verve DJ promo Van Gelder - Klabin collection,12.00,0.0749
v1|158065199625|0,LONDON LL 3138 TED HEATH - THE BIG BAND DIXIE SOUND VINYL LP 33 RECORD ALBUM ,6.00,0.0749
v1|188616433728|0,"MIILKBONE on LP single "" KEEP IT REAL "" hip hop",4.99,0.0749
v1|318556244379|0,Jefferson Starship Dragon Fly Vinyl LP Album Grunt Records VG+ Tested,10.00,0.0749
v1|168521248495|0,Rick Springfield - Success Hasn't Spoiled Me Yet (1982 Vinyl LP),5.00,0.0749
v1|377328628085|0,Lou Gold On Harmony 173 Bye Bye Blackbird / Spring Is Here ,12.00,0.0748
v1|366528667456|0,"Country Comes to Carnegie Hall Freddy Fender, Roy Clark Vinyl 2 Record LP",12.00,0.0748
v1|178291806355|0,78 Rpm; Dolores Hawkins; Come Home & Happy Tears ; Radio Station Copy; Okeh-6976,8.00,0.0748
v1|307043263751|0,"George Beverly Shea “George Beverly Shea” Stereo Vinyl = NM(SS) 12"" LP Record",3.75,0.0747
v1|206401181353|0,Alicia Bridges Record Album Vinyl LP 1978 PERFECT Polydor PD-1-6158 Vinyl Record,4.99,0.0747
v1|298487892374|0,cream wheels of fire vinyl,13.27,0.0747
v1|327252127850|0,"The Stonemans LP ""Stonemans Country"" NM w/ Orig Inner BX10",4.00,0.0746
v1|298488951373|0,"1965-RODGERS & HAMMERSTEIN'S ""THE SOUND OF MUSIC"", JULIE ANDREWS, ORIGINAL SOUND",0.99,0.0745
v1|358758630738|0,BUDDY DE FRANCO MEETS THE OSCAR PETERSON QUARTET HARK PABLO LP PROMO,8.00,0.0745
v1|117289922089|0,Reform School Girls Soundtrack LP Wendy O. Williams OST US Promo Cut Out,45.00,0.0745
v1|168521774979|0,"THE TEMPTATIONS~""MY LOVE IS TRUE""~Orig. 1985-FUNK~SOUL~7'' 45rpm~GORDY~M-",0.99,0.0744
v1|137484654712|0,"Rockin’ Christmas LP 1974 – Gary Puckett, Everly Bros, Raiders – VG+ Vinyl",9.99,0.0744
v1|178294086654|0,JOHNNY BURNETTE TEAR IT UP 17 ROCKABILLY CLASSICS IN MONO VINYL NEAR MINT!,14.99,0.0744
v1|307043784132|0,"Harpers Bizarre “Anything Goes” Stereo Vinyl = VG+ 12"" LP Record Rock,Jazz,Vocal",3.00,0.0744
v1|327247003242|0,"WHITNEY HOUSTON-UNTITLED-PREVIOUSLY OWNED-""AS IS""-1985-ARISTA-FINE",7.00,0.0744
v1|178282671577|0,RARE LP Grand Award DEMO Enoch Light Sing A Song Original Roaring 20s,1.99,0.0743
v1|168520570263|0,"Barry Manilow ""Even Now"" 12"" 33 LP Record 1978 Arista NM/NM ULTRASONIC & TESTED",9.99,0.0743
v1|147423325987|0,ROLLING STONES Goats Head Soup 1973 COC 59101 Los Angeles Press VG/VG+,10.00,0.0743
v1|307051190370|0,KISS Asylum 180 gram LP in Shrink & Hype Sticker,9.50,0.0743
v1|298488782549|0,BLACK SABBATH Sabbath Bloody Sabbath original Japanese vinyl LP Vertigo RJ-5113,11.50,0.0743
v1|318551968481|0,NANCI GRIFFITH LONE STAR STATE OF MIND LP NM NEAR MINT US MCA VINYL COUNTRY POP,9.98,0.0743
v1|137492958214|0,"Massent Le Cid Domingo Bumbry Plishka Queler M3-34211, 3 Record Set - Used",14.99,0.0742
v1|188614576409|0,The Charley Pride Collection 2 Vinyl LP Set RCA/Pickwick Camden England Like New,2.68,0.0742
v1|227424634078|0,"Cream Songbook, The Rubber Band – GRT Records GRT-10000, 1970 – Rock Tribute ",23.75,0.0742
v1|287447113978|0,Hula Nudist & Dave London 1997 Vinyl No Sleeve,20.00,0.0741
v1|178293819025|0,808 State Cubic Vinyl Nm,31.00,0.0741
v1|127962715835|0,b.w.stevenson 33 rpm record lp lead free/very good,1.86,0.0741
v1|336677076797|0,"Dinah Washington-Unforgettable-Mercury Records-MG-20572-12""vinyl LP-1961-EX",5.00,0.0741
v1|117289823588|0,Phil Thornalley - Swamp - MCA Records Pressing MCA-422226,4.99,0.0741
v1|188614331769|0,"Diana Ross - WHAT YOU GAVE ME - 12"" Vinyl Record - 1978 - PROMO - Motown RARE!",10.00,0.0741
v1|257611353724|0,Madonna Burning Up / Physical Attraction 12” Maxi Single Sire 1983 Vinyl LP,5.00,0.0741
v1|127962639429|0,Jukebox 45 & Title Strip Mark Chesnutt Blame It On Texas Cleaned Tested,2.49,0.0740
v1|336677137389|0,Taylor Swift folklore Green Colored Vinyl LP Pop Record Republic Records,315.00,0.0740
v1|377319933779|0,FATBACK - 14 KARAT SPRING LP,8.00,0.0740
v1|147422579915|0,MOTELS - (6) 45s - VG To VG+,6.50,0.0740
v1|257615491217|0,nazi dust wretched hour Colored Vinyl ,15.99,0.0740
v1|327251680992|0,Club Nouveau Lean On Me 12 Inch Vinyl King Jay Records 1987,2.80,0.0740
v1|168521637543|0,Cab Calloway On Film 1934-1950 Harlequin Vinyl LP,6.20,0.0740
v1|267720653082|0,The Chipmunks Chipmunk Rock Vintage Vinyl LP 1982 RCA Record AFL1-4304-A VG+,12.99,0.0739
v1|127966571505|0,"BLONDIE, Parallel Lines LP 1978 Chrysalis Second Press Reissue W/Disco Gs VG+/NM",15.99,0.0739
v1|287444499343|0,"Pete Seeger- Banjo Instruction+THE WEAVERS: Tzena, Tzena, Tzena/Wide Missouri",8.99,0.0739
v1|287444499343|0,"Pete Seeger- Banjo Instruction+THE WEAVERS: Tzena, Tzena, Tzena/Wide Missouri",8.99,0.0739
v1|147424688797|0,Like New ELMORE JAMES: The Great Elmore James UPF-122 Stereo Vinyl LP,55.00,0.0739
v1|267720702103|0,Doc Severinsen Sextet LIVE! LIVE! LIVE! Vinyl Record LP Jazz 60s RS33-901 ,2.19,0.0739
v1|257610866477|0,Rock N Roll Show With Bill Haley And His Comets Vinyl Extremely Rare...,145.00,0.0738
v1|158063710178|0,YES - Tormato Vinyl Lp Album 1978 Atlantic Records SD19202,7.50,0.0738
v1|178291295036|0,Sigue Sigue Sputnik Tony James Interview Picture Disc 12” UK,34.00,0.0738
v1|257611190316|0,THE BEATLES LP LOVE SONGS 1977 CAPITOL SKBL 11711 1ST PRESS TEXTURED SEE DESC.,7.89,0.0738
v1|336677394659|0,FESTIVAL of LIGHT CLASSICAL MUSIC-ORIGINAL RCA 12-VINYL BOX SET-USED #7 ONLY,1.00,0.0738
v1|137492352300|0,Cat Stevens – Teaser And The Firecat - A&M Records SP-4313 Vinyl LP VG/VG 1971,4.00,0.0737
v1|137493835165|0,"HOUSE 12"" ""KISS MY EYES"" TANGO! BOB SINCLAR ( YELLOW 2003) FRENCH IMPORT",5.00,0.0737
v1|287446085047|0,Fats Domino – I'm Walkin' / I'm In The Mood For Love  on  IMPERIAL   1957  NICE!,8.95,0.0736
v1|158066465502|0,SOUNDTRACK - SNTK WEEDS-1a- LP SNTK #10,9.99,0.0736
v1|158065387268|0,"Linda Ronstadt & The Nelson Riddle Orchestra What's New LP 33 RPM 12"" Album",2.00,0.0736
v1|398159728043|0,Ronnie Aldrich The Magnificent Pianos Phase 4 Vinyl LP In Original Shrink  Wrap,2.99,0.0736
v1|800304356541|0,Walt Disney Songs About Winnie-the-Pooh And Tigger 1968 Disneyland Record DQ1317,7.00,0.0736
v1|307050147244|0,Rome Symphony Orchestra - Slavonic Dances - Vinyl LP,3.45,0.0736
v1|298488193108|0,Johnny Lytle Vintage Vinyl Lot (2 LPs) 60s Jazz Riverside Records,9.99,0.0736
v1|168523029631|0,Jesse Winchester A Touch On The Rainy Side 1978 1stEd Vinyl LP EX/NM Ultrasonic,14.99,0.0736
v1|407056068543|0,FAWLTY TOWERS Second Sitting (2018) LTD ED RSD Picture Disc ..SEALED.. a7612,19.99,0.0736
v1|236929395547|0,Italo Disco Rocky Valance Jessica / Danger For My Love 12” Single,9.99,0.0736
v1|158064922389|0,John B Sebastian LP The Four Of Us Vinyl Record Album ,5.99,0.0736
v1|307052484060|0,Dave Edmunds Riff Raff Columbia FC39273- NM-(Golden Promo Stamp) withJeff Lynne,5.00,0.0735
v1|168520833356|0,"The SpongeBob SquarePants Movie 12"" Colored Vinyl LP RSD Limited Edition",14.99,0.0735
v1|267723568982|0,metal church the human factor clear red #000607 🎈 music on vinyl,79.99,0.0735
v1|178292463359|0,2 Genya Ravan Vinyl LPs - And I Mean It! - Urban Desire - 20th Century Fox 562,16.00,0.0735
v1|168521530731|0,The Commandos Pony Express  7 Inch Vinyl 1962 Symbol Soul/R&B,6.00,0.0734
v1|307048342615|0,"Historic Vinyl - Navy, Marine, Air Force Band, Songs Of The North And South",7.50,0.0734
v1|117289914689|0,Lowell George-vinyl ,12.00,0.0734
v1|407055995716|0,"Venom “ Hell At Hammersmith” Lp 1985, Neat Records",16.50,0.0733
v1|398151808772|0,Commodores Hot On The Tracks Vinyl ,2.00,0.0733
v1|127962907839|0,JOHNNY CASH 10 ALBUM VINYL  songs that Made Him Famous SUN RARE Ring of Fire LP,40.00,0.0732
v1|358755434288|0,Yehudi Menuhin / Ravi Shankar – West Meets East,4.99,0.0732
v1|287447114954|0,"Sailing the Seas of Cheese by Primus (Record, 2013)",30.00,0.0732
v1|298488774056|0,"Lot 2 LP-GARY PUCKETT AND THE UNION GAP-INCREDIBLE/WOMAN,WOMAN",4.99,0.0732
v1|307048953845|0,"Arlo Guthrie Alice’s Restaurant RS-6267 LP 12"" Vinyl Record Two-Color Label",5.75,0.0731
v1|188616428190|0,"YOUNGBLOODS on LP "" ELEPHANT MOUNTAIN "" rock",4.99,0.0731
v1|800317336485|0,Hank Williams/ Golden Memories 1991 Lp Compilation/ Classic Country,13.00,0.0730
v1|168513841407|0,The J Geils Band Showtime LP EMI 1982 Signed Peter Wolf,75.00,0.0730
v1|137484655252|0,Paul McCartney & Wings – Wings Over America (1976 3LP) NM/VG+ w/ Poster,34.99,0.0730
v1|158064382337|0,"CROSBY, STILLS, NASH & YOUNG Wooden Nickel LP Vinyl 1971 VG+/VG+",35.00,0.0730
v1|236923537285|0,Teresa Brewer - Don't Mess With Tess -Stereo LP Coral 1962,21.00,0.0730
v1|287445226929|0,marianne faithfull Girl On A Motorcycle Soundtrack 1968 LP,15.00,0.0730
v1|366528343051|0,WOLFGANG AMADEUS MOZART Die Zauberflote The Magic Flute La Flute Enchanter,35.00,0.0729
v1|358772023391|0,SIMON & GARFUNKEL SOUNDS OF SILENCE LP COVER EX VINYL VG ! SHRINK WRAP + STICKER,9.99,0.0729
v1|267718257974|0,Jethro Tull – Thick As A Brick LP - later reissue - VG+/VG+ - Germany,18.00,0.0729
v1|327252189221|0,Robert Palmer Some Guys Have All The Luck 12” Vinyl Record UK 1981 Vg+,6.99,0.0729
v1|188614407214|0,Dan Fogelberg - Souvenirs 1974 Gatefold LP - Excellent,5.00,0.0729
v1|188600829772|0,"Peter Allen ""Don't Wish Too Hard b/w I Go To Rio"" 2 double sided disco hits.",4.00,0.0728
v1|800304426675|0,Helpless - Caged In Gold LP Beer Vinyl ,20.00,0.0728
v1|267718254848|0,Tommy James & The Shondells – Hanky Panky LP - 1966 - VG+/VG+,9.00,0.0728
v1|366528713467|0,"Lebenden Toten Nuclear Flowers EP 7"" Black Vinyl 45RPM Wicked Witch WWR 024",50.00,0.0728
v1|377327399600|0,Angel Records Lehar The Merry Widow LP Angel 35034 Otto Ackermann Philharmonia,2.97,0.0728
v1|158066478412|0,THE VENTURES - DIAMOND HEAD  - 45RPM - JAPAN ISSUE,8.00,0.0727
v1|127962547752|0,DORSEY BURNETTE - LUCY DARLIN' - Merri 206 - VG,6.00,0.0727
v1|236923805966|0,Fishbone Crazy Bald Heads 7” Vinyl 1997 Island Records The Toasters The Stage,15.00,0.0727
v1|278163223456|0,Steve Miller Band Book Of Dreams LP 1977 US NAMI Pressing SO-11630  G-,4.99,0.0727
v1|257610844926|0,LEO SAYER LP Just a boy 1974 Warner Bros  vinyl,6.78,0.0727
v1|158066460991|0,FINIANS RAINBOW SONDTRACK - LP SNTK #4,4.00,0.0727
v1|267718258509|0,Elton John – Lady Samantha LP - 1980 - EX/VG+ - UK,25.00,0.0726
v1|298488774294|0,ABC Records MACK & MABEL LP Album,4.99,0.0726
v1|318555715703|0,45 RECORD - THE MIRACLES - LOVE MACHINE Part 1 & 2,12.00,0.0726
v1|800304727822|0,Thangorodrim - Taur Nu Fuin 2xLP White/black Mix Vinyl,28.00,0.0726
v1|168522401153|0,Dean Martin 1965 Reprise 0344 Send Me the Pillow You Dream On/I’ll Be Seeing You,2.65,0.0725
v1|366528935271|0,"Johnny Nash LP ""The Johnny Nash Collection"" NM / VG++ (UK Press) BX10",4.00,0.0725
v1|158064799759|0,Merle Haggard Acetate!!! 1980 Back To The Barrooms Masterfonics RARE As HECK LP,10.00,0.0725
v1|117291443543|0,Beethoven Piano Sonatas  Yves Nat Discophiles Francais DF 57 Mono France,10.00,0.0725
v1|307048694023|0,LP - Morris Day & The Time - DAYDREAMING- Album #1-25651 Warner Bros 1988,16.00,0.0724
v1|800304385828|0,Stars for A Summer Night  2 Vinyl LP Record Mint Condition !,8.00,0.0724
v1|147423487240|0,Chicago Transit Authority Self Titled - 2 LP Columbia VG+/VG Repress,1.99,0.0724
v1|366529291988|0,The Clash Combat Rock LP 1980s press Nm,12.99,0.0723
v1|307048523819|0,"Judy Garland The Wit & The Wonder Of Judy Garland Black Vinyl LP 12""",5.00,0.0723
v1|236922945567|0,"Hall of Fame Jazz Greats, Somethin’ Special Record NRMT",10.00,0.0723
v1|158063984117|0,Styx - Lady -1980 Reissue Of Styx II (RCA Victor AYL1-4233) VG+/VG+ Free Ship,9.00,0.0722
v1|117293902862|0,"Neil Young Album, Reprise Records",10.00,0.0722
v1|336677523300|0,Cat Stevens - Catch Bull At Four -EX/VG+ 1972 Pop Rock A&M SP-4365 Untested,7.99,0.0722
v1|127966287669|0,LP 12 columbia CL-8669 I Left My Heart In San Francisco Tony Bennett,2.95,0.0721
v1|287447114940|0,PAUL SIMON INTERPRETED The Sound Symposium LP Vinyl DOT Records,12.00,0.0721
v1|147423277678|0,"1974 BY AVERAGE WHITE BAND 10 SONGS BY H STUART, BALL, MCLNTRE & DUNCAN",18.00,0.0721
v1|188612658760|0,Manuel Jiminez: Niegalo Pues/Casita Triste 45 Halcon rare latin VG+,9.99,0.0720
v1|198483024359|0,Dennis Hopper Soundtrack LP The American Dreamer on Mediarts,25.00,0.0720
v1|158063908112|0,The 1975 A Brief Inquiry Into Online Relationships Vinyl Double LP,14.99,0.0720
v1|358768867697|0,"WHAM! – ""Music From The Edge Of Heaven” (1986) – Gold Stamp Promo w/Lyric Insert",50.00,0.0720
v1|147424650830|0,Dixieland At Carnegie Hall 25 Top Stars FC 9094 Forum Circle Label Vinyl Lp,0.99,0.0719
v1|236917264038|0,John Parr (Running The Endless Mile)LP CCM 1986,0.99,0.0719
v1|377318762957|0,"GRACE JONES - I'M NOT PERFECT (BUT I'M PERFECT FOR YOU) MANHATTAN 12""",8.00,0.0719
v1|137484194268|0,JD Souther Chris Hillman Richie Furay Band self titled lp Ultrasonic Clean+Bonus,7.99,0.0719
v1|298488773986|0,"Lot 4 LP-Joni James.Andre Kostelanetz,Songs of Wonderful Girls,Midnight for Two",4.99,0.0719
v1|366522522103|0,Frank Fontaine I'm Counting On You ABC514 Paramount Original Promo Sleeve 1965,5.00,0.0719
v1|198482786045|0,SALE!! Basic Library of the Worlds Greatest Music  #1-10 Inclusive Vinyl (1958),20.00,0.0719
v1|800304339347|0,Hooked On Classics RCA Vinyl LP Near Mint Condition Louis Clark Conducting,5.00,0.0719
v1|287450876137|0,Pink Floyd Ummaguma Vinyl Copy in Poor Condition,2.25,0.0719
v1|327252293763|0,Amii Stewart Am I Losing You 12” Red Vinyl Record Single 1979 Disco Vg+,6.99,0.0719
v1|298489163538|0,JEFFERSON AIRPLANE Surrealistic Pillow vinyl LP - 1967 1st Press RCA black label,24.95,0.0718
v1|117294258472|0,NEIL YOUNG & CRAZY HORSE - Life 1987 NM/NM- Promo Geffen GHS 24154,12.99,0.0718
v1|287447114942|0,Mystical Bouncin’ Back Bumpkin’ Me Against The Wall Vinyl 2001 No Sleeve,8.00,0.0718
v1|336676974955|0,American Graffiti Soundtrack LP 1973 Gatefold 2LP Vinyl 41 Original Hits,12.00,0.0718
v1|358768745581|0,Utopia – Adventures in Utopia (1980) • Gold Promo Stamped,30.00,0.0718
v1|198475502524|0,Ornella Vanoni ‎– Duemilatrecentouno Parole pop chanson Gimmick Cover  LP,25.00,0.0718
v1|800305369011|0,DEEP PURPLE Made In Japan WHITE LABEL PROMO Double LP 1973 2WS 2701 Promotional,55.00,0.0718
v1|137492296754|0,"CHICAGO - Hot Streets (1978)  Vinyl Record LP, Gatefold, Donnie Dacus",4.00,0.0718
v1|307042785495|0,"Hank Williams Jr.  “Songs My Father Left Me” Stereo Vinyl = VG+ 12"" LP Record",7.00,0.0717
v1|800305244232|0,Barbra Streisand People Vinyl Record LP Columbia Records CL 2215 mono,4.99,0.0717
v1|278155835320|0,Man On The Moon Walter Cronkite CBS News Report Of The Historic Moon Landing G+,2.99,0.0717
v1|267720377696|0,Autographed Boys Night Out Trainwreck Warped Tour Gig Poster - Signed,33.99,0.0717
v1|278162585450|0,Chilliwack Vinyl Record Dreams,9.99,0.0716
v1|377332104390|0,"Monica Like This And Like That Vinyl 12"" Single Promo Rowdy R&B RDP-5073",12.21,0.0716
v1|188613085649|0,"Gene Pitney, She’s A Heartbreaker Vinyl LP - Musicor MS3164",4.00,0.0716
v1|227421545907|0,A Merry Christmas With Engelbert Humperdinck LP Epic NM In shrink play tested,4.00,0.0716
v1|236924324438|0,MCA Sound Conspiracy 1971 Rock LP Various  Glass Harp Chelsea Peter criss kiss,15.00,0.0716
v1|398140695709|0,Olivia Newton-John – Come On Over - 1976 Vinyl LP Record MCA-2186,6.00,0.0716
v1|198483558613|0,"MERLE HAGGARD and GEORGE JONES ""A TASTE OF YESTERDAY'S WINE"" vinyl LP 1982 ",9.99,0.0716
v1|287451150230|0,"The Stargazers – South Of The Border With Original Cover ""  DECCA Lp Exc UK",19.00,0.0716
v1|198483681675|0,STEVIE RAY VAUGHAN LP Couldn't Stand The Weather 1984 Epic  vinyl,11.37,0.0716
v1|358758421229|0,LINDA RONSTADT - Greatest Hits - 1977 RE Textured Gatefold - Asylum 6E-106 EX/EX,10.00,0.0715
v1|236923917459|0,Terry Talbot  (On The Wings of The Wind) LP CCM 1982,0.99,0.0715
v1|358768850140|0,"Weird Al Yankovic – ""IN 3-D"" (1984) – Clean rare Promo Run",40.00,0.0715
v1|298488946197|0,"SCHUBERT: ""TRAGIC ""  SYMPHONY , SIR ADRIAN BOULT, WALTER GOEHR, LONDON SYMPHONY",0.99,0.0715
v1|168521347453|0,Janis Joplin Pearl Vinyl LP Columbia KC 30322 Rock Blues 1971 Record,24.99,0.0715
v1|327247231315|0,Sherman Arnold Tribute To Elvis Live LP Red Rum Signed Rare,35.00,0.0714
v1|327250832449|0,LITTLE JUNIOR'S BLUE FLAMES SUN 187 78RPM RARE 1953 SHELLAC!!!! FILLER COPY!!,33.00,0.0714
v1|117290293771|0,"Asia ""Asia"" Self Titled 1982 Geffen Records Vinyl Record Album LP - GHS 2008",8.00,0.0714
v1|168521204121|0,"JERRY LEE LEWIS LP 12"" 1970 SHE EVEN WOKE ME UP TO SAY GOODBYE VINYL VG",10.00,0.0714
v1|377328730179|0,NICE LP Authorized Signature Carl Orff Carmina Burana Record 6G27,29.99,0.0714
v1|168521730751|0,"JACKIE MOORE~""SWEET CHARLIE BABE""~Orig. 1973-FUNK~SOUL~R&B~7'' 45rpm~45-2956~VG+",0.99,0.0714
v1|198483124330|0,A GATHERING OF FLOWERS THE ANTHOLOGY OF THE MAMAS & THE PAPAS DOUBLE LP VINYL,15.00,0.0714
v1|307047987438|0,120 music masterpieces Columbia house S2S5630 stereo LP,2.00,0.0713
v1|327252359751|0,Depeche Mode: A question of lust (C Bong 11) Special Maxi-single 45 M/NM-flawles,86.99,0.0713
v1|407056434990|0,The White Stripes Greatest Hits Vinyl Record - Third Man Records Rock Sleeve,20.00,0.0713
v1|198481064578|0,"THE BEACH BOYS IT'S A BEAUTIFUL DAY 45 7"" NM NEAR MINT US CARIBOU PROMO VINYL",5.98,0.0713
v1|278154810247|0,"EARTH, WIND & FIRE WITH THE EMOTIONS - BOOGIE WONDERLAND COLUMBIA 12""",6.00,0.0712
v1|158066562874|0,THE BIG BAND ERA VOLUME 10 LP  (22c),4.00,0.0712
v1|318512750931|0,Al Green – The Belle Album - US LP 1977 STILL SEALED,4.99,0.0712
v1|366528968761|0,"Paul Winter LP ""Common Ground"" NM BX5",3.00,0.0711
v1|158066471728|0,RICKY SKAGGS - HIGHWAYS AND HEARTACHES - LP (14b ),9.00,0.0711
v1|168523046580|0,Jesse Winchester Nothing But a Breeze 1977 Vinyl LP VG+/EX/NM Ultrasonic Clean,7.99,0.0711
v1|278164415158|0,Rafael Mendez Trumpet Extraordinary vinyl LP ,4.00,0.0710
v1|358755457700|0,"Snowflakes Are Dancing by Isao Tomita (Record, 2022)",4.99,0.0710
v1|188613106585|0,Neil Young--Comes A Time--1978 LP--Reprise MSK 226-- Excellent,6.50,0.0710
v1|206400978328|0,"Nas Nastradamus 12"" Vinyl Single Columbia 1999 Hip-Hop Black 33 RPM (radio edit)",15.00,0.0710
v1|318512910505|0,George Benson – Breezin' - US LP 1976,4.99,0.0710
v1|366532695717|0,Patti LaBelle - Feels Like Another One - Used Vinyl Record 12 - B5628z,4.00,0.0709
v1|178292492680|0,"What About Me? [LP] by Kenny Rogers (Vinyl, RCA Records USA)",4.99,0.0709
v1|287445892279|0,Captain & Tennille Vinyl Record Make Your Move - LP,3.79,0.0709
v1|267720628752|0,Al Martino Daddy's Little Girl Vinyl LP Capitol Records ST-2733 Stereo Pop Vocal,1.75,0.0708
v1|178291568781|0,Grateful Dead - Blues For Allah Vinyl,40.00,0.0708
v1|198483117873|0,Eric Burdon And War The Black-Man's Burdon LP   MGM 2 Record Set With War Bond,20.00,0.0708
v1|307048545279|0,"Van Halen, Women And Children First, 1980, HS 3415, VG+/VG+",10.00,0.0708
v1|377326477844|0,The Best Things In Life Are Free LP 1956 Soundtrack 1st Pressing! Lionel Newman,9.99,0.0707
v1|318567321430|0,Rosicrucian Vinyl Record 3LP Lot Occult Esoteric Mysticism Cosmic Consciousness,85.00,0.0707
v1|398153384317|0,"Mystic Moods - Being With You 33rpm 12"" LP",1.68,0.0707
v1|800304729530|0,"Brenda Lee Sweet Nothin's / Weep No More My Baby 7"" 45 Decca 9-30967",4.00,0.0707
v1|117289791433|0,"DAVE HOWARD SINGERS YON YONSON  HARD TO FIND VINYL 12"" HEY- WHAT'S YOUR NAME!",9.99,0.0707
v1|198483583749|0,CREEDENCE CLEARWATER REVIVAL  LP Gold  1972  Fantasy RE   vinyl,13.60,0.0706
v1|407056055769|0,Abigor Nachthymnen (From The Twilight Kingdom) Gold Vinyl LP,99.99,0.0706
v1|147424506554|0,Spirit Spirit of 84 Stereo Vinyl LP,36.00,0.0706
v1|307042938480|0,"Various “Song Of Norway” Mono Vinyl=VG:VG+ 12"" LP Record Stage & Screen,Operetta",4.50,0.0706
v1|298489022828|0,"RARE GOGI GRANT ""JOHNNY'S DREAM""45RPM ACETATE 4/5/63 EXC",80.00,0.0706
v1|257604982156|0,"METALLICA 3 Lot 1983 Kill Em All, 1984 Ride the Lightning, 1986 Master o Puppets",320.00,0.0706
v1|198475228909|0,Armored Saint ‎– Delirious Nomad heavy metal Vinyl Lp,35.00,0.0706
v1|147423738738|0,THE VERY BEST OF JUDY GARLAND ~ LP Vinyl MGM SE-4204 BEAUTIFUL CONDITION RARE,1.99,0.0705
v1|318558774170|0,"""Annie's Song""  ""Cool An' Green An' Shady""  John Denver  45 RPM",1.10,0.0705
v1|278154810021|0,"BAR-KAYS - BANGING THE WALLS MERCURY 12""",8.00,0.0705
v1|158063970045|0,Cashman & West – “A Song Or Two” - SJSL-5077 LP NM Awesome Condition & Deal!,4.00,0.0704
v1|377325827866|0,Songs Of Ukraine Girls Bandurist LP Album 33 1/3 ,6.40,0.0704
v1|227424326310|0,New york hardcore Where The Wild Things Are,30.08,0.0703
v1|267720719980|0,Judy Garland Greatest Performances -- Mono AH11 -- Ace of Hearts Records - Decca,10.99,0.0703
v1|188601131209|0,"Duran Duran ""Union Of The Snake"" Rare 12"" Promo of this trac. + bonus and single",4.00,0.0703
v1|318544420693|0,GORDON BOK   Bay Of Fundy   '75  Folk-Legacy  LP  Booklet  Ann Mayo Muir  VG+,4.00,0.0703
v1|377326634569|0,"UK Ronco LP ~ 20 ROCK LEGENDS Deep Purple,Jimi Hendrix,T Rex,The Who,Status Quo+",19.95,0.0702
v1|158066465435|0,SOUNDTRACK DESIRE- LP SNTK #2,4.00,0.0702
v1|298487538464|0,Tony Orlando & Dawn     12-LP's       NM or as Described       CHOOSE Any 5 LP's,22.00,0.0702
v1|168521574553|0,The shindigs Vic Fontaine baby what’s your name Rotate Records VG￼garage promo,11.11,0.0701
v1|407058170805|0,"Schubert - The ""Trout"" Quintet Adagio & Rondo concertante for Piano and Strings",5.00,0.0700
v1|188616032490|0,Hoyt Axton A Rusty Old Halo 1979 Vinyl LP ,2.50,0.0700
v1|318558821229|0,Ravi Shankar Sound of the Sitar LP WPS-21434 World Pacific Stereo,10.00,0.0700
v1|800305592375|0,The Caroleer Singers : Rudolph The Rednosed Reindeer (LP Vinyl) Diplomat Records,0.25,0.0700
v1|278170810571|0,Joan Armatrading- 2 LP Lot Folk - To The Limit- Self Titled Vinyl Records,3.99,0.0700
v1|147424506644|0,"Jo Jo Gunne  ""So...Where's The Show?"" Asylum 1974 7E-1022  Stereo Vinyl LP",40.00,0.0700
v1|336677363941|0,"Victor 27491-A/27491-B Charles Magnante Amapola / La Paloma 10"" 78 RPM",3.20,0.0699
v1|358768744854|0,"Vintage Meco - The Wizard Of Oz LP (1978), Millennium, #MNLP-8009 VG+/VG+",10.00,0.0699
v1|147423279135|0,JACKSON BROWNE  RUNNING ON EMPTY   LP Vinyl Record Vintage + 8-page Insert,19.00,0.0699
v1|158066473592|0,DIANA ROSS - BABY IT'S ME - LP (18a),7.00,0.0699
v1|158066465618|0,SOUNDTRACK - MAN ON FIRE - LP SNTK #11,20.00,0.0699
v1|168526681999|0,AC/DC 1981 Record Vinyl 'For Thos About to Rock - We Salute You' - SD 11111,19.99,0.0699
v1|198475840760|0,"Jim Croce – Time In A Bottle / Hard Time Losin' Man - 1973 - ABC-11405 7"" Single",4.80,0.0699
v1|336677350568|0,Ace-Hi 1011 Kathryn Steele Till I Waltz Again With You / Keep It A Secret,1.00,0.0699
v1|377332088741|0,"Puff Daddy The Benjamins Vinyl 12"" Single Bad Boy Entertainment Rap Hip-Hop",8.88,0.0699
v1|158064838524|0,U2 - The Unforgettable Fire Vinyl LP Album 1984 Rock Island VG,7.50,0.0698
v1|168521643153|0,Pink Floyd Dark Side Of The Moon 1973 LP Vinyl Fair SMAS-11163 Both Posters,44.99,0.0698
v1|398161383303|0,1987 BRYAN ADAMS INTO THE FIRE VINYL LP ALBUM A & M RECORDS SP-3907 NEAR MINT,10.99,0.0698
v1|318554965948|0,RONNIE MONTROSE OPEN FIRE original US vinyl LP,3.00,0.0698
v1|158066591667|0,CHARLIE RICH - LP (29b),5.00,0.0697
v1|158066588003|0,CHARLIE RICH - LP (29b),5.00,0.0697
v1|137493355094|0,John Denver Vinyl Record LP Rocky Mountain High RCA Victor LSP-4731 1972,5.99,0.0697
v1|127962775766|0,the lovin spoonful 33 rpm record lp hums of the lovin/very good minus,2.80,0.0697
v1|178291637757|0,Mudhoney Every Good Boy Deserves Fudge Picture Disc Signed and #ed,100.00,0.0697
v1|377326372701|0,"Salt-N-Pepa None of Your Business Vinyl 12""  Hip-Hop Next Plateau - 6 Albums",28.00,0.0697
v1|358755572050|0,MIDNIGHT MOVERS UNLTD. - FOLLOW THE WIND RENEE 45,3.00,0.0697
v1|318555408552|0,Ed Sheeran Subtract LP Exclusive Barnes And Noble,8.00,0.0697
v1|206401469252|0,Loverboy Keep It,4.99,0.0696
v1|287447564483|0,Hank Thompson & Brazos Valley Boys 1000 And One Nightstands LP Vinyl Churchill,10.00,0.0696
v1|178292351138|0,GLORIA GAINER-NEVER CAN SAY GOODBYE-1975 PARTIALLY MIXED BEAUTIFUL VINYL LP,17.99,0.0696
v1|307048564779|0,"Fleetwood Mac, Tusk, 1979 Double Lp, Winchester Press, VG+VG+",13.00,0.0696
v1|168521698837|0,"Britney Spears Me Against The Music (Remixes) ft Madonna 12"" Vinyl",8.50,0.0696
v1|168522401079|0,Helmut Zacharias - Blue Blues / When The White Lilacs Bloom 1956 EX,2.65,0.0696
v1|377332076332|0,"Petey Pablo Freek-A-Leek Vinyl 12"" Single Promo Jive Hip-Hop 2004 JDAB-57845-1",8.25,0.0696
v1|227421062520|0,The Golden Horn Of Jack Teagarden Vinyl LP Decca DL-74540 Record,4.99,0.0696
v1|227421062520|0,The Golden Horn Of Jack Teagarden Vinyl LP Decca DL-74540 Record,4.99,0.0696
v1|127963616674|0,Alter - Trial by Jury 7” Vinyl  Hardcore Punk Music,10.00,0.0695
v1|158066726704|0,Hank Crawford - Cajun Sunrise - Vinyl LP Kudu 39 Excellent,5.00,0.0695
v1|298488772550|0,MANFRED MANN EARTH BAND LP-The roaring Silence BS 2965,9.99,0.0695
v1|278162996112|0,Rolling Stones Emotional Rescue LP 1980 Presswell COC 16015 VG Original US,14.99,0.0695
v1|358768774807|0,"Van Halen – ""Women And Children First"" (1980) –w/Giant David Lee Roth Poster",85.00,0.0695
v1|227421281660|0,ROY BROWN The Blues Got Me Again / Boogie At Midnight DELUXE 78 RPM SHELLAC USED,5.00,0.0695
v1|236917089929|0,JAMES TAYLOR LP / A PAPA LE GUSTA SU TRABAJO / GRADE VG+,5.00,0.0695
v1|267720805553|0,"Rosanne Cash ""Somewhere in the Stars"" vinyl - 1982",5.00,0.0694
v1|318554885232|0,"Green Day Painted Record, American Idiot, Boulevard of Broken Dreams",20.00,0.0694
v1|147416182972|0,Londonderry Air Best Loved Famous Music 27260 Record,0.01,0.0694
v1|358755572598|0,DORSEY BURNETTE - CASTLE IN THE SKY REPRISE 45 WL PROMO,50.00,0.0693
v1|298488774023|0,Lot of 6  NEIL DIAMOND LP -STONES/September Mom/Hot August NightYou Don't Bring,15.00,0.0693
v1|398152280617|0,Foghat - Stone Blue Vinyl LP Record,7.99,0.0693
v1|168521691892|0,The Kingston Trio College Concert Vinyl LP Record Untested ,8.99,0.0693
v1|398150732107|0,"Valotte [LP] by Julian Lennon (Vinyl, Atlantic USA)",3.00,0.0693
v1|336677095646|0,LP WILLY QUINTERO Y SU COMBO  LA CABULLERA DARK LBL CUMBIA VG++,19.99,0.0693
v1|236923945339|0,J Dilla - Ruff Draft Vinyl LP Album,25.00,0.0693
v1|206402948102|0,"Bonnie Tyler Lot of Two 7"" Singles Gold Wax If I Sing Promo Loving You Dirty Job",10.00,0.0692
v1|137492497890|0,Smoky Robinson Anthology LP,50.00,0.0692
v1|307047767108|0,Gertrude Lawrence - Gertrude Lawrence - Vinyl LP,16.79,0.0692
v1|267720761007|0,The Moody Blues Seventh Sojourn ths 7 vinyl lp 1972,2.50,0.0692
v1|336678234034|0,It Dies Today The Caitiff Choir / Forever Scorned  Blue & Gray 2 x 12” LP Vinyl,129.99,0.0691
v1|298490249182|0,Captain Beefheart LP And The Magic Band Clear Spot MS 2115 Reprise Vinyl,12.99,0.0691
v1|377332083226|0,Nate Dogg Jermaine Dupri Your Woman Has Just Been Sighted Vinyl Record,11.21,0.0690
v1|307047973876|0,"Billy Joel, Cold Spring Harbor, 1983 Reissue, Carrolton Press, VG+, VG+",20.00,0.0690
v1|298488946356|0,"1962-NICHOLAS ANDRIANO PRESENTS "" MUTINY ON THE BOUNTY "" , 12"" DIPLOMAT RECORD",0.99,0.0690
v1|366528305302|0,HANDEL-RINALDO-HORNE-FOSTER-ORIGINAL VOCE 3-LP VINYL BOX SET-VINTAGE-USED,15.00,0.0690
v1|158054564395|0,"Virginia Eskin, Piano plays music by Boulanger, Chaminade & Tailleferre LP",21.00,0.0689
v1|398151684194|0,BOOTS RANDOLPH-YAKETY SAX,0.99,0.0689
v1|298488774820|0,THE GOLDEN GREATS LP Album,4.99,0.0688
v1|398150161261|0,"78rpm 12"" V-Disc #375 Glen Gray and Mary Lou Williams",15.99,0.0688
v1|407055537538|0,"MAYNARD FERGUSON AND HIS ORIGINAL DREAM BAND-ARTISTRY 104, LIVE 1956",10.98,0.0688
v1|236917087074|0,BILLY SWAM / I CAN HELP LP (1974) GRADE (E) Excellent ,5.00,0.0688
v1|168521711100|0,"EDDIE FLOYD~""IF YOU REALLY LOVE ME""~Orig. 1977~FUNK~SOUL~R&B~7'' 45rpm~73964~M-",0.99,0.0688
v1|318515296139|0,Cheap Trick – Cheap Trick At Budokan - US LP + Booklet Gatefold 1978,4.99,0.0688
v1|127962538307|0,JACK BLANCHARD/MISTY MORGAN NOVELTY - COCKROACH STOMP -M-,8.00,0.0688
v1|188617017828|0,"HEAR👂George Lewis Milenberg Joys Two Jim Blues Climax 102 Blue Note 12"" 78 RPM",14.99,0.0687
v1|127963614151|0,The Nutz Hardcore Punk Vinyl,12.00,0.0687
v1|257610928121|0,ANDY WILLIAMS. BUTTERFLY/IT DOESN'T TAKE VERY LONG CADENCE 1308 W/ORIG. SLEEVE,5.99,0.0686
v1|236923769309|0,"Sunflower Organ Music of J.S. Bach 12"" Vinyl LP 33RPM SUM 5090",3.24,0.0686
v1|278163002209|0,"MARGRIT WEBER LP: Rachmaninoff et al, Fricsay, RSO Berlin 138 710",5.25,0.0686
v1|147422708834|0,"The Akins , Travis Traveling Show",5.00,0.0686
v1|147424856177|0,"Drink Up & Go Home by Good Old Boys (Record, 2019)",10.00,0.0686
v1|407058193650|0,Fred Waring and the Pennsylvanians - All Through The Night  Record Album VG / VG,5.00,0.0685
v1|158064386959|0,David Bowie - Tonight - 1984 EMI America SJ-17138 (w lyric sleeve)  Tested,10.00,0.0685
v1|168522645460|0,1988 Beatles Picture Disc Single Lady Madonna and The Inner Light  MINT,35.00,0.0685
v1|318551523771|0,"THEME FROM SUPERMAN THE MOVIE 1978 45 7"" NM NEAR MINT US WB PROMO VINYL w/PS",5.98,0.0685
v1|298490599812|0,Faron Young      18-LP's        NM or as described       CHOOSE Any 5 LP's,22.00,0.0685
v1|287447114928|0,Fresh Out of Borstal LP RCA LSP-4328,12.00,0.0684
v1|137493355113|0,"Bert Kaempfert ""The Magic Music of Far Away Places"" (VG+) DL4616 LP VINYL RECORD",1.99,0.0684
v1|178292222583|0,"RCA VICTOR LP Record, Franz, Hertzman ,German Dinner Music, VG ",1.00,0.0684
v1|298498812369|0,Cheech and Chong Big Bambu Vinyl LP Gatefold 1972 Ode Records SP 77014 VG+,10.00,0.0684
v1|168527568124|0,TAS Chesky CR2 Earl Wild Rachmaninoff Piano No. 2 Royal Horenstein 1986 NM,8.50,0.0684
v1|168526742529|0,Edgar Winter Group-They Only Come Out At Night Vinyl LP KE 31584 VG+ CONDITION,9.99,0.0684
v1|178292410894|0,Jorge Santana - Self Titled - 1978 Promo Vinyl LP - Tomato Tom 7020,12.00,0.0684
v1|257611012202|0,"INK SPOTS,  ALBUM AN EVENING WITH JIM NABBIE’s. Autographed Cover By BILLY BYRD￼",35.00,0.0684
v1|178293823737|0,808 State 90 Vinyl,30.00,0.0684
v1|267720610886|0,Mike Bloomfield / Al Kooper / Steve Stills - Super Session - Vinyl CS 9701,2.97,0.0683
v1|278153900282|0," Nicolas Slonimsky, Nancy Bramlage, Jerome Kessler ‎– Studies In Black LP",365.00,0.0683
v1|206401195431|0," CARLEY SIMON COME UPSTAIRS Vinyl Lp Record ",4.99,0.0683
v1|336677303537|0,Signature 15074 Larry Douglas The Things We Did Last Summer / A Gal In Calico,1.00,0.0683
v1|298488317596|0,Gracie Abrams The Secret of US Vinyl SIGNED Limited Yellow Edition,45.00,0.0683
v1|168522400869|0,Larry Williams - Short Fat Fannie/High School Dance 1957 VG+,2.65,0.0683
v1|158066461543|0,ILLYA DARLING ORIGINAL CAST   -LP SNTK #5,4.00,0.0682
v1|336677370582|0,"Signature 15012-B Johnny Bothwell Orchestra ""Street of Dreams"" Jazz Black",1.00,0.0682
v1|227421464578|0,Vivaldi  Concertos  Hogwood/AAM L'Oiseau-Lyre DSLO 544  NM,7.90,0.0682
v1|147424506770|0,New Riders/NRPS Stereo Vinyl LP MCA 2190 EX/NM,35.00,0.0682
v1|366528827927|0,DeBarge ~ Rhythm Of The Night/ Queen Of My Heart ~ Gordy 45 RPM Record,2.39,0.0682
v1|377326091234|0,ILLINOIS JACQUET Bottoms Up / Ghost Of A Chance APOLLO Jazz 78 RPM SHELLAC USED,5.00,0.0682
v1|206400833363|0,"Wayne Newton The Old Rugged Cross LP Vinyl 12"" Gospel Capitol Records",5.00,0.0681
v1|336676778086|0,"Eddie Condon & Bud Freeman, The Commodore Years DBL Record NRMT, Atlantic",9.00,0.0681
v1|127962382767|0,A-Ha 1985 Hunting High and Low Vinyl LP Warner Bros Records 1-25300 Excellent!,14.99,0.0681
v1|158063635920|0,"Beatles ""Let It Be"" sealed repress, late 1970's, cut corner, priced to go",20.00,0.0680
v1|287451329727|0,Vicente Feliú – Nueva Trova Cubana,19.00,0.0680
v1|178292225684|0,"Columbia LP Record, Handel Messiah. Leonard Bernstein, 2 Record Set, VG ",1.50,0.0680
v1|278150851362|0,"Venus And The Razorblades – I Want To Be Where The Boys Are, 7"" Import Single NM",9.00,0.0680
v1|178292374456|0,HUMS OF THE LOVIN SOOONFUL-1966 VINYL LP PLAY TESTED-NICE COPY USED,25.00,0.0680
v1|377326091270|0,LLOYD PRICE Oooh-Oooh-Oooh / Restless Heart SPECIALTY 1952 78 RPM VINYL USED,5.00,0.0679
v1|158070702798|0,"The System It's Passion 12"" single vinyl record",3.00,0.0679
v1|298479067322|0,Cowboy Songs Round the Campfire Albums Jim Robinson Vintage Collectible *as-is,5.00,0.0679
v1|188616355185|0,1957 Dot Records PAT BOONE vinyl album PAT'S GREAT HITS Very Good+ Sounds Great!,3.00,0.0679
v1|398150220136|0,"Vintage Vinyl Records Lot of 90 - Conway Twitty, Gene Pitney, Jim Reeves, more!",19.99,0.0679
v1|198483785170|0,Paul Stanley Paul Stanley Casablanca Rock LP Vinyl Stereo 1978 NBLP 7123,15.00,0.0677
v1|168521073862|0,DAVE CLARK FIVE-7'-PROMO 45-(THE RED BALLOON)-SAME SONG BOTH SIDES---EX,17.00,0.0677
v1|127962540997|0,SURF INSTRO - BEN VAUGH COMBO - VIBRATO IN THE GROTTO - w/Pic Slv -VG++,7.00,0.0677
v1|377327300868|0,"PIRATES OF THE CARIBBEAN You Won't Getaway 12"" LP AV8 Latin House Hip Hop",4.99,0.0677
v1|137492252198|0,The Magic Of Mario Lanza 1987 Double Vinyl LP,4.00,0.0677
v1|147427872025|0,Roger Miller Golden Hits 1965 1st Press Smash SRS 67073,6.99,0.0676
v1|168522401027|0,"Teresa Brewer - Goodbye, John / A Sweet Old Fashioned Girl 1956 EX",2.65,0.0676
v1|127962773375|0,Tom Petty - You're Gonna Get It -NM /VG+ 1978 Pop Rock Shelter DA-52029 Slev 1ST,9.38,0.0676
v1|358767990724|0,Art Garfunkel - Fate For Breakfast (1979) – WLP & Gold Stamp w/Timing Strip,45.00,0.0676
v1|278164402908|0,Marlene Dietrich - The Magic of Marlene SCX6402 Lp,4.60,0.0676
v1|168521522154|0,"Chick Keeney orchestra, black eyes rockin March felsted Records VG+ garage",11.11,0.0676
v1|147424506265|0,Roy Buchanan Live Stock tereo Vinyl LP EX/NM,40.00,0.0676
v1|236928399766|0,Italo Disco Donna Laser Orchestra Vega Synthauri 12” Single,29.99,0.0676
v1|307050082443|0,The Tortured Poets Department Vinyl Ghosted White 2 LP by Taylor Swift,25.00,0.0676
v1|236924868402|0,Kenny Rogers & The First Edition (Transition) LP,0.99,0.0676
v1|178293983697|0,stunning stone mint BEATLES Beatle Talk GNW4007 LP Vinyl 1978 Great Northwest,15.00,0.0675
v1|366528266367|0,mcguire sisters vinyl,2.00,0.0675
v1|158066465601|0,SOUNDTRACK -SNTK UNDER COVER-1a - LP SNTK #10,9.99,0.0675
v1|336673046587|0,Lot Of Blizzard Entertainment Vinyl Figures,0.01,0.0675
v1|267720710878|0,SDNC 5 Swedish N-1822 Cuirassiers Miniatures,5.00,0.0674
v1|377326130135|0,"Levon Helm And The RCO All-Stars 1977 Ptomo LP,ABC AA-1017. Rock The Band ,VG++",14.99,0.0674
v1|178282652992|0,Mario Lanza : 6 LP-Set ~ BE MY LOVE [Vintage Reader's Digest RDA-73 / 1968],8.00,0.0674
v1|287447114937|0,"Billy Idol-Whiplash Smile, 1986, Vinyl LP, Chrysalis Records, OV 41514, VG+",10.00,0.0674
v1|147422436349|0,C.S. Lewis CHRONICLES OF NARNIA Audiobook on vinyl LP Caedmon 1980 Books IV/V/VI,33.00,0.0674
v1|168520809567|0,Northern Soul 45 - J.J. Barnes - Won't You Let Me Know - Kable VG,46.04,0.0674
v1|188614792035|0,"LONDON DIGITAL AUDIOPHILE SPECTACULAR OF CLASSICAL FAVORITES, LP",6.89,0.0674
v1|358769629828|0,lp the adventures of the lone ranger,5.25,0.0674
v1|298489143399|0,The Chamber Brothers the Time Has Come Vinyl LP,24.95,0.0673
v1|318515808136|0,REO Speedwagon – A Decade Of Rock And Roll 1970 To 1980 - US 2LP + Booklet,4.99,0.0673
v1|168521015792|0,Barbra Streisand - Simply Streisand & A Star Is Born (Vinyl Records),2.00,0.0673
v1|358758630304|0,CLAUDINE LONGET - CLAUDINE A&M STEREO SP-4121 LP SHRINK,8.00,0.0673
v1|800304405418|0,Smothers Brothers “ The Songs And Comedies” Lp Vinyl Record,5.00,0.0673
v1|358770692213|0,Michel Corboz - Franz Schubert Stabat Mater LP Vinyl Record MHS 4239,4.00,0.0673
v1|358777468476|0,DREAMGIRLS Original Broadway Cast Album 1982 Geffen LP-GHSP 2007  VG+,3.99,0.0673
v1|158066763090|0,Lighthouse  Double LP/ One Fine Light / 1971 NM,4.99,0.0673
v1|358769451380|0,lp paul paray DSO wagner,5.00,0.0673
v1|307043263964|0,"Pete Seeger “Rainbow Race” Stereo Vinyl = VG 12"" LP Record C-30739 Folk",2.50,0.0672
v1|168522401057|0,Larry Clinton Orchestra Anne Lloyd - P.S. I Love You / Vaya Con Dios  1953 VG,2.70,0.0672
v1|227422524040|0,"Herb Alpert & the Tijuana Brass What Now My Love LP Vinyl 12"" A&M LP-114",5.09,0.0672
v1|137492005399|0,Barbra Streisand The Second Album 1963 Vinyl LP CS 8854 Mono,5.99,0.0672
v1|327252935240|0,The Beatles Rubber Soul 1965 1st Press Capitol T-2442 Better VG/Better VG,15.00,0.0672
v1|366528315729|0,Lynyrd Skynyrd Street Survivors MCA-3029 PRESSING Vinyl,675.00,0.0672
v1|318558933502|0,"OLGA PAVLOVA:  ""SINGS UKRANIAN SONGS"" Vol. 2  MONITOR Stereo",5.98,0.0671
v1|398150656938|0,Steppenwolf - For Ladies Only | 1971 vinyl-  no sleeve-vinyl very good,6.00,0.0671
v1|358756412581|0,Wagner-Parsifal-Goodall/Welsh-German EMI Angel DMM 5 LP Box Set with Booklet,5.00,0.0671
v1|358758630033|0,ERNEST TUBB - THE IMPORTANCE OF BEING ERNEST DECCA STEREO COUNTRY LP DG,12.00,0.0671
v1|377318770612|0,"RANDY CRAWFORD - CAJUN MOON BLUEMOON 12"" SHRINK",8.00,0.0670
v1|147423785473|0,Nutshell Believe It Or Not 1979 Vinyl LP,1.47,0.0670
v1|358770477771|0,Taylor Swift Red (Taylor’s Version) Vinyl 4LP 45RPM Red Unplayed,40.00,0.0670
v1|168521279397|0,Prism Small Change Vinyl LP,4.00,0.0670
v1|117294147528|0,Box set.3-Lp-Arkadia.G.Donizetti-Lucia Di Lammermoor-M.CALLAS. NM,6.99,0.0670
v1|298488773990|0,Sealed-1970 A TRecord of the Year Produced by CBS News LP Record,4.99,0.0670
v1|327251869868|0,"Miami Sound Machine Bad Boy 7""  Vinyl Single 45rpm Epic 34-05805 W/ Pic Slv",3.67,0.0669
v1|407055549883|0,LIONEL HAMPTON AND THE JUST JAZZ ALL STARS-GNP 15-CHARLIE SHAVERS WILLIE SMITH,10.98,0.0669
v1|168522400233|0,Bing Crosby - Silver Bells / That Christmas Feeling 1950 EX,2.65,0.0669
v1|198475783516|0,"Styx – Lady - 1974 - Wooden Nickel Records WB-10102 7"" Single",4.40,0.0669
v1|198483404878|0,Eddie Harris LP VJ 1081 Theme From Exodus MONO PROMO 1963,19.63,0.0669
v1|227421381164|0,Bluegrass Special Stripmine / Hangin’ Rock Jodell 9751 45rpm Record Vinyl 1975,9.99,0.0668
v1|358776885405|0,Rocker 45 - BILL JASON - This Must Be The Place / T'aint Right - Topsy VG++,9.98,0.0668
v1|358755567429|0,THE YOUNG RASCALS - GOOD LOVIN' ATLANTIC 45,6.00,0.0667
v1|158063593065|0,"LEO KOTTKE Greenhouse CAPITOL SN16065 (1979, Reissue) LP",6.00,0.0667
v1|366528607016|0,Rap Record Lot As-Is LPs Singles Vinyl Run-D.M.C Kool Moe Dee Kurtis Blow,20.00,0.0666
v1|236917261957|0,Gordon Jensen (Just in Time)LP CCM 1983,0.99,0.0666
v1|168521151989|0,Sidney Torch  Nola/ Ski High On Coral,15.00,0.0666
v1|398152846192|0,"Creedence Clearwater Revival-Cosmo’s Factory, 1970, LP, Vintage Blues, Rock",135.00,0.0666
v1|188612708314|0,"Misha Shufutinsky ""Escape""  Russian Emigrant LP Шуфутинский",165.00,0.0665
v1|127966287681|0,"45rpm – ABC AB-12462 Promo Stereo, Roy Head, Kiss You & Make It Better",2.95,0.0665
v1|178291637766|0,"UXA Illusions of Grandeur LP ( 2004, reissue)",20.00,0.0665
v1|168522400885|0,George Beverly Shea-Take Time to Pray/He Bought My Soul At Calvary EX,2.65,0.0665
v1|198487885780|0,The Ray Gunn Faze hard rock 1977 private 45 Itll Never be The Same Again,80.00,0.0665
v1|168522400698|0,1948 GRACIE FIELDS 78 - Now is the Hour/Come Back to Sorrento London VG+ 110,2.70,0.0665
v1|198483297500|0,Rick Astley Siempre Que Necesites a Alguien LP RCA 1988 Spanish Vinyl TLP-90082,18.00,0.0664
v1|127963270382|0,Jukebox 45 & Title Strip Merle Haggard Dealing With The Devil Cleaned Tested,2.49,0.0664
v1|287445363293|0,Mac Gayden- Skyboat EX/VG  Clean 1976,2.43,0.0664
v1|178282614628|0,The Longines Symphonette Society Evening Serenade 6 LP Set  in original box,10.94,0.0664
v1|206400582166|0,"Kiddie Pop Parade, Children's LP Vinyl, Happy Time HT-1014 Tested",9.99,0.0663
v1|318556682483|0,BILL COSBY IS A VERY FUNNY FELLOW RIGHT! VINTAGE VINYL RECORD ALBUM LP33 W1518,1.40,0.0663
v1|398151349993|0,2 -dr hook vinyls ,10.00,0.0663
v1|147422996991|0,"Junta [Deluxe LP Edition] by Phish (Vinyl, Apr-2012, Jemp Records)",75.00,0.0663
v1|307048347575|0,Hoagy Carmichael - The Stardust Road - Vinyl 10” EP,4.00,0.0663
v1|206401571499|0,Godfrey Cambridge Toys With The World Vinyl Record 1966 FLM-13108 EPIC,6.50,0.0663
v1|127962750998|0,"Gene Autry ""Bear Cat Papa Blues,"" Gennett masters on Decca 5488, 1931",14.99,0.0663
v1|358777624254|0,Billie Holiday Lady Sings The Blues Verve MGV 8099 Barney Kessel Kenny Burrell,5.99,0.0663
v1|298488986077|0,Sally: The Runaway Monkey by Ethel Maxine Neff Record,5.00,0.0663
v1|298488606334|0,30 Piano Favorites LP by  Steve Davey  Wyncote  W-9096 Vinyl 1964,1.99,0.0663
v1|287451122149|0,Harry Belafonte At Carnegie Hall 2 LP RCA LSO 6006 GERMANY LIVING STEREO Exc,20.00,0.0662
v1|188613351108|0,Brightest Stars of Christmas Vinyl LP 1974 RCA ‎For J.C. Penny 1974 Hollywood,3.84,0.0662
v1|188613275711|0,"Phil Collins ""In The Air Tonight"" 45",10.00,0.0662
v1|287445528372|0,SKIP & FLIP (I'LL QUIT) CRYIN' OVER YOU/CHERRY PIE BRENT VINYL 45 54-185 VG+,1.99,0.0662
v1|327247914194|0,"Sandi Patti - (Lot Of 2) ""LP's"" Love Overflowing & The Gift Goes On",4.00,0.0662
v1|267720796651|0,LEN BARRY 1-2-3 MONO VINYL LP DL-4720 DECCA RECORDS VINTAGE  VG+/VG,5.00,0.0662
v1|318556417306|0,"Al Jolson-April Showers, Swanee/California, Here I Come, Rock a Bye EP 45rpm",12.00,0.0661
v1|168522400859|0,Tennessee Ernie Ford-That's All / Bright Lights and Blonde-Haired Women  1956 VG,2.65,0.0661
v1|168521173482|0,"Bridge of Sighs by Robin Trower (Record, 2010)",14.99,0.0661
v1|117293898831|0,"Neil Young, Original Soundtrack Recording Journey Through The Past 1972 WB",10.00,0.0661
v1|206401176041|0,"1978 Donna Summer ""Live and More"" 33 RPM 12"" Vinyl Double Album LP ",4.99,0.0661
v1|168522400966|0,Dave Gardner - White Silver Sands / Fat Charlie  1957 VG+,2.65,0.0661
v1|257611233684|0,Cream LP 1967 Fresh Cream Stereo ATCO,14.00,0.0661
v1|800305587511|0,GARTH BROOKS LP In Pieces 1993  Pearl  RE country  vinyl,10.00,0.0660
v1|336677692613|0,"Kim Fowley - I'm Bad, 1972 7"" promo single, Rock, Pop Rock, Glam.",7.00,0.0660
v1|307042570471|0,Dan Hartman 45RPM “I Can Dream About You” 1984 80s Pop Rock 7” PROMO Vinyl NM,3.00,0.0660
v1|206402363622|0,"R&B  SOUL  Junior Wells ""You Oughta Quit That""",30.00,0.0659
v1|298490566780|0,Wayne Newton       25-LP's         NM or as Described       CHOOSE Any 5 LP's,22.00,0.0659
v1|358755572650|0,ANA - BEFORE I JUMP PARC MODERN SOUL 45 WL PROMO PICTURE SLEEVE,8.00,0.0659
v1|298487712541|0,Reagan Era HC Genetic Control record hardcore punk Reagan Era HC label,35.00,0.0659
v1|147427855275|0,"The 5th Dimension ""Love's Lines, Angels & Rhymes"" 1971 1st Press Bell-6060",5.99,0.0658
v1|188616749091|0,"Michael Jackson Off The Wall LP Album from 1979 in NM Condition, Early Pressing",200.00,0.0658
v1|188617026175|0,DISNEYS BAMBI PICTURE DISC  STORY & SONGS - DISNEYLAND RECORDS  3108 1982 tested,17.25,0.0657
v1|137484196327|0,Noel Paul Stookey Band & Bodyworks lp + Bonus,6.99,0.0657
v1|206401353330|0,"JOAN JETT I Love Rock 'n Roll NB711135 7"" 45rpm Vinyl",9.00,0.0657
v1|398152841154|0,"The Beatles - White Album, 2 LP, 1968, SWBO-101, Numbered (A1504444), Rock, Pop",625.00,0.0656
v1|236929488325|0,Italo Disco Martinelli Cenerentola (Remix) 12” Single,14.99,0.0656
v1|366529356407|0,Gregory Perkins Bowen I Made It LP (1983) SS2001,11.95,0.0656
v1|327251522011|0,"Lionel Richie Can't Slow Down LP Motown Vinyl 12"" 33 RPM Pop Stereo",1.80,0.0655
v1|168522400371|0,The Chordettes – Lay Down Your Arms / Teen Age Goodnight 1956 EX,2.65,0.0655
v1|407056407266|0,LYNN ANDERSON ~ A WOMAN LIVES FOR LOVE ~ KH 30760 ~ 1971 ~ LP,1.11,0.0655
v1|307048571925|0,Stealers Wheel 45RPM “Star” 1974 70s Classic/Pop Rock 7” Vinyl Pic Sleeve NM!,3.00,0.0655
v1|407058163454|0,Rusty Warren - SEX-X-PONENT   LP Vinyl Record Album Jubilee JGM 2054   VG / VG+,5.00,0.0655
v1|198483548958|0,THE CARS  LP 1st  Album 1978  Elektra  vinyl,8.00,0.0654
v1|336681194098|0,"1941 Count Basie OKEH 78RPM ""PLATTERBRAINS"" & ""I Struck A Match In The Dark""",7.29,0.0654
v1|206401690313|0,Barbara Streisand - Butterfly (1974) - Columbia Records PC33005,6.00,0.0654
v1|206401193603|0,Commodores 1979 Midnight Magic Vinyl Album LP ,4.99,0.0654
v1|188616434338|0,"LEON RUSSELL on LP "" LEON RUSSELL "" rock folk",9.99,0.0654
v1|327251985610|0,Disney Swiss Family Robinson & A Child's Garden of Verses - 2 Vinyl Albums,4.99,0.0654
v1|147416366624|0,RICKY SKAGGS 1982 Vintage Vinyl Record HIGHWAYS & HEARTACHES Album,7.00,0.0654
v1|278154791355|0,"BAR-KAYS - YOUR PLACE OR MINE MERCURY 12""",8.00,0.0654
v1|307048978381|0,"ALABAMA Mountain Music (1982) 12"" Vinyl Record LP VG +",9.99,0.0654
v1|147427843682|0,JOHN LENNON Mind Games 1973 NM/NM Capitol SN-16068,14.99,0.0653
v1|307048190567|0,Glenn Frey 45RPM “You Belong to the City” 1985 80s Miami Vice 7” Vinyl PS NM,3.00,0.0653
v1|178292728162|0,EDDIE MONEY Self-Titled Vinyl LP 1977 Columbia PC34909,10.00,0.0653
v1|318558406096|0,"Record-Albums, LP's-50's, 60's, 70's, 80's - Many to choose from.....",1.00,0.0653
v1|257612246354|0,CHAD & JEREMY - THE ARK (original Columbia label),19.00,0.0652
v1|318515805340|0,REO Speedwagon – A Decade Of Rock And Roll 1970 To 1980 - US promo only 2LP,4.99,0.0652
v1|318515805340|0,REO Speedwagon – A Decade Of Rock And Roll 1970 To 1980 - US promo only 2LP,4.99,0.0652
v1|267720734917|0,The Love Unlimited Orchestra Arranged / Barry White- Rhapsody In White- LP 1974,7.99,0.0652
v1|287451514400|0,"RARE 78 Bugs Bunny Meets Hiawatha with Mel Blanc - NO Sleeve, Vinyl Only",7.99,0.0652
v1|327252146425|0,JOHANN SEBASTIAN BACH THE SMITHSONIAN COLLECTION 9 LP BOX SET COMPLETE 9 LP MINT,19.00,0.0652
v1|158054564364|0,"Boismortier* - Robin Hendrich, Philip Kraft ‎– Sonatas For Flute And Harpsichord",24.00,0.0652
v1|336677152991|0,RICHARD BERRY & DREAMERS On FLAIR  1955 Original 45 Jelly Roll /Together  VG,23.24,0.0652
v1|158066461609|0,A TOUCH OF CLASS-  MUSIC SOUNDTRACK - LP  SNTK #1,4.00,0.0652
v1|398150277442|0,Bullfrogs & Butterflies Record - Candle / Agape Force Prep School,7.00,0.0651
v1|127962723809|0,luba 33 rpm record innocent with an explanation single/very good,2.40,0.0651
v1|358768275170|0,Freddy King I Hear Jingle Bells Federal F-12439 F-773 Vg— Rb Soul Blues 1975,3.00,0.0651
v1|127962636482|0,ROCKER -THE FOURMOST - I'M IN LOVE - Atco 6285 PROMO- VG+,8.00,0.0651
v1|267721316308|0,Lee Storm-A Side-Tornado-B Side-Lost Miner-1959-Ozark Recording-Miss Valley Pub.,22.99,0.0651
v1|327247005141|0,"Gene Pitney - Big Sixteen Volume Two ""LP""",1.50,0.0650
v1|127958512025|0,"Elvis Presley:12""LP Inspirations 1981 Vinyl NM Cover/shrink NM K-tel",15.95,0.0650
v1|287447115488|0,STEVIE NICKS Rock A Little USED 1985 LP Pop Rock Vinyl Record,7.00,0.0650
v1|227421480452|0,"Vtg In Trousers Marvin Ladies William Finn Starobin Vinyl Record LP 12""",200.00,0.0649
v1|168522706125|0,Cher “Bittersweet White Light” (1973) Original Vinyl LP MCA Records,5.00,0.0649
v1|267718249554|0,Edward R Murrow • I Can Hear It Now • 1933-1945 LP Vinyl • CBS News Columbia,2.99,0.0649
v1|358769284444|0,"JAZZ VINYL LOT: Mangione Live (2), Gerald Wilson, John Klemmer, Walter Wanderley",4.00,0.0649
v1|188624112100|0,Wishnik Troll LP WISHNIK Sing-A-Long Party LP 1966 Little World Records,7.00,0.0649
v1|236924987119|0,Walter CARLOS - Clockwork Orange / SEALED Warner LP BS 2573 / M/M '72 Gatefold,25.00,0.0648
v1|257612244597|0,CHAD & JEREMY - OF CABBAGES AND KINGS (original Columbia label),18.50,0.0648
v1|298487980468|0,"DOA- War On 45 ORIGINAL 1982 Alternative Tentacles 12"" Hardcore Punk EP",29.99,0.0648
v1|307042973386|0,"The Chipmunks, David Seville “The Chipmunk Songbook”  Vinyl=VG:VG+ 12"" LP Record",6.00,0.0648
v1|398159728178|0,"Classic Soul 7"" vinyl 60's 70's Lot Of 8 O’Jays Marvin Gaye Supremes Spinners",6.99,0.0648
v1|366522582903|0,Audiophile SHEFFIELD LAB LP EXCERPTS - ROMEO & JULIET Erich Leinsdorf LIMITED ED,24.99,0.0648
v1|198481294042|0,NANCI GRIFFITH LITTLE LOVE AFFAIRS LP NM NEAR MINT US MCA VINYL COUNTRY FOLK,9.98,0.0648
v1|298498790374|0,Glenn Miller Orchestra In the Digital Mood 1983 Vinyl LP GRP Records VG+,8.00,0.0648
v1|307048474844|0,"Arlo Guthrie Last Of The Brooklyn Cowboys Black Vinyl LP 12"" ",5.00,0.0648
v1|168522400558|0,Debbie Reynolds - French Heels / Tammy   1957 VG+,2.65,0.0647
v1|358758412825|0,"Sarah Vaughan - Send In The Clowns - 1981 ""Shrink"" - Pablo Today 2312-130 VG+/EX",15.00,0.0647
v1|168522400934|0,Julius LaRosa–Get Me To The Church On Time /I've Grown Accustomed To Her Face EX,2.65,0.0647
v1|206401447611|0,The Village People Vinyl LP Cruisin’ Album 1978 Casablanca YMCA ,4.99,0.0647
v1|168523063147|0,JOHN DENVER Spirit 1976 Vinyl LP APL1-1694 EX/NM Lyric Sheet Ultrasonic Clean,14.99,0.0647
v1|278163694466|0,Dragon Dreams of Ordinary Men ACETATE 12'' LP 1986 rare And 10” Single,200.00,0.0646
v1|407057707302|0,"Atlantic The Drifters ""The Bells of St. Mary's"" shellac 78 Single (1048)",18.00,0.0646
v1|158054372182|0,"Balakirev*, Medtner*, Igor Zhukov, The USSR TV And Radio Large Symphony Orchestr",15.00,0.0646
v1|336677402754|0,EFREM KURTZ Tchaikovsky: Suites from the Ballets | 3LP box set Seraphim SIC-6011,25.00,0.0646
v1|267720614598|0,The Steve Miller Band Living In The USA LP 1973 SF-719,2.07,0.0645
v1|407062273806|0,The Beatles Second Album Mono T-2080 1964 1st Pressing Capitol Records,500.00,0.0645
v1|137493355091|0,Vinyl LP Music for Listening and Dancing - John Senati & His Ochestra  -Pickwick,1.99,0.0645
v1|137493355084|0,Paul And: Paul Stookey - 1971 LP WS-1912 Vinyl Record - Warner Brothers Used,1.99,0.0645
v1|117295109066|0,"JIMI HENDRIX,THE CRY OF LOVE,TAIWAN PRESS",49.99,0.0645
v1|267720796648|0,HARPER'S BAZAAR Secret Formula For A Beautiful New You 1961 Vinyl LP Capitol NM,4.00,0.0644
v1|147424506396|0,Like New Record Parsley Sage Rosemary & Thyme by Simon & Garfunkel Stereo Vinyl,75.00,0.0644
v1|267720798057|0,"VINTAGE VINYL 45: CLIMAX ""Life and Breath / If it Feels Good Do It"" (1972)",2.00,0.0644
v1|358776744498|0,Little Miss (?) - Wail Of A Frail/Alma Triste - Rim 45 VG++ WLP PROMO 1959,39.98,0.0644
v1|188613012195|0,Converge Petitioning Forever LP Deathwish Red Transparent Vinyl,69.99,0.0644
v1|178294082429|0,TEX BENEKE w/Ray Eberle Marion Hutton Modernaires Reunion Vinyl LP MCA-1512,9.50,0.0644
v1|366528997351|0,Brylcreem Presents Sing Along with Connie Francis LP Vinyl Record,4.99,0.0643
v1|158066478398|0,THE VENTURES - BLUE CHATEAU - 45RPM - JAPAN ISSUE,5.00,0.0643
v1|137492980159|0,Bellini I Capuleti e i Montecchi Baker Patane 3 vinyl LP box set  Angel New Seal,14.99,0.0642
v1|158063673556|0,BLOCH/COPELAND Three Jewish Poems/Fanfare For The Common Man VSD-2085 (1961) LP ,8.00,0.0642
v1|158066726644|0,"The Moody Blues ""On The Threshold Of A Dream"" vinyl LP record  Ex",5.00,0.0642
v1|127962546065|0,RICHIE MORELAND - Please Don't Ask About Me - Picture 6969 - VG++,8.00,0.0642
v1|267720762448|0,Rod Stewart - Never A Dull Moment-1972 Blues Rock Mercury SRM-1-646,2.50,0.0642
v1|358767655855|0,CROSBY STILLS NASH & YOUNG - DEJA VU LP  GATEFOLD | ATLANTIC,6.99,0.0641
v1|287447113979|0,Rockpile – Seconds Of Pleasure 1980 Columbia  New Wave/Rock N Roll Vinyl LP VG++,7.00,0.0641
v1|800293796506|0,JOHN LENNON – Imagine & Double Fantasy – Pre-Owned Vinyl LPs in Great Condition!,5.00,0.0641
v1|377319835763|0,TONY BENNETT - TONY MAKES IT HAPPEN! COLUMBIA STEREO 2-EYE LABEL LP,5.00,0.0641
v1|336677640929|0,"Manfred Mann's Earth Band - Blinded by the Light, 1976 7"" promo single, Rock.",7.00,0.0641
v1|336677463410|0,"Autographed-The Girls Next Door The Girls Next Door 1986 MTM 12"" Vinyl ",11.00,0.0640
v1|336677326306|0,Vocalion 15901/15900 Willie John Dude's March / Monique Serdoz At the Ball,1.00,0.0640
v1|407056372251|0,That Old Time-Time Religion LP Vinyl Record Reader's Digest Box Set,7.50,0.0640
v1|267722798789|0,GREAT EARLY BLUEGRASS!  LONESOME PINE FIDDLERS  (RCA 20-5128) YOU LEFT ME TO CRY,2.50,0.0640
v1|127966287678|0,"LP 12 Columbia CS 1020 Jim Nabors, The Jim Nabors Hour & Tomorrow Never comes",2.95,0.0640
v1|318544139521|0,MAUREEN McGOVERN   The Morning After  '73  20th Century  LP  VG+,4.00,0.0640
v1|398151677381|0,CRYSTAL GAYLE-WHEN I DREAM,1.50,0.0640
v1|398150220162|0,"London Karl Richter Bach & Liszt Organ Recital LP Vinyl 12"" CM 9124",4.00,0.0640
v1|307043263095|0,"The Kendalls “Heart Of The Matter” Stereo Vinyl = VG++ 12"" LP Record Country,Pop",2.50,0.0639
v1|358769287874|0,"RIGHTEOUS BROTHERS  2 Vinyl: Give It To The People, One For The Road",3.00,0.0639
v1|168522400794|0,"Neil Diamond – Cherry, Cherry / I’ll Come Running – Bang Records - B-528 – 45RPM",2.70,0.0639
v1|168522400744|0,Pat Boone = Friendly Persuasion/Chains of Love 1956 VG+,2.65,0.0639
v1|227422551466|0,"A Family Christmas by Bocelli, Andrea - Vinyl Lp Pre-Loved Import UK",24.99,0.0639
v1|800303740235|0,Frank Zappa 1974 Apostrophe LP Record. Early Pressing . Very Clean - Vintage,17.50,0.0639
v1|147422702753|0,Luke Baldwin - The Tattoo on My Chest LP,8.00,0.0638
v1|358755572371|0,KELLY MARIE - RUN TO ME VANGUARD 45 PROMO,8.00,0.0638
v1|198476315375|0,Weather Report- 8:30 ARC PC2 36030 VG+/VG+ 2X Gatefold 1979,14.40,0.0638
v1|407056203543|0,"Spin-O-Rama A Tribute To Glenn Miller 12"" 33 RPM Black Vinyl LP S-83",8.00,0.0638
v1|377327404967|0,Angel Lehár The Merry Widow Angel 35033 Philharmonia Otto Ackermann Schwarzkopf,2.72,0.0638
v1|117285063848|0,"TRACY WEBER Sure Shot 5:46 b/w Sure Shot 7:18 1981 DEBUT 12"" Single RFC #QRFC005",5.99,0.0638
v1|800304338595|0,Fritz Reiner Hungarian/Slavonic Dances 1965 Vinyl LP London 15009Mint Condition,8.00,0.0637
v1|278170802608|0,JAMAICAN BOOGIE DISCO Shaving Cream 45 FABULOUS FIVE INC. Rahtid Reggae Label,3.55,0.0637
v1|127966310543|0,"BLODWYN PIG, Getting To This LP A&M / Chrysalis 1969, Monarch Gate Fold VG+/Good",7.85,0.0637
v1|287445836273|0,Aerosmith - Get Your Wings Vinyl LP Record 1974 Rock Columbia PC 32847,8.95,0.0637
v1|257610675444|0,Tommy James and The Shondells LP 1966 Mono Hanky Panky Roulette,8.00,0.0637
v1|366534459999|0,"RCA LSC-2312 JS Bach Cantatas #56,82 Robert Shaw Insert SD 4S 2S 1960 VG++",3.99,0.0637
v1|227421475022|0,JOHNNY AND THE HURRICANES  Red River Rock  NM/NM-  Fully Tested,9.90,0.0636
v1|168522400995|0,Galen Drake – What Is A Husband? / What Is A Wife?  1956 VG+,2.65,0.0636
v1|800304348258|0,Walt Disney's 3 Little Pigs 1968 Vinyl LP Disneyland DQ-1310,6.00,0.0636
v1|307048978550|0,"Bad Company Straight Shooter Swan Song 12"" 33 RPM Black Vinyl LP Rock Record",5.99,0.0636
v1|278163126978|0,BLOC PARTY The Prayer 7” Vinyl Single Vice PR 100110 2007 Promo Only,7.50,0.0636
v1|227421511018|0,"1971 PAUL WILLIAMS, JUST AN OLD FASHIONED LOVE SONG, A&M SP-4327 VINYL SOFT ROCK",2.75,0.0636
v1|158054564361|0,Denis Stevens conducts  Vespers of St Cecilia by A. Scarlatti,11.00,0.0635
v1|158063833507|0,Porter Robinson - Worlds 2x LP Album 2014 Astralwerks Records,19.99,0.0635
v1|178291637782|0,Jon Spencer Blues Explosion Extra Width Reissue Test Press  LP,85.00,0.0635
v1|178292413766|0,Lot of 2 Radio LP  -Remember the Golden Days of Radio and The Years to Remember,4.99,0.0634
v1|158070611297|0,"Culture Club Do You Really Want to Hurt Me and Love Is Cold 12"" single record",3.00,0.0634
v1|198482970353|0,Jackson Browne Original Master Recording LP The Pretender on MFSL,40.00,0.0634
v1|137484428749|0,Ray Repp Benedicamus The Song Of The Earth lp Gatefold K&S Records 1978 + Bonus,6.99,0.0634
v1|158064220095|0,"JUDY COLLINS, Colors Of The Day: The Best Of  Vinyl  LP NM + Poster Inside.",15.00,0.0634
v1|358755572266|0,BAR-KAYS - SOUL FINGER - VOLT 45,8.00,0.0634
v1|178292799659|0,"RCA VICTOR LP Record, Wayne King ,Waltzes you Saved For Me , VG ",1.25,0.0634
v1|287447194571|0,Nancy Sinatra These Boots Are Made For Walking/The City Never Sleeps at Night Ex,3.99,0.0634
v1|398151690897|0,The Beach Boys 20 Golden Greats LP Vinyl Import Stereo Capitol EMTV1,13.00,0.0634
v1|366522161790|0,Tom Jones – This Is Tom Jones - 1969 - Parrot PAS 71028 Vinyl LP Original,2.50,0.0633
v1|127962344182|0,"Bill Spivery & Sons of Truth Watergate Dee Jay 7"" Vinyl 45 RPM 32289 32290",0.99,0.0633
v1|198475497892|0,Mia Martini  Che Vuoi Che Sia... Se T'ho Aspettato Tanto italian pop lp,23.00,0.0633
v1|307048597147|0,"Halloween by John Carpenter (LP Vinyl, Orange & Black, Soundtrack)",131.00,0.0633
v1|168522401321|0,Tommy Sands - Sing Boy Sing / Crazy 'Cause I Love You   1958 EX,2.65,0.0632
v1|227421291448|0,MERRY MELODY SINGERS Golden Hits MERCURY Pop VG+ VINYL LP Record USED,5.00,0.0632
v1|307048187044|0,"Cesar Franck, Symphony in d minor LP Record Rotterdam Phil Orchestra c1974",0.99,0.0632
v1|398150839938|0,Billy Crash Craddock Changes LP Capitol ST 12054 in Great Shape VG+!!,2.80,0.0632
v1|407063416359|0,45 RPM Sons O Song KRYSLAR 5546 Laurie Lee BOPPER VG++,3.00,0.0631
v1|206400969732|0,Crosby Stills Nash Young Deja Vu 1970 LP Atlantic SD7200 Cover & Vinyl VG+,45.00,0.0631
v1|358769468783|0,lp Paul Paray DSO ravel rapsodie espagnole,5.25,0.0631
v1|366528398269|0,GARY BARLOW - OPEN ROAD - 21ST ANNIVERSARY EDITION - Like New,80.00,0.0631
v1|198483676505|0,Oscar Peterson Keyboard LP Verve DG - Klabin collection,12.00,0.0631
v1|198476315335|0,Wall of Voodoo- Ring of Fire/Morricone Themes- Index 12.001 EP 1982 EX/EX REMIX,21.60,0.0631
v1|127962542442|0,ROCKABILLY - WAYNE WORLEY - RED HEADED WOMAN - VG,7.00,0.0631
v1|158065300130|0,Carly Simon NO SECRETS 1972 Vinyl LP Album / Record  Elektra Records Stereo,2.00,0.0631
v1|236923953313|0,"Jimmy Buffett (Changes in Latitudes, Changes in Attitudes) LP 1977",0.99,0.0630
v1|358768341171|0,Cat Stevens Catch Bull At Four,15.00,0.0630
v1|267720796639|0,[ROCK/POP]~EXC LP~The MOODY BLUES~Out Of This World~[1979~K-TEL]~UK Import~,8.99,0.0630
v1|278156401687|0,PATTI PAGE - SAY WONDERFUL THINGS COLUMBIA STEREO CS 8849 LP,8.00,0.0630
v1|358769667455|0,lp del shannon jukebox greats,6.00,0.0630
v1|127963272235|0,Jukebox 45 & Title Strip Hooters And We Danced Cleaned Tested,2.49,0.0630
v1|168527356785|0,Janis Joplin -Cheap Thrills Big Brothef &The Holding Company Columbia Stereo  EX,18.00,0.0630
v1|158066762942|0,Woody Allen Stand Up Comic  NM 1979  2 LP's Album ,5.00,0.0630
v1|168521462569|0,U2 October Vinyl Record Lp,7.25,0.0629
v1|267720719899|0,The Smothers Brothers The Funny Side of the Smothers Brothers - Mercury SR-60777,5.00,0.0629
v1|236927924729|0,Italo Disco Kex Let’s Dance 12” Single (David Bowie Cover),4.99,0.0628
v1|127962319867|0,"Bach - A MUSICAL OFFERING  Yehudi Menuhin with Elaine Shaffer, Flute",0.99,0.0628
v1|366532707970|0,Vinyl Record LP Patti Labelle Patti VG,2.00,0.0628
v1|398150361270|0,Paul Simon - Hearts And Bones- Vinyl LP 1983 Warner Bros 1-23942 EX Record,10.00,0.0628
v1|188613925148|0,South of the Borders Viva Brass 5 LP Record Box Set Nora Morales & Toronadoes!!!,22.00,0.0628
v1|336677583347|0,John Reed&Friends-The Dillo Shall Rise Again Vinyl Armadillo World Headquarters,7.00,0.0628
v1|318556425179|0,Mt. Airy groove/ Please don't do this - Pieces of a Dream 45 rpm vinyl records,30.00,0.0628
v1|366528542765|0,1953-MUDDY WATERS-IM YOUR HOOCHIE COOCHIE MAN ORIGINAL 1953 PLAYS GREAT,149.99,0.0628
v1|366528542765|0,1953-MUDDY WATERS-IM YOUR HOOCHIE COOCHIE MAN ORIGINAL 1953 PLAYS GREAT,149.99,0.0628
v1|227421006126|0,Led Zeppelin III Vinyl LP (SD 7201) Atlantic Records Gatefold SPIN COVER ,10.50,0.0628
v1|398151925495|0,bill haley and his comets vinyl,10.00,0.0628
v1|278164806228|0,James Taylor In The Pocket Vinyl Record Original 1976 BS-2912,19.99,0.0628
v1|127962656240|0,SURF INSTRUMENTAL  -QUARTER-NOTES - FRANTIC FLIP -Imperial 5647 - VG+,8.00,0.0627
v1|358771020804|0,Wild Cherry – “Only The Wild Survive” (1979) – Triple Marked Promo,35.00,0.0627
v1|257611259393|0,"Grand Funk-Lot Of 2 Double Albums /LP's/Records- Live Album/ Mark, Don & Mel",7.99,0.0627
v1|147428217377|0,"1987 Rod Stewart – Twistin' The Night Away 12"" Single Vinyl Record",5.00,0.0626
v1|358777886145|0,Wurlitzer Organ Supreme Vinyl Records Jerry Burke Ken Griffin Hymns Of Gold Home,8.99,0.0626
v1|147423092299|0,Iron Butterfly - In-A-Gadda-Da-Vida - 1968 LP,3.00,0.0626
v1|366528628568|0,"Mika Miko Forensic Scientist 7"" Black Vinyl 45RPM Single P.P.M. No. 5",15.00,0.0626
v1|227416953476|0,Johnny Cash Vinyl Record Lot Columbia Two-eye 360 Sound San Quentin Greatest Hit,100.00,0.0626
v1|287451107579|0,Chess Original Cast Recording Double LP Vinyl 1984 RCA ABBA Tim Rice Musical,25.00,0.0626
v1|358770692773|0,VINTAGE The Heart of the Symphony - Victor Records - Victor Symphony  Orchestra,4.00,0.0625
v1|366528667592|0,THE NEW COMMANDER CODY BAND Rock n Roll Again LP 1977 AL4125 VG+/EX,0.99,0.0625
v1|407057028206|0,Alcatrazz - No Parole from Rock N Roll ~ Made in US Rocshire Records XR22016 ~,9.99,0.0625
v1|287445916765|0,"Mel McDaniel Let It Roll LP Vinyl 12"" Black Record Cardboard Sleeve",10.00,0.0625
v1|327251959014|0,"JOEY DEE AND THE STARLITERS Hey Let's Twist/Roly Poly 45 7"" ROCK Record Vinyl",1.50,0.0625
v1|168527357160|0,BOOGIE / DISCO-FUNK - KOOL & THE GANG - FRESH (REMIX) / FRESH DANCE MIX,8.00,0.0625
v1|168522400814|0,Johnny & The Hurricanes - Red River Rock / Buckeye  1959 VG+,2.65,0.0624
v1|188614197454|0,"OPENED- GRUNT RECORDS- JEFFERSON AIRPLANE ""Early Flight"" VINYL LP",5.00,0.0624
v1|168522400294|0,Jimmy Clanton- You Aim to Please / Just a Dream  1958 VG+,2.65,0.0624
v1|127962490754|0,Philco Stereo Party Volume IIVinyl Box Set Columbia Special Products 4/5 records,2.99,0.0623
v1|398150490550|0,"BILLY GOLDEN - Rabbit Hash - Negro Shout (1911) Ultra Rare 78 Rpm, Single-Sided",5.40,0.0623
v1|257611237436|0,Mystic Sampler #2 -1985 Mystic Records- Blue Vinyl,35.00,0.0623
v1|236923706424|0,"L'Oiseau-Lyre Gervase de Peyer Weber/Spohr Concertos 12"" Vinyl LP 33RPM",1.00,0.0623
v1|168520574372|0,Andre Kostelanetz & His Orchestra In Wonderland Golden Encores VG+/EX ULTRASONIC,9.99,0.0623
v1|800304409756|0,Bert Kaempfert & His Orchestra My Way of Life Vinyl LP,5.00,0.0622
v1|117290016447|0,STATE OF GRACE - Hello E.P. - 12 Inch Vinyl—limited edition promo USA Seller,20.00,0.0622
v1|366528285247|0,"Bellini, Callas, Filippeschi, Stignani, Rossi-Lemeni – Norma  3xLP BOX SET  VG++",10.00,0.0622
v1|407056705941|0,"Whitney Houston – My Love Is Your Love (Promo) 2x 12"" Prog House Jonathan Peters",9.99,0.0622
v1|287445293612|0," Music Lover? Captain Beyond vinyl 1972",45.00,0.0622
v1|206401532206|0,Uumans Flipping Out Vinyl 45 Near Mint When U Coming Out I Can’t Get Lost,5.00,0.0620
v1|137492005748|0,1972 LP Tom Jones “Close Up” Parrot Records XPAS 71055 Sleeve: VG / Album VG++,4.99,0.0620
v1|358755572127|0,THE YOUNG RASCALS - I AIN'T GONNA EAT MY HEART ANYMORE ATLANTIC 45,6.00,0.0620
v1|336677647382|0,"Eric Clapton - Bell Bottom Blues, 1972 7"" promo single, Rock, Blues Rock.",7.00,0.0620
v1|298488854139|0,"1977-CHIS WILLIAMSON, "" LIVE DREAM"", JACKIE ROBBINS, JUNE MILLINGTON, 12""",0.99,0.0620
v1|137493090439|0,Chris De Burgh Crusader Vinyl LP 1979,12.00,0.0620
v1|137499746918|0,"1984 The Style Council ‎– My Ever Changing Moods 12"" Single Vinyl Record",15.00,0.0620
v1|257611058981|0,LED ZEPPELIN - IN THE OUT DOOR - SS 16002 -  NM- FIRST EDIITION,15.99,0.0620
v1|178292413849|0,MORT SAHL lP Album-The Next President,4.75,0.0620
v1|236917084156|0,Quicksilver Messenger Service / Solid Silver LP,5.00,0.0620
v1|227401532375|0,Mother Earth Living With The Animals OG on Mercury Blues Rock TOP COPY! NM!,9.99,0.0620
v1|366528298421|0,PUCCINI La Boheme TOSCANINI - RCA VICTROLA 2xLP boxset,10.00,0.0620
v1|227422554776|0,BEYONCE  Cowboy Carter blue vinyl 2LP 'Beyince' - Pre-Loved VG++,33.49,0.0620
v1|307042564158|0,THE BEATLES: HEY JUDE LP.  Import. Factory ERROR,199.99,0.0620
v1|267720560515|0,"MYSTIC  A.R.T. PROD. 45  ""THAT'S THE KIND OF LOVE""/""JACKIE'S SONG""  Chicago Soul",100.00,0.0619
v1|336677709141|0,"Ian Matthews - Hearts, 1971 7"" promo single, Rock, Pop.",7.00,0.0619
v1|137484193840|0,Bruce Cockburn World Of Wonders lp + Bonus,5.99,0.0619
v1|267720641081|0,"Eric Carmen All By Myself/Everything Arista 7"" 45 AS 0165 (1975)",3.99,0.0619
v1|198482993583|0,Columbia Masterworks ML2052 Italian Operatic Arias Helen Traubel / EX,1.99,0.0618
v1|358756449286|0,Brendan Behan-THE HOSTAGE-Julie Harris/Garland-Stereo Columbia 3 LP Box Set,6.01,0.0618
v1|178291635816|0,Destroyer 666 - Defiance (Red Colored Record 2009) Black Death Metal,39.99,0.0618
v1|227421291442|0,DANDO SHAFT An Evening With DECCA 1970 Folk Rock LP VINYL Record ALBUM  USED,17.70,0.0618
v1|206393744100|0,Tony Astarita ‎– Serenata 'mbriaca italian folk Canzone Napoletana chanson LP,20.00,0.0618
v1|158065200873|0,SEALS & CROFTS SUMMER BREEZE LP Vintage Vinyl Record Album 1972 WARNER BROS,5.00,0.0618
v1|358756671006|0,Shakti with John McLaughlin,9.99,0.0617
v1|336677336412|0,"Musicraft 15046 Georgie Auld & His Orchestra ""Let's Jump"" / ""Time On My Hands""",3.12,0.0617
v1|257611403188|0,Dannii Minogue Success 12” Maxi Single Promo Savage Records SAV12 54400 Vinyl,2.00,0.0617
v1|257611403188|0,Dannii Minogue Success 12” Maxi Single Promo Savage Records SAV12 54400 Vinyl,2.00,0.0617
v1|137484195861|0,Michael Joncas Every Stone Shall Cry lp + Bonus,5.99,0.0617
v1|137484195861|0,Michael Joncas Every Stone Shall Cry lp + Bonus,5.99,0.0617
v1|366528625164|0,"Detestation / Abuse Sonoro 7"" 45RPM Punk Republica SN-16",20.00,0.0617
v1|168526682009|0,Twenty One Pilots - 2015 Release Double Vinyl Album Blurryface - NICE!,18.99,0.0617
v1|117284965591|0,Creedence Clearwater Revival LP More Creedence Gold 1973 Fantasy 9160-9430 vg++,9.99,0.0617
v1|168521490358|0,Mahalia Jackson - How I Got Over,29.00,0.0616
v1|147423711691|0,"Bachman Turner Overdrive, Four Wheel Drive Vinyl LP  Mercury Records SRM-1-1027",0.99,0.0616
v1|377326178736|0,THE VOGUES GREATEST HITS LP REPRISE ORIGINAL NEAR MINT 6371 VOGUES LP,9.75,0.0616
v1|168522400797|0,Hugo Winterhalter -  Canadian Sunset /  This Is Real  1956  EX,2.65,0.0616
v1|800305606561|0,"Kings Of The Sun - Full Frontal Attack - Vinyl LP, EXC",49.95,0.0616
v1|358777782964|0,Collector Series Vinyl Records LP Lot Classics Jazz Soul Fats Domino The,8.99,0.0615
v1|137492282514|0,"Leonard Bernstein NY Philharmonic Highlights Handel's Messiah, Vinyl LP Record ",4.00,0.0615
v1|188613901136|0,Christopher Cross Every Turn of the World Vinyl LP VG Record ,8.50,0.0615
v1|358778028577|0,Polydor Bing Crosby Pete Moore Orchestra Vinyl Records LP Album Lot Golden,8.99,0.0615
v1|168520835161|0,Linda Constant Hasten Down The Wind Vinyl,10.00,0.0615
v1|178298508615|0,Juan Gabriel Siempre En Mi Mente Latin Vinyl LP Stereo Arcano Records,10.50,0.0615
v1|168527356786|0,SOUL TRAIN LP Adam VIII Hall Of Fame Don Cornelius 22 Origl All Time Motown Hits,15.50,0.0615
v1|800304409081|0,Mel Carter Easy Listening Vinyl LP Record,6.00,0.0615
v1|168522827572|0,Videodrome OST Vinyl Record Howard Shore 1982 NM-!,75.00,0.0615
v1|327251781759|0,Real McCoy Come And Get Your Love 1995 PROMO SINGLE Vinyl Record Album ADP-2864,9.00,0.0614
v1|147423460159|0,Love Story Original Soundtrack LP 1970 SPFL 267 NM Vinyl In Shrink $4.98 Sticker,10.00,0.0614
v1|137494055426|0,Shirley Gunther And The Flairs 45 First Press,6.50,0.0614
v1|287447482474|0,"Eddie RabbitLP Vinyl 12"" 33 RPM Epic Rock Cardboard Sleeve",10.00,0.0614
v1|158054371976|0,BOB DYLAN~ “The Times They Are A-Changin”  NM VINYL,50.00,0.0614
v1|287451643032|0,Prodigy - Return Of The Mac Red Color Vinyl The Alchemist NM++,23.00,0.0614
v1|188616805200|0,MEGA RARE Roy Roberts Country Star Vinyl 45 from 1980 in NM Condition,200.00,0.0614
v1|336677118251|0,Vinyl Record LP Rod Stewart Foot Loose & Fancy Free 1977 BSK 3092,10.00,0.0613
v1|318511834971|0,Various – Midnight Cowboy - US Soundtrack Reissue LP 1970,4.99,0.0613
v1|178284242977|0,BEETHOVEN MISSA SOLEMNIS  2 RECORD SET DECCA RECORDS EXCELLENT,18.00,0.0613
v1|298488772878|0,2 ANDRE KOSTELANETZ LP Albums-Love Story/Everything is Beautiful,4.99,0.0613
v1|178292426561|0,"Baldwin LP Record, The Gospel Velvetones, if my people will pray, VG ",10.00,0.0613
v1|198484772610|0,Belly Bees Limited Color Vinyl and L size t-shirt lot,100.00,0.0613
v1|318555758292|0,vinyl record fats domino let the four winds blow ,48.00,0.0613
v1|158064886848|0,Curt Gowdy – Nfl Memories VG++ Original Fleetwood 33RPM Record & Pic Sleeve 1973,1.79,0.0613
v1|178293716142|0,"C+C Music Factory Things That Make You Go Hmmmm Remixes 12"" Vinyl Columbia",6.00,0.0612
v1|257611214012|0,Fuck On The Beach - Power Violence Forever LP 1995 Slap A Ham – #51 [Sealed],80.00,0.0612
v1|398139724653|0,The Hot Mud Family LP Meat and Potatoes & Stuff Like That,4.99,0.0612
v1|188614612337|0,The Coasters Charlie Brown ATCO The Crests 16 Candles COED 45rpms Very Good,1.88,0.0612
v1|407056177702|0,Jethro Tull Aqualung Vinyl LP Classic Rock Reprise MS2035 1971. VG,7.99,0.0612
v1|158064345693|0,KINGSTON TRIO Something Special LP STEREO Banner John Stewart Era Original Clean,1.00,0.0611
v1|236923879870|0,"R.W.Blackwood (Heart To Heart) LP Southern Gospel 1983 ""Blackwood Brothers""",0.99,0.0611
v1|358767856984|0,B.J. THOMAS LP I'm so lonesome I could cry 1966 Scepter   vinyl vg+,2.00,0.0611
v1|137493270610|0,Tompall And The Glaser Brothers Lovin' Her Was Easier 1981 Vintage Vinyl,20.00,0.0611
v1|336677286709|0,"Columbia Record 938-D Johnnie Sylvester ""The Wallabies March"" / ""Shutters Waltz""",3.92,0.0611
v1|137482038105|0,"ROD STEWART--""Foot Loose & Fancy Free""--Original Bonus Booklet Included--Clean",4.95,0.0611
v1|278163440321|0,LINK PROTRUDI & JAYMEN: missing links SKYCLAD Album Vinyl LP,24.99,0.0611
v1|800304333239|0,"Walt Disney Mickey Mouse Disco Vinyl LP 1979 First Press, Disneyland Record",6.00,0.0611
v1|398151647352|0,OAK RIDGE BOYS-BOBBIE SUE,1.50,0.0611
v1|227422421694|0,Ernie Heckscher At the Fabulous Fairmont Jazz Vinyl LP Verve Records MG V-4020,15.00,0.0610
v1|267720609762|0,The Paragons Meet The Jesters LP Vinyl 1959 Jubilee 1098 Classic Doo-Wop HI Fi +,29.00,0.0610
v1|227421475018|0,Brahms Lieder  ALFRED POELL  WESTMINSTER  VG,4.90,0.0610
v1|236917085584|0,SEALS & CROFTS / TAKIN' IT EASY LP (1978) Grade (E) Excellent,5.00,0.0610
v1|358768185640|0,Alison Krauss Now That I’ve Found You - A Collection Rounder Records CR00907 lp,48.00,0.0610
v1|267718256516|0,Jefferson Starship – Red Octopus LP - 1975 - VG+/VG,8.00,0.0610
v1|407056437115|0,Billie Eilish dont smile at me Red Colored Vinyl LP - Darkroom,10.00,0.0610
v1|318567636459|0,"Daft Punk Tron: Legacy Soundtrack 2LP 12"" Black Vinyl Walt Disney Records 2010",25.00,0.0610
v1|127962593139|0,A Golden Treasury Of Concert Favorites Vol. 4: Columbia 2x LP Set 1968 Classical,1.00,0.0609
v1|117291366777|0,PETER PAUL AND MARY-LATE AGAIN 1968 RED VINYL.JAPAN.EXC/EXC.WARNER BROS.G/F,62.00,0.0609
v1|358768582381|0,"VINTAGE LP Ravel -Mother Goose Suite - Debussy Ethel Bartlett, Rae Robertson duo",9.99,0.0609
v1|137492004190|0,"The Best Of The Kingston Trio Vinyl Record 1962, Capitol ST 1705 Stereo",3.99,0.0609
v1|178281749571|0,"The Smothers Brothers - The Funny Side Of The... (Vinyl, 1963)",0.99,0.0609
v1|398150829764|0,"ORION (JIMMY ELLIS) ""ROCKABILLY"" Lp, Sun Records, SUN-1021, GOLD Vinyl",5.85,0.0609
v1|298488951488|0,"1950'S BENNY HIPSLEY, "" LIVE AT THE DESERT HOTEL"", JAZZ , BIG BAND",0.99,0.0608
v1|127962190076|0,BOOTS RANDOLPH - THE SOUND OF BOOTS (SLP18099) VG Saxophone,7.00,0.0608
v1|800305199656|0,CLASSIC ROCK 70'S & 80'S ALBUMS LOT OF 6 Vinyl  Lps  Lot EF,19.99,0.0608
v1|358769487901|0,lp  state street aces old folks shuffle,5.00,0.0608
v1|147422975440|0,Classic Rock Box Set 3LPs *Rock On* Various Artists Golden Rock Greats,12.00,0.0608
v1|318556418983|0,We Came Peace for all Mankind LP Album-Recorded history of the lunar landing,4.99,0.0607
v1|147427888334|0,Herb Alpert & The Tijuana Brass S.R.O. 1966 1st Press NM/NM Shrink,9.99,0.0607
v1|127963621240|0,Black UT - Beast Lab  7” Vinyl Hardcore Punk Music,8.00,0.0607
v1|327251999792|0,"Juan Gabriel - 45 7"" Mis Ojos Tristes - Latin Mexico Pop Disco Rare",7.99,0.0607
v1|158066467585|0,THE UNSINKABLE MOLLY BEOWN ORIGINAL BROADWAY CAST- LP SNTK #4,5.00,0.0607
v1|117290458768|0,Judy Collins - Wildflowers - vinyl,9.99,0.0607
v1|127962191014|0,Boots Randolph- With Love The Seductive Sax Of...,7.00,0.0607
v1|278150846492|0,"Broken Road – Broken Road, 7"" 33 ⅓ RPM EP UNPLAYED NM 1978",19.00,0.0607
v1|327251517786|0,Vintage Vinyls Album RCA Victor,6.00,0.0607
v1|257611325774|0,Roy Clark – Roy Clark's Greatest! [Vinyl LP],0.99,0.0607
v1|358771271911|0,"Manstill vinyl album, self title man drill promotional copy VG+",30.00,0.0606
v1|147427857456|0,Stephen Stills Illegal Stills 1976 Original NM/NM Lyric Sleeve,12.99,0.0606
v1|366534385802|0,RCA LSC 2318 Rossini 6 Overtures Reiner CSO SD 23S 15S 1959 NM,9.10,0.0606
v1|147424506332|0,Eric Clapton 1st Solo Album Stereo Vinyl LP SD 33=329 EX/NM,75.00,0.0606
v1|398152377613|0,Cat Stevens Tea for the Tillerman Vinyl,25.00,0.0605
v1|800303846552|0,"Are You Experienced by Hendrix, Jimi ",15.00,0.0605
v1|158064389041|0,THE BEACH BOYS 15 Big Ones BROTHER MS-2251 (1976) LP,4.00,0.0605
v1|127964176238|0,Burning Witch 3 Lp Vinyl Boxset First Edition Eyehategod Noothgrush Sludge Metal,20.50,0.0605
v1|267721285374|0,Antique vinyl records Frankie Carle,2.00,0.0605
v1|407056968886|0,"Edison Diamond Disc 50830, Herbert Soman, Smilin' Through/Old Pal, 1921",7.99,0.0605
v1|127963038884|0,"Prince Parade 1986 Paisley Park Records ""Kiss"" VG+++COND",10.00,0.0604
v1|358768599266|0,"2 Jennifer Warnes VINYL :  Self-Titled, Best of Jennifer Warnes",3.00,0.0604
v1|168522400483|0,Mickey Gilley & Charly McClain–Paradise Tonight / The Four Seasons of Love,2.65,0.0604
v1|398150828097|0,"Deee-Lite RUNAWAY With Rubber Lover 12"" Vinyl Single 1992 Elektra",15.00,0.0603
v1|298490521642|0,DINAH WASHINGTON-LATE LATE SHOW-VINYL LP,9.99,0.0603
v1|318556418794|0,The Saturday Evening Post GREAT MOVIE MUSIC 4LP Box Set,9.99,0.0603
v1|398151111011|0,Jonny Rivers Look Into Your Soul,5.00,0.0603
v1|366528398264|0,2 LPs - LE POP 10 - Les Chansons de la Nouvelle Scene Francaise - Like New,24.99,0.0602
v1|327252127849|0,"Buck Owens LP ""In London"" SEALED BX10",5.00,0.0602
v1|287447114914|0,Hair: The Original Broadway Cast Recording LSO-1150 Stereo 1968 LP RCA Victor,10.00,0.0601
v1|227421174844|0,"1980 REO SPEEDWAGON HI INFIDELITY, FE 36844 vinyl, rock pop NM",12.95,0.0601
v1|137493460601|0," Evening In Rome... By Frank Chacksfield And His Orchestra, Vinyl Record LP",4.00,0.0601
v1|168522401231|0,"The Everly Brothers ‎– ('Til) I Kissed You / Oh, What A Feeling  1959 VG",2.65,0.0601
v1|168520862125|0,Columbia Happy Session Benny Goodman LP Vinyl Jazz Mono CL 1324 Previn Freeman,8.00,0.0601
v1|178291637742|0,Spencer Sings the Hits! by Jon Spencer,18.00,0.0601
v1|236923892574|0,Chuck Johnson (How Great Thou Art) LP Southern Gospel,0.99,0.0601
v1|206400586839|0,Metal Church The Dark LP 1986 Elektra SRC DMM Sterling TJ 1st Press VG+ OIS,44.95,0.0600
v1|336677412939|0,Millie Jackson - Leftovers - Spring - Funk/Soul 45 - 1975,19.99,0.0600
v1|298498824169|0,George Carlin FM & AM Vinyl LP 1972 Little David Record LD-7214 VG,7.00,0.0599
v1|407056501778|0,Moments to Remember Romantic Stars/Moods Reader's Digest 7 LP,10.00,0.0599
v1|267720796642|0,"JOHNNY CASH: ""The World of Johnny Cash"" 1970 2 LP SET: VINYL CLEANED GATEFOLD NM",15.00,0.0599
v1|407056203608|0,Chicago Double Record/Album 1974 Clean,9.00,0.0599
v1|278163647104|0,Don McLean  American Pie Vinyl LP 1972 Reissue UA/Rainbow Collection UAS-5535,8.00,0.0599
v1|278163647104|0,Don McLean  American Pie Vinyl LP 1972 Reissue UA/Rainbow Collection UAS-5535,8.00,0.0599
v1|168521431556|0,"THE 4 MOST, EXTINCT, 45-220 RPM ONCE IN AWHILE SUM SOFT POPS, PLAYS NICE, VG+ $$",14.75,0.0598
v1|178292626896|0,"Jesse Colin Young - ""Songbird"" - LP",1.00,0.0598
v1|398158575306|0,"45 The Fabulous Flames ""My Joan / Josephine"" Rex Records R. 3000 VG++",9.98,0.0598
v1|117291719478|0,"DOLLY PARTON- GREAT BALLS OF FIRE with DOLLY,DOLLY,DOLLY.CD/TAPES/VINYL/PIC DISC",77.00,0.0598
v1|227421611221|0,GIBBONS  Madrigals & Motets 1612  Consort of Music/Rooley L'Oiseau-Lyre DSLO 512,7.90,0.0598
v1|267720654644|0,Rampal Bolling Suite For Flute & Jazz Piano LP 1975 Columbia M33233,2.09,0.0598
v1|377332227733|0,"Big Punisher It's So Hard Vinyl 12"" Promo Single Loud Rap Hip-Hop 8870-79550-1",12.22,0.0598
v1|407055576749|0,"LOU RAWLS-BLACK AND BLUE-CAPITOL 1824, WITH ONZY MATTHEWS BIG BAND",10.98,0.0597
v1|358768431068|0,Foreigner 45 Vinyl Record Lot Of Imports And Rare Singles Colored Vinyl,100.00,0.0597
v1|336677402757|0,MAXELL Jazz Sampler LP Ltd. Edition Compilation (1979) RCA Records DPL1-0401,8.95,0.0597
v1|800304197426|0,CALL OF THE VOID - Ageless – Pre-Owned Vinyl LP in Excellent Condition!,10.00,0.0597
v1|127966287668|0,"LP 12 Columbia CL-1993, Robert Goulet, The Wonderful World Of Love",2.95,0.0597
v1|287445902412|0,"Graham Brown I Tell It Like It Used To Be LP Vinyl 12"" Capitol Country",10.00,0.0597
v1|336677333892|0,"Victor 17782 Olive Kline & Elsie Baker ""Whispering Hope"" / ""Abide With Me"" Black",7.96,0.0597
v1|298490107769|0,Bachman Turner Overdrive Not Fragile LP Vinyl Record Album,22.00,0.0596
v1|278163454541|0,"CARLY SIMON - Spy - 12"" Vinyl Record LP",3.79,0.0596
v1|267720677786|0,"VINTAGE VINYL 45: Air Supply ""Two Less Lonely People In The World"" (1982)",2.00,0.0596
v1|137500057434|0,Herb Alpert & The Tijuana Brass S.R.O. NM-/NM- 1966 1st Press,5.99,0.0596
v1|298488951504|0,"1955-ZIGGY TALENT , ""CHECK TO CHEEK / BOZOOKI BLUES"", 7"" DECCA, JAZZ,  BIG BAND",0.99,0.0596
v1|168522401074|0,Sal Mineo: Start Movin' (In My Direction) / Love Affair 1957 VG+,2.65,0.0596
v1|227421291556|0,DON BYAS Three O'Clock In The Morning SUPER DISC Jazz 78 RPM SHELLAC USED,5.00,0.0596
v1|168521666889|0,The Statler Brothers Christmas Card Record Untested ,7.99,0.0596
v1|358758630582|0,3 GREAT GUYS - RCA VICTOR MONO LP PAUL ANKA SAM COOKE NEIL SEDAKA,25.00,0.0596
v1|358767472503|0,Firefall  Undertow  LP Vinyl Record Album,1.00,0.0595
v1|227421033483|0,BLACK SABBATH We Sold Our Soul... WARNER BROS 2XLP EX  gatefold ,14.50,0.0595
v1|298488298210|0,"Frozen: the Songs by Frozen: 10th Anniversary Zoetrope vinyl (Record, 2023) 1 LP",18.00,0.0595
v1|298488774469|0,78RPM Records in Glenn Miller Record Binder-Corry Carpenter/Big John Greer/Tubb,4.99,0.0595
v1|307048520757|0,"Merle Haggard The Man The Music The Legend Black Vinyl LP 12"" ",5.00,0.0594
v1|377326078489|0,PARTISANS Nit De Nit WHIRLWIND 2019 Jazz VG+ VINYL LP Record USED,5.00,0.0594
v1|257616205047|0,READER'S DIGEST - That Old-Time Religion - 8 RECORD BOX SET LP Vinyl Record NM,8.65,0.0594
v1|307042935705|0,"Melissa Manchester “Melissa Manchester“ Vinyl=VG 12"" LP Record AL 9506 Rock, Pop",2.50,0.0594
v1|168522401147|0,"Jim Lowe - I Feel The Beat / By You, By You, By You  1956 VG+",2.65,0.0593
v1|137495600134|0,DORAL PRESENTS JOHNNY CASH LP EX- TO EX SHOWCASE L@@K !!,9.99,0.0593
v1|257611499387|0,Walt Disney Mary Martin Hi-Ho Tutti Camarata OST LP Disneyland Mono VG+!!!,7.89,0.0593
v1|358767423278|0,Dino plays folk musical Themes with Ralph Carmichael Orchestra & Chorus,1.00,0.0593
v1|307052484054|0,ALAN PRICE: story of Polydor Import  NearMint Double Gatefold Album /Animals,5.00,0.0593
v1|158066763091|0,Diana Ross - 'Lady Sings The Blues'  vinyl  (1972)  Vinyl NM,10.99,0.0593
v1|257611499285|0,AL  HIRT Sugar Lips Lp Mono RCA 1964 He's the King Ex/Ex In Shrink Open,7.89,0.0593
v1|227424589901|0,Paul McCartney Tug Of War | Ebony and Ivory | TC 37462 LP | Very Good Condition,9.50,0.0593
v1|358768538478|0,Chuck Webb And His Band Vinyl Album Midnight In Harlem Nm,25.00,0.0593
v1|278154789919|0,"KAREN RASHID - IT'S YOUR LIFE (THINK TWICE) L.U.V. 12"" SHRINK",9.99,0.0593
v1|267718246371|0,Tchaikovsky 1812  Nutcracker Rozhdestvensky Ivanov USSR Bolshoi Eurodisc LP,5.99,0.0592
v1|178293809424|0,Pat Benatar – Precious Time Vinyl LP Record-Chrysalis 1981 - Original,5.99,0.0592
v1|198483904661|0,BACKSTREET BOYS 12 Inch SIngle Quit Playing Games 1997 Jive  vinyl,8.00,0.0592
v1|227424268308|0,"Where Fear & Weapons Meet by Where Fear & Weapons Meet (Record, 2013)",20.00,0.0592
v1|168520786313|0,TIMEBOX / LITTLE SISTER Beggin' / You're The One La Coupe RARE Northern Soul 45,6.49,0.0592
v1|117295107408|0,"ATTENTION JERRY LEWIS COLLECTORS,CINDERFELLA,RAINBOW VINYL+ MINT TIARA+GAME PART",124.99,0.0592
v1|377326154966|0,Bosewell Sisters / Jackie Taylor On Victor (scroll) 22500 Were On A Highway To H,40.00,0.0592
v1|158064426759|0,"Santana Abraxas 12"" Vinyl LP Columbia S 64087 Stereo Cardboard Sleeve",15.00,0.0592
v1|168520571691|0,George Shearing Quintet Latin Escapade VINYL LP VG+/EX ULTRASONIC CLEAN & TESTED,9.99,0.0592
v1|127962724965|0,"Kessinger Brothers old-time fiddle/guitar on Brunswick 220, E/E-. Nice player!",14.99,0.0592
v1|358767977835|0,Aretha Franklin - La Diva (1979) – Gold Stamp Promo – Rare Early Matrix B/B,60.00,0.0592
v1|287447114910|0,Complete Handel Messiah Sir Adrian Boult conducts The London Philharmonic 3LPBox,10.00,0.0591
v1|278163002727|0,Kirsten Flagstad Wagner Recital - Wesendonck Lieder vinyl London 5259,3.90,0.0591
v1|198483859686|0,Vintage Zero Mostel In Fiddler On The Roof LP Original Cast Recording VG+,1.50,0.0591
v1|287447114960|0,"Captain & Tennille ~ Dream ~ 1978 SP-4707  ~ 12"" LP Vinyl Record Album Pop Rock",5.00,0.0590
v1|147424506411|0,Johnny Winter About Blues LP 1972 [Janus JLS 3008] EX/NM,25.00,0.0590
v1|398153597416|0,"Spirit of '67 by Revere, Paul & Raiders ",5.00,0.0590
v1|147427845746|0,Arlo Guthrie Running Down The Road 1969 1st Press James Burton Ry Cooder,6.99,0.0590
v1|158063712106|0,Michael Jackson Off the Wall Epic 1979 Black Vinyl LP Stereo FE 35745,50.00,0.0590
v1|178291878325|0,"Led Zeppelin D'yer Mak'er 7"" (First PL pressing)",10.00,0.0590
v1|168521570025|0,Betty Hutton who kicked the light plug he’s a demon ￼ RCA Victor ,32.97,0.0589
v1|307048296171|0,48TH GRAMMY AWARDS GOLD RECORD BREAKING PERFORMANCE STAPLES AEG FEBRUARY 8 2006,119.99,0.0589
v1|188614617172|0,State Fair Vinyl LP Dot DLP 29011 Stereo 1962 Pat Boone Ann-Margret Bobby Darin,3.20,0.0589
v1|278163325927|0," Don't Blow It Kage by Tenacious D (Record store day 2019 third man records ",20.00,0.0589
v1|168521153100|0,Pee Wee Spitelera Show Me Where The Good Times Are RCA Victor VG+,11.00,0.0589
v1|227422504122|0,"Gato Barbieri Caliente! LP Vinyl 12"" A&M Jazz SP-4597 Herb Alpert",7.25,0.0589
v1|127962974897|0,45 rpm Lot of 3 Survivor Picture Sleeves-NO RECORDS-Caught in the Game,1.75,0.0588
v1|800303754605|0,ZZ Top - Tres Hombres Vinyl Record LP London 1973 - XPS 631 - Early Pressing,15.50,0.0588
v1|327252540659|0,Blood Sweat And Tears Record,2.00,0.0588
v1|158070837273|0,Devo Total Devo vinyl record album,3.00,0.0588
v1|366528583341|0,EDDIE NASH JOY KING BY REQUEST AUTOGRAPH Signed By Aubrey Gates RARE,99.00,0.0588
v1|298488774160|0,Lot 5 GLEN CAMPBELL LP-Satrisfied Mind/Norwood/Hey Little One/too Late to Worry,20.00,0.0588
v1|358758310810|0,"""Colleen Peterson"" vinyl LP by Colleen Peterson",2.00,0.0588
v1|358756303121|0,"ABBA Greatest Hits Vinyl Album Atlantic Stereo Gatefold 12"" 33 RPM",20.00,0.0588
v1|168520656387|0,Munch Beethoven Symphony No. 5 -Schubert Symphony No. 8 Vinyl,5.99,0.0587
v1|267720880966|0,Shure - An Audio Obstacle Course 1967- TTR-101 - Vinyl Test Record LP,10.00,0.0587
v1|267720880966|0,Shure - An Audio Obstacle Course 1967- TTR-101 - Vinyl Test Record LP,10.00,0.0587
v1|278163517790|0,"FRANK WAKEFIELD +THE GOOD OL' BOYS , BLUEGRASS (LP VINYL  1978)",4.99,0.0587
v1|398159746595|0,Johnny Griffin & The Soul Band-7” Wade In The Water-45 Riverside  Stereo 33 1/3,3.55,0.0587
v1|147422654809|0,VIRGINIA SQUIRES / MOUNTAINS AND MEMORIES ~ 1985 Rebel Album,5.00,0.0587
v1|287445856438|0,collectors edition Vinyl,4.00,0.0587
v1|307048521927|0,"Van Halen, Fair Warning, 1981 , HS 3540, VG/VG+",10.00,0.0587
v1|800304335228|0,PufnStuf The Shepherds Children’s Chorus 1970 RCA Records Vinyl LP,6.00,0.0587
v1|398159728339|0,La CHARANGA '76 en El 78 LATIN LP Vinyl Record,6.88,0.0587
v1|257615454233|0,David Bowie The Rise And Fall Of Ziggy Stardust Vinyl LP 2024 Remastered NM EX,19.99,0.0586
v1|318557812983|0,Robert Palmer Simply Irresistible 12 Inch Ep Vintage Vinyl Lp Record EX,8.00,0.0586
v1|137500030821|0,WILLIE NELSON Live NM/NM- 1976 Original RCA AYL1-4165,14.99,0.0586
v1|227421281562|0,FRANK YANKOVIC Evening At Yankovic's AUTOGRAPH LP VINYL Record ALBUM VG+ USED,5.00,0.0586
v1|178283894510|0,The Police – Synchronicity vinyl LP,14.99,0.0586
v1|178293907610|0,"K-TEL 1977-STARS VINYL LP-ARTIST INCLUDE KISS, 10CC, KC, HALL & OATS -CLEAN  LP",21.99,0.0586
v1|188612956371|0,Hayden Thompson - Don't Let It Trouble Your Mind - Nashville North NM,9.99,0.0586
v1|137499994197|0,STEPHEN BISHOP Red Cab To Manhattan 1980 NM/NM- Lyric Sleeve,9.99,0.0586
v1|158066471692|0,JAMES TAYLOR -  FLAG - LP (14b ),15.00,0.0585
v1|188616160001|0,"Jim Reeves 1962 ""He'll Have To Go"" RCA Victor LSP-2223 Vinyl Album, Good R-0097",1.50,0.0585
v1|358793503762|0,"Lot Of 24 Vinyl Records, VG+",100.00,0.0585
v1|206401499729|0,"Elvis Presley Girls! Girls! Girls! RCA Victor LSP-2621 Stereo 12"" Vinyl LP",4.82,0.0585
v1|307048346238|0,"Historic Vinyl Albums Jfk, Roosevelt, Presidential Speeches Lot Of 12",1.41,0.0585
v1|147423786384|0,"Foundations Bad, Bad Old Days 7"" acetate soul",25.00,0.0585
v1|307052484061|0,MOTT THE HOOPLE Mott KC32425  Gatefold Plays Great VG+-Ian Hunter/Mick Ralphs,5.00,0.0585
v1|158070756792|0,"The Sequence Funk You Up 12"" single vinyl record",3.00,0.0584
v1|158063892230|0,"GLEN CAMPBELL BY THE TIME I GET TO PHOENIX 12"" LP VG+ VINYL RECORD CAPITOL",5.00,0.0584
v1|127962907408|0,Jukebox 45 & Title Strip Taylor Dayne Don’t Rush Me Cleaned Tested,2.49,0.0584
v1|267720902833|0,"Negative Approach 7"" Record",3000.00,0.0584
v1|287447114892|0,Complete concert music of John Gershwin 32524 LP,16.00,0.0584
v1|278163028228|0,Rolling Stones Love You Live 2LP 1977 RI Richmond COC 2-9001 VG Original,14.99,0.0584
v1|236923827392|0,"Simon & Garfunkel /Parsley, Sage, Rosemary and Thyme- LP-1966-Mono- Hype Sticker",55.00,0.0584
v1|800304418188|0,Tom Jones Say You'll Stay Until Tomorrow Vinyl LP Record  Near Mint Condition !,6.00,0.0583
v1|407056500160|0,"Edison Diamond Disc 50929, Ray Perkins/Ernest L. Stevens, Blue Danube Blues And ",7.99,0.0583
v1|307053289727|0,Meghan Trainor signed Takin' It Back LP vinyl record,49.99,0.0583
v1|407057229195|0,"The Flaming Lips Unconsciously Screamin E.P. 12"" Colored Vinyl Sleeve Rock",35.00,0.0583
v1|287446092818|0,Creedence Clearwater Revival Willy And The Poor Boys Vinyl LP Fantasy 8397 VG+,15.99,0.0583
v1|318567640752|0,The Beatles 3 Lp Lot Abbey Road Rubber Soul Let It Be Remastered  Vinyl 180g Vin,39.99,0.0583
v1|318567640752|0,The Beatles 3 Lp Lot Abbey Road Rubber Soul Let It Be Remastered  Vinyl 180g Vin,39.99,0.0583
v1|117290177552|0,"Devo 7 Vinyls 1 7"" 3 CDs Very Good- to Very Good+ All Studio Releases No Stickrs",100.00,0.0583
v1|307051180353|0,Michael Jackson Bad 180 gram LP in Shrink & Hype,20.50,0.0583
v1|147423219308|0,"Jennie Said 1960's Brill Building songwriter acetate unknown S. Jackson 8""",40.00,0.0582
v1|127962546864|0,RASCALS - PEOPLE GOT TO BE FREE w/PICTURE SLEEVE - VG+,8.00,0.0582
v1|307048122737|0,JUNIOR Y SU EQUIPO • Bien Bailadito • Lp VG Classic POLIBIO MAYORGA •,49.99,0.0582
v1|127962906263|0,Jukebox 45 & Title Strip Lacy J Dalton Takin’ It Easy Cleaned Tested,2.49,0.0582
v1|257611066686|0,"FOREIGNER ""FEELS LIKE THE FIRST TIME"" /""COLD AS ICE"" /""LONG LONG WAYFROM HOME""",9.99,0.0582
v1|168522401078|0,Marvin Gaye -You're What's Happening /I Heard It Through the Grapevine 1968 Good,2.65,0.0582
v1|287445921959|0,BOB SEGER Stranger In Town 1978 Capitol ,9.25,0.0581
v1|168522645141|0,1985 Beatles Picture Disc Single We Can Work It Out and Day Tripper  MINT,35.00,0.0581
v1|267720796349|0,"ALEX TAYLOR - Dinnertime - CAPRICORN 12"" LP Vinyl Record 33 RPM Cp 0101",2.50,0.0581
v1|168514583784|0,"1964 LP Release of Disneyland Park Souvenir ""The Haunted House"" #DQ-1237",22.00,0.0581
v1|168514584326|0,"1964 LP Release of Disneyland Park Souvenir ""The Haunted House"" #DQ-1237",20.00,0.0581
v1|168521731237|0,"Peter Tschaikowsky “Swan Lake / Sleeping Beauty” LP Album, German Import DGM",7.99,0.0581
v1|398151624388|0,"George Jones Country Heart Musicor 1986 12"" Vinyl LP 33RPM Stereo P2S 5094",19.95,0.0581
v1|227401532366|0,The Mothers of Invention Ruben & The Jets Frank Zappa OG Verve NICE COPY! NM-!,14.99,0.0581
v1|318556280036|0,"Catch Bull at Four by Stevens, Cat 1972 A&M Records SP 4365",10.00,0.0581
v1|800305338010|0,BEE GEES Trafalgar WHITE LABEL PROMO LP from 1971 (ATCO SD 7003) Promotional,25.00,0.0581
v1|127962548452|0,TEEN - BERNIE LAWRENCE - COLLECTING GIRLS - U.A. - VG+,8.00,0.0581
v1|127962548452|0,TEEN - BERNIE LAWRENCE - COLLECTING GIRLS - U.A. - VG+,8.00,0.0581
v1|358768756682|0,"Benny and Kitty Try God Singers SJD Sound SJD-1052 12"" Vinyl LP 33 RPM Gospel",15.00,0.0580
v1|287451574272|0,"LABELLE - Chameleon (1976) - 12"" Vinyl Record LP - Exc",7.00,0.0580
v1|287447547429|0,Three Dog Night Hard Labor Vinyl LP Record Album From 1974,7.00,0.0580
v1|298494589681|0,Maggie Rogers Love You For A Long Time Red 7 Inch Vinyl-SUPER RARE,95.00,0.0580
v1|358769152606|0,Foghat Live! - Bearsville Records - record in excellent condition,10.00,0.0580
v1|168521881897|0,"Rolling Stones - December's Children - London mono red label, LL 3451 VG+",9.99,0.0579
v1|298488816395|0,Heart Dog and Butterfly    EX,10.00,0.0579
v1|267720805207|0,Dan Fogelberg - Windows and Walls - Vinyl  1984,3.00,0.0579
v1|127963166147|0,"Cat Stevens ""Mona Bone Jakon"" 1970 Vinyl LP ",3.00,0.0579
v1|358767525909|0,Captain & Tennille Song of Joy,15.00,0.0579
v1|158064586197|0,Horace Heidt/Musical Knights 78 RPM Be Honest With Me with Gordon MacRae,3.11,0.0579
v1|227421965413|0,"The Weather Girls, It's Raining Men, (12""), DJ Promotional Copy - VG",10.00,0.0579
v1|137492313854|0,Steppenwolf Steppenwolf Live LP Vinyl Record Rock Dunhill Cardboard Sleeve 1st P,50.00,0.0578
v1|188614217909|0,Stephen Sanchez Easy On My Eyes 12” RED Vinyl RSD 2023 Record Store Day Shrink,59.00,0.0578
v1|158066461408|0,ALFRED NEWMAN GREAT FILM MUSIC  - LP SNTK #4,4.00,0.0578
v1|257611067749|0,YES - OWNER OF A LONELY HEART - SPECIAL REMIX EDITION - RARE - VINYL MINT,14.99,0.0578
v1|287445404241|0,THE 4 SEASONS-/-VJ***FRANK IFIELD-/- VeeJay/***ROY ORBISON-/- Monument,7.00,0.0578
v1|257612105181|0,"Basin Street Six Farewell Blues/Margie Rare 10"" 78 RPM Record_Circle J-1072 VG-",3.99,0.0578
v1|278154789367|0,"PRIMERIDIAN - ZERO DEGREES LONGITUDE GUIDANCE 12""",8.00,0.0578
v1|358768263080|0,Reader's Digest Take Me Home Country Roads Pleasure Program Vinyl Box Set 1973,12.19,0.0577
v1|327253137716|0,Buckner and Garcia Pac Man Fever LP Vinyl Album Record Electronic Rock Pop,15.00,0.0577
v1|398159759765|0,NEW WAVE-Alternative 4 LP Lot-Hipsway-Feargal Sharkey-Trip Shakesphere Vinyl,6.88,0.0577
v1|168521484954|0,GUY LOMBARDO ROYAL CANADIANS - FOR LISTENING AND DANCING READERS DIGEST BOX LP,2.25,0.0577
v1|236923712694|0,World Favorite Baller Music,1.00,0.0577
v1|178282132090|0,The Kronikles In All Actuality 45 1982 Are-Dee Records Garage Unknown Rare,19.99,0.0577
v1|236917267555|0,The Archers (Fresh Surrender)LP CCM 1977,0.99,0.0577
v1|358768197913|0,Dick Kesner Intermezzo,15.00,0.0576
v1|377332103488|0,"R. Kelly TP.3 Reloaded Double LP Vinyl 12"" Jive R&B Cardboard Sleeve Stereo",21.00,0.0576
v1|168522400835|0,Four Tops – I Can't Help Myself / Sad Souvenirs  1965 Good,2.65,0.0576
v1|117284990577|0,DON ADAMS ~ GET SMART ~ United Artists  LP 1965,15.99,0.0576
v1|206400583944|0,"CBS 7"" 33RPM STEREO DEMO Psychedelic Furs Sister Europe Eddie Money Billy...",2.82,0.0576
v1|147424506840|0,"Changes in Latitudes, Changes in Attitudes Buffett, Jimmy Stereo Vinyl LP EX/NM",35.00,0.0576
v1|336677595585|0,"Todd Rundgren - A Wizard, A True Star Bearsville Vinyl LP 33 RPM Stereo",6.34,0.0575
v1|236923904196|0,"Petra, Russ Taff, Imperials, Michael W.Smith (GMA Best Top 10-1983) LP 1984 CCM",2.25,0.0575
v1|267720796641|0,THE RICHARD HARRIS LOVE ALBUM VINYL LP ABC RECORDS VERY GOOD CONDITION VINYL EX,5.00,0.0575
v1|227421291500|0,THE LEE JESSUP BAND We Sing Our Songs 1980 Country Rock VG+ VINYL LP Record USED,6.55,0.0575
v1|800315944495|0,45 RPM kay Adams OVATION 1015 Let George Do it BOPPER M-,3.00,0.0575
v1|327252288692|0,Carl Perkins & NRBQ Boppin The Blues 1970 Columbia RnB Rock Rockabilly Lp Sealed,5.99,0.0574
v1|158054564392|0,"Antonín Dvořák, Jean Françaix, Jascha Heifetz, Gregor Piatigorsky ‎– The Heifetz",27.00,0.0574
v1|168520950576|0,Great White - Shake Me Single Edit 45RPM Test Press Vinyl NM,74.99,0.0574
v1|298488951369|0,"1977- C. JEROME, ""RETRO C'EST TROP / J'SUIS DANS LE COUP"", FRENCH POP",0.99,0.0574
v1|398151678183|0,Kenny Rogers Duets LP Liberty Vinyl Country Kim Carnes Sheena Easton LO-511154,15.00,0.0574
v1|158063976689|0,The Cars Candy-O 1979 Elektra 5E-507 Vinyl LP Vintage Record Vargas New Wave,10.00,0.0574
v1|267720490952|0,EARL GRANT - Ebb Tide And Other Instrumental Favorites LP - ©1961 Decca Records,4.99,0.0574
v1|398150872870|0,Western Songs LP. 1951 Pontiac Records PLP-508. Early 10” LP. Yodeling Special,12.00,0.0574
v1|168521060932|0,Wicked Vinyl Record Store Day RSD 2025 Edition,174.99,0.0573
v1|198483144337|0,Mario Lanza - Sings The Hit Songs From The Student Prince And Other Comedies ,5.00,0.0573
v1|198475985041|0,Jeff Beck - Truth  Epic BXN26413 G+/G+ Reissue,9.00,0.0573
v1|366534491334|0,RCA LSC 1984 RAVEL BOLERO VALSE DEBUSSY MUNCH SD 6S 11S VG++,6.50,0.0572
v1|336677639838|0,"Bruce Springsteen / Andy Pratt - Play: Back , 1973 Promo 7"" single, Rock.",18.00,0.0572
v1|178282859897|0,DINAH SHORE SEASON’S GREETINGS 7” 33 RPM - VINTAGE VINYL RECORD! BUY CHEAP!,0.99,0.0572
v1|168522401255|0,Tommy Dee With Carol Kay  - Three Stars / I'll Never Change  1959  VG+,2.65,0.0572
v1|298488737703|0,Original 1979 sister sledge LP we are family EX vinyl With Shrink ,19.99,0.0571
v1|318555472588|0,BARRY MANILOW - LIVE - Vinyl LP Double Record 1977 Arista AL 8500 VG,5.99,0.0571
v1|168522401094|0,Teresa Brewer - The Ricky-Tick Song / Empty Arms  1957  EX,2.65,0.0571
v1|327247192571|0,"""Best Of The Brass Ring"" 1969 LP  Philippines Import  12 Songs  - Good Condition",8.99,0.0571
v1|298488773912|0,SONNY & CHER -All I Need Is You LP Album,4.99,0.0571
v1|336676810071|0,Lester Flatt Rollin' Vinyl LP Records PO-293 1976,2.65,0.0571
v1|137493093967|0,Bonzo Dog Band Keynsham 1969 Vintage Vinyl English Import,10.00,0.0571
v1|318556242710|0,George Carlin – FM & AM - 1972 - Little David Records LD 7214 Vinyl LP VG+/VG+,10.00,0.0570
v1|287438503889|0,"2-45s 7"" Vinyl Memories Soft Sell Mike Thorne 1982,""What"",Tainted Love /Where ",7.00,0.0570
v1|127962908225|0,Jukebox 45 & Title Strip Taylor Dayne I’ll Be Your Shelter Cleaned Tested,2.49,0.0570
v1|278156266195|0,DEODATO - FIRST CUCKOO MCA LP SHRINK,8.00,0.0569
v1|327246920498|0,LP VINYL 1980~Turn Friendly Card~Alan Parsons-Beatles+Pink Floyd Sound Engineer,48.50,0.0569
v1|158070712198|0,"Stevie Wonder Happy Birthday 12"" single vinyl record",3.00,0.0569
v1|236928457888|0,Italo Disco Albert One Secrets (remix) 12” Single,14.99,0.0568
v1|188614731610|0,Laurie Collector's Records of The 50's And 60's Vol. 20 1983 Opened Never Played,4.34,0.0568
v1|257611447466|0,"Lot of 56VINTAGE RARE Framed Elvis Presley Other See List,  $5 Each Were In Bar",200.00,0.0568
v1|158063717853|0,"Michael Jackson Thriller Epic QE 38112 1982 Vinyl LP 12"" 33 RPM Stereo",60.00,0.0568
v1|168520869454|0,CAL TJADER Soul Sauce (Gaucha Guaro) Verve (1965) Latin Soul Jazz Mod 45 HEAR,9.37,0.0568
v1|257611070453|0,JETHRO TULL - WAR CHILD -  CHRYSALIS RECORDS -  NM- FIRST EDITION,15.99,0.0568
v1|127962683168|0,The Shangri - Las  RB 20 101  Self Titled  G,6.60,0.0568
v1|188613087666|0,"GRAHAM PARKER-"" Look Back in Anger""- Greatest Hits LP-Arista-1985-Excellent",4.50,0.0568
v1|236917404917|0,Italo Disco David Cameron Alex Kash 12” Single,4.99,0.0568
v1|117294153912|0,Vinyl.1982-Lp-Shelfield. THE SHEFFIELD TRACK RECORD.Rock instrumental,29.99,0.0567
v1|267720760153|0,Elton John Goodbye Yellow Brick Road 2-LP 1973 MCA2-10003 Framed,139.00,0.0567
v1|257604887088|0,SAXON!!!   2 lot   1980  Wheels of Steel  &  1983 Power and the Glory,45.00,0.0567
v1|327251398390|0,Blu Hide And Go Get It With Remixes PROMO SINGLE Vinyl Record Album 374631289-1,13.20,0.0567
v1|298488293014|0,"Ghost Stories by Coldplay (Record, 2014)",19.00,0.0567
v1|287438744510|0,MARSHALL CRENSHAW-DOWNTOWN,10.00,0.0567
v1|168521554164|0,"ABBA, ""THE ALBUM""",5.50,0.0566
v1|168521554164|0,"ABBA, ""THE ALBUM""",5.50,0.0566
v1|278170802352|0,Kenny Loggins & Jim Messina 3 LP 70s Soft Rock LOT  So Fine- On Stage-Full Sail,4.99,0.0566
v1|188613085130|0,Dan Hicks and His Hot Licks--Last Train to Hicksville-1973--Excellent!,5.00,0.0566
v1|377326158864|0,THE ASSOCIATION GREATEST HITS LP ORIGINAL STERO WARNER BROTERS WS 1767 NM LP,9.75,0.0566
v1|318555124078|0,INDIVIDUAL: Various Artists ~ Original 1978 Double Vinyl LP ~CBS A2S 563/AS 565,1.99,0.0566
v1|178292933920|0,The Jags - Evening Standards - 1980 Promo Vinyl LP - Island Records 9603,9.00,0.0566
v1|327251737417|0,THE MAGIC CHRISTAIN ORIGINAL SOUNDTRACK LP BADFINGER RINGO COME AND GET IT NM LP,9.75,0.0565
v1|147423577119|0,David Bedford-Instructions For Angels Mike Oldfield Mike Ratledge UK Import,5.99,0.0565
v1|358769155218|0,Julian Lennon Valotte Vinyl Lp 1984 ,10.00,0.0565
v1|358768867064|0,CHARLIE DANIELS BAND NIGHTRIDER LP VINYL RECORD-,8.00,0.0565
v1|168522401280|0,The Fontane Sisters - The Banana Boat Song  / Honolulu Moon 1956 VG+,2.65,0.0565
v1|168522645324|0,1983 Beatles Picture Disc Single I Want To Hold Your Hand and This Boy  MINT,35.00,0.0565
v1|168513873073|0,Theme From Peyton Place And Other TV And Film Greats Spin-O-Rama M-161 RIAA,5.99,0.0565
v1|298488539842|0,RARE ALICE NIELSEN – 78 RPM COLUMBIA A5245: ANNIE LAURIE/KATHLEEN MAVOURNEEN,6.89,0.0564
v1|147423854793|0,"Kathleen Mavourneen / John McCormack - VICTOR #74236 VG+ 78 12"" 1904",5.00,0.0564
v1|298488946396|0,"1960-BRAHMS , TRIO IN E-FLAT,  VICTOR BABIN, JOSEPH EGER, HENRYK SZERYNG, RCA",0.99,0.0564
v1|236923899515|0,John Pantry (Nothing is Impossible) LP 1980 CCM,0.99,0.0564
v1|267720565753|0,"Chopin: Preludes, Op. 28~Polonaise in A Flat Major, Op. 53~Geza Anda (1978)",2.00,0.0564
v1|407058078036|0,The Five stairsteps behind curtains/danger she s a stranger,15.00,0.0564
v1|407056398308|0,"Smothers Brothers Curb Your Tongue, Knave! Mercury Records 33rpm VINYL LP RECORD",1.42,0.0563
v1|327252917141|0,"Vintage Drama ""Double Time"" Vinyl Single (2000)",2.40,0.0563
v1|398150809201|0,THE LAMPLIGHTERS. LOVE ROCK AND  THRILL/ROLL ON. FEDERAL 12212,9.99,0.0563
v1|800305493102|0,NEIL YOUNG  LP Hawks and  Doves 1980  Reprise canada  vinyl,8.00,0.0563
v1|800304415511|0,Tom Jones Rescue Me 1979 McA-3182 Platinum Plus Vinyl Record Mint Condition !,6.00,0.0563
v1|178291715114|0,Lost On Xandu by Lenny Kaye and The Fleshtones,10.00,0.0562
v1|178292417269|0,Meredith Willson's THE MUSIC MAN Orginal Sountrack Album,4.99,0.0562
v1|158066465457|0,SOUNDTRACK -LP SNTK #8  JOHN HOUSTON'S THE DEAD,9.99,0.0562
v1|257611329208|0,Token Entry-From beneath the streeet- 1998 reissue RED VINYL go-kart records,35.00,0.0562
v1|336677357605|0,Reader's Digest Golden Voices Sing Golden Favorites 8 LP Album Box Set,3.00,0.0562
v1|267720799157|0,"VINTAGE VINYL 45: NEIL DIAMOND ""I Am ... I Said"" & ""Done Too Soon"" (1971)",2.00,0.0561
v1|127962907433|0,Jukebox 45 & Title Strip Damn Yankees Come Again Cleaned Tested,2.49,0.0561
v1|147427871423|0,Supertramp Famous Last Words... 1982 NM Vinyl Lyric Sleeve A&M SP 3732,14.99,0.0561
v1|198483164543|0,"Skeletal Family - Just a Minute, Extended Big Love - GOTH - Uk 12"" Chrysalis",22.22,0.0561
v1|377326078602|0,KEN & BEVERLY Watch What Happens WORLD PACIFIC 1967 VG+ VINYL LP Record USED,5.00,0.0561
v1|236923735202|0,"Vox Johannes Brahms - Symphony No. 1 in C Minor 12"" Black Vinyl LP Sleeve",9.60,0.0561
v1|307042532547|0,Billboard Top Rock 'n' Roll Hits 1960 black vinyl record 12 inch,15.00,0.0560
v1|236924257336|0,Legends Play THE BEATLES vinyl lp BLUE John Wetton Jack Bruce Glenn Hughes NM,13.49,0.0560
v1|158066562870|0,MONTREUX SUMMIT VOLUME 1 - LP (22c),7.00,0.0560
v1|287447473741|0,Eddie Rabbitt -- Step By Step,7.99,0.0560
v1|366528344744|0,"Stravinsky Conducts The Rakes Progress M3S-710, 3 Vinyl Record Box Set w Score",20.00,0.0560
v1|358756825332|0,HOT TUNA  -  RCA LP,7.02,0.0560
v1|178292630531|0,"Crown LP Record, Oragan and Chimes Favorites, Silent Night VG ",1.00,0.0559
v1|147422702754|0,The Souther~Hillman~Furay Band LP,8.00,0.0559
v1|318512798036|0,Diana Ross & The Supremes – Let The Sunshine In - US LP 1969,4.99,0.0559
v1|188614737308|0,Elvis Presley-He Walks Beside Me & Songs of Inspiration 2 Vinyl LPs Magnets,2.68,0.0559
v1|287447114922|0,Jefferson Starship Red Octopus 1975 Vinyl LP Record,5.00,0.0559
v1|188599548372|0,1977 ELVIS in Concert 2 Record Set Plus TV Photo's And Records Pamplet (B40),29.95,0.0559
v1|178291752631|0,"The Scientist This Is My Happy Hour/ Swampland 7"" (2nd pressing)",25.00,0.0559
v1|127963273812|0,Jukebox 45 & Title Strip Whitney Houston My Name Is Not Susan Cleaned Tested,2.49,0.0559
v1|358768574944|0,Grace Jones Vinyl Album Nightclubbing Ex,25.00,0.0558
v1|358768237311|0,Teena Marie - Emerald City LP (1986) – Gold Stamp Promo,30.00,0.0558
v1|287450835552|0,"Eddie Harris ""That is Why You're Overweight"" 1976 Vinyl Album VG",7.00,0.0558
v1|267717815559|0,Pair 1950s Doris Day Vinyl LP Records DAY IN HOLYWOOD & DAY BY DAY Both VG+!,19.99,0.0558
v1|358771092884|0,THE GOLD CITY QUARTET I Think I’ll Read It Again! 1983 vinyl LP,25.00,0.0558
v1|257611351093|0,Stereos – Sweetpeas' In Love / A Love For Only You    on  GIBRALTAR    1959,8.95,0.0558
v1|377326062458|0,Iron Butterfly Signed Vinyl LP Live,399.00,0.0558
v1|117289712970|0,Giant lot of promo 45s vinyl records Vintage,39.00,0.0558
v1|137483406947|0,The Beatles – Love Songs (Capitol SKBL-11711 1977 US 2×LP VG+/VG),29.99,0.0558
v1|257611435393|0,"10cc ""Live & let Live"" U.S. Gold stamped Promo LIVE double album",18.00,0.0558
v1|287445880104|0,elvis presley vinyl The Ultimate Performance,19.99,0.0557
v1|318556422521|0,Doris Day-Lot of 7 45rpms- Including Secret Love and Que Sera Sera $25.00,25.00,0.0557
v1|398150509204|0,Judas Priest Sin After Sin Japanese Press,18.00,0.0557
v1|147424003976|0,JETHRO TULL HEAVY HORSES LP ALBUM CHRYSALIS RECORDS VINYL VEX CVG+ Preowned !!,7.50,0.0557
v1|206402380624|0,"R&B Andre Williams ""Jail Bait""",50.00,0.0557
v1|366528336461|0,Johann Sebastian Bach – Mass In B Minor -Box set 3LPS VG++/Excellent R28,20.00,0.0557
v1|257611410482|0,"Genesis - Mama - 12"" Vinyl Single - Atlantic Records - Iconic 80s Rock",4.99,0.0557
v1|137493355130|0,Loretta Lynn Vinyl Record I Wanna Be Free Country LP Decca 1971 DL 75282,5.99,0.0557
v1|287447113955|0,"STING The Police ‎– Roxanne  12"" 1979 LP",8.00,0.0557
v1|398151549087|0,Dusty Springfield - The Look Of Love/ Give Me Time 45. - * 1967* Philips# 40465,9.00,0.0557
v1|257611002428|0,Louis Armstrong Disney Songs The Satchmo Way 1968 Buena Vista SONG OF THE SOUTH,29.99,0.0557
v1|267720766988|0,Triumph Just A Game LP Vinyl ,14.95,0.0556
v1|366528980791|0,"The Coasters 45 ""Charlie Brown / Three Cool Cats"" AU1",0.99,0.0556
v1|227421225856|0,Paul McCartney - Tug Of War - LP - 1982 Columbia Records,15.00,0.0556
v1|398150853117|0,"CLASSIC ROCK ""1966 THE BEAT GOES ON"" (2 LPS) PREMIUM QUALITY USED LP ",4.45,0.0556
v1|358767628113|0,Bachman-Turner Overdrive Four Wheel Drive Vinyl LP Record Album,15.00,0.0556
v1|168520628234|0,Sam Cooke - The Man And His Music - EX/NM-2 Vinyl LP Ultrasonic Clean & Tested,18.95,0.0556
v1|178291637745|0,Mudhoney Every Good Boy Deserves Fudge Picture Disc,35.00,0.0555
v1|168521460545|0,CHARLIE MANNA DECCA RECORDS WAR AT SEA 7 in Vinyl ridgid cardboard sleev,10.99,0.0555
v1|398150827888|0,CLIFF RICHARD - GREEN LIGHT Vintage LP Vinyl Album Record,3.00,0.0555
v1|198483348893|0,The Kalin Twins 45 EP DECCA 2641 Forget Me Not w/ PS Sleeve 1958,25.00,0.0555
v1|158064922375|0,"2 Lps Roberta Flack ""BLUE LIGHTS IN THE BASEMENT"" / Live & More w Peabo Bryson",6.99,0.0554
v1|178292413817|0,THE OAK RIDGE BOYS Dot Records LP Album-Y'all Come Back Saloon DO-2093,4.99,0.0554
v1|358768772395|0,"VINYL: COLEMAN HAWKINS- Hawk Files (2 LP), Booker T & The MG's- The Best Of...",5.50,0.0554
v1|398150607342|0,NOFX vs Frank Turner West Coast Wessex red galaxy vinyl LP Fat Wreck Euro Store,100.00,0.0554
v1|127963025293|0,Elvis Presley - Elvis Golden Greats -NM/VG++ 1977 RE Rock RCA AFL1-1707 Sleeve ,4.99,0.0554
v1|336676724378|0,"Kansas City Shout, Count Basie Record NRMT, Pablo Records",8.00,0.0553
v1|127962642440|0,Jukebox 45 & Title Strip Michael Bolton Time Love & Tenderness Cleaned Tested,2.49,0.0553
v1|168514193526|0,duet kenton/christy-capitol lp mono 1956 stan kenton & june christy-vinyl ex,1.99,0.0553
v1|398150846377|0,"DENNY GUDIM. WHY AM I SO UGLY/YOU'LL COME CRAWLIN BACK HOMELY 1935 ROSEMONT, MN",9.99,0.0553
v1|287438600862|0,"ALEXANDER ""SKIP"" SPENCE OAR MOBY GRAPE 2000 COLUMBIA SUNDAZED AUDIOPHILE SEALED",55.00,0.0553
v1|287438600862|0,"ALEXANDER ""SKIP"" SPENCE OAR MOBY GRAPE 2000 COLUMBIA SUNDAZED AUDIOPHILE SEALED",55.00,0.0553
v1|127962909074|0,Jukebox 45 & Title Strip Taylor Dayne With Every Beat Of My Heart Cleaned Tested,2.49,0.0553
v1|398153768489|0,ramsey lewis Sun Goddess  Vinyl,5.00,0.0553
v1|327252302470|0,"Severed Heads - Twenty Deadly Diseases 12"" Vinyl Maxi Single EX Nettwerk NM",15.99,0.0553
v1|298488511105|0,"Stax/Volt Revue Vol.2 LP, Otis,  Sam and Dave+more Live in Paris 1967 Stax 722",9.99,0.0553
v1|336676776126|0,"Ain’t Misbehavin’, Fats Waller Musical Show DBL Record NRMT, RCA",8.00,0.0553
v1|158063838324|0,"Pee Wee Hunt, “Save Your Love For Me”",3.25,0.0553
v1|158070453148|0,THE ALLMAN BROTHERS BAND AT FILLMORE EAST 1971 CAPRICORN SD2802 1ST PRESS CLEAN,55.55,0.0552
v1|307048721305|0,Amy Grant 45RPM “Find A Way/Angels” 1985 80s Pop Rock 7” Vinyl PS NM,3.00,0.0552
v1|407057412003|0,"LP:  Lorin Maazel, Kathleen Battle - Gustav Mahler Symphony No. 4 CBS",8.39,0.0552
v1|407056511813|0,DJ Rashad “I Don't Give A Fuck” 12” HyperDub Chicago Footwork Juke Vinyl,9.99,0.0552
v1|178291761174|0,The Weavers John B & The Roving Kind 45rpm,12.96,0.0552
v1|188616910023|0,Lynyrd Skynyrd Gimme Back My Bullets Vinyl LP Album in NM Condition,40.00,0.0552
v1|178291643143|0,"Dystopia by Iced Earth (Record, 2011)",40.99,0.0552
v1|147424506613|0,Canned Heat Historical Figures and Ancient Heads vinyl LP EX/NM,40.00,0.0551
v1|298498876001|0,Nitty Gritty Dirt Band - Dream 1975 - United Artists - Vinyl LP Album VG,6.00,0.0551
v1|377328343872|0,Rudy Vallee On Victor 22029 Height Ho Everbody Heigh Ho ! / Miss You ,12.00,0.0551
v1|188616429707|0,"THE ALKAHOLIKS on LP single "" THE NEXT LEVEL  "" hip hop hardcore",4.99,0.0551
v1|188616429707|0,"THE ALKAHOLIKS on LP single "" THE NEXT LEVEL  "" hip hop hardcore",4.99,0.0551
v1|178293608559|0,The Beatles Yesterday And Today First Pressing Vinyl LP T2553,20.00,0.0551
v1|198487843468|0,Ruston Kelly - Pale Through The Window Signed (Green Vinyl LP) ,50.00,0.0551
v1|800304490359|0,Falls Of Rauros - The Light That Dwells In Rotten Wood 2xLP Transparent Gold ,36.00,0.0550
v1|398152379063|0,"RCA Victor Artie Shaw ""Four Star Favorites"" Jazz Record Black 46-5214",9.99,0.0550
v1|318556419868|0,Lof of 24 LP Albums (no covers)--Pride/Williams/Boone/Reeves/Lynn/Snow/Foggy Riv,20.00,0.0550
v1|358768879746|0,Dorothy Shay LP The Park Avenue Hillbilly!,10.00,0.0550
v1|336677676865|0,"Electric Light Orchestra - Roll Over Beethoven, 1973 7"" promo single, Rock, Pop.",7.00,0.0549
v1|137492003776|0,1982 BARRY MANILOW - Barry - Arista AL 9537 LP Vinyl Record Stereo,1.99,0.0549
v1|287447113997|0,The Ramsey Lewis Trio At The Bohemian Caverns LP 1966 Cadet LPS-741,6.00,0.0549
v1|327246865758|0,Buddy Rich Class Of 78 LP Signed Autographed Direct-to-Disc Edition,65.00,0.0549
v1|206401650260|0,"NM  ""Doug Allen's Steven Out West"" 33-RPM FROM 2000 & 16-Page Read-Along Book",10.00,0.0549
v1|168522400342|0,Pat Boone – Love Letters In The Sand / Bernardine  1957 VG+,2.65,0.0549
v1|198483701728|0,Stan Getz Sweet Rain LP Verve DJ promo - Klabin collection,12.00,0.0549
v1|407061945566|0,JOE HOUSTON Blows WAY OUT  All Night Long MONEY #203 78Rpm E+,9.72,0.0549
v1|800305236725|0,Eric Clapton Backless vinyl 1978,6.20,0.0549
v1|127962589809|0,Rick Derringer All American Boy Vintage Vinyl + 1975 Circus Derringer Cover EX+,29.95,0.0549
v1|398140022044|0,1978 Jefferson Starship Earth Black Vinyl LP w/ inner Lyric Sheet Grunt Records,2.98,0.0548
v1|198475985003|0,"The Turtles- ""Turtles Golden Hits"" White Whale WWS 7115 G+/VG",13.00,0.0548
v1|398152845261|0,"Creedence Clearwater Revival-Willy and The Poor Boys, 1969, LP, Rock Vintage",145.00,0.0548
v1|188616433061|0,"SIMON & GARFUNKEL on LP "" BOOKENDS "" rock",2.99,0.0548
v1|188612568047|0,"Illusion: I Like It Loud 12"" Vinyl LP 1986  GEFFEN RECORD",9.25,0.0548
v1|117291718861|0,"THE OWL AND THE PUSSYCAT-SNDTK.BLOOD,SWEAT,AND TEARS-STREISAND/SEGAL.N/M VINYL",20.00,0.0548
v1|117290320117|0,The best of Sonny James vinyl recod album on Capital records,2.00,0.0548
v1|377319933802|0,"2 LP LOT THE SEEKERS- THE NEW SEEKERS, A WORLD OF OUR OWN CAPITAL FOLK",7.00,0.0548
v1|117291599369|0,Pretenders-vinyl ,10.00,0.0548
v1|227421291454|0,BOB DYLAN & THE BAND 1974 Live THIRD MAN 3xLP GREEN VINYL Record ALBUM M- USED,73.82,0.0547
v1|147422731618|0,MOTELS - (4) 45s & Picture Sleeves - VG-VG+,4.50,0.0547
v1|358758630601|0,SADAO WATANABE - MAISHA ELEKTRA LP SHRINK,8.00,0.0547
v1|147423101286|0,Cactus Cactus Stereo Vinyl LP EX/NM SD 33-340,50.00,0.0547
v1|307047933214|0,"Prince and the N.P.G. Cream/Horny Pony 7"" Black Vinyl 45 RPM Single 1991",10.00,0.0547
v1|178291916134|0,"Pat Benatar - ""Precious Time"" - LP",4.00,0.0547
v1|188612476150|0,"GTR When The Heart Rules The Mind 7"" Vinyl 45 RPM Single Arista 1986 AS1-9470",4.00,0.0546
v1|298487554506|0,Louise Mandrell  R.C. Bannon   6-LP's    NM or as Described    CHOOSE Any 5 LP's,22.00,0.0546
v1|147427896554|0,James Taylor One Man Dog 1972 1st Press Warner Bros BS 2660,6.99,0.0546
v1|206393417953|0,HISTORIC LIBRARY OF CONGRESS  1941  FIELD RECORDING SET  by ALAN & JOHN LOMAX,250.00,0.0546
v1|178292350588|0,MARVIN GAYE & TAMMI TERRELL-EASY-TAMLA 294-VINYL LP-VERY PLAYABLE ENJOYABLE COPY,24.95,0.0546
v1|257611069145|0,THE GUESS WHO - FAVOURS -  RCA QUADRADISC - RARE - STILL IN SHRINK WRAP -CD4,34.99,0.0546
v1|158054372145|0,Kurt Weill - The London Sinfonietta - Collected Works LP,30.00,0.0546
v1|178294084796|0,SUNDAY MORNING WITH THE COMICS RADIO THEMES JIMMY BOWEN 6210 VINYL NEAR MINT!,14.99,0.0545
v1|158066762986|0,"Jefferson Starship - Winds of Change, Vinyl LP BXL1 4372 (1982) Ex",5.99,0.0545
v1|336680378351|0,O'JAYS - LOOKY LOOKY b/w LET ME IN YOUR WORLD - ORIG 1970 NEAR MINT -45 RPM,3.75,0.0545
v1|267718257362|0,Jethro Tull – Benefit LP - 1970 - VG+/VG,9.00,0.0545
v1|377318761715|0,"GREGORY ABBOTT - SHAKE YOU DOWN COLUMBIA 12"" SHRINK",8.00,0.0545
v1|127962714377|0,sonny&cher 33 rpm record lp the wonderus world of/very good minus,2.80,0.0545
v1|236923848095|0,Ennio Morricone Days Of Heaven LP Soundtrack 1979 Pacific arts PAC8-128 OOP,20.00,0.0545
v1|236916956452|0,Highway 101 “Highway 101” LP/Warner Bros. 25608-1 Hype Sticker 1987/Excellent!!!,4.99,0.0545
v1|178292530431|0,GLEN CAMPBELL-LIVE-TAWAIN 2 LP SET-NICE COPY-PLAY TESTED-VINYL,23.99,0.0545
v1|366528683438|0,"Beatles George Harrison I Don’t Want To Do That 12"" Promo Single Vinyl LP",45.00,0.0544
v1|137493403592|0,"George Shearing LP, The Shearing Touch, Vinyl Lp Record * String Choir Billy May",4.00,0.0544
v1|278162580439|0,"TINA TURNER What's Love Got To Do With It 45 7"" Near Mint",3.99,0.0544
v1|127962910776|0,Jukebox 45 & Title Strip Deon Estus George Michael Heaven Help Me Cleaned Tested,2.49,0.0544
v1|188612724386|0,Emil Gorovets - In America It's Good  Russian Emigrant LP USA 1980,70.00,0.0544
v1|407057412001|0,Stanley Black: Russia. SP-44075 LP Vinyl Record Album Phase 4 Stereo London,6.89,0.0544
v1|358772079932|0,Fat Navarro Vinyl Album Good Bait  EX,25.00,0.0544
v1|198476977671|0,"Tanya Tucker ‎– Dreamlovers   Folk, World, & Country Pinckneyville Pressing Lp",6.00,0.0544
v1|147423552497|0,American Flyers Soundtrack Vinyl LP GRP-A-2001 1985 Promotional Copy  ,43.00,0.0543
v1|127962321920|0,David Allan Coe Mysterious Rhinestone Cowboy 1974 Vinyl Record Columbia KC 32942,10.99,0.0543
v1|168515518958|0,stan kenton-cuban fire capitol-f.1956-t-731-mono vinyl album vinyl ex ,1.99,0.0543
v1|178282769515|0,Dick Powell Susan Slept Here 4 Hits Aussie 1955 45rpm Vinyl EP Festival label,5.99,0.0542
v1|377318243519|0,Rare Promo Record-Jingle Bells by Les Paul & Silent Night by Les Paul &Mary Ford,19.95,0.0542
v1|298488612736|0,the isaac hayes movement lp,8.00,0.0542
v1|298488612736|0,the isaac hayes movement lp,8.00,0.0542
v1|358755567793|0,"ELOSIE LAWS - 1,000 LAUGHS ABC 45 WL PROMO",6.00,0.0542
v1|358755567793|0,"ELOSIE LAWS - 1,000 LAUGHS ABC 45 WL PROMO",6.00,0.0542
v1|158064397535|0,"Bette Midler Divine Madness (A National Treasure Chest) 12"" Vinyl LP Record",5.00,0.0542
v1|327247188776|0,"4 Earth, Wind & Fire 45s ""Fall In"" ""Can't Hide"" ""That's"" +BIO  -  Good Condition",6.99,0.0542
v1|800304358931|0,Harry Chapin In Sequel Vinyl Record LP Album,5.00,0.0542
v1|358767650486|0,Blood Sweat and Tears 1969 Vinyl LP Record,15.00,0.0542
v1|168520941219|0,Gary Karr - Caprice No.1 Nanny/Melody from Prince Igor Borodin 7” Vinyl VG+,49.99,0.0542
v1|307049857692|0,MGM The Wizard of Oz Original Soundtrack LP Vinyl Stereo Judy Garland,25.00,0.0542
v1|327252110304|0,"Asleep At The Wheel LP ""10"" NM BX10",3.00,0.0542
v1|336676759279|0,"The Earl Hines Trio, Fatha Record NRMT, CSP, CBS Records",7.00,0.0541
v1|137493735891|0,The Charlie Daniels Band•Million Mile Reflections Vinyl LP•MFSL 1-176,15.50,0.0541
v1|287446301529|0,Vintage Songs from Sesame Street LP Vinyl Record Album Rubber Duckie Big Bird,1.99,0.0541
v1|318556491232|0,"Vintage Vinyl Records. Soundtracks. The King And I, Camelot, Dear World",4.00,0.0541
v1|137493355076|0,The Incomparable Mantovani and His Orchestra LP London LL3392 Mono Vinyl Record,1.99,0.0540
v1|147424506344|0,Like New Johnny Winter: The Progressive Blues Experiment-Imperial  Stereo Viny,75.00,0.0540
v1|800308482173|0,"Eddie Boyd, J.O.B. 1007, Five Long Years.  E- Nice  Gloss.",20.00,0.0540
v1|147423244944|0,"Insane Clown Posse – Leck Mich Im Arsch RARE 7"" vinyl single '11",13.99,0.0540
v1|227421824375|0,Al Di Meola Land Of The Midnight Sun Vinyl LP Record - Columbia PC 34074 VG+/VG,5.00,0.0540
v1|377326091198|0,LANDMARK Service That Makes Fine Products Better RADIO ADVERT VINYL Record USED,5.00,0.0539
v1|358756673508|0,Bartók Reiner Chicago Symphony Music For Strings Vintage Vinyl Record LP EX/EX,4.99,0.0539
v1|307048696830|0,"Phil Collins 45RPM You Can’t Hurry Love  1982 80s Pop Soul Motown Vinyl 7"" NM PS",3.00,0.0539
v1|178282126359|0,BETTE MIDLER - 1977 Vinyl 33rpm Double LP - LIVE AT LAST,15.00,0.0539
v1|318515371961|0,Paul Simon – Still Crazy After All These Years - US LP + OIS 1975,4.99,0.0539
v1|158066449095|0,SOIUNDCRAFTSMEN - INSTRUCTIONAL  TEST RECORD,4.00,0.0538
v1|327251922735|0,BERNARD HERRMANN  Music From the Great Movie Thrillers  NM/NM- Fully Tested!,8.70,0.0538
v1|307042269039|0,"Carole King “Music” Stereo Vinyl = VG 12"" LP Record Rock, Pop Rock, Folk Rock",3.00,0.0538
v1|287445878920|0,Elvis Presley Blue Rhythms UK Double Album Blue Vinyl EVEREST,20.00,0.0538
v1|800308604487|0,"Jackson 5 1974 Vinyl Record, Motown Record",49.99,0.0538
v1|800308604487|0,"Jackson 5 1974 Vinyl Record, Motown Record",49.99,0.0538
v1|358768040056|0,"B.J. Thomas self-titled, lp, 1977 vintage classic country record",1.98,0.0537
v1|358768278772|0,The John Hall Band All Of The Above,15.00,0.0537
v1|158064219944|0,"Loggins And Messina 1974 Vinyl Mother Lode - Columbia - PC 33175 - LP, Album NM",10.00,0.0537
v1|358755600433|0,Stevie Nicks -  Rooms On Fire/Alice 45 Picture Sleeve NM,3.99,0.0537
v1|318567493167|0,Coven Witchcraft Destroys Minds & Reaps Souls 2018 HellFire Vinyl Lp  RGM0764,39.00,0.0537
v1|336677287707|0,"Majestic 1036 Mildred Bailey ""All That Glitters Is Not Gold"" / ""In Love in Vain""",1.00,0.0537
v1|198483654160|0,DIRE STRAITS LP Brothers in Arms 1985   Warner Brothers Mark Knopfler  vinyl,10.60,0.0537
v1|168514457851|0,10 x CLASSIC IRISH FOLK LP LOT UK Bothy Band Boys Of The Lough Battlefield Band+,9.99,0.0537
v1|158065119684|0,Saltburn Soundtrack Picture Disc Vinyl,45.00,0.0537
v1|287447149290|0,Joe Walsh Theme From Island Weirdos / Space Age Whiz Kids 45 RPM,4.00,0.0537
v1|127962695634|0,"Prince Promotioinal Vinyl 45 ""When Doves Cry"" Mint-Purple Vinyl",9.99,0.0536
v1|358767505459|0,The Blue Oyster Cult Tyranny and Mutation LP Columbia Records KC 32017,18.00,0.0536
v1|117291428129|0,Vasa Prihoda Violin Recital Paganini Dvorak Suk  Podium Legenda POL-1001,10.00,0.0536
v1|377326103372|0,"SCARFACE My Block /Guess Who's Back Single 12"" LP Jay-Z Gangsta Rap DEF JAM",4.99,0.0536
v1|278163270705|0,Pay To Cum ! Bad Brains 7” Vinyl,9.07,0.0536
v1|358771319622|0,The Ralph Nalin Group 15 Harmonica Faves Album Released In 1978 Very Good,10.00,0.0536
v1|206402460525|0,FATS DOMINO SWINGS LP SIGNED,150.00,0.0536
v1|307043031906|0,"Dame Edith Evans “The First Christmas” Vinyl=VG+ 12"" LPRecord Holiday,Children’s",3.75,0.0536
v1|358758630311|0,BREWER & SHIPLEY - WEEDS KAMA SUTRA LP KSBS 2016,9.99,0.0536
v1|358769281446|0,lp atlanta rhythm section a rock and roll alternative,5.25,0.0535
v1|267720702059|0,"THE T-BONES NO MATTER WHAT SHAPE  7"" 45 rpm RECORD LIBERTY 55836",2.00,0.0535
v1|158063760413|0,"Bobbie Gentry and Glen Campbell, Vinyl Records LP",2.24,0.0535
v1|358756740794|0,Dimitri Mitropoulos Caucasian Sketches Polovtsian Dances LP Vinyl Record Album,4.99,0.0535
v1|168520570969|0,Vaughn Monroe Greatest Hits LP Album Mono w/ Catalog RARE EX/NM ULTRASONIC CLEAN,10.99,0.0535
v1|127962278411|0,Jacques Brel - N° 3 1966 LP Philips Collection French Import,7.00,0.0535
v1|800305616448|0,Barbra Streisand The Third Album,4.99,0.0535
v1|278163586829|0,Howdy Doody Air-O-Doodle Vinyl Double Record Album Vintage,10.00,0.0535
v1|278154790142|0,"LITTLE BENNY AND THE MASTERS - WHO COMES TO BOOGIE JEM-ROSE GO-GO 12""",15.00,0.0534
v1|158070390312|0,Animotion vinyl record album,3.00,0.0534
v1|377326094140|0,Rosanne Cash Right or Wrong 1979 White Label Promotional Copy VG Cover VG+ vinyl,5.00,0.0534
v1|168520863381|0,RCA Camden Gershwin Rhapsody in Blue Concerto in F Boston Pops LP Vinyl CAL 304,7.00,0.0533
v1|267720796646|0,"Jerry Butler - Nothing Says I Love You Like I Love You (LP, Album, Promo) NM",5.00,0.0533
v1|800293770046|0,THE BEATLES – Hey Jude & Let It Be - Pre-Owned Vinyl LPs in Excellent Condition!,20.50,0.0533
v1|168521144400|0,Red Rockers Good As Gold Vinyl LP VG,5.00,0.0533
v1|168520863806|0,Arthur Lyman Yellow Bird LP Vinyl Exotica/Lounge Life Series L-1004 Stereo,9.00,0.0533
v1|227421475029|0,PERRY COMO  Season's Greetings  RCA LPM-2066  VG+  Fully Tested,4.40,0.0533
v1|358777540607|0,Kenton Presents Bob Cooper Shifting Winds  Capitol T6513 MONO Jimmy Giuffre VG+,9.99,0.0533
v1|298488946299|0,"BRUCKNER- TE DEUM , HANDEL -LAUDATE PUERI DOMINUM, LORENZO BERNARDI",0.99,0.0533
v1|168522400851|0,RAY CHARLES  LP  THE FABULOUS Spin o Rama M-141,2.70,0.0533
v1|137493548028|0,Count Basie Big Bands Are Back Vinyl LP Record,3.00,0.0532
v1|307047858946|0,Scholastic Records Mouse Soup Arnold Lobel LP Vinyl 33 RPM 1978 SCC 2807,6.39,0.0531
v1|318557473197|0,Morbid Angel Entangled In Chaos Color Vinyl Limited Edition Green/white,59.00,0.0531
v1|307049882211|0,"1964 MN Garage Rock LP - ""Big Hits Of Mid-America - Vol. 1"" SOMA RECORDS #1245",2.99,0.0531
v1|257611047134|0,Night Ranger 7 Wishes Vinyl Record Album LP  MCA-5593  1985 Promo + Hype Sticker,11.95,0.0531
v1|398150228869|0,"National Lampoon Lemmings Comedy LP Vinyl 12"" 33 RPM Stereo BTS 6006",4.00,0.0530
v1|168525842731|0,Bachman Turner Brave Belt LP,1.99,0.0530
v1|236918300907|0,"BUCK OWENS - Before You Go/(I Want) No One But You, 45 NM, New, NM, 1965,Capitol",4.49,0.0530
v1|236936070345|0,Lot of 62 VERY RARE Vinyl 45 Records VG+ or Better w/ All Genres K16,59.00,0.0530
v1|336677664762|0,"Francoise Hardy - J'Ai Coupe Le Telephone, 7"" France single from 1969, Rock, Pop",9.99,0.0530
v1|800305200570|0,Never Did It Before-Barrington Levy-HEV-D White Label Promo Exc Cond 12” Remixes,5.00,0.0530
v1|318542445706|0,25 POLKA GREATS - VINYL Record Album,7.50,0.0530
v1|267720719668|0,The Smothers Brothers -The Two Sides of the Smothers Brothers - Mercury SR-60675,5.00,0.0530
v1|178293910420|0,"DOUBLE-WOMAN OF THE WORLD-12"" SINGLE PROMO VINYL COPY-CLEAN COPY",25.00,0.0530
v1|147424506961|0,The Eagles On The Border Stereo Vinyl LP 7E-1004 Excellent Condition,30.00,0.0530
v1|287446010257|0,SEARCHERS - NEEDLES AND PINS / AIN'T THAT JUST LIKE ME  SOUND CLASSICS NM,4.99,0.0530
v1|257611089272|0,Gap Band - Keep A Freak - 1984 - Promo Single,1.99,0.0529
v1|147424506767|0,Like New Fleetwood Mac Mirage Stereo Vinyl LP 1982 Warner Bros. 23607-1,75.00,0.0529
v1|800304414186|0,The Box Tops Dimensions Vinyl LP,6.00,0.0529
v1|178291908842|0,"Led Zeppelin Trampled Under Foot 7"" (German pressing)",35.00,0.0529
v1|236927665189|0,"Lou Rawls' ""Dead End Street"" 45 record VG++ Capital Records",4.99,0.0529
v1|398154124892|0,Carpenters Passage 1977 A &M Vinyl Album-No sleeve-good cover!,7.99,0.0529
v1|398150727962|0,Melissa Manchester – Emergency - Arista – AL 8-8094 - 1983 - Vinyl LP,3.00,0.0528
v1|127963741394|0,"Chad And Jeremy - Before And After  1965 12"" LP Columbia",4.00,0.0528
v1|227421423632|0,HUGO BLANCO Bailables 12 WS LATINO LP VG+ or Better!,13.58,0.0528
v1|178292413832|0,PERFECT Orginal Soundtrack aLBUM-Arista LP,4.99,0.0528
v1|257611216612|0,Starship Knee Deep in Hoopla Vinyl Record With Original Cover 1985 RCA,7.99,0.0527
v1|257615289323|0,1984 NEW EDITION MR TELEPHONE MAN 45 UNTESTED,3.99,0.0527
v1|278154789835|0,"CYNDI LAUPER - SHE-BOP PORTRAIT 12""",8.00,0.0527
v1|178282274093|0,D’ATRA HICKS ‘ You Make Me Want To Give It Up 12’ Vinyl Record 1989 Capitol,12.98,0.0527
v1|800318740211|0,The Mission Tower Of Strength 12” Pair Of Vinyls Bombay Mix,5.00,0.0527
v1|168520848722|0,Todd Rundgren A Capella Vinyl,14.00,0.0527
v1|257610758437|0,Loretta Lynn 1974-Greatest Hits & 1982-Making Love From Memory,16.00,0.0527
v1|318542842776|0,Johnny Cash Vinyl 33 RPM Record Set(2). The Heart of Johnny Cash. Columbia,3.00,0.0527
v1|800304675932|0,"Chuck Willis Hang Up My Rock And Roll Shoes / What Am I Living For 7"" 45 Atlant…",4.00,0.0526
v1|287446213082|0,Carly Simon - Hotcakes 1974 Elektra vinyl LP,6.00,0.0526
v1|336677049225|0,Buffalo Springfield ( Atco SD 2-806) Gatefold 2-Lps 1973 See Pics,2.00,0.0526
v1|267720719834|0,"The 5th Dimension ‎– Up, Up And Away Vinyl, LP 1967 Soul City ‎– SCM-91000",4.99,0.0526
v1|198483866629|0,FACE DANCER 'ABOUT FACE' 1980 Vinyl LP / EX,3.99,0.0526
v1|366534481002|0,RCA LSC-2522 MUNCH Schubert Symphony No.2 2S 3S SD 1962 VG++ TO NM,2.99,0.0526
v1|278154790208|0,"JUNIOR - MAMA USED TO SAY MERCURY 12"" PROMO",9.99,0.0525
v1|178292464746|0,"Elton John Victim of Love 1979 , Pat Benatar Linda Ronstadt Mad Love Vinyl Lot",3.00,0.0525
v1|327234999218|0,LED ZEPPELIN - PRESENCE - HARD BLUES /  CLASSIC ROCK - (PR) - (NM-) VINYL,5.99,0.0525
v1|318511793890|0,Various – Summer Lovers - US Soundtrack LP in Gimmick Sleeve 1982,4.99,0.0525
v1|298488532579|0,lp records pre owned,33.50,0.0525
v1|298488820249|0,lp records pre owned,31.50,0.0525
v1|298488816908|0,lp records pre owned,28.50,0.0525
v1|298488819858|0,lp records pre owned,21.89,0.0525
v1|147427825864|0,Three Dog Night Cyan 1973 NM Vinyl Lyric Sleeve,9.99,0.0525
v1|257615419339|0,"""P. CETERA 'ONE GOOD WOMAN' (1988) OOP ORIG. REL. 1ST ED. VINYL 45 SINGLE""",14.04,0.0525
v1|168521492642|0,Readers Digest Vinyl Box Set the Swing Years Collector's Edition 1936-1946,2.42,0.0524
v1|227421602345|0,"Prince and the Revolution Purple Rain Purple Vinyl 12"" Maxi-Single 2-Cut Edition",75.00,0.0524
v1|358768208353|0,Steely Dan The Royal Scam,15.00,0.0524
v1|398152003976|0,"The Doobie Brothers The Captain and Me 12"" Black Vinyl LP Rock Warner BS 2694",8.00,0.0524
v1|158054564396|0,"Jean-Philippe Rameau, Christoph Willibald Gluck ‎– Ballet Suite from Castor et P",15.00,0.0523
v1|236923741579|0,"The Anita Kerr Quartette FOR YOU, FOR ME FOREVERMORE Decca DL 74061 V 1960",10.00,0.0523
v1|168520714208|0,Marie Osmond vinyl records lot of two 45 Records Andy Kim Be My Baby,9.59,0.0523
v1|327246519337|0,"Beverly Sills & Sherrill Milnes - Up In Central Park ""LP""",3.00,0.0523
v1|137492982643|0,BARTOK BLUEBIRD'S CASTLE LP BOX - Pierre Boulez,7.99,0.0523
v1|358771346606|0,JFK A Memorial Album Released In 1963 Very Good Condition,10.00,0.0522
v1|307048193398|0,Culture Club 45RPM “I’ll Tumble 4 Ya” 1983 80s New Wave Pop Rock 7” Vinyl PS NM,3.00,0.0522
v1|307042928473|0,"Jac Holzman “Authentic Sound Effects Volume 9“ Stereo Vinyl = VG+ 12"" LP Record",3.75,0.0522
v1|278163957781|0,"OLIVIA NEWTON JOHN- Let Me be There LP (MCA) - 12"" VG+",8.40,0.0521
v1|377326091279|0,TEDDY RANDAZZO The Girl From U.N.C.L.E. MGM 1966 VG+ VINYL LP Record USED,6.55,0.0521
v1|358777731662|0,Bob Szajner Triad Jazz Opus 20/40 WLP Roy Brooks Ray McKinney RARE LP 1978,15.00,0.0521
v1|800305711916|0,"Melanie Martinez Portals Walmart Exclusive Lavender Colored Vinyl 12"" LP",14.00,0.0521
v1|168527535845|0,TAS RCA LSC-2068 RUBINSTEIN Rachmaninoff CTO #2 REINER 12S 9S SD 1958 VG++,5.99,0.0520
v1|188521454516|0,Steely Dan - Gaucho - 1980 MCA 6102 LP Vinyl Record - NM,11.38,0.0520
v1|257611261354|0,The Cover Girls If You Want My Love (Here It Is) 12” Vinyl Maxi Single 1995,2.00,0.0520
v1|307049888491|0,"1964 MN Garage Rock LP - ""Big Hits Of Mid-America - Vol. 1"" GARRETT RECORDS #201",2.99,0.0520
v1|137493692800|0,"KISS Music From The Elder Half-Speed Master, Vinyl LP German Import 2021",19.99,0.0520
v1|318554860756|0,RCA Victor Little Black Sambo’s Jungle Band  2 Records as told to Paul Wing,17.89,0.0520
v1|206401563134|0,BEETHOVEN - SYMPHONY NO. 6 (PASTORAL)  RECORD LP VINYL,9.00,0.0519
v1|287447114945|0,Arthur Baker  Vs Rennie Pilgrim,15.00,0.0519
v1|318556484482|0,Rod Stewart. Vinyl Records. Lot Of 3. Blondes Have More Fun. Foolish Behaviour.,15.00,0.0519
v1|327251743919|0,The Dream Academy 45 Record Life In A Northern Town 1985 Picture Sleeve ￼,2.25,0.0519
v1|327252186020|0,"Paul & Paula 45 ""Hey Paula / Bobby Is The One"" AU2",0.99,0.0518
v1|336678362012|0,"Igor Stravinsky Firebird RCA Red Seal ARL1-1312 12"" Vinyl LP Stereo",4.99,0.0518
v1|307050152404|0,Vinyl Record LP Placido Domingo with John Denver Perhaps Love,2.26,0.0518
v1|188614754516|0,Two Tennessee Ernie Ford Albums & Cassette - Amazing Grace 25 Hymns,6.99,0.0518
v1|257615371410|0,1996 JUNIOR M.A.F.I.A. GET MONEY THE REMIX VINYL LP UNTESTED,6.99,0.0518
v1|358755567608|0,MARTHA REEVES & THE VANDELLAS - TEAR IT ON DOWN GORDY 45,8.00,0.0518
v1|318555378408|0,"Iron Butterfly - In A Gadda Da Vida - Vinyl (1968, SD 33-250)",2.50,0.0518
v1|267699505451|0,AC/DC-Back in Black-1980 Atlantic  SD 16018,12.50,0.0518
v1|318555248533|0,"Autographed, The America I Love / Sherrill Milnes (Vinyl, LP) With Frame",24.99,0.0517
v1|358755572259|0,PEGGY SCOTT & JO JO BENSON - PICKIN' WILD MOUNTAIN BERRIES SSS INTERNATIONAL 45 ,8.00,0.0517
v1|188614732821|0,Jesus Christ Superstar Rock Opera 2 Vinyl LP MCA 1973 Reissue Libretto Gatefold,2.36,0.0517
v1|287447426304|0,ELVIS    PRESLEY  -LP- ELVIS   GOLDEN  RECORDS - “1958” - Near Mint,23.00,0.0517
v1|168521496033|0,A Shearing Caravan The George Shearing Quintet ,1.93,0.0517
v1|358769461422|0,HANK THOMPSON AND HIS BRAZOS VALLEY BOYS simple Simon simple heart,1.06,0.0516
v1|198483499144|0,Wooden Foot Cops On The Highway by The Woodentops (Vinyl LP 1988 Columbia) G+,2.99,0.0516
v1|206402948117|0,"Housemartins Caravan Of Love US Single 7""  Vinyl Picture Sleeve Fatboy Slim",5.00,0.0516
v1|377319933784|0,TONY BENNETT - LOVE STORY COLUMBIA STEREO LP,6.00,0.0516
v1|127958512034|0,"Elvis Presley:12""LP Moody Blue 1977 Blue Vinyl RCA Victor Vinyl, Cover NM",14.95,0.0516
v1|307042865787|0,"Kai Winding “Modern Country” Vinyl = VG:VG+ 12"" LP Record Country, Jazz, Folk",3.75,0.0516
v1|257611186264|0,Vintage Judy Collins LP record 12” good condition album,3.75,0.0516
v1|227421393069|0,LP- Conjunto Clasico – Clasicas De Clasico (1983),25.00,0.0516
v1|206402363134|0,Hal Rode. “Traveling Around “  1979  45rpm Single,30.00,0.0515
v1|287447113965|0,Property of don’t panic 1998 don’t panic records,5.00,0.0515
v1|178292192375|0,"Vintage Vinyl Album,  The Marshall Tucker Band, LP, Searching For A Rainbow,...",9.25,0.0515
v1|137493506709|0,25 Polks Greats K-Tel LP NC-420 Record only,0.53,0.0515
v1|318515391358|0,The Dudek Finnigan Krueger Band – Special Tour Sampler - US promo only LP 1978,4.99,0.0515
v1|188614130151|0,"OPENED- WARNER BROTHERS- GRATEFUL DEAD ""Europe 72"" TRIPLE VINYL LP",14.50,0.0515
v1|158066763081|0,"2 Musical albums  Evita  , Double Record Set LP , Music By Lloyd Webber  4 lps ",9.99,0.0515
v1|158054564358|0,Piano Quintets by Franz Berwald LP,18.00,0.0515
v1|407057006240|0,"b-MoVE Remembrance Day / Institution Walls 12"" Vinyl Single Some Bizarre DMX 437",10.00,0.0515
v1|377319933732|0,THE PERSUASIONS - GOOD NEWS ROUNDER LP,9.99,0.0514
v1|127962909033|0,Jukebox 45 & Title Strip Taylor Dayne Prove Your Love Cleaned Tested,2.49,0.0514
v1|178291908835|0,"Pat Benatar - ""Get Nervous"" - LP",4.00,0.0514
v1|298488854042|0,PAUL REVERE & THE RAIDERS-SS 396/CORVAIR BABY-COLUMBIA SPECIAL PRODUCTS (PROMO),28.00,0.0514
v1|307052484064|0,Traffic -When The Eagle Flies -1974 Island/Asylum 7E-1020/ Winwood/Capaldi,10.00,0.0514
v1|307047853099|0,The Beach Boys Today! Capitol T 2269 1965 LP Mono Vinyl & Inner Sleeve Only VG,9.95,0.0514
v1|267718255686|0,James Gang – James Gang Rides Again LP - 1971 - VG+/VG,9.00,0.0514
v1|257605369475|0,"TRIUMPH 3 lot   1983 NEVER SURRENDER, 1984 THUNDER 7 & 1985 STAGES Live Lps",63.00,0.0514
v1|318550681366|0,"Jimmy Eat World ~ Pain Clear Green Limited Vinyl 7"" 45 Promo",8.99,0.0513
v1|307048823649|0,The Original Cast Album Song of Norway Edvard Grieg Vintage Vinyl Record  🦋,2.00,0.0513
v1|178292788599|0,"Headliner CBS LP RECORD, Henson Cargill ,Welcome to My World , VG ",2.00,0.0513
v1|307043085737|0,"Waukesha South High School Choirs “Peace On Earth” 1977 Vinyl=VG+ 12""LP Holiday",5.00,0.0513
v1|358768777250|0,"70s POP VINYL: Fleetwood Mac- Mystery to Me, Rod Stewart - Every Picture....",15.00,0.0513
v1|298488308106|0,The Little Mermaid (Live Action) Target Exclusive Oceanic Blue Color Blend Vinyl,11.00,0.0512
v1|377332223723|0,"Kool Moe Dee Wild Wild West Vinyl 12"" Single Jive Hip-Hop 1084-1-JD",5.55,0.0512
v1|327247187405|0,"Amy Grant 1985 LP ""Unguarded"" 10 Pop/Christian Songs - Good Condition",8.99,0.0512
v1|278156254731|0,Waldorf #109 - early attempt at LP,0.59,0.0512
v1|188614247150|0,"OPENED- SUNDAZED RECORDS- THE BYRDS ""The Times They Are A Changin"" 7-INCH SINGLE",8.00,0.0512
v1|327252239308|0,Jean Michel Jarre Zoolook 12” Maxi Single Vinyl Record 1984 France Pressing VG+,9.99,0.0512
v1|206401856980|0,General Johnson Chairman Of The Board Dreamin’  Blue Vinyl Summertime Groove￼45,199.00,0.0512
v1|147423070959|0,"78RPM Mercury 8250 Ray Snead ""I'm A Good Rockin Baby"" / Don't Play Me For No...""",14.95,0.0511
v1|358756871987|0,HUGO WINTERHALTER  -  Music by Starlight  -  RCA Victor LP,7.03,0.0511
v1|127962844579|0,Lawrence Welk Calcutta! Stereo Vinyl LP Dot Records DLP 25359,1.42,0.0511
v1|257610795180|0,Elvis Presley He Walks Beside Me Favorite Songs Of Faith And Inspiration,11.00,0.0510
v1|358768861827|0," Todd Rundgren Runt vinyl LP ",8.00,0.0510
v1|398150786991|0,The Blazers - Short Fuse SIGNED Vinyl VG+,24.99,0.0510
v1|398152113919|0,Jerry Butler - It All Comes Out In My Song * Motown M6-892S1 Soul LP -G+/VG,1.50,0.0510
v1|318555125427|0,"Floyd Dixion, OOOH LITTLE GIRL .  EBB 105x   VG+",25.00,0.0510
v1|236918307382|0,"MIDNIGHT STAR - Playmates/Operator, 45 EX, 1984, Solar Records",3.49,0.0510
v1|298488951243|0,"1955-GEORGIA GIBBS, "" THE MAN THAT GOT AWAY / MORE THAN EVER"" , 7"" MERCURY",0.99,0.0510
v1|298488772381|0,2 VINCENT EDWARDS Star of Ben Casey LP Albums-At The Riviera /Sings,4.99,0.0510
v1|377326878432|0,"Naughty by Nature Mourn You Till I Join You Vinyl 12"" Single Tommy Boy",7.77,0.0510
v1|358768300697|0,Cat Stevens Tea for the Tillerman Vinyl LP Record,15.00,0.0510
v1|398151645321|0,"""Winnie the Pooh and Tigger Too"" Read Along Book And 7” Record 1977 Walt Disney",7.50,0.0510
v1|336671775098|0,FALSTAFF VERDI PHILHARMONIC OPERA HERBERT VON KARAJAN 3 Mint Lp Box Set Italian,7.50,0.0509
v1|198482794314|0,John F. Kennedy – The Presidential Years 1960-1963 - 1964 20th Century Fox LP,9.99,0.0509
v1|398150288341|0,"78rpm 12"" Victor 35544 - Golden & Marlowe - Mat. Difficulties & Love Sick Darky",9.99,0.0509
v1|287445879318|0,Bruce Springsteen - Born In The USA Vinyl LP Record 1984 Columbia w/ Lyrics,9.95,0.0509
v1|168521125916|0,TOM COCHRANE & RED RIDER - Victory Day (1988) LP Record. VG,5.00,0.0509
v1|377326091223|0,DON BYAS Bass-C-Jam / Free And Easy SAVOY 1944 Jazz 78 RPM SHELLAC USED,5.00,0.0509
v1|178281847756|0,Tim Mcnamara Aussie 50's 10 inch 78 Rodeo label A Mother As Lovely As You,9.99,0.0509
v1|178281847756|0,Tim Mcnamara Aussie 50's 10 inch 78 Rodeo label A Mother As Lovely As You,9.99,0.0509
v1|178292506737|0,The Platters - Reflections And Encore Of Golden Hits,3.00,0.0508
v1|147424326372|0,Crosby Stills & Nash SD 8229 1841 Broadway AT LW PR Early Presswell LP VG+,40.00,0.0508
v1|127963628492|0,Seven Years War Hardcore Punk 7” Vinyl,12.00,0.0508
v1|278163132548|0,The Ventures - Go with the Ventures! 1966 Dolton BST-8045 LP Vinyl  Record,8.99,0.0508
v1|318512197356|0,Fleetwood Mac – Rumours - US LP 1977,10.50,0.0508
v1|137482044164|0,"MASON PROFITT--""Movin ' Toward Happiness""--1971 Release-Country Rock-Clean Vinyl",4.95,0.0508
v1|800308484615|0,"Frankie Lee Sims, Lucy Mae Blues.  Specialty Sp-459.  Vg Or Better. ",20.00,0.0508
v1|407058161069|0,Frankie Valli - Our Day Will Come   1975 Record Album   VG / VG   Carrie  Jojo's,5.00,0.0508
v1|318555472587|0,STRAVINSKY FIREBIRD SUITE LP Vinyl ROBERT SHAW TELARC Records GC VINTAGE,7.95,0.0508
v1|188614198242|0,"OPENED- RCA RECORDS- THE YOUNGBLOODS ""This Is The Youngbloods"" DOUBLE VINYL LP",8.00,0.0507
v1|298490563565|0,Neil Sedaka       13-LP's      NM or as Described      CHOOSE Any 5 LP's For $22,22.00,0.0507
v1|318556418932|0,PAT BOONE Howdy! LP Album,4.99,0.0507
v1|398150422242|0,Forest Gump The Soundtrack On Red And Blue Vinyl NM Records,20.00,0.0507
v1|336677351786|0,"READER'S DIGEST  * ENCORE *  GREAT STARS, GREAT PERFORMANCES "" 8 "" ALBUM BOX SET",1.00,0.0507
v1|117291625780|0,Jimi Hendrix Experience original soundtrack from the motion picture Rare VG,12.99,0.0507
v1|236923538803|0,Sonny Boy Williamson -Chess Blues Masters Series - 2 LPs -2ACMB-206 -1976,50.00,0.0507
v1|287446085039|0,"Bill Haley And His Comets – Mary, Mary Lou / It's A Sin    on  DECCA    1957",8.95,0.0507
v1|366532706816|0,Full Force – Old Flames Never Die Promo 45 RPM Vinyl Record,2.00,0.0507
v1|287445286354|0,Kansas Audio Visions Vinyl Record 1980 Kirshner,10.00,0.0507
v1|168521008779|0,Perry Como LP Como Swings RCA Living Stereo LSP-2010,2.89,0.0507
v1|168520566796|0,R&R LITTLE RICHARD Keep A Knockin' SPECIALTY 611  Excellent,19.99,0.0507
v1|147424847748|0,"Buffalo Springfield Retrospective Best Of 1969 12"" Black Vinyl LP Stereo ATCO",5.00,0.0507
v1|336677624473|0,"Cyndi Lauper Change of Heart 7"" 45 RPM Vinyl Single Portrait 37-06431 Dance Pop",1.69,0.0507
v1|287445611184|0,Fallin’ In Love 12” Vinyl the greatest love hits ever recorded - 2 LPs,3.79,0.0507
v1|227421475024|0,Beethoven Sym  2 REINER/PITTSBURGH S.O. COLUMBIA ML 4085  NM- Fully Tested,31.90,0.0506
v1|117295123762|0,"THE ROLLING STONES-ROLLED GOLD,UK IMPORT ONLY",59.99,0.0506
v1|377318771556|0,"BAR-KAYS - STRUCK BY YOU POLYGRAM 12"" SHRINK",8.00,0.0506
v1|168513890822|0,Areatha Franklin-Until You Come Back To Me-45 RPM-soul-Atlantic 2995-vinyl-recor,4.50,0.0506
v1|147417595475|0,Works by I.S.Turgenev in music Vinyl,1.99,0.0506
v1|158064662666|0,HERB ALPERT - LP (HA-21),7.00,0.0506
v1|298488614581|0,Tony Mottola And His Orchestra- Roman Guitar EX/VG+ Ultrasonic Clean Vinyl Reco,1.99,0.0506
v1|307051185458|0,The Rolling Stones Between the Buttons 180 gram LP in Shrink & Hype,8.00,0.0506
v1|366534366205|0,TAS RCA LSC 2201 Reiner Moussorgsky PICTURES EXHIBITION SD 8S 7S 1958 VG++,6.99,0.0506
v1|366534366205|0,TAS RCA LSC 2201 Reiner Moussorgsky PICTURES EXHIBITION SD 8S 7S 1958 VG++,6.99,0.0506
v1|318555946892|0,Ink Spots the Fabulous Ink Spots Vinyl LP Record,3.99,0.0506
v1|336681331396|0,ALICE COOPER - ELECTED! b/w LUNEY TUNE -ORIG 1972 w/PIC SLV-45 RPM-NEAR MINT,3.50,0.0505
v1|327254828717|0,LP vinyl  from our minds to yours--- vol . 2   1992  plus 8 records,25.00,0.0505
v1|147427858290|0,Willie Nelson Always On My Mind 1982 1st Press NM Vinyl Columbia  FC 37951,12.99,0.0505
v1|287446101056|0,"CCR CREEDENCE CLEARWATER REVIVAL - Green River (1969)- 12"" Vinyl Record LP - VG+",19.99,0.0505
v1|127962723255|0,Warren Zevon -Bad Luck Streak In Dancing School -NM/VG+ 1980 Pop Rock Asylum Slv,4.99,0.0505
v1|178293987418|0,"Michel Legrand - ""Scarlet Ribbons"" - LP, 6-Eyed Label",1.00,0.0505
v1|267720796650|0,Jesse Colin Young - Songbird 19175 Warner Bros #BS-2845 LP VG++,5.00,0.0504
v1|407061557164|0,45 RPM Jeannie Seely MONUMENT 933 Don't Touch Me VG++,3.00,0.0504
v1|358767497208|0,Blackmore's Rainbow Rainbow Rising 1976 Vinyl LP Oyster Records,18.00,0.0504
v1|318556931482|0,Gloria Loring – Sing A Song For The Mountain - LP 1970 Evolution - VINTAGE Folk,5.95,0.0504
v1|287451744890|0,The First Edition S/T Kenny Rogers Reprise RS 6216,14.00,0.0504
v1|307048673557|0,"Firefall 45RPM ""Strange Way"" 1978 70s Classic Rock 7"" Vinyl Pic Sleeve NM",3.00,0.0504
v1|800304400195|0,Kenny Loggins with Jim Messina Sittin In Vinyl LP,5.00,0.0504
v1|168525730724|0,Boz Scaggs Hard Times,2.80,0.0504
v1|137492029276|0,"KANSAS REASON TO BE / HOW MY SOUL CRIES OUT FOR YOU 45RPM 7"" VINYL, Z59 4285",5.00,0.0504
v1|298494662134|0,"The Rebels Quartet My Greatest Momentand London 12"" Vinyl LP 33 RPM ,SIGNED by 5",12.95,0.0504
v1|278171809928|0,1947 Dick Tracy Case of the Midnight Marauder NO RECORDS JUST COMIC BOOK,5.00,0.0504
v1|168522401058|0,Art Mooney - Theme From Rebel Without A Cause / Theme From East Of Eden 1956 VG+,2.65,0.0503
v1|336676999110|0,STEVIE NICKS The Wild Heart Vinyl LP Record 90084-1  w/ Lyric Sheet,9.24,0.0503
v1|358755572413|0,LESLEY GORE - IT'S MY PARTY MERCURY 45 QUINCY JONES,6.00,0.0503
v1|158066726613|0,Shelley Berman A Personal Appearance LP V-15027  1961,5.00,0.0503
v1|377326078522|0,DON BYAS Avalon / Blue And Sentimental JAMBOREE 1945 Jazz 78 RPM SHELLAC USED,5.00,0.0503
v1|398150661074|0,V.V. Subramaniam. Music of India. Raga Music. 1969 Decca Records DL-75102.,9.00,0.0503
v1|188614249949|0,"OPENED- ARISTA/BMG RECORDS- ROGER McGUINN ""Back From Rio"" VINYL LP",8.00,0.0503
v1|298488773965|0,"Lot Jazz LP Bix Beiderbecke,Doc Severinsen,Benny Goodman,Glenn Miller Tribute",4.99,0.0502
v1|127963272559|0,Jukebox 45 & Title Strip Heart There’s The Girl Cleaned Tested,2.49,0.0502
v1|188612411563|0,Bon Jovi vinyl records,100.00,0.0501
v1|377317955993|0,LUKE SKYWALKER TEST PRESSING *TWO LIVE CREW* 1980's ALBUM CRAZY FINE,20.00,0.0501
v1|366534793348|0,"Neil Young, Tonight The Night, 1975 Warner Bros Records",10.00,0.0501
v1|227421291461|0,SUE RANEY Alive And In Love IMPERIAL Pop 1966 VG+ VINYL LP Record USED,6.55,0.0501
v1|137500425213|0,"1981 Secret Weapon ‎– Must Be The Music 12"" Single Vinyl Record",7.07,0.0501
v1|137500425213|0,"1981 Secret Weapon ‎– Must Be The Music 12"" Single Vinyl Record",7.07,0.0501
v1|267720728896|0,"Dee Dee Sharp DO THE BIRD / LOVER BOY (SOUL /female C244,c230 RIDE,THE NIGHT LOT",11.99,0.0501
v1|366528304180|0,"Folk Song And Minstrelsy 1962 5 LP Box Set w/booklet Vanguard, Baez, Seeger",12.00,0.0501
v1|377325734152|0,"ELVIS PRESLEY / ""His Hand In Mine"" / White Top Stereo / 1964 / Reissue",19.99,0.0500
v1|158066763057|0,E NOMINE - DENN SIE WISSEN NICHT Was Sie Tun. 2 Lps,500.00,0.0500
v1|287450283311|0,"Julio Iglesias – The 24 Greatest Songs – 2x 12"" Vinyl LP – VG+ import HOLLAND",10.00,0.0500
v1|257611087081|0,West Side Strutters - Dealing With The Boogie - 1979 Disco - Promo Single,1.99,0.0500
v1|127962324276|0,"Andy Griffith Humouettes / Conversation With A Mule Capitol 7"" Black 45 F3872",3.40,0.0500
v1|147423159707|0,David Sanborn Sanborn Vinyl Warner Bros Record BS2957 EX Good Condition Preowned,4.75,0.0500
v1|267720626161|0,Noi!se The Real Energy Pirates Press Randale Records Silver Vinyl RAN247,20.00,0.0500
v1|257611332907|0,Apollonia Since I Fell For You 12” Vinyl Maxi Single Promo 1988 Warner Prince,2.00,0.0500
v1|398159746296|0,4 LP Lot 80s Rock Quarterflash Rainmakers Rubber Rodeo Hurrah AOR Pop Vinyl EX,6.99,0.0500
v1|377318761411|0,"LUTHER VANDROSS - I REALLY DIDN'T MEAN IT EPIC 12"" PROMO",8.00,0.0500
v1|358768557712|0,Mama Lion Vinyl Album Preserve VG+,25.00,0.0500
v1|168522400771|0,Tab Hunter-  Red Sails in the Sunset /  Young Love  1956 VG+,2.65,0.0500
v1|158064662593|0,HERB ALPERT - LP (HA-18),7.00,0.0500
v1|800304413102|0,"Freda Payne Band of Gold / The Easiest Way to Fall 7"" 45 Invictus IS 9075",3.00,0.0499
v1|358756288656|0,Harry Chapin Living Room Suite Vinyl ,15.00,0.0499
v1|358756288656|0,Harry Chapin Living Room Suite Vinyl ,15.00,0.0499
v1|147423401152|0,Billy Connolly LP 1977 Comedy Folk Spoken Word MINT Vinyl VG+ Cover Orig Press,10.00,0.0499
v1|188600779899|0,Eddy Arnold : 6 LP-Set ~ Welcome to My World [Reader's Digest RDA-168/ 1975],8.00,0.0498
v1|318556420774|0,Andre Previn DEAD RINGER Orginal Motion Picture Soundtrack Lp Album,4.99,0.0498
v1|127963069304|0,"Sam Harris ""Sam I Am"" 1985 Vinyl LP",1.00,0.0498
v1|366534368446|0,RCA LSC 2609 STRAUSS Also Sprach Zarathustra REINER SD 15S 10S 1962 NM,7.50,0.0498
v1|267720778132|0,"Girls With Guns by Tommy Shaw (Vinyl, A&M (USA))",3.55,0.0498
v1|158054564380|0,"Manuel Rosenthal conducts Orchestral Music of Eric Satie 12"" Classical LP",20.00,0.0498
v1|117289907074|0,John Lennon / Harry Nilsson Pussy Cats RARE Ringo / Keith Moon Beatles,49.99,0.0498
v1|800304412500|0,Bette Midler the Divine Miss M Vinyl Record (1970),5.00,0.0498
v1|147427872956|0,"1988 Late Night Magic – Scream Baybee 12"" Single Vinyl Record",6.00,0.0498
v1|147423785950|0,Mathew Ward Toward Eternity 1979 Vinyl LP,3.44,0.0498
v1|336677330169|0,Decca 3077 Ink Spots I'm Gettin' Sentimental Over You / Coquette Black,22.27,0.0498
v1|398140692999|0,"Olivia Newton-John ""Physical"" Album Vinyl Record 1981",6.00,0.0497
v1|327246539754|0,Guns N' Roses Appetite For Destruction 2015 Reissue Black Vinyl LP. Read!!,11.50,0.0497
v1|137492273920|0,Jimmy Bo Horne - Is It In - 1980 12” Vinyl Record - Funky Disco ,9.99,0.0497
v1|318556419762|0,BOB HOPE and his Friends 3 LP Albums (no cover),4.99,0.0497
v1|267720796649|0,"Lulu! Pickwick SPC 3237 US 33 RPM 12"" Vinyl LP Record Album VG+",6.00,0.0497
v1|168521667991|0,The Osmonds Love Me For A Reason Record Untested ,8.99,0.0497
v1|188612405374|0,2 10 Inch Vinyl Lp Records ,4.00,0.0497
v1|206401826700|0,Vintage 1973 Self-titled Bachman-Turner Overdrive Vinyl Record Album,3.00,0.0497
v1|158064794529|0,LITTLE JOE-THE THRILLER-RARE-4-SONG HARD COVER-EP+45--(PEANUTS+3)--PS--PIC,239.99,0.0496
v1|206402858901|0,"Gordon Lightfoot - Gords Gold Vinyl Record 2LP, 12”, 33 RPM - VG/VG",9.99,0.0496
v1|800305327866|0,THE BABYS Union Jack LP 1980 Chrysalis Hype Sticker John Waite Jonathan Cain,10.00,0.0496
v1|178291637752|0,Lou Reed Walk on the Wild Side LP ( 1980 reissue),20.00,0.0496
v1|377319835767|0,ROBERT WINTERS AND FALL - MAGIC MAN BUDDAH LP SHRINK,9.99,0.0496
v1|206401466131|0,JIm Croce - JIM CROCE'S GREATEST CHARACTER SONGS 1978 Lp Vinyl Albun,3.99,0.0495
v1|188614735720|0,Gospel Music Hall of Fame Presentation LP Various Artists Excellent Vinyl Free S,1.15,0.0495
v1|278169350017|0,Jefferson Airplane Bark/Sun City Artists Against Apartheid  Pair Of Used LPs,0.99,0.0495
v1|318555292026|0,"Sesame Street 10th Anniversary Album LP Vinyl 12"" 33 RPM CTW CTW 79002",8.00,0.0495
v1|318511785797|0,The Oak Ridge Boys – The Best Of The Oak Ridge Boys - US LP,4.99,0.0495
v1|278163504254|0,Columbia Special Products-26 Hit Rock Classics-Vinyl,7.79,0.0495
v1|137484196547|0,Sammy Hall If You Can't Believe In Love lp gatefold + Bonus,6.99,0.0495
v1|336676939024|0,Villa Roma Souvenir Album Killer Records A-KLR-005 Villa Roma Country Club,15.00,0.0494
v1|127963612358|0,Beyond Description Fine Day Nostalgia Hardcore Punk Vinyl,11.00,0.0494
v1|236923885255|0,"Cheech & Chong Big Bambu 12"" With Paper Vinyl LP Stereo Ode Records1972 SP-77014",35.00,0.0494
v1|267720727900|0,"Gene Pitney Town Without Pity/Only Love Can Break a Heart Epic 7"" 45 4005",9.99,0.0494
v1|298488773893|0,Lot of  66 POP ROCK/POP/NEW WAVE/ROCK /Soul 45RPM Records-All Listed,22.00,0.0494
v1|147427867051|0,Mozart 2 LP Lot Symphony No. 21 & No. 27 Stadlmair Don Giovanni Giulini Details ,4.99,0.0494
v1|358758415194|0,Heifetz/Reiner - Brahms VIOLIN CTO - 1964 RE RCA Victor Red Seal LSC-1903 EX/EX,13.00,0.0494
v1|236917109086|0,"Carole King by Tapestry (Vinyl LP, 1971, A&M Records)",10.00,0.0494
v1|336677095863|0,Robin Hood: Errol Flynn The Original Motion Picture Score Vinyl LP Album,10.00,0.0494
v1|287446085036|0,The Dell-Vikings -  What Made Maggie Run / When I Come Home   on  FEE BEE   1957,8.95,0.0494
v1|127963166155|0,"(PROMO)Rossington Collins Band Anytime Any place Anywhere""LP Vinyl MCA 5130(K31)",37.99,0.0494
v1|168520879312|0,Canned Heat Living the Blues 2 LP 2021 RSD Limited Edition MINT Colored Vinyl,50.00,0.0493
v1|117290276253|0,"Handel-Messiah/Huddersfield Choral Society (Vinyl, Angel, 35123-25)",4.99,0.0493
v1|318555715192|0,Ral Donner- Two 45s on Gone records,20.00,0.0493
v1|318556079462|0,The Rutles - 1978 Warner Bros. Original - With 16 Page Booklet & Printed Inner!!,20.00,0.0493
v1|278170814719|0,VANILLA FUDGE VINYL 2 LP LOT-THE BEAT GOES ON & SELF TITLED Classic Rock Vintage,6.99,0.0493
v1|137492200572|0,ELVIS PRESLEY LP AFL1-5418 RECONSIDER BABY W/HYPE STICKER BLUE VINYL 50TH NM/MT,11.50,0.0493
v1|366536828705|0,Elvis/Orig/57/Christmas/Pic/Album/LOC-1035 Lp Xmas/In/July/Sale/Hi/Fi/Rca/Lp/GEM,45.00,0.0493
v1|307048978115|0,Grand Funk Railroad Live Album 2LP Gatefold SWBB-633 Capitol Green Label,5.99,0.0493
v1|327247003315|0,"BEACH BOYS-LIVE IN LONDON-PREVIOUSLY OWNED-""AS IS""-1978-CAPITOL-FINE",9.00,0.0492
v1|358769281445|0,"FOLK VINYL LOT: Denver, Seeger, Peter/Paul/Mary, J Collins, Chad Mitchell Trio",3.00,0.0492
v1|358755566558|0,TOM BROWNE - BYE GONES GRP ARISTA 45  WL PROMO,9.99,0.0492
v1|358770692084|0,stravinsky firebird suite conducting leopold stoweski columbia record,4.00,0.0492
v1|287445824732|0,"Cuore Matto [IMPORT] by Little Tony (Dec-1998, Dv More) Mino Reitano ",15.00,0.0492
v1|198483858419|0,A Memorial Album John Fitzgerald Kennedy 1963 Tribute Highlights JFK ,1.50,0.0492
v1|158063847062|0,GLASS ANIMALS Dreamland limited edition 180 Gram LP Blue Vinyl,12.99,0.0491
v1|188614197743|0,Music For Your Every Mood,5.00,0.0491
v1|158064534446|0,Woodstock 3 Vinyl Record Set 1970 Cotillion Label,7.00,0.0491
v1|158063833225|0,Les Paul’s New Sound Volume 2 With Mary Ford,10.00,0.0491
v1|358767924127|0,Northern Soul 7” 45 Janice Christian PROMO RARE Just A Bad Thing,112.50,0.0491
v1|158066763108|0,"Gino Vannelli  "" Brother To Brother "" Vinyl  Ex",5.00,0.0491
v1|287438295764|0,BRENDA LEE  DECCA & MCA LABELS LOT OF 13 REC. 59 T.S. DYNAMITE/COMING ON STRONG,6.00,0.0490
v1|168522400884|0,Russell Arms - Cinco Robles (Five Oaks) / The World Is Made Of Lisa 1956 VG+,2.65,0.0490
v1|398150409033|0,"Huey Lewis And The News ""Sports"" (1983)",8.00,0.0490
v1|318556262194|0,Bachman-Turner Overdrive II/Vinyl LP Record/1973 SRM-1-696/VG/VG,10.00,0.0490
v1|358758630349|0,DIONNE WARWICK - DIONNE! SCEPTER STEREO 2-LP SHRINK COLUMBIA RECORD CLUB,9.99,0.0490
v1|267720403201|0,1968 We Wish You a Merry Christmas Radio Shack Special Collector's Ed. 33 1/3 ,2.15,0.0490
v1|327252866594|0,1985 Billy Crystal You Look Marvelous/You Look Marvelous (Dub Version) PROMO,10.00,0.0490
v1|168521014214|0,"Olivia Newton-John - If You Love Me, Let Me Know & Totally Hot (Vinyl Records)",2.50,0.0490
v1|327252866580|0,1968 Capitol Beatles Lady Madonna / The Inner Light  Fair Condition,5.00,0.0490
v1|307048716208|0,LP - Morris Day & The Time - DAYDREAMING- Album #1-25109 Warner Bros 1984,9.00,0.0489
v1|358756741950|0,"Stravinsky - Pierre Boulez, Orchestre National De France, The Rite Of Spring LP",5.99,0.0489
v1|127963270276|0,Jukebox 45 & Title Strip Merle Haggard Are The Good Times Really Over Tested,2.49,0.0489
v1|336677333081|0,Columbia A 1416 Kusunoki Masashige Shinshoku Sokyoku / Kikuko Okabe Black,1.00,0.0489
v1|267720745317|0,"Gene White Shattered/I’d Love To Love Somebody G.M. Records 7"" 45 GM188",5.95,0.0489
v1|158064220034|0,Neil Diamond Heartlight LP 1982 Columbia OC 38359  EX,3.99,0.0488
v1|267720796640|0,Jesse Colin Young On The Road Live 1976 Warner Bros. BS 2913  Vinyl cleaned EX,5.00,0.0488
v1|307052484059|0,TRAFFIC ON THE ROAD VINYL 2X  NM/ NM 1973 WINWOOD CAPALDI,15.00,0.0488
v1|298488906875|0,"1950- ARTUR RUBINSTEIN , PIANIST ; ANTAL DORATI, CONDUCTOR; DALLAS SYMPHONY",0.99,0.0488
v1|287447115480|0,Wolfgang Amadeus Mozart The 5 Violin Concertos 1967,14.00,0.0488
v1|366528577649|0,Stacy Lattisaw - What You Need - Used Vinyl Record - 62 - U5628z,3.00,0.0488
v1|287447545614|0,"Charley Pride Country LP Vinyl 12"" 33 RPM Stereo RCA Victor LSP-3645",9.00,0.0488
v1|358769488182|0,The 5th Dimension the Age of Aquarius Album Released In 1969,10.00,0.0488
v1|407056398228|0,John Hiatt Thank You Girl,1.99,0.0488
v1|188614194624|0,"OPENED- ATLANTIC RECORDS- CROSBY STILLS & NASH ""Wasted On The Way"" 7-INCH SINGLE",6.50,0.0488
v1|188614194624|0,"OPENED- ATLANTIC RECORDS- CROSBY STILLS & NASH ""Wasted On The Way"" 7-INCH SINGLE",6.50,0.0488
v1|227420384322|0,Various De Tahiti A Moururoa French Polynesia Surf Rock LP on Manuiti,7.00,0.0488
v1|257612289686|0,Cecilio & Kapono ELUA VINYL LP COLUMBIA PC 33689 Hawaiian Band Stereo EXC,12.34,0.0488
v1|398159250027|0,Ozzy Osbourne Diary Of A Madman Album Released In 1981 LP Vinyl,10.00,0.0488
v1|227421360767|0,"Pete Fountain Something Misty 12"" Vinyl LP Record MCA Records Easy Listening",3.00,0.0487
v1|137493102208|0,"THE GLORIA LYNNE CALENDAR, Gloria Lynne, Hifirecords  1966 Vintage Vinyl",10.00,0.0487
v1|127962367155|0,Night Ranger 7 wishes LP record PLAY TESTED,5.00,0.0487
v1|287451038426|0,INFAMOUS MOBB - SPECIAL EDITION (VINYL 2LP) MOBB DEEP + ALCHEMIST,35.00,0.0486
v1|307048541117|0,"Neil Diamond Gold Black Vinyl LP 12"" ",5.00,0.0486
v1|287447409245|0,"Frank Sinatra ""The Main Event Live"" (1974) Reprise (FS 2207) LP Vinyl",15.00,0.0486
v1|318515424904|0,Nancy Sinatra – Nancy In London - US LP 1966,4.99,0.0486
v1|298487619548|0,Petula Clark         24-LP's        NM or as Described         CHOOSE Any 5 LP's,22.00,0.0486
v1|158066465689|0,SOUNDTRACK - SNTK THREE FOR THE ROAD-1a- LP SNTK #10,9.99,0.0486
v1|198483148073|0,Vintage-MARIO LANZA SINGS CARUSO FAVORITES LP LM2393 A50,4.50,0.0486
v1|117290271723|0,"Casey's Old Time Fiddlers ""Casey's Old Time Waltz'/Ocean Waves - Victor 23560",34.99,0.0486
v1|236924918147|0,Vintage Tiffany 45 Vinyl Record Could’ve Been 1987 ,6.00,0.0486
v1|287446957417|0,Guitar Grundgens LP Vinyl Record Hermann Bahr Das Konzert,5.00,0.0486
v1|236923898606|0,Phil Keaggy (Ph'lip Side) LP 1980 CCM,0.99,0.0485
v1|287447114936|0,Richard Strauss Sin Qua Non 1973,10.00,0.0485
v1|307048397241|0,LP - The Johnny Mann Singers - Golden Mann - Liberty Records - LST-7629,8.00,0.0485
v1|147423660568|0,Patty Smyth Never Enough LP PROMO Gold Stamp STERLING Sound Face The Beast GO! N,30.00,0.0485
v1|800304419889|0,The Oak Ridge Boys the Oak Ridge Boys Have Arrived Vinyl Record (1979 McA) Mint!,6.00,0.0485
v1|278163551066|0,Jefferson Starship Spitfire Ayl1-3953 Vinyl LP Record 1978 Grunt VG Condition VG,6.99,0.0485
v1|127963628178|0,Bound Silver Lining Hardcore Punk 7” Vinyl,6.00,0.0485
v1|366528509355|0,Babe Ruth Lou Gehrig Joe Louis Jack Dempsey Jesse Owens Gillette Columbia 33 RPM,8.24,0.0484
v1|307048550356|0,"Bobby Sherman 45 Vinyl Photo Sleeve Easy Come, Easy Go / July Seventeen",5.00,0.0484
v1|318515521466|0,Waylon Jennings & Willie Nelson - Waylon & Willie - US Reissue LP,5.50,0.0483
v1|206400936339|0,"Rock, Pop, Oldies 45s (Lot Of 10) Rick Springfield, Air Supply & More.",8.88,0.0483
v1|117284986673|0,The Marx Bros. Vinyl Records 4 LPs Albums In Original Box With Sleeves 931680,26.99,0.0483
v1|168521649700|0,"THE KIKI DEE BAND, ""I'VE GOT THE MUSIC IN ME""   SHRINK",4.50,0.0483
v1|327251556792|0,"Bette Midler  ""Boogie Woogie Bugle Boy/ Delta Dawn"" 45 RPM Atlantic Records",0.99,0.0483
v1|158066465518|0,SOUNDTRACK - TOUGH GUYS DON'T DANCE -  LP SNTK #8,15.00,0.0483
v1|398150149577|0,"FATS WALLER Rare Lot 3 78 Rpm, 40's Jazz Piano ""By The Light Of The Silvery Moon",7.00,0.0483
v1|358769342244|0,"80s VINYL SINGLES: S-Express, Mick Jagger, Samantha Fox, Bananarama",9.50,0.0482
v1|377326091221|0,VA West Side Story Soundtrack HOLLYWOOD 2022 M- RED VINYL 2xLP Record USED,6.55,0.0482
v1|407058180871|0,Eugene Ormandy - Gilels Chopin Piano Concerto No. 1 in E Minor   VG / VG  Jojo's,5.00,0.0482
v1|358777757435|0,RCA Victor Columbia Vinyl Records Country Western Sons Of The Pioneers,8.99,0.0482
v1|257611327231|0,Silvia Kohan – Finally Real [Vinyl LP],0.99,0.0482
v1|298490485573|0,Charlie Rich        24-LP's         NM or as Described       CHOOSE Any 5 LP's,22.00,0.0482
v1|178292852707|0,"Capital LP Record. Capital Symphony, Starlight Waltzes, VG ",1.00,0.0481
v1|188614194033|0,"OPENED-- ATLANTIC RECORDS- CROSBY STILLS NASH & YOUNG ""So Far"" VINYL LP",6.00,0.0481
v1|407058498725|0,Dick Gregory ‎– East & West   1961 LP Vinyl Record Album   VG / VG   Jojo's,5.00,0.0481
v1|287445883797|0,"V/A ""Acid House"" House LP Jive",15.00,0.0481
v1|318515323149|0,Meg Christian – Face The Music - US Folk LP 1977,4.99,0.0481
v1|158064888771|0,Original Vintage Vinyl 2 LP Shirley Bassey Greatest Hits Avedon Photo Goldfinger,9.99,0.0481
v1|358767475953|0,"Simon and Garfunkel Parsley, Sage, Rosemary and Thyme LP Vinyl Record",15.00,0.0481
v1|257611351105|0,"Frankie Laine, Buck Clayton & His Orch,  Featuring J. J. Johnson  & Kai Winding",8.95,0.0480
v1|147424507074|0,Canned Heat Living The Blues Stereo Vinyl LPs UAS 9955,50.00,0.0480
v1|188613084809|0,James Taylor-Gorilla LP-1975-Warner Bros 2866  VG+/VG+,5.50,0.0480
v1|307049950086|0,Firestone Presents Your Favorite Christmas Carols Volume 5 Vinyl LP Record (NM),12.00,0.0480
v1|366528319335|0,"R. Kelly Did You Ever Think Remix feat. Nas 12"" 33RPM Promo Vinyl Jive 1999",15.99,0.0480
v1|147424506555|0,Dan Fogelberg Souvenirs Stereo Vinyl LP 1974 BL 33137 EX/NM,26.00,0.0480
v1|158066726630|0,"JUDY GARLAND ""COLLECTOR'S ITEMS"" (1936-1945) VINYL DOUBLE LP SHOW TUNES",5.20,0.0480
v1|407056115817|0,FLOYD CRAMER ON THE REBOUND VINYL LP ,1.97,0.0479
v1|298498878365|0,ROGER DALTREY - ONE OF THE BOYS - LP VINYL 1977 MCA RECORDS MCA2271 VG,2.00,0.0479
v1|227421649296|0,"Boston - Boston LP Vinyl 12"" 33 RPM Epic Record Label Rock Black Cardboard",20.00,0.0479
v1|327251911258|0,"ALL IN THE FAMILY - Rob Reiner (w/Booklet) (1971) - 12"" Vinyl Record LP - EX",25.00,0.0479
v1|147422664129|0,"Stanley Brothers Good Old Camp Meeting Songs 12"" LP Vinyl Folk King 805 Stereo",5.00,0.0479
v1|287447115482|0,Wishin' & Hopin' LP by Dusty Springfield vinyl 1970 VG SPC-3232 Pickwick,8.00,0.0479
v1|158063832887|0,"“Greyhound”, Buddy Morrow",3.50,0.0479
v1|158063593006|0,"FRANK SINATRA Come Swing With Me! CAPITOL WS-1594 (1961, Stereo) LP w/Inner ",6.00,0.0479
v1|227421291564|0,ILLINOIS JACQUET Pastel / All Of Me MERCURY 1951 Jazz 78 RPM SHELLAC USED,5.00,0.0479
v1|198484777310|0,"""Four Freshmen And Five Saxes""  1957 Vinyl LP.  Capitol Records T844.",5.00,0.0478
v1|137499995576|0,Paul Simon There Goes Rhymin' Simon 1973 1st Press Lyrics STERLING,6.99,0.0478
v1|206401595923|0,Vintage 1979  Magic Jim Post In Concert Vinyl Record Album,4.80,0.0478
v1|358755572403|0,ELVIS PRESLEY - BOSSA NOVA BABY RCA VICTOR 45 ,6.00,0.0478
v1|366530248307|0,Joan Jett Crimson And Clover Vinyl Record 45 RPM Classic Rock 1982,10.00,0.0478
v1|377326091208|0,"BITTER SWEET ALLEY Forever 1983 AOR Rock  7"" single 45 RPM VG+ RECORD Vinyl USED",5.00,0.0477
v1|287445478162|0,The Golden Age of Comedy 5 Vinyl Record Set Longines Symphonette Society,2.98,0.0477
v1|366533384802|0,VINTAGE VINYL LP Francis A. SINATRA and Edward K. ELLINGTON 1968 Reprise FS 1024,22.00,0.0477
v1|188612820464|0,Zhenya Schevchenko Queen Of The Gypsy Songs Russian Emigrant LP AUTOGRAPHED!,50.00,0.0477
v1|178292415957|0,MIDNIGHT COWBOY Orginal Motion Picture Score LP-UAS 5198,4.99,0.0476
v1|257611085444|0,Cat Steven’s Greatest Hits Vinyl N/M Condition ,5.99,0.0476
v1|137484652900|0,David Bowie – 1980 All Clear DJ Promo Not For Sale LP RCA DJL1-3545 VG+/VG,64.99,0.0476
v1|298488542177|0,lp vinyl records vintage,28.95,0.0476
v1|318515811230|0,REO Speedwagon – A Decade Of Rock And Roll 1970 To 1980 - NL Import 2LP,4.99,0.0476
v1|377319933752|0,PETER PAUL AND MARY - LATE AGAIN WARNER BROS - SEVEN ARTS STEREO LP,8.00,0.0476
v1|398153454389|0,"50000000 Elvis Fans Can't Be Wrong: Elvis' Gold Records Volume 2 by Presley,...",15.00,0.0475
v1|287445880576|0,"50000000 Elvis Fans Can't Be Wrong: Elvis' Gold Records Volume 2 by Presley,...",12.99,0.0475
v1|168522401152|0,Johnny Dee - Sittin in the Balcony / A-Plus in Love  1957 VG+,2.65,0.0475
v1|336677425701|0,"Shawn Mendes Shawn Mendes 12"" Vinyl LP Pop Island Records Cardboard Sleeve",5.72,0.0475
v1|158064496334|0,Baby Driver Soundtrack Vinyl Record 2LP,14.99,0.0475
v1|178291598938|0,"Epic 45 RPM Record, O.B.MC Clinton, Miss Sara Lee, Soap ,VG ",1.00,0.0475
v1|358768074157|0,"The Blues Box Triple Vinyl Album Set Featuring Lightnin’ Hopkins, Brownie, Mcgee",41.84,0.0475
v1|307048037463|0,Miguel Angel Serralde • EL CONDOR PASA • Lp VG+ Nice Version• Mexican Cumbias,19.99,0.0475
v1|257605374851|0,1958 STARDAY Stanley Bros 45 Gonna Paint The Town/That Happy Night 40645 EXC-NM,19.00,0.0475
v1|188616909937|0,Roy Roberts Don't Come Running Back  Vinyl 45 from 1981  in NM Condition,20.00,0.0475
v1|307047924285|0,3 Albums - LESTER FLATT & EARL SCRUGGS - Bluegrass Music - Vanderbuilt + More,14.00,0.0475
v1|158064720062|0,"BEATLES ""COME TOGETHER""w/ALBUM COVER-APPLE 69 GOLD VINYL 45 RECORD PAINTED GOLD",7.99,0.0475
v1|168521316638|0,Oringal Michael Jackson Off The Wall Vinyl LP 1979 EPIC FE 35745 ,99.00,0.0475
v1|358769701026|0,lp  paul vornhagen  paul sihon whispers in the wind  NIP,6.00,0.0475
v1|178291639491|0,Charlie Persip and the Jazz Statesmen Right Down Front LP ( 1978 reissue),15.00,0.0474
v1|158064390173|0,THE JIM CARROLL BAND Catholic Boy ATCO SD 38-132 (1980) LP,14.00,0.0474
v1|267720766336|0,vinyl records Oldies Series,5.88,0.0474
v1|227421288930|0,"Glen Campbell Plays 12 String Guitar, Onacrest, 33 1/3 RPM, 1960s",3.00,0.0474
v1|127963616521|0,Last Man Standing - Unseen 7”Vinyl Hardcore Punk Music,12.00,0.0474
v1|287445279164|0,"Before Today by Pink, Ariel Haunted Graffiti Record Only",11.00,0.0473
v1|318556810176|0,Willie Alexander  Solo Loco  Rare 1982 Bomp! Alternative Garage Rock Lp Sealed,4.99,0.0473
v1|307042569125|0,Georgia Satellites 45RPM “Keep Your Hands To Yourself” 1986 80s Classic Rock 7”,3.00,0.0473
v1|377318761898|0,"THE CONTROLLERS - SLEEPING ALONE MCA 12"" PROMO",8.00,0.0473
v1|267722804026|0,CLOSE ENCOUNTERS OF THE THIRD KIND Soundtrack Album Vinyl LP,17.99,0.0473
v1|336677351291|0,Victor 19758-A/19758-B Victor Salon Orchestra Nola / The Glow-Worm—Idyl,2.00,0.0473
v1|318556418813|0,Leslie Uggams on TV with Mitch Miller's Sing A;omg Chorus LP Album,4.00,0.0472
v1|158063673972|0,V/A This Is Dynagroove! RCA VICTOR Living Stereo PRS-140 (1963) LP,4.00,0.0472
v1|168520571682|0,A Collection of Christmas Favorites Vinyl LP VG+ Tony Bennett ULTRASONIC CLEANED,9.99,0.0472
v1|366528516488|0,"The Skids Masquerade / Out Of Town 7"" Vinyl 45RPM Single Virgin VS 262",10.00,0.0472
v1|206393435471|0,SYLVIA SYMS - LOVE LADY SR 10001 LP  ELLIS LARKINS,12.00,0.0472
v1|117289567657|0,The Kingston Trio - Sold Out - Capitol - ST 1352 - Vinyl Record Album,3.19,0.0472
v1|307048392871|0,LP  Puccini - Opera Without Singing -Boston Pops 1964 La Boheme Madame Butterfly,8.00,0.0471
v1|127966287686|0,"45rpm – ABC AB-12436 Promo Stereo, Jerry Fuller, Salt On The Wound & No Time",2.95,0.0471
v1|287451801707|0,Sergio Mendes Brasil ‘66 Stillness 1970 VG+ SP4284 GF,8.00,0.0471
v1|336679392209|0,24x LP Record Lot Mixed Grade Chic Alphaville Tribe,12.00,0.0471
v1|377326629311|0,"Tonight I'm Yours [Remaster] [LP] by Rod Stewart (Vinyl, Warner Bros. Records...",6.80,0.0471
v1|398151688655|0,ITS ROUNDUP TIME FOR SINGING AND DANCING,0.99,0.0471
v1|147423381969|0,"QUEEN a day at the races  12"" LP ",14.95,0.0471
v1|377326091247|0,HOUR OF CHARM ALL GIRL Rhapsody In Blue Part 1 VOGUE 1947 Jazz 78 RPM VINYL USED,5.00,0.0471
v1|168521471229|0,"Are You Experienced by Hendrix, Jimi (Record, 2014)",29.00,0.0471
v1|127963095633|0,BARRY MANILOW:Barry Manilow II Bell 1314 LP 1974 VG+/VG,1.00,0.0471
v1|117289805150|0,"Mike Walsh Had It Done It 12"" Vinyl Record Single",150.00,0.0471
v1|287447114949|0,DISCO NIGHTS ● Non-Stop Original Disco Hits 1979 VERY GOOD  K-Tel VINYL LP Album,8.00,0.0470
v1|137492072469|0,"Deceased ""The Premonition' 7”  294/500 Outlaw Rec,Death Metal Thrash Metal",16.66,0.0470
v1|127963615195|0,Reinforce - Youth Shall Sing 7” Vinyl Hardcore Punk Music 45,5.00,0.0470
v1|278163001682|0,Karl Ritter Liszt / the Preludes Brahms/Danses Hungarian,5.35,0.0470
v1|318556420785|0,MILLION SELLERS from the MOVIES 101 Strings LP Album,4.99,0.0470
v1|407056442538|0,John Denver - Windsong -  Vinyl LP - 1975 RCA  APL1-1183,1.93,0.0470
v1|168522401216|0,The Hilltoppers - I Love My Girl / I'm Serious   1957 VG+,2.65,0.0469
v1|168522401087|0,Teddy Bart – Guardian Angel / 	Sunshine And Rain  1957 VG+,2.65,0.0469
v1|800289379477|0,Bette Midler,10.00,0.0469
v1|158066471729|0,CONWAY TWITTY THE VERY BEST - LP (14b ),9.00,0.0469
v1|307052484062|0,TRAFFIC Last Exit 1969 UAS 6702 Orange and pink label Ex/VG Winwood/Mason,12.50,0.0469
v1|188614574589|0,Jack Benny Presents The Treasury Of Golden Memories Of Radio 6 Vinyl Box Set,3.84,0.0469
v1|147424506583|0,Steppenwolf 7 Stereo Vinyl Lp,55.00,0.0468
v1|398152844637|0,Lynyrd Skynyrd - Second Helping - 1974 MCA 413 LP Southern Rock,80.00,0.0468
v1|318554937766|0,THE MOODY BLUES OUT OF THIS WORLD vintage vinyl LP,3.00,0.0468
v1|298487559568|0,Johnny Tillotson         7-LP's      NM or as Described       CHOOSE Any 5 LP's,22.00,0.0468
v1|168522732702|0,"VELMA WRIGHT - YOU'RE NOT RIGHT 12"" VINYL Single Dance Mix",5.00,0.0468
v1|327251724906|0,Black Label Society Doom Crew White & Grey Colored Vinyl,15.75,0.0468
v1|307048130435|0,MANA • DONDE JUGARAN LOS NIÑOS • Lp VG+ 1993 Colombia • Mexican Rock Pop •,74.99,0.0468
v1|298487645026|0,Kenny Rogers     23-LP's      NM or as Described      CHOOSE Any 5 LP's,22.00,0.0468
v1|147422684334|0,SIMPLE MINDS - (2) 45s & Picture Sleeves - VG-VG+,3.25,0.0468
v1|257605522288|0,Necros White Flag - Jail Jello - Red Colored Vinyl - JC 9012,20.00,0.0467
v1|318556413274|0,Box Tops  Cry Like A Baby  1968 Bell RnB Soul Pop Rock Lp Sealed  Alex Chilton,7.99,0.0467
v1|168522400841|0,Margie Rayburn - If You Were / I'm Available  1957 VG+,2.65,0.0467
v1|137484652615|0,The Beatles White Album SWBO-101 Apple 2xLP NM Vinyl + NM Photos + G Poster,79.99,0.0467
v1|137484652246|0,The Beatles White Album SWBO-101 Apple 2xLP NM Vinyl + NM Photos + G Poster,64.99,0.0467
v1|137484652246|0,The Beatles White Album SWBO-101 Apple 2xLP NM Vinyl + NM Photos + G Poster,64.99,0.0467
v1|137492299925|0,"Jesus Jones Real, Real, Real 12"" Remix Single Black Vinyl Food JESUS3 Promo Copy",14.00,0.0467
v1|168521693872|0,Monte Davidson - Live Record Untested ,10.99,0.0467
v1|127962769004|0,seals&croft 33 rpm record lptakin it easy/very good minus gatefold,2.34,0.0467
v1|298487552853|0,The Captain & Tennille     7-LP's     NM or as Described      CHOOSE Any 5 LP's,22.00,0.0467
v1|278153900131|0," The Klezmorim ‎– East Side Wedding LP",15.00,0.0467
v1|227421399552|0,STRADIVARI STRINGS ping pong jerome kern LP VG S-66 Stereo Taylor Swift Beatles,4.76,0.0466
v1|298484891778|0,The Moody Blues ~ In Search of the Lost Chord Vinyl LP Deram Japan Import NM,34.99,0.0466
v1|267720611508|0,1971 Uriah Heep LP LOOK AT YOURSELF  Mercury SRM-1-614 Record Only; RED LABEL,2.76,0.0466
v1|267720662771|0,1971 Uriah Heep LP LOOK AT YOURSELF  Mercury SRM-1-614 Record Only; RED LABEL,2.75,0.0466
v1|117290161611|0,Return to Forever Music Magic Chick Corea Stanley Clark Joe Farrell,12.99,0.0466
v1|147424506621|0,Steppenwolf Skullduggery  Stereo Vinyl  PE 34120 EX/NM,26.00,0.0466
v1|137492006487|0,Barry Manilow “One Voice” LP 1979 Arista AL-9505 Producer Ron Dante Excellent,3.99,0.0466
v1|127958512024|0,"Elvis Presley:12""Double LSP From Memphis to Vegas 1975 Vinyl, Cover, Sleeve NM",23.95,0.0466
v1|158071841243|0,"Needles Thrashers Vol 3,  12"" LP Record Album Vinyl, 1997, Mixmaster Mike",24.95,0.0466
v1|287445913640|0,Roger Miller The Return of Roger Miller LP Vinyl Smash Records Country Mono,10.00,0.0466
v1|178281725618|0,"Roger Miller - The One and Only (Vinyl, 1965)",0.99,0.0466
v1|287447114925|0,Beethoven- The Pastoral - Sixth Symphony 1966 FW-301 Vinyl 12'' Vintage,8.00,0.0465
v1|287440918673|0,BOOTSY RUBBER LP LOT!! AHH NAME FONK-N ULTRA WAVE PLAYER PARLIAMENT FUNKADELIC,16.50,0.0465
v1|318515820019|0,REO Speedwagon – Good Trouble - NL Import LP + OIS 1982,4.99,0.0465
v1|800304419288|0,Gover Washington Jr Feels So Good Motown M5-177V1 LP Vinyl Record,6.00,0.0465
v1|398151170813|0,JOHNNY LITTLEJOHN  SO CALLED FRIENDS  VINYL LP 1985,12.00,0.0465
v1|227421965732|0,"Lionel Richie Vinyl LP  Motown Records, Vintage 1982 6007MLA VG Condition ",8.00,0.0465
v1|127958512028|0,"Elvis Presley:12""LP Frankie & Johnny 1975 RE Vinyl EX, Cover EX Pickwick",13.95,0.0465
v1|307047715239|0,VAN CLIBURN Rachmaninoff Concerto No.1962 RCA Victor Red Seal LP-LSC-2601,2.50,0.0465
v1|127963272545|0,Jukebox 45 & Title Strip Whitney Houston Love Will Save The Day Cleaned Tested,2.49,0.0465
v1|407055839097|0,Paul McCartney* Pipes of Peace* Parlophone* Import*Lp,19.99,0.0464
v1|366528198339|0,"Donuts by J Dilla (Record, 2011)",20.00,0.0464
v1|206405767384|0,Jeanette Macdonald & Nelson Eddy Favorites in Stereo Vinyl Album,6.50,0.0464
v1|178292421664|0,Jeanette Macdonald & Nelson Eddy Favorites In Stereo Vinyl Album,2.50,0.0464
v1|127962640732|0,Jukebox 45 & Title Strip Bon Jovi Miracle Cleaned Tested,2.49,0.0464
v1|800304406602|0,Petula Clark 'I Know a Place' Vinyl LP Record W-1598,5.00,0.0464
v1|236923412307|0,JAMES BOND 007-13 ORIGINAL THEMES-LP VINYL ALBUM–1983–VARIOUS ARTISTS-GOOD COND,9.99,0.0464
v1|227421373390|0,Jerry Lee Lewis Boogie Woogie Country Man LP Vinyl Mercury Country SRM-1-1030,1.60,0.0464
v1|147424442083|0,Chicago VII Columbia C2 32810 PROMO WINX Dial 16 Radio Station DJ Copy 2LP EX,50.00,0.0463
v1|318556241065|0,Wet Willie Which One's Willie LP 1979 [Epic JE 35794],10.00,0.0463
v1|267720654614|0,Dolly Parton - Here You Come Again / Me and Little Andy - 45 Record ,3.00,0.0463
v1|227421320186|0,"Three Dog Night, Golden Biscuits, Dunhill ABC Records, 1970",3.00,0.0463
v1|377326078601|0,"RAY SHARPE / KING CURTIS Help Me Get The Feeling 7"" 45RPM VG RECORD Vinyl USED",5.00,0.0463
v1|158064881525|0,Calico-Lost And Found 1981 LP Signed By Artist,49.95,0.0463
v1|236923833481|0,Columbia Masterworks Handel Organ Concertos Nos. 7-12 Biggs Boult LP,4.52,0.0462
v1|287445919083|0,The Rolling Stones Goats Head Soup vinyl LP Record 1973,9.25,0.0462
v1|137492005433|0,HERBIE MANN & FIRE ISLAND RHYTHMATISM (351) 7 Track LP Picture Sleeve ATLANTIC,4.99,0.0462
v1|257610844504|0,REO Speedwagon - Hi Infidelity LP 1980 Epic ~ FE 36844  - VG++,6.78,0.0462
v1|236924214587|0,Super Hits Volume 1 & 2 From Atlantic Records LP Oldies 60’s,9.76,0.0462
v1|188613070914|0,"DEE CLARK NOBODY BUT YOU/WHEN I CALL ON YOU 45 7"" ABNER VINYL 1958 Mono",2.95,0.0461
v1|366522549076|0,Johnny Maddox The Alley Cat And Other Piano Roll Favorites SPC3097 Dot Records,5.00,0.0461
v1|227421476440|0,Elvis Alpha From Hawaii Via Satellite Two Record Set,10.99,0.0461
v1|336677355253|0,Atlas FL-141 Frankie Laine Heartaches / Confessin' Vocal Single Black,1.00,0.0461
v1|158071004926|0,"Pointer Sisters Neutron Dance 12"" single vinyl record",3.00,0.0461
v1|198483676501|0,Charlie Parker Bird Symbols LP gatefold - Klabin collection,12.00,0.0461
v1|227416948055|0,"Bryan Adams  45  ""Heat Of The Night""  1987  ""Another Day"" +BIO -  Good Condition",2.99,0.0461
v1|267720979799|0,"Bank Americard ""Music Box"" LP A&M SP 19006 Promo Record Vinyl 33 rpm 1969",6.25,0.0461
v1|398150880923|0,"Charlie Ross - The High Cost Of Living (1982, Vinyl LP) “Somebody Loves You”",3.00,0.0461
v1|117284988834|0,Johnny Rivers' Golden Hits Vintage Vinyl LP 1968 Imperial Record LP,16.99,0.0461
v1|327252186025|0,"Stevie Wonder 45 ""You Are The Sunshine Of My Life / Tuesday Heartbreak"" AU2",0.99,0.0460
v1|127963780810|0,"Collection of 5 Dr. Martin L. King 33RPM Vinyl Records,",450.00,0.0460
v1|398150724473|0,Crystal Gayle Classic Crystal LP Vinyl Record Liberty United Artists 1979,3.00,0.0460
v1|298487799067|0,A41 THE SEA - Boston Symphony Orch -1957 RCA Victor Red Seal Records  LM-2111,3.49,0.0460
v1|188614202272|0,"OPENED- WARNER BROTHERS- JESSIE COLIN YOUNG ""Love On The Wing"" VINYL LP",6.00,0.0460
v1|398159149068|0,KING CRIMSON*IN THE COURT OF THE CRIMSON KING*VINYL ATLANTIC SD 8245,20.00,0.0460
v1|307047852491|0,Scholastic Records Pearl Primus Why Mosquitoes Buzz Vinyl 33 RPM,2.00,0.0460
v1|236923926262|0,LOVE STORY SOUNDTRACK - PARAMOUNT #  PAS 6002 - VINYL LP RECORD  - NEAR MINT,4.99,0.0460
v1|137492189689|0,The Continentals 45 red wax doo wop Whirlin Disc Collector Edition Mint,5.50,0.0459
v1|257611279280|0,Metavari. Symmetri Lp. Utesch. Electronica. 2017,19.95,0.0459
v1|127963047193|0,Hustle Hits Album Disco Duck 1976  Vintage Original Pickwick LP W Instructions,10.00,0.0459
v1|366528437106|0,Melanie Martinez K-12 Vinyl Record Album with K-12 Cover,25.00,0.0459
v1|398151432599|0,John Denver Back Home Again  Vinyl ,5.00,0.0459
v1|158066471741|0,ARTHUR PRYSOCK- 74 - lp (14Bb),7.00,0.0459
v1|800304416697|0,Tom Jones Darlin Lp Vinyl Record,5.00,0.0459
v1|327252113755|0,"Pandora 2 Pc Vinyl Lot 45 RPM 7"" Vinyl Promo Copy",15.99,0.0459
v1|257611498943|0,WHISPERS ~ One For The Money ~ 1976 ORIG PRESS FULLY TESTED VINYL VG+,3.45,0.0459
v1|147427848120|0,Asleep At The Wheel Framed 1980 1st Press MCA-5131,3.99,0.0459
v1|147422661363|0,"7 "" Single Vinyl - Patti Smith Group – Dancing Barefoot - S9777 K64",18.00,0.0459
v1|298488773967|0,THREE DOG NIGHT Golden Bisquits LP Album,7.50,0.0458
v1|127962830500|0,Lilly Hiatt – 2lp - LOT - color vinyl - SIGNED - BOTH UN PLAYED!!,13.99,0.0458
v1|800303751154|0,Jimi Hendrix – Band of Gypsys - 1970 Gold Record Ed STAO-472. Awesome Record,15.50,0.0458
v1|298487847146|0,Vintage Bobby Helms Jingle Bell Rock LP Mistletoe Holiday Christmas Album,24.99,0.0458
v1|168514395560|0,FRANK ZAPPA LP  SHEIK YERBOUTI 1979 RELEASE ON THE ZAPPA LABEL SRZ-2-1502 VG,25.00,0.0458
v1|168522401007|0,Roger Williams - For The First Time / Almost Paradise 1957 VG+,2.65,0.0458
v1|358771468643|0,Treasury of Great OperettasComplete Album RCACustomPress With All 9Records,37.77,0.0458
v1|117294189600|0,Joseph Keilberth Beethoven Symphony No. 3 Eroica Telefunken TCS18003 VG (up),3.99,0.0458
v1|267720760691|0,"HARRY CHAPIN ""Short Stories"" Vinyl Album LP Gatefold",2.99,0.0458
v1|236923033326|0,"Dueling Banjos, Deliverance Record NRMT, Warner Bros. Records",8.00,0.0457
v1|318512115566|0,John Barry – Somewhere In Time - US Soundtrack LP 1980,4.99,0.0457
v1|800303792654|0,The IMPRESSIONS~ The Vintage Years. 1976 Vinyl 2xLP,0.99,0.0457
v1|358768751797|0,"Decca Oklahoma! Theatre Guild Musical Play Selections Record - Drake, Roberts",10.00,0.0457
v1|298488120739|0,"The Beatles  Please, Please Me / From Me To You  Vee Jay VJ-581  Black Label  VG",9.99,0.0457
v1|147424506456|0,Like New Joan Baez Hits Greatest & Others Vinyl Record LP  VSD 79332  1973,25.00,0.0457
v1|168521814285|0,Disneyland Double Feature Vinyl Record LPs,7.99,0.0457
v1|158063817710|0,DRIVE ***OST Neon Pink Colored 2x Vinyl Anniversary Edition Soundtrack,74.99,0.0457
v1|158066461439|0,ELMER GANTRY - BLESS HUM! DAMN HIN! - MUSIC  SOUNDTRACK - LP SNTK #1,4.00,0.0457
v1|137492302974|0,"CHANSONS DE BORD, CHANSONS POPULAIRES BERCEUSES, Vinyl Lp",4.00,0.0457
v1|318542442606|0,Best of Bob Marley (VINYL Record),8.99,0.0457
v1|137493095040|0,Status Quo The Collection 1985 Gatefold Album Vintage Vinyl ,10.00,0.0457
v1|318556482052|0,Stephen Stills. original Jimmy Hendrix. Vintage. Atlantic Record,5.00,0.0457
v1|307048888981|0,Christine McVIE  FROM FLEETWOOD MACLP (1984),9.99,0.0457
v1|307042538542|0,George Thorogood/Destroyers 33RPM Better Than the Rest 1979 70s Blues Rock LP,6.00,0.0457
v1|287445419742|0,The Doors soft parade Elecktra EKS- 75005 Morrison Krieger,25.00,0.0457
v1|158064922409|0,EMILIO SANTIAGO O Melhor De (The Best Of) EMILIO SANTIAGO [1989] NEW ,25.00,0.0457
v1|278163005003|0,Lionel Richie Dancing On The Ceiling LP Vinyl,6.00,0.0457
v1|398150751769|0,Marty Robbins -A Lifetime Of Song 1951-1982 Double LP Vinyl Album- 1983 CBS,2.59,0.0457
v1|278164190857|0,Richard Rodgers Victory At Sea Volume  1  LM2335 ,4.99,0.0456
v1|298480074323|0,JONAH ELLIS CHRISTMAS WON’T BE CHRISTMAS WITHOUT MY BABY RARE 12” PROMO VINYL,10.00,0.0456
v1|137483004165|0,Tess Parks vinyl records Those Who Were Seen Dancing cocaine cat limited #’d,90.00,0.0456
v1|318556364493|0,VINTAGE 1980s CLASSIC ROCK LP RECORD STEELY DAN THE ROYAL SCAM MCA PRESS VG+,7.99,0.0456
v1|137493102681|0,"Teresa Brewer & Mercer Ellington, The Cotton Connection 1985 Vintage Vinyl",10.00,0.0456
v1|178292531430|0,THE DAVE BRUBECK QUARTET-WEST SIDE STORY-1970 6 EYE COLUMBIA VINYL LP-VERY CLEAN,25.00,0.0456
v1|188613048320|0,Elvis Presley A Canadian Tribute Translucent Gold Vinyl LP 1978 Excellent,14.95,0.0455
v1|377332154598|0,Lil Wayne Mrs. Officer Vinyl 10th Anniversary Cash Money Records Hip-Hop,16.66,0.0455
v1|147427892634|0,SHERBS The Skill 1980 NM Vinyl Mastered at STERLING SOUND,9.99,0.0455
v1|377326091210|0,"BOBBY TURNER If I Had One EBB-TIDE II 1968 7"" single 45 RPM VG RECORD Vinyl USED",5.00,0.0455
v1|158066779810|0,"LENA HORNE: THE LADY AND HER MUSIC, 2 LPs, NM, Qwest",2.00,0.0455
v1|147417593860|0,"The Temptations"" To Be Continued"" Cassette",1.89,0.0455
v1|168522730613|0,"Dionne Warwick - Promises, Promises  Vinyl LP",5.00,0.0455
v1|198476315246|0,The Who-Tommy Decca DL75126 VG/VG trifold w/ EX booklet 1969,11.00,0.0455
v1|168520575627|0,33 LP RPM Vinyl Record Whitney Houston Self-Titled Arista # AL 8-8212,6.00,0.0454
v1|198482792198|0,The Voices Of Walter Schumann - When We Were Young ( MW224-192 ),4.50,0.0454
v1|227416944762|0,"2 Nancy Sinatra 45s  ""These Boots Are Made For Walkin'""  +BIO  -  Good Condition",4.49,0.0454
v1|198483302077|0,"6 ft. Beneath the Moon by King Krule (Record, 2013)",19.99,0.0454
v1|147424785809|0," The Cars Candy-O Vinyl Record Album 1979 Electra Records Cellophane Disco-o-mat",19.00,0.0454
v1|398150465975|0,DeBarge In A Special Way Vinyl LP,14.00,0.0454
v1|227421475016|0,ARTUR SCHNABEL PLAYS BEETHOVEN  Five Piano Concertos+   ARABESQUE 4-LP Box  Mint,13.90,0.0454
v1|198482794169|0,London Philharmonic Band Of The Coldstream Guards 1812 Overture Vinyl Record,4.99,0.0454
v1|127957694067|0,BUCKACRE Morning Comes 1976 COUNTRY ROCK LP on MCA #MCA-2218 Debut w/Insert,5.99,0.0453
v1|287445927561|0,Terry Baxter The Best of '68 Double LP Vinyl Tops Records Easy Listening,16.00,0.0453
v1|358769150842|0,Jethro Tull Heavy Horses Original 1978 Vinyl lp CHR-1175,10.00,0.0453
v1|358769150842|0,Jethro Tull Heavy Horses Original 1978 Vinyl lp CHR-1175,10.00,0.0453
v1|168526841360|0,The Manhattan Transfer-Bop Doo-Wopp Vinyl LP  81233-1 EXCELLENT CONDITION,9.99,0.0453
v1|137492005640|0,The Righteous Brothers “Just Once In My Life” Phillips Phlp 4008 Vinyl LP,4.99,0.0453
v1|188614198628|0,The Standard Treasury Of The World's Greatest Music,6.00,0.0453
v1|188614255876|0,The Standard Treasury Of The World's Greatest Music,5.50,0.0453
v1|147422702760|0,Three Dog Night- Cyan LP,8.00,0.0452
v1|278163956653|0," Tom T. Hall LP -Faster Horses - 1976 Mercury SRM-1-1076 Vinyl LP RecordP - ",9.99,0.0452
v1|137493190273|0,THE VENTURES - SWAMP ROCK - LP (BOX-1),9.99,0.0452
v1|307048779876|0,Linda Ronstadt*A Retrospective* 1977 2LP ,14.88,0.0452
v1|227424657359|0,Man on the Moon Special Collectors Edition TheFlight of Apollo 11 Evolution 3004,33.25,0.0452
v1|327251922741|0,Jethro Tull  THIS WAS  MINT/NM Fully Tested!,15.90,0.0452
v1|377319835381|0,BOZ SCAGGS - DOWN TWO THEN LEFT COLUMBIA JC 34729 LP,8.00,0.0452
v1|267717880913|0,"LP Kenny Rogers ""Share Your Love""",3.00,0.0452
v1|158064203621|0,DAVE CLARK FIVE--7'-PROMO 45--(COME HOME)---EX,19.99,0.0452
v1|278153832464|0,LP RECORDS BOX-40 -FLOYD-CRAMER,3.00,0.0452
v1|127963062373|0,The Trammps “The Whole World’s Dancing” 1978 Vinyl LP,1.00,0.0451
v1|168522400494|0,Mindy Carson Hold Me Tight Wake The Town And Tell The People Columbia 78 Record,2.70,0.0451
v1|168522400839|0,The Bon Bons – Precious Love / Secretly  1956 VG+,2.65,0.0451
v1|307048983405|0,"Melanie Martinez Crybaby, K-12, After School Ep, And Portals",80.00,0.0451
v1|267717836975|0,Frank Sinatra – Sinatra's Sinatra - LP - RS-1010 / FS-1010 ,8.00,0.0451
v1|336677413451|0,"Stevie Wonder - Songs In The Key Of Life, 2xLP, (Vinyl) With 45",19.99,0.0451
v1|318555651927|0,Guy Lombardi Deck The Halls /The Beach Boys Little St Nick,9.99,0.0451
v1|137500039285|0,STEPHEN STILLS Right By You 1984 NM Vinyl Lyric Sleeve,9.99,0.0451
v1|336677371976|0,"4 Star 1008 T"" Texas Tyler ""Oklahoma Hills"" / ""Remember Me"" Record Black/Red",6.24,0.0451
v1|158054564388|0,"Vaughan Williams*, Ireland* - Gerald English, West Australian Symphony Orchestra",28.00,0.0450
v1|398150771377|0,Million Sellers LP by Rick Nelson vinyl VG LP-12232 Imperial,3.76,0.0450
v1|188613224489|0,Andy Williams 2 LP set Columbia Record Club Exclusive 24 Songs P2S 5024 1976,2.78,0.0450
v1|298488813607|0,Renaissance     Live       Double LP,10.00,0.0450
v1|287447114909|0,busta rhymes Break Ya Neck ,8.00,0.0450
v1|377318770496|0,"RICK JAMES - FOREVER AND A DAY MOTOWN 12"" WL PROMO",9.99,0.0450
v1|158066471866|0,RYAN'S DAUGHTER SOUNDTRACK - LP SNTK #3,5.00,0.0450
v1|168521158142|0,Tommy Ellison And The Five Singing Stars Holy Ghost HOB Gospel VG+,25.00,0.0450
v1|127963416654|0,"Vtg Steady Date with Tommy Sands 33""  EP 1 848 record Gonna get a girl",2.00,0.0449
v1|358758630423|0,DAVID CARROLL AND HIS ORCH. PERCUSSION ORIENTALE MERCURY STEREO LP,9.99,0.0449
v1|178291685535|0,"Twisted Sister - ""Stay Hungry"" - LP",12.00,0.0449
v1|298488774334|0,2 THE FOUR LADS LP -On the Sunny Side/Four Lads Sing Frank Loesser,4.99,0.0449
v1|147427824402|0,Paul McCartney & Wings London Town 1978 1st Press Lyric sleeve,7.99,0.0449
v1|188614733386|0,Ivory Joe Hunter Since I Met You Baby / You Can't Stop This Rocking And Roll VG+,4.04,0.0449
v1|168521146930|0,Red Rockers AOR Hit CHINA 12” Single On Vinyl VG,4.00,0.0449
v1|117284985406|0,Beatles Can't Buy Me Love / You Can't Do That Capitol Records 45,27.99,0.0449
v1|377318761558|0,"CULTURE BEAT - GOT TO GET IT EPIC 12""",9.99,0.0449
v1|336681120614|0,THOMAS DOLBY-EUROPA & THE PIRATE TWINS b/w RADIO SILENCE-1983 w/ PIC SLV- 45 RPM,2.75,0.0448
v1|358756303208|0,ALFRED NEWMAN  -  Captain From Castile  -  Delos LP,7.06,0.0448
v1|178292191168|0,"CHARLIE RICH BEHIND CLOSED DOORS  7"" 45 rpm RECORD EPIC MEMORY LANE 1973",2.00,0.0448
v1|227421541503|0,David Bowie The Rise And Fall Of Ziggy Stardust And The Spiders From Mars Vinyl,74.00,0.0448
v1|227422553882|0,Cheryl Ladd by Cheryl Ladd Vinyl LP 1978 Skinnydippin Pre-Loved,14.99,0.0448
v1|117291472504|0,"The Turtles""LET ME GE/YOUR MAW SAID YOU CRIED""(7""45RPM)(MISSPELLED)(RECORD VG)",10.00,0.0447
v1|168522400396|0,Jimmie Dodd - Mouserteer Theme / Hi To You (Hej for Dig) 1956 GD,2.65,0.0447
v1|358777909709|0,Mom And Dads Herman Dinges Guy Lombardo Albert Holman Record Lot Polka,8.99,0.0447
v1|366529029023|0,"The Vapors Jimmie Jones / Daylight Titans 7"" Vinyl 45RPM Liberty BP 401",8.00,0.0447
v1|158065198488|0,Jim Croce - Time In A Bottle - Jim Croce's Greatest Love Songs,6.00,0.0447
v1|127963279619|0,Jukebox 45 & Title Strip Con Huntley She’s Steppin’ Out Cleaned Tested,2.49,0.0446
v1|287447113988|0,Star ‘N’ Garter Blimey! Vinyl LP 1998 No Sleeve,13.00,0.0446
v1|327253000389|0,ROD STEWART FOOT LOOSE & FANCY FREE  12'' VINYL 33 RPM LP RECORD ALBUM,9.99,0.0446
v1|358767470359|0,"Nuclear Furniture [LP] by Jefferson Starship (Vinyl, RCA Records USA)",1.90,0.0446
v1|227421291530|0,SONNY THOMPSON Long Gone MIRACLE 1948 Jump Blues 78 RPM SHELLAC USED,5.00,0.0446
v1|168521666553|0,SANDLER & YOUNG Happy Holidays True Value  Vinyl LP- Record Untested ,6.99,0.0446
v1|287445319869|0,Western Hootenanny Vinyl Record Various Artist LP,5.00,0.0446
v1|377325800790|0,Ukrainian Record Album LP The Trivolians Used,6.40,0.0445
v1|366522587035|0,The Boston Baked Beans The Stripper DN2384 Diplomat Records 1966,5.00,0.0445
v1|257612243109|0,CHAD & JEREMY - I DON'T WANT TO LOSE YOU BABY (original Columbia label),1.00,0.0445
v1|407061921939|0,45 RPM Blue Jays MUSIC VOICE 501 Wouldn't it be funny VG+,3.00,0.0445
v1|800306078872|0,STEVIE RAY VAUGHAN LP Texas Flood 1983  Epic Legacy  RE 180 gram vinyl,16.50,0.0445
v1|318551530834|0,"THE YARDBIRDS OVER UNDER SIDEWAYS DOWN 45 7"" US EPIC VINYL w/PS PICTURE SLEEVE",5.98,0.0445
v1|336678025610|0,"Stevie Nicks Talk To Me 7"" 45 RPM Black Vinyl Single Modern 7-99582",1.80,0.0444
v1|117284965864|0,Herb Alpert & The Tijuana Brass WLP promo LP The Brass Are Comin' vg++,16.00,0.0444
v1|407061794840|0,Tommy JACKSON Grand Ole Opry Square Dances  DOT Df 101 (4) 78 rpm Rare VG+,7.92,0.0444
v1|178290112234|0,50s Bluegrass 1st Pressing 45 BILL MONROE Alabama Waltz / Old Fiddler DECCA hear,4.00,0.0444
v1|287445077296|0,1961 Canadian Nationals Drum and Bugle Corps Viny Record,4.99,0.0444
v1|147423436874|0,"Glad All over by Dave Clark Five (Record, 5-9656",2.94,0.0443
v1|158066471766|0,RICKY SKAGGS - DON'T CHEAT IN OUR HOMETOWN  - LP (14b ),9.00,0.0443
v1|307043093424|0,"Jerry Lee Lewis  Lot of 3 Albums, Vinyls Visually rated See Pictures Rock  A16",7.00,0.0443
v1|117290065785|0,MOON MULLIGAN (sic) I'll Sail My Ship Alone  1975 Gusto 45 NAME MISSPELLED  VG+,5.00,0.0443
v1|327246933186|0,VINTAGE LP VINYL 1960: Eddy Arnold Sings Them Again LSP-2185 RCA💿LIVING STEREO,49.50,0.0443
v1|137493091837|0,ELVIS ALOHA FROM HAWAII VIA SATELLITE (1972 Vintage Vinyl 2 Lp Gatefold Album),10.00,0.0443
v1|358771299897|0,Buddy Merrill 2lp Set 25 All-time Guitar Favorites Released In 1971 Very Good,10.00,0.0443
v1|287444758814|0,Reader's Digest Stardust Memories Vinyl Box Set 8LP Easy Listening Relaxation,17.99,0.0443
v1|267720805145|0,Emmylou Harris - Blue Kentucky Girl - Vinyl  1979,5.00,0.0442
v1|168513894859|0,"Ray Eberle - Ray Eberle Plays Glenn Miller Favorites, LP, (Vinyl)",9.99,0.0442
v1|127966424125|0,"MIKE BLOOMFIELD & AL KOOPER, Live Double LP Fillmore SF 1968 Columbia VG/GOOD",6.89,0.0442
v1|307048446172|0,Captain Kangaroo Tells Just So Stories 1969 LP,4.95,0.0442
v1|257611070729|0,ac/dc for those about to rock Vintage Vinyl Record,16.10,0.0442
v1|127963009042|0,“The Sting” 1974 Original Motion Picture Soundtrack Vinyl LP,1.00,0.0442
v1|358767495215|0,Jeff Beck vinyl record TRUTH BN-26413 orange label,53.00,0.0442
v1|137493391857|0,The Vogues Red Wax 45 M-,5.00,0.0442
v1|168521581073|0,Foreigner - 'Double Vision' Vinyl Record Pristine Condition,7.99,0.0442
v1|287447415578|0,"Olivia Newton-John If You Love Me, Let Me Know 12"" Black Vinyl LP MCA Pop",500.00,0.0442
v1|267718257132|0,Jethro Tull – This Was LP - '73 reissue - VG+/VG+,10.00,0.0442
v1|147417592261|0,Deep Purple Artie Shaw & his Orchestra LP RCA 1982 1 st Japanese pressing,18.99,0.0442
v1|398158663187|0,GRACE JONES - Living My Life- 1982  LP,10.00,0.0442
v1|168521063902|0,"Quicksilver Anthology by Quicksilver Messenger Service (Record, 2011)",5.00,0.0441
v1|327251536476|0,"BRONCO - La Rompidita PROMO 45 Rpm Ariola Records 7"" Vinyl Cumbia",65.00,0.0441
v1|327251536476|0,"BRONCO - La Rompidita PROMO 45 Rpm Ariola Records 7"" Vinyl Cumbia",65.00,0.0441
v1|147424506382|0,Like New Judy Collins Wildflowers Stereo Vinyl LP 1967 Elektra EKS-74102,45.00,0.0441
v1|267720719748|0,Jam Session #4 - Verve Records - 1982 Polygram-- UMV2518 - Promotional Copy,15.00,0.0441
v1|407056660114|0,Reader's Digest Champagne Music Varieties LP Box Set (1970),5.00,0.0441
v1|188614727556|0,Dion & Belmonts 45 Laurie 3013 Blue Label VG+ Columbia -1A Stampers,2.84,0.0441
v1|800305362446|0,Frank Sinatra - In The Wee Small Hours Vinyl LP - 1955 -  - Capitol W-581 RARE!,50.00,0.0440
v1|800305362446|0,Frank Sinatra - In The Wee Small Hours Vinyl LP - 1955 -  - Capitol W-581 RARE!,50.00,0.0440
v1|117291626156|0,The Band-vinyl ,10.00,0.0440
v1|147424793755|0,Cheech & Chong Sleeping Beauty Vinyl LP EX/NM,60.00,0.0440
v1|127962641238|0,Jukebox 45 & Title Strip Michael Bolton Georgia On My Mind Cleaned Tested,2.49,0.0440
v1|137499992105|0,THE ROCHES Nurds 1980 NM Vinyl Mastered at STERLING Sound,9.99,0.0440
v1|358784038659|0,Prince Madonna Earth Wind & Fire + 2 LP Lot Pop Soul 1960s-1990s ,17.50,0.0440
v1|298488774234|0,DEBBY BOONE Lp Album-You Light Up My Life,4.99,0.0440
v1|227421281559|0,"DRIFTERS Moonlight Bay / Drip Drop 1958 7"" single 45 RPM VG- RECORD Vinyl USED",5.00,0.0440
v1|236923464018|0,The Hooters - One Way Home - 1987 - Columbia OC 40659 W/Inner Sleeve VG,0.01,0.0440
v1|117290009345|0,Don Dixon - Romeo at Juilliard - Vinyl LP,25.00,0.0440
v1|318542719567|0,JEFFERSON STARSHIP: Earth ~ Original 1978 Vinyl LP ! ~ Grunt Records/BXL1-2515,1.99,0.0439
v1|127966287688|0,"LP 12 Columbia CS 9706, percy Faith Angel Of The Morning",2.95,0.0439
v1|236924017579|0,Beethoven- Piano Concerto No. 5 & Coriolanus Overture-Zsolt Deaky/Nuremburg Orch,7.99,0.0439
v1|318555380578|0,Kelsea  Ballerini Patterns LP Target Exclusive Multicolored,9.99,0.0439
v1|358767422210|0,"Tom Petty and The Heartbreakers ""CHANGE OF HEART"" 7"" 45rpm RED Vinyl Record",6.99,0.0439
v1|198482958180|0,The Rolling Stones – Metamorphosis • LP Vinyl 1975 ABKCO,9.00,0.0438
v1|307052484079|0,Traffic Welcome To The Canteen Record LP 1971 /Winwood/Grech/Mason,10.00,0.0438
v1|307042327185|0,"Bellamy Brothers “You Can Get Crazy” Vinyl = VG+ 12"" LP Record Rock,Country Rock",3.75,0.0438
v1|158066594867|0,JOHNNY MATHIS - LP #9,4.00,0.0438
v1|158066594859|0,JOHNNY MATHIS - LP #2,4.00,0.0438
v1|158066594864|0,JOHNNY MATHIS - LP #6,4.00,0.0438
v1|158066594865|0,JOHNNY MATHIS- LP #8,4.00,0.0438
v1|158066594862|0,JOHNNY MATHIS - LP #3,4.00,0.0438
v1|158066594858|0,JOHNNY MATHIS - LP #4,4.00,0.0438
v1|158066594855|0,JOHNNY MATHIS -  LP #1,4.00,0.0438
v1|158066594860|0,JOHNNY MATHIS - LP #5,4.00,0.0438
v1|158066594863|0,JOHNNY MATHIS - LP #7,4.00,0.0438
v1|336681124443|0,"Bob Dylan The Freewheelin' LP Columbia CS 8786 Vinyl 1963, ",71.25,0.0438
v1|198483676488|0,Oscar Peterson Action Vol. 1 MPS Records - Klabin collection,12.00,0.0438
v1|407056824945|0,1946 Victor Musical Masterpieces Set DC 15 Waltzes Of Johann & Josef Strauss 78,9.83,0.0438
v1|407056848956|0,"Dexys Midnight Runners Come On Eileen 12"" Vinyl Single 45 RPM Mercury 1982",5.00,0.0438
v1|168521954250|0,Ted Nugent Double Live Gonzo Vinyl Record Lp,5.07,0.0438
v1|377326156724|0,Glenn Miller On Vocation 5131 Doin’ The Jive ,15.00,0.0437
v1|377332073203|0,"R. Kelly Step In The Name Of Love Remix Vinyl 12"" Single Jive R&B 2876-35572-1",17.77,0.0436
v1|227421381650|0,45 RPM Marc Almond Something's Gotta Hold of my Heart EMI Records 1988 Paper,5.00,0.0436
v1|137493355086|0,Vintage Vinyl LP - Living Strings Play Henry Mancini - RCA Camden 1963,3.99,0.0436
v1|236917090817|0,PATTI AUSTIN Every Home Should Have One / LP,5.00,0.0436
v1|336671988063|0,"BUDDY HOLLY and the CRICKETS - Brunswick 955009 - ""That'll Be the Day""",3.99,0.0436
v1|407056574031|0,"Records Lps Vinyl (Lot Of 5) Cheap Trick, Sgt. Pepper's, James Taylor......etc..",19.99,0.0436
v1|158070324383|0,"Falco Junge Roemer (Young Romans) 12"" single vinyl record",3.00,0.0436
v1|398151540390|0,Larry Graham - Just Be My Lady,1.00,0.0436
v1|278156401651|0,MILLIE JACKSON - I HAD TO SAY SPRING LP,8.00,0.0436
v1|188616933068|0,David Bowie:  Images 1966-1967 (1973) Original 2 LP Set. London Records BP 628/9,20.00,0.0436
v1|257611069566|0,ERIC CARMEN - THE BEST OF ERIC CARMEN - JAPAN COPY- VINYL NM,24.99,0.0436
v1|377326161881|0,King Crimson In the Court of the Crimson King 1969 Atlantic Records SD 8245,60.00,0.0435
v1|307047726077|0,Vintage Martin Luther King speaks album.The great march to freedom,10.00,0.0435
v1|307048726705|0,Billy Idol    Rebel Yell    EX,10.50,0.0435
v1|178282342248|0,Olivia Newton-John If You Love Me Let Me Know LP Vinyl Album RecordRock,7.99,0.0435
v1|318564730502|0,"Rare: Elvis Aron Presley Radio Station Sampler, Exceepts From The Boxset LP ",20.00,0.0435
v1|168522401215|0,"Vince Martin – Cindy, Oh Cindy / Only If You Praise The Lord 1956 VG",2.65,0.0435
v1|377326091182|0,"JONAH JONES Hubba Hubba Hub COMMODORE 1945 Jazz 12"" 78 RPM SHELLAC USED",5.00,0.0435
v1|307047702517|0,The Boy Friend Original Cast Recording LP Vinyl Record RCA Victor LOC1018,2.45,0.0434
v1|287451642244|0,Vinnie Paz All Are Guests In The House Of God Records & LPs NM++,40.00,0.0434
v1|358768159781|0,"1977- LEO SAYER, ""THUNDER IN MY HEART"", 12"" WARNER BROS RECORD, POP ROCK",1.00,0.0434
v1|236916980313|0,THE MORMON TABERNACLE CHOIR CHRISTMAS CELEBRATION 3 Lp VG+ Box Set w 18p Booklet,5.00,0.0434
v1|327234993727|0,HEART - GREATEST HITS / LIVE - CLASSIC ROCK - 2 LP - VG++ VINYL,5.99,0.0434
v1|168522400925|0,Dean Martin 1955 45 - Memories Are Made Of This / Change of Heart F3295,2.65,0.0434
v1|168521548276|0,RITCHIE VALENS-RARE LIMITED EDITION-4-SONG-EP-PICTURE SLEEVE + 45-(LA BAMBA+3)PS,149.99,0.0434
v1|298487558529|0,Jim Nabors     5-LP's       NM or as described       1967-1980,22.00,0.0434
v1|188521457362|0,Johnny Rodriguez - Just Get Up And Close The Door - 1975 Mercury LP Vinyl - VG++,0.99,0.0433
v1|188521457362|0,Johnny Rodriguez - Just Get Up And Close The Door - 1975 Mercury LP Vinyl - VG++,0.99,0.0433
v1|127963272239|0,Jukebox 45 & Title Strip Heart I Didn’t Want To Need You Cleaned Tested,2.49,0.0433
v1|257610817642|0,Sonny & Cher – Mama Was A Rock And Roll Singer / 1973 MCA Records MCA-2102 (VG-),4.99,0.0433
v1|147423330663|0,Rod Stewart & Faces Vinyl LP Nod's As Good As A Wink Warner Bros,2.99,0.0433
v1|287445910837|0,Dean Martin Welcome To My World LP Vinyl Reprise Pop Vocal Album,10.00,0.0433
v1|206402607904|0,"Elvis Presley Almost in Love Camden CAS-2440 Stereo 12"" Vinyl LP 33RPM 1970",6.54,0.0433
v1|168521154912|0,Castaleers Thats Why I Cry 1960 Planet Doo Wop VG,25.00,0.0433
v1|188614466133|0,Elvis Presley Sings For Children and Grownups Too Vinyl LP 1978 Excellent,12.95,0.0433
v1|287451436157|0,Freddie Mercury In My Defense Vinyl Single (1992),8.00,0.0433
v1|168515419520|0,8 VINTAGE 33RPM ALBUMS LES BROWN ROSEMARY CLOONEY TOMMY DORSEY DICK JACOBS ETC.,21.99,0.0433
v1|377326091190|0,"HANK DUNCAN Changes, Always On My Mind BLACK & WHITE Jazz 78 RPM SHELLAC USED",5.00,0.0433
v1|168520947080|0,R.Crumb & His Cheap Suite Serenaders - Number Two Vinyl SIGNED VG+,99.99,0.0432
v1|168522400228|0,Mitch Miller - Willy Can / Lisbon Antigua In Old Lisbon VG+,2.65,0.0432
v1|178281645227|0,"The New Christy Minstrels - Greatest Hits (Vinyl, 1966)",0.99,0.0432
v1|398158663269|0,STAR WARS SOUNDTRACK VINYL LP DOUBLE ALBUM 2T-541 1983 Re-Issue,10.00,0.0432
v1|358756437993|0,ELLA LOGAN Sings  -  Allegro 10 Inch LP,6.01,0.0432
v1|137495561223|0,SIMON & GARFUNKEL GOLDEN HITS LP JAPANESE JAPAN !,9.99,0.0432
v1|358770691975|0,The Two Sides Of The Smooth Brothers Record,4.00,0.0432
v1|307048211389|0,Otto Cesana Ecstasy LP Vinyl Album Record,3.66,0.0432
v1|178291637759|0,U2 War (reissue),20.00,0.0432
v1|137493302194|0,Tompall Glaser The Great Tompall 1976 Vintage Vinyl ,18.00,0.0432
v1|358779760742|0,Chuck Mangione Land Of Make Believe 1973 Mercury Vinyl LP,1.99,0.0432
v1|366528998255|0,"Shandi 45 ""Nobody Loves You Better (Stereo) / Mono"" Promo AU2",0.99,0.0431
v1|287447113956|0,Sha Na Na The Golden Age Of Rock 'n' Roll - 1973 Double Vinyl LP 2 Record Set,5.00,0.0431
v1|168521686629|0,The Highwaymen – Standing Room Only! - Record Untested ,7.99,0.0431
v1|178291409026|0,Carmen RIvero: Que Te Pasa?/Brincando Cha-Cha 45 Discos Columbia rare latin VG+,9.99,0.0431
v1|178291325897|0,I Taut I Taw a Puddy Tat LP 1975 Mel Blanc Looney Tunes,35.00,0.0431
v1|236917292839|0,Power Source (Shelter From The Storm)LP Christian Rock 1986,0.99,0.0431
v1|278163783790|0,Taylor Swift-The Life of a Showgirl The Crowd is Your King Target Edition Vinyl ,22.00,0.0431
v1|377327376950|0,"Tin Pan Alley Mozart/Vivaldi Concertos LP Vinyl 12"" Piano Violin Rolf Reinhardt",3.72,0.0431
v1|336681310125|0,ANIMOTION - I ENGINEER b/w THE ESSENCE - ORIG 1986 w/PIC SLV-45 RPM NEAR MINT,2.25,0.0431
v1|318550779482|0,"Band Aid ~ Do They Know It's Christmas? US Promo Vinyl 7"" Single",8.99,0.0430
v1|168520759210|0,"Bulldozer by Kevin Devine (Record, 2013)",4.40,0.0430
v1|168521462657|0,"Ray Price Rainbows & And Tears  LP country 1976 ""ts""",1.50,0.0430
v1|398150667425|0,"Cliff Richard - Cliff Richard Striped Horse SHL 2005 LP, Album, All VG+",3.00,0.0430
v1|147423769852|0,"Bachman-Turner Overdrive II LP Vinyl Mercury 1973 Rock Classic Rock 12"" 33 RPM",1.59,0.0430
v1|366530214566|0,Jefferson Airplane-Flight Log: 1966-1976 VINYL 2-LP set 1977 Grunt 1098,4.99,0.0430
v1|147424775609|0,Twenty One Pilots Blurryface Live Vinyl 3 LP Record Set - COVER HAS SHELF WEAR,400.00,0.0430
v1|358767376595|0,THE BAROQUE BEATLES Book LP Classical Pop Fusion ELEKTRA Mono Novelty J RIFKIN,1.00,0.0429
v1|137492184564|0,DUKE OF EARL (Gene Chandler) Duke Of Earl/Kissin In The Kitchen ~ Vee Jay 2173,5.50,0.0429
v1|168522400427|0,Mickey & Sylvia  - Dearest /  There Oughta Be A Law  1957  VG+,2.65,0.0429
v1|336677057213|0,The Doggie in the Window/Side by Side by Mini Martel 78RPM,3.70,0.0429
v1|307051187325|0,AC/DC Back in Black 180 gram LP in Shrink & Hype Sticker,29.00,0.0429
v1|188600780616|0,South of the Border : 4 LP-Set  [Vintage Reader's Digest RDA 72-A] - NM,8.00,0.0429
v1|298488951375|0,"1964-KAI WINDING, ""PORTRAIT OF MY LOVE/MONDO CANE  #2"" , 7"" VERVE RECORD. JAZZ",0.99,0.0429
v1|327253097214|0,"Lucerito-Cuentame 7"" Vinyl 45rpm Promo Mexican Pop Lucero",12.99,0.0429
v1|198483817040|0,"VINTAGE-Guy Lombardo - Song Of Norway 1959 LP, Album,  Good Condition.",5.00,0.0429
v1|227421579097|0,Engelbert Humperdinck – After The Lovin' LP PE34381 Vinyl 1976 Orange Label EX!,4.99,0.0428
v1|358767961518|0,Ray Stevens Everything is Beautiful Vinyl Record Barnaby Z12-35005 Used Good,1.00,0.0428
v1|178292189077|0,"RCA Gold Seal LP Record,Francois , The Pachelbel Canon and Baroque Favorite VG",1.00,0.0428
v1|366528501937|0,"Jimmy Harnen W/Synch 7"" Vinyl Record Single Where Are You Now / Only For The...",3.69,0.0428
v1|236918302913|0,"OAK RIDGE BOYS -- Bobbie Sue/Live In Love, 45 VG+, 1981, MCA Records",0.99,0.0428
v1|358768236616|0,Yes Fragile Vinyl LP,15.00,0.0427
v1|366528469926|0,"Chron Gen Jet Boy Jet Girl 7"" 45 RPM Punk Single 1981 Secret SHH 129 rare",20.00,0.0427
v1|168522645321|0,1984 Beatles Picture Disc Single I Feel Fine and She's a Woman  MINT,35.00,0.0427
v1|127962639037|0,Jukebox 45 & Title Strip Cher We All Sleep Alone Cleaned Tested,2.49,0.0427
v1|227421577721|0,"The J. Geils Band - Love Stinks 12"" Single SPRO9395 SPRO9396 Vinyl 1980 Promo NM",14.00,0.0427
v1|267722896929|0,9 70s Soft Rock Vinyl LP Lot: Poco Doobie Brothers Supertramp America ELO VG+,12.35,0.0427
v1|227416948880|0,"Tommy Roe ""Greatest Hits"" 1969 LP Vinyl Record ♪ Good Condition",8.99,0.0427
v1|257606466662|0,Porter Wagoner and Dolly Parton Porter 'N' Dolly Vinyl LP Record,5.00,0.0426
v1|158063514294|0,33 LP RPM Vinyl Record The Troggs WILD THING Atco Records # 33-193 Mono,19.00,0.0426
v1|377326094817|0,CLYDE MCCOY Sugar Blues / Basin Street Blues VOGUE 1946 Jazz 78 RPM VINYL USED,5.00,0.0426
v1|318554936527|0,Vinyl Record Single Hank Williams Move It In Over,5.00,0.0426
v1|158063822524|0,The Animals S/T 1964 LP MGM E4264 Includes House of the Rising Sun,14.99,0.0426
v1|127963272090|0,Jukebox 45 & Title Strip Hall & Oates Family Man Cleaned Tested,2.49,0.0426
v1|147427874078|0,Spotlight On Guitar Manuel Barrucco Konrad Ragossnig William Matthews Others 198,9.99,0.0426
v1|178291908129|0,"Led Zeppelin Trampled Under Foot 7"" (Promo pressing)",25.00,0.0425
v1|158066562867|0,BOBBY VINTON -SINGS GREAT MOTION PICTURE THEMES -  LP  (22c),4.00,0.0425
v1|227421061825|0,"AL HIRT  ""OUR MAN IN NEW ORLEANS"" Vinyl LP Record RCA VICTOR LPM-2607",4.99,0.0425
v1|800308752269|0,"LUCKY THOMPSON WITH EMMETT BERRY-SWING 8404-MARTIAL SOLAL HENRI RENAUD, 1956",10.98,0.0425
v1|327251642999|0,"Vintage Carole King ""Rhymes And Reasons"" Vinyl Album (1972)",2.41,0.0425
v1|206394276778|0,Niles Michigan High School Choir - The Christmas Album - Delta LP,1.99,0.0425
v1|198487720030|0,Lot (8) Rap Hip-Hop N X 2 PAC  SNOOP DOGG  KRIS KROSS STARSHIP 27 AND MORE,25.00,0.0425
v1|178293755760|0,"Destiny's Child Lose My Breath (The Remixes) 12"" Black Vinyl Columbia",12.00,0.0425
v1|278162819080|0,Beethoven Septet For Strings And Wind In E Flat Opus 20,19.55,0.0424
v1|398150786440|0,Jacoozzi - Brant Bjork Vinyl SIGNED NM Yellow/Gold Variant HPS097,74.99,0.0424
v1|366528483523|0,Diana Ross Greatest Hits 1ST PRESSING W/ETCHINGS LP Vinyl,360.00,0.0424
v1|366528483523|0,Diana Ross Greatest Hits 1ST PRESSING W/ETCHINGS LP Vinyl,360.00,0.0424
v1|178292257574|0,JOHNNY HALLYDAY - JOHNNY LUI DIT ADIEU  RARE GREEK 45 PLAYS VG - TO VG++  LOOK,10.00,0.0424
v1|198475985112|0,Nitty Gritty Dirt Band- Uncle Charlie and His Dog Teddy Liberty LST-7642 VG+ EX,23.40,0.0424
v1|147422966957|0,The Platters More Encore of Golden Hits   Record Album Vinyl LP #564,5.00,0.0424
v1|206401120829|0,"Redd Foxx - Adults Only - Vinyl Record Album. 12”, 33 RPM, VG+",4.99,0.0424
v1|147423344566|0,"Dodgers Bill Singer No-Hitter July 20, 1970 Vinyl Record 33 RPM Narrated by Vin…",10.00,0.0424
v1|147423344566|0,"Dodgers Bill Singer No-Hitter July 20, 1970 Vinyl Record 33 RPM Narrated by Vin…",10.00,0.0424
v1|137492660320|0,Kenny Loggins: This Is It - Columbia 45rpm Promo - VG+,8.00,0.0423
v1|147424506388|0,Canned Heat The Real Future Blues Album Stereo Vinyl LP EX/NM,89.00,0.0423
v1|147424506301|0,The Doors Absolutely Live Stereo Vinyll 2 LPs EKS 9002,50.00,0.0423
v1|336677097038|0,LP El Nene Y Sus Traviesos Vocal Juan Carlos Coronel ‎ Después De Todo MINT-,19.99,0.0423
v1|358776332268|0,JETHRO TULL Benefit LP VINYL Reprise ,1.99,0.0423
v1|398152055633|0,"Les Compagnons de la Chanson Frenchy 12"" Vinyl LP Capitol Stereo ST10311",8.00,0.0423
v1|307048730228|0,Christmas Holidays At Radio City Music Hall~1958yr+BOOKLET,15.00,0.0422
v1|278164408586|0,BACH Family - Chamber Music - Ars Rediviva Ensemble Prague - SUPRAPHON ST LP,7.70,0.0422
v1|188614734001|0,Harry Belafonte Belafonte Sings The Blues 1958 RCA Victor LOP1006 Credit Error,2.76,0.0422
v1|366530246037|0,Fleetwood Mac Future Games Vinyl,18.00,0.0422
v1|117284966050|0,"Sandy Linton 12"" 45 High Energy - Reach Out (I'll Be There) Eyes KEY 12653",9.99,0.0422
v1|168522400521|0,"Marvin Rainwater & Connie Francis–The Majesty Of Love/ You, My Darlin', You 1957",2.65,0.0422
v1|800292065857|0,Chet Nichols,40.00,0.0422
v1|206405906052|0,Expire Pretty Low Vinyl Color White Hardcore,39.99,0.0422
v1|158054564366|0,"Johann Strauss Jr., The Johann Strauss Orchestra, Jack Rothstein, Josef Strauss*",25.00,0.0421
v1|158064051845|0,WESTWORLD: SELECTIONS FROM THE HBO SERIES SEASON 2  VINYL,17.99,0.0421
v1|168522400644|0,Little Jimmy Dickens - I'm Coming Over Tonight / Say It Now 1956 VG+,2.65,0.0421
v1|178291774805|0,"Ozzy Osbourne - ""Diary of A Madman"" - LP, 1st Edition",10.00,0.0421
v1|257610844470|0,"Raekwon – The Hood / Clientele Kidd - 12"" VINYL SINGLE 2 Records!WU-TANG Doubles",9.87,0.0421
v1|298490219838|0,Oklahoma Full Record Set #359 All Records In Immaculate Condition Decca Records ,0.01,0.0421
v1|298488599730|0,MENTORS – “UP THE DOSE” VINYL LP  1986 HEAVY METAL / SHOCK ROCK CLASSIC!,59.99,0.0421
v1|407056435090|0,Various Artists “Bangs & Works Vol. 1” 2xLP Chicago Footwork Juke Dance OG Vinyl,15.50,0.0421
v1|358770499863|0,Eddy Grant My Turn To Love You 12” Promo Single Vinyl Record RARE 1980 ,3.99,0.0420
v1|168522400529|0,Jack Pleis and His Orchestra – That's Life / Goodnight Waltz  - 1957 EX,2.65,0.0420
v1|168521680720|0,"GLEN CAMPBELL - By The Time I Get To Phoenix - 12"" Vinyl Record LP - Untested ",9.99,0.0420
v1|168527356780|0,Billy Joel The Stranger  Vinyl LP Record VG+/EX 1978,18.00,0.0420
v1|287446085041|0,Elvis Presley – It's Now Or Never / A Mess Of Blues    on  RCA   1960     IMPORT,8.95,0.0420
v1|236924873355|0,The Hemphills (Ready to Leave) LP 1974 Southern Gospel,0.99,0.0420
v1|257610927791|0,VICTOR IRIZARRY Sabor Y Merengue Good,10.00,0.0420
v1|227422311512|0,Phil Spector's Wall Of Sound Series Vol 1 & Vol 2,5.50,0.0420
v1|147423159617|0,"Sgt. Pepper's Lonely Hearts Club Band LP RSO  1978, RS-2-4100, Bee Gees - Poster",3.00,0.0420
v1|227416946409|0,"Men At Work EP ""Dr. Heckyll & Mr. Jive"" ©1983 Vinyl Record +Bio ♫ Good Condition",6.99,0.0420
v1|168522400753|0,Gershwin Porgy And Bess 1960 Vinyl LP Record Album Broadway Show Tunes  CLP 5104,2.70,0.0420
v1|358771392775|0,Frankie Yankovic The All-time Great Polkas Album Released In 1959 Very Good,10.00,0.0419
v1|137492192209|0,The Suns /The Camelots Doowop 45 Mint,5.50,0.0419
v1|168522401091|0,Don Rondo - Two Different World / He Made You Mine 1956 VG+,2.65,0.0419
v1|307048372486|0,LP - Bobby Darin Story - Lazy River Mack The Knife - Record Vinyl ATCO 33-131 C,8.00,0.0419
v1|366528320514|0,Great Baritone Arias From Italian Operas Frank Guarrera Colombia Masterworks LP,15.00,0.0419
v1|206400582792|0,"1984 The Muppets Take Manhattan Book & Record 33 RPM Vinyl 7"" MBR 710 Tested",7.00,0.0419
v1|178292413661|0,101 Strings The Strephen Foster Songbook LP Album,4.75,0.0419
v1|358777516072|0,"Stan Kenton Showcase The Music of Bill Russo Capitol  H525 MONO 10"" 1953 Candido",7.99,0.0418
v1|158066467551|0,THE BIG COUNTRY SOUNDTRACK -   - LP - SNTK #7,5.00,0.0418
v1|188616103601|0,"Jim Reeves Up Trough The Years LP LPM-3427, RCA LPM 3427 ,1965 Good Condition ",1.75,0.0418
v1|358767685407|0,"Billie Holiday Vinyl Albums, The Golden Years VG++",25.00,0.0418
v1|287446085037|0,Fats Domino – Blueberry Hill / Honey Chile    on   IMPERIAL   1956    Nice,8.95,0.0418
v1|198483707115|0,ORIGINAL BEATLES 1964 US ‘HEAR THE BEATLES TELL ALL’ 1ST PRESSING VEE JAY 202,25.00,0.0418
v1|407055526702|0,"MAYNARD FERGUSON-NEWPORT SUITE-ROULETTE 52047, DICK KIEFER, DON ELLIS",10.98,0.0418
v1|358767373682|0,Freddy Fender 'Wasted Days and Wasted' Vinyl Record Single 7” 45,2.99,0.0417
v1|307042563647|0,"Los Indios Tabajaras “Always In My Heart” Vinyl = VG:VG+ 12"" LPRecord Folk,Latín",12.00,0.0417
v1|377326078553|0,"MICKEY MOUSE CLUB Mickey's Big Show 7"" 1958 EP 45 RPM RECORD Vinyl NOS",5.00,0.0417
v1|137493150607|0,1940's Decca Hazel Scott Piano Solos,5.00,0.0417
v1|398150906895|0,THE CASTELLS. SACRED/I GET DREAMY  ERA 3048.,5.99,0.0417
v1|257611116792|0,Bryan Adams 1987 (45 record) Heat Of The Night Edited Version ,4.02,0.0417
v1|287445774328|0,"Joseph Haydn Sym No. 53 in D + Acis Overture, Two Airs, Scherzando #6 (MHS 768)",0.99,0.0416
v1|137493290832|0,TOMPALL GLASER AND HIS OUTLAW BAND ABC RECORDS 1977 Vintage Vinyl ,18.00,0.0416
v1|407056206029|0,The Moody Blues - Seventh Sojourn - Vinyl Record,2.91,0.0416
v1|336677671852|0,Vintage Comedy Vinyl Record Lot Cheech Chong Steve Martin Richard Pryor Cosby LP,14.00,0.0416
v1|137500018887|0,"1978 Slave – Stellar Fungk 12"" Single Vinyl Record",8.00,0.0416
v1|377317739952|0,Mahavishnu Orchestra: Between Nothingness & Eternity  (LP),10.75,0.0415
v1|336677259296|0,1812 Overture-Paris Symphony Orchestra 33 RPM  (Extremely Rare),6.37,0.0415
v1|147424506346|0,Johnny Winter Still Alive & Well  Stereo Vinyl LP 1973 KC32188 EX/NM,55.00,0.0415
v1|257611455788|0,"Bad Babysitter by Princess Superstar (Record, 2002)",3.00,0.0414
v1|127966287672|0,"LP 12 Columbia CS 8824 Shangri-La!, Percy Faith and His Orchestra",2.95,0.0414
v1|398150750180|0,Sweet William & Bad Bill 78. Still In Chicago (Jail). 1928 Brunswick Record 3002,12.00,0.0414
v1|318556419614|0,5 RAY CONNIFF LP-So Much In Love/I Love How Yu Love Me/The Way We Were/Favorites,7.50,0.0414
v1|358771130743|0,The Bill Gaither Trio Moments For Forever 2 Record Set Gospel Vinyl Lp 41G,10.00,0.0414
v1|188614612904|0,Introductory Special! A Tops Sampler Album 1959 Vinyl LP Various Cool Cover,3.84,0.0413
v1|227421451061|0,TALKING HEADS – STOP MAKING SENCE VINYL ALBUM - 1984 - NM MINT,20.50,0.0413
v1|147422709406|0,The POLICE - (4) 45s & Picture Sleeves - VG-VG+,5.75,0.0413
v1|137493393187|0,Cheap Truck Lot Of Two Dream Police/Heaven Tonight/The Flame /Through The Night,7.00,0.0413
v1|127962615210|0,Vintage Vinyl - Man of La Mancha - Original Cast Recording - Best Musical 1966,1.00,0.0413
v1|366528575036|0,SMALL CHANGE - TEARDROPS - R&B SINGLE,3.00,0.0413
v1|358755469850|0,"Inner Mounting Flame by Mahavishnu Orchestra (Record, 2008)",12.99,0.0413
v1|206405772838|0,Horse Latitudes Awakening Double LP Vinyl  Doomentia Records Used Metal Doom,20.00,0.0413
v1|127966581344|0,USED 2 LP LOT OF BONNIE TYLER HEARTACHE FASTER THAN THE SPEED OF NIGHT,19.99,0.0413
v1|168521052644|0,"Frankie Valli-My Eyes Adored You-Pop-Private Stock 45,003-vinyl-record-NM-1975",6.99,0.0413
v1|158066478415|0,THE VENTURES - MISTY NIGHT  - 45RPM - JAPAN ISSUE,8.00,0.0413
v1|147422630238|0,45 rpm Vinyl Records Lot Of 10 Croce Essex more great for an old jukebox,85.00,0.0413
v1|407063358769|0,The Beach Boys Endless Summer Vinyl Record 2LP,29.99,0.0413
v1|307048410666|0,"10"" LP - Hall of Fame - Columbia Records - House Party Series CL2600",8.00,0.0413
v1|198483520063|0,Merle Haggard The Fightin' Side of Me LP Vinyl Capitol ST-451 Stereo Vinyl,9.99,0.0412
v1|137484651898|0,Paul McCartney & Wings – Wings Over America (1976 3LP) G+/G+ w/ Poster,19.99,0.0412
v1|168521073456|0,Rag Rock N Roll Vinyl,2.40,0.0412
v1|307047843289|0,ARTUR RUBINSTEIN-Grieg Piano Concerto (1962) Stereo RCA RED SEAL LP,4.20,0.0412
v1|147422704514|0,NANCY SINATRA - Lightning’s Girl/Until It’s Time For You To Go - G+-VG,2.75,0.0412
v1|336677335849|0,Decca 1778 Harry Horlick Southern Roses / Voices of Spring Single Black,5.33,0.0411
v1|227421530839|0,THE HOOTERS - NERVOUS NIGHT  1985 Vinyl LP Pre Loved,9.99,0.0411
v1|800288985389|0,1983 AMAZING KISS LICK IT UP 45 RPM  VINYL RECORD. NO SLEEVE. VINYL EXCELLENT!!!,1.33,0.0411
v1|307052484083|0,Jeff Beck Beck-Ola 1969 US Epic BN 26478 Yellow Label VG+/Stewart/Wood,10.00,0.0411
v1|227421314619|0,"Lot Of 28 Rock /Soul Vinyl:LED Z,R Stones,Supertramp,Foreigner,Beatl,Steppenwolf",99.99,0.0411
v1|358768160050|0,Carly Simon No Secrets Vinyl LP Record,15.00,0.0410
v1|127963618815|0,Hold strong - Illumination Butter knife 7” Vinyl hardcore Punk Music,6.00,0.0410
v1|278163001818|0," Mozart  Complete Horn Concertos No 1,2,3 And 4 Philharmonic Orchestra ",14.35,0.0410
v1|137500055668|0,David Bromberg Band Reckless Abandon 1977 Fantasy F-8340,5.99,0.0410
v1|336676831893|0,Motley Crue Record,21.99,0.0410
v1|158064219913|0,"Rock And Roll,Music Appreciation Library,Vinyl lp,Paris International",5.99,0.0410
v1|178292781079|0,"Decca LP Record. Bert Kaempfert, Living It Up, VG ",1.00,0.0410
v1|336678215909|0,Christian Religious Faith Lp Record Lot Of 12 Lps Records Various Artists,19.99,0.0409
v1|198483676493|0,Oscar Peterson My Favorite Instrument Volume IV MPS - Klabin collection,12.00,0.0409
v1|267720378535|0,The Rolling Stones Big Hits High Tide and Green Grass 7167 Vinyl 12”,8.00,0.0409
v1|358769619513|0,Bible Story Adventures Daniel In The Lions Den The Queen Who Saved Her Kingdom,2.99,0.0409
v1|168521514299|0,Jan Roszkowski Favorite Polkas and Waltzes Polka Stereo Vinyl LP DS 412,2.78,0.0409
v1|168521514299|0,Jan Roszkowski Favorite Polkas and Waltzes Polka Stereo Vinyl LP DS 412,2.78,0.0409
v1|127963002770|0,Lakeside “Your Wish Is My Command” 1981 Gatefold Vinyl LP,4.00,0.0409
v1|257611351472|0,The Coasters – Thumbin' A Ride / Wait A Minute    on   ATCO     1961,8.95,0.0409
v1|358756443332|0,BING CROSBY  -  Crosby Classics  -  Philco 10 Inch LP,6.01,0.0409
v1|800304119146|0,Beatles - Rarities (Sampler) (PSLP 261) 1986 UK Parlophone,24.99,0.0409
v1|168514583788|0,"Vintage - Original 1966 ""Disneyland"" It's a Small World Vinyl LP ST 3925",10.00,0.0409
v1|168522400479|0,Charlie Gracie -  Butterfly / Ninety-Nine Ways   1957 VG+,2.65,0.0409
v1|147423168936|0,"John Stewart Wheatfield Lady publishing acetate 7"" Kingston Trio ",30.00,0.0408
v1|336677918414|0,"Tyler, The Creator Call Me If You Get Lost 12"" Black Vinyl LP Columbia 2021",30.00,0.0408
v1|127962547387|0,BILLY MITCHELL - SHORT SKIRTS/YOU KNOW I DO - Jubilee - VG+,6.00,0.0408
v1|127962547387|0,BILLY MITCHELL - SHORT SKIRTS/YOU KNOW I DO - Jubilee - VG+,6.00,0.0408
v1|178291471039|0,"Warner Brothers 45 RPM Record, Rex Allen ,She Has My Heart,Yippy Cry Yi, VG ",1.00,0.0408
v1|147424685979|0,3 BB King/1 Lighning Hopkins Recods On United/Superior ,99.00,0.0408
v1|168520830129|0,1979 HERB ALPERT & THE TIJUANA BRASS - RISE HYPE LP SHRINK - EX Ultrasonic Clean,16.99,0.0408
v1|298487803894|0,Reggae 45 Vinyl Collection 70s 80s Reggae Dub Rocksteady Records,99.99,0.0407
v1|188616899500|0,LP Vinyl Album Memories Of Steam: Past & Present - 3 Record Set,3.99,0.0407
v1|178292353870|0,"PORTER WAGNER AND DOLLY PARTON-ALWAYS,  ALWAYS-VINYL LP-CLEAN IN SHRINK WRAP",26.12,0.0407
v1|158066779809|0,David Sanborn - As We Speak - LP Vinyl NM Warner Bros. 1982,7.00,0.0407
v1|800304414561|0,"Lucy & Carly 1973 Sealed LP, Simon Sisters Sing for Children Vinyl Is Mint Cond!",6.00,0.0407
v1|227421094048|0,Barefoot Jerry Watchin TV LP 1974 Monument KZ 32926 Country Rock Vinyl,10.00,0.0407
v1|227421412481|0,Tom Petty And The Heartbreaks Hard Promises Vinyl,47.00,0.0407
v1|398150933748|0,Bing Crosby 78. It’s Easy To Remember & Swanee River. Decca Record F. 49004. UK,12.00,0.0406
v1|377328522122|0,"Canned Heat & John Lee Hooker Whiskey And Wimmen 7"" 45 RPM Vinyl Record Promo G",1.99,0.0406
v1|178291878616|0,"AC/DC - ""For Those About To Rock We Salute You"" - LP",8.00,0.0406
v1|257611158323|0,2-LP 1975 Beatles 1967-1970 VG+/VG+,15.00,0.0406
v1|318555296428|0,"The Beatles Minstrels Vol. 1, 1002 Live Recording LP Green Label",5.64,0.0406
v1|377326912133|0,"GENESIS ""Revelatory Genesis 80:78"" 2-LP concert set Kneboworth 1978 London 1980",55.00,0.0406
v1|236923737800|0,"Prince/ Sign""O"" The Times/La,La,La/He,He,Hee -Maxi-Single - 45 RPM /12 Inch-1987",35.00,0.0406
v1|287446085056|0,The Detergents – Leader Of The Laundromat / Ulcers    ROULETTE   1964  w/pic slv,8.95,0.0406
v1|137493134418|0,"Shaun Cassidy: Live+ Under Wraps Vinyl LP & Press Kit From WASP , Todd Rundgren",9.00,0.0406
v1|137492002940|0,1985 Barry Manilow Manilow RCA AFLI 7044 lp vinyl album Excellent Condition,5.99,0.0405
v1|158066471724|0,RAY STEVENS - HE THINKS HE'S RAY STEVENS - LP (14b ),9.00,0.0405
v1|168527611718|0,TAS RCA LDS 7022 PUCCINI TOSCA SORIA KARAJAN 2S 1963 SORIA NM,7.99,0.0405
v1|267720699641|0,Kenny Rogers - Kenny Rogers - Vinyl LP Album 1976 United Artist Record,4.99,0.0405
v1|377318762716|0,"PHILIP BAILEY - I KNOW COLUMBIA 12"" PROMO",8.00,0.0405
v1|366528225619|0,"Poulenc Dialogues Of The Carmelites Dervaux Comp ;CL-3585, 3 Records with Score!",20.00,0.0405
v1|358758630577|0,LOS CHAVALES DE ESPANA PANART VOL.1 MONO LP,9.99,0.0404
v1|168520652872|0,Metallica Kill ‘Em All Megaforce Ride the Lightning Elektra - Covers Only,15.50,0.0404
v1|188612726921|0,"Vladimir Vysotsky ""The Sentence"" Высоцкий - Формулировка LP MADE IN USA",120.00,0.0404
v1|127962860758|0,Pet Shop Boys Vinyl Record Suburbia Paninro 45 RPM Single See Photos For Cond.,12.99,0.0404
v1|127966662196|0,BEBOP DELUXE The Best Of And The Rest Of Bebop Deluxe 2 LP 1979 Harvest VG+ Demo,6.98,0.0404
v1|327252866391|0,1966 The Monkees I’m A Believer / (I’m Not Your) Steppin’ Stone Picture Sleeve,10.00,0.0404
v1|278163474496|0,SHAUN CASSIDY - 1977 - DA DOO RUN RUN ...LP,3.79,0.0404
v1|178290112242|0,Haunting Bluegrass Rare Demo 45 BILL MONROE Lonesome Moonlight /My Old KY DECCA,6.00,0.0404
v1|307050051545|0,Starland Vocal Band—Late Nite Radio Vinyl LP Record Album BXL12598 Tested VG+/VG,1.99,0.0404
v1|227421281571|0,TED & RUTH REINHART Sing Cowboy Sing AUTOGRAPH Country VG+ VINYL LP Record USED,5.00,0.0404
v1|227421281571|0,TED & RUTH REINHART Sing Cowboy Sing AUTOGRAPH Country VG+ VINYL LP Record USED,5.00,0.0404
v1|198483676496|0,Howard Rumsey Lighthouse Allstars Vol. 6 Contemporary C3504 - Klabin collection,12.00,0.0404
v1|198482988710|0,Eagles Japan LP The Long Run on Asylum,35.00,0.0404
v1|236917089457|0,TIM WEISBERG / THE BEST OF LP Grade (VG) Very Good,5.00,0.0403
v1|800309020032|0,Engelbert Humperdinck My Love Vinyl LP,8.00,0.0403
v1|318555637545|0,Rocky Original Motion Picture Vinyl Record (1976) Music By Bill Conti,25.00,0.0403
v1|336677335117|0,OKeh 06042 Louise Massey & the Westerneers Sailor Boy / Army Boot Polka,1.00,0.0403
v1|198482794093|0,Bach The Complete Brandenburg Concerti: Otto Klemperer Philharmonia Orchestra LP,4.99,0.0403
v1|358755572248|0,PERCY SLEDGE - WARM AND TENDER LOVE ATLANTIC 45,6.00,0.0403
v1|178290112246|0,"50s Bluegrass Bopper 45 LESTER FLATT, EARL SCRUGGS I Won't Be COLUMBIA promo wax",6.00,0.0403
v1|236917273102|0,James Ward (Mourning to Dancing)LP CCM 1979,0.99,0.0402
v1|117290009073|0,MR. & MRS. SUNSHINE Sleepy Rio Grande/My Carolina Sunshine Girl 1956 MGM Promo,3.00,0.0402
v1|327251425505|0,Soultry I'll Get Mine PROMO SINGLE Vinyl 33 1/3 RPM 374631365-1,5.60,0.0402
v1|307047847236|0,Scholastic Records Owl at Home Arnold Lobel LP Vinyl 33 RPM 1976 SCC 2793,6.39,0.0402
v1|137482044165|0,"MASON PROFITT--""Last Night I Had The Strangest Dream""--Clean Vinyl and Cover",4.95,0.0402
v1|188613069227|0,Elvis Presley Mahalo From Elvis LP Pickwick 1978 OPEN in Shrink Keel Pressing,4.70,0.0402
v1|287444621812|0,"Autographed Jerry Butler, Nothing Says I Love You Like I Love You LP Vinyl",29.99,0.0402
v1|307048677567|0,LP - Morris Day & The Time - Oolor Of Success - Album #1-25820 Warner Bros 1985,12.00,0.0401
v1|188614610603|0,COUNT BASIE: and his orchestra 1937/ 1938 MUSIDISC Vinyl LP 33 RPM France Nice,2.19,0.0401
v1|188614610603|0,COUNT BASIE: and his orchestra 1937/ 1938 MUSIDISC Vinyl LP 33 RPM France Nice,2.19,0.0401
v1|398150433282|0,Garcia Jerry Garcia Lp ,12.00,0.0401
v1|117295126063|0,"JIMI HENDRIX,BAND OF GYPSYS,TAIWAN PRESS",59.99,0.0401
v1|318558654535|0,"Lonnie Johnson, Tomorrow Night.  King 4201.  E-/vg++",18.00,0.0401
v1|377326475767|0,Walt Disney Music Disk Jockey Sample Promo RCA Victor You Can Fly Peter Pan,5.00,0.0401
v1|358768827052|0,Warren Zevon (1980) “Bad Luck Streak in Dancing School” – Dual Marked Promo,50.00,0.0400
v1|307048208621|0,2 LP's - JOHNNY CASH - Folsom Prison 1970 Columbia CS9639 + Folsom Prison Blues,12.00,0.0400
v1|336677336577|0,"Pearl Bailey Hello, Dolly Cab Calloway VINYL LP ALBUM 1967 RCA VICTOR RECORDS",5.00,0.0400
v1|307048258383|0,Frank Sinatra / This Is Sinatra! Vinyl LP Capitol T768 MONO 1956  VG+ Condition,6.99,0.0400
v1|327252959337|0,"1973 Rock & Roll double-LP - THE BEATLES ""1967-1970"" APPLE RECORDS #3404",9.49,0.0400
v1|318556515175|0,"The Life Treasury of Christmas Music 12"" LP Supplement Capitol 1963",4.99,0.0400
v1|366528299381|0,Sheffield Lab 13 Mayorga/McBroom GROWING UP IN HOLLYWOOD box set 1980 inserts LP,25.00,0.0400
v1|257610860882|0,SAWYER BROWN Shakin' Capitol EMI 1985 LP COUNTRY Rock Classic RCA,12.34,0.0400
v1|158070428976|0,Feargal Sharkey vinyl record album sealed unopened,3.00,0.0400
v1|336676624314|0,"Richard and The Young Lions, Open up Your Door, Philiips 40381, vg++/ M-",10.00,0.0399
v1|158064220007|0,Lote 0f 2 Chick Corea Return To Forever  1973 And My Spanish Heart (2 Lps) 1976 ,20.00,0.0399
v1|178292408569|0,"Plantation 45 RPM Record, Jeannie C Riley, We were Raised on love,Country Girl, ",1.50,0.0399
v1|287451576912|0,Nancy Wilson Lp Something Wonderful On Capitol - Vg++/ Vg+,9.00,0.0399
v1|147427854651|0,REO SPEEDWAGON Hi In-Fidelity 1980 Original Lyric Sleeve,7.99,0.0399
v1|318512193473|0,Diana Ross & The Supremes – Merry Christmas - US Reissue LP 1978,4.99,0.0399
v1|117290581352|0,"Lynyrd Skynyrd, First And Last, 1978",9.95,0.0399
v1|287445695432|0,"Tweedle Dee & Ko Ko Mo - Vintage 1955 Golden Record 78 Vinyl Record R204 6""",4.00,0.0399
v1|287447285500|0,Johnny Cash and Tennessee Two “I Walk the Line” & “Get Rhythm” single Vinyl 1956,12.00,0.0399
v1|147424506616|0,EMMYLOU HARRIS - WHITE SHOES LP 1983 (WARNER BROS.) 9 23961-1 EX/NM,25.00,0.0399
v1|307042766869|0,"Johnny Cash “Sings I Walk The Line” Stereo Vinyl = VG 12"" LP Record Country,Folk",5.00,0.0399
v1|257611351111|0,The Beach Boys – When I Grow Up (To Be A Man)  / She knows me too well   CAPITOL,8.95,0.0399
v1|358771495257|0,Ernie Ford - A Treasury of Inspirational Songs (6 Vinyl Records Box) - Tested,37.00,0.0398
v1|800303749353|0,Jimi Hendrix “The Cry Of Love” 1979 Vinyl Classic - Awesome Copy  - MS 2034,15.50,0.0398
v1|267718219415|0,The J. Geils Band – The J. Geils Band LP - 1970 - VG+/VG,12.00,0.0398
v1|307050166965|0,The Moody Blues To Our Childrens Childrens Children Threshold THS 1 1st Press,4.95,0.0398
v1|117295102781|0,"MTUME UMOJA ENSEMBLE-LIVE AT THE EAST,SIDE A AND B 0NLY",99.99,0.0398
v1|267720810006|0,Michael Jackson - First Pressing Thriller  - 3 Jackson’s Albums - 1 Magazine Lot,100.00,0.0398
v1|318556413655|0,The Castells 45 So This Is Love / On The Street Of Tears VG++ VG+ F2,10.00,0.0398
v1|800304840836|0,Beatles Yesterday And Today Green Capitol Label LP Vinyl Gold Rec Award ST-2553,34.95,0.0398
v1|287447519441|0,Vintage Reader's Digest Treasury of Great Operettas 9 Record Set-Beautiful!,5.00,0.0398
v1|377317781624|0,"45 RPM Bobby Darin, If I Were a Carpenter, Rainin', Atlantic Vinyl 2350 VG.",3.00,0.0397
v1|287445358412|0,"45 ~Jack Scott: ""One Of These Days / Steps 1 And 2"" 1961 Capitol (EX-)",2.25,0.0397
v1|278163550417|0,Enjoy The Ride The Dark Crystal OST Trevor Jones Deluxe Purple 180-220g LP,99.99,0.0397
v1|147423345720|0,"Seals & Crofts Summer Breeze Vinyl Record (1972, Warner Bros.) LP",2.99,0.0397
v1|298494985380|0,"Ernie Kucera and HIs Orchestra LP ""Featuring the Deer Waltz EKL-4 Stereo",6.15,0.0397
v1|318556285112|0,CLASSIC ROCK LP RECORD Dire Straits Making Movies WARNER BROS WITH INNER NICE VG,7.99,0.0397
v1|227421622988|0,"RCA Victor Mary Martin & Cyril Ritchard Peter Pan LP 12"" 33 RPM Stereo 1954 VG+",7.99,0.0397
v1|377332075099|0,"Junior M.A.F.I.A. Gettin' Money Remix Vinyl 12"" Promo Big Beat Rap 0-95768",12.22,0.0397
v1|307042931937|0,"Paul Simon “Still Crazy After All These Years” Stereo Vinyl=VG:VG+ 12"" LP Record",6.00,0.0397
v1|158066594854|0,JOHNNY MATHIS & DENICE WILIAMS - LP #1,4.00,0.0397
v1|257611351100|0,The Coasters – Along Came Jones / That is rock and roll   on  LONDON AR     1959,8.95,0.0397
v1|127962393322|0,"Rusty Draper Can't Live Without Them Anymore / Seventeen Mercury 7"" 45 70651X45",0.96,0.0396
v1|147417590825|0,"The Beatles""Rock & Roll Music"" Volume1 1 st Japanese pressing LP",18.00,0.0396
v1|398150222467|0,Mozart Milanese Quartets Barchet Quartet Vox PL 7480 Classical Vinyl LP,4.25,0.0396
v1|236923826814|0,Columbia Masterworks Handel Organ Concertos Nos. 1-6 Op. 4 Biggs Boult LP,4.80,0.0396
v1|168521486842|0,Rick James Fire It Up Vintage Vinyl Record LP 1979 Gordy Record G8-990M1,3.70,0.0396
v1|800304413558|0,Rod Stewart Steampacket 1977 Vinyl LP Springboard Records,6.00,0.0396
v1|188614404493|0,"CONNIE FRANCIS TOGETHER / TOO MANY RULES 45 7"" VINYL PICTURE SLEEVE",3.38,0.0396
v1|336677412953|0,Al Green - Let's Stay Together - Hi- Soul 45 - 1971,7.00,0.0396
v1|287445482235|0,Leon Bridges Leon Limited Edition Bone Colored Vinyl,5.00,0.0396
v1|168521885118|0,Neville Marriner ASMF Bach Mozart Purcell Rossini Telemann,19.99,0.0396
v1|318555717740|0,Jackboys Vinyl LP Travis Scott Cactus Jack Neon Exclusive,85.00,0.0395
v1|227421378940|0,"Willie Nelson Without A Song 12"" Vinyl LP Record Album",2.04,0.0395
v1|168522400935|0,Jerry Lewis - Rock-A-Bye Your Baby / Come Rain or Come Shine  1956 VG,2.65,0.0395
v1|366534763610|0,The Diary Of Alicia Keys Champagne Colored vinyl 2x LP,22.99,0.0395
v1|178293872812|0,JOHN LENNON-DOUBLE FANTASY-1980 STERLING PRESS VINYL LP CLEAN NICE COPY,35.00,0.0395
v1|358758630618|0,AL JARREAU - LOOK TO THE RAINBOW LIVE WARNER BROS 2-LP SET PROMO,15.00,0.0395
v1|298490619186|0,THE BEASTMASTER VARESE SARABANDE ORIGINAL SOUNDTRACK ViNYL LP OST,65.00,0.0395
v1|377318770629|0,"QUINCY JONES - I'LL BE GOOD TO YOU QUEST 12"" RAY CHARLES CHAKA KHAN",8.00,0.0395
v1|287447541436|0,RCA Victor Porter Wayne and Dolly Rebecca Porter Wagoner Dolly Parton LP 1970,14.00,0.0394
v1|206401855570|0,LP Double The Best of '68 1968 Terry Baxter and His Orchestra Pop P2S 5224,10.00,0.0394
v1|168513873782|0,"Mozart ""Eine Kleine Nachtmusik"" Serenade In G Major (K 525)",5.00,0.0394
v1|318542914966|0,frank sinatra mono vinyl lp,39.00,0.0394
v1|267720821313|0,ELVIS PRESLEY Vinyl Lp - ON STAGE - LSP-4362,9.99,0.0394
v1|358769294200|0,"LADIES COMEDY VINYL: Joan Rivers, Lily Tomlin, Anna Russell",1.50,0.0393
v1|188612713952|0,"Anatoly Mogilevsky ""I Love You Madame"" Russian Emigrant LP",175.00,0.0393
v1|198483148662|0,VINTAGE-Andre Kostelanetz - Calendar Girl - Columbia CL811 ,5.00,0.0393
v1|158054564389|0,"Berlioz*, Concertgebouw Orchestra Of Amsterdam*, Eduard van Beinum ‎– Symphony F",17.00,0.0393
v1|298488951316|0,"1969- SHANGO, "" DAY AFTER DAY"", 7"" A&M RECORD,  ROCK, FUSION",0.99,0.0393
v1|298487542911|0,Boots Randolph       16-LP's         NM or as Described       CHOOSE Any 5 LP's,22.00,0.0393
v1|407057113015|0,Axe - Living on the Edge ~ 1980 Record Made in US MCA-3224 ~ No Bar Code,9.99,0.0393
v1|127962360878|0,"The Rays Daddy Cool / Silhouettes XYZ 7"" Black Vinyl Single 45 RPM X-102",2.39,0.0392
v1|366528390370|0,Led Zeppelin Led Zeppelin ii 1ST PRESSING W/ETCHINGS Vinyl,1780.00,0.0392
v1|168522401228|0,The Righteous Brothers - Justine / In That Great Gettin' Up Mornin'  1965 Good,2.65,0.0392
v1|168520750836|0,"Metz by Metz (Record, 2012)",6.80,0.0392
v1|287447113994|0,Wu-Tang Break/Beats/Samples Vinyl LP No Sleeve Or Inlay,30.00,0.0392
v1|327247003279|0,FLEETWOOD MAC-MIRAGE-PREVIOUSLY 0WNED-HARDLY PLAYED- ALBUM-1982,9.00,0.0392
v1|137493355116|0,Mantovani - Great Theme Music London Recrods LL3231 Vinyl LP 210-34 - Used,1.99,0.0391
v1|147424816990|0,Debbie Boone You Light Up My Life LP 1977,1.99,0.0391
v1|257614980273|0,Rolling Stones Exile On Main Street 2LP 1972 Press 12 postcards SP-RS-722509-6,98.00,0.0391
v1|800308783596|0,BEN WEBSTER-SATURDAY NIGHT AT THE MONTMARTRE-BLACK LION 30155-KENNY DREW,10.98,0.0391
v1|318511829147|0,"Francis Lai, Various – Love Story - Dialogue And Music - US 2LP embossed Gatefol",4.99,0.0391
v1|407058117577|0,Dean Martin - Dream with Dean   1964 LP Vinyl Record Album   VG / VG   Jojo's,5.00,0.0391
v1|287445538999|0,Selena Gomez Benny Blanco 'I Said I Love You First' Candy Cane Red Vinyl LP,5.44,0.0391
v1|366522564564|0,David Rose And His Orchestra More! More! More! Music Of The Stripper MGM SE4099,5.00,0.0390
v1|398150150227|0,Be All End All - Pact Music Vinyl LP,5.00,0.0390
v1|147422927340|0,Lot of 9 Japanese 7” Vinyl EP 45 RPM Records Enka Pop Picture Sleeves Japan,3.25,0.0390
v1|198477371775|0,(5) 33 1/3 Rpm Albums From “ The Great Ray Charles.,6.99,0.0390
v1|147427815231|0,2LP Lot JETHRO TULL Benefit & Heavy Horses EXCELLENT!!,14.99,0.0390
v1|278170810538|0,Blue Magic-Mixed Lot Of 2 LP And 3-7” 5 Total Records Vinyl-45 RPM Margie Joseph,5.99,0.0390
v1|398150565518|0,"3 LP Lot Psychedelic Era RAZMATAZ; The GROUPQUAKE (Various); BLOOD, SWEAT TEARS",6.33,0.0390
v1|377326091222|0,VAUGHN MONROE Riders In The Sky (A Cowboy Legend) RCA 1949 RPM SHELLAC USED,5.00,0.0389
v1|800303726251|0,Jimi Hendrix Woke Up This Morning And Found Myself Dead 1980 Blues Rock Vinyl LP,15.50,0.0389
v1|358771421524|0,Guy Lombardo 50th Anniversary Album Released In 1977. Very Good Condition,8.00,0.0389
v1|307047979730|0,Boston Pops  Slaughter On Tenth Avenue  Lp 1964  RCA Victor  LSC 2747 ,3.83,0.0389
v1|168521049823|0,DAVE CLARK FIVE-7'-PROMO 45--(NINETEEN DAYS)---EX,19.99,0.0389
v1|147424506403|0,The Best of The New Riders of the Purple Sage Stereo Vinyl 1976 PC 34367 EX/NM,40.00,0.0389
v1|168520621302|0,Heavenly Johnny Mathis LP Vinyl Columbia 2018 CL 1351 VG/VG+ Ultrasonic Clean,7.99,0.0388
v1|318556483908|0,Jerry Lee Lewis The Session. Vinyl Record. Vintage. Gino Soccio Empty Case,6.00,0.0388
v1|327251985770|0,Bananarama Move In My Direction 2x12” Single Promo Remixes,9.99,0.0388
v1|327251541116|0,"Vintage Diana Ross ""Reach Out And Touch (Somebody's Hand) 45 Single (1970)",1.70,0.0388
v1|318556263812|0,Dan Fogelberg-Phoenix-1979 Epic FE35634 - Vinyl Record LP,10.00,0.0388
v1|147424506487|0,Like New Record NPS Who Are Those Guys Stereo Vinyl LP 1976 MCA-2248,40.00,0.0387
v1|206402948099|0,"Ta Mara & Seen Thinking About You US 7"" Vinyl Single Minneapolis Prince",7.50,0.0387
v1|287447113952|0,"Beethoven Symphony No. 6 Vienna Philharmonic, Pierre Monteax Vinyl STS 15161",6.00,0.0387
v1|198483562296|0,"Conway Twitty It’s Only Make Believe 20 Great Songs Warwick 1981 12"" Vinyl LP",8.99,0.0387
v1|318556500771|0,"Les Elgart For Dancers Also Columbia 12"" 33 RPM LP Vinyl Record CL 1008",2.49,0.0387
v1|318565754968|0,"Rick Nelson Vinyl Bundle, 6 Vinyl Albums In Total, Decca, Imperial ",19.00,0.0387
v1|287445914283|0,Uppers on the South Downs Vinyl LP Record,25.00,0.0386
v1|236928034807|0,George Benson Living Inside Your Love Lp*Only One  Record,10.00,0.0386
v1|236924893134|0,Three (3)  Atlantic Joe Turner 45 rpm Records 1956-1957-1960,9.95,0.0386
v1|307047789676|0,JOHNNY PULEO AND HIS HARMONICA GANG - GREAT MOVIE THEMES - SOUNTRACK VINYL LP,3.98,0.0386
v1|267720763816|0,Stephen Stills - Thoroughfare Gap -White Label Radio Promo - Vinyl Record - 1978,3.50,0.0386
v1|307048678825|0,"Olivia Newton-John 45RPM ""Physical"" 1981 80s Dance Pop Rock 7” Vinyl Pic Sleeve",3.00,0.0386
v1|278163133129|0,"BBC CLASSIC TRACKS- ZEPPELIN, STONES, D. STRAITS, #90-01 Radio Show w/Cue Sheets",35.00,0.0386
v1|178291434414|0,"Capital 45 RPM Record, Tina Turner, Private Dance,Nutbush City Limits Vg",1.00,0.0386
v1|358769341282|0,1984 Vintage Breakdance Vinyl LP K-Tel NU-2320 With Poster ,27.00,0.0385
v1|327255225150|0,LP VINYL  SARAH VAUGHAN - FEELIN GOOD  USED  50 years old,15.00,0.0385
v1|127962718196|0,warren zevon 33 rpm record lp excitable boy/very good,6.80,0.0385
v1|398140695252|0,LIONEL RICHIE LP Dancing on the ceiling 1985 Motown  vinyl,5.00,0.0385
v1|298488774073|0,Lot 9  MAC DAVIS 45RPM- Know You're Out There Somewhere/Hey Monkey -Honey -Promo,4.99,0.0385
v1|298488953566|0,"1982- JETHRO BURNS, ""TEA FOR ONE"", 12"" KALEIDOSCOPE RECORD, MANDOLIN ,GRISMAN",4.99,0.0385
v1|227424225962|0,JFK Vinyl LP lot (4) In Memorial Albums President John F. Kennedy,4.99,0.0385
v1|127958512021|0,"Elvis Presley:12""LSP Paradise, Hawaiian Style 1977 Vinyl NM, Cover EX RCA Victor",14.95,0.0385
v1|168522400776|0,Billy Vaughn - Raunchy / Sail Along Silvery Moon 1957 VG+,2.65,0.0385
v1|327252893611|0,"Vintage ""High Times Records Feat Black Moon And Defari"" Vinyl Single (2002)",3.50,0.0385
v1|298488951397|0,"7"" RENDEZVOUS RECORDS,  B. BUMBLE AND THE STINGERS, "" NUT ROCKER"",  ROCK N ROLL",0.99,0.0384
v1|407057666318|0,"Fats Domino ""The Girl I Love""/""Goin' Home"" Imperial 78RPM Single (5180)",3.32,0.0384
v1|377327388720|0,Angel Chopin Chopin for a Summer Night Carmen Dragon Hollywood Bowl LP Vinyl,5.00,0.0384
v1|298488771915|0,Todays Top Pop 12 Hits Volume 4  Compilation LP Album MER 371,4.99,0.0384
v1|287446043412|0,1970'sClinton E Frank Toyota Land Cruiser Unstoppable Big 6 advert. record Lp,9.00,0.0384
v1|287446085040|0,"Paul Revere & The Raiders – Like, Long Hair / Sharon     on  GARDENA    1961",8.95,0.0384
v1|377326157424|0,Miff Mole and his Little Molers On Okeh 40890 Feelin No Pain /imagination,15.00,0.0384
v1|278170810603|0,Skagarack – S/T LP MCA-42074 1980s AOR Melodic Rock Denmark,6.88,0.0384
v1|168521617862|0,Jefferson Starship Spitfire Vinyl LP Record,4.56,0.0383
v1|298488173099|0,David Bowie - ‎Let's Dance - 1983 Vinyl LP,22.00,0.0383
v1|327247191415|0,"2  Paul Revere & The Raiders  45s  ""Hungry""  ""Ups & Downs"" +BIO - Good Condition",4.49,0.0383
v1|398150671642|0,JUST A GIGOLO-LOUIS PRIMA LP 196? ST.0073,9.99,0.0383
v1|158064219894|0,WALTER EGAN -  Vinyl LP Record / 1979 Columbia JC 35796 NM,5.99,0.0383
v1|178292352680|0,THE BEST OF THE DOOBIE BROTHERS VOLUME TWO-US PRESSING 1981-ORIGINAL INSERTS LP,19.99,0.0383
v1|236917095722|0,Andreas Vollenweider / Behind the Gardens - Behind The Wall - Under The Tree,6.50,0.0383
v1|287451018052|0,"Van Halen Van Halen II 12"" Vinyl LP 1979 Warner Bros HS 3312 VG++",9.99,0.0383
v1|358755567074|0,JR. WALKER & THE ALL-STARS - WALK IN THE NIGHT SOUL 45,8.00,0.0383
v1|398150790515|0,LITTLE WALTER. I DON'T PLAY/AS LONG AS I HAVE YOU. CHECKER 968,9.99,0.0383
v1|267720797498|0,Classical box sets Chopin Arrau Bruckner Liszt Campanella 17 records total VG+,12.00,0.0383
v1|198482860255|0,"Capitol Records Pal Joey Frank Sinatra 12"" Black Vinyl LP W-912 Hi-Fidelity",15.00,0.0383
v1|366530255337|0,Frank Paterson Vinyl Record 1982,5.14,0.0383
v1|377326774654|0,Icehouse Primitive Man Vinyl Record LP Chrysalis Records CHR 1390 1982 +Shrink,5.00,0.0383
v1|287446404995|0,Tropico Chrysalis Records,8.50,0.0382
v1|298488951359|0,"1965- THE WONDER WHO ? (FRANKIE VALLI/ 4 SEASONS) "" DON'T THINK TWICE / SASSY"",",0.99,0.0382
v1|318557472005|0,Obituary dying of everything fully signed By All Members Colored Vinyl,199.00,0.0382
v1|137493190407|0,THE VENTURES - SURFING - LP (BOX-1),7.00,0.0382
v1|198483379497|0,Elton John - Elton John LP,9.99,0.0382
v1|307049948042|0,"DAVE MASON - Certified Live 12"" 2x LP Vinyl Album - 1976 CBS/Columbia EX/EX",5.99,0.0382
v1|398150992445|0,"Neil Diamond The Jazz Singer 12"" Black Vinyl LP Record Lot w/ Los Panchos",3.93,0.0382
v1|257611484193|0,Loggins & Messina Finale Record Album PROMO !,7.89,0.0382
v1|318553952982|0,The BEATLES lot of four (4) each original 1967/68 Capitol classic rock 45s ≥ VG+,4.99,0.0381
v1|158070997830|0,"Pointer Sisters Baby Come and Get It 12"" single vinyl record",3.00,0.0381
v1|127962678679|0,HEAR! SURF INSTRUMENTAL - FABULOUS PLAYBOYS - CHEATER STOMP -Catalina 1069 VG+,75.00,0.0381
v1|236917142023|0,"Sam Cooke - KEEN Records - P82112 - ""Wonderful World"" & ""Along The Navajo Trail""",3.99,0.0381
v1|158065212197|0,"Mickey And Sylvia, Vik Records, “There Oughta  Be A Law”",4.50,0.0380
v1|336671840683|0,The Nashville Strings Columbia DS 583 lp vinyl record album,4.59,0.0380
v1|206401052367|0,Tom Lehrer Vinyl Records(2) - That Was The Year (12”) And Songs By (10”). VG+,7.00,0.0380
v1|227421362060|0,"Tom T. Hall For The People In The Last Hard Town 12"" Vinyl LP Mercury Country",2.60,0.0380
v1|377332222758|0,Bounty Killer Scare Dem Crew Scare Dem Woy Remix Vinyl Record BK 0008 A,13.33,0.0380
v1|307048198958|0,LP - Johnny Cash At San Quentin Prison - Vinyl Album - Columbia Record CS 9827,10.00,0.0380
v1|147424506478|0,The Mothers of Invention Filmore East June 19711 Stereo Vinyl LP EX/NM,36.00,0.0380
v1|198487839892|0,Funk/Sweet 45 BRASS HORIZON We Just Want To Play MINDA MARK NM,1700.00,0.0380
v1|227421291535|0,"KINGS / BOBBY HALL I Love You Baby / Why? Oh, Why? JAX 1953 78 RPM SHELLAC USED",5.00,0.0379
v1|227421621552|0,Mykestro Set Precedent feat. Kendrick Lamar Vinyl Gold SomeOthaShip Georgia Ann…,7.50,0.0379
v1|198483818828|0,VINTAGE-Ray Eberle Plays Glenn Miller Favorites TOPS LP L-1573,5.00,0.0379
v1|287447114907|0,"Mozart / Vivaldi  Elvira Madigan  Turnabout TV 34800  Classical, Baroque  VG+",13.00,0.0379
v1|336678369196|0,"Tomita Kosmos RCA Red Seal Classical 12"" Vinyl LP Stereo ARL1-2616",1.99,0.0379
v1|278156266046|0,BOZ SCAGGS - MY TIME COLUMBIA PC 31384 LP,8.00,0.0379
v1|117285000073|0,Radiola Records: Radio Cliff Hangers! 2LPs. with Actors aerographs,59.99,0.0379
v1|236923932789|0,Leon Redbone (Champagne Charlie) LP 1978,0.99,0.0379
v1|307042842668|0,"Judy Collins Lot Of 2 Albums  Vinyls Visually Rated Folk, Rock, Pop   A55",4.50,0.0379
v1|366529195906|0,Steinberg Pittsburgh Tchaikovsky Serenade Prokofiev Symphony Op. 25 LP Capitol,8.50,0.0379
v1|168520574234|0,Great Motion Picture Themes Soundtrack LP VG/VG+  1960 MUSICAL ULTRASONIC CLEAN,4.99,0.0378
v1|127962527218|0,the last word dont fight it/cant stop lovin u/very good,2.97,0.0378
v1|298488951389|0,"1958-SMETANA : THE MOLDAU"", HERMANN SCHERCHEN, VIENNA STATE OPERA ORCHESTRA",0.99,0.0378
v1|307043264281|0,"Jimmie Lunceford”For Dancers Only Vol.3(1936-1937)”Stereo Vinyl=VG+ 12"" LPRecord",2.50,0.0378
v1|287447114011|0,Scott Joplin The Entertainer Featuring His Greatest Hits 1974 LP Olympic Records,14.00,0.0378
v1|168520569654|0,Chicago -Chicago III (Columbia 2 LP set) w/ lyric sleeves EX/NM ULTRASONIC CLEAN,29.99,0.0378
v1|358755949140|0,KATHY DALTON-AMAZING. little feat,10.00,0.0378
v1|178282656052|0,Great Music from the Movies : 4 LP-Set ~ [Vintage Reader's Digest RD4-39] - NM,8.00,0.0377
v1|168520571278|0,33 LP RPM Vinyl Record Thompson Twins SIDE KICKS Arista # AL 9624,6.00,0.0377
v1|178291960478|0,Discopedia Volume One LP Pickwick 1979,6.00,0.0377
v1|236923775978|0,Aerosmith Toys In The Attic LP 1975 Terre Haute Pressing Columbia PC-33479,20.00,0.0377
v1|267723570377|0,"captain beyond live texas 1973 2lp red, Iron butterfly deep purple guys vg+/vg+",39.99,0.0377
v1|188613071908|0,Greyarea Vinyl LP Victory Record NYHC Token Entry Black Train Jack Hardcore Emo,49.99,0.0377
v1|800304469432|0,"Ray Parker Jr. Ghostbusters 7"" Vinyl 45 RPM Arista AS 1-9212 1984 Stereo",4.00,0.0377
v1|278163021639|0,DONNA FARGO DARK EYED LADY VINYL ALBUM BSK 3191 1978 VERY GOOD,4.95,0.0377
v1|800305589783|0,Do Re Mi Children's Chorus Do You Hear What I Hear ? LP MCA-15008,0.25,0.0377
v1|318511775285|0,"Lou Rawls – When You Hear Lou, You've Heard It All - US LP + OIS 1977",4.99,0.0377
v1|158070761306|0,"George McCrae Love in Motion and Givin' Back the Feeling 12"" single vinyl record",3.00,0.0377
v1|236917142016|0,"Sam Cooke - RCA Victor - 47-8486 - ""A Change Is Gonna Come"" & ""Shake""",3.99,0.0376
v1|168513874832|0,Andy Williams Love Story Vintage Vinyl LP Record Album From 1971,5.99,0.0376
v1|318556494805|0,RCA Victor Living Stereo Victory At Sea Vol. 2 Richard Rodgers LP Vinyl LSC-2226,5.99,0.0376
v1|178293673865|0,"Island Decadent Dub Team Six Gun 12"" 45 RPM Black Vinyl Promo Single PR 2111",50.00,0.0376
v1|188612831785|0,"Sisters of Mercy She Got Red Eyes 12"" Black Vinyl Record 33 RPM",15.00,0.0376
v1|137493355106|0,Vintage Vinyl LP - Vikki Carr Superstar Columbia Records C31040 Stereo,3.99,0.0375
v1|127963273831|0,Jukebox 45 & Title Strip Bruce Hornsby Across The River Cleaned Tested,2.49,0.0375
v1|158063592272|0,COUNT BASIE Basie's Best COLUMBIA LE-10365 (1967) Limited Edition LP,3.00,0.0375
v1|158066465736|0,SOUNDTRACK -LP - SLAM DANCE,9.99,0.0375
v1|358755572709|0,EDWIN STARR - WAR GORDY 45,8.00,0.0375
v1|318555650436|0,Frank Sinatra – Strangers In The Night LP  REPRISE 1966,35.00,0.0375
v1|366532705012|0,Chaka Khan – Destiny - Vinyl LP 1986,2.00,0.0375
v1|398150890424|0,James Taylor Greatest Hits - Imported Pressing - Mint Condition,29.00,0.0375
v1|318558660492|0,Helen Reddy I Am Woman Lp Vinyl Record Album a1 Capitol ST-11068,6.31,0.0375
v1|307049947051|0,Janie Fricke – Greatest Hits - 1982 - FC 38310 Vinyl LP Shrink Tested EX/EX,2.99,0.0375
v1|307048688822|0,"Peter Frampton 45RPM ""I'm In You"" 1977 70s Classic Rock 7"" Vinyl Pic Sleeve NM!",3.00,0.0375
v1|178292413786|0,Bing Crosby/Rosemary Clooney That Travlin' Two-Beat Lp Album,4.99,0.0374
v1|127963168335|0,"Willie Nelson Pretty Paper Columbia 12"" Black Vinyl LP w/ Sleeve",2.00,0.0374
v1|358768529008|0,Jackie Paris Vinyl Album. The Song Is Paris. VG+,25.00,0.0374
v1|358771438144|0,Eddy Grant Killer On The Rampage Album Released In 1982 Very Good Condition,10.00,0.0374
v1|377326091229|0,DON BYAS To Each His Own / Living My Life SAVOY 1946 Jazz 78 RPM SHELLAC USED,5.00,0.0374
v1|358769211444|0,"JAZZ VINYL SINGLES: Kenny G, George Duke, David Sanborn, Herb Alpert",5.00,0.0374
v1|358770933851|0,Gold City Quartet Sing With the Angels Vinyl LP Gospel Riversong,20.00,0.0374
v1|147423642232|0,David Bowie ChangesOneBowie 1976 RCA APL1-1732 STERLING 1A/2B Early Press VG+,25.00,0.0374
v1|158054564401|0,"Grayson Hirst, tenor & Michel Yuspeh, piano play songs by Schubert, Reichardt LP",18.00,0.0374
v1|267720730379|0,"Bobby Bare It's Freezing in El Paso/How I Got to Memphis Mercury 7"" 45 73097",4.95,0.0374
v1|168515369589|0,"Percy Sledge-Take Time To Know Her/45 RPM-7""-single-northern soul-Atlantic 2490",4.99,0.0374
v1|298487672379|0,"AC/DC Highway to Hell LP 12"" 33 RPM Vinyl Atlantic SD19244 1979",30.50,0.0374
v1|178293910187|0,TOM PETTY AND THE HEARTBREAKERS-LONG AFTER DARK-1982 BACKSTREET-BEAUTIFUL VINYL,39.99,0.0373
v1|147424507196|0,POCO Indian Summer Stereo Vinyl LP  1977 MCA-37011  Record Like New,40.00,0.0373
v1|236924845687|0,The Statesmen Quartet (Sunday Meeting Time) LP Southern Gospel 1975,0.99,0.0373
v1|398150300223|0,Jerry Lee Lewis and Friends Duets Vinyl LP Record Album Sun 1011 Vocal,3.00,0.0373
v1|188614646346|0,A Lot Of 9 Vintage Records.’s. A Must Have. Great Collection,15.00,0.0373
v1|257610919519|0,Jose Cubano – Cha Cha Cha LP Record 1958 Coronet Latin Jazz 33 RPM CX-81,5.00,0.0373
v1|147422673136|0,HUEY LEWIS - (4) 45s & Picture Sleeves - VG-VG+,6.50,0.0373
v1|147422672331|0,HUEY LEWIS - (4) 45s & Picture Sleeves - VG-VG+,6.50,0.0373
v1|147422670719|0,HUEY LEWIS - (3) 45s & Picture Sleeves - VG-VG+,4.50,0.0373
v1|307048108167|0,George Benson 45RPM “The Greatest Love Of All” 1977 70s R&B OG  7” Vinyl PS NM,3.00,0.0373
v1|278154791108|0,"MACY GRAY - WHEN I SEE YOU EPIC SHRINK 12""",8.00,0.0373
v1|168522401241|0,The Hilltoppers - Dedicated  To You  / My Cabin Of Dreams 1957 VG+,2.65,0.0373
v1|327251798980|0,1984 Weird Al Yankovic  I Lost on Jeopardy/I Lost on Jeopardy PROMO Pic Sleeve,25.00,0.0373
v1|188615259233|0,Kenneth Copeland Spirit Wind LP Record 10 Music Tracks El Shaddel,10.00,0.0372
v1|398151723345|0,Latin Guitar  Festival Vinyl,5.76,0.0372
v1|137494061243|0,DOO WOP 45 SHEP & THE LIMELITES THREE STEPS FROM THE ALTAR ON HULL  First Press ,5.50,0.0372
v1|188614637599|0,ELVIS PRESLEY Vinyl LSP-2765 GOLDEN RECORDS 3 SHRINK TAN Label Nice,24.95,0.0372
v1|366528797898|0,ELVIS PRESLEY A BIG HUNK OF LOVE  W/PS,20.00,0.0372
v1|407058108613|0,Del Reeves - Down At Good Time Charlie's   1969 Record Album UAS 6705   VG / VG,5.00,0.0372
v1|168521497905|0,Al Hirt - The High Flying Trumpet Of Al Hirt - Special Collector's Edition,2.24,0.0372
v1|206394123065|0,"Teen Scene Chet Atkins (I got a women),#63,64 Travelin' Chet Atkins  (Wheels)",16.99,0.0372
v1|327251801491|0,GENE KELLY WHEN WE WERE YOUNG 1948 A.A. Milne  Winnie The Pooh Columbia Records,5.00,0.0372
v1|158066726701|0,You Don't Have To Be Jewish LP 1965 Bob Booker George Foster Vinyl 33 RPM Exc,5.99,0.0372
v1|318555636092|0,"The Pretenders vinyl lot used THE PRETENDERS, THE PRETENDERS II--VG",19.99,0.0372
v1|287447113958|0,Vintage Vinyl LP Barbra Streisand Yentl Stereo Columbia JS39152 1983,7.00,0.0371
v1|358769097241|0,Little Jimmy Dickens LP Out Behind The Barn MINT,10.00,0.0371
v1|267720377674|0,"CANDLELIGHT MUSIC 1976 ""THE WAY WE WERE"" DBL VINYL LONG PLAYING RECORD #P2 13072",5.00,0.0371
v1|336677413901|0,The Rolling Stones - More Hot Rocks (Big Hits & Fazed Cookies)  Vinyl  626,4.99,0.0371
v1|377326091209|0,BOB HOMAN Beamin' All Over AUTOGRAPH Country VG VINYL LP Record USED,5.00,0.0371
v1|147422702762|0,The first 2 Todd Rundgren's Utopia LPs,15.00,0.0371
v1|366528433899|0,CRAIG DAVID - REWIND - THE COLLECTION - DOUBLE LPs - Like New,55.00,0.0371
v1|298488012419|0,Diana Ross–An Evening With Diana Ross 1977 Double Vinyl LP 12” Record MINT,20.00,0.0370
v1|127963279612|0,Jukebox 45 & Title Strip Billy Idol Mony Mony Cleaned Tested,2.49,0.0370
v1|127963095973|0,"PAT BOONE:Pat's Great Hits Volume 2 Dot DLP 25,261 LP 1960 G+/VG",0.99,0.0370
v1|168522400846|0,Janice Harper – Tell Me That You Love Me Tonight / Bon Voyage 1957 VG,2.65,0.0370
v1|257612249390|0,CHAD & JEREMY - THREE IN THE ATTIC (original Sidewalk label) Soundtrack LP,12.50,0.0370
v1|278170814569|0,"Cobra- Mate A Rebel 12"" Single Vinyl Reggae Ride Boy Kelly Records",6.88,0.0370
v1|278153900303|0,Orchestre De Chambre Paul Kuentz ‎– Fanfares Royales Symphonies pour les LP,65.00,0.0370
v1|117290713225|0,Love and Rockets if There's a Heaven Above Vinyl Single 1985,10.00,0.0369
v1|800305224054|0,A Special Evening with Dionne Warwick- silver vinyl - UN PLAYED - 2024 - RARE,11.99,0.0369
v1|178292415872|0,Lot Musical/Broadway LP-Promises.Promises/Student Prince/King and I/Lost Horizon,7.50,0.0369
v1|158064283306|0,DAVE CLARK FIVE-7'-PROMO 45--(A LITTLE BIT NOW)---EX,17.00,0.0369
v1|267720557913|0,"VINTAGE VINYL 45: Morris Albert ""Feelings"" (1974)",2.00,0.0369
v1|398153523064|0,stevie wonder innervisions vinyl,2.00,0.0368
v1|336677703384|0,"INXS Listen Like Thieves / Begotten 7"" 45 RPM Vinyl Single Atlantic",4.00,0.0368
v1|318556421572|0,Walt Disney BAMBI LP Album ST 3903,3.50,0.0368
v1|188610637007|0,50s Bluegrass Weeper 45 LESTER FLATT & EARL SCRUGGS Cora Is Gone MERCURY hear,5.00,0.0368
v1|188610637007|0,50s Bluegrass Weeper 45 LESTER FLATT & EARL SCRUGGS Cora Is Gone MERCURY hear,5.00,0.0368
v1|206401149322|0,"Lot Of 3 Bob Newhart Comedy Vinyl Albums.  As Pictured.  12”, 33 RPM, Average VG",4.99,0.0368
v1|137493703500|0,"DION - ""Lonely Teenager"" / ""Little Miss Blue"" - LAURIE RECORDS -EARLY SOLO HIT",2.99,0.0368
v1|358768227922|0,Elvis For Everyone,16.00,0.0368
v1|307047979755|0,"12"" Single - PRINCE & THE REVOLUTION - Let's Go Crazy + Erotic City -45 Rpm 1984",25.00,0.0368
v1|147423602017|0,Jethro Tull – Bursting Out Original  1978 Chrysalis CH2-1201 U.S. Double LP,15.00,0.0367
v1|307047625421|0,Double LP - Tony Bennett's All-Time Greatest Hits - Vinyl Album 1972 - PG 31494,10.00,0.0367
v1|377326623438|0,Jose And The Gang LP Sing Along Amigos,8.00,0.0367
v1|257612247209|0,Vintage Peter Pan Records: Tubby the Tuba,12.00,0.0367
v1|178294083614|0,2 DOUBLE LPS-TELEVISIONS GREATEST HITS VOLUMES 1 +2  VINYL NEAR MINT!,9.99,0.0367
v1|800304645288|0,Latin LP Lot -GILBERTO MONROIG VG+,10.99,0.0367
v1|137493355078|0,Loretta Lynn 'When the Tingle Becomes A Chill' MCA-2179 Vinyl Record,4.99,0.0367
v1|318555403423|0,Vintage Tony Bennett The Movie Song Album Vinyl LP Columbia CL 2472 1966 Mono,6.00,0.0367
v1|147424507172|0,Pentangle - Cruel Sister. LP Record w Gatefold Sleeve- Reprise 6430 EX/NM,40.00,0.0367
v1|298488322225|0,"Folklore by Swift, Taylor (Record, 2021)",15.00,0.0367
v1|168522401001|0,Billy Williams  - Date With The Blues / I'M Gonna Sit Right Down  1957 EX,2.65,0.0366
v1|168527533867|0,RCA LSC 2124 BEETHOVEN PIANO CTO #5 RUBINSTEIN KRIPS 14S 9S SD 1958 VG++,6.50,0.0366
v1|236923453420|0,Carly Simon - Coming Around Again - Vinyl LP Record 1987 AL-8443 Arista EX+,0.01,0.0366
v1|227421291548|0,MANOLO GUERRA Canta En El Parador NESCAFE G+ VINYL LP Record USED,5.00,0.0366
v1|206400613131|0,Rolling Stones Hot Rocks And More Hot Rocks Double  LP Lot Used As Is Big Hits,15.00,0.0366
v1|137482008463|0,"TRB BAND--""Power In The Darkness""--Double Album With Bonus LP--Very Clean Vinyl",4.95,0.0366
v1|158063832631|0,Mikado by Gilbert and Sullivan 1985 Columbia House LP AUB-534020,13.69,0.0366
v1|287447115487|0,Needing your love ideal muzik Mike and Charlie LP,5.00,0.0365
v1|137493090746|0,Humble Pie Performance: Rockin' The Fillmore 1973 Vinyl LP A&M Record SP-3506,15.00,0.0365
v1|377326190639|0,Bing Crosby TEST PRESSING Decca At Your Command ,30.00,0.0365
v1|257612320136|0,Bongzilla Amerijuanican Anniversary Edition Vinyl LP Stoner Metal,20.00,0.0365
v1|287447166302|0,Flash For Lulu Every Little Word 12” Vinyl  alternative rock,2.99,0.0365
v1|377328615213|0,Ozzie Nelson on Bluebird 6873 They Can’t Take That Away From Me /They All Laughe,12.00,0.0365
v1|158070375261|0,"Mel and Kim FLM 12"" single vinyl record",3.00,0.0365
v1|358768361373|0,Cat Stevens Buddha And The Chocolate Box,14.00,0.0365
v1|147423219099|0,Charli xcx - Brat Era Vinyl Collection  Lot Of 5,99.99,0.0364
v1|127966509861|0,"BLONDIE (I'm Always Touched By Your) Presence Dear, UK 12-in 45 Single Chrysalis",6.99,0.0364
v1|236917086875|0,CAROLE KING / THOROUGHBRED (1975) Grade (E) Excellent,5.00,0.0364
v1|227421475027|0,Wagner: Parsifal  Ormandy/Philadelphia  COLUMBIA  ML 5080  M/NM  FULLY TESTED1,17.40,0.0364
v1|327252866715|0,1966 Peter and Gordon Knight in Rusty Armor / The Flower Lady  Good Condition,6.00,0.0364
v1|227421281569|0,"BIG FRANK MURPHY It's All Over But The Pain 7"" single 45RPM G+ RECORD Vinyl USED",5.00,0.0364
v1|227421291485|0,JOHNNY HODGES Globetrotter / Gentle Breeze MERCURY Jazz 1951 78 RPM VINYL USED,5.00,0.0364
v1|407056997053|0," Brian Brain  Fun With Music 12"" Mini album  45 RPM Chrysalis 1988",15.00,0.0364
v1|127962948756|0,Garden State Double LP Music From Motion Picture  2015 Yellow/Orange MINT- RARE,49.99,0.0364
v1|168521636753|0,70s Vinyl Record Lot Styx Crystal Ball Elvis KC Sunshine Band Records Rock 5 ,15.00,0.0364
v1|168522400227|0,Johnnie Ray -Look Homeward Angel/You Don't Owe Me A  Thing 1957 VG+,2.65,0.0364
v1|298490428210|0,Armand Schaubroeck Live At The Holiday Inn double LP NM 1978,20.00,0.0363
v1|158071093118|0,"Ray Parker Jnr The Other Woman and Jack And Jill 12"" single vinyl record",3.00,0.0363
v1|168521468129|0,country music favorites Produced By Country Music Magazine 1975 Vinyl Record,1.00,0.0363
v1|287447113947|0,The Byrds Mr Tambourine Man Vinyl Record LP Columbia Records 2372,17.00,0.0363
v1|168514913977|0,DECCA LP RECORD DL 8488/LOUIS ARMSTRONG/LOUIS AND THE ANGELS/ G JAZZ,4.20,0.0363
v1|178292370242|0,Wu Tang Clan - Legend Of The Wu-Tang Greatest Hits 2015 Vinyl Split colored,20.00,0.0363
v1|206405762503|0,Disney's Fox and the Hound Read Along Album (No Book Album),5.80,0.0363
v1|307043063126|0,The Platters  Lot of 3 Albums   See Pictures     A9,6.00,0.0363
v1|127966437990|0,"Del Shannon Hats off to Larry / Don't Gild the Lily, Lily Bigtop Records 45-3075",1.50,0.0362
v1|198482865892|0,Black Sabbath The Vinyl Collection 1970-1978 LP Box Set /3000 OZZY Years,450.00,0.0362
v1|287445157168|0,THE BEATLES * Apple Records *Let It Be b/w You Know My Name* w/picture sleeve,10.00,0.0362
v1|188616539103|0,WE ARE THE WORLD 45 RPM VINYL WITH GRAPHIC SLEEVE - UNPLAYED,14.00,0.0362
v1|236918291242|0,"MAJOR LANCE -  Everybody Loves A Good Time/I Just Can't Help It, 45 VG+, 1965",3.99,0.0362
v1|178291573918|0,"Hands Off 45 RPM Record, Kacey, Burnin In My Soul,Hands Off, VG ",1.00,0.0362
v1|800320488038|0,45 RPM Ernie Freeman CASH 1017 Jivin Around / Part 2 VG++,3.00,0.0362
v1|800303727898|0,ZZ Top El Loco LP Vinyl Warner Bros. Records BSK 3593 1981 - Original Sleeve!￼,15.50,0.0362
v1|267720660066|0,Vintage Wonderland Show and Tell LP 118 Educational Children's Record Songs Game,5.99,0.0361
v1|318555484555|0,"BARBRA STREISAND, 1980 12"" LP VINYL RECORD - GUILTY VG+ VINTAGE",7.95,0.0361
v1|257610843391|0,Berlioz - La Damnation de Faust Solti Riegel von Stade van Dam 3 LP Box Set ,20.00,0.0361
v1|227421209553|0,"Lot Of 26 Rock Vinyl:Van Halen,Foreigner,M/Zappa,Scorpions,Kinks,T Petty,Traffic",99.99,0.0361
v1|336678568635|0,"Bugs Bunny Mel Blanc 10"" Record Set Looney Tunes 1947 Merrie Melodies Good",30.00,0.0361
v1|267720661020|0,"Liberace ‎– Piano Song Book - Movie Themes Vinyl, LP – CRL 757292",1.79,0.0361
v1|168522400973|0,Don Cornell - Grazie / Could You  1956 EX,2.65,0.0361
v1|287451680018|0,Ben E King Seven Letters 1964 LP ATCO Records 33-174 Mono Soul,12.00,0.0361
v1|158064219995|0,LP GILDA MIROS signed-poetisas de hispano america en la voz de gilda miros ,15.00,0.0360
v1|336673028561|0,DONNA SUMMER - Donna Summer Vinyl LP - 1982 Geffen Records Produced Quincy Jones,4.95,0.0360
v1|307048670374|0,The Cars~JUST WHAT I NEEDED/I'M IN TOUCH WITH YOUR WORLD[45rpm] K 12312 PIC DISC,12.49,0.0360
v1|117290162599|0,"Johnny Horton ""Talk, Gobbler, Talk"" 78 rpm on Abbott 105",12.99,0.0359
v1|358756684468|0,Bouzoukee: The Music of Greece,4.99,0.0359
v1|227421291499|0,TALKING HEADS Remain In Light RSD 2018 LP RED VINYL Record ALBUM M- USED,29.52,0.0359
v1|227422381550|0,Three Dog Night - Naturally  Vinyl LP  Album Dunhill ABC Records DSX 50088,7.00,0.0359
v1|236918289799|0,"DOLLY PARTON AND FRIENDS - Romeo/DOLLY PARTON, High And Mighty, 45 New NM, 1993",5.99,0.0358
v1|127962741054|0,pat benetar 33 rpm record lp precious time/very good,2.10,0.0358
v1|188613811619|0,Framed Run DMC LP Vinyl Raising Hell Record Profile 1986 PRO-1217,40.00,0.0358
v1|366529047463|0,Unusual LARRY NORMAN Major Label Issue Lp ONLY VISITING THIS PLANET Christian Rk,9.00,0.0358
v1|377327640761|0,chicago record album Steve tash,1200.00,0.0358
v1|158065197866|0,Glen Campbell Rhinestone Cowboy Vinyl LP Capitol Records,9.00,0.0358
v1|366528242841|0,LP ALBUM   4 RECORD SET GEORGE FRIDERIC HANDEL SAMSON COMPLETE  MHS 844415,15.00,0.0358
v1|137493403670|0,Kiss 45 Hard Times/I Was Made For Loving You (461 Nm,5.50,0.0358
v1|206401026218|0,"Vinyl Records - Lot Of 4 Vintage Comedy Records - 12”, 33 RPM - Those pictured",4.99,0.0358
v1|800304723776|0,The Complete Silver Beatles Vinyl 1982 ,45.00,0.0357
v1|377326078468|0,DON HO Sings AUTOGRAPH Sleeve Only NO RECORD USED,5.00,0.0357
v1|158065498372|0,"E.T. The Extra-Terrestrial MCA 70000 12"" Black Vinyl LP Box Set Soundtrack",69.00,0.0357
v1|188610637017|0,50s Bluegrass 45 BILL MONROE A Voice From On High / I'm Working On A DECCA promo,4.00,0.0357
v1|327246819117|0,Frank Alpers Howard Estep Bluegrass II LP Clem Curly World Label Rare,35.00,0.0357
v1|358768775547|0,The Alabama State Troupers – The Alabama State Troupers Road Show  2 VINYL  LPs,6.00,0.0357
v1|147424859303|0,"Hendrix in the West by Hendrix, Jimi (Record, 2011)",10.00,0.0357
v1|358756412601|0,Beatles Sgt Pepper Looney Hearts Club Band 1967,275.00,0.0357
v1|278156261068|0,"Mary Martin Good Night, Wherever You Are / I'll Walk Alone 10"" 78 RPM",0.59,0.0356
v1|117289711926|0,Environments LPs x 11 - Complete Set,100.00,0.0356
v1|307050044354|0,Maha With The Orchestra Oriental - Reflections Of The Near East - Vinyl LP,2.66,0.0356
v1|800309019998|0,Engelbert Humperdinck Don’t You Love Me Anymore Vinyl Lp Record,8.00,0.0356
v1|127958512036|0,"Elvis Presley:12""LP A Legendary Performer V2 1976 includes booklet  Vinyl NM",17.95,0.0356
v1|227420954041|0,Beatles Hollywood Bowl SMAS-11638 Capitol Records Vintage 70s Gatefold Vinyl LP,20.50,0.0356
v1|158064132702|0,THE WHO 'FACE DANCES' LP / WB 1981 / w/ orig inner sleeve,5.00,0.0356
v1|188614648688|0,BARBRA STREISAND - Guilty - 1980 Pop Vocal LP w/Barry Gibb VG+ VINYL RECORD,2.01,0.0356
v1|298490564671|0,Tennessee Ernie Ford      40-LP's        NM or as Described    CHOOSE Any 5 LP's,22.00,0.0356
v1|298494365292|0,Enoch Light  and his Orchestra - Far Away Places 8225 Stereo Vinyl LP Record,0.99,0.0356
v1|318556418800|0,Walt Disney PINOCCHIO Narrated by Jiminy Cricket LP Album,4.99,0.0356
v1|227421365951|0,“The Band I Heard In Tijuana” By Los Norte Americanos LP Vinyl Record SF-24600,2.50,0.0356
v1|307048076871|0,Beach Boys 45RPM “Rock 'N' Roll To The Rescue” 1986 80s Pop Rock 7” PROMO PS NM,3.00,0.0356
v1|307042270698|0,"Carpenters “Close To You” Stereo Vinyl = VG:VG+ 12"" LP Record Rock, Pop, Vocal",3.00,0.0355
v1|800305622975|0,Sgt Peppers Lonely Hearts Club Band 1978 Soundtrack Vinyl 2 LP Set W/ POSTER,15.95,0.0355
v1|236923659008|0,The Hollyridge Strings play instrumental versions of hits,10.00,0.0355
v1|287447396693|0,"The Grass Roots Della Linda & Hot Bright Lights"" (Dunhill D-4162,45) Excellent",1.99,0.0355
v1|178292417412|0,Walt Disney TUBBY THE TUBA Lp Album,4.99,0.0355
v1|800305148452|0,Vintage 1950’s RECORDS St Lukes Orchestra Beautiful Classic Christmas Carols,29.99,0.0355
v1|188600598891|0,"Philip Glass – Glassworks, CBS FM 37265, M-/M-, 1982",22.00,0.0355
v1|307048135660|0,NELSON Y SU ESTRELLAS • Especialme Para Ti • Lp VG+ • Classic Salsa Hits •,9.99,0.0354
v1|178292625765|0,"Columbia LP Record, Chuck Wagon Gang ,Christmas, VG ",1.00,0.0354
v1|127962773663|0,chicago 33 rpm record lp gatefold/very good,3.29,0.0354
v1|336678064694|0,Samson Featuring Bruce Dickinson of Iron Maiden,100.00,0.0354
v1|318512849839|0,Aretha Franklin – Who's Zoomin' Who? - US LP + OIS 1985,4.99,0.0354
v1|287445472628|0,Eddie Williams Sings A Tribute To Al Jolson MK-3009 Vinyl 12'' Vg,35.00,0.0354
v1|407058174358|0,Concerti For Two Horns And Orchestra   MHS 4356   1981 Record Album   VG / VG,5.00,0.0354
v1|127962778101|0,"Werly Fairburn - 1st 78 ""Camping with Marie"" - Trumpet 195, 1953",29.99,0.0354
v1|267720711792|0,Simple Minds - Once Upon a Time Vinyl LP ONLY  - A&M SP-5092 - 1985,2.69,0.0354
v1|257611088181|0,Mantovani Orchestra - Operetta Memories -  1960,1.99,0.0354
v1|198475563463|0,"Nat King Cole Swingsters 16"" KBS-201 Transcription Disc Victor Vincent EX 1941",24.99,0.0353
v1|407062509712|0,Eric Records 7” Single - Chuck Berry My Ding A Ling/School Days 45RPM,2.99,0.0353
v1|117293940919|0,Peter Bowyer Present Uriah Heep Live 1973,10.00,0.0353
v1|307048659251|0,"Charlie Rich 33RPM ""Bonus Record"" 1973 70s Country/Interview 7"" Jukebox EP PROMO",3.00,0.0353
v1|158066465422|0,SOUNDTRACK - THE WHALES OF AUGHST - LP SNTK #8,5.00,0.0353
v1|168521713450|0,"WILLIE MITCHELL~""20-75""~Orig. 1964~FUNK~SOUL~7'' 45rpm~HI~45-2075~VG+",0.99,0.0353
v1|398152549190|0,Philharmonia Orchestra Of Hamburg - Handel Selections 78rpm,9.99,0.0353
v1|298487679987|0,"Simon & Garfunkel Bridge Over Troubled Water LP 12"" 33 RPM Columbia PC 9914",25.00,0.0353
v1|236917093375|0,THIS IS TOMMY DORSEY vol. 2 (2 record set) Excellent!!!,9.00,0.0353
v1|318556486602|0,Billy Crash Craddock. Vinyl Record Lot Of 2. Vintage,4.00,0.0353
v1|366528998190|0,Donna Fargo the Happiest Girl in the Whole USA Vinyl LP Album,6.99,0.0353
v1|267720761259|0,Alan Price vinyl lp 1977,0.99,0.0352
v1|287445603772|0,"Hank Williams, Jr.  - Five •O Vinyl , Curb 1985 Club House Edition",6.50,0.0352
v1|800304725092|0,The Beatles Anthology 2 Mint  Condition Vinyl,100.00,0.0352
v1|168521568356|0,"HAIRCUT ONE HUNDRED, ""PELICAN WEST""",4.50,0.0352
v1|257611499169|0,The Music Man - Robert Preston 33 RPM LP Album Original Broadway Stereo 1962,4.56,0.0352
v1|327246932992|0,Vintage~Columbia Microgroove LP CL 6161~10”~Cy Walter-Piano Moods~1951~NY Drake,68.50,0.0352
v1|287446085049|0,Gene Pitney – Twenty Four Hours From Tulsa / Lonely Night Dreams  MUSICOR   1963,8.95,0.0352
v1|158063753708|0,"Cole Porter In ""Pleasing Percussion"" Vintage Vinyl Record Album Stereo",2.50,0.0352
v1|117290319186|0,Lot Of EP Vintage records Vinyl Johnny Cash Marty Robbins B 13492 B-13491 B-2152,5.93,0.0352
v1|188613356450|0,The Golden Age of Country Music 1940-1970 Box Set 7 Vinyl LP Set Readers Digest,19.95,0.0351
v1|227421577957|0,Eddy Arnold – Country Songs I Love To Sing LP CAS741(e) Vinyl 1963 Reissue VG,2.99,0.0351
v1|168522400155|0,Perry Como lot of 4 45s 1950s RCA EXCELLENT!!,2.65,0.0351
v1|800304360101|0,Harry Chapin 1978 Vinyl LP Living Room Suite,7.00,0.0351
v1|278163397032|0,Ringling Bros and Barnum and Bailey Circus Band CIRCUS TIME LP MCA ,7.55,0.0351
v1|137498942290|0,Christian Death All The Love All The Hate LPs,9.99,0.0351
v1|298488618471|0,"Clint Holmes Playground In My Mind, There’s No Future In My 45 RPM Epic 5-10891",0.99,0.0351
v1|336677275743|0,"Enterprise Record ""Rancho Pillow"" / ""Cool Water"" Coffman Sisters 78 RPM 146-C",2.87,0.0351
v1|206401524753|0,"Elvis Presley Welcome to My World RCA Victor Stereo 12"" Vinyl LP 33RPM 1972",4.82,0.0351
v1|377326279016|0,The Jimi Hendrix Experience Are You Experienced? LP 1967,42.00,0.0351
v1|336676761139|0,"Odetta, It’s A Mighty World Record VG++, RCA Records",8.00,0.0351
v1|227421196062|0,"Eagles Greatest Hits, Original vinyl, 1976 - Unsealed - Mint Condition",20.00,0.0351
v1|278170802381|0,Suzi Quatro Your Mama Won’t Like Me  Lp 1975 Arista Records AL 4035 Promo,5.99,0.0350
v1|298488951426|0,"7"" DECCA RECORD, RAFAEL MENDEZ, "" ON THE SUNNY SIDE OF THE STREET / FASCINATION""",0.99,0.0350
v1|158054564365|0,"Monteverdi*, Santini Chamber Orchestra, Rudolf Ewerhart ‎– L'incoronazione Di Po",12.00,0.0350
v1|168522401033|0,Bill Haley And His Comets – Billy Goat / Rockin' Rollin Rover 1957 EX,2.65,0.0350
v1|377326078500|0,JOSE MORAND Laura / In Acapulco MUSICRAFT Latin Jazz 1945 78 RPM SHELLAC USED,5.00,0.0350
v1|800305158851|0,DAVID CROSBY LP If only I could remember my name 1971 Atlantic RE 180 gram vinyl,10.00,0.0350
v1|236924844471|0,The Inspirationals (I'm Nearer Home) LP Southern Gospel,0.99,0.0350
v1|227421644619|0,"Elton John Fantastic Brown Dirt Cowboy 12"" Vinyl LP Record in Cardboard Sleeve",200.00,0.0350
v1|336677274187|0,"Decca Record ""Beer and Skittles"" Louise Massey & The Westerners 05916",1.60,0.0350
v1|257611351103|0,Keith Everett – Don't You Know / Conscientious Objector   on   TMP-TING    1966,8.95,0.0350
v1|257611483983|0,CAROL KING MUSIC '71 LP ODE SP77013 Singer Songwriter  VGEX+,7.89,0.0349
v1|327247189335|0,"Moe Bandy 45 ""She's Not Really Cheatin"" 1982 ""All American Dream"" Good Condition",2.49,0.0349
v1|407056029630|0,"Nemesis Divina by Satyricon (Record, 2016)",25.00,0.0349
v1|257612241481|0,CHAD & JEREMY - BEFORE AND AFTER (original Columbia label),1.00,0.0349
v1|287446043376|0,"Rare XTC Theatre no thugs in our house VIRGIN 7"" EP 45 RPM United Kingdom record",20.00,0.0349
v1|137498953537|0,Christian Death 4 LPs Ashes Atrocities Scriptures Wind Kissed Pictures,32.00,0.0349
v1|278162848537|0,DUKES OF DIXIELAND LP ‘Piano Ragtime’.. 1960 … Vol. 11 .. Vinyl Album,4.00,0.0349
v1|178292361888|0,"Capital 45RPM Record,Buck Owens,Love's Gonna Live Here,Getting used To losing VG",1.25,0.0349
v1|358768161730|0,The Who 7” 45 Picture Disc Athena UK,5.00,0.0349
v1|398151645431|0,Instrumental music of the Southern Appalachians Vinyl  Record,10.00,0.0349
v1|147423285038|0,Al Jarreau LP Lot (2) – Jarreau (1983) & In London (1985) Original Warner Bros.,25.00,0.0348
v1|168522401257|0,The Rover Boys - Little Did I Know / Again And Again 1957 EX,2.65,0.0348
v1|407058140515|0,DUKE ELLINGTON And THE BUCK CLAYTON ALL-STARS At Newport   1956 Record   VG / VG,5.00,0.0348
v1|377317873773|0,"Box Of Frogs - Strange Land Former Yardbirds Jim McCarty, Chris Dreja, Etc  VG+",8.99,0.0348
v1|188612572105|0,Vinyl Record LP The Moody Blues Long Distance Voyager VG+,6.98,0.0348
v1|188616747044|0,Gian-Carlo Mentti's The Consul Patricia Neway Decca,20.00,0.0348
v1|168522400886|0,Charlie Gracie - I Love You So Much It Hurts / Wanderin' Eyes 1957 VG+,2.65,0.0347
v1|147423096326|0,jimi hendrix loose ends vinyl,8.00,0.0347
v1|127963280323|0,Jukebox 45 & Title Strip Hall & Oates So Close Cleaned Tested,2.49,0.0347
v1|147424506544|0,The Byrds Untitled Stereo Vinyl 2 LPs 1970 Columbia G 30127,50.00,0.0347
v1|257606495633|0,Wings London Town Vinyl LP Record 1978 Pressing Paul McCartney,5.00,0.0347
v1|398159727947|0,Jewish Hebrew - 2 Lot Vinyl LP's-Yaffa Yarkoni- Shabbat At Home Records,3.55,0.0347
v1|336677733883|0,"Sex Pistols ""We've Cum For Your Children"" Vinyl LP 33 RPM",25.00,0.0347
v1|127963281595|0,The Two Real Grandmaster Profile WLP Promo 45 VG+,2.99,0.0347
v1|298490585587|0,Tony Bennett     17-LP's      NM or as described    CHOOSE Any 5 LP's For $22.00,22.00,0.0346
v1|158066594857|0,JOHNNY MATHIS - LP #10,4.00,0.0346
v1|178291637758|0,The Rolling Stones Some Girl LP ( 1st press uncensored cover ),35.00,0.0346
v1|287445881294|0,elvis presley vinyl Inspiration,19.99,0.0346
v1|147424779060|0,Olivier Messiaen Vingt Regards L'Enfant Jesus Rousserolle Peter Serkin BEST EVER,15.99,0.0346
v1|398150843700|0,The Very Best Of Connie Francis Vinyl LP Record,4.00,0.0346
v1|168522400894|0,"Bing Crosby 78rpm Galway Bay / My Girls' an Irish (Pop, Vocal, 1948) Decca 24295",2.70,0.0346
v1|178292425093|0,ELVIS PRESLEY-ROUSTABOUT-RCA LSP-2999- 1963 VINYL LP-NICE PLAYABLE ENJOYABLE LP,21.99,0.0346
v1|336677049280|0,James Taylor - That's Why I'm Here - 1985 Vinyl LP Record Album See Pics,2.00,0.0346
v1|127962910001|0,Jukebox 45 & Title Strip Doobie Brothers The Doctor Cleaned Tested,2.49,0.0345
v1|267720612182|0,TRAFFIC Heavy Traffic LP 1975 United Artists UA-LA421-G Classic Rock- LP ONLY,2.57,0.0345
v1|178290112233|0,"Hot 50s Bluegrass 45 LESTER FLATT, EARL SCRUGGS I'll Never Shed /I'll Be MERCURY",8.00,0.0345
v1|307047934857|0,Don & Juan – What's Your Name / Chicken Necks,5.00,0.0345
v1|366528992669|0,"The Mystics 45 ""Hushabye / Adam & Eve"" AU2",0.99,0.0345
v1|168522400800|0,Billy & Lillie – La Dee Dah / The Monster  1957  VG+,2.65,0.0345
v1|206401540441|0,The Black Heart Procession Love Sings A Surprise Vinyl The Hideaway Vinyl 45,30.00,0.0345
v1|287445885547|0,Elvis Presley A Canadian Tribute LP - Orig 1978 RCA 7065 Gold Vinyl - New/Sealed,19.99,0.0345
v1|178292324450|0,"FLEETWOODS COME SOFTLY TO ME 7"" 45 rpm RECORD DOLPHIN",2.00,0.0345
v1|287445480846|0,"Twilight by Boa (Record, 2024) 2LP 180 Gram",14.83,0.0345
v1|168521723427|0,Lot of 5 Assorted Vintage Vinyl Record Albums,7.99,0.0345
v1|336677225397|0,"Rolling Stones (4) Jagger, Richards, Wyman, & Watts SIGNED Ruby Tuesday Album",2450.00,0.0344
v1|287445690059|0,"JACK SCOTT COOL WATER/IT ONLY HAPPENED YESTERDAY, TOP RANK, 45 RPM, 1960, NM",1.45,0.0344
v1|158066471778|0,GREAT MOTION PICTURE THEMES   - LP SNTK #5,4.00,0.0344
v1|398150660008|0," the guess who ",5.00,0.0344
v1|267718221449|0,The Grass Roots – Where Were You When I Needed You LP - 1966 - VG/VG,15.00,0.0344
v1|188614580589|0,John Denver Rocky Mountain Christmas Vinyl LP RCA 1975 Tan Excellent Vinyl,4.95,0.0344
v1|188613098515|0,John Lennon - Double Fantasy LP-1980- Shrink Wrap On-EXCELLENT CONDITION,5.50,0.0343
v1|168521152202|0,Chuck Foote You're Running Out Of Kisses 1961 Soncraft R&B,10.00,0.0343
v1|398159801859|0,LOT Of 4 COUNTRY Vinyl LP-ALL SHRINK WRAPPED-Lee Greenwood-Exile-Jerry Wallace,8.99,0.0342
v1|236918303087|0,"OLLIE & THE NIGHTINGALES - I've Got A Feeling/You'll Never Do Wrong, 45 EX, 1969",5.99,0.0342
v1|198483385791|0,Wade Flemons 45 VEE-JAY 295 Here I Stand 1958,7.00,0.0342
v1|236924258969|0,Guns 'N Roses LIVE & LET DIE (studio and live) vinyl 45 Axl Rose Paul McCartney,2.89,0.0342
v1|327252948765|0,"1966 MN Garage Rock Comp LP - ""Top Teen Bands - Vol. 1"" BUD-JET RECORDS #311",2.99,0.0342
v1|307049904950|0,"1966 MN Garage Rock Comp LP - ""Top Teen Bands - Vol. 2"" BUD-JET RECORDS #312",2.99,0.0342
v1|267724963305|0,CLIFTON CHENIER 45 rpm on MAISON SOUL RECORDS 1015 Lot of 35 New Old Stock,10.00,0.0342
v1|298494422244|0,FLEETWOOD MAC RUMOURS LP  BSK 3010  Vinyl Vintage Pressing,35.00,0.0341
v1|137492764251|0,Rachmaninoff Piano Con. 2 Byron Janis Dorati Minneapolis Sym Merc Stereo FINE!,8.99,0.0341
v1|278164141894|0,Honegger: Christmas Cantata  Britten: A Ceremony Of Carols,5.30,0.0341
v1|398152801929|0,Beatles VI Vinyl,25.00,0.0341
v1|278163549481|0,2 Andy Williams LPs - Honey & You Lay on my mind,5.95,0.0341
v1|358777886181|0,RCA Victor Time Life Living Stereo Vinyl Records 7 LP Classical Organ,8.99,0.0341
v1|137492445387|0,Cyndi Lauper Promo Picture Sleeve,8.00,0.0341
v1|168521667443|0,The Marshall Tucker Band Long hard Ride Record Vinyl Lp Untested ,6.99,0.0341
v1|188614190724|0,"OPENED- COLUMBIA RECORDS- BOB DYLAN ""Knocked Out Loaded"" VINYL LP",6.00,0.0341
v1|257611435564|0,"Paul McCartney interview album from ""Musician"" magazine",10.00,0.0341
v1|278156266349|0,PAUL JABARA & FRIENDS FEAT. WEATHER GIRLS WHITNEY HOUSTON COLUMBIA LP SHRINK,8.00,0.0341
v1|398159746758|0,Lyn Taitt / Lester Sterling – She Wears My Ring 45 KAYA Rocksteady Reggae RARE,7.99,0.0340
v1|168513864674|0,The Great Songs Of Christmas Album 7 Seven Goodyear 1967,8.99,0.0340
v1|117290737813|0,Love and Rockets ALL IN MY MIND 12” single,10.00,0.0340
v1|366528708607|0,"The Clash London Calling / Armagideon Time 7"" Black Vinyl 45RPM CBS 8087",20.00,0.0340
v1|168520938090|0,David Nos - Front Porch Swing/The Ballad of Jason McFee 7” Vinyl VG+ Folk,24.99,0.0339
v1|127962505172|0,"Tony Sandler & Ralph Young The Christmas World 12"" Vinyl LP Capitol SM-1-1060",1.99,0.0339
v1|366528996541|0,The Country Side of Him Reeves LP Vinyl Record,5.99,0.0339
v1|227421831697|0,"RINGO STARR  You're Sixteen 7""  APPLE  45 1973",2.50,0.0339
v1|178293883724|0,Glenn Frey (The Eagles) - Smuggler's Blues /New Love 7”/45 Rpm Record Miami Vice,3.56,0.0339
v1|127963275442|0,Jukebox 45 & Title Strip Whitney Houston Where Do Broken Hearts Go Clean Tested,2.49,0.0339
v1|127963625204|0,No Parade Partners In Crime Heavy Metal Vinyl 45,2.00,0.0339
v1|366534410784|0,RCA LSC-6177 Chopin Mazurkas ARTUR RUBINSTEIN Piano 3LP WD 1S 1967 NM,7.99,0.0339
v1|336677582166|0,"Elvis COSTELLO - Secret,Profane & Sugarcane VINYL 2LP  2009 VERYGOOD +",49.99,0.0339
v1|158063836967|0,Te Amare Vida Mia(I Will Love You),3.50,0.0339
v1|318556423142|0,Silly Novelty vinyl 5rpm records- Witch Doctor and Etc. Lot of 6  $20,20.00,0.0339
v1|168522400750|0,Dickey Doo - Did You Cry / Click-Clack   1957  VG+,2.65,0.0339
v1|127962777187|0,johnny cash 33 rpm record on original sun label/very good,6.24,0.0338
v1|267720829465|0,"Styx ‎– Pieces of Eight Vinyl, LP 1978 A&M Records ‎– SP-4724 / Cleaned / VG+",6.00,0.0338
v1|327251512430|0,Rottin Razkals Hey Alright Remixes PROMO SINGLE Vinyl Record Album 374631368-1,2.63,0.0338
v1|198483885186|0,THE BEATLES LP Magical Mystery Tour 1967 Apple stereo   vinyl,16.50,0.0338
v1|236923626764|0,The Magnificent Sound of The Philadelphia Orchestra Ormandy Conducting Vinyl,15.00,0.0338
v1|336678457185|0,"""UKRAINIAN FOLK MUSIC"" VARIOUS ARTISTS RCA CAMDEN, Canada MONO",5.98,0.0338
v1|158064889394|0,ORLONS-RAREST PICTURE SLEEVE + 45-(COME ON DOWN BABY BABY)--PS--PIC-SLV,75.00,0.0338
v1|158064049245|0,Steely Dan Can't Buy A Thrill LP MCA-37040 Vinyl Record VG+ MCA Reissue,20.00,0.0338
v1|158066467684|0,SOUNDTRACK MR CHIPS- LP SNTK #2,4.00,0.0338
v1|298495179683|0,Grizzly Bear Yellow House 2xLP Vinyl LP,30.00,0.0338
v1|147424822481|0,Mary Martin – The Sound Of Music (Original Broadway Cast) Vinyl LP Record Album,4.32,0.0338
v1|298488323104|0,"Good Luck, Babe! by Chappell Roan (Record, 2024)",7.50,0.0338
v1|127962719379|0,the hillside singers 33 rpm record lp id like 2 teach the world 2 sing/very good,2.36,0.0337
v1|127963275526|0,Jukebox 45 & Title Strip Whitney Houston So Emotional Cleaned Tested,2.49,0.0337
v1|137493393671|0,Stardust by Willie Nelson 1985 Vintage Vinyl,18.00,0.0337
v1|158054564387|0,Dukas* / Chausson* - Vladimir Pleshakov ‎– Piano Sonata / Quelques Danses,35.00,0.0337
v1|358768258025|0,The Beatles Alpha Omega 4 Lp Box Set VG+ With Vintage Beatles Poster,34.24,0.0337
v1|206402662516|0,"Various To Elvis: Love Still Burning Pic Records 12"" Vinyl LP Picture Disc 1978",4.82,0.0337
v1|307048218260|0,Andy Gibb 45RPM “I Just Want To Be Your Everything “ 1977 70s Disco Pop 7” PS,3.00,0.0337
v1|206400608749|0,Queen A Day At The Races LP 1976 Elektra 6E-101 EX++/NM Orig Sleeve Specialty Pr,29.95,0.0337
v1|158064403014|0,"Bad Company Run With The Pack 12"" Vinyl LP Swan Song Rock SS 8415 Sleeve",10.00,0.0337
v1|377326078542|0,"DICKEY LEE Truth From My Eyes TRACIE 7"" single 45 RPM G+ RECORD Vinyl USED",5.00,0.0337
v1|278163763798|0,Certified Gold 24 Super Star Hits Stamped in Gold LP set,11.95,0.0336
v1|307048550130|0,Donny Osmond 45 RPM Vinyl Collection Puppy Love Hey Girl Go Away Little Girl MGM,5.00,0.0336
v1|307048747063|0,Byrds  David Crosby  Roger McGuinn  First Press Door In Circle,10.00,0.0336
v1|236917088131|0,NEIL DIAMOND / RAINBOW LP Grade (VG) Very Good,5.00,0.0336
v1|336678373495|0,"RCA Red Seal Tomita/Bolero ARL1-3412 12"" Vinyl LP Stereo Classical",5.95,0.0336
v1|198475799939|0,L.T.D. - Shine On / Love Is What You Need - Vinyl 45rpm 1980 A&M 2283-S R&B Soul,3.56,0.0336
v1|147423112229|0,Jimi Hendrix Exp - Are You Experienced - RS 6261,8.00,0.0336
v1|127962391663|0,"Mark Dinning Teen Angel / Bye Now Baby MGM Golden Circle 7"" Vinyl 45 RPM KGC137",3.86,0.0336
v1|307048294601|0,The Symphony Orchestra Of The Bavarian Radio - Wagner - Vinyl LP,4.12,0.0335
v1|307048326225|0,"George Jones Sings Hank Williams Black Vinyl LP 12""",5.00,0.0335
v1|147423069670|0,"Tops 78 RPM - METRO POLKA / HOW HIGH THE MOON - Mimi Martel, Jimmy Walker &... ",9.95,0.0335
v1|158064219878|0,Al Jarreau – Doble LP Vinyl – Look To The Rainbow / Warner Bros. WB 66 059 -1977,20.00,0.0335
v1|287446301707|0,Glenn Frey The Heat Is On Beverly Hills Cop 45RPM Single Pic Sleeve,2.99,0.0335
v1|206401212809|0,"West Side Story (Original Soundtrack Recording) LP Bernstein, Elmer (Record,...",4.99,0.0335
v1|267718256834|0,Jethro Tull – War Child LP - late '70's reissue - VG+/EX,8.00,0.0335
v1|377326078544|0,MEADE LUX LEWIS / PETE JOHNSON Boogie Woogie Prayer VOCALION 78 RPM SHELLAC USED,5.00,0.0335
v1|227421620521|0,WEST SIDE STORY - SOUND TRACK  VINYL LP RECORD COLUMBIA  - NEAR MINT,4.99,0.0335
v1|336672587486|0,ALL ABOUT ALCOHOL SERIES 2,19.99,0.0334
v1|318555919478|0,Liberty LRP 3030 Will You Remember? LP Vinyl London Festival Orchestra Ornadel,10.00,0.0334
v1|117290334347|0,MARIACHI BRASS.CHET BAKER.1966 MONO VINYL  LP.DOUBLE SHOT.L.VG+.SHRINK WRAP.JAZZ,4.99,0.0334
v1|178291638739|0,Ihsahn Das Seelenbrechen 2x Vinyl LP (Record 2013),42.99,0.0334
v1|257611070858|0,Roy Perkins Bye Bye Baby / Youre On My mind 78 rpm record,88.88,0.0334
v1|198483554955|0,RONNIE MILSAP - Pure Love Vinyl Lp 1974 RCA Record AHL1-0500 Country Vinyl,8.99,0.0334
v1|178293873941|0,HEINEKEN PAN VIBES STEEL ORCH-CLASSICS TO KAISO VINYL LP 1978 ICE LABEL-CLEAN,28.99,0.0334
v1|137492518846|0,Joni Mitchell Collection,50.00,0.0333
v1|366522558547|0,Command Records Volume 10 Selections COM10 1962 With Full Color Promo Sleeve,5.00,0.0333
v1|336678025418|0,"Jacksons Torture 7"" 45 RPM Black Vinyl Pop Single Epic 34-04575",2.48,0.0333
v1|227421281554|0,DON BYAS London-Donnie / Old Folks SAVOY 1946 Jazz 78 RPM SHELLAC USED,5.00,0.0333
v1|800315925645|0,45 RPM Gene and Wendell  RAY STAR 777 The Roach HAIRSPRAY VG+,3.00,0.0333
v1|336679392222|0,16x Used LP Vinyl Record Lot Mixed Grade G+ to VG+ Various Artists,12.00,0.0333
v1|178291474445|0,Peter Gabriel–Peter Gabriel (Melt)–1980 Geffen–GHSP 2035 Vinyl LP VG+,15.00,0.0333
v1|168520833367|0,THE PLATTERS I Love You A 1000 Times Musicor Northern Soul 45,4.00,0.0333
v1|318556564337|0,Albert Schweitzer Bach Vol. 2 Chorale Preludes LP Vinyl 33 RPM ML 4601,3.99,0.0333
v1|327252318089|0,Billy Joe Royal Featuring Hush  Rare 1967 Columbia Records Country Pop Rock Lp,2.99,0.0333
v1|366528867183|0,45 Madonna (2) Album Picture Sleeves - No Records - Nice Condition !,1.60,0.0332
v1|158066562865|0,BOBBY VINTON WITH THE VILLAGE STOMPERS - LIVE AT THE COPA -  LP (22c),4.00,0.0332
v1|318556248446|0,Peter Frampton–I'm In You–1977 A&M–SP-4704 Vinyl Record LP,10.00,0.0332
v1|358771121497|0,NEWJEANS [GET UP] 2nd EP BUNNY BEACH BAG V,9.30,0.0332
v1|298496336749|0,"ELVIS PRESLEY Hat  & ""IF EVERYDAY WAS LIKE XMAS/HOW WOULD YOU LIKE TO BE"" Record",18.00,0.0332
v1|307048368353|0,LP - (Record Only) - New Capitol Albums For Jan. 1957 - Various Artist Previews,8.00,0.0332
v1|158066268225|0,Chick Corea Return To Forever Where Have I Know You Before 1974 Vinyl LP Records,6.00,0.0332
v1|336673029529|0,Donna Summer - The Wanderer - Vinyl LP - Geffen Records GHS 2000 (1980),4.95,0.0332
v1|236917090496|0,Gold Vault of Hits,5.00,0.0332
v1|398150743823|0,"Liza Minnelli: The Singer  12""   33 RPM   LP",4.76,0.0332
v1|188614173180|0,roxy music vinyl,12.00,0.0332
v1|307042953505|0,Bob Seger 45RPM “Still the Same” 1978 1970s Classic Rock 7” Vinyl,2.95,0.0332
v1|307048578902|0,JOURNEY-LOOK BEHIND THE BEST OF-1982 CBS RECORDS CBS54456 EX/EX,25.00,0.0332
v1|147424484435|0,"B.T.O. Best Of B.T.O. (So Far) LP Vinyl Mercury 12"" 33RPM Black Stereo",9.99,0.0331
v1|227421443264|0,TOM BELT AND GOD UNLIMITED RIDE ON,15.00,0.0331
v1|206401508972|0,RCA Victor Elvis Presley Golden Records Vol. 3 Vinyl LP Stereo LSP-2765,6.54,0.0331
v1|188602761898|0,PAUL SENNE 45 HEY PRETTY BABY / JUST REMEMBER DRAKE 733 DJ PROMO WHITE LABEL NM,1.99,0.0331
v1|257610843611|0,U2 - All I Want Is You Vinyl Record Single 1989 Bono Island Records Cover only !,3.45,0.0331
v1|298488137395|0,"After The Fire, ATF Vinyl Record Album, 1982- FE 38282 ",6.00,0.0330
v1|366528601761|0,Charlie Rich: The Silver Fox Vinyl-LP PE 33250,0.99,0.0330
v1|168522401062|0,Pat Boone -  When The Swallows Come Back To Capistrano / April Love 1957 VG+,2.65,0.0330
v1|257611351366|0,"VINTAGE VINYL GLADYS KNIGHT AND THE PIPS "" STILL  TOGETHER "" BUDDAH RECORDS 1977",4.99,0.0330
v1|158070425813|0,"Godley and Creme Cry 12"" single vinyl record",3.00,0.0330
v1|198476315255|0,The Who- Live At Leeds Decca DL79175 Gatefold w/inserts VG/VG/EX  1970,27.00,0.0329
v1|198483533291|0,"Wanted the Outlaws by Jennings, Waylon / Nelson, Willie / Colter, Jessi (Record,",9.99,0.0329
v1|267720980180|0,Music from The Golden West- Jay Gorden LP,7.25,0.0329
v1|158066478474|0,THE VENTURES - REFLECTIONS IN A PALACE LAKE  - 45RPM - JAPAN ISSUE,6.00,0.0329
v1|158066478474|0,THE VENTURES - REFLECTIONS IN A PALACE LAKE  - 45RPM - JAPAN ISSUE,6.00,0.0329
v1|800316891144|0,45 RPM Dion WB DJ 7469 Let it Be BEATLES VG++,3.00,0.0329
v1|147427892093|0,"The Best Of The Chuck Mangione Concerts 1975 NM/NM ""MASTERDISK""",6.99,0.0329
v1|377327915470|0,JAMES TAYLOR : LOT OF 7 : VINYL LP’S,48.88,0.0329
v1|257611165943|0,Vintage Motown 1973 Diana Ross LP good condition,4.25,0.0329
v1|800304192477|0,The Beatles On Air Live At The BBC Volume 2 Pristine Condition ,145.00,0.0329
v1|287451637889|0,Blue Thunder Movie Soundtrack MCA-6122 Vinyl LP 1983 Arthur B Rubinstein,12.00,0.0328
v1|336672118949|0,"VARIOUS ARTISTS LP- "" BACK TO COOL "" 1967 CAPITOL RECORDS**VG+**",2.00,0.0328
v1|298488946374|0,"1976-THE GOODIES, "" THE GOODIES GREATEST"", TIM BROOKE-TAYLOR , COMEDY , HUMOR",0.99,0.0328
v1|407056787165|0,"The Cult She Sells Sanctuary 12"" Vinyl Single 45 RPM Sire 0-20407 1985",10.00,0.0328
v1|198483172332|0,"SEVERED HEADS - ALL SAINTS DAY - Vinyl NETTWERK RECORDS 12"" SINGLE",19.23,0.0328
v1|198483172332|0,"SEVERED HEADS - ALL SAINTS DAY - Vinyl NETTWERK RECORDS 12"" SINGLE",19.23,0.0328
v1|327252127848|0,"Kenny Rogers LP ""Greatest Hits"" NM w/ Orig Inner BX10",3.00,0.0328
v1|278170810529|0,MOVIE SOUNDTRACK LP LOT Vinyl Of 4-Nashville-All That Jazz-The Way We Were,6.88,0.0328
v1|158070707251|0,"Dynasty Satisfied and It's Still a Thrill 12"" single vinyl record",3.00,0.0328
v1|168522400987|0,Bill Haley and His Comets - Teenager's Mother / Rip It Up 1956 EX,2.65,0.0327
v1|327251556793|0,"""CLOSE ENCOUNTERS OF THE THIRD KIND"" John Williams 45RPM Movie Soundtrack",0.99,0.0327
v1|398150712011|0,"Glen Campbell Wichita Lineman (Vinyl, 1968) Capitol ST-103 VG LP Record Album",3.00,0.0327
v1|298488951384|0,"1956- BILLY WARD AND THE DOMINOES, ""ST. THERESE OF THE ROSES/ HOME IS WHERE YOU""",0.99,0.0327
v1|158064662263|0,HERB ALPERT - LP (HA-17),7.00,0.0327
v1|358755565645|0,DEL SHANNON - BROKEN PROMISES  AMY 45,6.00,0.0327
v1|327251465066|0,Eddie F And The Untouchables Let'S Get It On Clean Versions PROMO SINGLE Vinyl,3.36,0.0327
v1|398151759995|0,"EDDY GRANT, ""KILLER ON THE RAMPAGE""",4.50,0.0327
v1|287445368353|0,aerosmith get your wings vinyl,9.25,0.0326
v1|188616740072|0,HAPPY HOLIDAYS VOL 5 TRUE VALUE Vinyl LP 1969 Capitol SL-6627 SHRINK – EX,10.00,0.0326
v1|168522400581|0,"Reinald Werrenrath ""The House of Memories/Tommy Lad"" 78rpm 10"" Victor 45101",2.70,0.0326
v1|188616545782|0,BEATLES 45 RPM VINYL RECORD CAN'T BUY ME LOVE / YOU CAN'T DO THAT,14.00,0.0326
v1|366530248919|0,The Greatest Songs of Woody Guthrie sung by Joan Baez Cisco Vinyl 2 Album Set,13.00,0.0326
v1|336677814723|0,"The Story OfGREAT MUSIC ""THE SPANISH STYLE"" (5 LPS) NEW! STILL SEALED. Concert",10.00,0.0326
v1|168521431548|0,"Rose Colored Glass 45 RPM #588 Nm To Mint, Dead Wax NM JUST ABOUT  PERFECT COND",16.65,0.0326
v1|257610956157|0,Marvin Gaye - What's Going On- Beige Vinyl -2008 Reissue ,35.00,0.0326
v1|206401068010|0,"Vinyl Record - Monty Python and Holy Grail Soundtrack.  VG+, 12”, 33 RPM",9.99,0.0325
v1|236923885454|0,The Kingsmen (The Upper Window) LP Southern Gospel 1978,0.99,0.0325
v1|257610739592|0,America History Greatest Hits LP Vinyl 1975 Warner Brothers BS2894 George Martin,22.99,0.0325
v1|158066465568|0,SOUNDTRACK -CRY FREEDOM- LP SNTK #2,4.00,0.0325
v1|158066465707|0,SOUNDTRACK -SNTK MADE IN USA-1a LP SNTK #10,9.99,0.0325
v1|377326958023|0,1975 Led Zeppelin * Physical Graffiti * VINYL SS2-200 Double LP (FC105-3-G857),50.00,0.0325
v1|358768164461|0,FREDDIE HARTS GREATEST HITS - VINYL RECORD LP,1.00,0.0325
v1|407056785465|0,"Phenomena Did It All For Love 12"" Promo 33 RPM Stereo RCA 863-1-RDAA",8.00,0.0325
v1|287444488127|0,"1971 Don Mclean ""AMERICAN PIE"" 45rpm 7"" Vinyl Record   ""The Rainbow Collection""",5.00,0.0325
v1|178291646743|0,Inquisition Ominous Doctrines of the Perpetual Mystical Macrocosm 2x Record 2011,35.99,0.0325
v1|168521431559|0,"ACETATES THREE D'S 10 INCH RECORDS=CAPITOL,CHIM CH CHIREE CRAYON BOX,SINNER MAN+",15.95,0.0324
v1|158066465580|0,SOUNDTRACK -  NOWHERE TO HIDE - LP SNTK #11,15.00,0.0324
v1|178293875620|0,BILLY JOEL-52ND STREET-1978-VINYL LP-STERLING PRESS-NICE PLAYABLE COPY,21.99,0.0324
v1|358777191786|0,"The Doors -The Soft Parade 1976 SRC Reissue, Elektra #EKS-75005 VG+/VG+",8.00,0.0324
v1|198483554368|0,Ronnie Milsap- A Legend In My Time 1975 RCA Vinyl 12'' Vintage Vinyl,8.99,0.0324
v1|407058167994|0,Liszt - Les Preludes Conducted by Dean Dixon   1956 Record Album  VG /VG  Jojo's,5.00,0.0324
v1|358768789870|0,"Village People - YMCA/Macho Man, 12"" Single Vinyl Single",9.00,0.0324
v1|236924859131|0,Charley Pride (There's A Little Bit of Hank in me) LP 1980,0.99,0.0324
v1|236924859131|0,Charley Pride (There's A Little Bit of Hank in me) LP 1980,0.99,0.0324
v1|307047796929|0,LP - Songs from Walt Disney's The Jungle Book - 1969 Disneyland Records 1304,10.00,0.0324
v1|377328030712|0,GERMAN 45 EP LOT 16 RUDOLF SCHOCK FRANZL LANG STIMMEN ERKLINGT ARIOLA ODEON EX,49.00,0.0324
v1|158066763069|0,"BARRY MANILOW (1977) ""LIVE"" VINTAGE VINYL LP'S (DOUBLE ALBUM) NM",5.00,0.0323
v1|377318761859|0,"MARVIN GAYE - SANCTIFIED LADY COLUMBIA  12""",8.00,0.0323
v1|257610823331|0,KEITH WHITLEY  DON'T CLOSE YOUR EYES/LUCKY DOG.  RCA 6901 STEREO,19.99,0.0323
v1|298488773935|0,"DUANE EDDY Twangin"" The Golden Hits LP Album LSP-2993",4.75,0.0323
v1|227421431483|0,Levert Cooling Vinyl Lp Pre-owned,2.44,0.0323
v1|307048071320|0,"Burton Cummings 45RPM ""You Saved My Soul"" 1981 80s Classic Rock 7"" Vinyl PS NM",3.00,0.0322
v1|206401531443|0,Castle Face Records And Friends 2012 Yellow Vinyl NM garage Ty Segall,30.00,0.0322
v1|267720724333|0,"Ronnie Milsap Lovers, Friends and Strangers/(I'm a) Stand By My Woman 7"" 45 PB-…",4.95,0.0322
v1|137482038106|0,"ROCK AND ROLL--""The Early Days""--Early Rockers from 1954-1956--Very Clean Album",4.95,0.0322
v1|278156178132|0,"Vintage John F Kennedy Record Album & Books - Memorial Album, The Memories JFK",2.40,0.0322
v1|227421281612|0,HOUR OF CHARM ALL GIRL Seville / Blue Skies VOGUE 1947 Jazz 78 RPM VINYL USED,5.00,0.0322
v1|168520859842|0,Columbia Johnny Mathis The First Time Ever (I Saw Your Face) LP Vinyl 1972,7.00,0.0322
v1|358755572433|0,JOE TEX - ALL I COULD DO WAS CRY ANNA 45,9.99,0.0322
v1|127962762925|0,"Webb Pierce ""In the Jailhouse Now"" 78 rpm - Decca 29391, 1954",9.99,0.0322
v1|377326091282|0,"YOUNG RASCALS Come On Up 1966 PROMO Rock 7"" single 45 RPM VG+ RECORD Vinyl USED",5.00,0.0322
v1|327251870773|0,HOWARD JONES You Know I Love You.. Don't You? HOW11F UK 2x12 Vinyl EX,12.99,0.0321
v1|327251870773|0,HOWARD JONES You Know I Love You.. Don't You? HOW11F UK 2x12 Vinyl EX,12.99,0.0321
v1|358768163735|0,Vintage MGM Records Irving the Unemployed Horse sleeve only -no records-,9.99,0.0321
v1|117295100830|0,"INTRUDUCING THE BEATLES,ORIGINAL AMERICAN PRESS,SILVER OVAL LABEL",249.99,0.0321
v1|198482752764|0,"Conway Twitty Mr. T Vinyl LP 12"" 33 RPM MCA Records 1981 MCA-5204",2.24,0.0321
v1|287447115483|0,"DOUBLE SIX VOL 2 HOUSE & FREESTYLE MEDLEYS 12"" 1989 DS662 (LIKE BITS N PIECES)",14.00,0.0321
v1|327253138065|0,"Tropical Palmeras VIZA-131 Records 7"" Vinyl 45 Rpm Promo Copy Cumbia",7.99,0.0321
v1|298490170233|0,Vinyl Album LP - Great Moments at the Grand Ole Opry - 2 record set -RCA Victor,5.22,0.0321
v1|800304364822|0,Harry Chapin Short Stories LP Elektra Records 1973,14.00,0.0321
v1|168521196765|0,The Temptations-Psychedelic Shack-45 RPM-PsychedelicSoul-Gordy 7096-vinyl-record,5.00,0.0321
v1|398154125051|0,Louis Armstrong Jazz Heritage Series Vol. 17  Vinyl Album,6.99,0.0321
v1|398152645301|0,Frank Sinatra Sings For Only The Lonely  Vinyl ,5.00,0.0320
v1|137492692693|0,"Stanley Clarke Band, Promo, 45, What If I Should Fall In Love.",8.00,0.0320
v1|137492982683|0,"CHICAGO -(DOUBLE LP)- CHICAGO VII - WITH  ""(I'VE BEEN) SEARCHIN' SO LONG"")- 1974",20.00,0.0320
v1|267720712176|0,78 RPM 12th Street Rag & On The Sunny Side Of Street Euday Bowman Lionel Hampton,5.00,0.0320
v1|398152334423|0,"Aaron Copland APPALACHIAN SPRING, BILLY THE KID, Mercury Living Presence Record",16.43,0.0320
v1|257612105205|0,Silent Night Clouds Christmas 1946 Fred Waring Pennsylvanians 78 RPM Decca 23643,5.00,0.0320
v1|127962277555|0,"June - Fair and Warmer! Part ONE EP 45, June Christy, Capitol EAP 1-833, 1957",8.00,0.0320
v1|800308978233|0,"Hymns and Songs for a Country Sunday Various Artists, Vinyl LP, Word Records",5.00,0.0320
v1|198483776833|0,"Arthur Prysock-""Intimately Yours""-Old Town Records-LP2008-1964 / VG",1.99,0.0320
v1|278170802329|0,NILS LOFGREN 3 LP LOT Vinyl Records CRY TOUGH + I CAME TO DANCE Springsteen,6.88,0.0320
v1|147424506474|0,Canned Heat Human Condition Stereo Vinyl LP 1978  TAK 7066 EX/NM,40.00,0.0320
v1|137493455316|0,"Judy Collins, So Early In The Spring, Vinyl LP, Gatefold 2 Record Set",4.00,0.0320
v1|398151161882|0,Clyde McCoy 78. Sugar Blues & Basin Street Blues. 1946 Vogue Picture Record R707,20.00,0.0320
v1|188610637011|0,50s Bluegrass 45 BILL MONROE Walking In Jerusalem / You're Drifting DECCA promo,4.00,0.0320
v1|407056109665|0,THE ANIMALS ANIMALIZATION LP 1966,2.93,0.0320
v1|137492269455|0,Willie Neal Johnson & The Gospel Keynotes☆Going Back With The Lord☆Vinyl LP☆1987,12.85,0.0320
v1|168520654783|0,Loleatta Holloway – Hit And Run Disco Mix Vinyl 1977 VG+/EX Ultrasonic Clean,9.99,0.0320
v1|398150831842|0,"Moran  And Mack 78s. Two Black Crows Pt. 5,6,7 And 8.1927 Columbia 1198-D,1350-D",15.00,0.0319
v1|366528327800|0,"Dionne Warwick - Dionne Warwick's Golden Hits Vinyl LP, Scepter Records Pop",2.00,0.0319
v1|158064662451|0,HERB ALPERT - LP (HA-19),7.00,0.0319
v1|267720548854|0,"1981 ORO Records THE BEATLES From Us To You LP 17"" x 22½"" Poster BBC BROADCASTS",19.99,0.0319
v1|307048053964|0,Carlos David Y Su Orquesta • ESA MUJER • Lp VG+ • Nice Merengue DJs Latino Hits,4.99,0.0319
v1|168522400282|0,Peter Pan Players – The Story Of Pinocchio  / Songs From Pinocchio VG,2.65,0.0318
v1|198475493384|0,"Al Caiola ‎– The Best Of Al Caiola  jazz Pop, Stage mint in shrink wrap  LP",12.00,0.0318
v1|307048178748|0,Sting 45RPM “Fortress Around Your Heart” 1985 Pop Rock 7” PS NM,3.00,0.0318
v1|127963587309|0,Black Star Riders The Almighty Ricky Warwick Signed Lot Vinyl + CD’s + Pick,24.95,0.0318
v1|307047923588|0,"Prince & The Revolution Let's Go Crazy/Erotic City 7"" 45 RPM Warner 1984 7-29216",15.00,0.0318
v1|327247189741|0,"HERB ALPERT & Tijuana Brass LP ""Sounds Like"" 1967 Record Album ♪ Good Condition",3.99,0.0317
v1|227401532348|0,Jim Ford Harlan Country OG Press Country BEAUTIFUL TOP COPY! NM!,21.71,0.0317
v1|366534757625|0,The Rolling Stones Some Girls COC 39108 Vinyl Record LP,54.99,0.0317
v1|287447464187|0,"Brownsville Station / Smoking' In The Boy's Room / 1973 7"" 45rpm / NM+",13.00,0.0317
v1|158064780285|0,JAY AND THE AMERICANS-RARE PICTURE SLEEVE + 45--(LIVIN' ABOVE YOUR HEAD)--PS-PIC,49.99,0.0317
v1|178293648529|0,"Moby South Side 12"" Black Vinyl Record Single V2, Cardboard Sleeve",12.00,0.0317
v1|366528488833|0,Carly Simon The Best Of Carly Simon 1ST PRESSING W/ETCHINGS LP Vinyl,225.00,0.0317
v1|287445881904|0,Elvis Presley-Pure Gold RCA ANL1-0971(e) Vintage Vinyl LP Near Mint Condition,12.99,0.0317
v1|267720575866|0,"Lot of Two 33 12"" LPs CHUBBY CHECKER BEACH PARTY & ""IT'S PONY TIME""",15.00,0.0316
v1|278154809956|0,"DAN SIMON - SOCA WE GETTIN' DOWN URN 12"" SHRINK",8.00,0.0316
v1|318554651726|0,"Dan Fogelberg - Homefree - Vinyl (1972, PC 31751)",2.00,0.0316
v1|377332122801|0,"Da Brat We Ready Fuck You Vinyl 12"" Single Rap Hip-Hop So So Def CAS 15807",7.77,0.0316
v1|198476315283|0,The Who- Who Are You MCA-3050 EX/EX Gloversville 1978,17.10,0.0316
v1|278162622464|0,Columbia JL 8006 Little Black Sambo & Little Red Riding Hood LP Vinyl,20.00,0.0316
v1|178294084302|0,FLOYD ROBINSON RCA VICTOR LIVING STEREO LSP 2162 EARLY ROLL+ROLL ORIGINAL!,9.99,0.0316
v1|377319835867|0,ARETHA FRANKLIN - THROUGH THE STORM ARISTA LP SHRINK,8.00,0.0316
v1|377319835867|0,ARETHA FRANKLIN - THROUGH THE STORM ARISTA LP SHRINK,8.00,0.0316
v1|168522400394|0,Ray Charles - Together Again/ You're Just About To Lose Your Clown 1966 Good,2.65,0.0316
v1|358769026043|0,Emmylou Harris-“Profile” Best Of…” Vinyl LP VG+ Warner Bros. Records. 1978 OG,7.00,0.0315
v1|168521672635|0,Mancini Plays The Theme From Love Story Record Untested ,8.99,0.0315
v1|206401530974|0,McCartney Debut Solo Album By Paul McCartney Vinyl ,7.99,0.0315
v1|336680330579|0,DEVO - WHIP IT b/w TURN AROUND - ORIG 1980 NEAR MINT - 45 RPM,3.75,0.0315
v1|278163331980|0,Dr Dog 7 Inch Vinyl 2007,8.54,0.0315
v1|407056876880|0,John Lennon Mind Games Album/Record Clean,19.00,0.0315
v1|398159728420|0,Yacht Rock 4 LP Lot-Bread-Seals And Crofts-Robert Palmer-Kenny Rankin Vinyl,5.28,0.0315
v1|307047934938|0,Duran Duran – The Reflex / New Religion 45,5.00,0.0315
v1|137484192840|0,David Meece Everybody Needs A Little Help lp + Bonus,7.99,0.0315
v1|407058703595|0,Voices Of History From The Edison Archives  VOICEWRITER Vintage 45 Rare Record,30.00,0.0315
v1|147427897704|0,JEFF BECK Flash 1985 NM Vinyl MASTERDISK Rod Stewart,9.99,0.0314
v1|366530211325|0,Atlanta Braves 1982 Terry Cashman Talkin Baseball 45 Record condition Great !!!,8.99,0.0314
v1|168520866456|0,The Bleachers - Take The Sadness Out Of Saturday Night Gold Vinyl Tour Exclusive,14.99,0.0314
v1|206401141985|0,"Lot Of 12 Vinyl Comedy Records: Carlin, Pryor, Smothers…12”, 33 RPM",9.99,0.0314
v1|358767436418|0,Leopold Stokowski - Norman Luboff Choir - Orchestra Of London - 1962 LP LSC-2593,1.00,0.0313
v1|147423294559|0,"Daryl Hall & John Oates, Livetime, Vinyl LP, 1978, AFL1-2802, RCA Victor",2.99,0.0312
v1|377326091242|0,METRONOME ALL STARS Leap Here / Metronome Riff CAPITOL Jazz 78 RPM SHELLAC USED,5.00,0.0312
v1|287446043401|0,MARCIE BLANE -(45)-BOBBY'S GIRL/ A TIME TO DREAM - SEVILLE RECORDS 45-120 - 1962,5.00,0.0312
v1|227421397036|0,Lot Of 5 Walt Disney Vinyl Bambi Pinocchio Snow White Mary Poppins,8.50,0.0312
v1|257611012513|0,The Allman  brothers Band Vintage vinyl Record Lot Of 5 Albums,53.00,0.0312
v1|267720979920|0,Ernesto Hill Olvera LP Vinyl RCA Victor #MKL 1011 Record Album Organo Que Habla,6.75,0.0312
v1|278153050258|0,Various Vintage Albums Seven 78’s (See Description for Details) LP in Folder,8.00,0.0312
v1|137493787839|0,The Jam – All Mod Cons 1979 Butterfly Collector version TWO sleeves in shrink!,19.99,0.0312
v1|117289821859|0,Gene Autry - Rudolph The Red Nosed Reindeer -78 RPM,12.00,0.0312
v1|398139401326|0,ARTIE SHAW AND HIS ORCHESTRA - THAT'S FOR ME / YOLANDA - VICTOR 78RPM,3.45,0.0312
v1|178294225589|0,IRON BUTTERFLY-WITH PINERA & RHINO-METAMORPHOSIS-VINYL LP RECORD CLUB EDITION,38.99,0.0311
v1|366528835453|0,BREAD DAVID GATES First WHITE LABEL PROMO 1973 ELEKTRA EKS-75066 Promotional,20.00,0.0311
v1|168521010628|0,Perry Como Merry Christmas Vinyl LP Record Album,3.89,0.0311
v1|178292781817|0,Pupi Prado & His Orchestra ~ For Swingin' Partners Cha Cha Cha UTS-127,5.50,0.0311
v1|358755567274|0,THE LETTERMEN - GOIN' OUT OF MY HEAD  CAN'T TAKE MY EYES OFF YOU CAPITOL 45,6.00,0.0311
v1|278166020993|0,Parliament Funkentelechy vs. the Placebo Syndrome vinyl with comic book,13.50,0.0311
v1|307047845484|0,Organ And Chimes For Christmas Jesse Crawford XMK 4007,4.00,0.0311
v1|267718221824|0,Grace Slick & The Great Society–Collector's Item From The San Francisco Scene LP,30.00,0.0311
v1|298488813276|0,Original Cast Pirates of Penzance  Linda Ronstadt Kevin Cline Double Album,5.00,0.0311
v1|168514459059|0,10 x CLASSIC 70s/80s FOLK LP LOT Pete Seeger Trapezoid Weavers Silly Wizard nice,9.99,0.0310
v1|137493096104|0,Paul Kanter Planet Earth Rock & Roll Orchestra 1983 Vintage Vinyl ,10.00,0.0310
v1|358755572357|0,THE ROBERTA MARTIN SINGERS - HE'S DONE GREAT THINGS FOR ME SAVOY GOPSEL 45 HTF,25.00,0.0310
v1|188610637014|0,"50s Bluegrass 45 LESTER FLATT, EARL SCRUGGS Dim Lights Thick Smoke COLUMBIA wax!",5.00,0.0310
v1|158070432477|0,"Feargal Sharkey If This Is Love 12"" single vinyl record",3.00,0.0310
v1|307048097554|0,Sonor Symphony Orchestra - Brahms Symphony No. 3 In F Major - Red Vinyl LP,5.80,0.0310
v1|267720750990|0,"DIANE RAY: please don't talk to the lifeguard / that's all i want from you 7""+++",19.00,0.0310
v1|168522400736|0,Gale Storm - On My Mind Again / Love By The Jukebox Light   1957 VG+,2.65,0.0310
v1|267720805712|0,"Carly Simon ""Spy"" vinyl - 1979",4.00,0.0310
v1|147422660958|0,BEACH BOYS - (2) 45s & Picture Sleeves - VG,5.75,0.0310
v1|358767483931|0,America Alibi Vintage Vinyl LP 1980 Capitol SOO 12098,18.95,0.0309
v1|358767483931|0,America Alibi Vintage Vinyl LP 1980 Capitol SOO 12098,18.95,0.0309
v1|358771298884|0,Bob Marley & the Wailers Vinyl Record Album Back Cover Photo w/ Track Listing,6.36,0.0309
v1|318555826467|0,"RARE Shellac 10"" bar and grill blues teddy williams 78 record special Disk",47.00,0.0309
v1|307047706833|0,The Little Rascals w/Bill Nimmo Favorite Songs Stories Games RCA LBY-1023 - 1959,20.00,0.0309
v1|407057411998|0,"Karajan Conducts Sibelius: Fifth Symphony, Berlin Philharmonic Orchestra,  LP",6.89,0.0309
v1|327252082640|0,"VTG Lot Of(13) 45RPM Records.Springsteen, Ringo Starr, Andy GIBB, Aretha Frank +",19.99,0.0309
v1|188612893306|0,"Melvins- Ozma Vinyl Record (2018, LP, Album, Autographed)",39.99,0.0309
v1|147427080196|0,Lionel Richie Vinyl Record Album ,10.00,0.0309
v1|206401532177|0,Chokebore Throats To Hit & Nobody 45 Vinyl Picture Disc Amphetamine Records,40.00,0.0309
v1|137483026220|0,John Barry – The Deep OST NBLP 7060 NM/G Blue Vinyl + Poster Casablanca (1977),22.99,0.0309
v1|147423071977|0,KISS Double Platinum LP Vinyl NBLP  7100-2 Casablanca Album Sleeve VG Record VG+,75.00,0.0309
v1|358755566604|0,BOBBIE GENTRY - ODE TO BILLIE JOE CAPITOL 45 ,6.00,0.0309
v1|227421831702|0,"THE SCHOOLBOYS   Shirley  b/w  Please Say You Want Me 7"" Okeh Records 45",3.00,0.0308
v1|287445763056|0,"Childish Gambino - Awaken,My Love!2x Vinyl 12"" Box Set With VR Headset",75.00,0.0308
v1|127962774891|0,"Coon Creek Girls/Carter Family on Perfect 16-102 ""Pretty Polly""/""Beautiful Isle""",12.99,0.0308
v1|117294191186|0,Vinyl-Columbia.GL502.The Golden Era series-JOHN KIBRY and His orch.,29.99,0.0308
v1|366528629502|0,"Elvis Costello & The Attractions Pump It Up/Big Tears 7"" 45RPM Radar ADA 10",10.00,0.0308
v1|336681129897|0,GEORGIA SATELLITES-KEEP YOUR HANDS TO YOURSELF -ORIG 1986 w/PIC SLV- 45 RPM,2.50,0.0308
v1|127966770478|0,The Beach Boys Capitol STEREO Rainbow Label Shut Down Volume 2 M- VG++,39.99,0.0308
v1|358755572546|0,SAM COOKE - FRANKIE AND JOHNNY  COOL TRAIN RCA VICTOR 45,6.00,0.0308
v1|188614524197|0,Conway Twitty's Greatest Hits LP MGM Records SE3849 Excellent Vinyl 1960,3.95,0.0308
v1|257615475897|0,Toni Braxton I Don’t Want To Un-Break My Heart Promo 2x12 Vinyl LP Remix Record,4.00,0.0308
v1|227422485424|0,(2) Herb Alpert & The Tijuana Brass Vinyls- The Lonely Bull & What Now My Love,1.99,0.0308
v1|267720558614|0,"VINTAGE VINYL 45:  Jermaine Jackson ""Daddy's Home"" (1972)",2.00,0.0307
v1|278162807967|0,"WLP DOO WOP THE MOONGLOWS ON CHESS    LABEL 45 RPM  7"" RECORD",5.52,0.0307
v1|267720586090|0,1954 Original Five Keys 45 on Capitol F2945 Ling Ting Tong VG+,9.15,0.0307
v1|188616701839|0,Bing Crosby 78rpm Set – Decca Records Set #A-440 “Stephen Foster”  ,25.00,0.0307
v1|800308722869|0,"SHEILA 1966 BANG-BANG * 7"" - PICTURE SLEEVE FRENCH PHILIPS 437-233 BE",20.00,0.0307
v1|158064920206|0,THE ROOMMATES-RARE PROMO ONLY TITLE SLEEVE+ONE-SIDED 45-(GLORY OF LOVE)--PS--PIC,99.99,0.0307
v1|800308793891|0,"ANDREW HILL-HOMMAGE-EAST WIND 15PJ-1010, TOKYO 1975, SOLO PIANO",10.98,0.0307
v1|168513866010|0,Firestone Presents Your Favorite Christmas Music Volume 4 LP Julie Andrews Album,7.99,0.0307
v1|168515553574|0,THE 4 SEASONS-OPUS 17/BEGGAR'S PARADE-45 RPM-POP-PHILIPS 40370-VINYL- RECORD--NM,6.99,0.0306
v1|307042883929|0,"Burl Ives Lot of 3 Albums, See Pictures, Vinyls Visually rated  Pop, Folk   A64",4.50,0.0306
v1|227421610776|0,"Diana Ross Vinyl LP Motown 1976 Soul R&B 12"" 33 RPM Classic 1970s Stereo",6.49,0.0306
v1|800308140100|0,Molly Hatchet - Flirtin With Disaster - 1979 Vinyl LP Record Album Excellent,14.99,0.0306
v1|307048367215|0,LP - The Robert Rheims Choraliers We Wish You a Merry Christmas - Red Vinyl,8.00,0.0306
v1|358768811235|0,"War – ""The Music Band"" (1979) – Gold Stamp Promo",25.00,0.0306
v1|158064393697|0,Elvis Presley on Sun 210 “Good Rockin’ Tonight” orig 1955 “Ray” Brown misprint!,1399.99,0.0306
v1|800305406234|0,FLEETWOOD MAC LP Tango in the night 1987 Warner Brothers   RE 180 gram vinyl,15.00,0.0306
v1|137493355082|0,Living Voices Sing Ramblin' Rose  CAS-748 - Camden Records,1.99,0.0306
v1|398158785460|0,records lps vinyl lot Classical,39.95,0.0306
v1|178291565581|0,6 Vtg Sing Along With Mitch vinyl records LP's Mitch Miller,45.00,0.0306
v1|168520860214|0,"Warner Bros. Al Jarreau L Is For Lover LP Vinyl Soul 12"" 33 RPM 1986 1-25477",4.00,0.0306
v1|800304263597|0,George London Bruno Walter Mozart,4.24,0.0306
v1|307052484070|0,JEFF BECK THE JEFF BECK GROUP  QUADRAPHONIC LP  EX record and cover.,15.00,0.0306
v1|236922966387|0,"Ben Webster & “Sweets” Edison, Ben & Sweets Record NRMT, Columbia",10.00,0.0306
v1|236922966387|0,"Ben Webster & “Sweets” Edison, Ben & Sweets Record NRMT, Columbia",10.00,0.0306
v1|168522401252|0,"The Four Lads - Enchanted Island, Guess What the Neighbors'll Say - color sleeve",2.70,0.0306
v1|188471600627|0,NM White Label Promo - Stan Getz - The Best Of Two Worlds - Columbia  LP Vinyl,0.99,0.0305
v1|127963082166|0,EARL NIGHTINGALE “20 MINUTES THAT CAN CHANGE YOUR LIFE” (1966 LP) Vinyl EXC,7.50,0.0305
v1|318554784620|0,John Denver's Greatest Hits ~ 1973 Original: 9 x Platinum album - Plays Well,10.00,0.0305
v1|267720748285|0,"Meat Loaf You Took the Words Right Out of My Mouth Cleveland Int'l 7"" 45 15-2392",4.95,0.0305
v1|147424874318|0,"Dylan & the Dead by Dylan, Bob & the Grateful Dead (Record, 2018)",8.00,0.0305
v1|236923850516|0,Bob Kuban and The In-Men 'Look Out for The Cheater' Vinyl LP Record Album,9.00,0.0305
v1|287445336174|0,"U2 - Vinyl 4x LP Lot, Bundle, Records, Joshua Tree, WAR, Four Records",35.00,0.0305
v1|407056632531|0,Cledus Maggard & The Citizen's Band – The White Knight 1976 Vinyl LP Country,12.00,0.0305
v1|327252524574|0,"BOB DYLAN ""BLOOD ON THE TRACKS"" COLUMBIA-33235 VG+/VG++ ORIG INNER SLEEVE",9.99,0.0305
v1|227421281586|0,DON BYAS I Don't Know Why / Cherokee SAVOY 1946 Jazz 78 RPM SHELLAC USED,5.00,0.0304
v1|158070665497|0,"Frankie Goes to Hollywood Rage Hard 12"" single vinyl record",3.00,0.0304
v1|127962371789|0,"New Riders Purple Sage I Don't Need No Doctor Columbia 7"" Vinyl 45 Promo 4-45607",3.36,0.0304
v1|307047869464|0,Gilbert Mack The Night Before Christmas Vinyl 33 RPM 1970 ERS-10,6.00,0.0304
v1|188610637008|0,Bluegrass Sacred 45 BILL MONROE Jesus Hold My Hand / Precious Memories DECCA mp3,4.00,0.0304
v1|267720643129|0,"The 5th Dimension Up-Up And Away/Which Way To Nowhere Soul City 7"" 45 756",5.95,0.0304
v1|327251999793|0,The Best of Tanya Tucker-MCA 897 Vinyl Excellent,5.99,0.0303
v1|227421281596|0,THE DRIFTERS  White Christmas ATLANTIC 1954 R&B 78 RPM VINYL USED,5.00,0.0303
v1|206401207258|0,"I Can't Stand Still by Don Henley (Record, 2012) VINYL Album ",4.99,0.0303
v1|298488951469|0,"1963- RONNIE WOODS, ""SUGAR -PT.1 /PT.2 "", 7"" EVEREST RECORD , JAZZ INSTRUMENTAL",0.99,0.0303
v1|800304351562|0,The Atlanta Symphony Orchestra “The Firebird”  Vinyl LP,8.00,0.0302
v1|800306185004|0,GEORGE STRAIT LP No.7 1986 Mca  country  vinyl,10.50,0.0302
v1|278162964525|0,"Walt Disney-Radio Spots Promo One Sided-1970-""Barefoot Executive"" w/Kurt Russell",29.99,0.0302
v1|287446085044|0,Jimmy Dean – Look On The Good Side / Do you love me     on  MERCURY    1957,8.95,0.0302
v1|267717806661|0,"Lot Of 3 Dean Martin Vinyl LP Records 1960s Remember Me, Rides Again, Happiness",17.99,0.0302
v1|327246901004|0,"J. S. Bach: Famous Organ Music, Vol. 1 ""LP""",6.50,0.0302
v1|358768459694|0,The Best Of Shirley Scott Vinyl Album VG+,25.00,0.0302
v1|198475496076|0,Robert Maxwell The Magic Of Robert Maxwell His Harp SHRINK Lp,8.00,0.0302
v1|298488774588|0,CASABLANCA SIngle Album-The Stuff Dreams are Made of NBD-20157,4.99,0.0302
v1|137482044172|0,"JEFFERSON STARSHIP--""Blows Against The Empire""--1970 Issue W/ Orig Sleeve & Book",4.95,0.0302
v1|307047934694|0,"Dawn Featuring Tony Orlando – Say, Has Anybody Seen My Sweet Gypsy Rose",3.00,0.0301
v1|158063917722|0,Luck and Strange David Gilmour of Pink Floyd Blue Vinyl,3.26,0.0301
v1|298480586573|0,KISS Ace Frehley Solo LP  Album Cover Poster 2014 - Laminated 20  x 20 inches,60.00,0.0301
v1|137493553627|0,Johnny Taylor Eargasm LP (1976) S 81201,7.00,0.0301
v1|117293850528|0,South Park RSD Mr. Hankey’s Christmas Classics Brown Poo Colored Vinyl LP Record,79.99,0.0301
v1|158063493966|0,33 LP RPM Vinyl Record Ozzy Osbourne DIARY OF A MADMAN Jet Records FZ 37492 ,12.00,0.0301
v1|137499700745|0,Back Ta Basics Vinyl LP Record 7”,0.99,0.0301
v1|188625807679|0,"Macadelic by Miller, Mac (Record, 2022)",23.00,0.0301
v1|158064302359|0,Don Bowman Our Man In Trouble RCA Victor LP Vinyl 1964 TESTED VG/VG,9.99,0.0301
v1|298488951308|0,"1977-ALEX HALEY , TELLS THE STORY OF HIS SEARCH FOR ""ROOTS"", DOUBLE WARNER BROS.",0.99,0.0301
v1|137493355096|0,101 Strings 25 Years Of Show Hits 1961 LP Vinyl Record Somerset Records P-13700,1.99,0.0300
v1|398152087020|0,"Etta James 12"" Vinyl LP Crown Records 33 RPM High-Fidelity CLP-5360",18.00,0.0300
v1|188616363686|0,Vintage Billy Joel Glass Houses 1980 LP Vinyl Record Columbia Original Press,5.99,0.0300
v1|168521690720|0,Dean Martin Holiday Cheer Vinyl Record Untested ,8.99,0.0300
v1|206400842248|0,Columbia My Fair Lady Original Soundtrack Recording LP Vinyl Audrey Hepburn,4.00,0.0300
v1|127966928410|0,1960 Conway Twitty MGM STEREO Black Label Conway Twitty's Greatest Hits MINT-,14.99,0.0300
v1|298488567831|0,GREATFUL DEAD-THE BEST OF-1974 WARNER BROS. W2764,14.00,0.0300
v1|168521691208|0,"The Highwaymen Featuring The Hit Song ""Michael"" Record Untested ",8.99,0.0299
v1|206400862075|0,"Lot of 31 *SCRATCHED* 45rpm Vinyl Records Great for Crafts and Decoration 7""",9.99,0.0299
v1|377327916942|0,ISSAC HAYES : LOT OF 4 : VINYL LP’S,29.88,0.0299
v1|127963272081|0,Jukebox 45 & Title Strip Jeff Healey Band How Long Can A Man Be Strong Tested,2.49,0.0299
v1|127962746890|0,sammy hagar 33 rpm record lp/very good,4.56,0.0299
v1|168521688705|0,The Ventures - Play Telstar The Lonely Bull Vinyl LP Record Album Untested ,8.99,0.0299
v1|147428085243|0,1985 The Cars – Tonight She Comes / Just What I Needed / Breakaway Vinyl Record,20.00,0.0299
v1|358767635644|0,Dan Fogelberg Phoenix Vinyl Record,15.00,0.0299
v1|168521014677|0,Neil Diamond - You Didn't Bring Me Flowers & September Morn (Vinyl Records),1.50,0.0299
v1|298488774158|0,"7 BILLY ""CRASH"" CRADDOCK 45RPM-Rub It In/Hold Me Tight/Dream Lover",4.99,0.0298
v1|227421291482|0,"SPENCER DAVIS GROUP Keep On Running 1966 7"" single 45 RPM VG+ RECORD Vinyl USED",5.00,0.0298
v1|137492517970|0,"7"" VINYL 45 RPM SEALS 7 CROFTS WE MAY NEVER PASS THIS WAY(AGAIN) JESSICA 1973 WB",5.00,0.0298
v1|137493355080|0,Anne Murray – I'll Always Love You - 1979 Capitol Records SOO-12012 Vinyl LP,4.99,0.0298
v1|137493355080|0,Anne Murray – I'll Always Love You - 1979 Capitol Records SOO-12012 Vinyl LP,4.99,0.0298
v1|298488763896|0,Frank Zappa  Jazz From Hell   EX,15.00,0.0298
v1|188616431586|0,"TEN YEARS AFTER on LP "" SSSSSH "" rock blues",4.99,0.0297
v1|307048392168|0,LP - A Portrait Of FRANZ LISZT - Peter Kreuder Piano - Decca Records - Hungarian,8.00,0.0297
v1|257611070574|0,"THE GUESS WHO - ""ROAD FOOD""    QUADRADISC CD-4 EDITION",24.99,0.0297
v1|147423563762|0,"Jeff Beck: Vinyl bundle 4 LPs - Blow By Blow, Wired, Flash & There and Back",49.00,0.0297
v1|158066779770|0,Jackson Browne The Pretender LP Vinyl Record 1976 Asylum Rock Pop 1970's,9.99,0.0297
v1|178291637786|0,Townes Van Zandt Delta Momma Blues (2007 reissue),25.00,0.0297
v1|127962638700|0,Jukebox 45 & Title Strip Sing With Bruce Hayes Cleaned Tested,2.49,0.0297
v1|137499944926|0,Fleetwood Mac Tusk 1979 2LP Vinyl Warner Brothers 2HS 3350 Excellent!!,19.99,0.0297
v1|267720698657|0,Herb Alpert And The Tijuana Brass “What Now My Love”(A&M Records ‎LP-114) 1966,2.25,0.0297
v1|188614575869|0,The Outsiders Time Won't Let Me /Was It Really Real Capitol 45rpm Record 1966,2.93,0.0297
v1|158064804271|0,BASIC BASIE / Count Basie And His Orchestra / VERVE MPS SERIES LP / Vinyl / VG+,8.00,0.0297
v1|117285002238|0,"THE WILD BUNCH SOUNDTRACK  on WARNER BROS.  stereo, 1969",19.99,0.0297
v1|158064389984|0,"JAY & THE AMERICANS Greatest Hits UNITED ARTISTS UAL-3453 (1965) LP, MONO",4.00,0.0297
v1|358755566757|0,THE GRASS ROOTS - LET'S LIVE FOR TODAY DUNHILL 45,6.00,0.0297
v1|158066478511|0,THE VENTURES - BULLDOG - 45RPM - JAPAN,7.00,0.0296
v1|287445816765|0,"Street People - All Night Long/Jennifer Tomkins - 7"" Vinyl Record 45 RPM NM",1.99,0.0296
v1|318512238634|0,Eagles – Their Greatest Hits 1971-1975 - US LP embossed sleeve 1976,4.99,0.0295
v1|137493355099|0,Vintage Vinyl LP John Feliciano Sings RCA Records 1972 CAS-2563,1.99,0.0295
v1|158066763000|0,CYNDI LAUPER she's so unusual  FRAMED,15.00,0.0295
v1|158066465436|0,SOUNDTRACK - SNTK I WAS A TEENAGE ZOMBIE - LP SNTK #10,9.99,0.0295
v1|366522543341|0,The Ray Charles Singers Something Wonderful RS827SD Command Records 1961,5.00,0.0294
v1|206401233720|0,BARBRA STREISAND - JE M'APPELLE BARBRA - MONO 1966 COLUMBIA CL-2547 VINYL LP ,4.99,0.0294
v1|307042854498|0,Buster Doss Ark. Playboys 78 Returned Soldier’s Grave / Wedding Bels TALENT HEAR,35.00,0.0294
v1|178291639496|0,The Partisans The Time Was Right (reissue),20.00,0.0294
v1|336677374914|0,Decca 24739 Bob Hannon & Johnny Ryan I Never See Maggie Alone / Ain't She Sweet,1.00,0.0294
v1|800304351371|0,BING CROSBY 1945 MERRY CHRISTMAS DECCA RECORDS ALBUM ***Case Only***,5.00,0.0293
v1|307048163912|0,Exodus Original Motion Picture Soundtrack LOC 1058 Record Vinyl Lp,22.50,0.0293
v1|206401157926|0,Melanie Martinez Gingerbread Man Single LP Urban Outfitters Exclusive Limited ,100.00,0.0293
v1|178291880472|0,"Led Zeppelin D'yer Mak'er 7"" (Promo SP pressing)",150.00,0.0293
v1|206401503207|0,"Elvis Presley Elvis RCA Victor Stereo 12"" Vinyl LP 33RPM LSP-1382(e)",6.52,0.0293
v1|398153923111|0,Johnny Rivers realization,5.00,0.0293
v1|117291292202|0,CATS ORIGINAL BROADWAY CAST RECORDING 2X LP SHRINK GOOD CONDITION VG++/VG+!!,18.85,0.0293
v1|398151490598|0,"The Bell Notes I've Had It/Be Mine Time 7"" 45 RPM Vinyl 1004",10.00,0.0292
v1|227422387674|0,Billy Joel 52nd Street Vinyl Record Album Columbia 35609 1978,8.00,0.0292
v1|178292410820|0,"The Dave Brubeck Quartet, Westside story record",10.00,0.0292
v1|336677682572|0,"Sting - Russians, 1985 7"" single with jukebox strips, Rock, Pop, Pop Rock.",8.00,0.0292
v1|366528087775|0,Lot of 2 - Vintage 1969 Jack Benny Vinyl LP Set/1966 Radio's Famous Theme Songs,22.00,0.0292
v1|178291752626|0,"Pearl Jam 2002 Annual Vinyl Single 7""",14.00,0.0292
v1|267720539641|0,Dolly Parton Real Love 1985 LP Vintage Country Vinyl Record Album RCA AHLI-5414,4.80,0.0292
v1|407058111465|0,THE BEACH BOYS - Keepin' The Summer Alive 1980 LP Vinyl Record Album   VG / VG,5.00,0.0292
v1|236923835585|0,Honey In The Horn Al Hirt He's The King Featuring JAVA 1964,10.00,0.0292
v1|158063487906|0,33 LP RPM Vinyl Record Ice Cream Castle 1-25109 THE TIME Warner Bros #1-25109 ,8.00,0.0292
v1|198485123428|0,"REM Single ActionGreen Box Set 4 Vinyl 7"" Singles w/ Pic Sleeves  Poster Sticker",44.95,0.0292
v1|198485123428|0,"REM Single ActionGreen Box Set 4 Vinyl 7"" Singles w/ Pic Sleeves  Poster Sticker",44.95,0.0292
v1|318567508110|0,Beethoven Solti Mofi Symphony No. 9 Op.125 Solti Chicago MFSL 2-516 2xLP 33 RPM,25.00,0.0291
v1|147422817762|0,Famous Original Hits by 25 Great Country Music Artists - Vinyl Vintage ,5.00,0.0291
v1|800304666097|0,"Ricky Nelson Lonesome Town / I Got a Feeling 7"" 45 Imperial X5545",6.00,0.0291
v1|298493872718|0,"U2 Pride (IN The Name Of Love) 12"" Maxi Single Vinyl MINT",6.00,0.0291
v1|206400848488|0,"Elvis Presley Boulevard, Memphis, Tennessee LP Vinyl 12"" RCA Records APL1-1506",10.00,0.0291
v1|318550781886|0,"Frank Cordell ~ Demon (From The Original Motion Picture Soundtrack) UK Vinyl 7""",8.99,0.0291
v1|188614640103|0,Linda Ronstadt Mad Love Vinyl LP Asylum RCA Music Service Edition Good Sound,1.60,0.0291
v1|318558861019|0,1977 Simple Dreams By Linda Ronstadt Asylum Records 12-Inch Vinyl Record,15.00,0.0291
v1|267720689546|0,hi-tones rock 'n roll blues haven 107 g+ bill bennett murano,19.99,0.0291
v1|188614188165|0,"OPENED- VIRGIN RECORDS- LEON RUSSELL ""Anything Can Happen"" 7-INCH 45RPM SINGLE",6.50,0.0291
v1|407056660125|0,Reader's Digest Two Hearts in 3/4 Time Box Set (1969),5.00,0.0290
v1|198475821002|0,"Der Kommissar by Falco 7"" 45 RPM GIG Records 1982",3.20,0.0290
v1|267720775171|0,LED Zeppelin in Through the Out Door Swan Song Album,9.99,0.0290
v1|800305066134|0,5 used vinyls by The Lettermen - great condition 'I have dreamed' 'Hurt so bad',20.00,0.0290
v1|287447113949|0,Cheech & Chong ‘s Up In Smoke Record LP Vinyl Warner Bros. BSK3249 Made In USA,16.00,0.0290
v1|168515575381|0,"Righteous Brothers-Ebb Tide-45 RPM- 7""-single-soul-vinyl-record-Philles 130-EX-",5.49,0.0290
v1|257611068165|0,THE BUCKINGHAMS  - THE BUCKINGHAMS GREATEST HITS-   NMINT IN SHRINK WRAP -,15.99,0.0290
v1|147423098954|0,Jimi Hendrix Vinyl,8.00,0.0289
v1|398150786575|0,Victor Band 78. Pop Goes The Weasel & Norwegian Mountain March.1927 Victor 20151,9.00,0.0289
v1|318556418972|0,Lot Children's LP-Peter Cottontail/Let's Pretend/Aladdin/Benj/Mary Poppins,9.99,0.0289
v1|298488178475|0,Ben E King. Music Trance 12”. Vinyl,15.00,0.0289
v1|178291794728|0,"Supertramp - ""Brother Where You Bound"" - LP",7.00,0.0289
v1|358768479541|0,B.B. King Live Vinyl Album VG+,25.00,0.0289
v1|198482960645|0,"NINE 1949 Picture Disc 7"" Children's Christmas Records",9.99,0.0289
v1|227422422507|0,Magical Mystery Tour Including 25page Full Color Picture Book ,12.01,0.0288
v1|147424506395|0,Iron Butterfly In-A-Gadda-Da-Vida Stereo Vinyl Lp SD 33-250 EX/NM,69.00,0.0288
v1|287447114918|0,This Is The Moody Blues USA  Only 1 Record 1974 THRESHOLD No Sleeve,5.00,0.0288
v1|168514193550|0,tom rush vinyl album-columbia1970 w/driving wheel-vinyl ex ,2.99,0.0288
v1|127962759908|0,the chipmunks 33 rpm record lets all sing/very good,3.22,0.0288
v1|206401269560|0,Decca Walter Huston Rip Van Winkle Specialty Series Record DA 40003,10.00,0.0288
v1|127962722226|0,opus 33 rpm record lp up and down/very good,5.65,0.0288
v1|278154296624|0,I Can Hear It Now Edward R Murrow 1933-45 Actual Voices Columbia Set MM-800 1948,9.00,0.0287
v1|206401270703|0,George Carlin -Occupation Foole - Vinyl Record Comedy 12” 33 RPM - VG+,5.99,0.0287
v1|298489193741|0,"Roberta Flack First Take Vinyl LP 1969 12"" Record",24.95,0.0287
v1|398151108426|0,"The Beatles ""Rock N Roll Music "" 2Lp Album 33RPM Vinyl ",30.00,0.0287
v1|137493090284|0,"Robert Gordon ""Are you Gonna be the One"" 1981 Vintage Vinyl ",10.00,0.0287
v1|336676762880|0,"David Sanborn, As We Speak Record VG++/NRMT, Warner Bros.",7.00,0.0287
v1|287445420007|0,Black Oak Arkansas High on the Hog vinyl Record album L.P Jim Dandy Atco 7035,15.00,0.0287
v1|198483676499|0,Oscar Peterson Trio with Milt Jackson Very Tall LP Verve - Klabin Collection,18.48,0.0287
v1|307042942425|0,Marvin Gaye 45RPM “Sexual Healing” 1982 1980s Motown Soul 7” Vinyl,2.95,0.0287
v1|236917305674|0,"Nat King Cole,Buddy Rich (Anatomy of a Jam Sessio) LP 1971 Made in England",0.99,0.0287
v1|366529062343|0,Yes Vinyl LP,9.00,0.0287
v1|117291634127|0,Vintage Records LPs Lot Of 16!,0.99,0.0286
v1|407058093237|0,Opus De Jazz - for Flute Vibes piano bass drums 1955 Savoy MG-12036 Record Album,5.00,0.0286
v1|127963144337|0,"GENE PITNEY True Love Never Runs Smooth 45 7"" POP ROCK Record Vinyl Records 1963",0.99,0.0286
v1|327251580594|0,1983 RCA The Kids From Fame Live,3.00,0.0286
v1|158066481717|0,GREAT AUSTRAILIAN FILMS -  MUSIC SOUNDTRACK - LP SNTK #1,4.00,0.0286
v1|287447413609|0,"Vinyl Record Elvis Presley ""You'll Never Walk Alone""",7.98,0.0286
v1|198475779829|0,"THE CONTOURS- DO YOU LOVE ME- 1966 SOUL 7"" SINGLE 45 RPM, GORDY G-7005",3.42,0.0286
v1|168521121386|0,Record LP Introducing The Beatles Englands No. 1 Vocal Group Vee Jay LP 1062,20.00,0.0286
v1|158066321745|0,Jimi Hendrix Experience Smash Hits LP Reprise MS 2025 Stereo Rock Classic,19.00,0.0286
v1|168522400804|0,Snooky Lanson - “You You You” / “Crying in the Chapel”  1954 VG,2.65,0.0286
v1|227421446058|0,Tom Jones Live In Las Vegas Vinyl Lp Pre-owned,19.00,0.0285
v1|158064662468|0,HERB ALPERT - LP (HA-20),7.00,0.0285
v1|168522400953|0,Billy Crash Craddock - Knock Three Times / The Best I Ever Had  1971  VG,2.65,0.0285
v1|358769146758|0,Jefferson Starship Earth Vinyl Record Album LP 1978,9.00,0.0285
v1|377328731164|0,"Peter And The Wolf  Michael Flanders, S 60172 Made In England",7.99,0.0285
v1|267720619296|0,Johnny Winter:  Self-Titled ~ Columbia Records CS 9826 1969 Record Only,1.89,0.0285
v1|227422555082|0,"Parallel Lines by BLONDIE (Record, 2016) Pre-Loved VG++",22.49,0.0285
v1|358756936975|0,THE GUESS WHO-SHAKIN ALL OVER. 2 lps. sundazed,55.00,0.0284
v1|307047664287|0,"Aerosmith Dream On / Somebody Columbia 7"" Black Vinyl 45 RPM Stereo 3-10278",6.99,0.0284
v1|206401468007|0,The Supremes I Hear A Symphony Vinyl Record LP Tamala Motown  Vinyl Lp Record ,4.99,0.0284
v1|158070579076|0,"The Gap Band Early in the Morning 12"" single vinyl record",3.00,0.0284
v1|206402688186|0,"Elvis Presley Loving You Victor Stereo 12"" Vinyl LP 1957 LSP-1515 UNOPENED ",7.82,0.0284
v1|318556421051|0,The Gaylords- Isle of Capri / Love I You 45rpm record,9.99,0.0284
v1|318556264745|0,Motown Assorted 45s,18.00,0.0284
v1|358769583351|0,"DON MCCUNE Alaska's Flag /FIELD RECORDING Kotzebue Dances MCCARDEL Private 7"" 45",20.00,0.0284
v1|158063837656|0,“April In Portugal”Freddy Martin 45,3.95,0.0284
v1|178293876990|0,"Frankie Valli – Our Day Will Come - 1975 - Private Stock PS 45,043 7"" Single VG",2.42,0.0284
v1|127963751326|0,ROD STEWART Vintage 1970’s Vinyl Lot + Vintage Promo Ads + Articles + Poster +,7.95,0.0284
v1|158064388929|0,THE CHIEFTAINS 9 Boil The Breakfast Early COLUMBIA PC-36401 (1980) LP,8.00,0.0284
v1|158070500342|0,"Thelma Houston If You Feel It and Hollywood 12"" single vinyl record",3.00,0.0284
v1|366523007589|0,The Lettermen For Christmas This Year LP Vinyl Record Album,2.50,0.0284
v1|287445848243|0,"Unforgettable Fifties 4X LP, RCA Special Products",11.95,0.0284
v1|398153314808|0,"Elvis' Golden Records by Presley, Elvis ",15.00,0.0283
v1|407056600420|0,"Marty Robbins - Everything I've Always Wanted (LP, 1981, Columbia) ",2.36,0.0283
v1|168521692681|0,Carpenters Horizon LP Vinyl Album Record Untested ,10.99,0.0283
v1|800306005526|0,Angel Records PETER USTINOV album PROKOFIEV PETER & THE WOLF super clean LP ex+,5.00,0.0283
v1|298487568964|0,THE BEATLES  Hey Jude / Rev Get Back/do - Original 45 RPM Von APPLE label -  VG,18.00,0.0283
v1|127958512029|0,"Elvis Presley:12""LP Elvis Live 1961 Press Conference Memphis,TN 1971 Vinyl NM",15.95,0.0283
v1|158066465576|0,SOUNDTRACK -  5 CORNERS - LP  SNTK #11,9.00,0.0283
v1|307043109430|0,"Gary Lewis & The Playboys Lot of 3 Albums,See Pictures,Vinyls Visually rated A30",7.00,0.0282
v1|307047935224|0,"Danny & The Juniors – At The Hop / Rock And Roll Is Here To Stay  7"" Single",3.00,0.0282
v1|336678043902|0,"Bryan Adams Somebody / Long Gone 7"" 45 RPM Black Vinyl A&M AM-2701",2.04,0.0282
v1|168522400943|0,Diana Ross & The Supremes Forever Came Today 1968 Motown M-1122,2.70,0.0282
v1|407056509552|0,Reader's Digest Legendary Performers Collector's Edition Vinyl Box Set 1986,10.00,0.0282
v1|278165857913|0,JUDY GARLAND At Carnegie Hall 1961 Capitol w/Inners - CLEAN - HIGH FIDELITY,35.00,0.0281
v1|358769598076|0,1981 Haskell Watson Houston Texas Country Earth Records 45rpm Stone Cold Lonely,25.00,0.0281
v1|267722698470|0,9 70s Folk Rock Vinyl LP Lot: James Taylor John Denver Cat Stevens Bread VG,1.25,0.0281
v1|278156401706|0,TONY WILSON - WALKING THE HIGHWIRE CYPRESS LP SHRINK,9.99,0.0281
v1|267720640794|0,Lawrence Welk ‎– Lawrence Welk's Hits Of Our Time:  Dot # DLP 25790 - 1967:  VG+,2.12,0.0281
v1|257610801140|0,Elvis Presley Self Titled EPA-992,20.00,0.0281
v1|158064718391|0,"BEATLES ""GET BACK""w/LET IT BE COVER-APPLE 1969 GOLD VINYL 45 RECORD PAINTED GOLD",7.99,0.0281
v1|366529020150|0,"Billy Ward 45 ""Home Is Where You Hang Your Heart / St Therese Of The Roses"" AU2",0.99,0.0281
v1|137492270478|0,Jackson Browne Running On Empty Vinyl LP 1977 Asylum,10.00,0.0281
v1|257610838678|0,K-DOE(ERNIE K-DOE) THERE'S A WILL THERE'S A WAY/MAKE YOU LOVE ME MINIT,9.99,0.0281
v1|366528986924|0,Pat Boone White Christmas LP Vinyl Record Album,6.99,0.0281
v1|327252192736|0,"The Diamonds 45 ""The Stroll / Land Of Beauty"" AU2",0.99,0.0281
v1|800317322064|0,Don Williams Vinyl Lot ,22.00,0.0281
v1|800317322064|0,Don Williams Vinyl Lot ,22.00,0.0281
v1|377326078524|0,HOUR OF CHARM ALL GIRL Blue Skies / Rhapsody VOGUE 1947 Jazz 78 RPM VINYL USED,5.00,0.0281
v1|147424841539|0,"Morning Symphony Ideas by Hendrix, Jimi (Record, 2016)",10.00,0.0280
v1|336677285659|0,Sonora 2024-A/2024-B Ted Streater I Wonder / Stella By Starlight,1.00,0.0280
v1|236918281420|0,"GLENN MARTIN - If She Keeps Loving Me/You Ain't Missed A Thing, 45 EX, 1973",3.49,0.0280
v1|236924893095|0,You Made A Boo Boo & Messin' Around Jimmy Binkley D. J. Copy Promo 1956,19.95,0.0280
v1|257611351094|0,The Classmates – Break Down And Love Me / Two Straws In The Wind   on  DOT  1956,8.95,0.0280
v1|127962315656|0,"The Four Preps Big Man / 26 Miles (Santa Catalina) Capitol 7"" Vinyl 45 RPM 6030",0.60,0.0280
v1|158064493230|0,Jojo Rabbit Original Motion Picture Soundtrack with Bonus Lithograph,12.99,0.0280
v1|127963146185|0,"Barbra Streisand Wet Columbia LP Vinyl Pop 12"" 33 RPM Stereo 1979 FC 36258",5.00,0.0279
v1|336676730162|0,"Oscar Peterson, Exclusively For My Friends DBL Record NRMT, BASH Records",10.00,0.0279
v1|137493090138|0,Robert Gordon w/ Link Wray Fresh Fish Special Vinyl LP 1978 PS 7008,10.00,0.0279
v1|198483676487|0,Don Randi Trio Feelin Like Blues LP World Pacific - Klabin collection,12.00,0.0279
v1|178292143145|0,WW2  D-Day Plus 20 1944-1964 Limited Edition Vinyl LP Booklet,12.99,0.0279
v1|168521711371|0,Elton John ~ GOODBYE YELLOW BRICK ROAD ~ 1973 Vinyl Record Album MCA2-6894,15.30,0.0279
v1|127962394120|0,"Rusty Draper The Magic Circle / Muskrat Ramble Mercury 7"" Black Vinyl 45",2.33,0.0279
v1|358768762051|0,Frank West Flutes And Reeds Vinyl Album G,30.00,0.0279
v1|178281812868|0,"Johnny Mathis - Open Fire, Two Guitars (Vinyl, 1959)",0.99,0.0279
v1|227421407331|0,"ALABAMA ""MY HOMES IN ALABAMA "" Vinyl LP Record RCA  AHL1-3644",4.99,0.0279
v1|398153185835|0,"Golden Records Vol. 3 by Presley, Elvis ",10.00,0.0278
v1|336676950227|0,More Greatest Hits of The Monkees Vinyl LP Record Album 1982 Arista ALB6-8334,10.00,0.0278
v1|358767895751|0,JERRY STILLER & ANNE MEARA: LAUGH WHEN YOU LIKE - 1972 ATLANTIC COMEDY LP - HEAR,13.99,0.0278
v1|318555464516|0,Niall Horan Spotify Exclusive Tri Color LP,29.99,0.0278
v1|358769147489|0,Rose Royce - Strikes Again - Vinyl LP ,8.00,0.0278
v1|336678395020|0,1956 Frank Virtuoso 45 on Tone Craft 207 Roll’in An’ A‘ Rockin’,5.23,0.0278
v1|236925015423|0,The Story of Great Music from the Renaissance Time Life Record 4-LP set,15.00,0.0278
v1|147427879999|0,Emmylou Harris Blue Kentucky Girl 1979 NM/NM- Lyric Sleeve Warner Bros BSK-3318,6.99,0.0278
v1|257610702367|0,Vanilla Fudge LP 1969 Rock & Roll Stereo ATCO,12.00,0.0278
v1|800304199731|0,"George London Of Gods and Demons Columbia Masterworks ML 4658 12"" 33RPM LP",5.00,0.0278
v1|278163472752|0,The Philadelphia Orchestra Tchaikovsky The Sleeping Beauty vinyl  LP,3.79,0.0277
v1|307042841890|0,"Red Simpson “The Man Behind The Badge” Stereo Vinyl = VG 12"" LP Record Country",6.00,0.0277
v1|158066467766|0,THE WAY WE WERE-  SOUNDTRACK -  LP SNTK #1,6.00,0.0277
v1|257616242684|0,The Who Vinyl LP Lot of 2 -Odds & Sods / By Numbers -TML Mastering Lab Stamps VG,20.00,0.0277
v1|158065119973|0,"Civil Wars : Live at Eddie's Attic by The Civil Wars (Record, 2014)",170.00,0.0277
v1|257611070294|0,PROCAL HARUM - IN CONCERT WITH THE EDMONTON SYMPHONY ORCHESTRA -NM-,12.99,0.0277
v1|327252075455|0,Vintage Record Lot,349.95,0.0277
v1|278170810505|0,CLASSIC ROCK Pop -7” Lot Of 8 Monkees Bee Gees Dobie Gray Turtles vinyl 60's 70s,7.99,0.0277
v1|158070419538|0,"Elton John and Millie Jackson Act of War 12"" single vinyl record",3.00,0.0277
v1|188614173737|0,"OPENED- CLASSIC RECORDS- THE BEACH BOYS ""All Summer Long"" AUDIOPHILE VINYL LP",31.12,0.0277
v1|178292412306|0,"Lady Gaga MAYHEM 180g Heavy Weight Vinyl with Exclusive Cover, Poster…",35.00,0.0277
v1|158070751251|0,"The Flirts Miss You 12"" single vinyl record",3.00,0.0277
v1|278163181431|0,Rolling Stones Tattoo You 1981 US LP COC 16052 SP Specialty Good VG,14.99,0.0277
v1|358755567372|0,THE WHISPERS - WHAT MORE CAN A GIRL ASK FOR? JANUS 45,6.00,0.0277
v1|336677096388|0,LP EL NENE Y SUS TRAVIESOS “DE NUEVO”FONOSON LBL MINT-,19.95,0.0277
v1|137492270944|0,The Morning Stars Of Savannah - Mama's Old Dress - Vinyl LP 1980,19.12,0.0277
v1|158071875163|0,Jethro Tull vinyl lot,20.00,0.0277
v1|158064007975|0,VENTURES A Summer Place / A Summer Love LIBERTY 56115 (1969) PROMO 45rpm,6.00,0.0277
v1|800303966705|0,"Used 1964 Christmas Greetings From Jerry Vale LP 12"" Vinyl Record/Silent Night",10.00,0.0276
v1|278164400683|0,"Julian Bream & John Williams, “Live”, 1979 RCA Red Seal -2 lp Set",4.20,0.0276
v1|366528086346|0,Lot of 4 - Vintage Original Soundtrack Vinyl Recordings from Film & Theatre,22.00,0.0276
v1|358755567605|0,THE BEATLES - LOVE ME DO  P.S. I LOVE YOU TOLLIE RARE BLACK LABEL 45,30.00,0.0276
v1|158066465380|0,SOUNDTRACK EAST EDEN- LP SNTK #2,4.00,0.0276
v1|287445226674|0,Lynyrd Skynyrd Gold And Platinum,9.25,0.0275
v1|358756739803|0,Scheherazade – Ernest Ansermet / Paris Conservatory Orchestra,4.99,0.0275
v1|137483406148|0,The Beatles – Abbey Road LP Capitol SO-383 Orange Label Winchester ◁ NM/VG,39.99,0.0275
v1|366529182456|0,"The Philadelphia Orchestra - Gaîté Parisienne - Les Sylphides Vinyl, LP 1955",5.00,0.0275
v1|158064016124|0,WALTZING And MANTOVANI  and his orchestra,0.99,0.0275
v1|358771061588|0,WWF Wrestling Album I & II 2-LP  Lot (1985–Sealed and 1987–Gold Stamp Promo),125.00,0.0275
v1|168522401262|0,The Supremes Motown 1068 Come See About Me/ Always In My Heart Motown 1964,2.65,0.0275
v1|307048604698|0,VARIOUS ARTIST-GENUINE HOUSEROCKIN' MUSIC-1986 ALLIGATOR RECORDS AL101 NM,14.00,0.0275
v1|336676910232|0,"THE CHARLIE DANIELS BAND 7"" 45 THE DEVIL WENT DOWN TO GEORGIA / RAINBOW RIDE",1.00,0.0275
v1|327252099083|0,The Horrible Crowes Elise 10 Year Anniversary Yellow Viny Edition Out Of Print,45.00,0.0275
v1|158071050091|0,"Pointer Sisters Goldmine and Sexual Power 12"" single vinyl record",3.00,0.0275
v1|127962649022|0,HEAR! SURF INSTRUMENTAL  -EMIL SPAK w/Encores -Hold Up/Stuck Up -WGW 3004- VG+,9.00,0.0275
v1|188612811657|0,Lidiya Ruslanova Russian LP Made In USA Solo S-503 Лидия Русланова,20.00,0.0275
v1|168522681222|0,"10cc-Good Morning Judge(PROMO)-45 RPM-7""-single-rock-vinyl-record-Mercury DJ-50T",2.99,0.0275
v1|336678364933|0,"Tomita The Planets LP Vinyl RCA Red Seal ARL1-1919 12"" Classical",2.99,0.0275
v1|158066465330|0,SOUNDTRACK EXODUS-a- LP SNTK #2,4.00,0.0275
v1|168521564329|0,50 Great Country Stars / 30 Years Of Golden Hits 5 Vinyl LP Box Set EX Tested,2.00,0.0274
v1|377325848040|0,Carpathian Folk Choir Orchestra Album Used,6.40,0.0274
v1|327247188906|0,"Jimmy Dickens  45  ""Bird Of Paradise Fly Up Your Nose""  ©1965  ♪  Good Condition",2.99,0.0274
v1|307042924950|0,"ECMEA”The 25th Annual All-County Elementary Music Festival”Vinyl=VG+ 12""LPRecord",3.75,0.0274
v1|287445340782|0,Christmas Serenade In The Glenn Miller Style LE 10355,10.00,0.0274
v1|227420368849|0,The Rolling Stones Gimme Shelter Live Blues Rock LP on Decca,7.00,0.0274
v1|800288975402|0,Tenacious D ‎– You Never Give Me Your Money / The End 7” Record 45 Jack Black,3.31,0.0274
v1|127962596208|0,Comedy Lp Smothers Brothers Golden Hits Of The; Vol. 2 On Mercury,0.99,0.0274
v1|377326536951|0,Get Yourself A College Girl LP Soundtrack￼,10.00,0.0273
v1|127963271745|0,Jukebox 45 & Title Strip Emmylou Harris Tennessee Rose Cleaned Tested,2.49,0.0273
v1|358755572185|0,THE MARVELETTES - TAMLA 2 45 LOT AS LONG AS I KNOW HE'S MINE  YOU'RE THE ONE,6.00,0.0273
v1|358758630753|0,AL JARREAU - L IS FOR LOVER WARNER BROS LP SHRINK,8.00,0.0273
v1|377326696338|0,"10 CT  QUADRAPHONIC LP LOT w CHICAGO, DAVE MASON, CHASE, SWAN LAKE, OJAYS",31.00,0.0273
v1|168521698250|0,Oscar Peterson & Count Basie Satch and Josh vinyl record LP Pablo 33 RPM VG+,38.00,0.0273
v1|188614792032|0,"STRAVINSKY The Firebird, Robert Shaw ATlanta Symphony Orchestra - TELARC DIGITAL",9.95,0.0273
v1|147422814253|0,Best Of The Big Band Sound LP Vinyl Record Artie Shaw Benny Goodman Harry James,0.99,0.0273
v1|168521162494|0,"VICTOR 18787 Paul Whiteman And His Orchestra ""You're the Sweetest girl"" Excellen",8.00,0.0273
v1|407056232508|0,"John Denver Rocky Mountain Christmas RCA Victor 12"" 33 RPM Stereo Black Vinyl",9.00,0.0273
v1|287447114007|0,South Pacific Vinyl Album Martin Pinza,6.00,0.0272
v1|407057226409|0,"The Beatles Sgt. Pepper's Lonely Hearts Club Band LP 12"" 33RPM Parlophone",15.00,0.0272
v1|178291762831|0,FRANK ZAPPA - Zappa & Mothers - Roxy & Elsewhere 1974 2 Vinyl Lp's Ex+,7.95,0.0272
v1|336677346095|0,"JOHNNY RICHARDS: my fair lady, my way ROULETTE 12"" LP 33 RPM",3.00,0.0272
v1|278162925942|0,Rolling Stones Sucking In The Seventies LP 1981 Monarch COC 16028 NM OIS,14.99,0.0272
v1|307048649423|0,"12"" Single - Morris Day & The Time - THE BIRD - - PRO-A-2242  Warner Bros 1984",30.00,0.0272
v1|377326927559|0,"Feast: Exhumed by Wurm (Record, 2018)",14.00,0.0272
v1|318512112082|0,"Unknown Artist – Theme From The Motion Picture The Good, The Bad & The Ugly US",4.99,0.0272
v1|287447113950|0,"Helen Reddy Long Hard Climb (1973, LP Record Album Vinyl) - Good Condition",5.00,0.0272
v1|127962600508|0,Doctor Zhivago Vinyl Record Album Movie Sound Track 1965 Soundtrack S1E-6ST ,1.99,0.0272
v1|158066465384|0,SOHISTICATED LADIES  ORIGINAL BROADWAY CAST  -LP SNTK #4 DUKE ELLINGTON,9.99,0.0271
v1|127961773753|0,"VIVABEAT - MAN FROM CHINA. MINT 45rpm SINGLE. U.K., 1979. LIKE BRAND NEW.",10.99,0.0271
v1|127966287689|0,"45 rpm - ABC AB-12402 Promo Stereo, Roy Clark, Shoulder to Shoulder",2.95,0.0271
v1|318556193599|0,The Doors - The Doors - Elektra Gold Label White E Logo - Details In Description,50.00,0.0271
v1|358756411499|0,Puccini-Tosca-Quadri/Vienna State Orch-Westminster 2 LP Box Set with Booklet,5.00,0.0271
v1|158055515241|0,Gems from The Desert Song RCA Victor musical smart set 4 Vinyl records 45's,6.50,0.0271
v1|257610700187|0,Johnny Cash and the Tennessee Two-Original Golden Hits II Sun International,22.00,0.0271
v1|227421291472|0,"VON DYMON Free Time THUNDER Heavy Metal Columbus 7"" 45 RPM VG+ RECORD Vinyl USED",41.33,0.0271
v1|307047790033|0,Wednesday - Last Kiss / Without You - 45rpm Vinyl Record,5.99,0.0271
v1|137493703605|0,"LLOYD PRICE 45 - ""You Need Love"" / ""STAGGER LEE"" - R&B & ROCK HISTORY-MAJOR HIT",2.99,0.0270
v1|377326076829|0,Harry Belafonte LP The Midnight Special ORIG w/ Bob Dylan,6.00,0.0270
v1|327251804137|0,"45 RPM Low ""Stay"" Shearwater ""Novacane"" Sub Pop Records 2013",5.00,0.0270
v1|206400852567|0,"Elvis Presley Elvis' Christmas Album RCA Victor LPM-1951 12"" Vinyl LP",5.00,0.0270
v1|407055840741|0,JOHN LENNON* LENNON LEGEND* LP,59.99,0.0270
v1|267720773114|0,Rockabye Baby Vinyl Lot- Jay Z and Fleetwood Mac,37.99,0.0270
v1|327252105824|0,"Tom T. Hall LP ""Greatest Hits Volume 2"" EX VG++ BX10",3.00,0.0270
v1|287446253064|0,earth wind fire all n all vinyl,9.25,0.0270
v1|198484778028|0,"Vtg The Columbia Album of George Gershwin Vol. I, by Percy Faith Orch. LP  -LP1",6.00,0.0270
v1|198483143217|0,"Vtg The Columbia Album of George Gershwin Vol. I, by Percy Faith Orch. LP  -LP1",5.00,0.0270
v1|236927418114|0,"1930 Duke Ellington 78RPM  ""THREE LITTLE WORDS""/""RING DEM BELLS"" PLAY TESTED",8.09,0.0269
v1|287445164998|0,Supertramp-Live in Paris – 1980 A&M Records – SP 6702 – Vinyl Record 2 LP,9.25,0.0269
v1|137494071941|0,RHYTHM & BLUES 45 RPM  RECORD CHICKEN AND THE BOP LLOYD PRICE KRC LABEL  ,5.50,0.0269
v1|336672116850|0,"SAUTER-FINEGAN ORCH. LP- "" MEMORIES OF GOODMAN & MILLER "" 1958 RCA-VICTOR RECORD",3.50,0.0269
v1|227422354765|0,NON-MUSIC - POLITICAL LP's:  Lot of two (2) John F. Kennedy & Kenneth McFarland,9.47,0.0269
v1|307048978769|0,The Marshall Tucker Band – Together Forever LP Record 1978 Capricorn Southern,5.99,0.0268
v1|267720385566|0,Elvis Presley - RCA Victor LP - Spinout - APL1-2560,4.99,0.0268
v1|117289916790|0,Glenn Miller Pure Gold RCA  AN1-0974,12.00,0.0268
v1|318558249592|0,Roger Whittaker - Imagine (AQL1-3077) LP 1978 RCA Vinyl Album,0.99,0.0268
v1|127963143889|0,"Rick Wakeman Myths & Legends of King Arthur A&M LP Vinyl 12"" 33RPM 1975 SP-4511",7.00,0.0268
v1|168520861761|0,"Capitol Bobbie Gentry & Glen Campbell LP Vinyl Country Stereo 12"" ST-2928",2.00,0.0268
v1|206401062868|0,Lot Of 4 Vinyl Records - Comedy.  Includes 4 Pictured Albums - All VG Or Better,9.99,0.0268
v1|287445118007|0,Ricky Skaggs Live in London 1985 Vinyl LP  Warner Brothers,6.00,0.0268
v1|188610637021|0,Haunting 50s Bluegrass 45 BILL MONROE Cheyenne / Roanoke DECCA promo hear it,6.00,0.0267
v1|137492360980|0,"Long Run by Eagles (Record, 1979)",10.00,0.0267
v1|358756829956|0,The Best of Blossom - Lorin Maazel / Cleveland Orchestra - Gatefold - 2 LPs,7.02,0.0267
v1|358756861916|0,Prokofiev  -  Great Men Of Music  -  TimeLife 4 LP Box Set with Booklet,7.03,0.0267
v1|117290319850|0,"Highlights From Handel's Messiah (Vinyl, 1966) Columbia Masterworks MS 6928 exc.",3.00,0.0267
v1|137493355120|0,1967 Ray Conniff and the Singers “This Is My Song” Vinyl LP Album CS 9476,1.99,0.0267
v1|327247189378|0,"FireFall 45 ""Cinderella"" ©1976 Rock Song +Bio 🎸 Good Condition",2.99,0.0267
v1|298488774514|0,Orginal Motion Picture Score LP Album-ROCKY,4.99,0.0266
v1|336678522985|0,LP ORQUESTA AMERICA DE FIESTA CON LOS GUARACHA CUMBIA ECUADOR ONIX EX,19.99,0.0266
v1|287445941145|0,"Charley Pride Country Girl LP Vinyl RCA Country 12"" Stereo Album",10.00,0.0266
v1|398151830261|0,KRAYZIE BONE Bone thugs N Harmony Single Vinyl LP,15.00,0.0266
v1|800305906466|0,THE ROLLING STONES Dbl LP Hot Rocks 1964_1971   London  vinyl,11.50,0.0266
v1|227421291526|0,DON BYAS They Say It's Wonderful / Cynthia's SAVOY 1950 Jazz 78 RPM SHELLAC USED,5.00,0.0266
v1|158066465416|0,SOUNDTRACK - CHILDREN OF A LESSER GOD- LP SNTK #2,7.00,0.0266
v1|298478930449|0,Vintage Rusty Warren SIN-Sational Jubilee Records JGM 2034 -1961 Vinyl LP Record,14.97,0.0266
v1|287446043414|0,BEACH BOYS~ LITTLE SAINT NICK THE LORD'S PRAYER CAPITOL ~ POP 45 vinyl record,8.00,0.0266
v1|336679392212|0,"16x 12"" LP Record Lot Mixed Grade G+ to VG+ Various Artists & Themes",12.00,0.0266
v1|800305236227|0,The Alarm Knife Edge 12in 45rpm,4.99,0.0266
v1|257611030613|0,The Beatles EP Collection UK,439.99,0.0266
v1|298488946358|0,"THE LETTERMEN, "" THE CHRISTMAS THIS YEAR"" , 12"" CAPITOL RECORD, REISSUE, JAZZ ,",0.99,0.0265
v1|358768740679|0,DJ Rafy Melendez – Echale Semilla A La Maraca VINYL Single HOUSE MUSIC,9.50,0.0265
v1|236918304524|0,"THE ISLEY BROTHERS - Twist And Shout/The Larks - The Jerk, 45 NM, 1984",4.99,0.0265
v1|117285007305|0,Paul Revere & The Raiders Columbia Records GP 12 2 LPs (1969),15.99,0.0265
v1|287447465737|0,PROMO 45 RPM Single---- SANTANA:   STORMY (STEREO & MONO),7.00,0.0265
v1|358767970976|0,Evie - A Little Song Of Joy For My Little Friends Vinyl  1978 Word #WSB-8769 VG+,1.00,0.0265
v1|147424506639|0,The Dave Clark Five Satisfied Withh You Vinyl LP EX/NM Promotional  Copy,36.00,0.0265
v1|137493090258|0,The Rascals Rock And Roll Treasures 1985 LP Vinyl Record Album 2 LPs,15.00,0.0265
v1|398151662475|0,Sammy Kaye Sunday Serenade LP Vinyl Columbia CL 6155 Big Band Swing 1951 Edition,4.50,0.0265
v1|168522685560|0,"Styx-Don't Let It End/Rockin' The Paradis-45 RPM-7""-single-rock-A&M 2543-1983-NM",3.99,0.0265
v1|307042887515|0,"Emmylou Harris”Quarter Moon In  A Ten Cent Town” Vinyl=VG+ 12"" LP Record Country",3.00,0.0264
v1|358756410953|0,Verdi-I Vespri Siciliani-Levine/Arroyo/Domingo-RCA 4 LP Box Set with Booklet,5.00,0.0264
v1|168522401113|0,Original Country Hits (2 record set)  VG,2.70,0.0264
v1|127962342724|0,"Spirit Cadillac Cowboys Epic 7"" Black Vinyl 45 RPM Promo Radio Copy 5-10849",24.80,0.0264
v1|407055963166|0,"The Doobie Brothers The Captain and Me Warner Bros 1973 Vinyl LP 12"" 33 RPM",2.03,0.0263
v1|358769448494|0,Neil Young After The Gold Rush Lp Vinyl Record 1970 Vg+ Album,11.99,0.0263
v1|227421281555|0,LIBERTAD LAMARQUE Los Grandes Exitos De RCA 1985 VG+ VINYL LP Record USED,5.00,0.0263
v1|307048836333|0,Aretha Franklin 45RPM “Respect/Youre All I Need To Get By” 1967 60s Soul 7” RE,3.00,0.0263
v1|407056072522|0,Pearl Bailey Sings The One & Only Vinyl LP,1.50,0.0263
v1|188614528955|0,Hank Williams Jr. Your Cheatin' Heart Soundtrack-1964 MGM E-4260 Vinyl LP Mono,3.54,0.0263
v1|267722784026|0,33 Album Lot - 70s Rock - Pink Lynyrd Hendrix Bad Co Janis Humble Foghat - LOOK,60.00,0.0263
v1|127964110129|0,Lot of 9 Vinyl Album Covers (Covers Only) - 1 Signed By Remember Jones,1.40,0.0263
v1|158064922341|0,2 Waterlillies – Never Get Enough remix VERSION / Tired of you and remix version,10.99,0.0263
v1|307048689721|0,BRUCE SPRINGSTEEN-DANCING IN THE DARK-1984 COLUMBIA RECORDS 38-04463,6.25,0.0263
v1|158055486347|0,BLUES 78: JUNIOR  WELLS Somebody Hoodooed The Hoodoo Man/Junior's Wail *HEAR*,24.99,0.0262
v1|117289564325|0,"Rita Coolidge - The Lady's Not For Sale - SP 4370, Country, Vinyl Record Vintage",4.09,0.0262
v1|278163851057|0,"Eddie Money - Life For The Taking (LP, 1978, Columbia) JC 35598",6.99,0.0262
v1|168514468432|0,4 lp x Lefty Frizzell LOT- Country -The One And Only Lefty Frizzell LP Sad Song,5.99,0.0262
v1|398151899847|0,"ELTON JOHN, ""JUMP UP""",4.50,0.0262
v1|227421269790|0,Elton John - Greatest Hits - Original 1974 Vinyl LP,15.00,0.0262
v1|267720743024|0,The Jewel of the Nile Original Motion Picture Soundtrack Vinyl LP 1985,2.90,0.0262
v1|267720763107|0,POCO - INDIAN SUMMER - 1977 VINYL LP Record,3.99,0.0262
v1|358769478617|0,lp the geriatric six plus one   alive!  at michigan state university,6.00,0.0262
v1|158070465995|0,"Lene Lovich It's You, Only You 12"" single vinyl record",3.00,0.0262
v1|188622119929|0,"AC/DC Long Way To The Top (2) 10"" LP's Splatter Vinyl Various Live 1974-79",48.00,0.0262
v1|287445975373|0,"Emmylou Harris Cimarron LP Vinyl 12"" 33 RPM Warner Bros. Country Card Sleeve",10.00,0.0262
v1|137484195564|0,David Diggs Streetshadows lp Bob Carlisle + Bonus,7.99,0.0262
v1|287446085064|0,Wanda Jackson – A Little Bitty Tear / I Don't Wanta Go      on  CAPITOL     1962,8.95,0.0262
v1|287447247327|0,THE SPRINGFIELDS SILVER THREADS GOLDEN NEEDLES / DEAR HEARTS 45 RPM RECORD,2.50,0.0261
v1|168521447514|0,HARRY SIMEONE CHORALE-RARE PROMO PICTURE SLEEVE ONLY-(LITTLE DRUMMER BOY)--PS,49.99,0.0261
v1|307042754768|0,"Willie Nelson “ Stereo Vinyl = VG:VG+ 12"" LP Record Country",5.00,0.0261
v1|358758630757|0,LENNY WILLIAMS - CHANGING ROCSHIRE LP ,8.00,0.0261
v1|287447114911|0,"PETER, PAUL AND MARY Late Again LP WS1751 Warner Brothers Records",5.00,0.0261
v1|168522400883|0,Sylvia Syms-The World in My Corner/I Could Have Danced All Night 1956 EX,2.65,0.0261
v1|178298096009|0,"33 1/3 LP Record 'Excerpts from The Greatest Moments in Sports""",3.00,0.0261
v1|117290365359|0,Regal Good-Bye Shanghai! Regal Dance Orchestra 78 RPM Shellac 1921 #9192,10.00,0.0261
v1|236918288800|0,"JOHNNY PAYCHECK - Heartbreak Tennessee/Help Me Hank, I'm Fallin', 45 EX, 1972",3.99,0.0261
v1|336677126931|0,Rod Stewart 'A Night On the Town' 1976 LP  Warner Brothers IN SHRINK W/ OIS,8.00,0.0260
v1|236923835736|0,ELTON JOHN Greatest Hits 1974 Vinyl LP Promo  MCA 2128 Original /Matrix #MCA 586,50.00,0.0260
v1|178292711689|0,"Nashville LP Record, Mac Wiseman, I Still Write Your Name In The Sand, VG ",1.50,0.0260
v1|287447448788|0,Elvis Roustabout  Soundtrack RCA Victor LSP-2999 Vinyl LP 1964 -Excellent-,45.00,0.0260
v1|227422506349|0,"Mantovani Film Encores Vol. 2 LP 12"" 33 RPM Vinyl London Records LL 3117",7.00,0.0260
v1|358769276551|0,"VINYL: Hank WIlliams Jr- Eleven Roses, 24 of Hank Williams Greatest Hits (2LP)",12.50,0.0260
v1|117284967099|0,Peter Cetera LP Solitude / Solitaire 1986 Warner Bros 1-25474 vg+ w inner sleeve,9.99,0.0260
v1|377318770273|0,"PEGGI BLU - ALL THE WAY WITH YOU (BERT ROBINSON) CAPITOL 12"" PROMO BLUE VINYL",9.99,0.0260
v1|117284966561|0,Jeff Beck LP There And Back 1980 Epic FE 35684 vg+,9.99,0.0260
v1|178291452116|0,"Atlantic 45 RPM Record, Herbie Mann,Hijack,The Orient Express, VG ",1.00,0.0260
v1|398140060136|0,MITCHELL TRIO 45 rpm My Name is Morgan,3.99,0.0260
v1|117289709475|0,From The Original Soundtrack The Story Of Star Wars Vinyl Record,14.99,0.0259
v1|287445953631|0,"Country and Western from Nashville, Tennessee LP Vinyl Palace 12"" Black Sleeve",5.00,0.0259
v1|178299857467|0,The Rolling Stones-England's Newest Hit Makers,5.00,0.0259
v1|168522401029|0,Rodgers and Hammerstein - CAROUSEL SOUNDTRACK LP Capital W-694 VG,2.70,0.0259
v1|366528647563|0,"Crass Nagasaki Nightmare / Big A Little A 7"" Vinyl 45RPM Single 421984/5",20.00,0.0259
v1|227421534700|0,1981 Diana Ross 2 LP All The Greatest Hits Motown M13-960C2 Vinyl Soul Disco EX,4.95,0.0259
v1|198483513503|0,Sergei Rachmaninoff: Prelude In C Sharp Minor VICTOR 66016 Piano Solo,20.00,0.0259
v1|318565653098|0,Job Lot 6 Bluegrass Lps Mabel Carter Stanley Brothers Monroe Flatt Scruggs Reeve,50.00,0.0259
v1|287447505857|0,"Eddie Rabbitt The Best of Eddie Rabbitt LP Vinyl 12"" Elektra Country Stereo",11.00,0.0259
v1|127962775147|0,jim croce 33 rpm record lp you dont mess around with jim/very good minusgatefold,4.00,0.0259
v1|137493703078|0,"HARRY BELAFONTE - ""Coconut Woman"" / ""Island In The Sun"" - RCA VICTOR",1.99,0.0259
v1|800288939995|0,ORIGINAL 1987 45 RPM STARSHIP MANNEQUIN MOVIE TRACK VINYL RECORD,0.83,0.0259
v1|127966744988|0,"PAT BENATAR, You Better Run, Single, 12-in Promo Copy 1980 VG Plus/VG Chrysalis",8.77,0.0259
v1|257611256195|0,"Manifest Destiny We Love Our Country ... 1984 Mystic Records 7""",20.00,0.0259
v1|287447113967|0,The Best of the Kingston Trio Vinyl Record,5.00,0.0258
v1|398151640450|0,"""Winnie the Pooh and the Honey Tree"" Read & Hear 7"" Record Disneyland Records",7.50,0.0258
v1|158064257982|0,Four Tops Indestructible SEALED,2.99,0.0258
v1|327251623693|0,"LUIS MIGUEL - Tengo Todo Excepto A Ti Promo Copy 7"" Vinyl 45 RPM WEA Latina ",12.00,0.0258
v1|127962840516|0,MONTY PYTHON'S - Contractual Obligation Album - Vinyl LP 1980 Arista AL 9536 ,5.99,0.0258
v1|198483005634|0,Better Hurry Up Record in good condition,10.00,0.0258
v1|358755572870|0,GUY DRAKE - WELFARE CADILAC ROYAL AMERICAN 45,2.00,0.0258
v1|168521150287|0,Breakfast at Tiffany's Soundtrack LP Henry Mancini 1961 RCA VictorEasy Listening,34.00,0.0258
v1|178291368941|0,"Bobby Lewis - Tossin' And Turnin' / Oh Yes, I Love You Beltone Records (45-1002)",2.25,0.0258
v1|298487623131|0,Johnny Capobianco - Se Domani Tu Partirai / Anna Nirom 45 Rare,8.99,0.0258
v1|168515469093|0,THE RASCALS-PEOPLE GOT TO BE FREE/MY WORLD-45 RPM-ROCK-VINYL-RECORD-ATLANTIC2537,5.00,0.0258
v1|278170850155|0,LOT Of 4 CLASSIC ROCK Vinyl LP-ALL SHRINK WRAPPED-Doobie Bros-Garfunkel-Ronstadt,8.99,0.0258
v1|358767387148|0,Elton John-Lucy In The Sky With Diamonds/Empty Garden Single Vinyl Record 7” 45,2.99,0.0257
v1|398151991216|0,"Rare Original INXS - Need You Tonight 7"" 45 RPM Record With Picture Sleeve",5.00,0.0257
v1|178292143114|0,"Vintage 1969 Johnny Cash ""At San Quentin"" LP - Columbia Records (CS-9827) NM ",15.00,0.0257
v1|236924945379|0,"U2 Where The Streets Have No Name Maxi Single 12"" Record 1987 Vg+/ Excellent ",4.19,0.0257
v1|227421550138|0,"1955 78 rpm WOODY HERMAN, HOUSE OF BAMBOO, LOVE IS A MANY, CAPITOL 3202 JAZZ E-",9.95,0.0257
v1|168522401065|0,"Ronnie Munro Orchestra 1948 Johann Strauss set BLUE DANUBE 4 X 78 10"" RECORDS",2.99,0.0257
v1|158066471677|0,MY ONE ONLY ORIGINAL CAST -   - LP SNTK #5,4.00,0.0256
v1|178291871032|0,"Led Zeppelin Rock and Roll 7"" (Japanese issue)",25.00,0.0256
v1|358768634899|0,"Julio Iglesias A Veces Llegan Cartas/Rio Rebelde 7"" 45RPM Alhambra MO-771",6.00,0.0255
v1|358768609608|0,The Beatles Abbey Road Vinyl Album VG+,15.00,0.0255
v1|327245535595|0,"Blood, Sweat & Tears ""Greatest Hits"" 1972 Vinyl Record 11 Songs ♫ Good Condition",8.99,0.0255
v1|398152469512|0,the beatles englands no 1 vocal group Vinyl,55.00,0.0255
v1|178292413812|0,Orginal Broadway Cast Recording Lionel Bart's OLIVER Gatefold LP LSOD-2004,4.99,0.0255
v1|336686466966|0,ELVIS PRESLEY Lot Of 51 Vinyl 45 Records VG+ w/ Rare Titles K25,20.70,0.0255
v1|407055984182|0,JOHNNY RIVERS VINYL DOUBLE RECORD UXS-93,1.96,0.0255
v1|236923771790|0,"Beethoven's Greatest Hits Eugene Ormandy 12"" Vinyl LP 33RPM MS 7504",2.66,0.0254
v1|800320597312|0,The Rolling Stones Some Girls Promotional Copy COC 39018 Vinyl Record LP,299.99,0.0254
v1|377318337670|0,Bruce Springsteen & The E Street Band Live 1975-85 5LP Box Set  Vintage Records,35.00,0.0254
v1|236923939777|0,Paul Williams (Just An Old Fashioned Love Song) LP With Booklet,0.99,0.0254
v1|147423266730|0,"Chicago Double LP Vinyl Gatefold Columbia KGP 24 Classic Rock 12"" 33 RPM",2.99,0.0254
v1|147423290295|0,"Chicago Double LP Vinyl Gatefold Columbia KGP 24 Classic Rock 12"" 33 RPM",2.99,0.0254
v1|287451629221|0,SILENT RUNNING OST Peter Schickele Ft. Joan Baez MCA LP germany,8.00,0.0254
v1|137482011464|0,TEACHERS--Soundtrack from the 1984 Film--Various Rock Artists--Very Clean Promo,4.95,0.0253
v1|198483406798|0,"Hooters – Hanging On A Heartbeat / Concubine 7"" 45 w/ PS / NM",1.99,0.0252
v1|178292423117|0,"Readers Digest, LP 5 RECORD Set,Christmas Through out the Years, VG ",10.00,0.0252
v1|398150955994|0,Reader's Digest RCA Festival of Light Classical Music Vinyl Box Set Tchaikovsky,4.39,0.0252
v1|377326091267|0,"THE TWENTY-SEVEN Don't Go To Extremes TREMOR 7"" single 45 RPM RECORD Vinyl USED",5.00,0.0252
v1|318556420949|0,Walt Disney MOTHER GOOSE NURSERY RHYMES LP Album 3935,4.99,0.0252
v1|800304708742|0,"Chuck Berry Joe Joe Gun / Sweet Little Rock and Roll 7"" 45 Chess 1709",5.00,0.0252
v1|158066471750|0,DARK EYES SOUNDTRACK  - LP  SNTK #4,4.00,0.0252
v1|307048372818|0,Lawrence Welk Apples Bananas LP Record Album Vinyl,2.31,0.0252
v1|267717837264|0,"JOHN PARR 7"" 45 RPM St. Elmo's Fire / Naughty Naughty Atlantic Oldies jukebox",6.99,0.0251
v1|206400832493|0,GRORGE SHEARING ~ YOU'RE HEARING  1950  78 ~ PLAYS VG+ / SLEEVE VG 4 Record Set,4.99,0.0251
v1|398152661785|0,beatles yesterday and today Vinyl,40.00,0.0251
v1|188614550620|0,The Buddy Holly Story Soundtrack Vinyl LP Near Mint 2020 Deluxe Verase Saraband,19.95,0.0251
v1|198488424724|0,1969 The Who Tommy Vinyl Double Album Decca DXSW 7025 Stereophonic Vtg +Booklet,20.00,0.0251
v1|407057411995|0,Music From The Film Ben Hur Miklos Rozsa National Philharmonic Vinyl RECORD,19.99,0.0251
v1|407056660121|0,Reader's Digest The Best of Guy Lombardo & His Royal Canadians LP Box Set (1975),3.00,0.0251
v1|257566229009|0,Jimi Hendrix-Smash Hits-white label promo MS 2025 promo sticker,18.50,0.0251
v1|178293415238|0,"Tony Bennett - ""Sings His All-Time Hall of Fame Hits"" - LP",1.00,0.0251
v1|168521262244|0,"Vintage 1984 Rick Springfield  ""Hard To Hold""  Vinyl (ABL1-4935) RCA Records",5.00,0.0251
v1|358758630260|0,GEORGE BAKER SELECTION - PALOMA BLANCA WARNER BROS LP,6.00,0.0251
v1|358768858036|0,Wet Willie – “Which One’s Willie” (1979) – Triple Marked Promo Collector’s Item,35.00,0.0251
v1|377321036299|0,Used 1970 Rolling Stones 'Get Yer Ya-Ya's Out!' London Records NPS-5 Vinyl LP,10.00,0.0250
v1|307047797757|0,"Bruce Springsteen And The E Street Band Live 1975-85, 5 Volume Vinyl Set W/ Book",15.00,0.0250
v1|158066465612|0,SOUNDTRACK  ANNIE GET YOUR GUN - LP SNTK #2,4.00,0.0250
v1|298488774328|0,4 DAVE GARDNER LP-Did You Ever?/It's All In How You Look At It/Best of,7.50,0.0250
v1|377326078476|0,FIVE KEYS The Glory Of Love / Hucklebuck With Jimmy 1951 78 RPM SHELLAC USED,5.00,0.0250
v1|358756446239|0,All-Time Favorites by HARRY JAMES  /  Columbia 10 Inch LP,6.01,0.0250
v1|168515418016|0,~ TOMMY DORSEY Featuring FRANK SINATRA LP CORONET Stereo CLEAN RECORD,14.99,0.0250
v1|127963271754|0,Jukebox 45 & Title Strip Hall & Oates Everything Your Heart Desires Tested,2.49,0.0249
v1|227401532341|0,Elektra Asylum Sampler Queen The Doors Jackson Browne 2 LP Sampler RARE NM!,9.99,0.0249
v1|358767370599|0,Columbia 45 Record - Barbara Fairchild - Teddy Bear Song,2.99,0.0249
v1|307048195518|0,Herb Alpert’s Tijuana Brass Volume 2 A&M Records 12in Vinyl Record LP,2.74,0.0249
v1|318543955492|0,Rodgers & Hammerstein's Carousel 20th Cent Fox Vinyl LP Capitol Exc 59,1.00,0.0248
v1|257610892870|0,Nancy Wilson ~ Yesterdays Love Songs Todays Blues ~ Capitol LP,4.56,0.0248
v1|257611832680|0,Bing Crosby 45 My Girl's An Irish Girl / Galway Bay,1.99,0.0248
v1|358768259398|0,Jim Reeves Golden Record Collection Collector's Edition Country Black Vinyl LP,12.99,0.0248
v1|227421441940|0,Fleetwood Mac Rumours Vinyl,47.00,0.0248
v1|227416945555|0,"Statler Brothers  45  ""Do You Know You Are My Sunshine""  1978  🎶 Good Condition",2.99,0.0248
v1|178292416833|0,Debbie Reynolds-THE SINGING NUN LP Music from the Orginal Soundtrack 1E-7ST,4.99,0.0248
v1|327251594596|0,"Vintage Bob James ""The Genie (Theme From Taxi"" Vinyl Album (1983)",4.00,0.0247
v1|158054564373|0,Complete Orchestra Works by Emmanuel Chabrier LP,20.00,0.0247
v1|398151961257|0,"The Kinks You Really Got Me Vinyl LP Rock Reprise 1960s 12"" 33 RPM Stereo R6143",20.00,0.0247
v1|327247191890|0,"Gatlin Brothers 45  ""Taking Somebody With Me When I Fall""  1979 - Good Condition",2.99,0.0247
v1|168520840482|0,The Beach Boys Little Deuce Coupe 1976 LP Vinyl Record SPC-3562 VG+EX Ultrasonic,9.99,0.0247
v1|227421831696|0,BRUCE SPRINGSTEEN & The E Street Band Live 1975-85 BOOKLET ONLY,3.00,0.0247
v1|137492332168|0,"Little Steven Out Of The Darkness 12"" Vinyl Single 45 RPM Epic 1A 90252",6.00,0.0246
v1|407056787929|0,"China Crisis Working With Fire And Steel 12"" Promo 45 RPM Virgin 0-20172",10.00,0.0246
v1|267699524161|0,Pink Floyd-Animals-1977 Columbia  JC 34474,13.50,0.0246
v1|127962718565|0,bobby king 45 rpm record promo lovin u is sweeter than ever/very good,8.00,0.0245
v1|398159080179|0,Pearl Jam Ten Super Deluxe Box Set,33.00,0.0245
v1|127962744047|0,"Marty Robbins - hot rockabilly ""Mean Mama Blues""/""Tennessee Toddy"" Co 21477",19.99,0.0245
v1|206400568232|0,Elvis Presley - RCA Victor LP - Today - APL1-1039,4.99,0.0245
v1|358769489011|0,"lp tom saunders"" surf side six from monday on autographed",25.00,0.0245
v1|188610637013|0,Hot 50s Bluegrass 45 BILL MONROE I'm On My Way To The Old Home DECCA hear EX NM,6.00,0.0245
v1|227422531642|0,"Vintage Pair Of Beatles Double LP's, '62-''66, '67-'70, PaperSleeves & Inserts",34.00,0.0245
v1|168521487749|0,VG Eddy Arnold Sings Them Again LSP-2185 RCA VictorLP 12in Vinyl Record Album,2.40,0.0245
v1|366522551836|0,VAGRANT Limited Edition 2X Gold LP Laura Pergolizzi LOST ON YOU,49.99,0.0244
v1|267720604286|0,"VINTAGE VINYL LP:  Bob James & Earl Klugh....""One on One"" (1979)",2.00,0.0244
v1|227422551090|0,"ABBA - Voyage (Record, 2021) Yellow Vinyl: Alternative Artwork:NM (Pre-Loved)",11.99,0.0244
v1|137495426982|0,Reiner Chicago Sym Rimsky-Korsakov Scheherazade CHESKY RC4 Superb! Best Sonics!,18.00,0.0244
v1|287445419595|0,Best of the Beach Boys vinyl record Brian wilson hits shrink wrap used,20.00,0.0244
v1|127962623230|0,Bob James/Earl Klugh  AL 36241  One On One  NM,6.60,0.0243
v1|377318899175|0,HARRY JAMES 78 rpm 10” Record 36778 I Dont Care Who Knows It/My Tears Out To Dry,7.77,0.0243
v1|318556485312|0,Vintage Country Vinyl Records. Charlie Rich. Doug Kershaw. Tom T Hall,6.00,0.0243
v1|117300685157|0,Iron Maiden picture LP,25.00,0.0243
v1|117300683516|0,Iron Maiden picture LP,25.00,0.0243
v1|117300682383|0,Iron Maiden picture LP,25.00,0.0243
v1|117300685958|0,Iron Maiden picture LP,25.00,0.0243
v1|377328746490|0,Merry Christmas From Kukla Fran and Ollie - Decca LP  1954,20.00,0.0243
v1|298488951429|0,"1956-JANE POWELL, "" TRUE LOVE/ MIND IF I MAKE LOVE TO YOU"", TRADITIONAL POP",0.99,0.0243
v1|358755567213|0,THE DIXIE CUPS - PEOPLE SAY RED BIRD 45,6.00,0.0243
v1|168522400262|0,Jerry Vale – Innamorata (Sweetheart) / Second Ending,2.65,0.0242
v1|137493190371|0,THE VENTURES - A DECADE OF HITS - LP (BOX-1),9.99,0.0242
v1|137493190371|0,THE VENTURES - A DECADE OF HITS - LP (BOX-1),9.99,0.0242
v1|188614526348|0,Elvis Presley Pickwick Vinyl LP You'll Never Walk Alone CAS-2472 Nice,2.60,0.0242
v1|366528278166|0,Garrison Keillor – The Family Radio - 2x DOUBLE VINYL RECORD LP,10.00,0.0242
v1|307048658034|0,Mike + The Mechanics 45RPM “Silent Running” 1985 80s Pop Rock 7” Vinyl PS NM,3.00,0.0242
v1|298487637151|0,Big Buddy Kaye ‎– Little Black Umbrella / New Generation Man RCA Promo 45,4.99,0.0242
v1|307049535443|0,"1963 Rock & Roll LP - BUDDY HOLLY ""Reminiscing"" CORAL RECORDS #57426",2.99,0.0242
v1|127962660381|0,eddie cochran 45 rpm record sittin in the balcony/good plus,3.76,0.0242
v1|358769149469|0,"Foreigner ""Double Vision"" vinyl LP  1978 ",10.00,0.0242
v1|287446085051|0,Little Richard And His Band – Long Tall Sally / Slippin' And Slidin'   SPECIALTY,8.95,0.0242
v1|158064398977|0,"Grace Slick Dreams 12"" Vinyl LP RCA Rock 33RPM AFL1-3544 Cardboard Sleeve",2.00,0.0242
v1|287447562804|0,"Rick Nelson, ""It's Up To You,"" Vinyl Record",7.99,0.0242
v1|307052484080|0,"JEFF BECK ~ TRUTH  Epic Yellow Label #BN 26413/VG+/ Rod Stewart, Ron Wood",12.50,0.0242
v1|366528984835|0,45 Steve Winwood (2) Picture Sleeves / No Records - Nice Cond - Roll With it,1.50,0.0241
v1|327252515660|0,"DOORS ""THE BEST OF THE DOORS"" ELEKTRA-270407 VG++ 2-LP'S GERMAN PRESSING 1984",9.99,0.0241
v1|257614397338|0,VERY NICE LOT OF 45 RPM RECORDS 50 TOTAL 50'S-80'S,25.00,0.0241
v1|318556422761|0,"ROBERT PLANT VINYL LOT (3) 12"" Sinlges TALL COOL ONE, LITTLE BY LITTLE, IN THE M",22.00,0.0241
v1|188614642557|0,Elvis Presley Sings Flaming Star Pickwick CAS 2304 1975 Great Vinyl Lousy Cover,2.20,0.0241
v1|168521495888|0,1978 THE STEVE MILLER BAND - GREATEST HITS 1974-78 - VINYL LP Vintage,31.99,0.0241
v1|147428206757|0,"1980 Shock ‎– Angel Face / R.E.R.B. 12"" Vinyl Record RCA LIMITED",40.00,0.0241
v1|137493339712|0,Jerry Lee Lewis - Who's Gonna Play This Old Piano 1972 Vintage Vinyl ,20.00,0.0241
v1|188614578541|0,Johnny Mathis Give Me Your Love For Christmas Vinyl LP 70s Reissue Nice,2.12,0.0240
v1|327253136927|0,vinyl CHUCK MANGIONE Children Of Sanchez 2 LP's 1978 A&M and Feels So Good LP,15.00,0.0240
v1|117290365950|0,John McCormack All Alone Victrola 78 RPM Record 1067-A,7.00,0.0240
v1|178292533476|0,BEST OF THE DOOBIE BROTHERS-1976 W.B LABEL-NICE CLEAN VINYL LP-SOUNDS GREAT,24.99,0.0240
v1|168520988089|0,"The Troggs-Wild Thing/From Home-45 RPM-7""-rock-Fontana 1548-vinyl-record-VG+-",8.00,0.0240
v1|287451033889|0,GUY CLARK Better Days LP 1983 Warner Bros  VG++ Country Rock,20.00,0.0240
v1|336677029294|0,Walt Disney Sound Track Vinyl STR-5002 1968 The One & Only Orig.family Band Book,5.98,0.0240
v1|307048950483|0,Judy Garland –The Best Of Judy Garland LP 1973 Vinyl Record MCA Records MCA24003,8.50,0.0240
v1|287445258887|0,Star Wars Film Original Soundtrack Double Vinyl LP Record Album 1977,100.00,0.0240
v1|307047852177|0,LP Walt Disney 30 Favorite Songs Of Christmas w/Chimes & Chorus - 1963 - DQ-1239,24.00,0.0239
v1|358767610150|0,Tom Petty and the Heartbreakers 1983 Change of Heart/Beach Party 45 Rpm Record,14.95,0.0239
v1|278162707999|0,CONWAY TWITTY REST YOUR LOVE ON ME VINYL MCA 5148 Pre-owned,5.95,0.0239
v1|800304570742|0,"The Everly Brothers Always It's You / Cathy's Clown 7"" 45 Warner 1960 5151",3.00,0.0239
v1|158064219997|0,The Association - Greatest Hits - 1967 -  Vinyl LP Record WS-1767,9.99,0.0239
v1|127966504841|0,Vintage Vinyl Tom Rush The Circle Game ,1.76,0.0239
v1|206401428793|0,"Childrens 45s (Lot Of 10) Circus Boy, Ted E Bear Sealed 🤐 & More",12.44,0.0239
v1|327251519227|0,MR CHIVO La Gaita Guebradita/Soy Dracula Freddie Records 760 45 Rpm,80.00,0.0239
v1|327251519227|0,MR CHIVO La Gaita Guebradita/Soy Dracula Freddie Records 760 45 Rpm,80.00,0.0239
v1|158066467949|0,SOUNDTRACK GREAT WALTZ- LP SNTK #2,4.00,0.0239
v1|267720616131|0,"THE POLICE-""ZENYATTA MONDATTA"" LP, A&M SP-4831, 1980 VINYL VINTAGE * RECORD ONLY",2.05,0.0239
v1|227420996157|0,Diana Ross & The Supremes 25th Anniversary LP Motown 5313ML NEW SEALED,10.00,0.0238
v1|358756936588|0,RANDY NEWMAN-LITTLE CRIMINALS,10.00,0.0238
v1|318556420263|0,Lot Motion Picture  LP-Hurricane-Promo/Hawaii/The Sting/Fiddler on the Roof,7.50,0.0238
v1|198483568654|0,Disney FROZEN / BEAUTY & BEAST 2019 Picture Disc VINYL  LP Record Album,34.99,0.0238
v1|178293411505|0,"The Music Machine - ""Double Yellow Line"" - 45 RPM",3.75,0.0238
v1|407056065727|0,Fleetwood Mac Rumors Album/Record With Poster Clean,18.99,0.0238
v1|147427874821|0,"1988 Michael Bow – Love & Devotion - The '88 Remix 12"" Single Vinyl Album Record",5.00,0.0238
v1|800306189562|0,Album Vinyl Hank Locklin Candy Kisses RCA Camden CAS 2447,7.99,0.0238
v1|168520769643|0,This Is BROADWAY'S BEST - 20 Great Show Stoppers - 1961 - #2 VINYL LPS * EX *,11.00,0.0238
v1|257611330847|0,En Vogue You Don’t Have To Worry 12” Maxi Single Vinyl Atlantic 1990 Remixes,3.00,0.0237
v1|127962319552|0,"Tommy Edwards Please Love Me Forever / It's All In The Game MGM 7"" 45 KGC143",1.62,0.0237
v1|137493703203|0,"CHUCK JACKSON - ""I Don't Want To Cry"" / ""Just Once"" - WAND RECORDS - NORTHERN SO",0.99,0.0237
v1|257610846577|0,COOKIE & THE CUPCAKES. UNTIL THEN/CLOSE UP THE BACK DOOR. JUDD 1015,19.99,0.0237
v1|318555295798|0,"U2 Vertigo Remix 2005 UK 2 Track 12"" Vinyl Single Record ",10.00,0.0237
v1|307048198946|0,SRO Herb Alpert And The Tijuana Brass Album Record Vinyl LP,1.76,0.0237
v1|188614240883|0,"OPENED- PICKWICK RECORDS- THE BYRDS- So Want To Be A RnR Star"" 6TRACK SINGLE",6.50,0.0237
v1|188616554754|0,BEATLES 45 RPM VINYL RECORD EIGHT DAYS S WEEK / I DON'T WANT TO SPOIL THE PARTY,9.00,0.0237
v1|327251556781|0,1979 The Village People IN THE NAVY (45RPM 7” Single) Casablanca (J189),0.99,0.0236
v1|178293722882|0,"Eddy Grant Walking On Sunshine 12"" Black Vinyl Single 45 Parlophone 12R 6217",5.00,0.0236
v1|336678025448|0,"Squeeze Tempted / Trust 7"" 45 RPM Black Vinyl A&M Records 23465-S",8.00,0.0236
v1|127962657271|0,george lamond 33 rpm record look into my eyes/very good,4.46,0.0236
v1|206401526280|0,Highlights: Gilbert And Sullivan By London Savoyard Orchestra (Vinyl 1966),8.08,0.0236
v1|287444091608|0,BLONDIE THREE LP LOT~ALL IN SHRINK!! AUTOAMERICAN PARALLEL LINES BEST OF BLONDIE,16.50,0.0235
v1|307048815977|0,Jose Ferrer Cyrano De Bergerac vinyl LP Capitol Records S283 1951,2.00,0.0235
v1|147423238354|0,The Wonderful Wizard Of Oz 4 Record Box Set. Missing The Booklet- Vintage 1961,19.99,0.0235
v1|188610637016|0,"Hot 50s Bluegrass 45 LESTER FLATT, EARL SCRUGGS God Loves His /I'm Going MERCURY",4.00,0.0235
v1|227416948138|0,"2 Beau Brummels 45s ""Just a Little"" ""Don't Talk to Strangers"" Good Condition",4.99,0.0235
v1|188612522461|0,"DONNY OSMOND ""THE TWELFTH OF NEVER"" 45 PS",2.99,0.0235
v1|298487610872|0,93  LP's     1980's     NM or as Described      CHOOSE  ANY  5-LP'S,22.00,0.0235
v1|327251556790|0,"WINGS ""Listen to What the Man Said""  Single 45 RPM Produced by Paul McCartney 7""",0.99,0.0235
v1|327251556790|0,"WINGS ""Listen to What the Man Said""  Single 45 RPM Produced by Paul McCartney 7""",0.99,0.0235
v1|158064791385|0,JOYCE BRYANT-4-SONG HARD COVER-EP+45-(RUNNIN' WILD+3)--PS--PIC,45.00,0.0235
v1|198483676502|0,Oscar Petereson The Way I Really Play Vol. 3 LP MPS - Klabin collection,12.00,0.0235
v1|137484431873|0,Dino Rush Hour lp Light LS-5776 1980 + Bonus,7.99,0.0234
v1|227422424466|0,"Tony Bennett Tony Vinyl LP 12"" Hi-Fidelity Columbia CL 938 Pop",9.99,0.0234
v1|117290368316|0,"Willie Nelson & Tracy Nelson Whiskey River 7"" 45 RPM Vinyl Atlantic 1974 CY-4028",3.00,0.0234
v1|147424890900|0,Meet The Beatles! 1964 Capitol Records T-2047 Stereo Vinyl U.S. Press Plays Well,10.99,0.0234
v1|257611057416|0,Bryan Adams Cuts Like A Knife Vintage Vinyl LP 1983 A&M Record SP-06-4919,19.95,0.0234
v1|188614737858|0,Elvis Presley “All Shook Up” 45 VG+ 1957 RCA Silver Line Rockaway Press,2.84,0.0234
v1|198482658570|0,VINTAGE-Xavier Cugat and His Orchestra That Latin Beat! RCA Records 1959,4.50,0.0234
v1|307048418793|0,"Lot of 3 Beatles 45s-Love Me Do, Yesterday & All You Need is Love Capitol",10.00,0.0234
v1|236923765645|0,"Elvis Presley Elvis' Golden Records RCA Victor LPM-1707 12"" 33 RPM Rock LP",10.00,0.0234
v1|307048381687|0,A Circus Story with Songs Featuring - Sugar Sugar - Vinyl,3.20,0.0234
v1|127962784251|0,"Slumber Nichols rockabilly 78 ""Booger Red Blues"" on S&G 3005, 1950",9.99,0.0234
v1|377317750025|0,"Rock Guitar Greats  (Clapton, Beck, Page & Hendrix)   (LP)",8.50,0.0234
v1|227421194190|0,"17 Vinyl R&B Lot: G Duke,EWF,Isaac Hayes,Isley Bros,Dazz B,WAR,Commodores,Tina",39.99,0.0234
v1|366528802688|0,MY LIFE W/THE THRILL KILLKULT PROMO 45 FINAL BLINDING,25.00,0.0233
v1|800316861304|0,45 RPM Chubby Checker PARKWAY 949 Discotheque / Do the Freddie VG++,3.00,0.0233
v1|800289379902|0,Carly Simon,25.00,0.0233
v1|407055988694|0,Venom Here Lies Venom 1985 Combat Box Set Missing Top Box Sleeve Used,69.99,0.0233
v1|267717837815|0,"Robert Palmer ""Addicted To Love"" 45 Tested Mint Jukebox ",7.99,0.0233
v1|298488689225|0,WILSON PICKETT-THE BEST OF-ATLANTIC RECORDS SD8151,12.00,0.0233
v1|407057412000|0,"BARBRA STREISAND LOT OF 3 ALBUMS - ONE VOICE, MEMORIES, THE BROADWAY ALBUM",6.89,0.0233
v1|178294047110|0,"Herb Alpert & The Tijuana Brass - ""Warm"" - LP",1.00,0.0233
v1|278154810227|0,"PATTI LABELLE - KISS AWAY THE PAIN MCA 12"" PROMO",8.00,0.0233
v1|287446085034|0,The Monarchs – Pretty Little Girl / In My Younger Days      on  NEIL    1956,8.95,0.0233
v1|358755572559|0,FLOYD CRAMER - HOT PEPPER  FOR THOSE THAT CRY RCA VICTOR 45,6.00,0.0233
v1|307048892074|0,"RONNIE JAMES ""WONDER GIRL"" ACETATES(2)EXCELLENT LAQUERS/COVERS",85.00,0.0233
v1|178292417176|0,Walt Disney DUMBO LP Album-1204,4.99,0.0233
v1|158054596123|0,Benny Goodman-The B. G. Six (Sextet). House Party Series 10” LP 1956 CL2564-6eye,10.00,0.0233
v1|267720728561|0,"MURRAY HEAD SUPERSTAR  7"" 45 rpm RECORD DECCA JESUS CHRIST SUPERSTAR ROCK OPERA",3.00,0.0233
v1|127966912579|0,The Very Best Of Hank Williams 1963 NM-/EX MGM SE-4168,14.99,0.0233
v1|336677563336|0,Buddy Holly - The Buddy Holly Story - Coral CRL 757279 VG+ 1967,14.99,0.0233
v1|158064922323|0,Guilherme Arantes Brazilian Singer composer Lot of 4 vinyl LPs ,40.00,0.0233
v1|327251914015|0,Elvis Presley in GI BLUES 1960 LP RCA Victor Label LPM 2256 Vinyl Record,2.99,0.0232
v1|147417590651|0,"The Beatles ""Rock n Roll music"" Volume 2 ,1 st Japanese pressing",18.99,0.0232
v1|336671965727|0,"Sam Cooke - KEEN Records - 3-2018 - ""Everybody Likes to Cha Cha Cha""",3.99,0.0232
v1|168520838152|0,Sabrina Carpenter Short n Sweet Deluxe Vinyl Double LP WEB STORE EXCLUSIVE PEARL,26.05,0.0232
v1|800305052992|0,3 Barbra Streisand vinyls- 'A Happening in Central Park' 'What about Today?',20.00,0.0232
v1|267720382226|0,Elvis Presley - RCA Victor LP - Loving You - LPM-1515 RE,4.99,0.0232
v1|267720787962|0,"Elvis Presley It Happened at the World's Fair"" Vinyl LP LPM-2697",6.99,0.0232
v1|158064220037|0,THE WHO ‎– Vinyl Tommy  Soundtrack 2xLP  Peter Townshend  1969.  NM,50.00,0.0231
v1|168522400968|0,"Georgie Shaw - Fallen Angel / To You, My Love 1956 EX",2.65,0.0231
v1|407048860745|0,THE BEATLES A Hard Days Night Record LP vinyl album United Artists,25.00,0.0231
v1|327252308610|0,Pre-Owned Billy Idol “Don’t Need A Gun” Meltdown & Acapella Mix 1986 Vinyl-MINT,14.99,0.0231
v1|336677569166|0,Lynyrd Skynyrd Gold & Platinum Double LP Vinyl 1979 MCA2-11008 W/ Lyric Sheet,12.99,0.0231
v1|287447113972|0,JIMMY REED - The Best Of  (1973 2-LP Set) Vinyl,12.00,0.0231
v1|127963117130|0,Elvis Costello Taking Liberties Columbia Records 1980 NM- COND,12.00,0.0231
v1|178290112237|0,Haunting 50s Bluegrass 45 BILL MONROE You'll Find Her Name Written DECCA promo,5.00,0.0231
v1|168514465812|0,5 LP X Judy Garland LOT  At The Grove  wizard of oz  That's Entertainment- Best,7.99,0.0231
v1|358767813526|0,Surfin USA Various Artists Album Released In 1982 Very Good Condition,10.00,0.0231
v1|267720796643|0,Jerry Butler - The Best Of Jerry Butler  (VG/VG) Vee Jay #VJLP1048,5.00,0.0231
v1|158066679607|0,"The Best of Professor Schnitzel ""Pennsylvania Dutch Humor"" Vinyl LP",9.99,0.0231
v1|327252529482|0,"45 60s Garage Beat RATIONALS ""Feelin' Lost"" (BEATLE-ESQUE) ""Respect"" (OTIS) vg+",1.75,0.0230
v1|800303048370|0,"GEORGE SHEARING-SHEARING ON STAGE-CAPITOL 1187, TOOTS THIELEMANS",14.98,0.0230
v1|800306160726|0,TAMMY WYNETTE Dbl LP Anniversary 20 Years of Hits 1987 Epic country  vinyl,8.00,0.0230
v1|137492512860|0,"little river band vinyl, Promo 45",8.00,0.0230
v1|398151699894|0,"Nxworries Yes Lawd! Yellow Colored Vinyl 2xLP 12"" Stones Throw",50.00,0.0230
v1|278153946482|0,"Neil Diamond – Heartlight, Columbia – TCX 38359, Vinyl, LP, Album, Stereo, 1982",22.00,0.0230
v1|800304715526|0,"45 ~Duane Eddy & The Rebels: ""The Lonely One / Detour"" 1959 Jamie ",4.99,0.0230
v1|358755567756|0,SPANKY AND OUR GANG - MAKING EVERY MINUTE COUNT MERCURY 45,6.00,0.0230
v1|206401112347|0,"Lot Of 2 Comedy Vinyl Records - Lily Tomlin, Joan Rivers - VG Or Better, 12”, 33",4.99,0.0230
v1|278163396604|0,Cleo Laine & John Williams – Best Friends - 1976 - RCA Victor APL1-1937 Vinyl LP,3.45,0.0230
v1|307042845045|0,"“A Renaissance Christmas With The Waverly Consort” Promo Vinyl=VG++ 12"" LPRecord",4.50,0.0230
v1|800304349516|0,Glen Campbell 'I Remember Hank Williams' Vinyl LP Capitol 1973 Mint Condition !,7.00,0.0230
v1|127962354671|0,"Benny Spellman Every Now And Then / I'm In Love Mint 7"" Vinyl 45 RPM Promo 652",7.99,0.0229
v1|137483410634|0,"The Beatles-Live! at the Star-Club Hamburg’62 (Lingasong LS-2-7001,1977)VG+/VG+",39.99,0.0229
v1|137493190219|0,THE VENTURES -   TWIST WITH THE VENTURES - LP (BOX-1),4.00,0.0229
v1|127966998089|0,Elvis Fun In Acapulco RCA Victor STEREO ORIG Black Label Dog Top Center M-/VG++,19.99,0.0229
v1|147423100438|0,"You Can't Use My Name by Knight, Curtis / Squires / Hendrix, Jimi (Record, 2015)",10.00,0.0229
v1|287447113977|0,Easy Rider soundtrack vinyl lp Vintage Record Album,14.00,0.0229
v1|377325787947|0,vintage record library - 12 78rpm classical records,65.00,0.0228
v1|168521684089|0,For Christmas This Year/The Lettermen/ Record Untested ,10.99,0.0228
v1|168521553237|0,THE SEARCHERS-RARE PROMO TTLE SLEEVE + 45--(AIN'T THAT JUST LIKE ME)--PS--PIC--,45.00,0.0228
v1|278162814612|0,"R&B SOUL THE SOPHOMORES  ON DAWN  LABEL 45 RPM  7"" RECORD",3.00,0.0228
v1|267720736607|0,John Lennon- Imagine- LP 1978 Capitol SW-3379,7.99,0.0228
v1|377317817333|0,"78 Benson Orchestra of Chicago, June Moon / No One's Fool Fox Trot Victor 18833",8.44,0.0228
v1|307047949292|0,Point Blank American Excess MCA Records MCA-3249 Cover Collector Only bad press,4.95,0.0228
v1|358768247328|0,TEENA MARIE – Lady T (1980) – Gold Stamp Promo,30.00,0.0227
v1|147422748969|0,The Who Deluxe Edition Double LP A Quick One / Sell Out Vinyl MCA Records,16.00,0.0227
v1|358769365701|0,lp judy collins who knows where the time goes,5.00,0.0227
v1|287447113961|0,The Very Best Of The Oldies Vol. 2 Vinyl LP 1975,8.00,0.0227
v1|800305212696|0,JIMI HENDRIX Experience LP Smash Hits 1969 Reprise  vinyl,8.00,0.0227
v1|307042570995|0,Sheb Wooley & Friend 45RPM “Belly Button Song” 1981 80s Country Novelty 7” Promo,2.95,0.0227
v1|358755572411|0,THE BOX TOPS - FIELDS OF CLOVER  CHOO CHOO TRAIN MALA 45 ,6.00,0.0227
v1|318556420415|0,George Gershwin's PORGY AND BESS Orginal Broadway Cast Album,4.99,0.0227
v1|366528799499|0,1974 DAVID BOWIE RCA  LP,25.00,0.0227
v1|227424208472|0,The Clash Rebellos Garajos Vinyl LP Record Album,25.00,0.0226
v1|318558491783|0,"Amazulu - Canadian 45 - ""Montego Bay"" / ""Only Love""",0.99,0.0226
v1|358755600418|0,Bob Seger - Tryin' To Live My Life Without You - Brave Strangers 45 w/PicSleeve,2.99,0.0226
v1|168515420656|0,Benny Goodman Swing Into Spring Texaco Oil Gas LP Columbia Record,4.99,0.0226
v1|278153050255|0,Various Vintage Albums Ten 78’s (See Description for Details) LP in Binder,8.00,0.0226
v1|267723147457|0,The Doors Linda Ronstadt + 8 LP Lot Rock Easy Listening 1960s-70s See Photos,14.87,0.0226
v1|366529020148|0,"Donovan 45 ""Atlantis / To Susan On The West Coast Waiting"" AU2",0.99,0.0226
v1|278153900231|0," Emerson, Lake & Palmer ‎– Love Beach LP",25.00,0.0226
v1|398139784284|0,THE BEATLES White Album SWBO 101 Apple Label Double LP Record VG,36.50,0.0226
v1|178292414799|0,2 ROGER WILLIAMS LP-By Special Request and By Special Request Vol 2,4.99,0.0225
v1|398142067840|0,THE ROLLING STONES TATTOO YOU ALBUM 1981 MASTERDISK RL EXCELLENT !,14.99,0.0225
v1|287447114908|0,BUDDY HOLLY-ROCK & ROLL COLLECTION-ORIGINAL 1972MCA RECORDS DOUBLE VINYL-VINTAGE,25.00,0.0225
v1|206401431995|0,10 LP Classical Perahia Strauss Polka Rostropovich Shostakovich Vivaldi Segovia,37.00,0.0225
v1|336681054579|0,"1979 Barbra Streisand – The Main Event / Fight 12"" Single Vinyl Record",10.00,0.0225
v1|287447115479|0,"22 Explosive Hits, Vol 2 K-Tel TU-224 Vinyl 12'' Vintage",6.00,0.0225
v1|158063972606|0,Hubert Laws Say It with Silence 1978 Vinyl LP Columbia JC 35022,6.00,0.0225
v1|377326661462|0,Pete Townsend Let My Love Open The Door 45,8.00,0.0225
v1|377326661462|0,Pete Townsend Let My Love Open The Door 45,8.00,0.0225
v1|137492074138|0,The Simon Sisters Sing for Children,4.90,0.0225
v1|287447113966|0,Joan Baez David’s Album 1969,6.00,0.0225
v1|307042597092|0,"Waylon Jennings “The Taker” Vinyl = VG  12"" LP Record Country, Folk, Honky Tonk",7.00,0.0225
v1|327252126791|0,THE LETTERMAN ALL TIME GREATEST HITS LP SIGNED BLACK & SILVER SHARPIE 2005 AUTO,15.00,0.0225
v1|318544666189|0,THE FONTANE SISTERS - ROCK LOVE / YOU'RE MINE - DOT 78 RPM (1955),4.25,0.0224
v1|377325781825|0,Glen Gray And The Casa Loma Orchestra on Decca 869 Bugle Call Rag ,12.00,0.0224
v1|158066465536|0,SOUNDTRACK - BEVERLY HILLS COP II - LP SNTK #11,20.00,0.0224
v1|377326878256|0,AC/DC Back In Black Vintage Vinyl LP 1980 Atlantic Record SD-16018,20.00,0.0224
v1|287447114919|0,"The Righteous Brothers Greatest Hits, Vol. 2 Vtg Vinyl LP Record VERVE V6-5071",14.00,0.0224
v1|236918274486|0,"PEBBLES - Take Your Time/ (Instrumental), 45 EX, PS VG, 1988, MCA Records",3.49,0.0224
v1|117285017021|0,The Beach Boys Best Of Vol.2 Vintage Vinyl LP 1972 Starline Record DT-2706,15.99,0.0224
v1|236923782878|0,Cocktails With Cavallaro 1958 Vintage Vinyl LP  Piano With Rythm Accompanment,10.00,0.0224
v1|318557686799|0,78 rpm records latin Spanish phonograph ,100.00,0.0224
v1|307043062427|0,"Barbra Streisand Lot of 3 Albums, See Pictures, Vinyls Visually rated, Vocal A21",7.00,0.0223
v1|307048670579|0,Bad Company-Gone Gone Gone-Swan Song SS 71000-Vintage 1979 Picture Slv 45,4.99,0.0223
v1|158066779753|0,"LOVE IS A BATTLEFIELD  12""  Benata Extented Mix",9.99,0.0223
v1|800304726795|0,The Beatles Sgt. Pepper Lonely hearts clulb band ( SINGAPORE),45.00,0.0223
v1|800305929839|0,Anita Baker Rapture 1986 Elektra Records with Inner Sleeve Vinyl LP,7.50,0.0223
v1|158066726633|0,PAUL SIMON One-Trick Pony LP WARNER BROS. rock  Excellent.,3.99,0.0223
v1|358755567460|0,"'CANNONBALL' ADDERLEY - MERCY, MERCY, MERCY CAPITOL 45",6.00,0.0223
v1|137493702736|0,"Vintage 45 - CHRIS MONTEZ - ""Let's Dance"" / ""You're The One"" - MONOGRAM RECORDS",1.99,0.0223
v1|178293718677|0,"SWV You're the One 12"" Black Vinyl Single RCA 33 RPM 07863-64515-1",10.00,0.0222
v1|168522400989|0,Al Hibbler  - Never Turn Back / Away All Boats 1956 EX,2.65,0.0222
v1|147417592463|0,"Rick Wakeman ""The Myth & Legends of King Arthur& Knights of the round table"" A&M",4.99,0.0222
v1|117290366714|0,John McCormack All Alone Victrola 1067-A 78 RPM Black Opera Single 1920s,5.00,0.0222
v1|137484652504|0,The Beatles Featuring Tony Sheridan • UK Mr Pickwick LP • CNA 2007 • VG+/G+,24.99,0.0222
v1|407063411505|0,45 RPM  Brenda & Tabulations TOP BOTTOM 403 Lies Lies Lies  / Ta la la VG++,3.00,0.0222
v1|398150627516|0,"(Compliments Of) by Garcia, Jerry (Record, 2017)",14.00,0.0222
v1|168520799825|0,20 Great Truck Drivin' Songs 1976 LP Vinyl Record Album K-Tel Vintage (P2),2.50,0.0221
v1|158064794331|0,LARRY HOVIS-(HOGAN'S HEROES)-RARE PROMO ONLY-4-SONG-EP-PICTURE SLEEVE+45--PS-PIC,89.99,0.0221
v1|358768206834|0,Red River Dave 45 The Pine Tarred Bat (The Ballad Of George Brett)  NM  w/PS,6.99,0.0221
v1|407056954183|0,"MC Hammer ""Cold Go"" 1988 12"" 45 RPM Vinyl Single Bustin' Records BR 003 - Early ",6.75,0.0221
v1|377317816354|0,78 rpm Record Evan Williams ~ Beautiful Isle Of Somewhere 1-Sided Victrola 64411,8.77,0.0221
v1|287445098056|0,"ELVIS COSTELLO - 7"" 33 RPM EP*Watching The Detectives* + PROMO 45rpm (1978)",12.77,0.0221
v1|227401532369|0,Area Code 615 Trip in the Country Swamp Country Rock BEAUTIFUL TOP COPY! NM!,9.99,0.0221
v1|298488774656|0,John Barry GOLDFINGER Orginal Motion Soundtrack LP Album -UAL 4117,4.99,0.0221
v1|366528602625|0,"The Beatles Meet The Beatles ST-2047  VG+/VG+, LA PRESS",9.99,0.0221
v1|307049513039|0,"1959 Rock & Roll LP - BUDDY HOLLY ""The Buddy Holly Story"" CORAL RECORDS #57279",2.99,0.0221
v1|307049530712|0,"1962 Rock & Roll LP - BUDDY HOLLY ""Buddy Holly And The Crickets"" CORAL RECORDS",16.05,0.0221
v1|800304659637|0,"Clyde McPhatter I Can't Stand Up Alone / A Lover's Question 7"" 45",3.00,0.0221
v1|407061931249|0,45 RPM  dave edmunds / Nick Lowe COLUMBIA EP DJ Everly Brothers VG++,3.00,0.0220
v1|407061542119|0,45 RPM Maurice Williams HERALD 559 Come Along / Do I VG+,3.00,0.0220
v1|227421414852|0,Hall & Oates 45 Record Some Things Are Better Left Unsaid 1985 Picture Sleeve ￼,3.25,0.0220
v1|366528834560|0,Lionel Richie Running with the Night 45 rpm Record Vinyl Motown Like New 1983,2.99,0.0220
v1|336677068412|0,The Patsy Cline Story Double Album Vinyl LP Set MCA 2-4038,10.00,0.0220
v1|158054524503|0,Nat “King” Cole 10” LP - Penthouse Serenade 1952 Fair Condition -  H332,15.00,0.0220
v1|168521010364|0,DAVE CLARK FIVE-PICTURE SLEEVE + 45-(CATCH US IF YOU CAN)--PS--PIC--SLV,22.00,0.0220
v1|327251519817|0,Billy Daniels The Fabulous Billy Daniels LP  Vinyl Craftsmen Record C8025,4.14,0.0219
v1|398159801497|0,Tom Jones 4 LP lot Vinyl Records-Somethin Bout You Baby I Like Promo-Live-This,7.99,0.0219
v1|236927383850|0,Anita Ward's Ring My Bell 45 Record Disco/Dance VG++,3.20,0.0219
v1|188610637018|0,50s Bluegrass Bopper 45 BILL MONROE Y'all Come / Changing Partners DECCA hear,4.00,0.0219
v1|336672118236|0,"VARIOUS ARTISTS OLDIES LP- "" ALL-STAQR GOLDEN OLDIES "" 1962 SPIM-O-RAMA REC'S",3.00,0.0219
v1|800304627814|0,"Ricky Nelson Down the Line 7"" 45 Vinyl Single Imperial IMP-157",3.00,0.0219
v1|117285017389|0,"Buddy Holly Lives: Buddy Holly & The Crickets, 1978 MCA Records LP",15.99,0.0219
v1|127962325608|0,"Hudson & Landry The Gas Man / Sir Basil Doré 7"" Vinyl 45 RPM 895 Comedy",2.40,0.0219
v1|257615480484|0,Bruce Springsteen ‎– Nebraska 1982 Columbia QC 38358,29.99,0.0219
v1|298490706334|0,Whitney Houston     8-45's   5-Picture Sleeves   NM or as Described    1985-1988,20.00,0.0219
v1|206406272411|0,Mason County Mothman / Curse Of Cornstock Anne McCoy 45 DOR-CEE-A Records 1969,499.99,0.0219
v1|206406272411|0,Mason County Mothman / Curse Of Cornstock Anne McCoy 45 DOR-CEE-A Records 1969,499.99,0.0219
v1|178291488817|0,"Casablanca 45 RPM Record, Village People, Y.M.C.A,, The Women ,VG ",1.00,0.0218
v1|236923805332|0,Original Sound Tracks And Hit Music From Great Motion Picture Themes Lp 1960's,10.00,0.0218
v1|336677376425|0,Decca 24739 Bob Hannon & Johnny Ryan Ain't She Sweet / I Never See Maggie,1.00,0.0218
v1|158066465476|0,SHOW BOAT SOUNDTRACK -   - LP -SNTK #7,4.00,0.0218
v1|358755572381|0,LENNY WILLIAMS - CHOOSING YOU ABC 45 WL PROMO,8.00,0.0218
v1|168521455995|0,LINK WRAY-RARE PICTURE SLEEVE + 45--(SLINKY)--PS--PIC--SLV,199.99,0.0218
v1|168521665145|0,Charley Pride Christmas In My Home Town Vinyl LP Record Untested ,7.99,0.0217
v1|236924281338|0,Captain & Tennille's GREATEST HITS - LP Vinyl Record - 1974-77 A&M Records,5.00,0.0217
v1|188599420730|0,"Johnny Frank & Barbara Brown  45rpm  My Darling, My Darling/ A Little Bird Told",3.00,0.0217
v1|198482947132|0,The Band 1978 Rock LP The Last Waltz on Warner Bros,50.00,0.0217
v1|278162886315|0,"NOVELTY SUSAN SMITH ON DYNAMIC   LABEL 45 RPM  7"" RECORD",2.76,0.0216
v1|236924788042|0,VTG The Great Band Era 1936 - 1945 Set 10 LP vinyl records box Booklet Sleeves,1.99,0.0216
v1|236924788042|0,VTG The Great Band Era 1936 - 1945 Set 10 LP vinyl records box Booklet Sleeves,1.99,0.0216
v1|168520837528|0,Rolling Stones - Emotional Rescue - Vinyl LP Record COC-16015,10.00,0.0216
v1|377326112786|0,"ELVIS PRESLEY / ""Gold Records Vol. 2"" / Orange Rigid / 1968 / Reissue",39.99,0.0216
v1|398150970694|0,frank sinatra september of my years vinyl,5.00,0.0215
v1|298488773966|0,Orginal Motion Picture Sound Track A MAN AND A WOMAN LP Album,4.99,0.0215
v1|137482446647|0,Kay Starr - THE MAN UPSTAIRS / IF YOU LOVE ME 45rpm,6.00,0.0215
v1|198476315361|0,Robert Williams- Late One Night A&M SP-6-4889 PROMO VG+/VG+,22.50,0.0215
v1|267720401602|0,"Carpenters Yesterday Once More 45 RPM AM- 1446-s 7"" Vinyl Record in Sleeve 1973",3.19,0.0215
v1|168515416312|0,Vintage - A Treasury of Herb Alpert & The Tijuana Brass 5 Vinyl Record Box Set,25.99,0.0215
v1|287438630747|0,"Lot of 7 Teresa Brewer 10"" 78rpm DOT label records/sleeves and 9 title strips",21.00,0.0215
v1|358755600398|0,Barbi Benton - Staying Power / San Diego Serenade 45 Playboy 1976 NM,3.99,0.0215
v1|287447409558|0,LOT OF 4 VINTAGE VINYL THE ROLLING STONES RECORDS 45s BROWN SUGAR SHATTERED MORE,19.99,0.0215
v1|267720713524|0,OZARK RAMBLER (PARAMOUNT 585) ANDUL ABUL ABUL AMIR/WHEN THEY CHANGED MY NAME,43.00,0.0214
v1|800304411830|0,Johnny Cash Songwriter Vinyl LP Record,7.00,0.0214
v1|336677367216|0,Park Record Corp. P 102A/P 102B 78RPM Single Snarfari/Winters Because Of You,3.98,0.0214
v1|206405936342|0,Fats Domino - Blueberry Hill 33 RPM Vinyl LP Record 1967 Pickwick SPC-3111,0.99,0.0214
v1|137493403851|0,The Royal Kings 45 R&B,6.00,0.0214
v1|398151555932|0,carole king thoroughbred lp,11.99,0.0214
v1|168520669306|0,Elvis Presley - A Legendary Performer Vol. 2 -1976 LP w/Booklet VG VINYL RECORD,5.99,0.0214
v1|117289791675|0,BEETHOVEN BICENTENNIAL COLLECTION SYMPHONIES & OVERTURES PT 1 VOL I LP BOX SET,14.99,0.0214
v1|267720719740|0,"""Classic Cole (Porter)"" Jan DeGaetani-Mezzo-Soprano Leo Smit-Piano 1977 Columbia",6.99,0.0214
v1|188610637027|0,"Hot 50s Bluegrass 45 LESTER FLATT, EARL SCRUGGS Doin' My Time MERCURY hear EX NM",6.00,0.0214
v1|366528994785|0,"B. Bumble & The Stingers 45 ""Silent Movies / Twelth Street Rag"" Promo AU2",0.99,0.0213
v1|318555996488|0,United Artists Tom Jones Sound Track LP Vinyl Stereo UAS 5113,3.99,0.0213
v1|287446037873|0,Cheap Trick Dream Police Record 2015 Re 1979 Vinyl LP Album Rock Roll Power Pop ,24.00,0.0213
v1|287445696115|0,Vintage 1950's Peter Pan Records Little Red Riding Hood,9.00,0.0213
v1|407056982591|0,Harold Melvin and the blue notes 45 record you know how to make me feel so good,5.00,0.0213
v1|336676757150|0,"Alberta Hunter, Amtrak Blues Record VG+, Columbia Records",7.00,0.0213
v1|257605522301|0,Subhumans - The Day The Country Died (BLUURG XLP1),185.00,0.0213
v1|227421402464|0,Johnny Cash At San Quentin - Vintage Vinyl,0.99,0.0213
v1|407056632646|0,Mother Goose Sing Along 20 All Time Favorites MGM Records VIinyl Record,20.00,0.0213
v1|358758415880|0,TONY BENNETT - TONY’S GREATEST HITS VOL III - 1965 MONO Columbia CL 2373 VG+/EX,13.00,0.0213
v1|257611065629|0,PROCAL HARUM - THE BEST OF PROCAL HARUM - HOLLAND IMPORT - NM,12.99,0.0213
v1|327247194454|0,"Ray Conniff LP ""Nashville Connection"" Featuring Country Musicians Good Condition",3.99,0.0212
v1|800303950072|0,"Used 2x Vinyl Records Tommy Dorsey's Greatest Band/12""-Big Band Classic Tracks",9.00,0.0212
v1|158070970719|0,"Pointer Sisters Happiness and Fire 12"" single vinyl record",3.00,0.0212
v1|206394123546|0,Elvis Volume 2 #59 (A Legendary Performer} many great hits,14.99,0.0212
v1|287447534842|0,Rick Springfield Single Record Vinyl Exclusive Club Recording 82 Rick's Message,9.99,0.0212
v1|168514464187|0,3 Sun Ra Square Dance Record  LOT 7” 45 Jerry Rash Folk Country srr6002,4.99,0.0211
v1|366528800973|0,BRUTAL JUICE 1990 MAN'S RUIN RECORDS 45 ,20.00,0.0211
v1|298498934886|0,Willie Nelson Sings Kristofferson - Vinyl Record Columbia JC 36188 VG+,5.00,0.0211
v1|178291517621|0,"AM 45 RPM Record, Cat Stevens,Morning Has Broken,I Waht To Live In A Wigwam VG ",1.00,0.0211
v1|318555329316|0,Christmas With Jesse Crawford Pipe Organ,5.99,0.0211
v1|307048382816|0,LP - Reiner Chicago Symphony - Strauss Waltzes - RCA Victor - Red Seal,8.00,0.0211
v1|398150801852|0,Toscha Seidel 78. Polish Dance. 1920 Columbia Records 78747. One-Sided.,9.00,0.0211
v1|358769524102|0,lp country in the city this is country....my way BRAND NEW,5.00,0.0211
v1|168521545732|0,Fuller Todd Top Ten rock Jeanie Marie King promo rockabilly records 45 VG+,11.11,0.0210
v1|188614731126|0,The Royal Guardsmen Snoopy’s Christmas Original 45 RPM Laurie LR-3416 1967 VG,1.92,0.0210
v1|377325957024|0,"Beatles ""Eight Days A Week"" West Coast picture sleeve only, Great Shape",25.00,0.0210
v1|377326636635|0,Katrina And The Waves 45 Walking On Sunshine / Going Down To Liverpool vg+ w PS,5.00,0.0210
v1|358769273444|0,Heat Extended Hot Mixes Vintage Vinyl LP Record Various Artists (VG/VG),9.50,0.0210
v1|377318095857|0,"DROOGS : KINGDOM DAY  33 RPM Vinyl LP Record Album 1987 - Rick Albin, Roger Clay",6.95,0.0210
v1|398159746865|0,Alfredo Tanus Le Canto A Tus Ojos Latin Bolero 45 RPM Spanish Vocal Vinyl,3.55,0.0210
v1|358755600444|0,BRYAN ADAMS - Hearts On Fire/ The Best Was Yet To Come  45 w/PICTURE SLEEVE EX+,4.99,0.0210
v1|287445987616|0,Lynn Anderson Cry LP Vinyl Columbia Country Pop Album,10.00,0.0209
v1|178292594866|0,"Decca LP Record, Loretta Lynn, You're Lookin at Country, VG ",1.50,0.0209
v1|168522400889|0,Pat Boone – I'm In Love With You / 	I Almost Lost My Mind 1956 VG+,2.65,0.0209
v1|267720490820|0,"WANDA LANDOWSKA The Well-Tempered Clavier, Book 1, 33 1/3 Long Play, RCA Victor",4.99,0.0209
v1|127962779874|0,Willie Nelson & Leon Russell Willie & Leon One For The Road 2XVinyl LP 1979 Orig,3.98,0.0209
v1|398159746310|0,CLIFTON DYSON - BODY IN MOTION - SOUL 45 PROMO MOTOWN NM,3.99,0.0209
v1|188613654659|0,"WGN Radio 720 Go Cubs Go 7"" 45 RPM Vinyl Single Steve Goodman Stereo",35.00,0.0209
v1|358768869915|0,"""THE BEATLES YESTERDAY AND TODAY "", 1966 LP Mono  T-2553, VG++/EX ( lot c)",125.00,0.0209
v1|358768869915|0,"""THE BEATLES YESTERDAY AND TODAY "", 1966 LP Mono  T-2553, VG++/EX ( lot c)",125.00,0.0209
v1|307048195219|0,"Neil Young, After The Gold Rush, 1978 Reissue, Los Angeles Press Gatefold VG+",9.00,0.0209
v1|168521552841|0,"Jimmy Bazzell little things, slow poison ace records VG+ garage rockabilly",11.11,0.0209
v1|298488774173|0,Lot  OF 4 POINTER SISTERS/BONNIE POINTER 45RPM Neutron Dance/Telegraph Your Love,4.99,0.0209
v1|366529195442|0,THE POETS Beat Group 45 rpm Single 7 inch 1964 Now We're Thru ANDREW LOOG OLDHAM,15.00,0.0208
v1|198475298908|0,The Rolling Stones ‎– Hot Rocks 1964-1971 M-/VG+BANNER STICKER  Double LP,40.00,0.0208
v1|366528664866|0,Mint!! The Bill Anderson Story His Greatest Hits Vinyl,12.00,0.0208
v1|236917084471|0,Record THE JOAN BAEZ BALLAD BOOK DOUBLE LP,5.00,0.0207
v1|358755568081|0,GARY LEWIS AND THE PLAYBOYS - THIS DIAMOND RING  HARD TO FIND LIBERTY 45,6.00,0.0207
v1|318542848344|0,Dean Martin Vinyl 33 RPM Record . The Hit Sound Of Dean Martin.,2.00,0.0207
v1|257610607437|0,ROBERT PLANT Little By Little EP Collectors Edition ES PARANZA 90265-4-E 1985,9.95,0.0207
v1|178291554746|0,Tom Waits Live At My Fathers Place 1977 Vinyl,50.00,0.0207
v1|158065022197|0,"Nat King Cole Trio,  4-Record Set Capitol Records",6.00,0.0207
v1|198483889396|0,THE BEATLES  LP VI 1964  Capitol mono   vinyl,15.50,0.0207
v1|287447462216|0,Elvis Presley Girl Happy 180g Limited Edition Vinyl Record Shrink - Excellent-,28.00,0.0207
v1|168514080253|0,"Wet Willie-Keep On Smilin'/Soul Jones-45 rpm-7""-rock-Capricorn CPR0043-vinyl",4.00,0.0206
v1|188614614297|0,Jean Shepard The Best of Jean Shepard 1963 Vinyl LP Capitol Starline Excellent,2.49,0.0206
v1|287445884929|0,ELVIS PRESLEY~THIS IS ELVIS 2 LP (1981) VG+/EX RCA VICTOR CPL2-4031,15.00,0.0206
v1|267720386903|0,Elvis Presley - RCA Victor LP - Pot Luck - LPM-2523,4.99,0.0206
v1|358755572639|0,LESLEY GORE - I DON'T WANNA BE A LOSER MERCURY 45 QUINCY JONES,6.00,0.0206
v1|178292515527|0,-SAMPLES FOR DEAD HEADS - ROUND RECORDS  2 45 Lot Grateful Dead VG,19.99,0.0206
v1|336676737307|0,"Jack DeJohnette’s Special Edition, Inflation Blues Record NRMT, EMC",20.00,0.0206
v1|398150799382|0,Johnny Mathis And Deniece Williams That'S What Friends Are For   Record Album LP,3.00,0.0206
v1|178292183786|0,"THE LETTERMEN GOIN' OUT OF MY HEAD  7"" 45 rpm RECORD CAPITOL 2054",2.00,0.0205
v1|188616552646|0,BEATLES 45 RPM VINYL  RECORD PLEASE PLEASE ME / FROM ME TO YOU - VEE JAY,19.00,0.0205
v1|318554769030|0,"Strictly the Best, Vol. 34 [LP] (Vinyl, Nov-2005, VP Records)",5.00,0.0205
v1|127962398168|0,"Ray Charles Don't Let the Sun Catch You Cryin' Atlantic 7"" 45 RPM 45-2047",1.98,0.0205
v1|137492452417|0,"Kenny Rogers Greatest Hits Liberty 12"" Black Vinyl LP 33 RPM Country",0.99,0.0205
v1|236917089098|0,"EARTH, WIND & FIRE ALL N' ALL",5.00,0.0205
v1|236923010873|0,"Judy Holiday, “Bells Are Ringing” Record VG++, Columbia Records",6.00,0.0205
v1|168521663572|0,LITTLE RICHARD VEE JAY VJ-698 I DON'T KNOW WHAT YOU'VE GOT BUT IT'S GOT ME 1 &2,3.00,0.0205
v1|327251517970|0,Firestone Julie Andrews Christmas Carols Vol 5 Stereo Vinyl LP,3.09,0.0204
v1|178291637784|0,Led Zeppelin Houses of the Holy (early reissue),20.00,0.0204
v1|198483513546|0,Time Life Records Country Music Collection Lot Waylon Charlie George Barbara Lp,18.99,0.0204
v1|287450845288|0,Record Single ,4.29,0.0204
v1|178291360686|0,"Bruce Springsteen & E Street Band Rock LP Vinyl Record Collection 12"" 33 RPM",950.00,0.0204
v1|137494048385|0,JACK DUPREE & MR. BEAR 45 Walking The Blues / Daybreak Rock on KING R&B M- ,6.00,0.0204
v1|298488772727|0,"CHET ATKINS Lover""S Guitar RCA LP Album LSP 4135",4.75,0.0204
v1|327252192737|0,"Marcy Jo & Eddie Rambeau 45 ""Those Golden Oldies / When You Wore A Tulip"" AU2",0.99,0.0204
v1|336677694974|0,Grease (The Original Soundtrack From The Motion Picture) Vinyl LP 1978 RSO VG+,19.99,0.0204
v1|358755572281|0,RICKIE LEE JONES - CHUCK E. 'S IN LOVE WARNER BROS 45 ,8.00,0.0204
v1|137493704356|0,"Vintage 45 - PAUL ANKA - ""Something Has Changed Me"" / ""It's Time To Cry""",1.99,0.0204
v1|127963039364|0,"Crosby, Stills & Nash “CSN” 1977 Vinyl LP",3.00,0.0204
v1|147427859626|0,DIANA ROSS & THE SUPREMES Greatest Hits 1967 1st Press 3 FULL COLOR PAINTINGS,25.99,0.0204
v1|327252209996|0,"The Magic Mushrooms 45 ""It's A Happening / Never More"" AU2",0.99,0.0204
v1|147427878641|0,Three Dog Night Was Captured Live At The Forum 1969,6.99,0.0203
v1|236924100306|0,Chet Atkins - The Best Of Chet Atkins - LP - Mono - LPM-2887- 1964 - RCA Victor ,18.00,0.0203
v1|327253186269|0,Ten Years After Cricklewood Green Lp Record!!!,12.99,0.0203
v1|358755572573|0,THE CHEERS - CHICKEN  DON'T DO ANYTHING CAPITOL 45,3.00,0.0203
v1|358755572614|0,THE COOKIES - GIRLS GROW UP FASTER THAN BOYS DIMENSION 45,6.00,0.0203
v1|137492750576|0,"THE TURTLES 45 RPM Eleanore, Surfer Dan Vinyl By White Whale Records. VTG ",2.49,0.0203
v1|366522534158|0,The Best Of Spike Jones And His City Slickers RCA Records ANL1-1035 1975,5.00,0.0203
v1|257612105211|0,WILL OSBORNE- Yaaka Hula Dickey Dula/12th street rag DECCA  1534-78 RPM VG+,3.99,0.0203
v1|178293872568|0,Glen Campbell - Record Collector’s Dream/Country Boy 45rm (1975),1.45,0.0203
v1|800309017568|0,Bachman Turner Overdrive II 1973 Vinyl LP Record Album,7.00,0.0203
v1|327251581238|0,"MENUDO - Fuego/Llegaste Tu 45 Rpm White Label Latin Pop 7"" Vinyl ",15.00,0.0203
v1|168520703680|0,"Rock N Roll by John Lennon (Record, 2008)",9.00,0.0203
v1|327252046259|0,"Rock N Roll by John Lennon (Record, 2008)",8.99,0.0203
v1|318550776773|0,"The Doors ~ 3x Vinyl 7"" Bundle (Light My Fire, Love Her Madly, Hello I Love You)",9.99,0.0203
v1|800305262306|0,FLEETWOOD MAC  LP Mirage 1982 Warner Brothers   vinyl,9.50,0.0202
v1|327247192955|0,"Roy Orbison 45  ""Blue Bayou"" 1976  ""Mean Woman Blues"" +BIO  - Good  Condition",2.99,0.0202
v1|278162766663|0,THE BEST OF THE MILLS BROTHERS PAS-1010 2 ALBUMS VINYL  VERY GOOD,4.95,0.0202
v1|377325876166|0,1950's  Doo-Wop 45  Lil' Nash and the Ramblers  Come Go With Me,3.00,0.0202
v1|287446085057|0,The Supremes – When The Lovelight Starts Shining Through His Eyes  MOTOWN   1963,8.95,0.0202
v1|307048752653|0,Pop Rock 15 x Vinyl Record LP Stevie Wonder B-52s Michael Jackson Hall/Oates EWF,50.00,0.0202
v1|147427841454|0,THE ROLLING STONES Big Hits (High Tide & Green Grass) 1966 w/Photos,9.99,0.0202
v1|287451963996|0,Eliza A Real Romantic Vinyl LP Record Album,40.00,0.0202
v1|278170810509|0,Classical Music Lot of 6 Eclectic vinyl Records-Bernstein-Meyer-Shifrin-Ghiaurov,6.88,0.0202
v1|158071014650|0,"Pointer Sisters Twist My Arm and Easy Persuasion 12"" single vinyl record",3.00,0.0202
v1|336677351984|0,"Columbia 37090 Dinah Shore Xavier Cugat Waldorf-Astoria ""You So It’s You""",2.20,0.0202
v1|358756201607|0,Meet the Beatles! The First Album vinyl,50.00,0.0202
v1|358755572574|0,JOE TEX - I BELIEVE I'M GONNA MAKE IT DIAL 45,8.00,0.0201
v1|318542516769|0,THE HILLTOPPERS - THE DOOR IS STILL OPEN / TEAR DROPS FROM MY EYES - DOT 78RPM,5.95,0.0201
v1|236923770793|0,"SLIM and SLAM, Jump Session/Vol Vist Du Gaily Star, Vocalion 4346, 78rpm., 1938.",15.00,0.0201
v1|298488946222|0,"THE MOLDAU, EUGENE ORMANDY , THE PHILADELPHIA ORCHESTRA, 12"" COLUMBIA RECORD",0.99,0.0201
v1|800316856191|0,45 RPM  Robert Gordon PRIVATE STOCK 45156 Red Hot w/ LINK WRAY  M-,3.00,0.0201
v1|227421291512|0,"PLASTICLAND The Lady Is No Lady 1985 7"" single 45 RPM VG RECORD Flexi-Disc USED",5.00,0.0201
v1|137495608259|0,x9 LOT BEATLES SEE 24 PHOTOS ! RUBBER SOUL / HELP / '65 / MEET BEAT / 2ND ALBUM,9.99,0.0201
v1|158064219870|0,Group Lot Four 12' inch Extended Remixes Vinyl  80s 90s  ,10.00,0.0201
v1|188612522456|0,"VANILLA FUDGE ""TAKE ME FOR A LITTLE WHILE"" 45 RPM",3.99,0.0200
v1|188614652697|0,Barbra Streisand A Christmas Album Vinyl LP Columbia Like New,1.84,0.0200
v1|336677268976|0,"Victor Orthophonic Record ""I Don't Think So"" Wendell Hall Ukulele 19792-B",1.00,0.0200
v1|198477374638|0,Elvis 45 record return to sender where do you com limited edition picture sleeve,4.99,0.0200
v1|267720456859|0,Dozen 45s Records Vintage Various Artist Used,5.00,0.0200
v1|158064762135|0,Led Zeppelin II 1969 RL/SS Hot Mix Vinyl LP ,21.50,0.0200
v1|800308406263|0,"Europe – Superstitious - 1988 45 rpm 7"" Record",3.00,0.0200
v1|336677925212|0,FLASHDANCE Original Soundtrack From The Motion Picture Casablanca LP Record ,3.99,0.0200
v1|398151583956|0,Chicago PC34200,4.99,0.0200
v1|407056468776|0,The Honest-To-Goodness Country Music Hits!!!! V 1963 LSP-2633 Vinyl 12'' Vintage,0.90,0.0199
v1|398151697678|0,"Mickey Mouse And The Beanstalk Record & Storybook Disneyland Record 7"" 33⅓ RPM",7.50,0.0199
v1|158063968232|0,ANNIVERSARY SONGS KEN GRIFFIN at the Organ Vinyl LP Record 1976 Columbia,3.00,0.0199
v1|168522401080|0,Elmer Bernstein & Orchestra – From The Man With The Golden Arm / Clark Street,2.65,0.0199
v1|227421442245|0,"1954 78 rpm ROSEMARY CLOONEY, MAMBO ITALIANO, WE'LL BE...COLUMBIA 40361 POP, E+",9.95,0.0199
v1|377326237314|0,Billy J. Kramer ~ Little Children ~ Imperial ~ LP-9267 ~ Original 1964 -Rated VG,12.99,0.0199
v1|158070745767|0,"The Flirts Helpless (You Took My Love) 12"" single vinyl record made in Mexico",3.00,0.0199
v1|336677706404|0,"Belinda Carlisle Mad About You 7"" 45 RPM Black Vinyl Single I.R.S. IRS-52815",3.00,0.0198
v1|227421433872|0,"Paul Simon Graceland 12"" Vinyl LP Record Album 33 RPM Warner Bros. Records",15.00,0.0198
v1|168520501857|0,33 LP RPM Vinyl Record Osmonds OSMONDS GREATEST HITS PD-2-9005 Gatefold Album,12.00,0.0198
v1|168522400742|0,Mary Sue And The Trams / The Jalopy Five-Dancing In The Street / (I've Got A),2.65,0.0198
v1|398153317187|0,Johnny Mathis & Ray Conniff Vinyl Albums - Magic Moments / Set of 5 Records 1976,2.00,0.0198
v1|227421281594|0,CANTARES DE CUBA Vol III Los Romanticos De Siempre PANAVOX VG+ VINYL Record USED,5.00,0.0198
v1|267720761764|0,The Marshall Tucker Band Greatest Hits LP ALBUM CAPRICORN RECORDS VINYL EXCELLEN,17.00,0.0198
v1|206406095851|0,Expire With Regret Vinyl Color Silver,39.99,0.0198
v1|147427797142|0,STEELY DAN Gaucho 1980 MCA-1693 Mastered at MASTERDISK,24.99,0.0198
v1|188610637019|0,Hot 50s Bluegrass Bopper 45 LESTER FLATT EARL SCRUGGS On My Mind /Randy COLUMBIA,4.00,0.0198
v1|398150828642|0,Cantonese Opera LPs. Two Record Set. Tien Shing Records. TSLP-2018. Hong Kong,30.00,0.0197
v1|358768532142|0,CONCHITA SUPERVIA  Songs with Orchestra opera Angel High Fidelity NM Innersleeve,12.22,0.0197
v1|227421148687|0,"Lot Of 27 Rock Vinyl:Black Sabbath, John Lennon,Elton, Loverboy,B Joel,BTO",99.99,0.0197
v1|137492028721|0,"ROD STEWART Da Ya Think I'm Sexy? 45 7"" POP ROCK Record Vinyl Records 1978",4.00,0.0197
v1|307042885141|0,The Best of the Mills Brothers 2 vinyl LP record set Jazz pop 1973,7.99,0.0197
v1|298488988077|0,The Drifters – Under The Boardwalk / I Don't Want To Go On Without You 45 RPM B5,5.00,0.0197
v1|307042936959|0,"Marian Anderson “The Lady From Philadelphia” Reissue Vinyl = VG+ 12"" LP Record",3.00,0.0196
v1|267717923944|0,THE SOCIETY GREAT MICHIGAN GARAGE 45 ON SPOKE 1001 NICOTINE FIT JUST AS MUCH,65.00,0.0196
v1|287444739024|0,Rick Springfield I’ve Done Everything For You/Red Hot and Blue Love 7” RCA 1981,2.99,0.0196
v1|178292652520|0,"Steve Miller - ""Rock 'N Me"" - 45 RPM",1.00,0.0196
v1|236918304230|0,Peppermint Harris - 'I Got Loaded' / 'It's You' - Aladdin 3097 Blues R&B 78rpm,7.99,0.0196
v1|168521954872|0,Festival for Orchestra LP DMS-107 Columbia Classical Vinyl Rossini Dvorak Handel,4.58,0.0196
v1|168522401005|0,MARGARET WHITING/FRANK DeVOL  MY OWN TRUE LOVE/FAR AWAY PLACES Capitol 15278 VG+,2.70,0.0196
v1|366529266973|0,"BOY DAP  Lot of (2) 7""  Larga Mi Cai, Bon Bon  45 RARE   Los Campeones Del Ritmo",50.00,0.0196
v1|398152300058|0,Hank Williams  Memorial Album  Vinyl ,5.00,0.0196
v1|117290504995|0,100% Vintage 1977 The Story of Star Wars Vinyl LP Record w/ Booklet,7.50,0.0196
v1|206400854508|0,"Elvis Presley Moody Blue LP Vinyl Sealed RCA AFL1-2428 12"" Black Record",25.11,0.0196
v1|188614191655|0,"OPENED- MCA RECORDS- BOB DYLAN ""Band Of The Hand"" 2TRACK 45RPM VINYL SINGLE",6.00,0.0196
v1|318556424334|0,STEVIE WONDER TALKING BOOK LP HIGH QUALITY 1981 Motown Record..Spain,30.00,0.0196
v1|227421354261|0,"Lester Flatt Foggy Mountain Breakdown RCA 12"" Vinyl LP Record Country ANL1-2120",3.00,0.0195
v1|137492662536|0,David Bowie – Peter and the Wolf • Green Vinyl RCA ARL1-2743 • NM Vinyl,119.99,0.0195
v1|287445776232|0,"KATHY SHANNON This Is My Song 45 7"" Record Vinyl Records",6.75,0.0195
v1|206401192071|0,Lenny Williams - Choosing You (1977),4.79,0.0195
v1|800288865540|0,183g3.  Arthur Pryor Orch. - Morning Journal Waltz - Victor 2764,9.95,0.0195
v1|800288865540|0,183g3.  Arthur Pryor Orch. - Morning Journal Waltz - Victor 2764,9.95,0.0195
v1|206400938981|0,Jethro Tull Living In The Past 1972 Double Vinyl LP Chrysalis Records 2CH 1035,3.30,0.0194
v1|168522708567|0,"Billy Joel-52nd Street-33 RPM-12""-rock-vinyl-record-1978-Stereo-Columbia 35609",5.99,0.0194
v1|158066461481|0,BUTCH CASSIDY & SUNDANCE KID -  MUSIC SOUNDTRACK - LP SNTK #1,4.00,0.0194
v1|168522400426|0,Johnnie Ray-In The Candlelight/Just Walking In The Rain 1956 VG+,2.65,0.0194
v1|407063409536|0,45 RPM  Junior Parker MERCURY 72699 I Can't Put my Finger On it VG,3.00,0.0194
v1|327252018169|0,"Aniceto Molina 2pc Lot MONI 231/238 Vinyl 45 7"" Joey Discos Cumbia Bolero",12.99,0.0194
v1|278163822660|0,Jerry Vale – This Guy's In Love With You LP,3.95,0.0194
v1|127958512033|0,"Elvis Presley:12""LSP Back In Memphis 1970 Vinyl VG+, Cover VG RCA",14.95,0.0194
v1|198483987465|0,John Gary Sings Your All Time Country Favorites LP Vinyl Record Album,4.55,0.0194
v1|800304418835|0,Nat King Cole Ramblin' Rose Vinyl LP 1962 Capitol Records,6.00,0.0194
v1|178293939136|0,1979 Walt Disney Mickey Mouse Disco Disneyland 2504 Vinyl LP Record Vintage,8.50,0.0194
v1|188613226625|0,Elvis Presley Guitar Man Vinyl LP 1981 Excellent,9.95,0.0193
v1|358756677047|0,"Volunteers by Jefferson Airplane (Record, 2012)",9.99,0.0193
v1|307048703654|0,Stevie Nicks 45RPM “Stand Back” 1983 80s Classic Pop Rock 7” Vinyl W/Pic Sleeve,3.00,0.0193
v1|158064922257|0,ROD STEWART SING IT AGAIN ROD VINYL ALBUM WHISKY GLASS SLEEVE,7.99,0.0193
v1|358756218400|0,THE TEN COMMANDMENTS Soundtrack - Elmer Bernstein - Gatefold - Paramount 2 LPs,6.01,0.0193
v1|137492465063|0,King Crimson Lizard 40rh Anniversary CD/DVD,13.00,0.0193
v1|227424316788|0,The Get Up Kids Love Teller 7 Inch Single,20.00,0.0193
v1|158070715294|0,Devo Working in the Coal Mine and Planet Earth 45 rpm vinyl record,3.00,0.0192
v1|168522401208|0,Micki Marlo - Little By Little/It All Started With Your Kiss 1957 EX,2.65,0.0192
v1|398150737708|0,1970's Rock 'n' Roll LP Gene Vincent The Bop That Just Won't Stop (1956),3.97,0.0192
v1|158064793007|0,KEITH ALLISON-PICTURE SLEEVE + 45--(THE GIRL CAN'T HELP IT)--PS--PIC--SLV,39.99,0.0192
v1|188616346908|0,Elvis Presley Vinyl LP Country Music Time Life 1981 Excellent & Bar Code,4.95,0.0192
v1|298487571870|0,"Mickey Lee Lane     45     ""Shaggy Dog/Oo-Oo""      NM       1964",17.00,0.0192
v1|127962322350|0,"1980's, 90's Soul Funk Country Dance WHOLESALE Lot of 130 JUKEBOX 45 RPM RECORDS",35.00,0.0192
v1|227421530335|0,JEFFERSON STARSHIP-Spitfire Vinyl LP  1976 Pre Loved,9.99,0.0192
v1|227421331382|0,Peter Gunn Theme 45 Record Henry Mancini 1959 RCA Picture Sleeve,2.25,0.0192
v1|206400964087|0,Vintage Disney Lady And The Tramp Vinyl LP Record DQ-1231 Bella Notte 1964,12.00,0.0192
v1|377326091211|0,MORAN & MACK Two Black Crows Parts 5-8 x2 1928 Comedy 78 RPM SHELLAC USED,5.00,0.0191
v1|117290165305|0,Steely Dan Gold Vinyl Released 1982 Gold Foil Stamped Cover Collector's Edition,40.00,0.0191
v1|287447465269|0,MICHAEL JACKSON ROCKIN' ROBIN / LOVE IS HERE NOW YOU'RE GONE 45 RPM RECORD,6.00,0.0191
v1|178291241598|0,"Burt Bacharach - ""Greatest Hits"" - LP, Shrink Wrap",1.00,0.0191
v1|800307860792|0,45 Record THE CARS Since You're Gone/ Think It Over,4.00,0.0191
v1|298488774263|0,Lot 3 MANTOVANI  LP -All American Showcase Double LP /Mantovani Magic,15.00,0.0190
v1|236923665398|0,"Rolling Stones (4) Jagger, Richards, Wood, & Watts SIGNED Tattoo You Album + COA",1900.00,0.0190
v1|366529140017|0,"Promenade Records South Pacific Al Goodman Vinyl LP 12"" 33 RPM Musicals 2092",4.00,0.0190
v1|278163504341|0,The Band LP Stage Fright Capitol SW-425 Record,4.99,0.0190
v1|398152722592|0,Elvis Sings The Wonderful World Of Christmas - LP 1975 Re-Issue RCA ANL1-1936,60.00,0.0190
v1|178292553175|0,"Tampa RCA LP Record, Them Old Country Songs, 2 Record Set, VG ",2.00,0.0190
v1|168520623153|0,Johnny Mathis More Johnny's Greatest Hits Vinyl CL 1344 Ultrasonic Clean VG,4.25,0.0190
v1|178292422137|0,"BEACH BOYS: best of the beach boys, vol. 1 CAPITOL 12"" LP 33 RPM",4.00,0.0190
v1|158066328117|0,THE WHO LIVE  AT LEEDS ~ 1970 Vinyl LP Album,19.00,0.0190
v1|278162573686|0,"John Cougar Mellencamp, Rain On The Scarecrow ~ NM 1986 Riva 45 +PS",2.75,0.0190
v1|358756975923|0,DIANA ROSS & The SUPREMES - Greatest Hits - Gatefold - Motown 2 LPs with Insert,7.03,0.0190
v1|127966437963|0,Lot of 2 --  B J Thomas 45 RMP records SCE12230 and SCE12283,1.50,0.0189
v1|358769053561|0,"RCA VICTOR 45 RPM Record, Bobby Bare,Four Strong Winds,Take Me Home VG ",1.50,0.0189
v1|127962338223|0,"Jim Lowe Four Walls / The Green Door Dot Records 7"" Black Vinyl 45 RPM 45-132",1.19,0.0189
v1|188614615813|0,GREATEST HITS--PAT BOONE'S--2 RECORD LP VINYL--1974--FAMOUS TWINSETS--PAS2-1043,1.72,0.0189
v1|188614615813|0,GREATEST HITS--PAT BOONE'S--2 RECORD LP VINYL--1974--FAMOUS TWINSETS--PAS2-1043,1.72,0.0189
v1|158064016531|0,"ARTURO TOSCANINI ""THE MAGIC FLUTE / BARBER SEVILLE"" RED VINYL 45 EP FROM 1950's",4.00,0.0189
v1|336677097140|0,LP Los Graduados LOS CREADORES DE LA CUMBIA GLA LBL MINT-,24.95,0.0189
v1|377328519610|0,The Who (2) 45’s Happy Jack And I Can See For Miles,0.99,0.0188
v1|236923646398|0,Golden Oldies sealed 45 vinyl record singles lot 4,9.50,0.0188
v1|137492368099|0,"45 Record/Side A I’ll Be There, Side B One More Chance/The Jackson 5/Motown/1970",6.95,0.0188
v1|127962791835|0,The BEATLES '65 1969 Stereo VINYL LP Album CAPITOL Records ST2228 B3 VG,12.00,0.0188
v1|206393796370|0,"Billy Butterfield and his Orchestra 16"" Radio Transcription Disc Capitol B-241/2",19.99,0.0188
v1|298488901697|0,teddy pendergrass vinyl 45,15.99,0.0188
v1|307048408741|0,4 LP's - JERRY LEE LEWIS - The Session + Roll Over B..+ Rockin  + All Country,16.00,0.0188
v1|278164242996|0,"Chesterfield Jingle Singers Fire Island Rare Gay Pride Parody 7"" 45 RPM 1958 P/I",40.00,0.0188
v1|147424506436|0,Eric Clapton Just One Night Vintage Vinyl 2  LP 1980 RSO RS-2-4202 Like New LPs,75.00,0.0187
v1|377328744530|0,Walt Disney It's A Small World Vinyl Record 1964 Disneyland Records  WITH bOOKLE,9.99,0.0187
v1|137499452498|0,Bob Dylan The Band Basement Tapes MFSL sacd Mobile Fidelity MOFI,90.00,0.0187
v1|206400572368|0,Elvis Presley - RCA Victor LP - Good Times - CPL1-0475 - BLACK LABEL,4.99,0.0187
v1|366522554948|0,Lenny Dee Most Requested! Organ Solos DL74572 Decca Records 1964,5.00,0.0187
v1|117285198866|0,EMMYLOU HARRIS Evangeline 1981 Warner Country LP,3.99,0.0187
v1|158064771613|0,FABIAN-RAREST PICTURE SLEEVE + 45--(WILD PARTY)--PS--PIC--SLV,139.99,0.0187
v1|158063592504|0,JIMMIE RODGERS Just For You FORUM F-16004 (1961) LP,4.00,0.0187
v1|358772084897|0,DAVID BOWIE: NEVER LET ME DOWN /87 & CRY - EMI AMERICA 45 W/PICTURE SLEEVE -HEAR,4.99,0.0186
v1|168514463721|0,Bluegrass 5 x LP Lot  Charlie Moore- Bill Harrell- Bob Johnson -Poor Richard's,9.99,0.0186
v1|287445121039|0,Lot (28)  Rock 45rpm *BEATLES* CREAM*KINKS*WHO*BADFINGER*BOB SEEGER* more!!!,17.77,0.0186
v1|800306056613|0,Led Zeppelin II 1969 CTH (Terre Haute) Non RL Great Condition,49.99,0.0186
v1|267722926237|0,16 70s Classic Rock Vinyl LP Lot: Who Springsteen Eagles Chicago Boston Journey,51.00,0.0186
v1|298488946352|0,"1955-TCHAIKOVSKY: PATHETIQUE , PIERRE MONTEUX , BOSTON SYMPHONY ORCHESTRA",0.99,0.0185
v1|307048195553|0,LP - Johnny Cash w/Carl Perkins - Little Fauss And Big Halsy - Soundtrack  1970,10.00,0.0185
v1|137493404829|0,Buck Owens' Buckaroos Roll Your Own Vintage Vinyl With Country People Scrapbook,18.00,0.0185
v1|327251556779|0,"RHYTHM HERITAGE-""Theme from SWAT & I Wouldn't Treat a Dog"" ABC Records 45",0.99,0.0185
v1|137493355109|0,Vintage Vinyl LP - Operetta Memories - Mantovani & His Orchestra London Records,1.99,0.0185
v1|158064799116|0,Vtg Disneyland Record 101 DALMATIONS Vinyl LP with Illustrated Story Book 1965,12.99,0.0185
v1|327251556786|0,"Starland Vocal Band  ""Afternoon Delight""  45  Windsong  1975",0.99,0.0185
v1|158066566443|0,BOBBY DARIN- 45RPM WITH PICTURE SLEEVE SET - BOX-9,2.25,0.0185
v1|147422643362|0,ELVIS PRESLEY 2LP PDL2-1037 REMEMBERING RCA SPECIAL PRODUCTS/PAIR NM/MINT,10.50,0.0185
v1|287447114946|0,Remix By The Hit an Going Back To Call Vinyl,8.00,0.0184
v1|336677710846|0,Steely Dan – Greatest Hits - 2xLP 1978 ABC-Cover:VG-Vinyl-NM+,15.00,0.0184
v1|366528998259|0,"The Penguins 45 ""Earth Angel / Hey Senorita"" AU2",0.99,0.0184
v1|127963268746|0,LARGE COLLECTIBLE LOT Carmen Cavallaro 78 rpm 5 box sets 22 records 1939-1948,9.99,0.0184
v1|398152735709|0,frank sinatra where are you vinyl,5.00,0.0184
v1|800288936485|0,1984 ORIGINAL SCANDAL 45 RPM RECORD,0.77,0.0184
v1|327247193907|0,"DOUBLE  45  -  ""The Captain Of Her Heart""  1986  -  Good Condition",2.99,0.0184
v1|267720407863|0,"Songs By Sarah Vaughan EP-1-3305 Mercury Records 45 RPM 7"" Vinyl  1955",2.66,0.0184
v1|287446085045|0,Berna-Dean – I Walk In My Sleep / Little Willie  on  IMPERIAL   1961  PROMO COPY,8.95,0.0183
v1|398152554044|0,“Nat King Cole Sings/George Shearing Plays” Vinyl ,7.00,0.0183
v1|800308958673|0,Mozart --The Greatest Hits Double LP Vinyl Album Mint Condition !,7.00,0.0183
v1|307049895150|0,The Endless Summer Soundtrack Vinyl LP Surfing Movie The Sandals ST 1832,19.99,0.0183
v1|117290320120|0,Hank Snow My early favorites vinyl album on RCA Camden,2.00,0.0183
v1|188614527045|0,The Nashville Sound Bright Lights & Country Music 6 Vinyl LP Box Set Vinyl EX,3.84,0.0183
v1|158064663286|0,45 RPM Record Singles Vintage ~ Lot of 26 ~ large variety,24.96,0.0183
v1|158064219877|0,The Swing Years Columbia House,5.99,0.0183
v1|327251636236|0,"Vintage Carole King ""Thoroughbred"" Vinyl Album (1975)",2.40,0.0182
v1|137483116940|0,CHICAGO BLUES 78: EDDIE BOYD and his CHESS MEN Third  Degree/Back Beat CHESS,19.99,0.0182
v1|206405208056|0,"Pre-Owned Collector's Edition The Unforgettable By Nat King Cole, 8 Album Set",9.99,0.0182
v1|298489142424|0,The Animals Greatest Hits Live! (1984) IRS Records,4.99,0.0182
v1|278169988083|0,New Riders Of The Purple Sage-2 LP Lot Vinyl Records-Greatest Hits-Powerslide,8.99,0.0182
v1|147424506350|0,The Best of The Byrds Vol. 2 Stereo Vinyl LP C 31795 Like New,45.00,0.0182
v1|287447466059|0,1979 Sly and the Family Stone - Remember Who You  Are (45RPM 7”Single)(J488-2) ,9.00,0.0182
v1|188612522452|0,"VANILLA FUDGE ""YOU KEEP ME HANGIN' ON"" 45 RPM",3.99,0.0182
v1|278170802303|0,JOHNNY CASH Greatest Hits Vol. 1 COLUMBIA LP 2-eye Vinyl Record,6.88,0.0181
v1|158064721260|0,"BEATLES ""LONG AND WINDING ROAD""APPLE 1970 GOLD VINYL 45 RECORD PAINTED GOLD",2.99,0.0181
v1|377332223243|0,John Travolta Olivia Newton-John Two of a Kind Vinyl LP MCA Soundtrack,11.88,0.0181
v1|267722596001|0,HONKY TONK EARLY ROCKABILLY 78 RPM by VANCE MORRIS & His ALA. PLAY BOYS,19.99,0.0180
v1|267721186752|0,Cher Portrait ~ 45 If I Could Turn Back Time Framed Lazer Cut ,30.00,0.0180
v1|178291366586|0,THE KINGSMEN - LOUIE LOUIE / HAUNTED CASTLE (1964) WAND RECORDS 45/7”,1.46,0.0180
v1|287446085038|0,The Del Viking w/ Kripp Johnson – I'm Spinning / You Say You Love Me    FEE BEE,8.95,0.0180
v1|178292452794|0,"United Artists LP Record, George Jones, King Of Broken Hearts, VG ",10.00,0.0180
v1|287445555133|0,The Sting [Original Motion Picture Soundtrack] [LP- vinyl),3.79,0.0180
v1|358767603603|0,"AC/DC - If You Want Blood (1978) – Gold Stamp & Timing Strip - Double ""A"" Matrix",150.00,0.0180
v1|307048843977|0,Vintage 60 Years Of Music America Loves Best Album Vinyl 2 Record Set 33 1/3,2.99,0.0180
v1|158066461310|0,BATTLE OF NERETVA SOUNDTRACK   -LP  SNTK #4,4.00,0.0180
v1|307042581154|0,Soviet USSR Aprelevka 33RPM All-Union Radio Folk Orchestra 1961 7” Vinyl,5.00,0.0180
v1|117290366202|0,John McCormack All Alone Victrola 1067-A 78 RPM Shellac Record Single,5.00,0.0180
v1|336677709257|0,"Mike + The Mechanics All I Need Is a Miracle 7"" 45 RPM Vinyl Atlantic 7-89450",3.90,0.0180
v1|127963180762|0,Elton John Tumbleweed Connection MCA Records 1977 Reissue,10.00,0.0179
v1|206401094106|0,Richard Pryor - Greatest Hits - Vinyl Record. VG+ / VG. 12” 33 RPM,6.99,0.0179
v1|127962380027|0,"Carl Mann Pretend / Rockin' Love Phillips International 7"" Vinyl 45 RPM 3546",2.00,0.0179
v1|267721008779|0,"VINTAGE VINYL LP:  Mantovani - ""Song Hits from Theatreland"" (1955)",1.00,0.0179
v1|168521489428|0,MARY WELLS-RARE PICTURE SLEEVE + 45--(STRANGE LOVE)--PS--PIC--SLV,49.99,0.0179
v1|178292174841|0,TOM JONES - I WHO HAVE NOTHING w STOP BREAKING MY HEART,9.97,0.0179
v1|188616534476|0,"45 RPM PICTURE SLEEVES - SLEEVES ONLY- RAIN ON THE ROOF, DAYDREAM, FORTUNATE SON",8.00,0.0179
v1|178291533012|0,"London 45 RPM Record,Margaret Whiting,I Almost Called Your Name,Let's Pretend,VG",1.00,0.0179
v1|257611498787|0,Johnny Cash - The Johnny Cash Show - Vinyl LP  1970 KC 30100 Columbia,7.89,0.0179
v1|158070470069|0,"Debbie Harry In Love With You 12"" single vinyl record",3.00,0.0179
v1|336678426217|0,LP Johnny Ventura El Caballo Negro DECIMOQUINTO ANN COMBO RCSLP-2010  WHT LBL M-,19.99,0.0178
v1|137493101289|0,Gloria Lynne I Wish You Love Vintage Vinyl LP Record Album 1967,10.00,0.0178
v1|336677323328|0,Decca 2527-A/2527-B Jolly Jack Robel At The Outing / Earbender Polka,2.11,0.0178
v1|298480028634|0,Deltairs DOOWOP 45 Standing At The Altar / I Might Like It IVY DJ VG to VG+ HEAR,30.00,0.0178
v1|227421316207|0,"Three Dog Night, Joy To The World, Their Greatest Hits , MCA Records, 1974",4.00,0.0178
v1|178292415535|0,Lot 7 RAZZY BAILEY 45RPM-Mr Melody Man/Knock on Wood/Friends/Poor Boy,4.99,0.0178
v1|287438220565|0,Aretha Franklin Love All the Hurt Away (1981) Sealed,6.00,0.0178
v1|158066465448|0,SOUNDTRACK - WEST SIDE STORY - LP - SNTK #6,8.00,0.0177
v1|188610637025|0,"50s Bluegrass NOS 45 LESTER FLATT, EARL SCRUGGS God Loves / Back To MERCURY NM",8.00,0.0177
v1|127962782575|0,waylon jennings n willie nelson wwii 33 rpm record lp/ very good ,3.60,0.0177
v1|377326078551|0,OSCAR PETTIFORD Worried Life / Empty Bed Blues MANOR Bop 78 RPM SHELLAC USED,5.00,0.0177
v1|800289396151|0,Barbra Streisand,7.00,0.0177
v1|227421128392|0,Classic ROCK Vinyl Lot of 35 LPs 60s/70s/80s Beatles Doobie Brothers SuperTramp,100.00,0.0177
v1|147423563745|0,"U2 ( VINYL bundle)  2-12""  & soundtrack from movie CAPTIVE (THE EDGE)",35.00,0.0177
v1|236923953608|0,MUSIC FROM THE GRADUTE AND OTHER SIMON & GARFUNKEL HITS - VINYL LP RECORD - RCA,3.99,0.0177
v1|287446085042|0,Elvis Presley – Ain't That Loving You Baby / Ask Me  RCA VICTOR   1964 w/pic slv,8.95,0.0177
v1|168514462403|0,"Bee-Gees 45rpm Lot x 12 Everlasting Love, Sinking Ships, Stayin Alive 60's-70's",5.00,0.0176
v1|188613133610|0,Elvis Presley Love Letters 1971 Orange Label Dynaflex Catalog Sleeve Hollywood,20.95,0.0176
v1|188614792036|0,"Olivia Newton-John's Greatest Hits by Newton-John, Olivia (Record, 2022)",3.75,0.0176
v1|358755572611|0,ETTA JAMES - LOVING YOU MORE EVERYDAY ARGO 45,8.00,0.0176
v1|127962717412|0,peter and gordon 45 rpm record promo sunday 4 tea/hurtin is lovin/very good,8.00,0.0176
v1|178291909436|0,NORTHERN SOUL 45RPM Brenda Holloway 45 Record When I'm Gone single TAMLA 1965,19.95,0.0176
v1|227422517774|0,Rodgers & Hammerstein Oklahoma! Soundtrack LP Capitol SAO-595 33RPM,6.75,0.0176
v1|800306186186|0,GEORGE STRAIT LP Right or Wrong 1983 Mca  country  vinyl,8.00,0.0176
v1|318564174171|0,"Christmas With Buck Owens And His Buckaroos T-2396 Mono, With Bonus 45",10.00,0.0176
v1|358770425744|0,"Hank Williams Jr. Back Vol. 1 LP Vinyl 12"" Shelter SRL-52034",20.00,0.0176
v1|336678222890|0,Walt Disney Presents Best Loved Fairy Tales: The Stories Children Love To Hear,3.99,0.0175
v1|257610853699|0,TEDDY REDELL. JUDY/CAN'T YOU SEE. ATCO 6162. ROCKABILY,9.99,0.0175
v1|307043049603|0,"lot 4 vintage Billy Cosby LP ""sports"" Wonderfulness 200 MPH 1 more comedy",28.49,0.0175
v1|257611314551|0,"Carole King Tapestry Ode LP Vinyl 12"" 33 RPM SP 77009 Singer/Songwriter",3.60,0.0175
v1|206400568691|0,Elvis Presley - RCA Victor LP - Elvis For Everyone - LSP-3450,4.99,0.0175
v1|147424506494|0,David Bromberg Band – You Should See The Rest Of The Band Stereo Vinyl LP EX/NM,40.00,0.0175
v1|158064307834|0,DAVE CLARK FIVE-7'-PROMO 45-(I KNEW IT ALL THE TIME)---EX,22.00,0.0175
v1|158066566457|0,PERRY COMO- - 45RPM + PICTURE SLEEVE SET - BOX-10,1.50,0.0175
v1|206400624284|0,"Roxy Music Vinyl Record Lot 12"" LP Greatest Hits / The Atlantic Years 1973-1980",11.18,0.0175
v1|287445879280|0,ELVIS in Hollywood - Double LP - Brookville Records RCA Special Products,12.99,0.0175
v1|358755565614|0,DR. HOOK & THE MEDICINE SHOW - SYLVIA'S MOTHER COLUMBIA 45,3.00,0.0174
v1|318556408825|0,Little Anhony and the Imperials-Norther Soul 45 rpms/ Lot of 5,25.00,0.0174
v1|236928245159|0,"King Stitt / The Dynamites ‎– Fire Corner / Rahtid, 7"" (Vinyl)",29.99,0.0174
v1|358755566306|0,THE CHIFFONS - SWEET TALKIN' GUY LAURIE 45,8.00,0.0174
v1|358777886095|0,Floyd Cramer Cher The Temptations Marty Robbins Anne Murray Vinyl Records,8.99,0.0174
v1|227421532094|0,"1952 78 rpm DORIS DAY, WHO, WHO, WHO / A GUY IS A GUY, COLUMBIA 39673 JAZZ E-",4.95,0.0174
v1|307047861249|0,"Educational Reading Service Snow White 7"" Vinyl 45 RPM Storytelling Single ERS-8",3.02,0.0174
v1|318511739697|0,Various – All The Right Moves - US Soundtrack LP 1983,4.99,0.0174
v1|178290112243|0,Hot Bluegrass 45 BILL MONROE Virginia Darlin' / The Gold Rush DECCA hear NM,4.00,0.0173
v1|287451788058|0,Hubert Laws Say It With Silence Vinyl LP 1978 Columbia Record CBS 82386 Holland,12.00,0.0173
v1|127962942787|0,45 rpm Lot of 4 Culture Club Picture Sleeves-NO RECORDS-Karma Chameleon/War Song,2.25,0.0173
v1|336677707174|0,"Aretha Franklin Jumpin' Jack Flash / Integrity 7"" 45 Vinyl Arista AS1-9528",2.10,0.0173
v1|267723016537|0,Latin 45 Texas Go Go Peerless Broncos De Reynosa Ca Carita El Sol Se Opone VG+,4.99,0.0173
v1|336678291607|0,Bill Cosby Wonderfulness Record 33 RPM LP WS 1634 Warner Bros 1966,7.99,0.0173
v1|366528960028|0,"Papa John Creach LP ""The Best Of"" NM BX5",3.00,0.0173
v1|147422641811|0,BEACH BOYS - When I Grow Up/She Knows Me Too Well - 45 & Pic Sleeve - VG,5.00,0.0172
v1|358769590073|0,1960 Jan Peerce Alaska's Flag / Aleut Lullaby Anchorage Theater 45 Record,20.00,0.0172
v1|318556412436|0,Isley Brothers 45 rpms/ lot of 3,20.00,0.0172
v1|800315961031|0,45 RPM  Brook Benton MERCURY 72266 Another Cup Of Coffee w/ PS M-,3.00,0.0172
v1|287440511074|0,Lot 2 THE ROLLING STONES Lp's albums great hits &'get yer ya-ya's out!' Used,14.99,0.0172
v1|158064722329|0,"BEATLES GEORGE ""BANGLA DESH"" APPLE 1971 GOLD VINYL 45 RECORD PAINTED GOLD",2.99,0.0172
v1|307049954097|0,Anne Murray's Greatest Hits 1980 SOO-12110 Vinyl LP Shrink Tested VG+/VG+,2.99,0.0172
v1|307050139467|0,The Cheltenham Orch. & Chorus”The Greatest Story Ever Told”,2.00,0.0172
v1|188613420863|0,JIMMY PAGE & ROBERT PLANT NO QUARTER 94' BLUES FOLK ROCK VG+ LED ZEPPELIN,68.00,0.0172
v1|198483551999|0,FLEETWOOD MAC Dbl  LP Tusk 1979 Warner Brothers  vinyl,12.50,0.0172
v1|377326078525|0,"BRUNS & DULING Love / Teenangel QCA Folk Pop Ohio 7"" 45 RPM VG RECORD Vinyl USED",5.00,0.0171
v1|168522401124|0,Beverley Sisters - Greensleeves / I'll See You In My Dreams 1956 VG+,2.65,0.0171
v1|358767652853|0,Eagles ‎Their Greatest Hits LP Vinyl 1971-1975 Asylum Records 1976 7E-1052,7.99,0.0171
v1|298488985137|0,George Benson Breezin' Vinyl LP 1976 Warner Bros.,7.00,0.0171
v1|336676946731|0,Billy Joel 52nd Street Vinyl LP Record Album CBS 83181,7.00,0.0171
v1|298488951312|0,"1956-PUCCINI- HIGHLIGHTS FROM MADAME BUTTERFLY, LICIA ALBANESE , 12"" RCA",0.99,0.0171
v1|800306612723|0,"Vintage 1969 Merle Haggard ""Okie From Muskogee""  LP - Capitol (ST-384) “Live”",5.00,0.0171
v1|227421291490|0,"MARTHA & THE VANDELLAS Wild One 1964 Soul 7"" single 45 RPM VG+ RECORD Vinyl USED",5.00,0.0171
v1|298489119772|0,"The Rolling Stones Flowers 1986 London PS 509 12"" Vinyl LP Digitally Remastered",20.00,0.0171
v1|336677413299|0,The Rolling Stones Black And Blue vinyl records 1976,4.99,0.0171
v1|178282769510|0,"Australian Comp Lp Witchery Spellbinders various AC/DC , Little River Band 1975",9.99,0.0171
v1|168522400236|0,Roger Miller – King Of The Road / Atta Boy Girl  1965 VG,2.65,0.0171
v1|188614737515|0,Sing Along With Connie Francis & Linda Ronstadt A Retrospective Two Albums,4.99,0.0171
v1|307052485012|0,"THE WHO ""Happy Jack""  1966  Decca  Stereo DL 74892.",17.50,0.0170
v1|358755565486|0,THE MIRACLES - A LOVE SHE CAN COUNT ON TAMLA 45,8.00,0.0170
v1|158066471664|0,GIGI! SOUNDTRACK -   - LP - SNTK #7,4.00,0.0170
v1|358768211752|0,"I Believe in Country - Various Artists Reader's Digest 12"" Vinyl LP 33 RPM",10.00,0.0170
v1|800304413379|0,"Bob Dylan Subterranean Homesick Blues / She Belongs To Me 7"" 45 Columbia 4-43242",5.00,0.0170
v1|168521077089|0,DAVE CLARK FIVE-7'-PROMO 45--(SATISFIED WITH YOU)--EX,19.99,0.0170
v1|318554931546|0,Hank Willliams My Buckets Got A Whole In It,5.00,0.0170
v1|366528961827|0,Lot of 9 Oldies singles 45rpm with sleeves Elvis The Supremes vinyl ,30.00,0.0170
v1|358771434707|0,The Best Of Glenn Miller Album Released In 1979. Very Good Condition,10.00,0.0169
v1|800304361037|0,Harry Chapin Greatest Stories Live Vinyl Record 1976 2LPs,7.00,0.0169
v1|188616036674|0,Somebody Like Me Eddy Arnold 1966 RCA Records 33 RPM Vinyl Record Album LP Good ,1.75,0.0169
v1|168525955537|0,TWO DEAN MARTIN 1965 Vinyl Records Lps Reprise Houston R6181 & I'm The One R6170,4.50,0.0169
v1|206401431094|0,45 rpm 7 McCartney Clemons Christopher Cross Survivor Naked Eyes Warwick Taco,10.00,0.0168
v1|800292067358|0,Family,60.00,0.0168
v1|188616726824|0,THE WHO TWO RECORD / BOOKLET LOT VINYL RECORDS Mint Cond QUADROPHENIA THE KIDS A,75.99,0.0168
v1|168521553720|0,THE ROOMMATES-RARE PROMO ONLY TITLE SLEEVE+ONE-SIDED 45--(NEVER KNEW)---PS--PIC-,75.00,0.0168
v1|298488773972|0,Lot 4 LP-TOP HITS of the 40's-Vol 2 & 3(Sealed)/Golden Hits /Love Songs of 40's,9.99,0.0168
v1|147424506328|0,Like New The Beatles Rock N Roll Music Vol 1 LP Vinyl Record SN-16020,50.00,0.0167
v1|178300276795|0,1976 BOB SEGER & THE SILVER BULLET BAND LIVE BULLETVINYL 2 RECORD CAPITOL 511523,12.99,0.0167
v1|257611070006|0,THE BEATLES FEATURING TONY SHERIDAN - MR PICKWICK RECORDS - NMINT IN SHRINK WRAP,29.99,0.0167
v1|158066679612|0,Lot of 2 Johnny Cash LPs -Shrink,9.99,0.0167
v1|287446315998|0,The Grass Roots - Where Were You When I Needed You / (These Are) Bad Times - 45,1.99,0.0167
v1|147424506288|0,Fleetwood Mac Tusk Stereo Vinyl LPs Warner Brothers 1979 2HS 3350 EX/NM,75.00,0.0167
v1|800309019653|0,"Engelbert Humperdinck His Greatest Hits 12"" Vinyl LP Record",8.00,0.0166
v1|158063799854|0,Chuck Berry - Rockin' At The Hops (180 GRAM VINYL),14.99,0.0166
v1|158066465490|0,SOUNDTRACK - NIGHT FLYERS  - LP  SNTK #11,35.00,0.0166
v1|188612522457|0,"VILLAGE PEOPLE ""MACHO MAN"" 45 RPM",2.99,0.0166
v1|278163517505|0,"LP, The Who, Who Are You, MCA 3050 Record",6.99,0.0166
v1|198483461021|0,Harold J. Morisch Salute 2 LP 11/23/64 Motion Picture Pioneer of the Year,75.00,0.0166
v1|327252181341|0,"Paper Lace 45 ""The Night Chicago Died / Can You Get It When You Want It"" AU2",0.99,0.0166
v1|800304772422|0,"Ray Peterson My Blue Angel / Come And Get It 7"" 45 RCA Victor 47-7578",6.40,0.0165
v1|298488120447|0,The Crystals - Then He Kissed Me b/w Brother Julius EX 1963 45 rpm Philles 115,4.78,0.0165
v1|358755572211|0,THE TEMPTATIONS - SINCE I LOST MY BABY GORDY 45,3.00,0.0165
v1|307048369172|0,"2 LP's - Charlie Rich - Collection, 20 Greatest Hits 1977 + Lonely Weekends 1960",8.00,0.0165
v1|158066566452|0,BOBBY VINTON-1 - 45RPM WITH PICTURE SLEEVE SET - BOX-10,2.00,0.0165
v1|398152507528|0,Dick Clark (2) - 20 Years Of Rock N' Roll 2 Vinyls,5.00,0.0164
v1|278162956385|0,Bob Dylan – Bob Dylan At Budokan. (2) Vinyl LP Record Album Set.,10.00,0.0164
v1|168522696054|0,"Supremes-Nathan Jones-45 RPM-7""-single-soul-vinyl-record-Motown 1182-NM-1971",4.89,0.0164
v1|127957464177|0,Vintage 1950’s Tap Dance Record From Peter Pan Records 78rpm With Sleeve,4.99,0.0164
v1|137492888285|0,Rocket from the Crypt HITS the monkey islands . Super Rare  6 colored 45's,400.00,0.0164
v1|398151428517|0,"A Hard Day's Night by Beatles (Record, 2012) Vinyl ",50.00,0.0164
v1|307048798641|0,The Osmonds Marie Donny (4) 45 RPM Records Sweet Girl Time Flirtin Paper Yo,4.99,0.0164
v1|377326078527|0,THE FIVE KEYS My Saddest Hour ALADDIN 1953 R&B 78 RPM SHELLAC USED,5.00,0.0164
v1|377327057088|0,Golden Records Jingle Bells / Up on the Housetop 45 RPM Yellow Vinyl R35A/R35B,5.00,0.0164
v1|377326123245|0,George Jones I'll Share My World With You 1969,5.00,0.0164
v1|358767381009|0,Duane Eddy-Stretchin’ Out/Guitar man Vinyl Record Single 45 7”,2.99,0.0164
v1|307052484055|0,"The Animals The Best Of LP 1966 MGM Record E-4324/VG+/ Eric Burdon,Alan Price",10.00,0.0164
v1|236923896403|0,Andrae Crouch & The Disciples (The Best of) 2LPs 1975 Gospel Gatefold,0.99,0.0164
v1|227421391475|0,45 RPM Michael Kiwanuka You've Got Nothing to Lose Waitin Round to Die 2013,5.00,0.0163
v1|398150959220|0,Beatles Love Me Do P.S. I Love You Tollie T-9008 45rpm W/PS! (1964) USA,59.99,0.0163
v1|147422620131|0,Your Ma Said You Cried in Your Sleep Last Night acetate Damion and the Classics,125.00,0.0163
v1|287447114955|0,DUKE ELLINGTON ORCHESTRA Take the Holiday Train LP Holiday HDY-1916 1980,6.00,0.0163
v1|168521175562|0,Frankie Avalon-Venus/I'm Broke-45 RPM-Pop-Chancellor C-1031-vinyl-record-VG,5.20,0.0163
v1|287447114924|0,Christmas Chorus - vintage OG Columbia vinyl LP- Various Artist,5.00,0.0163
v1|147424506500|0,Retrospective: the Best of Buffalo Springfield Stereo Vinyl LP EX/NM Rarely Play,45.00,0.0163
v1|307048416496|0,2-LP's - MANTOVANI AND HIS ORCHESTRA - Christmas Greetings + Encores -London Rec,8.00,0.0162
v1|158066465453|0,SOUNDTRACK -LP SNTK #8 SISTER SISTER,9.99,0.0162
v1|158070529011|0,1950s rock and roll 78 rpm records,325.00,0.0162
v1|158070454048|0,1950s rock and roll 78 rpm records,20.00,0.0162
v1|158070474420|0,1950s rock and roll 78 rpm records,20.00,0.0162
v1|298488906382|0,"STRAUSS: DOMESTIC SYMPHONY, FRITZ REINER, CHICAGO SYMPHONY ORCHESTRA , RCA",1.99,0.0162
v1|298498876781|0,Willie Nelson And David Allan Coe – Willie And David Vinyl 1980 Compilation VG,15.00,0.0162
v1|336677716444|0,"Peter Frampton Baby I Love Your Way/Plain Shame 7"" 45 RPM Vinyl A&M AM-1832",2.00,0.0162
v1|398142317630|0,Don Gibson 45 rpm I Let Her Get Lonely,3.99,0.0162
v1|158055164512|0,Tommy Dorsey Orchestra + Clambake 7 (RCA 45 single + EP) 1950s re-releases,4.55,0.0162
v1|127962553776|0,EARLY CAROLE KING - HE'S A BAD BOY - DIMENSION 1009 - VG+,8.00,0.0162
v1|158063789026|0,"The Best of Mario Lanza (Vinyl Record, 12"") 1964",8.00,0.0162
v1|137484653265|0,"Rod Stewart – Da Ya Think I’m Sexy? (12” Special Disco Mix, 1978) VG+/G",11.99,0.0162
v1|158066467669|0,THE AMERICANZATION OF EMILY  SOUNDTRACK -LP SNTK #3,4.00,0.0162
v1|267720400310|0,"Bette Midler The Rose 45 RPM Atlantic 7"" Vinyl Record in Sleeve 1979",3.35,0.0162
v1|267720648590|0,BRUCE SPRINGSTEEN & THE E STREET BAND LIVE/1975-85 5 LPs Box Columbia C5X 40558 ,29.99,0.0161
v1|206401398326|0,"Heaven 17 7"": We Live So Fast /The Best Kept Secret 1983 Arista USA Human League",3.00,0.0161
v1|407061915858|0,45 RPM Keith Hudson MAFIA True True to my Heart REGGAE VG+,3.00,0.0161
v1|158066679608|0,Lot of 4 Jimmy Dorsey 78rpm Records - DECCA,9.99,0.0161
v1|168520538394|0,33 LP RPM Vinyl Record The Outfield PLAY DEEP Columbia # C-40027,21.00,0.0161
v1|127957514954|0,TOM ROBINSON BAND - TRB TWO. MINT VINYL LP w. CLEAN PR HOLE. 1979. USA. RUNDGREN,4.99,0.0161
v1|227421702606|0,The Rolling Stones Lets Spend the Night togther Ruby Tuesday Picture Sleeve ONLY,4.00,0.0161
v1|278153900228|0,Ron Geesin & Roger Waters ‎– Music From The Body LP,40.00,0.0161
v1|127962796335|0,"Kitts Bros. White country gospel. ""O Beautiful Land"" - Victor V-40171",39.99,0.0161
v1|178290112228|0,"50s Bluegrass 45 LESTER FLATT, EARL SCRUGGS We'll Meet Again / My Cabin MERCURY",3.00,0.0161
v1|800288969255|0,1982 45 RPM RECORD MASTERS OF THE UNIVERSE. NO SLEEVE. NEEDS RESTORED,0.77,0.0161
v1|267720377595|0,Patti Page 45 Vinyl Lot of 3,10.00,0.0161
v1|257612143615|0,"The Four Tops Still Waters Run Deep 12"" Vinyl Record Album LP Motown",5.00,0.0161
v1|398151588068|0,Barbra Streisand Guilty 1980 Vinyl LP Columbia Records Album Barry Gibb Gatefold,4.98,0.0161
v1|168521221134|0,"Eagles' ""Their Greatest Hits (1971–1975)"" album, Asylum Records vintage vinyl LP",19.99,0.0160
v1|168514466030|0,LOT OF 4 Bob Wills COUNTRY / BLUEGRASS ALBUMS LPS  Banjo texas playboys shrink,7.99,0.0160
v1|358768674164|0,"DORIS DAY VINYL: Greatest Hits , Show Time, Sings Her Great Movie Hits",5.00,0.0160
v1|278170802355|0,Neil Sedaka 2 LP Lot Steppin Out With Lyrics- Hungry Years Vinyl Records,2.44,0.0160
v1|358755572337|0,THE LETTERMEN - HURT SO BAD  CATCH THE WIND CAPITOL STEREO 45,6.00,0.0160
v1|358767410259|0,"PIANO MUSIC OF ERIK SATIE, VOL. 5-M1971LP ALDO CICCOLINI",1.00,0.0160
v1|358755572216|0,LEON HAYWOOD - KEEP IT IN THE FAMILY 20TH CENTURY 45,6.00,0.0159
v1|278156401692|0,DIANA ROSS - THEME FROM MAHOGANY MOTOWN LP,8.00,0.0159
v1|257610867605|0,GEORGE MCCORMICK  BLUES MOVED IN THIS MORNING/AFTER ALL  MGM 12504 ROCKABILLY,9.99,0.0159
v1|127966402610|0,💥 ' THE MONKEES ' HIT 45 + PICTURE [Last Train To Clarksville]   1966 ! 💥,11.00,0.0159
v1|158066465475|0,SOUNDTRACK - JOHNNY BE GOOD - LP SNTK #11,20.00,0.0159
v1|398153559385|0,Robert Shaw Christmas  Hyms And  Carols Vinyl,5.00,0.0159
v1|287445721823|0,The Beatles - White Album Vinyl LP Capitol SWBO-101 Tested No Posters,11.50,0.0159
v1|358778097405|0,Nelson Eddy John Denver Magic Organ Roger Williams Vinyl Records LP,8.99,0.0159
v1|168521454036|0,JOHNNY HORTON-RARE PROMO PICTURE SLEEVE+45-(WHEN IT''S SPRINGTIME IN ALASKA)--PS,125.00,0.0159
v1|168522400755|0,Eddie Cooley and The Dimples – Priscilla / Got A Little Woman 1956 VG+,2.65,0.0159
v1|188616944203|0,100% Vintage 1977 The Story of Star Wars Album-Vinyl LP Record-*Missing Booklet,9.99,0.0159
v1|227421292745|0,"Lot 28 Rock Vinyls: Def Leppard,Deep Purple, Led Zeppelin,Neil Y,Foreigner",99.99,0.0159
v1|227421760238|0,"Matthews' Southern Comfort-Woodstock-Decca 32774, 1971, 45, promotional Copy",1.70,0.0158
v1|307052484065|0,Gladys Knight and the Pips - Greatest Hits LP 1970 Soul SS723 Motown  VG,5.00,0.0158
v1|336677645497|0,"Air Supply Even the Nights Are Better 7"" 45 RPM Black Vinyl Single Arista 1982",1.20,0.0158
v1|188599126294|0,"Box Set 45 RPM 7"" Glenn Miller Album Of Outstanding Arrangements 1952 WP 148 ",8.00,0.0158
v1|800316905576|0,45 RPM Chris Bartley VANDO 3000 Baby it's Wonderful VG++,3.00,0.0157
v1|318542806163|0,Tammy Wynette Vinyl 45 RPM Record Stand By Your Man,1.50,0.0157
v1|377317774545|0,Artie Shaw 78 rpm Record RCA Vic 27548 Dancing in the Dark Traffic Jam Fox Trot,6.97,0.0157
v1|168513825961|0,4 VINTAGE 78 RPM TURKISH RECORDS MARKO MELKON AND 2 OTHERS,12.99,0.0157
v1|358755572691|0,IKE & TINA TURNER - POOR FOOL SUE 45 ,8.00,0.0157
v1|267720777389|0,The Who Who's Next Vinyl LP Record Album 1971 Decca Records,8.99,0.0156
v1|267722794281|0,9 70s Pop Folk Rock Vinyl LP Lot: Beach Boys Bob Dylan Hollies Paul Simon VG,6.50,0.0156
v1|267720713063|0,The Moody Blues** To Our Children’s Children’s Children 1969 Record Only,2.87,0.0156
v1|407061924310|0,45 RPM Nancy Sinatra REPRISE DJ 0991 Is Anybody Goin to San Antone VG++,3.00,0.0156
v1|307047935106|0,David Essex – Rock On / On and On 45 RPM,4.00,0.0156
v1|188614647379|0,The Beatles Yesterday and Today Vinyl,45.95,0.0156
v1|318554558568|0,"THE DOOBIE BROTHERS Tom Johnston vinyl lot of 2 STILL FEELS GOOD, Everything",14.99,0.0155
v1|137493517398|0,Elvis Presley LP GracelaD cover,5.00,0.0155
v1|117285096498|0,ELVIS PRESLEY Memories Of Christmas 1982 POP ROCK HOLIDAY LP on RCA #CPL1-4395,5.99,0.0155
v1|257615459534|0,Arcadia So Red the Rose vinyl LP Capitol 1985 lyric sheet With Sleeve,9.99,0.0154
v1|398140694367|0,Barbra Streisand – Guilty 1980 Columbia Records vinyl LP With Barry Gibb,5.00,0.0154
v1|257610744018|0,"John Denver,Dolly Parton, Elvis & Chet Atkins Vinyls By Pickwick",21.00,0.0154
v1|336677030918|0,Warner/Reprise Sampler Collection Albums From The Late 1960s To Early 1970s,20.00,0.0154
v1|307049846274|0,Just One Of The Guys Soundtrack LP Vinyl 80s Promo White Label 60426-1-E,23.50,0.0154
v1|267720400508|0,"Kris Kristofferson Why Me 45 RPM Monument 7"" Vinyl Record in Sleeve 1972",4.15,0.0153
v1|318556419083|0,Lot 13- 78 RPM Records-Nelson Eddy/Woody Herman/Bing Crosby/Felix Knight,9.99,0.0153
v1|257610789798|0,Duke Ellington Masterpieces 2017 Analogue Productions Reissue 2LP 45RPM,49.00,0.0153
v1|358768268306|0,Carole King Tapestry Vinyl LP Record Album,15.00,0.0153
v1|327251747296|0,Murray Head 45 Record One Night In Bangkok Picture Sleeve 1984,3.25,0.0153
v1|137493355097|0,Jim Nabors Sings - Love Me With All Your Heart - LP Record Columbia 1966,2.99,0.0153
v1|206401825079|0,Vintage 1972 The 5th Dimension Greatest Hits Vinyl Record Album,3.38,0.0153
v1|358769222468|0,The Best Of Peter Paul And Mary 10 Years Together Album Released In 1970 VG,10.00,0.0153
v1|236923736065|0,Live from Antones 10th Anniversary Anthology Vol. 1 Antones 0004 Blues LP,14.00,0.0153
v1|307042953826|0,Del Shannon 45RPM “Handy Man” 1964 60s Rock & Roll Oldies 7” Vinyl WOW!,5.00,0.0153
v1|227421352690|0,Leif Garrett 45 Record The Wanderer Picture Sleeve Atlantic 1977,2.25,0.0152
v1|227421831704|0,"RON WOOD  Seven Days 7""  PROMO White Label 1979 45  Bob Dylan'Seve",3.00,0.0152
v1|267722906909|0,9 70s Female Folk Rock Vinyl LP Lot: Janis Joplin Carly Simon Joni Mitchell VG+,2.25,0.0152
v1|287447115490|0,1958 Vintage Elvis Presley album Vinyl ELVIS' GOLDEN RECORDS,15.00,0.0152
v1|127962720669|0,thr hatfields 45 rpm record promo come on back/don't u worry/vg minus,8.00,0.0152
v1|178292416277|0,Lot 2 VICTORY AT SEA RCA VIctor Red Seal LP Album-Volume 1 and Volume 11,4.99,0.0152
v1|168513844216|0,"CONNIE FRANCIS-VACATION-45 RPM-7""-POP ROCK-MGM K13087-VINYL-RECORD-PS-VG+-1962",5.75,0.0152
v1|117295093286|0,"ATTEN HARD CORE LED ZEPPELIN COLLECTORS,LED ZEPPELIN 2 MIS PRESS-ONLY KNOWN COPY",12999.99,0.0152
v1|158064922266|0,Emmylou Harris   PROFILE BEST OF EMMYLOU HARRIS.,3.99,0.0152
v1|178291587064|0,"Motown 45 RPM Record, Commodores,Look What You Done to Me,Three Times A Lady VG ",1.00,0.0151
v1|168513835492|0,Bill Cosby - 8:15 12:15 - Live at Harrah's Lake Tahoe Double Vinyl Pre-owned,0.89,0.0151
v1|168521527486|0,Eddy Howard/Orchestra 78 I Wish Somebody Cared Enough To Cry/Everywhere You Go,4.14,0.0151
v1|198483143311|0,Notorious Music From And Inspired By The Original Motion Picture 1 of 2 Vinyls,40.00,0.0151
v1|336677710474|0,"Simple Minds Alive & Kicking 7"" 45 RPM Black Vinyl Single A&M Records AM-2783",1.90,0.0151
v1|287447520147|0,"Red Foley Red Foley's Greatest Hits LP Vinyl 12"" Decca DL 79063 Country",9.00,0.0151
v1|147422702768|0,Gary Puckett and the Union Gap's Greatest Hits LP,8.00,0.0151
v1|158055569329|0,"BLUES GUITAR 78 Lot  of 3: T-BONE WALKER on Comet, Black & White & Imperial HEAR",29.99,0.0151
v1|287446043424|0," Abba Dancing Queen / That's Me 1976 Stereo 7 Inch Single 45-3372",6.50,0.0150
v1|398152378274|0,beatles beatles for sale vinyl,45.00,0.0150
v1|117290367308|0,Brunswick Das-Nine-Halls Medley of Old Timers 78 RPM Record Single 3992,10.00,0.0150
v1|267720384573|0,Elvis Presley - RCA LP - Pure Gold - ANL1-0971(e),4.99,0.0150
v1|198482887428|0,"Vintage 1955 Mickey Mouse Club 10"" 78 RPM Record Jimmie Dodd Annette Cubby Karen",14.00,0.0150
v1|117285198872|0,Give Just A Little 45RPM Seattle Helps The Hungry Limited Edition,3.99,0.0150
v1|267720737356|0,"Dion & The Belmonts Runaround Sue/I Wonder Why Laurie 7"" 45 LDG 100 (1978)",4.95,0.0150
v1|158064922275|0,The Best Of John Klemmer Mosaic Near Mint Volume One 1979 Vinyl 2 LP MCA 2-8014,25.00,0.0150
v1|287447114921|0,Jay And The Americans Greatest Hits - 1965 United Artists Records UAS 6453 LP,6.00,0.0150
v1|178293877903|0,"Johnny Horton ‎' North To Alaska ' 7"" Vinyl 45 Single 1960 4-41782 Columbia",1.99,0.0150
v1|307048167790|0,LP - THE BEATLES - MAGICAL MYSTERY TOUR - 1967 w/BOOKLET - CAPITOL RECORDS 2835,20.00,0.0149
v1|307048163314|0,LP - THE BEATLES - MAGICAL MYSTERY TOUR - 1967 w/BOOKLET - CAPITOL RECORDS 2835,15.00,0.0149
v1|188612522458|0,"JUICE NEWTON ""QUEEN OF HEARTS"" 45 PS",2.99,0.0149
v1|236923769002|0,Elvis Presley Elvis Golden Records RCA LPM 1707 Rockabilly LP,14.00,0.0149
v1|127968029846|0,"Travolta Newton-John You're The One That I Want, Greased Lightning Vinyl 45 m",9.99,0.0149
v1|407056397715|0,The Best Of The Lovin' Spoonful   Volumn Two Lp,1.93,0.0149
v1|407056067356|0,The Doobie Brothers - Eagles - Carly Simon - Best Of Lps. Bundle Of 3 Records ,11.99,0.0149
v1|398150928711|0,Country Hits LP.  1951 Pontiac Records PLP-511. Wabash Cannonball & Others. 10”,12.00,0.0149
v1|178291504118|0,Elvis Presley Vinyl Record Albums,100.00,0.0149
v1|117293884756|0,"Neil Young, Decade 1976 Warner Brothers",10.00,0.0148
v1|287445883608|0,elvis presley vinyl 2 record set,10.00,0.0148
v1|327251556782|0,"THE BEACH BOYS - ""ROCK AND ROLL MUSIC & THE T M Song"" 45 Vinyl",0.99,0.0148
v1|178292468211|0,"Sly & the Family Stone , 5th Dimension, Two Live Crew & Ashford & Simpson Lot",3.00,0.0148
v1|358755600404|0,BILLY JOEL -  It's Still Rock And Roll To Me / The Long Night 45 with PicSleeve,3.99,0.0148
v1|198483876133|0,HIT OF THE WEEK A-3-4 Picture Record 78 rpm Rudy Vallee Sings Home,19.00,0.0148
v1|137482493110|0,"Chér – Greatest Hits, MCA-2127, VG++/M-, 1974",39.00,0.0147
v1|278163432457|0,ASYLUM CHOIR II - THE ASYLUM CHOIR ...Vinyl LP Album,3.79,0.0147
v1|158066461795|0,BAND OF ANGELS SOUNDTRACK -   - LP - (SNTK #7),4.00,0.0147
v1|366528857416|0,rolling stones vinyl records,30.00,0.0147
v1|800304560967|0,"The Band Up On Cripple Creek / Old Dixie Down 7"" 45 2635",6.00,0.0147
v1|227421150839|0,"Lot Of 27 Rock Vinyl:KISS,Queen,Yes,Rolling Stones,Zz,Heart,Rod",99.99,0.0147
v1|188612522451|0,"THE VAPORS ""TURNING JAPANESE"" 45 RPM",2.49,0.0146
v1|168520654159|0,"The Police Synchronicity II 7"" Vinyl 45 RPM Single A&M 1983 AM-2571",4.00,0.0146
v1|168515417389|0,BING CROSBY - THE GREATEST CHRISTMAS SHOWS (AMERICAN RETROSPECTIVES AR X 100),5.99,0.0146
v1|127966287665|0,"LP 12 Capitol SW-511249, Lettermen All-Time Greatest Hits",2.95,0.0146
v1|398159760623|0,60's Rock 4 LP Lot Herman’s Hermits -Lovin Spoonful -Gary Lewis -Mason Williams,6.88,0.0146
v1|800320448513|0,45 RPM Ted Williams SEARS Tips on how to become a better hitter M-,3.00,0.0146
v1|800308786296|0,"LOT OF (50) 45 RECORD COLLECTION DOO WOP, R&B,BLUES, NORTHERN SOUL 1950'S-70's",11.50,0.0146
v1|137494014163|0,"SPURLOWS: o happy day / i want to be more like jesus YAS 7"" Single 45 RPM",6.00,0.0146
v1|127962339040|0,"Steve Lawrence Speedoo / The Chicken and the Hawk Coral 7"" Vinyl 45 RPM 9-61563",0.99,0.0145
v1|178291479327|0,"Decca 45 RPM Record,The Weavers,When The Saints Go Marching In,Kisses Sweeter VG",1.00,0.0145
v1|127963280729|0,Jukebox 45 & Title Strip Peabo Bryson If Ever You’re In my Arms Again Tested,2.49,0.0145
v1|206401496015|0,1967 Original Motion Picture Soundtrack Doctor Dolittle & Picture Booklet Album ,5.99,0.0145
v1|398150266517|0,Lot Of 27 Vintage Vinyls Various 70s Artists Photo Listing,140.00,0.0145
v1|168520718326|0,VINTAGE Grand Ole Country Hits ACL-7054 vinyl RECORD ALBUM 1963,3.99,0.0145
v1|206393486842|0,"Bullet – I Sold My Soul To Rock n' Roll Vinyl 12"" 45 RPM, Single promo",5.00,0.0144
v1|267721018644|0,"BING CROSBY: The Rose Of Tralee / When Irish Eyes Are Smiling DECCA 7"" Single 45",1.99,0.0144
v1|127962396504|0,"Johnny Cash The Big Battle / When I've Learned Columbia 7"" 45 4-42301",3.19,0.0144
v1|178292415764|0,"Lot 12 LP (no covers)-Elvis,Michael Jackson,Chicago/Eagles/Sg Pepperl'Question ?",25.00,0.0144
v1|377326091194|0,ROCKIN RUDY HANSEN The Mambo Queen / I Walked Away X 1954 78 RPM VINYL USED,5.00,0.0144
v1|188612846962|0,Country Music Vinyl Records Lot,24.00,0.0144
v1|377317736360|0,Dean Martin 45 RPM Record - Gentle On My Mind / That’s When I See The Blues 0812,5.77,0.0144
v1|158066461664|0,A FINE MESS  SOUNDTRACK - LP SNTK #3,4.00,0.0144
v1|327247189755|0,"GALE GARNETT  45  ""We'll Sing In The Sunshine""  1964  ♪  Good Condition",2.99,0.0144
v1|206400977588|0,"Health Builders Daily Dozen w/3D COLOR CHART! Walter Camp Complete 78 RPM, 1921",43.00,0.0144
v1|407056066699|0,Elton John Greatest Hits 1974 Vinyl Lp and The Carpenters Hits 1971 Record,11.99,0.0144
v1|358755600412|0,STING - Russians/Gabriel's Message 45 with PicSleeve  POLICE,3.99,0.0144
v1|287446660337|0,"Vint 45 RPM Vinyl Lot Cher Carole King Half Breed Gypsys Its Too Late 7"" Singles",3.33,0.0143
v1|158066592888|0,Waylon & Willie WWII Vinyl LP Record 1982 RCA AHL1-4455 Outlaw Country Music,0.99,0.0143
v1|318555726848|0,Elvis Presley ‎Pure Gold LP 1975 RCA ‎Vinyl Record ,38.00,0.0143
v1|336678025998|0,"Decca Superstar Murray Head & The Trinidad Singers 7"" 45 RPM Black Vinyl 32603",2.18,0.0143
v1|188610637010|0,50s Bluegrass 45 BILL MONROE Cabin of Love / Country Waltz DECCA hear vg++,4.00,0.0143
v1|117290223317|0,David Johansen-vinyl ,11.00,0.0143
v1|137492274578|0,Mickey Mouse Club Records Walt Disney's SPIN AND MARTY 78 RPM 50s DBR-58 1955,4.00,0.0143
v1|336680441147|0,STYX-THE BEST OF TIMES b/w LIGHTS - ORIG 1981 w/ PIC SLV -45 RPM-NEAR MINT,2.50,0.0143
v1|336678064711|0,"Williams, Ames, Sinatra, Cole, Arnold Albums",20.00,0.0143
v1|198483988113|0,Herb Alpert & The Tijuana Brass – The Beat Of The Brass A&M Records – SP-4146,4.55,0.0142
v1|377326078560|0,"SARAH VAUGHAN Deep Purple COLUMBIA 7"" EP 45 RPM VG+ RECORD Vinyl USED",5.00,0.0142
v1|398151690872|0,Lady and the Tramp Disneyland Record Album Vinyl LP & Read Along Book VNTG 1979,14.99,0.0142
v1|168521457030|0,Bill Hayes uh yuh oh yeah bop boy promo Records VG+ 45 7 rockabilly,12.50,0.0142
v1|188624059184|0,"Chicago Greatest Hits vinyl record LP Columbia Press 12"" 33 RPM, EX Condition.",9.99,0.0142
v1|307048132983|0,Oak Ridge Boys 45RPM “Elvira” 1981 80s Country Classic 7” Vinyl PS,3.00,0.0142
v1|168521565116|0,THE ARCHIES SUGAR SUGAR Rca 7 in Vinyl 45 rpm Record Promo Copy,11.99,0.0142
v1|398140171442|0,JOE SUN 45 rpm Shotgun Rider,2.99,0.0142
v1|267720800520|0,Emmylou Harris – Last Date – 1982 Live LP – Warner Bros. 1‑23740 – Play‑Tested,3.99,0.0142
v1|377326841404|0,Lot 5 Vintage Broadway Vinyl LPs South Pac Oklahoma My Fair Ldy Gigi & Sound Mus,20.00,0.0142
v1|158064015409|0,Dinah Shore King and I Vocal Selections 45rpm Vinyl Record & Sleeve RCA  EPA-411,3.00,0.0141
v1|307049769947|0,"The Beatles Rock In Roll Music, Volume 2 - Vinyl LP Record 33 rpm Never Played.",24.75,0.0141
v1|287446672734|0,Eric Carmen 45 Single Record She Did It/Someday 1977,2.99,0.0141
v1|398151169175|0,RICKY NELSON Honeycomb IMPERIAL 45 EP rockabilly be-bop baby,5.00,0.0141
v1|227421324364|0,Vintage 45 Rpm Vinyl Record Single “U2” Promo “Pride In The Name Of Love” 1984,11.99,0.0141
v1|158066465586|0,SOUNDTRACK -SNTK THE FORTH PROTOCOL-1aL - LP SNTK #10,9.99,0.0141
v1|358755572792|0,VERNON GARRETT - I'M AT THE CROSSROAD PT. 1&2 ICA 45,3.00,0.0140
v1|127962435875|0,the capris 45 rpm record theres a moon out tonight/very good minus,2.40,0.0140
v1|127958512027|0,"Elvis Presley:12""Double LP Elvis In Hollywood with booklet 1976 Vinyl NM",19.95,0.0140
v1|188610637009|0,"50s Bluegrass 45 LESTER FLATT, EARL SCRUGGS Someone Took / I'd Rather COLUMBIA",3.00,0.0140
v1|377326078533|0,"GARNET MIMMS I'll Take Good Care Of You 1966 Soul 7"" 45 RPM VG RECORD Vinyl USED",5.00,0.0140
v1|188610637005|0,50s Bluegrass 45 BILL MONROE Memories of Mother / The Little Girl DECCA hear EX,5.00,0.0140
v1|158066465546|0,SOUNDTRACK - RUSSKIES - LP SNTK #11,9.00,0.0140
v1|188616576578|0,Lot Of 8 Jim Reeves Vintage Vinyl Albums Records 1960's Country Music 33 RPM,22.00,0.0140
v1|398151164726|0,the beatles beat vinyl,105.00,0.0139
v1|158064792866|0,Bruce Springsteen & The E Street Band Live Box Set 5x 33 Vinyl LP Album Record,18.00,0.0139
v1|287451117974|0,"ANITA BAKER "" GIVING YOU THE BEST THAT I GOT "" LP  VG++",12.00,0.0139
v1|298488773703|0,ANNE MURRAY-Anne Murray's Greatest Hits LP Album,4.99,0.0139
v1|800304768048|0,"Del Vikings You Cheated / Pretty Little Things Called Girls 7"" 45 71345X45",5.00,0.0139
v1|327251737683|0,Whitesnake 45 Record Here I Go Again Picture Sleeve Geffen 1987￼,2.25,0.0139
v1|168521489077|0,MARLIN AND THE MERMAIDS-PICTURE SLEEVE + 45-(ALICE IN WATERLAND)--PS--PIC--SLV,24.99,0.0139
v1|327247192110|0,"The Crystals  45  ""He's A Rebel""  1962  ""I Love You Eddie""  Good Condition",2.99,0.0139
v1|336677704971|0,"Whitney Houston Saving All My Love/All At Once 7"" 45 Vinyl Arista AS1-9381",1.59,0.0138
v1|168521544493|0,RENEE ROBERTS-RARE PICTURE SLEEVE + 45--9I NEED YOU)--PS--PIC--SLV,45.00,0.0138
v1|158064890628|0,PEANUT BUTTER CONSPIRACY-RARE PICTURE SLEEVE+ 45--(BACK IN L.A.)--PS--PIC--SLV,49.99,0.0138
v1|407063424734|0,45 RPM Lonnie Mack FRATERNITY 951 Chuckin Pickin / Honky Tonk 65 VG++,3.00,0.0138
v1|407056632611|0,THE BEACH BOYS “ENDLESS SUMMER” 1974 VINYL LP - TWO RECORD SET OF ALL THEIR HITS,10.00,0.0138
v1|227422503449|0,Frankie Valli And The Four Seasona Silver Anniversary Collection Record,50.00,0.0138
v1|307048229586|0,Elvis Presley-Burning Love And Hits From His Movies-Vinyl LP-Volume 2-CAS-2595,3.85,0.0138
v1|168522400760|0,Nat King Cole - Angel Smile / Back In My Arms  1957 EX,2.65,0.0138
v1|358755465875|0,Vintage Young Americans David Bowie RCA Records Vinyl LP 1975 USA Rock,9.99,0.0138
v1|318556410102|0,"Jude Cole-Heart of Blues/Baby, It's Tonight- 45 rpm record",10.00,0.0138
v1|287446861560|0,Eddy Arnold 78 RPM Vinyl 20-2481AB Easy Rockin Chair RCA Victor,4.00,0.0138
v1|336677724764|0,"Atlantic Starr Always 7"" 45 RPM Black Vinyl Single Warner Bros. 1987 7-28455",5.20,0.0138
v1|178292720416|0,"MCA LP Record, Loretta Lynn, Greatest Hits VG",1.50,0.0137
v1|278163967051|0,Ink Spots ----LP -The Best Of - Double LP. Records.-DECCA RECORDS,11.11,0.0137
v1|407058781318|0,Diana ROSS Everything Is Everything Vinyl Lp W/ 1970 MOTOWN SOUND RECORD SLEEVE,4.99,0.0137
v1|178291394294|0,THE BEATLES Abbey Road LP: Capitol SO 383 (1978)  ,19.99,0.0137
v1|158064883783|0,"Orrin Tucker ""Where'd You Get Those Eyes"" / ""Make Believe"" 10"" 78 RPM 1940",3.77,0.0137
v1|127963144885|0,"Sandy Stewart My Coloring Book/I Heard You Cried Last Night 7"" Vinyl 45rpm",0.99,0.0137
v1|117285002623|0,Vintage Ennio Morricone The Good Bad and Ugly Soundtrack Vinyl Record Movie,32.99,0.0137
v1|358772047363|0,x2 PAUL  LP ! GREATEST HITS & STILL CRAZY AFTER ALL THESE YEARS L@@K !!,9.99,0.0137
v1|127958512035|0,"Elvis Presley:12""LP The Legendary Magic Of Elvis Presley 1980 Vinyl NM, Cover M-",15.95,0.0136
v1|158066465517|0,SOUNDTRACK -LP SNTK #8 - THE EDGE - CAPTIVE,9.99,0.0136
v1|158066467707|0,THE MUSIC MAN SOUNDTRACK -   - LP - SNTK #7,7.00,0.0136
v1|127962337360|0,"Smiley Lewis Bumpity Bump / I Hear You Knocking GIGI 7"" Black Vinyl 45 561",2.28,0.0136
v1|800303949154|0,Used 1969 45 RPM Vinyl Record Diana Ross &The Supremes/Someday We'll Be Together,8.25,0.0136
v1|287445949417|0,"Time Life Music Greatest Country Duets Various Artists LP Vinyl 12"" Country Duet",10.00,0.0136
v1|127964086206|0,jim gaylord 45 rpm record promo i apologize/i could walk the earth/vg-,2.88,0.0136
v1|800308673302|0,B. B. King RPM 437 Ten Long Years. VG++/VG+.  Nice Gloss,25.00,0.0136
v1|168521690052|0,Assorted Multi Color Lot Thats Truckdrivin Silent Night Gone With The Wind,9.99,0.0136
v1|407056494107|0,"Nat King Cole When You're Smiling Vinyl LP Pickwick Stereo 12"" 33 RPM",1.93,0.0136
v1|358755572474|0,IKE & TINA TURNER - IT'S GONNA WORK OUT FINE SUE 45,3.00,0.0135
v1|307048764640|0,George Jones  Anniversary      NM  Double Album of 10 Years of Hits  Gold  Stamp,15.00,0.0135
v1|147424689068|0,Like New B.B. KING The Greatest Hits Of Vol. 1 Stereo Vinyl LP KST-552,45.00,0.0135
v1|168521753830|0,45 RPM Vinyl Record Singles,2.99,0.0135
v1|178292379278|0,"Decca 45 RPM Record, Bing ,White Christmas, God Rest Ye Merry Gentlemen, VG ",2.00,0.0135
v1|278163183257|0,John Lennon / Yoko Ono 45 with picture sleeve just like starting over,19.00,0.0135
v1|327251556784|0,"Jackson 5 ""State Of Shock  & Your Ways"" 45 RPM 7"" Epic Records Paper Sleeve",0.99,0.0135
v1|127962536188|0,💥' AEROSMITH ' HIT 45 + PICTURE SLEEVE [ LOVE IN THE ELEVATOR ]  1989 !💥,6.00,0.0135
v1|236923665397|0,"Rolling Stones (5) Jagger, Richards, Wood, Watts, & JONES  Back SIGNED Album+COA",4550.00,0.0135
v1|800305236686|0,"Classic Comedy 7x LP Lot, Saturday Night Live Martin Murphy  Vinyl Record Album",29.99,0.0134
v1|198477378773|0,ELVIS PRESLEY  JAILHOUSE ROCK TREAT ME NICE 45 vintage vinal record limited edit,4.99,0.0134
v1|168522400766|0,Marty Robbins 45 The Story of My Life / Once-A-Week Date Columbia 4-41013,2.70,0.0134
v1|327252866548|0,1982  Capitol The Beatles Movie Medley / I'm Happy Just to Dance With You,8.00,0.0134
v1|307048414742|0,2 LP's - Tammy Wynette - Anniversary + All Time Country & Western Vol. VII,8.00,0.0134
v1|366530247231|0,After Bathing at Baxter's Jefferson Airplane Vinyl Windsor CO Library copy,9.00,0.0134
v1|158065155706|0,Vintage Red Vinyl 45 Eric Silver Piano Novelties Royale Records ,5.00,0.0134
v1|287447115489|0,JOHANN STRAUSS GREATEST HITS ARTHUR FIEDLER/FRITZ REINER 1971 RCA LP,7.00,0.0133
v1|137493555412|0,Nat King Cole The Best of Nat King Cole Capitol Records 1974 US Vinyl LP,7.00,0.0133
v1|188612522455|0,"VAN HALEN ""DANCE THE NIGHT AWAY"" 45 RPM",2.49,0.0133
v1|236917122850|0,"2 JOHNNY CASH - SUN Records - 45 rpm's - ""You're the Nearest Thing to Heaven"" ++",3.99,0.0133
v1|198482894768|0,Rolling Stones Jumpin’ Jack Flash London 45 908 7” original picture sleeve 1968,19.00,0.0133
v1|398151047752|0,Hilo Hawaiian Orchestra 78. Hawaiian Nights & Aloma. 1927 Victor Record 21110.,12.00,0.0132
v1|327251556791|0,"Vintage ""The Farmer In The Dell""  45 RPM Golden Records",1.99,0.0132
v1|327251556791|0,"Vintage ""The Farmer In The Dell""  45 RPM Golden Records",1.99,0.0132
v1|298488772350|0,ROGER WILLIAMS Golden Hits LP Album KS-3530,4.75,0.0132
v1|158066465550|0,SOUNDTRACK -SNTK THE GLASS MENAGERIE-1aa- LP SNTK #10,9.99,0.0132
v1|377317731319|0,Bing Crosby 78 rpm Record Decca 2679 My Little Buckaroo - I’m An Old CowHand,7.97,0.0131
v1|267720654601|0,"The Beach Boys - 45 rpm record - ""You're So Good To Me"" / ""Sloop John B""",5.00,0.0131
v1|307050013084|0,I Like the Jersey Shore 45 Record Killian and Company Beltane Records Signed,25.00,0.0131
v1|307047621500|0,Elvis Presley - The Beginning Years - Vinyl LP & Case Candy,6.00,0.0131
v1|407058765746|0,THE PASTE SAMPLER Summer 2017 LP Whitet Vinyl Various Artists VG+,8.00,0.0131
v1|278163430800|0,"Prince Purple Rain 7"" Single 45 RPM Purple Colored Vinyl Warner Bros.",5.44,0.0131
v1|800304698372|0,"Tony Joe White Aspen Colorado / Polk Salad Annie 7"" 45 RPM Monument Mn45-1104",5.00,0.0131
v1|127962347169|0,"Rick Springfield Why? / Speak to the Sky Capitol 7"" Black Vinyl 45 RPM 3340",1.19,0.0131
v1|287447114009|0,DIANA ROSS & THE SUPREMES NEIL DIAMOND IT'S HAPPENING MOTOWN 734727 VINYL RECORD,6.00,0.0130
v1|158064059205|0,ROLLING STONES-RARE PICTURE SLEEVE + 45--(HEART OF STONE)--PS--PIC--SLV,149.99,0.0130
v1|158066471628|0,OKLAHOMA CRUDE SOUNDTRACK - LP SNTK #1,4.00,0.0130
v1|178291645481|0,Paul McCartney And Wings Coming Up 45rpm Live Version,8.00,0.0130
v1|358769036688|0,"20th Century Fox 45 RPM Record, The Little Drummer Boy, O Holy Night, VG ",2.00,0.0130
v1|327252171077|0,"Bill Haley 45 ""Joey's Song / Ooh Look A There Ain't She Pretty"" AU1",0.99,0.0129
v1|137484651838|0,David Bowie – A Second Face MIP-1-9374 G+/VG London Records 1983,24.99,0.0129
v1|358755572844|0,THE BEATLES - WE CAN WORK IT OUT CAPITOL 45,6.00,0.0129
v1|227416948129|0,"Matt Monro 45 ""Yesterday"" ©1965 ""Just Yesterday"" ♪ Good Condition",2.99,0.0129
v1|188613072502|0,Elvis Presley-Burning Love And Hits Vol 2~Reissue LP Pickwick 1975,1.80,0.0129
v1|236923604131|0,1964  Percy Faith & his Orchestra Play Great Folk Themes Vinyl Record Album ,10.00,0.0128
v1|307047807577|0,"Seven Elvis Presley 45's from the 50's, 60's and 70's Love Me Tender & 6 more",12.00,0.0128
v1|407058703556|0,NEIL SEDAKA Little Devil / I Must Be Dreaming 1961 45+ps RCA Victor 47-7874 PS,7.00,0.0128
v1|318556246905|0,the best of manhattan transfer lp,10.00,0.0128
v1|358772042664|0,x2 SIMON & GARFUNKEL LP ! GREATEST HITS & BOOKENDS ! FOLK ROCK,9.99,0.0128
v1|318555352370|0,"Neil Diamond Heartlight LP Vinyl 12"" 33 RPM Columbia 1982 QC 38359 w/sleeve",9.99,0.0127
v1|358755572324|0,THE SILHOUETTES - GET A JOB EMBER 45,8.00,0.0127
v1|137500245827|0,"Sweet Dreams -Movie Soundtrack LP - Vinyl MCA Records Willie Nelson, Patsy Cline",3.50,0.0127
v1|158070663053|0,David Bowie Blue Jean and Dancing With the Big Boys 45 rpm vinyl record,5.00,0.0127
v1|127962349021|0,"Charlie Starr Memphis Mums 7"" Black Vinyl 45 RPM ZSI 6012 Promo",6.00,0.0127
v1|358758079682|0,"Bob Seger 45 rpm Vinyl Record Understanding/East LA,  Sleeve NM Capitol 1984",9.95,0.0127
v1|358755600422|0,EARTH WIND & FIRE -  SYSTEM OF SURVIVAL/WRITING ON THE WALL 45RPM  W/PIC SLEEVE,3.99,0.0127
v1|287445302450|0,The Ecstasy of Gold 31 Killer Bullets from Spaghetti West Vol. 5 One Record,8.00,0.0127
v1|398159728421|0,SOUL 4x 7” Lot SLY STONE-Johnny Rowland-Steve Douglas-Ronnie Williams 45 Rpm,6.88,0.0127
v1|188614644696|0,Everly Brothers Wake Up Little Susie / Poor Jenny Collectables Yellow Vinyl 45,2.88,0.0127
v1|377326078591|0,"MIKE DOUGLAS The Men In My Little Girl's Life  7"" single 45 RPM VG+  Vinyl USED",5.00,0.0126
v1|168522400955|0,De John Sisters-Hotta Chocolotta/The Man With The Blue Guitar 1956 VG+,2.65,0.0126
v1|298488649737|0,HARRY BELAFONTE-RCA VICTOR 47-6735-MARYS BOY CHILD-VENEZUELA-45RPM-1958,1.99,0.0126
v1|257611401608|0,Rick Springfield ‎Hard To Hold Soundtrack LP 1984 RCA  Peter Gabriel Graham Park,7.00,0.0126
v1|188612522464|0,"THE VIBRATIONS ""MY GIRL SLOOPY"" 45 RPM",2.99,0.0126
v1|127963138127|0,Elton John Johnny B. Goode MCA Records Promo Vinyl Single 1979 L33-1854,12.00,0.0126
v1|227421162445|0,"Lot Of 29 Rock Vinyl:KISS,Beatles ,Rolling Stonesx2,AsiaJT,S&G",99.99,0.0126
v1|198483923649|0,GEORGE STRAIT LP Icon 2017 Mca Nashville  country  vinyl,11.50,0.0126
v1|298488984779|0,Old King Cole 7 Inch Vinyl Record Peter Pan Records,5.00,0.0126
v1|168521006809|0,DAVE CLARK FIVE-PICTURE SLEEVE + 45--(A LITTLE BIT NOW)--PS--PC--SLV,22.00,0.0125
v1|127967015510|0,Elvis King Creole RCA Victor Black Label Dog Top Center Record VG++ Cover VG+,34.99,0.0125
v1|298488643162|0,GUY LOMBARDO - GUY LOMBARDO'S GREATEST HITS - MCA RECORDS LP,2.99,0.0125
v1|168522400864|0,"Johnny Williams ‎1959 – A Tribute To Hank Williams Vinyl, LP Crown CLP-5121",2.70,0.0125
v1|137494005308|0,Doo Wop/Vocal 45 RPM  The Edsels on Tammy: What Brought Us Together/Don’t Know W,5.80,0.0125
v1|206401709919|0,"George Strait - Greatest Hits OG LP, MCA Records, 1985, MCA 5567",24.99,0.0125
v1|117289721041|0,BEE GEES GOLD VOL 1 LP,6.49,0.0124
v1|168521486391|0,"THE BEACH BOYS, ""BEST OF THE BEACH BOYS VOL. 2""",4.50,0.0124
v1|358767467022|0,elvis presley vinyl,50.00,0.0124
v1|127962317455|0,"Jive M. Fluffer Waterbladder Blade 7"" Black Vinyl 45 RPM Promo JMF 001",4.40,0.0124
v1|168513926698|0,The Kiki Dee Band-I've Got The Music in Me-45 RPM-rock-Rocket-MCA-40293-vinyl-EX,5.00,0.0124
v1|158066779724|0,Judy Garland - Her Greatest Hits (1970) 2-LP Vinyl • ,5.50,0.0124
v1|188610637022|0,50s Bluegrass 45 LESTER FLATT EARL SCRUGGS God Loves His Children / Back MERCURY,6.00,0.0124
v1|127962395181|0,"Johnny Cash What Do I Care / All Over Again Columbia 7"" Black Vinyl 45 4-41251",2.00,0.0123
v1|178292131279|0,"Bing Crosby, Columbia set #M-555. Crosby Classics,78 rpm",9.99,0.0123
v1|158064721464|0,"BEATLES RINGO BACK OFF BOOGELOO"" APPLE 1972 GOLD VINYL 45 RECORD PAINTED GOLD",2.99,0.0123
v1|407063403198|0,45 RPM Jimmie Skinner MERCURY 71387 Walkin my Blues / Dark Hollow ROCKABILLY VG+,3.00,0.0123
v1|358771046908|0,Willie Nelson & Leon Russell – “One For The Road” (1979) – Triple Promo,40.00,0.0123
v1|407055986698|0,CHUBBY CHECKER PARKWAY RECORD 45 OH SUSANNAH/PONY TIME 818,5.00,0.0123
v1|178291639490|0,Jimmy Page Special Early Works ( 1975 reissue),20.00,0.0123
v1|198483408084|0,"The Bangles-If She Knew What She Wants-w/PS-45 RPM-7""-single-pop-vinyl- EX",2.50,0.0123
v1|358769531014|0,LP WCUZ AND SOUTHERN WINDS PRESENTS GRAND RAPIDS 1980-1981 ALL -AMERICA COUNTRY,5.00,0.0122
v1|377317800000|0,Gene Autry 78 RPM Record - Peter Cottontail / The Funny Little Bunny Columbia,8.77,0.0122
v1|158066566469|0,SIEDAH GARRETT-1 - 45RPM WITH PICTURE SLEEVE SET - BOX-10,3.00,0.0122
v1|407056857838|0,Mantovani Film Encores Vol. 2 By London Records 45,9.99,0.0122
v1|188614736334|0,Frankie Avalon WHY & SWINGIN ON A RAINBOW with Picture Sleeve 1959 45rpm,1.20,0.0122
v1|188614575165|0,Everly Bros Bye Bye Love 45 RPM Cadence 1315 VG+ Bridgeport ZTSP Runouts,1.77,0.0122
v1|336677272081|0,Signature 15017-A All Through the Day Ray Bloch Orchestra Black Record,1.00,0.0122
v1|188615879813|0,"ELVIS PRESLEY, ""JUST FOR YOU"" EPA-4041 Very Good + Vinyl and cover 1957",21.95,0.0122
v1|198483676503|0,George Russell Sextet at the Five Spot LP Decca - Klabin collection,12.00,0.0122
v1|287446996127|0,MIGUEL ANGEL FIGUEROA EL JIBARO DE ADJUNTAS EN AUSENCIA FATAL LP,7.99,0.0122
v1|267720743067|0,"Don Williams Send Her Roses/Senorita Capitol 7"" 45 RPM B-5683 (1988)",4.95,0.0122
v1|327247187418|0,"The Ventures ""Hawaii Five-O"" 1969 45 Single ""Soul Breeze"" +BIO - Good Condition",2.69,0.0122
v1|327247187418|0,"The Ventures ""Hawaii Five-O"" 1969 45 Single ""Soul Breeze"" +BIO - Good Condition",2.69,0.0122
v1|298488900103|0,"1986-PAUL JABARA-""DE LA NOCHE"", THE  TRUE STORY, FEAT: LEATA  GALLOWAY,DIVA GRAY",1.99,0.0121
v1|227421291562|0,ROGER KING MOZIAN Temptation / Panorama CLEF 1953 Latin Jazz 78 RPM VINYL USED,5.00,0.0121
v1|287445912835|0,"""Hit 45's of the 70's, Vol 1"" LP",4.29,0.0121
v1|178292414038|0,VOICES Motion Picture Soundtrack Planet LP Album,4.99,0.0121
v1|358771050151|0,"COUNTRY VINYL LOT: Johnny Cash, Charlie Rich, Roger Miller, Johnny Lee",7.00,0.0120
v1|287445688351|0,BUDDY HOLLY 45 Reminiscing/Wait Till the Sun Shines Nellie  vinyl,10.00,0.0120
v1|178290112240|0,"50s Bluegrass 45 LESTER FLATT, EARL SCRUGGS Salty Dog Blues / Pike MERCURY hear",6.00,0.0120
v1|158063725790|0,"Donna Summer Bad Girls Casablanca 1979 Vinyl LP 12"" 33 RPM NBLP-2-7150",40.00,0.0120
v1|158066566470|0,JULIO IGLESIAS-1 - 45RPM WITH PICTURE SLEEVE SET - BOX-10,1.50,0.0120
v1|137492023123|0,“At Bustles & Bowes with Muggsy's Gaslighters” 33 LP Marbo Label High Fidelity,4.99,0.0120
v1|358755567280|0,SANDY NELSON - ALL NIGHT LONG  ROMPIN' & STOMPIN' IMPERIAL 45,6.00,0.0120
v1|147416550695|0,"""Down South / Middle Age Mambo"" (Sophie Tucker) 1954 Mercury 45 rpm single",5.00,0.0120
v1|327252181342|0,"Jimmy McCracklin 45 ""The Walk / I'm To Blame"" AU2",0.99,0.0120
v1|137493704402|0,"PAT BOONE 45 SIngle - ""Speedy Gonzales"" / ""The Locket"" - DOT RECORDS",1.99,0.0119
v1|358768243489|0,Willie Nelson His Greatest Hits & Finest Performances Vinyl Box Set 1987,15.00,0.0119
v1|366532702020|0,Stevie Wonder My Eyes DONT CRY Vinyl Single 12 inch Motown ‘87 VG+,2.00,0.0119
v1|336672398306|0,The Guitar Greats - Everest Records FS-243 - Glen Campbell + Mason Williams +++,5.59,0.0119
v1|800315939057|0,45 RPM Ernest Tubb DECCA 32448 Saturday Satan Sunday Saint VG+,3.00,0.0119
v1|358768551088|0,ARDIGO: SUMMERTIME IN BROOKLYN / SUMMER LOVE - HALLMARK RECORDS 45 - HEAR!,1.99,0.0119
v1|358768551088|0,ARDIGO: SUMMERTIME IN BROOKLYN / SUMMER LOVE - HALLMARK RECORDS 45 - HEAR!,1.99,0.0119
v1|287445538203|0,The Brothers Four Greenfields Gold 22 Altime Great Folk Hits 8 Track,1.00,0.0119
v1|318556405171|0,Jose Melis with rythm Acc. 45 rpms- 4 records,6.00,0.0119
v1|257604856286|0,"TWO,45 RECORDS; JOHN LENNON,YOKO ONO-'70+ ""HELP""/I'M DOWN-THE BEATLES-'65+ PHOTO",4.99,0.0119
v1|188612522463|0,"JUICE NEWTON ""TELL HER NO"" 45 PS",2.99,0.0119
v1|236923753572|0,78 Rpm Records Al Jolson  Goodman Slinky Madriquera,35.00,0.0118
v1|188612715964|0,Hungarian Record 78 Rpm Nemeth-Csampai / Laszlo Gulyas,2.00,0.0118
v1|168521079301|0,The Beatles Help! Original Motion Picture Soundtrack Vinyl LP on Capital Records,20.00,0.0118
v1|206400838331|0,"Elvis Presley Elvis' Christmas Album Pickwick CAL-2428 12"" Black Vinyl LP",6.00,0.0118
v1|407063414699|0,45 RPM Addrisi Brothers DEL FI 4116 Cherrystone / Lilies Grow High VG+,3.00,0.0118
v1|158066465417|0,SOUNDTRACK - CHARADE - LP  - SNTK #6,4.00,0.0118
v1|158066467624|0,SOUNDTRACK RAINMAKER- LP SNTK #2,4.00,0.0118
v1|307048951334|0,The Best of Ella Fitzgerald Vol. II 2-LP Album (MCA2-4016) Vinyl Record,4.75,0.0118
v1|327251985268|0,MERLE HAGGARD Rainbow Stew Live & His Best Vinyl LP Lot,5.99,0.0118
v1|336677368432|0,"Franck, Symphonic Variations, EILEEN JOYCE Piano Decca 12"" 2X 78 rpm set VG",3.00,0.0118
v1|168521561836|0,"Lot of 45 RPM Vinyl Records Mick Jagger, INXS, Billy Joel, Steve Miller, Hall&O",19.99,0.0117
v1|377326078529|0,JOHNNY ACE Cross My Heart / Angel DUKE 1953 R&B 78 RPM VINYL USED,5.00,0.0117
v1|168520833582|0,"60's Girl Group 45 rpm record The Carousels ""Never Let Him Go"" from 1962 VG",14.99,0.0117
v1|178291463935|0,"MGM 45 RPM Record, Mark Dinning, Teen Angel, ByNow Baby ,VG ",1.00,0.0117
v1|407049914424|0,"THREE DOG NIGHT ""ONE"" VINYL 33 RPM RECORD ALBUM",7.50,0.0117
v1|158066467687|0,THE ONE AND ONLY -  MUSIC SOUNDTRACK - LP SNTK #1,7.00,0.0117
v1|407058082754|0,"Loving You/Gonna Open Up My Heart Again - Johnny Nash - 45RPM 7"" Epic Record EXC",15.00,0.0117
v1|127966287682|0,LP 12 Columbia CS-8634 Johnny Mathis Johnny's Greatest Hits,2.95,0.0117
v1|358755572253|0,STEVIE WONDER - I WAS MADE TO LOVE HER TAMLA 45,6.00,0.0117
v1|178293907113|0,MERLE HAGGARD & THE STRANGERS-SING ME BACK HOME/GOOD TIMES-1967 CAPITOL 45 RPM,24.00,0.0116
v1|336681304950|0,MICHAEL JOHNSON-ALMOST LIKE BEING IN LOVE b/w RIDIN...ORIG 1978 w/PIC SLV-45 RPM,1.50,0.0116
v1|168520765896|0," 45 Records: Simon And Garfunkel The Beach Boys  Rosemary Clooney  Tommy James ",9.95,0.0116
v1|168522400909|0,"Bill Haley & Comets 1956 45 -  Paper Boy / See You Later, Alligator",2.65,0.0116
v1|137492628013|0,"Billy Joel,  45 Promo. Say Goodbye To Hollywood ",8.00,0.0116
v1|298487569017|0,"Cher Bang Bang / Needles & Pins 45 rpm Vinyl Record 7""",8.00,0.0116
v1|178291475179|0,"Columbia 45 RPM Record, Larry Gatlin, Houston, The whole world Stood Still ,VG ",1.00,0.0116
v1|800304532026|0,"Lefty Frizzell Knock Again, True Love / Long Black Veil 7"" 45 Columbia 4-41384",4.00,0.0116
v1|158066566449|0,KENNY ROGERS-1 - 45RPM WITH PICTURE SLEEVE SET - BOX-10,3.00,0.0116
v1|158066566473|0,ENGELBERT HUMPERDINCK- 45RPM WITH PICTURE SLEEVE SET - BOX-9,2.25,0.0115
v1|318564160729|0,Elvis RCA 47-8350 Viva Las Vegas 45 W/ Sleeve 1964,9.99,0.0115
v1|178291604437|0,"RCA 45 RPM Record, Morris Albert, Feelings, This World Today Is A Mess VG ",1.00,0.0115
v1|227421281616|0,VARETTA DILLARD Johnny Has Gone / So Many Ways SAVOY R&B 1955 78 RPM VINYL USED,5.00,0.0115
v1|377326247398|0,Beatles Paul McCartney 45 Apple France Another Day,4.00,0.0115
v1|267717683846|0,8 ORIG 50S ELVIS PRESLEY RCA 45 LOT ALL DIFFERENT SOLID VG+ NICE SHAPE1!!,31.00,0.0115
v1|377318158408|0,Harry James Columbia 78 RPM 36758 I’m Beginning To See The Light Love I Long For,8.77,0.0115
v1|398151662277|0,OAK RIDGE BOYS-GREATEST HITS,0.01,0.0115
v1|168521242341|0,DJ COLLECTION 1982 COLUMBIA EDDIE MURPHY ENOUGH IS ENOUGH VINYL 45 RPM NM 06828H,18.00,0.0114
v1|298493871668|0,REM The One I Love/ Maps and Legends AND Superman 45 RPM IRS Records,5.00,0.0114
v1|298493871668|0,REM The One I Love/ Maps and Legends AND Superman 45 RPM IRS Records,5.00,0.0114
v1|358768239116|0,Reader's Digest Country Superstars Various Artists Vinyl LP 1985,5.00,0.0114
v1|236917142001|0,"BUDDY HOLLY - Coral Records 9-61985 - ""RAVE ON"" & ""TAKE YOUR TIME"" - 7"" - 45 rpm",3.99,0.0114
v1|227421573142|0,"1952 78 rpm FRANK SINATRA, AZURE-TE (PARIS BLUES) BIM BAM COLUMBIA 39819 JAZZ V+",4.95,0.0114
v1|178290112232|0,"50s Bluegrass 45 LESTER FLATT, EARL SCRUGGS Flint Hill Special / Earl's COLUMBIA",5.00,0.0113
v1|327251556788|0,"Rod Stewart ""Da Ya Think I'm Sexy? & Scarred and Scared"" 45 Vinyl",1.99,0.0113
v1|137482447380|0,Debby Boone - You Light Up My Life / Hasta Manana - 45 RPM,6.00,0.0113
v1|158066566472|0,DONNA FARGO-1 - 45RPM WITH PICTURE SLEEVE SET - BOX-10,2.25,0.0113
v1|178281917279|0,Hard Knocks Aussie only Comp Vinyl Lp 1980  AC/DC  The Angels  Cold Chisel  etc,9.99,0.0113
v1|800316857422|0,45 RPM Sophomores DAWN 218 Linda / I get a Thrill VG+,3.00,0.0113
v1|407057663786|0,Manor Savannah Churchill & The Four Tunes - I Want To Cry 78 RPM 1129-A,4.00,0.0113
v1|307048169673|0,U2 45 Vinyl Records Unforgettable Fire. ,15.00,0.0113
v1|358755600402|0,"Jeff Beck & Rod Stewart - ""PEOPLE GET READY"", 1985 ~ Epic 45 Picture Sleeve",3.99,0.0113
v1|287445879493|0,Tom Jones – Tom Jones' Greatest Hits - vinyl LP,4.29,0.0112
v1|137492519194|0,"KANSAS Kirshner ZS8 4274 7"" Vinyl 45 Single Record DUST IN THE WIND / PARADOX",8.00,0.0112
v1|236924893143|0,Three (3) Jerry Lee Lewis Smash 45 RPM Records,9.95,0.0112
v1|127962395603|0,"Johnny Cash A Little at a Time / In the Jailhouse Now Columbia 7"" 45 4-42425",2.08,0.0112
v1|198483678808|0,"Thank God It's Friday Soundtrack Vinyl LP 1978 Columbia Pictures,3 record set",13.99,0.0112
v1|117294100397|0,Lot of 20 Classical LPs Vinyl 33 Album Collection Bach Mozart Beethoven Vivaldi,37.00,0.0112
v1|127963269793|0,The King Cole Trio - 78 RPM Capitol Records - Get Your Kicks on Route 66,4.99,0.0112
v1|267723015451|0,ROCK LP 30+ Lot THE WHO Allman Bros FLEETWOOD MAC Santana HEART Jethro Tull POCO,31.00,0.0112
v1|800308701770|0,The Beatles Vinyl Live At Budokan Tokyo June 30 1966,50.00,0.0112
v1|407058158937|0,Frankie Avalon - 15 Greatest Hits   1964 LP Record Album   VG / VG   Jojo's  Why,5.00,0.0111
v1|206401192134|0,Barbra Streisand THE MAIN EVENT SOUNDTRACK        VINYL LP RECORD 1979 Warner Br,4.99,0.0111
v1|358755572648|0,BEE GEES - 3 45'S LOT RSO DISCO HOW DEEP ISTOO MUCH HEAVENSTAYIN' ALIVE,8.00,0.0111
v1|377326257699|0,Small Faces 45 Lazy Sunday,3.00,0.0111
v1|158071211954|0,THE BEST OF SAM COOKE LP,12.00,0.0111
v1|137499645653|0,"2 VINYLS 33 1/2 RPM FRANK SINATRA FANS ""My Way"" &  ""September of my Years""",4.99,0.0111
v1|127968007320|0,Elvis Presley Lot of 47 RCA 45s Record Vinyl ,20.50,0.0111
v1|327251853228|0,ABBA 'Does Your Mother Know / Kisses of Fire' Vinyl 45 RPM Record 1979 Atlantic ,1.75,0.0111
v1|127963108387|0,LOT OF 3 VINTAGE RED VINYL 78 RPM RECORDS CHILDREN'S CHRISTMAS SONGS DECK THE HA,9.00,0.0110
v1|168522699431|0,"MARVIN GAYE-YOU SURE LOVE TO BALL-45 RPM-7""-MOTOWN-VINYL-RECORD-TAMLA 54244-1974",5.99,0.0110
v1|158070711628|0,David Bowie Peter and the Wolf green vinyl record album,23.00,0.0110
v1|398151599850|0,Elvis Presley Sings Inspirational Favorites LP RCA Reader's Digest 1983 Special…,10.99,0.0110
v1|168514460091|0,Country Bluegrass 15 x LP Lot Roy Acuff Flatts Scruggs Carter Family Wilf Carter,15.99,0.0110
v1|168514645611|0,The Ventures Only Hits United Artists UA-LA147-G2 Stereo Vinyl Two Record Set,22.00,0.0110
v1|127962311211|0,"The 4 Seasons Ronnie / Rag Doll Philips 7"" Vinyl Single Pop 45 RPM 44010",1.99,0.0110
v1|327252190720|0,"Johnny Burnette 45 ""Honestly I Do / God Country And My Baby"" AU2",0.99,0.0110
v1|398150431332|0,Rolling stones Jumping jack flash,10.00,0.0110
v1|168513900916|0,VINTAGE  78 rpm record storage book album - 10 Records Included,19.99,0.0110
v1|168521462584|0,JOHNNY MATHIS The Best of Johnny Mathis,29.00,0.0110
v1|358768651392|0,"The Doors 7"" 45 RPM Elektra EK-45621 People Are Strange/Unhappy Girl",2.20,0.0110
v1|168521621450|0,"EARL L. VANDERMEULEN H.S. PORT JEFFERSON ""CAPPELLA CHOIR"" 1964-66",12.00,0.0110
v1|267720564974|0,"VINTAGE VINYL LP:  The Lettermen ""The Best Of The Lettermen Vol 2"" (1969)",2.00,0.0110
v1|206400834585|0,"Columbia House Take Me Home Various Artists Country Vinyl LP 12"" 33 RPM 1973",6.00,0.0110
v1|298487687719|0,Syl Johnson – Annie Got Hot Pants Power 1&2 Twinight Records 45,9.99,0.0109
v1|318556403170|0,Smiley Lewis -Bumpity Bump/ I Hear You Knockin 45rpm record,15.00,0.0109
v1|267721316504|0,Albert King -Cross Cut Saw- A Side-Promo- 45 RPM B-side-Down Don’t Bother Me-G+,12.49,0.0109
v1|327252171075|0,The Critters 45 RPM Record - Walk Like A Man Again / Don't Let the Rain Fall A5,0.99,0.0109
v1|158066566465|0,KC &  SUINSHINE BAND 45RPM WITH PICTURE SLEEVE SET - BOX-9,2.00,0.0109
v1|198483559719|0,HANK WILLIAMS Greatest Hits Vinyl LP Stereo MGM SE3918,9.99,0.0109
v1|257611062897|0,45 rpm record 7 inch single Plaza electronic house bonus beats Funk Deluxe,29.99,0.0109
v1|287446043390|0,Rare 45 rpm vinyl record Jellyfish music Rockabilly top 40,9.50,0.0109
v1|318555645235|0,Casablanca Record and Film Works Record Album,35.00,0.0109
v1|287446239883|0,"JUD STRUNK Daisy A Day/The Searchers 45 7"" COUNTRY Vinyl Record 1972 MGM Exc",7.99,0.0109
v1|358755828721|0,Vintage Rockabilly BOB WILLS Texas Playboys 45 Vinyl Picture Jacket Record B2805,15.50,0.0108
v1|307054234962|0,"The Weeknd - The Hills Remixes 12"", 45 RPM, RSD, Single, Limited Edition /4000",30.00,0.0108
v1|278170850215|0,Count Basie-2 LP LOT- Best Of Vol 2- Roulette Big Bands Are Back- Vinyl Records,6.28,0.0108
v1|267720594917|0,GREAT MOTION PICTURE THEMES VINYL LP VARIOUS UNITED ARTISTS UAS 6122 USA Vintage,1.87,0.0108
v1|327251556783|0,"45 RPM 7"" Record Joe Harnell Guantanamera & Serenata Columbia Promo 4-44244",0.99,0.0108
v1|287447464922|0,The Letterman - Hurts So Bad - Capitol (45RPM 7”  Single),7.00,0.0108
v1|800315901142|0,45 RPM Gene Vincent CAPITOL 3450 Be Bop A Lula / Woman Love VG+,3.00,0.0108
v1|158066467541|0,THE PRIZE MUSIC FROM THE  SOUNDTRACK - LP SNTK #3,5.00,0.0108
v1|127962537939|0,grand funk 45 rpm record with pic sleeve were an american band/very good minus,3.00,0.0108
v1|158066566468|0,JOHNNY TILLOTSON-1 - 45RPM WITH PICTURE SLEEVE SET - BOX-10,1.50,0.0108
v1|198483663974|0,Village People 45 RPM Record In The Navy & Manhattan Woman 1979,2.99,0.0107
v1|206400565455|0,Elvis Presley - RCA Victor LP - Elvis - LPM-1382 - 2nd Album AD BACK,3.25,0.0107
v1|206400834019|0,Columbia Country Hymns Vinyl LP Stereo Country Gospel Johnny Cash Marty Robbins,8.00,0.0107
v1|127962939646|0,45 rpm Lot of 4 Bob Seger Picture Sleeves-NO RECORDS-Shakedown/ American Storm,2.25,0.0107
v1|137492548629|0,Eddie Holman – 45 RPM Vinyl – Hey There Lonely Girl / Its All In The Game - 1969,10.00,0.0107
v1|236918479417|0,READY FOR THE WORLD RFTW DIGITAL DISPLAY 45 RPM RECORD single,1.99,0.0107
v1|336673030825|0,Donna Summer – The Summer Collection Greatest Hits [1985] Vinyl LP Mercury Rare,24.95,0.0107
v1|236924918309|0,Vintage Huey Lewis And The News 45 Vinyl Record Hip To Be Square CHRYSALIS 1986￼,6.00,0.0107
v1|168522400446|0,Kay Starr - Rock And Roll Waltz / I've Changed My Mind RCA VICTOR VG 45,2.70,0.0107
v1|188612522466|0,"STEVIE NICKS ""STAND BACK"" 45 PS",3.99,0.0107
v1|358755600401|0,Stevie Wonder -  Love Light In Flight/Its More Than You 45 w/Picture Sleeve ,3.99,0.0107
v1|168521673344|0,Johnny Hortons Greatest Hits On Vinyl Record LP Album Untested ,8.50,0.0106
v1|127963131231|0,My Fair Lady ~101 Strings~ LP  ~S-5039 ~Hits from the Warner Bros Production ~EX,2.00,0.0106
v1|158066465560|0,SOUNDTRACK - KING OF KINGS - LP  SNTK #6,4.00,0.0106
v1|206400573994|0,"Elvis Presley - RCA LP - A Legendary Performer, Volume 3 -CPL1-3078 SEALED!!!!",5.24,0.0106
v1|800306377844|0,Elvis Presley 45 Heart Break Hotel 1950s,20.00,0.0106
v1|198477402771|0,ELVIS PRESLEY BLUE SUEDE SHOES Tutti Frutti Limited EDITION 1977 45 record vinta,4.99,0.0106
v1|358769368423|0,lp Olivia Newton-John O N J greatest hits,8.25,0.0106
v1|178292168921|0,"CHRIS MONTEZ TIME AFTER TIME 7"" 45 rpm RECORD A&M RECORDS 822",2.00,0.0106
v1|377317740521|0,FRANK SINATRA That’s How Much I Love You / I Got A Gal COLUMBIA 37231 78 1947,7.97,0.0106
v1|137492149689|0,ELVIS PRESLEY 78 RCA 20-6636 TUTTI FRUTTI/BLUE SUEDE SHOES ORIG EARLY RCA NICE,67.66,0.0105
v1|188612522454|0,"THE NITTY GRITTY DIRT BAND ""HOUSE AT POOH CORNER"" 45 PS",2.99,0.0105
v1|336677554788|0,"The Who Live At Leeds Vinyl LP MCA Records 12"" 33 RPM 1971 MCA-3023",6.33,0.0105
v1|158066566461|0,JIMMIE RODGERS 45RPM WITH PICTURE SLEEVE SET - BOX-9,2.25,0.0105
v1|158064230531|0,DAVE CLARK FIVE-PICTURE SLEEVE + 45--(NINETEEN DAYS)--PS-PIC--SLV,17.00,0.0105
v1|267720385100|0,Elvis Presley - RCA Victor LP - Elvis' Christmas Album - LPM-1951 WHITE TOP,2.99,0.0105
v1|358755572871|0,LIGHTNIN' SLIM - BAD LUCK AND TROUBLE - HAVE YOUR WAY EXCELLO 45 PROMO,50.00,0.0105
v1|147422678405|0,SLADE - Coz I Love You/My Life Is Natural - 45 & Picture Sleeve - VG+,3.00,0.0105
v1|168520689696|0,"Greatest Hits by Denver, John (Record, 2019)",4.00,0.0104
v1|137493704157|0,"DUANE EDDY 45 - ""The Walker"" /""Ramrod"" - JAMIE RECORDS - The King of Twang!",1.99,0.0104
v1|206400959798|0,"Six 10"" One-Sided VICTOR RED SEAL Two Brunswick, One 12"" One Little Wonder 5.5""",30.00,0.0104
v1|117284986046|0,The Beatles Ballad of John and Yoko Apple 2531 45 Record & Picture Sleeve,25.99,0.0104
v1|168515468127|0,"The Cars-Shake it Up/Cruiser-45 RPM-7""-single-rock-vinyl-Elektra 47250-1981-NM",4.00,0.0104
v1|267720373550|0,"George Edwards- Norwegian Wood Single- 45 Rpm- B Side-Never Mind, I’m Freezing-G",5.95,0.0104
v1|318555658442|0,VINTAGE WEST SIDE STORY-Original Soundtrack-Vinyl LP- OL5670 Columbia- 1961,38.00,0.0104
v1|398142064873|0,"LINDA RONSTADT 5 ALBUM LOT LIKE A WHEEL, GREATEST, SIMPLE DREAMS ++ EXCELLENT !",9.99,0.0104
v1|336686458423|0,Box Lot Of About 150 Vinyl 45 Records VG+ Most In Sleeves w/ All Genres ,14.99,0.0104
v1|168520795133|0,shaun cassidy vinyl 45 Record That’s Rock & Roll,9.94,0.0104
v1|206401295903|0,GLEN CAMPBELL rhinestone cowboy (larry weiss) capitol 45,3.99,0.0104
v1|307043038498|0,Deltairs DOOWOP 45 Who Would Have Thought/You Won’t Be Satisfied FELSTED M- HEAR,60.00,0.0104
v1|307048800524|0,"Chicago, Does Anybody Really Know What Time It Is? / List, 45 RPM",4.99,0.0103
v1|178292531819|0,CARLY SIMON-THE BEST OF CARLY SIMON-NICE CLEAN ENJOYABLE EXPERIENCE-VINYL LP,13.99,0.0103
v1|307049825080|0,"The Rolling Stones Love You Live 12"" Vinyl LP Record in Cardboard Sleeve",3.49,0.0103
v1|227421782397|0,Paul McCartney And Wings & Paul McCartney…45,1.20,0.0103
v1|398151956230|0,"Nat King Cole Nat King Cole Story Vol 3 12"" Vinyl LP Capitol W 1928",9.00,0.0103
v1|398151343408|0,Eddie Holman 45 RPM Vinyl Hey There Lonely Girl / It's All In the Game 1969,2.35,0.0103
v1|158064009961|0,ANNETTE WARREN Tame Me/Circle ABC-PARAMOUNT 45-9657 45rpm,6.00,0.0103
v1|158066467558|0,WALK ON THE WILD SIDE - MUSI FROM SOUNDTRACK -   - LP - SNTK #7,7.00,0.0103
v1|198475494560|0,Al Caiola ‎– King Guitar  Classic Rock pop   LP,10.00,0.0103
v1|358769284482|0,Jerry Lewis & Patti Lewis 78 Record Y-Y-Y-YUP! / Give Me A Little Kiss,9.99,0.0103
v1|800288924149|0,ORIGINAL 1986 RFTW 45 RPM RECORD WITH ORIGINAL PICTURE SLEEVE...,0.97,0.0103
v1|336677720361|0,"Tina Turner Better Be Good To Me 7"" 45 RPM Black Vinyl Single Capitol B-5387",2.00,0.0103
v1|358755572426|0,THE MANHATTANS - I KINDA MISS YOU COLUMBIA 45,6.00,0.0103
v1|227421464440|0,Bruce Cockburn Humans Vintage Vinyl LP 1980 Millennium Record BXL1-7752,5.00,0.0102
v1|407056407176|0,Stonewall Jackson's Greatest Hits Vinyl LP Columbia Records Used Music Record LP,1.80,0.0102
v1|168522401232|0,Tom Jones 45 RPM - I'll Never Fall In Love Again / One Upon A Time - Parrot 1967,2.65,0.0102
v1|168521015509|0,ELVIS PRESLEY  LEGENDARY CONCERT PERFORMANCES 2 RECORD ALBUM SET RCA R244O47,19.99,0.0102
v1|398152090493|0,THE BEST OF THE STATLER BROTHERS,0.99,0.0102
v1|358755572068|0,JUDY COLLINS - AMAZING GRACE ELEKTRA 45,6.00,0.0102
v1|366528992672|0,"Jackie Wilson 45 ""Love Is All / That's Why"" AU2",0.99,0.0102
v1|127962912167|0,Jukebox 45 & Title Strip Aretha Franklin Elton John Through The Storm Tested,2.49,0.0102
v1|178291569172|0,"ABC 45 RPM Record,Billy Craddock,Treat Her Right,Afraid I'll Want To Love Her,VG",1.00,0.0101
v1|278170814760|0,"Marty Robbins lot of 2 Vinyl Record LPs-My Woman, My Wife-Good N Country",4.99,0.0101
v1|147424820624|0,Ray Heindorf - Music From Jack Webb's - Pete Kelly's Blues 45 RPM Columbia 7”,7.99,0.0101
v1|398152556462|0,"78 rpm 10"" Banner 35-10-27 Louis Panico & his Orch. Wabash Blues & Oh! Doctor",9.99,0.0101
v1|158064722094|0,"BEATLES ""TICKET TO RIDE""CAPITOL 1965 GOLD VINYL SINGLE 45 PAINTED GOLD",2.99,0.0101
v1|158066763009|0,"20 BARBRA STREISAND Vinyl Record 12"" 33 RPM LP Lot ",40.00,0.0101
v1|287447115493|0,{OST}~EXC LP~FILM CLASSICS~[8 Classical Film Themes]~[1981~RCA RED Seal,4.00,0.0101
v1|298498910425|0,Little River Band ‎– Greatest Hits 1982 Capitol Records LP (512247) VG,20.00,0.0101
v1|278170810576|0,COMPANY SLEEVES-Classic Rock 45 RPM Lot Of 4-Doors-Vanilla Fudge-Laurie-UA,4.99,0.0101
v1|267720654609|0,"Beatles 45 rpm record - ""I Want To Hold Your Hand"" / ""I Saw Her Standing There""",5.00,0.0100
v1|168513902558|0,VTG Record Album Book With Lot Of nine 40’s 50’s Shellac 78 RPM Records VG- NM+,19.99,0.0100
v1|267720671478|0,Buddy Holly LP Greatest Hits 1967 Clean Coral Orig!,9.99,0.0100
v1|236923607987|0,Belinda Carlisle 1980s Autographed Vinyl Record 'I Get Weak' 45 RPM,3.62,0.0100
v1|127962513082|0,the peps 45 rpm record thinkin bout u/this i pray/very good,8.76,0.0100
v1|307042666024|0,"Various “4 Kings Of Country Music” Vinyl = VG:VG+ 12"" LP Record Country, Folk",2.50,0.0100
v1|137495039641|0,Christmas with George Beverly Shea LP Album - Vinyl 1964 RCA Records CAS-850(e),0.57,0.0099
v1|137483025294|0,The Beatles – Beatles ’65 Mono T-2228 G/VG Capitol Rainbow 1964 ,29.99,0.0099
v1|257611351118|0,Dizzy Dean  – Wabash Cannon Ball / You Don't Have To Be From The Country    1954,8.95,0.0099
v1|398151073761|0,45 RECORD - JOHNNY RIVERS - LOOK INTO YOUR SOUL,5.00,0.0099
v1|800305246135|0,EAGLES  LP Greatest Hits 1976 Rhino  RE 180 gram vinyl,10.00,0.0099
v1|407056573693|0,"ELVIS PRESLEY, RCA LABEL #9465 45 RECORD W/PICTURE SLEEVE, ORIGINAL 1968",7.99,0.0099
v1|147422631829|0,BEACH BOYS - Surfin’ Safari /409 - 45 & Picture Sleeve - VG,12.50,0.0099
v1|358755567722|0,MARV JOHNSON - YOU GOT WHAT IT TAKES UNITED ARTISTS 45 ,8.00,0.0099
v1|377326078547|0,"ARTHUR CONLEY Who's Fooling Who JOTIS Soul 7"" single 45 RPM VG RECORD Vinyl USED",5.00,0.0098
v1|158065057938|0,"Star Wars Buena Records 450 7"" 33 RPM Black Vinyl Single Picture Sleeve",22.00,0.0098
v1|188613926599|0,Peter Pan Superman Christmas 45RPM Record Light Up The Tree Mr President 2600,15.00,0.0098
v1|188612905512|0,"F ChopinPiano Music of Chopin: Maryla Jonas, Columbia Masterworks M-626 78 rpm/m",15.00,0.0098
v1|336677708690|0,The Beatles - She Loves You/I'll Get You - Singles Collection (2019),24.95,0.0098
v1|127962524692|0,"The Mojo Men ""Sit Down, I Think I Love You / Don't Leave Me"" 7"" 45 rpm 0539",1.98,0.0098
v1|336677635029|0,"Jacksons Body 7"" 45 RPM Vinyl Single Epic 34-04673 R&B Soul 1984",1.59,0.0098
v1|227421605479|0,7 VINTAGE CLASSIC COUNTRY LP VINYL RECORDS - VARIOUS ARTISTS,7.99,0.0098
v1|168515546653|0,MICHAEL JACKSON-BEN/YOU CAN CRY ON MY-45 RPM-VINYL-RECORD-MOTOWN 1207-SOUL-VG+,6.00,0.0097
v1|278153050263|0,Various Vintage Albums Nine 78’s & One 33 1/3 (See Description for Details) LP,8.00,0.0097
v1|168515343337|0,BEATLES - PENNY LANE & STRAWBERRY FIELDS - CAPITOL 5810 - HAS PICTURE SLEEVE,9.99,0.0097
v1|398153507383|0,Lot of Vintage 45 RPM Records - Includes 35 Rock and Roll - see description,14.95,0.0097
v1|298488508217|0,Tamayo 45 Vinyl Record,50.55,0.0097
v1|318512154074|0,Various – Urban Cowboy II - US Soundtrack LP 1980,4.99,0.0097
v1|158063973625|0,DORIS DAY Greatest Hits ... CL 1210,2.26,0.0097
v1|236924893159|0,Johnny Cash Thanks A lot & Luther Played The Boogie Sun Records # 316 45 rpm,9.95,0.0096
v1|287444840999|0,"Elvis Presley I've Got A Thing About You/Take Good Care of Her 7"" EX RCA ",1.99,0.0096
v1|158066726674|0,"Lot of 3 Barry Manilow: Greatest Hits 2 Picture Disc Set, One Voice. Great Hits ",19.99,0.0096
v1|257611481717|0,Neil Diamond The Jazz Singer Soundtrack Vinyl LP 1980 Capitol SWAV-12120,4.56,0.0096
v1|800320458078|0,45 RPM  Kalin Twins DECCA 30977 Why Don't you Believe Me SLEEVE ONLY,3.00,0.0096
v1|178292626330|0,"Steppenwolf - ""Move Over"" - 45 RPM",1.00,0.0096
v1|318551315735|0,"The All American Rejects ~ S/T Vinyl LP 20th Anniversary W/ 7"" 45 Single",20.50,0.0096
v1|800304575116|0,Sheila E. Hold Me / The World Is High Vinyl Single Warner Bros. 45 RPM 1986,4.50,0.0096
v1|298488951497|0,"1983- POINTER SISTERS , "" I NEED YOU / IF YOU WANNA GET BACK YOUR LADY"", 7 """,0.99,0.0096
v1|227421291451|0,"LOU ELLA ROBINSON Rose, Rose I Love You CAPITOL Promo 78 RPM VINYL USED",5.00,0.0096
v1|178291296754|0,Fad Gadget Frank Tovey Fully Autographed Insecticide Fireside Favourite Mute 45,150.00,0.0096
v1|236917161877|0,1950s Frankie Carle – Honky Tonk Piano 4 TOP HITS EPA-867 45 RPM EX/EX,4.99,0.0096
v1|358755600408|0,RICK SPRINGFIELD -  BOP 'TIL YOU DROP / TAXI DANCING 45 NM w/PICTURE SLEEVE,3.99,0.0096
v1|336681125862|0,GREG KIHN BAND- THE BREAKUP SONG b/w WHEN THE MUSIC... 1981 w/ PIC SLV -45 RPM-,2.50,0.0095
v1|168522401207|0,Elvis Presley Let Me Be Your Teddy Bear / Loving You 1957 47-7000 RCA 45,2.65,0.0095
v1|127962541768|0,jerry fuller 45 record betty my angel/memories of u/very good minus,2.86,0.0095
v1|358755600406|0,Pete Townshend - Face the Face/Hiding Out 45 RPM  w/ Picture Sleeve,3.99,0.0095
v1|137482447261|0,JOHN LENNON - It's So Hard / Imagine  45rpm,7.25,0.0095
v1|227421257952|0,"NOVELTY BUCHANAN & GOODMAN ""FLYING SAUCER 2ND ""LUNIVERSE LABEL 45 RPM  7"" RECORD",2.52,0.0094
v1|800315909599|0,45 RPM Slim Whitman IMPERIAL 8156 Indian Love Call / China Doll VG++,3.00,0.0094
v1|358755572507|0,ISAAC HAYES - (IF LOVING YOU IS WRONG) I DON'T WANT TO BE RIGHT ENTERPISE 45,6.00,0.0094
v1|307048670676|0,Bad Company - Paul Rodgers / Electricland / 1982 Swan Song 45rpm Picture Sleeve,4.99,0.0094
v1|366528751146|0,DON & ALLEYNE COLE Something's Got.../Gotta Find... 45 TOLLIE  promo ,7.99,0.0093
v1|168514464870|0,Lot of 5 Vintage Bluegrass LPs Rebel Label all in SHRINK Pike Brothers country,10.99,0.0093
v1|188616549283|0,BEATLES 45 RPM VINYL  RECORD WHAT GOES ON / NOWHERE MAN,14.00,0.0093
v1|127962639671|0,The Joker/Something To Believe In Steve Miller Band 45 RPM Record,1.25,0.0093
v1|178293889527|0,Kenny Loggins - (1984) Footloose /Swear Your Love 45 RPM Columbia 38-04310,1.30,0.0093
v1|188612522459|0,"VILLAGE PEOPLE ""Y.M.C.A."" 45 RPM",2.99,0.0093
v1|127962910841|0,Jukebox 45 & Title Strip Aretha Franklin George Michael I Knew You Were Waiting,2.49,0.0093
v1|158066138143|0,Kenny Rogers Greatest Hits 1980 Vinyl LP Liberty Records VG+ The Gambler Country,8.00,0.0093
v1|158063630355|0,Early Rock Lot Of 20 - 45 RPM Records Ted Nugent-Alice Cooper-Doors-Cream-Police,9.95,0.0092
v1|800304777136|0,"Patti Page My Promise / The Walls Have Ears 7"" 45 RPM Mercury 71428X45",4.00,0.0092
v1|257611376176|0,"The Winstons ""Color Him Father / Amen, Brother"" 45 rpm Vinyl Record Neo Funk VTG",150.00,0.0092
v1|298489001985|0,"The 4 Seasons “I’ve Got You Under My Skin / Huggin’ My Pillow” 7"" 45 rpm 40393",4.00,0.0092
v1|227421220861|0,THE BEST OF CLARENCE CARTER,35.00,0.0092
v1|147423456744|0,bruce springsteen vinyl my hometown 45 (1984),8.00,0.0092
v1|178292674120|0,"The Stylistics - ""Betcha By Golly, Wow"" - 45 RPM",1.00,0.0092
v1|206402915384|0,ROLLING STONES Heart Of Stone 45 & RARE Picture Sleeve 1964 LONDON 9725,34.70,0.0092
v1|298488985642|0,Trains and Fire Engines 7 Inch Vinyl Record 45 RPM Columbia Records,5.00,0.0091
v1|800304649153|0,"Jorgen Ingmann & His Guitar Echo Boogie / Apache 7"" 45 ATCO 45-6184",4.00,0.0091
v1|257611336684|0,TOM JONES GREATEST HITS VINYL LP RECORD 1973 LONDON  XPAS 71062 Shrink Wrap,21.99,0.0091
v1|158066467779|0,THE CARDNIAL SOUNDTRACK -   - LP - SNTK #7,9.99,0.0091
v1|158066467912|0,THE CARETAKERS SOUNDTRACK - LP SNTK #3,5.00,0.0091
v1|298488983473|0,Little Red Riding Hood 7inch 45 RPM Vinyl Record,5.00,0.0091
v1|227421506566|0,"1954 78 rpm FRANK SINATRA, HALF AS LOVELY, THE GAL THAT GOT CAPITOL 2864 POP V+",7.75,0.0091
v1|137493392332|0,45 Record It's Gonna Work Out Fine ~ Won't You Forgive Me Ike & Tina Turner 1961,6.00,0.0091
v1|158066469957|0,SOUNDTRACK - LADY BEWARE - LP SNTK #11,9.00,0.0090
v1|117284781389|0,Disney PETER PAN - MOTION PICTURE SOUNDTRACK Lp Album Rare Vintage-A,5.00,0.0090
v1|168515570805|0,"Styx-Sing For The Day/Queen Of Spades-45 RPM-7""-single-rock-vinyl-A&M 2110-NM",5.00,0.0090
v1|137493393701|0,"The Dreamlovers 45 ""Just Because / When We Get Married"" Doowop ",5.50,0.0090
v1|307042639746|0,Elvis Presley It Won't Seem Like Christmas [Without You] & Merry Christmas Baby,5.00,0.0090
v1|398152360814|0,Vintage Gene Autry Christmas 78 RPM Records - Rudolph ~ Columbia non breakable,5.00,0.0090
v1|358755566300|0,DEE CLARK - CLING A LING ABNER 45,6.00,0.0090
v1|407056694658|0,Patti La Belle; Michael McDonald - On My Own Stir It Up - Vinyl Record 45 RPM,7.00,0.0090
v1|318555653659|0,Johnny Mathis- Lot of 7 45 rpms (including 2 that are EPs and a picture sleeve.),25.00,0.0090
v1|137493136454|0,Johnny Cash The Gospel Road 1973 Vintage Vinyl Soundtrack ,24.00,0.0090
v1|327251705974|0,"LUIS Y JULIAN - Tus Desprecios/Las Mulas De Jarame - Joey Discos 45 RPM 7"" Vinyl",40.00,0.0089
v1|267720638585|0,78 RPM 1947 Charlie Barnet His Orchestra East Side West Side & My Old Flame 1084,2.00,0.0089
v1|278163215367|0,Billy Kemp and The Paradise Pickers-1980 -Folk-Autographed,9.99,0.0089
v1|127962615044|0,the couplings 45 rpm record young doves calling/very good,1.87,0.0089
v1|358755596517|0,The Ventures - Walk Don't Run/ Ram Bunk Shush Silver Spotlight Series Capital 45,2.99,0.0089
v1|178292375078|0,"Capital 45RPM Record, Nat King Cole, The Little Boy That Santa Claus Forgot VG ",1.50,0.0089
v1|278164154320|0,JAMES POWELL Backed by Early CCR John Fogerty DOO WOP CHRISTY 45 rpm BEVERLY ANG,19.00,0.0089
v1|168515473622|0,"Elton John-Blue Eyes-w/PS-45 RPM-NM-Rock-7""-Single-vinyl-record-Geffen 7-29954",5.00,0.0089
v1|318542791763|0,"Johnny Cash Vinyl 45 RPM Records (2) Daddy Sang Bass, Ill Be Loving You",2.00,0.0088
v1|117290225131|0,78 RPM JOHNNY BOND LOT Of 8 Records 1940s 1950s COUNTRY OLD SCHOOL,6.99,0.0088
v1|147422609120|0,The Best Of Reno & Smiley,5.00,0.0088
v1|398153381868|0,Percy Faith My Fair Lady LP Vinyl Columbia CL 895 Cardboard Sleeve,1.60,0.0088
v1|327252059751|0,Tanya Tucker Just Another Love 45 Vinyl Record Single w/ Picture Sleeve,1.50,0.0088
v1|206400563190|0,Elvis Presley - RCA Victor LP - From Elvis In Memphis - LSP-4155 W/ BONUS PHOTO,23.50,0.0088
v1|117290485769|0,The Beatles First Album - MEET THE BEATLES! - Cover Only,44.95,0.0088
v1|188614608734|0,"ELVIS PRESLEY, ""LOVE LETTERS FROM ELVIS"" 1976 Tan No Cover This Is Elvis Aloha",4.68,0.0088
v1|168521526878|0,ROD STEWART PROMO PRESS RECORDS 45 RPM GOOD MORNING LITTLE SCHOOLGIRL,11.11,0.0088
v1|188613539352|0,Lot of 7 Run DMC 45 RPM Records with Picture Sleeves Vintage Rap Hip Hop Rare,99.99,0.0088
v1|358755572738|0,THE MARVELETTES - STRANGE I KNOW TAMLA 45 ,8.00,0.0087
v1|358755572738|0,THE MARVELETTES - STRANGE I KNOW TAMLA 45 ,8.00,0.0087
v1|327251557097|0,"Vintage Golden Record Little Red Riding Hood / Kurt Knudsen 45 RPM 7""",1.79,0.0087
v1|358755572277|0,JIMMY CASTOR BUNCH - PARADISE RCA VICTOR 45,8.00,0.0087
v1|178293685722|0,"Paula Cole Where Have All The Cowboys Gone? 12"" Promo Remix 33 PRO-A-8668",6.00,0.0087
v1|327251557096|0,"Vintage Golden Records Mother Goose 45 RPM 7"" 3 on One",1.49,0.0087
v1|236918305715|0,"BETTE MIDLER - Every Road Leads Back To You/I Remember You/Dixie's Dream, 45 NM",5.99,0.0087
v1|358755572518|0,MARV JOHNSON - I LOVE THE WAY YOU LOVE UNITED ARTISTS 45,6.00,0.0086
v1|127962640225|0,Jukebox 45 & Title Strip Michael Bolton When I’m Back On My Feet Again Tested,2.49,0.0086
v1|366528998256|0,"Pete Lane & Bernice Stabile 45 ""John's Reply / One Two Three Skid Doo"" AU2",0.99,0.0086
v1|127962528960|0,buffy saint marie 45 rpm record mister cant see u/moonshot/very good,3.58,0.0086
v1|168522400779|0,Boston Pops Arthur Fiedler Strauss Polkas 78 RPM 1946 RCA M 1049 3-record set,3.99,0.0086
v1|318559032235|0,"45 Rpm""Grandma Got Ran Over By A Reindeer"" Elmo And Patsy Tested Picture Sleeve",2.49,0.0085
v1|236916844978|0,JANE OLIVOR - THE BEST SIDE OF GOODBYE VINYL LP 1980,5.99,0.0085
v1|206400545198|0,2023 THE BEATLES FROM BLACKPOOL TO PARIS 1964-1965 BLUE VINYL RECORD UNTESTED Ad,40.00,0.0085
v1|407063401860|0,45 RPM  Stephen Sargent & Pride COMPASS DJ 7001 Nobody's Child VG+,3.00,0.0085
v1|398151681881|0,45 RPM Vinyl Record Walt Disney The Jungle Book Book and Record VG,7.50,0.0085
v1|307047934709|0,Desmond Dekker & The Aces – Israelites / My Precious World (The Man) 45 RPM,5.00,0.0085
v1|278163474296|0,MERLE HAGGARD’S GREATEST HITS VINYL ALBUM MCA-5386,7.95,0.0084
v1|127962330651|0,"Merle Haggard & The Strangers Good Times Capitol 7"" Black Vinyl 45 RPM 2017",2.40,0.0084
v1|227421418275|0,Dan Hartman 45 Record I Can Dream About You 1984 Picture Sleeve ￼,0.01,0.0084
v1|298488774808|0,Orginal Motion Picture Soundtrack PAPILLON LP Album-Jerry Goldsmith,4.99,0.0084
v1|298488773771|0,Mixed Lot of 56  COUNTRY 45RPM Records-All Listed,20.00,0.0083
v1|307048628601|0,"12"" Single - Morris Day & The Time - FISHNET - 45 rpm 0-20778 Warner Bros 1988",12.00,0.0083
v1|267720404011|0,"1956 Jackie Gleason To a Sleeping Beauty /Apology at Bed EP 45 RPM EAP1-871 7"" ",0.99,0.0083
v1|267720385457|0,Elvis Presley - RCA Camden LP - C'mon Everybody - CAL-2518,4.99,0.0083
v1|227416798733|0,MICHAEL JACKSON 45 RECORD 1971 071922,1.50,0.0083
v1|398159746696|0,Barry Manilow-3 LP Lot Even Now-Greatest Hits-Live-Vintage Vinyl Records,5.99,0.0083
v1|307047503577|0,Beatles 45  Record & Picture Sleeve - We Can Work It Out/Day Tripper - Capitol,10.00,0.0082
v1|287445108762|0,Vtg 45 Rpm Vinyl Set Of 2,10.00,0.0082
v1|147423070109|0,"Rare Vintage MGM 78 RPM Shellac Record Robert Q. LEWIS ""THERE SHE GOES"" AND... ",9.95,0.0082
v1|358755572831|0,THE JELLY BEANS - I WANNA LOVE HIM SO BAD RED BIRD 45 ,8.00,0.0082
v1|398152380725|0,Dennis Day Johnny Appleseed Part 1 RCA Victor 45 RPM Single 45-5213-A,9.99,0.0082
v1|227421491139|0,"Lot 9 Vinyl Records. VG/VG+. “The Beatles, Tommy Soundtrack, Traffic.”",8.00,0.0082
v1|188616542064|0,BEATLES 45 RPM VINYL  RECORD ROLL OVER BEETHOVEN / PLEASE MR POSTMAN,14.00,0.0081
v1|198477349325|0,Elvis 45 Loving You / Teddy Bear RCA reissue limited edition picture sleeve,4.99,0.0081
v1|287445882882|0,elvis presley vinyl Soundtrack 😍 From The Movie Elvis  Kurt Russell,20.00,0.0081
v1|407058703578|0,Vintage Record Don Rainey Beginners Guitar Read - Listen - Learn 45 RPM,5.00,0.0081
v1|358755565694|0,MARY WELLS - WHAT'S EASY FOR TWO IS SO HARD FOR ONE  SWEETEST BOY MOTOWN 45,6.00,0.0081
v1|117290216631|0,78 RPM TEX WILLIAMS WESTERN SWING Lot Of 7 Records COUNTRY 1940s WESTERN CARAVAN,7.99,0.0081
v1|257615310049|0,THEE HEADCOATS No Such Number 45 Claw Fist Records Billy Childish Bruce Brand,29.99,0.0081
v1|377326657302|0,Ann Murray Could I Have The Stance 45,6.00,0.0081
v1|206400949324|0,Lot Of Ten 78 RPM Records - 1948-1953 - Record Book,4.99,0.0080
v1|168521015955|0,DAVE CLARK FIVE-PICTURE SLEEVE + 45--(BECAUSE)--PS--PIC--SLV,22.00,0.0080
v1|188599367776|0,Bob Stanley Orchestra - Let Me Call You Sweetheart/ Missouri  Waltz  45 Rpm,2.88,0.0080
v1|398139784287|0,45 Vinyl Record Italy 1961 Tony Dallara - Bambina Bambina & Come Te,13.50,0.0080
v1|336678349843|0,"JOHN DENVER RCA PB-11267 7"" Vinyl 45 Single Record I WANT TO LIVE / TRADEWINDS",1.25,0.0080
v1|227421541483|0,Lot of 12 vintage Folkraft Records 45 RPM Vinyl & choreography Folk Dance Music,4.95,0.0079
v1|158066465505|0,SOUNDTRACK -LP SNTK #9 SNTK SUSPECT,15.00,0.0079
v1|158066465445|0,SOUNDTRACK -LP SNTK #9 SNTK HOUSEKEEPING,9.99,0.0079
v1|158066467826|0,TOPKAPI  SOUNDTRACK - LP SNTK #3,5.00,0.0079
v1|158066465766|0,SOUNDTRACK -LP SNTK #8 - BURGLAR,5.00,0.0079
v1|158066461046|0,FEDORA SOUNDTRACK  - LP SNTK #5,4.00,0.0079
v1|158066461599|0,EQUUS SOUNDTRACK - LP SNTK #5,4.00,0.0079
v1|336677719376|0,"The Temptations Ball of Confusion 7"" 45 RPM Black Vinyl Single Gordy G 7099",1.99,0.0079
v1|407055755051|0,"The Best Of Disney Volume 1,  Vinyl Record 1976 Disneyland Records 2502",7.99,0.0079
v1|298488120051|0,The Larks ~ The Jerk/ Forget Me ~ Money 45 RPM Record,4.99,0.0079
v1|358755567333|0,SAM COOKE - LOVE YOU MOST OF ALL KEEN 45,8.00,0.0079
v1|407049923840|0,"THE TREMELOES ""SILENCE IS GOLDEN""  VINYL 45 RPM RECORD ALBUM",7.50,0.0079
v1|158064721849|0,"BEATLES ""I WANT TO HOLD YOUR HAND""CAPITOL 1964 GOLD VINYL SINGLE 45 PAINTED GOLD",2.99,0.0078
v1|278162883236|0,"NOVELTY  JACK O'RYAN & AL TERCEK ON NOCTURNE  LABEL 45 RPM  7"" RECORD",1.00,0.0078
v1|236924893097|0,Carl Perkins Boppin' The Blues & All Mama's Children Sun Record #243 45 rpm,9.95,0.0078
v1|307048550603|0,The Beatles 45 RPM Vinyl Let It Be / You Know My Name,5.00,0.0078
v1|227421662608|0,Vintage 1980 Kenny Rogers Greatest Hits LP Album good condition,6.00,0.0078
v1|327251524721|0,"Vintage Diana Ross ""Ain't No Mountain High Enough"" 45 Single (1970)",2.38,0.0078
v1|307048549818|0,The Partridge Family Vinyl 45 I Think I Love You Photo Sleeve,5.00,0.0078
v1|168521482366|0,Jethro Tull M.U The Best Of Jethro Tull Vinyl LP 1975 Chrysalis Records CHR 1078,24.99,0.0078
v1|327252181344|0,"Homer & Jethro 45 ""That's Good That's Bad / El Paso Numero Dos"" AU2",0.99,0.0078
v1|358755572391|0,FOUR TOPS - IF I WERE A CARPENTER MOTOWN 45,6.00,0.0078
v1|800304770119|0,"Julian Tharpe Jack-O-Woe / Superstar 7"" 45 Midland ML-JT45-1001",5.00,0.0077
v1|147423243584|0,kottonmouth kings vinyl Daydreamin Fazes Crucial 45 Jukebox 7” Icp Twiztid,25.99,0.0077
v1|407061928376|0,45 RPM  Platters MERCURY 71847 You Don't Say ROCKER VG+,3.00,0.0077
v1|318555282221|0,"Rodgers and Hammerstein Oklahoma! Capitol 7"" 45 RPM Vinyl Box Set FDM-915",8.00,0.0077
v1|127963006264|0,45 rpm Lot of 3 ZZ Top Picture Sleeves-NO RECORDS-Afterburner/ Sleeping Bag,2.75,0.0077
v1|257611297325|0,Vintage Woodstock Soundtrack 3 Vinyl Album Collections  Record Set,80.00,0.0077
v1|327251785551|0,45 RPM Tom Jones Evil & Jezebel Third Man Records 2011,5.00,0.0077
v1|800304216633|0,The Beatles Past Masters 2 Vinyls 180gram With Booklet ,45.00,0.0077
v1|198483922780|0,GEORGE STRAIT LP Greatest Hits Vol.2  1987 Mca  country  vinyl,10.50,0.0077
v1|147422678205|0,The Best Of The Stanley Brothers ,5.00,0.0077
v1|127962340950|0,"Carol Jarvis Dee Jay With A Broken Heart / Wayfarers' Chapel Dot 7"" 45 RPM",1.19,0.0076
v1|358768206896|0,Paul McCartney & Wings 45  What's It All About?,10.00,0.0076
v1|227421389293|0,"1956 78 rpm THE SHEPHERD SISTERS ROCK'N ROLL CHA, GONE WITH MELBA 101 ROCK, E",9.95,0.0076
v1|358768222355|0,Billy Preston 45 All That I’ve Got Apple # 1817,3.00,0.0076
v1|127962327917|0,"The Hollywood Argyles Alley Oop / Hully Gully Era 7"" Black Vinyl 45 RPM HTE-5019",1.39,0.0076
v1|307047477566|0,"Beatles I Wanna Hold Your Hand/I Saw Her 45 w/picture sleeve, Capitol #5112, VGC",10.00,0.0076
v1|318556419753|0,"Collection Of 17  45 rpm - Movie, Play And TV Themes",12.00,0.0076
v1|307047934991|0,Dan Fogelberg – Run For The Roses / The Sand And The Foam 45 RPM,4.00,0.0076
v1|336677707647|0,"Wham! Freedom / Heartbeat 7"" 45 RPM Black Vinyl Single Columbia 38-05409",2.00,0.0075
v1|298488774555|0,"6 MICHAEL JACKSON,JACKSON 5 JERMAINE JACKSON  ,JACKSON & PAUL MCCARTNEY 45RPM-",4.99,0.0075
v1|287445884617|0,elvis presley vinyl Elvis With Love,15.99,0.0075
v1|158063760238|0,"The Beatles 45 Records: All You Need Is Love, I Feel Fine,  Help",9.95,0.0075
v1|298488228468|0,AUSTRIAN FOLK -His Masters Voice 45 - National Dances 3 - 1961 Victor Record,4.00,0.0075
v1|800305501639|0,"vintage lot of 43 records 45's with adapters & Case Beatles, MonkeesPeter Pan &",39.99,0.0075
v1|236923821549|0,Sugar Lips Al Hirt He's The King 1964 RCA Records 33 RPM Vinyl Record Album LP,10.00,0.0075
v1|366528990905|0,The Best Of Ray Price LP Vinyl Album,5.99,0.0075
v1|336677640811|0,"The Police Shambelle 7"" 45 RPM Black Vinyl Single A&M Records Rock",2.12,0.0075
v1|407061997624|0,45 RPM  90+  Job Lot-50s-60s Country / Honky Tonkers  ( 7-9-26 ) VG- to M-,6.05,0.0074
v1|178291475520|0,"The Beatles – Love Songs (2X Vinyl LP, 1977, Capitol) SKBL-11711 w/ Book",15.00,0.0074
v1|168515490489|0,"ERIC CLAPTON-I'VE GOT A ROCK N ROLL HEART-45 RPM-7""-ROCK-VINYL-RECORD-WB 29780-",4.29,0.0074
v1|127962342159|0,"Labelle If I Can't Have You / Moon Shadow Warner Bros. 7"" 45 RPM WB 7579",6.40,0.0074
v1|287445973464|0,Lot (11)  Rock 45rpm *BEATLES* Led Zep*Stones*Shocking Blue*Derek/Dominoes*MORE,12.77,0.0074
v1|236928376595|0,The Beatles Vancouver 1964 vinyl Double LP,37.00,0.0074
v1|178291448334|0,"ABC Paramount 45 RPM Record, Lloyd Price, Three Little Pigs ,Gonna Get...",1.00,0.0074
v1|127962398898|0,"Tommy Collins I Wish I Had Died In My Cradle Capitol 7"" Vinyl 45 RPM F3591",3.98,0.0073
v1|800315953584|0,45 RPM  Brook Benton MERCURY 72333 Lumberjack M-,3.00,0.0073
v1|188612522462|0,"BILLY OCEAN ""THERE'LL BE SAD SONGS (TO MAKE YOU CRY"" 45 PS",2.99,0.0073
v1|206400566795|0,Elvis Presley - RCA Special Products 2-LP - Elvis - DLP2-0056(e),4.99,0.0073
v1|236924893098|0,Sun Records #370 Harold Dorman Uncle Jonah's Place & Just One Step.  45 rpm,9.95,0.0073
v1|198484017191|0,The Best of ROD  STEWART  Mercury SRM-2-7507 ,5.00,0.0073
v1|168521013455|0,DAVE CLARK FIVE-PICTURE SLEEVE + 45--(EVERYBODY KNOWS)--PS--PIC-SLV,35.00,0.0073
v1|800288981337|0,1986 BON JOVI ORIGINAL 45 RPM RECORD W PICTURE SLEEVE CINDERELLA IS SLEEVE ONLY,0.99,0.0073
v1|158066467860|0,THE CHOIRBOYS -  MUSIC SOUNDTRACK - LP SNTK #1,6.00,0.0073
v1|158066469924|0,THE COMEDIANS MUSIC SOUNDTRACK - LP SNTK #4,6.00,0.0073
v1|366528829896|0,Lot of 59 vintage 45 RPM kids' vinyl records. 1950’s To 1970’s,19.99,0.0072
v1|236917142007|0,"BUDDY HOLLY  - Coral Records 9-61885 - ""PEGGY SUE"" & ""EVERYDAY"" - 7"" - 45 rpm",3.99,0.0072
v1|168521083431|0,DAVE CLARK FIVE-1st-PICTURE SLEEVE +STOCK 45-(I KNEW IT ALL THE TIME)--PS--PIC,39.99,0.0072
v1|336677718280|0,"Steve Winwood Back in the High Life Again 7"" 45 RPM Vinyl Single Island 7-28472",2.92,0.0072
v1|137493190261|0,THE VENTURES - 20 ROCK N ROLL HITS -LP (BOX-1),15.00,0.0072
v1|307051178938|0,The Best of Kansas LP,9.50,0.0072
v1|158064261728|0,DAVE CLARK FIVE-PICTURE SLEEVE + 45--(THE RED BALLOON)--PS--PIC-SLV,35.00,0.0072
v1|267720607946|0,"VINTAGE VINYL LP: Loggins & Messina ""The Best Of Friends"" (1976)",2.00,0.0071
v1|278156401557|0,SAVE THE CHILDREN ORIGINAL MOTION PICTURE SOUNDTRACK MOTOWN 2-LP VARIOUS ARTISTS,9.99,0.0071
v1|168526157247|0,Soul 45 rpm Lot Of 10,9.99,0.0071
v1|278170810691|0,Vintage Country 45 Lot Henson Cargill Homer & Jethro Ray Pillow MEGA Records EX,2.99,0.0071
v1|178292416196|0,Lot Soundtrack LP-West Side Story/Patton/Brigadoon/Exodus,4.99,0.0071
v1|318556418738|0,The Music From Marlboro Country LP Album,4.99,0.0071
v1|267720401509|0,"Anne Murray I Just Fall In Love Again 45 RPM 7"" Vinyl Record in Sleeve 1979",3.19,0.0070
v1|257611139484|0,"Legrand Records 7"" Vinyl Single Lenis Guess In My Room 45 RPM DJ Copy",42.72,0.0070
v1|327251925630|0,"Atlantic Starr 'Always' 7"" 45 RPM Single 💖🎶",1.50,0.0070
v1|327252344603|0,"After the Gold Rush Neil Young 50th Anniversary Ed Box 12"" LP + 7"" 45 RPM Vinyl",5.00,0.0070
v1|117291540208|0,"Bob & Doug McKenzie – Take Off 7"" Single Record 1981 Mercury Comedy 45 RPM",10.00,0.0069
v1|178291494333|0,"Columbia 45 RPM Record, Ray Price,Oh Lonesome Me, She's Got To Be A Saint VG ",1.00,0.0069
v1|137493190255|0,THE VENTURES - GREATEST HITS - 2LP (BOX-1),25.00,0.0069
v1|278162960898|0,Bob Dylan – Bob Dylan's Greatest Hits. Vinyl LP Record Album.,5.00,0.0069
v1|358755565699|0,DEE CLARK - AT MY FRONT DOOR ABNER 45,8.00,0.0069
v1|377317786965|0,ELVIS PRESLEY 45RPM VINLY RCA VICTORY FOOL/STEAMROLLER BLUES,3.10,0.0069
v1|168521467862|0,Billy Crash Braddock Greatest Hits Volume One 1974,1.50,0.0069
v1|358769303110|0,"COUNTRY VINYL: Tex Williams, Loretta Lynn, WIllie Nelson/Ray Price, Charlie Rich",9.50,0.0069
v1|127964097580|0,ken carson 45 rpm record gypsy tell my fortune/if u need me torn lbl/vg-,15.52,0.0069
v1|358755572715|0,"EARTH, WIND & FIRE COLUMBIA GETAWAY 45",6.00,0.0069
v1|257612105183|0,Johnny Mercer – Duration Blues /Sam's got himy 78 RPM Capitol 164 VG+,2.99,0.0069
v1|137492072699|0,"The Sweet Little Willy/M usean From Mecca 45 RPM 7"" Vinyl Record Bell Records",8.00,0.0069
v1|800320475917|0,45 RPM Jesse james ZEA 50000 Dont Nobody Want to Get married M-,3.00,0.0069
v1|267720581780|0,"VINTAGE VINYL 45:  Billy Ocean ""When The Going Gets Tough, The Tough Get Going""",2.00,0.0068
v1|407061567656|0,45 RPM  Brook Benton MERCURY 72230 Going Going Gone  w/ PS M-,3.00,0.0068
v1|267720654604|0,"The Righteous Brothers - 45 rpm record - ""You've Lost That Lovin' Feelin'""",5.00,0.0068
v1|407061562549|0,45 RPM  Brook Benton MERCURY DJ 72055 Still Waters Run Deep  VG+,3.00,0.0068
v1|307048550934|0,The Partridge Family 45 RPM Vinyl Doesn’t Somebody Want To Be Wanted,5.00,0.0068
v1|168522400690|0,Rolling Stones - Honky Tonk Women & Can't Always Get What You 45 RPM,2.70,0.0068
v1|366529000663|0,"Ernie Freeman 45 ""Shape Up / Theme From Igor"" AU2",0.99,0.0067
v1|158066467936|0,TOM JONES  SOUNDTRACK -   - LP - SNTK #7,5.00,0.0067
v1|178292673461|0,"Nilsson - ""Without You"" - 45 RPM",1.00,0.0067
v1|236917088511|0,Donovan Greatest Hits,5.00,0.0067
v1|358755567398|0,THE GUESS WHO - SHARE THE LAND  BUS RIDER RCA VICTOR 45 PICTURE SLEEVE,8.00,0.0067
v1|188612522453|0,"BILLY OCEAN ""SUDDENLY"" 45 PS",2.99,0.0067
v1|147424506239|0,Fleetwood Mac Live Stereo Vinyl LP 1980  Warner Brothers 2WB 3500,79.00,0.0067
v1|168521551796|0,SEARCHERS-PICTURE SLEEVE + 45-(SOMEDAY WE'ER GONNA LOVE AGAIN)--PS--PIC--SLV,27.00,0.0067
v1|158064889591|0,PAUL ANKA-FIRST PICTURE SLEEVE + 45--(I MISS YOU SO)--PS--PIC--SLV,39.99,0.0067
v1|398151710359|0,The Beatles Beatles Tapes Vinyl ,30.00,0.0067
v1|327252171081|0,"Sam & Dave 45 ""Everybody Got To Believe In Somebody/If I Didn't Have A Girl"" AU1",0.99,0.0066
v1|206400568122|0,Elvis Presley - RCA Victor LP - Elvis Country - LSP-4460 TAN LABEL,4.99,0.0066
v1|168521527218|0,"Bill Nelson Vinyl 45 RPM ""Rooms With Brittle Views"" / ""Dada Guitar"" 1980 Import",3.93,0.0066
v1|127962619169|0,the tremoloes 45 rpm recordjenny's all right/very good minus,1.60,0.0066
v1|298488772408|0,Lot 2 CAPTAIN & TENNILLE LP Album-Greatest Hits & Make You Move,9.99,0.0066
v1|318555650523|0,Ray Kinney & His Coral Islanders-Blue Hawaii- 45 rpm Extended Play record,10.00,0.0066
v1|307048142433|0,Jukebox Lot of 25-45 RPM Records-Various Artists-Genres 50s-70s All Players,9.98,0.0066
v1|278162830748|0,"DOO WOP JACKIE LEONARD & ARISTOCRATS  ON LESLEY   LABEL 45 RPM  7"" RECORD",3.27,0.0066
v1|407056444278|0,Eddy Arnold Pop Hits From The Country Side LP Vinyl Record 1964 RCA Victor,1.93,0.0066
v1|336677614610|0,"New Edition A Little Bit Of Love 7"" 45 RPM Vinyl Single MCA Records MCA-52768",1.60,0.0066
v1|358755565787|0,PRINCE - WHEN DOVES CRY WARNER BROS 45 PICTURE SLEEVE,8.00,0.0066
v1|227421514878|0,"Lot 9 Vinyl Records. VG/VG+. “The Beatles, Talking Heads, Peter Frampton.”",8.00,0.0065
v1|366528994753|0,The Best Of Willie By Willie Nelson LP Vinyl Album,9.99,0.0065
v1|398152419398|0,"Victor 78 RPM Record Castle House Orchestra ""Esmeralda"" / ""Cecile"" Waltz 35373",16.50,0.0065
v1|188613118539|0,THE BEST OF THE BYRDS GREATEST HITS VOL 2 COLUMBIA 1972 PRESSING VG+/VG+,5.00,0.0065
v1|158066461390|0,JUDGEMENT AT NURMBERG SOUNDTRACK -   - LP -(SNTK #7,5.00,0.0065
v1|267720401199|0,"Perry Como Somebody Up There Likes Me 45 RPM 7"" Vinyl Record in Sleeve 1956",3.35,0.0064
v1|267720400825|0,"Johnny Mathis Call Me 45 RPM Columbia 7"" Vinyl Record in Sleeve 1958",3.35,0.0064
v1|267720400825|0,"Johnny Mathis Call Me 45 RPM Columbia 7"" Vinyl Record in Sleeve 1958",3.35,0.0064
v1|147422629126|0,45 RPM Vinyl Records (Lot Of 10) Rolling Stones Elton Journey Thomas Richie,50.00,0.0064
v1|137484653295|0,The Beatles – The Beatles’ Story (Capitol STBO-2222 1964 US VG+/VG+ 2×LP),24.99,0.0063
v1|336677643157|0,"David Bowie Day-In Day-Out / Julie 7"" 45 RPM Vinyl Single EMI America B-8380",3.14,0.0063
v1|257610577516|0,Hayley Mills Collection-Magazine-Photo- Three 45 RPM Records-Nice Lot,49.00,0.0063
v1|377327101614|0,"Aerosmith Limited Live Edition 12"" Vinyl 45 RPM Maxi-Single Geffen 0-20501",6.49,0.0063
v1|358755567222|0,BARBRA STREISAND & NEIL DIAMOND - YOU DON'T BRING ME FLOWERS COLUMBIA 45,6.00,0.0063
v1|178292531058|0,"KATANA-FEELS LIKE MAGIC-1993 IMPORT 12"" 45 RPM SINGLE-HOUSE-TECHNO-PLAY TESTED",24.12,0.0063
v1|198477396861|0,Elvis Presley 45 Record Are You Lonesome Tonight? I gotta know Limited Edition,4.99,0.0063
v1|127962332461|0,"Dot Jim Lowe Come Away From His Arms / Play Number Theven 7"" Black 45 45-15869",1.40,0.0063
v1|127962399951|0,"Frank Armstrong & the Stingers Humpin' / Holler Modern 7"" 45 RPM 45xM 1045 Promo",0.99,0.0062
v1|158064722933|0,"BEATLES ""HAPPY JUST TO DANCE WITH YOU""GOLD VINYL 45 RECORD SINGLE PAINTED GOLD",2.99,0.0062
v1|278163430178|0,"Pink Floyd Another Brick in the Wall Pt II/One of My Turns 7"" 45 RPM Columbia",1.28,0.0062
v1|188612522460|0,"VAN HALEN ""DANCING IN THE STREET"" 45 RPM",2.49,0.0062
v1|800304777999|0,"Brook Benton Rainy Night In Georgia 7"" Black Vinyl 45 RPM Cotillion 45-44057",5.00,0.0062
v1|800320464978|0,45 RPM Hollies EPIC 10180 Carrie-Anne w/ PS M-,3.00,0.0062
v1|800316867702|0,45 RPM  Web Spinners BUDDAH DJ 327 Theme From Spider-Man w/ PS M-,3.00,0.0061
v1|158070620921|0,David Bowie Loving the Alien and Don't Look Down 45 rpm vinyl record,5.00,0.0061
v1|206394122727|0,Special 2 record set Barry Manilow #40 Barry Manilow Greatest Hits,15.99,0.0061
v1|168515372838|0,"Four Tops-Just Seven Numbers-w/PS-45 RPM-7""-single-soul-vinyl-record-Motown-1175",7.00,0.0061
v1|336676918193|0,DEAN MARTIN COUNTRY Reprise RS2-5268 Vinyl 2-LP Record Album,7.00,0.0061
v1|178291555591|0,"Arista 45 RPM Record,Barry Manilow,I Made it Through The Rain,Only In Chicago,VG",1.00,0.0061
v1|327251556787|0,Queen – Crazy Little Thing Called Love - Elektra – E-46579 - 1979 - 45 RPM,1.49,0.0061
v1|407063431662|0,45 RPM Little Carl Carlton BACK BEAT 613 Drop By My Place /Two Timer M-,3.00,0.0060
v1|267720405826|0,1956 Rodger's and Hammerstein Carousel Soundtrack Box Set of 4- 45 RPM Records,1.99,0.0060
v1|318557469019|0,"1907 VICTOR Grand Prize 5218 ""Comin' Thro' The Rye - Humoresque"" 78 rpm",9.99,0.0060
v1|307047934627|0,"Debbie Reynolds – My Six Loves / A Home In The Meadow, 45 RPM",3.00,0.0060
v1|178291436895|0,"Warner Brothers 45 RPM Record, David Ball ,Look What Followed Me Home,VG ",1.00,0.0060
v1|168521593056|0,PATIENCE AND PRUDENCE--PICTURE SLEEVE + 45-(YOU TATTLETALE)--PS--PIC--SLV,59.99,0.0059
v1|358755572110|0,THE ROLLING STONES - START ME UP ROLLING STONES RECORD 45 ,8.00,0.0059
v1|358755600417|0,Robert Palmer - I Didn't Mean To Turn You On 45 RPM w/Picture Sleeve,3.99,0.0059
v1|377321030717|0,Used 1980 The Best Of B.B. King MCA-27074 Record Vinyl LP Blues Guitarist,10.00,0.0059
v1|407057669040|0,"Herald 45 RPM Vinyl Single Joe Morris Orch. & Al Savage ""I Had A Notion"" H-417",3.96,0.0059
v1|307048141175|0,"Elvis Presley Elvis Sings Hits From His Movies, Volume 1 LP Vinyl Album Record",3.72,0.0059
v1|358768135721|0,The Mills Bros. Greatest Hits Vol. 2 LP Vinyl Record Album,1.00,0.0059
v1|158064273167|0,DAVE CLARK FIVE-PICTURE SLEEVE + 45--(SATISFIED WITH YOU)--PS--PIC--SLV,39.99,0.0058
v1|358756288041|0,The VELS - Girl Most Likely To / Guardian Angel - Picture Sleeve - Mercury 45,5.00,0.0058
v1|800291893207|0,Carpenters: I Won't Last A Day Without You / One Love 45 RPM 1974 FAST SHIPPING!,6.99,0.0058
v1|168521669596|0,Tom T. Hall Greatest Hits Vol 2 Record,9.99,0.0058
v1|227421411018|0,Duran Duran 45 Record Save A Prayer 1985 Picture Sleeve,0.01,0.0058
v1|158064718591|0,"BEATLES ""YESTERDAY"" w/COVER CAPITOL 1966 GOLD VINYL 45 RECORD PAINTED GOLD",7.99,0.0058
v1|127962739232|0,z z top 33 rpm record lp the best of very good minus,4.54,0.0058
v1|336677721167|0,"Fleetwood Mac Big Love 7"" 45 RPM Black Vinyl Single Warner Bros 7-28398 1987",2.60,0.0058
v1|188616530235|0,BEATLES 45 RPM VINYL  RECORD AND I LOVE HER / IF IF FELL,9.00,0.0058
v1|127962397195|0,"Leon Chappel Lone Gone Doggie / Gonna Turn You Loose Capitol 7"" 45 RPM F1862",5.20,0.0057
v1|307049984940|0,"Tanya Tucker ""Cry / Feel Right"" Vintage 45 RPM record",2.39,0.0057
v1|188599271071|0,Anniversary Song / Avalon - Al Jolson 45 RPM Vinyl,15.00,0.0057
v1|206400540103|0,2013 THE BEATLES 45 RPM RECORD STAR SHAPED LOVE ME DO PS I LOVE YOU UNTESTED Ad,40.00,0.0057
v1|307048219629|0,LP - Johnny Cash - Greatest Hits Vol. 1  - Columbia Records CS 9478,12.00,0.0057
v1|127962532380|0,elvis presley 45 rpm record begginings elvis/very good plus,1.50,0.0057
v1|147422541444|0,ELVIS PRESLEY 78 RCA 20-6357 MYSTERY TRAIN/I FORGOT TO REMEMBER ORIG EARLY RCA,57.00,0.0056
v1|188599326252|0,Guy Lombardo ~ Harbor Lights/ The Petite Waltz ~ Decca 45 RPM Record,9.00,0.0056
v1|298488987501|0,Sister Sledge 45 RPM Record-We Are Family,5.00,0.0056
v1|800315955726|0,45 RPM  Brook Benton MERCURY  72177 Two Tickets to paradise w/ PS   M-,3.00,0.0056
v1|168520647863|0,"Duran Duran Is There Something I Should Know 7"" Vinyl 45 RPM Single Capitol 1983",1.00,0.0056
v1|267720721808|0,"Randy Travis No Place Like Home Warner Bros. 7"" 45 RPM Vinyl Single (1986)",5.99,0.0056
v1|307048387566|0,LP Frank Sinatra  - Greatest Hits The Early Years -Vinyl Record Harmony/Columbia,8.00,0.0056
v1|137493391108|0,Jackie And The Starlights 45 Valarie Doowop Geat,5.50,0.0056
v1|366532695164|0,Freddie Jackson I Don't Want To Lose Your Love Record 45 RPM Single Capitol 1986,2.00,0.0055
v1|298490402571|0,"LINDA RONSTADT & JAMES INGRAM / SOMEWHERE OUT THERE / MCA-7-52973/ 1986 / 7"" 45",3.39,0.0055
v1|178291709119|0,"The Cars - ""Greatest Hits"" - LP",10.00,0.0055
v1|188616559908|0,BEATLES - 45 RPM VINYL - PICTURE SLEEVE - I WANT TO HOLD YOUR HAND,35.00,0.0055
v1|158054564379|0,"Britten* - King's College Choir*, David Willcocks, Osian Ellis, Ian Hare ‎– A Ce",10.00,0.0055
v1|800304418937|0,"Fats Domino I'm Ready / Margie 7"" 45 RPM Single Vinyl Record Imperial X5585",5.00,0.0055
v1|178292384125|0,"Capital 45 RPM Record, Margaret Whiting, Christmas Candy, Silver Bells, VG ",1.50,0.0055
v1|188614653236|0,Country's Greatest Hits of 1971 Vinyl LP Columbia Records Radio Station Service,3.84,0.0054
v1|257614419410|0,45 rpm record Jerry Dostal SOMA Polka Glencoe MN 1955,19.99,0.0054
v1|267720641407|0,"BOB MOLINE Stay With Me CHALLENGE Records 7"" Single 45 RPM Vinyl Cowboy Country",12.99,0.0054
v1|800304915637|0,Paul McCartney Wings Double A Various Artists LPs (South Korea),25.00,0.0054
v1|278164149705|0,1964 English R&B/ Garage 45 rpm THE SOUL AGENTS Rod Stewart's Band JUST WANT Lov,19.00,0.0054
v1|336677295190|0,"Columbia 78 RPM 10"" Shellac Single Nelson Eddy ""Magic of Your Love"" 17773-D",1.00,0.0054
v1|158063592866|0,The Best of COUNT BASIE Orchestra DECCA DXSB-7170 2xLP ,16.00,0.0054
v1|127963002532|0,45 rpm Lot of 4 Paul McCartney-Coming Up / Girl is Mine/ Ebony Ivory,2.95,0.0054
v1|267720744014|0,"CHUBBY CHECKER THE TWIST  TWISTIN' USA 45 RPM RECORD P 811,P862,SLEEVES LOT OF 2",15.45,0.0053
v1|366528515341|0,"Blondie Sunday Girl 7"" Vinyl 45 RPM Stereo Single Chrysalis 1979",15.00,0.0053
v1|407058197867|0,Donna Summer - Greatest Hits Volume Two  Casablanca Records NBLP 7202  VG+ / VG+,5.00,0.0053
v1|257610786146|0,"MADNESS - Our House / Cardiac Arrest - 45 RPM 7"" Record 1982 GEFFEN",6.50,0.0053
v1|366530287189|0,U2 1987 I Still Haven't Found What I'm Looking For 45 RPM w/ Picture Sleeve,3.25,0.0053
v1|178291500923|0,"tetragrammaton 45 RPM Record, Deep Purple, Kentucky Woman, Hard Road Vg",1.00,0.0053
v1|327252186021|0,"Gary Lewis & The Playboys 45 ""She's Just My Style / Won't Make That Mistake"" AU2",0.99,0.0053
v1|178293412682|0,"Gary Wright - ""Love Is Alive"" - 45 RPM",1.00,0.0053
v1|407056393527|0,Lot of 2 Vinyl LP “The Jive Five” SIGNED Albums. I’m a Happy Man & Greatest Hits,45.00,0.0052
v1|287447399252|0,"Warner Mack - My Love for You/Someone, Somewhere 45 Scarlet rockabilly G HEAR",6.25,0.0051
v1|227421217858|0,"TEEN POP MIKE BREWER ON LESLEY   LABEL 45 RPM  7"" RECORD",8.50,0.0051
v1|267720733903|0,"Hank Williams, Jr. There's A Tear In My Beer/You Brought Me Down Warner 7"" 45",4.95,0.0051
v1|800304211650|0,18 - 45 RPM Record Big Hits From The 60 S and 70 S Various Artists,19.00,0.0051
v1|407055885041|0,Vintage Bing Crosby - White Christmas 45 RPM MCA Records Promo,5.00,0.0051
v1|227421259659|0,"NOVELTY HERB B. LOU ON ARCH  LABEL 45 RPM  7"" RECORD",1.00,0.0051
v1|318542802114|0,Diana Ross Vinyl 45 RPM Record Aint No Mountain High Enough. Motown,1.00,0.0051
v1|307048791963|0,"MICHAEL JACKSON 7"" 45 RPM -""Ben"" & ""You Can Cry on My Shoulder"" Nice Motown 1972",4.99,0.0051
v1|137493307787|0,"DOO-WOP GROUP 45 RPM - THE ACCENTS - BRUNSWICK 55100 - ""WIGGLE, WIGGLE"" ",5.50,0.0051
v1|236923991849|0,WALT DISNEY'S STORY OF MARY POPPINS-45 RPM RECORD READ ALONG BOOK ONLY No Record,2.50,0.0050
v1|257611138302|0,"Tamla The Miracles ""Who's Lovin' You"" 7"" 45 RPM Black Vinyl Single T 54034",8.00,0.0050
v1|398151781736|0,LOT of 60- 45 Records 80's Motown R&B WITH Carrying CASE!!  45's Varous Artist,45.00,0.0050
v1|257611514028|0,Madness Our House  45 Misprint Side “A” Picture Sleeve Geffen,10.00,0.0050
v1|278163174430|0,"45 rpm vintage picture sleeves lot of 9 Prince ,  ,Great White etc.",16.00,0.0050
v1|278163167237|0,Pink Floyd The Wall 1982 45 rpm vinyl Special Limited Edition,23.95,0.0050
v1|278162861338|0,"TEEN POP DICK FLOOD ON MONUMENT   LABEL 45 RPM  7"" RECORD",1.00,0.0049
v1|158070670615|0,David Bowie Fashion and Scream Like a Baby 45 rpm vinyl record,5.00,0.0049
v1|227422234963|0,"(4) Camden RCA, 45 RPM, Don Cornell, Wayne King, Tex Beneke, Alvy West, 1950s",6.00,0.0049
v1|327255745185|0,John Lennon Gold Album Tribute (the Beatles),100.00,0.0049
v1|358755567623|0,MERRILEE RUSH & THE TURNABOUTS - ANGEL IN THE MORNING BELL 45 ,6.00,0.0048
v1|178292529735|0,"ELVIS PRESLEY-I WANT YOU, I LOVE YOU, I NEED YOU-1956 ORIGINAL RCA SINGLE 45RPM",199.99,0.0048
v1|377318289471|0,ELVIS PRESLEY RCA VICTORY 45 RPM LOVE ME TENDER/ANYWAY YOU WANT ME,3.10,0.0048
v1|227421246696|0,"NOVELTY  VIC MENDOLIA ON VJM  LABEL 45 RPM  7"" RECORD",1.00,0.0048
v1|168527356782|0,ROD STEWART GREATEST HITS 1979 - VINYL LP  EX  All The Classic Hits,18.00,0.0047
v1|137492188324|0,The Bosstones 45 Rockabilly Good Rockabilly ,6.00,0.0047
v1|227421199746|0,"ROCKABILLY THE SPARKLETONES ON ABC PARAMOUNT    LABEL 45 RPM  7"" RECORD",10.00,0.0047
v1|398139907246|0,Ed Bruce vintage vinyl 45 rpm Sleep All Mornin,3.99,0.0046
v1|278162924542|0,"ROCKABILLY LINDA WEBB ON JEWEL   LABEL 45 RPM  7"" RECORD",10.00,0.0046
v1|407061925626|0,45 RPM Len Barry DECCA 32011 I Struck it Rich / Love is VG+,3.00,0.0046
v1|278162859100|0,"WLP ROCKABILLY THE SOUTHERNERS ON COLUMBIA  LABEL 45 RPM  7"" RECORD",5.99,0.0046
v1|800288929378|0,Grace Slick 'Dreams' Original Soundtrack 45 Rpm 1980 RCA,0.80,0.0046
v1|800303551374|0,"Vintage Children's Records Books Collection 45 RPM, 1950s-1960s",9.99,0.0046
v1|158064721658|0,"BEATLES ""I FEEL FINE""CAPITOL 1964 GOLD VINYL SINGLE 45 PAINTED GOLD",2.99,0.0046
v1|407056816351|0,"JAY & THE TECHNIQUES, SMASH LABEL #2154 CLASSIC 45 RECORD W/ PICTURE SLEEVE",4.99,0.0046
v1|158070750956|0,Devo Whip It and Girl U Want 45 rpm vinyl record,3.00,0.0045
v1|358756209822|0,LOUDSPEAKER  -  King / Lucky 13  -  Picture Sleeve  -  Lungcast 45,5.00,0.0045
v1|287446043380|0,"1963 hit The Angels ""My Boy Friend's Back"" 45 rpm music styrene record vinyl",5.00,0.0045
v1|188616739118|0,Vintage Peter Pan Book & 45 rpm Record Richard the Sharp Eared Reindeer #1997,5.00,0.0045
v1|188614645276|0,Christmas Day in the Country 1973 Various Artists Vinyl LP Columbia P11887,2.96,0.0044
v1|168520657777|0,"Capitol Some Like It Hot 7"" Vinyl 45 RPM Single B-5444 1985 Picture Sleeve",1.00,0.0044
v1|267720654613|0,"Beatles 45 rpm vinyl record - ""A Hard Day's Night"" / ""I Should Have Know Better""",6.00,0.0044
v1|188614792030|0,David Shire 2010 Original Music From The Motion Picture Soundtrack Vinyl LP,19.99,0.0044
v1|127962661864|0,the kodoks 45 rpm record make believe world/oh gee oh gosh label tear,4.20,0.0044
v1|158064722728|0,"BEATLES ""HELTER SKELTER""CAPITOL ORANGE 1976 GOLD VINYL SINGLE 45 PAINTED GOLD",2.99,0.0044
v1|278162809328|0,"NOVELTY BUCHANAN & GOODMAN ON LUNIVERSE    LABEL 45 RPM  7"" RECORD",1.00,0.0044
v1|366523660188|0,"LOVERBOY ""TEENAGE OVERDOSE""  VINYL 45 RPM RECORD ALBUM",7.50,0.0043
v1|257614510934|0," ONE LOT OF (50) 45 RPM RECORDS FOR SALE",29.95,0.0043
v1|257614510934|0," ONE LOT OF (50) 45 RPM RECORDS FOR SALE",29.95,0.0043
v1|168520843870|0,Linda Ronstadt  Greatest Hits (7E 1092),10.00,0.0043
v1|407057671449|0,"Mercury The Platters - Winner Take All 1956 7"" 45 RPM Single 70819",2.13,0.0043
v1|307048394883|0,"2 LP'S - The Best of Christmas + Greatest Songs of our Land ""American Banjo""",8.00,0.0042
v1|267720654615|0,The Supremes - 2 45 rpm records,5.00,0.0042
v1|318543793288|0,"El Birdos '67: What Made 'em Champs! 45 RPM St Louis Cardinals 1967 Baseball 7""",9.99,0.0042
v1|287447467091|0,"Hank Williams Jr  Endless sleep Buckets got a hole 45 RPM 7"" record Used MGM",7.00,0.0042
v1|358768624963|0,"Teek Jimmy ""Soul"" Clark 7"" 45 RPM Vinyl Single That's ""A"" What I Want/Shook Up",3.26,0.0042
v1|287445124416|0,"BAND AID DO THEY KNOW IT'S CHRISTMAS 7"" 45 RECORD + PICTURE SLEEVE",5.99,0.0042
v1|327251574180|0,"LOS BUKIS 2 Pc Vinyl Lot - Si Tu Quisieras & Este Adios 45 RPM Single 7""",20.00,0.0042
v1|287447150029|0,Michael Jackson Ben/You Can Cry On My Shoulder by Motown 45 RPM,4.00,0.0042
v1|278163431762|0,"The Cars Just What I Needed/Tonight She Comes 7"" 45 RPM Elektra 7-69599",2.00,0.0042
v1|227421222896|0,"DOO WOP THE HARPTONES ON WARWICK  LABEL 45 RPM  7"" RECORD",2.00,0.0041
v1|307048616826|0,"12"" Single - Morris Day & The Time - OAK TREE - 45 rpm 0-20379 Warner Bros 1985",12.00,0.0041
v1|298487632273|0,Carly Simon   Simon Sisters  Lucy Simon     29-45's   CHOOSE ANY 8-45's For  $20,20.00,0.0041
v1|158064723629|0,"BEATLES ""GOT TO GET YOU"" GOLD VINYL CAPITOL ORANGE 45 RECORD SINGLE PAINTED GOLD",2.99,0.0041
v1|800315945547|0,45 RPM Ray Price COLUMBIA 42518 Pride / I'm Walking Slow M-,3.00,0.0041
v1|366528829527|0,"Frank Sinatra – Mr. Success/Sleep Warm, 45 RPM - Capitol - VG",3.25,0.0041
v1|178291601323|0,"Columbia 45 RPM Record, Neil Diamond, Street Life,If You Know What I Mean VG ",1.00,0.0040
v1|398151541635|0,FRANK SINATRA “GREATEST HITS VOL. 2” 1972 VINYL ,5.00,0.0040
v1|358768293843|0,"Greatest Hits by Petty, Tom (Record, 2016)",24.50,0.0040
v1|236923656150|0,Lot Of 11 Vinyl LP Record Albums The Rolling Stones Who Eagles Elton John Billy,28.00,0.0039
v1|358755566095|0,THE DIXIE CUPS - LITTLE BELL RED BIRD 45,6.00,0.0039
v1|127957384406|0,vintage 45 record lot,60.00,0.0039
v1|127957384401|0,vintage 45 record lot,30.00,0.0039
v1|227421198413|0,"PROMO ROCKABILLY BAKER KNIGHT ON DECCA    LABEL 45 RPM  7"" RECORD",9.99,0.0039
v1|158054921052|0,"Rolling Stones Lot 3 45 Records, 4 Picture Sleeves Emotional Rescue, One Hit ++",12.99,0.0038
v1|318556404434|0,Boston Pops Various Red Seal 45 rpm records,10.00,0.0037
v1|358755596513|0,"Charlie Sexton - Beat's So Lonely / Attractions - USA 7"" 45 PS picture sleeve",2.99,0.0037
v1|158066467667|0,VARIOUS FILM CLASSICS -  MUSIC SOUNDTRACK -LP  SNTK #1,5.00,0.0037
v1|227421487721|0,Vintage Peter Pan 45 RPM Record  “ Dinner With Drac” Dance Hits 7” Kids,10.99,0.0037
v1|198477376425|0,ELVIS PRESLEY 45 RCA Collectors' Series All Shook Up thats when your heartaches,4.99,0.0037
v1|336677704248|0,"Styx Mr. Roboto / Snowblind 7"" 45 RPM Black Vinyl Single A&M 2525-S",2.03,0.0037
v1|278162855420|0,"PROMO POP PARIS SISTERS ON DECCA  LABEL 45 RPM  7"" RECORD",6.00,0.0037
v1|407058743400|0,The Little White Duck 45 RPM Record RCA Victor,12.00,0.0037
v1|227424357631|0,Vintage Vinyl RECORDS Lot DEEP PURPLE Elvis BRUCE Aerosmith AC/DC Beatles,18.00,0.0037
v1|366523656080|0,"HUEY LEWIS AND THE NEWS ""STUCK WITH YOU""  VINYL 45 RPM RECORD ALBUM",7.50,0.0036
v1|168522401064|0,All Time Hits - Various 1960s Country artists VG,2.70,0.0036
v1|227421212676|0,"DOO WOP THE EDSELS ON TAMMY  LABEL 45 RPM  7"" RECORD",2.00,0.0036
v1|168521285578|0,"Bruce Springsteen 45 RPM ""War"" / ""Merry Christmas Baby"" 1986 Columbia Records",1.57,0.0036
v1|358755572360|0,THE BEATLES - HELP! CAPITOL 45,6.00,0.0035
v1|318555652124|0,Tony Bennet 4 pak 45 rpm vinyl records,15.00,0.0035
v1|407056581661|0,"ELVIS PRESLEY, RCA LABEL 8134 45 RECORD W/PICTURE SLEEVE, ORIGINAL 1963",9.99,0.0035
v1|800304470980|0,"Kyu Sakamoto Sukiyaki / Anoko No Namaewa Nantenkana 7"" 45 Capitol 4945",5.00,0.0035
v1|336677099186|0,Ronnie McDowell Greatest Hits and All Tied Up 2 LP Lot,9.99,0.0034
v1|800304465528|0,"Jerry Lewis Rock-A-Bye Your Baby 7"" 45 RPM Single Brunswick 45-05636",5.00,0.0034
v1|278162810746|0,"WLP TEEN POP THE CASTELLS ON WARNER BROTHERS   LABEL 45 RPM  7"" RECORD",3.32,0.0034
v1|307053254733|0,The Beatles: Meet The Beatles! + Get Back + Twist & Shout + Hey Jude 33/45 Vinyl,75.00,0.0034
v1|227424299528|0,THE BEATLES - I’M HAPPY JUST TO DANCE WITH YOU - 45rpm - 1964 PICTURE SLEEVE. ,69.50,0.0034
v1|178281670307|0,Carpenters : 45 rpm Record (Picture Sleeve) ~ Druscilla/Penny (A&M 1413-S/1973),6.00,0.0034
v1|158065800915|0,"Beatles 45 w/ picture sleeve - ""Help!"" and ""I'm Down""",11.99,0.0034
v1|318542915574|0,Ricky Nelson 45 rpm,16.00,0.0034
v1|188612498248|0,"The Springfields Aunt Rhody 7"" 45 RPM Vinyl Single Philips 40038",4.00,0.0033
v1|178292321501|0,"SUPERTRAMP: it's raining again A&M 7"" Single 45 RPM",7.99,0.0033
v1|358755567636|0,KING CURTIS - JUMP BACK ATCO 45,8.00,0.0033
v1|358767383602|0,Duane Eddy- Bonnie Came Back/Lost  Island 45 RPM Vinyl Record Single 7”,2.99,0.0033
v1|318556415529|0,The King and I- 9 45 rpm records,11.00,0.0033
v1|188616564760|0,BEATLES 45 RPM VINYL - TITLE SLEEVE - MYBONNIE/THE SAINTS,25.00,0.0033
v1|407056776194|0,Big Band 4 LP Lot Jimmy Dorsey Greatest Hits / Tommy Dorsey / Frank Sinatra,9.99,0.0032
v1|377325882234|0,1980's Rock 45 with picture sleeve.  Frank Zappa  I Don't Wanna Get Drafted,3.00,0.0032
v1|168520773463|0,TWO 45 RPM RECORD'S BY THE BEATLES BOTH THE SAME ON SWAN # S-4152 /PLAY BACK G+,20.00,0.0031
v1|278162860686|0,"ROCKABILLY CHRIS KENNER ON IMPERIAL  LABEL 45 RPM  7"" RECORD",3.99,0.0031
v1|227421254213|0,"COMEDY CHUCK MCCABE ON GRT  LABEL 45 RPM  7"" RECORD",1.00,0.0031
v1|407056758039|0,"DEE CLARK, ABNER LABEL #1029 45 RECORD WITH PICTURE SLEEVE",9.99,0.0031
v1|366528831485|0,The Beatles - Beatles Movie Medley 45rpm 1982 Capitol B-5107,4.00,0.0030
v1|117284784194|0,vintage Records 45 RPM Lot,60.00,0.0030
v1|398152382752|0,RCA Victor Johnny Appleseed 45 RPM Vinyl 45-5214-A/B Dennis Day non breakable,9.50,0.0030
v1|188616551744|0,BEATLES 45 RPM VINYL  RECORD AIN'T SHE SWEET / NOBODY'S CHILD - ATCO,9.00,0.0030
v1|127962331108|0,"Wally Lewis Donna / Kathleen Dot 7"" Black Vinyl 45 RPM Single 45-15705",1.26,0.0030
v1|278162767552|0,"ROCKABILLY DALE JIMMERSON ON CORSAIR    LABEL 45 RPM  7"" RECORD",15.99,0.0030
v1|327251552524|0,Frank Sinatra’s Greatest Hits Vol.2 Vinyl Record Album,5.00,0.0029
v1|307047934989|0,The Beatles – Ticket To Ride / Yes It Is 45 rpm,3.00,0.0028
v1|236928319664|0,Large Lot Of Vintage 45 RPM Vinyl Records Various Artists Columbia Stax Cadence,9.99,0.0028
v1|398151639094|0,vintage 1985 RECORD ALBUM LP • THE CARS greatest hits • ELEKTRA  Asylum Records,7.95,0.0028
v1|188612522465|0,"BILLY VERA & JUDY CLAY ""COUNTRY GIRL - CITY MAN"" 45 RPM",3.99,0.0027
v1|307048670263|0,Bangles - Manic Monday - 45 rpm 7 inch single Vinyl Record Picture Sleeve,4.99,0.0027
v1|287444750471|0,"Lot of (11) 45 RPM Records Beatles, John Lennon, CCR, Segar, LRB, REO, Styx +",9.99,0.0027
v1|178293938060|0,"Peter Pan Records Jack and the Beanstalk 7"" 45 RPM Vinyl Single PP 1025",10.35,0.0027
v1|398151579959|0,"The Rinky-Dinks – Early In The Morning – ATCO Records - 45-6121 – 1958 45 RPM 7""",10.00,0.0026
v1|206400732561|0,"Lot Of 50 45's Records Jukebox 7"" 45 rpm Mixed Genres",8.00,0.0026
v1|800289016723|0,ST. ELMOS FIRE 45 RPM MOVIE RECORD John Parr. Columbia Records,0.83,0.0025
v1|278163785715|0,Various Artists THE BEST OF THE GOLD! 50'S VOL 3,5.79,0.0025
v1|318542910475|0,elvis presley vinyl 45,40.00,0.0025
v1|178293414172|0,"Paul McCartney & Wings - ""With A Little Luck"" - 45 RPM",1.00,0.0025
v1|278162898720|0,"NOVELTY JC & THE B-1 BOMBERS ONBOMBADIER   LABEL 45 RPM  7"" RECORD",1.00,0.0025
v1|800308651263|0,"Michael Jackson I Just Can't Stop Loving You Epic 7"" 45 RPM Vinyl Single",50.00,0.0024
v1|168520870786|0,TWO 45 RPM RECORD'S BY THE BEATLES /  TOLLIE  T-9001 AND VJ 581 /PLAY BACK G+,15.00,0.0024
v1|366528795422|0,"JIMMY JONES, CUB LABEL #9072 45 RECORD WITH PICTURE SLEEVE",9.99,0.0024
v1|188616355352|0,SOUTHERN CULTURE ON THE SKIDS  signed box 3 45 rpm vinyl,24.99,0.0024
v1|407061927368|0,45 RPM Robert John COLUMBIA 44435 if you don't want my love / Don't VG++,3.00,0.0023
v1|318556376001|0,Elvis Presley 45 RPM Lot (6 -7 Records + Extras) RCA Victor Poor Condition ,9.95,0.0022
v1|327250484746|0,Lot of 20 1980's 45 RPM Records Various Categories,10.00,0.0022
v1|298495111853|0,Vintage 104 Lot 1960s-70s 45 RPM Records Kids Children’s Playhour Disney MGM,0.99,0.0022
v1|158070613886|0,David Bowie 1984  45 rpm vinyl record,3.00,0.0022
v1|366528663219|0,DJ COLLECTION 1959 CORAL BILLY WILLIAMS NOLA / TIED PINCKNEYVILLE 45 RPM 07302D,40.00,0.0022
v1|158070655484|0,David Bowie Absolute Beginners 45 rpm vinyl record,5.00,0.0021
v1|168522400484|0,Nat King Cole 45 Let Me Tell You Babe / For The Want Of A Kiss 1966 45 RPM 5683,2.65,0.0020
v1|158063876539|0,The Best of Blondie Vinyl LP Record 1981 Chrysalis CHR 1337 Greatest Hits,17.99,0.0020
v1|188616557019|0,BEATLES 45 RPM VINYL PICTURE SLEEVE SHE LOVES YOU,35.00,0.0019
v1|398159759712|0,"Vintage 60s Picture Sleeve 45 Lot Of 4-Creedence, Boyce Hart, Herb Alpert, King",3.94,0.0019
v1|178292651789|0,"Fleetwood Mac - ""Sara"" - 45 RPM",1.00,0.0018
v1|227421261325|0,"COUNTRY CLYDE LAW & LAWMEN ON MABLE   LABEL 45 RPM  7"" RECORD",5.50,0.0018
v1|407063422125|0,45 RPM David Somerville PARAMOUNT DJ 0199 Crying Guitar w/ PS M-,3.00,0.0018
v1|800315903832|0,45 RPM Elvis Presley COLLECTABLES 80018 Little Sister / His Latest Flame M-,3.00,0.0017
v1|377318295096|0,ELVIS PRESLEY RCA VICTPR 45 RPM LITTLE SISTER/HIS LATEST FLAME,2.25,0.0017
v1|158065384053|0,Vintage Elvis Presley EPA-992 45 Volume 1 RCA Vivtor 7”,12.00,0.0016
v1|178293917704|0,"THE BEATLES-LADY MADONNA-1968 CAPITOL 45 RPM 7"" SINGLE WITH PICTURE SLEEVE",49.99,0.0016
v1|358755566128|0,LITTLE WILLIE JOHN - SLEEP KING 45,8.00,0.0016
v1|358769503325|0,lp detoit's best country,5.00,0.0015
v1|377317772346|0,ELVIS PRESLEY 45 RPM RCA VICTOR LITTLE SISTER/HIS LASTEST FLAME,3.10,0.0015
v1|227421205678|0,"COUNTRY JENNY JAMISON ON KKK  LABEL 45 RPM  7"" RECORD",4.25,0.0015
v1|336677708916|0,"Olivia Newton-John Magic 7"" 45 RPM Vinyl Single MCA MCA-41247 Sleeve",1.42,0.0015
v1|318556418397|0,MANTOVANI- various 45 rpm records,6.00,0.0012
v1|358768701508|0,Lot of Various 45 RPM records,36.00,0.0010
v1|318564175914|0,Elvis Presley Little Sister 45 With Picture Sleeve 47-7908,10.00,0.0010
v1|336677705654|0,"Fleetwood Mac Little Lies / Ricky 7"" 45 RPM Vinyl Single Warner 7-28291",2.54,0.0010
v1|336677709804|0,"Billy Joel Allentown/Elvis Presley Blvd 7"" 45 RPM Vinyl Single Columbia",1.60,0.0004
