ebay_id,ebay_title,price,keeper_score
v1|236933960901|0,JOHN COLTRANE Blue Train LP BLUE NOTE Inc. BLP 1577 RVG DG MONO 47 W.63rd,150.00,0.9937
v1|206408134708|0,Brian Cullman - S/T  LP - Private Psych VG++,78.69,0.9873
v1|287457449333|0,Art Blakey Orgy In Rhythm Vol. 1 BLP 1554 Blue Note Mono RVG Ear DG New York USA,99.00,0.9871
v1|287457412780|0,Sonny Rollins Vol. 2 BLP 1558 Blue Note DG RVG Ear 47 W 63rd,1250.00,0.9870
v1|398167258935|0,CLIFFORD BROWN MAX ROACH At Basin Street LP EMARCY MG36070 DG MONO Sonny Rollins,20.66,0.9870
v1|407068251037|0,"Velvet Underground, the Loaded LP",26.00,0.9869
v1|366529021292|0,John Coltrane A Love Supreme Mono Impulse Original 1965,37.00,0.9858
v1|236928239625|0,THE CULT ELECTRIC LP ON SIRE RECORDS 1ST US PRESSING 25555 1987 VINYL EXCELLENT,19.99,0.9824
v1|366542075884|0,Lee Morgan Search For The New Land w/ Wayne Shorter RVG  BST 84169 Blue Note LP,66.01,0.9800
v1|366542040098|0,Yusef Lateef Stable Mates 1957 OG w/ Curtis Fuller DG Mono RVG Savoy PROMO LP,36.00,0.9785
v1|278176364554|0,Damascus-Caught In The Middle 1984 Christian/Psych/Rock-Private Press,19.99,0.9763
v1|287457355796|0,Paul Chambers Quintet BLP 1564 Blue Note DG RVG Mono E/E,1495.00,0.9756
v1|398167258941|0,"JOHN COLTRANE, COLTRANE PLAYS THE BLUES, Atlantic",34.43,0.9739
v1|287457094533|0,"BLUE NOTE 10"" LP 5013: Miles Davis Young Man With A Horn - Original Pressing",175.00,0.9713
v1|198492661031|0,PUBLIC ENEMY - IT TAKES A NATION OF MILLIONS... - Vinyl LP 1988 Def Jam OG US!!,9.98,0.9707
v1|398167258840|0,"Clifford Brown, Max Roach, Emarcy, Mono",20.66,0.9705
v1|407068675185|0,"Zombies, the Odessey and Oracle LP Promo Psych",128.50,0.9703
v1|206408134706|0,Brian Eno - Another Green World LP - Editions EG,11.50,0.9680
v1|117298440787|0,Syd Barrett The Madcap Laughs 1970 UK First Press Pink Floyd adjacent psych rock,115.00,0.9658
v1|366538549796|0,MILES DAVIS ALL STARS WALKIN LP PRESTIGE MONO LP 7076 RE RVG GOOD VINYL,8.50,0.9614
v1|198492635919|0,ERYKAH BADU - WORLDWIDE UNDERGROUND - Vinyl LP 2003 Original US Press!,17.50,0.9612
v1|398167258918|0,Charles Mingus w/Hampton Hawes/Danny Richmond – Mingus Three LP 1959 Jubilee RE,15.15,0.9610
v1|188632316778|0,RARE BIRD EPIC FOREST POLYDOR RECORDS PD 5530  PSYCH ROCK VINYL NEAR MINT!,14.99,0.9580
v1|236933985595|0,"Hello People-Fusion Philips 1968 psychedelic folk, jazz, rock",7.99,0.9572
v1|236933149861|0,PAUL BLEY & SCORPIO S/T OG LP 1973 MILESTONE STEREO PRESS MSP 9046 VG+ Free Jazz,5.00,0.9572
v1|267725666400|0,MAX ROACH PLUS FOUR 1956 TRIP 1975 TLP-5559 SONNY ROLLINS NM/VG+,7.99,0.9569
v1|267725696972|0,"1972 Reissue – Donald Byrd ""A New Perspective"" Blue Note BST 84124 Div of UA VG",13.00,0.9567
v1|227425671061|0,Miles Davis All Stars  1st DG 7034 Milt Prestige lp RVG,21.80,0.9544
v1|227425671061|0,Miles Davis All Stars  1st DG 7034 Milt Prestige lp RVG,21.80,0.9544
v1|158077038090|0,SONNY CLARK Cool Struttin' 1962 MONO REPRESS LP Used! Blue Note 1588 RVG P 9M,107.50,0.9516
v1|198492109850|0,SQUAREPUSHER - MAXIMUM PRIEST E.P. - Vinyl EP 1999 - Warp Records - OG UK Press!,9.98,0.9501
v1|267725687525|0,1966 Reissue - Art Blakey Messengers “The Big Beat” BLUE NOTE Liberty BST 84029,50.00,0.9494
v1|236928228407|0,Psych 45 VELVET UNDERGROUND & NICO Sunday Morning VERVE promo o,227.50,0.9469
v1|168531701554|0,"Leonard Cohen ""Songs Of Love & Hate"" LP Columbia C 30103 Dark OG",16.00,0.9461
v1|398167258846|0,Sonny Rollins Moving Out Prestige Records Rvg,66.78,0.9452
v1|287457294200|0,MILES DAVIS - COOKIN' 1958 PRESTIGE RECORDS MONO SECOND PRESS PR 7094 NJ RVG DG,72.69,0.9447
v1|188637114539|0,"""John Coltrane Quartet Plays"" Early Mono Impulse A-85 chim chimeree vinyl LP",99.00,0.9430
v1|366542065052|0,Lou Donaldson Gravy Train 1966 RVG Ear NY BLP 4079 Mono Blue Note LP,45.00,0.9426
v1|398167258932|0,Sonny Clark Cool Struttin' Blue Note Stereo,34.43,0.9422
v1|336684996254|0,LP The Chi-Lites self-Titled Brunswick LBL OG MINT-,19.95,0.9410
v1|188632342383|0,Rare Midwest Jazz Lp.,5.99,0.9403
v1|236931868836|0,Nico Chelsea Girl Lp 1971 UK 1st Press MGM VG Velvet Underground,49.95,0.9384
v1|178305884379|0,RARE BIRD AS YOUR MIND FLYS BY ABCS-716 PSYCH ROCK VINYL NEAR MINT!,14.99,0.9325
v1|307058847485|0,"UK FREAKBEAT ""FIRE"" ● MINT og '68 ● CRAZY WORLD ARTHUR BROWN ● Psych PROG Garage",49.98,0.9282
v1|318573005516|0,WILLIS JACKSON Bossa Nova Plus Shuckin' LP PRESTIGE PR 7260 OG blue label mono,6.99,0.9280
v1|198492659918|0,PHARCYDE - LABCABINCALIFORNIA - Vinyl 2 x LP 1995 Delicious Vinyl - OG US Press!,26.00,0.9249
v1|267725895916|0,LEONARD COHEN-Live Songs-1973 VG++/NM- LP! Bird On A Wire/Tonight Will Be Fine,9.99,0.9243
v1|366542061273|0,Stanley Turrentine w/ The 3 Sounds Blue Hour RVG Ear Mono W 63 / NY Blue Note LP,8.99,0.9238
v1|800321845025|0,Brian Eno - Discreet Music LP - Antilles VG+,13.50,0.9237
v1|137507337046|0,Rare Germany Press LP 1995 Electrecord Third Electric 1.9.8.3. ER100,14.95,0.9234
v1|227426045472|0,Westside Connection US Original Vinyl 1996 Vinyl  RARE SINGLE ,10.00,0.9232
v1|407068242159|0,Velvett Fogg Self-Titled LP UK Pye Psych Laminated cover Rare!,280.00,0.9211
v1|127974763781|0,"BLACK PEARL, Debut LP On Atlantic, Rare W.C. Psych/Blues Rockers, 1969 VG+/VG",11.85,0.9204
v1|318568478756|0,Harold Budd/Brian Eno - The Pearl LP - Editions EG VG+ PROMO,41.00,0.9172
v1|158077049519|0,CATS FLANAGAN COLTRANE BURRELL SULIEMAN 1ST Press MONO 1959 LP New Jazz RVG DG,120.50,0.9171
v1|267714162664|0,🎤︎ THE CURE - BOYS DON'T CRY - POST PUNK /GOTH ROCK / NEW WAVE / 2 Tone Ska LP,39.99,0.9106
v1|178305248742|0,MAX NEUHAUS ELECTRONICS + PERCUSSION COLUMBIA STEREO PSYCH MS 7139!,14.99,0.9089
v1|137506466643|0,BENNIE GREEN Back On The Scene MONO LP Used! 1958 Blue Note Records RVG DG 9M P,200.00,0.9059
v1|398167258890|0,"SONNY ROLLINS AND THE CONTEMPORARY LEADERS, Contemporary, Mono",20.66,0.9054
v1|366537005125|0,The Monkees Head OG LP 1968 with OG Colgems Inner Sleeve Psych,24.50,0.9051
v1|398167258864|0,The Amazing Bud Powell The Scene Changes  Mono Blue Note Rvg,74.21,0.9041
v1|336684560969|0,Rare Private Modern Soul LP : Nevada Smith ~ Looking For Someone ~ DNA 62251,19.99,0.9025
v1|137506487385|0,MAX ROACH We Insist! Freedom Now Suite MONO 1961 LP Used! Candid IND CJM 8002,50.99,0.9011
v1|377332633106|0,Rare Vinyl Release Blackeyed Susan Electric Rattlebone Mercury Import original,111.11,0.9009
v1|206408134687|0,Alec Seward - Creepin' Blues LP - Prestige Bluesville OG Press RVG VG+,66.00,0.9007
v1|298503308573|0,TOPLOADER Onka's Big Moka RARE 1st Pressing 2000 UK Limited Ed RARE! Vinyl LP,34.99,0.8993
v1|307067809470|0,"BEAUTIFUL *MINT* 1970 UK PYE ~ ""FIRE"" MAGIC SHOEMAKER ~ HOLY GRAIL PSYCH PROG LP",1798.98,0.8975
v1|278128725110|0,"MILES DAVIS ""EARLY MILES"" 1969 PRESTIGE PRST 7674 JAZZ BOP LP NEAR MINT",12.50,0.8965
v1|398169839336|0,V/A - Take Flight - Self-Release LP VG++ PSYCH FOLK FUZZ MCCC OG,59.98,0.8961
v1|318573215450|0,VINYL RECORD LP - GEORGE HARRISON - ALL THINGS MUST PASS - 3LP BX SET - STCH 639,49.99,0.8951
v1|147432682027|0,Rare Germany LP 1995 Electrecord Third Electric ER200 URSTOFF Clean Vinyl  ,14.95,0.8949
v1|318568478717|0,Christopher - What'cha Gonna Do LP - Chris-Tee - Rare Private Psych OG Press VG+,998.00,0.8946
v1|318568478732|0,Echo & The Bunnymen - S/T LP - Sire NM,14.49,0.8931
v1|407068549355|0,"Wild Thymes, the Reflections LP Psych Purple wax Insert Ltd #'d Ed in shrink",5.00,0.8912
v1|227426005970|0,"Steve Reich ""Music For 18 Musicians"" ECM 1978 Minimalism Avant Garde SHRINK",61.00,0.8893
v1|127970951646|0,Stanley Turrentine Straight Ahead 1985 EX++ Jazz LP Blue Note ( Killer Lineup ),8.00,0.8885
v1|377332160138|0,CHICO HAMILTON THE DEALER 1967 VINYL LP IMPULSE A-9130 RARE JAZZ Larry Coryell,9.99,0.8849
v1|377337889135|0,AYNSLEY DUNBAR Blue Wale LP BYG Fr. Import Psychedelic Prog Rock Zappa,4.99,0.8845
v1|307058848198|0,"WILD! og ACID ""FIRE"" GOD  1971 UK ARTHUR'S KINGDOM COME ~GALACTIC ZOO Prog Psych",49.98,0.8839
v1|318572990916|0,MILES DAVIS Fillies de Kilimanjaro LP COLUMBIA CS 9750 rare 2-eye stereo shrink ,8.99,0.8835
v1|188632164358|0,Funk Soul - Roy Ayers Ubiquity Running Away - Polydor - Disco Breaks,9.99,0.8830
v1|287456713472|0,The Jazz Messengers at the Cafe Bohemia Volume 1 Blue Note BLP 1507 First Press,200.00,0.8820
v1|198492115607|0,BRAND NEW HEAVIES - SELF-TITLED (S/T) - Vinyl LP 1991 Original Press!,12.50,0.8806
v1|227428535015|0,Vintage Vinyl Record Sonny Rollins Don't Ask LP M-9090 1979 Milestone Jazz Funk ,10.00,0.8797
v1|267724399332|0,🎤︎ 1975 MOACIR SANTOS Carnival Of The Spirits US LP Blue Note Latin Jazz Funk,14.99,0.8789
v1|267722063610|0,LAZA I IPE - Stizemo - '78 Yugoslavia? press VG+/EX prog psych LP - gatefold,18.99,0.8775
v1|298500645845|0,SUSPIRIA GOBLIN DARIO ARGENTO VINYL Records Lot Of 2 Very RARE! Horror,175.00,0.8764
v1|307058857673|0,"MARIO ANDRRETTI =RARE 1971 LOCAL PA. ""TOGETHER SOUND OF LEHIGH"", HARD ROCK PSYCH",249.98,0.8752
v1|398167258841|0,"Sonny Rollins, What's New?, Rca Victor",17.21,0.8728
v1|227428623497|0,Mariah Carey Irresistible Promo 12”  Rare Vinyl EP Record NM,5.99,0.8715
v1|227428311992|0,The Red Garland Quintet w/ John Coltrane Dig It! 1962 Stereo  Prestige  LP VG+,9.99,0.8699
v1|800321887039|0,GEORGE HARRISON All Things Must Pass STCH-639 3XLP VG++/VG+ boxset w/ poster k,31.00,0.8695
v1|287461920760|0,ROY AYERS - No Stranger to Love LP Vinyl Exc,12.00,0.8689
v1|137493489291|0,No Remorse See You 1989 OG 1st Press UK Punk Oi LP NM!,215.50,0.8686
v1|137493566857|0,Love Forever Changes OG 1968 UK 1st Press Elektra Psych LP Clean EX,19.50,0.8678
v1|336688400578|0,Bill Evans Trio Everybody Digs Bill Evans RLP 12-291 Mono First Pressing Vinyl,400.00,0.8657
v1|198486002069|0,JAIR RODRIGUES É Isso Aí... 1971 Brazil LP ORIG 70s Philips 6349 018 NM/VG+,2.95,0.8652
v1|318572964804|0,"Zzyzx ""Runnin"" LP Vintage 1983 Hard Rock Black Wax Very Rare VG Picture Disc",25.00,0.8639
v1|158083770835|0,"Original Sonny Terry LP, Riverside, RLP-644, blue, deep groove, mono, M-",29.99,0.8639
v1|318571866391|0,ALICE COOPER Muscle Of Love Vinyl LP Record 1st Press BS 2748 OG Insert 1973 VG,19.00,0.8631
v1|327258412662|0,RARE The Cramps Kizmiaz Red Vinyl French Release New Rose Records Punk LP,50.00,0.8613
v1|800321845132|0,Labrys - Sisterlove LP - Labrys - Private Synth Electro NM,37.00,0.8588
v1|168531724466|0,"The Deviants - Ptoof! - OG US Sire (London) rare promo w/ hype stickers, NM-",79.99,0.8576
v1|158083732845|0,"John Coltrane/Kenny Burrell LP, Cats, New Jazz 8217, OJC 079, M-",19.00,0.8554
v1|407068325119|0,West Coast Pop Art Experimental Band Where’s My Daddy? LP Amos Psych Promo Rare!,26.00,0.8547
v1|398168010757|0,Adam F - Colours 1997 UK EMI F-Jams 2xLP + [ VERY RARE ] Original Shrink DnB VG+,59.99,0.8538
v1|198492647491|0,ICE-T - O.G. ORIGINAL GANGSTER - Vinyl 2 x LP 1991 Original US Promo!!,9.98,0.8537
v1|307059840479|0,CHYLDS 45 GREY DAYS / NO MORE TEARS Garage Rock Psych Punk Prog  EX,9.99,0.8529
v1|318568487214|0,BRIAN ENO/DAVID BYRNE My Life In The Bush Of Ghosts SIRE LP VG+/VG++ k,10.50,0.8517
v1|407068663881|0,Yesterdays Folks US 69 LP Psych,7.50,0.8509
v1|800321845029|0,Brian Eno - Apollo Atmospheres And Soundtracks LP - Editions EG SEALED,49.48,0.8497
v1|158077329685|0,Elvin Jones LP Mr. Jones Blue Note,10.00,0.8494
v1|257618707493|0,"Industrial Metal Vinyl Lot x8 - Ministry, Prong, Killing Joke etc - w/promos!",90.00,0.8471
v1|377338198470|0,ATILLA s/t BILLY JOEL Epic 1970 Prog Psych Rock LP VINYL Record ALBUM VG+ USED,124.99,0.8468
v1|298500020714|0,"Antonio Carlos Jobim - Wave, A Festival Australia New Zealand Release",30.00,0.8457
v1|366535384517|0,GEORGE HARRISON All Things Must Pass APPLE 3XLP VG+/VG++ europe boxset k,38.00,0.8456
v1|178304703477|0,Television Adventure Red Vinyl LP,25.00,0.8453
v1|327258459917|0,PINK FLOYD Saucerful Of Secrets OG Tower LP prog 1968 EX/VG+/VG,59.99,0.8443
v1|398167913956|0,BIKINI KILL - Reject All American - 1996 Kill Rock Stars KRS 260 - Vinyl LP,40.00,0.8416
v1|318568478739|0,Faust - S/T LP - Recommended UK,20.49,0.8393
v1|336685244664|0,HP Lovecraft II original Phillips Stereo PHS 600 279 Gatefold cover 1968,4.99,0.8385
v1|407068130342|0,Tears for Fears Songs From the Big Chair LP,15.50,0.8363
v1|800330136158|0,Modern Jazz Quartet 2fer Gatefold on Prestige,4.00,0.8359
v1|178309008513|0,"Atlantic John Coltrane Giant Steps 12"" Black label Vinyl LP 33 RPM SD 1311",149.00,0.8343
v1|398167258856|0,The Kenny Burrell Quintet With John Coltrane Prestige PR 7532 Stereo 1967,24.10,0.8341
v1|358791274878|0,Roger & Wendy - Love Rog & Wen - Horny/Private Press LP VG/VG+ FOLK/PSYCH RARE,69.98,0.8330
v1|267726064295|0,The Cure Kiss Me Kiss Me Kiss Me 2 LP Columbia House CRC Pressing,34.99,0.8324
v1|407068650880|0,Yellow Hand Self-Titled LP Psych,5.00,0.8322
v1|227428671600|0,The Temptations 1990 LP Vinyl Gordy 1973 G965V1 Rare Soul Funk,0.99,0.8320
v1|336684966233|0,LP Blue Magic Mystic Dragons ATCO LBL OG Rare Funk Soul (1974) MINT- OG INNER SL,19.95,0.8314
v1|198492661459|0,PUBLIC ENEMY - YO! BUM RUSH THE SHOW - Vinyl LP 1987 Def Jam Original US Press!,9.98,0.8312
v1|318568478701|0,Brian Eno - Before And After Science LP - Editions EG VG++,17.50,0.8307
v1|137493389559|0,Legal Weapon Death Of Innocence OG 1982 1st Press Punk LP NM in Shrink w Hype!!,132.50,0.8307
v1|236933836773|0,"FACTORY RECORDS: Happy Mondays- Madchester Rave On UK WLPROMO ONLY 12"" w/Insert",5.00,0.8303
v1|127971619242|0,"La Fresa Acida - Exitos Con LP VG+/VG Vinyl 12"" 70's Mexican Psych Hippie Rock",14.99,0.8296
v1|800330298952|0,"BLUE NOTE RARITY - The 3 Sounds-Good Deal, VG/VG read",8.99,0.8296
v1|358787615164|0,Bush Tetras-vinyl ,10.00,0.8284
v1|327258620188|0,Miles Davis / In Concert - Classic Jazz Fusion Vinyl - 1973 Original,1.25,0.8282
v1|366538497094|0,"Zzyzx ""Next Exit"" LP Vintage 1986 Hard Rock Black Wax Very Rare VG+ Vinyl",20.00,0.8261
v1|198493972757|0,THE CURE FAITH MFD GERMANY 1981 FICTION 0060.395 MINT- LP,98.99,0.8258
v1|407068239063|0,Velvet Opera Ride a Hustler’s Dream LP UK CBS Psych Laminated cover,32.00,0.8257
v1|117298371246|0,The Smiths Big Mouth Strikes Again vinyl 12'' single 1986 UK English rock band,30.00,0.8254
v1|117298446197|0,Public Enemy Apocalypse 91 1991 US First Press with inserts! Rap Hip-hop 90's,55.00,0.8243
v1|800329154920|0,"H-Foundation Da Sounds Of Now Moody Recordings 12"" Vinyl Electronic Black",5.17,0.8239
v1|117298069387|0,JIMMY SMITH Home Cookin' BLUE NOTE BLP 4050 Hi-Fi 33rpm Deep Groove RVG 47 W. 63,35.00,0.8211
v1|366535370257|0,BUCKINGHAM NICKS Self Titled POLYDOR PD-5058 LP VG+ gatefold k,51.00,0.8198
v1|227428308253|0,RED GARLAND At The Prelude LP PRESTIGE PRLP 7170 US 1959 JAZZ NJ RVG  MONO,9.99,0.8180
v1|366535387035|0,HERBIE HANCOCK Head Hunters COLUMBIA LP VG+ k,12.50,0.8161
v1|198494022860|0,Jefferson Airplane & Starship Psych Rock 4-Album Vinyl Lot,10.00,0.8159
v1|188631256930|0,SOUL STIRRERS~HE'S A FRIEND OF MINE LP  (1972) RARE ORIG PRESS GOSPEL Ex,29.00,0.8149
v1|398167258855|0,Bobby Timmons/The Bobby Timmons Trio In Person/Riverside Stereo,20.66,0.8125
v1|407068304675|0,Wanderers / Lovers The Pipe Dream LP Pop Psych,5.00,0.8114
v1|800321845026|0,Brian Eno & David Byrne - My Life In The Bush Of Ghosts LP - Sire SEALED,11.50,0.8109
v1|117298433868|0,T-Rex The Slider 1972 UK vinyl record english rock,28.00,0.8106
v1|398166937244|0,DIZZY REECE - BLUES IN TRINITY - 1995 Blue Note Limited Edition  180gr Re,25.00,0.8098
v1|236933261498|0,Proof - Electric Cool Aid Acid Testing - Vinyl Record - Translucent Green,20.00,0.8092
v1|407068662658|0,Yesterday’s Children Self-Titled LP Psych Map City Rare!!,255.50,0.8091
v1|206415331911|0,ERIC DOLPHY - Far Cry! | Prestige PRT-7747 | RE 197X | LP,18.00,0.8090
v1|227424732534|0,"The Wolfgang Press Kansas 12"" single Original 1989 Rough Trade US/4AD Records",11.99,0.8076
v1|206408134720|0,Dead Boys - Young Loud And Snotty LP - Sire VG+,41.00,0.8064
v1|318572877774|0,SHRINK The Soul Searchers We The People LP SUSSEX Orig RARE Funk Soul tested,15.00,0.8059
v1|188632425743|0,"THE ART OF NOISE - PROMO SAMPLER 12"" Vinyl 1987 RECORD VAS 2841 NM",9.99,0.8042
v1|377338087845|0,"ORANGE ""STRAIGHT"" ORIG '69  ALICE COOPER ~ PRETTIES FOR YOU ~ FLIPPED ACID PSYCH",99.98,0.8002
v1|147432453170|0,"Malignant Tumour Equality ?!? 7"" 1999 Uxicon Belgium Grindcore VG+/VG+",25.00,0.8002
v1|398167494822|0,THE CULT - Electric - 1987 US LP Rock Vinyl Sire 1st Press RARE FACTORY SEALED,29.99,0.8000
v1|158083766712|0,"Original Barney Kessel LP, On Fire, Emerald 1201, green mono, VG++",39.99,0.7988
v1|206408134746|0,Fripp & Eno - No Pussyfooting LP - Antilles,8.00,0.7954
v1|407068161511|0,Valhalla Self-Titled LP Psych,56.00,0.7954
v1|407068620501|0,Wool Self-Titled LP Psych,19.50,0.7954
v1|147432341599|0,"Ahumado Granujo / Cad El Tor Split 7"" 2000 Napalmed Goregrind EX/VG+",21.00,0.7951
v1|377338011048|0,CHARLES MINGUS TIJUANA MOODS LP RCA REISSUE PROMO STAMPED VG+ VINYL,3.25,0.7951
v1|188632365011|0,Latin - Fredrico Sanchez Garcia - Disco Olimpia - Rare Soul Balada Psych Norteno,9.99,0.7946
v1|398173875235|0,Legs Diamond - Legs Diamond *RARE* OG 1977 US Press INSERT Self-Titled LP,20.00,0.7943
v1|198492653517|0,MR. DIBBS - THE 30TH SONG - Vinyl 3 x LP 2003 Rhymesayer Ent Slug - OG US Press!,13.00,0.7941
v1|298498956744|0,Foley And Kavanaugh Ways To Get Through Rare Psych Folk Rock Vinyl Merlin,50.00,0.7924
v1|198492662044|0,ROOTS MANUVA - RUN COME SAVE ME - Vinyl 2 x LP 2001 Big Dada OG UK Import!!,18.50,0.7918
v1|188632159442|0,Funk Soul - Gil Scott Heron & Brian Jackson 1980 - Arista - Jazz Fusion ,9.99,0.7918
v1|366538884949|0,Cykle S/T LP Label S9-261 Reissue psych,0.99,0.7892
v1|158077801210|0,"Echo & The Bunnymen Ocean Rain Sire 12"" Black Vinyl LP 1-25084",40.00,0.7892
v1|336684947506|0,LP RARE LABELLE Moon Shadow  WB OG LABEL FUNK SOUL MINT-,19.95,0.7881
v1|178297966818|0,RAY CHARLES Genius + Soul = Jazz  Vinyl LP Impulse ! Verve Acoustic Sounds ,4.99,0.7873
v1|366542048988|0,Bill Evans Waltz For Debbie 1963 DG Mono RM 399 Riverside LP,51.01,0.7868
v1|198492114486|0,AALIYAH - Self Titled (S/T) - 2001 US 2xLP Vinyl Promo Gatefold Blackground NM!!,28.00,0.7867
v1|198492663717|0,TOO SHORT - BORN TO MACK - Vinyl LP 1988 Jive - Bay Area Rap - OG US Press!!,39.00,0.7863
v1|227428395639|0,VERY RARE Lotte Lehmann Farewell Recital in Santa Barbara ORIGINAL 2 Mono LPs NM,9.00,0.7850
v1|198485988869|0,ROBERTO ROENA Y SU APOLLO SOUND Lucky 7 1976 US LP ORIG Stereo NM/VG+,9.50,0.7824
v1|178309017267|0,JOHN COLTRANE PLAYS THE BLUES 1962 VINYL CLASSIC JAZZ RECORD ATLANTIC 1382,49.00,0.7803
v1|137514111949|0,"Tears For Fears LP  -""Songs From The Big Chair"" - Tested - VG+ - Original 1985",24.99,0.7791
v1|198492099224|0,COLDCUT - WHAT'S THAT NOISE - Vinyl LP 1989 Tommy Boy - OG US - Still In Shrink!,10.50,0.7788
v1|188632417291|0,HOODOO GURUS - BLOW YOUR COOL! Vinyl LP 1987 RECORD Indie Rock 60728-1 NM,9.99,0.7787
v1|127971456903|0,"Patti Austin - In My Life LP Promo Copy 1983 VG Vinyl 12"" Soul Funk Groove",2.99,0.7784
v1|327258490071|0,The Lemon Pipers / Green Tambourine - Classic Pop-Psych Vinyl - 1968 Buddah OG,1.25,0.7778
v1|117298076871|0,"GRANT GREEN Grantstand BLUE NOTE BLP 4086 Hi-Fi Microgroove 12"" LP 33rpm",90.76,0.7765
v1|117298305357|0,"lot of OG Vinyl / VA-Beatiful Day-Cold Blood-Renaissance/ Psych,Prog/ VG+ Condio",9.99,0.7745
v1|336685350711|0,"The Modern Jazz Quartet Fontessa  12"" LP VG++/EX 1956 Atlantic Mono 1231",24.99,0.7738
v1|206410603471|0,"Street People Incorporated ""The Hurt's On Me, Baby"" RARE OBSCURE FUNK 45 CHANSON",200.00,0.7728
v1|298499996629|0,relaxin with the miles davis quintet,16.00,0.7716
v1|318568478767|0,John Cage & Christian Wolff - S/T LP - Mainstream VG+ PROMO,8.50,0.7698
v1|257618035046|0,The War on Drugs A Deeper Understanding LP Vinyl Rock Album Atlantic Records,30.00,0.7686
v1|318573907127|0,STEPPENWOLF At Your Birthday Party LP Vinyl US 1st Press Die-Cut Gatefold Cover,8.00,0.7683
v1|188630253956|0,THE BOBBETTES   I Shot Mr. Lee on Atlantic 2069,5.00,0.7674
v1|257618756584|0,MILES DAVIS KIND OF BLUE LP Columbia Records CS 8163 1959 Pressing Errors,89.95,0.7666
v1|147431605176|0,"Patareni / Agathocles Split 7"" 1994 Yellow Vinyl Enemy Music Grindcore EX/EX",38.76,0.7663
v1|168523290762|0,AFRICAN ~ PSYCH FOLK INTRUMENTAL / FREE JAZZ B SIDE ~ HEAR ~ 78 RPM ~ A 1023,100.00,0.7659
v1|198492636849|0,"JAMIROQUAI - SPACE COWBOY - Vinyl 12"" Maxi-Single 1995 OG US Press w/ Shrink!",13.00,0.7655
v1|377332295846|0,Rare FIREHOUSE self titled debut album 1990 Original Vinyl LP Korean Pressing,101.01,0.7639
v1|800321844140|0,AUM Bluesvibes SIRE/LONDON LP k,9.00,0.7627
v1|377347742497|0,+ T-SHIRT Transfer 1973 ~ ANGE #1 LP = Dramatic CRAZED HAMMOND Organ PROG PSYCH,39.98,0.7600
v1|307058860080|0,"1973 MINT SHRINK ""COMMUNITY THEATRE"" MOURNING SON, REFLECTION + PA. GARAGE PSYCH",149.98,0.7564
v1|267717720376|0,🎤︎ Touch - Energizer - 1977 Brunswick BL-754214 LP Vinyl funk soul,19.99,0.7554
v1|800321869115|0,"CURE Kiss Me, Kiss Me, Kiss Me ELEKTRA 2XLP k",40.00,0.7549
v1|127971265810|0,BARCLAY JAMES HARVEST Time Honoured Ghosts 1975 LP on Polydor #PD 6517 2383 361,9.99,0.7522
v1|407068516836|0,Connie Smith - Dream Painter - APL1 0188 - Vinyl Record LP,1.99,0.7500
v1|287451315788|0,BILL EVANS TRIO PORTRAIT IN JAZZ RIVERSIDE OJC-088 MICROGROOVE NM-,24.00,0.7496
v1|117298424860|0,Brian Eno Here Come The Warm Jets 1978 US vinyl record singer songwriter english,26.00,0.7494
v1|188632124446|0,Jackpot Records Plays Pinball Vol.1 LP(Opaque Orange Vinyl) Like New/played,18.99,0.7465
v1|336685421885|0,"Richard Beirach - Hubris, 1978 LP, Jazz, Free Jazz.",9.99,0.7447
v1|188632426273|0,EBN OZN - FEELING CAVALIER Vinyl PROMO LP 1984 RECORD New Wave ALBUM 60319-1 NM,9.50,0.7430
v1|188631390168|0,"CARLOS SANTANA on LP  "" SANTANA "" latin rock funk souls afro-Cuban",7.00,0.7419
v1|398167114489|0,Rodney Dangerfield No Respect Vinyl LP OG US 1980 Press VG+/VG+ (Rare Promo),20.00,0.7416
v1|188632156007|0,Jazz - Richard Davis Fancy Free - Fantasy - Fusion Funk Soul 70’s Hard Bop Modal,9.99,0.7406
v1|227428568183|0,Jon Hendricks Fire In The City / Sons And Daughters Verve 45 NM Psych Rock Jazz,7.99,0.7404
v1|407068093414|0,Eno Garden Of Eno Vinyl LP Numbered 18/500,15.00,0.7403
v1|377338308018|0,STEVE DOUGLAS Hot Sax FANTASY funk / soul 1982 VG+ VINYL LP Record USED,8.99,0.7399
v1|398167002671|0,EDDIE CLEANHEAD VINSON-ROOMFUL OF BLUES-A Great Jazz Album-MUSE #MR 5282 mono,12.00,0.7392
v1|377338042640|0,"SEALED Rev. Edmond Blair "" Seeking A Part Time Love "" Atlantic SD R-020 1968",9.99,0.7378
v1|278175797061|0,PETER BROWN Fantasy Love Affair Vinyl LP Funk Soul Disco Drive Records VG/G+,9.99,0.7376
v1|178305090906|0,Nick Kamen Self Title Lp PROMO Edition Sire/1987 Near Mint! Vinyl Record,8.88,0.7361
v1|377334000879|0,Rare JACKYL Night Living of Dead ORANGE vinyl album Ltd Ed original press LP,123.45,0.7354
v1|278162630859|0,Moss Lynch-Pay No Mind Rare 1971 Private Press 45 Trip Universal RARE,99.00,0.7351
v1|127971077295|0,Grateful Dead - Workingman's Dead - NM/EX 1978 RE Psych Folk Rock W/B WS-1869,12.60,0.7343
v1|298498975991|0,The Kenny Burrell Quintet With John Coltrane 1967 original stereo n shrink EX/EX,14.99,0.7343
v1|267717691677|0,🎤︎ Linn County - Fever Shot LP 1969 Mercury BLUES PSYCH ROCK LP,14.99,0.7339
v1|147432466678|0,"Necrophiliacs / WBI Nekromantik Themes 7"" 1991 Blue Vinyl Noisecore EX/VG+",35.00,0.7331
v1|188632509646|0,"The New Bomb Turks- Nightmare Scenario 12"" LP Orange Vinyl Epitaph Records 2000",50.00,0.7322
v1|398168077101|0,Bruch Scottish Fantasy/Konzertstuck Salvatore Accardo/Masur LP 9500 423 NM,5.00,0.7313
v1|198492115393|0,"BRAND NEW HEAVIES - NEVER STOP - Vinyl 12"" Single 1991 Original US Press!",9.98,0.7302
v1|267722063624|0,AFRO-DESIA - The Exotic Sounds Of Martin Denny - '59 NM *MONO* DG Liberty lbl LP,14.99,0.7301
v1|307058849135|0,MINT MONO 1968 = STEPPENWOLF ~ SILVER FOIL Hard Psych GARAGE BORN TO BE WILD! LP,124.98,0.7300
v1|398167556018|0,Douglas Fir – Hard Heartsingin'  QUS5002  1970 NW Psychedelic Rock EXCELLENT!,29.99,0.7295
v1|206408134748|0,George Harrison - All Things Must Pass 3xLP Box - Apple VG++ Poster,48.88,0.7288
v1|398167709474|0,The Dream Syndicate The Days of Wine and Roses LP Ruby JRR 807,11.50,0.7287
v1|267725691490|0,"Max Roach - Chattahoochee Red - PROMO 1981 Columbia, VG+/VG+",14.99,0.7255
v1|198492661605|0,ROB SWIFT - THE ABLIST - Vinyl LP 1999 Asphodel - X-Men Turntablism OG US Press!,10.50,0.7241
v1|398166937248|0,Buster Smith - The Legendary Buster Smith LP - Atlantic 1323    Mono DG,25.00,0.7233
v1|198493686499|0,DEPECHE MODE People Are People Lp RARE OOP,29.99,0.7229
v1|267725730244|0,1966 1st Press US - Jaki Byard “Live! Vol 1” Prestige PR 7419 Stereo Joe Farrell,25.00,0.7222
v1|336684961211|0,"LP C.J. & Co., Deadeye Dick WESTBOUND LBL OG SOUL/FUNK/DISCO MINT- OG INNER SLV",14.95,0.7212
v1|407068569026|0,Wind Seasons LP Germany Plus Psych,6.00,0.7193
v1|198492645730|0,DR. DRE - 2001 INSTRUMENTAL - Vinyl 2 x LP 1999 Aftermath Entertainment OG US!!,9.98,0.7192
v1|117298356330|0,The Ramones Rock N' Roll High School 1979 US promo vinyl record punk rock,22.00,0.7173
v1|366538519550|0,Cocteau Twins Aikea-Guinea Vinyl EP 33RPM 4AD 1984 COCT 5,30.00,0.7168
v1|188632155541|0,Funk Soul - Sunny Bobby Hebb - Philips - Stereo 60’s Pop Northern Soul Oldies,9.99,0.7160
v1|366537170173|0,HEAR - Very Rare T. Rex 45 - Precious Star / Space Boss - Casablanca # NB 810,99.99,0.7150
v1|398166938109|0,EDDIE “LOCKJAW” DAVIS/TATE/HAWKINS/COBB - VERY SAXY  1959 Prestige PRLP 7167 RVG,20.00,0.7138
v1|366542030845|0,George Wellington Quintet At The Bohemia  1956 OG  DG Mono  RVG  Progressive LP,11.50,0.7134
v1|127971304267|0,Subramaniam - Blossom Vinyl LP Record 1981 Funky Jazz Fusion W/ Herbie Hancock,6.99,0.7128
v1|336685087918|0,LP THE BIG KIMBOS W/ Adalberto Santiago OG COTIQUE LBL. MINT- OG PRESSING,34.95,0.7124
v1|127971452320|0,"Charles Earland - Living Black LP 1971 Good Vinyl 12"" Jazz Soul Organ Prestige",0.99,0.7121
v1|236926753257|0,"YMO – Service (LP, OBI, Alfa YLR‑28013, Plays NM, VG Cover, Insert NM)",12.50,0.7119
v1|398166214422|0,"Herbie Hancock ""Future Shock"" Vinyl ",9.00,0.7117
v1|336685049032|0,"LP Ava Cherry ""Ripe!!!"" Funk, Soul, Disco RSO LBL OG (1980) MINT-",14.95,0.7107
v1|127971444296|0,"Max Roach Presents Uptown Swing Quartet LP 1989 VG++/EX 12"" Vinyl Jazz Classical",0.99,0.7098
v1|287456708886|0,Jimmy Smith New Sound A New Star Vol. 1 Blue Note 1512,75.00,0.7075
v1|227428809185|0,Owen Pallett - In Conflict [New Vinyl LP] UK - Import,9.99,0.7072
v1|800329456038|0,Unholy Craft - A Blaze Of Tridents LP,30.00,0.7042
v1|206408134782|0,Kate Bush - Hounds Of Love LP - Audio Fidelity Purple Marbled Wax 180g Ltd. NM,21.50,0.7037
v1|327258476506|0,"Newport Rebels - Mingus, Roach, Dolphy, Eldridge, Jones ~ Vinyl LP.",12.00,0.7029
v1|198492663098|0,SHANGO - SHANGO FUNK THEORY - Vinyl LP 1984 Celluloid - Orig US/Canada Press!!,10.48,0.7028
v1|398173905454|0,"Stanley Turrentine, The Look Of Love, 1968 1st Blue Note, Bst-84286, Van Gelder ",15.00,0.7024
v1|117296253562|0,RARE LOT 45's Rock Psych Garage Jazz N.Soul Reggae w/obscure 1957 WLP PROMO DJ,3.87,0.7017
v1|398175211116|0,Reggae Private Press 12” Pumpy & The Artilleries-Black Children-Patrick Delves,9.99,0.7014
v1|298499860049|0,H.P. LOVECRAFT 1st LP (1967) orig clean in shrink. VG/VG+,20.00,0.7003
v1|198494035731|0,INXS / Bobbi Humphrey Modern Funk & New Wave Vinyl Lot,7.00,0.6991
v1|307063563655|0,"ARK-ELLY / KON FONK SHON Love's Treat Vinyl 12"" Single VG+ RARE UK Import House",19.99,0.6982
v1|366535376364|0,ELEPHANT'S MEMORY Self Titled APPLE SMAS-3388 LP gatefold k,8.00,0.6979
v1|127970952664|0,Rahsaan Roland Kirk & Al Hibbler Meeting Of The Times 1972 VG+ Jazz LPAtlantic,8.00,0.6967
v1|137493441161|0,Stalag 13 In Control OG 1984 1st Press Upstart Punk LP w Printed Inner Sleeve!,28.87,0.6936
v1|398167258902|0,Miles Davis - Seven Steps To Heaven Vinyl LP -  CL 2051 Stereo,27.54,0.6918
v1|147427870031|0,Sun Kil Moon - Among The Leaves Vinyl Films 2LP First Press On Black Vinyl,74.00,0.6916
v1|198492638833|0,"LES NUBIANS - TABOU REMIXES - Black Thought 12"" Single 1999 Promo Clear Vinyl!",9.98,0.6914
v1|267726056812|0,COLTRANE TIME SOLID STATE RECORDS #SS18025 VINYL CLEANED PLAYS EX,15.00,0.6908
v1|287457023779|0,TRILLION - Promo LP - Blue Vinyl,10.00,0.6890
v1|117298790968|0,CHARLES EARLAND Perceptions 1978 PROMO LP on Mercury #SRM-1-3720 JAZZ-FUNK,9.99,0.6885
v1|377310351013|0,"🎤︎ SEALED UNOPENED Guy – Let's Chill OG 1991 12""  ( Aaron Hall Teddy Riley )",14.99,0.6877
v1|366538548683|0,Patto S/T LP on Vertigo US Original,34.88,0.6870
v1|206408134775|0,John Prine - Diamonds In The Rough LP - Atlantic 1841 Broadway VG+,8.00,0.6864
v1|168531582375|0,RUN-D.M.C.~GHOSTBUSTERS/PAUSE~1989 VINYL,9.99,0.6844
v1|188631134863|0,Ornette Coleman - Something Else!!!! Vinyl Record LP OJC-163 Jazz US Press 1984,14.99,0.6843
v1|377309640191|0,🎤︎ Soul  FUNK The JBs JB's ‎Hustle With Speed LP Original press ( James Brown ),22.99,0.6840
v1|366528426043|0,Van Der Graaf Generator Godbluff LP US Original w/ Insert,9.99,0.6833
v1|227428573277|0,DANNIE RICHMOND Ode To Mingus SOUL NOTE 1980 Jazz VG+ VINYL LP Record USED,8.99,0.6831
v1|366538696941|0,"Last Sons of Krypton, 7"" ep, Bulge Records, Pink Vinyl",15.00,0.6830
v1|227425924684|0,"Dr. Dre - Let Me Ride / Nuthin' But A 'G' Thang 12"" Vinyl US Hip-Hop 1994  RARE",12.50,0.6824
v1|327258681307|0,"Lee Cremo & The Eastern Variation (Fiddle) LP ""Self Titled"" EX / VG++ BX4A",3.00,0.6822
v1|377338014665|0,Very Rare UK White Label The Rolling Stone Stone Age Lp Record!!,99.00,0.6820
v1|236934181779|0,"Schicke Führs Fröhling–Sunburst (EX/VG+, 1977 LP, German Prog/Krautrock, Brain)",10.00,0.6820
v1|236926440324|0,JOHN DONALD ROBB - Collection - OPUS ONE 48 lbl - '79 NM avant garde LP + insert,24.99,0.6812
v1|377335214833|0,🎤︎ The Crazy World of Arthur Brown LP 1968 Psychedelic Horror Rock LP,9.99,0.6797
v1|127971246007|0,BARCLAY JAMES HARVEST Everyone Is Everybody Else 1974 UK IMPORT LP on Polydor,14.99,0.6790
v1|267714864129|0,🎤︎ Pink Floyd - Meddle Vinyl LP 1971 Prog Rock HARVEST CANADA DEEP GROOVE LP,19.99,0.6780
v1|178310240946|0,"RICHARD GROOVE HOLMES-AMERICAN PIE, GROOVE MERCHANT INTERNATIONAL LP",5.00,0.6766
v1|377338117314|0,Celebrity City - Vinyl Record LP - 1989 - OPM Label - Private Press Pub Rock,19.99,0.6741
v1|178305100090|0,3 Album Original Alice Coltrane lp collection VG-EX !!!,100.00,0.6740
v1|198492650968|0,MASS INFLUENCE - THE UNDERGROUND SCIENCE - Vinyl LP 1999 Denmark Hip Hop!!,29.00,0.6715
v1|158083734522|0,"Original Son Thomas LP, Down on the Delta, Flying High FH 6506, green, VG+",19.99,0.6702
v1|407067985323|0,"The Charlatans UK The Charlatans UK Fontana 12"" Black Vinyl Rock LP Record",18.36,0.6697
v1|800321845024|0,Bubble Puppy - A Gathering Of Promises LP - International Artists OG Press,39.00,0.6679
v1|198492110113|0,THUNDERBALL - SCORPIO RISING - Vinyl 2 x LP 2001 Original Gatefold US Press!,9.98,0.6677
v1|127965236404|0,"NOT THE SAME OLD JAZZ, FEAT. MILES DAVIS, PAT METHENY, 1989 MEXICAN LP PROMO",14.99,0.6674
v1|147432658791|0,JAMES TAYLOR | Self Titled Debut  APPLE RECORDS SKAO 3352 |  1968 ,5.00,0.6667
v1|117298789730|0,"LIONS & GHOSTS Velvet Kiss, Lick Of The Lime 1987 DEBUT LP on EMI #ELX-46959",9.99,0.6659
v1|117298789730|0,"LIONS & GHOSTS Velvet Kiss, Lick Of The Lime 1987 DEBUT LP on EMI #ELX-46959",9.99,0.6659
v1|336684974343|0,LP LINDA CLIFFORD  I'm Yours Open (funk Soul Disco) CURTOM LBL MINT- OG,14.95,0.6648
v1|327258672410|0,Zephyr / Self Titled Album - 1969 Probe Original Pressing - Tommy Bolin,2.00,0.6644
v1|298500652742|0,Live At CBGB's - The Home Of Underground Rock LP Atlantic SD-2-508,20.00,0.6642
v1|117302513382|0,RAY Y LUPITA  INGRATOS JOS MIOS      ULTRA RARE USED VG,49.99,0.6620
v1|227424593651|0,HARD STUFF.   Bulletproof.   TPSA 7505.  Original Vinyl.  No Skips   KRK COL.,114.99,0.6613
v1|407068197720|0,Van Der Graaf Generator The Least We Can Do is Wave to Each Other LP UK Charisma,13.27,0.6594
v1|198492641612|0,"RICK JAMES - GIVE IT TO ME BABY - 12"" Single 1981 OG US Press Still in Shrink!!",9.98,0.6588
v1|198493689634|0,Narada Michael Walden The Dance Of Life 1979 1st Press Atlantic OG Inner VG/VG-,0.99,0.6582
v1|188632417303|0,NEW ENGLAND Self-Titled Vinyl LP 1979 RECORD Gloversville Press INF 9007 NM,9.99,0.6580
v1|307058533084|0,AVERAGE WHITE BAND - Soul Searching Atlantic – SD 18179 First Pressing,1.00,0.6578
v1|168525700920|0,Kix Cool Kids Vinyl Record 1983 Signed,89.99,0.6575
v1|366535388069|0,INXS Listen Like Thieves ATLANTIC LP VG++/VG+ k,15.00,0.6566
v1|147432175742|0,"Dead Infection / Blood Party's Over 7"" 1994 MSP Goregrind Death Metal EX/VG",52.00,0.6556
v1|236931270738|0,"The Replacements, ""Let it Be"", reissued New heavy Vinyl LP, Ex Cond.",20.00,0.6539
v1|127971000728|0,MATTHEW SWEET Modern Art 2011 Vinyl LP,50.00,0.6524
v1|366538699201|0,Stepson S/T LP Original Hard Rock,9.99,0.6521
v1|366538595938|0,Siouxsie & the Banshees - Static Display - Brown Marble Vinyl Album - Live LP,49.99,0.6520
v1|366535383202|0,FLYING BURRITO BROS The Gilded Palace Of Sin A&M LP k,59.00,0.6501
v1|198492676463|0,Various - STREET SOUNDS ELECTRO 5 - Vinyl LP 1984 UK Import Electro Compilation!,9.98,0.6500
v1|198495441504|0,Gabor Szabo Dreams 1968 Skye Records Jim Stewart Guitar SK-7 Promo D J Copy,94.00,0.6496
v1|800330129913|0,Mocca Latté EP Pamplemousse Productions Pressé PAP014 Vinyl EP Electronic Black,5.00,0.6492
v1|298490914429|0,Yes Yesterdays LP Atlantic SD 18103 1st Press Near Mint,10.00,0.6486
v1|158077303801|0,The Lizard Train - The Ride - 12” EP 1990 Australian indie garage-psych,12.00,0.6483
v1|398167629938|0,"Alex North 2001: A Space Odyssey MGM Records Vinyl LP Gatefold 12"" Stereo",2000.00,0.6483
v1|336682545291|0,Trouble  -  Limited Edition 1984 WHITE VINYL US LP in shrink,149.99,0.6482
v1|227427837542|0,Lot Of 4 Rare Private Press Gospel LPs #76,9.99,0.6469
v1|257621814450|0,PEPPER ADAMS JIMMY KNEPPER Quintet LP Metro DG Mono Elvin Jones Wynton Kelly,89.99,0.6432
v1|227428626393|0,PINK FLOYD OBSCURED BY CLOUDS SUPER RARE OG 1973 UK PRESSING TEXTURED ROUNDED,50.00,0.6427
v1|366538429699|0,HEAR - Rare Soul 45 - Thomas Henry - Um Um Um Um Um Um - Hit Records # 103,7.99,0.6421
v1|168531380486|0,"THE YELLOWJACKETS. JAZZ FUSION/FUNK SOUL INSTRUMENTAL (2 ~ 12"" VINYL LP's)",35.95,0.6415
v1|206408134698|0,Bert Jansch & John Renbourn - Bert And John LP - Transatlantic UK Mono,19.00,0.6412
v1|366530789296|0,Revolutionary Ensemble Viet Nam 1 & 2 OG LP on ESP 1972,9.99,0.6409
v1|267725686552|0,FU MANCHU - Daredevil - First Pressing - Bong Load Records - Near Mint!,65.00,0.6398
v1|407066023992|0,"Rare Indie Rock EP - V/A - The Crocodiles, The Wavves - No Hope Kid - Red Vinyl",9.99,0.6396
v1|358788161569|0,RARE EARTH IN CONCERT 2 LP R534d Records Are Excellent With Original Inlays EX,8.99,0.6377
v1|127967032136|0,KEITH JARRETT JAN GARBAREK Luminessence 1975 JAZZ LP ECM #1049 ST W German Imprt,5.99,0.6372
v1|198492657347|0,NOBODY - SOULMATES - Vinyl 2 x LP 2000 Ubiquity - Original US Press!!,13.00,0.6368
v1|236934183788|0,Bill Nelson Northern Dream LP Smile Records VG+ Vinyl VG+ Cover Rare,13.00,0.6362
v1|158083731890|0,"Original Shelly Man, Blackhawk #2, Contemporary M3578, yellow, mono, dg, VG+",39.00,0.6361
v1|137499643501|0,"The Contours, ""Do You Love Me"" LP, Gordy 1st Pressing, VG+ - NM-",150.00,0.6360
v1|327258685949|0,Tiny Tim / God Bless Tiny Tim - Classic Pop/Psych Vinyl - 1968 Original,1.50,0.6356
v1|188632431568|0,"ENYA - ORINOCO FLOW (SAIL AWAY) 12"" Vinyl 1988 RECORD Smaoitim... 0-21129 NM",9.99,0.6345
v1|336685424250|0,A Perfect Circle – Thirteenth Step (Original Pressing 2003 Vinyl LP) Gatefold,11.50,0.6344
v1|377336799502|0,Boogie Funk Gogo 45 TROUBLE FUNK Drop The Bomb/Part 2 on Jamtu promo,7.99,0.6340
v1|377336799502|0,Boogie Funk Gogo 45 TROUBLE FUNK Drop The Bomb/Part 2 on Jamtu promo,7.99,0.6340
v1|117298436636|0,Lou Reed Metal Machine Music An Electronic Instrumental composition first press,60.00,0.6337
v1|366538618452|0,Frijid Pink Defrosted LP Original on London,9.99,0.6332
v1|206408134736|0,Electric Prunes - Underground LP - Reprise 3-Tone,8.00,0.6331
v1|198487930310|0,Thelonious Monk MISTERIOSO Columbia Stereo 2-Eye LP 1965 Cool Jazz Piano,9.98,0.6313
v1|398174149358|0,Thad Jones/Mel Lewis LP Consummation Blue Note BST-84346 Gatefold,8.00,0.6299
v1|358796819959|0,Jazz Vinyl Records Lot Miles Davis Bitches Brew & Benny Goodman Digital Remaster,25.00,0.6298
v1|287457278890|0,THE KLEZMORIM - Notes From Underground 1984 Flying Fish vinyl W/ Program,5.99,0.6297
v1|307058853413|0,1969 MAJOR 'FREAK-BEAT' ARTIFACT ~ OCTOPUS 4 ~ ORGAN FUZZ PSYCH UNDERGROUND ROCK,149.98,0.6296
v1|168531437494|0,Taj Mahal Natch'l Blues 1968 Pitman Original LP VG+ ULTRASONIC CLEANED & TESTED,14.99,0.6287
v1|137493466742|0,Descendents Milo Goes To College OG 1984 New Alliance 3rd Press Punk LP,45.00,0.6285
v1|358788753689|0,Paul Bryant Burnin LP 1960 OG Pacific Jazz PJ-12 Mono DG Jim Hall Deep Groove,12.99,0.6279
v1|188614458038|0,"PHORTUNE - STRING FREE / CAN YOU FEEL THE BASS 12"" Vinyl 1988 RECORD HMF 114 NM",9.50,0.6271
v1|227428626495|0,BEDHEAD LIVE IN CHICAGO SUPER RARE OG 1ST PRESS VINYL LP NM RSD,100.00,0.6267
v1|198492634432|0,ERIC DOLPHY LAST DATE LIMELIGHT LS86013 LP,39.99,0.6252
v1|127967034171|0,ALFIE SILAS That Look 1985 PROMO LP on Motown #6146ML Funk Soul Disco,5.99,0.6245
v1|198492663475|0,SWOLLEN MEMBERS - BALANCE - Vinyl 2xLP 1999 Jazz Fudge - UK Import Hip Hop!!,9.98,0.6228
v1|206408134701|0,Beatles - Let It Be LP - Apple UK White Wax VG+,23.50,0.6227
v1|327258676390|0,Back Door / Self Titled Album - 1973 Rare Promo Copy - Jazz Rock,1.75,0.6220
v1|800329352668|0,Gorrch - Stillamentum LP,25.00,0.6202
v1|407068167415|0,Hugsja Lp,18.99,0.6202
v1|127974733426|0,NWA 1987 OG Press 12 LP Dope Man 1987 Ruthless Records  Rap,59.99,0.6199
v1|287456721815|0,Tears For Fears Vinyl LP The Hurting,12.50,0.6197
v1|117298366740|0,"Lot of 4 OG Vinyl / BFerry-Bourgeois Tagg-Dramatis-CB/Synth , New Wave / EX Cond",9.99,0.6196
v1|147436547059|0,BOBBY LACOUR Cry like a baby / I found what I wanted RARE Funk / Northern Soul,9.99,0.6182
v1|198493311103|0,The Cramps LP Bad Music for Bad People 1984 IRS original Promotion #KR042,55.55,0.6177
v1|227428327338|0,Modern Soul 12” The Velvet Hammer I Can’t Believe * Rare Vinyl *,100.00,0.6177
v1|227428327338|0,Modern Soul 12” The Velvet Hammer I Can’t Believe * Rare Vinyl *,100.00,0.6177
v1|188632425799|0,JON BUTCHER AXIS Self-Titled Vinyl LP RECORD 1983 Album BLUES ROCK 810 059-1 NM,9.99,0.6164
v1|298496376454|0,PIL / Public Image Limited  - Identity Factory -  Ltd. Ed. (500) PROMO LP,39.99,0.6163
v1|407068155520|0,UFO UFO 1 LP Rare Earth Psych,26.00,0.6161
v1|117302185882|0,Argent - All Together Now LP 1972. Epic KE 31556 RARE ORANGE Label. Gatefold. ,18.00,0.6159
v1|267726071200|0,SOUL II SOUL LP 1990 A NEW DECADE VOL II 1st US Pressing,25.00,0.6155
v1|366538601441|0,"Siouxsie & the Banshees - Happy Hause - 12"" Vinyl Album - Live LP",49.99,0.6144
v1|147431621959|0,"Inner Life I'm Caught Up 12"" Black Vinyl 33RPM Prelude PRLD 519 AS 1979",4.80,0.6143
v1|158077575572|0,"The Cure, Friday I'm In Love 12” SINGLE VG++ CLEAR W/BLUE/RED MIX VINYL",85.00,0.6138
v1|227428673525|0,Spirit – Twelve Dreams Of Dr. Sardonicus LP E30267 Vinyl Psychedelic Rock EX!,11.00,0.6127
v1|198492628806|0,NURSE WITH WOUND LP Echo Poeme Sequence No.2 2005 Drastic Plastic RE White vinyl,26.00,0.6121
v1|800331117062|0,"BLOOD SWEAT & TEARS Orig 1971 ""B,S&T: 4"" LP UK Vinyl cleaned NM Jacket in shrink",9.99,0.6112
v1|198492104108|0,DJ VADIM - U.S.S.R. LIFE FROM THE OTHER SIDE - 2 x LP 1999 Ninja Tune OG Press!!,12.50,0.6109
v1|188632159069|0,Jazz - Eddie Harris Excursions - Atlantic - Jazz Fusion Funk Soul Breaks ,9.99,0.6106
v1|227428370442|0,"Freddie Hubbard Here To Stay Blue Note Jazz Vinyl Double LP Reissue 12"" 33 RPM",12.99,0.6102
v1|198492652725|0,METHOD MAN - TICAL 2000: JUDGMENT DAY - Vinyl 2xLP 1998 Def Jam OG US in Shrink!,20.50,0.6094
v1|236933861385|0,FACTORY RECORDS: Electronic Getting Away With.. Electromix WLPROMO ONLY w/insert,5.00,0.6089
v1|127971526560|0,2001 A SPACE ODYSSEY:OST MGM SIE 13 ST LP 1968 G/VG-,4.00,0.6083
v1|137506672631|0,"HOUSE VINYL 12"" ""PLEASE (YOU GOT THAT...)"" INXS  (MERCURY 1993) UK PROMO",7.00,0.6070
v1|298500125325|0,DEAD KENNEDYS – Bedtime For Democracy LP ORIGINAL 1986 U.S. PRESS  w/ NEWSPAPER,79.99,0.6064
v1|307045747120|0,MIKE HUMPHRIES & GLENN WILSON PUNISH 4 UK VINYL 12” Rare 1999 Electronic Techno,9.99,0.6053
v1|227428573274|0,THE NATURAL FOUR s/t CURTOM 1974 Soul / Funk VG+ VINYL LP Record USED,8.99,0.6051
v1|198492661783|0,RODNEY O & JOE COOLEY - EVERLASTING HITS - Vinyl 2 x LP 1995 Westfunk Orig. US!,11.50,0.6049
v1|307063561412|0,"MARVIN GAYE Rockin' After Midnight Vinyl 12"" Single VG+ RARE UK Import",19.99,0.6047
v1|336683997849|0,Modern Soul/Boogie 45 CINDIE HARRIS Dance Me Swing Me/Expectations on Future VG+,7.99,0.6033
v1|236934060735|0,ART FARMER Yama CTI GP3207 Japan vinyl LP gatefold & insert M-,12.12,0.6012
v1|198492660513|0,PHOENIX ORION - ZIMULATED EXPERIENCEZ - Vinyl LP 1998 Celestial OG US in Shrink!,9.98,0.6007
v1|398167546436|0,"Over Kill !!!FUCK YOU!!! 1987 Caroline CAROL 1345 12"" Black Vinyl EP",49.00,0.6006
v1|206408134753|0,Gong - Gong Est Mort 2xLP - Tapioca France VG++,17.50,0.6001
v1|206411112478|0,DEFTONES AROUND THE FUR MAVERICK WITH MINT INSERT 1997,24.99,0.5998
v1|336684992178|0,LP RARE Paul Kelly Don't Burn Me FUNK (1973 ) OG WB LBL MINT-,19.95,0.5993
v1|168535571713|0,THE FALL The Real New Fall LP Baby blue Vinyl Record LP 2004 Narnock NCK7018,75.00,0.5990
v1|178297885181|0,Split Enz Strait Old Line Aussie P/S Ltd Ed 45rpm Mushroom 1983,5.00,0.5981
v1|198492109682|0,"ROB DOUGAN - CLUBBED TO DEATH #2 - Vinyl 12"" Single 1995 Mo' Wax - The Matrix!!",9.98,0.5981
v1|147432486964|0,Rollins Band Weight LP vinyl Record  Clear  Promo  Black Flag,130.17,0.5978
v1|377310257994|0,🎤︎ Delegation- 1980 LP Funk Soul Disco Vinyl James Brown IMPORT,44.99,0.5976
v1|377336474478|0,NENO GONZALEZ Orlando Contreras DUHER  Rare Latin Salsa Cubana Afro Cuban LP,19.99,0.5973
v1|267725758992|0,1972 Reissue US – Jaki Byard “Live! Vol 2” Prestige PR 7477 Stereo - Joe Farrell,18.00,0.5971
v1|178305587402|0,Booker T. & The MG’s - And Now! 1966 Vinyl LP Stax 711 Mono In Shrink,12.00,0.5963
v1|117298346352|0,Bad Brains Quickness 1989 US first Press D.C. punk rock with insert,38.00,0.5958
v1|307053093927|0,Argent 33RPM “Nexus” 1974 70s Classic Prog Rock 12” LP Vinyl Album,5.50,0.5953
v1|307058533071|0,GRAHAM CENTRAL STATION - Now Do You Wannna Dance VINYL LP Original Press,1.00,0.5947
v1|198497562332|0,Spiff Music At Last Private Press New Wave Synth-pop SRG-01 Rare  1989,100.00,0.5922
v1|206408134729|0,"Echo And The Bunnymen - A Promise 12"" - Korova UK VG+",10.49,0.5915
v1|168531594609|0,Janet Jackson 1989 Vinyl Escapade 6 Mixes A&M Records,9.99,0.5914
v1|137499822359|0,"BOB DYLAN--""John Wesley Harding""--1968 Stereo 360 Sound--2-eye--Rare and Clean",9.95,0.5910
v1|188631566909|0,"Basement Jaxx Rendez-Vu 12"" Vinyl Single XL Recordings Electronic 1999",12.00,0.5910
v1|327258588187|0,The Shocking Blue / Self Titled Lp - 1970 Original Pressing On Colossus,5.00,0.5909
v1|800321845135|0,Leadbelly - Huddie Ledbetter 2xLP - Fantasy SEALED,9.50,0.5899
v1|298499899722|0,Machine Head Unatoned SIGNED Vinyl LP,50.00,0.5893
v1|398168011721|0,Joe Budden - Debut Album - 2003 2xLP ( Def Jam Promo - Busta Rhymes Lil Mo ) EX+,17.99,0.5888
v1|236932471638|0,Ray Charles in Person Jazz R&B LP Atlantic 8039 Mono Recording with Inner Sleeve,7.00,0.5887
v1|267726075391|0,That Petrol Emotion - Chemicrazy - 1990 - Vinyl LP 1st US pressing,25.00,0.5884
v1|336684013018|0,Soul Jazz Blues 45 LEON THOMAS L-O-V-E/Boom-Boom-Boom on Flying Dutchman promo,7.99,0.5878
v1|257618732983|0,ZAHARA Flight Of The Spirit LP ANTILLES Records AN 1011,19.95,0.5851
v1|198492636713|0,"GROOVE THEORY - TELL ME - Vinyl 12"" Single 1995 Original US White Label Promo!",9.98,0.5849
v1|168531482885|0,Roy Ayers Ubiquity-Lifeline-Original 1977 Gatefold Vinyl LP-Polydor Label,6.50,0.5848
v1|267725713626|0,"70's Reissue LP Cecil Taylor ""Live at Café Montmartre"" Fantasy 86014 Hi-Fi Debut",10.00,0.5844
v1|206415332583|0,ERIC DOLPHY - Where? | Prestige PRT 7843 | RE 1971 | Ron Carter | VG+ LP,18.00,0.5842
v1|327258565324|0,Chico Hamilton / The Dealer - Impulse! Jazz Vinyl - 1967 OG With Ad Inner Sleeve,2.50,0.5841
v1|178291671620|0,A Bronx Tale Soundtrack Vinyl 2LP Rare Brookvale Records NM/M,99.00,0.5831
v1|236933883302|0,Music (Listen To The Music) Family Pride Funk Soul Psych 45rpm Record Rare 1977 ,99.00,0.5810
v1|188632157054|0,"OSCAR BROWN JR on LP ""JOY "" jazz funk soul blues",9.99,0.5801
v1|267725994261|0,HAWKWIND 1971 UK 1st Press X IN SEARCH OF SPACE Fold Out Cover PLAY TESTED  ,29.95,0.5787
v1|236926440318|0,"JOHN DONALD ROBB, MICHAEL MAULDIN++ - OPUS ONE 42 lbl - '78 NM avant garde LP",24.99,0.5787
v1|377323875660|0,Psych 45 Herbie's People Residential Area OKEH Promo ,9.99,0.5785
v1|206408134743|0,Fruit Bats - Spelled In Bones LP - Sub Pop OG Press VG++,27.00,0.5777
v1|198492632903|0,"DERRICK - BOOGIE TIMES - Vinyl 12"" Single 1983 OG Electro-Funk Sunnyview!",9.98,0.5761
v1|298500653084|0,Elephant's Memory s/t Gatefold LP Apple SMAS 3389 1972,10.00,0.5753
v1|287456520294|0,"Larry Williams Bony Maronie/You Bug Me, Baby on Specialty LISTEN HERE",0.99,0.5750
v1|168531644121|0,"Brownsville Station - Yeah! - OG 1st press, Big Tree 2102, NM/NM in shrink",9.99,0.5750
v1|158083767614|0,"Original Cannonball Adderley LP. Takes Charge, Riverside 303, mono, blue, dg",19.99,0.5747
v1|800329187051|0,"H Foundation Homegrown e.p. Camouflage Recordings 12"" Vinyl EP cml 005",18.40,0.5740
v1|257618249705|0,"Metallica - Kill 'Em All ( Vinyl, 1st Pressing 1983) VG+/VG+",113.50,0.5736
v1|178304984669|0,Future Neighbors LP Flesh of Love Vinyl  1988 C'est La Mort Records Music Album,8.00,0.5724
v1|198492664719|0,Various - BENEATH THE SURFACE - Vinyl 3xLP 2000 US Underground Hip Hop Comp!,9.98,0.5712
v1|318572566790|0,PAUL MC CARTNEY vinyl Press to play vg used us edition,19.95,0.5706
v1|377338117761|0,Northwind - River Flight - Vinyl Record LP Contemporary Jazz 1982 Private Press,8.99,0.5705
v1|137493290738|0,The Stooges S/T Original 1969 Elektra EKS-74051 Debut LP NM in Shrink!,128.00,0.5688
v1|198492643255|0,3RD BASS - DERELICTS OF DIALECT - Vinyl 2 x LP 1991 - Brazil Import + One Sheet!,33.00,0.5681
v1|287456709999|0,RAILROAD SOUNDS LP Steam & Diesel,3.79,0.5674
v1|377338308035|0,BRIAN BRIGGS Combat Zone TEST PRESS New Wave Art Rock VG+ VINYL LP Record USED,8.99,0.5674
v1|358787768006|0,Baltimore Colts LP Colts Stampede MINT,10.00,0.5671
v1|257618243380|0,Soft Kill - Savior - LP - Limited. Ed. of 100 - Clear with Pink Orb,25.00,0.5669
v1|188632425736|0,COMBO AUDIO Self-Titled Vinyl LP PROMO RECORD 1983 Album ROCK DLP 19005 NM,9.88,0.5667
v1|168531603455|0,Tears for fears shout US and UK remix versions 1985 Vinyl Record LP,9.99,0.5662
v1|227428889981|0,The Trammps III LP Atlantic SD 19148 Presswell PR VG+/NM Disco Soul,20.00,0.5647
v1|358796265832|0,"MUDHONEY & MEAT PUPPETS Split 7"" 2021 TEST PRESSING Grunge PUNK RARE Sub Pop",99.99,0.5646
v1|398173870714|0,"Archie Shepp – The Cry Of My People Impulse! – AS-9231, ABC Records – AS-9231",20.00,0.5646
v1|377338683121|0,The Routers LP Let's Go 1963 Near Mint In Shrink Hype Sticker Stereo Debut Orig!,75.00,0.5638
v1|147435148253|0,"1993 Digital Underground – The Return Of The Crazy One 12"" Vinyl Record",10.00,0.5634
v1|307059247013|0,Bill Evans - Riverside Recordings - Analogue Productions LP Box Set (NearMint),859.99,0.5634
v1|800342199353|0,Rare Jazz LP-AZAR LAWRENCE-Bridge Into The New Age -VG+,59.99,0.5625
v1|287456635134|0,QUEENS OF THE STONE AGE The Fun Machine 7” VINYL Tour QOTSA Signed By Band! UK,290.00,0.5619
v1|407068580346|0,The Soft Machine LP Vinyl Record Probe CPLP 4500 Stereo Gatefold ProgressiveRock,30.00,0.5606
v1|267726064758|0,Bonnie Guitar – Leaves Are The Tears Of Autumn (1968) Dot DLP 25892 Stereo LP NM,4.99,0.5597
v1|127975021933|0,DUETO LAS PALOMAS   AZUCENA     ULTRA RARE USED VG,49.99,0.5597
v1|327258627610|0,The Young Rascals / Self Titled Album - 1966 Stereo Original In Shrink,1.00,0.5589
v1|800329161678|0,"JOHNNY HAMMOND SMITH-GETTIN' THE MESSAGE, WITH LEM WINCHESTER-PRESTIGE 7217 RVG",29.98,0.5583
v1|267726025216|0,MADONNA You Can Dance LP Sire Records 9 25535-1 1987,14.95,0.5578
v1|198493855376|0,SUBHUMANS 29:29 Split Vision Lp ORIGINAL PRESS RARE OOP,39.99,0.5566
v1|227428573275|0,LEE KONITZ / JIMMY GIUFFRE You & Lee VERVE 1960 Jazz VG+ VINYL LP Record USED,8.99,0.5558
v1|227428573269|0,BOBBY HEBB Sunny PHILIPS Soul 1966 Mono VG+ VINYL LP Record USED,8.99,0.5540
v1|318573924211|0,RICK MEDLOCKE BLACKFOOT LP Vinyl 1987 US 1st Press IN SHRINK Atlantic Studios DK,8.00,0.5532
v1|147436095458|0,INDUSTRIAL 2 VINYL LOT AUTHOR AND PUNISHER AND CAUSTIC,20.00,0.5522
v1|336684849314|0,"Bryan Ferry These Foolish Things Atlantic SD 7304 1974 LP Vinyl 12"" Stereo",3.50,0.5521
v1|327255249748|0,Psych 45 TWINKEYZ E.S.P. GROK NM clear vinyl picture sleeve with insert HEAR o,8.00,0.5521
v1|398167128945|0,"Songs of Love & Hate by Cohen, Leonard (Record, 2016)",15.00,0.5517
v1|127971285579|0,The Varmints - Spread Out Vinyl Record EP 1989 Australian Rock And Roll Rare,6.99,0.5513
v1|198493991811|0,Frank Zappa in New York Original Pressing 2 LP Set VG+ VG+ 1977 Discreet Records,14.99,0.5509
v1|147432015385|0,INDUSTRIAL 12 INCHES 2 VINYL LOT FRONT 242 NITZER EBB,15.50,0.5508
v1|178310239687|0,Illinois Jacquet - Birthday Party Vol. 2 LP,3.00,0.5501
v1|407067802142|0,"Richard Marx Self-Titled - (1987, Vinyl LP) EMI Manhattan ST-53049 VG USA Press",20.00,0.5491
v1|377318333913|0,Orig UK Jive 1991 A Tribe Called Quest - The Low End Theory  Rap Hip Hop- LISTEN,24.99,0.5484
v1|227427607387|0,LP Lungfish INDIVISIBLE Vinyl EX play graded record,15.00,0.5476
v1|366535376638|0,ELF Self Titled EPIC KE-31789 LP k,46.00,0.5473
v1|137493616698|0,Flipper Generic Album OG 1988 Subterranean Records Punk LP EX/NM,34.88,0.5469
v1|198492249283|0,Modern Man CONCRETE SCHEME MAM UK LP 1980 New Wave Synth Pop Ultravox Midge Urge,9.98,0.5467
v1|318568479508|0,BEASTIE BOYS Licensed To Ill DEF JAM LP gatefold k,32.00,0.5467
v1|366530664795|0,Dave Pike Jazz for the Jet Set 1966 OG Stereo in Shrink,51.88,0.5465
v1|117298359238|0,The Ramones Pet Sematary 1989 UK vinyl record 45 picture sleeve 7'' punk rock,25.19,0.5463
v1|336685044101|0,Wayne Cochran! 1967 LP Chess Mono orig blue-eyed soul funk gatefold,15.00,0.5461
v1|127971090803|0,The Pretenders - Learning To Crawl -NM/VG+ 1984 Pop Punk Rock Sire 1-23980 Slev,4.99,0.5460
v1|198492618903|0,NURSE WITH WOUND Picture Disc LP Alas The Madonna does not Function 1988  vinyl,25.00,0.5453
v1|236933461202|0,Zebra No Tellin’ Lies LP 1984 Atlantic Records Specialty Pressing Mint Condition,9.99,0.5446
v1|298499514259|0,STEVE BARGONETTI 1984 QUEST LP NM VINYL Jazz Fusion Records,1.99,0.5446
v1|188632164205|0,Boogie Modern Soul - Red Flag Russian Radio - Synthicide - Synth Pop Electro,9.99,0.5445
v1|206410744299|0,Henry Lee Summer LP Z40895 CBS Associated Records 1988,7.99,0.5441
v1|168531607025|0,MADONNA - You Can Dance - 1987 Sire Records 12” Vinyl LP HYPE Band Notched USA,9.99,0.5437
v1|158083739917|0,"Original Cannonball Adderley LP. Lighthouse, Riverside 344, mono, blue, dg, VG+",24.99,0.5423
v1|336684848088|0,"Passport Sky Blue LP Vinyl Atlantic SD 19177 1978 Rock 12"" Stereo",4.00,0.5419
v1|366538602370|0,1982 1st Press The EXPLOITED LP “Punk's Not Dead” Secret Records,24.95,0.5408
v1|366537036069|0,Masters of Reality LP 1988 Original Def Jam Promo,9.99,0.5400
v1|158077550886|0,The SHINS Port Of Morrow UNPLAYED/MINT United Test Pressing LP - RARE!,99.99,0.5386
v1|158077475539|0,Buster Smith Legendary Atlantic 1323 Stereo W/Insert Charlie Parker Vinyl LP,20.00,0.5386
v1|178305608518|0,JIMMY GIUFFRE 3 ATLANTIC RECORDS JAZZ 90981 SUPER SAVER NEAR MINT!,9.99,0.5384
v1|178305608518|0,JIMMY GIUFFRE 3 ATLANTIC RECORDS JAZZ 90981 SUPER SAVER NEAR MINT!,9.99,0.5384
v1|188632156733|0,Rock - The Beatles Abbey Road - Apple - 60’s Psych Original US Press VG+,9.99,0.5381
v1|800321887873|0,GEORGE HARRISON Wonderwall Music APPLE LP VG+ with insert k,8.00,0.5362
v1|198493779387|0,STANLEY TURRENTINE THE SPOILER BLUE NOTE BST 84256 MINT- LP,27.99,0.5352
v1|287461926224|0,FREDDIE HUBBARD First Light CTI LP VG+ gatefold,17.00,0.5352
v1|206410896571|0,"Every Mothers' Son Every Mothers' Son's Back MGM 12"" Vinyl LP Psychedelic Rock",2.00,0.5345
v1|318568478723|0,Cure - Songs Of A Lost World Picture Disc LP - Polydor EU VG++,16.50,0.5335
v1|147432621425|0,Sweat Thursday LP Vinyl Record 1st pressing,3.99,0.5333
v1|398167916888|0,PIXIES - Beneath The Eyrie - White Vinyl LP - Gatefold Cover,25.00,0.5328
v1|206415322683|0,JAMES MOODY Jackie My Little Cat / Bedelia BLUE NOTE POST WAR COOL JAZZ 78 V+,25.00,0.5327
v1|327255248505|0,Pop Psych 45 RUPERT'S PEOPLE Reflections Of Charles Brown BELL promo HEAR o,8.00,0.5323
v1|298497109226|0,Metallica  - ...And Justice For All -  1988 US 2LP,199.99,0.5323
v1|327258614560|0,Gene Ammons / Free Again - Prestige Jazz Vinyl - 1972 Original,2.25,0.5321
v1|307050531490|0,Ruth Brown Please Don't Freeze Atlantic #1036,6.95,0.5315
v1|307059259799|0,Pomping Vila Moments Of Enchantment LP Gift RARE Private Organ Lounge Exotica,30.00,0.5313
v1|287460311608|0,Saccharine Trust punk SST lp Original With Inserts Descendents Black Flag VG++,49.00,0.5312
v1|407068513784|0,Whitney Sunday Self-Titled LP Psych,5.00,0.5312
v1|188632165410|0,Funk Soul - Kalapana - Abattoir - 70s AOR Jazz Fusion Hawaii Soft Rock,9.99,0.5308
v1|278176242915|0,Musikkorps Der 11. Panzer-Grenadier-Division Der Große Zapfenstreich 237 301 VG,0.99,0.5305
v1|198492648185|0,GZA (Genius) - BENEATH THE SURFACE - Vinyl 2xLP 1999 OG US Press - Wu-Tang Clan!,13.50,0.5296
v1|188632430424|0,THE SKWARES - START IT UP Vinyl PROMO LP RECORD 1988 Album SOUL 832 571-1 NM,9.99,0.5289
v1|188632359143|0,Latin - Fania All Stars Delicate And Jumpy - Funk Soul Disco Salsa Jazz,9.99,0.5285
v1|227428626428|0,DEVENDRA BANHART SMOKEY ROLLS DOWN THUNDER CANYON RARE OG 1ST PRESS 2LP W/POSTER,50.00,0.5280
v1|127975118281|0,ORIG 1963 Jan & Dean STEREO Liberty LP Drag City in SHRINK ! Mint- Condition!,24.99,0.5280
v1|227422456787|0,SOUND FOUNDATION - Morning Dew (Walk Me Out In The) rare PSYCH '68 SmoBro dj 45,4.89,0.5262
v1|206408134730|0,Doom - Doomed From The Start (Demo's Album) LP - Discipline/Vinyl Japan UK OG,17.50,0.5257
v1|206410721240|0,THE WES MONTGOMERY TRIO self-titled LP RIVERSIDE RLP 12-310 blue lbl dg mono NM-,8.99,0.5245
v1|298499933054|0,"FIRST CALL / SOMETHIN' TAKES OVER, 1987 Dayspring LP, 7-01-416101-6, VG+, RARE!!",14.50,0.5231
v1|267725611265|0,"Melanie Photograph - PR - Presswell Pressing, Gatefold SD 18190 NM/EX",6.99,0.5229
v1|398167258850|0,The Barry Harris Trio Magnificient! Prestige Stereo,27.54,0.5197
v1|318568478761|0,Incredible String Band - 5000 Spirits (Or Layers Of The Onion) LP - Elektra Mono,8.00,0.5197
v1|188632164532|0,Funk Soul - Lamont Doizer Working On You - Columbia - 80’s Jazz Fusion Disco,9.99,0.5195
v1|117298392710|0,The Flaming Lips Oh My Gawd  1987 US first Press Clear Vinyl Alternative rock,40.00,0.5193
v1|318581549359|0,Womb - Womb 1969 Dot - Still In Shrink EX/EX - Progressive Psych,40.00,0.5190
v1|147436103894|0,PANOPTICON 2 VINYL LOT THE RIME OF MEMORY AND  RUNES HEART,30.00,0.5190
v1|267714199674|0,INXS BABY LIVE plus mini booklet LP Mercury UK / Europe Release Alternative Rock,22.99,0.5187
v1|227428573279|0,NEW HORIZONS Something New COLUMBIA Boogie 1983 VG+ VINYL LP Record USED,8.99,0.5180
v1|127970952062|0,Wynton Marsalis Black Codes From The Underground 1985 EX++ Jazz LP Columbia,8.00,0.5179
v1|178304920831|0,The Hard-Ons Smell My Finger LP  1986 Damp 37 OG  First Pressing  Radio Birdman,59.99,0.5163
v1|227428321055|0,Taboo The Exotic Sounds Of Arthur Lyman LP HiFi R-806 1958 Mono Exotica Jazz EX,8.00,0.5161
v1|307058970154|0,Edison Jazz Disc 51105 Struttin' Blues Away - Atlantic Dance Orch / Green Bros,15.00,0.5159
v1|800321845071|0,Gryphon - Midnight Mushrumps LP - Transatlantic UK VG++,14.50,0.5156
v1|198492639778|0,"LUCY PEARL - DANCE TONIGHT - Vinyl 12"" Single 2000 US Original Promo Press!!",9.98,0.5148
v1|800331430710|0,"Chet Baker ‎""Blood, Chet And Tears"" Original 1970 Press Mono Jazz LP - NM/NM",15.00,0.5130
v1|198492645513|0,DJ SPINNA - HERE TO THERE - Vinyl 2 x LP 2003 - BBE Original France Pressing!,9.98,0.5129
v1|366535357517|0,AEROSMITH Draw The Line COLUMBIA LP VG+ matte cover w/ merch insert SHRINK k,8.50,0.5126
v1|366538593025|0,"Siouxsie & the Banshees - The Signals Session - 12"" Vinyl Album - Live EP",49.99,0.5123
v1|206415333629|0,JOURNEY - Escape | Columbia  TC 37408 | OG 1st 1981 | SHRINK HYPE INNER | EX LP,18.00,0.5122
v1|800321845070|0,Grizzly Bear - Shields 2xLP - Warp Blue Wax 180g Ltd. VG++,8.00,0.5119
v1|117302526601|0,DUETO FAMOSOS VOL 2  VARIOS ARTISTAS     ULTRA RARE USED VG,49.99,0.5115
v1|377338117339|0,The Johny Louis Trio – The In Crowd Vinyl Record LP Jazz Funk Soul 1965 Mono,6.99,0.5113
v1|358788401776|0,Perez Prado - El Unico LP Disma Records Rare Latin Jazz Afro-Cuban,15.00,0.5108
v1|267726026459|0,Connie Smith – Ain’t We Havin’ Us A Good Time LP 1972 RCA Victor LSP-4694 EX/NM,4.99,0.5093
v1|298500525701|0,The Kinks Word of Mouth LP Arista AL8264 1984,5.00,0.5091
v1|158083768079|0,"Orig. Jimmy Raney/G. Wallington/Sonny Clark LP, In Sweden, Emarcy 36121, dg,NM",39.99,0.5091
v1|800321845082|0,Holy Ghost Reception Committee: #9 - Torchbearers LP - Paulist Press 1st Press,34.00,0.5089
v1|800321843033|0,ANIMOTION Self Titled MERCURY 4228225801-M-1 LP NM k,8.00,0.5085
v1|336684906924|0,"OMD Architecture & Morality LP Vinyl Epic 1981 Electronic 12"" Stereo",10.00,0.5080
v1|198492644369|0,BOOM BIP & DOSEONE - CIRCLE - 2 x LP 2002 UK - Rare White Label Test Pressing!!,11.00,0.5074
v1|158077673202|0,Sample Copy: Apple Pie Motherhood Band LP S/T 1968 Atlantic SD 8189 Vinyl Record,39.99,0.5073
v1|188632480227|0,"THE MEAN MACHINE - DISCO DREAM 12"" Vinyl RECORD Hip Hop SH 564 NM",9.40,0.5066
v1|158083767290|0,"Orig. Don Rendell LP w/ Kinsey, Kinsey Comes On, London LL1672, mono, dg red,VG+",9.99,0.5063
v1|800321845094|0,Incredible String Band - Hard Rope & Silken Twine LP - Island SEALED,20.49,0.5061
v1|318573885034|0,RARE original VOGUE RECORDS GERRY MULLINS QUARTET LP cool jazz bop NO RESERVE,19.95,0.5057
v1|117298384236|0,The Cure Let's Go to Bed 1986 US first Press vinyl 45 picture sleeve 7'' single,19.00,0.5057
v1|366535377082|0,ELTON JOHN Empty Sky DJM LP uk textured gatefold k,8.00,0.5056
v1|278162678663|0,Moss Lynch-Then The Rain Came  1970 Private Press Twin Record Prod UNKNOWN RARE,99.00,0.5056
v1|800330893858|0,Herbie Mann Memphis Underground with Larry Coryell Sonny Sharrack Vinyl LP,6.00,0.5054
v1|147432794604|0,SAGA - HEADS OR TALES Vinyl LP RECORD 1983 Album ROCK FR 38999 EX+,8.99,0.5040
v1|127971192718|0,Miles Davis ( Sign Singiture ) CL 1274  Porgy & Bess  G+,1700.00,0.5033
v1|800330141325|0,"Shur-I-Kan Living Inside EP freerange 12"" Vinyl EP Black Record",5.00,0.5028
v1|257618699154|0,"Jawbreaker – Etc. 2xLP Vinyl (2002 Original Pressing, Blackball BB 103 d) punk",0.99,0.5021
v1|318568478772|0,John Mark McMillan - Mercury & Lightning 2xLP - Lionhawk Pink Wax VG++,33.33,0.5019
v1|800321845046|0,Elliott Smith - XO 2xLP - Geffen Brown Wax Reissue VG++,32.00,0.5017
v1|398167885555|0,CHRIS ISAAK - SILVERTONE & S/T  VINYL  LP’s Original US Presses,50.00,0.5007
v1|198492656164|0,NEWCLEUS - JAM ON REVENGE - Vinyl LP 1984 Sunnyview - Original US Press!!,16.19,0.4992
v1|366535392431|0,JOHN MAYALL The Turning Point POLYDOR LP textured cover with insert SHRINK k,8.00,0.4980
v1|257618471872|0,Jónsi Sigur Rós Gaggenau Expressive Geometry Vinyl LP RARE Limited #25/400,150.00,0.4978
v1|117298375655|0,The Cure Boy's Don't Cry 1986 UK new voice club mix single 12'' single goth,22.00,0.4970
v1|127971374243|0,LP ALPHA BLONDY APARTHEID IS NAZISM Shanachie 43042 Records ,16.99,0.4967
v1|158077270668|0,Decline Of The Reptiles - The Hammer Speaks 1984 Australian indie rock,10.00,0.4962
v1|198492963881|0,George Harrison - BNIB - All Things Must Pass - 50th Anniversary - 3 LP SET,325.00,0.4961
v1|298500522847|0,The Move Shazam LP A&M SP4259 ,15.00,0.4950
v1|377309621816|0,🎤︎ Funk Soul - BAR KAYS - BLACK ROCK - VOLT CANADA LP,19.99,0.4946
v1|398167916882|0,BOB MARLEY & THE WAILERS  - TALKIN’ Blues - 1991 Tuff Gong ‎Vinyl LP,70.00,0.4940
v1|206393865104|0,"DG 419 217-1 The Studio Recordings-New York 1985/Horowitz,NM",8.00,0.4934
v1|800321885494|0,FREE Completely Free ISLAND LP VG+ germany k,19.50,0.4928
v1|198493710078|0,V/a NO NEW YORK Lp RARE OOP KBD Teenage Jesus And The Jerks RUSSIA PRESS,59.99,0.4924
v1|366535370560|0,BUOYS Self Titled SCEPTER SPS-24001 LP VG+ matte unipak k,19.35,0.4922
v1|127971535933|0,Sammy Davis Jr The Wham of Sam Reprise Records VINYL LP Stereo R9 2003 vocal,0.99,0.4922
v1|158077352720|0,"Vinyl 12"" LP - Thin Lizzy - Life Live - First Press - Near Mint",14.99,0.4904
v1|398166937242|0,KENNY DORHAM - EASE IT! - MUSE MR5053,30.00,0.4899
v1|278174885509|0,Soul Funk 45 MAGNIFICENTS Take Me On/Skokie Drive on Symbol VG+/NM promo,7.99,0.4897
v1|336685011143|0,"Angela Clemmons SELF TITLED (Vinyl, 1982) Portrait FR 36828 OG INNER SLEEVE  M-",14.95,0.4891
v1|158077547779|0,SCORPIONS Virgin Killer UNPLAYED/MINT QRP 180g Test Pressing LP -RARE with Typo!,199.99,0.4887
v1|188632152757|0,Kiss Animalize European Pressing 1984 Vinyl,30.00,0.4886
v1|227425788202|0,Steps Ahead - Modern Times LP Mint- 60351-1-E Elektra 1984 Vinyl Record,3.99,0.4885
v1|278166204687|0,"SOUNDS OF INNER CITY Mary Hartman, Mary Hartman 1976 12” Single DICK LEE",19.95,0.4866
v1|227428485072|0,CURRENT JOYS Wild Heart 2021 Lo-Fi Pop Indie Rock LP VINYL Record ALBUM VG+ USED,61.00,0.4862
v1|336684930859|0,LP Miriam Makeba PATA PATA REPRISE OG RS 6274Stereo OG Press (1967) MINT-,19.95,0.4853
v1|198493762063|0,TSOL S/T Lp RARE OOP KBD PUNK OG 2nd PRESS,99.99,0.4852
v1|318568478749|0,Genesis - Invisible Touch LP - Virgin/Charisma Japan NM Obi,8.00,0.4849
v1|127971179577|0,80'S R&B - NEW EDITION - HEART BREAK LP - MCA RECORDS ORIGINAL PRESSING,20.50,0.4846
v1|398167129457|0,Dennis Brown Believe In Yourself LP Opened In Shrink On Colored Vinyl.,20.00,0.4842
v1|127970220291|0,Joe Tex - Rub Down Vinyl LP Record 1978 Funk Soul Disco DJ,7.99,0.4834
v1|366536981185|0,Amish S/T LP OG Hard Rock on Sussex,9.99,0.4832
v1|407068167275|0,Van Der Graaf Generator The Aerosol Grey Machine LP Germany Fontana,5.50,0.4827
v1|188632440566|0,ISLE OF MAN Self-Titled Vinyl LP Promo RECORD 1986 Album Z40319 NM,9.50,0.4817
v1|227428562875|0,Butch Davis & The Capris Turn On Your Love Light / The Party A-Bet 45 VG+,7.99,0.4816
v1|188631139872|0,"Billy Joe Royal LP 1987 The Royal treatment , Atlantic Records 90658-1 G+ To VG ",3.50,0.4812
v1|267714175686|0,🎤︎ 1979 The Scorpions - LOVEDRIVE - Rock Mercury LP,39.99,0.4797
v1|168531721870|0,"NEW BIRTH~""HOW WILL I LIVE""~Orig. 1977~FUNK~SOUL~7'' 45rpm~WB~PROMO~M-",0.99,0.4797
v1|236933566346|0,It's A Beautiful Day San Francisco Sounds 11790 60's Psych LP,14.00,0.4794
v1|327260567459|0,Scorpions Action Lonesome Crow German Pressing 0040.15 Alternate Cover,9.99,0.4794
v1|117298678446|0,Boris A Bao A Qu Black Vinyl Record SuperFi Records SF018 2005,10.00,0.4794
v1|127975001805|0,JOAN SEBASTIAN  CON TAMBORA      ULTRA RARE USED VG,40.99,0.4786
v1|198492102817|0,"DJ SHADOW - SIX DAYS - Vinyl 12"" Single 2002 Mos Def - Original US Press!!",14.50,0.4781
v1|307059553035|0,"Elvis ""A Touch of Gold"" RARE MAROON LABEL EPA-5088 1959 Very RARE EP Nice!",39.99,0.4779
v1|267727420696|0,rage against the machine 💸 renegades 2000 vg+ / vg 🎸,129.99,0.4770
v1|117294397466|0,SYLVIE VARTAN I Don't Want The Night To End 1979 FUNK SOUL DISCO LP on RCA DEMO,5.99,0.4768
v1|287461446627|0,Sarah Vaughan - Copacabana RARE OG 1981 Press (VG+) LP 2312-125,9.00,0.4763
v1|198494041757|0,SHIRLEY SCOTT LP Everybody Loves A Lover 1965  IMPULSE SMAS90220 VG+/VG+,14.99,0.4760
v1|407068147147|0,Tiger B. Smith We’re the Tiger Bunch LP Janus Promo,5.50,0.4759
v1|298499799896|0,"1951-THE NEW ITALIAN QUARTET , "" SCHUMANN/ VERDI STRING QUARTET"", 12"" LONDON",1.99,0.4758
v1|147432728874|0,MYSTIFIER Wicca LP Blue Marble occult black metal sarcofago sepultura,20.00,0.4756
v1|127971439808|0,"Miles Davis - In Europe LP 1964 Good Vinyl 12"" Hard Bop Modal International Jazz",0.99,0.4747
v1|227416704187|0,45 FUNK / EBONY RHYTHM FUNK CAMPAIGN / OH BABY / INNOVATION 2 / LISTEN,9.99,0.4743
v1|267722063613|0,HELP YOURSELF - Beware The Shadow - '73 UA usa label NM prog psych LP,18.99,0.4743
v1|178298425001|0,Split Enz Six Months in a Leaky Boat Aussie 1982 Ltd Ed 45rpm,5.00,0.4738
v1|236933588353|0,"The Champs ""Go Champs Go"" Challenge 601 Surf Hot Rod LP",14.00,0.4737
v1|336684938901|0,LP George McCrae Diamond Touch 1976 TK 606  LBL OG Funk Soul Disco MINT-,14.95,0.4733
v1|198492657905|0,O.C. - JEWELZ - Vinyl 2 x LP 1997 Payday - Original US Press - Still in Shrink!,34.00,0.4716
v1|318568478781|0,Kingsbury Manx - S/T LP - Overcoat VG++,69.99,0.4714
v1|227425866306|0,DONNY HATHAWAY - Live! - 1972 Funk Soul LP - 1st 1972 press - ATCO SD 33-386 VG+,9.99,0.4714
v1|267717721376|0,🎤︎ TIMES SQUARE Soundtrack 1980 x 2 LP The Cure Roxy Talking Heads The Ramones,14.99,0.4694
v1|188632426315|0,"THE MISSION U.K. - KINGDOM COME 12"" PROMO Vinyl 1988 RECORD Goth Rock 612-1 NM",9.22,0.4693
v1|227425951595|0,"Ralph Macdonald: Counterpoint LP on MARLIN (1979)...70s Funk, Disco VINYL in NM",3.99,0.4692
v1|117302520813|0,HERMANOS BANDA  SUFRO AMOR    ULTRA RARE USED VG,49.99,0.4689
v1|117302520813|0,HERMANOS BANDA  SUFRO AMOR    ULTRA RARE USED VG,49.99,0.4689
v1|287461583131|0,White as Snow By James Felix Record LP 80s R&B Funk Jazz Rare Soul,9.00,0.4687
v1|188632435798|0,"BRIAN McKNIGHT - BACK AT ONE (DANCE REMIXES) 12"" Vinyl 1999 RECORD 012156501 NM",9.50,0.4687
v1|206393865141|0,"DG SLPM138 390/91 Beethoven:Fidelio/Fricsay,2LP promo,tulip Alle Hersteller,NM",12.00,0.4668
v1|127971009930|0,KISS Hot In The Shade 1989 Vinyl LP BMG Club Edition,75.00,0.4668
v1|198492627254|0,NURSE WITH WOUND Picture Disc LP Space Music 2009 Beta-Lactam Ring vinyl,25.00,0.4663
v1|377338118168|0,Michael Henderson - Do It All - Vinyl Record LP Buddah BDS 5719 Stereo Soul Funk,4.99,0.4658
v1|206410719190|0,WES MONTGOMERY Movin' Along LP RIVERSIDE RLP 342 OG blue lbl dg mono NM-,8.99,0.4652
v1|377341207414|0,Arteries – Dead Sea LP colored vinyl against me banner pilot dead to me,9.49,0.4650
v1|267725263449|0,MR BUNGLE SELF TITLED DEBUT ORIGINAL ALBUM LP NUMBERED PICTURE DISC,300.00,0.4650
v1|800330543878|0,"TLC –3D / Dirty Dirty 12"" Vinyl Record Promo 2002 ARDP-5225 VG++",2.99,0.4645
v1|147436098454|0,LOVECRAFT VINYL LOT LOVECRAFT BAR (GOTH COMP) & DJINN AND MISKATONIC,20.00,0.4644
v1|318568491621|0,CHORDETTES Self Titled ACE CH-82 LP VG++/VG+ mono uk SHRINK k,8.00,0.4643
v1|267725886576|0,1964 MONO LP Bobby Timmons “Little Barefoot Soul” Prestige PR 7335 Preview Copy,20.00,0.4642
v1|178305004861|0,ROBERT GOULET IN PERSON - RECORDED LIVE IN CONCERT - LP Vinyl Record - CL2088,5.00,0.4639
v1|398167164606|0,"THE LEGION - Legion Groove (1994) 12"" Single PROMO",1.99,0.4639
v1|267722068206|0,TAKASHI - Kamikaze Killers - '83 private press NM hardrock metal EP,14.99,0.4638
v1|267725763868|0,DeBarge All This Love LP 1982 Gordy G7-981R1 Orig US Press Soul R&B I Like It EX,37.99,0.4625
v1|336684934612|0,LP LABELLE Chameleon EPIC 34189 LBL 1976 OG Soul Funk MINT- OG INNER SLEEVE,14.95,0.4620
v1|188632426235|0,"KRS-ONE RETURN OF THE BOOM BAP / MORTAL THOUGHT 12"" Vinyl RECORD 42208 NM",9.99,0.4615
v1|198492641223|0,"PRINCE & THE NEW POWER GENERATION - 7 - 12"" Single 1992 Original US Press!",9.98,0.4612
v1|178305413468|0,BLOODROCK PASSAGE-1972 ORIGINAL US PRESSING-AMAZING VINYL LP-BEAUTIFUL LOOK,25.00,0.4606
v1|327258696172|0,1969 The Monkees Tear Drop City / A Man Without a Dream  PROMO Near Mint,30.00,0.4604
v1|318568505258|0,ERASURE Circus SIRE LP VG+ promo k,13.50,0.4601
v1|227427453231|0,Nina Hagen ‎ In Ekstasy BFC 40004 US 1985 Vinyl New Wave Synth,9.99,0.4594
v1|198486003314|0,WILD CHERRY Wild Cherry 1976 US LP ORIG Stereo 70s Epic PE 34195 VG+/VG,2.95,0.4592
v1|188632166150|0,Funk Soul - Esther Phillips From A Whisper Scream - Kudu - 70s Jazz Fusion CTI ,9.99,0.4587
v1|278176204620|0,THE ELECTRIC FLAG The Band Kept Playing ~ SD-18112 PROMO EXCELLENT/NEAR MINT,7.00,0.4581
v1|800328409140|0,Ministry ‎– The Mind Is A Terrible Thing To Taste - 2lp 180g - ROCKTOBER - NEW,29.99,0.4576
v1|178301961305|0,Neil Young & Crazy Horse Life Promo Vinyl First Pressing - Near Mint,4.99,0.4574
v1|178297885182|0,Split Enz Aussie LTD ED 45rpm I Dont Wanna Dance + 2 live tracks 1981 Mushroom,5.50,0.4568
v1|227427415586|0,Mind Control - Uncle Acid & Deadbeats 2018 Rise Above 2LP Purple Vinyl Pressing,39.99,0.4566
v1|158077289929|0,DECLINE OF THE REPTILES Too Much Armour Not Enough Brains 1984 Australia indie,9.00,0.4566
v1|407068199411|0,Van Der Graaf Generator The Least We Can Do is Wave to Each Other LP Probe,10.50,0.4561
v1|377338117613|0,Firefall - Undertow - Vinyl Record LP Atlantic SD 16006,5.99,0.4557
v1|206410900594|0,Harkins& Peltyn Orchestras on RARE Electradisk Label #1923,30.00,0.4557
v1|198492107524|0,MATERIAL - INTONARUMORI - Vinyl 2 x LP 1999 Experimental Hip Hop - Bill Laswell!,11.50,0.4556
v1|267726030146|0,Connie Smith - Miss Smith Goes To Nashville - LP RCA Victor LSP-3520 Near Mint!,4.99,0.4556
v1|227425800245|0,"MARK GREER-SEARCHING-FOLK,GOSPEL-WR5074-cover In Shrink",8.00,0.4540
v1|398166995731|0,Grateful Dead Aoxomoxoa LP Warner Bros WS 1790 Stereo Psych Acid Rock,25.00,0.4533
v1|287461455647|0,Gilbert & Sullivan Jazz Workshop - Coolest Mikado LP - Andex Mono DG VG+,9.00,0.4533
v1|206408134699|0,Beatles - Abbey Road LP - Apple UK Green Wax,59.98,0.4528
v1|366542057574|0,Gigi Gryce The Rat Race Blues RVG 1964 New Jazz LP,57.00,0.4526
v1|198493783067|0,Sylvia Lay It On Me 1977 1st Press LP Funk/Soul/Disco MINT/SEALED/EX,3.25,0.4524
v1|267725206257|0,Judas Priest - Killing Machine - 1978 Japan Vinyl  w/ OBI/Insert - NM - see pics,50.00,0.4510
v1|398174358969|0,USA PRIVATE PRESS LP – ALIVE! NYC Based Female Rock Rare,19.99,0.4509
v1|147431631859|0,"Genital Gore / Needful Things Split 7"" #189 1998 Grindcore Goregrind EX/VG+",42.00,0.4506
v1|158077800519|0,Dexys Midnight Runners - Searching For The Young Soul Rebels US LP VG+/VG+ 1980,15.00,0.4505
v1|147432038422|0,PSYCHIC TV / NURSE WITH WOUND 2 VINYL LOT,35.00,0.4504
v1|327258601135|0,RARE 2012 John Moreland Everything The Hard Way FIRST PRESSING Original Vinyl LP,350.00,0.4503
v1|188632424642|0,THE ZULUS - DOWN ON THE FLOOR Vinyl PROMO LP RECORD 1989 Alternative Rock NM,9.99,0.4502
v1|318568477196|0,ALICE COOPER Easy Action STRAIGHT LP gatefold k,13.50,0.4494
v1|127975009988|0,CARLOS Y JOSE   CORRIDOS Y RANCHERAS      ULTRA RARE USED VG,49.99,0.4493
v1|800321845056|0,Fit For An Autopsy - The Great Collapse 2xLP - eOne Splatter Wax NM Shrink,8.00,0.4493
v1|336685205396|0,"The Wailers Band I.D. LP Vinyl Atlantic 81960-1 1989 Reggae 12"" Stereo",5.00,0.4487
v1|206410711892|0,ELLA FITZGERALD Lullabies Of Birdland LP DECCA DL 8149 OG dg mono VG+,8.99,0.4487
v1|127971606888|0,"Malo - Dos LP 1972 VG Vinyl 12"" Latin Boogaloo Chicano Rock",4.99,0.4486
v1|358796891986|0,Rare Black Metal Katharsis 666 Vinyl LP Re NM,30.00,0.4483
v1|278176193809|0,rilo kiley vinyl 7 Inch Green Clear,7.37,0.4480
v1|377318033360|0,🎤︎ The Young Rascals – LP Collections - 1967 Atlantic CANADA PRESSING ( ROCK ),14.99,0.4478
v1|336685184876|0,BUCKINGHAM NICKS 1973 1st PRESS PRC GATEFOLD EXC BEAUTY  Ultrasonic/VPI,77.50,0.4477
v1|236933068048|0,Slvmber water beds Vinyl LP RARE! vaporwave/ Synthwave TimeSlave Recordings 2017,79.99,0.4475
v1|267726026594|0,The Move Shazam 1982 US Vinyl VG+,18.95,0.4472
v1|336685179498|0,"Public Enemy Youre Gonna Get Yours 12"" Vinyl Record Rebel Without A Pause 1987",9.99,0.4470
v1|198492104974|0,LA FUNK MOB - BREAKING BOUNDARIES MESSING UP HEADS EP - Vinyl 2xEP 1996 Mo' Wax!,9.98,0.4465
v1|800321845080|0,Harmonium - L'heptade 2xLP - CBS Canada OG Press VG++,10.49,0.4459
v1|800321894632|0,HOLLIES Self Titled EPIC KE-32574 LP VG+ k,9.50,0.4455
v1|327261208232|0,DJANGO REINHARDT Le Jazz Hot! EMARCY LP MGE 26004,9.99,0.4446
v1|407068584621|0,"Witchcraft Self-Titled LP UK Rise Above Red wax Still in shrink Ltd Ed Bonus 7""",6.86,0.4445
v1|198493970277|0,Motely Crue - Shout At The Devil Vinyl LP (OG),19.95,0.4444
v1|178301961275|0,NEIL DIAMOND HOT AUGUST NIGHT VG+ Original 2LP,4.99,0.4442
v1|206409614769|0,"DG 2530 253 Beethoven:Son #21,28/Emil Gilels,NM",15.00,0.4442
v1|398167975633|0,RAVEL/CHARLES DUTOIT/ ORCHESTRE MONTREAL LP-London Digital 410 254-1 NM,5.00,0.4440
v1|407068203590|0,Van Der Graaf Generator Alt LP UK Esoteric Antenna In shrink Ltd. Ed 180 gram,5.00,0.4437
v1|800321845137|0,Klaus Schulze - X 2xLP - Brain Germany OG Press VG+,18.50,0.4436
v1|188632426930|0,YES - 90125 Vinyl LP RECORD 1983 Specialty Press OWNER LONELY HEART 90125-1 EX+,9.88,0.4432
v1|147435933234|0,2 NM 1978 Disco Funk Soul LP on MARLIN STAR CRUISER & USA EUROPEAN CONNECTION,19.99,0.4431
v1|227428626412|0,SHARON VAN ETTEN TRAMP OG 1ST PRESSING GATEFOLD VINYL LP 2012,11.60,0.4424
v1|198493958678|0,HENRY COW CONCERTS MFD NORWAY 2LP'S COMPENDIUM FIDARDO 1 MINT-LP,22.99,0.4418
v1|267725961940|0,Elvin Bishop Hog Heaven Record Vinyl Lp,2.99,0.4417
v1|198493987091|0,Blue Öyster Cult - Self Titled Vinyl LP,19.99,0.4416
v1|327258653864|0,Emil Richards / Spirit Of 1976 - Impulse! Jazz Vinyl - 1969 Stereo Original,4.00,0.4413
v1|178305709885|0,"Hipsway self titled LP 1987 Columbia 40522 , EX Record And Cover, Original Inner",7.00,0.4411
v1|257616986376|0,70s Soul Funk 45 Creations Footsteps / a dream ZODIAC RARE,9.99,0.4405
v1|800330272719|0,"NEWPORT '58 - Dinah Washington (+Max Roach!), super-clean, Mercury sound!",8.99,0.4401
v1|178305110053|0,NENEH CHERRY Raw Like Sushi VG++ VINYL,13.33,0.4396
v1|188632414382|0,"PETE SHELLEY - HOMOSAPIEN 12"" Vinyl RECORD 1981 UK 12WIP 6720 NM",9.44,0.4389
v1|198487997369|0,"The March Violets Walk Into the Sun Vinyl LP 12"" Rebirth  w/insert   Rare Goth",15.28,0.4387
v1|800321845116|0,John Prine - Sweet Revenge LP - Atlantic 1841 Broadway VG++,24.00,0.4387
v1|358788554579|0,Modern Rocketry self titled Lp italo / euro disco,9.99,0.4384
v1|188632360643|0,Rare Jamaican Lp.,5.99,0.4383
v1|398167258914|0,Hampton Hawes Trio Contemporary Records C3505,19.13,0.4382
v1|158075860038|0,Lot Of 5 Modern Jazz New Age Jazz Fusion Vinyl LP Record Albums x,4.99,0.4379
v1|198492664332|0,ULTRAMAGNETIC MC'S - PIMP FICTION (Big Tyme) - Vinyl LP 1997 US Press!!,9.98,0.4376
v1|168531276509|0,Reunion Band & Friends Ocean Of Love 1977 Private LP Psychedelic EX ULTRASONIC,39.99,0.4375
v1|188632416363|0,ORIGINAL MIRRORS Self-Titled Vinyl PROMO LP 1980 RECORD New Wave AB 4269 NM,9.99,0.4371
v1|206408134684|0,Allan Holdsworth - Velvet Darkness LP - CTI RVG VG++,20.50,0.4370
v1|298499929295|0,Parkway Drive Reverence Vinyl Blue Splatter,20.00,0.4370
v1|236926440316|0,HADLEY CALIMAN - Projecting - '76 OG Catalyst lbl EX/NM vinyl jazz 1st press LP,18.99,0.4367
v1|377336816523|0,R&B Funk 45 SIL AUSTIN Big Boss Man/Syl's Concerto on Sew City VG+ promo,7.99,0.4365
v1|137507425288|0,Thelonious Monk Brilliant Corners Vinyl LP,12.99,0.4362
v1|307059835205|0,Munich Machine Whiter Shade Of Pale 1978 LP-Giorgio Moroder N/M NBLP 7090-AS,15.00,0.4342
v1|336684014087|0,Sweet Soul/Funk 45 SIR CHARLES HUGHES When Did Love Begin/Um A Lover on Je-Ena,7.99,0.4334
v1|168532034960|0,"Harry Revel's Music From Out Of Space rare 1955 space age pop LP - MGM, E3287",5.99,0.4333
v1|236926440317|0,STEVIE STARLITE - Don't You Dare Touch My D.A.! - '80 private *MONO* NM R'n'R LP,24.99,0.4325
v1|407067513362|0,Gaskin – End Of The World okay condition,23.11,0.4318
v1|227425733581|0,Rodney Crowell - Diamonds & Dust (Columbia 1988) EX/VG+,9.99,0.4316
v1|327261225727|0,Ray Charles – What'd I Say LP (Atlantic SJET-7505 SAL-7065 JAPAN Rare,9.99,0.4314
v1|327261225727|0,Ray Charles – What'd I Say LP (Atlantic SJET-7505 SAL-7065 JAPAN Rare,9.99,0.4314
v1|407067999880|0,"D-Train D-Train Prelude LP 12"" Black Vinyl Record R&B & Soul",5.00,0.4309
v1|318572920851|0,rod Stewart lead vocalist vinyl RARE Import used VG,19.95,0.4308
v1|206410702958|0,HARRY RESER Banjo Crackerjax LP YAZOO L-1048 rare original VG+,8.99,0.4308
v1|318568509308|0,GO-GO'S Talk Show I.R.S. LP VG++ AMEX audiophile translucent vinyl SHRINK k,10.50,0.4290
v1|117294398462|0,"Celebration Service ELEANOR L. BUCK September 18, 1983 JAZZ LP Jazzology #JCE-5",5.99,0.4288
v1|307058850079|0,1 + 2●U.K. 1973  2xLP ● JiMi HeNdRiX ExPeRiEnCe ● ELECTRIC LADYLAND Hard PSYCH ●,99.98,0.4285
v1|800331189960|0,"Atlantic The Super Hits 12"" Black Vinyl LP Stereo SD 501 R&B & Soul",2.99,0.4277
v1|158083766335|0,"Orig. JT Adams LP, Indiana Ave. Blues, Bluesville BV 1077,blue, mono,  VG+",79.00,0.4277
v1|307053008835|0,"Toni Basil 33RPM “Over My Head” 1983 80s New Wave Dance Synth-Pop Rock 12"" Vinyl",4.50,0.4276
v1|377326029326|0,The Mummies Play Their Own Records-ORIG. 1992 Estrus  Punk LP-NM,99.99,0.4274
v1|198492632657|0,"CAMEO - CANDY / SHE'S STRANGE - Vinyl 12"" Single 1986 US Original 1st Press!",9.98,0.4273
v1|336685159127|0,QUINCY JONES / MODE / ABC RECORDS ABCX - 782/2 (2lps) / Year: 1974 / US release,4.99,0.4270
v1|227427553673|0,Miles Davis In Person Friday Night At The Blackhawk San Francisco Volume 1  EX,9.99,0.4270
v1|366538713297|0,THE DELEGATES-MAINSTREAM MRL 5525-CONVENTION 72-45RPM-1972 SOUL FUNK-LABEL ERROR,10.00,0.4270
v1|336684959260|0,LP The Staple Singers Be What You Are OG PRESSING STAX LBL SOUL/FUNK  MINT-,19.95,0.4264
v1|366535361610|0,BEACH BOYS Pet Sounds CAPITOL T-2458 LP mono k,20.50,0.4261
v1|127971342348|0,NANCY & LEE: Reprise RS 6273 LP 1968 VG-/G-,6.00,0.4245
v1|257618755597|0,"RARE ""Live at Santa Claus"" LP LOVERS OF JESUS 1975 Privately Pressed Vinyl Prog",675.00,0.4244
v1|800329730138|0,Deep Forest ‎– Marta's Song - 1995 2LPs PROMO Ex Cond VINYL RECORD,5.67,0.4244
v1|358791274852|0,Helen Gelzer – Josephine (The Concept Musical) - Vinyl LP UK Import - VG,9.98,0.4238
v1|377336815401|0,Northern Soul/Funk 45 BOBBY BLACK Right-On/Preacher's Daughter on Axis VG+,23.50,0.4236
v1|318568500638|0,DEXY'S MIDNIGHT RUNNERS Too-Rye-Ay VERTIGO LP VG++/VG+ canada SHRINK k,8.00,0.4233
v1|158083765722|0,"Original Kenny Dorham LP w Al Cohn, Jazz Committee, FM 303, NM",14.99,0.4220
v1|298499823488|0,Stryper Together as One 1985 US Pressing Vinyl LP Used,5.00,0.4217
v1|137507431964|0,Lou Reed Ecstasy 2 LP vinyl RSD Europe 2019 shrink MINT-,69.99,0.4210
v1|377347727179|0,1969 UK MAJOR-MINOR ● THE PULSE ● POISON RING ● HARD HEAVY ACID BLUES FUZZ PSYCH,69.98,0.4206
v1|267721691983|0,THE MUSIC MACHNE - (Talk Talk) - '66 OG Original Sound lbl *MONO* LP,9.99,0.4206
v1|198492658376|0,OUTKAST - ATLIENS (INSTRUMENTAL VERSION) - Vinyl 2xLP 1996 LaFace Orig US Promo!,9.98,0.4202
v1|327257865487|0,1982 Bob and Doug McKenzie  Take Off / Elron McKenzie  Original Mercury Release,6.00,0.4201
v1|377338117739|0,"Damian Dame – Exclusivity - Vinyl 12"" Single - LaFace Records – LFD-4001 - 1991",2.99,0.4200
v1|198488025651|0,The Blow Melissa Dyne KANINE Private LP 2013 Olympia WA Electronic Synth Pop,9.98,0.4199
v1|366535372895|0,CREAM I Feel Free KARUSSELL LP VG++ germany k,8.83,0.4198
v1|227422512705|0,Muggsy Spanier on 78 rpm Disc set 71T: self titled album; E/V  Three discs,29.98,0.4197
v1|227422512705|0,Muggsy Spanier on 78 rpm Disc set 71T: self titled album; E/V  Three discs,29.98,0.4197
v1|366535374638|0,DEREK & THE DOMINOS Layla POLYDOR 2XLP VG+/VG++ germany gatefold k,9.50,0.4194
v1|318581462145|0,East Of Eden - Snafu - 1970 Deram Original - First Pressing,40.00,0.4187
v1|318568507791|0,FREEZE Self Titled TITANIUM TIT-101 LP VG+ k,8.00,0.4165
v1|236926447923|0,SANTANA - '69 Columbia 2-eye 360 lbl - EX/NM 1D/1C LP,14.99,0.4157
v1|398167026594|0,1996 BLUE NOTE CANNONBALL ADDERLEY RONNIE FOSTER REMIX ALBUM PROMO,20.00,0.4147
v1|127971018428|0,MATTHEW SWEET Altered Beast Vinyl LP,56.00,0.4146
v1|117298789702|0,RALPH TOWNER GARY BURTON Slide Show 1986 LP on ECM #25038-1 E PROMO COPY Jazz,7.99,0.4142
v1|257618709982|0,UK- Danger Money- LP 1979 Polydor PD-1-6194,7.99,0.4141
v1|377338308021|0,FRED HERSCH Charlie Haden JOEY BARON Sarabande 1987 JAZZ VG+ VINYL Record USED,8.99,0.4133
v1|178298586923|0,Grupo Samuray - Solo Amor... LP Vinyl 1988 Disa Records LP-306 Mexico,34.99,0.4129
v1|287461485203|0,"Toyah  – The Changeling ; 1982 LP, UK VOOR 9",7.00,0.4123
v1|327261217463|0,L’inoubliable Django Reinhardt jazz vinyl LP Felp 231 S  NM/Ex,9.99,0.4117
v1|327261217463|0,L’inoubliable Django Reinhardt jazz vinyl LP Felp 231 S  NM/Ex,9.99,0.4117
v1|168524424839|0,Melissa Manchester: [2 Separate LPs] Home To Myself (1973) & Singin’… (1977),8.99,0.4112
v1|800321854116|0,BO HANSSON Attic Thoughts SIRE LP VG+ gatefold k,10.50,0.4110
v1|398166937234|0,RANDY WESTON - LITTLE NILES - BLUE NOTE RE-ISSUE SERIES - BN LA 598,18.00,0.4109
v1|267724397915|0,🎤︎ The Illusion - If It's So - Canada DOT Import 1970 Vinyl LP Psychedelic Rock,14.99,0.4107
v1|267726064369|0,Roy Clark - The Entertainer (1974 Dot DOS-1-2001) Stereo LP - Play Tested NM!,4.99,0.4106
v1|198492650246|0,JONZUN CREW - LOST IN SPACE - Vinyl LP 1983 Tommy Boy - Original US White Vinyl!,9.98,0.4100
v1|198492663345|0,SHING02 - 緑黄色人種 (HOMO CAERULEUS CERINUS) - Vinyl 2xLP 1999 Japan Import Hip Hop!,13.01,0.4096
v1|800321845011|0,Beach Boys - Pet Sounds LP - Capitol,33.00,0.4094
v1|227428865081|0,Autographed - The Couriers We're Peculiar People Album ,3.25,0.4094
v1|287457278877|0,Lot of 3 Amy Grant Vinyl LP Records Straight Ahead & Age to Age & Unguarded,7.69,0.4092
v1|407068678343|0,"Zombies, the Self-Titled LP Varese Sarabande Mono Ltd. Ed RSD",7.50,0.4089
v1|318572975085|0,DUKE ELLINGTON A Drum Is A Woman LP COLUMBIA CL 951 OG 6-eye dg mono NM-,8.99,0.4089
v1|188632273329|0,"CHUCKII BOOKER on   LP  single  "" TURNED AWAY "" hip hop funk soul",2.99,0.4085
v1|336688933378|0,TLC - CrazySexyCool Vinyl LP Album (1994) - Like New Condition,32.50,0.4077
v1|800321845112|0,John Henry III - The Vagabond LP - Goldband SEALED,8.00,0.4070
v1|800321845112|0,John Henry III - The Vagabond LP - Goldband SEALED,8.00,0.4070
v1|178310092040|0,Killswitch Engage - The End Of Heartache Run Out Groove BLOODY MARY EDITION,299.00,0.4067
v1|267714912973|0,🎤︎ The Doors Strange Days Vinyl Record LP - Psychedelic Rock Elektra,9.99,0.4067
v1|198492645392|0,DJ SPINNA - HEAVY BEATS VOLUME 1 - Vinyl 2 x LP 1999 US - Rawkus - Early Eminem!,9.98,0.4067
v1|318568478720|0,Crickets - The Chirping Crickets LP - Brunswick - Rare Buddy Holly OG Press Mono,47.00,0.4065
v1|147436090480|0,APHEX TWIN / PERTURBATOR 2 VINYL LOT  BLACK BOX RECORDER & NOCTURNE CITY,25.00,0.4064
v1|318568478760|0,J.J. Cale - Okie LP - Shelter VG+,8.00,0.4062
v1|377325929759|0,Michael Jackson-Dangerous-ORIGINAL 1991 US Epic E2 45400 Double LP-CLEAN!,149.99,0.4061
v1|800321845039|0,Dance Gavin Dance - Happiness LP - Rise Green Wax Ltd. VG++,34.66,0.4059
v1|398168009178|0,"DMX - Grand Champ - 2003 Def Jam Promo (Exclusive Album Advance)  2LP 12"" ( EX )",18.99,0.4055
v1|178305766590|0,"Siouxsie & the Banshees  Wheel's On Fire Maxi Single LP 12""- 1987 VG+-Rec.Ex cov",8.00,0.4048
v1|206410894494|0,Future DS2 Vinyl,50.00,0.4046
v1|398167258896|0,PRESENTING “ERNIE HENRY” RLP-12-222 MONO DG WHITE LABEL,51.64,0.4044
v1|147432529892|0,Grace Pool Self-Titled 1988 Reprise LP Gold Stamp Promo Mint Unplayed Rare Find,15.00,0.4041
v1|336685043517|0,LP LOVE UNLIMITED IN HEAT 20TH CENTURY LBL T-443 OG 1974 MINT- OG INNER SLV,14.95,0.4041
v1|336685043517|0,LP LOVE UNLIMITED IN HEAT 20TH CENTURY LBL T-443 OG 1974 MINT- OG INNER SLV,14.95,0.4041
v1|198492635713|0,"ERYKAH BADU - TYRONE - Vinyl 12"" Single 1997 US Original Promo!",9.98,0.4040
v1|377325996268|0,Count Five-Psychotic Reaction-ORIG. 1966 Double Shot MONO PROMO Psych LP-CLEAN!,99.99,0.4040
v1|158075858175|0,Lot Of 5 Modern Jazz New Age Jazz Fusion Vinyl LP Record Albums ix,4.99,0.4039
v1|307058854657|0,RED WAX 1969 PROMO ORIG ~ NAZZ ~ NAZZ NAZZ - Psych FUZZ Garage TODD RUNDGREN LP,59.98,0.4038
v1|336685429037|0,"Woody Herman - Heavy Exposure, 1969 Promo LP, Jazz, Funk, Soul.",9.99,0.4034
v1|307058839528|0,"MADONNA/Crazy for You BERLIN/No More Words 45RPM 80s Synth-Pop New Wave 7"" Vinyl",2.99,0.4034
v1|267722068220|0,"SIMON & GARFUNKEL - Sounds Of Silence - ORIG MONO LP - NO Titles, Tiger Beat mag",14.99,0.4032
v1|257618441609|0,Michael Hedges LP 1985 Watching My Life Go By Open Air Records Stereo,6.00,0.4030
v1|278176400252|0,"5678's - 3rd Man Live Nashville -Rare Pressing - VG, VG+ - Nice!",10.00,0.4027
v1|236934182738|0,Isotope – Illusion – LP – VG. Play Tested. With Hugh Hopper (Soft Machine),3.50,0.4027
v1|206393865114|0,"DG 2530 298 Brahms:Violin Son #1,3/Kim/Engel,NM",4.00,0.4026
v1|327257600783|0,"Jim Capaldi, Fierce Heart, 1983 Vinyl LP, Atlantic 80059-1, CUTOUT",6.00,0.4025
v1|257618806981|0,Adventure Time Come Along With Me Vinyl Soundtrack Mondo Blue/Yellow Split LP,174.99,0.4023
v1|227427056074|0,Lethal Injection by Ice Cube (LP 1993–OG) Priority Records ,10.50,0.4021
v1|358788896897|0,Ray Brown Milt Jackson Verve V-8615 Mono OG 1965 Jazz Oliver Nelson EX/G+,9.99,0.4021
v1|127971525936|0,JOHN WILLIAMS Close Encounters Of The Third Kind 1978 UK LP Arista #DLART 2001,9.99,0.4018
v1|407062099798|0,Motorhead self titled UK red vinyl ,33.57,0.4017
v1|327258552764|0,King Crimson / In The Wake Of Poseidon - Classic Prog / Psych Lp - 1970 OG,14.03,0.4010
v1|336685351434|0,Ahmad Jamal Trio At The Pershing But Not For Me Argo LP-628 VG+,12.99,0.4003
v1|227428379000|0,"Keith Jarrett The Köln Concert 2xLP 12"" Black Vinyl Stereo 1975 ECM 1064/65",29.99,0.4002
v1|158077760732|0,"University of Baltimore, REPUBLIC OF MANY VOICES, 1970 Vinyl Record LP, NM",24.95,0.3994
v1|318568478722|0,Death In June - Nada! 2xLP - New European Orange Wax VG+,41.00,0.3993
v1|206410546979|0,Adam VIII Presents Disco Party Lp A-8021 (1975),3.99,0.3991
v1|198497663298|0,"THEORETICAL GIRLS U.S. Millie - Original US 7"" Single NO WAVE Glenn Branca Punk",100.00,0.3991
v1|318568478709|0,Bub Thomas - Undercover Safari LP - Laff Mono VG+,32.65,0.3988
v1|327258383304|0,Adventure in Carols Ferrente Teicher Westminster HI FI WP 6021 1956 - Not Tested,19.01,0.3985
v1|278174863232|0,Northern Soul 45 BARBARA ACKLIN Come & See Me Baby/Love Makes A Woman VG++ promo,7.99,0.3984
v1|206410543336|0,MONK MISTERIOSO COLUMBIA CS 9216 360 SOUND LABEL,17.99,0.3981
v1|257621791944|0,FRANK STROZIER Long Night LP Jazzland WLP Mono DG George Coleman ,39.99,0.3977
v1|336685369184|0,A Treasure Revealed Madan Mohan Vinyl LP Hindi Songs Bollywood Rare EXCELLENT,39.99,0.3976
v1|188632426587|0,URGENT - THINKING OUT LOUD Vinyl LP RECORD Hard Rock 1987 Album MLT46680 NM,9.99,0.3973
v1|366537606748|0,"LOT of 9 REGGAE Singles 7"" Mad Cobra, Bounty Killer, Beenie Man 1995",8.00,0.3971
v1|127970961147|0,Yes Close to the Edge 1972 VG+ Prog Prog Rock LP Atlantic Records,8.00,0.3969
v1|377337995400|0,Kobzar mandolins Sounds Of Ukraine Lp Album 33 1/3 Used,6.80,0.3968
v1|398174315929|0,CHRIS ISAAK silvertone lp '85 Original Press promo hole  wb125156 debut 1st,15.00,0.3967
v1|198492643514|0,A TRIBE CALLED QUEST - PEOPLE'S INSTINCTIVE TRAVELS... - Vinyl 2xLP 1996 Issue!!,12.50,0.3966
v1|407068002458|0,KEITH JARRETT & GARY BURTON -Jarrett/Burton Quintet~ATLANTIC 1577{nm orig} RARE,10.00,0.3964
v1|800329219259|0,"DJ Sneak The Rhythm Slave Relief Records 12"" Vinyl Record Electronic Black",5.24,0.3962
v1|800326921890|0,Blues Magoos Electric Comic Book Mono Deep Groove LP Rock Pop Psychadelic Vinyl,7.00,0.3960
v1|178305449475|0,"Robbie Nevil, Self titled, Vinyl, ST53006, Manhattan record, 1986, EX LP.",8.88,0.3959
v1|318573282898|0,Byron Lee & The Dragonaires Soca Tremor LP Vinyl Dynamic EX in shrink,18.00,0.3958
v1|137507301697|0,"LATIN FUNK DOUBLE LP ""BRAZILART"" MYSTERIOUS TRAVELLER (IRMA 2001) ITALIAN IMPORT",12.00,0.3955
v1|147436106109|0,PUNK / HARDCORE 2 VINYL LOT NATION OF ULYSSES & 9 SHOCKS TERROR,20.00,0.3955
v1|206410753940|0,JOE Let Me Know / I Can't Stand It HI RECORDS SOUL FUNK PROMO 45 VG+,15.00,0.3949
v1|267717717849|0,🎤︎ 1980 Funk Soul Electronic Disco - Tantra – Mother Africa  UNIDISC LP,9.99,0.3946
v1|398169839360|0,Jerry Bock /Sheldon Harnick– The Body Beautiful MONO- LTD LP - Blue Pear SHRINK,9.98,0.3946
v1|158077502203|0,"Scandal Featuring Patty Smith Warrior (1984) 12"" Vinyl LP Record",4.99,0.3945
v1|800321871222|0,DEEP PURPLE Machine Head PURPLE LP VG++ germany gatefold w/ lyric poster k,9.50,0.3944
v1|206393865116|0,"DG 2530 980 Schubert:String Quintet/Rostropovich/Melos Quartet,NM",8.00,0.3942
v1|800321887523|0,GEORGE HARRISON Extra Texture APPLE LP VG+ die-cut cover SHRINK k,8.00,0.3939
v1|358788481577|0,"Johnny Bush - Texas Dance Hall Girl LP [RA, 1973] VG+ TX honky tonk",5.00,0.3939
v1|287456580504|0,The Diamonds ~ Holding Your Hand/ Sneaky Alligator ~ Mercury PROMO LISTEN HERE,0.99,0.3939
v1|227431191398|0,Killing Time Unavoidable Blackout Records 7inch Yellow Vinyl,12.00,0.3935
v1|206393865145|0,"DG SLPM138 663 Debussy:Images;Children's Corner;Bergamasque/Demus,red stereo,NM-",20.00,0.3933
v1|278175116889|0,The Young Rascals Groovin' 1967 Green/Blue Atlantic SD-8148 Stereo VG,9.00,0.3925
v1|377341207402|0,"Me First and Gimme Gimmes Most People Think I'm Crazy 7"" punk nofx lagwagon rare",9.99,0.3922
v1|158075851925|0,Lot Of 5 Modern Jazz New Age Jazz Fusion Vinyl LP Record Albums vi,4.99,0.3919
v1|298503306387|0,THE FEELING  Loss • Hope • Love 180g Vinyl LP 2022 Near Mint Brit Pop/Rock Album,4.99,0.3914
v1|206410939433|0,JON BRADEN - SELF-TITLED ,3.00,0.3912
v1|298500524841|0,"1971-LEONARD BERNSTEIN'S, ""MASS"", A THEATRE PIECE FOR SINGERS, PLAYERS AN DANCER",1.99,0.3912
v1|137507176294|0,BILL BLACK’S COMBO “Goes West” (1963 Vinyl LP) Original Stereo Pressing! EX!,1.99,0.3911
v1|307059502341|0,"Hymns Johnny Desmond Golden Tone Stereo LP 12"" Album",4.99,0.3909
v1|298499601807|0,Lot 2 Kate Smith LP- Christmas with  KATE SMITH & KATE SMITH at Carnegie Hall,4.99,0.3905
v1|168531720773|0,"BLACK IVORY~""WILL WE EVER COME""~*Orig. 1974~FUNK~SOUL~7'' 45rpm~BDA 443~VG+",0.99,0.3890
v1|198492658586|0,OUTKAST - BIG BOI & DRE PRESENT... - Vinyl 2xLP 2001 LaFace - Original US Promo!,51.00,0.3886
v1|336680616149|0,TEEN IDOLS SELF TITLED S/T LP 2022 LTD ED GOLD COLORED VINYL Rare Punk,9.99,0.3881
v1|407068141409|0,Tempest Living in Fear LP UK Bronze Die-cut cover,15.50,0.3879
v1|127967033972|0,STAN KENTON Conducts The Jazz Compositions Of Dee Barton 1968 JAZZ LP on Capitol,5.99,0.3879
v1|158075852236|0,Lot Of 5 Modern Jazz New Age Jazz Fusion Vinyl LP Record Albums vii,4.99,0.3878
v1|117298372917|0,Bauhaus 4.A.D. EP comp 1983 UK white label goth rock,25.00,0.3877
v1|206408134732|0,Edgar Froese - Stuntman LP - Virgin VG+ PROMO,10.00,0.3873
v1|358787475381|0,Ninja Eliminator  Trilogy OST By Le Matos LP On Colored Vinyl Synth-Wave Electro,9.20,0.3865
v1|188632413717|0,THE NYLONS - SEAMLESS Vinyl LP PROMO RECORD 1986 Album OA 0304 NM,9.77,0.3862
v1|168522361036|0,BELGIUM ~ BOSSA NOVA JAZZ ~ HEAR ~ 78 RPM ~ 6195,15.00,0.3862
v1|336685031720|0,Daddy Was A Steel Worker Flattop And Cookie. The Eleven O'clock Report 1973 Funk,99.00,0.3857
v1|257620434435|0,The FUGS LIVE AT FILMORE EAST GOLDEN FILTH 1ST PRESS STILL IN SHRINK! VG++/NM!,4.95,0.3854
v1|377338117532|0,Bread - Manna - Vinyl Record LP - Soft Classic Rock- Tri-fold Die-cut Jacket,5.99,0.3850
v1|137493340316|0,Bad Religion How Can Hell Be Any Worse OG 1982 Epitaph Punk LP In Shrink,44.00,0.3849
v1|267717690946|0,🎤︎ The Electric Flag - A Long Time Comin Columbia - STEREO 360 Blues Rock LP,14.99,0.3848
v1|127971235108|0,Tommy James - Best Of - EX/VG+ 1969 Psych Pop Rock Roulette SR-42040 1ST Press,4.99,0.3847
v1|298500523346|0,Poco Head Over Heels LP ABC ABCD890 1975,3.00,0.3847
v1|198493895717|0,"Ween ""White Pepper"" White Vinyl NM condition",40.00,0.3846
v1|227431139119|0,The Clash - Sandinista 3 LP set - Epic Records 3X 37037 with insert,6.99,0.3841
v1|158075854614|0,Lot Of 5 Modern Jazz New Age Jazz Fusion Vinyl LP Record Albums viii,4.99,0.3838
v1|227428573284|0,ERIC KAZ Cul-De-Sac ATLANTIC 1974 Soft Rock VG+ VINYL LP Record USED,8.99,0.3831
v1|366538521439|0,"Bauhaus Lagartija Nick 12"" Vinyl 45RPM EP Beggars Banquet 1982 BEG 88T",30.00,0.3831
v1|307062215061|0,"LEATHER ANGEL ""We Came To Kill"" Used 1983 Lp Miami 1992 RECORDS US",27.99,0.3831
v1|198493928897|0,Ryan Adams Prisoner 2017 1st Press Insert Vinyl LP EX/VG+,4.99,0.3831
v1|336685153596|0,"Montell Jordan Get It On Tonite Promo Vinyl LP 12"" Def Jam 2000",9.99,0.3825
v1|168531753638|0,"T-CONNECTION~""THAT'S LOVE""~Orig. 1979~FUNK~SOUL~DISCO~7'' 45rpm~DASH~PROMO~M-",0.99,0.3820
v1|188619514939|0,"Laura Pallas ""Emergency"" Rare US pressing of this UK classic from Record Shack",4.00,0.3816
v1|188631465285|0,"HENSON CARGILL ""SKIP A ROPE"" SLP 18094 Vinyl LP Record 1968 G+ To VG Condition ",3.50,0.3816
v1|206411157519|0,OINGO BOINGO DEAD MAN'S PARTY WITH LYRICS INSERT MINT- LP,49.99,0.3816
v1|206409612501|0,"DG 2531 099 Chopin:Son #3;Polonaises #3,4,6/Emil Gilels,NM",15.00,0.3812
v1|800329804657|0,Montage of Heck by Kurt Cobain (Nirvana) - Home Recordings - Vinyl 2LP,9.29,0.3811
v1|800321847094|0,BEATLES Let It Be APPLE LP VG+ gatefold k,9.50,0.3809
v1|358788622195|0,Dion and the Belmonts | Gold Label  Mono Laurie LP 1002 1st Press Tested VG+/VG+,59.99,0.3803
v1|800321886526|0,GENESIS Self Titled ATLANTIC 80116-1 LP VG+ k,8.00,0.3800
v1|236934099640|0,Vinyl Record Lot. 5 Lp. Rock. Psychedelic,20.00,0.3795
v1|278176203550|0,Robert Plant “Now And Zen” Vinyl LP 90863-1 Atlantic 1988 COVER & VINYL ARE EX.,8.00,0.3794
v1|188623631889|0,"Sharon Redd ""Love How You Feel"" Rare Promo LP pressing of this fabulous singer.",6.00,0.3787
v1|377338493593|0,Early Press Blind Willie McTell Atlanta Twelve String Lp Record !!,16.99,0.3785
v1|358786354062|0,"Guns N' Roses Live?!*@ Like a Suicide 12"" Vinyl EP Geffen Hard Rock Record",150.00,0.3785
v1|188631133249|0,Lettermen ‎– Now And Forever 1974 Original lp Record Used Capitol Records 11319 ,4.00,0.3783
v1|800321854352|0,BO HANSSON Music Inspired By Watership Down SIRE LP VG+ k,8.00,0.3781
v1|206408134714|0,Charli XCX - Brat & It's Completely Different 3xLP - Atlantic Milky Clear SEALED,15.50,0.3780
v1|137507352858|0,"TRAFFIC-JOHN BARLEYCORN MUST DIE 1970 ( Steve Winwood ), Vinyl Lp ",4.00,0.3780
v1|267725772436|0,Connie Francis Second Hand Love MGM MONO E4049 VG+/VG+ TikTok,29.99,0.3776
v1|117298350655|0,Bad Brains I & I Survive 1982 US first Press punk rock D.C.,32.00,0.3775
v1|267714209866|0,1972 Black Ivory - Baby Won't You Change Your Mind - PERCEPTION LP FUNK SOUL,14.99,0.3775
v1|298500518839|0,"1977-STRAVINSKY OEPIPUS REX, SIR GEORG SOLTI, PETER KERSTIN, , 12"" LONDON LP BOX",1.99,0.3775
v1|188631893717|0,"DAVE ""BABY"" CORTEZ IN ORBIT ROULETTE SR-25328 R + B ORGAN NEAR MINT IN SHRINK!",14.99,0.3772
v1|327258102247|0,1968 LP Record WWII Hitler's March on Czechoslovakia / March Of Time Broadcast,5.00,0.3770
v1|178296031065|0,T'Pau Heart and Soul 1987 45rpm VG+ Virgin Records Dead Wax Engineer RTB,3.65,0.3767
v1|307059591229|0,Mike Oldfield 33RPM Ommadawn 1975 70s Experimental Prog Rock 12” LP Vinyl Album,6.00,0.3767
v1|298505537333|0,Ariel Pink - Pom Pom LP Vinyl,10.00,0.3767
v1|398167913954|0,BIKINI KILL / HUGGY BEAR - Yeah Yeah Yeah… / Our Troubled Youth - 2008 KRS Vinyl,20.00,0.3766
v1|398167258837|0,Jackie McLean Jackie's Bag 1961 Blue Note Stereo,47.51,0.3765
v1|168531164248|0,"Disconet Vol. 6 Program 6 DJ Promo 12"" Yaz / Herbie Jr VG+/EX ULTRASONIC CLEANED",29.99,0.3763
v1|188632426654|0,THE SYSTEM - YOU ARE IN MY SYSTEM Vinyl 1982 RECORD Now I Am Electric 0-99938 NM,9.88,0.3754
v1|198492110490|0,WAGON CHRIST - MUSIPAL - Vinyl 2 x LP 2001 - Ninja Tune - Original UK Press!,14.50,0.3754
v1|407068210405|0,Van Der Graaf Generator Do Not Disturb LP UK Esoteric Antenna SEALED 180 gram,5.50,0.3753
v1|188632426261|0,LEE MICHAELS - SPACE AND FIRST TAKES Vinyl LP RECORD Gatefold 1972 SP 4336 NM,9.88,0.3748
v1|267725814850|0,"Vinyl Luxuria Unanswerable Lust LP, Album 1988 Alternative Rock, Synth-pop",2.35,0.3742
v1|267726064305|0,Ghostface Killah More Fish 2 LP Promo Rap Hip Hop 2006 Def Jam,29.99,0.3739
v1|227428442079|0,"Spooky Classics IV 12"" Vinyl LP 33 RPM Stereo Imperial Records LP-12371",3.48,0.3738
v1|398165812828|0,"Beethoven-Missa Solemnis-Mass In C, Colin Davis, 3LP Set W/insert. 6769 001 NM",8.00,0.3738
v1|158071530249|0,LED ZEPPELIN: IV Zoso US Atlantic SD 19129 70s Press VG+ Vinyl LP,6.80,0.3735
v1|278175154813|0,"THE BIG SOUND, THE AL BELLETTO SEXTET, 1960 KING JAZZ ALBUM, VG++",8.50,0.3725
v1|188632425830|0,"DEEE-LITE - POWER OF LOVE 12"" Vinyl 1990 RECORD Build The Bridge 66592 NM",9.99,0.3721
v1|377323854207|0,Psych 45 West Coast Pop Art Experimental Band Unfree Child REPRISE PROMO,9.99,0.3719
v1|168531243233|0,JAMES TAYLOR ONE MAN DOG Vinyl Stereo Album 1972  VG ULTRASONIC CLEANED & TESTED,4.99,0.3718
v1|127975010956|0,LOS LLANERITOS DE GUAMUCHIL   LA JARDINERA    ULTRA RARE USED VG,49.99,0.3711
v1|358796207838|0,Guns N' Roses Appetite For Destruction 1987 LP Original Banned Cover USED PROMO,50.00,0.3711
v1|198493712643|0,"Hot Tuna Burgers 12"" Black Vinyl LP 33 RPM Grunt Records Rock Album",2.00,0.3711
v1|267717697157|0,🎤︎ Straw Dogs - Vinyl 1st Press Restless - Boston Punk Rock Hardcore Metal,9.99,0.3705
v1|178305903672|0,Lot 8 Radio Today ROCK SLIDES  1990/1991 LP Albums,9.99,0.3699
v1|336684920545|0,LP SISTER SLEDGE Circle Of Love ATCO LBL OG FROM 1975 Soul Funk Disco MINT-,12.95,0.3698
v1|800321845115|0,John McCulloch - He Put A New Song In My Mouth LP - Private Xian Folk SSW,8.00,0.3697
v1|377337547389|0,NEW MUSIK SANCTUARY 1981 VINYL LP NFE37314 ,6.00,0.3694
v1|257614000238|0,Shaun Cassidy Born Late Vinyl LP Record 1977 Pressing Gatefold,5.00,0.3693
v1|188632158702|0,Jazz - The Jazz Modes The Most Happy Fella - Atlantic - 50’s Cool Jazz Bop ,9.99,0.3691
v1|358788625890|0,Bill Rainey - The Bill Rainey Show Honky Tonk Private Press NR 3488 RARE,18.00,0.3689
v1|198492662962|0,"ROOTS, The - PHRENOLOGY - Vinyl 2 x LP 2002 MCA Records - Original US Press!!",20.50,0.3687
v1|198486004877|0,OHIO PLAYERS Fire 1974 US LP ORIG 70s Mercury SRM-1-1013 VG/VG,2.95,0.3682
v1|227412572590|0,"Vtg 2 LP lot Soul of Jazz Piano, Crosscurrent Bill Evans, mint vinyl Riverside",24.00,0.3681
v1|206411057071|0,THE CRAMPS GRAVEST HITS ILLEGAL SP 501 MINT- LP,48.99,0.3679
v1|298503306686|0,Mark Duplass & Sterling K. Brown Signed BIOSPHERE Soundtrack White Vinyl LP RARE,29.99,0.3677
v1|398166937219|0,Harry Sweets Edison Eddie Lockjaw Davis - Jawbreakers - Riverside RLP 430 Mono,20.00,0.3674
v1|336684013793|0,Sweet Soul/Funk 45 DEFAULTERS Gentle Man/Disco Dennis on P.D.J.S.,7.99,0.3671
v1|257618487419|0,Erasure Chains of Love 12” Vinyl 1988 Sire Maxi Single Remixes Acceptable As Is,3.00,0.3669
v1|267725878074|0,Sheena Easton A Private Heaven Vinyl LP EMI Records 1974 ST-17132,3.75,0.3668
v1|377338308027|0,JIMMY REED Big Boss Man ABC BLUESWAY 1968 VG VINYL LP Record USED,8.99,0.3668
v1|287456906082|0,Koko Taylor-Queen Of The Blues Alligator Lp Vinyl Record EX/VG++,9.00,0.3665
v1|287456520286|0,"The Olympics: ""Big Boy Pete"" / ""We Go Together, Pretty Baby"" LISTEN HERE",0.99,0.3665
v1|267725662808|0,Rory Gallagher Live! Live in Europe Vinyl LP Polydor PD 5513 1st Pressing,7.00,0.3664
v1|327257865593|0,1987 The New Monkees  What I Want / What I Want  PROMO  Near Mint,8.00,0.3664
v1|178304427390|0,"Greenwood County Singers - ""The First Recordings"" - Promo LP, Mono",3.00,0.3663
v1|137507134905|0,Mylo - Destroy Rock & Roll - 2005 2LP Vinyl 1st Pressing Limited Edition of 2000,275.00,0.3663
v1|206410741196|0,"THE CRUISERS ""IF I KNEW"" `1960 RARE GREAT DOOWOP ON V-TONE NEAR MINT  HEAR IT",40.00,0.3663
v1|366530687278|0,Silver Apples Contact OG LP in Shrink Acid Archives,47.66,0.3662
v1|298504776014|0,DEPECHE MODE Live Concert Vinyl Lot,100.00,0.3659
v1|117302531894|0,DUETO RIO BRAVO  AMORES QUE VAN Y VIENEN   ULTRA RARE USED VG,49.99,0.3657
v1|366538945229|0,"Billy Joe Royal LP ""Self Titled"" EX BX12",3.00,0.3655
v1|127971513911|0,THE REDS self-titled 1979 DEBUT LP on A&M #SP-4772 GREEN VINYL In Shrink!,9.99,0.3653
v1|398168016096|0,Julie London - Around Midnight - 1960 ORIGINAL LP Gold - 1st Press LST 7164 VG+ ,17.99,0.3652
v1|366535383547|0,FOREIGNER Self Titled ATLANTIC SD-18215 LP VG+ k,8.00,0.3648
v1|800321845061|0,Fugs - S/T LP - ESP-Disk' VG+,16.50,0.3647
v1|147432756566|0,Nirvana/The Jesus Lizard Vinyl Nirvana Lithium picture disc never played,99.99,0.3647
v1|198492644253|0,ACEYALONE - ALL BALLS DON'T BOUNCE - 2 x LP 1995 - Original Promo Double LP!!,9.98,0.3647
v1|206408134770|0,Joe Ely - S/T LP - MCA OG Press VG+,10.50,0.3646
v1|358788428964|0,Harmo - Lay Me Pass - Reggae Soca 1981,10.00,0.3646
v1|318568493554|0,CREAM Heavy Cream POLYDOR 2XLP VG+ die-cut unipak k,8.50,0.3645
v1|188632438585|0,BOBBY BLAND - REFLECTIONS IN BLUE Vinyl PROMO LP 1977 Record ALBUM AB 1018 NM,9.88,0.3640
v1|318568491717|0,CHRIS FARLOWE & THE THUNDERBIRDS The Fabulous... COLUMBIA LP NM mono 2-eye k,8.00,0.3635
v1|227428456956|0,"The Cat Custom Audio Trax 12"" Black Vinyl LP 33 RPM Stereo CAT 7140",10.00,0.3635
v1|377318029682|0,🎤︎ Free Fire and Water Vinyl Record Polydor Records Classic Rock LP,12.99,0.3632
v1|198493702055|0,Dave Grusin Out of the Shadows LP Arista Jazz Smooth Vinyl Record ARL1-5510,1.50,0.3630
v1|307058533082|0,CHICAGO - V - VINYL LP 1972 Pitman Pressing Original,1.00,0.3630
v1|336685013028|0,LP Chic Real People 1980 Atlantic LBL SD-16016 OG MINT-,14.95,0.3629
v1|800330840019|0,"PET SHOP BOYS ""West End Girls"" 1985 12"" SINGLE EMI Vinyl Record",9.99,0.3628
v1|307059016991|0,Wilton Crawley - Love Will Drive Me Crazy - Okeh 8539 - Enlarged Spindle Hole ,8.00,0.3611
v1|358788615551|0,"Terry Callier | What Color Is Love Cadet RE MSM-37190 12"" Vinyl LP Stereo Tested",39.99,0.3608
v1|227428744466|0,Jazayer Private 70’s  Ethnic Jam Vinyl Record  Mickey Hart Produce NM/VG+,3.99,0.3607
v1|287456540581|0,THE KENNY CLARKE-FRANCY BOLAND BIG BAND - FELLINI 712 LP OG MPS RECORDS,29.99,0.3606
v1|358788423716|0,Kajagoogoo Too Shy & Take Another View 45RPM Vinyl EMI Records,2.99,0.3602
v1|327257850698|0,Street Fighter Hammer/Deion Sanders 1994 SPRO 50835,0.99,0.3597
v1|127975118277|0,1963 STEREO Lp Jan And Dean Surf City & Other Swingin' Cities In SHRINK!!!,24.99,0.3597
v1|398167709493|0,Death Glory And Retribution LP EMI SQ 17187,0.99,0.3595
v1|188632428351|0,"NAUGHTY BY NATURE - O.P.P. / WICKEDEST MAN ALIVE 12"" Vinyl RECORD TB 988 NM",9.99,0.3595
v1|318568504158|0,ELTON JOHN Self Titled UNI 93090 LP textured gatefold k,8.50,0.3594
v1|206410757323|0,DOC & THE INTERNS - Baby I Know NOW RECORDS NORTHERN SOUL PROMO 45 VG+,15.00,0.3591
v1|298500198728|0,"Gary U.S. Bonds - Dedication 12"" Black Vinyl LP EMI America Rock Cardboard",2.12,0.3589
v1|198492646727|0,"GRAVEDIGGAZ - DOUBLE SUICIDE PACK - Vinyl 2 x 12"" Single 1995 Gee Street Promo!",9.98,0.3587
v1|336684843224|0,"La Sonora Matancera Sonora Boogaloo - Boogaloo, Guaguancó, Afro-Cuban MRVA M",49.95,0.3586
v1|298497041057|0,The Bronx  -  2013 RED VINYL US LP,29.99,0.3585
v1|278176377557|0,"Beatles LP 1970 Let It Be Apple First Pressing Beauty, VG Cover, EX/NM Vinyl!",10.50,0.3582
v1|800068362589|0,Lp Record 33 1/3 sammy davis jr/big ones young lovers #6131 reprise records,0.99,0.3582
v1|377337055310|0,🎤︎ GUY - Contemporary R&B Hip Hop New Jack Swing 1988 LP 🎧LISTEN🎧,39.99,0.3577
v1|227425754581|0,"Urbie Green  Señor Blues  1977  CTI Records Fusion, Jazz-Funk",9.99,0.3576
v1|178296131101|0,Tears For Fears 1985 Shout 45rpm VG+ Mercury Records Mastered by FWayne NYC,2.48,0.3566
v1|178305328535|0,Rare Rob Mehl LP Vinyl Record Taste and See OG Ministry Resource Center MRC 005,150.00,0.3561
v1|127970619285|0,Melt-Banana ‎– Fetch - VINYL - un played - SIGNED! - UN PLAYED - noise/punk,39.99,0.3559
v1|198492643399|0,A TRIBE CALLED QUEST - MIDNIGHT MARAUDERS - Vinyl 2xLP 1993 Jive OG Euro Import!,28.00,0.3558
v1|377338008209|0,Very Rare The Solution 2Lp Import Record Set. Very Clean Playing Copy!!,19.99,0.3557
v1|117294397384|0,FRANCE JOLI Self-Titled 1979 DEBUT ELECTRONIC DISCO LP on Prelude #PRL 12170,5.99,0.3556
v1|117298515022|0,GERRRY MILLIGAN.CHAT BAKER.ORIGINAL 1972 DOUBLE  VINYL  LP SET.EXCELLENT.JAZZ,6.99,0.3555
v1|147431624643|0,"Slave Visions of the Lite 12"" Black Vinyl LP Stereo Cotillion 90024-1",3.20,0.3553
v1|307058517948|0,"Kurtis Blow America Mercury Hip-Hop 12"" Black Vinyl LP 422-826 141-1 M-1",3.00,0.3552
v1|278176071843|0,High Strung-1981 BlueGrass-Private Press,9.99,0.3552
v1|318568493120|0,CREAM Disraeli Gears POLYDOR R-104898 LP VG++ club edition SHRINK k,20.50,0.3549
v1|318568507409|0,FOREIGNER Head Games ATLANTIC LP VG+ club edition k,8.00,0.3546
v1|206410708811|0,"Matt Wertz – While We’re Becoming 10"" LP • T‑40204‑M A / B • NM Vinyl",74.99,0.3543
v1|398167996289|0,Sir Georg Solti/Berlin Phil-Mussorgsky-Borodin-Glinka* London CS6944 LP NM,5.00,0.3542
v1|117298115666|0,The Undertones-vinyl ,18.00,0.3539
v1|267726064300|0,Airwaves New Day LP A&M Test Pressing Promo,14.99,0.3533
v1|127967031814|0,PHIL RUNNELS On The Merry-Go-Round 1981 ROCK LP on Richardson Road #RRR-3681,5.99,0.3530
v1|366538924329|0,"Father Patrick Mooney LP ""Prayers Of A Pilgrim Priest"" Trumbull, CT Signed BX12",2.50,0.3528
v1|236933085739|0,"Rufio Perhaps, I Suppose… Vinyl LP Wax Mage Nonsig Variant  x/? Rare Emo Punk",169.99,0.3527
v1|327258682072|0,A'me Lorain / Starring In...Standing In A Monkey Sea - 1990 Sealed New OG Vinyl,4.27,0.3527
v1|267719736414|0,"UNUSUAL Led Zeppelin 1st Album US ATLANTIC SD 8216 cover, SD 19126 disc",11.50,0.3527
v1|327259371646|0,Steve Winwood – Self-Titled LP Vinyl 1977 Island ILPS 9494 Cover by Hutcheson,1.99,0.3524
v1|137499822369|0,"BLUES MAGOOS--"" Psychedelic Lollipop""--1966 Pressing--Rare Misprint--Psyche Rock",9.95,0.3524
v1|336685347424|0,CONNIE FRANCIS - Canta Os Grandes Temas Do Cinema. BRAZIL RARE WHITE LABEL PROMO,34.99,0.3523
v1|298500407073|0,"Lot of 13 CHARLEY PRIDE-Completely Helpless,Rare Green Vinyl Promo-More and More",7.50,0.3521
v1|366531027774|0,Milton Brown and His Brownies - Copenhagen - DECCA 5158 E-/V+,19.99,0.3520
v1|206408134777|0,Kevin Coyne - Blame It On The Night LP - Virgin UK VG++,11.50,0.3517
v1|206411042363|0,CROW CROW BY CROW ANARET ST 5006 LP,17.99,0.3515
v1|158083752821|0,"Johnny Shines LP, Too Wet to Plow, Blue Labor BL 110 stereo, M-",24.99,0.3514
v1|206410707410|0,THE JAZZ CRUSADERS Tough Talk LP PACIFIC JAZZ PJ-68 OG black lbl mon VG+,6.99,0.3511
v1|278174869139|0,Northern Soul 45 LEE GARRETT Do The Funky 4 Corners/Part 2 on Rising-Soul NM,7.99,0.3507
v1|188632411262|0,THE MOTELS - LITTLE ROBBERS Vinyl LP RECORD 1983 Album NEW WAVE ST 12288 NM,9.50,0.3503
v1|398167002002|0,Firefall Break Of Dawn Vinyl LP Promo Strip 1982,6.00,0.3503
v1|178305712051|0,Steve Khan Arrows  1979 Jazz Rock Fusion - M- Vinyl + EX Cover   JC 36129,5.00,0.3503
v1|236933959546|0,LP Manfred Mann Chapter Three Volume Two 1970 UK Swirl Vertigo 1st press VG+,14.50,0.3502
v1|377333990093|0,JACKYL Self titled 1992 debut vinyl album Geffen Records Import original press,111.11,0.3499
v1|147432660591|0,Miami Sound Machine - Otra Vez Nuevo Vinyl LP Promo Colombia 1981,10.00,0.3498
v1|117298288004|0,The Melvins With Yo Heart 1990 US Red Vinyl pressing grunge sludge metal,22.00,0.3497
v1|358785608064|0,Varmia – Bal Lada LP Brown Vinyl ENSLAVED SATYRICON  WARDRUNA,13.00,0.3495
v1|287461479776|0,Davy D Davy’s Ride Lp In Shrink Hype Def Jam FC 40657 Hurricane Rap Hip Hop 1987,8.00,0.3492
v1|278162670147|0,Moss Lynch-Where’s The Freedom 1971 Private Press 45 Trip Universal UNKNOWN RARE,99.00,0.3490
v1|137505707921|0,"Colpix SCP 506 Song Without End Jorge Bolet LA Philharmonic LP 12"" Stereo 33",15.00,0.3489
v1|327258608922|0,Raven / Mad - Classic Heavy Metal Vinyl - 1986 Original Pressing,4.02,0.3480
v1|188618642537|0,Jimmie Davis - Penitentiary Blues - VICTOR 23544 E+ RARE!,21.50,0.3478
v1|206410882318|0,SZA CTRL Vinyl Record Green,14.99,0.3476
v1|307058655227|0,"Joan Jett And The Blackhearts Album, 1983, Pickneyville Press, Gatefold ,VG+",13.00,0.3474
v1|137493359433|0,Christian Death Only Theatre Of Pain OG 1982 1st Press Punk Goth LP ,77.00,0.3473
v1|188632161839|0,Hip Hop - Bahamadia Kollage - Chrysalis - Promo Boom Bap Funk Soul 90’s Rap,9.99,0.3468
v1|287457279310|0,Jeannie C Riley - Harper Valley PTA Record Vinyl 1968,3.99,0.3467
v1|188632066011|0,Funk Soul - Sly Stone High On You - Epic - Promo 70’s ,9.99,0.3461
v1|267724469911|0,UFO - No Heavy Petting - 1977 Japan with OBI/Insert green - NM - lots of pics,40.00,0.3459
v1|800321846747|0,BEATLES Abbey Road APPLE LP uk green vinyl k,64.00,0.3457
v1|168531593200|0,Janet Jackson Control 1986 LP Vinyl Record,9.99,0.3455
v1|236933612702|0,Irma Thomas Soul Queen of New Orleans Maison Soul 1005 NOLA Shrink LP,14.00,0.3454
v1|227428573305|0,BOSSA RIO s/t A&M 1969 Bossa Nova Latin Pop VG+ VINYL LP Record USED,8.99,0.3453
v1|267726061090|0,"Let It Loose by Gloria Estefan/Miami Sound Machine (Vinyl, Epic)1987 E40769",6.25,0.3448
v1|318573295832|0,balloony L.A. style import belgium promo white label vinyl ,3.00,0.3445
v1|407067983319|0,Herbie Hancock V.S.O.P. Columbia Jazz Vinyl LP Record Black Sleeve,3.20,0.3445
v1|127971419408|0,HEAD EAST A Different Kind Of Crazy 1979 LP on A&M #SP-4795 CLASSIC HARD ROCK,9.99,0.3441
v1|377332136266|0,"SELECTION OF ANY 2 RECORDS NEAR MINT OR TAKE 2 WITH THE ""BUY IT NOW""",4.44,0.3436
v1|407068273620|0,Virgin Steele Guardians of the Flame LP France Music For Nations w/ Insert,17.50,0.3434
v1|117298488404|0,Loud Night Mindnumbing Pleasure 2020 US first Press yellow vinyl limited 100,15.00,0.3430
v1|188632423412|0,"PINK - GET THE PARTY STARTED 12"" PROMO Vinyl 2001 RECORD ARDP 3986 NM",9.99,0.3428
v1|298499536441|0,JUDAS ISCARIOT An Ancient Starry Sky #001/250 LP black Metal RARE W/patch Krieg,31.00,0.3428
v1|158077762969|0,Split Enz – True Colours Vinyl LP - 1980 - A&M SP-3235 - VG+/VG+,5.00,0.3427
v1|298499179920|0,"Afrosound - Caliventura/Sabor Navideño (DISC: NEW, UNPLAYED) +GIFT! • CUMBIA 70s",7.46,0.3426
v1|298499939735|0,"Ebn-Ozn - ""AEIOU Sometimes Y (Long Version) / (Dub)"" - ARISTA 12"" Single",6.00,0.3425
v1|366528460563|0,Tiffany S/T Original SEALED LP 1987 w/Hype Sticker,11.50,0.3423
v1|137507180977|0,BILL BLACK’S COMBO “The Memphis Scene” (1971 Vinyl LP) Stereo Pressing! EX!,1.99,0.3421
v1|336685178472|0,AEROSMITH Draw The Line 1977 1st PRESS  **SHRINK/HYPE** MINT- Ultra/VPI Clean,37.50,0.3416
v1|318568506525|0,FIRM Self Titled ATLANTIC R-120764 LP club edition SEALED k,8.00,0.3416
v1|398167030947|0,Trust - Repression (Vinyl - LP) ,30.00,0.3414
v1|198492654099|0,NAS - STILLMATIC - Vinyl 2 x LP 2001 Columbia - Original US Promo!!,31.00,0.3413
v1|117302545605|0,TOBY TORRES Y SU CONJUNTO  OJITOS NEGROS     ULTRA RARE USED VG,49.99,0.3412
v1|158077391774|0,"PETE TOWNSHEND - White City (1985) - 12"" Vinyl Record LP - NM",4.99,0.3410
v1|298500528187|0,"1974-THE ESSENTIAL WAGNER, FLYING DUTCHMAN OVERTURE, "" HORST STEIN"", 12""LONDON",1.99,0.3408
v1|267725694093|0,Joe Reisman - Door Of Dreams EX/EX Original Mono RCA Victor LPM-1519 Record 1957,5.99,0.3407
v1|178301961291|0,"Utopia ADVENTURES IN UTOPIA, Vinyl  PRO  (1980) First Pressing Ultra Sonic Clean",5.99,0.3404
v1|127971329282|0,frijid pink  F-9464  All Pink Inside  G+,15.20,0.3402
v1|366542921147|0,Makoto Matsushita – First Light Remastered Clear Lime Yellow Vinyl,59.97,0.3400
v1|198492110293|0,"UNKLE - GUNS BLAZING - Vinyl 12"" Single - DJ Shadow / Kool G Rap - OG US Promo!",9.98,0.3397
v1|800321860960|0,BYRDS The Notorious Byrd Brothers COLUMBIA LP 2-eye promo k,20.62,0.3390
v1|127971436960|0,"Tony Smith & Aristocrats - Maharajah Man LP 1978 VG Vinyl 12"" Blues Jazz Lounge",0.99,0.3390
v1|298500541164|0,"1991-GERARDO, "" WE WANT THE FUNK"", 12"" MAXI INTERSCOPE RECORD, POP HIP HOP",0.99,0.3388
v1|377332614216|0,Lynch Mob Wicked Sensations Electra Press Club issue 1990 Rare Issue,111.11,0.3386
v1|168531604352|0,Paul Desmond & Modern Jazz Quartet The Only Recorded Performance LP 1981 VG+/VG,8.00,0.3385
v1|298498749180|0,WESTSIDE GUNN - Heels Have Eyes 3 LP - Rare RED MARBLE Vinyl # 160/500 Daringer,51.00,0.3383
v1|188609548628|0,DONNIE IRIS - FORTUNE 410 Vinyl LP PROMO RECORD 1983 Album MCA 5427 NM,9.99,0.3379
v1|127971248966|0,Lambahia 2 Vinyl Record LP 1990 Brazil Latin Soundtrack Dance,6.99,0.3378
v1|188632411880|0,BRAHMAN Self-Titled Vinyl LP 1971 PROMO RECORD Album Psychedelic SR 61348 NM,9.99,0.3371
v1|800330312891|0,"LEO KOTTKE ""Mudlark"" ORIGINAL LP Capitol Records VINYL ALBUM VG+/VG+",2.58,0.3369
v1|147431539294|0,"The Marcels LP ""Blue Moon"" 1963 Nice Player!",16.00,0.3366
v1|307059814129|0,FRANK ZAPPA “FRANCESCO ZAPPA” 1984 VINYL LP - EXCELLENT CONDITION WAX GREAT BUY!,22.99,0.3366
v1|188630594225|0,"Nightmares on Wax Keep On ft. De La Soul 12"" Vinyl Single 33RPM Matador 2000",10.00,0.3361
v1|236932351333|0,Chicago – Chicago II 2xLP 1970 Columbia US Double Album w/Lyric Insert EX/VG,5.50,0.3361
v1|236933661937|0,Wilson Pickett in Philadelphia Atlantic SD 8270 R&B Soul LP,14.00,0.3360
v1|267725989542|0,ALICE COOPER 1st Press 1972 SCHOOL'S OUT Play Tested VG/VG+ Sound Green Labels ,14.95,0.3356
v1|206408134768|0,Jerry Lee Lewis - S/T LP - Sun Mono DG,11.50,0.3355
v1|398167258838|0,WYNTON KELLY Wynton Kelly! LP VEE JAY VJLP-3022 US 1961 DG MONO Paul Chambers,34.43,0.3352
v1|227427420234|0,The Flaming Lips Onboard the International Space Station Concert for Peace LP NM,19.99,0.3351
v1|267725678235|0,"Pop Classics Of The 60s vinyl Rare Promotional, not publicly sold! PROMO",7.99,0.3349
v1|257618772480|0,"Joe Pass/Niels Henning Orsted Pedersen ""Northsea Nights"" first press promotional",2.99,0.3348
v1|257618680902|0,Madonna Die Another Day 2LP 12” Vinyl 2002 - DISC 2 ONLY Disc 1 MISSING Remix,4.00,0.3347
v1|318571874051|0,BOBBY BYRNE Jazzbone’s Connected To The Trombone 1959 G.A. 33-416 Vinyl Jazz LP,18.00,0.3345
v1|227431232439|0,Hot Water Music Never Ender Vinyl LP Limited Edition 1st Press no Idea Records,40.00,0.3344
v1|236934182221|0,"Depeche Mode U.K. Numbered Promo 12” Maxi-Single “A Question Of Time"" Mute NM",49.99,0.3343
v1|407068575870|0,Witch Self-Titled LP Tee Pee Green + Yellow Splatter wax,5.00,0.3343
v1|158071312257|0,RARE R&B Bill Smith Combo James Bradley Heartbreak Hotel Le Bill 1960 HEAR IT,5.00,0.3339
v1|137506828192|0,FALLA RAVEL GIULINI Three Cornered Hat STEREO LP Used! Columbia SAX 2361 B&S,50.99,0.3338
v1|198492637129|0,"KEITH SWEAT - MAKE IT LAST FOREVER - Vinyl 12"" Single 1988 OG US Press w/ Shrink",9.98,0.3335
v1|336685107903|0,LEE RITENOUR Color RIT 1989 LP VG+  PHIL PERRY/ISLEY BROS. VERYGOOD,9.99,0.3334
v1|298500407434|0,JAZZ OMNIBUS LP Album CL1020,9.99,0.3333
v1|257618764889|0,The Bobby Lord Show Lp LPS 126,2.00,0.3330
v1|366535374601|0,DEMI LOVATO Revamped ISLAND LP with insert k,8.50,0.3322
v1|318558667766|0,SOUTHWEST F. O. B. - Smell Of Incense PSYCH edelic garage rock '68 H.I.P. 45 NM,4.89,0.3320
v1|267725984009|0,Laura Branigan Self Control Atlantic 7A1 80147 Vinyl Record LP EX/EX (c),3.95,0.3319
v1|398167375868|0,Kate Smith 78. God Bless America & The Star Spangled Banner. 1939 Victor 26198.,12.00,0.3314
v1|366538631304|0,"Brothers Johnson Right On Time LP 12"" Black Vinyl A&M Funk Soul",7.77,0.3313
v1|227428422468|0,"Miami Sound Machine Primitive Love LP 12"" Black Vinyl 33 RPM Epic FE 40131",4.00,0.3312
v1|366535386969|0,HEART Private Audition EPIC LP VG++ SHRINK k,8.00,0.3310
v1|377332690042|0,Rare band Trouble album Metal Blade Records 1984 WHITE Vinyl LP with insert!,111.11,0.3309
v1|298499779455|0,"Vanilla Fudge    LP      ""Self-Titled""      NM    1968    Import",17.00,0.3308
v1|127971526557|0,THE RIGHTEOUS BROTHERS:Standards Verve V6-5051 LP 1968 VG/VG,6.00,0.3308
v1|147432525307|0,Rare Soul 45 Ethics Think About Tomorrow Original First Press Vent Label D.J....,24.99,0.3307
v1|800328515305|0,Roberto Carlos / Undated / Claytronics & CBS,10.00,0.3306
v1|206408134685|0,Alex Chilton - Like Flies On Sherbert LP - Peabody OG Press,338.00,0.3299
v1|188630630770|0,Hiding Out  Soundtrack Vinyl LP Record  Catch Me I'm Falling RARE Cut Out 1987,5.73,0.3296
v1|188630464539|0,"FINLEY QUAYE / WILLIAM ORBIT - DICE 12"" Vinyl 2003 RECORD 49 76894 NM",9.99,0.3295
v1|188630464539|0,"FINLEY QUAYE / WILLIAM ORBIT - DICE 12"" Vinyl 2003 RECORD 49 76894 NM",9.99,0.3295
v1|127975001655|0,"BLONDIE, Eat To The Beat LP, 1979 Chrysalis First Press Original Release  VG/VG",8.55,0.3292
v1|327258675701|0,"The Leaves 45 ""Hey Joe / Funny Little World"" AU4",0.99,0.3287
v1|800329778160|0,Dave Mason - Headkeeper LP 1972 (VG+/VG+) BTS 34 Blue Thumb Vinyl Record,5.99,0.3285
v1|117294273440|0,The Surfaris LP Wipe Out Dot DG DLP 3535 vg,9.99,0.3283
v1|198492640883|0,"MTUME - JUICY FRUIT - Vinyl 12"" Single 1983 Original US Press!!",9.98,0.3280
v1|168529813300|0,ELO Time 1981 JET Classic Rock LP EX/EX Play Tested OG Inner SHRINK w HYPE,19.00,0.3273
v1|188632427291|0,"GRANDMASTER MELLE MEL & THE FURIOUS FIVE - BEAT STREET 12"" Vinyl RECORD EX+",9.50,0.3267
v1|267725727191|0,"SELENA IM GETTING USED TO YOU 12"" VINYL EP DEF MIX REMIXES 1996 RARE OOP EMI VG",34.99,0.3267
v1|188632388631|0,Rare Christian Lp,5.99,0.3266
v1|800330133209|0,"The Littlemen Happy Hours EP Low Down Music LDM029 12"" Vinyl Electronic Black",5.00,0.3262
v1|227428626468|0,BILL FOX SHELTER FROM THE SMOKE FIRST VINYL PRESSING 2LP SCAT 2009,50.00,0.3261
v1|398167145953|0,Slave New Plateau Vinyl,10.00,0.3258
v1|307059066854|0,BOB MARLEY  - REGGAE ON BROADWAY -  US 1981 -   COTILLION 46023 - PROMO,3.25,0.3257
v1|137507432138|0,Lou Reed Perfect Night Live In London 2-LP vinyl RSD 2017 limited edition,59.00,0.3256
v1|117302529269|0,LOS TROQUEROS  MORENA DE OJITOS CAFES    ULTRA RARE USED VG,49.99,0.3253
v1|398167258945|0,The Magic Touch Tadd Dameron 1962 Vinyl Riverside  Mono,6.89,0.3251
v1|366538884943|0,Dissent Epitome of Democracy? LP Amity AR-003 w/ Insert,0.99,0.3250
v1|800329476814|0,Sump - Murder Vengeance LP ,20.00,0.3249
v1|188631985042|0,"BARRY GRAY on LP "" SPACE : 1999 "" soundtrack",19.99,0.3249
v1|127965236393|0,SHAM GENESTA - VIVA MONA BELL - 1989 MEXICAN LP TRANSLUCENT WAX + INNER SLEEVE,14.99,0.3247
v1|206415320047|0,LEO NICHOLS (MORRICONE) - Navajo Joe OST | UA-LA292-G-0698 | RE 1974 | LP,15.00,0.3247
v1|198486003958|0,WILLIE COLÓN Solo 1979 US LP ORIG Stereo 70s Fania Records JM 00535 VG+/VG,3.25,0.3245
v1|198492098619|0,COLDCUT - SOUND MIRRORS - 2 x LP Vinyl 2006 Ninja Tune - Original UK Press!!,15.50,0.3242
v1|287456767179|0,Scott Cunningham - Blues Take You Over LP - Marble Bar VG+,25.00,0.3239
v1|800321845008|0,Atomic Blue - However Many Days LP - Private Danish Rock SEALED,8.00,0.3238
v1|377338117662|0,Checkfield - Distant Thunder - Vinyl Record LP - Electronic Jazz Ag-787 - 1987,9.99,0.3231
v1|198492675262|0,Various - NEW JERSEY DRIVE VOL. 2 - Vinyl LP 1995 Soundtrack Still In Shrink!!,9.98,0.3230
v1|178305811182|0,Riverboat Gamblers Backsides Black Vinyl 125/1000 Recorded Messages Punk Rock,20.00,0.3221
v1|398167079305|0,Dave Brubeck - Time Changes LP - Columbia CS 8927 - 1st Press 2 Eye,10.00,0.3221
v1|327258163716|0,LLOYD PRICE LP ULTRA SCARCE 1959 SPECIALTY DJ PROMO ORIGINAL!!!  VG++ RECORD!!!,19.99,0.3218
v1|198493375415|0,THE BEATLES LET IT BE LP 1970 US 1ST PRESS RED APPLE WINCHESTER PHIL +RONNIE VG+,24.00,0.3217
v1|398167622134|0,Switchfoot the Meant To live Blue Vinyl Record RARE,33.00,0.3212
v1|198486005219|0,LUIZ GONZAGA A Triste Partida Brazil LP Mono RCA Camden 107.0079 VG+/VG+,2.95,0.3211
v1|366538908759|0,"Gordon Jenkins LP ""Soul Of A People"" Jewish Folk Songs & More BX13",3.00,0.3210
v1|168531111811|0,William Shatner - The Transformed Man VINYL LP Original Pressing DECCA DL75043,49.00,0.3205
v1|198494022965|0,Quincy Jones and Cameo Soul Funk 4-Album Vinyl Lot,5.00,0.3200
v1|178310241705|0,Trapeze-Hot Wire--1974 Warner Bros. Promo LP,3.00,0.3199
v1|127971526503|0,MAC DAVIS:Mac Davis Columbia KC 32206 LP 1973 G+/VG-,4.00,0.3197
v1|298500584793|0,"1976- GOLDEN AVATAR, ""A CHANGE OF HEART "", (MICHAEL CASSIDY ), JAZZ/ ROCK FUSION",0.99,0.3194
v1|127967034163|0,XUA Mekong Moon 2015 ELECTRONIC DUB TECHNO AMBIENT LP on Debacle #DBL098 Ltd Edn,5.99,0.3191
v1|298500494346|0,VICEROY CIGARETTES CAMPUS JAZZ FEATIVAL LP EXCELLENT VINYL FROM 1959,9.99,0.3189
v1|307063559617|0,"MAXWELL / SYLEENA At The Party Vinyl 12"" Single VG+ RARE 2004 House Electronic",19.99,0.3184
v1|267724893674|0,🎤︎ Rob Base & DJ E-Z Rock - It Takes Two ORIG CANADA Mercury Profile 🎧LISTEN🎧,39.99,0.3182
v1|318568496988|0,DEBBIE GIBSON Out Of The Blue ATLANTIC LP VG+ k,8.00,0.3182
v1|198493398262|0,Immortal Sons Of Northern Darkness Vinyl Black Metal Back On Black Blue 2LP,44.44,0.3179
v1|117294271376|0,The Sound of Wilson Pickett LP Atlantic SD 8145 vg Stereo,9.99,0.3179
v1|800325601500|0,"MAYNARD FERGUSON-DIMENSIONS-EMARCY MG 26024, OCTET, YMG PRESSING, BLUE BACK",14.98,0.3175
v1|366535384266|0,GENESIS Invisible Touch ATLANTIC LP VG+/VG++ embossed cover k,8.00,0.3171
v1|278176183044|0,Bobby McFerrin Spontaneous Inventions Vinyl Album Lp,5.99,0.3170
v1|298493897933|0,Canned Heat One More River to Cross LP 1973 Atlantic SD7289,4.00,0.3169
v1|198492653290|0,MONIE LOVE - DOWN TO EARTH - Vinyl LP 1990 Cooltempo - Original UK Press!!,9.98,0.3168
v1|188632426406|0,DANNY GOTTLIEB - WHIRLWIND Vinyl LP RECORD 1989 Album JAZZ 81958-1 NM,9.88,0.3163
v1|377310306557|0,🎤︎ Pink Floyd  The Wall  Double 2 x LP 1979 UK Pressing EMI SOUNDCLIP NOW ADDED,19.99,0.3160
v1|800321871282|0,DEEP PURPLE Machine Head WARNER BROS BS-2607 LP VG+ gatefold k,8.00,0.3160
v1|366538741581|0,"BEASTIE  BOYS  "" GET  IT  TOGETHER  "" ORIG  12""",15.00,0.3156
v1|178301961314|0,Ray Parker Jr. Chartbusters FIRST PRESSING - PROMO - NEAR MINT - NEVER PLAYED,4.99,0.3154
v1|800321872047|0,DEFTONES White Pony MAVERICK 2XLP germany gatefold k,20.50,0.3149
v1|178305691618|0,"Columbia LP Record, Vladimir Horowitz,The Sounds Of Horowitz. VG ",1.00,0.3148
v1|198493873235|0,POPTONE Self Titled 2 X Lp WHITE VINYL Bauhaus Love And Rockets Tones On Tail,39.99,0.3146
v1|366538893591|0,The Supremes A' Go-Go 1966 Motown Mono LP First Pressing RCA TR4M-3669 Shrink ,18.00,0.3140
v1|336685132687|0,"FACTORY RECORDS: Happy Mondays- Step On CANADIAN PROMO ONLY DOUBLE A-SIDE 12""",5.00,0.3139
v1|147427781935|0,"Aftermath vinyl record by Correlations (2018, Spun Out of Control) blue w/ obi",19.00,0.3138
v1|267725811276|0,Translator / Everywhere That I'm Not: A Retrospective - 1986 Vinyl LP - ,1.98,0.3134
v1|407066152057|0,HEAR- Rare Funk 45- Bobby Patterson- Broadway Ain't Funky No More- Jetstar Promo,11.99,0.3133
v1|287456868783|0,Native Sons - The Long Ryders LP VG+,15.00,0.3130
v1|178305011326|0,KINKS-SLEEPWALKER-1977-ARISTA AL 4106-WADELL PRESSING-CLEANED/TESTED-VG-VINYL LP,1.99,0.3125
v1|257618440467|0,The Alan Parsons Project LP 1987 Promo Stereo GAUDI,10.00,0.3125
v1|178310568350|0,Sparks- Angst In My Pants  [LP] ORIG Atlantic SD 19347 /  1982 NM LP orig inner,11.50,0.3118
v1|267724490339|0,Deep Purple - Machine Head - Czechoslovakia 1992 vinyl - Sealed - Mint,100.00,0.3115
v1|298500652143|0,Rory Gallagher Blueprint LP 1973 Polydor PD-5522,10.00,0.3114
v1|206410754830|0,VENEICE - Stepchild / 18 Days HI RECORDS NORTHERN SOUL PROMO 45 VG+,15.00,0.3113
v1|147432928032|0,SUPERTRAMP - Crime Of The Century 1974  MFSL Vinyl LP 1-005,17.00,0.3112
v1|188632426197|0,"PAJAMA PARTY Lot Of 2 HIDE AND SEEK / 0VER AND OVER 12"" Vinyl RECORD NM",11.50,0.3110
v1|188632475859|0,"Frail 7"" First Pressing Political Straight Edge Hardcore ‘94 Canon Ink & Dagger",40.00,0.3102
v1|298499997209|0,Edison Diamond Disc 51181 - BEBE - Atlantic Dance Orchestra (Excellent),19.00,0.3101
v1|188631395493|0,INCA BABIES Opium Den LP 1987 UK Hard Rock Music Record Album,10.00,0.3100
v1|198493358875|0,SANTANA Festival LP Promo Timing Strip 1977 First Press Terre Haute 1B/1E NM/VG,15.00,0.3098
v1|407064434525|0,"Motorhead White Vinyl Fever, original Chiswick copy",41.22,0.3093
v1|267725886989|0,[Great Condition] Lauryn Hill / The Miseducation Of Lauryn Hill 1998 US 2LP,100.00,0.3092
v1|398167444392|0,Roy Clark Take Me As I Am LP,4.32,0.3090
v1|158083733975|0,"Orig. Sonny Stitt/Peterson, LP, Newport, Verve MGV 8239, mono, trumpet, dg, M-",19.00,0.3087
v1|147432502180|0,Poco Self Titled Vinyl LP 1970 Epic BN 26522 Furay Messina Original Pressing,10.00,0.3086
v1|227427662938|0,The Sounds of Our Times Love Is Blue Capitol Records ST 2892 Stereo Vinyl LP,4.14,0.3083
v1|366535371520|0,CAT MOTHER Last Chance Dance POLYDOR LP VG+ gatefold k,8.00,0.3079
v1|127971525820|0,ROD MCKUEN:Back to Carnegie Hall WB 2WS 2731 LP 1973 VG/VG,6.00,0.3077
v1|137505708227|0,Original 1969 Early Steppenwolf Vinyl LP slight damaging on edges of cover,9.99,0.3073
v1|188632436522|0,"LORDS OF THE UNDERGROUND Lot Of 2 Vinyl 12"" RECORD Here Come The Lord / Psycho",11.99,0.3072
v1|127971442362|0,"Deodato - Love Island LP 1978 Good Vinyl 12"" Jazz Funk Fusion",0.99,0.3072
v1|298499601154|0,MARIO LANZA IN A  CAVALCADE  OF SHOW TUNES. RE ISSUE SHRINK OVER JACKET EX LP,0.99,0.3072
v1|227428671692|0,Eric Quincy Tate – Drinking Man's Friend LP CP0104 Vinyl 1972 OG Gatefold EX!,37.99,0.3068
v1|206393865130|0,DG 2531 347 Beethoven:Egmont;Prometheus;Leonore;Coriolan;NM,5.00,0.3068
v1|318568508640|0,GEORGE HARRISON Dark Horse APPLE LP gatefold with lyric sheet insert k,8.00,0.3065
v1|358788613085|0,"Bobby Hutcherson | In The Vanguard Landmark LLP-1513 1987 12"" LP Demo VG+/EX",12.99,0.3064
v1|307058533070|0,"L.L. COOL J - Mama Said Knock You Out 12"" VINYL Def Jam",1.25,0.3062
v1|168531354165|0,Bossa Nova Brazilian Jazz Sonido de Marco Rizo Latin Vinyl VG+ ULTRASONIC CLEAN,12.99,0.3057
v1|800069637207|0,Lp Record 33 1/3 foreigner/inside information #81808 atlantic records,0.99,0.3053
v1|327258688530|0,L.A. Jets / Self Titled Album - 1976 Original - Classic Pop/Rock,2.00,0.3050
v1|188632434785|0,"CRASH CREW - WE ARE KNOWN AS EMCEES (We Turn Party's Out) 12"" Vinyl RECORD EX+",9.88,0.3048
v1|137507077199|0,Tomorrow Christmas On Earth Continued RARE psych LP Get Back Jimi Pink Floyd Yes,24.00,0.3045
v1|267725798466|0,Amina Claudine Myers Salutes Bessie Smith Leo Records Rare LP EX/VG+,39.99,0.3044
v1|327258259666|0,Gift of Gab Finding Inspiration Somehow Black Vinyl LP. Like New Copy!!,7.00,0.3041
v1|236933947729|0,Joe Walsh- Barnstorm LP 1972 on Dunhill Records,10.99,0.3041
v1|407068642084|0,"Yardbirds, the Self-Titled (Roger the Engineer) LP UK Laminated cover",16.50,0.3041
v1|188632425410|0,STANLEY CLARKE - JOURNEY TO LOVE Vinyl LP RECORD JAZZ Presswell Press NE 433 NM,9.50,0.3039
v1|327258757429|0,CAPTAIN & TENNILLE Dream Lp Vinyl OG Shrink Wrap 1st Pressing - Ultrasonic Clean,0.49,0.3039
v1|127974246258|0,"Blind Pilot ""We Are The Tide"" LP 180 Gram Vinyl Record (2011) Indie Alternative",17.99,0.3038
v1|206393865126|0,"DG 2531 252 Brahms:Piano Son #1,2/Zimerman,NM",8.00,0.3038
v1|227428462213|0,"Major Records Sound Effects Volume 13 12"" Black Vinyl LP 33 RPM Stereo LP-1028",5.00,0.3035
v1|257618346780|0,THE CHANGING SCENE - SELF-TITLED (original Avco Embassy label),4.25,0.3035
v1|407066715263|0,Alice Cooper Lace and Whiskey ~Made in Canada BS3027~No Bar Code Original Insert,9.99,0.3034
v1|236933803283|0,FACTORY RECORDS: The Distractions- You're Not Going Out Dressed Like That TJM LP,5.00,0.3031
v1|318568478700|0,Brand New - The Devil & God Are Raging Inside Me 2xLP + 45 - Interscope VG++,42.21,0.3030
v1|307052750144|0,YES RELAYER 1974 LP album ATLANTIC RECORDS #SD-18122 EX GF,8.95,0.3027
v1|178304904456|0,THE JACKSON 5-MAYBE TOMORROW-ORIGINAL 1971 VINYL LP-AMAZING VINYL COPY-,29.99,0.3025
v1|298500472478|0,"PURCELL, COME YE SONS OF ART , RUGGERO GERLIN, MARGARET RICHIE, L'OISEAU-LYRE",1.99,0.3025
v1|168531480469|0,"GERALDINE HUNT Can't Fake The Feeling HYPE 12"" 1980 PROMO VG+ Ultrasonic Clean",14.99,0.3024
v1|398166937222|0,Chicano Batman - Freedom Is Free - Orange Vinyl LP,15.00,0.3021
v1|267725895919|0,LIVE WIRE/POLICE/DAVID JOHANSEN/DICKIES/JOE JACKSON-Punk/Rock '80-OR.VG++/NM- LP,9.99,0.3021
v1|336685261104|0,Lou Rawls Too Much LP Vinyl Capitol Records ST-2713,1.99,0.3021
v1|267726064290|0,OST Curtis Mayfield Super Flt LP Unipak Cover Funk Soul,24.99,0.3020
v1|178304703466|0,Eno Schwalm Drawn From Life Vinyl,25.00,0.3013
v1|278137888573|0,"U2 ""HOW TO DISMANTLE AN ATOMIC BOMB"" LIMITED EDITION 2019 RED VINYL LP NEAR MINT",17.50,0.3009
v1|298500126175|0,LET THEM EAT JELLYBEANS! LP – ORIGINAL 1982 U.S. PRESSING w/ POSTER,69.99,0.3008
v1|318568511606|0,HEART Bebe Le Strange EPIC LP VG++ SHRINK k,10.35,0.3005
v1|198492659638|0,PETE ROCK & C.L. SMOOTH - MECCA & THE SOUL BROTHER - Vinyl 2xLP 1992 UK Press!,30.00,0.2998
v1|377338118317|0,Maynard Ferguson - The Blues Roar - Vinyl Record LP - Mainstream Label,5.99,0.2998
v1|127974561935|0,"THE BLUES PROJECT, Projections, Verve Forecast Stereo LP 1967 VG+/VG+",6.89,0.2998
v1|800328424431|0,Trans Am ‎– Red Line vinyl - 2lp - un played - rare & OOP,24.99,0.2997
v1|377336808824|0,Northern Soul 45 CORDUROYS Too Much Of A Woman/Tick Tock on Planet VG++ promo,7.99,0.2995
v1|298499971478|0,Mary Hopkin - Post Card - 1969 Folk Rock Apple ST-3351,6.00,0.2993
v1|287456520314|0,Jim Lowe Green Door / Talkin' To The Blues  NEAR MINT REISSUE record LISTEN HERE,0.99,0.2990
v1|188632158394|0,New Wave - Duran Duran Big Thing - Capitol - Synth Pop Electro Rock,9.99,0.2989
v1|127971612659|0,"Luiz Bonfa - Sanctuary LP 1971 VG/VG- Vinyl 12"" Bossanova Samba Latin Jazz",9.99,0.2987
v1|227428493166|0,"Connie Smith Joy To The World 12"" Vinyl LP Columbia C 33553 33 RPM Stereo",3.50,0.2983
v1|198492646523|0,GHOSTFACE KILLAH ft. RAEKWON - BULLETPROOF WALLETS - Vinyl 2xLP Orig US Promo!!,14.50,0.2982
v1|358787993964|0,"R.E.M. ""S. Central Rain"" 12"" Vinyl Record Single Original 1984 UK Release",18.95,0.2980
v1|318573685077|0,Red Hot Chili Peppers - Self Titled / OG Promo Copy! VG+/VG+,47.91,0.2973
v1|407068639159|0,Xit Plight of the Redman LP x Lincoln Street Exit,5.00,0.2971
v1|188632426533|0,"MYSTICA - EVER REST 12"" Vinyl UK RECORD 1998 Trance BRAIN BUG REMIX PERF152T NM",8.99,0.2971
v1|188632426533|0,"MYSTICA - EVER REST 12"" Vinyl UK RECORD 1998 Trance BRAIN BUG REMIX PERF152T NM",8.99,0.2971
v1|206408134744|0,Genesis - Selling England by the Pound LP - Atlantic VG+,14.30,0.2966
v1|298499741330|0,"Pet Shop Boys West End Girls Japan/Japanese Special DJ Copy promo 7""",45.00,0.2965
v1|188632425811|0,"PAUL CARRACK - DON'T SHED A TEAR 12"" Vinyl PROMO 1987 RECORD VAZ 2768 NM",8.99,0.2963
v1|178306007189|0,"RARE 12"" SINGLE-HBR-HILL BIRD RECORDS #4 US PRESSING 2005-UNKNOWN ARTIST-VINYL",14.00,0.2962
v1|127974118843|0,Nirvana Bleach LP Sub Pop 2009 Reissue Black Vinyl Record,9.99,0.2962
v1|278174887593|0,Sweet Soul/Funk 45 MILTON FLOYD I'm A Shadow/Anyway I Can on Rim VG++,97.00,0.2959
v1|377338117221|0,Bruce Cockburn - Inner City Front - Vinyl Record LP 1981,4.99,0.2958
v1|278175117783|0,Al Hirt The Horn Meets The Hornet 1967 RCA LSP-3716 Promo Shrink Mint Like New,40.00,0.2957
v1|127974707485|0,2 Live Crew: Move Somethin' Lp RARE 90s Rap Classic Funk XR-101 Skywalker,49.99,0.2957
v1|227423913367|0,Go-Go's - 1984-  Talk Show,7.00,0.2956
v1|307059256544|0,WILLIE MABON-I'M MAD/NIGHT LATCH-1953 CHESS RECORD 1538 NORTHERN SOUL VG+,19.50,0.2956
v1|318568515789|0,JANE'S ADDICTION Nothing's Shocking WARNER BROS LP original pressing k,37.26,0.2956
v1|188630382800|0,"Faster Pussycat ""Wake Me When It's Over"" 1989 Vinyl LP 1st Press Autographed!",125.00,0.2953
v1|227416684922|0,45 NOS / RANDY LEE / YOUNG DAYS / PHILIPS / LISTEN,9.99,0.2952
v1|178305591423|0,Northern Soul  45 ROGER & GYPSIES Pass The Hatchet SEVEN B Original Pressing. ,49.52,0.2946
v1|127971448015|0,"Hubert Laws - The Chicago Theme LP 1975 VG- Vinyl 12"" Flute Jazz Funk Fusion",0.99,0.2942
v1|117301961092|0,"Sara Vaughan ""in Hi-FI"" 6 eye Columbia CL-745 Vinyl  LP  VG/VG",6.99,0.2941
v1|127971342214|0,NEIL DIAMOND:Hot August Night MCA 2 8000 2LP 1972 VG-/VG-,6.00,0.2938
v1|377338202164|0,ENTER SHIKARI A Flash Flood Of Colour LP BLUE MARBLE VINYL Record ALBUM M- USED,49.99,0.2938
v1|257618516150|0,Mirwais Naive Song 12” Vinyl US Only Remixes Dave Clarke Olav Basoski Madonna,2.00,0.2937
v1|168531239045|0,Peter Paul and Mary Self-Titled Vinyl Record 1962 Shrink EX/EX ULTRASONIC CLEAN,14.99,0.2937
v1|257618069180|0,Lady Gaga Chromatica Clear Vinyl 2LP Limited Edition 2020 Transparent Records,13.50,0.2935
v1|366535357717|0,ALAN PARSONS PROJECT Eye In The Sky ARISTA LP VG+ k,9.00,0.2934
v1|358788446911|0,"VINYL SINGLES: Love & Rockets- R.I.P. 20C, Space- Female of the Species",10.00,0.2934
v1|336685038385|0,LP TAANA GARDNER 2LP OG '79 WEST END WE 107 LARRY LEVAN PARADISE GARAGE MINT-,16.95,0.2932
v1|287456514501|0,ENNIO MORRICONE - A TIME TO DIE OST LP OG,40.99,0.2931
v1|407068330560|0,"Blues Magoos Psychedelic Lollipop 12"" Black Vinyl LP 33RPM Stereo MG 21096",7.00,0.2930
v1|398167031864|0,"RICHARD PRYOR: holy smoke! LAFF 12"" LP 33 RPM Opened In Shrink",6.00,0.2930
v1|188632426924|0,STACEY Q - HARD MACHINE Vinyl LP RECORD 1988 Album DON'T MAKE A FOOL 81802-1 NM,9.77,0.2926
v1|147431554863|0,"The Beach Boys LP ""Pet Sounds"" Original Capitol Records",29.00,0.2924
v1|800329642483|0,Bobby Bland - Soul Of The Man Vinyl Record • Rare Promo Stamped NM-/VG+ | 1966,50.00,0.2923
v1|178305691625|0,Angel On Earth As It Is In Heaven LP 1977 M-record & EX Cover With The Poster ,8.00,0.2922
v1|800330183468|0,Stereo Action Goes Broadway Dick Schory's Percussion & Brass Ensem Die Cut Ex Lp,3.33,0.2921
v1|366538299645|0,Rare Jazz 45 - Charlie & Mike - Sooner - POD # 1968,9.99,0.2918
v1|318568479311|0,BEACH BOYS Pet Sounds CAPITOL N-16156 LP VG+ mono reissue SHRINK k,60.00,0.2917
v1|366538831678|0,Adam Stag Party Record 11 Topless Cover Further Off Limits FAXLP2004 cheesecake,35.00,0.2915
v1|227424629408|0,"Gary Low ‎– You Are A Danger - 12"" MAXI SINGLE Vinyl Italo Disco ART 1002 VG+",12.95,0.2912
v1|198492641805|0,"SADE - CHERISH THE DAY - 12"" Single 1993 Limited Edition OG US Press w/ Shrink!",16.00,0.2910
v1|298499604527|0,Stray Cats - Built For Speed 1982 Vinyl LP EMI Records ST-17070,6.99,0.2910
v1|298499604527|0,Stray Cats - Built For Speed 1982 Vinyl LP EMI Records ST-17070,6.99,0.2910
v1|168531611759|0,Humble Pie 30 Days In the Hole Mono/Stereo Promo AM,24.99,0.2910
v1|327264245792|0,"lot of 140 funk/soul/disco/jazz 45s, 1950-1980s. prince! funkadelic! G to VG+",23.50,0.2910
v1|267725808283|0,"The Alarm Self Titled 1983 Vinyl EP 12"" 33 RPM EMW Pressing IRS (SP70504) Rock ",1.68,0.2907
v1|178305459237|0,ODELL BROWN & THE ORGAN-IZERS Ducky LP VG Vinyl Plays Well 1967 Cadet LPS800,12.99,0.2906
v1|398162094357|0,Jedi Mind Tricks presents Army of the Pharaohs - Ritual of Battle (ORANGE VINYL),50.00,0.2906
v1|178305035110|0,"Rubber Soul Pmc1267 UK, Signed",125.00,0.2906
v1|188618280915|0,Trixie Smith - Give Me That Old Slow Drag - BLACK SWAN 13127 V-,19.99,0.2905
v1|206393865122|0,"DG SLPM138 890 Bach:Suite for Harp/Corelli:Son/Spohn:Var/Albaniz+/Zabaleta,tulip",2.00,0.2905
v1|366538859919|0,1963 THE LIVELY ONES LP “THE GREAT SURF HITS!!”MONO DEL-FI,24.95,0.2904
v1|206408134763|0,J.J. Cale - Really LP - Shelter VG+,9.50,0.2900
v1|366538940764|0,"Les Crane LP ""Desiderata"" NM EX BX8",3.00,0.2896
v1|366538940764|0,"Les Crane LP ""Desiderata"" NM EX BX8",3.00,0.2896
v1|227428776435|0,Sea Level Self-Titled Vinyl LP Chuck Leavell VG/VG Play Tested vacuum cleaned,4.00,0.2896
v1|227431059151|0,Vision In The Blink of An Eye Vinyl Record LP,15.00,0.2895
v1|366535376311|0,ELECTRIC LIGHT ORCHESTRA No Answer UNITED ARTISTS LP VG+ matte gatefold k,12.00,0.2895
v1|398165800378|0,"1977 Chantal Mathieu ""Zauber Der Harfe""",5.00,0.2886
v1|800321845066|0,Gracie Abrams - The Secret Of Us LP - Interscope Yellow Wax NM,9.50,0.2884
v1|236933445242|0,PARTY HULAS 1965 lp voice of GENOA KEAWE Traditional Hawaiian Party Music,19.92,0.2882
v1|117296250850|0,45's EP Rock Psych Garage Country N.Soul Reggae w/2 rare 60's DJ's FREE SHIPPING,6.84,0.2878
v1|137499822360|0,"ERNIE ANDREWS--""Hear Me Now""--1979 Jazz Vocal--Still in Shrink--Clean Vinyl-Rare",9.95,0.2878
v1|127971527121|0,Shawn Phillips:Faces A&M SP-4363 LP 1972 VG-/VG,1.00,0.2878
v1|298500524245|0,Harvey Mandel Get Off In Chicago LP Ovation OV/14-15 1971 Gatefold,10.00,0.2877
v1|377338290986|0,The Doors Weird Scenes Inside the Gold Mine Vinyl 2 Disc LP 1972 Elektra 8E-6001,3.76,0.2877
v1|168531640113|0,"The Illusion 1970 12"" LP Together (As A Way of Life) ST-37005 STEED Records vg+",10.00,0.2874
v1|198494022870|0,New Orleans Jazz & Classic Soul Vinyl Lot,8.00,0.2874
v1|407066887778|0,Fletcher Henderson/ Missouri Jazz Band on REG 9680,15.00,0.2874
v1|377336803353|0,Funk 45 FUNKY SISTERS Soul Woman/Do It To It on Aurora VG++ promo,17.50,0.2872
v1|398175291089|0,George Jones-Love Bug-Vinyl LP Musicor Records -Mono Pressing Excellent,9.99,0.2872
v1|236928242918|0,LED ZEPPELIN II 2 LP ON ATLANTIC  RECORDS BROAWAY LABEL PRESSING NOT RL VG+,19.00,0.2871
v1|178298532677|0,2 Andreas Vollenweider Australian Lp's Caverna Magica - White Winds EX/EX,9.99,0.2871
v1|318568494509|0,"CROSBY, STILLS & NASH CSN ATLANTIC SD-19104 LP VG+ textured cover SHRINK k",8.50,0.2867
v1|366538946880|0,Wayne Fontana & The Mindbenders 45 Game Of Love / One More Time D5,0.99,0.2865
v1|377337371210|0,Led Zeppelin IV Japanese LP Vinyl Atlantic Stereo P-10125A w/ Obi 1971,75.00,0.2860
v1|407062161788|0,Judas Priest Hero Hero UK release good condition,27.97,0.2856
v1|206404248141|0,"Eminem - Ass Like That UK7"" Picture DISC Used Played Once NM ",60.00,0.2856
v1|127969968963|0,UFO Wild Willing Innocent Chrysalis Promo LP 1981 British Heavy Metal Hard Rock,9.98,0.2855
v1|198493781586|0,Mussorgsky/Ravel Pictures At An Exhibition 1948 1st Press Columbia DG Mono G+/G,0.99,0.2854
v1|398167709496|0,Eddie & the Hot Rods Fish 'n' Chips LP EMI SW-17037 1980,0.99,0.2854
v1|278155434239|0,Bruford One of A Kind 1979 Crimson UK Holdsworth Yellow US EG Label VG/M,18.00,0.2854
v1|278155434239|0,Bruford One of A Kind 1979 Crimson UK Holdsworth Yellow US EG Label VG/M,18.00,0.2854
v1|188631587593|0,"NELLY FURTADO on   LP  "" TURN OFF THE LIGHT "" hip hop funk soul",2.99,0.2853
v1|307055938786|0,J. B. and Dave Rare Vinyl Record LP,7.99,0.2853
v1|188632228372|0,The Waterboys 'Fisherman's Blues' (ENY621- 8) Rare 1989 2 Track Vinyl Album,20.00,0.2851
v1|800321863362|0,CLIMAX BLUES BAND Plays On EMI-PARLOPHONE LP uk k,9.50,0.2847
v1|227428258089|0,"RARE  Scottdale String Band "" Chinese Break Down / The Shade Of..OKEH 45103 1927",25.00,0.2846
v1|178303410488|0,Addrisi Brothers - 1977 Buddah Records Soul/Funk Vinyl LP VG+,4.00,0.2845
v1|318573915026|0,Roberta Flack First Take LP SD 8230 In Shrink VG/VG- Vinyl Cleaned,5.99,0.2843
v1|336685035439|0,LP The Supremes New Ways But Love Stays DIE CUT G.F COVER OG MOTOWN LBL MINT-,19.95,0.2843
v1|318564160655|0,"Million Stylez & Ziggi & Mr. Williamz & Cali P Champion Reggae 12"" Vinyl Record ",24.99,0.2842
v1|398168019350|0,Deutsch Amerikanische Freundschaft (DAF) The Gun 1987 - RARE Dean Vinyl LP VG+,16.99,0.2838
v1|377336537753|0,🎤︎ RARE SOUL R&B - ANITA BAKER - COMPOSITIONS - Elektra  LP🎧 soundclip added🎧,34.99,0.2837
v1|267717675116|0,🎤︎ New Kids on the Block Hangin' Tough Vinyl Album LP Orig Canada release,19.99,0.2837
v1|117294397361|0,"LYLE MAYS Self-Titled 1986 JAZZ LP on Geffen #GHS 24097 with Bill Frisell, etc.",7.99,0.2836
v1|168531597723|0,"Whitney Houston Self Titled (Vinyl, 1987)",9.99,0.2828
v1|117302517382|0,LOS REGIONALES DEL VALLE  CON SABOR NORTEÑO      ULTRA RARE USED VG,49.99,0.2827
v1|236927487799|0,MSB MICHAEL STANLEY BAND 1982 EMI Lp Mint! w HANG TOUGH LOVE HURTS TAKE THE TIME,4.00,0.2826
v1|398165807953|0,"Berlioz-Requiem (Grande Messe Des Morts) André Previn/London Phil, EMI Angel 2LP",5.00,0.2826
v1|287457471904|0,DIANE SUSEK - Experience A New World! HWS 3085  GOSPEL LP VG-,8.00,0.2825
v1|227428455995|0,"The Cat Custom Audio Traxx 12"" Black Vinyl LP CAT 7127 NAB Stereo",10.00,0.2825
v1|127971526737|0,Jimmie Spheeris:The Original Tap Dancing Kid Columbia KC 32157 LP 1973 VG-/VG,3.00,0.2823
v1|127971526737|0,Jimmie Spheeris:The Original Tap Dancing Kid Columbia KC 32157 LP 1973 VG-/VG,3.00,0.2823
v1|800329866794|0,"Fantasy by M83 (Record, 2023) - pink marble vinyl",8.81,0.2823
v1|278182142916|0,"Alice Cooper Love It To Death 12"" Vinyl Record WS 1883",27.99,0.2823
v1|178304451965|0,"Blood, Sweat And Tears Self Titled Vinyl, LP 1968 Columbia  CS 9720 Gatefold VG ",9.00,0.2820
v1|800321908078|0,JIMI HENDRIX Midnight Lightning POLYDOR LP VG+ germany with insert k,8.00,0.2817
v1|336685399987|0,"M&M - The World Is A Ball, 1986 Canada Import LP, Rock, Electronic, Pop Rock.",9.99,0.2815
v1|267725835700|0,The Young Rascals – Groovin' - 1967 - Atlantic SD 8148 Vinyl ,4.95,0.2814
v1|127971455689|0,"Mahalia Jackson - Sings Hymns Of MLK LP  1968 VG+/EX Vinyl 12"" Jazz Blues Gospel",0.99,0.2814
v1|178310244576|0,LOU DONALDSON-Sophisticated Lou BNLA024F LP Vinyl,5.00,0.2813
v1|236925733210|0,THEM - Here Comes The Night - '65 OG Parrot label LP,14.99,0.2811
v1|188632212467|0,Pains Of Being Pure At Heart Days Of Abandon 2014 Vinyl LP,16.99,0.2809
v1|168531252045|0,It's A Beautiful Day Self Titled 1969 Vinyl CS 9768 VG+ ULTRASONIC CLEANED,13.99,0.2804
v1|336685317168|0,"JASMINE GUY Don't Want Money 1991 US 12"" Single ORIG VG/VG",4.00,0.2804
v1|227428457200|0,"The Cat Custom Audio Traxx 12"" Black Vinyl LP 33 RPM Stereo 7123 R",10.00,0.2803
v1|178305453133|0,Oldies in Hi-Fi Jackie Brenston Willie Mabon Chess LP 1439 MONO Vinyl Lp Rare G+,25.00,0.2798
v1|227427525168|0,Fates Warning The Spectre Within Lp Vinyl 1985 1st Press ,17.07,0.2795
v1|158077820268|0,The Police – Ghost In The Machine (1981 Original LP) – SP-3730 VG+/VG,10.00,0.2795
v1|168531387392|0,"1968 ""This Is Wes Montgomery"" LP Riverside RS-3012 - Shrink - VG+/VG+",16.95,0.2793
v1|127971525880|0,PAKALAMEREDITH  self-titled 1977 PROMO DEBUT LP on Elektra #7E-1106 SOFT ROCK,9.99,0.2792
v1|158083765123|0,"Wes Montgomery LP, Movin' Along, Riverside 9342, green label, stereo, NM",14.99,0.2791
v1|336683994951|0,Funk 45 FIREBIRDS Zip It Down & Throw It Out/Bass Groove on Crow VG+,7.99,0.2790
v1|307058858246|0,"Fields Self Titled 1969 Lp Monarch Press , Uni Records, VG+/VG",40.00,0.2788
v1|168531399935|0,DONALD FAGEN-THE NIGHTFLY [SEE THROUGH LP/LIM ED. PRESSING] PROMO/HYPE STICKERS,120.00,0.2786
v1|398174490699|0,"TEST PRESSING-Monica- Missy Elliott-Set It Off Dance Remix R&B Soul 12"" Vinyl",8.99,0.2785
v1|267725895920|0,JOE PASS/DON GRUSIN-Whitestone-OR.1985 VG++ GERMAN AUDIOPHILE JAZZ FUNK LP!,9.99,0.2785
v1|377338117542|0,Kitaro -Ki - Vinyl Record LP - Gramavision Label - 1985 Electronic Ambient,3.99,0.2781
v1|227427095608|0,Teena Marie: Emerald City LP Epic Records 1986 E40318 NM Condition,9.99,0.2781
v1|236933731831|0,Caetano Veloso ESTRANGEIRO vinyl lp Marc Ribot Arto Linday 838 297 1 Near Mint,18.25,0.2780
v1|398167488365|0,USTAD VILAYAT KHAN LP. MUSIC OF INDIA. 1962 Odeon Records PALP-1946. UK Import,18.00,0.2780
v1|318573195702|0,Lot of 3 Vinyl LP Records Sinead O'Connor Guardians of the Galaxy Vol. 2 & More,24.27,0.2776
v1|287456520280|0,45 Ronny & The Daytonas - G.T.O / Hot Rod Baby Flashback Records LISTEN HERE,0.99,0.2773
v1|188632431221|0,"JAY-Z  HARD KNOCK LIFE (THE GHETTO ANTHEM) 12"" Vinyl PROMO RECORD DEF 283-1 EX+",9.99,0.2772
v1|307059066995|0,DELBERT McCLINTON -  PLAIN' FROM THE HEART  - 1981 - CAPITOL RECORDS ST 12188 ,4.50,0.2772
v1|407061957428|0,"Judas Priest – British Steel 1st press,, very nice condition.",21.32,0.2769
v1|287457485111|0,Jr. Walker & The All Stars / Sax Appeal  LP   Soul 747 Shrink VG++,7.00,0.2769
v1|307058805242|0,ASIA LP  Alpha 1983 Geffen  vinyl SEALED ,4.99,0.2768
v1|298503306132|0,COMMON A Beautiful Revolution Pt. 1 & 2 Clear Coke Bottle 2LP Deluxe 2021 Vinyl,12.99,0.2764
v1|298503306132|0,COMMON A Beautiful Revolution Pt. 1 & 2 Clear Coke Bottle 2LP Deluxe 2021 Vinyl,12.99,0.2764
v1|236932920139|0,Vinyl Record Lot. 7 Lp. Rock L. Promotional Copies,25.00,0.2762
v1|147432492732|0,Preview LP Geffen GHS 2015 1983 Hard Rock AOR Mint Unplayed Original Pressing,15.00,0.2761
v1|298500407937|0,Lot 36  Pop/Synth Pop/Rock/Soul/Funk/R&B  45RPM  PROMO Records,15.00,0.2761
v1|227427061237|0,DUNGEON FAMILY - EVEN IN DARKNESS (VINYL 2LP) 2001  RARE!!  OUTKAST + GOODIE MOB,10.00,0.2760
v1|377338014660|0,Rare Elmer City Rambling Dogs Jam It Lp Record !!,16.99,0.2759
v1|127971099100|0,The Pretenders - S/T -NM/VG++ 1980 Pop Punk Rock SRK-6083 Sleeve 1ST Press ,4.99,0.2758
v1|117294846066|0,"DONNA SUMMER SKYY 12"" vinyl SOUL R&B DANCE DISCO FUNK all NEAR MINT",3.90,0.2757
v1|117294274431|0,Mendelssohn A Midsummer Night's Dream Schubert Rosamunde Ansermet UK LP CS 6186,9.99,0.2750
v1|318568513622|0,IDES OF MARCH Common Bond WARNER BROS LP textured cover k,8.50,0.2750
v1|800321896178|0,JADE WARRIOR Self Titled VERTIGO VEL-1007 LP gatefold k,15.50,0.2750
v1|178305458050|0,HOLLYWOOD SAX QUARTET WARM WINDS JAZZ/CLASSICAL LIBERTY LRP3047 VINYL NEAR MINT!,14.99,0.2749
v1|127971455366|0,"Sarah Vaughan - In A Romantic Mood LP 1957 VG Vinyl 12"" Jazz Easy Listening",0.99,0.2748
v1|398175123669|0,Culture Club-Lot of 2 LP OG Shrink Wrap-NM W/Inner Sleeves-Kissing-Waking Hype,14.99,0.2743
v1|298500388754|0,Plasmatics  New Hope For The Wretched  NM Yellow and Green Swirl Vinyl,25.00,0.2743
v1|278176181646|0,Meshell NdegéOcello PLANTATION LULLABIES Vinyl Album Lp,51.00,0.2742
v1|227422381353|0,SPANKY & OUR GANG Anything You Choose/Mecca Flat Blues PSYCH pop '69 Mercury NM,4.89,0.2741
v1|188632429093|0,NEIL LARSEN & BUZZ FEITEN Lot Of 2 Vinyl LP RECORD FULL MOON Jazz Album NM,11.99,0.2740
v1|336680991767|0,CREEDENCE CLEARWATER REVIVAL COSMO'S FACTORY LP IN SHRINK ON FANTASY RECORDS,24.99,0.2738
v1|147432849330|0,Ozzy Osbourne Speak Of The Devil 2LP 1982 US ZX2 38350 Jet Records VG/VG+,36.00,0.2737
v1|336685444519|0,"Cal Tjader's Modern Mambo Quintet - Mambo with Tjader, 1987 LP, Jazz, Latin.",9.99,0.2736
v1|198493990400|0,KROKUS Headhunter LP Vinyl 1983 US 1st Press Arista AL 9623 - Play Tested EX *R5,14.99,0.2736
v1|127971019073|0,The Push- Pull Orchestra Happy Time Melodies Vinyl Lp Rare Wisconsin Band,14.50,0.2736
v1|318568478692|0,Big Star - Radio City LP - Ardent PROMO,123.50,0.2730
v1|366530910058|0,Bernie Schwartz The Wheel OG on CoBurt Acid Archives LP,9.99,0.2730
v1|407066161638|0,Rare Soul 45 - Bobby Patterson - The Knock Out Power Of Love - Jetstar # JS-118,7.99,0.2729
v1|227428573276|0,THE SYLVERS Concept SOLAR 1981 Disco Soul Funk M- VINYL LP Record USED,8.99,0.2729
v1|318564671189|0,Ragga Twins Phantasy & Shodan Illusions Jungle Drum & Bass DNB 12” Vinyl Record,24.99,0.2728
v1|327258652142|0,"Russell Holmes Davis LP ""A Gift Of Song"" BX12",3.00,0.2727
v1|227425835030|0,"DREAM ACADEMY ""Remembrance Days"" Rare Vinyl 33 RPM Album LP Record NM",5.99,0.2725
v1|307052659949|0,PINK FLOYD OBSCURED BY CLOUDS 1972 US VINYL LP WITH RARE FACTORY HYPE STICKER!,11.50,0.2725
v1|298498960899|0,Divine LOVE REACTION LP 1983 Original Dutch Pressing,20.00,0.2720
v1|127971233116|0,Cher - Backstage - VG+/VG+ 1968 Vocal Pop Imperial LP-12373 1ST Press,7.11,0.2719
v1|278174885641|0,Soul Funk 45 MARTHA BRANCH You/Can I Trust You on Solid Soul,7.99,0.2718
v1|398174677632|0,USA For Africa We Are The World Vinyl LP Record First Pressing,12.00,0.2718
v1|267714806254|0,🎤︎ Raffaella Carra  Forte Forte Forte - Disco Chanson Europop Electronic CANADA,9.99,0.2715
v1|188629612994|0,"1982 Vinyl Lp ""Sunrize"" Produced By Boardwalk Records",15.00,0.2713
v1|127967030888|0,NATURAL LIFE Self-Titled 1977 DEBUT JAZZ FUSION LP ASI #ASI 5001 Direct-To-Disc,5.99,0.2712
v1|127971527359|0,PAUL HORN DAVID FRIESEN Heart To Heart 1983 LP on Golden Flute #GFR 2002 NEW AGE,9.99,0.2711
v1|800321845033|0,Conflict - Increase The Pressure LP - Restless Empire UK Ltd. SEALED,11.50,0.2710
v1|117289064696|0,"RARE OBSCURE 60's BOBBY BARE & LIZA MINNELLI DJ WLP PROMOS + more great 7"" 45's",2.14,0.2710
v1|188632413850|0,LULU Self-Titled Vinyl LP PROMO RECORD 1973 Album BCL1-0144 NM,9.99,0.2709
v1|198494022925|0,TAYLOR SWIFT / KATY PERRY Mainstream Pop Royalty Vinyl Lot,89.19,0.2709
v1|257609117527|0,Rare Garage Psych 45 The Yo Yo's Gotta Find a New Love GOLDWAX PROMO ,9.99,0.2708
v1|198492667473|0,Various - CLASSIC HIP HOP MASTERCUTS VOL. 2 - Vinyl 2xLP 1996 UK Import Comp!!,12.50,0.2705
v1|267725621303|0,Engelbert Humperdinck - Release Me - LP Record  - PAS 71012 - Parrot EX/EX,4.99,0.2702
v1|206411099805|0,THE DEAD MILKMEN BUCKY FELLINI ENIGMA ST-73260 WITH ORIG INNER SLV MINT-,28.99,0.2702
v1|206411031794|0,"Black Widows– Stops A Beating Heart 10"" Vinyl LP Netherlands by Black Cross",6.98,0.2702
v1|407068489923|0,White Lightnin’ Self-Titled LP Island Die-cut cover,5.00,0.2698
v1|298499761926|0,"Phil Collins One More Night Japan / Japanese seven inch 7""",10.00,0.2697
v1|366535392690|0,JONI MITCHELL Ladies Of The Canyon REPRISE LP matte gatefold k,8.00,0.2695
v1|800330565259|0,2 Hot Chicks-Kate Olivia Martinez & Joan Handie Lp German Import Vg+ Cond Vinyl,4.00,0.2694
v1|298500526629|0,Mark Almond II LP Blue Thumb Records BTS32 1971 flip open cover,5.00,0.2694
v1|168531619607|0,"Todd Rundgren Flappie signed etched 7"" green Rare",34.99,0.2692
v1|800321845023|0,Bob Dylan - Blonde On Blonde 2xLP - Columbia 2-Eye Stereo VG++,19.50,0.2691
v1|168531654005|0,"The Move - Message From The Country - US Capitol 1st press, NM-",18.99,0.2690
v1|800321910173|0,JOE COCKER Mad Dogs & Englishmen A&M 2XLP gatefold k,8.00,0.2690
v1|298499799598|0,HEAD HANDS & FEET OLD SOLDIERS NEVER DIE ATCO 1973 GATEFOLD VINYL LP,3.20,0.2689
v1|178310237676|0,West Bruce & Laing Live 'N' Kickin' Vinyl LP 1974 Columbia Rock Album Stereo,2.00,0.2688
v1|327259371649|0,"Andreas Vollenweider – Pace Verde 12"" LP NM Vinyl VG+/NM Jacket VG+ Sleeve",1.99,0.2686
v1|800326981842|0,VANGELIS LP The Dragon 1971 Oxford RE progrock   vinyl,10.00,0.2685
v1|800321840427|0,"AEROSMITH Self Titled COLUMBIA KC-32005 LP VG+ ""walkin' the dig"" cover k",103.49,0.2685
v1|227427524847|0,"dexys midnight runners too-rye-ay,  SRM-1-4069, 1982",9.99,0.2683
v1|278176126777|0,The Notorious Big Ready to Die [VMP Exclusive]Red White Splatter Color Vinyl 2LP,22.00,0.2683
v1|168531594081|0,"""Janet Jackson"" Self Titled VINYL Record - 1982",9.99,0.2680
v1|127965236328|0,"BEATRIZ ADRIANA - RECUERDOS - 1991 MEXICAN LP ALBUM PROMO, RANCHERO",14.99,0.2679
v1|407068077118|0,Beyoncé Self Titled 2014 Vinyl - Limited Edition 2LP/DVD + 27 Pg Booklet - Used,310.00,0.2679
v1|206393865101|0,"DG SLPM138 904 Janacek:Diary of One Who Vanished/Haefliger/Kubelik,red stereo,NM",12.00,0.2678
v1|407068036224|0,Jefferson Airplane Bless It's Pointed Little Head W/Insert,9.99,0.2677
v1|188632422659|0,LARRY GATLIN & THE GATLIN BROTHERS - HELP YOURSELF Vinyl PROMO LP RECORD NM,9.88,0.2676
v1|298500523269|0,John McLaughlin Extrapolation LP Polydor PD-5510 1972,10.00,0.2675
v1|198494022869|0,Classic Funk and Soul Grooves Vinyl Lot,16.00,0.2674
v1|178305815878|0,Hall & Oates • Self Titled • LP Vinyl • APL1-1144 Shrink • Hype Sticker G+,7.99,0.2672
v1|168531577974|0,"Krush Groove Original Soundtrack 12"" LP Vinyl Warner Bros. 1985",9.99,0.2671
v1|287457279229|0,The Trammps - Disco Inferno LP Atlantic SD18211,4.69,0.2670
v1|188632447895|0,"THE SUGARHILL GANG - 8TH WONDER / SUGAR HILL GROOVE 12"" Vinyl RECORD SH 553 EX+",9.88,0.2669
v1|198492633625|0,ERYKAH BADU - LIVE - Vinyl LP 1997 - Kedar Ent. - Original US Promo!!,9.98,0.2668
v1|398167020251|0,Sonny & Cher -Look At Us-LP,6.00,0.2668
v1|236934002669|0,GEORGE HARRISON 33 1/3 original 1976 LP Embossed Gatefold & insert VG+,8.88,0.2667
v1|198492617962|0,NURSE WITH WOUND Picture Disc LP Brained by Fallen Masonry_Cooloorta Moon  vinyl,25.00,0.2667
v1|206411107688|0,THE DEAD MILKMEN BEELZEBUBBA ENIGMA 7 73351-1  WITH LYRICS INSERT  MINT-,39.99,0.2665
v1|398167953110|0,Tha God Fahim - Dump Gawd: Reloaded (ULTRA RARE SIGNED NEBULA VINYL) MACH-HOMMY,147.50,0.2664
v1|188632347371|0,Latin - Manoella Torres Que Me Perdone Tu Senora - CBS - Funk Soul Salsa Disco,9.99,0.2664
v1|168531748897|0,"CON FUNK SHUN~""SHE'S A STAR""~*Orig. 1986~FUNK~SOUL~ELECTRO~7'' 45rpm~VG+",0.99,0.2662
v1|336685026053|0,LP Phyllis Hyman - Self Titled Buddah LBL MINT- Small Insert Of Words & Music,19.95,0.2661
v1|358777396657|0,Pop Psych 45 GINGER VALLEY Country Life INTERNATIONAL ARTISTS green wax HEAR o,8.00,0.2659
v1|278174876480|0,R&B Horror 45 DICK ST. JOHN Boogie Man/Hey! Little Gal on Rona VG++/NM promo,7.99,0.2657
v1|398167133083|0,Kim Carnes- Voyeur VG+/VG+ Ultrasonic Clean 1982 Vinyl Record,7.00,0.2657
v1|257618440895|0,INEZ & CHARLIE FOXX 1967 LP Come By Here Mono Dynamo Records,5.00,0.2656
v1|168531334085|0,Charo & The Salsoul Orchestra-Cuchi-Cuchi /Orig.1977 Salsoul LP,5.00,0.2656
v1|318572470746|0,Vinyl Moon Vol. 84 Sour Idols NM - TRANSLUCENT LILAC LP,12.95,0.2655
v1|336683995639|0,Funk 45 KIM TAMANGO Not By Bread Alone/Tomorrow on Firebird VG++/NM promo,7.99,0.2655
v1|298499809558|0,Eurythmics Japan / Japanese PROMO compilation album titled Not For Sale,70.00,0.2654
v1|336685041372|0,LP SHALAMAR Friends SOLAR LBL OG G.F COVER (a Night to Remember) MINT- OG SLV IN,19.95,0.2653
v1|206411063273|0,Dynamic Syncopation | Ground Zero / The Essence | 1999 Hip-Hop Rap Vinyl Record,7.00,0.2650
v1|278156238109|0,The Association 1969 Self Titled Warners 1800 Gatefold VG-/VG++,12.00,0.2649
v1|267726064302|0,Phil Upchurch Darkness Darkness Orig 2 LP Jazz Funk Breaks,18.99,0.2649
v1|327258654487|0,"Bernardi, Damari, Davrath, Lishner, Schlamme, Peerce 2xLP ""Yiddish Dream"" BX4B",3.00,0.2649
v1|206405809323|0,"Rhinoceros Self-Titled Orig Vinyl LP Elektra 1968, Been Sitting For 40 YRS.",5.99,0.2648
v1|227427076535|0,"World Party [LP] by Goodie Mob (Vinyl, Dec-1999, LaFace USA)",10.00,0.2648
v1|168531141800|0,Madonna Disconet Program Service RARE DJ Promo Megamix VG+/EX ULTRASONIC CLEAN,65.99,0.2647
v1|298499809840|0,Obsequiae Suspended in the Brume of Eos Limited Clear/Green Vinyl Metal LP USED!,20.00,0.2647
v1|127965236383|0,"ORQUESTA ARAGON - 1982 SELF TITLED - MEXICAN LP ALBUM, CUBAN SON",14.99,0.2640
v1|267725998743|0,Dukes of Stratosphear Psonic Psunspot 1987 US Specialty Vinyl NM XTC,24.95,0.2640
v1|198498095028|0,***THE MAGNIFICENTS MY HEART IS CALLING / ON MAIN STREET NORTHERN SOUL***,176.00,0.2640
v1|198494040545|0,GREEN DAY 21ST CENTURY BREAKDOWN  MINT- LP W LYRICS INSERT,29.99,0.2638
v1|117298358720|0,"Lot of OG Vinyl / TNugent-TVentures-Traffic / Hard Rock, Blues Rock, Surf / VG+",9.99,0.2637
v1|236934106245|0,Zephyr- Self titled LP ON Command/Probe 199 with Tommy Bolin,9.99,0.2634
v1|188632426368|0,TURBULENCE - RISING Vinyl LP RECORD 2001 Album REGGAE VPRL 2159 NM,9.99,0.2632
v1|267714784127|0,🎤︎ Rare Soul - MARVIN GAYE - What's Going On - LP GATEFOLD Canada Tamla,19.99,0.2632
v1|366538510001|0,STEVIE NICKS Bella Donna Original 1981 Vinyl LP MR38-139 1st Press VG+,10.00,0.2632
v1|307059637563|0,Alkaline Trio I Lied My Face Off EP Black Vinyl Record w/ Insert Asian Man,330.00,0.2632
v1|178303314826|0,A COMPLETE AUTHENTIC MINSTREL SHOW - The Lee Gordon Group - Stereo LP - 1958,9.99,0.2632
v1|377338065787|0,OTIS SPANN IS THE BLUES LP BARNABY LABEL PROMO STAMPED VG+ VINYL,6.17,0.2630
v1|287457394854|0,"Nirvana Nevermind 12"" Black Vinyl LP 33 RPM David Geffen Company Rock",19.00,0.2630
v1|236933976715|0,Lee Michaels- Barrel LP A+M white label promo copy 1970,5.99,0.2625
v1|227428573272|0,SAM COOKE SOUL STIRRERS That's Heaven To Me SPECIALTY RE VINYL LP Record USED,8.99,0.2624
v1|278176019495|0,"CON-SOUL AND SAX, WILD BILL DAVIS & JOHNNY HODGES. 1965 JAZZ, VG++",4.50,0.2622
v1|198493795671|0,"Steve Perry Street Talk Vinyl Record LP 12""",5.60,0.2622
v1|278176129869|0,Mm..FOOD by MF Doom Green Pink Vinyl,23.50,0.2621
v1|318568478691|0,Atlantis - Get On Board LP - Vertigo Germany,8.00,0.2617
v1|366538739962|0,"FANTASY  ""IT'S  YOUR  ROCK "" ORIG  12"" ",20.00,0.2617
v1|800321845014|0,Black Sabbath - Paranoid LP - Vertigo UK OG Press,96.00,0.2617
v1|398174145395|0,"Heckadecimal - Kool Discordia, 12"", (Vinyl) NM LP Techno, Experimental",10.00,0.2615
v1|267724986658|0,Great White - Recovery: Live - LP - 1987 - Enigma D1 -73295,19.00,0.2611
v1|336683993869|0,Deep Soul/Blues 45 ROAD BAND Good Times Are Gone/Am I Furious? on Fly By Night,7.99,0.2607
v1|188632423422|0,THOMAS LEER - LETTER FROM AMERICA 2 X Vinyl LP RECORD 1982 Album A RIPE 1 NM,11.99,0.2607
v1|318568500462|0,DEVO Duty Now For The Future WARNER BROS LP VG+ die-cut cover k,8.00,0.2604
v1|336685402464|0,"Ange - Guet Apens, 1978 France Import LP, Rock, Pop, Prog Rock, Symphonic Rock.",19.99,0.2604
v1|137506669396|0,ANSERMET RIMSKY-KORSAKOV Tale Of Tsar Saltan STEREO LP Used! Decca SXL 2221 ED1,100.00,0.2602
v1|278176131938|0,"SHELLY MANNE DOUBLE PIANO JAZZ QUARTET, TREND RECORDS, NM",6.50,0.2602
v1|800330815962|0,"Sam Smith - In The Lonely Hour. 2014  Capitol Records, Excellent vinyl ",13.10,0.2600
v1|800321885686|0,FREE Free Live! A&M LP VG+ k,11.50,0.2600
v1|278176306646|0,"Beatles George Harrison 1976 TEST PRESSING LP NOT AVAILABLE TO THE PUBLIC, EX!",76.69,0.2599
v1|137514001843|0,"1991 Nomad – (I Wanna Give You) Devotion 12"" Vinyl Record Album",3.00,0.2599
v1|117298788476|0,Björk Post Vinyl LP,95.00,0.2597
v1|800330817868|0,NSYNC Picture Disc Vinyl LP No Strings Attached 2000 Rca   RE,10.00,0.2592
v1|377338117604|0,Al Stewart - Orange - Vinyl Record LP- CBS 1972 UK Original - Does Skip,5.99,0.2592
v1|800321885738|0,FREE Heartbreaker ISLAND LP VG+ k,8.00,0.2588
v1|407068499833|0,Whitesnake Live…in the Heart of the City LP,5.00,0.2587
v1|407068200661|0,"Original 1972 LP ""Live Cream, Volume II"" Atco SD 7005 VG++/VG++",18.95,0.2587
v1|407068200661|0,"Original 1972 LP ""Live Cream, Volume II"" Atco SD 7005 VG++/VG++",18.95,0.2587
v1|287462134395|0,FIESTA MEXICANA! 1960's Vinyl compilation LP latin trios mariachi ranchera VG+,9.00,0.2586
v1|318568488945|0,BUFFALO SPRINGFIELD Self Titled ATCO SD2-806 2XLP textured gatefold k,8.00,0.2585
v1|278175790331|0,"The Sensuous Nurse Radio Spot, Rare Sexploitation, Ursula Andress",45.00,0.2583
v1|336685043196|0,Soundgarden - Louder Than Love - Vinyl Record,17.50,0.2581
v1|188630220702|0,PARAGONS Stick With Me Baby & Let’s Start All Over Again on Winley 220,5.00,0.2580
v1|407073168736|0,Duran Duran / Thank You 1995 UK Original LP With Poster Vintage 1995,299.98,0.2579
v1|158077421246|0,"""DAVID LEE ROTH""  1988 SKYSCRAPER  VINYL LP  HARD ROCK/GLAM METAL  STEVE VAI",5.99,0.2578
v1|318573598105|0,Blues Magoos - Psychedelic Lollipop - 1966 Mercury Mono Original,20.00,0.2573
v1|800315355414|0,THE LOCUS Arab On Radar BROWN ODD SHAPED COLORED VINYL RECORD Never Played 2005,30.00,0.2573
v1|236933260600|0,Candlebox - Candlebox - Vinyl Record,35.93,0.2565
v1|377326008700|0,Looking Glass-ORIG. 1972 Epic Self-Titled Debut LP-CLEAN-Brandy!,69.99,0.2565
v1|127971342200|0,O.C. SMITH:Together Caribou PZ 34471 LP 1977 VG+/VG,6.00,0.2562
v1|298500625219|0,METALLICA “KILL ‘EM ALL” 2020 VINYL LP WALMART LIMITED EDITION BLACK MARBLE WAX!,19.99,0.2562
v1|398167875257|0,KRIS AND RITA: Full Moon  1973 A&M LP  GATEFOLD 12 Tracks   VG+ Condition,6.00,0.2559
v1|178305756338|0,A Different Kind of Crazy - Head East - 1979 Promo Vinyl LP - A&M 14795,12.00,0.2558
v1|366535388470|0,J. GEILS BAND Flashback EMI-AMERICA LP VG+/VG++ SHRINK k,8.00,0.2556
v1|407066707339|0,"2x-Suzanne Vega, Luka & Solitude Standing, 45rpm, 1987 A&M AM-2937 & 2960",3.25,0.2556
v1|298500506337|0,"1970- THE ISLEY BROTHERS, "" GIRLS WILL BE GIRLS, BOYS WILL BE BOYS"", 7"" T NECK",0.99,0.2556
v1|188632066571|0,The Radiators - Law of the Fish - 1987 Vinyl LP - Southern Rock / Bayou Funk,8.56,0.2555
v1|236934243237|0,rare STEVE SCOTT love in the western world SEALED 1983 LP New Wave Christian the,24.44,0.2553
v1|178305901256|0,RUBY TURNER Jive LP  Promo Album-It's Gonna Be Alright,4.99,0.2552
v1|407068418901|0,"Culture Club Church of the Poison Mind Vinyl Record 12"" UK Import 1983",12.00,0.2549
v1|377338117554|0,Rickie Lee Jones-The Magazine - 1984 Vinyl Record LP 1-25117,4.99,0.2548
v1|188607014078|0,National Lampoon's Vacation Sound Track LP Vinyl First 1983 Press In Shrink EX,34.99,0.2546
v1|327255249699|0,Psych 45 CARLA DENISE Believe In Me VIN-DEN HEAR o,13.50,0.2546
v1|188632441837|0,SAVOY BROWN - BOOGIE BROTHERS Vinyl LP RECORD 1974 Album APS 638 NM,9.88,0.2545
v1|267727414425|0,all that remains victim of the new disease 😵 vg+/ vg+,29.99,0.2544
v1|298499788841|0,"Sugarloaf    LP      ""Spaceship Earth""      NM       1971",17.00,0.2542
v1|147431265551|0,SPK / ARCANTA 2 VINYL LOT ETHEREAL DARK AMBIENT,30.00,0.2542
v1|117298270695|0,Electric Light Orchestra - Out of the Blue (1977) - 2 LP Set - First Pressing,50.00,0.2542
v1|188618235098|0,Memphis Minnie & Kansas Joe - Can I Do It For You?-Part 1&2 - VOCALION 1523 V+,19.99,0.2540
v1|800327107658|0,NURSE WITH WOUND LP A Sucked Orange 1989 United Dairies vinyl,43.00,0.2539
v1|188631929159|0,Ratt Out Of The Cellar Atlantic P-11472 OBI Japan Import Vinyl Record,40.00,0.2539
v1|267722068172|0,YANKS - Only Lovers Left Alive - '83 DTI label NM power pop mini LP + lyrics,9.99,0.2536
v1|327261521450|0,"Funkadelic - Free Your Mind And Your Ass Will Follow, Blue Vinyl Record, LP 2020",25.00,0.2535
v1|358788872151|0,Flip Wilson The Devil Made Me Buy This Dress Album 1970 Very Good Condition,10.00,0.2535
v1|198493352616|0,Nine Inch Nails The Fragile 3 LP Vinyl 1999 Interscope - Trent Reznor,48.00,0.2535
v1|287462247331|0,Queen Breakthru (UK Picture Shaped Vinyl Record) 1989,40.00,0.2535
v1|117298790946|0,PAUL HORN Sketches: A Collection 1986 LP on Lost Lake #LL-0091 NEW AGE JAZZ,9.99,0.2534
v1|257618441046|0,Supertramp LP 1975 Crisis? What Crisis? Stereo A&M,8.00,0.2534
v1|377338117475|0,Edie Brickell & New Bohemians Shooting Rubberbands 1st SP Press w/error Vinyl NM,39.99,0.2533
v1|188632427907|0,"HEATHER B. - ALL GLOCKS DOWN 12"" Vinyl 1995 RECORD Hip Hop Y-58367 NM",8.99,0.2530
v1|147432791330|0,FRANCISCO ZUMAQUE CARIBE Vinyl LP RECORD 1986 Album COLUMBIA Latin 201569 NM,8.99,0.2530
v1|307058701546|0,"Madonna, Like A Virgin, 1984, Club Edition First Press, A1, VG-/VG+",8.00,0.2530
v1|267717718506|0,"🎤︎ WHITNEY HOUSTON EXHALE 12"" SINGLE  US ARISTA VINYL HIP HOP SOUL",9.99,0.2527
v1|307058533085|0,GEORGE CARLIN - Occupation: Foole - VINYL LP Reissue Presswell Pressing GATEFOLD,1.00,0.2527
v1|336684991561|0,TED NUGENT Self Titled Rock Album Vinyl Record LP EPIC PE-33692,7.99,0.2527
v1|127965236367|0,HUMBERTO HERRERA & BANDA LA COSTEÑA - 1990 SELF TITLED - MEX LP TEST PRESSING,19.99,0.2527
v1|206408134711|0,Captain Beefheart - Trout Mask Replica 2xLP - Straight Germany VG+,36.00,0.2524
v1|158077736447|0,"Slim Harpo Rainin’ In My Heart/Don't Start Cryin' Now 7"" Original Excello",14.99,0.2523
v1|168528352647|0,BLACKBERRY SMOKE Find A Light 2018 3 Legged Rock 2XLP EX Red Vinyl Etched RSD,29.00,0.2523
v1|147431525451|0,"Bobby Freeman LP ""Do You Wanna Dance"" 1959",12.00,0.2522
v1|407067895653|0,Rare Elvis 2-LP - How Great Thou Art - 180 gr.  Vinyl- RCA/BMG Follow That Dream,299.99,0.2522
v1|287462254223|0,Queen - You Don't Fool Me - Vinyl (1995),20.00,0.2520
v1|267725982875|0,Dillard Sanders I'll Never Be Yours Supertone 9247 rare prewar 78,19.99,0.2519
v1|127974520133|0,"TOMMY BOLIN, Private Eyes Columbia LP 1976 VG/VG",6.96,0.2519
v1|127971611847|0,"Stone Alliance - Con Amigos LP 1977 VG+ Vinyl 12"" Latin Jazz Funk",14.99,0.2516
v1|318568511465|0,HEAD EAST Flat As A Pancake A&M LP VG+ k,10.50,0.2516
v1|117298268314|0,Lot of OG Vinyl / Eleventh H.-Williams T.-Software-SessionII / Jazz Fusion / VG+,9.99,0.2515
v1|178301961285|0,Rod Stewart Self Titled 1986 Vinyl LP Record w/ Love Touch - New & Sealed,4.99,0.2515
v1|278176327233|0,JIM CAPALDI Solo LP WHALE MEAT AGAIN US Issue ISLAND Records 1974 Original,15.00,0.2514
v1|147427890739|0,ABBA Super Trouper LP Atlantic Records ‎SD 16023 1980,9.99,0.2514
v1|168531266067|0,The New York Rock & Roll Ensemble Self Title Vinyl 1968 SD 33-240 G+ ULTRASONIC,5.99,0.2513
v1|227428065500|0,ART ZOYD Marriage Du Ciel et de L'Enfer Vinyl LP 1990 FRANCE Keith Haring Insert,19.99,0.2511
v1|377338308017|0,BARNEY KESSEL Plays Carmen CONTEMPORARY 1959 Jazz VG+ VINYL LP Record USED,8.99,0.2507
v1|398169839342|0,Iggy Pop - Lust For Life - RCA Victor LP VG++ HARD ROCK/PUNK STEREO 1977,49.98,0.2505
v1|147432588135|0,WHAM! Make It Big LP Japanese Pressing with Original Sticker & Insert Booklet,19.84,0.2505
v1|198492611306|0,NURSE WITH WOUND LP Chance Meeting On A Dissecting Table 1979 Rotor RE  vinyl,25.00,0.2505
v1|147432302588|0,Walter Wanderley Rain Forest LP Verve V6-8658 VAN GELDER VG+ Vinyl,20.00,0.2505
v1|278176343415|0,"Beatles LP 1965 Help! First Pressing LA Error 1st Catalog Number Correction, EX!",17.50,0.2505
v1|336685238024|0,A-HA Hunting High And Low WARNER BROS LP in Shrink w/ Hype,8.50,0.2501
v1|358785611673|0,"Chaosmos (Orange & Blue Galaxy) by Origin (Record, 2022)",13.00,0.2500
v1|227424655286|0,Luther Vandross Never Too Much Vinyl LP Epic FE37451 1981 NM ,12.50,0.2498
v1|168531713995|0,"MAXINE BROWN~""FUNNY""~Orig. 1961~FUNK~SOUL~R&B~7'' 45rpm~NOMAR~N45-106~VG+",0.99,0.2497
v1|407068467893|0,"Frontin On Debra / DJ Reset - BECK, JAY-Z PHARRELL Promo 12” Vinyl Interscope",9.99,0.2491
v1|236932385885|0,"SCORPIONS Blackout ©℗1982 PolyGram Records, Inc. SRM-1-4039 Stereo",29.00,0.2487
v1|800331421400|0,"Chart Runners 12"" Black Vinyl LP 33 RPM Stereo Pop Ronco RTL 2090 A 1983",4.49,0.2487
v1|206410631725|0,"HARRISON CALLAWAY, JR Can You Feel The Spirit Brother SOUL FUNK 45 WITCHES BREW",1500.00,0.2486
v1|178305691719|0,"Journey–Escape (E5C4P3) 1981 Orig US LP – Masterdisk- EX REC AND COV,Orig.inner ",15.00,0.2483
v1|178305691719|0,"Journey–Escape (E5C4P3) 1981 Orig US LP – Masterdisk- EX REC AND COV,Orig.inner ",15.00,0.2483
v1|398167009029|0,"Coldplay Mylo Xyloto Vinyl LP BOOK Set w/ Pop-Up Art, Multiple Sleeves",30.00,0.2482
v1|137506906458|0,1960 John Cacavas and His Orchestra Moonstruck Album LP - rare!,0.99,0.2482
v1|318568509069|0,GEORGIA SATELLITES Self Titled ATLANTIC R-134680 LP club edition SEALED k,11.50,0.2481
v1|127965236323|0,"VICENTE ROJAS - A LAS 2 A.M. - 1981 CUBAN LP ALBUM SOC, JAZZ",19.99,0.2480
v1|336685238741|0,LP Skin Alley Two Quid Deal? UK 1972 w/ poster,9.99,0.2480
v1|377338117514|0,Lene Lovich - New Toy- Vinyl Record LP - 80’s - 6 Songs On Epic Label,5.99,0.2480
v1|366542893618|0,Joe Baris Directs Winged Victory Singers.Auto Cover Joe Baris.,9.99,0.2479
v1|377338118350|0,Kim Carnes - Voyeur - Vinyl Record LP 1982 EMI SO 17078 Electronic Rock 1980’s,4.99,0.2478
v1|227428452798|0,"The Cat Creative Advertising Thematics 12"" Vinyl LP CAT 7112",10.00,0.2477
v1|188632275549|0,"BIG DADDY KANE  on   LP  single  "" LOVER IN YOU "" hip hop funk soul",2.99,0.2477
v1|278174863730|0,Northern Soul 45 CHARLES SHERRILL Two Of Everybody But Me on Uptown VG++ promo,7.99,0.2476
v1|206411152088|0,"BULLS- Then We Die 12"" LP 2019 Blue Vinyl Reptilian Records ",18.00,0.2471
v1|278174862972|0,Modern Soul/Boogie 45 MAD LADS You Blew It/Trying To Forget About You on Express,16.50,0.2470
v1|117298788688|0,V/A Latin Love Moods 1960s? GERMAN IMPORT LP on Capitol #1 C 052-80535 SHRINK,9.99,0.2469
v1|377332136260|0,GIGANTIC DISCOUNT Group of (12) LP  RECORDS Big Hits /Names LOTS NEAR MINT,4.85,0.2469
v1|278176229442|0,Kenny Wheeler Deer Wan ECM Vinyl Album Lp,9.99,0.2467
v1|198492644433|0,"COLD CRUSH BROTHERS - FRESH, WILD, FLY & BOLD - Vinyl 2 x LP 1995 w/ Shrink!!",9.98,0.2466
v1|358793408961|0,Get The Night By Mr. Flagio Italo Disco 12-Inch Single,19.99,0.2466
v1|377338019510|0,Q-FEEL SELF-TITLED 1983 VINYL LP VA66005 W/SHRINK.  ORIGINAL COVER.,35.00,0.2465
v1|188632416078|0,RANDY CRAWFORD - NOW WE MAY BEGIN Vinyl PROMO LP RECORD 1980 Album BSK 3421 NM,9.44,0.2464
v1|307053096210|0,Kansas 33RPM “Point of No Return” 1977 70s Prog/Classic Rock 12” LP Vinyl Album,6.50,0.2460
v1|168531765115|0,"DORIS DUKE~""THE FEELING IS RIGHT""~Orig. 1970~FUNK~SOUL~R&B~7'' 45rpm~CANYON~VG+",0.99,0.2457
v1|287457401546|0,"That Summer! 1979 Soundtrack Various Punk - Ramones, Patti Smith, Mink Deville",8.99,0.2456
v1|206410766282|0,"Exotica, Cheesecake, Space Pop LP lot, EXCELLENT",75.00,0.2455
v1|206410771857|0,"Exotica, Cheesecake, Space Pop LP lot, EXCELLENT",70.00,0.2455
v1|407068143822|0,Three Man Army A Third of a Lifetime LP Die-cut cover,24.50,0.2453
v1|398167019799|0,Hampton Hawes Contemporary OJC-455 S-7621,20.00,0.2452
v1|127965236396|0,"LOLA BELTRAN - NUEVAS GRABACIONES- 1988 MEXICAN LP ALBUM + INSERT, RANCHERO",14.99,0.2452
v1|398182722994|0,LIBRE Incredible SALSOUL Shrink |  Latin | Salsa | LP HEAR,9.99,0.2451
v1|168531583139|0,Wilson Pickett – Pickett In The Pocket [1974] Vinyl LP Funk Soul Louisiana Blues,2.00,0.2451
v1|800330237430|0,"Eichelrück Eichelrück B-Sides BSI 012 12"" Vinyl Single Electronic Black",5.00,0.2449
v1|307059064757|0,HERMANS HERMITS - BLAZE - 1967 MGM SE4478 - HYPE STICKER - CUT-OUT - SHRINK WRAP,2.60,0.2449
v1|267726026381|0,George Harrison Dark Horse SMAS3418 Stereo EMI Vintage 1974 LP Vinyl VG+-EX,8.00,0.2444
v1|127971617925|0,"Triangulo - S/T LP 1981 VG+ Vinyl 12"" Mexican Symphonic AOR Rock Pop Prog",9.99,0.2442
v1|198492665610|0,Various - BREAKDANCE - Vinyl LP 1984 K-tel US Press - B-Boy Compilation!!,9.98,0.2440
v1|800321897300|0,JEFF BECK Blow By Blow EPIC LP VG+ matte cover k,8.00,0.2437
v1|318573729255|0,"PAUL MC CARTNEY & Wings Over America vinyl 3 LP, USED Vintage rock record albums",14.99,0.2436
v1|137506686971|0,Smashed Gladys Social Intercourse Vinyl LP,20.00,0.2436
v1|377310355141|0,"1989  GUY - I LIKE - R&B New Jack Swing 12"" MCA Uptown Aaron Hall Teddy Riley",9.99,0.2435
v1|377338550297|0,Barry McGuire LP Eve Of Destruction 1965 Mono Orig!,9.99,0.2435
v1|227428727580|0,"ELVIS nm import ITS NOW OR NEVER"" 1981 UK CAMDEN LP",8.99,0.2434
v1|800330517889|0,"Heart - Self Titled (Vinyl LP, 1985) Capitol Records",9.99,0.2433
v1|178304703472|0,Whitesnake Picture Disc Vinyl Marble ,25.00,0.2430
v1|227425856751|0,"BRUCE SPRINGSTEEN BORN IN THE USA 12"" LP NM VINYL RECORD COLUMBIA ATLANTIC 1984",9.99,0.2429
v1|227425856751|0,"BRUCE SPRINGSTEEN BORN IN THE USA 12"" LP NM VINYL RECORD COLUMBIA ATLANTIC 1984",9.99,0.2429
v1|117298090594|0,MIAMI SOUL 45 - THE SWAMP PEOPLE - THE ANIMAL DANCE (LEE) HEAR,49.95,0.2428
v1|298500407085|0,Rare 1967 Limited Pressing Capitol Promo LP- THE SILVER YEARS ,15.00,0.2427
v1|236933993134|0,Stooges- Self-titled debut LP 1969 Elektra 1982 pressing (still analog!),49.99,0.2427
v1|127970960028|0,Billy Preston I Wrote A Simple Song 1971 VG+ Funk Soul LP A&M Records,8.00,0.2427
v1|318568492359|0,CLIFTON CHENIER Bogalusa Boogie ARHOOLIE LP k,8.00,0.2426
v1|188632440876|0,JIMMY BARNES - FREIGHT TRAIN HEART Vinyl PROMO LP RECORD Hard Rock GHS 24146 NM,9.50,0.2425
v1|407068168602|0,Van Der Graaf Generator The Aerosol Grey Machine LP Holland Reissue Vertigo,5.50,0.2424
v1|227428352698|0,Steely Dan Gaucho Original Lp On MCA 6102 NM/EX/EX (u),9.99,0.2423
v1|257618456743|0,"ABBA - PROMO EDITION FOR RADIO - ATLANTIC PR 300 -  RARE, ONLY RELEASED 4 RADIO",19.99,0.2422
v1|267722068190|0,"STRYPER - Honestly +2 - '87 Enigma lbl EX/NM 12"" EP + 4p pics/bio Promo insert",9.99,0.2419
v1|377336810991|0,Northern Soul 45 KIM TOLLIVER I Gotta Find A Way/I'll Try To Do Better on Rojac ,7.99,0.2417
v1|227427250756|0,George Cordoba•Shades Of Django   (VG+ ) Exodus 1st Press'66•EX 303•DG,3.99,0.2415
v1|318573527210|0,Beach Boys Party! OG 1965 Capitol Gatefold Duophonic VPI Clean Vinyl LP VG+,20.00,0.2414
v1|377338117619|0,Shawn Phillips - Furthermore - Vinyl Record LP - Folk Rock 1974,3.99,0.2414
v1|267725812161|0,Art Pepper - Surf Ride (Original Jazz Classics Series) 180 Gram NM,19.99,0.2414
v1|318568513553|0,HUMBLE PIE Self Titled CHARLY CR-3002 2XLP VG+/VG++ germany k,8.00,0.2413
v1|407068275994|0,"Wailers, the Tall Cool One LP Mono Still in shrink Garage Rock",5.00,0.2412
v1|227431396910|0,Darren Korb - Transistor - VGM Soundtrack 2016 - 2x LP Clear Vinyl - NEAR MINT,79.99,0.2412
v1|158077287564|0,"Lemmy-Born To Lose, Live To Win Red Vinyl LP In A Blue Cloth Bag",45.00,0.2410
v1|800321862073|0,CATTLE DECAPITATION Humanure DEEP SIX 2XLP VG+ peach marble vinyl w/ insert k,25.49,0.2410
v1|800321845109|0,John Mayall - Plays John Mayall LP - Decca UK Mono DG Autograph,9.00,0.2409
v1|336685185111|0,DIO The Last in Line 1984 1st PRESS MINT- STUNNER  Ultrasonic/VPI Clean,37.50,0.2409
v1|336685185111|0,DIO The Last in Line 1984 1st PRESS MINT- STUNNER  Ultrasonic/VPI Clean,37.50,0.2409
v1|318564462660|0,Bob Marley Soul Shakedown Party Reggae House Dub DJ Remix 12” Vinyl Record,25.99,0.2408
v1|188632427133|0,THOMPSON TWINS - HERE'S TO FUTURE DAYS Vinyl LP 1985 RECORD AL8 8276 NM,9.99,0.2407
v1|318573601272|0,David Borden/Mother Mallard - Migration - 1988 Cuneiform With Insert,20.00,0.2406
v1|407068612176|0,Wolf People Tidings LP Jagjaguwar w/ Inserts,5.00,0.2405
v1|287456819614|0,1972 Superman Original Issue By Coca-Cola 1940's Radio Broadcast LP NM+,5.99,0.2403
v1|398166937224|0,CURTIS AMY & PAUL BRYANT - The Blues Message - Pacific Jazz Stereo PJ9,25.00,0.2402
v1|366535374265|0,DEEP PURPLE Fireball HARVEST LP VG++ germany gatefold w/ lyric sheet insert k,8.00,0.2399
v1|336684923386|0,LP CROWN HEIGHTS AFFAIR Do It Your Way DE-LITE LBL OG 1976 MINT- G.F COVER,19.95,0.2398
v1|227428453001|0,"Custom Audio Trax 12"" Black Vinyl LP 33 RPM Stereo Cat 7115 Soundtrack",10.00,0.2395
v1|398182680000|0,HARLOW Live In Quad FANIA Orig | Latin | Salsa | 2 LP HEAR,19.50,0.2394
v1|257618748656|0,FOREIGNER Hot Blooded Live Version Promo EP ATLANTIC Records PR 475 1982,29.95,0.2393
v1|327258648923|0,Mr Gasser & The Weirdos / Hot Rod Hootenanny - 1963 Capitol Stereo Original,0.25,0.2393
v1|198492667695|0,Various - DEFINITIVE JUX II - Vinyl 2xLP 2002 Def Jux Underground Hip Hop Comp!,12.00,0.2393
v1|307059066607|0,THE BUGGLES -  CLEAN CLEAN - STEREO/MONO - 1980 US PROMO -  ISLAND IS 49209,5.50,0.2392
v1|267725959853|0,Roy Wood Boulders Ua La 166 F Vinyl Lp 1973,3.99,0.2392
v1|377338093112|0,"SEALED, NEVER OPENED! ""TOGETHER SOUND OF READING"" MEGA=RARE PA. LOST GARAGE ROCK",99.98,0.2391
v1|168531644542|0,Elvis Presley 1956 Debut LP LPM-1254 Pink Green 3S Matrix 1st Press Mono,169.99,0.2391
v1|398167013525|0,Cream Wheels Of Fire 1968 On Polydor  Records,25.00,0.2389
v1|188632219065|0,Crystal: The One For You (Vinyl E.P.) Used VG+ Rare Hard Rock,34.55,0.2387
v1|188631777070|0,"Kenny Brown, Why Did You Do This To Me?, BASS Station Records, BSR 006, , EX.",3.91,0.2384
v1|398167258874|0,"Mulligan Meets Monk by Mulligan, Gerry / Monk, Thelonious Riverside",19.97,0.2384
v1|398167131051|0,"THE NEIGHBORHOOD - Debut LP Record, Sunshine Pop Psych, Beatles, Laura Nyro 1970",1.88,0.2383
v1|336682476101|0,Heart  - Brigade -  1990 Canadian LP,54.99,0.2383
v1|206415319146|0,THE GRATEFUL DEAD - Self First | Warner Brothers WS1689 | RE 1974 | EX LP,15.00,0.2381
v1|407063616199|0,Rare Elvis Picture Disc LP & Insert - A Legendary Performer Volume 3 - RCA,9.99,0.2381
v1|198493955642|0,Wilco “ A Ghost Is Born” Reissue Vinyl VG+ ,13.50,0.2380
v1|377335327236|0,Soul Funk 45 Art Butler Soul Brother / Ode to billy joe EPIC ,9.99,0.2379
v1|398167916876|0,THE WHITE STRIPES - White Blood Cells - 2002 V2 Records,40.00,0.2379
v1|147436757067|0,"1985 Soft Touch ‎– Crime Of Passion 12"" Single Vinyl Record",5.00,0.2377
v1|800321888997|0,GORDON LIGHTFOOT Summertime Dream REPRISE LP VG+ germany k,10.50,0.2375
v1|206408134688|0,"Atomic Blue - Blurry Memories 12"" - Private Danish Rock SEALED",8.00,0.2373
v1|336684941677|0,LP Creative Source Sussex LBL  GATEFOLD OG COVER MINT- ORIGINAL INNER SLEEVE,19.95,0.2372
v1|336684941677|0,LP Creative Source Sussex LBL  GATEFOLD OG COVER MINT- ORIGINAL INNER SLEEVE,19.95,0.2372
v1|800321898694|0,JETHRO TULL Aqualung REPRISE MS-2035 LP textured gatefold w/ lyric insert k,8.00,0.2371
v1|407067513482|0,"Motorhead On Parole 12"" vinyl",37.64,0.2370
v1|398167990456|0,Original 1968 The Byrds Sweetheart of the Rodeo LP Vinyl Columbia Stereo CS 9670,50.00,0.2369
v1|168531701918|0,"CELI BEE~""FOR THE LOVE OF MY MAN""~Orig. 1980~FUNK~SOUL~DISCO~7'' 45rpm~RARE~VG+",0.99,0.2368
v1|257618525119|0,Survivor - Eye Of The Tiger Rocky LP 1982 Record 0927 Rocky III Hype Sticker,7.99,0.2368
v1|188632489124|0,BLAST Self-Titled Vinyl PROMO RECORD 1979 Album WHITE LABEL JC 36012 NM,9.44,0.2366
v1|227428463071|0,"Major Records Sound Effects Volume 9 12"" Black Vinyl LP 33 RPM Stereo LP-1024",5.00,0.2366
v1|227428464893|0,"Major Records Sound Effects Volume I 12"" Black Vinyl LP 33 RPM Stereo LP-1016",5.00,0.2366
v1|366535385945|0,GRATEFUL DEAD In The Dark ARISTA LP VG+ gatefold k,15.50,0.2365
v1|127971427287|0,"NYG'z - Ya Dayz R #'D 12"" Vinyl Single DJ Premier Underground Hip-Hop Rap",0.99,0.2363
v1|307053130376|0,Yes 33RPM “Going For The One” 1977 70s Classic/Prog Rock 12” LP Vinyl Álbum EX+,5.00,0.2362
v1|366538747477|0,BoDeans – Outside Looking In - 1987 - Reprise Records Used Vinyl LP VG+/VG+,4.99,0.2362
v1|236933635296|0,THE BRADY BUNCH PHONOGRAPHIC LP Promo Gatefold Cover  PAS-6058 excellent shape,4.00,0.2362
v1|267725686346|0,"BETTY CARTER ""What a Little Moonlight Can Do"" 1976 Impulse 2LP-ASH-9321 NM/NM",7.99,0.2361
v1|377310335098|0,🎤︎ 1977 Genesis - SECONDS OUT LIVE 2 x LP Phil Collins ATLANTIC CANADA IMPORT,14.99,0.2360
v1|377318131908|0,🎤︎ Jimmy Ponder All Things Beautiful TK Records  VINYL LP JAZZ FUNK 1978,14.99,0.2359
v1|377338117796|0,The Young Rascals - Atlantic LP - The Young Rascals - 8123 Mono Mainly For Cover,0.99,0.2357
v1|377338010540|0,PINK FLOYD A NICE PAIR 2LP HARVEST ENGLAND GATEFOLD SABB11257,30.00,0.2356
v1|407067727078|0,"LEE WILEY-WEST OF THE MOON-RCA RJL-2547, RALPH BURNS",14.98,0.2355
v1|398173902813|0,Psychedelic Furs Forever Now  Columbia ARC 38261 Vinyl LP 1982 ,5.00,0.2354
v1|800321874824|0,DOUG SAHM Groovers Paradise WARNER BROS LP uk k,11.75,0.2354
v1|800326921889|0,Baby Cortez The Isley Brothers Way 1969 T-Neck Records w/ Inner Jazz Funk Soul,7.00,0.2353
v1|800330322646|0,SNIFF 'N' THE TEARS FICKLE HEART  1978 LP VINYL ALBUM,14.99,0.2346
v1|168531661857|0,"Watsky  ""All You Can Do""  PURPLE VINYL - 2LP 2014 Steel Wool 78386-1",127.50,0.2341
v1|178305445609|0,"Riot on Sunset Strip OST - Chocolate Watchband, STANDELLS Tower T-5065 MONO",8.00,0.2339
v1|137507182947|0,"BOB DYLAN-""JOHN WESLEY HARDING"" LP, COLUMBIA 2 EYE CS 9604, 1968, EXCELLENT",100.00,0.2338
v1|358788434781|0,Rush Hemispheres Picture Disc LP,10.00,0.2338
v1|227428568394|0,Bobby Scott White Line / Pity The Poor Poor Man ABC-Paramount 45 VG Soul,7.99,0.2337
v1|407066707992|0,Alice Cooper Muscle of Love ~ Record Made in Canada BS22748 ~ No Bar Code,14.99,0.2336
v1|327257848737|0,MC Eiht Featuring CMW 1994 Goin Out Like Geez Vinyl LP,11.06,0.2336
v1|236926159140|0,J.D. CROWE & NEW SOUTH - Straight Ahead - '86 Rounder lbl NM bluegrass LP,9.99,0.2334
v1|227428512052|0,MARILLION Marbles MADFISH 2011 Prog Rock 2xLP VINYL Record ALBUM M- USED,49.99,0.2333
v1|127965236374|0,HECTOR MENESES - 1991 SELF TITLED - MEXICAN LP PUNCH HOLE COVER AUTOGRAPHED,14.99,0.2329
v1|168531610128|0,GTR Self Titled Vinyl Record Lp,4.93,0.2327
v1|278175820008|0,"Santana Zebop! Columbia 12"" LP 33 RPM Black Vinyl",2.40,0.2323
v1|366538545641|0,The Palermos Self Titled Word Religious Christian Gretsch White Falcon Cover ,6.00,0.2321
v1|287451150358|0,Eddie Palmieri - Solito 1985 LP. Near mint. Original copy,14.99,0.2321
v1|366535387443|0,HOLLIES Romany EPIC LP VG+ gatefold k,8.00,0.2318
v1|407068516614|0,GERALDINE DOYLE - Stand On Your Man   1983 Record Album Canada   VG/ VG   Jojo's,5.00,0.2317
v1|117298300839|0,The Clash Tommy Gun 1978 UK vinyl record picture sleeve 7'' punk rock British,13.00,0.2317
v1|206410886783|0,The Surfaris - Wipe Out / Surfer Joe  DOT label classic shiny VG SURF!,5.15,0.2316
v1|358788850113|0,Meatloaf Dead Ringer Album Released In 1981 Very Good Condition,10.00,0.2315
v1|327258664877|0,Golden Earring / Moontan - Classic Rock Vinyl - 1973 Original Sleeve Design,6.50,0.2314
v1|137507139257|0,TERESA BREWER “Songs Everybody Knows” (1961 Vinyl LP) Original Mono Pressing! EX,1.99,0.2312
v1|168531742120|0,"LOVE COMMITTEE~""CHEATERS NEVER WIN""~Orig. 1977~FUNK~SOUL~DISCO~7'' 45rpm~M-",0.99,0.2312
v1|298505332507|0,Wax Tailor - Tales Of The Forgotten Melodies (Vinyl 2LP - 2005 - EU - Reissue),20.00,0.2311
v1|188632078157|0,Helix Vinyl Lot Og No Rest And Razors Edge,13.01,0.2310
v1|336685238840|0,"Traffic ~ Self Titled vinyl LP Island Records  ILPS 9081 VG, Orlake Pressing",4.99,0.2310
v1|267726044286|0,Liz Anderson – Like A Merry-Go-Round LP 1968 RCA Victor LSP-4014 Dynagroove EX+,4.99,0.2307
v1|267725692480|0,DIONNE WARWICK SOULFUL LP 1969 ORIGINAL PRESS PLAYS GREAT! VG/VG+!!,5.50,0.2306
v1|188632143277|0,Kiss Asylum UK Pressing Vinyl,20.00,0.2306
v1|147432321684|0,10 C.C. How Dare You US LP [28766ER],1.20,0.2302
v1|137507542264|0,"AFRO-BEAT 12"" ""AFROHEAT #4"" AFRODISIAC SOUND SYSTEM (AFRODISIAC RECORDS 2006)",15.00,0.2300
v1|257618023262|0,"The War On Drugs ""I Dont Live Here Anymore""  Blue Vinyl Amazing Condition!",30.00,0.2300
v1|800321845110|0,Joe Jammer - Bad News LP - Regal Zonophone UK NM,8.00,0.2300
v1|358788039306|0,"JAZZ VINYL: Spirituals To Swing (2 LP), Lennie Tristano Quartet (2 LP)",8.50,0.2299
v1|178305751597|0,ELLEN FOLEY Spirit of St. Louis  1981 Epic Records NM Record And Cover ,5.00,0.2299
v1|206409642907|0,"DG 2532 093 Ravel:Gaspard de la Nuit;Prokofiev:Son #6/Pogorelich,NM",10.00,0.2298
v1|188631774802|0,"PETE ROCK  on LP "" SOUL SURVIVOR "" hip hop jazzy",64.99,0.2298
v1|336685261080|0,"Tom Paxton, How Come The Sun, Reprise Records, original vinyl LP, Folk, 1971",1.99,0.2296
v1|236934105647|0,Underground Sunshine- Let There Be Light LP Intrepid Records 1969,13.99,0.2295
v1|227431012752|0,"Kill Your Idols - This Is Just The Beginning 10"" Vinyl Record Red 1999 VG+",50.00,0.2295
v1|127975005844|0,LOS CACHORROS DE JUAN VILLARREAL  CORRIDOS    ULTRA RARE USED VG,99.99,0.2294
v1|398167086071|0,Yoko Ono Seasons Of Glass,10.00,0.2293
v1|236927901140|0,BOB SEGER STRANGER IN TOWN LP IN SHRINK ON CAPITOL RECORDS W/ COLOR INSERT,9.99,0.2290
v1|366538500176|0,"MOBB "" GOD PART III "" ORIG  12"" ",15.00,0.2288
v1|366528373853|0,Tim Buckley Lorca Elektra LP  OG,9.99,0.2287
v1|188632165673|0,Modern Soul Boogie - Deborah Kinley All For You - Face - Hong Kong Freestyle ,9.99,0.2286
v1|178300362309|0,Obscure Private Melodic AOR Country Rock 45 BEN SANDERS Hello Baby PLENTY MORE,4.00,0.2286
v1|336685380377|0,"Steely Dan - Pretzel Logic, 1974 LP, Jazz, Rock, Jazz-Rock, Pop Rock.",9.99,0.2285
v1|206408134761|0,Jameson - Color Him In LP - Verve Mono VG+ PROMO,91.00,0.2283
v1|188632467927|0,"SPOONIE GEE MEETS THE SEQUENCE - MONSTER JAM 12"" Vinyl RECORD Hip Hop SH 550 EX+",9.88,0.2282
v1|227427461404|0,Nina Hagen -  Fearless 1983 Vinyl Pressing VG+ Red Hot Chili Peppers,9.99,0.2280
v1|377338340553|0,Alvino Rey LP Swingin’ Fling MINT,10.00,0.2280
v1|800321886798|0,GENTRYS Self Titled SUN 117 LP VG+ k,8.00,0.2277
v1|127971342440|0,THE MAMAS & THE PAPAS:People Like Us Dunhill DSX 50106 LP 1971 VG-/VG-,6.00,0.2275
v1|236933966511|0,Ratt Self Titled LP/Vinyl 1983 Time Coast TC-2203 New / Factory Sealed,20.00,0.2275
v1|278175949240|0,"The Rainmakers - The Rainmakers 1986 Mercury 12"" Vinyl LP 33RPM Stereo 422-830",3.70,0.2274
v1|298500278564|0,BOB McGILPIN II-SEXY THING-1979 BUTTERFLY RECORDS-FLY 41086 PROMO MINT FUNK,9.75,0.2272
v1|158077654355|0,18 LP Vinyl Record Lot - 70s FUNK DISCO R&B - BEE GEES Barry White LIPPS INC,22.16,0.2270
v1|227425860827|0,JOHNNIE TAYLOR TAYLORED IN SILK 1976 LP STAX  STS-3014 NM Vinyl Cover In Shrink,5.99,0.2268
v1|358791274858|0,Duncan Browne - Give Me Take You - Immediate LP VG FOLK ROCK/PROG STEREO 1968,49.98,0.2267
v1|287461473646|0,"Vinyl Gene Loves Jezebel LP Suspicion 1987  VG++ 12""",7.00,0.2267
v1|198493462940|0,The Flaming Lips Embryonic 2xLP Vinyl Mint Blue And Yellow Indie Rock Pop,44.44,0.2267
v1|358785718996|0,Dr. Dre The Chronic Lp SEALED 1996,250.00,0.2266
v1|188607976407|0,"JUNGLE BROTHERS - I'LL HOUSE YOU 12"" Vinyl 1988 RECORD Hip Hop WAR 022B NM",9.50,0.2265
v1|278176256562|0,Nana Mouskouri British Concert Double Vinyl LP 1972 Fontana 6651 003,0.99,0.2261
v1|278176234133|0,Nana Mouskouri British Concert Double Vinyl LP 1972 Fontana 6651 003,0.99,0.2261
v1|327259371577|0,🔥 M.C. Hammer-Sultry Funk/Bustin’ Loose Promo Vinyl Not For Resale DJ COPY🔥,1.99,0.2260
v1|168531182438|0,THE WHISPERS 12” VINYL SINGLE ROCK STEADY G+/VG ULTRASONIC CLEANED & TESTED,9.99,0.2258
v1|318568478711|0,Chesterfield Kings - Here Are The LP - Mirror,9.50,0.2258
v1|377336799185|0,70s Soul Funk 45 FAIRCHANGE Let Me Be Good To You/Your Mine & Pledging Of Love,9.00,0.2256
v1|257618347867|0,BRUCE CHANNEL - HEY! BABY (original Smash label) MONO,28.50,0.2255
v1|398168073842|0,Respighi/Maazel-Feste Romane The Pines of Rome ~ LP 1977 London CS-7043 NM,10.00,0.2255
v1|366530836644|0,Larry Jon Wilson New Beginnings OG LP w/Lyric Inner Country Soul,9.99,0.2253
v1|377338117876|0,Dorival Caymmi - E O Mar - Vinyl Record LP - 1957 Brazilian Press On Odeon Rare,19.99,0.2252
v1|178305344355|0,"Cream - ""Goodbye"" - 1st Edition LP",2.50,0.2251
v1|800321845038|0,Daniel Lentz - Missa Umbrarum LP - New Albion VG+,21.37,0.2251
v1|377336810490|0,Northern Soul 45 JEAN BROOKS Tomorrow Never Came/Losing on G-Note VG++ promo,10.50,0.2251
v1|147432663214|0,Manfred Mann - The Mighty Quinn - 1968 - Mercury Label - Stereo No Sleeve,5.00,0.2251
v1|298500000621|0,"Baron von Tollbooth & the Chrome Nun Grunt AYL1-3794 12"" Black Vinyl LP",4.99,0.2250
v1|800330845058|0,MADHOUSE 6 PRINCE SIDE PROJECT PAISLEY PARK JAZZ 12” Single  RARE,9.99,0.2248
v1|398166937249|0,Shelly Manne & His Men - The Gambit - Contemporary C3557 - DG - Hollywood Press,20.00,0.2248
v1|336684700748|0,"The Nitty Gritty Dirt Band, Self Titled Vinyl LP LRP - 3501 - Rare Mono Version",11.00,0.2248
v1|407066844819|0,The Esquires on BKY 7750,5.00,0.2246
v1|800321890081|0,GRAND FUNK RAILROAD We're An American Band CAPITOL LP VG+ orange vinyl unipak k,10.50,0.2245
v1|800331065231|0,Grand Funk Railroad *-E Pluribus Funk* 33LP- 1971 EMI,8.88,0.2244
v1|800331505726|0,"Candle The Music Machine 12"" Black Vinyl LP 33 RPM Birdwing BWR 2004",4.38,0.2243
v1|188632429610|0,L.A. EXPRESS Self-Titled Vinyl LP RECORD 1976 Album JAZZ FUNK PZ 33940 NM,9.88,0.2243
v1|227430992575|0,"BAD BRAINS, OMEGA SESSIONS 9 INCH PICTURE DISC LP",15.00,0.2242
v1|327258390120|0,PROMO Heart Bebe Le Strange White Label Lp Record!!,11.99,0.2239
v1|127971535148|0,DR. SCHIWAGO SOUNDTRACK LP Maurice Jarre MGM  665 060 German Press NM/NM,14.99,0.2239
v1|327254713069|0,"B.J. Thomas - Miracle ""LP""",1.50,0.2237
v1|127970480079|0,Joe Martin You Blew My Mind This Time Rare R&B Soul 45 Interplanetary 1001,9.99,0.2235
v1|236932385900|0,WATAIN - Casus Luciferi PICTURE DISC LP 2008 Norma Evangelium Diaboli NED018,49.00,0.2235
v1|267714808253|0,🎤︎ Madonna - You Can Dance - 1987 Sire  NEVER PLAYED UNOPENED SEALED -  LP read,39.99,0.2235
v1|206408134758|0,Helstar - Burning Star LP - Combat OG Press VG+,23.59,0.2233
v1|168531571726|0,PSYCH The Magic Mushrooms Never More / Its-A-Happening A&M 815 1966 HEAR IT,5.00,0.2233
v1|307057644829|0,Dua Lipa ‎- The Only EP Vinyl Record Exclusive WB Records Rare Limited Edition.,525.00,0.2232
v1|336684004749|0,Northern Soul Garage 45 BOYS How Do You Do With Me?/It's Hopeless on S.V.R.,7.99,0.2230
v1|236938870966|0,Italo Disco Rose Memories 12” Single Please Read Note,19.99,0.2229
v1|127965236385|0,"GIPSY KINGS - BAMBOLEO/QUIERO SABER - 1988 MEXICAN 12"" SINGLE PROMO TRANSLUCENT",14.99,0.2229
v1|117298265946|0,The Jones Girls (1979) | White Label Promo with Radio Timing Strip. Rare,70.00,0.2228
v1|206409607614|0,"DG 2530 505 Greensleeves(RVW,Walton,Delius)/ECO/Zukerman/Baremboim,EX",2.00,0.2228
v1|377338117598|0,Whiskey River - Self Titled -1978 Vinyl LP~Northland Records~Excellent Condition,9.99,0.2228
v1|227428458201|0,"Major Records Sound Effects Volume 26 12"" Black Vinyl LP 33 RPM 1043 Stereo",5.00,0.2226
v1|267725836411|0,Sammi Smith - The Best Of Sammi Smith LP Mega M31-1019 Stereo 1972 NM!,2.66,0.2226
v1|236933991504|0,Harry Chaplin. On The Road To Kingdom Come. NM- Vinyl LP. 1976 Original.EX Cover,1.99,0.2226
v1|287456897153|0,KOKO TAYLOR From The Heart Of A Woman ALLIGATOR LP VG++,10.00,0.2225
v1|178298587512|0,Grupo Bryndis - A Su Salud LP Vinyl 1991 Disa Mexico Te Vas Con El Escaso,79.99,0.2225
v1|168522745739|0,CUBAN ~ AFRO son ~ JULIO CUEVAS ~ 78 RPM ~ HEAR~ X 6248,30.00,0.2223
v1|398167130600|0,DREAM EXPRESS Promo,5.00,0.2223
v1|188632426202|0,JOE TURNER & T-BONE WALKER - BOSSES OF THE BLUES VOL. 1 Vinyl LP 1989 RECORD NM,9.77,0.2222
v1|398167146734|0,The Gap Band V Jammin Vinyl LP TE-1-3004 1983 Total Experience Funk/Soul,10.00,0.2222
v1|198492636997|0,"JILL SCOTT - GIMME / LOVE RAIN - Vinyl 12"" Single 2002 Hidden Beach UK Press NM!",9.98,0.2220
v1|327258390118|0,Dick Dale & His Del-Tones Surfers Choice Original 1st Pressing!!! Play Tested!!,30.00,0.2219
v1|117298639877|0,Judas Jump Scorch 1972 US promo copy vinyl record LP,15.00,0.2219
v1|206410911944|0,Taylor Swift Original Speak Now Vinyl Record,22.50,0.2218
v1|178305103072|0,"Nick Heyward ""North of A Miracle"" ~ 1983 Arista AL8-8106 Used LP VG+",6.85,0.2217
v1|298499995289|0,"Eartha Kitt in Person at the Plaza LP 1965 1st PRESSING C'EST SI BON!, Zhara Bee",10.00,0.2216
v1|366535377891|0,ELTON JOHN Tumbleweed Connection UNI LP VG+ textured gatefold k,8.00,0.2216
v1|158082956249|0,PRINCE LOVESEXY LP Vinyl Record 1988 Paisley Park Records W1 25720,15.00,0.2216
v1|307059502112|0,"1964 EDDY ARNOLD - SOMETIMES I'M HAPPY, SOMETIMES I'M BLUE LP Vinyl Album",4.99,0.2215
v1|147432212608|0,"Meat Shits Final Exit 7"" 1993 RSR 003 Germany Grind Noisecore Goregrind EX/VG+",20.00,0.2214
v1|158071233964|0,"CAPTAIN SENSIBLE Rare 7"" Vinyl EP record THE DAMNED PUNK BAND CRASS RECORDS",14.00,0.2212
v1|198493783029|0,SOUNDGARDEN Down On The Upside 2xLp FIRST PRESS GATEFOLD OOP RFARE GRUNGE,119.99,0.2211
v1|377338441168|0,Elvis Presley - For LP Fans Only RCA LPM-1990 - 2nd Press Jacket -  Rare Mono VG,40.00,0.2210
v1|198492659402|0,PARIS - SLEEPING WITH THE ENEMY - Vinyl LP 1992 Scarface  - Original US Promo!,10.98,0.2209
v1|407068036440|0,Lee Michael's Live Lp,7.99,0.2209
v1|800329213636|0,Pink Floyd – Relics ; 1971 1st Pressing? SRS 5071 A - Awesome Record!,15.00,0.2208
v1|336685261087|0,NEIL DIAMOND HOT AUGUST NIGHT ORIGINAL 1972 VINYL DOUBLE LP MCA ,7.99,0.2208
v1|318568478786|0,Lana Del Rey - NFR! 2xLP - Polydor VG++,17.50,0.2207
v1|377337976270|0,PINK FLOYD UMMAGUMMA VINYL 2LP GATEFOLD ENGLAND STBB388,25.00,0.2207
v1|287457309540|0,DEWEY GROOM Stop. Look And Listen/Heart After Heart 10IN 1950 VG++LISTEN!!!!!!,19.99,0.2207
v1|227428460109|0,"Major Records Sound Effects Volume 18 12"" Vinyl LP Valentino, inc 1033 Stereo",5.00,0.2205
v1|267725693376|0,THe Sound of Music Original Soundtrack RCA Records VG+ Mono LP  w/ Insert (1965),7.95,0.2205
v1|117213196799|0,Jacob Collier. Djesse Vol. 4/IV. Translucent Red Vinyl Double LP. Indie. READ!,39.99,0.2205
v1|147432487361|0,"RAP 12"" ""FREE OUR BROTHER"" BOOGIE DOWN & KEYBOARD BAND ( RAY RECORDS 1988 )",4.25,0.2204
v1|298498975929|0,"ABC Alphabet City Promo PolyGram Records 12"" Black Vinyl LP Pop 832 391-1 Q-1 NM",14.00,0.2202
v1|158071312253|0,RARE GOSPEL Morgan Babb Cold Cold Ground Nashboro 634 1959 PROMO HEAR IT,10.00,0.2198
v1|137500209307|0,Leslie Phillips The Turning lp In Shrink Libera Me Love Is Not Lost + Bonus,7.99,0.2197
v1|358788207940|0,Frankie Valli & Four Seasons - Chameleon LP Promo (1972) DJ w/ Photo Insert,20.00,0.2197
v1|206393865507|0,"DG 419 247-1 Sor:Fantasies,Var,Largo,2 Minutes/Sollscher,NM",10.00,0.2197
v1|318568478768|0,Joe Ely - Honky Tonk Masquerade LP - MCA OG Press VG+,10.50,0.2196
v1|227427243943|0,Joe E. Parks - The Runaway: Musical Story of Jonah for Kids  NM /NM Vinyl LP,3.99,0.2196
v1|278175928730|0,"Communion A Sing-A-Long For God's People In Harmony 12"" Vinyl Record",5.29,0.2193
v1|287456558461|0,Mel Tillis – It Takes A Worried Man / Honky Tonk Song RARE PROMO LISTEN HERE,0.99,0.2193
v1|287456558461|0,Mel Tillis – It Takes A Worried Man / Honky Tonk Song RARE PROMO LISTEN HERE,0.99,0.2193
v1|318568478708|0,Byrds - The Notorious Byrd Brothers LP - Columbia 2-Eye Stereo VG+ Shrink,17.50,0.2192
v1|366532547731|0,Louis Prima Digs Keely Smith Coronet Records Vintage LP Original Very Good Condi,1.00,0.2190
v1|227428557233|0,"Gerri Granger Can't TakeMyEyesOff You PROMO 7"" 45 VG+ Northern Soul 20th Century",7.99,0.2188
v1|800331288046|0,Meat Loaf Bat Out Of Hell PE 34974 Epic Orange Label 1st US Press Shrink VG+ EX,18.80,0.2187
v1|800331288046|0,Meat Loaf Bat Out Of Hell PE 34974 Epic Orange Label 1st US Press Shrink VG+ EX,18.80,0.2187
v1|377336821856|0,Soul Funk 45 MATT JONES Supersam/Hell No! I Ain't Gonna Go on Relevant VG++/NM,7.99,0.2186
v1|117298193042|0,The Three O’clock-vinyl ,12.00,0.2185
v1|147430950655|0,BIG BLACK / FUGAZI 2 VINYL LOT,30.00,0.2184
v1|336684011352|0,R&B Soul Popcorn 45 DEL CAPRIS Speak To Me Of Love/Teresa on Almont promo,7.99,0.2184
v1|188632427450|0,DEAN FRAZER - BIG BAD SAX Vinyl LP RECORD 1987 Album REGGAE SPLP5 NM,9.99,0.2183
v1|327255082276|0,Satin Doll Jazz & Vocals (2) LP Both Near Mint Sensational Price Both for $7.99,4.99,0.2179
v1|366535390246|0,JIMI HENDRIX EXPERIENCE Electric Ladyland POLYDOR 2XLP VG++/VG+ germany k,9.50,0.2179
v1|318568477494|0,ALICE COOPER School's Out WARNER BROS LP VG+ die-cut unipak with pink panties k,48.00,0.2179
v1|800329633931|0,"SCORPIONS  ""Animal Magnetism"" - Mercury 422-822 556-1 M-1 - Vinyl LP Record",11.00,0.2179
v1|336685236449|0,FRANK ZAPPA Apostrophe (') 1974 ORIGINAL VINYL RECORD DISCREET RECORDS DS-2175,5.50,0.2178
v1|287457003249|0,"Shawn Phillips / Contribution • vinyl record 12"" LP A&M 1970",0.99,0.2177
v1|800329960073|0,Janelle Monae The Age Of Pleasure Blue Limited Vinyl LP,12.00,0.2175
v1|227431171493|0,"SHELTER - FREEWILL / SARANGATI - 7"" VINYL EP 1990 EQUAL VISION -complete",20.00,0.2173
v1|188632137061|0,Kiss Crazy Nights UK Press Used Vinyl,20.00,0.2172
v1|278176330871|0,"Beatles LP 1964 Something New 1st Pressing MONO Shrink Mystery Asian Symbol, EX!",21.50,0.2172
v1|127971432257|0,"1st Infantry - Midnight Creep/Fourth Of July 12"" Single G+/VG- Vinyl Hip-Hop Rap",4.99,0.2170
v1|267726055286|0,"Blood, Sweat And Tears / New Blood (1972) - LP Album Excellent Vinyl and Cover",7.00,0.2168
v1|377336798895|0,70s Soul 45 PURE SOUL BAND Headin' West/Broken Machine on Magnificent promo,11.00,0.2166
v1|298500525160|0,The Move Something Else LP A Cube 2326 045 1970,10.00,0.2164
v1|227431630098|0,"YES – TALES FROM TOPOGRAPHIC OCEANS  2 LP VINYL RECORD GATEFOLD 1973, Promo Copy",47.50,0.2163
v1|377336809992|0,Northern Soul 45 INSPIRATIONS Touch Me Hold Me/What Am I Gonna Do on Black Pearl,7.99,0.2159
v1|336683997765|0,Modern Soul/Boogie 45 ANTHONY WATSON I Can't Stop This Feeling/Solid Love Affair,7.99,0.2158
v1|278175562523|0,Chris Cornell Carry On 2LP IVC Heliacal Sun Vinyl /3000 NM + Misprint Booklet,3.25,0.2158
v1|336684913929|0,LP Irene Cara Anyone Can See OG PRESSING NETWORK LBL (1981) MINT-,14.95,0.2157
v1|198493794877|0,LED ZEPPELIN II LP Original 1969 US 1st Press DOUBLE RL SS HOT MIX Presswell -A,152.50,0.2156
v1|298442825774|0,Jewel PIECES OF YOU - First Black Vinyl Pressing - Open/Unplayed Copy!,22.50,0.2155
v1|377338231794|0,POPPY I Disagree (More) 2020 Metal LP + Shape Disc VINYL Record ALBUM VG+ USED,59.99,0.2153
v1|188630629610|0,"Charlie Louvin, LP, VG+, Lonesome Is Me, JS-6089 Hilltop Records ",4.00,0.2153
v1|198487465504|0,Elvis Costello- Interview Picture Disc- BAK 2001- Limited Edition- UK Pressing,9.99,0.2150
v1|377338027086|0,MASTER S/T MASTER PICTURE DISC LP NETHERLANDS HAMMERHEART RECORDS DEATH METAL,15.50,0.2150
v1|206393865106|0,"DG 2530 561 Ghitarra Italiana(Paganini,Giuliani,Murtula,Bussotti+)/Behrend,NM",5.00,0.2149
v1|336685366340|0,The Ventures Walk Don't Run Dolton Records BLP-2003 Vinyl LP 33RPM Rock,6.00,0.2148
v1|336685366340|0,The Ventures Walk Don't Run Dolton Records BLP-2003 Vinyl LP 33RPM Rock,6.00,0.2148
v1|398166938111|0,THE BLUES OF CLARENCE CLAY & WILLIAM SCOTT THE NEW GOSPEL KEYS - Bluesville 1066,75.00,0.2147
v1|398166938111|0,THE BLUES OF CLARENCE CLAY & WILLIAM SCOTT THE NEW GOSPEL KEYS - Bluesville 1066,75.00,0.2147
v1|278174864340|0,Northern Soul 45 FORMATIONS Lonely Voice Of Love on MGM VG++ promo,7.99,0.2146
v1|127971252784|0,"Lot of 6 Florida Breakbeat 12"" Records Painted Puppy Bottom End Afterdark NOS",30.00,0.2146
v1|287456520310|0,Robin Luke Susie Darlin Won't You Please Be Mine  Label Variaiation LISTEN HERE,0.99,0.2146
v1|117298046683|0,UB40 Geffery Morgan vinyl LP A&M Records 1984 Reggae,4.99,0.2145
v1|318568478680|0,Alice Stuart - Full Time Woman LP - Fantasy SEALED,8.00,0.2143
v1|318550512760|0,Black Sabbath Self-Titled Vinyl LP 1970 Warner Bros. Records Rock Album,8.00,0.2143
v1|188632423310|0,"NOTORIOUS B.I.G. With EMINEM - DEAD WRONG 12"" Vinyl PROMO RECORD BLACK ROB Whoa",9.99,0.2140
v1|327255082282|0,ROC ONE LP Group NM The More The Merrier Shrinkwrap,12.95,0.2139
v1|236933461354|0,Slow Children Mad About Town LP 1982 Ensign NXL1-8030 Indianapolis Pressing OOP,5.00,0.2138
v1|188609538945|0,BILLY IDOL - REBEL YELL Vinyl LP RECORD 1983 Album Flesh Fantasy F V 41450 EX+,11.50,0.2137
v1|336685238269|0,Joe Walsh Barnstorm Vinyl LP 1972 ABC Dunhill Records DSX 50130 VG,4.99,0.2137
v1|800321911217|0,JONATHAN RICHMAN & MODERN LOVERS Back In Your Life BESERKLEY LP VG+ k,8.50,0.2136
v1|377292961818|0,"NEW ORDER - THIEVES LIKE US - LONESOME TONIGHT 12"" 45RPM SINGLE - REALLY NICE!!!",1.99,0.2134
v1|336685046661|0,MUSICAL PRODUCTIONS ALL STARS MUSICAL PRODUCTIONS/EVESOL RECORDS SALSA LP HEAR ,7.77,0.2132
v1|206405358917|0,Elvis Costello- Get Happy!!- F-Beat XX LP-1- Original UK Pressing,14.99,0.2132
v1|147432225498|0,"Patareni / Buka Stop The War 7"" 1992 Psycho Mania Grind Noisecore EX/VG+",25.00,0.2132
v1|168525337155|0,Hovie Lister And The Statesmen –Put Your Hand In The Hand LP (Autographs)SLP6110,5.99,0.2131
v1|188631635592|0,ORCHESTRAL MANOEUVRES IN THE DARK LP Dazzle Ships 1983 Epic US Vinyl OMD,17.77,0.2131
v1|318568503677|0,ELEPHANT'S MEMORY Take It To The Streets METROMEDIA LP VG+ k,8.00,0.2130
v1|227428417466|0,"Gary Wright The Dream Weaver LP 12"" Black Vinyl Warner Bros. Records Rock",4.50,0.2129
v1|227423910420|0,Kansas - Song For America - LP- 1975,7.00,0.2122
v1|127971526948|0,Cziffra plays Rachmaninoff : CS 2093 Connoiseur Society VG/VG,1.00,0.2122
v1|278174887247|0,Sweet Soul Funk 45 QUESTION'S ? on Gold And Soul VG+,830.00,0.2122
v1|366535364263|0,BEATLES Sgt Peppers Lonely Hearts Club APPLE LP VG+/VG++ germany gatefold k,21.38,0.2121
v1|407068204394|0,"1968 Big Brother and The Holding Company LP ""Cheap Thrills"" VG++/VG+ 360 Label",24.95,0.2121
v1|366505284560|0,NM- GARNET MIMMS R&B SOUL LP - I'LL TAKE GOOD CARE OF YOU - STEREO,19.99,0.2121
v1|287456520288|0,Real Life Send Me An Angel / Like A Gun Curb New Wave LISTEN HERE,0.99,0.2118
v1|298499952331|0,GOLDEN AGE RIGOLETTO 1917 1928 GALLI CURCI SHIPA CARUSO  SHRINK OVER JACKET,3.99,0.2117
v1|227425935218|0,Julie London About the Blues Vinyl LP Liberty LRP 3043 Mono 1st Press,9.99,0.2116
v1|158077599564|0,"Grateful Dead Shakedown Street Black Vinyl LP 12"" Mint Condition",6.50,0.2116
v1|168531817171|0,FUNK Jimmy Scott Pair And A Spare / What Am I Gonna Do Eastbound 1973 HEAR IT,5.00,0.2115
v1|307058948312|0,Sex Pistols Filthy Lucre Live LP Vinyl Punk Virgin 1996,75.00,0.2115
v1|318568476502|0,AC/DC Fly On The Wall ATLANTIC LP VG+ club edition k,16.50,0.2115
v1|127971525633|0,1776:A New Musical Columbia BOS 3310 LP 1969 VG/VG,6.00,0.2114
v1|188632415409|0,HERBIE MANN - BIG BOSS MANN Vinyl Reissue RECORD 1970 Album JAZZ CS 1068 NM,9.88,0.2113
v1|318568511993|0,HEART Self Titled CAPITOL SJ-12410 LP VG+/VG++ SHRINK k,10.50,0.2112
v1|117298298627|0,The Clash Super Black Market Clash 1993 UK First Press 3 LP record set punk rock,120.00,0.2110
v1|147432573564|0,45-(2) Bobby Rydell - Volare & I'd Do It Again - Cameo C-179,0.50,0.2110
v1|257618736488|0,FRANKIE VALLI Closeup LP Private Stock Records PS 2000 1975,4.95,0.2109
v1|147432482149|0,SATAN'S FALL - FINAL DAY ORANGE vinyl LP 150 COPIES!  mercyful fate accept trial,25.00,0.2108
v1|366535357695|0,ALAN PARSONS PROJECT Eve ARISTA LP VG+ gatefold k,8.00,0.2107
v1|366535392127|0,JOHN FRED & HIS PLAYBOY BAND Agnes English PAULA LP VG+ k,8.00,0.2107
v1|267722792623|0,Gary Low - You Are Danger 12” VG+ 1982 Italo Disco Quality Records Canada QDC 40,12.95,0.2107
v1|327261132454|0,"LOT OF 4 LPS ORIGINAL, THE MOODY BLUES, QUESTION OF BALANCE, DAYS OF FUTURE",8.95,0.2105
v1|377343392338|0,"JOJI BALLADS 1 - 12"" Vinyl LP / Album Limited Edition - black vinyl",39.00,0.2105
v1|287457278938|0,"7A3- 7A3 Will Rock You- Rare 12"" Vinyl Single (Macola/Vendetta) (1987)",8.69,0.2102
v1|800321845006|0,Beach Boys - Smiley Smile LP - Brother Mono VG+ Shrink,73.00,0.2101
v1|287457439089|0,"In Utero by Nirvana (Record, 2022)",22.00,0.2101
v1|178305660887|0,Fat Larry’s Band Off The Wall LP VG Vinyl Funk Soul STX-4103 G+,7.99,0.2100
v1|178304876289|0,Jet Set Organización Musical - RARE - 4 song EP - MEXICAN 12 IN 331/3 RPM,11.59,0.2099
v1|287456520328|0,"Patty Loveless - I'm That Kind Of Girl (7"") Near Mint (NM or M-) LISTEN HERE",0.99,0.2099
v1|278176401925|0,Paul Simon - Graceland Vinyl - OG Press - VG+ - Nice!,17.00,0.2098
v1|188630652959|0,George LaMond   12''   Bad of The Heart,8.00,0.2098
v1|198494022905|0,REO Speedwagon & Lou Reed Classic 70s and 80s Rock 4-Album Vinyl Lot,18.00,0.2097
v1|377337641162|0,INDUSTRY  S/T 1983 MLP-15011 Used Capitol Records Album LP 33 1/3,8.88,0.2096
v1|127974593068|0,FLANDERS KALB KATZ KOOPER KULBERG BLUMENFELD Of The Blues Project LP Verve 1969,7.99,0.2096
v1|287457004016|0,Jon Astley Everyone Loves The Pilot LP Record In A WHITE COVER,0.99,0.2096
v1|366530872560|0,Lonnie Jonhson - Toothache Blues-Part 1&2 - OKEH 8744 V+,19.99,0.2096
v1|318572993934|0,"MGM Records Leroy Holmes Theme Songs Swing LP Vinyl 12"" 33 RPM Stereo E3708",5.50,0.2093
v1|168531415840|0,George Harrison Wonderwall Music 8-Track Cassette Tape Apple 8XT 1968 In Case,2.99,0.2093
v1|377338118251|0,Sonny & Cher - Look At Us - Vinyl Record LP ATCO Records 1965 Soft Rock Pop Mono,4.99,0.2093
v1|398167124022|0,AIR SUPPLY - Now And Forever LP Vinyl Record VG+,5.00,0.2089
v1|127974764209|0,"BLODWYN PIG, Ahead Rings Out LP, On A&M  First Terre Haute Pressing, VG/Good",9.85,0.2089
v1|198493318229|0,Bill Black's Combo Lp * Black Lace * Hi Records  HL-12033 Mono,2.99,0.2088
v1|198492677225|0,Various - THE COMPLETE STORY OF ROXANNE... THE ALBUM - Vinyl LP 1985 OG US Press,9.98,0.2087
v1|178305690540|0,"FOGHAT - BOOGIE MOTEL LP 1979 (BEARSVILLE) BHS 6990 STEREO,M- Record EX Cover ",7.00,0.2083
v1|800328417884|0,Female Species ‎– Tale Of My Lost Love - lp - SUPER RARE& UN PLAYED,14.99,0.2083
v1|298499894934|0,RUSH HOUR 2 Advance LP 2001 DEF JAM Promo Rap / Hip-Hop STRONG VG DJ Double Pack,4.99,0.2083
v1|117298338697|0,Iron Reagan Dark Days Ahead 2018 US EP Etched vinyl record thrash metal,14.00,0.2082
v1|206410743717|0,Let me stay a while more with you By Rod McKuen on Yellow Flexi Disc 33 1/3.,5.00,0.2082
v1|318568478710|0,Brian Davison's Every Which Way - S/T LP - Mercury VG++ PROMO,10.49,0.2082
v1|198492104646|0,"JAZZANOVA - ANOTHER NEW DAY / L.O.V.E. AND YOU & I - Vinyl 12"" Single Madlib!!",9.98,0.2080
v1|267717711552|0,🎤︎ 1983 CANADA Synth Pop - New Wave - Demars – Stories From Between The Walls,14.99,0.2080
v1|178305589626|0,"Philips Mono LP Record, Vienna Choir Boys, Waltzes and Polkas VG ",2.00,0.2077
v1|327259371688|0,TKO-Let It Roll Vinyl LP (1981) Rock/Metal RARE NM/VG+ INF-9005 *Variant 2*,1.99,0.2075
v1|178305586176|0,Country Joe McDonald War War War Vinyl Record LP ULTRASONIC CLEANED,19.99,0.2074
v1|188632424984|0,"CONKY - SWEET MOTHER 12"" Vinyl RECORD Calypso REGGAE JCD 10027 NM",9.88,0.2073
v1|358788277428|0,"Stand By Every Breath by Pink Project 12"" single",9.99,0.2072
v1|800321875473|0,EDDIE MONEY No Control COLUMBIA LP VG+ k,22.50,0.2071
v1|318573105632|0,pink floyd  RICHARD WRIGHT Wet Dream vinyl lp USED VG Early PROMO Edition,14.99,0.2070
v1|267714213949|0,J.J. J J Cale - Naturally ( Shelter Records ) LP Folk Rock Blues Rock,19.99,0.2069
v1|127971528144|0,Black Oak Arkansas self titled ATCO records 1971 VG vinyl,6.00,0.2068
v1|206408134785|0,Kiss - Alive III 2xLP - Mercury White Wax Ltd. NM,76.00,0.2068
v1|227428555027|0,Kip Brandon It's A Lonely World/When I Was A Kid DJ 45 VG+ Northern Soul NRA,7.99,0.2066
v1|287457376137|0,Riverside Alice's Adventures In Wonderland Cyril Ritchard Vinyl Records Box Set,12.80,0.2065
v1|327258399470|0,1968 The Monkees Porpoise Song / As We Go Along Good Condition,3.00,0.2065
v1|206410840219|0,"Lords Of Acid I Sit On Acid Made in Belgium 12"" and Instrumental KAOS Records",25.00,0.2065
v1|398158072214|0,"Original THREE DOG NIGHT ""CYAN"" LP on DUNHILL DSX 50158 1ST PRESS c.1973 NRMT",8.00,0.2064
v1|147436553281|0,THE IMPALAS Soul / Speed up RARE Northern Soul / Sweet Soul 45,20.50,0.2064
v1|407067999088|0,"Sister Sledge We Are Family Cotillion 12"" Vinyl LP Record Funk Soul Disco",3.20,0.2063
v1|298500523878|0,The Nice The Thoughts of Emerlist Davjack LP CSP 11633 1973,10.00,0.2062
v1|267714986238|0,"🎤︎ Cerrone IV - The Golden Touch - LP Vinyl 12"" Cotillion Disco 1978",9.99,0.2060
v1|366531021935|0,Milton Brown and His Brownies - I'll Be Glad When You're Dead... - DECCA 5149 E-,19.99,0.2060
v1|377336820813|0,R&B Soul Funk 45 EARL LETT Do The Thing/Now Is The Time on Wild,7.99,0.2060
v1|407066702049|0,Motörhead – Overkill green vinyl original copy,49.46,0.2060
v1|178303314806|0,WESTERN WIND (& Other English Folk Songs) - Alfred Deller - Vanguard Vinyl LP,7.99,0.2060
v1|318573622375|0,"Blue Cheer-""New!Improved!"" Philips lp 1969 vg+",20.00,0.2059
v1|398166937223|0,HANK MOBLEY SECOND MESSAGE   1973 Fantasy Prestige,25.00,0.2058
v1|267725778829|0,33 LP ~BOBBY VEE: ~self titled~ 1961 Liberty (VG+/VG+,8.99,0.2057
v1|407067513240|0,"Gaskin – No Way Out 12"" vinyl",11.99,0.2057
v1|198494022881|0,Donna Summer Disco and Tavares Soul Funk Vinyl Lot,9.00,0.2057
v1|127971423933|0,"Dire Straits ""Love Over Gold"" 1982 US 1st Press MASTERDISK BK SLM 1-23728 VG+",19.99,0.2056
v1|236928464610|0,OZZY OSBOURNE NO REST FOR THE WICKED LP CBS RECORDS 1st PRESSING 1988 blue label,102.50,0.2056
v1|188641915724|0,THE REPLACEMENTS Hootenanny LP 1983 FIRST PRESS TTR 8332 NM MASTERDISK HW...,100.00,0.2056
v1|318568508747|0,GEORGE HARRISON Self Titled DARK HORSE DHK-3255 LP VG++ k,8.00,0.2053
v1|188607978945|0,STEVE KHAN - ARROWS Vinyl LP RECORD 1979 White Label Album JAZZ Rock JC 36129 NM,9.88,0.2053
v1|336682525680|0,The Gun Club  - Pastoral Hide & Seek -  1990 Dutch LP,49.99,0.2052
v1|206415279856|0,Stranger Things Season 1 Vol 2 Original Score Upside Down Inter Dimensional Blue,39.99,0.2052
v1|137499822370|0,"ERIC BURDON & THE ANIMALS--""Eric Is Here""--1967 Mono Pressing--Very Clean Vinyl",9.95,0.2052
v1|137507161773|0,First Choice - The System - Denroy Morgan - Funky Soul Disco Vinyl Records ,6.99,0.2051
v1|127971526739|0,Barbara Streisand:Barbara Joan Streisand Columbia KC 30792 LP 1971 G+/VG-,1.00,0.2051
v1|800321845117|0,Ken Hamilton - Be Gentle With Yourself LP - Lavender Private NC SSW Folk SEALED,8.00,0.2051
v1|178305690571|0,"Ultravox - Rage In Eden LP , M- M-record, and cover ,",10.00,0.2051
v1|307059618708|0,Grand Funk 45RPM “We’re An American Band” 1973 70s Classic Rock 7” YELLOW Vinyl,4.00,0.2050
v1|188632273633|0,"JERMAINE DUPRI  on   LP  single  "" BALLIN' OUT OF CONTROL "" hip hop",2.99,0.2050
v1|318568502146|0,DOORS Morrison Hotel ELEKTRA LP VG+ matte gatefold k,10.50,0.2050
v1|307059383679|0,Eric Gale 33RPM “Multiplication” 1977 Fusion Jazz 12” LP Vinyl Album + Booklet,6.00,0.2050
v1|206411035265|0,CONCRETE BLONDE I.R.S. 5835 MINT- LP FROM 1987 WITH LYRICS INSERT,19.99,0.2049
v1|227427087319|0,Alan Parsons Project Eye In The Sky LP VG+ Hype Sticker Barcode Stereo Al 9599,9.99,0.2049
v1|287457222299|0,"A STUDY IN OF JAZZ  7""  33 rpm Young Records Wm C Brown Co. Publishers Vinyl NM",4.99,0.2048
v1|127967030805|0,THE WEREWOLVES Ship Of Fools 1978 BLUES ROCK & ROLL LP on RCA #AFL1-3079 RARE,5.99,0.2048
v1|267725705752|0,REVEREND BIZARRE Rectory Boxset 3x LP RARE Black VINYL book,69.99,0.2045
v1|198493878798|0,PURE HELL Noise Addiction Lp RARE OOP KBD Death Bad Brains Afropunk,29.99,0.2045
v1|366538383502|0,"Is this It by the Strokes (Record, 2001) Vinyl Me Please Splatter Vinyl VMP",100.00,0.2045
v1|158077347226|0," Stan Getz & Albert Dailey ‎– Poetry 1984 Jazz LP Vinyl Record Album ",7.99,0.2044
v1|188632426056|0,NORMAN CONNORS - ROMANTIC JOURNEY Vinyl LP RECORD 1977 JAZZ Funk BDS 5682 NM,9.50,0.2040
v1|366538884945|0,Durangos Dreams & Trains LP Stonegarden SGN 261,0.99,0.2039
v1|398168060033|0,The System - Don't Disturb This Groove Album Vinyl Record,10.00,0.2039
v1|398167147622|0,"The Whispers: Life And Breath, Lp Janus 1972 VG+ vinyl",10.00,0.2038
v1|318568499828|0,DEEP PURPLE The House Of Blue Light MERCURY LP VG+/VG++ k,16.50,0.2038
v1|377332642659|0,Rare early European release Britny Fox Bite Down Hard Vinyl album in shrink wrap,177.77,0.2037
v1|366535363998|0,BEATLES Revolver APPLE LP VG++ germany k,11.50,0.2036
v1|127971342521|0,THE RIGHTEOUS BROTHERS:Soul & Inspiration Verve V6-5001 LP 1966 VG-/VG-,6.00,0.2036
v1|158077334143|0,Night Ranger : Big Life 1987 Hard Rock LP Vinyl Record MCA 5839 Excellent Cond! ,4.99,0.2034
v1|188632425813|0,"RICK SPRINGFIELD - CELEBRATE YOUTH 12"" Vinyl 1985 RECORD Dance & Dub MIX EX+",9.88,0.2034
v1|257618540064|0,DON ELLIOTT SEXTETTE A MUSICAL OFFERING,11.00,0.2034
v1|267726064238|0,Bonnie Guitar - I Believe In Love (1968) Dot DLP 25865 Stereo LP Play Tested NM!,4.99,0.2034
v1|227428553096|0,The Headhunters Daffy's Dance / God Make Me Funky 45 NM Soul Funk Arista,7.99,0.2034
v1|117297444552|0,"BOBBY BROWN Jimmy Briscoe & The Beavers Rap Hip Hop Soul 12"" ALL NEAR MINT",4.87,0.2032
v1|227427426899|0,The Night Creeper by Uncle Acid / Deadbeats Rise Above 2015 Purple Vinyl 2LP,69.99,0.2029
v1|800328853448|0,"Lukas Graham by Lukas Graham. 2016 Warner Bros. (553552-1) NM vinyl, w/ Insert",36.77,0.2027
v1|227428449658|0,"The Wildcat Custom Audio Traxx #7010 12"" Black Vinyl LP Stereo 7010",10.00,0.2026
v1|307058743465|0,"Joe Jackson, Body And Soul, 1984, A&M SP5000, VG+/VG+",5.00,0.2026
v1|336685044922|0,ANDY MONTAÑEZ DULCE VENENO TH RECORDS SALSA LP HEAR ,7.77,0.2026
v1|366532440113|0,Joan Baez: In Concert 1962 OG VSD-2122 Folk Rock Essential,1.00,0.2025
v1|287457423759|0,Grandmaster Melle Mel & Furious Five - Self Titled RAP 1984 LP Record 9205,8.99,0.2024
v1|336680739245|0,JAMES BROWN SINGS & PLAYS DOUBLE LP ON SMASH RECORDS,9.99,0.2023
v1|127971525716|0,V/A Best Of The British Invasion 1975 LP on Pye #PYE 506 SEARCHERS HONEYCOMBS ++,9.99,0.2022
v1|227425749843|0,"Urbie Green The Fox LP NM 1977 CTI Records CTI 7070, Van Gelder Mastering",9.99,0.2022
v1|327255125752|0,Very Rare Seoul Records Sleeve With Chinese Okeh Record Vintage,40.00,0.2020
v1|336682549410|0,Megadeth  - Rust In Peace -  1990 US LP,299.99,0.2020
v1|398166999098|0,David Knopfler Release VinylVG++ 1983 PROMO,6.00,0.2018
v1|257614005468|0,Shaun Cassidy Self-Titled Vinyl LP Record 1977 Pressing,5.00,0.2017
v1|147432199649|0,THE SOUL STIRRERS Don't you worry / When the gates swing open RARE Northern Soul,10.50,0.2017
v1|307052255073|0,"America  Self Titled, Warner Bros Vinyl LP  VG+/VG+",10.00,0.2016
v1|137498034895|0,AFRICAN ~ TRIBAL PSYCH W. HORNS   ~  ACETATE 78 rpm ~ HEAR ~# 495,65.00,0.2015
v1|298499764789|0,"Elvis Presley     LP      NM-     ""How Great Thou Art""     1967    MONO",17.00,0.2015
v1|298503333322|0,ALANIS MORISSETTE Jagged Little Pill Black Vinyl LP Near Mint Condition,22.99,0.2014
v1|398167499008|0,Jimmy Buffett - Somewhere Over China LP Vinyl 1981 MCA Records Original VG+,14.00,0.2013
v1|278174855493|0,Deep Soul/Funk 45 DIANNE ELLIOTT The Ring/When He Speaks on New Horizon VG+,12.50,0.2012
v1|287456714355|0,Thad Jones The Magnificent Thad Jones BLP1527 - First pressing,200.00,0.2012
v1|366535386899|0,HEART Little Queen PORTRAIT LP wlp textured cover k,20.00,0.2012
v1|257618259238|0,Pink Floyd Piper at the Gates of Dawn Vinyl 1984 UK Repress,15.00,0.2011
v1|377338308023|0,FREINDSHIP s/t ELEKTRA Promo Smooth Jazz Funk VG+ VINYL LP Record USED,8.99,0.2009
v1|407067512949|0,Motörhead – The Watcher great condition,38.45,0.2009
v1|407067512949|0,Motörhead – The Watcher great condition,38.45,0.2009
v1|318568486381|0,BON JOVI 7800 Fahrenheit MERCURY LP VG+ club edition SHRINK k,8.00,0.2008
v1|298500584494|0,"1969- THE ORIGINALS, "" BABY , I'M FOR REAL/ MOMENT OF TRUTH"", NORTHERN SOUL",0.99,0.2008
v1|198494022982|0,Loverboy and Classic Rock 4-Album Vinyl Lot,5.00,0.2006
v1|318572628860|0,"Enrico Caruso An Anthology Of His Art, 3 LP Set, 1956 RCA Victor, LM 6127 Mono",10.00,0.2005
v1|168531719793|0,"THE BLACKBYRDS~""TIME IS MOVIN' ""~Orig. 1976~FUNK~SOUL~DISCO~7'' 45rpm~M-",0.99,0.2004
v1|336685246029|0,Frank Zappa Waka/Jawaka-Hot Rats LP 1972 VG+/VG,10.00,0.2003
v1|336684916718|0,LP Jean Carn SELF-TITLED ON PHILADELPHIA LABEL OG (1976) MINT-,19.95,0.2002
v1|318568493761|0,CREAM Pop History Vol. I POLYDOR 2XLP VG++/VG+ germany gatefold k,11.50,0.1999
v1|407066800498|0,"Hugh Masekela, Grazing In The Grass/Bajabula Bonk, 45rpm, 1968 Uni Records 55066",2.99,0.1999
v1|257616982789|0,60s Soul Funk 45 Drake and the En Solids Please Leave Me ALTEEN RARE ,9.99,0.1998
v1|366535366496|0,BLUE OYSTER CULT Agents Of Fortune COLUMBIA LP VG+ gatefold k,10.50,0.1997
v1|298499711873|0,78 RPM ROYAL RHYTHM BOYS. BEAT IT OUT BUMPING BOYS/OLD SHANTY TOWN,7.99,0.1997
v1|127970958124|0,The Boomtown Rats The Fine Art Of Surfacing 1979 EX New Wave LP Columbia,8.00,0.1996
v1|336685087256|0,LP SAOCO Siempre Seré Guajiro Guaracha Salsa Son MERICANA XMX-144  Puert Rico M-,24.95,0.1996
v1|800321845035|0,Crass - Stations Of The Crass 2xLP - Crass UK Reissue VG+,13.00,0.1994
v1|227428573270|0,CLAUDIA LENNEAR Phew! WARNER BROS Promo Blues Rock Soul VG+ VINYL LP Record USED,8.99,0.1994
v1|398166937252|0,THE MEN ~ LOT OF 2 LPs - Tomorrow's Hits Ltd Ed Red Vinyl  ~~ NEW MOON,25.00,0.1994
v1|318573169710|0,VA Fiesta Norteña Marsol 1970s MARSOL Norteño Compilation Rancheras Polkas NM-,2.00,0.1993
v1|127971559494|0,THE CLASH Self Titled 1979 1st Pressing USA Epic JE 36060 NM-,40.00,0.1992
v1|287461937575|0,BELAFONTE RETURNS TO CARNEGIE 2LP LIVING STEREO GATEFOLD Exc GERMANY,15.00,0.1991
v1|227428464760|0,"Major Records Sound Effects Volume 2 12"" Black Vinyl LP LP-1017",5.00,0.1991
v1|800321882477|0,FIRM The Firm Mean Business ATLANTIC LP VG++/VG+ k,8.00,0.1989
v1|236926440331|0,RICHARD KLENDER - Klen Richards / Soft + Hard - '77 Private NM folk pop rock LP,18.99,0.1986
v1|318568509365|0,GO-GO'S Vacation I.R.S. LP VG+ k,8.00,0.1985
v1|336685237299|0,Europe The Final Countdown 1986 LP Vinyl EX -  FE 40241 in Shrink,9.50,0.1985
v1|257612442269|0,The Doors  13  LP  EKS-74079 First Pressing  VG+,15.00,0.1983
v1|307059064352|0,"FEAR -  LIVE FROM NEW YORK IT'S SATURDAY NIGHT (10/31/81) - 1988 US - 7""",28.00,0.1983
v1|117298023983|0,"GRACE JONES- DO OR DIE- 1978 Disco 12"" SINGLE 33 RPM, ISLAND IS 1008 (VG)",5.00,0.1983
v1|127965236399|0,"ORGANIZACION RADIO CENTRO, BUKIS / KENNY Y LOS ELECTRICOS, 1988 MEX. LP PROMO",14.99,0.1982
v1|336685179742|0,IRON MAIDEN Piece Of Mind 1983 1st PRESS **SHRINK/MERCH SHEET**  NM- BEAUTY!!!,84.50,0.1982
v1|206408134731|0,Eddie And The Hot Rods - Life On The Line LP - Island SEALED,18.50,0.1980
v1|298500320140|0,Bee Gees 1st Album 1967 Rare Hype Sticker Hoilday,45.00,0.1978
v1|336685152732|0,Chet Baker Quartet 1953 10” Vinyl LP Pacific Jazz Records PJ LP 6 Russ Freeman,30.00,0.1977
v1|206393865124|0,"DG SLPM136 545 Midnight in Moscow/Don Cossack,tulip label,NM-/NM",4.00,0.1976
v1|188632427249|0,"DARYL HALL & JOHN OATES - METHOD OF MODERN LOVE 12"" Vinyl 1984 RECORD PW13971 NM",9.88,0.1976
v1|178305702606|0,"Bob Weir Heaven Help The Fool 1978 LP Vinyl (Grateful Dead) Arista,M-Rec. & Cov.",17.00,0.1975
v1|227428552976|0,Linda Foreman Let's Get It Together DJ Promo 45 NM Northern Soul Funk,7.99,0.1974
v1|377332136267|0,George M. Joel Grey Musical Revisions by Mary Cohan George M. Cohan NEAR MINT LP,7.50,0.1973
v1|178297968071|0,JIMMY SMITH Prayer Meetin' Vinyl LP Tone Poet Blue Note 180 Gram Kevin Gray ,6.50,0.1972
v1|278176204736|0,"The Tubes ~ Self Titled ~ Vinyl LP ~ SP-453 ~ COVER IS VG+, VINYL IS EXCELLENT",7.00,0.1972
v1|398167992403|0,MOERAN Symphony in G Minor - DILKES/English Sinfonia LP NM MFSL 1-524 EMI 1973,5.00,0.1972
v1|407068031762|0,Temptations Psychedelic Shack Lp,8.99,0.1968
v1|236933983405|0,Uli Jon Roth Electric Sun- Beyond The Astral Skies LP Capitol Records 1985,11.99,0.1967
v1|298499753083|0,"Wham! Make It Big Japan/Japanese LP with obi, calendar poster & pass!",25.00,0.1967
v1|147432252858|0,"Necrophiliacs / Leucemie Beyond The Darkness 7"" 1992 Grind Noisecore EX/VG+",14.00,0.1966
v1|227416672182|0,45 SOUL / THE MAD LADS / LET ME REPAIR YOUR HEART / VOLT / LISTEN,9.99,0.1966
v1|198494060808|0,Great Songs Of America,6.99,0.1965
v1|127975118271|0,1967 Surf The VENTURES GOLDEN GREATS STEREO LP Gatefold Cover M- CLEAN VG++,14.99,0.1965
v1|267725815906|0,Connie Francis Lp Self Titled (1964) On Metro - EX/EX,7.99,0.1964
v1|278176391564|0,"MUSIC IN MOTION VOL. 2, LENNY HERMAN QUINTET, 1959 JANUS STEREO, NM",7.50,0.1964
v1|278175895145|0,PREWAR JAZZ 78 • Henderson’s Hot Six • Columbia 3951 • Midnight Blues • Gulf,16.99,0.1963
v1|407068235745|0,Texas-Southside LP 1989  mercury ,8.00,0.1963
v1|168531124348|0,"THE SPINNERS "" THE RUBBERBAND MAN "" ORIG 12"" VG+/EX ULTRASONIC CLEANED & TESTED",12.99,0.1962
v1|358788629909|0,Dave Mason Self-titled Album Released In 1974 Very Good Condition,10.00,0.1961
v1|127971424664|0,"Trilly Cole - Keep On Believing LP Signed 70's/80's EX/VG+ Vinyl 12"" Country Pop",9.99,0.1960
v1|127978431172|0,"Dire Straits Live ""Alchemy"" WB Records 1984",30.00,0.1960
v1|147432571825|0,"Wham!  The Edge Of Heaven Where Did Your Heart Go 12"" Japanese Pressing No OBI",4.96,0.1959
v1|318568520980|0,JOE COCKER Self Titled A&M SP-4368 LP VG+ gatefold k,8.00,0.1958
v1|377338117862|0,Mike Oldfield - Discovery - 1984 Vinyl Record LP DMM German Press,4.99,0.1957
v1|178303315366|0,Phil Collins Take A Look At Me Now Soundtrack 1984 45rpm Dead Wax STA-45988-6,1.63,0.1956
v1|168536198250|0,Quiet Riot-Mental Health-Vinyl LP-Pasha Records Carrollton Pressing-BFZ-38443 VG,9.99,0.1956
v1|366535385528|0,GRAND FUNK RAILROAD Born To Die CAPITOL LP VG+ embossed cover SHRINK k,11.50,0.1956
v1|366538710826|0,"INSTANT  FUNK   ""  I GOT  MY MIND MADE UP ""   12"" PROMO ",15.00,0.1955
v1|158083768696|0,"Original Sonny Stitt 10"", Playing Johnny Richards, Roost RLP 415, blue,  dg, M-",39.99,0.1951
v1|407066739177|0,"Janet Jackson, Control/Fast Girls, 45rpm, 1986, A&M Records AM-2877",2.99,0.1949
v1|127970626658|0,Linear Movement ‎–The Linear Way -pink vinyl - SUPER RARE - 2016- 500 MADE - oop,59.99,0.1945
v1|147432922147|0,Ozzy Osbourne Diary Of A Madman LP 1981 VG/VG First US Jet CBS Press FZ 37492,25.00,0.1944
v1|227428392812|0,SADE Diamond Life ORIGINAL PORTRAIT LP  INNER,9.99,0.1944
v1|336685184877|0,RUSH Exit Stage Left 1981 1st PRESS MINT- STUNNER!!!!  Ultrasonic/VPI Clean,39.50,0.1943
v1|366535386781|0,HEART Dreamboat Annie ARISTA LP VG++ germany gatefold k,14.00,0.1942
v1|298500651191|0,M. Ward LP LOT Post-War WASTELAND COMPANION Transistor Radio END OF AMNESIA ,50.00,0.1941
v1|127971525702|0,BIG BROTHER AND THE HOLDING COMPANY: Mainstream S 6099 LP 1967 VG-/G+,6.00,0.1940
v1|366538630099|0,"War Outlaw LP Record 12"" Black Vinyl Cardboard Sleeve Rock",7.77,0.1940
v1|206408134750|0,Genesis - Wind & Wuthering LP - Charisma UK,8.00,0.1939
v1|287456155091|0,"Afrika Bambaataa- Got That Vibe, Fort Knox Five, OG 2004 1st press, Tommy Boy EX",5.00,0.1936
v1|198494022897|0,Steppenwolf and Triumvirat Classic Rock 4-Album Vinyl Lot,9.00,0.1936
v1|178305912557|0,ballads of the green berets vinyl,3.00,0.1936
v1|336680916807|0,STYX PARADISE THEATER 1980 Lp G- w Lyrics Mermaid Design on Vinyl TOO MUCH TIME,5.95,0.1935
v1|206410871603|0,Taylor Swift Reputation 2LP Picture Disc Vinyl Record Original Release,122.50,0.1934
v1|158076366421|0,BEASTCRAFT Dawn Of The Serpent LP Grom / Folter Records FR 057 Ltd. Nr. 121/500,49.00,0.1933
v1|117302538656|0,LOS CADETES DE LINARES  EL HIJO DEL PALENQUE    ULTRA RARE USED VG,49.99,0.1933
v1|236933982278|0,Widowmaker- Too Late to Cry LP UA Records 1977 in shrink w/Ariel Bender,14.99,0.1932
v1|278156259196|0,Bob Dylan Planet Waves 1974 Asylum 7ES-1003 Canada Pressing w/ Insert VG+,18.00,0.1932
v1|188631182159|0," STYX - WHY ME ,LIGHTS, A&M Records, 2206-S, 2979 VG Condition Ships Free",3.00,0.1932
v1|257618672786|0,"Especial Heavy - Metal Vinyl LP Compilation  1984 ( Obus,Panzer,Baron Rojo.)",24.99,0.1932
v1|257618751143|0,Tony Mottola Lp String Band Strum Along RS 828 SD,1.89,0.1931
v1|398167120749|0,"The Wondrous World Of Sonny and Cher, Vinyl 1966 Album Mono w/inner",6.00,0.1930
v1|800321845821|0,BEACH BOYS Carl & The Passions/Pet Sounds BROTHER/REPRISE 2XLP VG+ gatefold k,27.62,0.1930
v1|307058646206|0,"GEORGE BENSON ""BIG BOSS BAND"" (W. COUNT BASIE ORCH.) PREMIUM USED LP (NM/EX)",9.99,0.1929
v1|127971607536|0,"El Chicano - Celebration LP 1972 Good Vinyl 12"" Latin Soul Chicano Rock",4.99,0.1929
v1|407068310112|0,Warren Zevon Transverse City LP Promo,5.00,0.1928
v1|206410700433|0,Tears for Fears Woman in Chains / Always in the Past 45 Rock Pop 1989 Fontana,1.99,0.1928
v1|188632417953|0,READY FOR THE WORLD - RUFF 'N' READY Vinyl PROMO LP 1988 RECORD MCA-42198 NM,9.88,0.1927
v1|366535385720|0,GRAND FUNK RAILROAD Shinin' On CAPITOL LP VG+ die-cut 3-D cover with insert k,10.50,0.1927
v1|227428465610|0,"FirstCom Production Music: Commercial Scores 12"" Vinyl LP C-13 Stereo",5.00,0.1924
v1|377332490905|0,Tyketto Don’t Come Easy European release Geffen Records Import Rare Vinyl Album,88.88,0.1923
v1|267725890751|0,“Til Tuesday LP + 2 Promo 12” Singles EXCELLENT,12.00,0.1923
v1|307059034885|0,Bananarama 45RPM “More Than Physical” 1986 80s Dance Synth-Pop 7” Vinyl PS NM,2.99,0.1921
v1|206408134762|0,Humble Pie - Thunderbox LP - A&M VG++ PROMO,21.50,0.1920
v1|147432231914|0,Chick Corea Elektric Band LP 1986 GRP-A-1026 Original Press NM Vinyl Jazz Fusion,25.00,0.1920
v1|168525657107|0,With The Beatles Vintage Vinyl UK Pressing NM/NM Very Collectible,240.00,0.1920
v1|188632426265|0,"MADONNA - ANGEL / INTO THE GROOVE 12"" Vinyl 1985 RECORD 0-20335 NM",9.88,0.1919
v1|298490917227|0,Eldorado  A Symphony By The Electric Light Orchestra UA-LA339G  Near Mint Vinyl,10.00,0.1918
v1|336685088265|0,LP Tito Nieves Yo Quiero Cantar RMM Records 1989 MINT-,24.95,0.1918
v1|318568478734|0,Donald Fagen - The Nightfly LP - Warner Bros OG Press VG+,10.49,0.1918
v1|158077540312|0,GTR - SELF TITLED - ARISTA RECORDS LP,4.99,0.1916
v1|267717690344|0,🎤︎ 70s LATIN FUNK DISCO LP The LTG Exchange - Susie Heartbreaker RCA LP,9.99,0.1915
v1|188632430528|0,HOWARD JONES - DREAM INTO ACTION Vinyl LP RECORD 1985 Album 60390-1 EX+,9.99,0.1914
v1|178305682613|0,"Spectrum LP Record, Holiday in New York, Glitter Letters on Cover, VG ",2.00,0.1913
v1|377342466024|0,"1967 Electric Music For The Mind & Body, Country Joe & The Fish, Psychedelic",8.99,0.1913
v1|278174860615|0,Funk 45 SWINGMASTERS Boogie On Down/Letitia on Guess VG+/VG++,7.99,0.1913
v1|227428671920|0,Bob Dylan – John Wesley Harding LP CS9604 Vinyl 1968 Columbia 2-eye Stereo Label,9.99,0.1912
v1|267717717309|0,🎤︎ Edwin Starr - War & Peace ( Gordy Motown ) 1970 Soul LP,14.99,0.1912
v1|178298299182|0,Fleetwood Mac Bare Trees 1977 New Zealand Vinyl LP Reprise MS 2080,9.99,0.1911
v1|188614454963|0,"PUBLIC IMAGE LTD - DISAPPOINTED 12"" Vinyl 1989 RECORD Same Old Story VST 1181 NM",9.99,0.1910
v1|407068478412|0,Jonah Jones Jazz Bonus Original 1962 Vinyl LP Record (VG+) ST1773,1.99,0.1910
v1|267726054952|0,"Shapeshifting by Satriani, Joe (Record, 2020)",9.99,0.1908
v1|267725206607|0,Black Sabbath - Technical Ecstasy - 2013 US 180g in shrink w/ hype sticker - NM,19.00,0.1907
v1|298497103409|0,The Beatles  - Please Please Me -  1963 UK MONO LP,99.99,0.1907
v1|366535391567|0,JOAN JETT & THE BLACKHEARTS Good Music CBS ASSOCIATED LP VG+ promo k,9.50,0.1905
v1|398167565024|0,Dizzy Gillespie-Have Trumpet Will Excite 1960 Jazz Verve MGV-8313 MONO,7.99,0.1904
v1|287457464816|0,Victory at Sea LM 1779  VG to EX 9 LP's Only $20. Buy it now: $30 + Shipping!,20.00,0.1902
v1|168531593006|0,"Rob Base & DJ E-Z Rock Joy And Pain 12"" Vinyl Single 1988 Remix Hip Hop Record",9.99,0.1902
v1|227423298530|0,"Andy Williams LP 1967 ""Born Free"" ""Music to Watch Girls By"" Good Condition",2.99,0.1901
v1|366537558967|0,RARE SEALED Oliver Tree Alien Boy EP Vinyl,250.00,0.1900
v1|800321840731|0,ALAN PARSONS PROJECT I Robot ARISTA LP VG+ gatefold k,8.00,0.1899
v1|227428454887|0,"Custom Audio Trax Here For You Today 12"" Black Vinyl LP Stereo CAT 7124",10.00,0.1899
v1|398182717807|0,JUSTO BETANCOURT Distinto Y Differente FANIA Gatefold | Orig | Latin LP HEAR,9.99,0.1898
v1|158077181305|0,Leaving Trains - Transportational D. Vices LP (SST) w/presskit & photo,7.00,0.1898
v1|127971525976|0,THE 4 SEASONS:Gold Vault of Hits Philips PHS 600-196 LP 1965 VG-/VG,6.00,0.1897
v1|398167010673|0,"The Fifth Dimension - Living Together, Growing Together - 1973 Funk / Soul",6.00,0.1896
v1|227428459799|0,"Major Records Sound Effects Volume 19 12"" Black Vinyl LP 33 RPM Stereo LP-1034",5.00,0.1895
v1|298490872404|0,The Dave Brubeck Quartet Jazz Impressions U.S.A. LP  CL 984 1st Press (VG+),10.00,0.1894
v1|178305690055|0,The Alarm Declaration 1984 SP 70608 LP near mint vinyl I.R.S original inner,10.00,0.1893
v1|336685419771|0,Faith No More Introduce Yourself Yellow Vinyl MOV LP898 Numbered Edition #001159,31.01,0.1893
v1|298498955759|0,"Steve Miller Band Living in the 20th Century 1986 12"" Vinyl LP PJ-12445 VG++NM",13.50,0.1893
v1|298498959262|0,Grease Movie Soundtrack Vinyl Record Album Deluxe Double LP RSD 2001 UK Import,15.00,0.1890
v1|158077345136|0,THE ROLLING STONES Still Life LP 1981 Ex/VG+ 1ST PRESS w/ INNER Vinyl JAGGER,7.99,0.1890
v1|158077267781|0,Zolar “Timeless” Rare Vinyl Lp,127.50,0.1889
v1|127968133722|0,Vintage 1975 Happy Birthday Tim Flexi Disc Record Captain Zoom ABC Records,9.99,0.1888
v1|236932937390|0,alice cooper vinyl record lot lp,20.00,0.1887
v1|377336816316|0,Pop Psych Soul 45 UNKNOWN Whenever I See You/It's That Time Again test pressing,7.99,0.1886
v1|278174874791|0,Northern Soul/R&B 45 JOHNNY APPOLLO Sweet Thing/Soul on Luna VG++/NM,7.99,0.1886
v1|188632003845|0,Robbie Robertson Self Titled LP Record Original Geffen Records 1987,8.88,0.1885
v1|188632420640|0,PHIL COLLINS - HELLO I MUST BE GOING! Vinyl LP RECORD 1982 Gatefold 80035-1 EX+,9.88,0.1884
v1|267726030204|0,THE TURTLES You Baby Let Me Be LP WHITE WHALE WWS 7112,14.95,0.1884
v1|366538333672|0,Hanoi Rocks Two Steps from the Move Import Vinyl LP 1984 26066,40.00,0.1883
v1|227428811865|0,Sterling - City Kids Test Pressing LP,14.99,0.1883
v1|227427036344|0,TESTED Trina Da Baddest B***h 2 LP Set 2000 Hip-Hop Rap Gold Stamp Promo Vinyl,10.50,0.1883
v1|407067513282|0,"Various – If It's Loud, We're Proud 12"" vinyl from Belgium",10.27,0.1883
v1|318568478683|0,AC/DC - Fly On The Wall LP - Atlantic VG+,8.00,0.1883
v1|168531692922|0,The West Coast Pop Art Experimental Band Vol. 2 LP Reprise RS6270 Psychedelic,40.00,0.1882
v1|227428464447|0,"Major Records Sound Effects Volume 3 12"" Black Vinyl LP LP-1018 33 RPM Mono",5.00,0.1881
v1|398167936599|0,Phil Collins No Jacket Required LP 1985 [Atlantic A1 81240],10.00,0.1881
v1|298500584576|0,"1972-JR. WALKER &THE ALL STARS, "" GROOVE THANG / ME AND MY FAMILY"", R&B , SOUL",0.99,0.1881
v1|298499886631|0,"Enslaved Hordanes Land Gold/Black Splatter Colored Vinyl LP 12"" Reissue RSD 2022",20.00,0.1880
v1|227428673313|0,Roy Buchanan And The Snakestretchers - Roy Buchanan LP PD5033 Vinyl 1972 VG+,13.99,0.1879
v1|377338081859|0,"MINT 1967 Orig SATANIC MAJESTIES ~ ROLLING STONES ACID PSYCH + ""SHE'S A RAINBOW""",99.98,0.1879
v1|198493785719|0,THE BEN WEBSTER QUINTET SOULVILLE VERVE MV 4016 MONO MFD 1980 JAPAN EXCELLENT LP,24.99,0.1879
v1|227428874431|0,Sparks In Outer Space LP,14.99,0.1877
v1|318568480568|0,BEATLES Rubber Soul APPLE LP k,8.00,0.1876
v1|147432212456|0,Jane Olivor Stay The Night LP 1978 Columbia PC 35437 Shrink Hype Sticker VG+/EX,10.00,0.1874
v1|198493987407|0,"Slade Slayed? 12"" Vinyl LP Polydor Rock PD 5524 Stereo 1972 Cardboard Sleeve",19.99,0.1874
v1|278174867692|0,Northern Soul 45 KELLY GARRETT Nothing Left To Give on Smash VG+ promo,7.99,0.1872
v1|366535387755|0,HOT TUNA Self Titled RCA LSP-4550 LP gatefold k,8.00,0.1871
v1|298500584743|0,"1968-THE TAMS, THAT SAME OLD SONG /BE YOUNG, BE FOOLISH, BE HAPPY"", 7"" ABC , R&b",0.99,0.1871
v1|278174869785|0,Northern Soul 45 LITTLE EVA Stand By Me/That's My Man on Amy VG+ promo,7.99,0.1870
v1|127970597513|0,Candi Station - Candi Station Vinyl LP Record 1980 Funk Soul Disco DJ,6.99,0.1870
v1|366535373390|0,"CROSBY, STILLS & NASH Deja Vu ATLANTIC LP VG+ textured gatefold k",8.00,0.1869
v1|188632123362|0,NORA KILL YOU FOR A DOLLAR Converge Coalesce Disembodied Metalcore Hxc Martyr Ad,20.00,0.1869
v1|147431313255|0,PUNK VINYL LOT THE DAMNED GRAVE DISORDER / BAD IDEA SONIC HELLRIDE,100.00,0.1869
v1|377333979716|0,Jellyfish double album etched Blue Vinyl Live recording 2 LPs shrink Hype RSD,88.88,0.1868
v1|318568513458|0,HUDSON FORD Free Spirit A&M LP VG+ uk embossed cover k,8.00,0.1868
v1|206404230564|0,"Gaslight Anthem - Senor And The Queen Double 7"" Used Played Once NM Download Tkt",30.00,0.1867
v1|236934107978|0,Vinyl Record Lot. 5 Lp. Rock,33.00,0.1866
v1|236933976914|0,Vinyl Record Lot. 5 Lp. Rock,25.00,0.1866
v1|236932944271|0,Vinyl Record Lot. 6 Lp. Rock,20.00,0.1866
v1|318568477559|0,ALICE COOPER Welcome To My Nightmare ATLANTIC LP VG+ k,18.70,0.1865
v1|398167258859|0,"Bud Powell Trio, Bud, Roost",13.77,0.1864
v1|366538980956|0,"Fred Koller LP ""Songs From The Night Before"" NM BX16",2.50,0.1863
v1|198492665390|0,Various - BEST OF ELECTRO VOLUME 1 - Vinyl 2 x LP 1995 UK Import B-Boy Comp!!,19.50,0.1863
v1|198493367612|0,HENRY GROSS - SHOW ME TO THE STAGE Vinyl EX,1.99,0.1860
v1|188632426736|0,THE BAKER GURVITZ ARMY Self-Titled Vinyl RECORD 1975 Album JXS 7015 NM,9.99,0.1859
v1|318568478713|0,Bruce Cockburn - Sunwheel Dance LP - True North Canada OG Press SEALED,10.00,0.1857
v1|127971613437|0,"2 Conjunto Quisqueya LP Albums Lot 70's/80's VG/G+ Vinyl 12"" Merengue Latin",5.99,0.1857
v1|127971613437|0,"2 Conjunto Quisqueya LP Albums Lot 70's/80's VG/G+ Vinyl 12"" Merengue Latin",5.99,0.1857
v1|188630580727|0,Ferlin Husky - White Fences And Evergreen Trees Capitol Records - ST-115 G+ LP ,3.00,0.1856
v1|168531215784|0,Tom Jones ‎The Tom Jones Fever Zone Vinyl LP 1968 Parrot VG ULTRASONIC CLEANED,9.99,0.1855
v1|257618240365|0,"Type O Negative - Bloody Kisses: Suspended in Dusk (Vinyl, 2xLP Green+Black) NM ",13.50,0.1855
v1|800342134094|0,DC Go Go Double LP- Trouble Funk- In Times of Trouble - VG+ DETT 1983,10.99,0.1855
v1|278174859958|0,Funk 45 PAUL FLAGG Love Get Off My Shoulders/What Did I Do Wrong on Atlantic,7.99,0.1853
v1|168509142899|0,"Sons of the Pioneers - ""Cool Water"" RCA Victor, 33 RPM LP  (1960)",6.00,0.1851
v1|287457485660|0,Laura Nyro-Eli and the Thirteenth Confession CS 9626  Columbia 1st Pressing,8.00,0.1851
v1|366535386618|0,HEAD EAST Get Yourself Up A&M LP VG+/VG++ k,8.00,0.1851
v1|377338118095|0,John Lennon Yoko Ono - Double Fantasy - Vinyl Record LP - In Original Shrink,9.99,0.1850
v1|377336799075|0,70s Soul Funk 45 ART TARUS I Know The Time Is Right/Really Can't on Exuma VG++,34.00,0.1850
v1|236933628805|0,Simon & Garfunkel Sounds of Silence Columbia Mono CL2469 60s LP,14.00,0.1848
v1|278175530038|0,"the Trio Lp VG++ 1974 Pablo LBL / Oscar Peterson , Joe Pass ,Niels Pedersen",10.00,0.1846
v1|398174113482|0,LALO SCHIFRIN Black Widow LP Vinyl-CTI Records – CTI 5000 Jazz-Funk,10.00,0.1846
v1|800321908154|0,JIMI HENDRIX Nine To The Universe POLYDOR LP VG++/VG+ japan with insert k,8.00,0.1844
v1|127970873459|0,Lee Michaels – 5th LP Record A&M Records 1971 SP-4302,4.99,0.1841
v1|127970225714|0,Ray Parker Jr. - Woman Out Of Control Vinyl Record LP 1983 Electro Funk Pop,6.99,0.1840
v1|188608113996|0,"BIG FUN - STOMP 12"" Vinyl 1993 RECORD 72787-25035-1 ",9.50,0.1840
v1|227423913195|0,Planet - P - Planet P - Self Titled - LP- 1983,7.00,0.1837
v1|398168027094|0,The Sisterhood - Gift Vinyl LP & Giving Ground 7” Merciful Release 1986 Goth,60.00,0.1836
v1|307059148732|0,"Mercury Rex Allen ""Don't Go Near The Indians"" / ""Touched So Deeply"" 71997 45",1.00,0.1835
v1|307059148732|0,"Mercury Rex Allen ""Don't Go Near The Indians"" / ""Touched So Deeply"" 71997 45",1.00,0.1835
v1|158077232477|0,The Rotters-Presumed Dead In Japan Vinyl LP 406/500 Red Cover,19.00,0.1834
v1|800321845893|0,BEACH BOYS Pet Sounds CAPITOL DT-2458 LP duophonic k,34.00,0.1834
v1|127971447432|0,"Grover Washington Jr. - A Secret Place LP 1976 VG Vinyl 12"" Smooth Jazz Funk",0.99,0.1834
v1|318568490667|0,CARS Self Titled ELEKTRA 6E-135 LP VG+ k,14.50,0.1832
v1|257618490422|0,Erasure Drama! 12” Vinyl Maxi Single 1990 Sire 0-21356 Sweet Sweet Baby,2.00,0.1831
v1|198492635452|0,"ERYKAH BADU - OTHERSIDE OF THE GAME - Vinyl 12"" Single 1997 Original Promo!",9.98,0.1830
v1|267725975464|0,Social Distortion - Mommy's Little Monster - Vinyl LP - 2nd Pressing 1983,50.00,0.1830
v1|407068593228|0,Rossini Overtures ~ Lamberto Gardelli ~ New Philharmonia ~ Import STS 15307 VG+,5.00,0.1829
v1|398167176489|0,Aretha Franklin-Aretha Now Vinyl First Press,16.00,0.1829
v1|336685048310|0,TEMPO 70 LO MEJOR DE ORIG MERICANA RECORDS SALSA LP HEAR ,7.77,0.1828
v1|287456883475|0,IT’S A BEAUTIFUL DAY AT CARNEGIE HALL original US vinyl LP,4.50,0.1827
v1|227427486534|0,Dj Swamp skip Proof Scratch tool Vol 1 Vinyl Break Rap Hip Hop Rare,15.00,0.1827
v1|398165801316|0,"HAYDN: Symphonies No. 43, No. 59, MARRINER/ACAD ST. MARTIN Philips LP. 9500 159",5.00,0.1827
v1|227425959568|0,"Grover Washington, Jr. Lp Come Morning On Elektra - Vg++ To Nm / Vg++",5.99,0.1827
v1|366535383137|0,FLOCK OF SEAGULLS Self Titled JIVE/ARISTA VA-33003 LP VG+ SHRINK k,8.00,0.1826
v1|267725895908|0,TEENA MARIE-Naked To The World-OR'88 NM-/NM PROMO LP/LYRICS Rick James Ooh La La,9.99,0.1826
v1|236938952762|0,Italo Disco Fred Ventura Imagine 12” Single,19.99,0.1825
v1|127970272565|0,"JULIE LONDON 45 YUMMY, YUMMY, YUMMY B/W COME TO ME SLOWLY EX LIBERTY 56074 RARE",5.00,0.1824
v1|198497476521|0,BIG DEAL ROCK LP VENEZULA RELEASE KISS LOVE GUN,25.00,0.1824
v1|137500151646|0,"MELLO KINGS - ""Tonite, Tonite"" / ""Do Baby Do"" - HERALD RECORDS",1.99,0.1823
v1|178297969003|0,JIMMY SMITH Back at the Chicken Shack Vinyl LP Blue Note 180 Gram Kevin Gray ,4.99,0.1822
v1|127965236331|0,"FELIPE ARRIAGA - FINA ESTAMPA, CABALLERO - 1972 MEXICAN LP PUNCH HOLE SEAM SPLIT",14.99,0.1822
v1|336684972940|0,LP The Crown Heights Affair -  Dreaming A Dream De-Lite LBL MINT- OG (1975),19.95,0.1822
v1|336684196322|0,Halestorm Everest Dark Plum Galaxy Limited D2C Double LP Variant Vinyl Record,13.99,0.1821
v1|117301964109|0,Vinyl.Classical -2 Lp-Philips.Mozart.String Quartets.Quartetto Italiano.NM,6.99,0.1820
v1|298500207433|0,"Pretenders - Pretenders II 12"" Black Vinyl LP Sire Records Cardboard Sleeve",3.20,0.1819
v1|366535390331|0,"JIMI HENDRIX High, Live 'N Dirty AUDIOFIDELITY LP VG++ uk red vinyl k",8.00,0.1817
v1|278174860759|0,Funk 45 UNITED 8 Getting Uptown/Ain't It Good on Atlantic promo,16.50,0.1817
v1|267725853058|0,Melechesh Sphynx Gold Ltd to 300 Vinyl OPLP142 Osmose Cleaned Tested Poster,24.99,0.1816
v1|366535357800|0,ALBERT COLLINS The Cool Sound Of... TCF-8002 LP mono SEALED k,83.00,0.1816
v1|236934045397|0,John Randolph Marr- solo LP on WB white label promo,5.99,0.1815
v1|227428573282|0,ART TATUM Genius Of Art Tatum #3 CLEF 1954 Trumpet Jazz VINYL LP Record USED,8.99,0.1815
v1|236931267916|0,"1972 Blue Thumb LP, Dave Mason ""Headkeeper"", E- Condition!",10.00,0.1815
v1|307058533081|0,CHICAGO - VII - VINYL LP - Pitman Pressing Gatefold C2 32810,1.00,0.1814
v1|366538533086|0,SLADE 30 ANOS DE MUSICA ROCK LP MEXICO IMPORT POLYDOR RECORDS VG+,4.25,0.1814
v1|307051864417|0,Schoolboy Q-Oxymoron- Vinyl LP Explicit Vinyl Only No Sleeve,9.99,0.1813
v1|298499815420|0,British Invasion '84 - Special D.J.Copy Various Japan / Japanese PROMO LP V.A.,20.00,0.1813
v1|298499815420|0,British Invasion '84 - Special D.J.Copy Various Japan / Japanese PROMO LP V.A.,20.00,0.1813
v1|278175118626|0,Joel Kaye And His New York Neophonic Orchestra '73 Gatefold Mint Funk Breakbeats,18.00,0.1812
v1|318572936419|0,"platinum blonde vinyl lot of 2 used CONTACT, ALIEN SHORES",9.99,0.1812
v1|377338306104|0,"Aerosmith – Self Titled - PC 32005 LP Vinyl Factory Sealed Featuring ""Dream On""",4.29,0.1810
v1|178306011366|0,HEAVEN 17-HOW MEN ARE-1984 VINYL LP W/ORIGINAL INNER SLEEVE-SEE DEMO,7.99,0.1810
v1|407067881112|0,Eurythmics Savage lp VG+. 1987,8.00,0.1809
v1|178304915042|0,OMS-AMERICAN GIGOLA- VINYL LP-ALL ORIGINAL ENGLISH PRESSING-VERY CLEAN VINYL LP,14.00,0.1809
v1|168531619596|0,Bobby Fuller I Fought the Law/ A New Shade of Blue 1964 El Paso Demos 7' Norton,24.99,0.1808
v1|267725689035|0,Dionne Warwick Heartbreaker LP Arista Records AL 9609 1982 1st PR VG+/VG+,4.99,0.1807
v1|178305699912|0,PRETENDERS SELF TITLED 1980 LP Inner SIRE REC. SRK 6083 M-record and VG+ cover ,8.00,0.1805
v1|227423910582|0,Harry Nilsson - Son Of Schmilsson - 1972,7.00,0.1805
v1|298500651856|0,Roy Harper Lifemask LP Awareness AWL1997 1973,15.00,0.1804
v1|307059163293|0,Rare 1981 Soul Record Norman Connors Mr C Vinyl LP Riva AL 9575 SA Hype Sticker,25.00,0.1803
v1|336684004077|0,Northern Soul 45 TEMPTATIONS Born To Love You/The Impossible Dream on Gordy wlp,7.99,0.1801
v1|800321845013|0,Beatles - White Album 2xLP - Apple UK Numbered,30.00,0.1801
v1|398168076720|0,SALVATORE ACCARDO-BRUCH Serenade&In Memoriam-PHILIPS First Recording LP 9500 590,5.00,0.1797
v1|318572959493|0,JEAN LÉON DESTINÉ Festival IN Haiti LP ELEKTRA ELK-130 OG deep grove mono NM,8.99,0.1796
v1|117302548654|0,ARTHUR GRUMIAUX: Saint-Saens / Vieuxtemps on Philips PHM 500-061 RFR-1 in NM,6.99,0.1796
v1|137506646367|0,Mummies Food Sickles & Girls 7 Inch RARE,45.00,0.1795
v1|377338117942|0,Ransom Wilson- Koto Flute: The New Koto Ensemble of Tokyo Vinyl Record LP Angel,2.99,0.1794
v1|267725961573|0,John B. Sebastian - Vinyl LP - MGM - SE-4654 Stereo - Gatefold Cover,3.99,0.1793
v1|287456622980|0,Commander Cody Band And His Lost Planet Airmen  rock promo LP,4.99,0.1792
v1|287457310021|0,LESTER FLATT Kentucky Ridgerunner LP 1972 BLUEGRASS NM- NM-,12.99,0.1792
v1|188630707125|0,Sinnamon   Thanks To You  12''  Modern Soul,8.00,0.1791
v1|318568478688|0,7 Worlds Collide - The Sun Came Out 2xLP - Oxfam,11.50,0.1789
v1|377338014675|0,Yes! Patrick Moraz Lp Record Very Clean Copy!!,12.99,0.1789
v1|800321857787|0,BRENDA PATTERSON Keep On Keepin' On EPIC LP VG++/VG+ k,8.00,0.1787
v1|318568491567|0,CHILD Self Titled ARIEL LP6332 LP VG+ k,8.00,0.1787
v1|188632080577|0,Dio The Last In Line Og Vinyl,15.50,0.1786
v1|147435288542|0,2001 - A Space Odyssey Soundtrack Vinyl LP Also Sprach Zarathustra,13.99,0.1786
v1|318581648053|0,SRC - Traveler's Tale - 1970 Capitol Gatefold - Lime Green Label,50.00,0.1783
v1|377336808073|0,Northern Soul 45 BOBBY JONES Beware A Stranger/Check Me Out on USA,7.99,0.1782
v1|198493831350|0,The Rolling Stones Sticky Fingers Vinyl LP 1971 US 1st Press SO Matrix W/ Insert,30.00,0.1780
v1|336685146240|0,Wynton Marsalis Black Codes (From the Underground) Vinyl LP Record Album,7.99,0.1780
v1|800330611498|0,"Barry Manilow Tryin' To Get The Feeling 12"" Vinyl LP Arista AL 4060 Stereo",0.99,0.1780
v1|307059008795|0,"Paul Tremaine - Columbia (Royal blue wax) She""ll Be Comin' Around The Mountain ",15.00,0.1780
v1|318558562893|0,EMIL GILELS - Grieg Lyric Piano Pieces German Deutsche Grammophon stereo lp MINT,8.98,0.1780
v1|407066855589|0,Del Shannon on AMY 905,5.00,0.1780
v1|188632161543|0,Funk Soul - Dick Jensen Giants Of Hawaii - AOR Hawaiian Soft Rock Signed,9.99,0.1779
v1|188632060776|0,Robbie Dupree – Street Corner Heroes - 1981 - Elektra 6E-344 Vinyl LP VG+/VG,9.98,0.1779
v1|377341215827|0,"Fat In New York 7"" Good Riddance The Flatliners Night Birds Western Addiction",14.99,0.1779
v1|158077325458|0,The 13 Fingers Of Sir Julian 1962 Vinyl LP RCA Victor Records LPM-2372 Jazz,6.00,0.1778
v1|377336803418|0,Funk 45 GARY DUCKWORTH Stop Look & Listen/Move Out Of The City on D.P.A. VG++,7.99,0.1778
v1|358788830517|0,CHARLIE PHILLIPS 45RPM '60 COLUMBIA NO MORE SUGARTIME FOLLOW UP TUNE PROMO VG+++,9.00,0.1777
v1|298500036842|0,Portugal. The Man In The Mountain In The Clouds White Vinyl,20.00,0.1776
v1|206409462324|0,ELO Out Of The Blue 1977 JET Classic Rock 2XLP VG+ Vinyl Play Tested OG Inners,9.00,0.1776
v1|267725149869|0,Rush - Exit...Stage Left - 1981 Japan vinyl with Red OBI/Insert - NM+ - see pics,90.00,0.1776
v1|318568478776|0,Kevin Coyne - Marjory Razor Blade 2xLP - Virgin UK VG++,9.50,0.1775
v1|366538535334|0,"THE ANDREA TRUE  CONNECTION "" MORE, MORE. MORE, 12"" PROMO ",100.00,0.1775
v1|227427528463|0,Otis Redding - The Dock of the Bay LP Vinyl Record Album VOLT S-419 Stereo 1968,11.50,0.1775
v1|278176371267|0,"Beatles George Harrison Wonderwall LP 1968 Apple with Capitol Logo, Side 2, EX!",113.50,0.1774
v1|407067514232|0,"Motorhead with Ice T and Whitfield Crane Born To Raise Hell 12"" picture disc",25.37,0.1774
v1|398167031504|0,Merle Haggard Chill Factor 1987 Vinyl LP Epic Records Shrink Country VG+,6.00,0.1774
v1|298500407225|0,How Great Thou Art as sung by ELVIS LP Album,4.99,0.1774
v1|168531575120|0,The Time Self-Titled 1981 Warner Bros Allied Press Funk  Vinyl  BSK 3598,9.99,0.1773
v1|236938829656|0,Italo Disco Star Blazer Game Over 12” Single,39.99,0.1771
v1|178299618043|0,"Bobby Brown Stevie Wonder Mini-Pops ALL NEAR MINT 12"" VINYL SOUL POP RAP HIP HOP",6.90,0.1770
v1|227428323735|0,THE DOORS - WAITING FOR THE SUN - ORIGINAL 1968 VINYL LP - EKS 74024  VG+,24.99,0.1770
v1|257618757028|0,THE MONKEES Head LP Rhino Records RNLP-145,49.95,0.1770
v1|398158881597|0,JUICE NEWTON JUICE LP CAPITOL ST-12136 1ST PRESSING 1981 (MASTER COPY) IN SHRINK,6.00,0.1770
v1|127971526030|0,ZORBA:Original Cast Recording RCA ABL1-4732 LP 1968 VG-/VG,6.00,0.1769
v1|198492647025|0,ICE-T - GREATEST HITS: THE EVIDENCE - Vinyl 2xLP 2000 Ltd Ed Numbered in Shrink!,13.50,0.1768
v1|206409573133|0,"DG 2532 063 Bruckner:Sym #2/BPO/Karajan,NM",7.00,0.1767
v1|267726064289|0,Eleventh Dream Day Prairie School Freakout Orig Amoeba Records,14.99,0.1767
v1|377338117181|0,"The Checkmates, LTD. - Love is All We Have to Give - Vinyl Record LP - Funk/Soul",4.99,0.1766
v1|318568480760|0,BEATLES Self Titled APPLE 1C19204174 2XLP VG+ germany embossed gatefold & pics k,29.88,0.1766
v1|127970783587|0,The Actual Sounds and Voices of World War II - 2LP Vinyl Record Set - WW2,12.95,0.1765
v1|307053065308|0,CURTIS MAYFIELD SUPERFLY SOUNDTRACK LP album 1972 CURTOM #CRS-8014 die-cut,8.99,0.1764
v1|227428673847|0,Jefferson Starship – Dragon Fly LP BFL1-0717 Vinyl 1974 Debut Ride The Tiger EX!,7.00,0.1763
v1|236934155255|0,Bernie Worrell PIECES OF WOO: THE OTHER SIDE 2-lp vinyl DELUXE Bill Laswell NM,13.99,0.1763
v1|147432733258|0,ORDER FROM CHAOS An Ending In Fire LP Red/Black vinyl death black metal beherit,30.00,0.1762
v1|267725680161|0,Bill Henderson - Street Of Dreams 1979 Vinyl LP Discovery DS802 VG/VG,2.79,0.1761
v1|278174849078|0,70s Soul 45 GARLAND GREEN Don't Let Love Walk Out On Us/Ask Me on RCA VG+ promo,14.50,0.1760
v1|188632417251|0,"NEWCLEUS - NA NA BEAT 12"" Vinyl PROMO 1986 RECORD SUN 436 EX+",9.50,0.1760
v1|800321911383|0,JONI MITCHELL Blue REPRISE LP gatefold k,8.00,0.1759
v1|398167024297|0,"The J. Geils Band – Freeze-Frame (Vinyl LP, 1981, EMI)",5.00,0.1759
v1|800330985957|0,"THE BLUES BROTHERS - Briefcase Full Of Blues (1980) - 12"" Vinyl Record LP - NM!",9.99,0.1756
v1|318568487362|0,BRUCE SPRINGSTEEN Born In The U.S.A. COLUMBIA LP VG+ with lyric insert SHRINK k,16.50,0.1756
v1|407067514311|0,"Motorhead Born To Raise Hell 12"" Promo",14.87,0.1756
v1|127966289238|0,"KISS RECORD ""DESTROYER"" 1976 CASABLANCA (NBLP 7025) RARE 1st PRESSING BLUE LABEL",11.50,0.1755
v1|287456558470|0,GENE CHANDLER Rainbow You Threw A Lucky Punch Vee Jay 468 LISTEN HERE,0.99,0.1754
v1|287457347368|0,Lot Of 2 LPs Claudine Longet - Claudine & The Look of Love EX in Shrink 1967 A&M,9.99,0.1754
v1|398165811807|0,Sibelius - Symphony No. 4 / The Bard - Vinyl Record LP - ASD 3340 EMI NM,5.00,0.1752
v1|366522528303|0,45 JAZZ / THE DAVE BAILEY QUINTET / COMIN HOME BABY PT. 1 / STEREORAMA / LISTEN,9.99,0.1751
v1|198493706680|0,The Moody Blues Seventh Sojourn 1972 1st Press Gatefold OG Inner VG/VG,0.99,0.1749
v1|168531299444|0,"ROCK-DAVID BOWIE-THIS IS NOT AMERICA(THEME,INST.)-EMI AMERICA 8251-STEREO",5.00,0.1749
v1|278176364086|0,Chatterband-Let The Festivities Begin-Private Press w/Autographs From The Band,19.99,0.1748
v1|278175918851|0,HILLBILLY 78 • Blue Sky Boys • Bluebird 330516 • Why Not Confess • 1940,14.99,0.1747
v1|206410749193|0,Ray Charles Renaissance CR 9005 LP Vinyl 1975 Crossover Records EX,13.99,0.1747
v1|298499951709|0,"Focus 3 12"" LP Record Set Sire SAS-3901, 1972 Progressive Rock Play Tested",3.99,0.1747
v1|318568507132|0,FOCUS Moving Waves SIRE LP VG+ SHRINK k,8.00,0.1747
v1|257618650150|0,EAGLES-Hotel California/Pretty Maids-OR.'76 RARE FULL-LENGTH VERSION VG++/NM- 45,9.99,0.1745
v1|327258483048|0,The White Brothers (New Kentucky Colonels) ~ Vinyl LP.,15.00,0.1745
v1|366535387413|0,HOLLIES Moving Finger EPIC LP VG++ SHRINK k,8.00,0.1744
v1|377309699194|0,🎤︎ 1980 FUNK SOUL - SOS BAND - S.O.S. - CBS LP,19.99,0.1744
v1|227428488347|0,"OXENDALE & SHEPHARD  ""Put Your Money Where Your Mouth Is"" Vinyl L P Promo Copy",4.99,0.1743
v1|298496807677|0,SONS OF THE PIONEERS~A GARDEN OF ROSES~195? ~45 RPM ~ EP ~ RECORD  VG+ COVER VG+,3.99,0.1741
v1|127974708293|0,"David Bowie, Space Oddity Reissue Indianapolis Press 1976 RCA  Rare VG+/VG+",15.88,0.1741
v1|206410891483|0,Tyler Okonma Wolf Vinyl Record Hot Pink,21.10,0.1741
v1|287457346783|0,Eddie Lund – Aparima Et Otea Tahiti Records LP Record EL 1017 Slight Warping,8.99,0.1740
v1|117294283307|0,The Ventures LP Where The Action Is Dolton BST-8040 vg+,9.99,0.1739
v1|117294283307|0,The Ventures LP Where The Action Is Dolton BST-8040 vg+,9.99,0.1739
v1|800329231050|0,Cajmere Como Cajual Records CAJ 269 Vinyl Record Black Dance Electronic House,9.13,0.1739
v1|377338118364|0,Alan O’Day – Caress Me Pretty Music - Vinyl LP 1973 Viva VV-2679 Soft Rock,4.99,0.1738
v1|800321894273|0,HOLLIES Dear Eloise/King Midas In Reverse EPIC LP VG++ k,8.50,0.1738
v1|398167185983|0,Dan Fogelberg Souvenirs soft rock  US original vinyl LP,5.00,0.1737
v1|398167309036|0,Paul Kantner & Grace Slick LP. Sunfighter. 1971 Grunt Records FTR-1002. Gatefold,9.00,0.1736
v1|158077303547|0,Joe Buck-Who Dat? Silver Vinyl LP 100 Copies Rare,70.00,0.1736
v1|318568478122|0,APOCALYPSE NOW OST Carmine & Francis Coppola ELEKTRA 2XLP VG++/VG+ gatefold k,11.00,0.1735
v1|407068201587|0,"1968 Big Brother and The Holding Company LP ""Cheap Thrills"" UK Press CBS 63392",39.95,0.1735
v1|227428458378|0,"Major Records Sound Effects Volume 25 12"" Black Vinyl LP 33 RPM Stereo 1042",5.00,0.1734
v1|298499849981|0,Enslaved Yggdrasill Handnumbered Limited Black/White Vinyl LP Black Metal,25.00,0.1733
v1|318568488494|0,BUDDY GUY Buddy & The Juniors BLUE THUMB LP VG+/VG++ gray marble vinyl SHRINK k,12.50,0.1731
v1|188632423807|0,"COMMON With MARY J. BLIGE - COME CLOSE TO ME 12"" Vinyl 2002 RECORD Hip Hop NM",9.99,0.1731
v1|366535372597|0,CREAM Disraeli Gears REACTION LP VG+ uk reissue SHRINK k,8.50,0.1730
v1|358788211456|0,"Ashanti - Ashanti (Baby Blue Limited Edition), Vinyl Record, 2LP",15.50,0.1728
v1|318568478764|0,"Jean Ritchie - Traditional Songs Of Her KY Family 10"" - Elektra Mono DG Ear",26.00,0.1728
v1|267725928438|0,Tuxedo Junction  Butterfly Records Fly 007  EX LP Gold Colored Vinyl  (1977),4.95,0.1727
v1|117298789789|0,Björk Homogenic Vinyl LP,95.00,0.1727
v1|800330650250|0,Rainbow - Bent Out of Shape. 1983 Mercury. VG+ vinyl w/ Joe Lynn Turner ,9.99,0.1726
v1|198492614407|0,NURSE WITH WOUND Dbl LP An Awkward Pause 1999 United Dairies Grey Color   vinyl,46.00,0.1726
v1|188632425981|0,"JAY-Z With MEMPHIS BLEEK & AMIL - HEY PAPI 12"" Vinyl RECORD Hip Hop EXPLICIT VG+",9.50,0.1725
v1|800321845030|0,Christian Death - Only Theatre Of Pain LP - Vap Japan VG+ Obi,23.26,0.1724
v1|198493724655|0,The Lettermen A Song for Young Love LP Capitol Records Mono Vinyl T 1669,1.15,0.1724
v1|227428672302|0,Jefferson Airplane – Crown Of Creation LP LSP-4058 Vinyl 1968 RCA First Press VG,8.00,0.1724
v1|377336803037|0,Funk 45 BIG ELLA It Takes A Lot Of Loving/I Need A Good Man on Lo Lo promo,7.99,0.1722
v1|377336806694|0,Modern Soul Funk 45 WILLIE DISHMON Work On It/I'm Walking Out On You on Jamila,9.50,0.1722
v1|800329611023|0,Pink Floyd-  Meddle (1971) Vinyl LP Record SMAS-832 Early Pressing - 1st?,19.99,0.1722
v1|188632424396|0,TROTSKY ICEPICK - THE ULTRAVIOLET CATASTROPHE Vinyl LP RECORD 1990 SST 279 NM,9.98,0.1721
v1|206415318058|0,JERRY GARCIA  - Compliments of | Round Records RX102 | 1974 | EX LP | Embossed,12.00,0.1721
v1|127966422949|0,Mississippi John Hurt 1964 Piedmont Recordings RE LP Delta Country Soul Blues,14.98,0.1720
v1|800321896772|0,JANE Here We Are BRAIN LP germany gatefold k,9.00,0.1720
v1|267726111881|0,Lot of (7) Buster Brown 45s - (6) on Fire; (1) on Serock,6.00,0.1719
v1|398167258934|0,Lester Young–The President Plays With Oscar Peterson –Cool Jazz Vinyl LP-1957 RE,27.54,0.1718
v1|298499613240|0,"The Holy Bible * by Reader's Digest (7"" Flexi-disc, 1981) Plays VG",5.00,0.1718
v1|318568512426|0,HOLLIES Distant Light EPIC LP gatefold k,8.00,0.1718
v1|158077673383|0,Halloween Vinyl Record Lot: SOUND EFFECTS 21 MORE DEATH & HORROR / Haunted House,24.99,0.1717
v1|336684557284|0,SANTANA SUPERNATURAL VINYL LP 200 Gram Limited Edition RARE!!!!!! ,600.00,0.1716
v1|278175117732|0,Boz Scaggs Moments US '71 Columbia PC 30454 VG/VG+ ,9.00,0.1715
v1|188632378081|0,United Press International – 1976 In Review (UPI – 42897-RPL) LP,7.99,0.1715
v1|318573506389|0,"ultravox vinyl lot 12"" singles VISIONS IN BLUE, ONE SMALL DAY, DANCING W/TEARS",14.99,0.1713
v1|236933902341|0,"Led Zeppelin Houses of the Holy Rock Vinyl LP 12"" Stereo Atlantic Black",20.00,0.1713
v1|178305718828|0,"Was (Not Was) ""Born To Laugh At Tornadoes"" 1983 LP~GHS 4016 NM Record And Cover ",6.00,0.1713
v1|398175082058|0,"Winelight - Grover Washington, Jr. 6E-305 Elektra 1980 Jazz-Funk VG",7.50,0.1713
v1|327258675700|0,"Mike Pedicin Quintet 45 ""Disc Jockey Boogie / Shake A Hand"" AU4",0.99,0.1712
v1|188632160915|0,Latin - Canta Sunny & The Sunliners - Key Loc - Ranchera Tejano Norteno Soul,9.99,0.1712
v1|168531113076|0,Angel Bach Mass in B Minor Klemperer New Philharmonia Stereo LP S 36840,4.48,0.1712
v1|168531707230|0,"BLOODSTONE~""OUTSIDE WOMAN""~Orig. 1973~FUNK~SOUL~R&B~7'' 45rpm-LONDON~VG+",0.99,0.1712
v1|188632413004|0,"TLC - CREEP 12"" Vinyl RECORD Hip Hop 73008-24093-1 NM",9.99,0.1711
v1|198493988495|0,UFO STRANGERS IN THE NIGHT 2 LP VINYL RECORD,19.99,0.1711
v1|188632361266|0,Latin - Chayito Valdez Son Habladas - Chronos - Mariachi Tejano Norteno Ranchera,9.99,0.1710
v1|127971216964|0,Rock Music Vinyl Records - PETE TOWNSHEND: White City  EX,7.55,0.1709
v1|287457310766|0,"JESUS JONES Bring It On Down (Liquidized Mix) 12"" 1989 ALT ROCK NM- NM-",11.99,0.1708
v1|800330116787|0,"Cassius A Feeling For You Virgin 12"" Single Vinyl Electronic Black",6.32,0.1706
v1|366538885625|0,VAN MORRISON - It's Too Late To Stop Now LIVE 1973 Tri-fold sleeve 2LP VG,20.00,0.1706
v1|198492100151|0,"DA JUICE - HEAR THE ANGELS - Vinyl 12"" Single 1991 Netherlands - Techno Classic!",9.98,0.1706
v1|178295929333|0,Jackson Browne 1983 45rpm Elecktra VG+ Records etched dead wax Mastering Lab,3.20,0.1706
v1|366535373308|0,CREEDENCE CLEARWATER REVIVAL Pendulum FANTASY LP matte gatefold k,8.00,0.1705
v1|366538501254|0,"REDMAN ""  TIME  4 SUM AKSION ""  ORIG  12""",15.00,0.1705
v1|178304412589|0,Styx II LP Vinyl Used.  Vintage/earlier pressing,6.00,0.1705
v1|377338117743|0,"Stanley Turrentine - Betcha - 1979 Jazz, Funk, Soul - Vinyl Record LP Elektra",4.99,0.1704
v1|318568514659|0,JAGGERZ We Went To Different Schools Together KAMA SUTRA LP VG++ k,8.00,0.1704
v1|278176214358|0,Tom Scott Apple Juice Vinyl Album Steve Gadd Lp,9.99,0.1704
v1|257613774726|0,"The Electric Lady by Monae, Janelle (Record, 2023)",10.00,0.1703
v1|298500603118|0,"1973- EDDIE KENDRICKS, "" KEEP ON TRUCKIN"", 7"" TAMLA RECORD ,R&B, FUNK",0.99,0.1703
v1|298500603118|0,"1973- EDDIE KENDRICKS, "" KEEP ON TRUCKIN"", 7"" TAMLA RECORD ,R&B, FUNK",0.99,0.1703
v1|117298310155|0,The Clash Clash City Rockers 1978 UK first Press vinyl record picture sleeve,14.00,0.1702
v1|366528398012|0,TESLA Mechanical Resonance 1986 LP with OG Inner,29.00,0.1701
v1|137507070743|0,John Lester and The Mello-Queens Doowop 45 Rare Fist Press,6.00,0.1701
v1|327258710537|0,Konzept Hypnautic Beats Vinyl Single 12inch NEAR MINT new zone,24.99,0.1701
v1|366538512793|0,Icehouse Primitive Man LP (1982) CHR 1390,11.95,0.1701
v1|800321889452|0,GRAND FUNK RAILROAD Caught In The Act CAPITOL 2XLP VG+ embossed gatefold k,11.00,0.1699
v1|377337545930|0,MEN WITHOUT HATS FOLK OF THE '80S CANADA 1984 VINYL LP MCA5487,11.00,0.1698
v1|366535374749|0,DICK DALE & HIS DEL-TONES Surfer's Choice DELTONE LP mono k,8.00,0.1697
v1|168530445228|0,Downy Mildew Texas Hotel Vinyl Record Lp,4.92,0.1697
v1|236937718790|0,Disco The 202 Machine - Rock Your Body 12” Single,6.99,0.1696
v1|257618482634|0,Delaney & Bonnie and Friends Motel Shot 1971 Vinyl Atco 1st US SD33-358 VG/EX,7.49,0.1696
v1|336684877918|0,LP ORQUESTA ARAGON Arrimate Pa' Ca ARAGON LBL MINT,14.95,0.1695
v1|168531249381|0,HARRY WHITAKER “SAXFUL OF HARRY”ISLANDS JAZZ CALYPSO RARE,60.00,0.1695
v1|366535381346|0,ERIC CLAPTON No Reason To Cry RSO LP VG+ germany embossed cover with insert k,8.00,0.1694
v1|407067517240|0,"Bronz / Motörhead – Taken By Storm / In Their Own Words 7"" flexi-disc",4.29,0.1694
v1|206410766368|0,Devo – Freedom of Choice [ ORIGINAL 1980 WINCHESTER PRESSING ],17.99,0.1693
v1|377337851293|0,Ukrainian State Folk Song Dance Ensemble Album Dmitro Hnatiuk,6.60,0.1692
v1|407061277214|0,HEAR - Rare Soul 45 - The Natural Four - The Situation Needs No Explanation,9.99,0.1691
v1|206406512513|0,TOTO SELF TITLED VINYL LP ALBUM,3.98,0.1690
v1|366538496994|0,"Neil Diamond - Moods 12"" Black Vinyl LP Stereo UNI 93136 1972",6.00,0.1689
v1|278175579724|0,Brian Wilson/Beach Boys Rarities - Vinyl LP  Dennis Wilson,99.00,0.1689
v1|178296023173|0,Roy Orbison You Got It 1989 45rpm VG+ Virgin Records Rare 1 of 1 Pressing,2.00,0.1687
v1|127970091671|0,Bob & Cindy Kilpatrick COLLECTION Private LP SHRINK CA Gospel Religious Xian CCM,9.98,0.1687
v1|198493930260|0,Michael Kiwanuka Love & Hate 2x LP 2016 1st Press Vinyl Gatefold VG+/VG+,9.99,0.1686
v1|398167582118|0,Sons Of The Pioneers 78. I Follow The Stream. 1935 Decca Records 5083.,12.00,0.1686
v1|336685105752|0,"Queen Canadian Musical ""We Will Rock You"" autographed poster, tickets, pass, bag",65.00,0.1685
v1|168531316619|0,Peter-Criss KISS-NBLP 7122-Original 1/2 Inner Sleeve Only VG Condition Vinyl LP,9.99,0.1685
v1|377310278914|0,🎤︎ Cerrone VI - Record BLACK SUN Canada Vinyl LP Vintage Disco,24.99,0.1684
v1|227428454732|0,"Media General Custom Audio Trax / Advertising Thematics 12"" LP CAT 7119",10.00,0.1683
v1|147432482735|0,Trial Scream For Mercy (Belgium) Black Vinyl LP Record ostrogoth running wild,20.00,0.1683
v1|117297997392|0,Bobby Freeman C'mon & S-W-I-M 1964 Rockin' Funk Sly Stone produced nice VG+,9.99,0.1683
v1|188632431726|0,"ARRESTED DEVELOPMENT - TENNESSEE 12"" Vinyl RECORD Hip Hop NATURAL V23787 NM",9.99,0.1683
v1|358787353843|0,Prince 1979 Debut LP Self-Titled Vinyl Record VG Warner Bros,15.00,0.1682
v1|298500584131|0,"2001-THE THEORY, "" PUSSYCAT"", 12"" CRAZY BABY RECORD , KEVIN PRICE, BLUE VINYL",0.99,0.1682
v1|278182238785|0,FIREFALL-CLASSIC YACHT ROCK-Self Titled Album-Shrink Wrap 1976  LP EX ATLANTIC,9.99,0.1682
v1|298500525004|0,Lone Justice Shelter LP Geffen 7599-24122 1986,8.00,0.1681
v1|188623630403|0,"Carol Douglas ""You're Not So Hot"" Rare 12 single for this great singer.",4.00,0.1681
v1|377338117941|0,John Rebourn - The Lady And The Unicorn - Vinyl Record LP - In Shrink,5.99,0.1681
v1|318568520719|0,JOAN JETT & THE BLACKHEARTS I Love Rock-N-Roll BOARDWALK LP VG+ club edition k,9.50,0.1680
v1|127971269858|0,Yes 90125 Atco Records 1983 EX COND Owner Of A Lonely Heart,13.00,0.1680
v1|377338117502|0,Dave Mason - Dave Mason Is Alive - Vinyl Record LP - Blue Thumb - EX Box 300,9.99,0.1679
v1|800331462664|0,"Dave Clark Five American Tour 12"" Black Vinyl LP 33 RPM Stereo Epic LN 24070",7.99,0.1678
v1|227428341046|0,"Nightfly by Fagen, Donald",12.00,0.1678
v1|800321871898|0,DEF LEPPARD High 'N' Dry MERCURY LP VG+ k,14.00,0.1677
v1|206410913147|0,STICK FIGURE WISDOM LIMITED EDITION NUMBERED 09960 2LP MINT- 2LP,32.99,0.1676
v1|407059833853|0,Iron Maiden Powerslave textured '84 US copy very good condition,35.67,0.1676
v1|298500524536|0,Mother Earth Make a Joyful Noise LP Mercury SR-61226 1969,5.00,0.1675
v1|117298241870|0,"Blood Sweat & Tears - Blood Sweat & Tears 12"" LP Record 1968 Columbia Rock 33RPM",2.99,0.1675
v1|318568514247|0,IT'S A BEAUTIFUL DAY Self Titled COLUMBIA CS-9768 LP VG+ gatefold k,8.00,0.1674
v1|278156158538|0,The Kinks One For The Road US Arista 2-LP Gatefold Poster and Insert VG,19.00,0.1674
v1|137499822362|0,GRAHAM NASH & DAVID CROSBY--Self Titled--1972 Original Pressing-Very Clean Vinyl,9.95,0.1672
v1|298500543072|0,"1979-AMI STEWART, "" JEALOUSLY "", 12"" ARIOLA RECORD , R&B , DANCE POP, CLUB",0.99,0.1672
v1|336685261102|0,Rare Earth Get Ready LP Rare Earth Records RS 507,1.99,0.1671
v1|298503334385|0,Jacob Collier Djesse Vol. 4 2LP Orange Vinyl Gatefold EU Import Excellent Condit,19.99,0.1671
v1|137506831298|0,Neil Young with Crazy Horse ~ Zuma (Reprise 1975 MS 2242) Ex Vinyl 1st textured,15.00,0.1671
v1|336685038135|0,CELINA Y REUTILIO QUE VIVA CHANGO FUNNY  RECORDS SALSA LP HEAR ,7.77,0.1671
v1|366535357919|0,ALICE COOPER Muscle Of Love WARNER BROS LP VG+ box cover k,9.00,0.1671
v1|206415416140|0,MEMPHIS MINNIE Looking The World Over OKEH BLUES 78 LITTLE SON JOE,12.00,0.1670
v1|188632052733|0,"EAGLES on LP "" HOTEL CALIFORNIA "" rock",14.99,0.1669
v1|127966350478|0,RUSH Grace Under Pressure PolyGram LP 1984 Canadian Classic Prog Rock Masterdisk,9.98,0.1665
v1|407067513184|0,"Motörhead – What's Words Worth? picture disc, good condition",15.05,0.1665
v1|137507278476|0,SARAH VAUGHAN “The Divine” (1960 Mono Vinyl LP) Preowned VG+!!,1.99,0.1665
v1|257618742011|0,THE COMPLETE COCKATIEL TRAINING ALBUM LP PET Records PET-LP-3142,2.23,0.1663
v1|377336820518|0,R&B Soul 45 TOP NOTES Wait For Me Baby/Come Back Cleopatra on Festival VG++,7.99,0.1663
v1|366531035093|0,Jimmie Davis - In Arkansas - VIctoria 23525 V-,19.99,0.1661
v1|318573209335|0,Great Songs Of America LP Vinyl Record Album,2.00,0.1661
v1|198493865727|0,Uriah Heep – Sweet Freedom 1973 Vinyl LP Mint,15.00,0.1660
v1|336685033936|0,FELIX CHAPPOTIN MI SON BARBARO RECORDS SALSA LP HEAR ,7.77,0.1659
v1|336684963415|0,LP STACY LATTISAW  LET  ME BE YOUR ANGEL  COTILLION LBL MINT- OG INNER SLV.,14.95,0.1658
v1|800321856038|0,BOB MARLEY & THE WAILERS Confrontation ISLAND LP gatefold promo k,20.62,0.1656
v1|178298404949|0,Carlos Y Jose - Self Titled LP Vinyl 1983 Norteño Una Rosa De Castilla Mexico,49.99,0.1655
v1|336683990651|0,70s Soul 45 SONNY FREEMAN & THE UNUSUALS Come On Baby/Everybody Is Talking VG+,7.99,0.1655
v1|127971526632|0,THE CARS Panorama 1980 LP on Elektra #5E-514 SYNTH-POP ROCK NEW WAVE,9.99,0.1653
v1|227428461188|0,"Major Records Sound Effects Volume 16 12"" Black Vinyl LP LP-1031 Mono",5.00,0.1653
v1|336680857405|0,MICHAEL HEDGES BREAKFAST IN THE FIELDS LP ON WINDHAM HILL  RECORDS NEAR MINT,11.00,0.1653
v1|377338117419|0,Quiet Company -  Transgressor - Vinyl Record LP- Signed,9.99,0.1652
v1|366530863013|0,HEAR - Rare Soul 45 - Garnet Mimms - Take Me - Verve # VK-10642 Promo,9.99,0.1652
v1|267725694679|0,SKIP GORMAN  Trail To Mexico Cassette Tape 1987,8.50,0.1652
v1|407068268297|0,GENE KRUPA ~ THE EXCITING GENE KRUPA   1953 CLEF RECORDS MG-C-687   VG / VG,5.00,0.1651
v1|800321845052|0,Famous Jug Band - Chameleon LP - Liberty UK VG+,12.00,0.1651
v1|287456520284|0,THE HONDELLS SURF ROCK 45 LITTLE HONDA / HOT ROD HIGH MERCURY NM LISTEN HERE,0.99,0.1651
v1|377341207412|0,Mad Caddies Quality Softcore LP punk rock lagwagon green day bad religion nofx,34.99,0.1651
v1|267726044823|0,Ella & Louis – Acoustic Sounds Series LP (2022) Verve MG V-4003 QRP,29.99,0.1650
v1|227428462883|0,"Major Records Sound Effects Volume 10 12"" Black Vinyl LP LP-1025 Mono",5.00,0.1650
v1|178305752065|0,"Doug And The Slugs, Cognac And Bologna,  NM Vinyl And Cover With Original Inner ",3.00,0.1649
v1|298500523753|0,Leo Kottke Ice Water LP Capitol SN16054 1974,5.00,0.1649
v1|800329390077|0,Forgotten Tomb - Vol 5: 1999-2009 2xLP,27.00,0.1648
v1|800321875005|0,DWIGHT TWILLEY BAND Sincerely SHELTER LP VG+ with insert k,8.00,0.1648
v1|206410783793|0,1988 TRAVELING WILBURYS Volume One Vinyl LP BMG Club Release EX-NM,28.00,0.1647
v1|366535388934|0,JAMME Self Titled ABC/DUNHILL DS-50072 LP promo SEALED k,8.00,0.1647
v1|278176348382|0,"Beatles LP Rubber Soul 1968 “Subsidiary of” Capitol Rainbow in Shrink, Gorgeous!",21.38,0.1646
v1|127971409925|0,"Damita Jo If You Go Away Stereo 12"" Black Vinyl LP 33 RPM Epic BN 26244",2.40,0.1646
v1|206410889630|0,Run the Jewels Run the Jewels Vinyl Record Self Titled Light Blue Vinyl,24.99,0.1645
v1|398167858189|0,Real Life-Heartland LP & Send Me An Angel 12” Vinyl Record Lot 1983 / 89,40.00,0.1644
v1|188632427086|0,McGUFFEY LANE - AQUA DREAM Vinyl LP PROMO RECORD SPECIALTY PRESS SD 38 144 NM,9.44,0.1643
v1|298503308860|0,MOULIN ROUGE! Baz Luhrmann Soundtrack Red Translucent & White Marbled Vinyl 2LP,29.99,0.1643
v1|278176204653|0,ELECTRIC LIGHT ORCHESTRA ~ Secret Messages Jet QZ-38490 COVER & VINYL EXCELLENT,12.00,0.1643
v1|278176121108|0,"HANK MARR ON AND OFF STAGE, KING JAZZ ALBUM, VG++",25.00,0.1643
v1|318568492734|0,COUNTRY JOE & THE FISH Electric Music For The Mind And Body VANGUARD LP VG+ k,8.00,0.1642
v1|227425744553|0,Richard Souther Heirborne Vinyl Jazz Fusion ,9.99,0.1641
v1|407068516112|0,"Who, the Happy Jack LP Mono wlp Rare!",115.50,0.1639
v1|188632434799|0,VICTOR BAILEY - BOTTOM'S UP Vinyl LP RECORD 1989 Album SRC PRESS JAZZ 81978-1 NM,9.88,0.1639
v1|158083153778|0,Slappy White The First Negro Vice President Lp Brunswick Bl 754146 Vinyl,14.99,0.1639
v1|318572962988|0,"V/A Orig 1967 ""WFIL POP OLDIES EXPLOSION VOL 2"" LP w 96 Tears SEALED NM-",19.69,0.1639
v1|267726051227|0,More of the Monkees Record Colgems,4.95,0.1639
v1|127971613920|0,"Sonora Santanera - 15 Exitos Bailables LP 1982 VG+/VG Vinyl 12"" CBS Latin Comp",9.99,0.1638
v1|800329970189|0,The Black Keys/Ohio Players /PURPLE Vinyl,7.60,0.1638
v1|287455798516|0,Neil Sedaka I Go Ape/Moon Of Gold 1959 RCA Victor 47-7473 Indianapolis Press VG+,5.99,0.1638
v1|188632155235|0,Funk Soul - Billy Stewart Unbelievable - Chess - 60’s Northern Soul Oldies Blues,9.99,0.1637
v1|257618542107|0,707 Mega Force Vinyl LP 1982 Original Boardwalk NB1-33253 Kevin Chalfant,14.56,0.1635
v1|206393865505|0,"DG 2531 264 Debussy:La Mer;Rapsodie Esp;Ma Mere l""oye/Giulini/LAPO,NM-",5.00,0.1635
v1|168531577282|0,"MADONNA - ANGEL / INTO THE GROOVE - SIRE RECORDS MAXI SINGLE 12""",9.99,0.1635
v1|158076366426|0,BAPTISM Grim Arts Of Melancholy 2-LP 2008 Northern Heritage NH-054 HORNA BEHEXEN,49.00,0.1635
v1|206393865109|0,"DG SLPM138 028/29 Haydn:Missa Sanctae Caeciliae/Stader/Jochum,2LP set,tulip,NM/-",8.00,0.1634
v1|298500584572|0,"1965-BARBARA LEWIS, "" LOVE TO BE LOVED / MAKE ME YOUR BABY"", 7"" ATLANTIC , R&B",0.99,0.1634
v1|147432696883|0,Anthony Phillips Private Parts And Pieces Vinyl LP 1978,18.95,0.1634
v1|800331453416|0,Mae West On The Chase & Sanborn Hour LP Radiola MR-1126 1981 Old Time Radio VG+,9.99,0.1634
v1|198493367136|0,T. Graham Brown Lp * I Tell It Like It Used To Be * Capitol Records St-12487,5.99,0.1633
v1|366535368092|0,BOB MARLEY & THE WAILERS Legend ISLAND/TUFF GONG LP VG+ 180g reissue k,9.50,0.1633
v1|318573485102|0,Faron Young - Fortunes In Music Lp Fan Club Autographed ex!  rare,9.99,0.1631
v1|318573448085|0,"ETTA JONES, Prestige 237, Nature Boy / Hi Lili Hi Lo Autographed Sleeve",20.00,0.1631
v1|318568479846|0,BEATLES Hey Jude APPLE LP k,8.00,0.1629
v1|318573462592|0,"12"" Clean Vinyl RECORD 1982 STRAY CATS LP BUILT FOR SPEED EMI AMERICA R104788",7.97,0.1627
v1|318573536192|0,Betty St Claire Cool and Clearer Jubilee EP-5047 4 Track Jazz EP,20.00,0.1627
v1|336684002786|0,Northern Soul 45 PROFILES Raindrops/Windstorm on Musicland U.S.A. VG+ promo,7.99,0.1625
v1|158077625295|0,Archers Of Loaf 7” EP The Loaf's Revenge 1993 Alias NM/NM,10.00,0.1625
v1|236926440334|0,DON STOVER - Things In Life- '72 OG Rounder NM banjo/bluegrass LP + DAVE GRISMAN,14.99,0.1625
v1|198494022946|0,The Mamas & The Papas and Classic Rock 4-Album Vinyl Lot,5.00,0.1624
v1|127971428702|0,"D.O.D. - Higher 12"" Single 2004 Promo VG-/VG Vinyl Kanye West Hip-Hop Rap",2.99,0.1624
v1|366535357657|0,ALAN PARSONS PROJECT Ammonia Avenue ARISTA LP VG++ k,8.00,0.1623
v1|137514000491|0,"1987 Sisley Ferré ‎– Give Me Your Love 12"" Vinyl Record",15.00,0.1622
v1|318568478783|0,Kiss - Revenge LP - Mercury Grey Wax Ltd. VG++ Shrink,109.51,0.1622
v1|800321862246|0,CHEAP TRICK Dream Police EPIC LP VG+ gatefold k,9.50,0.1621
v1|117296254667|0,RARE LOT 45's Rock Garage Jazz Rockabilly Soul Reggae w/obscure 50's 60's PROMOS,3.87,0.1621
v1|158065301277|0,"CHICAGO ""Chicago V"" LP Original 1972 Columbia KC 31102- No Poster, Mint Vinyl",9.00,0.1620
v1|366535376257|0,ELECTRIC LIGHT ORCHESTRA A New World Record JET LP VG+ embossed cover k,8.00,0.1616
v1|366535374547|0,DEF LEPPARD Pyromania MERCURY LP VG+ k,9.50,0.1616
v1|366532562515|0,Vangelis - Chariots of Fire Original LP Polydor Records 1981 Good Condition Vint,1.00,0.1616
v1|227428195429|0,"Harvey Averne Dozen, ""Why Can't We Really Be Free"", Latin Soul Boogaloo 45, HEAR",4.99,0.1615
v1|377338117968|0,Peter Frampton – Where I Should Be - Vinyl Record LP - Original Sleeve 1979 Rock,4.99,0.1615
v1|206406495562|0,10 ROCK / SOUL / JAZZ VINYL LP ALBUMS LOT 28,14.98,0.1615
v1|366535374859|0,DOKKEN Tooth And Nail ELEKTRA LP VG++/VG+ k,11.00,0.1614
v1|407068561045|0,Willie Dixon I Am the Blues LP,5.83,0.1613
v1|178305691841|0,"Karla Devito Lp Is This A Cool World Or What? Epic - M-rec & cov,Original Inner ",10.00,0.1610
v1|366522519113|0,45 SOUL / ROY HAMILTON / HEARTACHE / RCA VICTOR PROMO / LISTEN,9.99,0.1610
v1|307059292281|0,"Bad Religion - American Jesus (Very Good Plus (VG+)) Rock (7"", Single)",45.00,0.1610
v1|227416708716|0,45 NOS / ART GENTRY / BREAKTHROUGH / ABET / LISTEN,9.99,0.1609
v1|227428460489|0,"Major Records Sound Effects Vol. XVII 12"" Black Vinyl LP 33 RPM Mono 1032",5.00,0.1606
v1|158077883242|0,R&B Ray Charles I'm Movin' On / I Believe To My Soul Atlantic 1959 PROMO HEAR IT,5.00,0.1606
v1|298500543974|0,"1978- DAN FOGELBERG & TIM WEISBERG ,"" TWIN SONS OF DIFFERENT MOTHERS"", FOLK ROCK",1.99,0.1606
v1|236928192138|0,AC/DC BACK IN BLACK LP ON ATLANTIC  RECORDS,19.99,0.1605
v1|127966831900|0,DARYL HALL - THREE HEARTS IN THE HAPPY ENDING MACHINE. MINT VINYL LP. USA. 1986.,5.99,0.1605
v1|206393865508|0,"DG 410 865-1 Brahms:Rinaldo/Kollo/Prague PO/Sinopoli,NM",5.00,0.1604
v1|117296297209|0,"RAP HIP HOP R&B rare 12"" vinyl lot ALL NEAR MINT or better TONE-LOC",6.90,0.1603
v1|318573623425|0,"Blue Cheer-""BC#5 The Original Human Being"" 1970  Philips lp VG+",35.00,0.1603
v1|206393865506|0,"DG 2532 010 Stravinsky:Petrouchka/LSO/Abbado,NM",8.00,0.1603
v1|168531580944|0,"ARTHUR BROWN ""THE CRAZY WORLD OF ARTHUR BROWN"" - 1968 Track SD 8198 VG+/VG+",4.00,0.1601
v1|117298205068|0,Graham Parker-vinyl ,10.00,0.1600
v1|307059548080|0,Madonna 45RPM “Material Girl” 1985 80s Dance Synth-Pop 7” Vinyl PS NM,2.99,0.1599
v1|168531148169|0,"Paul Lekakis Boom Boom 12"" Vinyl Single 1986 ZYX5571 VG+ Ultrasonic Clean Tested",8.99,0.1598
v1|267714993237|0,🎤︎ Cerrone VII LP You Are The One 1980 Black Sun ULP-20 Canada Import,14.99,0.1597
v1|137494665408|0,CUBAN ~ AFRO SON ~ RICO'S CREOLE BAND ~ ELISEO GRENET !~ HEAR ~ 78 RPM ~ 6197,25.00,0.1597
v1|298500573324|0,"Greg Kihn Band “Citizen Kihn“ LP 1985 EMI SJ-17152  Shrink, Hype Sticker EX/EX",2.80,0.1597
v1|188632427729|0,"CELINE DION - IT'S ALL COMING BACK TO ME NOW 12"" Vinyl RECORD 46 78377 NM",9.99,0.1596
v1|257615095548|0,MOTORHEAD 2 lot. 1977 Motorhead Debut on Chiswick Records & 1979 Bomber  Bronze,150.00,0.1596
v1|188631406007|0,"VARIOUS ARTISTS on LP "" 2001 : SPACE ODYSSEY "" soundtrack",4.99,0.1596
v1|278175119070|0,Bob Dylan Another Side of Bob Dylan 2nd Press Mono 2 Eye VG-/VG,20.00,0.1594
v1|236933991510|0,"The J Geils Band - Ladies Invited - 1973 Atlantic LP - Foil, Sterling Master VG+",1.99,0.1594
v1|188618536078|0,Billie Holiday - You Can't Be Mine - VOCALION 4396 E-,19.99,0.1593
v1|377338308015|0,BACK DOOR s/t WARNER BROS 1973 Jazz Rock VG+ VINYL LP Record USED,8.99,0.1593
v1|278174884097|0,R&B Soul Popcorn 45 LIONS Girl Of The World/'Til The 13th Month on Mack IV VG++,7.99,0.1592
v1|227428139500|0,"Heart ""Little Queen"" Vinyl LP Portrait Records JR 34799",5.50,0.1592
v1|127971342137|0,COUNTRY JOE AND THE FISH:Electric Music For The Mind And Body Vanguard LP VG-/G,6.00,0.1591
v1|188630657512|0,George Michael    12''  Careless Whisper (England Pressing),8.00,0.1590
v1|358791274854|0,"Lesley Ann Warren/Elliott Gould– ""Drat! The Cat!""  1965- Blue Pear BP 1005 - LP",9.98,0.1590
v1|206410905317|0,1972 The Full Spectrum Of Quadraphonic Sound Vinyl Record Album,8.54,0.1589
v1|227425921489|0,"OutKast – Player's Ball OG 1993 Press 12"" In Pic Cover ",10.00,0.1589
v1|278176082543|0,"SOUNDS! JACK MARSHALL & SHELLY MANNE, 1966 JAZZ, VG++ TO NM",15.00,0.1589
v1|117298598578|0,THREE DOG NIGHT “Sessions Presents…” Vinyl 2xLP Sessions  ARI 1004 Comp. NM/VG+,9.99,0.1588
v1|327258408176|0,Pink Floyd / The Final Cut - Classic Rock Vinyl - 1983 Original Pressing,10.00,0.1588
v1|298500661071|0,Graham Parker   Another Grey Area   NM   You Hit The Spot,5.00,0.1587
v1|278174887637|0,Sweet Soul/Funk 45 SAMSON & DELILAH Honey/Got To Get Myself Together on Match NM,7.99,0.1586
v1|336685045722|0,LP Gladys Knight & The Pips  Feelin' Bluesy STML 11080 OG SOUL LBL MINT-,14.95,0.1585
v1|800330906284|0,ZINGARA - LAMONT DOZIER / WHEELS RECORDS 1981,9.99,0.1585
v1|267725686903|0,ELECTRIC WIZARD - L.S.D. Lucifer's Satanic Daughter  - 45 rpm Vinyl Lp,51.00,0.1585
v1|127974544941|0,"THE BLUES PROJECT, Live At Town Hall LP, Verve Forecast Rarity 1967 VG+/GOOD+",6.99,0.1585
v1|198494022931|0,Stevie Wonder and Grover Washington Jr. Soul Jazz 4-Album Vinyl Lot,9.00,0.1584
v1|407072571440|0,45 RPM Ahmad Jamal ARGO DJ 5294 Music Music Music / But not for Me VG++,3.00,0.1584
v1|358788117594|0,"Rod Stewart Never A Dull Moment Mercury 1972 Stereo 12"" Vinyl LP SRM-1-646",5.00,0.1583
v1|336680681254|0,RAMATAM 1972 Promo Lp w MITCH MITCHELL From Jimi Hendrix Experience on Drums VG,7.50,0.1583
v1|178304807116|0,BILLY & THE BEATERS LP Record Vinyl SELF TITLED ALFA 10001 1981,4.75,0.1582
v1|358788780128|0,Jethro Tull Stand Up LP RS 6360 Pop-Up Gatefold Reprise Stereo Orig US,24.99,0.1582
v1|298500406531|0,Leroy Holmes FOR A FEW MORE DOLLARS and other motion picture themes LP Album,4.99,0.1582
v1|298500407078|0,"Lot 2 GROVER WASHINGTON,JR LP-Soul Box Vol 2/Reed Seed",9.99,0.1581
v1|307059737424|0,Samantha Fox – Interview - Picture Disc – 1987 - Topless IMPORT Vinyl,75.00,0.1581
v1|377336809844|0,Northern Soul 45 HARVEY SCALES Too Good To Be True/Love Is A Gas on Magic Touch,18.50,0.1580
v1|198493449411|0,Nails Unsilent Death Vinyl Mint,33.33,0.1580
v1|168531581395|0,The Time Ice Cream Castle Vinyl Record LP Album 1984 First Press R&B Pop,9.99,0.1579
v1|407068036023|0,Cruisin' 1960 Lp,5.99,0.1578
v1|336684007757|0,R&B Rocker/Deep Soul 45 CHARLES PERRYWELL Come Along With Me/Your Lonesome Now,7.99,0.1577
v1|147431947045|0,"GRUPO MAJA ""Fiebre Latina"" Salsa ,Guajiras,",7.50,0.1577
v1|188632503013|0,Unity You Are One Uniform Choice Wishingwell 2nd Press Minor Threat SxE Punk Hxc,60.00,0.1577
v1|318568478919|0,BAD COMPANY Burnin' Sky ISLAND LP VG+ germany gatefold k,8.00,0.1576
v1|188631583595|0,TONY DOUGLAS. Gabby Abby & His And Hers on VJ 481 PROMO,5.00,0.1575
v1|407073217513|0,Helloween - Giants & Monsters Deep Ocean Blue Vinyl Record,29.98,0.1575
v1|168531532888|0,The Partners In Crime EP 2004 Big Popsicle Records POP-03 Rare DJ Spun SF house ,30.00,0.1573
v1|206411212469|0,LUDMILLA ZYKINA Russian Songs WGS8291 LP Vinyl VG++ Cover Shrink Cut Corner 1974,6.36,0.1573
v1|377336806399|0,Modern Soul 45 DEBRA GRAHAM Summer Nights/Whenever We're Alone Together on Dein ,7.99,0.1573
v1|327258675619|0,"LOT 25 VINYL LP Rock ALBUM, STONEGROUND, LOOSE ENDS, ELLIOT MURPHY, RHINESTONES",21.50,0.1571
v1|318568506956|0,FLEETWOOD MAC Self Titled REPRISE MS-2225 LP VG+ textured cover k,9.50,0.1571
v1|127971342351|0,OLIVIA NEWTON-JOHN:Let Me Be There MCA 389 LP 1973 VG+/G,6.00,0.1570
v1|227428884294|0,Melanie – Stoneground Words LP NRS47005 Vinyl Record 1972 Gatefold w/ Lyrics EX!,2.99,0.1570
v1|407067513354|0,"Motörhead – Beer Drinkers 12"" vinyl",35.88,0.1570
v1|800331401478|0,COUNTRY JOE & THE FISH - HERE WE ARE AGAIN - VANGUARD RECORDS LP W/ INSERT  NM,8.00,0.1567
v1|318568507996|0,GENESIS Abacab ATLANTIC LP VG+ embossed cover k,8.00,0.1566
v1|227431090775|0,THE INCREDIBLE SHRINKING DICKIES 1979 YELLOW VINYL LP Los Angeles Pop Punk Band,10.00,0.1566
v1|366537266616|0,"HEAR - Rare Northern Soul 45 - Bobby Patterson - Busy, Busy Bee - Jetstar Promo",9.99,0.1566
v1|168531590812|0,"The Jacksons - Live (2x Vinyl LP, 1981) Epic Records",20.50,0.1565
v1|407068044187|0,Mandrill Solid Lp,6.99,0.1565
v1|178298321437|0,"Chick Corea - Touchstone, Vinyl LP, 1982 WB Records",5.00,0.1565
v1|198492626159|0,NURSE WITH WOUND LP Man with the Woman Face 2002 United Dairies Clear  vinyl,25.00,0.1564
v1|298500408010|0,"Super Soul Musical ""Wonderful Wizard of OZ"" THE WIZ LP Album",4.99,0.1564
v1|257618814474|0,"1st Pressing 1988 Keith Whitley ""Don’t Close Your Eyes"" LP Vinyl RCA 6494-1-R",135.50,0.1563
v1|147432460051|0,LAURA LEE To win your heart / So will I RARE Northern Soul 45 NICE,24.50,0.1562
v1|366534971708|0,Rare Rock 'n Roll LP - Terry Stafford - Suspicion - Crusader # CLP-1001 M,9.99,0.1562
v1|398167709487|0,Durango 95 Lose Control LP Star  SR 003,0.99,0.1559
v1|158077796075|0,"Portishead Dummy (Vinyl) 12"" Album",46.00,0.1558
v1|307053173100|0,“Winners” 33RPM 1979 70s Soft Pop Rock 12” LP Compilation Album Vinyl Manilow,5.00,0.1558
v1|236933473808|0,Dr. Hook & The Medicine Show - Revisited - 1976 Rock - EX - Ultrasonic Clean,6.00,0.1556
v1|398167084142|0,Lynne Jackson & Mike Palter Rememberings 1983 LP Vinyl Record With Insert,10.00,0.1556
v1|206415316007|0,JETHRO TULL - Crest Of A Knave | Chrysalis OV 41590 | 1987 | Shrink Hype | EX LP,12.00,0.1556
v1|206404234036|0,"Gaslight Anthem - Tumbling Dice 7"" Used Played Once NM Download Tkt Colored Viny",20.00,0.1554
v1|158077842277|0,"Tears for Fears Shout (Remix Versions) Mercury 12"" Single 45RPM",10.00,0.1554
v1|287455628973|0,The Rascals - Once Upon A Dream 1968 USA Gatefold Orig. Vinyl LP  VG+,3.90,0.1553
v1|800321845089|0,Henry Wolff & Nancy Hennings w/Drew Gladstone - Tibetan Bells LP - Island SEALED,8.00,0.1553
v1|137507259557|0,"THEM ""HERE COMES THE NIGHT"" WITH VAN MORRISON 1965 LP MONO VG LP-160 AND GLORIA",23.51,0.1553
v1|318572829394|0,mckendree spring vinyl ,3.00,0.1552
v1|178297810376|0,"Tania Maria - Love Explosion & Made in New York, Vinyl LP's",5.00,0.1552
v1|278176204453|0,VINTAGE LP Vinyl Cream - Goodbye 1969 USA Gatefold SD-7001 COVER IS VG/VINYL VG+,8.00,0.1551
v1|800321854221|0,BO HANSSON Music Inspired By Lord Of The Rings CHARISMA LP VG+ k,20.50,0.1551
v1|188630668963|0,Samuel  You Are The One  12''  Freestyle,8.00,0.1550
v1|188632274463|0,"JOE COCKER on   LP   "" JOE COCKER "" rock",2.99,0.1550
v1|327258397558|0,Rare Death In June Live 1982 We Laughed Calling She Said Destroy Doubt Nothing,80.00,0.1550
v1|278176204540|0,JOHN MAYALL/ERIC CLAPTON Blues Breakers LONDON LP ~ ENTIRE ALBUM IS EXCELLENT,10.00,0.1549
v1|800330905252|0,Madonna - Like A Prayer / Act Of Contrition Vinyl 12” MAXI Single 1989 Sire MLVC,9.99,0.1548
v1|257618437046|0,GENE VINCENT and the BLUE CAPS …ORIGINAL,49.00,0.1548
v1|188632424874|0,GENERAL PUBLIC - ALL THE RAGE Vinyl LP RECORD 1984 Album NEW WAVE SP 70046 EX+,9.88,0.1546
v1|127971083478|0,Dire Straits - Making Movies - EX/VG+ 1980 Pop Blues Rock W/B BSK-3480 1ST Pres ,8.50,0.1546
v1|318568493468|0,CREAM Goodbye RSO RS-1-3013 LP VG+ gatefold k,8.00,0.1546
v1|257574241738|0,Sanford Clark-The Fool/ Lonesome For A Letter- London 45-HL-D  United Kingdom,10.00,0.1545
v1|366535373664|0,DAVID BOWIE Let's Dance EMI-AMERICA LP VG+ k,8.00,0.1545
v1|318568478769|0,John Lennon - Mind Games LP - Apple VG+ Shrink,9.50,0.1544
v1|206411178678|0,QUIET RIOT CONDITION CRITICAL CBS 28AP 2901 MFD IN JAPAN MINT- LP,33.99,0.1544
v1|307059462606|0,Clint Holmes  Playground In My Mind  NM  Promo,15.00,0.1544
v1|188632441373|0,RON DAVIES - U.F.O. Vinyl LP RECORD Gatefold 1973 ALBUM SP 4400 NM,9.77,0.1544
v1|188631125657|0,THE WILLIAMS BROTHERS. A NEW BEGINNING  GOSPEL / SOUL.   VG Condition    LP ,4.00,0.1543
v1|800331451857|0,"Village People Sleazy 12"" Black Vinyl LP 33 RPM Disco Casablanca NBLP-7118-3",1.99,0.1543
v1|398166993798|0,flip wilson the devil lp,6.00,0.1542
v1|168534951451|0,Epic BC 1245 (SAX 2513) Szell Wagner Tristan PROMO 1962 VG++ TO NM,5.99,0.1542
v1|398167029591|0,cover girls show me vinyl,10.00,0.1541
v1|298499670804|0,JOHN STEWART THE PHOENIX CONCERTS LIVE 1974 GATEFOLD RCA 2 LP SET. EXCELLENT,3.80,0.1540
v1|377317987989|0,Donna Summer I Feel Love UK DJ Edit Disco Synth Danny Howells Prog House Remix,19.99,0.1539
v1|298498979832|0,Bo Benton Bounce Test Pressing Dance R&B (2006) Artist Direct Gold-1  S597041,9.99,0.1539
v1|336685046012|0,Eddie Vedder - Ukulele Songs - Vinyl Record - Import,20.00,0.1539
v1|336684574948|0,Attila Featuring Billy Joel - 1970 US 1st Press “1 T” (EX) Ultrasonic Clean RARE,127.50,0.1538
v1|377336820239|0,R&B Soul 45 PRINCE CARTER Shake Me Up/Mr. Pawnshop on Go promo VG++ sonny bono,7.99,0.1537
v1|188632449181|0,Herb Alpert The Lonely Bull Vinyl LP Record 1962 A&M Latin Jazz Stereo Excellent,4.95,0.1537
v1|318568508801|0,GEORGE HARRISON Thirty-Three & 1/3 DARK HORSE LP VG+ embossed gatefold k,8.00,0.1537
v1|147432265354|0,Lovin' Spoonful Best Of LP SKAO-91102 Kama Sutra Gatefold VG+ Classic Rock,10.00,0.1536
v1|227428554919|0,The Invitations What's Wrong With Me Baby/Why Did My Baby Turn Bad NM NSoul,11.50,0.1535
v1|267726019379|0,Arlo Guthrie Arlo Rs6299 Vinyl Lp 1968,3.50,0.1535
v1|287461460202|0,Martin Denny - Exotica (1957) - Great Mono LP Record! Liberty #LRP 3034   ,10.00,0.1534
v1|298500539534|0,"1986-LEVERT , ""FASCINATION"", 12""  ATLANTIC MAXI  PROMO SINGLE , R&B SOUL",0.99,0.1534
v1|257618517839|0,"Madonna - from ""True Blue"" 25110-1    OG POSTER ONLY / NO COVER and NO LP / EX-",15.00,0.1533
v1|800329901917|0,Midoran - Mystical Night In Forgotten Sky LP,14.00,0.1533
v1|318568486820|0,BOX TOPS Dimensions BELL LP VG+ matte cover k,8.00,0.1533
v1|267726008176|0,Saxon S/T 1980 Japan Promo NM Vinyl,24.95,0.1533
v1|318568478687|0,Beatles - Introducing The Beatles LP - Vee-Jay OG Press Mono DG,14.50,0.1532
v1|298493909359|0,Hot Fudge Sunday Music for Your Spiritual Appetite LP,3.00,0.1532
v1|398167020736|0,George Duke Dream On 1982 Vinyl Record,10.00,0.1532
v1|327255031920|0,"Gene Pitney ""2 LP's"" Gene Pitney's Big Sixteen & I Must Be Seeing Things",1.50,0.1531
v1|267725886724|0,1969 ELVIS IN PERSON INTERNATIONAL HOTEL LAS VEGAS LSP-6020 2 RECORD SET,18.99,0.1531
v1|178305692089|0,THE RUMOUR LP Frogs sprouts clogs and krauts 1978 Arista VG +RECORD AND EX COV.,3.00,0.1531
v1|127971526913|0,ALBERT KING RARE LIMITED PRESSING - STAX RECORDS NUMBER 3 of 50,299.00,0.1530
v1|336685323596|0,1965 The Beatles HELP Soundtrack SMAS 2386 Vinyl Lp Stereo NM/EX FULLY TESTED,29.99,0.1530
v1|117294397536|0,DIANE TELL En Flèche 1980 FUNK SOUL POP LP Polydor #2424 217 CANADIAN IMPORT,5.99,0.1530
v1|358787852291|0,"Miracle-Level-White by Deerhoof (Record, 2023) white colored vinyl rare ",9.99,0.1530
v1|800330847742|0,"PRINCE / SIGN O THE TIMES LA LA LA HE HE HE 12"" 1987 PAISLEY",9.99,0.1529
v1|366538946310|0,1967 MOBY GRAPE LP Self Title Censored Cover On Columbia Stereo,12.99,0.1529
v1|188632056967|0,IRON MAIDEN - PIECE OF MIND - 1983 Gold Stamp Promo RARE ST 12274 CAPITOL,79.89,0.1528
v1|800321845073|0,Hamza El Din - Eclipse LP - Pacific Arts OG Press,10.00,0.1528
v1|327257859689|0,"George Clinton P-Funk All Stars If Anybody Gets Funked Up 12"" vinyl record 1996",5.90,0.1528
v1|206409574088|0,"DG 2530 828 Bruckner:Sym #9/BPO/Karajan,NM",7.00,0.1528
v1|307058810685|0,James Brown 45RPM “How Do You Stop” 1986 80s Funk Soul 7” PROMO Vinyl PS NM,3.00,0.1527
v1|178305365720|0,Average White Band - Warmer Communications LP - VG++ Promo Copy,1.00,0.1527
v1|298499791320|0,Playing For Keeps movie Original Soundtrack Japan / Japanese PROMO LP - Various,20.00,0.1527
v1|366537696918|0,Phil Collins No Jacket Required LP (1985) 81240-1,11.95,0.1527
v1|206415336468|0,THE SYLVERS – The Sylvers II | Pride PRD-0026 | OG 1973 | SHRINK | VG LP,48.00,0.1527
v1|188632433808|0,DISCO Lot Of 2 S.O.S. BAND - TAKE YOUR TIME / SHARON BROWN - SPECIALIZE LOVE NM,11.88,0.1526
v1|206409638650|0,"DG 2530 651 Tchaikovsky:Sym #4/VPO/Abbado,NM",8.00,0.1526
v1|158083690862|0,F - You Are An E.P. / Mess You Up LP 2009 punk hardcore #d 333 on Red Vinyl,10.00,0.1526
v1|366538757716|0,Drake Comeback Session LP (2007) 07DCLSC Yellow Vinyl Unofficial Release,39.95,0.1525
v1|336684974126|0,The Crazy World of Arthur Brown 1968 Track Record SD-8198 LP Vinyl,10.00,0.1525
v1|206410900847|0,CHRIS STAPLETON STARTING OVER MERCURY B0032689-01 MINT- 2LP,29.99,0.1525
v1|377336822505|0,Sweet Soul 45 GROUP FROM QUEENS Your Search Is Over/Boss Man on Veep VG+ promo,7.99,0.1525
v1|137513521729|0,MICHAEL JACKSON Beat It / Get On The Floor 1983 45RPM  EPIC Records EX,3.99,0.1525
v1|377318047709|0,🎤︎ John Mayall London - Live In Europe - British Blues Rock PS 589 LP,19.99,0.1524
v1|398165808704|0,Noel Rawsthorne/Coventry Cathedral-Organ Spectacular EMI Angel LP 1984 DS-538185,5.00,0.1524
v1|267725980908|0,Kris Kristofferson Jesus Was a Capricorn Vinyl LP Monument 1972 Stereo KZ 31909,2.00,0.1523
v1|366522568778|0,45 NOS / MAUREEN TOMSON / FLY ME TO THE MOON / AUDIO FIDELITY PROMO / LISTEN,9.99,0.1523
v1|198492109423|0,"PRODIGY - SMACK MY BITCH UP - Vinyl 12"" Single 1997 US Press Breakbeat Classic!",9.98,0.1522
v1|206408134692|0,Beatles - 1962-1966 2xLP - Apple Japan VG++ Obi,22.50,0.1521
v1|377338728909|0,"FIRESIGN THEATRE ""Don't Crush That Dwarf Hand Ne The Pliers"" 1970 LP ",9.99,0.1521
v1|318572814390|0,sharks first water  promo sample copy vinyl,3.00,0.1520
v1|327258403109|0,Hunting Lodge LP Carnivora! Eight 8 Ball Record Vinyl Vintage 1987 Import,25.00,0.1519
v1|227428554665|0,Glass Pyramid It's Time To Party / Everlasting Love 45 VG+ GP-003 GP-004 Soul,22.50,0.1516
v1|188641637946|0,THE WHO - Live At Leeds LP OG US Decca Records DL-79175/ 11 inserts EX / VG+,35.00,0.1515
v1|257618662862|0,THE JAY WALKERS. IT'S BEEN TOO LONG/OLIVE OIL. WISTERIA 101 GARAGE,9.99,0.1513
v1|377292961807|0,ELECTRIC LIGHT ORCHESTRA - A NEW WORLD RECORD - JET - REALLY NICE!!!,10.49,0.1513
v1|206393865134|0,"DG SLPM139 303 Romantic Duets/Evelyn Lear,Thomas Stewart/Werba,tulip,NM",4.00,0.1512
v1|117297354920|0,DICKEY BETTS & GREAT SOUTHERN self-titled 1977 DEBUT LP on Arista #AL 4123,9.99,0.1512
v1|377338118495|0,"Jefferson Starship – Dragon Fly - 1974 12"" Vinyl Record LP - Hollywood BFL1-0717",3.99,0.1512
v1|188622046151|0,"Fairuz – فيروز والذكريات = Reminiscing With Fairuz, EMI GVDL 32, M-/VG++, 1972",160.00,0.1511
v1|227428553207|0,Nathaniel Mayer Hurting Love / Leave Me Alone 45 VG+ Fortune UA 487 Soul,7.99,0.1511
v1|188631455275|0,"SONGS FOR THE OUT CROWD HOMER AND JETHRO, RCA Camden CAL 2137 MONO VG CONDITION ",3.00,0.1511
v1|127971525736|0,MAN OF LAMANCHA:Original Cast Recording Kapp KRS-5505 LP 1965 VG-/VG-,6.00,0.1510
v1|267725957154|0,Lynn Anderson – With Strings LP | CHS-1043 | Chart Records Stereo VG+/VG+,4.99,0.1508
v1|377336798493|0,70s Soul 45 CAROLYN HUDSON Foot Loose & Fancy Free/Don't Come Back To Me VG+,7.99,0.1508
v1|198492653749|0,NAS - GOD'S PLAN - Vinyl 2 x LP 2002 Columbia - Original US Promo!!,12.50,0.1507
v1|168531115380|0,"VINTAGE Cheri ""Murphy's Law"" 12"" Single LP VENTURE PROMO COPY ULTRASONIC CLEANED",12.99,0.1506
v1|398168047140|0,Mac Miller GO:OD AM White Vinyl Urban Outfitters Limited Edition 2LP 12”,200.00,0.1505
v1|398165823916|0,Widor Symphonies No.5 & 10 “Romane” - Daniel Chorzempa 2LP Philips 6769 085,5.00,0.1504
v1|318568478725|0,Culture Club - This Time: First Four Years (12 Worldwide Hits) LP - Epic VG++,13.50,0.1504
v1|127971525603|0,GIGI:Original Score Sutton SSU 201 LP 1958 G+/G,4.00,0.1504
v1|127971525603|0,GIGI:Original Score Sutton SSU 201 LP 1958 G+/G,4.00,0.1504
v1|318568506891|0,FLEETWOOD MAC Mystery To Me REPRISE LP VG++ gatefold k,17.50,0.1503
v1|168534982766|0,"CBS 37796 Lin Marriner Haydn Vieuxtemps Violin Ctos 1983 SIGNED VG++ TO NM,VG++",5.99,0.1503
v1|267725895914|0,SUPREMES-At The Copa-OR.1965 MONO DEEP GROOVE VG++ LP/SHRINK/STICKERS!,9.99,0.1501
v1|127971185433|0,RARE BEATLES 'CAN'T BUY ME LOVE' 1968 WHITE '..SUBSIDIARY OF.’ 45 SCRANTON SMALL,0.99,0.1501
v1|227428462367|0,"Major Records Sound Effects Volume 12 12"" Black Vinyl LP LP-1027 Stereo",5.00,0.1500
v1|327258652893|0,"Vintage Starpoint ""Restless"" Vinyl Album (1985)",1.68,0.1499
v1|366538521263|0,BADFINGER UNRELEASED AND SOME RELEASED 2 LP VG+ VINYL,20.50,0.1498
v1|158069740091|0,WILLIE NELSON / RED HEADED STRANGER ~ 1970'S PRESS SUPER NICE VG++/NM- VINYL LP,24.83,0.1498
v1|358787852836|0,"Reason to Live (Baby Blue Vinyl) Barlow, Lou sebadoh dinosaur jr colored viny",9.99,0.1498
v1|168531586057|0,"Tone-Lōc - Funky Cold Medina (12"" Single Vinyl Record, 1989, Delicious DV1004)",9.99,0.1496
v1|127971454351|0,2 Tom Scott LP 1980's Albums Lot EX/NM- Smooth Jazz Funk Fusion Sax,2.99,0.1496
v1|318571867081|0,"Howlin' Wolf – Big City Blues Monaural CM 2055, Fine Plus Condition. ",18.00,0.1495
v1|298500370546|0,Foghat  Stone Blue  EX+ W/ Stone Blue Inner Sleeve,10.00,0.1494
v1|318568513917|0,INXS Shabooh Shoobah ATCO LP VG++ SHRINK k,36.00,0.1492
v1|158077691183|0,"DOOWOP Don Mikkelsen, Edell & T-Birds Chapel of Love Deck 600 1959 PROMO HEAR IT",5.00,0.1492
v1|137507547670|0,"Dwarves Thank Heaven for Little Girls 2022 Limited Vinyl, Sub Pop.",25.00,0.1490
v1|318568478755|0,Harry Nilsson - Harry LP - RCA Victor OG Press DG VG++,8.00,0.1490
v1|278174857388|0,Funk 45 CHARLEY SIMMONS Do The Sissy/Why Should They Pay on PJ VG++,10.00,0.1489
v1|168531341830|0,The Association Greatest Hits Vinyl LP Record 1968 VG+/EX ULTRASONIC CLEANED,14.99,0.1487
v1|800321884734|0,FOREIGNER Agent Provocateur ATLANTIC LP VG++ embossed cover SHRINK k,8.00,0.1487
v1|336685160925|0,EMERSON LAKE PALMER Brain Salad Surgery 1973 1st PRESS NM- **POSTER**  Ultra/VPI,27.50,0.1487
v1|147432729844|0,ORDER FROM CHAOS Stillbirth Machine LP Gold vinyl death black metal angelcorpse,30.00,0.1487
v1|188632452586|0,"DURAN DURAN - MY OWN WAY (NIGHT VERSION) 12"" Vinyl UK RECORD Like An Angel NM",9.88,0.1486
v1|117298444155|0,Bob Dylan Blonde on Blonde vintage vinyl record 2LP set folk Rock,20.00,0.1486
v1|358788844290|0,Antonio Cartagena - Dime Que Si Rare Latin Salsa,30.00,0.1484
v1|358786291729|0,Heart Promo 2-Album Lot - Without You & Dreamboat Annie.,40.00,0.1484
v1|377338118407|0,Mystic Moods - Stormy Weekend - 1975  Vinyl Record LP - Still In Shrink,6.99,0.1483
v1|198497496650|0,BIG DEAL ROCK VENEZUELA LP QUEEN NEWS OF THE WORLD GATEFOLD,25.00,0.1483
v1|336679264479|0,"The Red Dogs  - Fix It/Tomorrow -  1969 US 7""",6.99,0.1482
v1|198492679428|0,WALKIN' LARGE - SELF. - Vinyl 2 x LP 1998 Downbeat - German Import Hip Hop!!,20.00,0.1482
v1|178297759508|0,"PRIMUS - My Name is Mud - 10"" Vinyl LP - Brown Transparent - Promo - Claypool",58.00,0.1481
v1|800321862657|0,CHICAGO TRANSIT AUTHORITY Self Titled COLUMBIA GP-8 2XLP VG+ 2-eye gatefold k,24.50,0.1481
v1|407067516778|0,"Motorhead Motorhead (live)/Over The Top (live) German 7""",17.58,0.1480
v1|257618676357|0,"Black Sheep - The Choice Is Yours "" Vinyl Record 12""",7.99,0.1480
v1|336685088101|0,LP Dimension Latina Tremenda Dimension  Salsa Velvet LBL G.F COVER EX,22.95,0.1479
v1|178305691077|0,"John Cougar American Fool 1982 LP  RVL-7501, M-record and cover , Original Inner",10.00,0.1479
v1|307052715425|0,"Louis Armstrong Hello, Dolly! LP Vinyl 12"" Kapp Records KL-1364 Mono Jazz",2.50,0.1479
v1|227428465304|0,"Production Music: Commercial Scores 12"" Black Vinyl LP Stereo C-14",5.00,0.1478
v1|327258654486|0,Archdiocesan Papal Choir In Concert LP 1979 Pope John Paul II Boston Visit BX12,3.00,0.1478
v1|318568494616|0,"CROSBY, STILLS & NASH Self Titled ATLANTIC ATL-40-033 LP VG+ germany gatefold k",8.00,0.1478
v1|800315387929|0,"FROM AMERICANA David Carradine RARE 12"" HAN-O-DISC PICTURE DISC Never Played",30.00,0.1478
v1|127971483699|0,"Emerson, Lake & Palmer, Self Titled, Atlantic Records (SD9040), 1971",6.00,0.1477
v1|188632424271|0,CANDI STATON - CHANCE Vinyl LP PROMO RECORD 1979 DISCO Funk BSK 3333 NM,8.99,0.1477
v1|318568510487|0,GRATEFUL DEAD Reckoning ARISTA 2XLP VG++/VG+ k,21.50,0.1477
v1|298505514885|0,Clint Mansell In The Wall RSD Vinyl Horror Soundtrack Complete Poster Obi VG+,35.00,0.1476
v1|318573907526|0,PAUL RODGERS Cut Loose LP Vinyl 1983 US 1st Press STERLING SRC Specialty Records,8.00,0.1475
v1|188632443268|0,RANDY HANSEN Self-Titled Vinyl LP RECORD 1980 Album HARD ROCK ST 12119 NM,9.88,0.1475
v1|267725775822|0,Confessin' The Blues Music,3.99,0.1474
v1|257618399139|0,TESLA : MECHANICAL RESONANCE : VINYL LP : 1986 : Original Shrink,49.99,0.1473
v1|236936799656|0,Italo Disco Chris Lang Disco Island 12” Single Discotto,14.99,0.1472
v1|358787398660|0,Hall& Oates Big Bang Boom Album Released In 1984 Very Good Condition,10.00,0.1471
v1|188618278907|0,Bessie Smith - You've Been A Good Ole Wagon - COLUMBIA 14079 V+,19.99,0.1470
v1|127971342228|0,NEIL DIAMOND:Moods MCA 93136 LP 1972 VG-/VG-,6.00,0.1468
v1|298490884647|0,Elton John  Honky Chateau  LP  Uni 93135  1st Press VG,5.00,0.1468
v1|147435160271|0,"1983 Mary Jane Girls / Bobby Nunn – Candy Man / Sexy Sassy 12"" Vinyl Record",5.00,0.1468
v1|377338052182|0,CLIMAX BLUES BAND TIGHTLY KNIT LP WHITE LABEL PROMO SIRE 1976 RE BONUS TRACK VG+,4.25,0.1468
v1|366538584046|0,"Quincy Punx, Get The Humans, 1993, Recess Records, Punk, FYP",30.00,0.1468
v1|147432446993|0,SOLSTAFIR / MONO 2 VINYL LOT POST METAL ,30.00,0.1467
v1|127971526064|0,"THE 5TH DIMENSION:Living Together, Growing Together Bell 1116 LP 1973 VG/VG",6.00,0.1467
v1|236938927905|0,"Italo Disco - Agnes O - Charmeurs Latin / La Nuit A Paris (Keepon) 12"" single",9.99,0.1466
v1|800321845124|0,Kiss - Dressed To Kill LP - Casablanca VG+,18.50,0.1466
v1|800321845124|0,Kiss - Dressed To Kill LP - Casablanca VG+,18.50,0.1466
v1|188632454134|0,"FAITH EVANS Feat. PUFF DADDY - ALL NIGHT LONG 12"" Vinyl Remastered RECORD NM",9.88,0.1466
v1|800321845016|0,Absolute Elsewhere - In Search Of Ancient Gods LP - Warner Bros. UK VG++,18.83,0.1465
v1|287456853287|0,KOKO TAYLOR The Earthshaker ALLIGATOR LP VG+ a,8.00,0.1464
v1|178305775688|0,"Columbia LP Record, Norman Luboff, But Beautiful, VG ",1.00,0.1464
v1|318568520874|0,JOE COCKER Self Titled A&M SP-4224 LP k,8.00,0.1463
v1|158076378844|0,Original Vintage Vinyl LP Bonnie Tyler It’s A Heartache 1978,9.99,0.1463
v1|227428459340|0,"Major Records Sound Effects Volume 21 12"" Black Vinyl LP LP-1036 33 RPM Mono",5.00,0.1462
v1|168524424818|0,"Blind Faith : Blind Faith (1969) [Steve Winwood, Eric Clapton, Ginger Baker]",23.99,0.1462
v1|117298381383|0,The Green Hornet Still at Large LP Vinyl Record 1977 Bruce Lee Tested,8.00,0.1460
v1|198492636588|0,"GAP BAND - OUTSTANDING - Vinyl 12"" Single TED 704 DJ - 1982 Original US Promo!",11.00,0.1460
v1|127971525550|0,THE STING:OST MCA 390 LP 1973 VG-/VG,6.00,0.1458
v1|168531100891|0,Victor Musical Masterpiece Series Boris Godounow Stokowski M-501 Box Set,6.28,0.1458
v1|278174886134|0,Soul Funk 45 RICKY RICKS Chained & Bound/Why Did I on Sure-Shot VG++ promo,7.99,0.1458
v1|800329267197|0,"FREE ""Heartbreaker"" - Island SW-9324  -  Orig. Vinyl LP Record",9.99,0.1458
v1|198494022899|0,Rick James & Stone City Band Funk Vinyl Lot,15.00,0.1458
v1|800329675346|0,"Village People - Macho Man. 1978 Casablanca (NBLP-7096) VG+ vinyl, w/Insert",5.02,0.1457
v1|227428645086|0,Yoko Ono Apple 45 Record Death Of Samantha 1973,5.50,0.1457
v1|366535389370|0,JEFFERSON AIRPLANE Crown Of Creation RCA VICTOR LSP-4058 LP with insert k,8.00,0.1456
v1|227427931085|0,Gruesome / Crikey Crew Japan Oi iSD 7” Vinyl Bull The Buffalo  Sledgehammer ,25.00,0.1455
v1|127971525513|0,PATTON:Original Score 20th 4208 LP 1970 VG-/VG-,6.00,0.1455
v1|800321910984|0,JOHN MAYALL Blues From Laurel Canyon LONDON LP VG+ gatefold k,9.50,0.1453
v1|800321891409|0,GRATEFUL DEAD Terrapin Station ARISTA LP VG+/VG++ k,22.50,0.1453
v1|366535372663|0,CREAM Goodbye RSO 4228236601-Y-1 LP VG++/VG+ SHRINK k,9.50,0.1453
v1|158077343531|0,Dave Grusin - Out of the Shadows - 1982 Arista GRP-5510 LP Vinyl Record,2.99,0.1451
v1|358788002699|0,"Eminem (Ass Like That) 12"" Single Vinyl,  Transparent Record ex/vg",9.99,0.1450
v1|278176202996|0,The Eagles Self Titled Debut ~Vinyl LP Asylum SD-5054 COVER & VINYL ARE VG+,10.00,0.1449
v1|168531710452|0,Tears for Fears -Everybody Wants to Rule the World/Pharaohs 45 RPM Record,3.99,0.1449
v1|307059016364|0,Rush 33RPM “Grace Under Pressure” 1984 80s Prog Rock 12” LP Vinyl Album EXC!,15.99,0.1448
v1|407068324112|0,"Madness Madness 12"" Black Vinyl LP Geffen Records GHS 4003 Original Inner",8.00,0.1448
v1|318568521957|0,JONI MITCHELL & L.A. EXPRESS Miles Of Aisles ASYLUM 2XLP VG+ gatefold k,8.00,0.1447
v1|377338118041|0,After the Fire - ATF - 1982 Vinyl Record LP - Epic FF-38282 - New Wave,4.99,0.1447
v1|336684002673|0,Northern Soul 45 PHIL FLOWER Got To Have Her/Comin Home To You on Columbia promo,7.99,0.1446
v1|336684011605|0,R&B Teen 45 JOY DAWN Hang It Up/First Time For Tears on Swan NM promo,7.99,0.1446
v1|800321853975|0,BLUE OYSTER CULT Tyranny And Mutation COLUMBIA LP VG+ k,10.50,0.1446
v1|127971525948|0,ROBIN HOOD:OST Disneyland 3810 LP 1973 G-/G,4.00,0.1445
v1|257618481821|0,"Jackson 5 w/Mick Jagger State of Shock 1984 12"" Vinyl Cover VG+/Vinyl EX",4.44,0.1444
v1|398167792295|0,"Estee Nack ReelMix (PURPLE VINYL) AL.DIVINO, BORIROCK, HIDDEN CHARACTER",60.00,0.1444
v1|366538501772|0,"THE. WHOLE DARN FAMILY  ""  SEVEN MINUTES OF FUNK "" ORIG    12""  ",40.00,0.1444
v1|298500251651|0,"The Tubes - The Completion Backward Principle 12"" Black Vinyl LP",3.20,0.1444
v1|287462137577|0,Pablo Beltran Ruiz ‎– Caliente Caliente... A Go-Go VG+ In Shrink,14.00,0.1442
v1|267725280775|0,Annie: A New Musical Original Broadway Cast Vinyl LP (1977) – Used,4.00,0.1441
v1|178303512604|0,"Columbia LP Record, Stabat Mater, Rossini, New York Philharmonic, VG ",1.00,0.1441
v1|206393865113|0,"DG 2530 142 Beethoven:Sym #6/VPO/Bohm,NM",12.00,0.1439
v1|800329528507|0,Bob Seger - Brand New Morning • Vinyl Record NM- / NM- | RARE OOP,75.00,0.1438
v1|398165810529|0,EMX 2015 Beethoven Symphony nos. 1 & 2 Eugen Jochum/LSO 1979 NEAR MINT LP. EMI,5.00,0.1438
v1|206411054835|0,"RICK DERRINGER, RARE orig WHITE LABEL PROMO LP, FACE TO FACE, WLP Promotional EX",14.99,0.1438
v1|127971423969|0,"""My Fair Lady"" Original Movie Soundtrack LP EX/VG+ Vinyl 12"" OST Cinema Stereo",2.99,0.1437
v1|377336808562|0,Northern Soul 45 CONTOURS It's So Hard Being A Loser on Gordy VG++/NM,7.99,0.1436
v1|298499600873|0,National Geographic Winston Churchill January 1965 Funeral Record-flexi-disc ,4.00,0.1435
v1|178305580004|0,"Columbia LP Record, Issac Stern,None But The Only Heart, VG ",1.00,0.1435
v1|206393865105|0,"DG 419 146-1 Mozart:Sym #30,31,32/VPO/Levine,1986 issue,NM",5.00,0.1432
v1|158077673257|0,Donovan: A Gift From A Flower To A Garden - 2LP BOX SET + Folder w/ Lyric Sheets,24.99,0.1432
v1|198487586336|0,Michael Jackson - Thriller 12” LP Gatefold Vinyl Epic 1982 NM Pitman PreSS,115.00,0.1432
v1|287456561980|0,JO ANN CAMPBELL MOTORCYCLE MICHAEL/PUKA PUKA PANTS LISTEN HERE,2.00,0.1431
v1|327258713037|0,Robin Trower ‎– Back It Up Japan LP OBI VINYL Chrysalis ‎– WWS-81615 PROMO-Mint!,34.99,0.1431
v1|318568478744|0,Fuhrs & Frohling - Strings LP - Brain Germany VG+,8.50,0.1429
v1|278156636768|0,Boz Scaggs Silk Degrees '76 US Columbia PC 33920 VG+/VG++,9.00,0.1429
v1|398165809796|0,"SIBELIUS Symphony #5, Night Ride & Sunrise - SIMON RATTLE - EMI-ANGEL LP 1982 NM",5.00,0.1429
v1|800329405013|0,"Welcome Back Cooper by Thunderball Vs Liftoff (Record, 2003) Exc Cond Vinyl",3.00,0.1428
v1|198493370381|0,Leon & Mary Russell Wedding Album 1976 1st Press VG-/VG-,0.99,0.1428
v1|278174862319|0,Girl Group/R&B 45 SESSIONS Girls Go For Guys/Chico on Guyden VG+/NM,7.99,0.1428
v1|257621970131|0,"SRC ""Milestones"" (1969) the classic psychedelic LP a legendary Detroit cult band",4.99,0.1426
v1|318568477064|0,ALAN PARSONS PROJECT Tales... 20TH CENTURY-FOX LP VG++ canada gold vinyl k,9.50,0.1426
v1|327258545112|0,Uriah Heep / Salisbury - Classic Rock Vinyl - In Shrink With OG Inner - M-/M-,3.00,0.1426
v1|267721974190|0,Great Gates 16” DEMO 33 Your Mouth’s Too Big/Papa/Please Come Back OUTTAKES HEAR,50.00,0.1425
v1|127971283750|0,Hot Tuna Yellow Fever Grunt Records 1975 EX COND,8.00,0.1424
v1|127971526437|0,THE 4 SEASONS:2nd Vault Of Golden Hits Philips PHS 600-281 LP 1966 VG/G+,6.00,0.1424
v1|327258399477|0,Bon Jovi / Self Titled Debut Album - 1984 Original With Inner Sleeve,5.52,0.1424
v1|127971526634|0,SONNY & CHER:All I Ever Need Is You Kapp KS-3660 LP 1972 VG-/G+,6.00,0.1423
v1|298500499304|0,"FRANK ZAPPA""IN NEW YORK"" ORIGINAL 1978 2 LP RELEASE-STILL SEALED",100.00,0.1423
v1|327258557563|0,Leith Stevens / The Interns Film Soundtrack - 1962 Original Mono Pressing,1.00,0.1422
v1|287456520283|0,Rosie And The Originals Angel Baby / Give Me Love Highland Records LISTEN HERE,0.99,0.1422
v1|298499806331|0,Gatecreeper Deserted Limited Color Splatter Vinyl LP Relapse Records First Press,25.00,0.1422
v1|127965236382|0,MARIQUITA & JIRO - LATIN WHISPERS - 1974 JAPANESE LP ALBUM WEAR SPINE,14.99,0.1422
v1|318568506922|0,FLEETWOOD MAC Rumours WARNER BROS LP VG+ textured cover w/ insert SHRINK k,32.00,0.1420
v1|206393865131|0,"DG 2530 410 Schumann:Humoreske;Waldszenen/Kempff,EX+/NM",2.00,0.1420
v1|287456901207|0,KOKO TAYLOR / AN AUDIENCE WITH THE QUEEN ~ 1987 Alligator 4754 - SEALED LP,10.00,0.1420
v1|318573002744|0,"Laufey Bewitched 12"" LP Vinyl Record Orange Colored Vinyl 12 Inch signed ",200.00,0.1419
v1|298505166773|0,Rob Zombie 4 LP Vinyl Lot VG+ Lords of Salem 31 Lunar Injection UFO Horror Metal,100.00,0.1418
v1|800328420566|0,Howard Jones ‎– The BBC Radio 1 Sessions 1983-1987 - 2lp - RSD only - 2023,26.99,0.1418
v1|178305769473|0,TIMES SQUARE Original Movie Soundtrack 1980 x2 LP M-Records And Cover ,12.00,0.1418
v1|227431582878|0,"1984 Slack ‎– Slack 12"" Single Record Vinyl",5.00,0.1418
v1|366535373501|0,CRYPTOPSY And Then You'll Beg CENTURY MEDIA LP netherlands repress w/ insert k,8.00,0.1417
v1|407067969848|0,"Mary Hopkin, Those Were The Days/Turn, Turn, Turn, 45rpm, Apple Records 1801",2.99,0.1417
v1|398182678100|0,VA Viva La Salsa PROFONO Latin | Salsa | Guaguanco | Celia Cruz |  LP HEAR,9.99,0.1417
v1|377336813507|0,Northern Soul 45 SAM E. SOLO Love Is Not A Game/Tears on Imperial VG++ promo,7.99,0.1416
v1|127971098943|0,Jukebox 45 & Title Strip Pet Shop Boys It’s A Sin Cleaned Tested,2.49,0.1416
v1|257618709554|0,Genesis- Self Titled- LP 1983 Atlantic A1 80116 Original Inner Sleeve,7.99,0.1415
v1|307052740854|0,Kapp Records Opera Without Words Turandot Puccini Rome SO Savino LP KCL-9000,1.00,0.1415
v1|800321882257|0,"FIFTH ESTATE Ding, Dong! The Witch Is Dead JUBILEE LP with obi k",8.00,0.1415
v1|366526153236|0,MISSION MOUNTAIN WOOD BAND Vinyl LP  In Without Knocking M2WB OU812 private NM,15.99,0.1415
v1|336684007944|0,R&B Soul 45 BUDDY SKIPPER Restless Breed/Cancel The Reservation on Deesu VG++/NM,7.99,0.1414
v1|227423913234|0,John Cougar - American Fool -1982,7.00,0.1413
v1|298494095423|0,Divine HEY YOU! LP 1988,20.00,0.1413
v1|398169839343|0,South Central Cartel - All Day Everyday - Def Jam LP VG+ RAP PROMO STEREO,49.98,0.1412
v1|287456520268|0,THE ROMANTICS  What I Like About You / A Night Like This  NEAR MINT LISTEN HERE,0.99,0.1412
v1|318568478690|0,Bad Company - Holy Water LP - Friday/Atco Blue Wax VG++ Shrink,11.50,0.1412
v1|147432614811|0,Cream Goodbye Lp gatefold  1969 Vg,3.99,0.1412
v1|398168075923|0,An Audio Obstacle Course - Shure Trackability Test Record Lp W/INSERT NM TTR-101,5.00,0.1411
v1|158077841839|0,Jaco Pastorius - Word Of Mouth Audiophile Rhino Reissue Numbered 180g Ex/Ex,25.00,0.1410
v1|366538838475|0,Sublime by Sublime 2008 Vinyl Self Titled EX/EX Play-tested Ultrasonic Clean,14.50,0.1410
v1|318573210220|0,"Isley Brothers vinyl lot (3) RARE USED GOOD Real Deal, Heart of Mine, Caravan",19.99,0.1410
v1|158077670158|0,"EDDY ARNOLD SHOW 16"" RADIO SHOW TRANSCRIPTION DISC ROY WIGGINS GUY WILLIS 1951",29.99,0.1409
v1|366538884928|0,John Mayall Moving On LP Polydor PD 5036,0.99,0.1409
v1|127965236361|0,"STEVE MILLAR & DIAMONDHEAD - 1981 SELF TITLED - MEXICAN LP WEAR SPINE, POP ROCK",14.99,0.1409
v1|158077659596|0,Joe Walsh Barnstorm Vintage Vinyl LP 1972 Dunhill Record DSX-50130,5.00,0.1409
v1|318568478684|0,Amazing Rhythm Aces - Full House/Aces High 2xLP - AMJ VG++ Poster,8.00,0.1408
v1|298499003348|0,Romeo Void - Instincts Vinyl LP - 1984 disc Columbia,6.00,0.1408
v1|800321845058|0,Genesis - In The Beginning LP - Mercury OG Press,8.50,0.1408
v1|298500653308|0,J. Geils Band Monkey Island LP 1977 Atlantic SD 19103,5.00,0.1408
v1|127966336558|0,Bonia Shur TEMPLE De Hirsch Sinai Choir LP NW Jewish Religious Kearney Barton,9.98,0.1408
v1|188632448336|0,New York Mets - The Miracle Mets Official Vinyl LP Record FCLP3040 Play By Play,7.95,0.1408
v1|188617981706|0,MARDI GRAS IN NEW ORLEANS Vinyl LP RECORD Compilation 1977 Album MG 1001 NM,9.99,0.1407
v1|236932351334|0,Alan Parsons Project  Turn of a Friendly Card~1980 Arista Records~AL-9518-EX,5.50,0.1407
v1|188630196841|0,THE HALOS Copy Cat & Nag on 7 Arts 709,5.00,0.1407
v1|178296741961|0,Ray Parker Ghostbusters Gloria Estefan DeBarge Toni Braxton SOUL R&B FUNK vinyl,2.87,0.1406
v1|178296741961|0,Ray Parker Ghostbusters Gloria Estefan DeBarge Toni Braxton SOUL R&B FUNK vinyl,2.87,0.1406
v1|188631780254|0,"Steel Pulse, Save Black Music, Elektra, ED5105,,1985, Promo, Vinyl LP ~EX, RARE!",6.48,0.1406
v1|188631788861|0,"MOODY BLUES on LP "" DATS OF FUTURE PASSED "" rock",9.99,0.1406
v1|398167136416|0,This Is Bobby Goldsboro Vinyl,5.00,0.1405
v1|318568478743|0,Frank Zappa - Hot Rats LP - Reprise Germany OG Press,8.00,0.1404
v1|267726064434|0,"Bonnie Guitar - Green, Green Grass of Home (1968 Pickwick/33 SPC-3144 LP) NM!",4.34,0.1403
v1|336684008192|0,R&B Soul 45 CLEFTONES Some Kinda Blue/How Deep Is The Ocean on Gee VG++ promo,7.99,0.1403
v1|800326936580|0,NURSE WITH WOUND  Dbl LP Gyllensköld Geijerstam And I At Rydberg's 1983 RE vinyl,25.00,0.1403
v1|206410906964|0,MEMPHIS MINNIE Blues Classics By 1964 BLUES CLASSICS OG LP VG+ Vinyl Tested,19.00,0.1402
v1|398165787033|0,Mozart Concerto No. 22 Symphony No. 24 Richter/Muti/Philharmonia EMI Angel LP,5.00,0.1402
v1|398165787033|0,Mozart Concerto No. 22 Symphony No. 24 Richter/Muti/Philharmonia EMI Angel LP,5.00,0.1402
v1|800329801906|0,"SLADE ""Play It Loud"" - Cotillion SD 9035 - Orig. Vinyl LP White Promo",9.99,0.1400
v1|137507307677|0,PETE FOUNTAIN “The Blues” (1959 Stereo Vinyl LP) EX! In Shrink Wrap!,1.99,0.1400
v1|327258671666|0,"Janis Ian LP ""Aftertones"" NM VG++ BX7",3.00,0.1399
v1|366538740693|0,"BRIAN  MCKNIGHT FEAT TONY TONI TONE ""  ANNIVERSARY ""  12"" PROMO ",15.00,0.1399
v1|178304898650|0,AMY GRANT-THE COLLECTION VINYL LP 1986-NICE CLEAN VINYL-ORIGINAL US PRESSING,21.12,0.1398
v1|178295985404|0,Shenna Easton Strut 1984 45rpm VG+ EMI America Record Engineer Wally Traugott,2.10,0.1398
v1|318568496548|0,DEAD OR ALIVE Youthquake EPIC LP VG+ SHRINK k,18.50,0.1396
v1|318568508574|0,GEORGE HARRISON Cloud Nine DARK HORSE LP VG++/VG+ k,8.00,0.1396
v1|236933970689|0,Hard Stuff - Bolex Dementia LP Record Mercury SRM-1-663 1973 Pitman Press,9.99,0.1395
v1|198494022874|0," Styx and Steppenwolf Classic Rock 4-Album Vinyl Lot",13.00,0.1395
v1|168531214917|0,Jonathan Edwards - Have A Good Time For Me Vinyl LP,5.00,0.1395
v1|198492653896|0,NAS - STILLMATIC (INSTRUMENTAL) - Vinyl 2 x LP 2002 Columbia Original US Promo!,9.98,0.1395
v1|377338324139|0,"Bruce Woolley & The Camera Club Video Killed The Radio Star 7"" Vinyl EP  1-11264",3.99,0.1395
v1|800331312565|0,BUSTER BROWN 45RPM '61 GWENN BROADWAY ON FIRE WILD R&B ROCKER STRONG VG+ VINYL,9.99,0.1394
v1|278175974837|0,BLUES 78 • Tommy McClennan • Whiskey Head Woman • Bluebird 8373 • Great!,49.99,0.1393
v1|267725809707|0,The English Beat - I Just Can't Stop It LP Sire SRK 6091 NM 1980 Record Only,2.96,0.1393
v1|117298788076|0,MICHEL LEGRAND The Windmills Of Your Mind 1969 LP on United Artists #UAS 6715,9.99,0.1392
v1|800329753753|0,Steely Dan - Can't Buy a Thrill Vinyl Record • AB-758 | 1979 Tan Labels NM-/VG+,25.00,0.1392
v1|168531392848|0,"Pair of James Brown LP's ""Gravity"" & ""Live and Lowdown at The Apollo, Vol. 1""",18.95,0.1392
v1|336684904615|0,"General Public All the Rage LP Vinyl I.R.S. SP-70046 1984 New Wave 12""",4.00,0.1391
v1|198492671277|0,Various - LOUD '95 NUDDER BUDDERS - Vinyl 2xLP 1994 Loud Records Promo Sampler!!,9.98,0.1389
v1|188632426547|0,"FUGEES (TRANZLATOR CREW) - NAPPY HEADS 12"" Vinyl 1994 RECORD Hip Hop 44 77431 NM",9.99,0.1389
v1|158076366425|0,MERCYFUL FATE - Curse Of The Pharaohs LP Satan's Nightmare SN1001,149.00,0.1388
v1|366535373806|0,DAVID CROSBY/GRAHAM NASH Whistling Down The Wire ABC LP VG+ textured cover k,8.00,0.1388
v1|158077651909|0,"GENE AUTRY 16"" RADIO SHOW TRANSCRIPTION DISC FROM SAPPORO JAPAN AFRS STATION OTR",39.99,0.1386
v1|298500584006|0,"1969-DYKE AND THE BLAZERS, ""WE GOT MORE SOUL/ SHOTGUN SLIM"", 7"" ORIGINAL SOUND",0.99,0.1386
v1|206393865127|0,"DG 135 081 Beethoven:Violin Con/Schneiderhan/Jochum,EX+",2.00,0.1385
v1|117298787717|0,V/A Capitol Disc Jockey Album February 1970 PROMO LP Cannonball Adderley etc.,9.99,0.1385
v1|318568478750|0,Genesis - The Lamb Lies Down On Broadway 2xLP - Charisma UK VG+,15.18,0.1385
v1|287451138092|0,Luis Perico Ortiz - La Vida En Broma LP Vocal: Domingo Quinones y Roberto Lugo,14.99,0.1384
v1|206409510539|0,BRUCE SPRINGSTEEN Lucky Town 1992 COLUMBIA Rock LP EX OG Inner SHRINK Tested,19.00,0.1384
v1|327257852256|0,Shai Come with Me Gasoline Alley Vinyl LP 3465,6.70,0.1384
v1|117298291458|0,"Beethoven: 9th Symphony, Ansermet/Suisse Romande, London CS.6143, UK, VG+",1.99,0.1383
v1|366535371024|0,BYRDS The Notorious Byrd Brothers COLUMBIA CS-9575 LP VG+ k,8.00,0.1383
v1|137507422390|0,"Readers Digest “Polka Party” LP Set RDA 162-A , Boxed set [Ex]",4.99,0.1383
v1|168531173058|0,"Ray Price ""The World of Ray Price"" GP-28 VG+/EX 1st Pressing Ultrasonic Clean",10.99,0.1383
v1|158083690048|0,"RAINER MARIA s/t Atlantic, Ears Ring 3 ep on LP RSD 2012 300 Made 180g vinyl emo",10.00,0.1382
v1|318568507162|0,FOGHAT Fool For The City BEARSVILLE LP VG+ k,9.50,0.1382
v1|147432496996|0,Fudge Tunnel The Complicated Futility of Ignorance LP  Vinyl Record,50.00,0.1381
v1|178298399650|0,"Simon Diaz - Un Buen Venezolano. Vinyl LP, 1989 CBS Columbia",5.00,0.1381
v1|407067909532|0,The B-52’s Self-Titled LP Vinyl 1979 Warner Bros BSK 3355 Rock Lobster OG Press,16.00,0.1381
v1|336680006974|0,The BLACKWOOD Singers GOD BLESS AMERICA Lp VG+ Gospel Series NASHVILLE TENNESSEE,4.00,0.1381
v1|127971526749|0,Art Garfunkel:Breakaway Columbia PC-33700 LP 1975 VG-/VG,1.00,0.1381
v1|366538940763|0,"Abraham Kaplan LP ""Glorious, The Songs Of Abraham"" BX7",3.00,0.1378
v1|398167131277|0,The Stylistics ROCKIN' ROLL BABY Original 1973 Avco ,8.00,0.1378
v1|327259371677|0,The Radiators – Law of the Fish (1987 Epic E 40888 Variant 1 Etchced)  Vinyl VG+,1.99,0.1377
v1|327257604357|0,"Eric Clapton in Concert, E.C. Was Here, 1975 Vinyl LP, Polydor 831 519-1",6.00,0.1377
v1|398182745838|0,CHEO FELICIANO The Singer VAYA  Latin | Salsa |  LP HEAR,9.99,0.1377
v1|178305807968|0,"the streets Hardest Way to Make 2x 12"" vinyl 1st press 2019 uk grime dubstep oop",29.99,0.1377
v1|398165791392|0,STEREO TEST RECORD Project 3/ Popular Science Monthly PR201SD LP 1967,5.00,0.1376
v1|227428672513|0,Eurythmics – 1984 (For The Love Of Big Brother) LP ABL1-5349 Vinyl Sexcrime NM!,5.99,0.1376
v1|127971525578|0,B.J. THOMAS:Raindrops Keep Fallin' On My Head Scepter SPS 580 LP 1969 VG-/VG,6.00,0.1376
v1|407068163493|0,Val Stoecklein Grey Life LP Loner/Outsider Folk,5.00,0.1376
v1|236933917490|0,"Eagles Eagles Rock Vinyl LP 12"" Stereo Asylum Records SD 5054 Black Sleeve",12.00,0.1375
v1|206393865123|0,"DG 2850 003 Chopin:Piano Con #1;Scherzo #3/Abbado/Argerich,UK,NM-",5.00,0.1374
v1|318568515706|0,JANE Together BRAIN LP germany gatefold k,9.50,0.1374
v1|336683992255|0,Crossover Soul 45 MATTHEW WHITE House Of Memories/Stone Cold Soul Sister promo,11.00,0.1374
v1|366528347269|0,Carlos Patato Valdez Ready For Freddy 1976 OG,9.99,0.1373
v1|278175564810|0,"Blondie-7""Prototype Picture Disc- Does not Play Blondie",89.00,0.1373
v1|318572984063|0,Andy Williams: Get Together With Andy Williams Vinyl LP VG+/VG+/VG,2.00,0.1373
v1|127971526535|0,TO SIR WITH LOVE:OST Fontana SRF 67569 LP 1967 VG-/VG,6.00,0.1373
v1|298500584567|0,"7"" ABC PARAMOUNT PROMO- RARE JAZZ, OSCAR PETTIFORD, LUCKY THOMPSON, BILLY TAYLOR",0.99,0.1372
v1|398182727462|0,CHEO FELICIANO Estampas VAYA Latin | Salsa | Guaguanco | Bomba LP HEAR,9.99,0.1372
v1|366538884938|0,Doucette The Douce is Loose LP Mushroom MRS 5013,0.99,0.1371
v1|278176232410|0,Don Grolnick Michael Brecker Hearts And Numbers Vinyl Album Lp,9.99,0.1371
v1|236933620773|0,J.J. Cale Travel-Log Silvertone 1306 NM- Inner Sleeve Blues Rock LP,14.00,0.1371
v1|327255249849|0,Psych Fuzz 45 MUGWUMPS Season Of The Witch SIDEWALK promo HEAR o,35.45,0.1371
v1|178305586393|0,Country Joe and The Fish Electric Music for The Mind and Body Vinyl Record LP,29.99,0.1371
v1|366535369397|0,BRIAN AUGER'S OBLIVION EXPRESS Live Oblivion Vol. 2 RCA 2XLP VG+ promo k,8.00,0.1371
v1|267725895910|0,MAHAVISHNU ORCHESTRA-Mahavishnu-OR.'84 SRC MASTER NM- LP Billy Cobham/Bill Evans,9.99,0.1370
v1|127971427267|0,"Dire Straits ""Making Movies"" Vintage Vinyl BSK 3480 1980 Original US Press VG+",19.99,0.1370
v1|236934047102|0,Ron Nagle- Bad Rice Edsel import Re lp  X-Mystery Trend,11.99,0.1370
v1|278175825511|0,"Village People Macho Man Casablanca NBLP 7096 12"" LP Stereo Black Vinyl",0.95,0.1370
v1|168524467552|0,The Concert For Bangladesh (Live 3-LP set) (1971),26.99,0.1370
v1|307053034188|0,Daryl Hall & John Oates 33RPM “H₂O” 1982 80s Synth Pop Rock 12” LP Vinyl Album,5.00,0.1369
v1|147432053823|0,DUNGEON SYNTH 2 VINYL LOT HOLE DWELLER FOG WEAVER,30.00,0.1369
v1|206410677187|0,"RARE ~ Iron Maiden – ""The Soundhouse Tapes"" - 7"" - splatter vinyl",76.00,0.1369
v1|188632072138|0,Triumph 7 Og Vinyl Lot Cheap!!,10.00,0.1369
v1|227427282805|0,"MYSTIKAL Tarantula  single  Vinyl  12""  Rare",10.00,0.1369
v1|168531611525|0,"VG MC Hammer  You U Can't Touch This (1990) Capitol Records 12"" Single Record",9.99,0.1369
v1|127971526348|0,SAMMI SMITH:Help Me Make IT Through The Night Mega M31-1000 LP 1971 VG/G,6.00,0.1369
v1|398182716415|0,ORCHESTRA HARLOW La Raza Latina FANIA Latin | Salsa | Guaguanco | Afro LP HEAR,9.99,0.1367
v1|336684013727|0,Sweet Soul/Funk 45 4TH KINGDOM Gotta Get To You/Call It Dope on Janion,67.00,0.1367
v1|318568478747|0,Genesis - A Trick Of The Tail LP - Charisma UK VG+,10.46,0.1366
v1|188632426740|0,BILL BLACK'S COMBO FOREVER Vinyl LP RECORD 1974 Album Springboard SPB 4020 NM,9.99,0.1366
v1|407067988361|0,"Chic Chic Atlantic Disco LP 12"" 33 RPM Black Vinyl Record Sealed",6.24,0.1366
v1|278175118066|0,Allman Brothers Band Idewild South Textured Cover Atco '70 VG-/VG+ Plays Mint,20.00,0.1365
v1|298500526225|0,Jefferson Airplane Bless its Pointed Little Head LIVE LP RCA LSP-4133 1968,5.00,0.1365
v1|168536334560|0,(Lot Of 7 ) 70’s & 80’s R&B Pop Vinyl Records - One Sealed! VG+,24.19,0.1364
v1|407067513299|0,AC/DC – Let There Be Rock original pressing,21.99,0.1364
v1|298500526598|0,Steve Miller Band Children of the Future LP Capitol SF-718 1968,5.00,0.1363
v1|358761817426|0,Stan Kenton - The Kenton Touch VG++ Original Stereo Capitol ST-1276 Record 1960,19.99,0.1363
v1|267725895907|0,LEE MAJORS-Unknown Stuntman-OR.1982 VG++ 45 & SLV! FALL GUY/6 MILLION DOLLAR MAN,9.99,0.1362
v1|137506967347|0,MILSTEIN BACH VIVALDI 2 Violin Concertos LP Used! SAX 5285 1967 Columbia Stereo,200.00,0.1362
v1|336684002421|0,Northern Soul 45 MARVELS FIVE Forgive Me/Don't Play No More on Uptown VG+,11.50,0.1361
v1|298498958571|0,"1959- BARBARA EVANS, "" SOUVENIRS/ PLAY FOR ME MOTHER"", 7"" RCA RECORD, 50'S POP",0.99,0.1361
v1|127965236339|0,LAURA ALEGRIA - QUIEN LO VA A SABER - 1977 MEXICAN LP ALBUM PROMO SOC TOC SOL,14.99,0.1361
v1|318568478779|0,Kinks - Arthur Or The Decline & Fall Of The British Empire LP - Reprise 2-Tone,8.00,0.1360
v1|236932385884|0,NACHTMYSTIUM Reign Of The Malicious Picture Disc AA002 Archgoat Azentrius Watain,49.00,0.1360
v1|267725805498|0,Phoebe Snow  Never Letting Go  LP Vinyl. NM/NM JC34875,1.99,0.1360
v1|377338117821|0,Mannheim Steamroller - Fresh Aire III - 1979 Vinyl LP - Gatefold die-cut AG-365,8.99,0.1359
v1|188618138896|0,Big Bill - Hell Ain't But A Mile and A Quarter - VOCALION 04532 V+,19.99,0.1358
v1|158077800179|0,Al Di Meola Cielo E Terra LP VG+ Vinyl Record Guitar Jazz Fusion Airto,10.00,0.1357
v1|117297360376|0,Phil Collins LP No Jacket Required 1985 Atlantic 81240-1-E ex with inner sleeve,15.00,0.1357
v1|407068483637|0,White Duck In Season LP Promo Embossed cover John Hiatt,5.00,0.1357
v1|366535366129|0,BLONDIE Self Titled CHRYSALIS PV-41165 LP VG++/VG+ SHRINK k,23.39,0.1356
v1|147432079543|0,Tool - Like a Dog in Heat (LP ) Live 1998 Import Europe EU Rare,39.99,0.1356
v1|227428552699|0,Dennis Landry–Miss Hard To Get/M'm M'm Good Soul Unlimited 45 NM Northern Soul,7.99,0.1356
v1|147432716640|0,Vintage flipside records advertising matchbox Traverse City Michigan,2.50,0.1356
v1|158071771699|0,Julian Lennon Now You’re In Heaven 12” Maxi Single Atlantic 1989 VG+,0.99,0.1356
v1|147436977276|0,"Original 1983 Manowar "" Into Glory Ride "" Vinyl LP Megaforce Metal 169-666",50.00,0.1355
v1|366538938538|0,1977 STEELY DAN LP “Aja” Santa Maria Pressing ABC 1st Press Gatefold,14.99,0.1355
v1|168530848880|0,"UNDISPUTED TRUTH-SMILING FACES SOMETIMES-45 RPM-7""-SOUL-GORDY 7108-VINYL-RECORD-",5.00,0.1354
v1|147431479572|0,Iron Maiden-Killers 1981 OG ST-12141 LP G/VG Capitol Harvest ,12.00,0.1354
v1|236933991528|0,"Cat Stevens ""Buddha And The Chocolate Box"" 1974 Rock LP, VG+, Orig A&M Press",1.99,0.1353
v1|147432731851|0,ORDER FROM CHAOS Dawn Bringer LP Silver vinyl death black metal blasphemy,30.00,0.1353
v1|298499935355|0,Ian Dury & The Blockheads · New Boots & Panties · Stiff  Hype Sticker Vinyl,15.00,0.1353
v1|168531720296|0,The B-52s – Funplex - Limited US Edition 2008 180g Vinyl LP Astralwerks NM,122.00,0.1353
v1|168531720296|0,The B-52s – Funplex - Limited US Edition 2008 180g Vinyl LP Astralwerks NM,122.00,0.1353
v1|267725764225|0,The Wit of John F. Kennedy At The Press Conference Vinyl Record Album NM/EX,1.99,0.1352
v1|278174879201|0,R&B Soul 45 CARL SPENCER Big City Girl/Cryin' Party on Rivoli VG+,7.99,0.1352
v1|336684012786|0,Soul Funk 45 OTIS SCOTT Groovin' Soul/Child I Love You So on Tasco,7.99,0.1351
v1|127965236397|0,"NUEVA NAVIDAD, FEAT. SASHA / CHAO / ALEJANDRA GUZMAN, 1989 MEX. LP PROMO SOC TOC",19.99,0.1350
v1|298500584789|0,"1966-THE McCOYS , "" COME ON LET'S GO / LITTLE PEOPLE"", 7"" BANG RECORD , ROCK",0.99,0.1350
v1|236934183129|0,WOMAD Music & Rhythm 2LP 1982 WEA K68045 Gabriel Townshend Byrne XTC VG+,6.50,0.1350
v1|377338118222|0,The Doobie Brothers - What Were Once Vices Are Now Habits - Vinyl Record LP 1972,4.99,0.1349
v1|287456520293|0,THE HONEYCOMBS: Have I The Right? / Please Don’t Pretend LISTEN HERE,0.99,0.1348
v1|366535366220|0,BLONDIE Self Titled PRIVATE STOCK PS-2023 LP k,12.74,0.1348
v1|298492008657|0,"Alice Creech  - Come Back, Come Back -  1971 US Picture Sleeve PS 7""",6.99,0.1348
v1|117298788065|0,V/A Oldies But Goodies Vol 6 1963 LP on Original Sound #OSR-LPS 8856 SHRINK,9.99,0.1348
v1|298500526617|0,The Kinks Give the People What They Want LP Arista AL 9567 1981,5.00,0.1346
v1|366535367147|0,BOB DYLAN Bringing It All Back Home COLUMBIA LP VG+ 2-eye k,13.00,0.1346
v1|227428375620|0,Cannibal Corpse ‘Hammer Smashed Face’ | 1993 Metal Blade 7” Red Vinyl RARE,149.99,0.1345
v1|117298652815|0,ELVIS PRESLEY - The Complete Sun Sessions 2 LP Set / 1987 US Pressing RCA,8.95,0.1345
v1|158076424684|0,John Lennon/ Plastic ONO Band Power to the People & Touch Me 45 RPM Vinyl Record,2.00,0.1345
v1|800068330806|0,Lp Record 33 1/3 the jacksons/triumph #36424 epic records,71.00,0.1345
v1|127971527339|0,ROSS TOMPKINS RAY BROWN etc. Live At Concord '77 1978 LP on Concord Jazz #CJ-51,5.99,0.1344
v1|168535485737|0,"Planet P Project-Turquoise by Planet P Project (Record, 2021)",1.99,0.1344
v1|336682552263|0,Bazzi  - Cosmic -  2018 US LP,474.99,0.1344
v1|336683610787|0,Stranger Things LP Vinyl Record Lot - 1 2 OST Season 123 Fireworks + Upside Down,489.89,0.1340
v1|366535386761|0,HEART Dog & Butterfly PORTRAIT LP VG+ gatefold SHRINK k,9.50,0.1340
v1|158077765123|0,Chvrches Love Is Dead Blue Vinyl With Signed Painted Album Cover,99.95,0.1340
v1|227423913580|0,Robert Palmer - Maybe It's Live - LP- 1982,7.00,0.1340
v1|188618285866|0,Victoria Spivey - Dirty Woman's Blues - OKEH 8351 V-,19.99,0.1340
v1|800321870337|0,DAVID LEE ROTH Crazy From The Heart WARNER BROS 25222-1-B EP SEALED k,8.00,0.1339
v1|377338117544|0,Brotherhood of Man - United We Stand (1970) Vinyl Record LP Where Are You Going,7.99,0.1339
v1|206393865119|0,"DG SLPM136 257 Delibes:Coppelia;Chopin:Les Sylphides/Karajan,tulip label,NM/EX",2.00,0.1339
v1|188632205747|0,"The Breeders Last Splash 12"" Black Vinyl Record LP, 4AD Label Rock",16.99,0.1339
v1|287456558432|0,45 RECORD - TOMMY BRUCE - OVER SUZANNE / IT'S DRIVING ME WILD. LISTEN HERE,0.99,0.1338
v1|267725819415|0,New Edition – A Little Bit Of Love | Vinyl | 1986 | MCA-23608 | VG+/VG+ promo,6.99,0.1337
v1|298496383379|0,Van Morrison LIVE  - It's Too Late.. - 1974 Gatefold White Label Promo (WLP) 2LP,39.99,0.1337
v1|188632331963|0,"""All In The Family"" Vinyl LP Atlantic Records 1971. with booklet! VG+",5.12,0.1336
v1|127971342234|0,MARTY ROBBINS:Gungfighter Ballads And Trail Songs Columbia CS 8272 LP 1959 G/G-,4.00,0.1336
v1|257618749642|0,Loggins And Messina - On Stage - 1974 PG 32848 - 2 LP Vinyl Record,3.38,0.1336
v1|407068556860|0,Wilkinson Tri-cycle Self-Titled LP Reissue Ltd Ed 180 gram SEALED Hype sticker,5.00,0.1336
v1|336685179740|0,SUPERTRAMP Even In The Quietest Moments 1977 1st PRESS  MINT- Beauty!  Ultra/VPI,29.50,0.1335
v1|336685211152|0,"Chronicle by Ccr (Creedence Clearwater Revival) (Record, 1991)",12.99,0.1335
v1|407068322524|0,West Coast Pop Art Experimental Band Volume One 2 LPs Sundazed Mono SEALED,5.50,0.1334
v1|198493904037|0,Ween “ Quebec” Reissue Black Vinyl LP VG++,71.00,0.1334
v1|206405822900|0,Herbie Mann - PUSH PUSH Vinyl LP 1971 Embryo Records SD 532 uncensored VG,5.99,0.1333
v1|206393865118|0,"DG 2721 077 Prussian & Austrian Marches/BPO Brass/Karajan,2LP set,NM",4.00,0.1332
v1|117297974455|0,The Brothers Four Sing Lennon McCartney LP orig mono Columbia 2 eye SEALED BAG,9.99,0.1332
v1|198497705660|0,Blondie Hanging On The Telephone + 2 (Demo Versions) Rare Fan Club 7” EP,60.00,0.1332
v1|168536327292|0,GARLAND JEFFREYS ~ GHOST WRITER 1977 A&M RECS (SP-4629) GATEFOLD  COVER  LP,5.99,0.1332
v1|398165813789|0,AMERICAN GRAMAPHONE SAMPLER III LP AG-366 STEREO 33 1/3. 1984,4.00,0.1331
v1|318568496420|0,DEAD KENNEDYS Fresh Fruit For Rotting Vegetables MANIFESTO LP reissue & poster k,13.50,0.1330
v1|188632438475|0,"RAKIM - HEAT IT UP 12"" Vinyl RECORD 1993 Single Hip Hop MCA12 54742 EX+",9.22,0.1330
v1|227428430398|0,"Eddie Adcock Eddie Adcock & His Guitar 12"" Vinyl LP CMH CMH-6265 1988",3.00,0.1330
v1|267725815710|0,"SEALS AND CROFTS - Down Home.         12"" Vinyl Record LP ",2.35,0.1330
v1|117298788236|0,V/A The World's Worst Records! 1983 LP on Rhino #RNLP 809 Wild Man Fischer etc,9.99,0.1329
v1|327258496560|0,The Kinks / Face To Face - Classic Rock Vinyl - 1966 OG Mono Pressing,4.25,0.1328
v1|178305754665|0,"Philips LP Record. Soeur Sourire, The Singing Nun, VG ",2.00,0.1327
v1|800325630006|0,"THE DON ELLIS ORCHESTRA LIVE IN 3 2/3/4 TIME-PACIFIC JAZZ 10123, MONO",14.98,0.1326
v1|800325630006|0,"THE DON ELLIS ORCHESTRA LIVE IN 3 2/3/4 TIME-PACIFIC JAZZ 10123, MONO",14.98,0.1326
v1|117298342112|0,"Lot of OG Vinyl / Twisters-JLLewis-ChesterLester-VA/Rock&Roll,Blues Rock/ VG+ Co",9.99,0.1326
v1|377318098821|0,🎤︎ Iggy Pop - Soldier LP Vinyl Album 1980 New Wave Punk Arista CANADIAN,9.99,0.1325
v1|257618010994|0,Vintage 1980 Original Soundtrack Strawberry Shortcake In Big Apple City Record,7.99,0.1325
v1|298500054193|0,Imperials Priority Vinyl Fairly Used Condition,10.00,0.1324
v1|377338118316|0,"Riopelle - Dangerous Stranger - Vinyl Record LP 1979 Pop Rock, Southern Rock",4.99,0.1324
v1|318568484440|0,BOB DYLAN Blonde On Blonde COLUMBIA 2XLP gatefold k,8.50,0.1324
v1|278176204686|0,The Cars ~ Debut LP - 1978 First Press Elektra 6E-135 COVER IS EX/VINYL IS VG+,12.00,0.1324
v1|127971526060|0,BOOTS RANDOLPH:Plays the Great Hits of Today Monument KZ 31908 LP 1972 VG/VG-,6.00,0.1324
v1|398167501423|0,Beach Boys Wild Honey First Press Stereo,15.00,0.1323
v1|298500584652|0,"1970-THE FANTASTIC FOUR, ""ON THE BRIGHTER SIDE OF A BLUE WORLD"" , 7"" SOUL RECORD",0.99,0.1323
v1|407068633407|0,Al Di Meola Scenario LP VG+ Vinyl Record Guitar Jazz Fusion Bruford Levin Hammer,10.00,0.1323
v1|158077350846|0,Dan Seals San Antone 1982 Vinyl LP EMI Records Shrink VG+/VG Country,4.00,0.1322
v1|800321845053|0,Everly Brothers - The Very Best Of LP - Warner Bros. OG Press Mono VG++,13.50,0.1322
v1|168531337069|0,"Roy Hamilton You'll Never Walk Alone 12"" LP Vinyl LN 3294 EX - ULTRASONIC CLEAN",9.99,0.1321
v1|800321845086|0,Hunx & His Punx - Walk Out On This World LP - Get Better Red Wax SEALED,8.00,0.1321
v1|298500049300|0,"Lost in Love [LP] by Air Supply (Vinyl, Arista Records USA)",4.99,0.1320
v1|127971234487|0,Jethro Tull - Living In The Past - EX/VG+ 1972 Prog Rock Chrysalis Sleeve GF 1ST,4.99,0.1320
v1|366541901799|0,CBS M3X 42446 YO-YO MA BEETHOVEN CELLO SONATAS 3LP DIGITAL 1987 NM,7.99,0.1320
v1|257618513044|0,Whitesnake LP 33RPM,24.99,0.1317
v1|377336803765|0,Funk 45 JOHNNY V Four Walls/Find Yourself Another Fool on Cobblestone promo,7.99,0.1317
v1|358788345215|0,The Prayer Meeting Choir - O Magnify The Lord - Private Gospel Unknown - School,15.00,0.1317
v1|188632419945|0,LADY FLASH - BEAUTIES IN THE NIGHT Vinyl LP RECORD 1976 Album Funk RS-1-3002 NM,9.44,0.1317
v1|278174861858|0,Funk R&B/Sweet Soul 45 KAREN SMALL Hey Love/Boys Are Made To Love on Venus,7.99,0.1316
v1|377342791957|0,"Nelly (Hot S**T) Country Grammar Vinyl 12"" Single Rap Universal 0121568001 Black",8.88,0.1316
v1|267725802639|0,"JOHN MAYALL –""The Turning Point"" – 1969 Polydor–24-4004 Vinyl Record LP",2.06,0.1316
v1|188630676438|0,Stevie B   Dreamin of Love  12''   Freestyle,8.00,0.1316
v1|336684917516|0,"Lipps, Inc. Pucker Up Casablanca LBL NBLP-7242 OG (1980) MINT-",19.95,0.1316
v1|188632053333|0,Philips Schumann Brendel Holliger 3LP Box Set 33 RPM Stereo 1981 675 034,20.00,0.1315
v1|178305702790|0,"SUPERTRAMP Crisis? What Crisis? A&M SP-4560 ,M- Record and Cover ",15.00,0.1315
v1|318568506091|0,EUROPE The Final Countdown EPIC LP VG++ embossed cover SHRINK k,10.50,0.1313
v1|178305897865|0,Garland Jeffreys - Ghost Writer - A&M Records (1977)  LP M-record And VG+Cover ,6.00,0.1312
v1|366535374381|0,DEEP PURPLE Made In Japan PURPLE 2XLP VG++/NM germany gatefold k,8.00,0.1312
v1|377336817747|0,R&B Popcorn Exotica 45 FLORENCE PEPPER China Rock/Lonely Lonesome & Blue on Sage,7.99,0.1312
v1|398182677309|0,RICARDO RAY + BOBBY CRUZ Lo Mejor De VAYA Latin | Salsa | Guaguanco  LP HEAR,10.99,0.1311
v1|318568519581|0,JIMI HENDRIX The Cry Of Love POLYDOR LP VG+ germany k,8.00,0.1311
v1|287456558436|0,"RAYMOND CHARLES BROWN III: get preppy UPSCALE 7"" Single 45 RPM LISTEN HERE",0.99,0.1311
v1|318568494945|0,CULTURE CLUB Kissing To Be Clever EPIC LP VG+ SHRINK k,8.00,0.1310
v1|127975118275|0,"1962 STEREO LP The Champs Great Dance Hits Challenge Tequila Twist, Limbo, MINT-",19.99,0.1310
v1|298499133896|0,"New Wave Vinyl Lot, Wall Of Voodoo, Thomas Dolby, Missing Persons, Howard Jones",20.00,0.1310
v1|267724471193|0,Steely Dan - The Royal Scam - 1980 Japan VIM-4040 OBI Insert - NM - see pics,100.00,0.1308
v1|377338308025|0,THE MIGHTY PAT Think Positive 1989 Soca VG+ VINYL LP Record USED,8.99,0.1308
v1|188631994452|0,"EDDY ARNOLD on LP "" ONE MORE TIME "" rock country",4.99,0.1307
v1|137502871304|0,"Dinah Shore...Moments Like These, LP, 1958, #LP-1719",15.49,0.1307
v1|800329578189|0,The Marquis Vinyl Record - 1970 Beaver Records - 🇨🇦 Rock,75.00,0.1306
v1|366538525162|0,"Bauhaus In the Flat Field 12"" Vinyl LP 33 RPM 4AD CAD 13",40.00,0.1306
v1|188630734461|0,Stone    Time  12''  Disco?,8.00,0.1306
v1|398182731299|0,LIBRE Tiene Calidad SALSOUL Latin  | Salsa | Charanga LP HEAR,9.99,0.1305
v1|298487953205|0,UNTITLED (ALMOST FAMOUS SOUNDTRACK)  Classic Records 2LP 200gm Vinyl LOW #240!,26.00,0.1305
v1|178305701751|0,Thompson Twins – In The Name Of Love 12″ CP-712 Dance Extension Record M-/M-,5.00,0.1305
v1|257618703053|0,The Macc Lads - 2 LP Lot - Offensive English Punk Rock albums!,40.00,0.1304
v1|358787993385|0,Marillion Script for a Jester's Tear Vinyl Album 1983 EMI ST-12269,18.95,0.1304
v1|127965236376|0,JUAN ARVIZU-RECORDANDO A JOAQUIN PARDAVE-1981 MEX LP  PROMO SOC STAINED ON COVER,14.99,0.1304
v1|800321842603|0,"AMERICAN BREED Bend Me, Shape Me ACTA A-38003 LP SEALED k",33.00,0.1304
v1|336684932017|0,LP Vicki Sue Robinson Self Titled RCA (disco Soul) MINT-,12.95,0.1304
v1|127970618184|0,Over the Rhine‎– Meet Me at the Edge of the World - 2lp - un played/oop - SIGNED,38.99,0.1304
v1|188632426877|0,EURYTHMICS - BE YOURSELF TONIGHT Vinyl LP RECORD 1985 Album AJL1 5429 NM,9.88,0.1303
v1|366522492448|0,45 POP / FONTANA / IL MONDO / DUNHILL PROMO / LISTEN,9.99,0.1303
v1|198492641991|0,"SALSOUL ORCHESTRA - OOH, I LOVE IT (LOVE BREAK) - 12"" Single 1983 Disco Funk!",9.98,0.1303
v1|327258457355|0,Red Prysock vs. Sil Austin - Battle Royal LP Vinyl (Mercury MG 20434) Hi-Fi,6.00,0.1303
v1|366535357438|0,ABBA Singles - The First Ten Years ATLANTIC 2XLP VG++ gatefold k,17.50,0.1302
v1|188632427576|0,BOSTON - THIRD STAGE Vinyl LP Gatefold RECORD 1986 Album AMANDA MCA 6188 NM,9.99,0.1302
v1|407068286617|0,Wallenstein Blitzkrieg LP Germany Later issue Pilz Laminated cover,12.50,0.1302
v1|178304878658|0,Engine Kid Everything Left Inside 6XLP Vinyl box set RSD Post Hardcore Metal ,80.00,0.1301
v1|336683997021|0,Funk/Deep Soul 45 JO-JO HAMMETT Ain't That Heavy/Next Time on Georgia VG++,7.99,0.1300
v1|307059452107|0,Little Richard | Gospel | Vinyl LP 1971 Pickwick SPC 3258 EX/VG+| Religious,6.49,0.1299
v1|158071312251|0,JAZZ The Forum Trip On Me / It's Sunday Mira 243 1967 HEAR IT,5.00,0.1299
v1|336685211728|0,Buddy Rich Both Sides Mercury EMS 2-402,8.99,0.1298
v1|227426050260|0,Warren G I Want it All Album 2 LP  White Label Hip-Hop RARE RAP WESTCOAST ,10.50,0.1298
v1|318568492677|0,COLOSSEUM II War Dance MCA LP VG+/VG++ k,8.00,0.1297
v1|227428557476|0,"Slade My Baby Left Me / O.H.M.S. 45 RPM 7"" UK Barn Records NM",7.99,0.1297
v1|168531571713|0,PSYCH Lynn Castle The Lady Barber / Rose Colored Corner LHI 17003 1967 HEAR IT,5.00,0.1296
v1|178305691908|0,"Loverboy - Working For The Weekend 12” Vinyl EP,45rpm EX RECORD AND COVER ",10.00,0.1295
v1|398167874894|0,James Brown Amazing Sensational Thrilling ,14.00,0.1294
v1|236933949756|0,Brownsville Station- Brownsville Station LP Private Stock 1977,9.99,0.1294
v1|287455605473|0,2015 Milk & Bone LITTLE MORNING Vinyl 33⅓ Record Bonalo38-LP Bonsound Canada VG+,27.99,0.1294
v1|407067715787|0,"KLAUS IGNATZEK GROUP-JACARANDA-TIMELESS 292, 1987, CLAUDIO RODITI",14.98,0.1294
v1|278176037284|0,"Less Than Jake Less Than Jake 7"" Black Vinyl Punk Single White Label Loyal Meat",13.00,0.1293
v1|127965236351|0,PEPE GONZALEZ - SONIDOS EXOTICOS - 1963 MEXICAN LP ALBUM GATEFOLD SEAM SPLIT,29.99,0.1293
v1|188630190759|0,THE RIVINGTONS Papa Oom Mow Mow on Liberty 55427,5.00,0.1292
v1|336682473211|0,The Triffids - LIVE - Stockholm -  1990 Swedish LP,39.99,0.1291
v1|318568517003|0,JETHRO TULL Aqualung CHRYSALIS LP VG+ germany textured gatefold k,11.50,0.1291
v1|188632438225|0,Sammy HAGAR SCHON AARONSON SHRIEVE Vinyl LP RECORD 1984 Hard Rock GHS 4023 NM,9.99,0.1290
v1|377337542251|0,Art Garfunkel Breakaway LP Vinyl Record PC 33700 Columbia 1975,0.99,0.1290
v1|206408134769|0,Jimi Hendrix Experience - Electric Ladyland 2xLP - Track UK VG+,305.00,0.1290
v1|127971525599|0,BORN FREE:OST MGM SE-4368 LP 1966 G/G-,4.00,0.1290
v1|298500245367|0,A Cosmic Gift - Fragments Of Time Holographic Vinyl,2.00,0.1290
v1|800330817863|0,SELENA GOMEZ LP Stars Dance 2013 Hollywood RE Gray Pink Splatter Color vinyl,10.00,0.1289
v1|377338308020|0,BB&Q BAND All Night Long CAPITOL 1982 Boogie Disco VG+ VINYL LP Record USED,8.99,0.1289
v1|336684773307|0,Linkin Park - Live in Texas - Vinyl Record - Import,30.00,0.1288
v1|178304990235|0,Black Crowes Seeing Things 1990 Live EP,19.99,0.1287
v1|127971526990|0,JUMP N THE SADDLE BAND : Self Titled VG/VG+,1.00,0.1287
v1|407067513284|0,Black Sabbath – The Best - The Ultimate In Heavy Metal Australian pressing,33.36,0.1287
v1|117298444859|0,THE STATON BROTHERS BAND self-titled 1972 DEBUT LP Epic #KE 31797 COUNTRY ROCK,9.99,0.1286
v1|267725894242|0,"Kim Carnes Mistaken Identity 12"" Vinyl LP EMI 1981 SO-17052  W/ LYRICS",5.95,0.1285
v1|158077187719|0,RACHMANINOV RAVEL BENEDETTI Concerto No.4 In G Minor LP Used! 1960 HMV ASD 255,100.00,0.1284
v1|377336798804|0,70s Soul 45 POWER OF ATTORNEY You Got Over On Me/The Boom Boom Song on Nicetown,7.99,0.1283
v1|336685436787|0,HEAVY METAL VINYL LOT OZZY PRIEST BOWIE SCORPIONS  1st Pressing VINYL LPs,100.00,0.1283
v1|336685444091|0,1977 The Beatles Rubber Soul LP Odeon Press Germany Vinyl Record,14.99,0.1283
v1|298498957717|0,"Steve Miller Band Italian X Rays Capitol 12"" Vinyl LP Rock Never Played. VG++NM",13.50,0.1282
v1|318573277758|0,Menace II Society original soundtrack vinyl promo mint ,25.00,0.1282
v1|227428464472|0,"Major Records Sound Effects Volume 4 12"" Black Vinyl LP LP-1019 Mono 33 RPM",5.00,0.1282
v1|278176174757|0,Dave Brubeck Quartet Time Out Vinyl Album Lp,9.99,0.1282
v1|366535375748|0,DOORS The Soft Parade ELEKTRA LP VG+/VG++ gatefold k,8.50,0.1282
v1|147431532825|0,"The Spencer Davis Group LP ""I'm A Man"" 1966 Nice Player!",12.00,0.1281
v1|298498745747|0,"Gravediggaz, The Pick, The Sickle And The Shovel LP - SEALED!! 1997 Original 2LP",24.59,0.1281
v1|147432479110|0,"Psycho Mass Consumption 7"" 1992 Thrash Records Grindcore Hardcore VG+/VG",23.51,0.1281
v1|227425765103|0,Ted Nugent Free-for-All Vinyl LP VG+ 1976 Epic PE 34121 Cover In Shrink,4.99,0.1281
v1|206408134778|0,Juicy Lucy - Pieces LP - Polydor Germany,8.00,0.1281
v1|377337053245|0,"JOHN TAYLOR I Do What I Do (Theme for 9 1/2 Weeks) / Jazz 45 RPM 7"" Record 1986",5.00,0.1281
v1|298500053981|0,the crusaders chain reaction vinyl,4.99,0.1280
v1|407068633145|0,Wreckless Eric Big Smash 2 LPs Stiff,5.00,0.1279
v1|198493987264|0,"Oingo Boingo - Self Titled / Only A Lad - 10"" IRS 1980 Vinyl EP w/ Lyric Sleeve",19.99,0.1279
v1|227428162609|0,El Gran Combo 5 LP 1973 EGC LPS-005 Puerto Rico Original Gatefold Salsa VG,12.78,0.1279
v1|318568512627|0,"HOLLIES He Ain't Heavy, He's My Brother EPIC LP VG+/VG++ SHRINK k",10.50,0.1277
v1|267726103621|0,"GUESS WHO ""ROCKIN' "" PREMIUM QUALITY USED LP (Vinyl cleaned EX to NM) Jacket VG+",9.99,0.1276
v1|227427521177|0,"Terry and the Pirates,  Guild Of America  Picture record. Circa 1948.",35.00,0.1275
v1|287457014161|0,Norman Granz Jazz At Philharmonic “I Surrender dear / I Got rhythm” 79rpm Record,5.00,0.1275
v1|278175913619|0,PREWAR BLUES 78 • Bessie Smith • Parlophone 2483 • Preachin’ The Blues • E+,14.99,0.1275
v1|117298560465|0,"Lot of 4 OG Vinyl /MIsham-Kinks-MBrook/Garage Rock, Soundtrack / EX - VG Conditi",9.99,0.1275
v1|307058594030|0,"Madonna, True Blue, 1986, Lp With Small Poster Insert , VG+/VG+",15.00,0.1274
v1|366538496851|0,(USED) CHUCK BERRY Wild Berrys stereo LP Vinyl Record MERCURY RECORDS ,12.99,0.1274
v1|800321858545|0,BRUCE SPRINGSTEEN Darkness On The Edge Of Town COLUMBIA LP VG+ w/ lyric insert k,8.50,0.1273
v1|800321874148|0,DOORS Full Circle ELEKTRA LP VG++ germany gatefold k,8.00,0.1273
v1|227423471712|0,Pharoahe Monch Internal Affairs 2xLP Vinyl Record Rawkus,75.00,0.1273
v1|127971525656|0,A STAR IS BORN:OST Columbia JS 34403 LP 1976 VG-/VG,6.00,0.1273
v1|178305768134|0,IAN LLOYD-3WC SCOTTI  BROS SB 7110 NO BARCODES NM/NM LP,4.00,0.1273
v1|278175924018|0,PREWAR JAZZ 78 Johnny Dodd’s Black Bottom Stompers Brunswick 3997 Joe Turner E-,29.99,0.1272
v1|158077867352|0,Original Vintage Vinyl LP Bonnie Tyler Faster Than The Speed Of Night 1983,9.99,0.1272
v1|127965236310|0,"ESTRELLAS DE NAVIDAD, SASHA / FLANS / TIMBIRICHE, 1988 MEX. 12"" EP PROMO SOC TOC",14.99,0.1272
v1|800321852177|0,BLACK SABBATH Greatest Hits NEMS LP VG+ uk textured cover SHRINK k,21.50,0.1272
v1|257612344141|0,Country Joe and The Fish  I Feel Like I'm Fixin To Die  LP   VSD 79266  NM,15.00,0.1271
v1|298500034257|0,Portugal. The Man Chris Black Changed My Life Pink Vinyl With Autographed Pic,25.00,0.1271
v1|298499797778|0,Big Brother & The Holding Company Cheap Thrills Col KCS 9700 33RPM Santa m press,8.99,0.1271
v1|206408134724|0,"Dolly Parton - Hello, I'm Dolly LP - Monument Mono",16.50,0.1270
v1|398159031442|0,"BLOOD SWEAT & TEARS ""GREATEST HITS"" LP on COLUMBIA KC-31170 1ST PRESS c.1972 EXC",6.00,0.1268
v1|206393865110|0,"DG SLPM139 380 Hawkins & Hill:Canterbury Pilgrims/Gabrieli Brass,tulip,NM",2.00,0.1268
v1|188632427359|0,"BREAKFAST CLUB Lot Of 2 - RIGHT ON TRACK / NEVER BE THE SAME 12"" Vinyl RECORD NM",11.99,0.1267
v1|227427027811|0,"MACK 10  Based On A True Story sampler clean version 12"" VINYL  RARE",12.50,0.1266
v1|267724897022|0,🎤︎ Rob Base & DJ E-Z Rock - It Takes Two CANADA Mercury Profile Rap Old School,29.99,0.1266
v1|377338117362|0,Tom Rush – The Circle Game - 1968 Vinyl Record LP EKS74018- Folk Rock,13.99,0.1265
v1|178306000673|0,"1910 Fruitgum Company , Gary Puckett & Union Gap , Elvin Bishop Lot Of 3 Albums",3.00,0.1265
v1|236932444515|0,Akina Nakamori 13 LP LOT - All VG/VG+ (US SELLER),81.00,0.1264
v1|800321847818|0,BEATLES Magical Mystery Tour EMI-PARLOPHONE LP NM uk yellow vinyl w/ booklet k,76.50,0.1264
v1|336683990134|0,70s Soul 45 BESSIE BANKS Baby You Sure Know How To Get To Me on Quality VG++ wlp,7.99,0.1263
v1|117301961091|0,"Ace  Frehley ""Spaceman""  45RPM Audiophile Clear & Grape Vinyl DOUBLE LP NM-/NM-",17.99,0.1263
v1|257614051463|0,Gary Wright The Dream Weaver Vinyl LP Record 1975 Pressing,5.00,0.1263
v1|298500584739|0,"1984- THE GAP BAND , ""BEEP A FREAK"", 7"" TOTAL EXPERIENCE  RECORD , R&B, FUNK",0.99,0.1262
v1|206406509967|0,10 ROCK / SOUL / JAZZ VINYL LP ALBUMS LOT 21,7.98,0.1262
v1|178305691821|0,"David Bromberg Band- Reckless  Abandon 1977, M-record & EX Cover Original Inner ",7.00,0.1262
v1|407068038394|0,Delaney & Bonnie D & B Together Lp,7.99,0.1260
v1|278174874517|0,Northern Soul/Funk 45 BRENDA & THE SENTRIES Don't Make Me Lie on Bee VG++,9.50,0.1259
v1|178305873319|0,Wings Over America Vinyl,6.00,0.1259
v1|206393865120|0,"DG SLPM139 020 Shostakovich:Sym #10/BPO/Karajan,NM",8.00,0.1258
v1|800331429165|0,"Three Dog Night Hard Labor 12"" Black Vinyl LP 33 RPM Rock ABC Records",3.99,0.1257
v1|298503308951|0,JAPANESE BREAKFAST For Melancholy Brunettes SIGNED B&N Summer Sky Splash Vinyl,29.99,0.1257
v1|227428457705|0,"Major Records Sound Effects Volume 29 12"" Black Vinyl LP 1044 Stereo",5.00,0.1257
v1|398165787826|0,"Mozart Violin Concerto No.3/Sinfonia In E Flat Spivakov/Bashmet, LP,NM, ASD 3859",5.00,0.1257
v1|267725615129|0,BENT FABRIC LP - Alley Cat (1962) RECORD VINYL LP EX/EX shrink,4.99,0.1256
v1|227425725458|0,"JIGGS WHIGHAM The Third Stone (1982) Bill Holman, Mel Lewis KOALA Germany",6.99,0.1255
v1|800321894865|0,HOT TUNA Self Titled RCA LSP-4353 LP SHRINK k,8.00,0.1255
v1|168531259681|0,Big Joe Williams Nine String Guitar Blues 1971 Delmark Blues,25.00,0.1255
v1|366535383682|0,FRANKIE GOES TO HOLLYWOOD Welcome... ISLAND/ZTT 2XLP VG++/VG+ gatefold k,8.00,0.1254
v1|147432551362|0,Dreams So Real Rough Night In Jericho 1988 Vinyl Arista Records,18.95,0.1254
v1|307059160780|0,GLENN YARBROUGH-BABY THE RAIN MUST FALL/IT'S GONNA BE FINE-'67 COLLECTABLES MINT,5.95,0.1254
v1|267725158304|0,Stephen Stills s/t self titled Original Vinyl Record LP Album SD 7202 1970,6.50,0.1254
v1|377316662288|0,"Queen Another One Bites the Dust 12"" Germany Vinyl Single Freddie Mercury",18.50,0.1254
v1|178304829249|0,BILLY PRESTON vinyl LP I Wrote a Simple Song 1971 Pickwick Outa-Space,5.39,0.1252
v1|158072265181|0,KISS-Creatures Of The Night Vinyl OG 1982 LP-Casablanca-NBLP 7270 -No Scratches ,19.99,0.1251
v1|398167504152|0,Journey - Escape - 1981 Vinyl -,10.00,0.1251
v1|127970961366|0,Marvin Gaye Midnight Love 1982 EX Soul LP Columbia Records,8.00,0.1250
v1|158077670975|0,Cream Disraeli Gears LP Vinyl ATCO Records SD 33-232 Rock Stereo,10.00,0.1249
v1|206406509953|0,10 ROCK / SOUL / JAZZ VINYL LP ALBUMS LOT 18,7.98,0.1249
v1|267725949918|0,Ken Griffin – Let’s Have A Party CL 1127 1958 Columbia LP Mono Play Tested! VG+,0.99,0.1249
v1|257618754742|0,PERRY COMO The Songs I Love LP RCA Victor LSP-2708 Stereo,0.99,0.1248
v1|137498133647|0,Wayne Watson Man In The Middle lp In Shrink + Bonus,7.99,0.1247
v1|318568492166|0,CHUCK BERRY The Rough Guide To... RGNET1367LP LP europe SEALED k,8.00,0.1247
v1|188614061086|0,GEORGE THOROGOOD & THE DESTROYERS - BORN TO BE BAD Vinyl LP RECORD E1 46973 NM,9.99,0.1247
v1|336679252684|0,"Lita Ford  - Kiss Me Deadly -  US Picture Sleeve PS 7""",6.99,0.1246
v1|188632416932|0,SANFORD & TOWNSEND DUO-GLIDE Vinyl LP PROMO RECORD 1977 Album BSK 3081 NM,9.44,0.1245
v1|127971517534|0,YEASAYER “O.N.E.” (2010 LP) Secretly Canadian w/inserts Vinyl NM,8.99,0.1245
v1|117298266901|0,Lot of OG Vinyl / BTO-N.Lofgren-Montrose-Rhino / Classic Rock / VG+ Conditi,9.99,0.1245
v1|188632157919|0,Funk Soul - Carla Thomas Sam & Dave Double Dynamite - Stax - Bundle Oldies 60’s,9.99,0.1245
v1|366535371605|0,CAT STEVENS Footsteps In The Dark A&M LP VG++ SHRINK k,8.00,0.1244
v1|800321844723|0,B.B. KING Indianola Mississippi Seeds ABC LP gatefold k,9.00,0.1244
v1|398167801867|0,"The Rolling Stones, Now! (US) 1965 Stereo / First Edition Vinyl LP (PS 420)",19.99,0.1243
v1|227427492263|0,Dj Butch Wax Dj Flare Hill Billy Brayks Dj Qbert DirtyStyle Vinyl Rap Hip Hop ,20.00,0.1243
v1|318568496295|0,DAVID LEE ROTH Eat 'Em And Smile WARNER BROS LP VG++ promo k,10.50,0.1242
v1|336685099488|0,"Led Zeppelin, Led Zeppelin III, 1970 1st Atlantic Stereo, SD-7201 - NM",20.50,0.1242
v1|407066874215|0,Slim Gaillard & Bam Brown on CLEF OIV,5.00,0.1241
v1|127971526660|0,THE RIGHTEOUS BROTHERS:Souled Out Verve V6-5031 LP 1967 VG/VG-,6.00,0.1241
v1|336684013866|0,Sweet Soul/Funk 45 FREDDIE WATERS Love Is A Strange Thing on Ref-O-Ree NM,7.99,0.1240
v1|377338308028|0,JULIE LONDON Make Love To Me LIBERTY Vocal Jazz VG+ VINYL LP Record USED,8.99,0.1240
v1|298499809766|0,"Into the Gap [LP] by Thompson Twins (Vinyl, Arista Records USA)",4.40,0.1240
v1|298499803414|0,"Power Station Get It On Japan / Japanese PROMO twelve inch 12"" single",15.00,0.1239
v1|188630640221|0,CHRISTY LANE  The Sweetest Voice This Side of Heaven Heart-Touching Songs LP VG ,4.00,0.1239
v1|227427051370|0,Memphis Bleek Coming of Age 2xLP (VG+/G+/Shrink) Lp Vinyl Record ,10.00,0.1239
v1|227428264784|0,Joni Mitchell – Hejira LP 7E-1087 Vinyl 1976 Embossed Gatefold 1st Press NM!,25.00,0.1238
v1|327258449111|0,America - America LP Vinyl Record (A Horse With No Name) Warner Bros. 1971,8.00,0.1237
v1|198492640617|0,"MARY J BLIGE - YOU DON'T HAVE TO WORRY - Vinyl 12"" Single US 1993 w/ Shrink!!",9.98,0.1237
v1|278174885263|0,Soul Funk 45 JOE WADE Take Care Of Your Business/Wait on Wade unknown,7.99,0.1237
v1|188631782666|0,"Rege Burrell, Say It Again, Portrait, RAS2192, Stereo, 33 1/3, Promo, Excellent!",8.40,0.1235
v1|267726036852|0,THE MONKEES Headquarters LP Stereo Colgems COS-103 1967,4.95,0.1235
v1|318568507355|0,FOREIGNER Double Vision ATLANTIC LP VG+ SHRINK k,8.50,0.1235
v1|227428167377|0,Misfits Walk Among Us Vinyl,474.00,0.1235
v1|366538686984|0,"Dipole Moment, 7"" ep, Father Time Records, Carolinaland",5.00,0.1234
v1|267725206949|0,AC/DC - Let There Be Rock - 1977 Japan with OBI and Insert - NM - lots of pics,90.00,0.1233
v1|206406512490|0,10 ROCK / SOUL / JAZZ VINYL LP ALBUMS LOT 13,7.98,0.1233
v1|800069781835|0,Lp Record 33 1/3 molly hatchet/beatin the odds #36572 epic records,0.99,0.1233
v1|198494034242|0,ZACH BRYAN THE GEAT AMERICAN BAR SCENE WARNE 2LP MINT- LP,29.99,0.1233
v1|318568502382|0,DOORS Weird Scenes Inside The Gold Mine ELEKTRA 2XLP VG+ gatefold k,22.50,0.1233
v1|227427962703|0,Serato Lost Your Marble Vinyl Record X2 L@@K!,50.00,0.1232
v1|377336799392|0,70s Soul Funk 45 JUDD Share Your Love/Star Eyes on Fantasma VG++,7.99,0.1232
v1|366535383969|0,FREEWHEELIN' Self Titled FORCE FRC-1001 LP VG+ SHRINK k,9.45,0.1232
v1|198493978862|0,The Beatles - Abbey Road 1969 Vinyl LP - 1st UK Pressing No Her Majesty EX VG+,135.00,0.1231
v1|407066006823|0,HEAR - Rare Northern Soul 45 - Du-Ettes - Please Forgive Me - One-derful # 3085,9.99,0.1231
v1|198492590908|0,NURSE WITH WOUND Dbl LP Homotopy To Marie 1982 Rotorelief RE  vinyl,25.00,0.1231
v1|398165788807|0,EMX 2020 Beethoven Symphony no. 7 Coriolan Overture. Eugen Jochum/LSO EMI NM,5.00,0.1231
v1|318568481286|0,BEE GEES 1st ATCO LP mono k,13.50,0.1231
v1|267726039547|0,"Dirty Vegas ""Walk Into The Sun"" EP",9.99,0.1229
v1|127965236336|0,"GRUPO I - TROPI-ROLLO - 1988 MEXICAN LP ALBUM PUNCH HOLE COVER, CUMBIA",14.99,0.1229
v1|287456520285|0,"ARETHA FRANKLIN - ""Think""/ ""I Never Loved a Man"" - Atlantic Oldies LISTEN HERE",0.99,0.1228
v1|287456520278|0,Fats Domino - Blue Monday/I'm Gonna Be A Wheel Someday  LISTEN HERE,0.99,0.1228
v1|377318128763|0,🎤︎ * sealed * BOOGIE DISCO FUNK - GRACE JONES - JA GUYS - ISLAND ( ll cool j ),12.99,0.1228
v1|307051284643|0,"Michael White “Michael White” Stereo Vinyl = VG:VG+ 12"" LP Record Rock,Hard Rock",2.50,0.1227
v1|147432799333|0,DUBSET - FLESH MADE WORD Vinyl LP PROMOTIONAL RECORD 1984 Album 60347-1 NM,8.99,0.1227
v1|407066099314|0,Status Quo Self Titled Lp,8.99,0.1226
v1|178305457430|0,"The Party Timers, Bring It On Home / Jole Blon 45 EX- TX Swamp Soul Port Arthur",40.00,0.1224
v1|800331140860|0,"Deutsche Grammophon Romeo and Juliet 12"" Vinyl LP 33 RPM Stereo Ozawa SFSO",3.99,0.1223
v1|206410755793|0,JAMES FRY - Tumbling Down / Still Around HI RECORDS NORTHERN SOUL 45 VG+,15.00,0.1223
v1|307058815162|0,A Flock of Seagulls 45RPM “Wishing” 1982 80s New Wave Synth-Pop 7” Vinyl PS NM,4.00,0.1223
v1|206408134718|0,Dennis Wilson - Pacific Ocean Blue LP - Caribou VG+,27.00,0.1223
v1|398182733859|0,ROBERTO ROENA Gold FANIA Latin | Salsa | Guaguanco  LP HEAR,14.50,0.1223
v1|227425923107|0,"Collectible Oscar Peterson, Soft Sands Vinyl, LP, Album, Verve Records MG V 2079",9.99,0.1222
v1|336685204104|0,FIRST TIME THE COUNT MEETS THE DUKE Columbia CL 1715,2.99,0.1222
v1|398167105970|0,"Dale Bozzio - Riot In English - LP Gold Stamp Promo, VG Vinyl",5.00,0.1222
v1|127971104421|0,Jukebox 45 & Title Strip Warrant Blind Faith Cleaned Tested,2.49,0.1222
v1|127969925277|0,INXS Shabooh Shoobah Atco LP New Wave OZ Pop Rock DON'T CHANGE Michael Hutchence,9.98,0.1222
v1|178305691587|0,"EUROGLIDERS: this island COLUMBIA 12"" LP EX Record And M- Cover ",10.00,0.1222
v1|257614344206|0,"4 Lot Punk/Crossover.   PLASMATICS, CRO-MAGS, SACRILEGE, ACID REIGN",180.00,0.1222
v1|298499930918|0,Various Artists Lp Original Old Gold On Sunset Vinyl Record,3.00,0.1222
v1|206408134738|0,Fontaines D.C. - Skinty Fia LP - Partisan Red Wax Ltd. SEALED,19.50,0.1221
v1|398166996326|0,Frank Zappa - Waka/Jawaka - Hot Rats 1972 OG,20.00,0.1221
v1|377336810701|0,Northern Soul 45 JIMMY RADCLIFFE My Ship Is Comin' In on Aurora VG++/NM promo,7.99,0.1220
v1|267726055787|0,Gordon Lightfoot - Endless Wire (LP),3.50,0.1219
v1|227428106770|0,Tiny Tim Vinyl,30.00,0.1218
v1|127971525694|0,ANDRE KOSTELANETZ:Never Can Say Goodbye Columbia KC 33550 LP 1975 VG/VG,6.00,0.1218
v1|377318085225|0,🎤︎ Eric Clapton - Slowhand SLOW HAND RSO LP - Classic Blues Rock,9.99,0.1218
v1|168531744831|0,"CROWN HEIGHTS AFFAIR~""EVERY BEAT OF MY""~Orig. 1975~FUNK~SOUL~DISCO~7'' 45rpm~M-",0.99,0.1216
v1|158077598295|0,Original Vintage Vinyl LP Record Wham! Fantastic 1983 George Michael,9.99,0.1216
v1|336656797600|0,Lot of 9  Vinyl Albums 60s & 70s R&B Funk Soul  -Redding - Supremes -McGriff ...,34.00,0.1216
v1|236933957804|0,The Beatles: Please Please Me [LP] 1995 Mono Reissue Record Capitol New /Sealed,9.50,0.1216
v1|377338118767|0,Outlaws - In the Eye of the Storm - Vinyl Record LP - 1979 - Arista  - AL 9507,8.99,0.1215
v1|117294264359|0,Moloko WLP promo 2 LP set Do You Like My Tight Sweater PRO-A-8983-A ex,16.00,0.1214
v1|398182719143|0,ORQUESTA BROADWAY Pasaporte COCO Latin | Salsa | Charanga | Afro LP HEAR,9.99,0.1214
v1|188631505769|0,def leppard vinyl,20.00,0.1214
v1|800327001053|0,"Fake History by Letlive (Record, 2012) Double Black LP Rare",45.00,0.1213
v1|127971526134|0,THE ASSOCIATION:Greatest Hits! WB WS 1767 LP 1968 VG/VG,6.00,0.1213
v1|188632432337|0,"R. KELLY & JAY-Z TAKE YOU HOME WITH ME A.K.A. BODY 12"" Vinyl PROMO RECORD 15533",9.99,0.1213
v1|117298311878|0,BARCLAY JAMES HARVEST Octoberon 1976 LP MCA #MCA-2234 PROG ROCK Embossed Cover,9.99,0.1213
v1|336684904855|0,BILLY J. KRAMER & DAKOTAS I'LL KEEP YOU SATISFIED 1964 MONO Lp 9273 Near Mint NM,10.99,0.1212
v1|307058676287|0,Ian Dury / Lord Upminster Polydor PD16337  1981 VG++,5.99,0.1212
v1|398165865247|0,Mothers of Invention Freak Out! Verve Records V6-5005-2 1966 Vinyl Zappa Rare,19.00,0.1212
v1|127971526374|0,KENNY RANKIN:Like A Seed Little David LS 1003 LP 1972 G+/VG,4.00,0.1211
v1|206410033266|0,Chuck Berry's Golden Decade LP (1972) 2CH-1514 Chess Records,11.95,0.1211
v1|227430402616|0,"Truth Decay by You Me at Six (Vinyl LP, 2023)",45.00,0.1210
v1|257618748478|0,Roy Orbison Sings Don Gibson LP Vinyl Record Country Pop 1965 Original Album,2.81,0.1210
v1|227427539317|0,DIRE STRAITS-  Money For Nothing LP Lyric Inner Sleeve 1988 NM Club,9.99,0.1210
v1|377337888441|0,RONALD S. MARQUISEE Electronic Music V.1 LP Moog Synthesizer CORELLI JACOBS,7.99,0.1209
v1|236932915671|0,IRON BUTTERFLY vinyl LP In A Gadda Da Vida 1968in RARE mint condition,17.76,0.1209
v1|298500406886|0,Beatles '65 1st Press MONO Vinyl LP,4.25,0.1209
v1|158069908236|0,U2 Achtung Baby 180 Gram Red/Blue Vinyl 2LP 30th Anniv Ltd Ed NM/ NM Orig Shrink,21.50,0.1208
v1|336685131482|0,Maynard Ferguson M.F. Horn 3,2.99,0.1208
v1|127971432824|0,"Heather B. - Steady Rockin 12"" Single 2002 VG Vinyl DJ Premier Hip-Hop Rap",2.99,0.1208
v1|318568502476|0,DRAGON Are You Old Enough PORTRAIT LP VG+ k,8.00,0.1208
v1|127971525706|0,THEM:Them Parrot PAS 71005 LP 1965 G+/VG-,4.00,0.1207
v1|398165791880|0,WAGNER GOTTERDAMMERUNG Sir Georg Solti 5 LPs LONDON Digital Remaster 414 115-1,10.00,0.1207
v1|267725857973|0,Godspell-Bell Records 1102-Stereo-1971-G,1.99,0.1207
v1|800329606315|0,"Pink Floyd ""A Nice Pair"" 2-LP Set W/Inserts Vintage Harvest Records SABB-11257!",22.00,0.1207
v1|257618689727|0,Roy Loney & The Phantom Movers- Out After Dark VG+/G+ Ultrasonic Clean 1979,4.99,0.1206
v1|287461853451|0,MARTY ROBBINS ~ TONIGHT CARMEN  ~ 1966 STEREO LP ,7.80,0.1206
v1|188632430443|0,"THE CHOSEN FEW - FUNKY JUMPY MUSIC 12"" Vinyl 1994 RECORD MX 2016 EX+",9.77,0.1206
v1|127971525981|0,MAN OF LAMANCHA:Original Cast Recording Kapp KRS-5505 LP 1965 G-/VG,4.00,0.1206
v1|398167824951|0,KISS Animalize Vinyl Record LP Mercury 1984,29.99,0.1205
v1|227428458863|0,"Major Records Sound Effects Volume 24 12"" Black Vinyl LP LP-1039 33 RPM Mono",5.00,0.1205
v1|278175925979|0,PREWAR BLUES 78 • Bessie Smith • Parlophone 2482 • Soft Pedal Blues • E/EE-,16.99,0.1205
v1|257618737608|0,GENTLE GIANT Pretentious For The Sake Of It 2 LP VERTIGO 6641 629 1977,19.95,0.1204
v1|117297954040|0,Andy Williams Lot Of 7 Lp Vinyl Record Albums Ex Condition,20.00,0.1204
v1|198492669551|0,Various - HIP HOP CLASSIC VOL. 2 - Vinyl 2xLP 1996 Priority Hip Hop Compilation!,18.50,0.1202
v1|188631111553|0,"Dan Hill  longer fuse, LP Record 20 Century Records, T-547 , 1977 VG Condition ",4.00,0.1202
v1|366538504169|0,"LOLEATTA  HOLLOWAY  "" LOVE SENSATION ""  ORIG  12"" ",12.00,0.1202
v1|178305359518|0,"Grover Washington, Jr. - Come Morning"" - LP",3.00,0.1201
v1|137507132445|0,"AFRICAN / EXOTICA LP ""CONGO PERCUSSION"" VARIOUS ARTISTS ( OMEGA 1959 )",9.99,0.1201
v1|318568486661|0,BOSTON Self Titled EPIC PE-34188 LP VG+ k,18.48,0.1201
v1|168525739086|0,"KISS PROMO RECORD 1980 CASABLANCA (NBL 7225) ""UNMASKED"" POSTER + RARE ORDER FORM",35.00,0.1201
v1|127965236319|0,EL SUPER SHOW DE LOS VASKEZ -1984 SELF TITLED- MEXICAN LP ALBUM TRANSLUCENT WAX,14.99,0.1201
v1|267725819319|0,"MAC DAVIS ""Baby Don't Get Hooked On Me"" 1972 Vinyl LP  **PC 31770",2.25,0.1201
v1|298499803614|0,Paul Winter        5-LP's       NM or as Described        1968-1986,22.00,0.1201
v1|318568478685|0,Atomic Rooster - Made In England LP - Elektra VG++,8.00,0.1200
v1|377324318291|0,Rare Soul 45 The Scarfs Give a Little Try / The Jerk ARC PROMO,9.99,0.1200
v1|227428463873|0,"Major Records Sound Effects Volume 5 12"" Black Vinyl LP LP-1020 33 RPM Mono",5.00,0.1200
v1|127965236318|0,ANGELES - LA LOCA CUMBIA - 1992 MEXICAN LP ALBUM PUNCH HOLE COVER + INSERT SOC,14.99,0.1200
v1|117302572914|0,LOS DOS RANCHEROS  MAL PAGADORA/AGUA QUE MIRAS CORRER   45 Rpm ULTRA RARE USED,14.99,0.1199
v1|318568513348|0,HOT TUNA The Phosphorescent Rat GRUNT LP VG+ gatefold k,8.00,0.1199
v1|198494022906|0,Bonnie Raitt & Meat Loaf Blues and Arena Rock 4-Album Vinyl Lot,8.00,0.1198
v1|336685238354|0,"Jade Warrior - Released LP, Vertigo VEL-1009 VG  Record",5.50,0.1197
v1|188618432929|0,Duke Ellington - Drop Me Off At Harlem - BRUNSWICK 6527 V+,19.99,0.1197
v1|278176202967|0,Curtis Mayfield ‎– Superfly LP 2022 GOLD color vinyl die cut jacket R1 524044,18.00,0.1196
v1|298500584593|0,"7""  O.K.  RECORD LABEL, KACEY -""HANDS OFF / BURNIN IN MY SOUL"" , JAZZ FUSION,",0.99,0.1196
v1|127971435798|0,"Ritchie Havens - Mixed Bag LP 1966 VG/VG+ Vinyl 12"" Blues Folk Rock Woodstock",0.99,0.1196
v1|206411094752|0,DICK DALE & HIS DEL-TONES SURFERS' CHOICE DELTONE DT 1886 LP,28.99,0.1195
v1|366538984702|0,"Joe Bennett & Sparkletones 45 ""Boys Do Cry / What The Heck"" Promo AU4",0.99,0.1195
v1|127971527255|0,PETE CANDOLI Moscow Mule 1966 LP on Decca #DL 4761 PROMOTIONAL COPY Jazz,9.99,0.1195
v1|407067910074|0,"Jimmy Bowen, Warm Up To Me Baby/I Trusted You, 45rpm, Roulette Records R-4010",2.99,0.1195
v1|117302749217|0,Lp-USSR.Melodiya.Beethoven-Violin concerto-Leonid Logan.NM,19.00,0.1195
v1|158082415317|0,CLASSIC ROCK 70'S & 80'S ALBUMS LOT OF 6 Vinyl LP - LOOK@@@@,23.88,0.1195
v1|227428482704|0,"The Statler Brothers Christmas Card 12"" Vinyl LP Mercury SRM-1-5012 Promo Stereo",6.00,0.1195
v1|298500192906|0,"Bad Company - Rough Diamonds 12"" Black Vinyl LP Swan Song Cardboard Sleeve",3.92,0.1195
v1|800329710669|0,Julian Lage Vinyl Lot - The Layers & View With A Room • NM-/NM-,20.00,0.1194
v1|127974579151|0,"CARLA BONOFF, Carla Bonoff Debut On Columbia 1977.  VG+/VG",4.69,0.1194
v1|287457396153|0,NIRVANA Bleach SUB POP 2XLP 180g 2016 reissue gatefold w/ booklet,19.00,0.1193
v1|336685066366|0,Arlo Guthrie: Alice’s Restaurant LP Vinyl,19.99,0.1193
v1|377341207405|0,NOFX Half Album LP punk rock rancid lagwagon bad religion pennywise green day,59.99,0.1192
v1|377341207422|0,NOFX Half Album LP punk rock rancid lagwagon bad religion pennywise green day !,22.99,0.1192
v1|168531620957|0,"Uzi Morning Train/Where Were You Last Night 7"" Decca Promo Psychedelic Rock",12.99,0.1191
v1|307058877221|0,"Jonny Chingas Pachuco Volume 1 12"" LP *DAMAGED* Rulie Garcia Oldies Chicano Soul",30.00,0.1190
v1|206414358127|0,THE BYRDS NOTORIOUS BYRD BROTHERS 1970 USA COLUMBIA VINYL LP  CS 9575 EX / EX,30.00,0.1190
v1|188632425486|0,DIGITAL IMPACT Reggae Vinyl LP RECORD 1998 Compilation JAMAICA BWLP-0014 NM,9.99,0.1190
v1|398167975694|0,Shostakovich/Haitink/Concertgebouw Symphony No.8 London Digital LDR 71121 LP,30.00,0.1190
v1|298500479594|0,Average White Band - AWB Self Titled LP Vinyl Record . SD-7308,9.00,0.1190
v1|158077214592|0,Yes ‎ ~ Close To The Edge ~  Vintage 1972 LP   Atlantic – SD 7244,3.99,0.1190
v1|267727607513|0,THE TANNAHILL WEAVERS LP Lot of 3 - PASSAGE - IV - S/T All Excellent to N-Mint,1.99,0.1189
v1|147432379491|0,Pink Floyd Dark Side Moon LP Mid 1970’s Harvest GENE Master Artisan VG+ No Cover,45.00,0.1189
v1|188632426832|0,THE BOOMTOWN RATS - IN THE LONG GRASS Vinyl LP RECORD 1984 NEW WAVE FC 39335 NM,9.99,0.1189
v1|307059502362|0,"1975 Freddie Fender Wasted Days & Wasted Nights 12"" Vinyl  Record Album",4.99,0.1189
v1|398165810173|0,BEETHOVEN SYMPHONY #4 Leonora Overture #3 LP LSO/Eugen Jochum EMI EMX2017 NM,5.00,0.1189
v1|257618638212|0,vinyl record album soundtrack Hustle & Flow Atlantic Hard Out There for a Pimp,99.99,0.1188
v1|318568503570|0,ELECTRIC LIGHT ORCHESTRA Out Of The Blue JET 2XLP VG+ gatefold k,8.50,0.1188
v1|398167029954|0,Baja Jed Lp ,10.00,0.1188
v1|398182730173|0,LAS SIENTE POTENCIAS Smokin TR Killer! Latin | Salsa | Jazz  LP HEAR |,22.50,0.1187
v1|336683993739|0,Deep Soul 45 UPTIGHT SOUND CREATION Blind Am I/One For L.U.V.(Love) on Mercury,7.99,0.1187
v1|147431197247|0,GHOST BATH / FALLS OF RAUROS 2 VINYL LOT,30.00,0.1187
v1|236933959932|0,BEATLES VI UK Export LP Parlophone CPCS 104 OG 1966 YEEX A/B,51.00,0.1187
v1|188631112993|0,Billy Grammer Country Favorites 1968 Vinyl LP Vocalion Stereo VL73826 G+To VG ,3.50,0.1186
v1|800330778995|0,batdorf & rodney - Off The Cuff- Original Gatefold  Vinyl Vg+ Cond,3.99,0.1184
v1|307059579039|0,“The Five Keys On Stage”  LP on Capitol T-828 Promo ( Thumb Cover)  1957 BV 800$,249.99,0.1184
v1|377338118283|0,"Jerry Lee Lewis, Charlie Rich, Carl Perkins - Trio - Sun Records - Vinyl Record",9.99,0.1183
v1|307059832026|0,STROLLERS 45 NOBODY BUT YOU /THAT LOOK IN YOUR EYE Northern Soul R&B Doowop NM,5.99,0.1183
v1|278174870059|0,Northern Soul 45 MAJORLETTES Too Hot To Hold/There Ain't Enough Time on Mercury ,7.99,0.1183
v1|227431006970|0,Big Boys Lullabies Help the Brain Grow LP with Lyric Sheet Insert x-mist Reissue,20.00,0.1182
v1|188632157303|0,Latin - Rigo Tovar En La Cumbre - Nova Vox - Ranchera Norteno Cumbia Bolero,16.50,0.1181
v1|267725591579|0,Gay Songs Of Ukraine Album,6.80,0.1181
v1|336687271019|0,ANDREW LLOYD WEBBER Jesus Christ Superstar 1970 Decca 1st Press DXSA7206 EX/VG+,4.99,0.1180
v1|336683996969|0,Funk Rock Breaks 45 BLACK OAK ARKANSAS Hot & Nasty on Atco VG++ 1-sided promo,7.99,0.1180
v1|127975131680|0,JOHN LENNON ~ ROCK 'N' ROLL 1975 APPLE RECORDS (SK-3419) LP,8.99,0.1180
v1|336685041642|0,GEORGE SHEARING TRIO FEAT VERNEL FOURNIER DRUMS RECORDS LATIN SOUL LP HEAR ,7.77,0.1179
v1|158083770359|0,"Charlie Rouse LP, Takin' Care of Business, Jazzland 919S OJC 491, M-",29.99,0.1178
v1|318568507665|0,FREE Fire And Water A&M SP-4268 LP VG++ k,15.50,0.1178
v1|318568507632|0,FREE Fire And Water A&M SP-3126 LP VG++ k,8.00,0.1178
v1|800321861495|0,CAPTAIN BEYOND Self Titled CAPRICORN CP-0105 LP lenticular cover k,20.50,0.1178
v1|398165823697|0,Giuseppe Verdi:La Traviata~Renata Scotto~Gianni Raimondi~Antonio Votto 2LP,5.00,0.1177
v1|398165823697|0,Giuseppe Verdi:La Traviata~Renata Scotto~Gianni Raimondi~Antonio Votto 2LP,5.00,0.1177
v1|178305303081|0,ELVIS PRESLEY HOW GREAT THOU ART-1967 GEME STEREO LSP 3758 IMPORT VINYL LP,18.99,0.1177
v1|267725935047|0,M Pop Muzik 45 1979 Sire Records VG+ Classic New Wave Hit,0.99,0.1176
v1|257618349493|0,THE CHARLATANS - SELF-TITLED (1983 Eva label repress) MONO from France,16.50,0.1176
v1|206406495545|0,10 ROCK / SOUL / JAZZ VINYL LP ALBUMS LOT 25,7.98,0.1175
v1|407066691164|0,Victor 20964-A/20964-B Gene Austin Are You Thinking Of Me/My Blue Heaven,10.28,0.1175
v1|318568481981|0,BIG BROTHER & THE HOLDING COMPANY Cheap Thrills COLUMBIA LP VG+ 2-eye k,20.50,0.1175
v1|287456520309|0,"The Drifters "" Under the Boardwalk / Ruby Baby "" 45 vinyl record LISTEN HERE",0.99,0.1175
v1|188637051422|0,The Storytime Tellers Tom Sawyer 1977 TIL Records Vinyl LP 33RPM Stereo TIL-499,10.00,0.1175
v1|377336809465|0,Northern Soul 45 FRED WATERS Singing A New Song/I Love You on Ref-O-Ree NM,10.50,0.1175
v1|278170560209|0,BRIAN AUGER'S OBLIVION EXPRESS     Lot Of 3 Vinyl Record LPS     VG TO VG++,4.99,0.1175
v1|206410973144|0,49 WINCHESTER FORTUNE FAVORS THE BOLD RED SPLATTER VINYL MINT- LP,39.99,0.1174
v1|358785607337|0,Weigedood There's Always Blood At The End Of The Road.,13.00,0.1173
v1|407072752312|0,"Answering Service – Call Me Mr. Telephone 12"" 1984 THIRD M 5001 EX TO NM 45RPM",8.99,0.1173
v1|178303424965|0,"MIDNIGHT OIL ""Diesel & Dust"" 1988 Vinyl LP Columbia Records FC-40967 Carrollton",14.21,0.1173
v1|137507543028|0,"Dwarves Sugarfix Vinyl Record, 2022 Limited Edition",25.00,0.1172
v1|227428389051|0,Between The Buttons PS499 Stereo ,6.99,0.1172
v1|278175922967|0,Steely Dan Can't Buy A Thrill 1972 LP,15.50,0.1172
v1|407073616391|0,Lot4 DOKKEN Vinyl LP Records Play Tested Original US Issues Elektra VG+ see pics,70.00,0.1171
v1|298498999010|0,Led Zepelin Orange Letters PR Pressing vinyl LP,29.95,0.1171
v1|188631139617|0,"Taking It Easy LP Columbia House Vinyl Various Artists, 1P6470 VG Condition ",4.00,0.1171
v1|407067828234|0,Rare Latin 45 - Carlos Hector y Los New Jets - Lo Se - ARV # A-5135,7.99,0.1169
v1|336688660193|0,"JUDAS PRIEST PRIEST LIVE 2LP C2 40794 , 1987",0.99,0.1169
v1|307053143535|0,"Elliot Easton (CARS) 33RPM ""Change No Change"" 1985 80s New Wave Pop Rock 12"" LP",5.00,0.1169
v1|377338118225|0,Shawn Phillips - Faces - Vinyl Record LP - Acoustic Folk Symphonic Rock,3.99,0.1168
v1|366535384219|0,GENESIS Foxtrot CHARISMA LP VG+ k,9.50,0.1168
v1|236933769565|0,Chappell Roan The Rise and Fall of a Midwest Princess Peaches and Cream Vinyl LP,25.00,0.1168
v1|227428787654|0,"Aldous Harding Warm Chris (Vinyl), 2022",14.99,0.1167
v1|336684007647|0,R&B Rocker 45 LOUISE BROWN Son-In-Law/You Gave Me Misery on Witch VG+,7.99,0.1167
v1|287457279137|0,"WINGS OVER AMERICA 12"" 3-LP SET VINYL W/ Poster GATEFOLD CAPITOL 1976",15.69,0.1167
v1|398167978420|0,Beethoven Piano Concerto No.3 “Pathetique” Sonata Bishop/Colin Davis LP 6500 315,5.00,0.1166
v1|366535375100|0,DON & DEWEY Self Titled SPECIALTY SPS-2131 LP VG+ SHRINK k,8.00,0.1165
v1|366535371925|0,CHICAGO Hot Streets COLUMBIA LP VG+ gatefold SHRINK k,8.50,0.1165
v1|318568521408|0,JOHN LENNON/YOKO ONO Double Fantasy GEFFEN LP VG+ SHRINK k,8.00,0.1165
v1|318572840084|0,"John Phillips - John Phillips - ""John The Wolf King of L.A."" - 1970 Dunhill",20.00,0.1165
v1|206411065235|0,"RJD2 | COPYWRITE | JUNE / THE PROXY |  MHz | 12"" Rap Vinyl Record | Hip Hop",10.00,0.1164
v1|236933970200|0,BON JOVI SLIPPERY WHEN WET 1986 1ST PRESS 8302641  SHRINK HYPE VG+,9.50,0.1164
v1|158082204627|0,Original Soundtrack Term of Endearment Vinyl LP Record VF+ Condition,13.75,0.1164
v1|158082204627|0,Original Soundtrack Term of Endearment Vinyl LP Record VF+ Condition,13.75,0.1164
v1|377338118362|0,Exposed - A Cheap Peak at Today's Provocative New Rock Vinyl Record 2LP 1981 CBS,4.99,0.1164
v1|287456594109|0,"Bone Thugs N Harmony Days Of Our Livez 12"" Vinyl Set It Off Soundtrack Original ",15.00,0.1164
v1|137507278086|0,💥KISS-Rock And Roll Over/Record-Vinyl-PYE/RED VINYL-Casablanca- 1977 UK💥,19.76,0.1164
v1|127971342561|0,NEIL DIAMOND:Beautiful Noise Columbia PC 33965 LP 1976 VG-/VG-,6.00,0.1164
v1|188632439014|0,DISCO CIRCUS Vinyl LP White Label PROMO RECORD 1978 Album JC 36049 EX+,9.50,0.1164
v1|398166908116|0,K-Tel The Hot Ones Vintage Vinyl Compilation LP 1978 K-Tel Record TU-2750,12.00,0.1164
v1|398174129388|0,"Ahmad Jamal 3 LP Vinyl Record Lot: Happy Moods, Alhambra Live At The Penthouse",20.00,0.1164
v1|168534954369|0,EPIC LC 3420 Beethoven Violin Concerto Grumiaux Van Beinum GOLD 1958 NM,5.99,0.1163
v1|168531250371|0,TINGA STEWART-KEY TO YOUR HEART LP,30.00,0.1163
v1|147436092041|0,FULL OF HELL / NOTHING 2 VINYL LOT,35.00,0.1163
v1|398174310580|0,"America Warner Bros. Records BS 2576 12"" Vinyl LP",18.99,0.1162
v1|327258658202|0,"The Don Ho Show LP ""Live From Hawaii"" BX7",3.00,0.1162
v1|800321845083|0,Hoyt Axton/Jerry Corbitt/Leo Kottke - Selected Recordings 6xLP Box - VG++ PROMO,9.05,0.1162
v1|318568513977|0,INXS The Swing ATCO LP VG++ SHRINK k,10.50,0.1161
v1|298499998415|0,Jacco Gardner Hypnophobia Vinyl,15.00,0.1161
v1|327258400652|0,1968 The Monkees Porpoise Song / As We Go Along With Original Picture Sleeve,20.00,0.1161
v1|366535386470|0,HALSEY The Great Impersonator COLUMBIA 2XLP VG++/VG+ gatefold k,30.00,0.1160
v1|307059864676|0,Neil Young  Crazy Horse   Live Rust    NM  Double Album   German Press,15.00,0.1159
v1|198493823554|0,Henryk Szeryng Charles Munch BSO LP RCA LM-2363 Tchaikovsky Concerto IN D 1S/3S,19.60,0.1159
v1|318573475443|0,URBAN DANCE SQUAD Hollywood Pinkpop Live Rudeboy Fastlane Deeper Shade of Soul,9.99,0.1158
v1|377338308033|0,CATFISH HODGE Boogieman Gonna Get Ya EASTBOUND 1972 VG+ VINYL LP Record USED,8.99,0.1158
v1|318573764340|0,lot of 2 FIREFALL LP Albums-Luna Sea/Clouds Across the Sun,4.99,0.1158
v1|327258576100|0,STEVE CAMP Shake Me To Wake Me Vinyl LP 1985 Sparrow Record w Lyric Sheet,3.79,0.1157
v1|407068459613|0,CHARLENE-Used To Be (1982)   LP Vinyl,5.99,0.1157
v1|318568503931|0,ELTON JOHN Blue Moves ROCKET 2XLP VG+ germany gatefold k,8.00,0.1156
v1|127971251838|0,"Lou Reed & Metallica – Lulu, Vinyl LP, Vertigo EU Pressing 2011, Read Desc.",300.00,0.1156
v1|206410893369|0,Bruno Mars 24K Magic Vinyl Record Gold Disc,15.57,0.1156
v1|188632416517|0,DR. HOOK - SOMETIMES YOU WIN Vinyl LP RECORD 1979 Album Sexy Eyes SW 12018 NM,9.99,0.1156
v1|398182739346|0,ISMAEL QUINTANA CON RICARDO MARRERO Jessica VAYA Latin | Salsa | Bomba LP HEAR,9.99,0.1155
v1|236933857612|0,Samuel Del Real Y Su Orquesta Vol. 3 LP 1987 Insa Records SDR 22 US Edition,12.99,0.1155
v1|318568478762|0,Janine - Does The Sun Still Shine? LP - Lark - Private Xian Folk C&W VG+,8.00,0.1155
v1|407068509532|0,Whitesnake Slide It In LP Club issue,5.00,0.1155
v1|137507175352|0,45 - Bobby Rydell -  Forget Him & A Message From Bobby - Cameo C-1070,0.50,0.1155
v1|318568513671|0,IDES OF MARCH Vehicle WARNER BROS LP k,8.00,0.1153
v1|137507418305|0,VARATHRON His Majesty At The Swamp LP Red Marble vinyl Greek black metal rotting,30.00,0.1153
v1|168531791674|0,"THE FAMILY~""MUSIC""~Orig. 1977~FUNK~SOUL~7'' 45rpm~LRC 10106~RARE SMALL LABEL~M-",0.99,0.1153
v1|117298519525|0,BUD SHANK.ORIGINAL 1966 VINYL  LP.GIRL IN LOVE.VG+.W/SHRINK WRAP.INSERT.JAZZ,5.99,0.1152
v1|127971425830|0,"Funkdoobiest - Rock On 12"" Single 1993 Promo Good Vinyl Hip-Hop Rap DJ Muggs",2.99,0.1152
v1|158077691192|0,RARE VOCAL JAZZ Pat Suzuki Michigan Fight Song The Victors Vik 0340 1958 HEAR IT,5.00,0.1152
v1|398165807154|0,"Andre Watts-at Carnegie Hall. Haydn, Mozart, Schubert, Brahms. EMI Angel 1P 7850",5.00,0.1149
v1|366538991044|0,"Sandy Riner (Mr. Banjo) LP ""Sandy's Touch"" Signed, Autograph BX11",3.00,0.1149
v1|236932441640|0,"Moris Mundo Moderno 1980 Philips Rock LP Vinyl 12"" 33 RPM Spanish Album",12.00,0.1149
v1|278174872608|0,Northern Soul 45 SUBWAY RIDERS Adam/After The Session on Moon Shot VG++ promo,7.99,0.1149
v1|236932351335|0,Al Stewart - Zero She Flies 1970 Release - 1985 Germany RCA Printing - NM Vinyl!,4.95,0.1149
v1|800327030730|0,NURSE WITH WOUND LP Drunk with the old man of the mountains 1987 UD RE   vinyl,33.00,0.1148
v1|267726069789|0,EXILE “Greatest Hits” 1986 Vinyl LP Epic Records FE-40401  ‘Kiss You All Over’,3.59,0.1148
v1|287456520323|0,HELEN TROY A Kiss In The Dark/I Get The Blues When It Rains ~ Vito~HEAR IT HERE,0.99,0.1148
v1|327258568246|0,The Butterfield Blues Band / The Resurrection Of Pigboy Crabshaw - OG Vinyl Lp,0.50,0.1148
v1|267725863833|0,"Arlo Guthrie Alice’s Restaurant RS-6267 LP,  1967, Steamboat Label, FIRST PRESS",8.99,0.1148
v1|206410913202|0,PREFAB SPROUT JORDAN THE COMEBACK  1990 COVER ONLY - No Record  46132 PROMO,0.99,0.1148
v1|267725710262|0,John Mayall- Blues from Laurel Canyon 12” Vinyl LP Used,5.00,0.1147
v1|366535386947|0,HEART Magazine MUSHROOM LP VG+ SHRINK k,8.00,0.1147
v1|198494111835|0,LYNYRD SKYNYRD SOUNDS OF THE SOUTH MCA-363,39.99,0.1147
v1|147431473635|0,"The Songs From The Wizard Of Oz Vinyl Record LP, Disneyland Records DG-1328",10.99,0.1147
v1|168531442365|0,NEW COLLECTORS EDITION In The Groove With The Kings Of Swing- 72 Recordings Seal,5.00,0.1147
v1|278174860115|0,Funk 45 PAZANT BROTHERS Juicy Lucy/Work Song on GWP VG++/NM promo,7.99,0.1146
v1|278176246896|0,The Who-Quadrophenia 2 LP Gatefold w/ Booklet Original (1973)MCA2- 10004 VG/VG,9.00,0.1146
v1|127971527033|0,Ashford & Simpson:Solid LP Vinyl VG+/VG+,1.00,0.1146
v1|336684011703|0,R&B/Deep Soul 45 ELDRIDGE HOLMES Where Is Love/Now That I've on Deesu VG++ promo,7.99,0.1145
v1|800321875082|0,DWIGHT TWILLEY BAND Twilley Don't Mind ARISTA LP VG+ k,8.00,0.1144
v1|227428587709|0,"Robert Hall Productions Sound Effects 12"" Black Vinyl LP 33 RPM RH-64 RH-65",3.20,0.1144
v1|117298216851|0,Quicksilver-vinyl ,10.00,0.1144
v1|318572202844|0,Mac Miller - K.I.D.S. Translucent Yellow Vinyl Record *1 DISC ONLY - SIDE C/E,7.95,0.1143
v1|366538483387|0,HERE'S WILLIE NELSON Vinyl LP  1963 Original MONO Liberty Record LRP-3308,25.00,0.1143
v1|198493704219|0,For A Few Dollars More Record,6.99,0.1142
v1|168531817161|0,SOUL Lee Edward & His Continentals Need I Say More LanticGold 100 1967 HEAR IT,5.00,0.1142
v1|206411063091|0,The Grouch | Success Is Destiny | Vinyl Rap Hip Hop Record | Eligh,30.00,0.1142
v1|407068200116|0,"Original 1968 LP ""Best of Cream"" - Atco SD 33 281 - VG++/VG++",24.95,0.1142
v1|407067676997|0,Brunswick Record 78: 2568: Whose Izzie is He?: It Aint Gonna Rain No More,5.00,0.1142
v1|178298649935|0,Los Donneños Tragedias Classic Corridos Vinyl LP Juan Charrasqueado Norteño Rare,44.99,0.1142
v1|267724463083|0,Uriah Heep - Look At Yourself - 1972 Japan Vinyl with OBI/Insert - NM - see pics,35.00,0.1142
v1|158071099408|0,"THE BODIES Rare Punk 7"" Vinyl EP TKO Records 6 California Hardcore 45 RPM",25.00,0.1141
v1|318568509128|0,GERRY RAFFERTY City To City UNITED ARTISTS LP VG+ k,11.50,0.1141
v1|267724396192|0,🎤︎ Ron Carter Joe Henderson Billy Cobham - All Blues CTI LP,19.99,0.1141
v1|127971527302|0,THE PERCY FAITH STRINGS:Boquet Columbia CS 8124 LP 1959 G/VG-,1.00,0.1140
v1|227431156363|0,"Lifetime An Outstanding Record Achievement, Somewhere In The swamps 7inch",16.00,0.1140
v1|147432105820|0,BAILABLES PA' TODO EL ANO,7.00,0.1140
v1|158077649221|0,"CHIQUITA 16"" ARMED FORCES RADIO SHOW TRANSCRIPTION DISC ESY MORALEZ 1940'S",29.99,0.1139
v1|287456520273|0,"Diamonds-She Say/From The Bottom Of My Heart 7"" 45  ENGLAND IMPORT LISTEN HERE",0.99,0.1138
v1|278174863275|0,Northern Soul 45 BENNY MAHAN What You Never Had/She Knows How on Scratch VG++/NM,7.99,0.1138
v1|188632424482|0,GEORGE THOROGOOD AND THE DESTROYERS - MAVERICK Vinyl LP 1985 RECORD ST 17145 NM,9.88,0.1138
v1|318568477993|0,ANANDA SHANKAR Self Titled REPRISE RS-6398 LP VG+ wlp k,18.48,0.1138
v1|168531390271|0,Pearl Jam Holiday Christmas 6 Fan Club 7 In Singles Rare Out Of Print 1996-2018,79.99,0.1138
v1|307058970150|0,Beethoven: Missa Solemnis - Leonard Bernstein New York Philharmonic 2 LP Record,3.48,0.1137
v1|336684890158|0,Beatles VI T-2358 Capitol Records Vinyl Album LP Mono,9.99,0.1137
v1|158077289878|0,"TOO SHORT: “Short But Funky” - 7"" / 45 RPM / Vinyl JIVE RECORDS 1434-7-J / 1991",7.50,0.1137
v1|257618771471|0,David Houston Almost Persuaded On Epic Records 1966 Vinyl Lp,0.94,0.1136
v1|236937708162|0,Italo Disco Mike Rogers - Happy Moon 12” Single,29.99,0.1133
v1|158083185110|0,"Devo Disco Dancer 12"" single vinyl record",3.00,0.1133
v1|800329383541|0,Maldoror - Ars Magika LP,36.00,0.1132
v1|800329383541|0,Maldoror - Ars Magika LP,36.00,0.1132
v1|366535389294|0,JEFF BECK Truth/Beck-Ola EPIC 2XLP VG+ gatefold k,8.50,0.1132
v1|366538464971|0,"NOTATIONS, GEMIGO LABEL #5501 RARE LP RECORD MINT",6.99,0.1132
v1|336684000819|0,Northern Soul 45 JAMMERS Doin' The Look/True Love Is on Jubilee VG++/NM promo,7.99,0.1132
v1|407068265688|0,Vinnie Vincent Invasion LP Promo,12.00,0.1132
v1|127965236375|0,FLOR SILVESTRE - LA SENTIMENTAL - 1964 MEXICAN LP ALBUM PROMO SEAM SPLIT SOC WOC,14.99,0.1132
v1|227428457349|0,"Major Records Sound Effects Vol 30: Laughter 12"" Black Vinyl LP Stereo 1045",5.00,0.1132
v1|206408160831|0,ROLLING STONES Let It Bleed 1969 LONDON Blues Rock OG LP VG/VG Play Tested,7.00,0.1131
v1|278176059140|0,"Ford & Angel- 1977 Private Press-""You Can't Have Everything"" w/Authographs",19.99,0.1131
v1|117300880189|0,​The Doors Self Titled Debut LP 1967 Elektra EKS-74007 Red Label Stereo VG+...,9.99,0.1130
v1|800330886945|0,“Billie Holiday”Jazz 78 Solitude/God Bless The Child Okeh Double LP Vinyl Record,9.00,0.1130
v1|188630655994|0,"Slingshot  Do It Again 12""  Billie Jean Medley",8.00,0.1130
v1|178305559079|0,Alice In Chains - MTV Unplugged Vinyl 2xLP,83.00,0.1130
v1|287457363764|0,"SPORK- Freek Like Me, Alma Matris, Sander Kleinenberg, Prog House, Italy Import",4.00,0.1128
v1|398167991947|0,TCHAIKOVSKY/MENDELSSOHN Violin Concertos K.W. Chung/Dutoit LP NM LDR 71058,5.00,0.1128
v1|327257865616|0,1971 Smokey Robinson & The Miracles Crazy About The La La La/Oh Baby Baby I Love,2.00,0.1128
v1|366538884948|0,Neil Diamond Do It! LP Bang BLPS 224,0.99,0.1128
v1|127970305242|0,Moments - Moments With You Vinyl LP Record 1976 Soul Funk DJ Samples Gatefold,7.99,0.1127
v1|336685043900|0,Mother Love Bone - Apple - Colored Vinyl Record 2LP Set,21.62,0.1127
v1|267714700564|0,PETE RODRIGUEZ - El Conde - FANIA Latin Guaguanco Salsa LP🎶,22.99,0.1127
v1|407068046975|0,"Kenny Rankin -  Silver Morning Atlantic Rock 12"" 33 RPM Black Vinyl LP",5.00,0.1127
v1|398167025067|0,It's only Rock N Roll by Rolling Stones 1974 OG Japanese Press,14.00,0.1126
v1|168531309976|0,PHILADELPHIA CLASSICS 1977 Double LP Extended Mixes VG+ ULTRASONIC CLEANED,19.99,0.1126
v1|398182734486|0,TITO PUENTE Homenaje A Beny TICO  Latin | Salsa | Guaguanco LP HEAR,9.99,0.1126
v1|188629940770|0,Rare Ohio Garage THE SHY TONES  Summer’s Gone & Dody on United Audio 6008,5.00,0.1126
v1|366535387672|0,HOT TUNA America's Choice GRUNT LP VG+ k,8.00,0.1126
v1|318573283462|0,"Elton John vinyl lot (4) USED VG Single Man, The Fox, 21 at 33, Victim of Love",19.99,0.1125
v1|168531563645|0,Rare 1984 Roger Waters 3-Extended Mix 12” EP “The Pros And Cons Of Hitch Hiking”,29.95,0.1124
v1|377338652266|0,The Marx Brothers In The Cocoanuts LP Sandy Hook SH-2059 1981 Original 1929,9.99,0.1124
v1|377338308034|0,LAUREN BACALL Reads James Thurber's 13 Clocks V2 VG+ VINYL LP Record USED,8.99,0.1123
v1|206410822761|0,"LITTLE ROYAL AND THE SWINGMASTERS- JEALOUS- 1972 SOUL 45, TRI-US TR-912 (VG-/VG)",6.99,0.1123
v1|188629974400|0,Ronnie and The Hi-Lites  What The Next Day May Bring on WIN 250,5.00,0.1122
v1|227428292526|0,"RARE Uncle Eck Dunford "" My First Bicycle Ride / The Savingest Man ""Victor  1928",25.00,0.1122
v1|178305979856|0,Solo Monk Vinyl Org Music NM/NM 180G 2017 Vinyl Record,40.00,0.1122
v1|307052487746|0,"Herman’s Hermits “Hold On” Mono Vinyl = VG:VG+ 12"" LP Record Stage & Screen,Rock",2.50,0.1121
v1|127971525846|0,THE VENTURES:10th Anniversary Album Liberty LST 35000 2LP 1970 VG/VG,6.00,0.1120
v1|307058860327|0,George Harrison 33 1/3 1976 Dark Horse Label Winchester Pressing VG+,6.00,0.1120
v1|227428562565|0,"RCA The Music's On Us Vol. I JF-11225 Promo 7"" EP 33⅓ RPM NM Scorpions Fandango",7.99,0.1120
v1|358787811693|0,1945 Big Joe Turner Pete Johnson Trio Decca 11001 Blues 78 RPM Plays Both Sides,9.99,0.1119
v1|117302519537|0,LOS ALEGRES DE TERAN   LAS MEJORES DE     ULTRA RARE USED VG,49.99,0.1119
v1|398182702904|0,LUIS PERICO ORTIZ Super Salsa NEW GENERATION Salsa | Latin Jazz | Bomba LP HEAR,9.99,0.1118
v1|278170557619|0,ROY CLARK     Lot Of 1 Vinyl Record LP     WHITE LABEL PROMO     VG+,1.99,0.1118
v1|236933173064|0,"AC/DC BACK IN BLACK LP CLUB EDITION,CRC ATLANTIC SD-16018 EX+",19.00,0.1118
v1|307059620625|0,"McDonald’s “Win $1,000,000 Instantly!” 33RPM Menu Song 1988 80s 5.5” Flexi-Disc",5.00,0.1117
v1|278175765079|0,Jinjer Signed Alive In Melbourne Limited Edition Revolver Vinyl Read Description,150.00,0.1117
v1|206393865121|0,"DG MG2292 Tchaikovsky:Piano Con #1/Argerich/RPO/Dutoit,Japanese,NM",7.00,0.1116
v1|178305897761|0,Blackfoot Marauder Vinyl,3.56,0.1115
v1|366538884929|0,The Cynics Get Our Way LP Get Hip GH-1030 Red Vinyl 1994,0.99,0.1115
v1|366538884929|0,The Cynics Get Our Way LP Get Hip GH-1030 Red Vinyl 1994,0.99,0.1115
v1|377336817271|0,"R&B Popcorn 45 CARRIE NELSON Come A 'Runnin'/It's Me, It's Me on Coed VG++ promo",7.99,0.1115
v1|318568486226|0,BOB MARLEY & THE WAILERS Rastaman Vibration ISLAND LP VG+ embossed gatefold k,8.50,0.1113
v1|267725882495|0,Manowar Battle Hymns Vinyl LP Liberty Records 1982 Heavy Metal Debut Album USA,39.99,0.1113
v1|127966284256|0,"KISS RECORD ""HOTTER THAN HELL"" 1974 CASABLANCA (NBLP) 1st PRESSING BLUE LABEL",12.25,0.1113
v1|267725907798|0,🎤︎ Tony Toni Tone – Whatever You Want / Feels Good | Vinyl | 1991,19.99,0.1112
v1|178310694050|0,"PROMO JEAN BEAUVOIR - FEEL THE HEAT (EXTENDED VERSION) - COLUMBIA LP 12"" SINGLE",8.99,0.1111
v1|257614023230|0,Winwood Capaldi Mason Welcome to the Canteen Vinyl LP Record 1971 Pressing,5.00,0.1111
v1|366537154185|0,LISTEN - Rare Darrell Royal Tribute 45 - A Tribute To The Texas Coach - UT,7.99,0.1111
v1|377310372496|0,"PROMO - GUY - PIECE OF MY LOVE - R&B New Jack Swing 12""  MCA Uptown Aaron Hall",6.99,0.1111
v1|800329538465|0,Addaura - And The Lamps Expire LP,18.00,0.1110
v1|800329538465|0,Addaura - And The Lamps Expire LP,18.00,0.1110
v1|407065679374|0,LIGHTHOUSE AT LAGUNA-CONTEMPORARY 3509-HOWARD RUMSEY BARNEY KESSEL HAMPTON HAWES,19.98,0.1110
v1|336685160927|0,PINK FLOYD Wish You Were Here 1975 Canadian **SHIRNK/HYPE** MINTY!!!!! ULTRA/VPI,99.50,0.1110
v1|287457300192|0,Lionel Hampton At The Vibes Vinyl LP Record 1962 Spin-o-Rama S-3077,3.69,0.1110
v1|398167709476|0,Marshall Efron Nutrino News Network LP Polydor PD-5029 WLP,0.99,0.1110
v1|307053199009|0,Denny Denson 1962 Northern SOUL DOOWOP 45 Too Long / Bills RAYNA Mint- HEAR,30.00,0.1109
v1|227428463342|0,"Major Records Sound Effects Volume 8 12"" Black Vinyl LP 33 RPM LP-1023",5.00,0.1109
v1|398167539861|0,"Exciter Heavy Metal Maniac 1983 Shrapnel Records 1004 12"" Vinyl LP Metal",22.50,0.1108
v1|198492410628|0,HALL & OATS LP H2O RCA AFLI 4383 1982 LP VG++ SLEEVE EX INNER SLV. EX,4.00,0.1108
v1|298500444992|0,1976 RE UK PLEASE PLEASE ME  The Beatles,13.13,0.1108
v1|800328726212|0,"Vintage 1975 MANFRED MANN Vinyl LP Promo Record Album~""Nightingales & Bombers""",5.00,0.1108
v1|257618755201|0,THE MONKEES Then & Now The Best Of The Monkees LP ARISTA AL9-8432 1986,8.95,0.1107
v1|298500033629|0,Jennie Ford I Wonder Why / One More Time 45 Wonder Records Rare,19.99,0.1107
v1|336684824583|0,Stan Getz & Luiz Bonfa: Jazz Samba Encore! VG+ Beautiful,15.00,0.1107
v1|168531293131|0,ROCK-DAVID BOWIE-TONIGHT/TUMBLE AND TWIRL-EMI AMERICA 8246 WITH COVER-STEREO,5.00,0.1106
v1|287457346923|0,VTG Hiriata Salamon Maono - Aparima Et Otea Eddie Lund Tahiti Records Tiki,6.99,0.1106
v1|168525603461|0,"Classic Rock Vinyl Lot 4 LP–Steve Miller, Doobie Bros., Joe Cocker, Bing Crosby",14.99,0.1104
v1|358788188126|0,"The Muppets Favorite Songs From Jim Henson's Muppets (2xLP, Comp) PolyTel NM/VG",19.95,0.1103
v1|127974491350|0,LP 12 Bigitech DIGI 101 Digital Hits of 1740,2.95,0.1103
v1|127965236334|0,EUGEN CICERO - ROMANTIC SWING CLASSICS IN RHYTHM - 1987 MEXICAN LP ALBUM SOC,14.99,0.1103
v1|227428811861|0,The Only Ones Baby's Got a Gun UK LP Peter Perrett Power Pop,14.99,0.1103
v1|206408134735|0,Everly Brothers - Beat & Soul LP - Warner Bros. Gold Label Mono VG++,13.50,0.1103
v1|267714810633|0,🎤︎ Michael Jackson Remember The Time Vinyl Record EPIC 12” Single LISTEN !!!!!,19.99,0.1103
v1|267717707079|0,"🎤︎ ** SEALED ** CHICAGO 18 - "" 25 or 6 to 4 "" LP HYPE STICKER 1986 1st Press",19.99,0.1102
v1|267722063606|0,BOB MARLEY - The Lion's Domain - LIVE in London 1978 - NM LP,24.99,0.1101
v1|227428585730|0,"Robert Hall Productions Sound Effects 12"" Black Vinyl LP 33 RPM RH-60/RH-61",3.08,0.1101
v1|188631713193|0,"Fire & Ice Vinyl LP - 1982 - Warner OP 1525, Realistic 51-3000 - VG+/VG+",6.72,0.1101
v1|366535388443|0,IT'S A BEAUTIFUL DAY Today COLUMBIA LP VG++ gatefold SHRINK k,10.50,0.1101
v1|188632424413|0,BILLY PAUL - LET 'EM IN Vinyl LP RECORD 1976 Album FUNK Disco SOUL PZ 34389 NM,9.50,0.1100
v1|127970784550|0,"The Association - And Then...Along Comes... 1966 Mono 12"" LP Valiant Records",6.00,0.1100
v1|407068036296|0,Steve Miller Band Children Of The Future Lp,14.99,0.1100
v1|198493995461|0,Hank Williams I Won't Be Home No More 1967 vinyl record,5.00,0.1100
v1|127971170870|0,RARE BEATLES 'EIGHT DAYS A WEEK' 1968 WHITE '..SUBSIDIARY OF.’ 45 SCRANTON VG+++,0.99,0.1099
v1|327259371679|0,Huey Lewis & the News – I Want a New Drug / Finally Found a Home 45 VG+/NM,0.99,0.1099
v1|377341207399|0,"NOFX Hofx 10"" Euro splatter vinyl rancid lagwagon pennywise punk bad religion",49.99,0.1099
v1|188631770903|0,THRALLDOM - Black Sun Resistance : Six Strain Ceremony LP black metal,5.00,0.1099
v1|407067513412|0,"Motörhead – Beer Drinkers & Hell Raisers 12"" blue ep",8.66,0.1098
v1|198492103736|0,"DJ SPOOKY + TOTEMPLOW - TEMPLATE 23 MIXES - 12"" Single 1998 Ltd Ed Metal Cover!!",9.98,0.1098
v1|127965236370|0,"PANDORA - 999 - 1989 MEXICAN LP ALBUM, LATIN POP",14.99,0.1098
v1|377337968593|0,PINK FLOYD THE DARK SIDE OF THE MOON 1973 VINYL LP GATEFOLD SMAS11163,35.00,0.1098
v1|377338259780|0,THE BAND s/t MOBILE FIDEILITY MO-FI # 1112 2013 LP VINYL Record ALBUM VG+ USED,59.99,0.1097
v1|366532531446|0,"Jose Feliciano ""10 to 23"" - RCA/Victor Records 1969 Original LP Good Condition",1.00,0.1097
v1|398168077678|0,RIMSKY-KORSAKOV/SCHEHERAZADE-Capriccio Espagnol Dutoit London 1984 LP 410 253-1,5.00,0.1097
v1|168531712969|0,HERBIE MANN The Honeydripper Atlantic Soul Jazz Latin Boogaloo 45 PROMO HEAR,4.00,0.1097
v1|800321845081|0,Helmet - Strap It On LP - Amphetamine Reptile VG++,26.00,0.1097
v1|366538884936|0,Bob Clifford and the Hep Cats Hot Rock LP Honeymoon BOP 501,0.99,0.1096
v1|267726010516|0,CHEAP TRICK In Color LP Epic Records PE 34884 Gatefold 1977,9.95,0.1096
v1|198492104808|0,JAZZANOVA - JAZZANOVA ...MIXING - Vinyl 3 x LP 2004 Compilation Sonar Kollektiv!,9.98,0.1095
v1|127970839133|0,CCR - Bayou Country - VG/VG 1969 Folk Blues Rock Fantasy FANT-8382 1ST Press,4.99,0.1094
v1|278174886786|0,Sweet Soul 45 NEW YORKERS Lonely/There'll Come A Time on Warner Bros VG++ promo,7.99,0.1094
v1|398167017551|0,Jonah Jones Quartet Hello Broadway Vinyl,6.00,0.1094
v1|188632422238|0,PATTI LABELLE - PATTI Vinyl LP RECORD 1985 Album SOUL Hype Sticker FZ 40020 NM,9.22,0.1093
v1|168525733126|0,"Metallica Fade To Black 12"" Promo Vinyl Record 1985 Elektra ED 5044",99.99,0.1093
v1|168531015842|0,Cameo Record 78: 1167: I've Been Waiting All My Life for You: Me and My Shadow,10.00,0.1092
v1|257618612431|0,Not Another Teen Movie Soundtrack Color Vinyl 140/500 LP ‘Enjoy the Ride’ ETR,99.99,0.1092
v1|236933689130|0,"Vinyl JOHN COUGAR MELLENCAMP Uh-Huh (1983) 12"" Vinyl Record LP EX RVL 7504",4.99,0.1092
v1|407068209384|0,"Charlie Sexton LP Vinyl Record 1989 Used ""Don't Look Back""",5.00,0.1092
v1|206393865102|0,"DG SLPM138 997 Mozart:4 Flute Quartets/BPO Soloists,tulip,NM-",6.00,0.1091
v1|227428461830|0,"Major Records Sound Effects Volume 14 12"" Black Vinyl LP LP-1029 33 RPM Mono",5.00,0.1091
v1|206393865129|0,"DG 2531 250 Beethoven:Violin Con/Mutter/BPO/Karajan,NM",7.00,0.1091
v1|366535361939|0,BEACH BOYS Surf's Up BROTHER/REPRISE LP VG+ with lyric sheet insert k,20.50,0.1091
v1|366535371263|0,CAPTAIN BEEHEART & HIS MAGIC BAND Strictly Personal BLUE THUMB LP gatefold k,8.00,0.1090
v1|188632427779|0,NICK LOWE AND HIS COWBOY OUTFIT - THE ROSE OF ENGLAND Vinyl LP RECORD FC39958 NM,9.50,0.1090
v1|398167033030|0,Firefall Mirror Of The World,4.00,0.1090
v1|236933690319|0,The L.A. Four - Going Home 1977 Release,20.00,0.1089
v1|377338117816|0,"William Goldstein -Oceanscape - 1986 Vinyl Record LP, CBS FM 42226 Audiophile",3.99,0.1089
v1|377336816977|0,R&B Inst. 45 WILLIE RILEY Shoe Hole/Groovin' With Willie on Highland VG+ promo,7.99,0.1089
v1|366530863723|0,The Adicts Sound of Music OG LP KBD 1982,26.00,0.1089
v1|377310301566|0,🎤︎ Cerrone ‎- Cerrone's Paradise  Vinyl LP Album 1977 Electronic Disco,9.99,0.1089
v1|327258390108|0,J.J. Caler Troubadour Lp Record!!,10.99,0.1088
v1|377338117477|0,Rev. F.C. Barnes & Janice Brown - Rough Side of The Mountain - Vinyl LP - Gospel,9.99,0.1088
v1|178304440153|0,"Cheryl Ladd - ""Dance Forever"" - LP",3.00,0.1087
v1|800321894133|0,HOLLIES Beat Group! IMPERIAL LP-9312 LP mono SEALED k,8.00,0.1087
v1|206410114612|0,"The Crusaders Unsung Heroes LP Vinyl 12"" 33 RPM Blue Thumb 1973 BTS 6007",3.75,0.1086
v1|407068508244|0,"Flipmode Squad – The Imperial 12"" Double LP Rare Advance Promo 1998 Busta Rhymes",12.99,0.1086
v1|398167035026|0,Duran Duran Arena w/ Booklet 1984 Vinyl LP,10.00,0.1086
v1|377324308192|0,Garage Rock R&B 45 The Dimensions Turn Your Love On Me / I’ve Been Around BLAZE,9.99,0.1085
v1|236932393223|0,Dweezil Zappa MY MOTHER IS A SPACE CADET vinyl 45 Eddie Van Halen Steve Vai NM,5.89,0.1085
v1|800330298706|0,Beyoncé What’s It Gonna Be Faith Evans-Heaven Knows-12” White Label Lp Exc Cond,7.50,0.1085
v1|278176203859|0,SANTANA “beyond appearances” Columbia LP FC-39527 COVER & VINYL ARE EXCELLENT,12.00,0.1085
v1|127971291897|0,ELVIS PRESLEY A DATE WITH ELVIS LP ORIG 1ST PRESS MONO LPM-2011 RCA RECORDS,29.99,0.1085
v1|377337915040|0,"THE ALLMAN BROTHERS BAND ""The Road Goes On Forever,"" SEALED RARE orig. 1975 2-LP",74.99,0.1084
v1|278174855672|0,Deep Soul/Funk 45 JOHNNY SOUL & MANCHESTERS Wait/Let's Kiss Again on Dome promo,7.99,0.1084
v1|800321866109|0,CREAM Live Cream Vol. II POLYDOR LP VG+ germany k,8.00,0.1084
v1|198492645882|0,EVERLAST - WHITEY FORD SINGS THE BLUES - Vinyl 2 x LP 1998 Tommy Boy Orig Promo!,13.00,0.1084
v1|206409637331|0,"DG SLPM139 381 Tchaikovsky:Sym #2/NPO/Abbado,tulip label,NM",10.00,0.1084
v1|267726038993|0,The Doors - L.A. Woman - EKS-75011 - Original Die-Cut Cover - Artisan Sound Logo,100.00,0.1083
v1|298499856042|0,"Men Without Hats Pop Goes The World Mercury 12"" Black Vinyl LP Pop 832 730-1 VG+",14.00,0.1083
v1|117298788319|0,V/A Oldies But Goodies Vol 7 1964 LP on Original Sound #OSR-LPS 8857 SHRINK,9.99,0.1082
v1|117298788319|0,V/A Oldies But Goodies Vol 7 1964 LP on Original Sound #OSR-LPS 8857 SHRINK,9.99,0.1082
v1|407072172975|0,45 RPM Hombres VERVE FORECAST 5058 Let it out / Go Girl Go VG+,3.00,0.1082
v1|267725757075|0,Biff Rose - Children Of Light - 1969 Rock - LP,4.95,0.1082
v1|178297970267|0,"THE MARS VOLTA  De-Loused in the Comatorium 2 LP VMP Vinyl Me, Please ",6.50,0.1082
v1|198492602086|0,NURSE WITH WOUND LP Spiral Insana 1986 Torso  vinyl,25.00,0.1081
v1|318568479794|0,BEATLES Help! OST APPLE LP gatefold k,11.50,0.1081
v1|398182713444|0,JOHNNY PACHECO La Perfecta Combinacion FANIA Orig | Shrink | Salsa LP HEAR,13.50,0.1081
v1|278176203428|0,"CLAPTON, BECK & PAGE ~VINYL LP ~ SPR-80518 COVER IS VG++/ VINYL IS EXCELLENT",10.00,0.1080
v1|236933970551|0,Gun - Gun Sight Vinyl LP Record Album Epic BN 26551 VG+,9.99,0.1080
v1|127970859315|0,Sweet Desolation Boulevard LP Vinyl Vintage 1975 Glam Rock Record ST-511395,7.99,0.1080
v1|318568490020|0,BYRDS Turn! Turn! Turn! COLUMBIA LP VG+ k,8.00,0.1080
v1|298499961064|0,"1944-THE PHIL MOORE FOUR, "" AND HER TEARS FLOWED LIKE WINE"", 10"" VICTOR RECORD,",1.99,0.1080
v1|147431882029|0,"1975 NHL HOFKEY~SEALED CELLO “THE FLYERS ON ICE” LP & “FLYERS, CHAMPIONS AGAIN” ",9.99,0.1079
v1|298499808667|0,Single High Light Various Artists Japan / Japanese PROMO LP,15.00,0.1078
v1|287457292008|0,"Kaleidoscope: Bernice (1970, Epic BN 26508) Sealed Original Press; David Lindley",28.99,0.1078
v1|298499708825|0,TOM BROWNE MAGIC 1981 SHRINK OVER JACKET HYPE STICKER LP Nice Vinyl,5.99,0.1078
v1|158077269326|0,Defiance-Out Of Order Vinyl LP 2011,16.00,0.1078
v1|336684003855|0,Northern Soul 45 SUPERBS Goddess Of Love/Shake Shake Shake on Dore promo,7.99,0.1078
v1|298500284959|0,Beatles Abbey Road - Capitol Records SO-383 US Press Vinyl LP,9.99,0.1077
v1|278175964677|0,"Harper Valley PTA Original Soundtrack LP , Barbara Eden",1.49,0.1077
v1|227428459058|0,"Major Records Sound Effects Volume 23 12"" Black Vinyl LP LP-1038 33 RPM Mono",5.00,0.1077
v1|407068036202|0,Wang Chung Mosaic Lp,7.99,0.1077
v1|206406513927|0,10 ROCK / SOUL / JAZZ VINYL LP ALBUMS LOT 3,7.98,0.1077
v1|206406509961|0,10 ROCK / SOUL / JAZZ VINYL LP ALBUMS LOT 8,7.98,0.1077
v1|206406509955|0,10 ROCK / SOUL / JAZZ VINYL LP ALBUMS LOT 5,7.98,0.1077
v1|206406512489|0,10 ROCK / SOUL / JAZZ VINYL LP ALBUMS LOT 9,7.98,0.1077
v1|206406513924|0,10 ROCK / SOUL / JAZZ VINYL LP ALBUMS LOT 4,7.98,0.1077
v1|206406509947|0,10 ROCK / SOUL / JAZZ VINYL LP ALBUMS LOT 6,7.98,0.1077
v1|206406513930|0,10 ROCK / SOUL / JAZZ VINYL LP ALBUMS LOT 2,7.98,0.1077
v1|227428463530|0,"Major Records Sound Effects Volume 7 12"" Black Vinyl LP 33 RPM LP-1022",5.00,0.1076
v1|198494096363|0,THE ROCHES FACTORY SEALED RSD RED VINYL LIMITED TO 1500 MINT LP,23.99,0.1076
v1|327259371691|0,Lord Lebby – Sings Favourite Calypsos (Vinyl LP) Federal Records Jamaica - VG,1.99,0.1075
v1|327258658203|0,"Frankie Valli & The 4 Seasons LP ""Half & Half"" VG++ BX4A",3.00,0.1075
v1|257618743979|0,"NEW EDITION If It Isn't Love 12"" Single EP MCA Records 1988 MCA-23830",4.95,0.1074
v1|227428874429|0,REO Speedwagon Wheels Are Turnin' LP Can't Fight This Feeling,8.99,0.1073
v1|236933889755|0,Vinyl Record Lot. 6lp. Rock,24.50,0.1073
v1|236933003232|0,Vinyl Record Lot. 6lp. Rock,20.50,0.1073
v1|236934095950|0,Vinyl Record Lot. 6lp. Rock,20.00,0.1073
v1|377338282118|0,"Dirty Mind by Prince (Record, 1980)",7.68,0.1073
v1|307058562144|0,Bruce Dickinson  Balls To Picasso Vinyl Lp 1994 Colombia Rare Iron Maiden Signed,249.99,0.1072
v1|336684014153|0,Sweet/Northern Soul 45 BOBBY ALLEN & GEE PEES Here She Comes Again on Uppp VG+,7.99,0.1072
v1|278176204585|0,Huey Lewis and the News “Sports”LP FV 41412 COVER & VINYL ARE EX TO NM IN SHRINK,12.00,0.1072
v1|398167114132|0,Muddy Waters and Howlin' Wolf - Muddy & The Wolf LP CH-9100 1984 Press NM/VG+,25.00,0.1072
v1|198492646007|0,FREESTYLE FELLOWSHIP - TO WHOM IT MAY CONCERN... - Vinyl LP US 1998 Cyan Label!,10.98,0.1071
v1|318573766470|0,IRA IRONSTRINGS Plays: Music for People with $3.98 plus tax if any LP Album,4.99,0.1071
v1|298500509057|0,"1989- GERALD ALSTON, "" YOU LAID YOUR LOVE ON ME"" , 7"" MOTOWN RECORD, R&B , SOUL",0.99,0.1071
v1|267725207417|0,AC/DC - Powerage - 1978 Japan with OBI/Insert - NM - see pics,90.00,0.1071
v1|398165808472|0,Beethoven Symphony No.3 “Eroica” Prometheus Overture Munich Phil/Kempe-CFP414410,5.00,0.1070
v1|358788123146|0,"Bad Company Straight Shooter LP Record 1975 Original Swan Song Rock, 33 RPM",10.00,0.1070
v1|336684003943|0,Northern Soul 45 SUPERIORS What Would I Do/Tell Me To Go on Verve,7.99,0.1070
v1|227428554787|0,Jimmy Elledge Lonesome I Am / Let Me Come Over NM 45 Tender 81973 Country Soul,7.99,0.1070
v1|407068425675|0,"Busta Rhymes - Touch It (The Remix), 12"", Clean/Dirty Mary J Blige, DMX Promo",7.99,0.1068
v1|168531759552|0,"LAMONT DOZIER~""TRYING TO HOLD ON TO MY""~Orig. 1973~FUNK~SOUL~7'' 45rpm~ABC~VG+",0.99,0.1066
v1|117297922434|0,Perry Como Lot Of 6 Lp Vinyl Record Albums Ex Condition,20.00,0.1066
v1|336688184793|0,Jeff Beck - Blow By Blow LP - Epic Records PE 334090in shrink wrap,6.99,0.1066
v1|168531817163|0,SOUL Barbara Mason I Don't Want To Lose You Arctic 140 1968 HEAR IT,5.00,0.1066
v1|267725594477|0,Ukrainian Comic Song No. 2 Album Eugene Zukowsky,6.00,0.1065
v1|307059038554|0,Paul Whiteman Potato Head Columbia #1731-D Fox Trot,9.95,0.1065
v1|307059033739|0,Paul Whiteman Potato Head Columbia #1505-D Fox Trot,9.95,0.1065
v1|307050529262|0,Paul Whiteman Potato Head Columbia #1444-D Fox Trot,9.95,0.1065
v1|307059029878|0,Paul Whiteman Potato Head Columbia #1464-D Fox Trot,6.95,0.1065
v1|278174873706|0,Northern Soul 45 VIBRATIONS Gonna Get Along Without You Now/Forgive & Forget,25.00,0.1065
v1|298500407894|0,RICK WAKEMAN Journey to the Centre of the Earth Gatefold LP Album with Insert,15.00,0.1065
v1|800321874077|0,DOORS An American Prayer ELEKTRA LP VG+ gatefold w/ attached booklet k,8.00,0.1064
v1|257618772366|0,"Rest Assured ""Treat Infamy"" LP",9.99,0.1064
v1|127971547707|0,Ella Fitzgerald at the Montreux Jazz Festival 1975 Pablo Records VINYL LP promo,0.99,0.1064
v1|206406512510|0,10 ROCK / SOUL / JAZZ VINYL LP ALBUMS LOT 12,7.98,0.1063
v1|307059392688|0,2X Vinyl Record Carly Simon Boys In the Trees and No Secrets Japanese Pressings!,10.99,0.1062
v1|407068132807|0,Ted Nugent and the Amboy Dukes Marriage on the Rocks/Rock Bottom LP w/ Insert,8.50,0.1062
v1|398166938110|0,SONNY BOY WILLIAMSON - More Real Folk Blues - Chess LP 1509,25.00,0.1062
v1|137507173667|0,45 - Bobby Rydell -  Cherie & Good Time Baby - Cameo C-186,0.50,0.1062
v1|127975000890|0,"BLONDIE, Heart Of Glass Disco Version 33  1/3 12-in Release Chrysalis 1978 NM/NM",5.96,0.1061
v1|298500469771|0,"1969-ANN PEEBLES, "" SOLID FOUNDATION/ GIVE ME SOME CREDIT"", 7"" HI RECORDS, SOUL",0.99,0.1061
v1|188632423187|0,SQUEEZE - BABYLON AND ON Vinyl LP RECORD 1987 Album SP 5161 NM,9.99,0.1060
v1|358785844044|0,"25 by Adele (Record, 2015) Like New",3.99,0.1060
v1|377332136255|0,Captain & Tennille Song of Joy/The Mamas & The Papa's (2) LPs Near Mint,7.50,0.1059
v1|800321898572|0,JETHRO TULL Aqualung CHRYSALIS CHR-1044 LP VG+ gatefold w/ lyric insert k,10.50,0.1059
v1|398167955921|0,American Indian Ceremonial And War Dances Vinyl,5.00,0.1058
v1|377338118265|0,Bishop Jeff Banks And The Temple Mass Choir - The Storm Is Over- Vinyl Record LP,4.99,0.1058
v1|188630723679|0,Teena Marie    Square Biz   12''   (Canadian Press),8.00,0.1058
v1|800321898125|0,JEFFERSON AIRPLANE The Worst Of... RCA LP VG+ textured gatefold k,18.00,0.1058
v1|188630594316|0,Statler Brothers - Carry Me Back - 1973 - Mercury - Vinyl Record 9522 VG Cond,4.00,0.1058
v1|377310060711|0,🎤︎ 1967 JIMI HENDRIX EXPERIENCE ARE YOU EXPERIENCED POLYDOR SPELP 97 UK LP,19.99,0.1058
v1|800321845350|0,BADFINGER Magic Christian Music APPLE LP VG+ k,8.00,0.1057
v1|327258649980|0,Leone Thomas 45 Thank You Baby Part 1 / Part 2 B6,0.99,0.1057
v1|257618703702|0,LAWRENCE OF ARABIA ORIGINAL LP MOTION PICTURE SOUNDTRACK  STEREO COLPIX SCP514,5.00,0.1057
v1|278175797038|0,Crosby Stills Nash & Young - Deja Vu - Folk Rock Atlantic SD-7200 VG/VG,9.99,0.1057
v1|336683996096|0,Funk 45 SCOTT BROS A Hunk O' Funk/They All Came Back on Toddlin Town VG++/NM,7.99,0.1057
v1|198492644505|0,DJ PREMIER - NEW YORK REALITY CHECK 101 - Vinyl 3 x LP 1997 East Coast Hip Hop!,61.00,0.1057
v1|318571898173|0,"Songs We Taught Your Mother, 1962 LP, Hunter/Hegamin/Spivey, original, excellent",60.00,0.1056
v1|278176246974|0,"Buffalo Springfield Self Titled Double LP, Atco SD 2-806 COVER & VINYL ARE VG+",9.00,0.1056
v1|377338118189|0,Henry Gaffney - On Again Off Again - Vinyl Record LP 1978 UA MR-LA861-H,4.99,0.1056
v1|206415318545|0,GRATEFUL DEAD - Wake of the Flood | GD-01 | OG 1973 | Monarch | LP,15.00,0.1055
v1|327259371655|0,Carly Simon – Self-Titled LP 1971 Elektra EKS-74082 VG Vinyl w/ Poster Pitman Pr,1.99,0.1055
v1|188607979459|0,THE FABULOUS THUNDERBIRDS - HOT NUMBER Vinyl LP RECORD 1987 Album Z 40818 NM,8.99,0.1055
v1|137507179235|0,45 - Bobby Rydell -  The Third House & The Fish  - Cameo C-192,0.50,0.1054
v1|377336816374|0,R&B 45 KOKO JOE The Insomniac/I Wanna Job on LMI VG++/NM promo,7.99,0.1053
v1|206410974472|0,78 RPM Vocal Group The Crows on Rama: Untrue/Baby V:VG+.   L:VG+,25.00,0.1053
v1|158077267750|0,Bill Haley & The Comets Live In London 1974 Vinyl LP WEA Records,4.00,0.1052
v1|377338359910|0,Billy Joel LP An Innocent Man ORIG.,7.00,0.1052
v1|198494035737|0,Heatwave and The Manhattans Disco Funk 4-Album Vinyl Lot,7.00,0.1052
v1|127971525745|0,SIMON AND GARFUNKEL:Bookends Columbia KCS 9529 LP 1968 G/VG,4.00,0.1052
v1|127965236343|0,"JULIO IGLESIAS- CABALLO VIEJO/BAMBOLEO -1989 MEXICAN 12"" SINGLE PROMO TRANLUCENT",14.99,0.1051
v1|147432591678|0,45 - Bobby Rydell -  Ding-A-Ling & Swingin' School   - Cameo C-175,0.50,0.1051
v1|227431077275|0,Ink And Dagger Drive This Seven Inch Wooden Steak Through My Philadelphia Heart,40.00,0.1051
v1|336684002552|0,Northern Soul 45 OSCAR MCLOLLIE Nursery Rhyme/Ignore Me on Show Time VG+,7.99,0.1050
v1|377332485542|0,Rare Vinyl Album Brides Of Destruction 2004 Here Come The Brides LP shrink wrap,123.45,0.1050
v1|366535385590|0,GRAND FUNK RAILROAD Closer To Home CAPITOL LP VG+ gatefold k,8.00,0.1049
v1|227416714761|0,45 NOS / GENE CHANDLER / I CAN TAKE CARE OF MYSELF / GOLDMINE / LISTEN,9.99,0.1049
v1|206393865138|0,"DG 2530 880 Stravinsky:Les Noces(Wedding);Mass/Bernstein/Argerich,Zinmerman+,NM",5.00,0.1049
v1|318568478188|0,ASIA Astra GEFFEN LP VG+ k,8.00,0.1049
v1|178298487834|0,3 Australian DJ Promo Julian Cope 12 inch Vinyl 45rpm's Ltd Ed P/S 10 tracks,14.99,0.1049
v1|267725768290|0,"Davina ""Best Of Both Worlds"" 2xLP Loud R&B Hip Hop",24.99,0.1049
v1|127965236378|0,LILA DENEKEN -1979 SELF TITLED- MEXICAN LP ALBUM PICTURE PROMO DISC WOC SOC WOL,19.99,0.1048
v1|117297917897|0,Bach The Sonatas For Violin & Harpsichord promo 2 LP box set Josef Suk BSC 160,9.90,0.1048
v1|168531707101|0,PAT KELLY Little Boy Blue / You Are Not Mine Lee's Rocksteady Ska Reggae 45 HEAR,6.00,0.1048
v1|278175797041|0,Chicago At Carnegie Hall Vol I & II Vinyl 2LP Columbia Gatefold KG30863 VG+/VG,9.99,0.1048
v1|800321845088|0,Humble Pie - S/T LP - A&M VG+,9.15,0.1048
v1|318568501371|0,DONOVAN Sunshine Superman EPIC LP VG+ k,11.50,0.1047
v1|800331077962|0,"Ronco Chart Runners Part 2 12"" Black Vinyl LP Stereo Pop Various Artists",2.99,0.1047
v1|147431615635|0,"D Train Walk On By 12"" Black Vinyl Single 33RPM Prelude PRL D638 1982",4.31,0.1046
v1|377336823801|0,Sweet/Northern Soul 45 CICERO BLAKE Sad Feeling/You're Gonna Be Sorry on Renee ,7.99,0.1046
v1|188632481360|0,GREG KIHN BAND - GLASS HOUSE ROCK Vinyl PROMO LP RECORD 1980 Album BZ 10068 NM,9.44,0.1046
v1|278174863529|0,Northern Soul 45 BLUES BUSTERS Love Is The Answer/Speak Your Mind on Minit promo,7.99,0.1045
v1|178304941621|0,Kenneth McKellar Decca PA 11 1969 The World Of Kenneth McKellar VG+,20.00,0.1045
v1|407067513693|0,Motorhead – Anthology excellent condition,20.70,0.1044
v1|336685043395|0,SAM THE SHAM & THE PHARAOHS~ 1965~ ON TOUR MGM LP SHRINK NM,9.99,0.1044
v1|178305692275|0,Pearl Harbor and The Explosions S/T Self Titled 1980 Original NM Record & Cover ,6.00,0.1043
v1|137507341382|0,"The Shearing Spell-The George Shearing Quintet, Vinyl Lp-Mono.",4.00,0.1042
v1|336685448688|0,"Willis Jackson - Bar Wars, 1978 LP, Jazz, Hard Bop.",9.99,0.1042
v1|198492569736|0,THE BYRDS LP Dr. Byrds and Mr. Hyde 1968  Sundazed RE 180 Gram  vinyl,15.00,0.1042
v1|307058507733|0,"Cheech And Chong, Sleeping Beauty, OD-40, 1976 Master Release. VG/VG+",10.00,0.1042
v1|257618762447|0,"WAYLON & JESSI - Leather And Lace (1981) - 12"" Vinyl Record LP - VG+",5.11,0.1041
v1|377336812022|0,Northern Soul 45 MARTHA & THE VANDELLAS My Baby Won't Come Back on Gordy VG++,7.99,0.1041
v1|336683997458|0,Islands Soul 45 DERRICK HARRIOTT Close To Me/Another Lonely Night on Crystal,7.99,0.1041
v1|307052737065|0,"Orson Welles The Begatting of The President LP Vinyl 12"" Mediarts 41-2 Spoken",2.50,0.1041
v1|267725159223|0,"Jesse Nakooka 54 Bridges to Hana, Maui USA by Kihei Records 33rpm VINYL LP",9.99,0.1041
v1|336685160924|0,PINK FLOYD The Wall 1979 1st PRESS **HYPE** NM BEAUTY!!!  Ultrasonic/VPI Clean,145.50,0.1040
v1|298499965393|0,"There Will Be No Intermission by Palmer, Amanda (Record, 2019)",2.00,0.1040
v1|318568485477|0,BOB DYLAN John Wesley Harding COLUMBIA LP 2-eye k,8.00,0.1039
v1|168531361265|0,Communards Never Can Say Goodbye / Tomorrow PROMO Vinyl MCA ULTRASONIC CLEANED,12.99,0.1039
v1|366535385313|0,GO-GO'S Beauty And The Beat I.R.S. LP VG+ k,11.50,0.1039
v1|318568481005|0,BEATLES Sgt Peppers Lonely Hearts Club CAPITOL SMAS-2653 LP gatefold w/ insert k,12.50,0.1039
v1|287456313515|0,Deception-The Colored Field Vinyl Album 1987 Crysalis Records WHITE COVER,1.25,0.1038
v1|147432688430|0,"PARIS RECORDS/THE DOORS ""RESURRECTION"" 1971 UNOFFICIAL ALBUM (2) 12"" VINYLS RARE",85.00,0.1038
v1|147431527138|0,"WARNER BROS / VAN HALEN ""DIVER DOWN"" 1982 ORIGINAL ALBUM 12"" VINTAGE VINYL RARE",10.00,0.1037
v1|206393865133|0,"DG 2530 788 Russo:Street Music/Gershwin:American in Paris/SFSO/Ozawa,NM",10.00,0.1037
v1|158077655544|0,Santana Abraxas Gatefold Vinyl Record Album Original 1970 Vintage & Poster,10.00,0.1035
v1|366535387586|0,HOLLIES Words And Music By Bob Dylan EPIC LP VG++/VG+ k,8.00,0.1035
v1|206406509945|0,10 ROCK / SOUL / JAZZ VINYL LP ALBUMS LOT 24,7.98,0.1035
v1|206406509945|0,10 ROCK / SOUL / JAZZ VINYL LP ALBUMS LOT 24,7.98,0.1035
v1|800321904020|0,JIMI HENDRIX EXPERIENCE Axis: Bold As Love POLYDOR LP VG+ germany gatefold k,11.50,0.1035
v1|318573259577|0,Gentle Giant - Giant for a Day - Capitol SW11813 Canada 1978 OIS - NMINT,20.00,0.1034
v1|377336811469|0,Northern Soul 45 LINDA BALL Always You/The End on Jerden promo,7.99,0.1034
v1|198494022884|0,Ella Fitzgerald / The Isley Brothers Classic Soul & Jazz Vinyl Lot,8.00,0.1033
v1|267725009755|0,Dueling Banjos Deliverance Soundtrack Vintage Vinyl Lp 1973 BS 2683 Shrink EX/EX,6.99,0.1033
v1|366538965398|0,"Sam Cooke 45 ""Twistin' The Night Away / One More Time"" VAU3",0.99,0.1033
v1|407066904074|0,Vera Bastow on MET 1202,20.00,0.1032
v1|127971376076|0,Sweet ST -11395  Desolation Boulevard   VG,12.52,0.1032
v1|377338117277|0,Kenny Loggins - Celebrate Me Home Vinyl Record LP 1977 Columbia (PC-34655),5.99,0.1032
v1|377338118324|0,Kenny Loggins - Celebrate Me Home Vinyl Record LP 1977 Columbia (PC-34655),3.99,0.1032
v1|287457394369|0,Pink Floyd The Division Bell 2LP 180g Vinyl 2016 Remastered,38.00,0.1032
v1|327258513432|0,"The Clash ‎– (White Man) In Hammersmith Palais 1978 UK 7"" vinyl single",24.00,0.1032
v1|147432399089|0,Madonna Play with Me Live LP Vinyl - Wembley Stadium July 21 1990,30.00,0.1032
v1|227428410251|0,Pinay  -  Filipino-American Girls R&B Test Press Signed Vinyl By Group,25.00,0.1031
v1|366522533136|0,45 FUNK / THE RHINE OAKS / TAMPIN / ATCO / LISTEN,9.99,0.1031
v1|398165793699|0,Antonio Vivaldi Complete Sacred Choral Music Philips Stereo Vinyl 2LP Set Negri,8.00,0.1031
v1|336685276369|0,M.C. Hammer Vinyl Lot Of 6,25.00,0.1031
v1|236933752477|0,Dinah Washington-In The Land Of Hi-Fi-Jazz Mercury Records MG 36073 1956,2.80,0.1030
v1|398166937233|0,ILLINOIS JACQUET - The King! - PRESTIGE PRST 7597  Billy Butler   Joe Newman,12.00,0.1030
v1|398166937233|0,ILLINOIS JACQUET - The King! - PRESTIGE PRST 7597  Billy Butler   Joe Newman,12.00,0.1030
v1|236926447934|0,SHEL SILVERSTEIN - Crouchin' On The Outside - '73 Janus lbl NM 2-LP set,18.50,0.1030
v1|327261212961|0,Mildred Bailey All of Me Vinyl LP Monmouth Evergreen MES 6814 Jazz VG,9.99,0.1029
v1|318568491158|0,CHEAP TRICK Heaven Tonight EPIC LP VG+ k,8.50,0.1028
v1|188631964555|0,soul/r&b/funk Lot of 24mostly  from the 60s All vg+ to EX condition  Lot No. 2,66.13,0.1028
v1|327258683882|0,The First Theremin Era-The Barnabas Theme From Dark Shadows (Epic),19.99,0.1027
v1|407067514440|0,"Motorhead Batshaped picture disc, Interview ",38.05,0.1027
v1|318571753827|0,The Beach Boys American Summer 2 LP Vinyl Capitol Records Vintage OG Pressing,8.95,0.1027
v1|188631550448|0,"Portals by Melanie Martinez Vinyl Record (Apr 2023, Atlantic)",4.99,0.1027
v1|206411184159|0,DAVID LINDLEY And El Rayo-X ‎– Win This Record! - 1982 1st US Issue LP,3.00,0.1027
v1|267724484734|0,Led Zeppelin - In Through The Out Door - 1979 Japan Vinyl w/ OBI/Insert - NM,90.00,0.1027
v1|278175810576|0,"Ella Fitzgerald Joe Pass Fitzgerald & Pass... Again Pablo 2310-772 12"" LP 1976",3.71,0.1026
v1|398165803407|0,BARTOK Concerto for orchestra/Dance suite Solti/Chicago SO DECCA LP NM SXDL 7536,5.00,0.1026
v1|137507283814|0,SARAH VAUGHN “Swingin’ Easy” (1957 Mono Vinyl LP) VG+!!,6.50,0.1025
v1|168531281654|0,ROCK-DAVID BOWIE-CHINA GIRL/SHAKE IT-EMI AMERICA 8165-STEREO,5.00,0.1025
v1|298500412775|0,Signed by Jethro-Homer & Jethro Sing Tenderly & Other Great Love Ballads LP,4.99,0.1025
v1|298500524173|0,Steve Miller Fly Like an Eagle LP Capitol SN-16339 1976,8.00,0.1025
v1|398165811309|0,MOZART Clarinet Quintet Oboe Quartet MARRINER/HUNT/ Chilingirian Qt CFP 40377 LP,5.00,0.1024
v1|366535376277|0,ELECTRIC LIGHT ORCHESTRA Discovery JET LP VG+ wlp gatefold k,8.50,0.1024
v1|358785937867|0,"Capital 45 RPM Record, Taylor John,Jonathan Elias,I Do What I Do,Jazz VG ",1.00,0.1024
v1|298499786288|0,"Arcadia The Promise Japan /Japanese twelve inch 12"" single - Duran Duran related",20.00,0.1023
v1|227428340625|0,"461 Ocean Boulevard by Clapton, Eric",5.00,0.1023
v1|800321862999|0,CHRIS ISAAK Self Titled WARNER BROS 25536-1 LP VG+ SHRINK k,18.50,0.1023
v1|236933967777|0,AEROSMITH Rocks COLUMBIA PC-34165 LP New / Factory Sealed,7.50,0.1023
v1|236933472064|0,The Beatles Original Vinyl Album Abbey Road 🍏Apple SO -383🍏 Rare Classic rock,24.99,0.1023
v1|377338308037|0,PENTHOUSE PRESENTS Love Symphony Orchestra 1978 Disco VG+ VINYL LP Record USED,8.99,0.1022
v1|307059859900|0,U.K.Squeeze   Red Vinyl   NM,15.00,0.1022
v1|178303314794|0,CANTERBURY TALES - Original London Cast - TER  Stereo Vinyl LP,11.99,0.1021
v1|377338308031|0,NORMAN PARIS TRIO Clarabelle Clowns with Jazz GOLDEN CREST  VINYL LP Record USED,8.99,0.1021
v1|398166995358|0,bill cosby vinyl,6.00,0.1021
v1|307050520933|0,Henri Le Bonte For You Alone The Phono-Cut Record Co. #5074 Hill & Dale Recorded,9.95,0.1021
v1|366535357997|0,ALLAN CLARKE My Name Is 'Arold EPIC LP VG+ with lyric sheet insert SHRINK k,8.00,0.1021
v1|158076875971|0,UPDATED LISTING! Father John Doe Sobriety & Beyond LP Sobriety Without End Book,50.00,0.1020
v1|287456725386|0,The White Cliffs Of Dover 3 LPs,6.29,0.1020
v1|188632398630|0,Vinyl LP Record Lot of 2 Return To Forever Musicmagic Laura Nyro New York Tendab,0.99,0.1019
v1|127971160255|0,Jukebox 45 & Title Strip Rod Stewart Rhythm Of My Heart Cleaned Tested,2.49,0.1019
v1|188618007605|0,RICKY SKAGGS - DON'T CHEAT IN OUR HOMETOWN Vinyl LP RECORD 1983 Country 38954 NM,9.99,0.1018
v1|366535386820|0,HEART Dreamboat Annie MUSHROOM MRS-5005 LP VG+ gatefold SHRINK k,42.00,0.1018
v1|206410881867|0,Herman's Hermits On Tour (Their Second Album!) MGM Records – E 4295,2.00,0.1018
v1|318573609623|0,The Society Of Seven SOS 70 Feeling Groovy / This Is My Life,12.00,0.1018
v1|318565173522|0,Akae Beka Living Testament Midnite Virgin Islands Selassie I Reggae Vinyl LP,32.99,0.1018
v1|198494022871|0,Stanley Clarke & Kool & The Gang Jazz Funk Lot,9.00,0.1017
v1|188632424777|0,EL VARON - SIGO SIENDO EL Vinyl LP RECORD 1986 Album LATIN Merengue YLP004 NM,9.88,0.1017
v1|127971160540|0,"Steve Miller Band -Number 5 LP 1970 Original Record 12"" Capitol Records SKAO-436",5.50,0.1016
v1|800321840377|0,AEROSMITH Self Titled CBS S-65486 LP VG+ holland k,15.50,0.1016
v1|198494022939|0,Cat Stevens and Jeffrey Osborne Pop Soul Vinyl Lot,5.00,0.1016
v1|307058342312|0,Revocation - Revocation LP 2013 Relapse – Purple Splatter Death Metal,20.00,0.1016
v1|336684000612|0,Northern Soul 45 INTERTAINS Time/Cool Summer Night on Uptown VG++,17.50,0.1015
v1|407068357278|0,"Whitney Houston Whitney Houston Arista 12"" Black Vinyl LP Record",8.00,0.1015
v1|398168060242|0,Zapped Original Motion Picture LP Promo,16.00,0.1015
v1|318568505807|0,ERIC CLAPTON Self Titled RSO RS-1-3008 LP VG+ k,8.00,0.1014
v1|318568518777|0,JIMI HENDRIX EXPERIENCE Electric Ladyland REPRISE 2RS-6307 2XLP gatefold k,8.00,0.1014
v1|398167975421|0,Shostakovich Symphony No.5 Haitink/Concertgebouw London LDR 71051 LP NM Holland,10.00,0.1014
v1|206408134686|0,Bathory - The Return LP - Black Mark Production Sweden Reissue,12.50,0.1013
v1|336683991898|0,Crossover Soul 45 LOVATIONS Stay Clear Of His Love/Please Dont Leave Me on Segue,7.99,0.1013
v1|377338117209|0,Spirit - Twelve Dreams Of Dr. Sardonicus - Vinyl Record LP - 1970 Epic E 30267,3.99,0.1013
v1|158077247387|0,The Rotters-What We Do Is Stupid- Live 1979 Vinyl LP,11.00,0.1012
v1|318573897145|0,STYX The Grand Illusion LP Vinyl 1977 US Original TML-S Mastering Terre Haute,8.00,0.1012
v1|298500653301|0,Family Dogg The View from Rowland's Head LP Buddah BDS 5100 Gatefold 1972,10.00,0.1012
v1|178305703094|0,"Squeeze - Sweets From A Stranger (1982) Holland Press, M-record, and VG+cover ",8.00,0.1011
v1|800321896346|0,JAMES GANG Yer' Album ABC LP VG+ gatefold k,8.00,0.1011
v1|298494599061|0,RALPH EMERY RADIO SHOW RECORD LOT 1977 EMMY LOU HARRIS La COSTA SONNY JAMES JEAN,15.00,0.1011
v1|267725926103|0,The Secret – Solve Et Coagula LP Crust Grindcore Black Metal Gold Splatter,65.00,0.1010
v1|377338117254|0,Shawn Phillips - Bright White - A&M SP-4402 Vinyl Record LP,4.99,0.1010
v1|227428674221|0,Gordon Lightfoot – Don Quixote LP MS2056 Reprise Vinyl 1972 Beautiful EX!,12.00,0.1009
v1|800321845034|0,Coldplay - A Rush Of Blood To The Head LP - Parlophone EU 180g VG++ Shrink,15.50,0.1009
v1|158077861329|0,80s metal vinyl records lot Quiet Riot Triumph Y&T Krokus Aldo Nova Vg+ & Up Vin,49.99,0.1009
v1|206411111368|0,The Crimson Curse - Both Feet in the Grave 12” LP Red Vinyl - Three.One.G Record,25.00,0.1008
v1|178305715665|0,POINT BLANK Second Season 1977 Arista 4137 Southern Rock M-Rec. & Cov.Orig Inner,7.00,0.1008
v1|298500048020|0,Michael Parks Blue MGM  Vinyl LP SE4717,4.99,0.1008
v1|377341217884|0,"NOFX – 7"" Inch Of The Month Club #1 punk rock rancid bad religion lagwagon",8.99,0.1007
v1|188631892716|0,BOB PRESCOTT PRESENTS CARTOONS IN STEREO AUDIO FIDELITY DFS 7008!,9.99,0.1007
v1|127971390778|0,"THE ROLLING STONES ~ HIGHWIRE/2000 LIGHT YEARS FROM HOME (LIVE) 1991 RS RECS 7""",3.99,0.1007
v1|127971526529|0,SSGT. BARRY SADLER:Ballads of the Green Berets RCA LSP-3547 LP 1966 VG/G+,6.00,0.1007
v1|318568478689|0,Belly - King LP - 4AD UK VG++,36.00,0.1006
v1|267725987596|0,HUMBLE PIE 1st Pr 1971 ROCK ON Play Tested VG+ SOUND SP 4301 Marriott Frampton,11.95,0.1006
v1|287457112679|0,20 Explosive Original Hits Original Stars Vinyl LP,4.79,0.1006
v1|267726030823|0,Charlie Rich - There Won't Be Anymore - 1974 RCA APL1-0433 LP Vinyl Record - NM!,4.99,0.1005
v1|147432740385|0,"THE BYRDS - Byrds - 1973 (EX,NM) LP - (1st Yr) - (Folk Rock) - (Asylum #SD 5058)",10.00,0.1005
v1|336685241070|0,Fleetwood Mac Rumors BSK 3010 1977 Vinyl with Insert Warner Bros. in Shrink,8.50,0.1005
v1|800331332361|0,"Saturday Night Fever Original Movie Soundtrack 2x 12"" Vinyl LP RSO 1977",4.99,0.1004
v1|206410970459|0,78 RPM Blues  Roosevelt Wardell on Melford: She Drinks Too Much Wine/Bernice V:V,25.00,0.1004
v1|198492096678|0,"BT - LOVE, PEACE AND GREASE - 2 x 12"" Vinyl Single 1997 - Limited Ed. US Promo!!",9.98,0.1002
v1|236934117882|0,Big Star #1 Record-UK 1986 Ace Records WIK 53 Ships from U.S.  Alex Chilton,36.00,0.1001
v1|236934117882|0,Big Star #1 Record-UK 1986 Ace Records WIK 53 Ships from U.S.  Alex Chilton,36.00,0.1001
v1|307052854818|0,Disco Dozen! Lot of 12 45RPM Singles 70s Vintage Dance DJ Beats/Breaks 7” Vinyl,5.00,0.1000
v1|327258415763|0,Talking Heads / More Songs About Buildings And Food-Classic Rock Vinyl-1978 OG,8.50,0.0999
v1|168531817159|0,FUNK The Gaturs Cold Bear / The Booger Man ATCO 6870 1971 HEAR IT,5.00,0.0999
v1|206414937757|0,"Adam And The Ants ""Kings Of The Wild Frontier"" Vinyl LP album ",6.66,0.0999
v1|366535380205|0,ERIC CLAPTON 461 Ocean Boulevard RSO LP VG+ gatefold k,8.00,0.0999
v1|127970952729|0,Foghat 1972 VG+ Hard Blues Rock LP Bearsville Record,8.00,0.0999
v1|178305690673|0,"THE JAGS LP (EVENING STANDARDS) ON ISLAND , M-Rec, and Cov With Original Inner ",9.00,0.0998
v1|168531325899|0,"1963 Bob Vaught & The Renegaids LP “Surf Crazy"" Crescendo Instrumental",14.95,0.0998
v1|267726020508|0,Doug Kershaw Alive And Pickin Lp,3.50,0.0997
v1|287461908548|0,David Bowie Young Americans Vinyl LP 1975 Original 1st Press APL1-0998 VG+/VG+,6.50,0.0997
v1|206409788580|0,"SEALED DG 2720 055 Mozart:The Great String Quartets,5LP box",8.00,0.0997
v1|206393865128|0,"DG 415 962-1 Mozart:Sym #36,38/VPO/Bernsten,NM",6.00,0.0996
v1|407067727077|0,"JOHNNY GRIFFIN- RETURN OF THE GRIFFIN-GALAXY 5117, RONNIE MATHEWS, 1978",14.98,0.0996
v1|358788161187|0,Electric Moog Orchestra Close Encounters 1977 Musicor Vinyl LP,10.00,0.0996
v1|800331316587|0,Sammy Davis Jr Carman McRae Boy Meets Girl Decca Records VINYL LP Jack Pleis,0.99,0.0995
v1|800321845106|0,"Joe Jackson - Look Sharp! 2x10"" - A&M VG++",8.00,0.0995
v1|336684821035|0,Buddy Rich & Louis Bellson-Are You Ready For This!-Roost 2263 Orig 1st LP NM-!!,37.50,0.0995
v1|227423913397|0,STYX - 1983-  Kilroy Was Here - Gatefold,7.00,0.0995
v1|188618434074|0,Duke Ellington - Sump'n 'Bout Rhythm - BRUNSWICK 7310 E,19.99,0.0995
v1|407066857665|0,Barry White on UGZS61420,5.00,0.0994
v1|198493703533|0,"Pia Zadora Pia & Phil LP Strand Jazz 12"" 33 RPM Vinyl Robert Farnon",1.50,0.0994
v1|366535382501|0,FLEETWOOD MAC Bare Trees REPRISE LP VG+ germany k,8.00,0.0993
v1|318568478324|0,ATLANTA RHYTHM SECTION A Rock And Roll Alternative POLYDOR PD-1-6080 LP SEALED k,8.00,0.0993
v1|168525884044|0,Barbara Streisand & Donna Summer (Duet-Single): No More Tears (Enough Is Enough),4.99,0.0992
v1|198493995464|0,Johnny Cash At Folsom Prison 1968 vinyl record,10.00,0.0991
v1|800321896682|0,JAN & DEAN With The Soul Surfers L-J 101 LP k,8.00,0.0991
v1|307058774963|0,Starz 45RPM “Cherry Baby” 1977 70s Power Pop 7” Vinyl W/Pic Sleeve,3.00,0.0991
v1|298500161817|0,Ella Fitzgerald: Dream Dancing & Sweet Songs for Swingers. 2 great vinyl albums,9.95,0.0990
v1|366539084415|0,The Stanley Brothers And The Clinch Mountain Boys - Sacred Songs - LP Vinyl VG+,12.00,0.0990
v1|117302752595|0,Lp-Telefunken&Teldec.W.A.Mozart - IDOMENEO(Supplement).NM,6.99,0.0990
v1|377338117552|0,Bishop Jeff Banks And The Revival Temple Mass Choir- Work On Me -Vinyl Record LP,5.99,0.0990
v1|188631111156|0,"Johnny Bond, Sick, Sober & Sorry Nashville Records, VG Condition Ships Free",3.50,0.0990
v1|800359915593|0,"Taylor Swift 7"" Opalite Vinyl LP Single - The Life of a Showgirl - Limited-MINT",39.00,0.0990
v1|318583272764|0,Parliament The Clones of Dr. Funkenstein LP Vinyl Casablanca Stereo NBLP 7034,10.00,0.0989
v1|307059033389|0,Frank Crumit - I'm A Specialist / Taught Me How To Play The Second Fiddle ,8.00,0.0989
v1|298500525371|0,Steve Martin A Wild and Crazy Guy LP 1978 WB HS3238 gatefold,5.00,0.0989
v1|198493802875|0,ZACH BRYAN WITH HEAVEN ON TOP 2LP MINT- 2LP,29.99,0.0988
v1|188631585357|0,montrose jump on it vinyl,4.00,0.0987
v1|318573787128|0,Sweet CUT ABOVE THE REST LP vinyl VG,9.99,0.0986
v1|366535365076|0,BILL MCADOO Sings With Guitar FOLKWAYS LP with insert k,8.00,0.0986
v1|198492288637|0,Eudice Shapiro SONATAS For Violin Piano Vanguard Mono LP 1958 Romantic Classical,19.98,0.0986
v1|127965236312|0,EL SUPER SHOW DE LOS VASKEZ-CAÑONAZOS Y CAÑONAZOS 2-1986 MEX LP TRANSLUCENT WAX,14.99,0.0986
v1|318573593441|0,Ian Carr's Nucleus - Out Of The Long Dark - 1979 Capitol - Progressive Jazz Rock,23.00,0.0985
v1|377337076956|0,VINTAGE VINYL 45:  Wings “Live and Let Die” / “I Lie Around” (1973),5.00,0.0985
v1|168524320414|0,"Harry Belafonte: At Carnegie Hall, The Complete Concert (Double LP Set) (1959)",4.99,0.0985
v1|398165825467|0,HALLE ENCORE! Maurice Handford Halle Orchestra LP  CFP40320,5.00,0.0985
v1|398167016023|0,Chet Atkins & Jerry Reed Me And Jerry RCA LSP-4396 LP Open In Shrink,15.00,0.0984
v1|147432456709|0,Four Teens Go Little Go Cat/Spark Plug Rare 45 Challenge Records 7” 1958,31.00,0.0984
v1|117297922692|0,John Denver Lot Of 3 Lp Vinyl Record Albums In Ex Condition,10.00,0.0983
v1|307051284421|0,"Morris Albert“Feelings” Stereo Vinyl = VG+ 12"" LP Record Rock, Folk, Pop, Ballad",2.50,0.0983
v1|278174851829|0,Crossover Soul 45 ESQUIRES How Could It Be/I Know I Can on Bunky NM,7.99,0.0983
v1|298500524027|0,Ted Nugent Scream Dream LP Epic FE36404 1980,3.00,0.0983
v1|800321870951|0,DEEP PURPLE Burn PURPLE LP VG++ germany k,8.00,0.0982
v1|188622004839|0,"Stanley Kubrick's Clockwork Orange, Late 70's re, Warner Bros. BS 2573, VG++/M-",11.50,0.0982
v1|257618519751|0,Jade 5-4-3-2 Yo Time Is Up 12” Vinyl 1994 Jermaine Dupri So So Def 0-41758,3.00,0.0981
v1|298493901198|0,Cat Mother and the All Night News Boys The Street Giveth LP 1969 Polydor 24-4001,5.00,0.0981
v1|168531331151|0,Stevie B In My Eyes 12” Maxi Vinyl PROMO LMR 4004 Latin House VG/VG+ - 2 Records,15.99,0.0981
v1|366538908761|0,"The Or Hakesef Singers LP ""Etz Chayim And Other Compositions"" VG++ BX8C",3.00,0.0981
v1|327255464017|0,Oral Roberts Presents Music by the World Action Singers,0.99,0.0980
v1|336685144496|0,"WYNTON MARSALIS CARNAVAL 12"" LP EX VINYL RECORD CBS 1987",5.95,0.0980
v1|336685044724|0,LP GLADYS KNIGHT & THE PIPS. EVERYBODY NEEDS LOVE SOUL LBL MINT-,14.95,0.0980
v1|318561286065|0,"THUNDERBALL HEART OF THE HUSTLER 12"" DNB DRUM And BASS OOP HTF DJ ",10.00,0.0980
v1|227427531435|0,Love Unlimited Orchestra Music Maestro Please (1975) Vinyl LP Barry White NM,3.99,0.0979
v1|307058533068|0,JAMES GANG - Passin' Thru - VINYL LP ABCX760 Club Edition,1.00,0.0979
v1|398165861335|0,Al Jarreau Lies For  Lovers Vinyl,5.00,0.0979
v1|158077686809|0,"Stevie Nicks Bella Donna 12"" Black Vinyl LP Modern Records Rock Cardboard Sleeve",10.00,0.0979
v1|366535385443|0,GORDON LIGHTFOOT Sundown MFSL LP NM with company inserts k,23.50,0.0979
v1|377337990995|0,PINK FLOYD A COLLECTION OF GREAT DANCE SONGS 1981 VINYL LP TC37680,15.00,0.0979
v1|147432310135|0,ELVIS PRESLEY LP RPL-8093 LOVE SONGS JAPAN 1985 OBI/4 PG LYRIC SHEET NM/MT 1981,53.00,0.0979
v1|257618754765|0,THE TURTLES Present The Battle Of The Bands LP WHITE WHALE WWS 7118,14.95,0.0978
v1|168531605459|0,Wishbone Ash Locked In Vinyl Record Lp,4.75,0.0978
v1|800329484019|0,Sump - Old Ways To Pass Into Hell LP,20.00,0.0977
v1|800330181104|0,"WYCLEF JEAN "" Party to Damascus"" feat Missy Elliot 12""White label Promo Exc Cond",4.00,0.0977
v1|358785647568|0,"Dot 45RPM Record, Tommy Overstreet, Within This World of Mine, Ann Don't go,VG",1.00,0.0977
v1|278176203643|0,Ten Years After “A Space in Time” 1971 Columbia LP KC-30801 COVER & VINYL VG+,8.00,0.0977
v1|267726020265|0,Different Strokes Compilation VINYL LP 1971 Record Columbia Records AS-12,3.50,0.0976
v1|366538980958|0,"Don McLean ""Chain Lightning"" LP BX2",3.00,0.0976
v1|366535374582|0,DEL SHANNON This Is My Bag LIBERTY LP mono SHRINK k,8.00,0.0976
v1|800328413820|0,Pantera ‎–The Great Southern Trendkill - lp-SIGNED BY VINNIE - ORIGINAL unplayed,219.99,0.0976
v1|168531422149|0,Four  Herman Hermits 45 RPM Vinyl Record Henry VIII Dandy End of the World,2.00,0.0976
v1|336684599252|0,Cher The Sonny Side of Cher Vinyl LP Record Imperial LP-12301,5.00,0.0976
v1|158077242511|0,Plasticland – Let's Play Pollyanna 12” EP w/PROMO ONLY bio sheet,10.00,0.0975
v1|800331070459|0,"Ronco Super Hits #1 12"" Black Vinyl LP Compilation Pop RTL 2058 Aneka Madness",3.99,0.0975
v1|366535385140|0,GEORGE THOROGOOD/THE DESTROYERS Bad To The Bone EMI-AMERICA LP VG+ autographed k,8.50,0.0975
v1|298499824997|0,John Lennon - Rock 'N' Roll - Stand By Me - Japan Vinyl - EAS-80175,1.60,0.0975
v1|287456296021|0,"Chris & Lorin Rowan - Livin’ The Life Vinyl Album Appaloosa Records, Import 1980",3.50,0.0974
v1|298500654101|0,King Curtis Sax in Motion LP 1968 RCA CAS 2242,9.00,0.0974
v1|206410861590|0,Foreigner Head Games Album / Vinyl,5.99,0.0974
v1|318568519305|0,JIMI HENDRIX Sound Track Recordings REPRISE 2XLP VG++/VG+ germany gatefold k,8.50,0.0974
v1|227428591115|0,"Audio Fidelity Sound Effects in Stereo Vol. 2 12"" Black Vinyl LP DFS 7010 Stereo",3.03,0.0974
v1|267725334836|0,YOU LIGHT UP MY LIFE ORIGINAL MOVIE SOUNDTRACK / LP 1977 ARISTA RECORDS AB 4159,2.00,0.0974
v1|278175933421|0,PREWAR JAZZ 78 • Ellington Sonny Greer & Memphis Men Columbia 2833 BLUE Shellac,26.99,0.0974
v1|327258390121|0,The STRAWBS Hero And Heroine Lp Record ! Very Clean Copy!!!,15.99,0.0974
v1|287456912586|0,Koko Taylor Southside lady FRANCE Black And Blue Records LP,10.00,0.0973
v1|307058969188|0,JAZZ - IPANA TROUBADOURS Baby Face COLUMBIA 696 V+,5.00,0.0973
v1|267717772268|0,Latin Jazz Descarga Salsa- Ricardo Ray Bobby Cruz✨UA Latino  LP🎶🎧HEAR IT,19.99,0.0972
v1|227428357192|0,"Los Alegres de Teran Tu Recuerdo Rancheras Vinyl LP 12"" FLP-2027 Stereo VG+/VG+",9.99,0.0972
v1|318568500529|0,DEVO New Traditionalists WARNER BROS LP VG+ k,8.00,0.0972
v1|206408134766|0,Jewel - Pieces Of You 2xLP - Atlantic Ltd. VG+,14.50,0.0972
v1|307058533083|0,COMMANDER CODY - Ozone- VINYL LP Repress Richmond Pressing PAS 6017,1.00,0.0971
v1|800330908364|0,"Janet Jackson Miss You Much 12"" Single A&M SP-12315 1989",9.99,0.0971
v1|398167099995|0,Redd Foxx Wild Party Vinyl Lp Record DTL 804 1961,10.00,0.0971
v1|366535361195|0,BAND Music From Big Pink CAPITOL LP VG+ gatefold k,27.00,0.0971
v1|147432468230|0,Hoobastank Hoobastank Green Colored Vinyl Record LP,50.00,0.0970
v1|407064464855|0,Killer Shock Waves Belgium copy,15.06,0.0970
v1|800321872217|0,DEREK & THE DOMINOS Layla ATCO SD-2-704 2XLP VG+ gatefold k,10.75,0.0969
v1|188631950453|0,HOWLIN' WOLF - Howling Wolf Sings The Blues 1962 DELTA BLUES Mono Crown LP VG+,50.00,0.0968
v1|127971096445|0,Jukebox 45 & Title Strip Sinead O’Connor The Emperor’s New Clothes Clean Tested,2.49,0.0968
v1|407068035108|0,The Best Of Jeannie C. Riley Lp,6.99,0.0968
v1|137498189365|0,The Bill Gaither Trio We Are Persuaded lp Gary McSpadden + Bonus,6.99,0.0968
v1|188631954750|0,soul/r&b/funk Lot of 24 mostly from the 60s All vg+ to EX condition Lot No. 1,66.13,0.0967
v1|298499185131|0,"Earth, Wind & Fire Let's Groove/Let's Groove (Instrumental) 7"" 45 ARC",3.13,0.0967
v1|800321911145|0,JON GAILMOR Dirt! PHILO 1092 LP SEALED k,8.00,0.0967
v1|336684002613|0,Northern Soul 45 PETER HAMILTON Hey Girl/Instrumental on Jamie promo,62.10,0.0966
v1|267725806376|0,Charlie Byrd Quartet Let Go LP 1969 Columbia Records CS 9869 vinyl lp record,2.28,0.0966
v1|158023288930|0,ROLLING STONES - BLACK AND BLUE - GATEFOLD COVER W/ORIGINAL SLEEVE & REALLY NICE,10.49,0.0966
v1|800321862176|0,CHAMPION JACK DUPREE 1940-1950 WOLF/B.O.B. LP VG+ mono australia SHRINK k,8.00,0.0966
v1|377338117653|0,Gary Wright - The Dream Weaver - Vinyl Record LP- Classic Rock - 1975 Vintage,4.99,0.0966
v1|267725154473|0,"2) Ricky Van Shelton VINYL Record LOT~Wild-Eyed Dream~Loving Proof~LP~12""~",24.99,0.0966
v1|188632431694|0,SHIRLEY AND COMPANY - SHAME SHAME SHAME Vinyl LP RECORD 1975 Disco VI 128 NM,9.99,0.0965
v1|377337546151|0,MANFRED MANN'S EARTH BAND CHANCE 1980 VINYL LP BSK3498 ,6.00,0.0965
v1|257618746123|0,THE KINGSMEN VOLUME 2 Vinyl LP Wand Records LP-659,2.23,0.0964
v1|188632432378|0,CHICK COREA - SECRET AGENT Vinyl LP RECORD 1978 Album JAZZ PD-1-6176 NM,9.99,0.0964
v1|236933977056|0,Jetho Tull- A Passion Play LP 1973 Chrysalis Records,11.99,0.0962
v1|318568505208|0,ENNIO MORRICONE The Untouchables OST A&M LP VG+ promo k,8.50,0.0962
v1|318573765038|0,Golden Records 1950 Over the Rainbow by Anne Lloyd Yellow R49A,3.00,0.0962
v1|227428552536|0,Bill Brandon Johnnie Mae Wright/Whatever I Am I'm Yours 45Moonsong MS-9003VGSoul,31.00,0.0962
v1|377338117886|0,Mannheim Steamroller - Fresh Aire II -Vinyl LP American Gramaphone AG-359 Stereo,7.99,0.0962
v1|377332136251|0,"Pat Benatar (2)LPs ""Tropico"" & ""Get Nervous""-Vinyl Both in Near Mint C SPEC DEAL",6.99,0.0961
v1|127965236311|0,MARIA DE LOURDES - DE MARIA DE LOURDES PARA PEPE GUIZAR - 1991 MEX LP PUNCH HOLE,14.99,0.0961
v1|227428424175|0,"Byron Berline Dan Crary John Hickman 12"" Vinyl LP Sugar Hill SH-3720 1981",3.00,0.0961
v1|366532645444|0,Rare Native American EP - The Grand Canyon Hopi Indian Dancers - Hiway #8503-45,9.99,0.0960
v1|168531566463|0,Pat Benatar Crimes of Passion Vinyl Record Lp,4.25,0.0960
v1|366538950213|0,Kishegyi Feleki Keval Fischer LP Hebrew Melodies For Sabbath High Holidays BX7,3.00,0.0960
v1|358788635087|0,Bill LaBounty - Rain in My Life LP (1979) White Label Promo,15.00,0.0960
v1|188630736929|0,Caelestium    Love Stars   12''  Disco?,8.00,0.0960
v1|278170123393|0,Hard Rock Heavy Metal 3 Vinyl Lp Lot Def Leppard Ratt Kick Axe,34.75,0.0959
v1|358787391732|0,Hall& Oates Bigger Than The Both Of Us Album Released In 1976 Very Good,10.00,0.0959
v1|318573759478|0,VTG 1968 Georgie 33 1/3 RPM Scholastic Records Doublday & Co,4.00,0.0959
v1|127965236391|0,"JOAO GILBERTO - VOL. II - 1966 MEXICAN LP ALBUM, BOSSA NOVA",29.99,0.0959
v1|267725847844|0,The MAMAS & The PAPAS –Self Titled –1966 Dunhill –D-50010 LP,3.95,0.0958
v1|318572996050|0,"Columbia Les Elgart On Tour LP Vinyl 12"" 33 RPM Stereo CS 8103",6.50,0.0957
v1|127970958425|0,Wes Montgomery Just Walkin’ 1971 VG+ Yellow Label Promo Jazz LP Verve Records,8.00,0.0957
v1|198493903062|0,Johnny Mathis The Heart of a Woman vinyl record vintage,5.00,0.0957
v1|318573713287|0,"Judy Collins, Hard Time For Lovers, Vinyl LP Album.",3.95,0.0956
v1|127971527143|0,JOHN MORRIS High Anxiety 1978 LP on Asylum #5E-501 Mel Brooks BLAZING SADDLES,8.99,0.0956
v1|298500525170|0,Kingfish Live 'n Kicking (Bob Weir) LP Jet Records JT-LA732 1977,5.00,0.0956
v1|137507405452|0,MYSTIFIER Göetia 2x LP Orange Marble occult black metal sarcofago sepultura,30.00,0.0956
v1|336685237800|0,Greatest Show on Earth: Horizons - Harvest SHVL769 (1970) Vinyl LP,4.99,0.0955
v1|227428594843|0,NOW THAT’S WHAT I CALL MUSIC! 2000’S HIP HOP Gold & Silver Colored Vinyl 2xLP,49.99,0.0955
v1|168531592781|0,A Very Special Christmas Various Artists Vinyl  Lp 1987 Keith Haring Art,9.99,0.0955
v1|377337902755|0,"Ralph Robles, ""Soy Guajiro"", Latin Soul, Salsa 45, LISTEN",10.50,0.0954
v1|158077883250|0,R&B Big Jay McNeely There Is Something On Your Mind Swingin 614 1959 HEAR IT,5.00,0.0954
v1|298498963578|0,"Bruce Springsteen Born to Run Columbia 12"" Vinyl LP Rock PC 33795-cover Worn VG",10.00,0.0954
v1|398167744202|0,PATTY GRIFFIN Crown Of Roses BLUE LP VINYL  2025 Thirty Tigers Lyrics Sheet EX,4.99,0.0953
v1|117298394887|0,Beck Sea Change 2016 alternative folk rock 12'' vinyl record,35.00,0.0953
v1|318568501827|0,DOORS 13 ELEKTRA LP VG+ germany k,9.50,0.0953
v1|236927572842|0,The Robert Shaw Chorale Operatic Choruses Vinyl LSC-21416 NEAR MINT!!!!!!!!!!!!!,9.99,0.0952
v1|206408134783|0,King Crimson - Islands LP - Atlantic 1841 Broadway VG++,13.50,0.0952
v1|377336814816|0,Northern Soul 45 TYRONE DAVIS Bet You Win/What If A Man on ABC VG++ promo,7.99,0.0952
v1|307058668446|0,"Universal Robot Band 45RPM ""Dance & Shake Your Tambourine"" 1976 Disco Boogie 7""",4.00,0.0951
v1|117297521115|0,"ROCK POP 70's 80's  vinyl 7"" 45's including rare PROMO most at least VG++",3.90,0.0951
v1|227428341544|0,BOB DYLAN Planet Waves Vinyl Lp 1974 US 1st Press Asylum 7E-1003-B,5.00,0.0951
v1|318568510117|0,GRATEFUL DEAD Blues For Allah GRATEFUL DEAD LP VG+ with lyric sheet insert k,21.50,0.0951
v1|366538924327|0,"Richard Wahlberg LP ""Satisfied"" BX8",2.50,0.0951
v1|227428463097|0,"The Forester Sisters A Christmas Card 12"" Vinyl LP Warner Bros. 1-25623 1987",3.00,0.0950
v1|800327109177|0,NURSE WITH WOUND Triple LP Box Set Soliloquy For Lilith 1988 Idle Hole  vinyl,99.99,0.0950
v1|178305702925|0,Lot Of 5 Conditional Punk Lp COVERS With Worn Vinyl / Decor  / Covers NOFX Clash,9.99,0.0950
v1|147432317754|0,"LATIN LP ""CUGAT'S GOLDEN GOODIES"" XAVIER CUGAT (MERCURY 1963) EXCELLENT",6.99,0.0950
v1|236933964840|0,The Beatles Yellow Submarine LP 1969 Apple Records SW-153 VG+ In Shrink VG+,10.50,0.0950
v1|147432499154|0,Fudge Tunnel Creep Diets Lp Vinyl Record,50.00,0.0949
v1|168531714484|0,BUNKER HILL Hide & Go Seek (1962) Mala 451 Northern Soul Popcorn 45 PROMO HEAR,5.00,0.0948
v1|407067493722|0,"Various – Sounds ∙ Waves 1 Motorhead, Stupids, Kreator, Celtic Frost",8.49,0.0948
v1|800321854641|0,BOB DYLAN Blood On The Tracks CBS LP VG++/VG+ holland matte cover k,12.00,0.0948
v1|298500333916|0,CAT STEVENS BUDDHA AND THE CHOCOLATE BOX (1974) LP  Spin-cleaned VG+,1.99,0.0947
v1|188632169618|0,3 lp's. Merle Haggard. Eleven Winners. 1978.  Branded Man. ST-2789. 1967,6.00,0.0947
v1|178298640601|0,Los Caminantes - Porque Tengo Tu Amor LP Vinyl 1984 Rocio Records Grupero Escaso,34.99,0.0947
v1|318568491237|0,CHEAP TRICK In Color EPIC LP VG+ gatefold SHRINK k,8.50,0.0946
v1|127971526518|0,JESUS CHRIST SUPERSTAR:OST Decca DXA-7206 2LP 1973 VG-/VG-,6.00,0.0946
v1|206408134727|0,Electric Light Orchestra - Out Of The Blue 2xLP - Jet VG+,8.00,0.0946
v1|117302161161|0,"Yes Relayer, 1974",10.00,0.0946
v1|206408134712|0,"Chris Rea - Return Of Fabulous Hofner Bluenotes 2x10"" + 3xCD - EarBooks EU VG++",22.50,0.0944
v1|227428459570|0,"Major Records Sound Effects Volume 20 12"" Black Vinyl LP LP-1035 33 RPM Mono",5.00,0.0944
v1|287457082574|0,Procol Harum -Grand Hotel Crysalis 1973 Gatefold Cover Vinyl Album,3.50,0.0944
v1|800321891073|0,GRATEFUL DEAD Self Titled WARNER BROS WS-1689 LP VG+ k,14.50,0.0944
v1|178305000611|0,ELTON JOHN-BREAKING HEARTS-1984-SPECIALTY PRESSING-CLEAN/TESTED-VG+ VINYL LP,1.99,0.0944
v1|800329551847|0,"RUSH ""Power Windows"" - Mercury 826 098-1 M-1  -  Orig. Vinyl LP Record",13.50,0.0944
v1|168531164444|0,FLORIDA NORTHERN SOUL - LINDA LYNDELL - BRING YOUR LOVE BACK TO ME - HEAR,19.95,0.0944
v1|398167160703|0,Taj Mahal Mo’ Roots Vinyl,10.00,0.0944
v1|327258171907|0,Throbbing Gristle Thee Psychick Sacrifice Live 1979 Editions Frankfurt Berlin,46.00,0.0944
v1|366535370380|0,BUFFALO SPRINGFIELD Again ATCO LP mono k,22.50,0.0943
v1|358796890522|0,Mortuary Drape The Witches Dance DLP Black Metal Vinyl Iron Tyrant Repress NM,35.00,0.0943
v1|407068526210|0,"Grandmaster Flash & The Furious Five The Message 12"" Vinyl SH-584 1981",8.00,0.0943
v1|236933556885|0,Hear! Hear! The Searchers Mercury SR 60914 British Invasion Live Star Club LP,14.00,0.0942
v1|257618479165|0,"Midnights (Moonstone Blue Edition) by Swift, Taylor (Record, 2022)",5.72,0.0942
v1|257614159284|0,"SIGNED El Vez, ""El Vez Calling"" 7"" Record / Brown Marbled Vinyl, 1991, VG+ Elvis",15.00,0.0942
v1|298500523283|0,Gordon Lightfoot Sundown LP Reprise MS2177 1974,8.00,0.0942
v1|287457002396|0,The Persuasions Comin ‘ At Ya Vinyl LP Flying Fish 1979,0.99,0.0942
v1|366535371981|0,CHICAGO TRANSIT AUTHORITY Self Titled COLUMBIA GP-8 2XLP VG+ gatefold k,14.50,0.0940
v1|298500526998|0,Pat Metheny Group American Garage LP ECM 1155 1979,10.00,0.0940
v1|257618766198|0,"LEVON HELM-AMERICAN SON,PROMO/DEMO,MCA-5120,THE BAND.VINYL ALBUM LP",5.40,0.0940
v1|366535364539|0,BEE GEES Spirits Having Flown RSO LP VG+ gatefold with merch insert SHRINK k,8.50,0.0940
v1|800329571593|0,"JOE SATRIANI ""Surfing With The Alien"" - Relativity 88561 8193 -  Vinyl LP Record",20.51,0.0939
v1|398165806614|0,"Khachaturian:Spartacus & Gayaneh (Suites From The Ballets), LP, DS-538115 Angel",5.00,0.0939
v1|198493719700|0,Bette Midler The Rose Original Soundtrack LP Atlantic SD 16010 1979 Vinyl,1.50,0.0939
v1|298498984884|0,Fresh Cream Vinyl LP 535 484-2 Eric Clapton Polydor Records,5.75,0.0939
v1|267726002630|0,DEVO DUTY NOW FOR THE FUTURE LP Warner Bros BSK 3337 1979,24.95,0.0938
v1|398167042847|0,ALEX TAYLOR - DINNERTIME - CAPRICORN RECORDS LP,5.00,0.0938
v1|327255194661|0,"The 6ixers Self Titled 12"" Vinyl E.P. De Rap Winkel Exclusive!! Like New Copy!! ",15.00,0.0938
v1|407068529360|0,"Steve Hackett Clocks 12"" Vinyl Single 45 RPM Charisma CB 34112 UK Import",10.00,0.0937
v1|407068529360|0,"Steve Hackett Clocks 12"" Vinyl Single 45 RPM Charisma CB 34112 UK Import",10.00,0.0937
v1|298492333402|0,Masters Of The Universe (He-Man) LP vinyl 1983 KSS-5042 Kid Stuff Records,17.99,0.0937
v1|398182701878|0,VA Our Latin Thing Soundtrack FANIA Orig | Latin | Salsa | 2 LP HEAR,10.99,0.0937
v1|318573381734|0,Nancy Knepp Jewel Records 980 Straight And Narrow Way / He’ll Still Come Back,12.00,0.0937
v1|298499131689|0,"Freda Payne Bring The Boys Home 7"" Vinyl 45 Invictus IS-9092 Soul Single",4.32,0.0937
v1|407068032752|0,John Kay My Sportin Life Lp,9.99,0.0936
v1|407068519933|0,"Who, the The Who Sell Out LP Still in shrink",11.50,0.0936
v1|287451318562|0,JACQUELINE du PRE cello SAINT-SAENS DELIUS WARNER 180g IMPORT in shrink NM,16.00,0.0935
v1|358787557093|0,"Three Dog Night Golden Biscuits Dunhill Stereo 12"" Black Vinyl LP DSX-50098",5.99,0.0935
v1|366538749160|0,Bruce Cockburn Sunwheel Dance LP (1971) TNX-7 Lyric Sheet,11.95,0.0935
v1|336685204134|0,"LP Los Corraleros Del Majagual, Nuevo Ritmo FUENTES CHEESECAKE EX",19.99,0.0934
v1|398162423673|0,"Crimeapple - If I Don’t See You in Paradise (OG YELLOW VINYL) MICHAELANGELO, RLX",41.00,0.0934
v1|198493207662|0,COTIQUE - VOL 2 ALL TIME SMASHES / VARIOUS ART. ( LP & COVER / VG+ ) ORIG. LP,8.00,0.0934
v1|206393865125|0,"DG 2832 009 Mendelssohn:5 Sym/BPO/Karajan,4LP box,IP,NM",12.00,0.0933
v1|227428426740|0,Linkin Park Hybrid Theory Vinyl 2013 Rsd Press  Chester Bennington Rap hip hop,20.00,0.0933
v1|206410974471|0,78 RPM  Jump Blues Eva Foster And The Perry Quintet on Atlantic: You’ll Never Kn,20.00,0.0932
v1|147432387478|0,Pat Travers Radioactive LP signed VG++  classic rock/ rock,19.99,0.0932
v1|287456520306|0,SKYLINERS SINCE I DON'T HAVE YOU ONE NIGHT ONE NIGHT NEAR MINT  LISTEN HERE,0.99,0.0932
v1|267725818552|0,CHUCK BERRY From St. Louie To Frisco Vinyl LP Mercury Records SR 61176 1968 Orig,3.09,0.0932
v1|178304686521|0,THE RAMSEY LEWIS TRIO LP-The In Crowd,4.99,0.0932
v1|366538908762|0,"Servants Of The Light LP ""Songs Of A Servant"" BX7",3.00,0.0931
v1|366535374719|0,"DEVO Oh, No! It's... WARNER BROS LP die-cut cover k",10.50,0.0931
v1|158077288722|0,"Eccentric Soul: Omnibus, Vol. 1",800.00,0.0931
v1|188629962377|0,THE MONOTONES  Book Of Love on Argo 5290,5.00,0.0931
v1|267725818927|0,Patsy Cline In Care of the Blues LP  Vinyl Record JS6702. **1969,3.54,0.0931
v1|227428457863|0,"Major Records Sound Effects Volume 27 12"" Black Vinyl LP 1015 Stereo 33 RPM",5.00,0.0930
v1|336685115319|0,Some Like It Hot Soundtrack - Marilyn Monroe - Vinyl  LP IC 06482894 GERMANY VG,12.99,0.0930
v1|127971605037|0,"2 Festival Cancion San Francisco (Various Artists) LPs 80's New Vinyl 12"" Latin",2.99,0.0929
v1|188632422621|0,COLD BEAT - MOTHER Vinyl LP RECORD 2020 Album DFA2668 NM,9.99,0.0929
v1|206393865137|0,"DG SLPM138 924 Brahms:Sym #1/Karajan,tulip label,NM",7.00,0.0929
v1|366535373456|0,"CROSBY, STILLS, NASH & YOUNG 4 Way Street ATLANTIC 2XLP germany gatefold k",8.50,0.0929
v1|398169839337|0,Cappadonna The Pillage 12” Vinyl 1998 Wu Tang 2 LP VG+,34.98,0.0929
v1|800068406525|0,Lp Record 33 1/3 dave dudley/truckers prayer #21133 mercury promo records,0.99,0.0929
v1|307059140373|0,Gordon Lightfoot Don Quixote 1972 LP Autographed Gordon Lightfoot Terry Clements,79.99,0.0928
v1|257618593775|0,Vanity Wild Animal Vinyl LP 1984 Motown 6102ML Prince Associated Funk R&B,3.00,0.0928
v1|206414883130|0,Various Artists Exclusive Advance Lp Violator: The Album  Def Jam Rap 1 Lp,15.00,0.0928
v1|278175763090|0,"Music from Twin Peaks (Original TV Series 1 Soundtrack) by Badalamenti, ...",16.00,0.0927
v1|267725829742|0,THE STING - Scott Joplin - Original Soundtrack LP Vinyl Record VG+/VG+,3.99,0.0927
v1|158077535182|0,YES - Big Generator - Vinyl LP 1st Press 1987 Atco 90522-1 Lyric Sleeve Rock,7.99,0.0927
v1|206393865147|0,"DG SLPM139 448 Beethoven:3 Elector Sonatas;Piano Duets/Demus/Shetler,NM",5.00,0.0927
v1|318568488598|0,BUDGIE Impeckable A&M LP VG+ wlp k,20.50,0.0927
v1|117302574500|0,DUETO AMERICA  LAS HOJAS MORADAS/ULTIMO AVISO  45 Rpm ULTRA RARE USED,29.99,0.0927
v1|188630690593|0,IRON MAIDEN THE NUMBER OF THE BEAST - ORIGINAL US W ORDER FORM - BRUCE DICKINSON,41.00,0.0926
v1|336684806683|0,"Beethoven, Sinfionia No. 2 & 8 Lp,  Westminster",6.08,0.0926
v1|287457345833|0,Lot of 6 KATE WOLF LPs California Folk,65.00,0.0926
v1|336685176004|0,IRON MAIDEN Somewhere In Time 1986 1st PRESS **SHRINK** MINT- STUNNER!!!,109.50,0.0926
v1|236933563889|0,"Lee Konitz,I Can't Believe You're In Love With Me / Sextet, Pacific Jazz 608, 78",18.00,0.0925
v1|257618697917|0,Hüsker Dü – Land Speed Record (1987 Reissue) | SST-195-B | SST Records,5.50,0.0925
v1|358796820721|0,Psychedelic Rock Vinyl Record Lot Melt at Moody Blues Spanky & Gang Mountain,20.00,0.0925
v1|168531155812|0,Gary Lewis & The Playboys Rhythm Of The Rain / Hayride LP EX/EX Ultrasonic Clean,9.99,0.0924
v1|168531155812|0,Gary Lewis & The Playboys Rhythm Of The Rain / Hayride LP EX/EX Ultrasonic Clean,9.99,0.0924
v1|298497005636|0,EDDIE FISHER~ I'M IN THE MOOD FOR LOVE ~1952 ~45 RPM ~ EP ~ RECORDS  NM COVER NM,3.99,0.0924
v1|227428465397|0,"The World's Best Production Music: Commercial Scores 12"" Vinyl LP C-12",5.00,0.0924
v1|127970665986|0,"The Great Society Mind Destroyers – Spirit Smoke 2011 12"" LP Limited Edition",14.00,0.0924
v1|168534947449|0,Columbia D3S-758 Szell Cleveland Brahms 4 Symphonies 2 EYE 3LP 1967 NM,7.99,0.0924
v1|366538587077|0,"Spongetunnel, Little Red Fire Engine, 7"", Underdog Records, insert included",20.00,0.0924
v1|127974998702|0,"DAVID BOWIE, Ziggy 2 LP ""Tune In"" 002 BBC In Concert 1971 Specialty Release 1978",11.50,0.0924
v1|800321875149|0,DWIGHT TWILLEY Twilley ARISTA AB-4214 LP VG+ k,8.00,0.0923
v1|800329751435|0,"AMBROSE SLADE ""Ballzy"" - Fontana SRF 67598  -  Orig. Vinyl LP Record",16.06,0.0923
v1|800329751435|0,"AMBROSE SLADE ""Ballzy"" - Fontana SRF 67598  -  Orig. Vinyl LP Record",16.06,0.0923
v1|377338014685|0,Rare 1950's Rumble lp's Lot .Very Clean.,19.99,0.0922
v1|298498984103|0,"Jan Hammer Escape From Television MCA Records 12"" Vinyl LP Electronic MCA-42103",22.50,0.0922
v1|236933572312|0,Brownsville Station School Punks Sealed 70's Rock LP,14.00,0.0922
v1|227428422676|0,"Stoneway Records Fiddle Hoedown 12"" Vinyl LP STY-148 33 RPM Bluegrass Stereo",4.40,0.0921
v1|267725981895|0,The Moody Blues On The Threshold of A Dream Deram Records DES 18025 VG+ (1969),2.25,0.0921
v1|127965236344|0,"GLENN MILLER / LUIS ARCARAZ - ENLACE - 1988 MEXICAN LP ALBUM SOC TOC, JAZZ",14.99,0.0921
v1|298499952133|0,Wilson Pickett. The Wicked Pickett Album. Atlantic Records. Mustang Sally. 1966,12.95,0.0921
v1|188632427337|0,REBA McENTIRE - JUST A LITTLE LOVE Vinyl PROMO LP 1984 RECORD Country MCA5475 NM,9.77,0.0920
v1|287456520329|0,The Lovin' Spoonful - You're A Big Boy Now - Original Sound Track HEAR IT HEAR,0.99,0.0920
v1|227428567816|0,Little Otis Baby I Need You / I Out-Duked The Duke Tamla DJ Promo 45 VG Soul,7.99,0.0919
v1|206408134784|0,King Crimson - Lizard LP - Atlantic 1841 Broadway,8.00,0.0918
v1|267725842840|0,Frank Sinatra The Concert Sinatra LP UK Reprise K44001 Play Tested In Shrink NM!,19.99,0.0918
v1|377338117472|0,The Chambers Brothers -The Time Has Come - Vinyl Record LP Columbia CS 9522 1967,3.99,0.0918
v1|366538980959|0,"Kenny Loggins LP ""Nightwatch"" BX4A",2.50,0.0918
v1|318573478620|0,VAN MORRISON Tupelo Honey VG+ Vinyl Record WS 1950 1973 Wild Night Unipak Cover!,18.99,0.0918
v1|147431473243|0,Songs from the Mister Rogers TV Show LP Album 1973 Disneyland Record STER-1351,9.99,0.0917
v1|168535428603|0,Music From Big Pink LP,1.99,0.0917
v1|407067513567|0,Motörhead – No Remorse leather edition,49.12,0.0917
v1|188632428180|0,DARYL HALL JOHN OATES - PRIVATE EYES Vinyl LP RECORD MASTERDISK RL AFL1 4028 NM,9.99,0.0917
v1|178305017892|0,The Nylons ‎– Seamless Vintage LP Vinyl Record Album LP OA 0304,3.98,0.0916
v1|407068032099|0,Def Leppard Pyromania Lp,8.99,0.0916
v1|147432279839|0,Guitar Boogie Clapton Beck Page Vinyl LP 1971 Original Rock’s Premiere Axe Gods,5.00,0.0916
v1|318571788373|0,Ella Fitzgerald Sings The Harold Arlen Song Book 1961 Verve Mono 2LP 1st Press!,18.00,0.0916
v1|257618291343|0,"Ash Borer - The Irrepassable Gate 2xLP, Amber with Black Haze, Limited Ed.",24.99,0.0915
v1|227428633878|0,LP BOXED SET--THE ROCK 'N' ROLL ERA 1958  *2 RECORD SET*  *NM VINYL**  #36,3.99,0.0915
v1|178305230304|0,Donna Summer Live and More 2 LP Vinyl Casablanca NBLP 7119-2 1978 Gatefold Disco,1.99,0.0915
v1|318572746749|0,Joe Turner on RPM 331 “Roll ’em Boys” very rare 45 rpm record ,48.00,0.0915
v1|278175809178|0,"Donna Summer Four Seasons of Love Casablanca NBLP 7038 12"" LP 33 RPM Stereo",4.00,0.0914
v1|206408134690|0,Beatles - Help! LP - Capitol Mono VG+,8.00,0.0914
v1|278182186297|0,"Cosmo's Factory Creedence Clearwater Revival Record Fantasy 12"" Vinyl Record",19.99,0.0914
v1|377336805868|0,Funk/Sweet Soul 45 MYSTICS Steppin Stones/I Really Do on Olympia VG+,16.50,0.0913
v1|366530905571|0,Ma Rainey - Slave To The Blues - PARAMOUNT 12332 POOR,19.99,0.0913
v1|147432524435|0,Juice Newton Juice LP Vinyl Capitol Records ST-12136 1981,4.00,0.0912
v1|188632432394|0,"AURRA - CHECKING YOU OUT 12"" Vinyl RECORD 1982 It's You SG 369 EX",9.88,0.0912
v1|267726041569|0,The Moody Blues on the Threshold of a dream vinyl lp Des 18025 1969 VG+,8.00,0.0912
v1|188632416384|0,THE ALARM - DECLARATION Vinyl LP RECORD 1984 Album ALTERNATIVE ROCK SP 70608 NM,9.88,0.0912
v1|158071875942|0,Led Zeppelin  Houses of the Holy 1977 LP Vinyl SD 19130 Atlantic Very Nice! ,15.50,0.0911
v1|236933848975|0,"Ariana Grande Positions Green Colored Vinyl LP 12"" 33 RPM Republic Records 2020",20.00,0.0911
v1|206406509964|0,10 ROCK / SOUL / JAZZ VINYL LP ALBUMS LOT 22,7.98,0.0911
v1|117298597882|0,RARE Vintage Vinyl/LP. Charlie/The Jives. Making Time. Tejano. TDLP-2028. READ!,99.99,0.0911
v1|358796810742|0,Billy Paul Let 'Em In Philadelphia International PZ 34389 1976 Soul LP Vinyl ,1.99,0.0911
v1|168531817160|0,SOUL Marcell Strong Mumble In My Ear / What You're Missin Fame 1475 1970 HEAR IT,5.00,0.0911
v1|298500064522|0,Sesame Street C Is For Cookie Vinyl,8.00,0.0911
v1|178310501631|0,"90s Rap/Hip-Hop 12"" Red Hot Lover Tone - 4 My Peeps RMX SELECT Biggie OK MOP RED",8.99,0.0910
v1|800321909236|0,JIMI HENDRIX War Heroes POLYDOR LP germany k,8.00,0.0910
v1|298499604158|0,"Time Life ""The Swing Era"" 1970 H-2207-2 7"" 33 rpm Flexi-Disc Promo Sampler",4.00,0.0910
v1|236933849416|0,Krayzie Bone Paper / Street People 12-Inch Vinyl Single Loud Records 2005,9.99,0.0909
v1|236933063023|0,CAST HEAL Yandere Acid Bath Vinyl LP Red/Black Doki Doki Barber Beats Vaporwave,35.00,0.0909
v1|236934101708|0,Vinyl Record Lot. 5 Lp. Rock. Bad Company,25.00,0.0909
v1|117294397377|0,MIKE MIKA'ELE & LORNA McCLELLAN The Life Of The Land 1974 HAWAIIAN LP #TSR-7064,5.99,0.0908
v1|117294255711|0,The Steve Miller Band GF gatefold LP Brave New World Capitol SKAP-184 vg++,9.99,0.0908
v1|127971525831|0,KOSTELANETZ:I'm Easy and Other Great Themes Columbia KC 34157 LP 1976 VG-/G-,6.00,0.0908
v1|318565240174|0,Steely & Clevie Reggae Dancehall Classic Limousine Riddim Volume 2 Vinyl Record,23.99,0.0907
v1|178303964703|0,"lot 7"" 45's Rock Country Jazz N.Soul Rockabilly w/2 OBSCURE 1960's PROMOS",4.90,0.0907
v1|206408134749|0,Gerry Goffin - It Ain't Exactly Entertainment 2xLP - Adelphi VG+,8.50,0.0907
v1|377338117699|0,Guy Van Duser - Finger Style Solos - Vinyl Record LP - Rounder Records - 1977,3.99,0.0907
v1|800321845041|0,Dirty Rotten Imbeciles - 4 Of A Kind LP - Metal Blade SEALED,26.00,0.0906
v1|366528404671|0,Vintage 70’s VOCAL AOR NEW WAVE ROCK Vinyl LP Mixed LOT of 9 Les Dudek Promo VA,14.99,0.0906
v1|377332671344|0,DANZIG vinyl LP album Dethred Sabaoth in shrink wrap hype sticker,80.80,0.0906
v1|318581046548|0,Vocaltones on Apollo 492 Darling (you know I love you) rare promo R&B vocal soul,65.00,0.0905
v1|127970956910|0,Reggae Sunsplash ‘81 A Tribute To Bob Marley EX+ 2X Reggae LP Elektra Records,8.00,0.0905
v1|158077586778|0,"Bruce Hornsby Indigo Park Vinyl LP 12"" 2026   Bob Weir Mint Condition",8.88,0.0905
v1|398167700055|0,"Eddie Boyd ""Hotel Blues/I Got A Woman"" Blues 45 Chess #1660  vg",9.99,0.0905
v1|307059635688|0,Philip-Michael Thomas 33RPM “Living The Book Of My Life” 1985 80s R&B 12” LP NM,5.00,0.0905
v1|398166937247|0,MACHITO The Worlds Greatest Latin Band Feat. Graciella 1969 LP GNP 72 Crescendo,15.00,0.0905
v1|267717710351|0,🎤︎ Chicago - Chicago Transit Authority - Double Vinyl LP Columbia Stereo 360,14.99,0.0905
v1|127971431672|0,"Termanology - Watch How 12"" Single 2006 Good Vinyl DJ Premier Hip-Hop Rap",2.99,0.0903
v1|267717680088|0,🎤︎ Rare DJ PROMO - Vanilla Fudge Rock & Roll Vinyl LP RECORD 1969,14.99,0.0903
v1|398167113392|0,Redd Foxx The Side-Splitter Vinyl LP DTL-253 Dooto Records,10.00,0.0902
v1|318568478735|0,Eurythmics - Touch Dance LP - RCA SEALED,8.00,0.0902
v1|298499700042|0,"Madness  - One Step Beyond 1979 1st Press SEEZ 17 NP, Mislabeled, Wet Cleaned",19.99,0.0902
v1|227423910557|0,Toto - Toto (Self-Titled) - 1978,7.00,0.0901
v1|366535374191|0,DECADENCE Savagery And Grace DAYSTAR LP VG+ k,8.00,0.0901
v1|318564957848|0,THE JACKSON 5 MAYBE TOMORROW LP MOTOWN VINYL MICHAEL JACKSON,12.99,0.0899
v1|287455565804|0,Ripcord records Carlo Trenta,3.00,0.0899
v1|307058591854|0,Windrose ‎– Windrose~1980yr,18.00,0.0898
v1|800069770063|0,Lp Record 33 1/3 john cougar/american fool #7501 riva records,1.29,0.0898
v1|236938643638|0,Tommy Ellison The Singing Stars (Trying to get to Heaven)LP Gospel 1990,0.99,0.0898
v1|206406512498|0,10 ROCK / SOUL / JAZZ VINYL LP ALBUMS LOT 16,7.98,0.0898
v1|800321845031|0,Chow Hsuan - Wandering Songtress LP - Regal Hong Kong,8.00,0.0898
v1|366535371144|0,CAMEL Mirage JANUS LP VG+ k,18.50,0.0898
v1|307054874974|0,JAY WHITE ~ ALTO SAX~ FAR AWAY PLACES ~ 1955 ~45 RPM ~ EP ~ RECORDS  NM COVER NM,3.99,0.0898
v1|398166998243|0,Midnight Slows Vol. 3 ,6.00,0.0898
v1|398182758819|0,WILLIE COLON + HECTOR LAVOE  Vigilante FANIA Latin | Salsa | Funk   LP HEAR,23.50,0.0897
v1|366535374349|0,DEEP PURPLE Made In Europe PURPLE LP VG+ germany gatefold k,8.00,0.0897
v1|318565461101|0,Elvis Blue Hawaii Lpm 2426 Vinyl Record,8.99,0.0897
v1|398167454908|0,Jodette ( Kamelia) & Fahim Sadi. VC-3327. Nights Of Jodette. In shrink wrap . ,12.00,0.0896
v1|158077847070|0,"The Police Synchronicity A&M 12"" Black Vinyl LP 33RPM SP-3735",10.00,0.0896
v1|278175117565|0," Lovin' Spoonful Butterfield Clapton What's Shakin' Elektra EKL4002 Mono '66 VG+",12.00,0.0896
v1|267726079584|0,"Vanilla Fudge – Near The Beginning, 1969 LP, ATCO Records – SD 33-278",6.00,0.0896
v1|327259371683|0,"Earth, Wind & Fire – Gratitude Columbia PG 33694 2xLP 1975 Gatefold Vinyl",1.99,0.0896
v1|206410024297|0,Mott The Hoople Live LP (1974) PC 33282,11.95,0.0896
v1|407066715418|0,"Sheena Easton, Swear/Fallen Angels, 45rpm, EMI America B-8263",2.99,0.0895
v1|227428148139|0,El Gran Combo Disfrútelo Hasta El Cabo LP 1974 EGC 006 Puerto Rico Salsa OG,7.85,0.0895
v1|377338117612|0,Gene Krupa - Drummer Man - 1956 Mono Vinyl Record LP Red Label - Verve MGV 2008,9.99,0.0895
v1|158077348270|0,Jerry Lee Lewis Rockin’ Rhythm & Blues 1969 Vinyl LP SUN Records,4.00,0.0895
v1|287456613356|0,The Eagles*Hotel California*1976 Vinyl LP Asylum Records 6E-103-A GATEFOLD,15.00,0.0894
v1|188632374618|0,John Sebastian.,5.99,0.0894
v1|287456758909|0,Nathen Page Page One LP NO COVER ALBUM ONLY VG+,40.00,0.0894
v1|227428554505|0,Fran Jefferies I've Been Wrong Before/Gone Now NM DJ Promo 45 Monument NSoul,7.99,0.0894
v1|267725695107|0,Guardians of the Galaxy (Songs from Motion Picture) Deluxe Vinyl Edition 2 LP,9.99,0.0894
v1|407068547335|0,"Grand Funk Railroad Grand Funk Capitol SKAO-406 12"" Black Vinyl LP Rock",15.00,0.0894
v1|336684005494|0,Northern/Deep Soul 45 DEBBIE TAYLOR Don't Let It End/How Long Can This Last NM,7.99,0.0893
v1|168531177566|0,Tight Fit Back To The 60's JIVE T002 Original UK VG+/EX 1981 ULTRASONIC CLEAN,10.99,0.0893
v1|336684635094|0,LP ALBERTO VAZQUEZ SELF-TITLED GAS LBL MINT- Foldout Cover See Pics Latin POP,24.95,0.0893
v1|117298455463|0,KIng Gizzard and the Lizard Wizard Mild High Club Sketches of Brunswick White LP,64.00,0.0892
v1|800330055456|0,Cosmic Putrefaction - The Horizons Towards Which Splendour Withers LP,22.00,0.0892
v1|800321845004|0,Anri - Natsu Ban EP - FLME Japan Ltd. SEALED,11.05,0.0891
v1|158077765220|0,"Watery, Domestic by Pavement (Record, 2010) VG+/VG+",10.00,0.0891
v1|206406512495|0,10 ROCK / SOUL / JAZZ VINYL LP ALBUMS LOT 14,7.98,0.0891
v1|398167006905|0,emmylou harris elite hotel vinyl,8.00,0.0891
v1|227428462889|0,"Major Records Sound Effects Volume 11 12"" Black Vinyl LP LP-1026",5.00,0.0891
v1|377338125546|0,"DAVID BOWIE-ABSOLUTE BEGINNERS(EDITED MIX,DUB VERSION)-EMI AMERICA 8308-STEREO",5.00,0.0891
v1|327258645021|0,"Jesus Lives Forever Choir LP ""An Easter Cantata"" BX8",2.50,0.0890
v1|127970232339|0,Happy Days are Here Again 6 LP 33 RPM Vinyl Record Box Set Longines,12.50,0.0890
v1|158077765324|0,The Dresden Dolls The Virginia Monologues 2015 Record Store Day Triple Vinyl,99.95,0.0889
v1|336684925640|0,"Mick Jagger She's the Boss LP Vinyl Columbia Rock 12"" 33 RPM FC 39940",2.50,0.0889
v1|800321845047|0,Edgar Froese - Ypsilon In Malaysian Pale LP - Brain Germany SEALED,13.50,0.0889
v1|188632430571|0,THE YOUNGBLOODS - ROCK FESTIVAL Vinyl LP RECORD 1970 Album WS 1878 EX+,9.88,0.0889
v1|227428568614|0,"The Five Stairsteps Don't Waste Your Time Windy ""C"" DJ Promo 45 VG+ Soul",7.99,0.0889
v1|127970223751|0,Mendelssohn Bartholdy Symphonie Nr. 3 Vinyl LP Record 33rpm. Germany. NM,4.95,0.0888
v1|298500147379|0,Sounds of the Great Bands by Glen Gray & The Casa Loma Orchestra  LP Capitol,2.00,0.0888
v1|307058844402|0,"Rufus/Chaka Khan-from ""Ask Rufus"" AB975  OG POSTER ONLY / NO LP & NO COVER  / VG",13.00,0.0888
v1|366532171490|0,"Roy Orbison, There is only One, vinyl LP, 1965 MGM E-4308 Mono",7.50,0.0887
v1|188632166275|0,Latin - Bobby Butler El Papalote - Buena Suerte  - Ranchera Norteno Tejano,9.99,0.0887
v1|318568492261|0,CLASH Combat Rock EPIC LP VG+ SHRINK k,19.50,0.0887
v1|398166878272|0,Melanie Martinez Cry Baby 2 LP Blood Records Pressing Liquid Filled,50.00,0.0887
v1|336685202158|0,Aquarius LP by Charlie Byrd vinyl VG+/VG CS9841 Columbia Records,4.99,0.0887
v1|318568507855|0,FRIEND & LOVER Reach Out Of The Darkness VERVE/FORECAST LP VG++/VG+ k,8.00,0.0887
v1|800330698655|0,Robbie Dupree- Self Titled LP 1980 Elektra/PROMO VG+,20.99,0.0887
v1|377323811582|0,"Rare Punk New Wave 7"" 45 Hieroglyphics No Religion / A Day After Day 1985 GLIFIX",46.00,0.0886
v1|206408134747|0,Fleetwood Mac - The Original Fleetwood Mac LP - Sire VG++,19.50,0.0886
v1|398182684108|0,ISMAEL MIRANDA En Fa Menor FANIA Orig | Shrink | Latin | Salsa LP HEAR,9.99,0.0886
v1|127974960038|0,"DAVID BOWIE, Hunky-Dory LP RCA 1971, Rare Early Hollywood Pressing  VG/VG+",14.75,0.0886
v1|117297564287|0,"RARE LOT vinyl 7"" 45's Rock N.Soul Reggae",3.90,0.0886
v1|327258387850|0,Willie Dixon I Am The Blues Lp Record. Very Clean Copy !!,19.99,0.0885
v1|287456912098|0,DIESEL SMOKE Dangerous Curves Trucker Song Sample LP FUNNY LOOKING TRUCK DRIVER,3.87,0.0885
v1|407065715857|0,"BENNY GOODMAN LIVE AT CARNEGIE HALL-LONDON PHASE 4 STEREO, 2 LP",14.98,0.0885
v1|178311631175|0,Tony Carey - Blue Highway Vinyl LP - MCA Records MCA5603,3.00,0.0885
v1|227428466466|0,"The World's Best Production Music Commercial Scores 12"" Vinyl LP C-9 Stereo",5.00,0.0885
v1|318568489690|0,BYRDS Sweetheart Of The Rodeo COLUMBIA LP VG++ k,21.50,0.0885
v1|147432777036|0,The Beach Boys Endless Summer 2LP Capitol SVBB-11307 1974 Near Mint,12.00,0.0885
v1|147432572866|0,David And Paul Speer Desert Vision 1987 Vinyl Narada Equinox,18.95,0.0884
v1|257612412414|0,Deep Purple  Stormbringer  LP  PR 2832  NM,5.00,0.0884
v1|307051283966|0,"Dick Kesner “The Sound Of Gypsy Music” Mono Vinyl = VG:VG+ 12"" LPRecord Romantic",2.50,0.0883
v1|278176338364|0,World Music Rarity Authentic AUSTRALIAN ABORIGINALS! Capitol The World SERIES LP,19.00,0.0883
v1|366535391101|0,JIMMY BUFFETT A1A ABC/DUNHILL LP VG+ gatefold k,10.50,0.0883
v1|377338014674|0,Pure Prairie League Something In The Night In Shrink Wrap & Hype Sticker Lp !,9.99,0.0883
v1|168531379972|0,Joni Mitchell-BLUE-Vinyl LP~VG/ VG+  Classic Folk Album,9.99,0.0883
v1|800321845065|0,Graham Nash David Crosby - S/T LP - Atlantic 180g VG++,11.50,0.0883
v1|158077694637|0,Kiss 12” Single by Prince - Vinyl Record - LP -  Paisley Park Records - USED,8.00,0.0883
v1|206415413880|0,Iron Maiden Senjutsu 3LP Black Vinyl NM Tri-fold Glossy Bruce Dickinson,13.50,0.0882
v1|267725979978|0,Garth Brooks The Beaches Of Cheyenne Jukebox Only With Strip,5.00,0.0882
v1|800321845107|0,Jimi Hendrix Experience - Live At Winterland 2xLP - Ryko Analogue Clear VG++ Obi,20.50,0.0882
v1|398182692546|0,SONORA PONCENA Lo Mejor INCA  Latin | Salsa | Guaguanco LP HEAR,9.99,0.0882
v1|377338388108|0,Spandau Ballet LP True MINT Shrink w/ Hype Sticker,10.00,0.0882
v1|407068037749|0,"Joe Walsh the Smoker You Drink, the Player You Get Lp",9.99,0.0882
v1|287457080682|0,Peter Frampton- Frampton vinyl  A&M 1975,6.50,0.0881
v1|168530897179|0,"The Mindbenders-A Groovy Kind Of Love-45 RPM-7""-pop-vinyl-record-Fontana 1541-NM",4.79,0.0881
v1|800321856123|0,BOB MARLEY & THE WAILERS Exodus ISLAND LP VG+ embossed cover k,17.50,0.0881
v1|127971525635|0,SONNY BONO: Inner Views ATCO SD 33-229 LP 1967 VG/G,6.00,0.0881
v1|188618631972|0,Samantha Bumgarner and Eva Davis - Cindy In The Meadows - COLUMBIA 167-D E/E+,19.99,0.0881
v1|168526331753|0,"FOLK The Four Souls Freedom Bound / Louise Playboy (Stark, NC) 0016 1968 HEAR IT",5.00,0.0880
v1|377338305385|0,Sarah Vaughan 2 LP Great Songs From Hit Shows NM ORIG.,15.00,0.0880
v1|318568501762|0,DOOBIE BROTHERS Toulouse Street WARNER BROS LP textured gatefold k,8.00,0.0880
v1|366538564563|0,The Bob Seger System Ramblin' Gamblin' Man Capitol OG LP,9.99,0.0880
v1|800329293497|0,"GENTLE GIANT  ""Three Friends"" - Columbia PC 31649  -  Vinyl LP Record",9.99,0.0880
v1|147432716965|0,Eric Burdon the Animals Eric Is Here Vinyl LP 1967 Album,10.00,0.0880
v1|188632061482|0,"LYNYRD SKYNYRD on LP "" STREET SURVIVORS "" rock",24.99,0.0879
v1|377336802124|0,Deep Soul 45 LYNN AUGUST Winner In Love/It's Raining on Mark VG+,7.99,0.0879
v1|206410870175|0,"Bill Palmer's Trio, Rockin' Alone"" / ""When the Mellow Moon"" Electrodisk 1937",30.00,0.0879
v1|298500652166|0,George Duke A Brazilian Love Affair PROMO LP EPIC FE 36483 1979,10.00,0.0879
v1|206406509956|0,10 ROCK / SOUL / JAZZ VINYL LP ALBUMS LOT 23,7.98,0.0879
v1|407067512910|0,"EF Band – Deep Cut 12"" vinyl",8.26,0.0878
v1|178305690995|0,"Jefferson Starship - Modern Times LP ,BZL1-3848 M-record, and cover, Orig. Inner",5.00,0.0878
v1|287456345001|0,HUMBLE PIE Performance Rockin' The Fillmore 1971 Vinyl 2xLP A&M SP3506,4.95,0.0878
v1|398167915377|0,R.L. Crutchfield's Dark Day - Exterminating Angel & Window LP’s Dark Entries,60.00,0.0878
v1|327255082271|0,"""Shirley Bassey"" Title VG+ LP & ""The Magic is you"" Near Mint Record $7 for (1)LP",6.75,0.0877
v1|366541947910|0,Columbia MS 6214 ENTREMONT Clair de Lune Debussy Recital 6-EYE 1960 VG++ TO NM,2.24,0.0877
v1|307058955177|0,Jimmie Rodgers - I'm Lonely and Blue / The Sailor's Plea,10.50,0.0877
v1|168531305363|0,Billy Joel River Of Dreams Vinyl LP 1st Press RARE  473872 1993,100.00,0.0877
v1|278156259786|0,Waylon Jennings Only The Greatest 1968 RCA Rare Orange Label VG+/VG++,12.00,0.0876
v1|127970524624|0,Jukebox 45 & Title Strip Atlantic Starr Always Cleaned Tested,2.49,0.0876
v1|206415062177|0,Grace Jones / Slave To The Rhythm Album Vinyl LP Manhattan Island Records Used,8.00,0.0876
v1|327258386911|0,Matthew Wilder 45 Record Break My Stride 1983,1.25,0.0876
v1|117298789094|0,"V/A Horizon Music Sampler #2 1979 PROMO LP on Horizon #SP-17061 Seawind, etc.",9.99,0.0876
v1|800321875243|0,EAGLES Hotel California ASYLUM LP VG+ germany gatefold with poster k,14.50,0.0875
v1|158077595271|0,"Grateful Dead Aoxomoxoa Yellow Colored Vinyl LP 12"" Mint Condition",4.20,0.0874
v1|398167896417|0,"Crimeapple - Mátalos Con Más Éxitos (SPLATTER VINYL) BUCK DUDLEY, RLX, SONNYJIM",11.50,0.0874
v1|278176186173|0,Yellowjackets Politics Vinyl Album Lp Will Kennedy,9.99,0.0873
v1|206406512509|0,10 ROCK / SOUL / JAZZ VINYL LP ALBUMS LOT 10,7.98,0.0873
v1|127971618598|0,Grupo Kinxoc - Beatles En Sintetizador V3 LP VG/VG- Vinyl LP Mexican Garage Rock,9.99,0.0873
v1|298499995955|0,RARE EDISON Nobel Sissle & Eubie Blake - Broken Busted Blues /You Ought To Know ,30.00,0.0873
v1|147430977915|0,OF THE WAND AND THE MOON 2 VINYL LOT,40.00,0.0872
v1|178305665288|0,"Impact LP Record. Diane Susek ,God Is, VG ",2.00,0.0872
v1|257618264499|0,"Grateful Dead - Grateful Dead (Vinyl, 2xLP, 70's Reissue) NM/VG+",20.00,0.0872
v1|278176139843|0,"JUNIOR MANCE, GET READY, SET, JUMP!!!, 1964 CAPITOL STEREO JAZZ RELEASE, VG++",5.00,0.0872
v1|318573888449|0,"Elton John Tumbleweed Connection DJM Records 12"" Vinyl LP Rock Record",6.00,0.0872
v1|287457353563|0,"Duane Eddy – Have ""Twangy"" Guitar Will Travel, Excellent Cond, View/Listen link",5.00,0.0871
v1|327258673029|0,"Ronnie Savoy 45 ""The Big Chain / And The Heavens Cried"" AU4",0.99,0.0871
v1|318568479400|0,BEACH BOYS Smiley Smile BROTHER LP k,13.50,0.0871
v1|267726088340|0,"Tom Petty ""Full Moon Fever"" 1989 MCA Club Edition MCA 6253",49.95,0.0871
v1|147431872277|0,KISS Alive Vinyl LP 0704 Filmworks 2 1983/84,15.99,0.0870
v1|800321857637|0,BRAINSTORY Buck BIG CROWN BC079-LP LP SEALED k,8.00,0.0870
v1|327254575762|0,The Prophet Kahlil Gibran (A Musical Interpretation Featuring Richard Harris) LP,2.25,0.0870
v1|188631385135|0,Deutsche Grammophon Bach 6 Brandenburg Concertos Karajan Berlin Phil LP,15.00,0.0869
v1|188632048800|0,Deutsche Grammophon Brahms The Four Symphonies Karajan Berlin Phil LP Stereo,25.00,0.0869
v1|206406509957|0,10 ROCK / SOUL / JAZZ VINYL LP ALBUMS LOT 17,7.98,0.0869
v1|366528404667|0,CLASSICAL VINYL LP Records - Mixed Lot of 12 - 19th/20th Century - Promo Japan,19.99,0.0869
v1|188631367963|0,2 LP's. Elvis Presley. How Great Thou Art. and He Walks Beside Me,4.00,0.0869
v1|206410007127|0,Georgia Satellites Self Titled LP (1986) 960 496-1,11.95,0.0869
v1|398182725446|0,FANIA ALL STARS Latin Connection  FANIA Latin Salsa LP HEAR,9.99,0.0869
v1|307058842789|0,ELP - from Brain Salad Surgery  SD-19124 / Poster ONLY / No LP or Cover / VG-,15.00,0.0869
v1|227428589321|0,"Audio Fidelity Sound Effects Volume 1 12"" Black Vinyl LP DFS 7006 Stereo",3.00,0.0868
v1|377338117870|0,Les Brown And His Band Of Renown - Digital Swing - Vinyl Record LP Album,5.99,0.0868
v1|800321844999|0,Allman Brothers Band - Hittin' The Note 2xLP - Peach SEALED,107.50,0.0868
v1|278174850257|0,70s Soul Funk 45 HANK MARSHALL WIZARDRY Hawaiian Midnight/Tell Me You Love Me,7.99,0.0868
v1|318572405241|0,Wogl Oldies Of 98,5.00,0.0867
v1|227425717655|0,The Quartette Tres Bien In Motion LP Decca DL 4791 Mono,9.99,0.0867
v1|267726045955|0,Bob Dylan Down In The Groove 1988 Columbia Record LP. C 40957,6.95,0.0867
v1|158076366423|0,INFERNAL CURSE Awakening Of The Damned LP Chalice Of Blood Angel CHALICE 020,49.00,0.0867
v1|257618721593|0,THE MOODY BLUES On The Threshold Of A Dream LP DECCA 1969 DES 18025,8.95,0.0867
v1|198493801696|0,"Diary Of A Madman Blue Swirl by Ozzy Osbourne (Vinyl, 2011)",20.00,0.0867
v1|318568478777|0,King Crimson - In The Wake Of Poseidon LP - Atlantic 1841 Broadway,8.00,0.0867
v1|278176203162|0,JOHN MAYALL BLUESBREAKERS “A Hard Road” PS-502  1967 COVER IS VG / VINYL IS VG+,10.00,0.0866
v1|287462125386|0,LUIS “PERICO” ORTIZ La vida en broma LP VG Hard To Find,20.00,0.0865
v1|287457221515|0,"George Harrison 3 LP Vinyl Lot - Somewhere In England,Self-Titled,The Best of",14.00,0.0865
v1|800330910607|0,"Michael Jackson ""Off The Wall"" Original Press Vinyl",40.00,0.0865
v1|800330260748|0,The Braids-Bohemian Rhapsody -CLUB MIX EXCELLENT CONDITION RARER AWESOME Vinyl,7.28,0.0865
v1|127975118273|0,The Beach Boys STEREO LP Capitol Rainbow Surfin' USA In Shrink MINT- Record!!!,69.99,0.0864
v1|398167258906|0,"Phineas Newbord, I Love A New Piano, Roulette",6.89,0.0864
v1|800321881340|0,ERIC CLAPTON Slowhand MFSL LP VG+ gatefold with company inserts k,26.00,0.0864
v1|278174888039|0,Sweet/Northern Soul 45 TURKS You Turn Me On/Generation Gap on DJO VG++,7.99,0.0863
v1|147431613984|0,"Queen The Game 12"" Black Vinyl LP Stereo Elektra Records 5E-513",3.42,0.0863
v1|287457377752|0,GINO VANNELLI Brother To Brother (Original 1978 U.S. 9 Track Gatefold Cover LP),4.99,0.0863
v1|227428551696|0,The Rainbow Press There's A War On / Better Way Mr. G Promo 45 VG+ Garage Rock,7.99,0.0863
v1|366535388042|0,INXS Dekadance ATCO 90115-1-A LP SEALED k,37.00,0.0863
v1|168524152126|0,George Thorogood & the Destroyers: Move It On Over (1978),4.99,0.0862
v1|227423913254|0,John Cougar Mellencamp -Uh-Huh- 1983,7.00,0.0862
v1|407067888164|0,Rare Elvis 2-LP - The Last Movies - 180 gr.  Vinyl - RCA/BMG Follow That Dream,199.99,0.0862
v1|336684005699|0,Northern/Sweet Soul 45 BILLY STEWART No Girl/How Nice It Is on Chess VG++,7.99,0.0862
v1|318568502199|0,DOORS Self Titled ELEKTRA EKS-74007 LP monarch pressing k,8.50,0.0862
v1|178305633472|0,"Columbia LP Record Sigmund Romberg, The Student Prince ,VG ",2.00,0.0862
v1|278175550544|0,I Can Hear The Rain 45 VG++ 1968 Reparata & the Delrons RCA PROMO,5.00,0.0861
v1|398167136900|0,"Harry Chapin Sequel Vinyl LP Sealed Boardwalk FW 36872 1st Press, Sequel to Taxi",5.00,0.0861
v1|298500652409|0,J. Geils Band Sanctuary LP EMI SO-17006 1978,3.00,0.0861
v1|336680862361|0,TOMMY JAMES & THE SHONDELLS CRIMSON & CLOVER LP ON ROULETTE RECORDS exc,15.00,0.0861
v1|307059549908|0,Elvis Presley FOLLOW THAT DREAM Original 1962 RCA Victor EP Orange Label Look,19.99,0.0860
v1|206408134771|0,Joe Beck - Nature Boy LP - Verve Forecast VG+,16.78,0.0860
v1|398166641891|0,"The Sword “High Country” Marble Red, Vinyl LP",42.98,0.0860
v1|358796945706|0,RICK WAKEMAN Journey To The Center Of The Earth 1974 Vinyl LP A&M,1.99,0.0860
v1|117294257222|0,Sessions Presents The Beach Boys 2 LP set 1980 SLB-8134 vg+,9.99,0.0860
v1|336684979913|0,LP Linda Clifford Sneakin' Out (1984) Red LBL M- Shrink Wrap Still On Cover,14.95,0.0860
v1|298500120850|0,ELVIS PRESLEY “His Hand In Mine” (1976) LP - RCA - Stereo - Near Mint Viny,3.87,0.0859
v1|287461826948|0,Eagles Vinyl LP 6 Studio Album Discography Lot Debut Hotel California Posters NM,80.00,0.0859
v1|227428425173|0,"Billy Strange 12 String Guitar 12"" Vinyl LP Crescendo Records GNP-94 Stereo",3.00,0.0859
v1|800321871471|0,DEEP PURPLE Perfect Strangers MERCURY LP VG+ k,10.00,0.0858
v1|188632425806|0,THE FIXX - WALKABOUT Vinyl LP 1986 RECORD Hype MCA 5705 EX+,9.99,0.0858
v1|267714206642|0,APRIL IN PARIS - THE GENIUS OF CHARLIE PARKER with STRINGS - US VERVE  LP,14.99,0.0858
v1|366538916519|0,1968 The DOORS “Waiting For The Sun” LP ELEKTRA Gold Label Stereo Gatefold,14.95,0.0857
v1|366538957129|0,Salvage 45RPM Hot Pants / Foundation Of Love A13,0.99,0.0857
v1|127971216079|0,Pete Townshend Ronnie Lane - Rough Mix LP  Ex+,8.79,0.0856
v1|127971527057|0,Blood Sweat & Tears:Blood Sweat & Tears 4 Vinyl LP VG/G-,1.00,0.0856
v1|278175901021|0,PREWAR JAZZ 78 • Fletcher Henderson Orchestra • Columbia 2825 • Nagasaki • E,29.99,0.0856
v1|267726090965|0,The Moody Blues – On The Threshold Of A Dream LP Record 1969 Deram Psychedelic,4.00,0.0856
v1|168525249881|0,JULIAN COPE - world shut your mouth -  12” vinyl album 1984 vintage 33 RPM,20.00,0.0856
v1|227428555448|0,The Riot Squad Working Man / I Take It That We're Through HBR 485 45 VG+ Garage,8.50,0.0856
v1|800328427929|0,Diana Ross ‎– One Woman - The Ultimate Collection - 2lp - UK - UN PLAYED/OOP,49.99,0.0856
v1|398182753231|0,PETE EL CONDE RODRIGUEZ Soy La Ley FANIA Latin  | Salsa   LP HEAR,9.99,0.0856
v1|800321863431|0,CLIQUE Sugar On Sunday WHITE WHALE LP VG+ SHRINK k,8.00,0.0856
v1|366538484843|0,"Elvis Presley - Let's Be Friends 12"" Black Vinyl LP 33RPM Stereo RCA 1974",2.46,0.0856
v1|800321909002|0,JIMI HENDRIX The Essential... REPRISE 2XLP VG+ gatefold k,9.50,0.0855
v1|178305560946|0,The Smithsonian Collection of Classic Jazz 6 LP Vinyl Box Set with book NM-,29.99,0.0855
v1|800321845015|0,Black Sabbath - Live At Last LP - NEMS Ireland OG Press VG+,8.50,0.0855
v1|127970905581|0,X RARE HARD CORE PUNK THE HOLLY MOUNTAIN - BLOODSTAINS ACROSS YOUR FACE NR,8.87,0.0855
v1|318568493281|0,CREAM Fresh Cream RSO LP VG++ SHRINK k,8.00,0.0855
v1|206411110071|0,X-Ecutioners | Let It Bang Featuring M.O.P | Vinyl Rap Record | Hip Hop,20.00,0.0855
v1|137506710111|0,"Jack White autographed “Frozen Charlotte” 12"" Vinyl LP Third Man Records 2026",478.00,0.0854
v1|366535382114|0,EURYTHMICS Sweet Dreams (Are Made Of This) RCA LP VG+ SHRINK k,8.00,0.0854
v1|336688324739|0,Creedence Clearwater Revival - Willy and the Poorboys LP - Fantasy Records 8397,6.99,0.0853
v1|377338118037|0,Al Hudson And The Partners - Happy Feet - Vinyl Record LP German Pressing On MCA,6.99,0.0853
v1|800314675677|0,"Lot x5 Disney Records Picture Discs in shrink Cinderella, etc!",60.00,0.0853
v1|168525753014|0,Metallica Ride The Lightning Megaforce Vinyl Record MRI 769 1984 With Order Form,250.50,0.0853
v1|307050533392|0,The Chordettes Mr. Sandman Cadence  #1247,5.95,0.0853
v1|800321883360|0,FLEETWOOD MAC Kiln House REPRISE LP VG++/VG+ gatefold k,12.50,0.0853
v1|158077323935|0,Alice Cooper The Alice Cooper Show Vinyl Record 1977 1st Warner Bros BSK-3138,5.99,0.0853
v1|137507137960|0,DOO WOP 45 RONNIE & THE HI-LITES A SLOW DANCE ON WIN  VG+ Doowop ,5.50,0.0852
v1|158023288925|0,DOLENZ JONES BOYCE & HART (MONKEES) - S/T - CAPITOL W/ORIGINAL SLEEVE - NICE!!,15.05,0.0852
v1|327257843788|0,SARAH VAUGHAN Sings George Gershwin Vol. 1 '58 Mercury Lp Vinyl Record Jazz,4.46,0.0852
v1|287457308393|0,Yes - Tormato - 1978 Atlantic LP Record Album - ,3.99,0.0852
v1|307050518867|0,California Ramblers Washin The Blues From My Soul 2208-D Fox Trot,6.95,0.0852
v1|147432610674|0,Cream Disraeli Gears  Lp stereo Atco purple & tan label  Vg,7.99,0.0851
v1|198493995386|0,"harry james In Hi-fi , 33 rpm vinyl",5.99,0.0851
v1|398167983607|0,Beethoven Sonatas for Piano & Violin Op.30 Nos.2&3 Arrau/Grumiaux 9500 220 LP NM,5.00,0.0851
v1|206406512514|0,10 ROCK / SOUL / JAZZ VINYL LP ALBUMS LOT 15,7.98,0.0850
v1|257618681257|0,"Surfin’ Wild -Various Artists,  Hot Rod Records LP #2",9.99,0.0850
v1|206411062570|0,DJ HONDA | JERU THE DAMAJA | EL PRESIDENTE Vinyl Hip Hop Rap Record ,8.00,0.0850
v1|206406512497|0,10 ROCK / SOUL / JAZZ VINYL LP ALBUMS LOT 19,7.98,0.0850
v1|377336803630|0,Funk 45 JOHN ROBERTS The Hurricane/Cold Hearted Woman on Duke VG++/NM,7.99,0.0850
v1|377338118325|0,Cleopatra Jones - Original Motion Picture Soundtrack Selling Cover Vinyl Warped,3.99,0.0850
v1|206409978368|0,Lot of 6 Classic Rock Blues Rock Progressive Hard Rock vinyl record albums ,24.50,0.0849
v1|358777108568|0,ERIC ANDERSEN-TODAY IS THE HIGHWAY.    VSD 79157,10.00,0.0849
v1|267725752293|0,Smothers Brothers It Must Have Been Something I Said! Mercury MG-20904 EX/NM,1.06,0.0849
v1|188631423915|0,"BILLY THUNDERKLOUD  on LP "" WHAT TIME OF DAY "" rock folk",4.99,0.0849
v1|178305456681|0,SEX PISTOLS Revolution In The Classroom Schools Prison 7” Pink/Red Swirl C 👇🏻,8.00,0.0849
v1|377338117676|0,Stevie Wonder - Fulfillingness' First Finale - Vinyl Record LP 1974,5.99,0.0849
v1|327257865628|0,Frankie Goes To Hollywood Be The Hammer Not The Anvil Picture LP Record Vinyl ,15.99,0.0849
v1|336684010062|0,R&B Soul 45 REX GARVIN & THE MIGHTY CRAVERS Emulsified/Go Little Willie on Okeh,7.99,0.0849
v1|800321850162|0,BEE GEES 1st ATCO LP VG+ stereo k,18.50,0.0848
v1|257618650144|0,THE EAGLES-Take It To The Limit-OR.'75 VG++ MONO/STEREO PROMO 45 & FACTORY SLV.,9.99,0.0848
v1|158077838408|0,"Simple Minds Real to Real Cacophony Virgin 12"" Vinyl LP 33RPM OVED124",10.00,0.0848
v1|366538299168|0,Frankie Ruiz Soloista Pero No Solo Lp (G+) USA Press,49.99,0.0848
v1|318568493969|0,CREEDENCE CLEARWATER REVIVAL Cosmo's Factory FANTASY 8402 LP VG+ k,20.28,0.0848
v1|336684003372|0,Northern Soul 45 SANDY WYNNS Love Belongs To Everyone on Champion VG++,7.99,0.0847
v1|198493366840|0,James Brolin Lp * James Brolin Sings * Artco  LPC-1099 (1974),14.99,0.0847
v1|188631382939|0,"DONOVAN on LP "" SUNSHINE SUPERMAN "" folk rock",14.99,0.0847
v1|178305691773|0,"Romeo Void Never Say Never 1981, EX Record And VG+ Cover ",12.00,0.0847
v1|307058451338|0,"Buffalo Springfield Retrospective ATCO SD 33-283 Stereo 12"" Black Vinyl LP",3.00,0.0847
v1|377338080856|0,# 13733992 = ORIG 1968 ● BEATLES WHITE ALBUM ● NUMBERED +PHOTOS +POSTER COMPLETE,206.50,0.0847
v1|168536356771|0,Lot of 5 ~ Pop/Freestyle/Rock 80's Vinyl Records VG or Better!,17.99,0.0846
v1|298499601513|0,Lawrence of Arabia Colpix LP Album-Orginal Soundtrack Recording CP 514,4.99,0.0846
v1|227428436462|0,"Floyd Cramer Looking for Mr. Goodbar 12"" Vinyl LP RCA Victor APL1-2544 Stereo",4.00,0.0846
v1|178305697793|0,"Spyro Gyra Morning Dance LP 1979 Infinity Record INF-9004,M-record And Cover ",5.00,0.0846
v1|127970525759|0,Jukebox 45 & Title Strip Colonel Abrams I’m Not Gonna Let Cleaned Tested,2.49,0.0846
v1|800321873307|0,DONALD FAGEN The Nightfly WARNER BROS LP VG+ k,15.50,0.0846
v1|158065300380|0,"The Smithsonian Collection of Classic Jazz (6x Vinyl LP Box Set w/Booklet, 1973)",15.00,0.0846
v1|377338560744|0,Robert Plant The Principle Of Moments Vinyl LP 1983 Atlantic Records,8.00,0.0845
v1|278176401124|0,"Janis Joplin - Pearl - Early Pressing - VG, VG+ - Nice!",7.00,0.0845
v1|298490815010|0,Led Zeppelin IV LP  (ST-A-712286 PR)  1st Press [Porky Pecko Duck]  VG+,46.00,0.0845
v1|127974722380|0,ICE CUBE Amerikkka's Most Wanted Vinyl LP Record Album 1990 Pressing Priority,99.99,0.0845
v1|366535370670|0,BYRDS Ballad Of Easy Rider COLUMBIA LP VG+ k,8.00,0.0844
v1|398166996968|0,FRANK ZAPPA Ship Arriving Too Late (1982) LP Barking Pumpkin Records FW 38066,10.00,0.0844
v1|298500536518|0,"1982-ERIC ROBINSON, "" WALK IN THE LIGHT"", 12"" MAXI  RCA SINGLE , ELECTRO-FUNK",0.99,0.0844
v1|178311627579|0,"Von Bingen - Von Bingen, LP, (Vinyl)",1.00,0.0843
v1|178311627579|0,"Von Bingen - Von Bingen, LP, (Vinyl)",1.00,0.0843
v1|188623053018|0,THE ROCKETS - NO BALLADS Vinyl LP 1980 RECORD ALBUM Keel Press RS-1-3071 NM,9.99,0.0843
v1|137507420340|0,FOREST As A Song In The Harvest Of Grief 2x LP Russian black metal branikald,45.00,0.0843
v1|336688923705|0,Vanilla Fudge Self-Titled 1967 Vinyl Record LP SD-33-224 Stereo Atco Records,4.75,0.0843
v1|287461821212|0,KISS Love Gun Vinyl LP 1977 US 1st Press Casablanca NBLP 7057 Starter Player G,10.50,0.0842
v1|117302568072|0,RIVERSIDE  DG LP RECORD RLP 12-111 /JELLY ROLL MORTON/CLASSIC PIANO SOLOS.NM.,19.99,0.0842
v1|800329951831|0,The Power of the Dog (Soundtrack for Netflix Film) Jonny Greenwood of RADIOHEAD,14.99,0.0842
v1|236933272612|0,Our Lady Peace - Spiritual Machines II - Vinyl Record,20.00,0.0841
v1|318568495868|0,DAVID CROSBY If I Could Only Remember My Name ATLANTIC LP textured gatefold k,8.00,0.0841
v1|336685056095|0,"En Vogue You Don't Have To Worry 12"" 1990 Atlantic 86122 R&B NEW JACK SWING",10.00,0.0841
v1|336685056095|0,"En Vogue You Don't Have To Worry 12"" 1990 Atlantic 86122 R&B NEW JACK SWING",10.00,0.0841
v1|227428194598|0,"Wilie Colon, ""Barrunto"", Latin Soul, Salsa 45, LISTEN",4.99,0.0841
v1|236933849676|0,SPOOKY TOOTH Spooky Two 180 gram audiophile reissue vinyl LP Island UMCLP091 M-,14.14,0.0840
v1|278174853041|0,Crossover Soul 45 O'JAYS Shattered Man/LaDeDa on Saru VG+/NM,7.99,0.0840
v1|318568491869|0,CHUCK BERRY Golden Decade CHESS 2XLP VG+ gatefold k,8.00,0.0840
v1|198494011841|0,New Riders Of The Purple Sage The Adventures of Panama Red VG++  Lp,8.00,0.0840
v1|227425845027|0,IKE & TINA TURNER - Come Together LP Vinyl VG+,6.99,0.0840
v1|236933528955|0,ELKE SOMMER Love In Any Language Original Vinyl Record Album LP 1965 MGM Records,1.80,0.0839
v1|206408134723|0,Death Cab For Cutie - Live 2012 2xLP - Barsuk Colored Wax Ltd. SEALED,13.50,0.0839
v1|267725707165|0,Biff Rose - Half Live At The Bitter End 1970 First Edition Vinyl ,5.95,0.0839
v1|298500407505|0,Ethel Merman GYPSY A Musical Fable Lp Album-Original  Broadway Cast,4.99,0.0839
v1|336685181050|0,THE BEATLES Sgt Peppers 1978 RARE GRAY/PINK Canadian Press UltraVPI  Please Read,89.50,0.0839
v1|188631588132|0,"CELLA WDELLAS on   LP  single  "" GOOD DWELLAS "" hip hop",2.99,0.0838
v1|236933622104|0,"ORGANIZED FOR HI-FI 1957 lp MARTY GOLD easy listening, instrumental lounge & pop",12.89,0.0838
v1|377338117286|0,Emmylou Harris - Blue Kentucky Girl - Vinyl Record LP - 1979,9.99,0.0838
v1|188630659228|0,TKA   Give Your Love To Me  12'' (Promo),8.00,0.0838
v1|206414768398|0,BIG DEAL SOUL GROUP LP THE PLAYERS HE'LL BE BACK,9.00,0.0837
v1|377323007269|0,🎤︎ Soul 1969 1970 Motown - Smokey Robinson - Pocket Full Of Miracles  TAMLA LP,9.99,0.0837
v1|206406512503|0,10 ROCK / SOUL / JAZZ VINYL LP ALBUMS LOT 11,7.98,0.0837
v1|206415314809|0,CREAM - Wheels of Fire | RSO RS-2-3802 | RE 1977 | Gatefold | 2 x LP VG+,15.00,0.0837
v1|298499806992|0,SAN SEBASTIAN STRINGS FOR LOVERS W1795 ANITA KERR ROD MCKUEN JOEY BENSON VINYL,3.95,0.0837
v1|377338308016|0,THELMA HOUSTON I've Got The Music In Me SHEFFIELD 1982 M- VINYL LP Record USED,8.99,0.0837
v1|366535384584|0,GEORGE HARRISON Best Of Dark Horse 1976-1989 DARK HORSE LP VG++ k,24.50,0.0837
v1|198494022857|0,"Earth, Wind & Fire & Rose Royce Funk & Disco Vinyl Lot",10.00,0.0836
v1|188632428378|0,JULIAN LENNON - VALOTTE Vinyl LP RECORD 1984 Album Late For Goodbyes 80184-1 NM,9.77,0.0836
v1|127965236303|0,"ETERNA NAVIDAD, FEAT. TATIANA / PANDORA / YURI, 1987 MEXICAN LP ALBUM PROMO",14.99,0.0836
v1|257618048205|0,"Eric Gadd: ""The Right Way"" LP",9.99,0.0836
v1|206411010678|0,THE CHAMELEONS WHAT DOES ANYTHING MEAN?STATIK STAT LP 22 MFD U.K. MINT-,24.99,0.0836
v1|278174851112|0,Crossover Soul 45 BOBBY WOMACK Tried & Convicted/How I Miss You Baby on Minit NM,12.50,0.0836
v1|178305691390|0,Rolling Stones Goats Head Soup Lp  VG+ Gatefold And Record ,6.00,0.0835
v1|800321845084|0,Hanson - Anthem 2xLP - 3CG VG+,111.27,0.0835
v1|318568494395|0,CREEDENCE CLEARWATER REVIVAL Self Titled FANTASY 8382 LP VG+ SHRINK k,8.50,0.0835
v1|278174881631|0,R&B Soul 45 PEARL WOODS & THE GEMS Sloppin'/One More Time on Wall,7.99,0.0834
v1|188632426773|0,"METHOD MAN - JUDGEMENT DAY 12"" Vinyl RECORD 1998 Hip Hop 314566517-1 NM",9.88,0.0834
v1|377332306380|0,2011 RSD Misfits Vinyl Album Record Store Day 3-D Cover Ltd. Ed. LP MN Cond.,101.01,0.0834
v1|267725936947|0,Pointer Sisters – Break Out VINYL RECORD LP ALBUM BEL1-5410-1,6.00,0.0834
v1|407068627301|0,"Woolies, the Basic Rock LP Spirit Garage Rock Michigan",20.00,0.0834
v1|117298348118|0,"Way Out Wardell Vinyl Record Music Album. Well Cared For Vinyl, Clean.",2.99,0.0834
v1|800330534063|0,1977 Linda Rinstadt Vinyl,3.18,0.0833
v1|287456845084|0,TEAZE ON THE LOOSE  LP,9.00,0.0833
v1|407066734468|0,Billion Dollar Babies Battle AXE ~Made in US PD-1-6100~ Former Alice Cooper Band,9.99,0.0833
v1|267725982920|0,Rick James- Reflections- LP 1984 Gordy 6095GL,7.99,0.0833
v1|398182686946|0,CONJUNTO CLASICO Felicitaciones LO MEJOR Latin | Salsa | Guaguanco LP HEAR,9.99,0.0833
v1|398167013938|0,waylon jennings i've always been crazy,12.00,0.0832
v1|227428320459|0,Blue Swede Promo 45 Record Hooked On A Feeling 1973,3.25,0.0832
v1|377338308036|0,"JOANIE SOMMERS / LAURINDO ALMEIDA Softly, The Brazilian VG+ VINYL LP Record USED",8.99,0.0832
v1|267722318370|0,"Judy Garland, Miss Show Business, (LP, Album, Mono) W676 ",8.99,0.0832
v1|318568481800|0,BELINDA CARLISLE Heaven On Earth MCA LP VG+ SHRINK k,12.50,0.0832
v1|188619745280|0,"St. Tropez ""Morning Music"" Rare 12"" version from this iconic group.",4.00,0.0831
v1|307052667648|0,Helen Kane (boop-oop-a-doop) That's My Weakness Now / Get Out And Under The Moon,12.00,0.0831
v1|287456701566|0,DISCO DANCIN 3 LP Box Set,7.79,0.0830
v1|147432884658|0,The Doors•Original Master Recording•LP MFSL 1-051•1981•MoFi,22.50,0.0830
v1|188630225013|0,JIMMY CLANTON  Venus In Blue Jeans on ACE 8001,5.00,0.0829
v1|178300362302|0,Obscure Melodic OH Honky Tonk 45 JOHNNY LEE Angel On Paper /Am I That STARR hear,4.00,0.0829
v1|178305582560|0,Merle Haggard - Test Pressing - Live At Anaheim Stadium - Rare LP - Vinyl,49.99,0.0829
v1|366535390107|0,JIMI HENDRIX EXPERIENCE Are You Experienced POLYDOR LP VG++ germany k,11.50,0.0829
v1|366538843112|0,Pink Floyd The Wall 1979  Vinyl EX/VG+ PC2 36183 Santa Maria Pressing Ultrasonic,21.50,0.0829
v1|287456197743|0,POUSETTE-DART BAND -Self Titled Vinyl LP Capitol Records 1976,0.99,0.0828
v1|278176424121|0,Jane Morgan Original 1960 Folk Revival Oddity THE BALLADS OF LADY JANE Kapp Recd,15.00,0.0828
v1|257618517838|0,John Mayall-from The Turning Point / Polydor 24-4004 / POSTER ONLY / NO LP-COVER,13.00,0.0827
v1|178296120720|0,Vanessa Williams Dreamin' 1988 45rpm VG+ Polygram Records Engineer Herbie Jr.,1.28,0.0827
v1|800330842025|0,"PRINCE 12"" EP RECORD ""U GOT THE LOOK"" 1987 PAISLEY PARK RECORDS",9.99,0.0827
v1|800321887969|0,GEORGE MICHAEL Faith COLUMBIA LP VG+ promo k,11.50,0.0827
v1|336684819788|0,RARE LP SONIDO ACUARIO CAP LBL LATINO INST. M- Shrink Wrap On Cover,24.95,0.0826
v1|336685243765|0,"The Beatles – 1962-1966 - 1973 OG 2x 12"" LP Vinyl Record  SKBO 3403 VG/VG",4.99,0.0826
v1|278175830293|0,"Kool & The Gang Something Special De-Lite DSR-8502 12"" LP 33 RPM Stereo",5.20,0.0826
v1|117298787898|0,"V/A Music With 58 Musicians, Volume One 1980 SAMPLER 2LP on ECM #PRO-A-850 JAZZ",9.99,0.0826
v1|800321892042|0,HAGAR/SCHON/AARONSON/SHRIEVE Through The Fire GEFFEN LP VG++ club edition k,10.00,0.0826
v1|298499745497|0,Burt Bacharach Butch Cassidy And The Sundance Kid Vinyl album ,5.00,0.0825
v1|377336815321|0,Northern Soul R&B 45 KELL OSBORNE Somethin For The Books/Yaya Yaya on Revis VG++,7.99,0.0825
v1|298500653426|0,Derek & The Dominos In Concert Double LP 1973 RSO SO 2-8800,12.00,0.0825
v1|307059559392|0,Madonna 45RPM “True Blue” 1986 80s Dance Pop 7” Blue COLORED VINYL Record PS NM,5.99,0.0825
v1|377338117929|0,"Leo Sayer - Thunder In My Heart - Vinyl Record LP Classic Rock, Pop Rock, Disco",3.99,0.0824
v1|366538940762|0,"The Rising Sun (Treasure Cove) Steel Band LP ""Sand & Steel"" BX12",3.00,0.0824
v1|236933656381|0,2 Martin Luther King Jr. March to Freedom & I Have a Dream Black History LPs,14.00,0.0824
v1|398167015246|0,"JETHRO TULL (Thick As A Brick) 1972 Vinyl W/ Newspaper, Stereo, Reprise MS 2072",10.00,0.0823
v1|366535375453|0,DOORS Absolutely Live ELEKTRA 2XLP VG+ gatefold k,8.50,0.0823
v1|147432730339|0,The Butterfield Blues Band in My Own Dream LP 1968 Elektra EKS-74025,10.00,0.0823
v1|198487478611|0,Utopia - Utopia Vinyl LP  Bad Pressing,2.00,0.0823
v1|117298343047|0,"Iron Reagan Tyranny of Will 2014 US Red Vinyl limited (1,000) thrash metal",18.00,0.0823
v1|366538980960|0,"""Shenandoah"" Starring John Cullum Original Broadway Cast LP BX12",2.50,0.0823
v1|358787286481|0,"The World's Most Honored Music Musical Landscapes Vol 1 12"" Vinyl Box",2.80,0.0822
v1|206410734429|0,EDDIE BILLUPS Shake Off That Dream SEVENTY SEVEN RECORDS SOUL 45 RARE STOCK COPY,15.00,0.0822
v1|267726027336|0,AMERICAN BIRD SONGS 6 X RED LP Vinyl Record Set Cornell/Ornithology Comstock NOS,30.00,0.0821
v1|318568478264|0,ASSOCIATION Renaissance VALIANT LP VG+ k,8.00,0.0821
v1|168524370997|0,4 Orig Cast Recordings: Fiddler on the Roof; Man Of LaMancha; Oklahoma (+Exodus),9.99,0.0821
v1|236926738165|0,THE MAMAS AND THE PAPAS / DELIVER LP,3.50,0.0821
v1|236932385892|0,"LADY KILLER s/t LP ©1983 Allegiance Records, Ltd. AV-447 Stereo HEAVY METAL ROCK",75.00,0.0821
v1|236933259977|0,Audioslave - Revelations - Vinyl Record - Yellow,100.00,0.0821
v1|257618745540|0,STEVE MILLER BAND THE JOKER Capitol Records LP SMAS-11235 1973,9.95,0.0820
v1|198492636694|0,The Moody Blues - Days of Future Passed - Vintage Vinyl LP 1967 Deram Records ,17.99,0.0820
v1|267725678624|0,Oscar Pettiford feat Attila Zoller Black Lion 30185 Hans Koller LP Import NM/NM,9.99,0.0819
v1|198493338462|0,The Beatles White Album 1968 Original Error Vinyl J43 Matrix 5 ERRORS W/ Poster,40.00,0.0819
v1|298499703223|0,MARIANNE FAITHFULL Self Titled LONDON PS-423 LP Stereo Vinyl Record,6.00,0.0819
v1|257618775065|0,Michael Martin Murphy - River Of Time 1988 USA Orig. LP Lyrics VG/E,1.60,0.0819
v1|336685087390|0,LP GRUPO RAICES - INTERNACIONAL SALSA GUAGUANCO Y CUMBIA CBS LBL COLOMBIA MINT-,34.95,0.0818
v1|178305690875|0,The Tourists Reality Effect early Ann Lennox- LP-Epic 36386 M-Rec & Ex Cov ,10.00,0.0818
v1|318568477361|0,ALICE COOPER Lace And Whiskey WARNER BROS LP VG+ k,13.50,0.0818
v1|188630719502|0,The Village Choir    Dancing To The Street Dance Band 12'' Funk,8.00,0.0818
v1|227428573285|0,SOUL STIRRERS Featuring SAM COOKE s/t SPECIALTY 1972 VINYL LP Record USED,8.99,0.0817
v1|307058533090|0,"CHICAGO TRANSIT AUTHORITY - I - 1970 REPRESS Terre Haute Pressing, Gatefold",1.00,0.0817
v1|168531033025|0,Family Library Of Beautiful Listening The World'S Great Love Songs. C4-2b,5.00,0.0817
v1|168531566867|0,Irene Cara Vinyl LP,5.00,0.0817
v1|188632455689|0,THE GOLDEN PALOMINOS - BLAST OF SILENCE Axed My Baby Vinyl LP RECORD CELL6127 NM,9.88,0.0817
v1|188626187415|0,Obscure CA Teen Country 45 DURWARD ERWIN I'm Sorry For / More CANARY hear NM,4.00,0.0817
v1|188632430479|0,JETHRO TULL - UNDER WRAPS Vinyl LP RECORD 1984 Album FV 41461 NM,9.88,0.0816
v1|198493825669|0,Offenbach Gaite Parisienne Spanish Classic Record Colombia Masterworks / EX,1.99,0.0816
v1|358787257962|0,Cuddling Cub Songs of Christmas for Everyone Des Mar Music/Bob Fisher Vinyl LP,6.00,0.0815
v1|318573119620|0,Skippin Part 1 & 2- Apaches 45 vinyl records-- PROMO COPY,20.00,0.0815
v1|298498972183|0,Herb Alpert & Hugh Masekela Main Event Live 1978 A&M Vinyl LP Jazz SP 4727 NM,10.00,0.0815
v1|278170558440|0,ERIC HAMILTON BAND     Lot Of 1 Vinyl Record LP    ANA UVUM VIVENDO VIRARIUM FIT,1.99,0.0815
v1|800321845012|0,Blondie - Parallel Lines LP - Chrysalis VG++ PROMO,9.50,0.0815
v1|398166937239|0,LEROY CARR -  Blues Before Sunrise - 1962 Columbia Records  CL1799 - Mono,20.00,0.0815
v1|147432462839|0,Ghost Square Hammer Lp 7 inch  Vinyl Record,93.00,0.0815
v1|278174869591|0,Northern Soul 45 LITTLE CARL CARLTON Competition Ain't Nothin'/Three Way Love NM,7.99,0.0815
v1|358776355227|0,FLORA PURIM-OPEN YOUR EYES YOU CAN FLY,12.00,0.0814
v1|800331122147|0,"The Rolling Stones December's Children 12"" Black Vinyl LP 33 RPM Stereo PS 451",4.99,0.0814
v1|127971526392|0,THREE DOG NIGHT:Golden Bisquits Dunhill DSX 50098 LP 1971 VG-/VG-,6.00,0.0814
v1|800321851997|0,BILLY JOEL The Stranger COLUMBIA LP half-speed audiophile w/ company insert k,15.50,0.0814
v1|800321841828|0,ALLMAN BROTHERS BAND Brothers And Sisters CAPRICORN LP VG++ gatefold w/ insert k,11.50,0.0814
v1|267725747948|0,Freddy Fender - The Freddy Fender Collection LP - TVLP 77025 Shrink NM-EX,3.99,0.0813
v1|358788857671|0,Steve Miller Band Fly Like An Eagle Album Released In 1976 Very Good Condition,10.00,0.0813
v1|398167135230|0,Teachers Original Soundtrack,5.00,0.0813
v1|336685056558|0,vinyl records,7.00,0.0811
v1|336685051084|0,vinyl records,5.00,0.0811
v1|318572754421|0,vinyl records,3.00,0.0811
v1|318572765144|0,vinyl records,3.00,0.0811
v1|318572748300|0,vinyl records,3.00,0.0811
v1|318572742984|0,vinyl records,3.00,0.0811
v1|318572743937|0,vinyl records,3.00,0.0811
v1|267725971930|0,"CHAKA KHAN - Destiny - 12"" Vinyl Record LP - EX",6.95,0.0811
v1|287462117603|0,Ruben Blades y Seis del Solar- Buscando America - LP -1984 - Elektra Records  Ex,30.00,0.0811
v1|267725204577|0,Judas Priest - Unleashed In The East - US Vinyl - NM - lots of pics,22.00,0.0811
v1|318568478741|0,Eels - Electro-Shock Blues 2xLP - Geffen EU 180g VG+,21.51,0.0811
v1|267722063620|0,JIMI HENDRIX - The Cry Of Love - '71 Reprise lbl VG+/EX LP - Sterling RL press,14.99,0.0811
v1|298503303453|0,NM GRAND METAL LIVE 5th Japan heavy metal fantasy 1984 Continental HR-11 2 LP,14.99,0.0811
v1|298499966885|0,Percy Sledge When A Man Loves A Woman Album. Atlantic Records. 1966,12.95,0.0810
v1|398182736029|0,FANIA ALL STARS Live FANIA Latin Salsa LP HEAR,10.50,0.0810
v1|358787454182|0,Sammy Hagar Standing Hampton Album Released In 1981 Very Good Condition,10.00,0.0810
v1|267725873762|0,Charley Pride Country Feelin’ PROMO RCA Dynaflex APL1-0534 EX/EX LP,9.99,0.0810
v1|398167975630|0,"Shostakovich, Concertgebouw, Haitink – Symphony No.8 LP Decca SXDL 7621 EX 1983",41.00,0.0810
v1|147432602531|0,"EASY LISTENING LP ""HAMMOND HITS THE HIGHWAY"" HARRY STONEHAM (COLUMBIA 1972 ) UK",10.00,0.0809
v1|398163174482|0,Estee Nack & Grubby Pawz - IWANNAFXCKJADAFIRE: RED VINYL + SIGNED PRINT + CONDOM,143.91,0.0809
v1|318568493829|0,CREAM Strange Brew RSO LP VG+ SHRINK k,8.50,0.0809
v1|178304970740|0,"Boston - ""Boston"" - Self-Titled LP",8.00,0.0809
v1|307052119062|0,"Atlanta Rhythm Section “Underdog” Stereo Vinyl=VG:VG+ 12"" LPRecord Southern Rock",3.00,0.0809
v1|267726027912|0,"SIGNED by JON MIKL THOR +4! ""Only The Strong"" LP THOR Blue Vinyl LIMITED 2014",74.95,0.0808
v1|147431633438|0,Vinyl LP Record,3.44,0.0808
v1|127965236368|0,NICOLAS CABALLERO - 1978 SELF TITLED - MEXICAN LP ALBUM PROMO WEAR SPINE TOC,14.99,0.0808
v1|267717678536|0,MIGUEL QUINTANA Don Gonzalo Fernández presenta SALSA DURA DE NEW YORK,14.99,0.0807
v1|398167710845|0,Dave Ray Tony Glover Ashes in My Whiskey  LP Test Pressing 1990,9.99,0.0807
v1|117298082789|0,The Oscar Peterson Big 4 - In Japn’82 - Freedom Song ,8.00,0.0807
v1|377338117788|0,"Al Stewart - Past, Present and Future - Vinyl Record LP - Janus  JLS 3063 1974",4.99,0.0807
v1|298500468199|0,"1969- MOODY BLUES , ""ON A THRESHOLD OF A DREAM"", 12"" DERAM RECORD , ROCK ,PROG",1.99,0.0806
v1|287457308451|0,Crack The Sky - Live Sky - Lifesong JZ 35620 Promo '78 Progressive Rock Record,4.99,0.0806
v1|366538884939|0,Holly Dunn S/T LP MTM ST-71052,0.99,0.0806
v1|158077739706|0,"The Avengers We Are the One 7"" reissue",14.99,0.0805
v1|398165824174|0,"TCHAIKOVSKY, Symphony No. 2 The Tempest (Der Sturm) Abbado/Chicago Symphony",5.00,0.0805
v1|236938623438|0,Dallas Holm & Praise (This is my Song In Concert)LP CCM 1980,0.99,0.0804
v1|267725857454|0,Frank Sinatra - The Voice - Columbia LP CL 743 “Nonbreakable” VG/VG Play Tested!,4.99,0.0804
v1|358787443413|0,Heart Be Be La Strange  Album Released In 1980 Very Good Condition,10.00,0.0803
v1|800321842346|0,ALLMAN BROTHERS BAND Self Titled ATCO SD-33-308 LP textured gatefold k,12.50,0.0803
v1|366538833117|0,"THE BEACH BOYS, CAPITOL #2545 6 SONG MEGA RARE EP RECORD W/ PAGE JUKEBOX STRIPS",99.00,0.0803
v1|227428366205|0,The Crickets 45 RPM - Million Dollar Movie - Music Factory MU 415 1968 PROMO,1.51,0.0803
v1|318571873573|0,"New Orleans Living Legends Billie & Dede Pierce LP Blues Riverside RLP 370, EXC",30.00,0.0803
v1|168524428007|0,BOB DYLAN - Self Portrait (1970) - 2LP Set,7.99,0.0803
v1|198493452051|0,"THE CHARGERS ""HERE IN MY HEART"" 1958 KILLER DOOWOP ON RCA  NEAR MINT   HEAR IT",15.00,0.0802
v1|168531623215|0,"Black Pumas Black Moon Rising SEALED 7""",11.99,0.0802
v1|278176242540|0,Robin Hall And Jimmie MacGregor with The Galliards – A Rovin' ACL 1100 VG+,0.99,0.0801
v1|336683995779|0,Funk 45 MARIE FRANKLIN Keep On Keeping On/There's Always Room on Tangerine NM ,7.99,0.0801
v1|377336804676|0,Funk 45 WAKEFIELD SUN Sing A Simple Song/Trypt On Love on MGM promo,7.99,0.0801
v1|287457005239|0,Scritti Politti Cupid & Psyche 85 Vinyl Perfect Way 1985 VG+,3.95,0.0801
v1|206410898194|0,Kanye West the Life of Pablo Vinyl Record Bootleg. Never Played.,59.00,0.0800
v1|188637105769|0,"Spandau Ballet I'll Fly for You 12"" Black Vinyl Single Chrysalis Import 1984",6.00,0.0800
v1|366535369004|0,BOSTON Third Stage MCA LP VG+ gatefold k,9.50,0.0799
v1|158077787930|0,"Bob Marley & The Wailers Legend Best Of 12"" Black Vinyl LP 33RPM 1984",20.00,0.0798
v1|800068380494|0,Lp Record 33 1/3 skip battin/undercover man #8404 signpost records,0.99,0.0798
v1|168525240729|0,MARIO LANZA - Cavalcade Of Show Tunes (1957),4.99,0.0798
v1|168525240729|0,MARIO LANZA - Cavalcade Of Show Tunes (1957),4.99,0.0798
v1|307059122377|0,"Margie Singleton ""Are You Ever Too Young"" / ""Old Love Letters"" 7"" 45 Promo",1.98,0.0798
v1|158077691184|0,DOOWOP The Channels I Really Love You / What Do You Do Whirlin Disc 1957 HEAR IT,5.00,0.0798
v1|407068136601|0,Ted Nugent Self-Titled LP Holland,5.00,0.0797
v1|206414758516|0,BIG DEAL ROCK VENEZUELA LP QUEEN A NIGHT AT THE OPERA GATEFOLD,25.00,0.0797
v1|336685250379|0,Shakey Horton The Soul of Blues Harmonica Vinyl LP CH-9268 CHESS MCA EXCELLENT,19.99,0.0797
v1|188632435726|0,"SNOOP DOGG Presents THA EASTSIDAZ - GOT BEEF / GHETTO 12"" Vinyl RECORD 2044 NM",9.88,0.0797
v1|800321877333|0,ELTON JOHN Goodbye Yellow Brick Road DJM 2XLP germany tri-fold cover k,8.50,0.0797
v1|137498453028|0,Chuck Girard The Stand lp Ultrasonic Clean + Bonus,7.99,0.0796
v1|366538847809|0,Robert Wyatt Rock Bottom Vinyl Record,25.00,0.0796
v1|800321853708|0,BLUE MOUNTAIN EAGLE Self Titled ATCO SD-33-324 LP k,8.50,0.0795
v1|800321842092|0,ALLMAN BROTHERS BAND Enlightened Rogues CAPRICORN LP VG+ gatefold promo k,8.50,0.0795
v1|198493736183|0,Redd Kross Record Lot Autographed Album Hanoi Rocks Vinyl Ian Hunter Glam Punk,50.00,0.0795
v1|117298788419|0,Björk Debut Vinyl LP,95.00,0.0795
v1|188632077098|0,"LED ZEPPELIN on LP ""IN THROUGH THE OUT DOOR "" rock blues hard rock",14.99,0.0795
v1|366535367755|0,BOB DYLAN Self Titled COLUMBIA PC-8579 LP VG+/VG++ SHRINK k,9.50,0.0794
v1|188607977116|0,"PROFITS OF DOOM - FAT GIRLS 12"" Vinyl 1986 RECORD Hip Hop D 254 NM",8.99,0.0794
v1|307058973009|0,EDISON 51900 - EARL OLIVER'S JAZZ BABIES Pretty Lips / Where Do You Work-A John?,40.00,0.0794
v1|407067514092|0,"Motorhead Sawshaped picture disc, Interview good condition.",22.16,0.0794
v1|398167901960|0,Grateful Dead Vintage Dead 1970 Vinyl LP Sunflower MGM Sun 5001,20.00,0.0794
v1|267703458139|0,Capitol CF 1451-Les Paul and Mary Ford-How High The Moon-Capitol Germany CF 1451,10.00,0.0794
v1|327257898068|0,Lot Of 2 Abba LPs The Album & Super Trouper,9.99,0.0794
v1|188627185000|0,"FLEETWOOD MAC - FAMILY MAN 12"" Vinyl 1987 RECORD Down Endless Street 0-20842 NM",9.99,0.0794
v1|147431945700|0,"LA SONORA MATANCERA  2 LPs  ""GRANDES VOCES""",9.50,0.0793
v1|377310345711|0,"🎤︎ 1988 GUY - TEDDY'S JAM - R&B Hip Hop New Jack Swing 12"" MCA Uptown",9.99,0.0793
v1|137507053251|0,"Styx Styx I Rock 12"" Black Vinyl LP Stereo RCA Victor AYL1-3888 Sleeve",5.25,0.0792
v1|318558653551|0,"ELVIS PRESLEY - Pot Luck Nr MINT RCA LSP-2523 ""Living Stereo"" '62 FIRST PRESSING",14.50,0.0792
v1|287457308118|0,Return To Forever Featuring Chick Corea ‎– No Mystery - 1975 Vinyl LP,4.69,0.0792
v1|318568486601|0,BOSTON Don't Look Back EPIC LP VG+ gatefold k,8.00,0.0792
v1|257618775434|0,Tony Osborne “Hands Across the Table” Vol. 2 LP Vinyl Record Album ( RAL 1002 ),1.00,0.0792
v1|377332494453|0,Rare Metal band VAIN Rolling with the Punches vinyl album in shrink NM,111.11,0.0792
v1|377336805007|0,Funk 45 YESTERDAY TODAY & TOMORROW D Minor Vamp/Part 2 on D.T.D.,7.99,0.0792
v1|377318074013|0,🎤︎ Elton John Honky Chateau Vinyl LP - UNI - Gatefold Album Classic Rock,14.99,0.0791
v1|327258671667|0,"Dan Fogelberg LP ""Souvenirs"" EX / VG++ BX8A",3.00,0.0791
v1|267727541194|0,WAH WAH WATSON ELEMENTARY ORIG. COLUMBIA LP  1976 PC 34328  VG+ PROMO 9th WONDER,24.99,0.0791
v1|257618703836|0,Billy Idol-Lot Of 2 LP's/Records- Rebel Yell/ Self Titled,8.50,0.0791
v1|318564297076|0,ALEX DeGRASSI: Turning Turning Back ~ Original 1978 LP Vinyl LP ~ WHS C-1004,1.99,0.0791
v1|800321845654|0,BANG Self Titled CAPITOL ST-11015 LP k,26.00,0.0791
v1|336683998163|0,Northern Soul 45 3 DEGREES Tales Are True/I Wanna Be Your Baby on Swan NM promo,7.99,0.0790
v1|178305691376|0,"1981 12"" Vinyl Jim Steinman Bad For Good LP FE 36531 & Bonus 7"" Promo",15.00,0.0790
v1|267725914860|0,Paul Anka - Times Of Your Life LP VINYL VG/VG UA-LA569-G. ROCK POP VOCAL 1975,4.75,0.0790
v1|298499772308|0,Kenny Rogers (1976) Vinyl LP - Lucille,5.00,0.0789
v1|198493614375|0,Acid Mother Temple & The Melting Paraiso U.F.O “Those Who Came Never Before LP,12.00,0.0789
v1|188631471771|0,The Great Carl Butler Sings WLP Columbia /Harmony release Don Law produced mono ,4.00,0.0789
v1|327257844316|0,"Reo Speedwagon You Can Tune A Piano, but You Can't Tune A Fish.  Epic JE35082 EX",14.87,0.0789
v1|206411117233|0,GANG OF FOUR SOLID GOLD WARNER BSK 3565 LP,24.99,0.0789
v1|257618730813|0,MICHAEL JACKSON Thriller LP Epic Records QE 38112 1982 Gatefold,29.95,0.0789
v1|158071312255|0,RARE FEMALE HILLBILLY Susan Scott Was Less Than A Day Breeze 524 1970 HEAR IT,10.00,0.0789
v1|287457279337|0,"The Trammps - Disco Inferno & That's Where the Happy People Go 45RPM 7"" Record",3.49,0.0788
v1|298499602630|0,GRAEME EDGE BAND LP-Kick Off Your Muddy Boots,4.99,0.0788
v1|800331183108|0,THE SHALLOWS 45RPM '60 RAE COX HOW LUCKY I AM DOO WOP BALLAD M- VINYL,9.99,0.0788
v1|127971452745|0,"2 Playboy Jazz All-Stars Vol. 3 LP 1960 Albums A & C Lot VG+/VG Vinyl 12"" Comp",2.99,0.0788
v1|267725692124|0,"Loggins And Messina – Native Sons Vinyl, LP 1976 :Columbia – PC 33578",4.00,0.0788
v1|206393865146|0,"DG SLPM139 196 Mozart:Piano Con #14,24/Anda,tulip label,NM/EX+",3.00,0.0788
v1|117305392763|0,Bob Marley & The Wailers Confrontation Promotional Lp Island Records,20.00,0.0788
v1|298500584539|0,"1970-THE ASSEMBLED MULTITUDE, ""OVERTURE FROM TOMMY (A ROCK OPERA)/ MUD"",",0.99,0.0788
v1|407067513190|0,Alice Cooper – Billion Dollar Babies,17.57,0.0786
v1|127970851736|0,Jacksons Victory LP Vinyl Vintage 1984 Record Gatefold Epic QE 38946,7.99,0.0786
v1|800321874219|0,DOORS L.A Woman ELEKTRA EKS-75011 LP VG+ die-cut standard cover k,17.50,0.0786
v1|267725685506|0,Cosmic Messenger--Jean-Luc Ponty--Record LP Vinyl--1978--Atlantic--SD 19189,7.99,0.0786
v1|147432587059|0,45 - Bobby Rydell -  A World Without Love & Our Faded Love - Cameo C-320,0.50,0.0785
v1|267726091300|0,The Beatles Lyric Booklet Paper Insert to Love Songs LP 1977 John Paul George,7.77,0.0785
v1|287457279128|0,DISCO HUSTLE Various 20 HITS VINYL LP Album 1977 TVP TVP1019KO RARE Compilation,4.99,0.0785
v1|366535391997|0,JOHN ENTWISTLE Smash Your Head Against The Wall DECCA LP gatefold k,8.00,0.0785
v1|336685034800|0,ARCAÑO Y SUS MARAVILLAS LA RADIOFONICA CUBITAS  RECORDS SALSA LP HEAR ,7.77,0.0785
v1|366535391942|0,JOHN COUGAR MELLENCAMP Uh-Huh RIVA LP VG+ SHRINK k,13.00,0.0784
v1|358785606158|0,"MCA 45RPM Record, Andrew Sisters, Rum and Coca Cola ,In Apple Blossom Time VG ",1.00,0.0784
v1|198493989211|0,Queen - A Night At the Opera - 1975 - Vinyl Record LP - Embossed Cover Gatefold,19.99,0.0784
v1|267726055795|0,Grease 2 Original Soundtrack Recording RSO RS-1-3803 Vinyl LP Record 2 records,8.51,0.0784
v1|206406509954|0,10 ROCK / SOUL / JAZZ VINYL LP ALBUMS LOT 20,7.98,0.0784
v1|206408134721|0,"Crosby, Stills & Nash - Demos LP - Atlantic 180g VG++",9.50,0.0784
v1|278174865890|0,Northern Soul 45 JAN SNOW Love Sings/I Love America on Concept unknown,7.99,0.0783
v1|398166937250|0,CocoRosie - THE ADVENTURES OF GHOSTHORSE AND STILLBORN - 2007  Vinyl LP,20.00,0.0783
v1|147432138618|0,KISS Dynasty USA Filmworks Label 812 770 1 M1 1985 Pressing Vinyl LP,19.99,0.0783
v1|168531527683|0,5 BASIC MUSICAL LIBRARY AFRS TRANSCRIPTIONS ORGAN PIANO BOB MITCHELL PAUL CARSON,59.99,0.0783
v1|327257851313|0,Connie Haines Sings A Tribute To Helen Morgan Vinyl LP  1957 TOPS L-1606,1.60,0.0783
v1|307063557172|0,"RICK JAMES / PRINCE Vol. 4 Star Wars Vinyl 12"" Single VG+ RARE",19.99,0.0783
v1|137513686251|0,Kenny G Two Record Lot Duotones and Silhouette Vinyl LP’s Arista Vintage 1980’s,15.25,0.0783
v1|318572837315|0,Taste - Taste - 1969 Polydor - Rory Gallagher Debut - Still In Shrink Fantastic!,50.00,0.0783
v1|307059294218|0,Rare - Tennessee Ernie Ford Sing A Hymn With Me - Vinyl Record Album w/Hymnal,23.04,0.0783
v1|188631665267|0,Summer Olympics Album - One Moment in Time (1988) Vinyl LP • Whitney Houston,6.87,0.0782
v1|188632125284|0,Apartment 213 Vacancy Dark Empire Gehenna Cleve Power Tool Violence Integrity HC,30.00,0.0782
v1|127971526232|0,RICK NELSON:Million Sellers Imperial LP-12232 LP 1963 VG-/VG-,6.00,0.0782
v1|257618753262|0,THE BEACH BOYS TODAY! LP Capitol Records T 2269 Rough Shape,0.99,0.0782
v1|147432835860|0,"ISLAND RECORDS/FRANKIE GOES TO HOLLYWOOD ""RELAX"" 1983 ORIGINAL SINGLE 12"" VINYL",12.00,0.0781
v1|377338117398|0,Santana- Self Titled - Vintage Vinyl Record LP - Columbia Record CS-9781,9.99,0.0781
v1|178304815776|0,"John Cougar Mellencamp - ""Uh-Huh"" - LP",5.00,0.0781
v1|188626187423|0,"Crude Jackson, TN WHDM Talent Show Country 45 SHERRY DOYLE on NEW FRONTIER rare!",8.00,0.0781
v1|267726084600|0,The Sandpipers Guantanamera 1966 Vinyl LP A&M Records A&M-117 Pop Vocal EX/EX,5.00,0.0781
v1|336684003445|0,Northern Soul 45 SHELLETTS My Soldier Boy Over There/Something on Eagle VG+/NM,7.99,0.0780
v1|800321874948|0,DUSTY SPRINGFIELD Golden Hits MERCURY LP VG+ SHRINK k,8.00,0.0780
v1|257526374609|0,Lp Record 33 1/3 madonna/live to tell 45 rpm lp size #20461 sire records,0.99,0.0780
v1|227428691039|0,TIME LIFE Rock N Roll Era 1960 NM TO UNPLAYED 2X Vinyl Record LP Box Set,3.99,0.0780
v1|800331414632|0,"Barry Manilow Barry Manilow I 12"" Black Vinyl LP 33 RPM Stereo Arista AL 4007",1.99,0.0780
v1|206408134755|0,Halfnelson - S/T LP - Friday Music Colored Wax Ltd. SEALED,12.00,0.0779
v1|158077742912|0,"Funkadelic Hit It and Quit It/A Whole Lot of B.S. 7"" Westbound Records",11.99,0.0779
v1|366538981464|0,Parliament The Clones of Dr. Funkenstein NBLP 7034 Vinyl EX/EX Ultrasonic 1976,7.00,0.0779
v1|336685142111|0,Wynton Marsalis J Mood,3.99,0.0779
v1|127965236345|0,"FLOR SILVESTRE - 1978 SELF TITLED - MEXICAN LP ALBUM PROMO WEAR SPINE, RANCHERA",14.99,0.0779
v1|236934146186|0,Elvis Presley. Playing For Keeps. US Press. No Dog 47-6800,125.00,0.0779
v1|327258224822|0,Virgin Prunes Form Beauty Over Rainbow Love Last Forever Moon Looked Laughed LP,30.00,0.0779
v1|287451153066|0,Cano Estremera - Dueno Del Soneo Vol.2  Original copy.,19.99,0.0778
v1|158077351196|0,TG Sheppard Crossroads 1988 Vinyl LP Columbia CBS Records Shrink VG+ Country,4.00,0.0778
v1|318568520307|0,JIMMY BUFFETT Changes In Latitudes... ABC LP VG+/VG++ embossed gatefold k,11.50,0.0778
v1|298499937591|0,Lou Reed -  Rock N Roll Animal Vinyl Record LP (RCA 1977) Gatefold,12.00,0.0778
v1|206393865108|0,"DG SLPEM136 550 Mozart;Weber:Clarinet Con/Leister/BPO/Kubelik,tulip,EX+/NM",5.00,0.0778
v1|168530873577|0,"LA VERNE BAKER-I WAITED TOO LONG-45 RPM-7""-SOUL-ATLANTIC 2021-VINYL-RECORD-VG+",8.99,0.0778
v1|227428339664|0,Jeff Beck Group Self-Titled Vinyl LP Record,3.00,0.0778
v1|257618728660|0,RICKIE LEE JONES The Magazine LP Warner Bros 9 25117-1 1984,7.95,0.0778
v1|298499994595|0,VICTOR RECORDS 36 TOTAL,10.00,0.0778
v1|188632425839|0,GEORGE JONES Lot Of 2 - GOT A PLACE IN MY HEART / TOO WILD Vinyl LP RECORD NM,12.99,0.0778
v1|398182680994|0,VA Jerry Masucci Presents Salsa Greats Vol 2 FANIA Latin | Salsa | LP HEAR,9.99,0.0777
v1|398182698581|0,VA Jerry Masucci Presents Salsa Greats Vol 1 FANIA Latin | Salsa | LP HEAR,9.99,0.0777
v1|366535391867|0,JOHN COUGAR MELLENCAMP Scarecrow RIVA LP VG+ k,8.00,0.0777
v1|377338308022|0,TRACY NELSON Doin' It My Way! AUDIO DIRECTIONS #7244 VG+ VINYL LP Record USED,8.99,0.0775
v1|398165822995|0,Itzhak Perlman Virtuoso Violinist Angel S 37456 Stereo,5.00,0.0775
v1|336683998942|0,Northern Soul 45 BILL WITHERS Three Nights & A Morning/What I'll Do on Lotus wlp,40.00,0.0775
v1|366538950216|0,"Boz Scaggs LP ""Middle Man"" EX BX3",3.00,0.0775
v1|307058674132|0,"Metallica, Master Of Puppets, 2008, Reissue Lp VG+/ Excellent",22.00,0.0775
v1|227428878776|0,Ktel Stars 1977,3.00,0.0775
v1|398167916875|0,SANTANA LP Lot Of 2 - ABRAXAS / III (Man With The Outstretched Hand),19.00,0.0775
v1|278176204223|0,The Kinks “Everybody’s In Showbiz” 1972 2LP RCA VP5-6065 COVER VG+/VINYL VG,10.00,0.0775
v1|267725960686|0,Salt-N-Pepa Get Up Everybody US 12inch [82938ER],2.99,0.0775
v1|257614828546|0,John Philip Sousa: A Dynamic High-Fidelity Full Band Concert of Marches  LP,2.52,0.0775
v1|188614118790|0,"JOHN LYDON - SUN 12"" PROMO Vinyl RECORD PSYCHOPATH / OPEN UP Rotte SPRO12294 NM",9.50,0.0774
v1|188614118790|0,"JOHN LYDON - SUN 12"" PROMO Vinyl RECORD PSYCHOPATH / OPEN UP Rotte SPRO12294 NM",9.50,0.0774
v1|257618754494|0,STEPPENWOLF - MONSTER - 1972 ABC/DUNHILL VINYL RECORD - (G/VG),3.08,0.0774
v1|298500584592|0,"1977- JOHNNY MOORE, "" CAN'T MAKE A LIVIN OUT OF LOVIN / ROSEY RED"",",0.99,0.0774
v1|198493367699|0,Don Ellis – At Fillmore 1970 jazz 2LP gatefold  Columbia / VG,1.99,0.0774
v1|158077883249|0,SOUL JAZZ Jimmy McGriff The Last Minute / Part II Sue 786 1963 PROMO HEAR IT,5.00,0.0774
v1|147432146420|0,Kiss Alive II Vinyl Record LP 1985 Pressing Plant 53 Filmworks 3 Label,19.99,0.0773
v1|188632107409|0,"Darkness in a Different Light by Fates Warning (Record, 2013)",20.00,0.0773
v1|168525568913|0,Metallica Ride The Lightning Blue Splatter 40th Anniversary Vinyl Record,89.99,0.0773
v1|298500525273|0,Nils Lofgren I Came to Dance LP A&M SP-4628 1977,8.00,0.0773
v1|336685213323|0,Buddy Rich Rich in London Live Jazz Recorded at Ronnie Scott's,7.99,0.0772
v1|278182830812|0,"Roger Wagner Chorale - It Came Upon a Midnight Clear- Christmas (12"" Vinyl) EXC",3.11,0.0772
v1|127965236308|0,UNAM VOZ VIVA DE AMERICA LATINA - AUGUSTO MONTERROSO - 1970 MEXICAN LP + BOOKLET,14.99,0.0772
v1|377336812126|0,Northern Soul 45 MARV JOHNSON I Miss You Baby/Just The Way You Are on Gordy VG+,7.99,0.0771
v1|327258604269|0,The Doors / Absolutely Live - Classic Rock Vinyl - 1970 Original Double Album,5.00,0.0771
v1|398182703727|0,LOUIE RAMIREZ Salsa Progresiva COTIQUE Rhodes | Latin Jazz | Salsa | LP HEAR,9.99,0.0771
v1|358787289645|0,Dukes of Dixieland On Bourbon Street Vol 4 Vinyl LP Jazz Audio Fidelity 1957,4.00,0.0771
v1|147436093587|0,GOTH DARKWAVE VINYL LOT CLAN OF XYMOX & HOST (PARADISE LOST),30.00,0.0771
v1|377337112975|0,Nicolette Larson Let Me Go Love 45,5.00,0.0771
v1|800321845698|0,BAREFOOT JERRY Watchin' TV MONUMENT LP VG+ k,8.00,0.0771
v1|178305692707|0,"Leon Russell Will O' The Wisp LP ,strong VG+ Record, EX Cover ",4.00,0.0771
v1|206410715501|0,BENNY GOLSON CHET BAKER The Compositions Of Benny Golson LP RIVERSIDE RLP3505 NM,8.99,0.0771
v1|137506985021|0,Gamma 1 Vinyl LP Ronnie Montrose NM,19.00,0.0770
v1|236933959327|0,JEFFERSON AIRPLANE:Surrealistic Pillow RCA LSP-3766 LP 1967 VG/VG+ in Shrink,4.99,0.0770
v1|377336818816|0,R&B Soul 45 DON JULIAN It's Stompin Time/Part 2 on Interlude VG+,7.99,0.0770
v1|407072164781|0,45 RPM Blue Sky Boys BLUE SKY 100 You Came to Me ACAPELLA M-,3.00,0.0770
v1|178305586560|0,Country Joe and The Fish C J Fish vinyl record LP ULTRASONIC CLEAN,10.99,0.0769
v1|127971015895|0,The Return Of Koerner Ray & Glover 1965 VG Folk Blues LP Elektra Records,8.00,0.0769
v1|178305573200|0,Bob Marley & the Wailers - Exodus Vinyl Lp Abbey Road Half Speed Mastered ,24.99,0.0769
v1|800329809477|0,Contra 3: Alien Wars (Original Soundtrack) by Konami Kukeiha Club- 2017 Vinyl LP,8.50,0.0769
v1|267725973880|0,Wynton Marsalis Self-Titled Vinyl LP Columbia Records FC 37574 1982 Jazz Music,9.99,0.0769
v1|287456428465|0,Blood Sweat & Tears by Blood Sweat & Tears Vinyl LP Gatefold Columbia 1969,0.99,0.0768
v1|147432740613|0,DARKTHULE Awakening Of The Ancient Past /The Coming From The Past LP black metal,10.00,0.0768
v1|298499967307|0,"Hero by Morris, Maren (Record, 2016)",2.00,0.0768
v1|117297953019|0,Waylon Jennings Lot Of 3 Lp Vinyl Record Albums Ex Condition,20.00,0.0767
v1|257618242295|0,"Dragon Ball Z - Best Collection OST (Orange Vinyl, 2xLP) NM ",20.00,0.0767
v1|188632425840|0,"GRAND MASTER FLASH - FLASH TO THE BEAT 12"" Vinyl 1982 RECORD Hip Hop SH 574 NM",9.99,0.0767
v1|407066868741|0,Mar Keys on SAT 107,5.00,0.0767
v1|366535388997|0,JAN & DEAN Self Titled AUDIO ENCORES AE1-1003 LP NM audiophile SHRINK k,8.00,0.0766
v1|298500406871|0,"13X Bundle Lot-Classical,Romantic,Jazz,LP Albums",20.00,0.0766
v1|168531604436|0,"MICHAEL JACKSON Bad 12"" Single Epic Records 49 07462 1987",38.00,0.0766
v1|137507252809|0,Perry Como LP’s “In Italy” LSP3608 “I Believe” LPM1172 “It’s Impossible” LSP4473,17.99,0.0766
v1|178305690619|0,"The Radiators – Law Of The Fish,M- Record, and Ex Cover ",8.00,0.0766
v1|257618647675|0,"4 HAYDN  Box Sets - 13 LP's - Philips - London ffrr - Operas, The Seasons DORATI",20.00,0.0766
v1|278176204457|0,ZZ Top “Deguello” LP 1979 Warner Bros  HS 3361  COVER IS VG/VINYL IS EXCELLENT,18.00,0.0766
v1|206411076362|0,Dilated Peoples | The Platform | Vinyl Rap Record | DJ Revolution | Alchemist,45.00,0.0766
v1|366541942001|0,Columbia MS 6071 Entremont Ormandy LISZT Piano Concertos 6 EYE 1959 VG++ TO NM,1.99,0.0766
v1|287457005795|0,Traffic On The Road 2-LP Gatefold Vinyl Live Album Steve Winwood VG+,4.95,0.0765
v1|407068620056|0,Led Zeppelin Houses of the Holy LP Vinyl Record Album SD 7255 Atlantic Rock 1973,20.00,0.0765
v1|127971614923|0,"Pedro Vargas - Sings LP 1956 VG+ Vinyl 12"" Mariachi Bolero Ballad Latin Pop",0.99,0.0765
v1|366535389973|0,JETHRO TULL Too Old To Rock 'N' Roll... CHRYSALIS LP VG+ germany gatefold k,8.00,0.0765
v1|188632464650|0,Billingsgate Reach Out 7” Blue Vinyl Victory Records Hxc Insight Integrity Bold,20.00,0.0765
v1|298491978852|0,"John Cafferty And The Beaver... -  Wild Summer Nights/On The Dark Side -  US 7""",6.99,0.0764
v1|127971526001|0,BURT BACHARACH:Make It Easy On Yourself A&M SP 4188 LP 1969 G+/VG-,4.00,0.0764
v1|287457159108|0,Heart Bébé le Strange Vinyl 1980 VG+,4.95,0.0764
v1|800321889223|0,GORDON LIGHTFOOT Sundown REPRISE MS-2177 LP VG+ k,9.00,0.0764
v1|127971525764|0,V/A History Of Bell U.K. 1970-1975 1976 LP on Arista #AL 4112 HELLO GARY GLITTER,9.99,0.0763
v1|800321845133|0,Kraftwerk - Trans-Europe Express LP - Capitol VG+,11.50,0.0763
v1|278175992604|0,PREWAR HILLBILLY 78 • Arthur Smith • Chittlin’ Cookin’ Time In Cheatham Co E-/V+,39.99,0.0762
v1|227428484307|0,"Merle Haggard Goin' Home For Christmas 12"" Vinyl LP Epic PE 38307 33 RPM Stereo",4.00,0.0762
v1|198486005935|0,KOOL & THE GANG Greatest Hits 1975 US LP ORIG 70s De-Lite Records DEP-2015 VG/VG,2.95,0.0761
v1|188623821192|0,"Easy Going ""Remixed"" Disconet version includes a great medley of their tracks.",4.00,0.0761
v1|358796420746|0,ROD STEWART Sing It Again Rod Mercury Vinyl LP 1972,1.99,0.0761
v1|800321845130|0,"Koerner, Ray & Glover - Blues, Rags & Hollers LP - Elektra Mono SEALED",21.15,0.0761
v1|137507150593|0,"Squeeze - Sweets From A Stranger 1982 Vinyl A&M SP-4899 VG+ with ""Coffee in Bed""",10.00,0.0761
v1|298500523493|0,The Cars Candy-O US LP Vinyl Album Record Elektra Rock New Wave Pop,6.99,0.0760
v1|377336802679|0,Deep Soul/R&B 45 EDDIE LEE CORLEY Forget The Past/Hold Up Your Hand on Cozy NM,7.99,0.0760
v1|147432315802|0,ELVIS PRESLEY 7LP PACKAGE FACTORY SEALED VERY RARE FROM PICKWICK ALL 7 ALBUMS,117.50,0.0760
v1|127978411783|0,"Pretenders ""Hate For Sale"" Lp BMG 5386035711",15.00,0.0760
v1|278176204345|0,Stevie Wonder”Talking Book” LP  T-319L Gatefold COVER & VINYL ARE VG+ Braille,14.00,0.0760
v1|257614034627|0,Steve Winwood Arc of a Diver Vinyl LP Record 1980 Pressing,5.00,0.0760
v1|267725985167|0,Molly Hatchet- Flirtin With Disaster- LP 1979 Epic JE 36110,7.99,0.0760
v1|198492674370|0,Various - MR. MAGIC'S RAP ATTACK VOL. 5 - Vinyl LP 1989 US Profile Hip Hop Comp!,9.98,0.0760
v1|307059830194|0,PUBLIC IMAGE LTD “FLOWERS OF ROMANCE” 1981 VINYL LP W/ JOHNNY ROTTEN SEX PISTOLS,19.99,0.0760
v1|127971274960|0,"45D*DAVE DEE,DOZY,BEAKY,MICK & TICH SUN GOES DOWN/ZABADAK ON IMPERIAL RECORDS",3.92,0.0759
v1|188618423248|0,Duke Ellington - Creole Rhapsody-Part 1&2 - BRUNSWICK 6093 E,19.99,0.0759
v1|377336801425|0,Crossover Soul 45 PEGGY LAREY Welcome Home/Flesh Failures on Sidewalk VG+/NM wlp,7.99,0.0759
v1|257618578579|0,"BARBRA STREISAND - Emotion (VINYL LP, 1984)Columbia Records USA",1.99,0.0759
v1|398182679059|0,WILLIE COLON El Juicio FANIA | Orig | Stereo | Latin | Salsa | Bomba LP HEAR,16.50,0.0759
v1|127970763732|0,WLUK Presents John Check & Wisconsin Dutchmen Polka Festival Favorites Vinyl Lp,10.50,0.0759
v1|158077352715|0,Lot Of 6 Hip-Hop Records ,14.99,0.0759
v1|137506395615|0,"IWRESTLEDABEARONCE Self Titled 10"" TEST PRESS Used! 2012 Blackheart Group Metal",61.00,0.0759
v1|147432194045|0,Kiss Alive Vinyl Record LP Germany Bellaphon Filmworks Label.,20.50,0.0759
v1|377336811185|0,Northern Soul 45 LATIN DIMENSION Don't Touch Me/Hurt So Bad on Columbia promo,7.99,0.0758
v1|336684009134|0,R&B Soul 45 JOE COOKE Dish Rag/Are You For Real on Apollo VG++ promo,7.99,0.0758
v1|206411021403|0,"Santana Caravanserai Columbia KC 31610 Vinyl LP 12"" 33 RPM Black",4.00,0.0758
v1|278176196804|0,Yellowjackets Four Corners Vinyl Album Lp,9.99,0.0758
v1|287456817508|0,"Harry Chapin- On The Road To Kingdom Come Vinyl LP Elektra 1976, 7E-1082",2.00,0.0758
v1|377336813299|0,Northern Soul 45 RONNIE MILSAP Total Disaster/It Went on Warner Bros VG++ promo,13.50,0.0758
v1|117297361379|0,"SHAKSPEARS   SISTER   12""  SINGLE,  BREAK MY HEART  ( PROMO )",5.00,0.0758
v1|278174862625|0,Modern Soul 45 ENTERTAINERS I'm In Love With You/Hot On A Thang on HMC NM,7.99,0.0757
v1|327258620080|0,"Vintage Alexander O'Neal ""Criticize"" Vinyl Single (1987)",3.00,0.0757
v1|366538884935|0,Cold Blood Sisyphus LP San Francisco SD 205,0.99,0.0757
v1|318573725417|0,BEATLES 1st RUN/1st PRESS WHITE ALBUM w/ Capitol Logos & ERROR TITLES + Inserts,8.50,0.0757
v1|178305897667|0,Tedeschi Trucks Band - Revelator Vinyl,50.00,0.0757
v1|227430807137|0,"1974 Camilo Sesto ""Quieres Ser Mi Amante?"" Vinyl 33 RPM Record",14.99,0.0757
v1|227430807137|0,"1974 Camilo Sesto ""Quieres Ser Mi Amante?"" Vinyl 33 RPM Record",14.99,0.0757
v1|800316810809|0,Enigma - The Complete Studio Album Collection 8 LP Box-Set used,800.00,0.0757
v1|287457440642|0,Guns N' Roses Appetite for Destruction 2018 Limited Edition 180g Vinyl 2 Lp Rare,30.00,0.0757
v1|318568491311|0,CHEAP TRICK Self Titled EPIC PE-34400 LP SEALED k,31.00,0.0757
v1|398158391586|0,Mr. Dibbs – Primitive Tracks - LP Vinyl Record Hip Hop Skateboarding,70.00,0.0757
v1|800321852476|0,BLACK SABBATH Sabbath Bloody Sabbath WARNER BROS LP VG+ w/ lyric sheet insert k,22.38,0.0757
v1|336688322061|0,Creedence Clearwater Revival - Cosmo's Factory LP - Fantasy 8402,6.99,0.0756
v1|298500584446|0,"1983- AUGUST AND THE SPUR OF THE MOMENT BAND, ""LOST HORIZONS"", 7"" PANTERA RECORD",0.99,0.0756
v1|178291623712|0,The Silence of the Lambs Soundtrack Moth Colored 2LP Vinyl Record Mondo RARE,99.00,0.0756
v1|407068158570|0,U2 The Unforgettable Fire LP Club issue,5.00,0.0756
v1|377338511783|0,Rick Astley LP Whenever You Need Somebody Shrink W/ Hype,15.00,0.0756
v1|398167974929|0,Sibelius Symphony no. 1 Karelia Suite Maazel/Vienna Decca LP Jubilee JB 42 NM,5.00,0.0756
v1|147427781920|0,"Neuroport V vinyl record (2019, SIC Records)",17.00,0.0755
v1|127971526432|0,THE 5TH DIMENSION:Live!! Bell 9000 2LP 1971 VG-/VG,6.00,0.0755
v1|117298011046|0,The Dimensions Over The Rainbow/Nursery Rhime Rock  1960 Doo Wop VG+ Columbia,4.99,0.0755
v1|257526424927|0,Lp Record 33 1/3 george benson/white rabbit #6015 cti records,0.99,0.0754
v1|188618284034|0,Victoria Spivey - Black Snake Blues - OKEH 8338 V-,19.99,0.0754
v1|206393865107|0,"DG 415 365-1 Haydn:Sym #44,77/Orpheus Chamber Orch,NM",7.00,0.0754
v1|407068418142|0,George Jones - Why Baby Why   1970 Record Album   VG / VG   Frozen Heart  Jojo's,5.00,0.0753
v1|198485511836|0,Douglas Jocko Henderson A LITTLE BIT OF EVERYTHING BLAST OFF TO LOVE 45rpm 1961,9.50,0.0753
v1|377338083229|0,Canned Heat: Historical Figures And Ancient Heads 1972,4.00,0.0753
v1|307058724633|0,"Cream Strange Brew Very Best of Cream 12"" Vinyl LP Compilation Stereo RSO",9.99,0.0753
v1|307058663012|0,Farrenheit 45RPM Fool In Love 1987 80s Boston Power Pop Rock 7” PROMO NOS PS NM,3.00,0.0753
v1|318568505067|0,"EMERSON, LAKE & PALMER Trilogy MANTICORE LP VG+ germany gatefold k",8.00,0.0753
v1|800330345329|0,"BLACK SABBATH ""Master Of Reality"" - Vertigo 6360 050   -  Orig. Vinyl LP Germany",20.50,0.0753
v1|298498960232|0,"Hiroshima Odori Arista 12"" Vintage Vinyl 3 Record Set VG++. 1 Album Cover Damage",42.00,0.0752
v1|117297364648|0,Transvision Vamp - I WANT YOUR LOVE 12” single UK,5.00,0.0752
v1|168531283499|0,DISCO Fantastic Four I Got To Have Your Love PROMO RARE '77 VG ULTRASONIC CLEAN,10.99,0.0752
v1|358787295044|0,Petula Clark The English Sound Premier Vinyl LP Stereo PS-9016,3.00,0.0752
v1|398167964656|0,Frank Zappa Lumpy Gravy (1985 Pumpkin Records Release),20.00,0.0752
v1|298500523097|0,Little Feat LP WB WS1890 1971,15.00,0.0752
v1|227428424069|0,"Whitney Houston Whitney Houston LP 12"" Black Vinyl 33 RPM Arista AL-8212",5.50,0.0751
v1|147431328469|0,GOTHIC ROCK 2 VINYL LOT DOOL & SONJA,25.00,0.0751
v1|188632444313|0,NIK KERSHAW - THE RIDDLE Vinyl LP RECORD 1985 Album MCA 5548 NM,9.44,0.0751
v1|366538924326|0,"Eugene And Esther Fiddler LP ""God Is Love"" BX7",2.50,0.0750
v1|278176204219|0,TO BONNIE FROM DELANEY - DELANEY & BONNIE & FRIENDS COVER IS VG/VINYL IS VG+,5.00,0.0750
v1|298499760753|0,"Herb Alpert's Tijuana Brass Whipped Cream & Other Delights A&M LP Vinyl 12"" 33 …",5.00,0.0750
v1|307052472848|0,"Brenda Lee “Sings Top Teen Hits” Vinyl = G+:VG 12"" LP Record Pop,Folk,Rock,Vocal",3.00,0.0750
v1|137507133059|0,The Heartbreakers – L.A.M.F. The Found ’77 Masters RSD 2021 purple vinyl limited,49.99,0.0750
v1|236933454059|0,Ritchie Valens La Bamba / Donna 45 Lana Records Sky Blue Labels,5.00,0.0749
v1|336685066265|0,"Carlos Dix - Y No Tengas Que Sufrir, Victor 79714, Latin 78",19.99,0.0749
v1|800330491121|0,John Cougar Mellencamp Uh-Huh 1983 Vinyl LP Record  Riva RVL 7504 Pink Houses,7.99,0.0749
v1|366530869284|0,Arizona Dranes - I'm Glad My Lord Saved Me - OKEH 8438 V,19.99,0.0749
v1|168530471216|0,45rpm Beatles The Ballad of John & Yoko Ono 1969 Old Brown Shoe Capitol Records,9.98,0.0749
v1|188630248566|0,VAN MORRISON  Brown Eyed Girl  on Bang 545 PROMO,5.00,0.0748
v1|278175954540|0,BLUES R&B 78 • Morris Pejoe • Checker 766 • Gonna Buy Me A Telephone EE-,45.99,0.0748
v1|178305901628|0,3 BRENDA LEE LP-Coming on Strong/Brenda/10 Golden Years,4.99,0.0748
v1|147436099936|0,METAL 2 VINYL LOT HUNTSMEN & GREEN CARNATION,25.00,0.0748
v1|178287823648|0,JUDAS PRIEST - Sad Wings Of Destiny LP Vinyl Janus JXS7019 - Original 1976 Press,24.99,0.0747
v1|398166937246|0,GERRY MULLIGAN SEXTET - Presenting The Gerry Mulligan Sextet EMARCY  MG-36056,20.00,0.0747
v1|407067517450|0,"Motorhead Iron Fist/Remember Me I´m Gone 7"" red vinyl.",9.72,0.0747
v1|198485405277|0,Rosco Gordon SALLY JO /TORRO 45rpm SUN Records 1958,19.50,0.0746
v1|236933636706|0,Marcial Ball Hot Tamale Baby Rounder 3095 Austin Blues LP,14.00,0.0746
v1|227428437209|0,"Glen Campbell Wichita Lineman 12"" Vinyl LP Capitol Records ST 103 Stereo 33 RPM",3.00,0.0746
v1|800321871159|0,DEEP PURPLE In Rock WARNER BROS LP VG+ gatefold k,8.00,0.0746
v1|407067516925|0,"Larry Wallace from Motorhead Police Car 7"" single",7.69,0.0746
v1|377338136544|0,ROCK-DAVID BOWIE-DAY-IN DAY-OUT/JULIE-EMI AMERICA 8380-STEREO,5.00,0.0746
v1|398165791147|0,Various – Sessions JBL 1973 x2 LP Record Albums EX,5.00,0.0746
v1|198493991627|0,The Mothers – Just Another Band From L.A. Vinyl LP 1972 Bizarre Record MS 2075,14.99,0.0746
v1|307058651333|0,"Greatest Jazz Recordings of All Time - Jazz Milestones Franklin 33, 34, 35, 36",18.00,0.0745
v1|398167988599|0,Beethoven-Eroica-Monteux/Concertgebouw Philips Festivo Series 6570 204 See Descr,5.00,0.0745
v1|168531571723|0,"DOOWOP The Team Mates, Royal Khans Once There Was A Time Le Cam 707 1959 HEAR IT",10.00,0.0745
v1|137507075036|0,"1942 LESTER YOUNG, KING COLE RED CALLENDER TRIO NEAR MINT ",125.00,0.0744
v1|398167143090|0,HARRY CHAPIN Living Room Suite 1978 LP VINYL Record,5.00,0.0744
v1|198493899743|0,"‘50s/60s Doo Wop/R&B Lot Of 50: NOS RE/Repro 45s  Native Boys, Blenders, etc",31.00,0.0744
v1|137506784977|0,BIZET ANSERMET Symphony In C Major STEREO LP Used! 1961 Decca ED1 SXL 2275,75.99,0.0744
v1|127971244559|0,ELTON JOHN - Empty Sky - MCA LP Gatefold - Very Good+ - 1973,5.00,0.0744
v1|236933048227|0,Gordon Lightfoot Don Quixote Vinyl LP Reprise Folk Rock 1972 MS 2056,3.98,0.0744
v1|398182754183|0,EDDIE PALMIERI The Music Man TICO Killer! | Latin | Salsa | Guaguanco LP HEAR,9.99,0.0744
v1|178305691370|0,"The Motels – Little Robbers, LP 1983 Capitol Records – ST-12288 M-record & cover",10.00,0.0744
v1|377336809918|0,Northern Soul 45 HERB FAME You're Messin' Up My Mind on Date VG+ promo,7.99,0.0744
v1|800321845072|0,Graveyard - Hisingen Blues LP - Nuclear Blast EU Colored Wax VG++ Poster,20.94,0.0743
v1|267725743859|0,Decca Records Children’s Series La La Lu Peggy Lee 78rpm Siamese Cat Song,5.00,0.0743
v1|168515559699|0,Quiet Riot Metal Health 1983 Vinyl Record + Napkin With Signatures,14.99,0.0743
v1|800329497902|0,"DAVID LEE ROTH  ""Sonrisa Salvaje"" - Warner Bros. 9 25516-1 - Orig. Vinyl  Record",19.49,0.0743
v1|336688910912|0,"Cream Songbook, The Rubber Band – GRT Records GRT-10000, 1970 – Rock Tribute ",23.75,0.0742
v1|307058844401|0,Eagles - from Hotel California  7E-1084 / 3 Panel POSTER ONLY / NO LP & NO COVER,13.00,0.0742
v1|257618650149|0,"SHEILA E.-The Glamorous Life-OR.'84 SRC MASTERED NM 12"" Cheesecake! PRINCE!",9.99,0.0741
v1|366535382618|0,FLEETWOOD MAC Future Games REPRISE LP VG+ k,10.50,0.0741
v1|398182732708|0,EDDIE PALMIERI Palo Pa Rumba ML Killer! Latin | Salsa | Guaguanco LP HEAR,9.99,0.0741
v1|227431133241|0,Tracy Chapman - Tracy Chapman LP - Elektra Records E1-60774 in shrink Wrap,14.50,0.0741
v1|206410584021|0,21 LP Easy Listening Kinney Hawaii Mason Murray Dance Luboff Miller Goulet Lanza,25.00,0.0741
v1|127971006084|0,KISS Psycho Circus Lenticular Cover Vinyl LP,50.00,0.0741
v1|127970524104|0,Jukebox 45 & Title Strip Herb Alpert Janet Jackson Diamonds Cleaned Tested,2.49,0.0740
v1|227428485199|0,"Kitty Wells Christmas 12"" Vinyl LP Mistletoe Records MLP-1214 Stereo",3.50,0.0740
v1|336683999804|0,Northern Soul 45 DEE DEE SHARP Baby I Love You/What Am I Gonna Do on Atco NM wlp,7.99,0.0740
v1|307053095004|0,"Bruno Walker “Symphony No.9 In C Major,”The Great”Stereo Promo Vinyl=VG++ 12"" LP",3.00,0.0740
v1|327255404711|0,"The Moody Blues  45  ""Go Now""  1965  ""Lose Your Money""  -  Good Condition",2.99,0.0740
v1|287456848248|0,The xx - xx Splatter Vinyl Record LP TTL Turntable Lab Exclusive /800,60.00,0.0740
v1|298500523022|0,Ted Nugent Intensities in 10 Cities LP Epic FE 37084 1981,3.00,0.0740
v1|407068524544|0,"Peter Godwin Baby's In The Mountains 12"" Vinyl EP 45 RPM Polydor 815 536-1",8.00,0.0739
v1|127975002438|0,"BLONDIE, Parallel Lines LP 1978 Chrysalis Second Press Reissue W/Disco Gs VG+/NM",11.77,0.0739
v1|318573764865|0,BEVERYLY HILLS COP Lp Album,4.99,0.0739
v1|257614108583|0,Neil Diamond Moods Vinyl LP Record 1972 Pressing,5.00,0.0739
v1|278182931879|0,"Biz Markie: Just a Friend 12"" Cold Chillin' MAXI-SINGLE 1989 Pressing Vinyl VG+",9.99,0.0738
v1|336683991579|0,Crossover Soul 45 CALIFORNIA ROCK CHOIR Whoever You Are on Cyclone,7.99,0.0738
v1|298499985854|0,"Jimmy Cliff  “The Power And The Glory”Columbia 1st Press Promo, EX Vinyl",4.00,0.0738
v1|278176205034|0,"David Gilmour ""About Face"" 1984 Vinyl LP FC-39296 COVER IS EX/VINYL IS VG+",12.00,0.0738
v1|178305587441|0,Robert Fripp Exposure Vinyl Record LP ULTRASONIC CLEAN,9.99,0.0738
v1|168531647486|0,Puccini La Boheme Remington Records Vintage Classical Vinyl LP Collectible VG+,9.99,0.0738
v1|336685176007|0,STEELY DAN Can't Buy A Thrill 1980 RE **SHRINK** MINT- Beauty!!  Ultra/VPI Clean,34.50,0.0737
v1|117298088653|0,Rhapsody in Blue - George Gerahwin LP SPC 21009,7.50,0.0737
v1|278174878518|0,R&B Rocker 45 LARRY BRIGHT Do The Thing/Bacon Fat on Del Fi promo,7.99,0.0737
v1|398167016682|0,"VINYL LP by WES MONTGOMERY ""THE MASTERSOUNDS WITH"" (19667) JAZZ / PACIFIC JAZZ",12.00,0.0737
v1|158082956255|0,Emerson Lake & Palmer WORKS SD 2-7000 Atlantic 2 LP 1977 Vinyl,10.00,0.0737
v1|168531698702|0,THE MELODIANS Come Back Girl Rhythm Shack Rocksteady Ska Reggae 45 VG++ HEAR,7.00,0.0737
v1|336683998739|0,Northern Soul 45 BETTY EVERETT Bye Bye Baby/Your Love Is Important To Me on ABC ,7.99,0.0736
v1|318568506302|0,EURYTHMICS Savage RCA LP VG+/VG++ SHRINK k,8.00,0.0736
v1|127970524943|0,Jukebox 45 & Title Strip George Benson Inside Love Cleaned Tested,2.49,0.0736
v1|168531817155|0,R&B JC Davis and Band Sweet Sweet Love / Monkey Chess 1858 1963 HEAR IT,5.00,0.0736
v1|257618698529|0,Devo – Shout (Promo Only Pressing) | 1-25097 ARE1-SH2 | Warner Bros. Records,0.99,0.0736
v1|236933931233|0,"The Doobie Brothers What Were Once Vices Are Now Habits Rock Vinyl LP 12"" 33",3.00,0.0736
v1|147436091215|0,EXULANSIS (BLACK METAL) 2 VINYL LOT OVERATURES OF UPRISING + 1,20.00,0.0736
v1|327258757432|0,"YES, Close to the Edge Vinyl Lp 1st Press Gatefold Textured Sleeve",1.99,0.0736
v1|278176203976|0,Supertramp “Breakfast in America” LP A&M SP-3708 1979 COVER IS EX/VINYL IS VG+,14.00,0.0736
v1|298500524535|0,Moody Blues In Search of the Lost Chord LP Deram DES18017 Gatefold 1968,5.00,0.0736
v1|800330459511|0,"WHITESNAKE  ""Come An' Get It"" - Geffen GHS 24167 -  Vinyl LP Record",17.50,0.0735
v1|298500005758|0,Creedence Clearwater Revival Live In Europe 2LP Vinyl Fantasy CCR-1 Gatefold,4.50,0.0735
v1|407072157482|0,45 RPM Roy Hamilton EPIC 9257 Dont Let Go / Right To Love VG+,3.00,0.0735
v1|178305694964|0,"Columbia LP Record, Leonard Bernstein, William Tell Overtures, VG",1.00,0.0735
v1|398166937232|0,SHAKEY HORTON - THE SOUL OF BLUES HARMONICA -  1964 ARGO Records 4037,40.00,0.0734
v1|398182724069|0,WILLIE COLON + RUBEN BLADES  Metiendo Mano FANIA Shrink | Orig | Salsa LP HEAR,13.50,0.0734
v1|407066091752|0,Triumph Allied Forces Lp,8.99,0.0734
v1|236933871782|0,"Limited Edition, Barbra Streisand Picture Disc The Way He Makes Me Feel",2.44,0.0734
v1|117294356763|0,4 LP LOT JAY & THE AMERICANS TRY SOME OF THIS WAX MUSEUM LIVE LADY FROM PASADENA,9.99,0.0734
v1|236936853917|0,Italo Disco Patty & Orlando Johnson Woman Is Light 12” Single,9.99,0.0734
v1|206408134751|0,Gordon Gano & The Ryans - Under The Sun LP - Yep Roc 180g VG++ Shrink,12.50,0.0734
v1|127971059909|0,"Dynamic Upsetters, I want a man to shag with me, CPI UR 3152 Excellent, Signed",15.00,0.0733
v1|158071546542|0,LED ZEPPELIN Presence 1976 LP Gatefold 1ST PRESS Atlantic SS8416 SP,12.49,0.0733
v1|188632412673|0,MANFRED MANN'S EARTH BAND - ANGEL STATION Vinyl 1979 LP RECORD BSK 3302 EX+,9.44,0.0733
v1|287461914215|0,Otis Redding The Dock of the Bay LP ATCO SD 33-288 Soul Classic,15.20,0.0733
v1|127971462267|0,LESLIE WEST The Great Fatsby - 1975 Phantom BPL1-0954,4.99,0.0733
v1|407068395099|0,HECTOR BERLIOZ Symphonie Fantastique 1959 Vinyl LP VOX STPL 511.090 - VG,2.99,0.0733
v1|147431225919|0,IHSAHN 2 VINYL LOT TELEMARK & PHAROS EPS,30.00,0.0733
v1|267725803430|0,Van Morrison A Period of Transition Vinyl LP Dr John BS 2987 * 1977 RecordOnly,2.06,0.0733
v1|366538780799|0,801 live,12.00,0.0733
v1|800331336914|0,"Elvis Presley You'll Never Walk Alone 12"" Black Vinyl LP 33 RPM Mono CAL-2472",2.99,0.0732
v1|278176348348|0,Red Vinyl EXOTICA Classic KORLA PANDIT At The Pipe Organ LATIN HOLIDAY Fantasy,19.00,0.0732
v1|318573470597|0,Rare Jerry Garcia – Garcia Grateful Dead 1974Round Records RX 102 FREE SHIPPING!,16.95,0.0732
v1|188641251451|0,PINK FLOYD ~ Momentary Lapse of Reason / Gatefold '87 40599 / VG+ to EXC,9.99,0.0732
v1|158077473771|0,"THE BEATLES & MURRAY THE""K-PICTURE SLEEVE+45-RARE INSERT CARD-(AS IT HAPPENED)PS",199.99,0.0732
v1|278174872254|0,Northern Soul 45 SHOWMEN The Honey House/Please Try & Understand on Swan VG++,7.99,0.0732
v1|206410843694|0,"Fred Astair & Ray Noble, Brunswick 8189 Picture Record!",20.00,0.0732
v1|398167342557|0,James Taylor LP. Walking Man. 1974 Warner Brothers Records W-2794.In Shrink Wrap,9.00,0.0731
v1|267725895607|0,"Mott The Hoople – All The Young Dudes -1972 Columbia KC 31750 Rock Vinyl LP, Ex",16.99,0.0731
v1|298500184914|0,"Neil Diamond - Hello Again 12"" Black Vinyl LP 33 RPM Atlantic 1980 Sleeve",1.78,0.0731
v1|298500583913|0,"1963-THE DIXIEBELLES, ( THE TONETTES)  "" DOWN AT PAPA JOE'S , 7"" SOUND 7 STAGE ,",0.99,0.0731
v1|336683999211|0,Northern Soul 45 CAROL FREDERICK I Couldn't Care Less on Stonel promo,129.50,0.0731
v1|800321870276|0,DAVID LAFLAMME White Bird AMHERST LP VG+/VG++ embossed cover SHRINK k,8.00,0.0730
v1|377336823936|0,Sweet/Northern Soul 45 SINCERES Oh Angel/Baby I Apologize on Zina,51.00,0.0730
v1|307050550855|0,Vincent Travers and his Hotel Walton Orch. jLove Me Montgomery Ward  #M-4431,11.95,0.0730
v1|307051864414|0,Kendrick Lamar - Untitled Unmastered (Vinyl LP) - NEW OPEN BOX,19.99,0.0730
v1|407068571671|0,Wings At the Speed of Sound LP Still in shrink w/ Hype sticker,5.00,0.0730
v1|366535364033|0,BEATLES Revolver APPLE ST-2576 LP k,8.00,0.0730
v1|407064548125|0,Killer Ready For Hell Belgium copy,12.50,0.0730
v1|398182676506|0,VA Salsa Disco Party Live At Rose Land  TR Salsa | Guaguanco | Charanga LP HEAR,9.99,0.0729
v1|398165815270|0,Mannheim Steamroller ‎Fresh Aire AG-355 American Gramaphone Vinyl LP Record 1975,5.00,0.0729
v1|278175927655|0,PREWAR JAZZ 78 • King Oliver • Savannah Syncopators • Brunswick 3361 • Snag It,19.99,0.0729
v1|227428189970|0,"Eddie Palmieri, ""La Malanga"", Latin Salsa 45, LISTEN",4.99,0.0729
v1|287456558444|0,Barbara George - Send For Me If You Need Some Lovin One Sided Promo HEAR IT HERE,5.00,0.0729
v1|377338117524|0,Clarence Clemons and The Red Bank Rockers - Rescue 1983 Vinyl Record LP Promo,4.99,0.0729
v1|377336799785|0,Crossover Soul 45 BILLY KEENE Somebody Please/Losers Win Sometimes on Ronn VG+,7.99,0.0728
v1|318568501656|0,DOOBIE BROTHERS Minute By Minute WARNER BROS LP VG+ k,8.00,0.0728
v1|178305004984|0,SCHOOLLY D-Saturday Night! The Album LP,9.99,0.0728
v1|188606994233|0,Plasmatics - Coup D'Etat - LP Vinyl Capitol Wendy O'Williams Original 1982 Press,24.99,0.0728
v1|298496707459|0,Michael Jackson – Thriller Picture Disc LP 2008 Epic MJJ Official,3.00,0.0727
v1|407067878891|0,Crosby Stills Nash & Young 4 Way Street 1971 Double Vinyl LP Atlantic- READ,6.00,0.0727
v1|127971258257|0,The Bowmen. The First Kiss/ The Quiet Hours.   45rpm,4.00,0.0726
v1|168530407693|0,"Blunted Dummies - House For All, 12""  Vinyl record",45.00,0.0726
v1|236926440347|0,HIGHWOODS STRINGBAND - Fire On The Mountain - '73 OG Rounder lbl NM bluegrass LP,14.99,0.0726
v1|278174877000|0,R&B Jazz Mod 45 JUNKYARD ANGELS See How You Are/I'm Ready on Unicycle VG+,7.99,0.0726
v1|267726062825|0,"BONNIE GUITAR: allegheny PARAMOUNT 12"" LP 33 RPM",4.99,0.0726
v1|398154093844|0,78 RPM The Ink Spots I DON'T WANT TO SET THE WORLD ON FIRE Decca 3987 G+ FALLOUT,72.00,0.0725
v1|278174883324|0,R&B Soul Funk 45 YVONNE FAIR Say Yeah Yeah/Straighten Up on Dade ,8.50,0.0725
v1|278176247692|0,Ambrosia “Road Island” LP 1982 Warner Bros. BSK 3638 COVER IS EX/ VINYL IS VG+,7.00,0.0724
v1|127971525519|0,DOCTOR ZHIVAGO:OST MGM SIE6ST LP 1965 VG-/VG,6.00,0.0724
v1|307052486606|0,"Lester Flatt & Earl Scruggs ”Songs Of The Famous Carter Family” Vinyl=G+ 12"" LP",2.50,0.0724
v1|366535373842|0,DAVID GILMOUR Self Titled COLUMBIA JC-35388 LP VG+ gatefold k,9.00,0.0724
v1|267725882278|0,Waylon Jennings Ol' Waylon Vinyl LP,8.95,0.0724
v1|206408134754|0,Grateful Dead - From The Mars Hotel LP - United Artists VG++,8.50,0.0724
v1|257618443448|0,Karen Dalton - In My Own Time LP (1971) Paramount PAS-6008 Original STERLING EX/,80.00,0.0724
v1|287457444261|0,Weezer Weezer (Blue Album) LP Vinyl Record 2016 Reissue,15.00,0.0723
v1|800321868915|0,CROWDED HOUSE Self Titled CAPITOL ST-12485 LP VG+ SHRINK k,21.50,0.0723
v1|188614116553|0,5 SECONDS OF SUMMER - SOUNDS GOOD FEELS GOOD 2015 Vinyl LP 180g B002398901 NM,23.00,0.0723
v1|127965236384|0,"LORENZO ANTONIO - 1986 SELF TITLED - MEXICAN LP ALBUM PUNCH HOLE, LATIN POP",14.99,0.0723
v1|158077543059|0,"Blue Öyster Cult Agents of Fortune Columbia LP Vinyl 1976 12"" 33 RPM PC 34164",9.99,0.0722
v1|137507435308|0,Bunny Wailer Sings the Wailers Mango Records Press,12.00,0.0722
v1|117302191284|0,"Neil Young Album, Reprise Records",10.00,0.0722
v1|206410733018|0,Blondie – Parallel Lines LP • CHR‑1192 Matrix • MCA Cut • VG/VG+ • Plays Great,24.99,0.0721
v1|366538478057|0,Rare Elvis 2-LP- From Elvis In Memphis- 180 gr.  Vinyl~RCA/BMG Follow That Dream,299.99,0.0721
v1|800329980907|0,Ride For Revenge - Ageless Powers Arise LP,15.00,0.0721
v1|398167691449|0,"The Jimi Hendrix Experience Are You Experienced 12"" Vinyl LP 33RPM Stereo RS6261",9.99,0.0721
v1|298500405643|0,3 SONNY JAMES 45RPM -Bright Lights Big City/South Saskatoon/Bad Times a Comin'/,4.99,0.0721
v1|127970229747|0,Alberta Hunter - The Glory Of Alberta Hunter LP Vinyl Record 1982 Blues,6.99,0.0720
v1|227428339087|0,"Creedence Clearwater Revival Cosmo's Factory 1970 12"" Vinyl LP FANT-8402",3.00,0.0720
v1|278175914344|0,PREWAR JAZZ 78 • Ellington • Sonny Greer & His Memphis Men • Columbia 1868 • V+,24.99,0.0720
v1|298500213068|0,"Tina Turner - Private Dancer 12"" Vinyl LP Record Capitol Cardboard Sleeve",2.92,0.0720
v1|307059121122|0,Sarah Vaughan - The Magic Of Sarah Vaughan - Vinyl LP,2.00,0.0719
v1|307052603720|0,Pilotone Jubilees and Spirituals Sung By Deep River Boys 1947 Vinylite boxed set,8.00,0.0719
v1|267717772266|0,1996 DOC GYNECO - Premiere Consultation  - French Rap Hip Hop LP ✨🎶🎧HEAR IT,19.99,0.0718
v1|398167515245|0,"THE BEACH BOYS-""Sufari"" Surfer Girl"" Shut Down""3 lps-original Capitol releases-",19.99,0.0718
v1|278174879943|0,R&B Soul 45 DYNAMICS Baby What You Want Me To Do/Hold It! on Dyna,7.99,0.0718
v1|198494035736|0,Carpenters Classic Pop & Soft Rock Vinyl Lot,6.00,0.0718
v1|318568490207|0,CAMEL Rain Dances JANUS LP VG+ k,13.50,0.0718
v1|366505282884|0,NM- LOU RAWLS & LES MCCANN LP - STORMY MONDAY W/ LEROY VINNEGAR & RON JEFFERSON,19.99,0.0718
v1|117298787837|0,"SAINT & STEPHANIE ROGER ST. KENERLY STEPHANIE SPRUILL 1979 PROMO 12"" Arista SP67",9.99,0.0717
v1|227428346813|0,"SADE paradise 12"" MAXI~FUNKY SOUL/DOWNBEAT/JAZZY XTND MIX~NM Vinyl",9.99,0.0717
v1|318568483840|0,BLOODROCK 2 CAPITOL LP VG+ k,8.00,0.0717
v1|147432467407|0,"Haste The Day When Everything Falls 12"" LP White Colored Vinyl Record",86.00,0.0717
v1|278176190432|0,Sealed Four Sides of Dave Brubeck P2S 5120 Anything Goes and Right Now 2 albums,17.99,0.0717
v1|377338117408|0,Joe Jackson - Big World -Vinyl Record Double LP 1986 (A&M SP 6021),5.99,0.0717
v1|137507166903|0,45/2-Bobby Rydel&Chubby Checker- Jingle Bell Rock & Imitatations - Cameo C-205,0.50,0.0717
v1|168531232892|0,B.B. King L.A. Midnight 1972 ABCX-743 Vinyl LP VG+/EX ULTRASONIC CLEAN & TESTED,8.99,0.0716
v1|117298090499|0,PAUL KELLY - THE UPSET (LLOYD) MIAMI NORTHERN SOUL 45 - HEAR,299.95,0.0716
v1|117298437276|0,"THE PARTRIDGE FAMILY SHOPPING BAG 12"" LP VINYL Album GATEFOLD (1972) VERY GOOD",10.00,0.0716
v1|287461933288|0,"The Stargazers – South Of The Border With Original Cover ""  DECCA Lp Exc UK",19.00,0.0716
v1|307059618796|0,"Howard Jones 45RPM Things Can Only Get Better 1985 80s Synth Pop 7"" Vinyl PS NM",2.99,0.0716
v1|278174856238|0,Deep Soul/R&B 45 RUTH WHITE Give Us Your Blessings/Dog Time on Candi VG++,7.99,0.0716
v1|267725958811|0,Gordon Lightfoot Summer Side Of Life LP,3.50,0.0715
v1|398167485520|0,Bonnie Raitt Streetlights Vinyl ,5.20,0.0715
v1|800331343632|0,Bill Hendersong with The Oscar Peterson Trio MGM Vinyl LP Ray Brown Ed Thigpen,0.99,0.0715
v1|307058650260|0,THE KIDS ~TEENAGERS DANCE THE HOP-A~DO~ 1957~ 45 RPM ~ EP ~RECORD  NM  COVER EX,3.99,0.0715
v1|267725901861|0,Tha Allman Brothers Band At Fillmore East Vinyl 2 LP Like New Played Once!,25.00,0.0715
v1|198493327104|0,Bobby Darin – That’s All Vinyl LP 1959 Atco 33-104,9.99,0.0714
v1|267722063619|0,DEL McCOURY & DIXIE PALS - High On A Mountain - '73 OG Rounder lbl bluegrass LP,14.99,0.0714
v1|178303314850|0,HERE COME THE MINSTRELS - Stereo Vinyl LP - 1966,11.99,0.0714
v1|307053120207|0,"Grover Washington Jr. 45RPM Winelight 1980 80s Smooth Soul-Jazz 12"" LP Vinyl EX+",6.00,0.0714
v1|318568486471|0,BON JOVI Slippery When Wet MERCURY LP VG++ k,14.50,0.0714
v1|327255082284|0,"Take any one with an AUCTION WIN or GET ANY (3) LPs with The ""BUY IT NOW""",4.25,0.0713
v1|227423910499|0,Iron Butterfly -In-A-Gada-Da-Vida - 1968,7.00,0.0713
v1|188632046807|0,"JETHRO TULL on LP "" THICK AS A BRICK "" rock",4.99,0.0713
v1|127971342162|0,THE MAMAS & THE PAPAS:Farewell to the First Golden Era Dunhill DS-50025 G+/VG-,4.00,0.0713
v1|298500407762|0,RICK WAKEMAN White Rock LP,9.99,0.0713
v1|318568478731|0,Doors - S/T LP - Elektra Gold Label Mono,73.00,0.0713
v1|377338254230|0,QUEEN Made In Heaven 2018 Europe 2xLP VINYL Record ALBUM VG+ USED,39.99,0.0713
v1|318573760116|0,1950 Yellow Golden Record Scuffy the Tugboat & My Bonnie Lies Over the Ocean,4.00,0.0712
v1|257618517860|0,Smothers Brothers Think Ethnic LP,6.99,0.0712
v1|298499805638|0,Michael Martin Murphey Sealed LP Heart Never Lies - Liberty LT-551150 (1983),11.20,0.0712
v1|366535391365|0,JIMMY BUFFETT Living And Dying In 3/4 Time ABC/DUNHILL LP VG+ gatefold k,8.00,0.0712
v1|127975031830|0,CHALINO SANCHEZ  CUATRO ESPADAS/ELADIO FELIX  45 Rpm ULTRA RARE USED,19.99,0.0712
v1|198494022984|0,KNUCKLE PUCK Emo Revival / Pop-Punk Collector's Vinyl Lot,46.00,0.0711
v1|318568478706|0,Canned Heat - S/T LP - Liberty Uncensored Cover VG+ Shrink,24.50,0.0711
v1|398167202897|0,The Era Of Charlie Barnet ,6.00,0.0711
v1|358786293968|0,David Bowie – Let's Dance (1983) Vinyl LP • RARE Gold Stamp Promo,65.00,0.0711
v1|307052764917|0,"José Feliciano “Encore!” Stereo Vinyl = VG:VG+ 12"" LP Record Rock, Folk, Country",4.50,0.0711
v1|168531571724|0,RARE ROCKABILLY Jimmie Avants Devil Or An Angel ABS 118 1961 HEAR IT,5.00,0.0710
v1|227428556507|0,"Ortheia Barnes ""Take My Heart And Soul"" 45 RPM Coral 62552 Northern Soul VG+",7.99,0.0710
v1|398165797418|0,"CHO-LIANG LIN violin - MOZART Concertos #1 & 4, LEPPARD - CBS LP 1988",5.00,0.0710
v1|366538277221|0,Aldo Marta Derroche Lp (G) Vinyl LP Marc Anthony Tito Rojas,14.99,0.0710
v1|377338118308|0,Maynard Ferguson - M.F. Horn Two - Vinyl Record LP Album Columbia C31709,6.99,0.0710
v1|127971186259|0,Jeff Beck There And Back 1980 Epic Records vinyl,5.00,0.0709
v1|307058533076|0,CHICAGO - VI - VINYL LP KC 32400 Gatefold,1.00,0.0709
v1|298499732872|0,Kenny Roger—The Gambler.. 1978 vinyl UALA934H NO POSTER,5.00,0.0709
v1|366535369945|0,BRUCE SPRINGSTEEN Greetings... COLUMBIA PC-31903 LP die-cut unipak SEALED k,10.50,0.0709
v1|366535369945|0,BRUCE SPRINGSTEEN Greetings... COLUMBIA PC-31903 LP die-cut unipak SEALED k,8.50,0.0709
v1|257614504481|0,Utopia - Oops! Wrong Planet - LP vg+/ex Todd Rundgren promo,10.00,0.0708
v1|336685322637|0,Beatles Magical Mystery Tour Apple SMAL-2835 Stereo w/ Attached Booklet - Ex (A),29.99,0.0708
v1|206410675959|0,"RARE ~ Iron Maiden – ""Scaling New Heights With Iron Maiden"" - Picture Disk",7.00,0.0708
v1|117297478154|0,"lot 7"" 45's Rock Country Pop N.Soul Rockabilly w/2 OBSCURE 1960's PROMOS",3.90,0.0708
v1|178305691574|0,"Eurogliders  -  Absolutely  -  1985 LP, M-record and cover.",4.00,0.0708
v1|307050263404|0,JOHNNY AND JACK ~ SMILES AND TEARS ~ 33  RPM JUKEBOX ISSUE~  RECORD EX  COVER EX,3.99,0.0708
v1|800329972235|0,Ride For Revenge - Thy Horrendous Yearning LP,15.00,0.0708
v1|127970223189|0,THE BEACH BOYS 25 YEARS OF GOOD VIBRATIONS SUNKIST 25TH ANNIV TOUR LP VINYL,20.00,0.0707
v1|358787401712|0,Heart Magazine Album Released In 1978  Very Good Condition,10.00,0.0707
v1|206408134734|0,Earl Hooker - Funk. Last Of The Great Earl Hooker LP - Antilles SEALED,11.07,0.0707
v1|327258680445|0,"Joan Baez 2xLP ""Blessed Are..."" BX13 ",3.00,0.0707
v1|127970525689|0,Jukebox 45 & Title Strip Atlantic Starr Silver Shadow Cleaned Tested,2.49,0.0707
v1|800321845076|0,Groundhogs - Who Will Save The World? The Mighty Groundhogs LP - UA VG+,12.50,0.0707
v1|257616979726|0,60s Garage Psych 45 Dantes Polka Dot Rainbow POWER ,9.99,0.0707
v1|366539099710|0,JETHRO TULL Original Masters 1985 Collection LP Chrysalis Original Painted Cover,15.00,0.0707
v1|800321859626|0,BUFFALO SPRINGFIELD Last Time Around ATCO LP unipak k,8.00,0.0707
v1|198494022942|0,Eric Clapton / Joe Walsh Classic Rock Vinyl Lot,8.00,0.0706
v1|168531522544|0,john denver the muppets vinyl  and others.,15.35,0.0706
v1|206411164031|0,DEEP PURPLE Who Do We Think We Are BS2678 Record LP VINYL White Label Promo RARE,33.00,0.0706
v1|318568479582|0,BEATLES 1967-1970 APPLE 2XLP VG+ france blue vinyl gatefold k,21.50,0.0705
v1|168524435979|0,MURRAY THE K… This auction is for 2 LPs: see full listing and photos for details,4.99,0.0705
v1|198494000662|0,Ktel 24 Great Truck Drivin' Songs Record,6.99,0.0705
v1|398167120332|0,"Wright, Steven - I Have A Pony (Warner Bros., 1985, US LP)",10.00,0.0704
v1|298499800157|0,Gatecreeper An Unexpected Reality Limited Edition   Color Vinyl Death Metal LP,20.00,0.0704
v1|147432426417|0,DAVID LYNCH JULIE CRUISE 2 VINYL LOT TWIN PEAKS,30.00,0.0704
v1|127971526133|0,STAN FREEMAN AND HIS MUSIC MEN The Music Man 1958 DEBUT LP on Columbia #CL 1120,9.99,0.0704
v1|407068138937|0,"12"" Picture Disk by Love & Rockets",20.00,0.0704
v1|227431210161|0,New york hardcore Where The Wild Things Are,28.00,0.0703
v1|257618751421|0,Elvis Presley That's The Way It Is Rare Rigid Vinyl Orange Label,48.00,0.0703
v1|336683999950|0,Northern Soul 45 EBONIES He Didn't Want To Lose/Ebony Soul Step on Mid-West,36.00,0.0703
v1|377338118156|0,Frank Sinatra- The Sinatra Touch - 6 LP Box Set 1968 Missing Record 1 & 6,9.99,0.0703
v1|307058899874|0,Herb Alpert & Janet Jackson 45RPM “Diamonds” 1987 80s Neo-Soul R&B 7” Vinyl PS,3.00,0.0703
v1|298349192418|0,Steely Dan AJA - Cisco Music 180gm Limited Edition LP - NEAR MINT!,71.00,0.0703
v1|278175937524|0,PREWAR JAZZ TRANSCRIPTION • Duke Ellington • RCA L- 16006 Long Play 1932 Rare,86.00,0.0702
v1|307052763362|0,ELP EMERSON LAKE & PALMER TARKUS 1971 LP album COTILLION RECORDS #SD-9900 EX GF,8.95,0.0702
v1|178305691099|0,Bob Marley And The Wailers* - Reggae Revolution Vol. 2  Time Wind 50028 EX/M-,10.00,0.0702
v1|188630660314|0,Blondie  Rapture  12'',8.00,0.0702
v1|800330296559|0,"Seatrain Vinyl Record Music Album. Clean, Well Cared For Vinyl. ",2.99,0.0702
v1|800069862545|0,Lp Record 33 1/3 boston/dont look back #35050 epic records,0.99,0.0702
v1|318573003438|0,Waylon Jennings --Honky Tonk Heroes Vinyl APL1-0240,30.00,0.0701
v1|267725869015|0,LYNN ANDERSON – SMILE FOR ME (KC 32941) Columbia Records LP -Play Tested- EX/NM!,4.99,0.0701
v1|117298346945|0,"KANSAS - Monolith CBS BL 36008 (Vinyl, Kirshner Records)",4.00,0.0701
v1|318571794829|0,"Lloyd Glenn - After Hours 1962 LP, Album, Mono, Imperial LP-9175-A, Very Fine",24.00,0.0700
v1|278176108504|0,"HANK MARR QUARTETTE - LIVE AT CLUB 502, KING MONO, VG",20.00,0.0700
v1|327258606241|0,Dio / The Last In Line - Classic Metal Vinyl - 1984 Original With Inner Sleeve,15.50,0.0700
v1|257613887487|0,Steve Winwood Freedom Overspill Vinyl Maxi-Single 33 1/3 1986 Pressing,5.00,0.0700
v1|188630230138|0,THE BELMONTS  Ann-Marie on Sabina 509,5.00,0.0700
v1|318568490301|0,CANNED HEAT Cook Book LIBERTY LP VG++/VG+ SHRINK k,8.00,0.0700
v1|366538739172|0,"BOYZ II MEN ""  END OF THE  ROAD ""  12"" PROMO ",10.00,0.0700
v1|168525620933|0,Bruce Springsteen Born To Run Vinyl LP Columbia PC 33795 Classic Rock,9.99,0.0699
v1|278176203759|0,Creedence Clearwater Revival ⭐ “Green River”Fantasy 8393 COVER & VINYL ARE VG+,10.00,0.0699
v1|137507069222|0,"Wonder by Shawn Mendes (Used Record, 2020)",5.00,0.0699
v1|267714182513|0,🎤︎ Pink Floyd - Wish You Were Here - COLUMBIA Rock LP 🎧LISTEN  soundclip added,39.99,0.0698
v1|318568514186|0,IT'S A BEAUTIFUL DAY Marrying Maiden COLUMBIA LP VG++ SHRINK k,8.00,0.0698
v1|117298258903|0,J. Geils Band Double Album Live Promotional Vinyl Music Records. White Labels.,4.99,0.0698
v1|398167000510|0,gordon lightfoot cold on the shoulder vinyl,7.00,0.0698
v1|366535387836|0,HOWLIN' WOLF All Night Boogie CLEO LP VG+ france k,8.00,0.0697
v1|188618423949|0,Duke Ellington - Moon Over Dixie - BRUNSWICK 6317 V,19.99,0.0697
v1|318568482055|0,BIG BROTHER & THE HOLDING COMPANY Cheap Thrills COLUMBIA PC-9700 LP VG++/VG+ k,8.00,0.0696
v1|287457332117|0,"LA TUNA""ABONESA"" DE AGUAS BUENAS:LA JUMITA: LP",8.00,0.0696
v1|236932390405|0,Nile Rodgers CHIC Aventures In The Land Of The Good Groove vinyl lp Special Pres,7.99,0.0696
v1|127971424267|0,"Kayokyoku Anthology (Various) LP 1950s-1970s Vinyl 12"" VG+ Japan Showa-Era Pop",0.99,0.0695
v1|307058533073|0,GRAND FUNK RAILROAD - good singin'... VINYL LP - MCA-2216,1.00,0.0695
v1|377336805791|0,Funk/Sweet Soul 45 DAY-TONS Broad Jumping/A Broken Heart on Dayton VG++,12.50,0.0695
v1|287456196179|0,Doctor Zhivago -Original Soundtrack Vinyl Album Maurice Jarre MGM 1965,1.80,0.0694
v1|398165807607|0,"BEETHOVEN Symphonies 1 & 5 , Muti Philadelphia Orch EMI Angel  LP 1986 DS-538331",5.00,0.0694
v1|366535391035|0,JIMMY BUFFETT A White Sport Coat And A Pink Crustacean ABC LP VG+ k,9.50,0.0694
v1|307058533086|0,THE ISLEY BROTHERS - Go All The Way VINYL LP Gatefold Terre Haute Pressing,1.00,0.0694
v1|267725645949|0,Songs And Dances Of the Ukraine Album LP Volume 1,6.40,0.0694
v1|158077557881|0,"CHEAP TRICK ""AT BUDOKAN"" VINTAGE 1979 LIVE EPIC RECORDS VINYL LP WITH BOOKLET",4.99,0.0693
v1|168531595828|0,Maze feat. Frankie Beverly - Too Many  Games - Capitol Records (1985) SINGLE LP,9.99,0.0693
v1|800321845020|0,Bob Dylan - The Freewheelin' Bob Dylan LP - Columbia 2-Eye Stereo,11.15,0.0693
v1|117301156708|0,"RARE LOT 12"" LP's country rock rockabilly steel guitar ALL VG++to NEAR MINT",2.00,0.0693
v1|147432756547|0,ELVIS PRESLEY 45 74-0651 BOSOM OF ABRAHAM/HE TOUCHED ME MEGA RARE PRESSING ERROR,215.50,0.0693
v1|278155450263|0," Peppermint Rainbow Will You Be Staying After Sunday '69 Decca Soft Pop LP VG-/M",10.00,0.0693
v1|188618467649|0,Johnny Hedges - Like A Ship In The Night - VOCALION 4710 E-,19.99,0.0693
v1|188632153043|0,no use for a name Let Em Out Nofx Punk All Descendants Slap A Ham Sick Of It All,40.00,0.0693
v1|407068037918|0,John Mayall Memories Lp,8.99,0.0692
v1|168531293446|0,The Rolling Stones Some Girls Original Press VG+/EX Ultrasonic Clean & Tested,18.99,0.0692
v1|137507265838|0,"Steppenwolf ""The Second"" Vinyl LP DS-50037 Stereo 2 PC RECORDS LOT DUPLICATE",100.00,0.0692
v1|800321886622|0,GENESIS The Lamb Lies Down On Broadway ATCO 2XLP VG+ gatefold k,11.00,0.0691
v1|327258677918|0,"Pousette Dart Band LP ""Amnesia"" VG++ BX11",2.50,0.0691
v1|206410011595|0,"FOGHAT ""LIVE"" 1977 VINYL LP 12” Record ALBUM BEARSVILLE BRK 6971",3.00,0.0691
v1|318568495106|0,DARYL HALL & JOHN OATES Big Bam Boom RCA AJL1-5336 LP SEALED k,8.50,0.0691
v1|318568511430|0,HARRY NILSSON Knnillssonn RCA LP VG+ gatefold k,8.00,0.0691
v1|278170561459|0,GEORGE HAMILTON IV     Lot Of 2 Vinyl Records LPS     NICE VINYL!!!,1.99,0.0690
v1|257618439398|0,CHER - LP 1975 Stars Stereo,13.00,0.0690
v1|318573780299|0,David Sylvian GONE TO EARTH Double LP vinyl VG PROMO,19.99,0.0690
v1|377336816430|0,R&B Exotica Popcorn 45 LENNY TROY Chinese Junk/Enchanted on Wanderlust,7.99,0.0690
v1|366535385287|0,GODLEY & CREME The History Mix Vol. 1 POLYDOR LP NM SHRINK k,8.00,0.0689
v1|377338118274|0,Nelson Riddle - The Great Gatsby / Original Soundtrack Recording 2XVinyl LP,7.99,0.0688
v1|178305772098|0,NICK GILDER - FREQUENCY - CHRYSALIS RECORDS M- Record and Cover ,4.00,0.0688
v1|287456558453|0,"The Clovers Devil or Angel 7"" 45 rpm Atlantic Records LISTEN HERE",0.99,0.0688
v1|188632154936|0,Elvis Presley. Loving You. LPM-1515. 1957.  His Hand In Mine.,7.50,0.0688
v1|398167970530|0,"SIGNED David Allan Coe Requiem For A Harlequin LP Vinyl 12"" SSS-31 Stereo",800.00,0.0688
v1|800321880500|0,ERIC CLAPTON E.C. Was Here RSO LP VG+ k,8.00,0.0687
v1|147427781183|0,"Euphoria vinyl record by Fujii (2019, Gulf Audio)",23.00,0.0687
v1|318573599419|0,"STUFF vinyl lot used STUFF, STUFF IT VG",9.99,0.0687
v1|298499129159|0,Various Times Square Soundtrack RSO  New Wave Punk Vinyl Record 2LP Used,8.00,0.0687
v1|336688638562|0,"Glenn Miller, “Pure Gold” LP 1975 RCA Records AYL1-3666(e) In Shrink VG+/VG+ USA",5.00,0.0687
v1|198493855910|0,Jerry Jeff Walker ¡Viva Terlingua! Vinyl LP Rare MCA Hybrid Mispress MCA-352/353,15.00,0.0686
v1|366538539485|0,BLONDIE PARALLEL LINES LP HAS HEART OF GLASS UNCENSORED LONG VERSION VG+,6.50,0.0686
v1|366535390442|0,JIMI HENDRIX Rainbow Bridge REPRISE LP germany gatefold k,8.00,0.0685
v1|127974468953|0,"The Rolling Stones Now- 1965, 3rd LP London PS420, Heart Of Stone, Mona",6.99,0.0685
v1|336684937376|0,LP Quincy Jones The Best A&M LBL (1981) Press OG SHRINK WRAP ON COVER MINT-,19.95,0.0685
v1|278176216368|0,Bruce Springsteen- The River - Vinyl LP- PC2 36854 COVER VG+/VINYL (CBS PROMO),14.00,0.0685
v1|298499003285|0,EDDIE MONEY Self Titled Vinyl LP 1977 Columbia PC-34909,8.00,0.0685
v1|366535367614|0,BOB DYLAN Highway 61 Revisited COLUMBIA LP 2-eye k,9.50,0.0685
v1|298500652236|0,Dixie Dregs Night of the Living Dregs LP Capricorn CPN-0216 1979,5.00,0.0684
v1|206410822762|0,"RITCHIE VALENS- DONNA / LA BAMBA- 1958 ROCK 7"" SINGLE 45, DEL-FI 4110 (VG-/VG)",6.99,0.0684
v1|227431534836|0,THE SPIRIT OF CHRISTMAS by Holiday Records - 33rpm LP VINYL,3.11,0.0684
v1|377338606362|0,Joni Mitchell LP Lot BLUE Hejira For The Roses Vintage Original Era Vinyl 3 LP,19.99,0.0683
v1|366530992912|0,Billie Holiday - You Go To My Head - VOCALION 4126 E-,19.99,0.0683
v1|800069621799|0,Lp Record 33 1/3 thomas dolby/wireless #12271 capital records,6.00,0.0683
v1|267725862877|0,Elvis Presley Blue Hawaii SHP-5026 Japan Victor Living Stereo LP Stunning Vinyl!,29.99,0.0683
v1|336685181054|0,THE BEATLES Rubber Soul 1983 RE **SHRINK** MINTY!!  Ultra/VPI Clean,54.50,0.0683
v1|366531015959|0,The Jungle Band - St. Louis Blues - BRUNSWICK 4936 V,19.99,0.0683
v1|278175935697|0,PREWAR JAZZ 78 • King Oliver • Savannah Syncopators • Brunswick 3245 • Jackass,29.99,0.0683
v1|206393865139|0,"DG SLPM139 379 Tcherpnin:Piano Con #2,5/Tcherpnin/Kubelik,tulip label,NM",8.00,0.0683
v1|127971106779|0,Jukebox 45 & Title Strip Poison Nothin’ But A Good Time Cleaned Tested,2.49,0.0682
v1|318572754306|0,alice's restaurant  original motion picture score arlo guthrie vinyl,5.00,0.0682
v1|178305702494|0,"Graham Parker and the Rumour, The Parkerilla, Mercury SRM 2-100, 1978,2 LPs M-",8.00,0.0682
v1|298500408180|0,EARL BOSTIC  Plays 16 Sweet Tumesof the Fanstastic 50's LP Album SD-3022,3.00,0.0682
v1|398167017315|0,JONAH JONES HIT ME AGAIN (VG+) T-1375 LP VINYL RECORD,6.00,0.0682
v1|198492409982|0,FOGHAT LP STONE BLUE 1978 BEARSVILLE BRK6978 LP EXC. SLEEVE EXC.,6.00,0.0682
v1|198492409982|0,FOGHAT LP STONE BLUE 1978 BEARSVILLE BRK6978 LP EXC. SLEEVE EXC.,6.00,0.0682
v1|137507035119|0,Pelican The Fire In Our Throats Will Beckon The Thaw 2 LP Vinyl Record,17.69,0.0682
v1|800329589458|0,"SAXON ""Innocence Is No Excuse"" - Capitol ST-12420 - Orig. Vinyl LP Record",9.99,0.0682
v1|327258203178|0,Judas Priest / Unleashed In The East - Classic Metal Vinyl - 1979 Original,12.52,0.0682
v1|377338118306|0,Betty Perkins - One Victory At A Time - Vinyl Record LP Gospel Fame Label Warp,3.99,0.0682
v1|117298838057|0,Kris Kross The Best of Kris Kross Remixed 92 94 96 Vinyl LP 1996 Columbia VG+,22.99,0.0682
v1|278174864134|0,Northern Soul 45 DOWNBEATS Put Yourself In My Place/Darling Baby on V.I.P.,7.99,0.0682
v1|127971637492|0,JOHNNY WHITAKER PS/45 FRIENDS (MONO/STEREO) EX/EX CHELSEA DJH0-0056 PROMO ,4.00,0.0682
v1|800321845001|0,Al Kooper - The Legendary Kapusta Kristmas Album LP - Kapusta VG+,11.00,0.0681
v1|267722068235|0,HOLLY NEAR - Fire In The Rain - '81 Redwood label Original FACTORY SEALED LP,9.99,0.0680
v1|267722068235|0,HOLLY NEAR - Fire In The Rain - '81 Redwood label Original FACTORY SEALED LP,9.99,0.0680
v1|287462109795|0,Vicente Feliú – Nueva Trova Cubana,19.00,0.0680
v1|366538924318|0,"Mike Warnke LP ""Alive"" BX7",2.50,0.0680
v1|198492668491|0,Various - HIGH SCHOOL HIGH (THE SOUNDTRACK) - Vinyl 2xLP 1996 Still in Shrink!!,13.05,0.0680
v1|198488010686|0,Diane Susek MY CHOICE Private Dynamic LP SHRINK 1972 Female Gospel Xian CCM,9.98,0.0680
v1|188618646908|0,Talmadge Pollard - Love That Lies - BLUEBIRD 7176 E+,19.99,0.0679
v1|227428488768|0,"Mickey Gilley Christmas At Gilley's 12"" Vinyl LP Epic FE 37959 33RPM Stereo",3.00,0.0679
v1|800321897245|0,JEFF BECK Beck-Ola EPIC LP VG+ k,8.00,0.0679
v1|800321870474|0,DAVID LEE ROTH Skyscraper WARNER BROS LP VG++ SHRINK k,12.50,0.0678
v1|168531717713|0,TUNEDROPS Rosie Lee / Speak For Yourself (1957) Gone RARE Doo-Wop 45 HEAR VG+,6.00,0.0678
v1|318573075255|0,peter frampton comes alive vinyl lp USED GOOD,7.99,0.0678
v1|178305010476|0,Bette Midler The Rose Original Soundtrack Recording VINYL LP,9.99,0.0678
v1|198493934546|0,Wilco “ A.M. Vinyl Reissue And CD VG++,15.00,0.0677
v1|398174107025|0,The Grateful Dead - Live/Dead Double LP Record Album Vinyl VG++ to NM UK Reissue,30.00,0.0677
v1|366538856159|0,Creedence Clearwater Revival Pendulum LP  gatefold Vg,5.99,0.0677
v1|168531610304|0,"12 CT BLUES LP LOT MUDDY WATERS, JOHN LEE HOOKER, SON HOUSE, BUDDY GUY JR WELLS",113.61,0.0677
v1|407066723793|0,"USA For Africa, We Are The World, 45rpm, 1985, Columbia US7-04839",3.99,0.0677
v1|267725825105|0,The Blood Brothers Burn Piano Island Burn Vinyl Record Splatter Color Crimes,59.99,0.0676
v1|206410843127|0,"Nat King Cole After Midnight 12"" Black Vinyl LP Jazz Capitol Records",7.50,0.0676
v1|178298587131|0,Ramón Ayala Los Bravos Del Norte - Ya Lo Pagaras Con Dios LP Vinyl DLV-90 Mexico,34.99,0.0675
v1|407068033701|0,Stephen Stills Self Titled & Stills 2 Lp's,13.99,0.0675
v1|398167173932|0,Simon And Garfunkel Bookends First Press Colombia 2eye With Poster EX/EX,20.00,0.0675
v1|800321854896|0,BOB DYLAN Desire CBS LP VG+ holland with lyric sheet insert k,18.50,0.0675
v1|800330836615|0,"Melanie ""Candles in the Rain"" Vinyl - Buddah Records 1970 - VG++gatefold",4.00,0.0674
v1|147432711149|0,Roy Buchanan – Second Album - Vinyl Record Lp,12.00,0.0674
v1|127971342536|0,PERCY FAITH:My Love Columbia KC 32380 LP 1971 VG/VG,6.00,0.0674
v1|158065299578|0,THE BRAVE BULLS MUSIC OF BULL FIGHT RING/ LA FIESTA BRAVA VOL.1 1960 VG+++,9.00,0.0674
v1|158023288923|0,ELTON JOHN - GOODBYE YELLOW BRICK ROAD - 2 LP SET TRI FOLD COVER - REALLY NICE,15.50,0.0674
v1|227424720032|0,"Vangelis  LP  ""Spiral""  1977  5 lengthy Songs  ♫  Good Condition",6.99,0.0674
v1|257614134384|0,TELEVISION’S GREATEST HITS 70’S & 80’S / Television's Greatest Hits Volume II,59.99,0.0673
v1|407068291683|0,Kid Sheik - Kid Sheik Plays Blues And Standards   Record Album VG / VG+   Jojo's,5.00,0.0673
v1|147432843973|0,GREGORY CARROLL 45 Epic ‎– 5-9416 Wa Ding Dung Doo / Stand By Me,9.99,0.0673
v1|800069555965|0,Lp Record 33 1/3 cheap trick/one on one #38021 epic records,0.99,0.0673
v1|358796804029|0,DREAMGIRLS Original Broadway Cast Album 1982 Geffen LP-GHSP 2007  VG+,3.99,0.0673
v1|168531592574|0,"Michael Jackson Smooth Criminal 12"" Vinyl Record 1987",32.00,0.0673
v1|398168000323|0,"1985 FAKE Brick ART1060 Discotto 12"" 45rpm Italy vinyl record Euro Disco",20.00,0.0673
v1|188632003934|0,"MARIACHI DEL SAN XAVIER on LP "" FIESTA "" Latin",4.99,0.0672
v1|178305498785|0,RINGO STARR-RINGO THE 4TH-VINYL LP w/ORIG INNER SLEEVE-SEE DEMO,6.99,0.0672
v1|358785611724|0,"Capital 45RPM Record,John Berry ,Livin on Love ,The Stone , VG ",1.00,0.0672
v1|168525703327|0,hubert laws&earl klugh-how to beat the high cost of living-f.1980 vinyl ex,2.99,0.0672
v1|227428496176|0,"Warner Bros. Records A Christmas Tradition 12"" Black Vinyl LP 1-25630",4.00,0.0672
v1|377292961801|0,"THE OUTFIELD - SINCE YOU'VE BEEN GONE - 12"" SINGLE COLUMBIA PROMO - REALLY NICE",0.99,0.0671
v1|307059554845|0,the eagles vinyl albums,300.00,0.0671
v1|267726008253|0,LED ZEPELLIN Physical Graffiti 2 LP SWAN SONG SS 2-200 1975 ,29.95,0.0671
v1|278176247934|0,Bruce Springsteen “Born To Run” ~ Columbia JC-33795 COVER & VINYL ARE VG+,9.00,0.0671
v1|800321859733|0,BUFFALO SPRINGFIELD Retrospective ATCO LP VG+ k,8.50,0.0670
v1|287456892470|0,ERNESTINE ANDERSON Lot of 4 LPs: Live from Concord to London - Sunshine +2 More,15.00,0.0670
v1|117298242486|0,Eugene Istomin LP Schumann Chopin Concerto LP Columbia MS 6159 Walter Ormandy,9.99,0.0670
v1|188631108042|0,"John Conlee Forever Record Vinyl LP , MCA 3174, 1979. VG+ Condition ",4.00,0.0670
v1|358787292258|0,Boots Randolph Sunday Sax SLP 18092 Vinyl LP Stereo 1969,2.00,0.0669
v1|198493686439|0,Walt Disney Presents Peter and the Wolf LP  Disneyland  DQ-1242 1968 Pressing,6.99,0.0669
v1|318568519879|0,JIMI HENDRIX Voodoo Chile KARUSSELL LP VG++ germany k,9.00,0.0668
v1|278174886004|0,Soul Funk 45 RAY SCOTT The Real Thing/Can't Get Over Losing You on Decca VG++,27.00,0.0668
v1|158077219622|0,Stokowski_Brahms Symphony No. 1 London Symphony LP Vinyl,1.99,0.0667
v1|267725895912|0,DEREK & THE DOMINOS-Layla-OR.'71 SRC MASTERED RARE FULL-LENGTH VERSION 45+SLEEVE,9.99,0.0667
v1|236934131710|0,Santana Vinyl Record Lot. 4lp. ,20.00,0.0667
v1|267724470232|0,The Who - Who Are You - 1978 Japan Vinyl with OBI/Insert - NM - see pics,50.00,0.0667
v1|407063526287|0,Rare Latin 45 - Wally Gonzalez - La Nerviosa - El Pato # EP-232 - Promo,7.99,0.0666
v1|236938612066|0,Gordon Jensen (Just in Time)LP CCM 1983,0.99,0.0666
v1|407068223325|0,Black Sabbath Vol. 4 Vinyl LP Record Black Orange White,100.00,0.0666
v1|398165801089|0,Bruckner The Chicago Symphony/Sir Georg Solti : Symphony No. 6 In A Major CS7173,5.00,0.0666
v1|158077872330|0,"""Cruisin'"" by the Village People 1978 Vinyl",8.00,0.0666
v1|198494044826|0,Hawaii Ho Don Ho Vinyl,6.99,0.0666
v1|178305696694|0,CULTURE CLUB - COLOUR BY NUMBERS  - LP  QE 39107 M- Record and Cover ,8.00,0.0666
v1|358788575842|0,"Sonny & Cher The Best of Sonny & Cher LP Vinyl 12"" ATCO SD 33-219 Promo",20.00,0.0666
v1|318568495157|0,DARYL HALL & JOHN OATES Private Eyes RCA AFL1-4028 LP SEALED k,8.00,0.0666
v1|366535370768|0,BYRDS Fifth Dimension COLUMBIA LP VG+ k,8.00,0.0666
v1|358785654245|0,"Columbia 45RPM Record, Patty Smyth, Heartache Heard Around the World, VG ",1.00,0.0665
v1|278174874123|0,Northern Soul R&B 45 CHRISTINE KITTRELL Call His Name on Federal promo,7.99,0.0665
v1|298500406365|0,Lot 3 VIKKI CARR LP Albums-Vikki!~~It Must Be Him~~For Once in My Life,15.00,0.0665
v1|127965236315|0,BEATRIZ ADRIANA & BANDA LA COSTEÑA -LA MAMA DE LOS POLLITOS- 1990 MEX LP PROMO,14.99,0.0665
v1|198497609932|0,The Ray Gunn Faze hard rock 1977 private 45 Itll Never be The Same Again,80.00,0.0665
v1|168531479371|0,RAGTIME FUN Box set of four Records by READERS DIGEST Collection of 1968 RCA,5.00,0.0664
v1|267726064553|0,Bonnie Guitar - Stop The Sun / A Woman In Love LP (1968) Dot DLP 25840 NM!,4.99,0.0664
v1|206406495553|0,CULTURE CLUB COLOUR BY NUMBERS VINYL LP ALBUM,2.98,0.0664
v1|206406495553|0,CULTURE CLUB COLOUR BY NUMBERS VINYL LP ALBUM,2.98,0.0664
v1|800331098200|0,"Elvis Presley Elvis 12"" Vinyl LP Mono RCA Victor LPM-4088 1968 Soundtrack",8.99,0.0664
v1|188631578067|0,Chronicle by Ccr (Creedence Clearwater Revival)  Portugal Pressing ,15.00,0.0664
v1|307053095312|0,"Benny Hill “Words And Music” Reissue Vinyl = VG:VG+ 12"" LP Record Comedy",4.50,0.0663
v1|307058533069|0,PETER FRAMPTON COMES ALIVE! - VINYL LP SP-3703 Pitman Pressing,3.00,0.0663
v1|198494022923|0,Pavarotti and Jazz Pop 4-Album Vinyl Lot,5.00,0.0663
v1|206409373917|0,BRUCE SPRINGSTEEN Nebraska 1982 COLUMBIA Classic Rock LP Tested VG+/EX OG Inner,19.00,0.0663
v1|287461913435|0,Harry Belafonte At Carnegie Hall 2 LP RCA LSO 6006 GERMANY LIVING STEREO Exc,20.00,0.0662
v1|278174877340|0,R&B Popcorn 45 DOLORES GIBSON Love Land/I Want A Man on King VG+ promo,7.99,0.0662
v1|117298217867|0,v/a together comp,100.00,0.0662
v1|267725978668|0,The Secret Policeman's Ball - The Music Vinyl LP • Island ILPS 9630 • Townshend,1.99,0.0662
v1|227423905555|0,James Bond Related - Roland Shaw- Themes For Secret Agents 1966,7.00,0.0662
v1|178305902666|0,Lot of Herb Alpert LP Albums-Going  Places/WarmWhipped Cream & Other Delights,4.99,0.0662
v1|267725931474|0,1968 Walt Disney’s Snow White and the Seven Dwarfs Vinyl Record Album VG+,8.00,0.0662
v1|127965236355|0,"LOS FLAMERS - 1987 SELF TITLED - MEXICAN LP ALBUM, CUMBIA",14.99,0.0662
v1|117302187441|0,"Neil Young, Original Soundtrack Recording Journey Through The Past 1972 WB",10.00,0.0661
v1|327258659117|0,"Vintage Con Funk Shun ""Burnin' Love"" Vinyl Album (1986)",3.59,0.0661
v1|298499701880|0,ANDREW GOLD ALL THIS AND HEAVEN TOO VINYL LP 1978 Thank You For Being A Friend,5.00,0.0661
v1|127970625039|0,Rush ‎– Permanent Waves - 40th - 3lp - 180g - 2020 - un played,57.99,0.0661
v1|318568499649|0,DEEP PURPLE Shades Of... TETRAGRAMMATON LP VG+ SHRINK k,8.00,0.0661
v1|267725997054|0,PETE TOWNSHEND Who Came First LP DECCA DL 7-9189 1972 Gatefold,4.95,0.0661
v1|358777393553|0,Northern Soul Girl Group 45 KAVETTES I'm Not Sorry For You OKEH promo HEAR o,8.00,0.0660
v1|307051283747|0,"Dave Pope “Face To Face” Vinyl = VG:VG+ 12"" LP Record Rock, Pop",2.50,0.0660
v1|188632394703|0,SOUTHSIDE JOHNNY & THE ASBURY JUKES - HAVIN' A PARTY 1980 VINYL LP VG+,3.25,0.0660
v1|278175442793|0,Lot of 3 The Monkees Vinyl,9.99,0.0660
v1|178305553997|0,1967 The Look of Love by Claudine (LP 129) Vinyl A & M Records Good Day Sunshine,2.00,0.0660
v1|366538924323|0,"Emmanuel, Servants Of God's Love / Steubenville LP ""Yahweh In The Morning"" BX7",2.50,0.0660
v1|398167130038|0,Linda Clifford- If My Friends Could See Me Now Vinyl LP 1978,6.00,0.0660
v1|188618223611|0,Memphis Jug Band - Kansas City Blues - VICTOR 21185 V+,20.50,0.0659
v1|178305692119|0,Jimmy Buffett Changes In Latitudes Changes In Attitudes 1977 LP ABC AB-990 EX ,9.00,0.0659
v1|307058485513|0,"OutKast Elevators (Me & You) LaFace Records 1996 12"" 33 RPM Black Vinyl Single",8.00,0.0659
v1|800321845057|0,Faust - So Far LP - Recommended UK VG++ All 10 Inserts,46.00,0.0658
v1|206409973775|0,"Ray Conniff And The Singers Honey (Vinyl, 1968) Columbia CS 9661 VG Album LP",3.48,0.0658
v1|298500527795|0,Jimi Hendrix Cry of Love LP Reprise MS2034 1970 gatefold,10.00,0.0658
v1|318568478719|0,Chicago - At Carnegie Hall 4xLP - Columbia VG+ 3 Posters,8.00,0.0658
v1|206415317155|0,THE JIMI HENDRIX EXPERIENCE - Are You Experienced? | RS6261 | RE 1974 | VG+ LP,12.00,0.0657
v1|147432166602|0,Nirvana Nevermind vinyl 30th Anniversary Super Deluxe 8xLP record Box Set,105.50,0.0656
v1|377347762593|0,"1967 BEAUT ~ THE BRITISH MOD BEATS ~  ""MOD IS""  TEEN SCENE THE WHO ROCK MOD BEAT",124.98,0.0656
v1|800330890939|0,Rockwell Somebody’s Watching Me LP 1984 Motown 6052ML,9.99,0.0656
v1|366539037423|0,RARE 1970's WISCONSIN GARAGE ROCKER/ROCKABILLY 45rpm RECORD - BAND NO. 1147,7.99,0.0656
v1|336684868724|0,ORQUESTA ARAGON LA EPOCA DE ORO VOLUMEN I CHA  PRISTINE CHEESECAKE COVER,19.99,0.0656
v1|800321889684|0,GRAND FUNK RAILROAD Good Singin' Good Playin' MCA LP VG+ embossed cover k,8.00,0.0656
v1|800321889684|0,GRAND FUNK RAILROAD Good Singin' Good Playin' MCA LP VG+ embossed cover k,8.00,0.0656
v1|307058374244|0,Tony Mottola Sixteen Great Performances Vinyl LP ABCS-738 Jazz Instrumental,2.54,0.0656
v1|336685261098|0,Tennessee Ernie Ford The Star Carol Vinyl LP T‑1071 VG+/EX Tested Cleaned,1.99,0.0655
v1|278174858842|0,Funk 45 JOHNNY OTIS Banana Peels/Long Distance on Eldo,7.99,0.0655
v1|227428431840|0,"The Royal Alexandria Symphony Just Hooked on Gospel 12"" LP ZLP3295",3.01,0.0655
v1|127975093733|0,LOS DOS REBELDES  JESUS CADENA/NO ME IMPORTA SI TE VAS  45 Rpm ULTRA RARE USED,29.99,0.0655
v1|278175117605|0,The Lettermen Spring! 1967 West Coast Capitol Lbl VG/VG+,9.00,0.0655
v1|127965236346|0,"MARIELLA - 1980 SELF TITLED - MEXICAN LP ALBUM PROMO, LATIN POP",14.99,0.0655
v1|398165862535|0,Journey Departure Vintage 1980 Vinyl FC 36339 Classic Hard Rock,5.00,0.0654
v1|298499015704|0,Rush Permanent Waves 1980 Vinyl LP Mercury 1st press excellent cond. Neil Peart,32.00,0.0654
v1|236934178295|0,Maysa Matarazzo Aadi-Capif 1979 RCA Latin Vinyl LP Stereo 10050,24.99,0.0654
v1|287456520287|0,DUANE EDDY - 45RPM -THE LONELY ONE/DETOUR LISTEN HERE,0.99,0.0654
v1|267717682214|0,🎤︎ Donald Fagen - The Nightfly - Steely Dan Vinyl Record LP  ♫,19.99,0.0654
v1|188631777389|0,"I Wear the Face [LP] by Mr. Mister (Vinyl, RCA Records USA)",9.80,0.0654
v1|298496366894|0,"Happy Anniversary, Charlie Brown (Peanuts)  -  White Label Promo (WLP) LP",29.99,0.0654
v1|398182748810|0,TIPICA 73 The Two Sides INCA Killer! | Latin | Salsa | Descarga | Funk LP HEAR,9.99,0.0654
v1|377336803524|0,Funk 45 HARMONICA GEORGE You Make Me Tick/Freelance on Twinight VG+ promo,9.50,0.0654
v1|298492097654|0,"George Harrison  - This Is Love -  US Picture Sleeve PS 7""",9.99,0.0653
v1|257618439729|0,Jefferson Airplane LP 1971 Bark Grunt Stereo,12.00,0.0653
v1|398167305456|0,The Who LP. Meaty Beaty Big And Bouncy. 1971 Decca Records DL-79184. Gatefold,15.00,0.0653
v1|398159073267|0,"RARE-soul 45-Little John & Unforgettables-""LITTLE MARY"" Alan K records- vg",14.99,0.0653
v1|198493726349|0,The Four Freshmen - Voices In Modern - Capitol Records T522,4.50,0.0653
v1|336679968707|0,STYX THE GRAND ILLUSION 1977 Lp Mint w Lyrics Sleeve COME SAIL AWAY SUPERSTARS,12.00,0.0653
v1|800321845054|0,Flatlanders - One Road More LP - Charly EU VG++,19.31,0.0653
v1|358788010061|0,Kreator Hate Über Alles Vinyl LP Nuclear Blast Metal Thrash & Speed,24.50,0.0653
v1|168531571720|0,JAZZ Francis Bay Orchestra Sweet Sue / Night and Day Omega 167 1959 HEAR IT,5.00,0.0653
v1|127971526612|0,FIDDLER ON THE ROOF:OST United Artists UAS 10900 2LP 1971 VG-/VG,6.00,0.0653
v1|117292985021|0,Film Soundtracks pop jazz lp's ALL VG++/NM Sondheim Hank Williams Lalo Schifrin,2.87,0.0653
v1|307059076824|0,Vic Damone - 20 Golden Pieces Of Vic Damone - Vinyl LP,4.80,0.0652
v1|198493988796|0,Mark Almond 2 LP Record Album,1.00,0.0652
v1|257618498028|0,Vintage Lot of 5 LPs Full sized 33-1/3 1969-1973 Disneyland Records *READ,49.99,0.0652
v1|198493742763|0,RCA Victor Red Seal Beethoven Concerto No. 4 Cliburn Reiner LP LSC-2680 Stereo,1.50,0.0652
v1|366531007486|0,Billie Holiday and Eddie Heywood Trio - She's Funny That Way - COMMODORE 569 E+,19.99,0.0651
v1|318568506621|0,FIXX Phantoms MCA R-153353 LP club edition SEALED k,8.00,0.0651
v1|178305469133|0,The Chiffons - Sweet Talkin' Guy (Laurie LP 2036) 1966 Girl Group R&B LP VG,12.99,0.0651
v1|257619489038|0,"Roger Sanchez ""You Can't Change Me"" LP",8.99,0.0651
v1|366535357545|0,AEROSMITH Rocks COLUMBIA LP VG+ embossed cover k,8.00,0.0651
v1|127965236372|0,THE WAIKIKIS - TATUAJE HAWAIIANO - MEXICAN LP ALBUM STAINED ON COVER,14.99,0.0651
v1|800321845007|0,Beach Boys - Friends & Smiley Smile 2xLP - Brother/Reprise VG+,13.50,0.0651
v1|366535375540|0,DOORS L.A. Woman ELEKTRA LP VG+ germany k,8.50,0.0650
v1|398167019045|0,Wizzard INTRODUCING EDDY AND THE FALCONS 1974 United Artists Gatefold,6.00,0.0650
v1|336684935900|0,"LP Nino Bravo - Te Quiero, Te Quiero RE 1978 Atlas Label PRISTINE",14.95,0.0650
v1|287456993207|0,"Eddy Cochran ,Magazines And Record Mint",30.00,0.0649
v1|366535388810|0,JAMES TAYLOR Never Die Young COLUMBIA FC-40851 LP SEALED k,8.50,0.0649
v1|287456558428|0,DON SHARP 45 Tree of Love / Deep In My Heart FERN 2614 LISTEN HERE,0.99,0.0649
v1|198494000755|0,GAY FLAMINGOS Trinidad steel band Vinyl VG,4.50,0.0649
v1|318573256372|0,FLASH GORDON ORIGINAL SOUNDTRACK By Queen LP RECORD,9.99,0.0649
v1|336685205714|0,Cheap Trick In Color Gatefold LP Vinyl Record Epic PE 34884 1977,7.99,0.0649
v1|800321845010|0,Beatles - 1967-1970 2xLP - Apple,8.00,0.0648
v1|407068210989|0,RUSTY RIDES AGAIN by RUSTY WARREN  Live In Las Vegas 1967 Vinyl LP Album,2.00,0.0648
v1|188632161195|0,Latin - Los Dandy’s - VIK - Mexico Bolero Mariachi Norteno Trio,9.99,0.0647
v1|168531224933|0,ROCK-DAVID BOWIE-CHANGES/ANDY WARHOL-RCA VICTOR  74-0605,5.00,0.0647
v1|366538735987|0,"GANGSTARR ""  NICE GIRL WRONG PLACE  ""   12"" PROMO",15.00,0.0647
v1|267725808885|0,Adrian Belew – Lone Rhino ; 1982 LP • IL 9751. RECORD ONLY,2.03,0.0647
v1|318572989328|0,"Columbia Pop Instrumentals LP Vinyl 12"" Instrumental Pop Black CL 593",7.49,0.0646
v1|377338117741|0,Peter Frampton - Somethin’s Happening - Vinyl Record LP - Classic Rock,7.99,0.0646
v1|227428555156|0,Ice Water Slim Supersonic Megatonic Flash/Your Love Is Good Enough Soul Promo NM,7.99,0.0646
v1|198493712290|0,willie nelson red headed stranger vinyl,6.99,0.0646
v1|236933927927|0,Blue Oyster Cult Tyranny and Mutation LP  Album 1973 Columbia  Records KC 32017,8.00,0.0646
v1|366538984696|0,"The Standells 45 ""Dirty Water / Rari"" AU4",0.99,0.0645
v1|127975055494|0,DUETO ALMA NORTEÑA  SE ME CERRO EL MUNDO/ADIOS CORAZON    45 Rpm ULTRA RARE USED,29.99,0.0645
v1|117294286123|0,Blue Oyster Cult GF gatefold LP Agents Of Fortune 1976 Columbia PC 34164 vg,9.99,0.0645
v1|398167037103|0,"Cimarron by Harris, Emmylou 1981",6.00,0.0645
v1|298500046969|0,Walt Disneys Happiest Songs Vinyl,10.00,0.0644
v1|398167142663|0,history of eric clapton vinyl,5.00,0.0644
v1|278176269607|0,Arctic Monkeys 2 LP Lot Favorite Worst Nightmare and The Car Vinyl Records,35.00,0.0644
v1|198493996593|0,jo stafford ep 45 You Belong To Me Shrimp Boats Keep It A Secret Jam Balaya,7.99,0.0644
v1|298499407267|0,2 Chicago Records Used Vinyl  Yaht Rock Music,8.00,0.0643
v1|800321880954|0,ERIC CLAPTON Rainbow Concert RSO LP gatefold k,8.00,0.0643
v1|298500406874|0,MEL TILLIS & his Statesiders Promo LP  M-M-Mel Live & 2 Record Set -24 Great Hit,15.00,0.0643
v1|206415316686|0,NEIL YOUNG & CRAZY HORSE - Rust Never Sleeps | Reprise HS2295 | 1979 | EX LP,9.00,0.0643
v1|318568478733|0,Doors - L.A. Woman LP - Elektra PROMO,179.50,0.0643
v1|227428454813|0,"Brenda Lee Merry Christmas 12"" Black Vinyl LP 33 RPM MCA Records MCA-15021",6.00,0.0642
v1|127971102364|0,Jukebox 45 & Title Strip Karyn White Romantic Cleaned Tested,2.49,0.0642
v1|327258448157|0,The Rolling Stones / Sticky Fingers - Classic Rock Vinyl - 1971 OG Zipper Sleeve,3.25,0.0642
v1|188631402012|0,"The Beatles Sgt. Pepper's Lonely Hearts Club Band LP Vinyl 12"" Black SMAS-2653",6.68,0.0641
v1|127970618743|0,The Police ‎– Certifiable (Live In Buenos Aires) - 3LP - UN PLAYED/OOP - 2008,41.99,0.0641
v1|377338117632|0,Bruce Cockburn - Stealing Fire - 1984 Gold Mountain Records Vinyl LP~GM-80012,8.99,0.0641
v1|298499044709|0,"7"" 33 1/3rpm. HARRY JAMES: 6 Records!  See Pictures For Titles ! Near Mint - MGN",23.00,0.0641
v1|227428080118|0,SHOW BOAT & ANNIE GET YOUR GUN-THOSE GLORIOUS MGM MUSICALS  VINYL 2LP SET-VG EX,0.01,0.0641
v1|318572601421|0,Music of Hawaii Henry Mancini LP RCA LSP-3713 (1966),2.00,0.0640
v1|198493739555|0,"Percy Faith Themes For The ""In"" Crowd LP Columbia Easy Listening Stereo Vinyl",1.50,0.0640
v1|198493737906|0,"The Fixx The Fixx LP MCA Records Rock 12"" Black Vinyl MCA-1-3793",1.50,0.0640
v1|158077699927|0,"Uriah Heep Salisbury 12"" Black Vinyl LP Vertigo Rock Cardboard Sleeve",15.00,0.0640
v1|800321909604|0,JIMMY BUFFETT Havana Daydreamin' ABC LP VG+ gatefold k,8.00,0.0640
v1|198493701556|0,cotton comes to harlem Record,6.99,0.0639
v1|127970525414|0,Jukebox 45 & Title Strip Bryan Adams Heat Of The Night Cleaned Tested,2.49,0.0639
v1|800321845067|0,Grateful Dead - S/T (Skull & Roses) 2xLP - Warner Bros. Green Label,8.00,0.0639
v1|407067514660|0,"Motorhead Deaf Forever / On The Road (live) 12"" single with competition card",14.69,0.0638
v1|178305046086|0,GREATEST HITS OF TCHAIKOVSKY-SINE QUA LABEL-VINYL LP-COVER IN SHRINK-CLEAN LP,25.00,0.0638
v1|336685203585|0,LP Joe Arroyo La Guerra De Los Callados FUENTES LBL SALSA EX,14.95,0.0638
v1|137506536793|0,"Todd Rundgren, Faithful (Vinyl 1976 Music Album) w/inner 🔥",5.99,0.0638
v1|168531266021|0,1969 The Beatles Abbey Road Vinyl LP Apple SO 383-F42-#1 Jacksonville Pressing,55.00,0.0637
v1|127971526656|0,DIONNE WARWICK:Dionne Springboard SSM-6701 2LP 1976 VG+/VG,1.00,0.0637
v1|407067174473|0,"Motorhead No Class (live)/Motorhead (live) 12"" promo single",24.62,0.0637
v1|168531654150|0,Starship - We Built This City/Private Room - 45 RPM Record,3.99,0.0637
v1|127974764619|0,"BLODWYN PIG, Getting To This LP A&M / Chrysalis 1969, Monarch Gate Fold VG+/Good",11.25,0.0637
v1|407067981213|0,Smokey Robinson Love Smokey Motown R&B/Soul Soul Vinyl LP Record,2.12,0.0637
v1|800331453413|0,Ronald Reagan On Radio LP Radiola MR-1118 Personality Series #12 1980 Spoken,9.99,0.0637
v1|377336814623|0,Northern Soul 45 THOSE WHO CARE I Have A Dream on Lemco VG++,7.99,0.0636
v1|366535365663|0,BLACK SABBATH Vol. 4 EARMARK LP 180g italy 2003 reissue w/ attached booklet k,10.50,0.0636
v1|407068036114|0,Gloria Estefan Cuts Both Ways Lp,7.99,0.0636
v1|227424720028|0,"Lighthouse Debut LP  ""Lighthouse"" ©1969 + Photo & Bio ♪ Good Condition",5.99,0.0636
v1|168535035307|0,Columbia ML 4478 BEETHOVEN Violin SONATAS #3&4 Francescatti CASADESUS 1952 VG++,5.99,0.0636
v1|206410765873|0,Will Hoge - Small Town Dreams - 180G Vinyl  - AUTOGRAPHED [RARE],349.99,0.0636
v1|206415321182|0,"ENNIO MORRICONE - The Good, The Bad And The Ugly OST | UAS 5172 | RE 1968 | LP",21.00,0.0636
v1|377336817063|0,R&B Jazz 45 FLO JOHNSON Why Can't You Love Me/Do You Ever Think Of Me on Amigo,7.99,0.0636
v1|800331136278|0,"Various Super Hits 12"" Black Vinyl LP 33 RPM Stereo Pickwick SPC-3901",3.99,0.0635
v1|307059279915|0,"Father Make Us One - Scripture in Song - Mission, Kansas 1978 Auckland",17.89,0.0635
v1|158077735886|0,Led Zeppelin Whole Lotta Love Atlantic Promo,39.99,0.0635
v1|407068036020|0,Rhinoceros Satin Chickens Lp,9.99,0.0635
v1|278174883545|0,R&B Soul Mod 45 VALORIE KEYS Listen Here/One Of Them on Double Shot VG++,7.99,0.0635
v1|287461861527|0,Faron Young – Unmitigated Gall - 1967 Vinyl LP Record Album,8.80,0.0635
v1|366535384117|0,GENESIS A Trick Of The Tail ATCO LP VG+ gatefold k,11.50,0.0634
v1|398165825008|0,Bernstein:Halil-Meditations Mass-On the Waterfront.Rampal/Rostropovich 2532 051,5.00,0.0634
v1|800321845045|0,Emmylou Harris - Pieces Of The Sky LP - Reprise VG+ PROMO,20.62,0.0634
v1|287457434883|0,David And The Giants - Inhabitants Of The Rock 1984 Myrrh Christian LP EX+ Vinyl,6.69,0.0633
v1|227416533770|0,"Cryan Shames 45 ""First Train to California"" 1969 ""A Master's Fool"" Good Conditon",2.99,0.0633
v1|318568494460|0,CREEDENCE CLEARWATER REVIVAL Willy & The Poor Boys FANTASY LP k,8.00,0.0633
v1|398167117346|0,Ted Nugent LP Vinyl Scream Dream 1980 Vinyl Record Album 12 In Hard Rock,7.00,0.0633
v1|398165822392|0,"Bottom End Musical Bass & Transient Test Record (1979, Vinyl LP Album)",4.00,0.0633
v1|377338117624|0,Maynard Ferguson - Conquistador - Vinyl Record LP 1977 Columbia Jazz,8.99,0.0633
v1|127971104947|0,Jukebox 45 & Title Strip The Time Jerk Out Cleaned Tested,2.49,0.0633
v1|127971242331|0,"WHITNEY HOUSTON ""MY NAME IS NOT SUSAN"" 12"" VINYL Record Album Single Arista 90's",5.00,0.0632
v1|117298296635|0,1976 BOB DYLAN Bringing It All Back Home Vinyl Reissue Stereo Kcs9128/xsm79423,12.00,0.0632
v1|407068150298|0,Tom Petty and the Heartbreakers Self-Titled LP,7.50,0.0632
v1|800329597087|0,PINK FLOYD - ATOM HEART MOTHER LP 1975 (SKAO-382) - Awesome Record!,17.99,0.0632
v1|318568479983|0,BEATLES Magical Mystery Tour APPLE SMAL-2835 LP gatefold w/ attached booklet k,11.50,0.0632
v1|227428207692|0,"Joe Bataan, ""What Good is a Castle"", ""My Cloud"", Latin Soul 45, LISTEN",5.50,0.0631
v1|327259371690|0,Huey Lewis & the News – Heart and Soul / You Crack Me Up 45 VG+/NM Chrysalis,0.99,0.0630
v1|168531581651|0,"Robert Fripp, God Save the Queen / Under Heavy Manners LP Vinyl U.S.",4.00,0.0630
v1|398167326714|0,David Crosby LP. If I Could Only Remember My Name. 1971 Atlantic Records SD-7203,15.00,0.0630
v1|407066880685|0,George P. Watson/Bernard & Kamplain on GEN 3209,15.00,0.0630
v1|298499171513|0,"Freddy Fender  - Wasted Days And Wasted Nights  - 7"" Single, 1975 Ex. USA Vinyl",3.56,0.0630
v1|206408134703|0,Bonnie Raitt - S/T LP - Warner Bros VG+ PROMO,13.50,0.0630
v1|366535389528|0,JEFFERSON STARSHIP Spitfire GRUNT LP VG+/VG++ SHRINK k,8.00,0.0630
v1|377336822393|0,Sweet Soul 45 FAMILY CIRCLE Loving You Make The World Go Round on Sky Disc VG++,7.99,0.0630
v1|278176150469|0,PARI ZANGENEH - SERIES OF MUSIC FOR YOUNG ADULTS: IRANIAN FOLK USEF VINYL RECORD,36.00,0.0629
v1|398167147240|0,Charlie Rich Fully Realized Vinyl,5.00,0.0629
v1|336684012206|0,Soul Funk 45 FREE FARE Baby I Love You/I Love You So on Yas,7.99,0.0629
v1|178305690648|0,"U2 Boy Vinyl 1980 Island Records  ILPS 9646, M- Rec. And Vg+ COV. Original Inner",18.00,0.0629
v1|188618227413|0,Lucky Millinder w/ Sister Rosetta Tharpe - Slide Mr. Trombone - DECCA 2956 V+,19.99,0.0629
v1|198493316788|0,Patti Page Lp * Page 4 * Mercury MG-20101,3.98,0.0628
v1|147432721783|0,Creepoid - Wet 2014 Record Store Day Colored Vinyl Numbered! 1/450 Etched!,9.99,0.0628
v1|318568505566|0,ERIC CLAPTON No Reason To Cry RSO RS-1-3004 LP VG++ embossed cover SHRINK k,8.00,0.0628
v1|236938460070|0,Italo Disco Kex Let’s Dance 12” Single (David Bowie Cover),4.99,0.0628
v1|178296059585|0,Foreigner I Don't Want To Live Without You 45rpm VG+ 1988 Atlantic Records,2.00,0.0627
v1|298505379898|0,The Crow Original Motion Picture Soundtrack 2LP Vinyl 2020 Rocktober VG+ NIN The,50.00,0.0627
v1|800342039375|0,RARE BLUES LP-Champion Jack Dupree-From New Orleans To Chicago-VG+,10.99,0.0627
v1|800330943190|0,"Howard Jones HoJo - Things Can Only Get Better 12"" Vinyl Record 1985 ",9.99,0.0627
v1|278174879584|0,R&B Soul 45 DEE WONDER & RHYTHM FAME What You've Done/Miami on Ware NM promo,7.99,0.0627
v1|188632426402|0,THE SHAKERS - YANKEE REGGAE Vinyl LP RECORD 1976 Album Ska 7E-1057 NM,9.88,0.0626
v1|298500460915|0,"1975- MICHAEL MURPHEY , "" WILDFIRE / NIGHT THUNDER"", 7"" EPIC RECORD , ROCK",0.99,0.0626
v1|307050541214|0,The Four tunes Lonesome Jubilee  #5152,9.95,0.0626
v1|287457117554|0,"Evie ""Never The Same"" AND Volume 1  Favorites  - 2 LPs",8.95,0.0626
v1|298500406167|0,THE ELIGIBLES LP Album-Along the Trail,4.99,0.0626
v1|188630666036|0,TKA   Come Get My Love  12'',8.00,0.0626
v1|287461886324|0,Chess Original Cast Recording Double LP Vinyl 1984 RCA ABBA Tim Rice Musical,25.00,0.0626
v1|137507239477|0,"Richard Hell and The Voidoids Blank Generation vinyl 2005 Rhino reissue , rare",27.00,0.0626
v1|287457398136|0,Led Zeppelin - Led Zeppelin III US LP GATEFOLD WITH ROTATING INSERT WHEEL,19.00,0.0625
v1|318568476790|0,AEROSMITH Toys In The Attic COLUMBIA LP VG+ k,19.50,0.0624
v1|158077691188|0,DOOWOP The Ballard Bros New Girl In The Neighborhood Debro 600 1961 HEAR IT,5.00,0.0624
v1|398167709492|0,Deram Dayze LP Decal LIK 9 Cat Stevens Denny Laine,0.99,0.0624
v1|158077883245|0,SURF The Rebels Wild Weekend Cha Cha Marlee 0094 1960 PROMO HEAR IT,5.00,0.0624
v1|298500040904|0,It's A Beautiful Day Self Titled 1969 Gatefold Vinyl LP Columbia Records CS 9768,6.26,0.0624
v1|287456185411|0,It's A Beautiful Day Self Titled 1969 Gatefold Vinyl LP Columbia Records CS 9768,4.50,0.0624
v1|188630674258|0,Yvonne DeLeon   I Can't Face The Fact  12''   Freestyle,8.00,0.0623
v1|398166937230|0,CHICANO BATMAN - Chicano Batman - Joven 001 - Vinyl LP,14.00,0.0623
v1|267725760569|0,Perry Como We Kiss In A Shadow / Hello Young Lovers RCA Promo 78 Rpm  Record,5.00,0.0623
v1|366530961631|0,Duke Ellington - Baby! - BRUNSWICK 6518 E- / V+,19.99,0.0623
v1|366530961631|0,Duke Ellington - Baby! - BRUNSWICK 6518 E- / V+,19.99,0.0623
v1|366541812679|0,EPIC BC 1010 SZELL Brahms Symphony #1 GOLD STEREORAMA 1959 NM,6.50,0.0622
v1|188630601463|0,"Jimmy Swaggart JESUS Just The Mention of Your Name 12"" LP Vinyl VG Condition ",4.00,0.0622
v1|298499994922|0,THE REVELERS - Valencia / The Blue Room (E-),6.00,0.0622
v1|267726064217|0,Tom T. Hall - For The People In The Last Hard Town LP Mercury SRM-1-687 1973 NM!,4.99,0.0622
v1|377341207409|0,DESCENDENTS Cool To Be You LP pennywise nofx rancid bad religion black flag,29.99,0.0622
v1|800321845105|0,Jimi Hendrix - The Essential 2xLP - Reprise VG++,8.50,0.0621
v1|287456705149|0,VINYL LP Dancing Madness / K-Tel,7.79,0.0621
v1|307058959126|0,LOU GOLD & His Orch. Bye Bye Blackbird / Spring Is Here,7.00,0.0621
v1|117297922945|0,Nancy Sinatra Lp Vinyl Record Lot of 5 Ex Condition Vinyl Records,25.00,0.0621
v1|188614107878|0,"BABY RAPTORS Self-Titled BLUE VINYL 12"" EP RECORD 45 RPM ISOTOPIA 005 NM",20.00,0.0621
v1|206408134759|0,Jackson Browne - For Everyman LP - Asylum VG++ PROMO,16.00,0.0621
v1|366541857602|0,COLUMBIA ML 5274 HAYDN MOZART Sonatas #3 & #10 GLENN GOULD 6 EYE 1958 VG++ TO NM,5.99,0.0620
v1|377341207424|0,Good Riddance Ballads From Revolution LP punk rancid nofx lagwagon bad religion,39.99,0.0620
v1|147432724903|0,Gary Burton Reunion Vinyl Lp,10.00,0.0620
v1|206408134722|0,Discharge - Hear Nothing See Nothing Say Nothing LP - Havoc Reissue VG+,15.50,0.0620
v1|800321845037|0,"Devo - Oh, No! It's Devo LP - Warner Bros. VG+ PROMO",23.25,0.0620
v1|278174854196|0,Deep Soul 45 BILL BRANDON Self Preservation/Full Grown Lovin' Man on South Camp ,9.50,0.0620
v1|137513661946|0,"1984 The Style Council ‎– My Ever Changing Moods 12"" Single Vinyl Record",15.00,0.0620
v1|127971122883|0,RARE BEATLES 'A HARD DAY’S NIGHT' 1968 BLACK '..SUBSIDIARY OF..’ 45 SCRANTON,31.69,0.0620
v1|800330296561|0,Strawbs Deadline Vinyl Record Music Album. Well Cared For Vinyl. Clean.,2.99,0.0620
v1|307058343813|0,Torchure – Beyond The Veil - Germany - 2021 - Red LP Death Metal,25.00,0.0620
v1|377338117531|0,Elton John - Don't Shoot Me I'm Only The Piano Player - Vinyl Record LP 1972,4.99,0.0620
v1|366535381733|0,ERIC CLAPTON Slowhand RSO 4228232761-M-1 LP VG+ SHRINK k,8.00,0.0619
v1|407066800786|0,"The Monkees, Pleasant Valley Sunday/Words, 45rpm, 1967 Colgem Records 66-1007",2.99,0.0619
v1|800321899293|0,JIMI HENDRIX Crash Landing REPRISE LP VG+ k,8.00,0.0619
v1|127965236389|0,SOUTH SEA MELODIANS - HAWAII - 1981 MEXICAN LP WOC SEXY COVER STAINED ON COVER,14.99,0.0619
v1|278176203140|0,Deep Purple The Royal Philharmonic Orchestra Vinyl LP WS 1860~COVER VG/VINYL VG+,7.00,0.0619
v1|147431601412|0,"Barry White Love Ain't Easy 7"" Black Vinyl 45RPM Stereo Unlimited Gold ZS9 1411",2.36,0.0619
v1|318573767600|0,QUICKSILVER MESSENGER SERVICE Happy Trails Capitol Records LP Album,9.99,0.0618
v1|117296977169|0,BEATLES JOHN LENNON ORIGINAL 1969 WEDDING ALBUM VINYL LP W/ INSERTS,69.00,0.0618
v1|298499601347|0,DAYS OF HEAVEN Orginal Soundtrack LP Album,4.99,0.0618
v1|188631649737|0,"Live Secret Samadhi Limited Edition 2xLP 12"" White Colored Vinyl w/ Poster",100.00,0.0618
v1|298499600748|0,D.C. Cab Soundtrack 12 LP MCA Records 33 RPM Mr T 1983 VG,4.98,0.0618
v1|407068033331|0,The Who Meaty Beaty Big & Bouncy Lp,6.99,0.0618
v1|257613868746|0,"Foreigner Cold As Ice Vinyl 12"" Single Record 45 RPM 1985 UK Pressing",5.00,0.0618
v1|287457278738|0,"Sonny James - I’ll Never Find Another You & Goodbye Maggie Goodbye 45 Record 7""",2.49,0.0618
v1|188630700477|0,TKA   One Way Love  12''  Freestyle,8.00,0.0618
v1|336683991813|0,Crossover Soul 45 JOE GRAHAM Something Wrong With Our Love/Been Blessed on Chant,7.99,0.0617
v1|336684000667|0,Northern Soul 45 JAMES BRYANT Hey There You Girl/Three Step on Renee VG++ promo,7.99,0.0617
v1|800321911709|0,JONI MITCHELL The Hissing Of Summer Lawns ASYLUM LP VG+/VG++ embossed gatefold k,8.00,0.0616
v1|257618739118|0,"ELVIS For LP Fans Only 12"" LP RCA Records LSP-1990(e) White Top",49.95,0.0616
v1|398165807388|0,GRIEG:PEER GYNT Incidental Music LP Lucia Popp/Neville Marriner.  Angel DS537968,5.00,0.0616
v1|137507487671|0,"Kordell Stewart & Co. Soul of the Game Picture Disc Vinyl Record, 1998",1.00,0.0616
v1|168536262847|0,"EARTH WIND & FIRE ~LET ME TALK /(SAME) 1980 COLUMBIA ARC WHITE LBL PROMO 7"" w/PS",4.99,0.0615
v1|318568506753|0,FLEETWOOD MAC Heroes Are Hard To Find REPRISE LP VG+ SHRINK k,11.50,0.0615
v1|336685040284|0,FAJARDO SU FLAUTA SU MUSICA SUS ESTRELLAS 75 COCO RECORDS SALSA LP HEAR ,7.77,0.0615
v1|168524473208|0,[2-LPs] Barry Manilow: Barry Manilow (1973) & Tryin’ To Get The Feeling (1975),7.99,0.0615
v1|800321858349|0,BRUCE SPRINGSTEEN Born To Run COLUMBIA PC-33795 LP wlp gatefold k,40.00,0.0615
v1|377332136257|0,Basie & Bennett Strike Up The Band - A Time for Love (2) LPs Both in Near Mint,5.50,0.0615
v1|206409971846|0,Vintage 1971 Johnny Cash Rock Island Line Vinyl Record Album,6.00,0.0615
v1|198494000416|0,Ktel 24 Looney Tunes Record,6.99,0.0614
v1|127970620344|0,Shinichi Osawa ‎– The One - 2LP -2009 - UN PLAYED/OOP -ELECTRONIC,109.99,0.0614
v1|407068439355|0,"Tanya Tucker - ""By Tanya Tucker",4.99,0.0614
v1|257618732074|0,David Bowie‎•Rise & Fall Of Ziggy Stardust Vintage LP 1972 RCA AYL 1-3843 ,15.50,0.0614
v1|336684004159|0,Northern Soul 45 THORNTON SISTERS Big City Boy/Watch Your Step on Bobsan VG+ wlp,7.99,0.0614
v1|206411066454|0,Sister Sledge | We Are Family / He's The Greatest Dancer | Disco Vinyl Record,7.00,0.0614
v1|407068672476|0,Zero Here Goes Nothin’ Relix LP SEALED John Cipollina,5.00,0.0613
v1|236933958950|0,JOE WALSH - BEST OF JOE WALSH - CLASSICS ROCK - Platinum Plus Stamp AA-1083,4.99,0.0613
v1|800330886818|0,Destiny by The Jacksons (1979 Epic JE 35552 Stereo LP) Record Album ,31.00,0.0613
v1|336684901555|0,Beatles SWBO-101 Self Titled White Album LP Vinyl Record w/inserts poster,19.99,0.0612
v1|206408134691|0,Beatles - Revolver LP - Capitol Mono,9.50,0.0612
v1|147432201040|0,Kiss Destroyer Vinyl LP Record Album Canada Quality Records Gatefold Blue Label,19.99,0.0612
v1|366531034113|0,Darby and Tarton - Down In Florida In A Hog - COLUMBIA 15197 E+,19.99,0.0612
v1|168534959770|0,TAS EPIC BC 1256 DURUFLÉ REQUIEM GOLD LABEL 1962 NM,5.99,0.0612
v1|366531111824|0,Rice Brothers Gang' - Ain't That Too Bad - DECCA 5636 E-,19.99,0.0611
v1|178305819245|0,"Wet Wet Wet ""Popped in Souled Out""  LP Ex. condition w/the original inner sleeve",9.00,0.0611
v1|127971526540|0,PINOCCHIO:Songs from the Walt Disney Movie Wonderland LP 77 LP 1940 VG-/VG-,6.00,0.0611
v1|227430355508|0,SURVIVE RR7349 Yellow Vinyl Record Album,20.00,0.0611
v1|206410895011|0,Wayne Newton - Red Roses For A Blue Lady Capitol ST 2306 Vinyl LP Pop,1.26,0.0610
v1|377310056238|0,🎤︎ Bob Dylan - Highway 61 Revisited - Folk Rock - Canada Columbia LP,19.99,0.0610
v1|198492650607|0,LIFERS GROUP - LIVING PROOF - Vinyl LP 1993 Hollywood Basic Organized Konfusion!,9.98,0.0610
v1|188632257406|0,THE HONEYS Shoot The Curl/Surin Down The Swanee River  4952,465.00,0.0610
v1|206408134696|0,Beatles - Sgt. Pepper's Lonely Hearts Club Band LP - Capitol Mono Cut-Outs,8.50,0.0610
v1|178305048627|0,"Eagles Eagles Live Elektra/Asylum BB-705 12"" Vinyl LP Record Black Stereo",4.76,0.0609
v1|127970959417|0,Dave Clark Five Glad All Over 1964 1st State Cover ( No Instruments ) VG Beat LP,8.00,0.0609
v1|227428557359|0,"Lou Rawls Te Veo Cuando Llegue / Algún Día Madurarás 45 7"" Mexico Epic VG+ Soul",7.99,0.0609
v1|206408134726|0,Duncan Browne - Give Me Take You LP - Daffodil Canada SEALED,19.50,0.0609
v1|278174877434|0,R&B Popcorn 45 DOOLEY SISTERS Spider In The Web/No More Cryin' on R-Dell NM,15.50,0.0609
v1|147432599854|0,Cream Disraeli Gears  Lp w hype sticker stereo Atco yellow label G+,6.99,0.0609
v1|800329384828|0,"LED ZEPPELIN ""The Song Remains The Same""-Swan Song-SS 2-201 - Orig.  2xVinyl LP",13.00,0.0609
v1|398182689567|0,HECTOR LAVOE De Ti Depende FANIA  Orig | Latin | Salsa  LP HEAR,14.00,0.0609
v1|366538934300|0,"The Caravelles 45 ""Don't Blow Your Cool / Have You Ever Been Lonely"" AU3",0.99,0.0609
v1|117298437251|0,The Partridge Family A Partridge Family Christmas Card 1971 LP Vinyl Record,10.00,0.0608
v1|188618913938|0,Władysław Polak - Serve Samo Kocha - VICTOR 16115 E-,19.99,0.0608
v1|188618901309|0,P.A. Dulke - Baiges Dienele - VICTOR 14003 V+/E-,19.99,0.0608
v1|366535372283|0,CHUCK BERRY Golden Decade Vol. 3 CHESS 2XLP VG+ gatefold SHRINK k,8.00,0.0608
v1|257618297735|0,Gregg Allman Playin' Up a Storm 1977 Vinyl CP0181 !st Press VG/EX,6.49,0.0608
v1|366538502260|0,"TAANA GARDNER "" HEARTBEAT""    12""  PROMO",15.00,0.0608
v1|178304368210|0,"Ramsey Lewis - ""Wade In The Water"" - LP",1.00,0.0608
v1|327258645024|0,"Lena Horne & Ricardo Montalban LP ""Jamaica"" BX13 ",2.50,0.0608
v1|227428574735|0,2  45s Johnny Cash Oh Lonesome Me  And Blue train 45 Record Both Great Condition,9.99,0.0607
v1|127971197015|0,RARE BEATLES 'AND I LOVE HER' 1968 WHITE '..SUBSIDIARY OF.’ 45 SCRANTON SMALL,0.99,0.0607
v1|318568521270|0,JOHN FOGERTY Centerfield WARNER BROS LP VG++ SHRINK k,8.00,0.0607
v1|147432197729|0,Kiss Hotter Than Hell Vinyl LP Record Canada Quality Records Blue Label,19.99,0.0607
v1|298500607326|0,"1970-ERIC BURDON AND WAR , ""THEY CAN'T TAKE AWAY OUR MUSIC/ HOME COOKIN"", 7"" MGM",0.99,0.0606
v1|307059180236|0,Solomon Schwartz Yiddish American Sing A Long LP Vinyl London ffrr SW99428,3.72,0.0606
v1|377336814399|0,Northern Soul 45 SUPREME TEENS It's The Same Old Story/I Think It's Me on Lowery,7.99,0.0606
v1|298499618872|0,"James Last ""Excerpts From Let The Sunshine In Flexi-Disc Promo",5.00,0.0606
v1|188632444595|0,"BANANARAMA Lot Of 2 Vinyl 12"" RECORD - MORE THAN PHYSICAL / I Can't Help It NM",11.88,0.0605
v1|278174887015|0,Sweet Soul 45 SYMPHONIES Need Someone To Love/The Git-Go on Carnival VG++,30.99,0.0605
v1|287457279095|0,"The Battle at Garden's Gate by Greta Van Fleet (Record, 2021)",16.99,0.0605
v1|307058904928|0,USA For Africa 45RPM “We Are The World” 1985 80s Pop Rock 7” Vinyl,3.00,0.0605
v1|206408134773|0,Jimi Hendrix Experience - Are You Experienced? LP - Reprise 3-Tone VG+,182.49,0.0605
v1|298500413112|0,INK SPOTS Tops  Lp Album-L1561(,4.99,0.0605
v1|366535389429|0,JEFFERSON AIRPLANE Surrealistic Pillow RCA VICTOR LSP-3766 LP k,8.00,0.0605
v1|168531571718|0,POWER POP Gordy Hunt A Date With Destiny / Loophole Egg 100 1982 HEAR IT,5.00,0.0605
v1|198494052462|0,METALLICA THE BLACK ALBUM REMASTERED LIMITED ED. ON MARBLED VINYL 2LP 180 GRAM,29.99,0.0604
v1|398167149912|0,Daryl Hall And John Oates Beauty On A Back Street Vinyl LP 1977 Record AFL1-2300,8.00,0.0604
v1|178303503631|0,"Columbia LP Record, E.Power Biggs , Music of Jubilee, VG ",2.00,0.0604
v1|127971525613|0,PAINT YOUR WAGON:OST Paramount PMS-1001 LP 1969 VG-/VG-,6.00,0.0604
v1|318572936774|0,Jesse Colin Young – Light Shine  Vinyl LP Ultrasonically Cleaned,4.20,0.0604
v1|358788884388|0,Flip Wilson Flipped Out Album Released A 1970 Very Good Condition,10.00,0.0603
v1|358788884388|0,Flip Wilson Flipped Out Album Released A 1970 Very Good Condition,10.00,0.0603
v1|800330201711|0,"Chris de Burgh Crusader A&M 12"" Vinyl LP Rock Black",3.40,0.0603
v1|178298587963|0,Ramón Ayala Los Bravos Del Norte - Corazon Partido LP Vinyl 1978 DLV Mexico,39.99,0.0603
v1|198493991087|0,Frank Zappa – Joe's Garage Act I US 1979 Vinyl Gatefold LP,14.99,0.0602
v1|137499822365|0,"HOYT AXTON--""Long Old Road""--1977 Release--Folk Blues--Vee Jay Label--Very Clean",9.95,0.0602
v1|398167011284|0,Diana Ross To Love Again LP Vinyl Record Motown Records 1981,8.00,0.0602
v1|127975136159|0,CREAM ~DISRAELI GEARS (1967) /ATCO RECORDS SD 33-232 LP w/ATCO COMPANY INNER SLV,14.99,0.0602
v1|188631947450|0,Senen Suarez - Una Noche En El Tropicana De La Habana Maya Records SUPER RARE,35.00,0.0602
v1|267725154370|0,LP~COLD~Things We Can't Stop~2019~Signed~Autographed~Scooter Ward~Johnny Nova~,99.99,0.0602
v1|188632418041|0,"ICE MC - EASY (EXTENDED REVOLUTION MIX) 12"" Vinyl RECORD Hip Hop V 23510 NM",9.99,0.0601
v1|358776183835|0,ELMER SCHEID & HIS HOOLERIE BAND PROMO 45 NM UNPLAYED VINYL  JOLLY LUMBERJACK,3.99,0.0601
v1|307053086657|0,SEA LEVEL ON THE EDGE LP album 1978 CAPRICORN #CPN-0212 EX pic inner,6.99,0.0601
v1|287455794216|0,TEMPTATION / FOOL THAT I AM BY BILLY ECKSTINE MGM GOLD CIRCLE,0.01,0.0601
v1|188632413560|0,DESMOND CHILD AND ROUGE - RUNNERS IN THE NIGHT Vinyl LP RECORD MASTERDISK RL EX+,9.99,0.0601
v1|188630261739|0,FRANKIE SARDO. Class Room & Fake Out on ABC Paramount  9963,5.00,0.0600
v1|168531593612|0,Madonna Like A Virgin Vinyl LP With Inner Sleeve,9.99,0.0600
v1|327264252504|0,"Lot of around 200 rock/hair metal/pop 45s, 1950s to 1980s. G+ to NM.",9.32,0.0600
v1|137507148968|0,TERESA BREWER “Gold Country” (1966 Vinyl LP) Stereo Pressing! EX,1.99,0.0600
v1|137507148968|0,TERESA BREWER “Gold Country” (1966 Vinyl LP) Stereo Pressing! EX,1.99,0.0600
v1|336685055048|0,ROGER - THE SAGA CONTINUES  WARNER BRO.  23975-1 (VINYL RECORD) G/VG+,4.00,0.0599
v1|227428552170|0,The French Fries Danse A La Musique / Small Fries Promo 45 Epic 5-10313 VG+ Soul,20.50,0.0599
v1|366535391430|0,JIMMY BUFFETT Volcano MCA LP VG+ gatefold promo k,8.00,0.0599
v1|336684926028|0,"Rod Stewart The Rod Stewart Album LP Vinyl Mercury Rock 12"" 33 RPM Stereo",2.50,0.0599
v1|366538438002|0,"Peter Frampton Frampton Comes Alive! Double LP Vinyl 12"" A&M Rock Live",5.00,0.0599
v1|366538541077|0,The Well-Tempered SYNTHESIZER WALTER CARLOS MOOG Columbia Electronica LP Classic,15.00,0.0599
v1|318573763197|0,1951 Disney Golden Records Alice in Wonderland Rabbits House I'm Late Sandpipers,5.00,0.0599
v1|168525633416|0,Metallica Master Of Puppets Vinyl Record Elektra 1986,39.99,0.0599
v1|206415315799|0,YES - Close to The Edge | Atlantic SD 7244 | 1972 | 1841 Monarch | GF | VG+ LP,9.00,0.0599
v1|336685209962|0,SOUL Betty Moorer It's My Thing / Speed Up Wand 11202 1969 HEAR IT,61.00,0.0599
v1|800321881081|0,ERIC CLAPTON Self Titled ATCO SD-33-329 LP VG+ k,9.00,0.0599
v1|227428391052|0,Elton John Honky Chateau Vinyl LP 2017 Reissue Gatefold In Shrink 180gm NM,12.50,0.0598
v1|198492669700|0,Various - HIP HOP HERITAGE VOL. 1 - Vinyl LP 1989 Jive Old School Hip Hop Comp!,9.98,0.0598
v1|336684011174|0,R&B Soul Popcorn 45 BIG JOHN My Love My Love/Cleo's Theme on Guyden VG+ promo,7.99,0.0598
v1|800321845017|0,Blue - S/T LP - RSO SEALED,8.00,0.0598
v1|298488571053|0,DAVID HOUSTON ~ALREADY IT'S HEAVEN ~ 33  RPM JUKEBOX ISSUE~  RECORD EX  COVER EX,3.99,0.0598
v1|287457222394|0,Walt Disney’s Mickie Mouse Club March The Mouseketeers’ March Vinyl Record 45,5.99,0.0597
v1|336685261083|0,"Richie Havens, Alarm Clock, Vinyl, MGM, SFS 6005, LP RB77",2.99,0.0597
v1|377338572104|0,"1980's Rock Vinyl Record Lot Of 5 ASIA, Cat People, DEVO, Tom Petty & UTOPIA",18.88,0.0597
v1|407066853536|0,The Isley Brothers on TNK 930,5.00,0.0597
v1|257618727467|0,"Vintage Original ""The Beatles"" LP Vinyl Album Records Lot of 4 VG 1965",43.00,0.0596
v1|127970986319|0,Slayer - Lost & Found - Vinyl Record,26.66,0.0596
v1|377338226742|0,ELTON JOHN Goodbye Yellow Brick Road 2014 2LP YELLOW VINYL Record ALBUM VG+ USED,69.99,0.0596
v1|158023288933|0,ELTON JOHN - HONKY CHATEAU - UNI GATEFOLD - REALLY NICE!!!,10.49,0.0596
v1|336685202427|0,WAR - GREATEST HITS VINYL LP ORIGINAL 1976,12.00,0.0596
v1|398167258942|0,"Charlie Parker, The Quintet, OJC",10.33,0.0596
v1|278174863403|0,Northern Soul 45 BEVERLY JONES Heat Wave/Hear You Talking on Swan VG++/NM promo,7.99,0.0596
v1|188632416587|0,JEBADIAH - ROCK N SOUL Vinyl LP RECORD Rolling Stones 1978 PROMO JE35592 NM,9.99,0.0596
v1|198488001181|0,Robert Johnson KING Delta Blues Columbia RE LP 1972 Delta Country Soul Blues,14.98,0.0595
v1|318568516199|0,JEFF BECK Wired EPIC LP VG+ holland k,8.00,0.0595
v1|127970844467|0,Disney Lot of 5 Vinyl Record Albums Rare Ex Condition See Photos,30.00,0.0595
v1|206415317491|0,FRANK ZAPPA - Hot Rats | Bizarre/Reprise Records RS6356 | 1969 Gatefold | VG LP,12.00,0.0595
v1|188617360648|0,"POLECATS - MAKE A CIRCUIT WITH ME 12"" Vinyl RECORD 1982 UK Import 45 RPM 412 NM",9.77,0.0595
v1|168535040854|0,COLUMBIA D4S 724 BEETHOVEN VIOLIN SONATAS FRANCESCATTI CASADESUS 4LP 1970s NM,5.99,0.0594
v1|198492594596|0,"King Diamond The Dark Sides Picture Disc Vinyl LP 12"" Metal Blade 2019",35.99,0.0594
v1|236933918498|0,"Grand Funk All the Girls in the World Beware!!! Rock Vinyl LP 12"" Capitol",6.75,0.0594
v1|407068495267|0,Whitesnake Trouble LP,5.00,0.0594
v1|198492701360|0,Beatles LP Yesterday and Today First CLUB edition,21.50,0.0594
v1|127970952235|0,The Beach Boys Endless Summer 1974 EX+ 2X Surf Rock LP Capitol Large Poster,8.00,0.0593
v1|278174886890|0,Sweet Soul 45 RIPPLES & WAVES I Never Had A Girl/Let Me Carry Your School Books,13.50,0.0593
v1|307058621597|0,"Billy Idol, Don’t Stop, 1981 , Repress, Santa Maria Pressing, VG++/VG++",8.00,0.0593
v1|307058414418|0,That Did It/Someone Else Is Taking My Place/Benny Goodman— Peggy Lee,4.99,0.0593
v1|358785609553|0,The Kennedy Veil Imperium DEATH METAL,13.00,0.0592
v1|298490824834|0,Elton John Goodbye Yellow Brick Road  LP  MCA2-10003  USA First Press  VG+  W,10.00,0.0592
v1|188632424461|0,GEORGE JONES - FIRST TIME LIVE! Vinyl LP RECORD 1985 Album COUNTRY FE 39899 NM,9.99,0.0592
v1|236937695896|0,Italo Disco 50 & 50 Brothers - Red Man 12” Single,14.99,0.0592
v1|188631711524|0,"FRANK SINATRA  on LP "" IN THE WEE SMALL HOURS "" jazz ballad",44.99,0.0592
v1|168531338190|0,DAVID BOWIE-CAT PEOPLE PUTTING OUT FIRE)-BACKSTREET 52024,5.00,0.0591
v1|117297394400|0,"Little Richard ""The Explosive Little Richard” LP/Epic PE 40390 (NM) 1986 Promo",5.00,0.0591
v1|800330110218|0,"UFO ""The Best Of UFO"" - Nova  6.21513  - Vinyl LP Record Germany",9.99,0.0591
v1|377338014667|0,Yes!! Chris Squire Fish Out Of Water .. Very Clean Copy Lp record!!,12.99,0.0591
v1|206415323805|0,Iron Maiden Killers Vinyl LP 1981  Heavy Metal Harvest – ST-12141 Paul Di’anno,21.50,0.0591
v1|147436105411|0,POST METAL 2 VINYL LOT ASHBRINGER AND THE OCEAN,20.00,0.0590
v1|168531534509|0,"Rappers Rapp Group – Rappers Rapp Theme (12”, 1982, Rappers Rapp Disco Co.)",29.99,0.0590
v1|800321845032|0,Chris Darrow - Under My Own Disguise LP - United Artists UK VG+,17.94,0.0590
v1|377336821574|0,Soul Funk 45 GLORIA ROSEBUD BLACK Tell Me Get Off Your Mind/Would You Believe ,7.99,0.0590
v1|800321908844|0,"JIMI HENDRIX The Essential - Vol. 2 REPRISE LP VG++ with 7"" SHRINK k",14.50,0.0590
v1|336684000234|0,Northern Soul 45 FURYS Baby You Can Bet Your Boots/Man Who Has on Liberty promo,7.99,0.0590
v1|327258387847|0,"Fats Domino Swings 12,000,000 Records ..Lp Record!!!",10.99,0.0589
v1|278176212351|0,Big Chill Movie Soundtrack Vinyl Album Lp,5.99,0.0589
v1|127971342198|0,OLIVER:Good Morning Starshine Crewe CD-1333 LP 1969 VG-/G-,6.00,0.0589
v1|407067514201|0,"Motorhead Shine/Hoochie Coochie Man (live) 12"" single",19.34,0.0589
v1|366535361297|0,BARENAKED LADIES All In Good Time RAISIN'/EMI LP SEALED k,12.50,0.0589
v1|800321845021|0,Bruce Cockburn - High Winds White Sky LP - True North Canada SEALED,10.50,0.0589
v1|168531606636|0,Siouxsie and the Banshees - Peek A Boo/False Face - 45 RPM Record,3.99,0.0588
v1|158076896429|0,1959 Reissue (MONO) - Rodgers & Hammerstein - South Pacific vinyl LP (LOC 1032),2.00,0.0588
v1|800321872663|0,DILLINGER ESCAPE PLAN Calculating Infinity RELAPSE LP picture disc reissue k,8.00,0.0588
v1|158083191797|0,Devo Total Devo vinyl record album,3.00,0.0588
v1|198494022978|0,Chuck Mangione John Mayall Tim Weisberg Vinyl LP Lot 4 Records Jazz Blues,5.00,0.0588
v1|198494035730|0,Chuck Mangione John Mayall Tim Weisberg Vinyl LP Lot 4 Records Jazz Blues,4.00,0.0588
v1|206410009990|0,"1967 The ""Now"" Sound Of Young Music 36 Today! Double Vinyl Record Albums",3.00,0.0588
v1|236932904177|0,Bangles Hazy Shade Of Winter Vinyl 12” Record Mint 1987 With Paul Simon publishr,5.00,0.0588
v1|168531469062|0,Vintage 1968 Reader's Digest South Sea Island Music 4 Vinyl Record Album Set,5.00,0.0588
v1|398165795540|0,Boston Symphony Sibelius Symphony No. 1 Finlandia Philips Classical LP,5.00,0.0588
v1|377336979027|0,LERDAHL: Eros/DUGGER: Intermezzi/Abwesenheiten...NM1978LP NAUMBURG AWARD,18.50,0.0588
v1|307058602984|0,"Frank Zappa, Ship Arriving To Late To Save A Drowning Witch, 1982, VG++VG++",10.00,0.0587
v1|267725712798|0,"The Shirelles The Very Best Of The Shirelles LP Vinyl 12"" UA-LA340",9.95,0.0587
v1|287457401211|0,PINK FLOYD - 50TH Anniversary Dark Side of the Moon,19.99,0.0587
v1|800329832376|0,"THIN LIZZY ""Jailbreak"" - Mercury SRM-1-1081 -  Orig. Vinyl LP Record",20.50,0.0587
v1|336685045463|0,First One In Your Life Frank White 7 In 45 RPM Record. 1983 Soul,99.00,0.0587
v1|127965515007|0,The Platters More Encore of Golden Hits Mercury Records Album 33 RPM MG 20591,2.00,0.0587
v1|298500652951|0,The Doors The Soft Parade LP Elektra EKS-75005 Gatefold 1969,15.00,0.0587
v1|298499990738|0,BOYD SENTER (Eddie Lang. Guitar) Bad Habits / New St. Louis Blues (V+) ,9.00,0.0586
v1|307051945302|0,DON GIBSON ~ BLUE AND LONESOME ~ 196? ~ 45 RPM ~ EP ~ RECORD  VG+  COVER VG,3.99,0.0586
v1|377338208540|0,KILLER BE KILLED s/t NUCLEAR BLAST Thrash 2xLP RED VINYL Record ALBUM USED,59.99,0.0586
v1|377338045000|0,"Traffic – Welcome To The Canteen 12"" Vinyl LP Record Uas-5550, Shrink wrap, VG+",24.99,0.0586
v1|267726031033|0,Frank Sinatra Songs For Swingin' Lovers LP 180g Capitol Audiophile In Shrink NM!,24.99,0.0586
v1|278174880655|0,R&B Soul 45 L.C. STEELS Don't Play No Woman For No Fool/Come Back Betty on K VG+,7.99,0.0586
v1|127971101152|0,Jukebox 45 & Title Strip Harry Connick Jr. Recipe For Love  Cleaned Tested,2.49,0.0586
v1|168531247346|0,2 Styx Vinyl Record Lps,4.97,0.0586
v1|298500453167|0,Elvis Presley vinyl album How Great Thou Art.,5.00,0.0585
v1|318568478695|0,Billy Joel - The Stranger LP - Columbia VG+ PROMO,49.00,0.0585
v1|377338299928|0,ED RUDY — IT’S HERE LUV!!! BEATLES (1965) *Autographed* LP Tour Radio Interviews,24.99,0.0585
v1|267725983760|0,Reader's Digest Country & Western Music Jamboree 3LP Vinyl Box Set Mono RDM-44,3.00,0.0584
v1|206411003401|0,BON JOVI FACTORY SEALED WITH HYPE STICKER MERCURY 0501,28.22,0.0584
v1|298500538379|0,"1971-THE 5TH DIMENSION / LIVE !!, 12"" DOUBLE BELL RECORDS, R&B , SOUL,",1.99,0.0584
v1|298500538379|0,"1971-THE 5TH DIMENSION / LIVE !!, 12"" DOUBLE BELL RECORDS, R&B , SOUL,",1.99,0.0584
v1|117298627218|0,"Orchestra Orquesta Power Mericana MYS-115 1973 LP, Salsa, Latin, EX Condition",132.50,0.0584
v1|800329841981|0,Puberty 2 by Mitski (2016) - Vinyl LP,5.32,0.0584
v1|127971398709|0,ELVIS PRESLEY Baby Let's Play House Sun Records 217 1st Press 1955 VG+,400.00,0.0584
v1|278176234141|0,The Edinburgh Military Tattoo 1961.  Dominion – LP 1247 VG,0.99,0.0584
v1|236937576355|0,Italo Disco Five Sinners Precious Lies 12” Reissue Single,9.99,0.0583
v1|188632430069|0,STEPPENWOLF - REST IN PEACE Vinyl LP RECORD 1972 Album DSX 50124 NM,9.88,0.0583
v1|168531293903|0,Andy Williams Moon River Vinyl LP 1962 CL1809 VG+/EX Ultrasonic Clean & Tested,6.99,0.0583
v1|257618744728|0,THE NIGHTHAWKS - JACKS AND KINGS - ADELPHI AD-4120,4.36,0.0583
v1|267725819885|0,Jessi Colter I'm Jessi Colter 1975 Vinyl LP Country Rock Capitol Records ST11363,2.69,0.0583
v1|318568492027|0,CHUCK BERRY Golden Decade Vol. 2 CHESS 2XLP VG+ gatefold k,8.00,0.0583
v1|127971504433|0,Muddy Waters 78  Chess 1612 Suger Sweet/ Trouble No More  G+,18.56,0.0582
v1|188626187412|0,Private KY OH Rite Hillbilly Honky Tonk EP 45 BOBBY FARRELL & BAILEY SISTERS BFM,8.00,0.0582
v1|267725776815|0,25 POLKA GREATS VARIOUS ARTISTS LP VG+/VG+ K-Tel NC420 1971,1.99,0.0582
v1|298499125796|0,Josie Cotton Used Vinyl LP Lot Records New Wave,8.00,0.0582
v1|327258652143|0,"AZ State Univ Members LP ""Wood Hath Hope"" Liturgical Music by John Foley BX13 ",3.00,0.0582
v1|127971160138|0,Jukebox 45 & Title Strip Prince Batdance Cleaned Tested,2.49,0.0582
v1|127971068999|0,"WILLIAMS, Lucinda - World's Gone Wrong - SKY BLUE VINYL LP",20.00,0.0582
v1|377338117587|0,Jonny Winter And - Live (1971) - Vinyl Record LP - Columbia Vintage Press,4.99,0.0581
v1|318568502228|0,DOORS Strange Days ELEKTRA LP VG+ k,14.50,0.0581
v1|278175118800|0,Battle Stereo London Phase 4 '64 Gatefold Audiophile Historical Sound Effects NM,18.00,0.0581
v1|398165792700|0,Johann Strauss:Aschenbrodel  Cinderella Bonynge/National Phil Decca D225D 2,8.00,0.0581
v1|127965236373|0,"LIC. GUSTAVO DIAZ ORDAZ - DISCURSOS - 1967 MEXICAN DOUBLE LP GATEFOLD, SPOKEN",19.99,0.0581
v1|127965236373|0,"LIC. GUSTAVO DIAZ ORDAZ - DISCURSOS - 1967 MEXICAN DOUBLE LP GATEFOLD, SPOKEN",19.99,0.0581
v1|188618206919|0,Furry Lewis - Big Chief Blues - VOCALION 1133 POOR,61.00,0.0581
v1|327258428596|0,Madonna / Like A Virgin - Classic Pop Lp - 1984 Original With Inner Sleeve,3.25,0.0580
v1|336684008109|0,R&B Soul 45 CAROL FRAN I'm Gonna Try/Crying In The Chapel on Port VG+ promo,7.99,0.0580
v1|287456558433|0,PRO THREE CHEERS NOW I LAY ME DOWN TO CRY HALLELUJAH I LOVE HER SO HEAR IT HERE,0.99,0.0580
v1|198494022949|0,HARRY STYLES / OLIVIA RODRIGO / MAGGIE ROGERS Pop Vinyl Lot,44.00,0.0580
v1|117221820587|0,Vintage Vinyl/LP. Tigres Del Norte/Gracias America Sin Fronteras/PRL-90499. READ,49.99,0.0580
v1|366522473908|0,45 REGGAE / THE REVOLUTIONAIRES / ANGOLA / WELL CHARGE / LISTEN,9.99,0.0580
v1|236926738537|0,BOB DYLAN / NASHVILLE SKYLINE,2.00,0.0579
v1|358785664297|0,"Roulette 45RPM Record, Tommy James,Draggin The Line, Bits and Pieces, VG ",1.00,0.0579
v1|198493737955|0,The Who - Meaty Beaty Big and Bouncy Vinyl LP - 1971 Decca Rainbow Label VG/VG+,10.00,0.0579
v1|298499995843|0,Broadway Bell Hops HI-HO THE MERRIO / Tonight's The Night For My Baby ,9.00,0.0579
v1|127971525525|0,SIMON AND GARFUNKEL:Greatest Hits Columbia KC 31350 LP 1972 VG-/VG,6.00,0.0579
v1|137507528454|0,RITCHIE VALENS Del-Fi Records ‎– 4117  Little Girl / We Belong Together,14.99,0.0579
v1|407068214138|0,HEART Dreamboat Annie LP Mushroom Records 1976,12.00,0.0579
v1|147432204491|0,Kiss Love Gun Vinyl LP Record Canada Quality Records Filmworks Label,19.99,0.0578
v1|257614020005|0,Paul McCartney and Wings Wings Over America Vinyl LP Record 1976 Pressing 3LP,5.00,0.0578
v1|366535364230|0,BEATLES Self Titled APPLE SWBO-101 2XLP embossed gatefold with poster k,10.50,0.0578
v1|307058858809|0,Robert Plant 33RPM “Pictures At Eleven” 1982 80s Classic Rock 12” LP Album NM,7.00,0.0578
v1|298499904603|0,"Alice Cooper: Killer (LP, 1971) Killer BS2567 Warner Bros. Green Label Tested",5.64,0.0578
v1|236938620021|0,The Archers (Fresh Surrender)LP CCM 1977,0.99,0.0577
v1|407068037556|0,Mountain Nantucket Sleighride Lp,12.99,0.0577
v1|267726030755|0,ROY ORBISON Vinyl LP EARLY ORBISON Monument SLP-18023 Stereo 1964,4.48,0.0577
v1|377338117734|0,Joe Bethancourt - Live at Funny Fellows Vol 1 - Old Red Cat - White Tree LP 1986,8.99,0.0576
v1|377337656304|0,America - Harbor LP Album 1977 Warner Bros Vintage Vinyl Record Used,8.80,0.0576
v1|298500525260|0,The Loving Spoonful Everything Playing LP Karma Sutra KLPS8061 ,5.00,0.0576
v1|298499144180|0,"The Animals (Eric Burdon) Anything/It's All Meat MGM 13917 7"" 45 VG+/VG+",3.20,0.0576
v1|366538273948|0,Frankie Morales Y La Banda - En Su Punto LP (VG) Tito Rojas Sonora Ponceña,9.99,0.0576
v1|287457278853|0,Carly Simon - LP 2 RECORD LOT - Playing Possum & Boys In The Trees,3.69,0.0576
v1|158077691190|0,DOOWOP The Unforgettables Was It Alright / It Hurts Colpix 192 1961 HEAR IT,5.00,0.0576
v1|188618232234|0,Memphis Minnie - Bumble Bee - VOCALION 1476 V+,19.99,0.0575
v1|147436094224|0,WAR FILM SCORES 3 VINYL LOT DAS BOOT / THE BEAST / SLAUGHTERHOUSE 5,20.00,0.0575
v1|407067514574|0,"Motorhead Killed By Death/Under The Knife/Under The Knife 12"" single with poster",29.04,0.0575
v1|188618230765|0,Lucky Millinder w/ Sister Rosetta Tharpe - Big Fat Mama - DECCA 4041 V+/E-,19.99,0.0575
v1|168531121433|0,Gene Roddenberry. Inside Star Trek. EX Vinyl LP Columbia Records 1976.,15.00,0.0575
v1|158077691189|0,CLASSIC ROCK GLAM David Bowie Space Oddity RCA 0876 1973 HEAR IT,5.00,0.0575
v1|377338292262|0,Billy Joel “An Innocent Man” Vinyl LP Columbia Records (QC 38837) 1983 Album VG+,2.43,0.0575
v1|398165801613|0,"Debussy, Youri Egorov: Préludes Books I & II, Estampes, Reflets Dans L'eau x2 LP",6.00,0.0575
v1|158077662731|0,"Ten Years After Recorded Live 12"" Black Vinyl LP Chrysalis KC 31179 Rock",5.00,0.0574
v1|168531371782|0,Various Kiss 98.7 FM Original Mastermix Vol. I Vinyl 2LP VG+/EX ULTRASONIC CLEAN,24.99,0.0574
v1|147432477889|0,Jim Croce 'You Don't Mess Around with Jim' Vinyl LP (in Wrong Jacket). VG+,0.99,0.0574
v1|178305771728|0,The Laughing Dogs - Meet Their Makers - 1980 LP- M- Record And Cover- Orig Inner,4.00,0.0574
v1|188632427095|0,"JADAKISS With NATE DOGG - TIME'S UP 12"" Vinyl 2004 RECORD Hip Hop B0002599-11 NM",9.50,0.0574
v1|227428169619|0,RAIL Arrival Rare Vinyl LP Record 1980 Dynasty DYN 100 NWOBHM Style Hard Rock ,10.00,0.0574
v1|188630216507|0,THE CRYSTALS  Da Doo Ron Ron on Phillies 112,5.00,0.0574
v1|117297923306|0,Dean Martin LP Vinyl Lot of 2,8.00,0.0574
v1|800321872937|0,DIO Sacred Heart WARNER BROS LP VG+ k,9.50,0.0574
v1|377292961800|0,THE DILLARDS - TRIBUTE TO THE AMERICAN DUCK - POPPY - REALLY NICE!!!,3.99,0.0574
v1|377336801679|0,Crossover Soul 45 WILSHIRE EXPRESS Hey! Baby/Carla on Austin,7.99,0.0574
v1|198494002560|0,CHEECH & CHONG GET OUT OF MY ROOM LP VINYL RECORD 1985 VG,14.99,0.0574
v1|336684220726|0,Chicago EP - Songs from Chicago III - Special Coin Operator Release,8.00,0.0573
v1|377336807276|0,Northern Soul 45 APRIL YOUNG Gonna Make Him My Baby/Life on Columbia,7.99,0.0573
v1|257612436707|0,The Best Of The Doors Quadra Disc LP  EQ 5035  Near Mint  1980's Reissue,10.00,0.0573
v1|398182711362|0,ANGEL CANALES Sabor ALEGRE Orig | Latin | Salsa | Guaguanco LP HEAR,31.00,0.0573
v1|236932395273|0,LIVE FROM HIGH FIDELITY Vol. 1 & 2  vinyl 2-lp (green) NM Posies Van Dyke Parks,7.35,0.0573
v1|236933580390|0,Ray Campi Rockabilly Rebellion Rollin' Rock 6902 Rockabilly NM- LP,14.00,0.0573
v1|336685313682|0,"James Brown - Living In America 🇺🇸 {Rocky IV} (1985, Vinyl Single) *Dance Mix",4.00,0.0573
v1|298500412593|0,10X Bundle Lot COMEDY LP Albums-Whats his Name/Fly Buttons/i Gawr-On-Tee,9.99,0.0572
v1|407066806167|0,"The Daddy-O's, Got A Match!/Have A Cigar!, 45rpm, 1958 Cabot Records CA-122",2.99,0.0572
v1|287457077645|0,Grand Funk Phoenix Vinyl Album Capitol 1972 Gatefold,9.50,0.0572
v1|168530861854|0,"BOBBY RYDELL-WILD ONE/SWINGING SCHOOL-45 RPM-7""-ROCK-ABKCO 4008-VG+-1960-W/STRIP",4.25,0.0572
v1|236933324125|0,McKinney's Cotton Pickers Nobody's Sweetheart / Crying & Sighing Jazz 78 EE+,59.99,0.0572
v1|327258453902|0,The Doors / The Soft Parade - Classic Rock Vinyl - 1969 Red Label With Inner,5.50,0.0572
v1|398167027368|0,"EXPOSE'  "" POINT OF NO RETURN ""     12"" MAXI-SINGLE  VG",10.00,0.0572
v1|377336819609|0,R&B Soul 45 LES COOPER I Can Do The Soul Jerk/At The World's Fair on Arrawak VG+,7.99,0.0571
v1|198494022934|0,Dan Fogelberg and Howard Jones Pop Rock 4-Album Vinyl Lot,5.00,0.0571
v1|800330812378|0,1977 Popeye And Friends 4 Exciting Christmas Stories LP VG,5.11,0.0571
v1|178305885687|0,"BUNNY SIGLER LET THE GOOD TIMES ROLL PARKWAY PS--50,000 STEREO NEAR MINT SHRINK!",9.99,0.0571
v1|358787802178|0,1949 Andrews Sisters Decca 24705 I Can Dream Can't I 78 RPM Plays Both Sides,9.99,0.0571
v1|127970523135|0,Jukebox 45 & Title Strip Billy Joel An Innocent Man Cleaned Tested,2.49,0.0570
v1|168525734270|0,"KISS RECORD ""LICK IT UP"" LYRIC INNERSLEEVE 1983 POLYGRAM  (422-814 297-1 M-1)",9.99,0.0570
v1|377338009349|0,The Strawbs Ghosts Lp Record!! Very Clean Copy!!!,15.99,0.0570
v1|127971158936|0,"CALLOWAY - ""I WANNA BE RICH"" - VINYL 12"" SINGLE RECORD • SOLAR RECORDS •",8.95,0.0570
v1|127965236390|0,"JOSE ALFREDO JIMENEZ - 1976 SELF TITLED - MEXICAN LP ALBUM PROMO, RANCHERO",19.99,0.0570
v1|398167017043|0,VINTAGE 1981 JAMMIN LIONEL HAMPTON LP RECORD UP FRONT RECORDS  UPF 153,8.00,0.0569
v1|318573028698|0,"icehouse vinyl lot (5) 12"" singles Remixes live tracks",24.99,0.0568
v1|278176094905|0,KISS : Chikara Vinyl Album !!!,50.00,0.0568
v1|147432142786|0,"Triumph 2 LP Lot, Vinyl Rock n Roll Machine, Just A Game VG+",6.20,0.0568
v1|257618744372|0,Babe Ruth 1976 LP Kid's Stuff Stereo Capitol,6.00,0.0568
v1|158077555388|0,Triumph- Rock N' Roll Machine Vinyl LP Record MCA Records Hard Rock 1980,5.99,0.0568
v1|117298598805|0,Eagles - Their Greatest Hits 1971-1975 LP 1976 Asylum 6E-105 - EX/EX,12.99,0.0567
v1|267717772260|0,Guajira Go Go Salsa Berta Rosen Boogaloo En Cuarta Dimension Sono Radio 🎧HEAR🎧,29.99,0.0567
v1|298500334466|0,"TRAFFIC ""On the Road""  LP Record Vinyl Island Records 1973 SMAS-9336 Play Tested",3.50,0.0567
v1|127969955198|0,Arthur Grumlaux MOZART Epic Mono LP 1956 Classical Violin Clara Haskil Piano,9.98,0.0567
v1|168531392442|0,"Janis Joplin LP ""I Got Dem Ol' Kozmic Blues"" Columbia PC 9913 Shink VG++/VG++",18.95,0.0566
v1|336684003296|0,Northern Soul 45 SAMANTHA JONES Ray Of Sunshine/How Do You Say Goodbye on UA wlp,7.99,0.0566
v1|227423905589|0,Original Motion Picture Soundtrack 1974 - Midnight Express,7.00,0.0566
v1|168529798062|0,SKIP JAMES The Rough Guide To 2019 WORLD MUSIC NETWORK 180 Gram EX+ EU Press MP3,24.00,0.0566
v1|407067517323|0,"The Young & Moody Band – Don't Do That 7"" single",5.23,0.0566
v1|127971525670|0,GARRISON AND VAN DYKE  GERRITSEN & VAN DIJK 1979 PROMO DEBUT LP Atco #SD 38-119,9.99,0.0566
v1|366535357334|0,38 SPECIAL Special Forces A&M LP VG+ club edition k,9.50,0.0565
v1|188622045880|0,"Brother Noland – Speaking Brown, Solbrea SP 501, VG++/VG++, 1980",50.00,0.0565
v1|398167623139|0,the doors strange days vinyl,5.00,0.0565
v1|267725881152|0,"WARREN ZEVON ""Excitable Boy"" Original 1978 Vinyl LP Asylum - NM",24.99,0.0565
v1|127971525532|0,"THE 5TH DIMENSION:Love's Lines, Angles and Rhymes Bell 6060 LP 1971 VG-/VG-",6.00,0.0565
v1|127971526398|0,"THE 5TH DIMENSION:Love's Lines, Angles and Rhymes Bell 6060 LP 1971 VG+/VG",6.00,0.0565
v1|800329814661|0,Fallout 4 Special Edition Picture Disc Soundtrack Vinyl Record LP Video Game OST,43.51,0.0564
v1|278175919766|0,PREWAR JAZZ 78 • Brunswick 6743 • Eddie Condon & Orchestra • The Eel • E+ Clean!,29.99,0.0564
v1|127971526373|0,THE 5TH DIMENSION:Greatest Hits on Earth Bell 1106 LP 1972 VG-/VG,6.00,0.0564
v1|137506703909|0,Johann Strauss Jr Die Fledermaus Highlights 45rpm 6 x 7” Box Set 1951 RCA Victor,4.99,0.0564
v1|278174860909|0,Funk 45 VICKI ANDERSON Answer To Mother Popcorn/I'll Work It Out on King VG++,7.99,0.0563
v1|398167026159|0,eric clapton history of eric clapton vinyl,10.00,0.0563
v1|407067972167|0,"The O'Jays Back Stabbers Record LP 12"" 33 RPM Vinyl Soul R&B & Soul",2.44,0.0563
v1|287456872301|0,The Long Ryders Two Fisted Tales VINYL LP ISL-1132,10.00,0.0563
v1|147436104687|0,VANGELIS 2 VINYL LOT MASK & SOIL FESTIVITIES,15.00,0.0563
v1|206408134745|0,Fleetwood Mac - Heroes Are Hard To Find LP - Reprise VG++ PROMO,10.50,0.0563
v1|178305324101|0,PACIFIC SNOW BAND - VOLUME NUMBER ONE Vinyl LP Brother Studio Private Press 70's,45.00,0.0563
v1|206408134693|0,Atomic Rooster - Death Walks Behind You LP - Elektra VG+,8.00,0.0563
v1|298503334284|0,SIGNED! Thumpasaurus – Hard 2024 Limited Edition Vinyl LP Alt-Rock AUTOGRAPHED!,26.99,0.0563
v1|198493770693|0,Van Morrison Moondance LP 1970 Green Label Columbia Haute Press VG+ -1 Matrix,20.00,0.0562
v1|298499812192|0,Suldusk Suldusk Limited Edition Green/Clear Color Vinyl LP Metal 20 Buck Spin,30.00,0.0562
v1|336683994787|0,"Funk 45 BOBBY DIXON Woman, You Made Me/You Don't Wanna Love Me on Probe VG++",7.99,0.0562
v1|198493917303|0,SPICE GIRLS Picture Disc LP The Greatest Hits 2007 UMe RE vinyl,10.00,0.0562
v1|178303484087|0,78rpm; Bubber Johnson ; Come Home & There'll Be No More ; King - 4822,8.00,0.0562
v1|267725820588|0,Tammy Wynette Divorce Album LP RECORD STERIO BN 26392.** 1969,2.63,0.0561
v1|366538504895|0,"KAYNE WEST FEAT JAMIE FOXX ""   GOLD DIGGER  ""  ORIG  12""",20.00,0.0561
v1|307058958551|0,Willard Young & Orch - Tip-Toe Thru the Tulips with Me / Dixie Daisies - ROMEO ,6.00,0.0561
v1|398182728183|0,ORQUESTA LA CORPORACION LATINA st MG Killer! | Salsa | Guaguanco | LP HEAR,26.00,0.0560
v1|127965236326|0,"AGUSTIN LARA -SUS PRIMERAS GRABACIONES- SERIE DOCUMENTAL, 1986 MEX LP ALBUM SOC",19.99,0.0559
v1|236933990663|0,Collectors- Grass and Wild Strawberries LP 1969 WB Records.,24.99,0.0559
v1|278176209932|0,Bill Haley And His Comets Vinyl Album Lp,14.99,0.0559
v1|198493698659|0,Wendy Waldman The Main Refrain LP Warner Bros. Rock Stereo Vinyl Record,1.30,0.0559
v1|198494008902|0,Diana Ross and the Supremes - Love Child MS 670 Motown 1968 VG++,8.00,0.0559
v1|327258390114|0,Zappa/Mothers Roxy & Elsewhere 2lp set. Very Clean Records !,16.99,0.0558
v1|267717676663|0,🎤︎ Sporty Thievz – Street Cinema 2xLP Vinyl Ruffhouse 1998 Rap Hip Hop,9.99,0.0558
v1|287461607885|0,"Eddie Harris ""That is Why You're Overweight"" 1976 Vinyl Album VG",7.00,0.0558
v1|298499792235|0,Women Of Country     54-LP's        NM or as described         CHOOSE Any 5 LP's,22.00,0.0558
v1|800321905245|0,JIMI HENDRIX EXPERIENCE Axis: Bold As Love REPRISE RS-6281 LP gatefold k,8.00,0.0558
v1|800321880594|0,ERIC CLAPTON History Of Eric Clapton ATCO 2XLP VG+ gatefold k,8.00,0.0558
v1|377325961953|0,Bob Seger-Greatest Hits-ORIGINAL 1994 US Capitol Double LP-CLEAN!,74.99,0.0558
v1|206393865115|0,"DG 415 359-1 Brahms:Piano Con #2/Zimerman/Bernstein,NM-",13.00,0.0558
v1|178305905052|0,Disneyland Snow White and the Seven Dwarfs LP Album,4.99,0.0558
v1|158077581663|0,Original Vintage Vinyl LP Bob Dylan The Times They Are A-Changin’ 1964 Classic,9.99,0.0557
v1|327258519595|0,"Original Dixieland Jass Band Columbia  A2297 RARE EARLY JAZZ 10"" 78 RPM record",19.99,0.0557
v1|327257856868|0,Soul Ii Soul Love Enuff PROMO SINGLE Vinyl Record Album,1.60,0.0557
v1|298499996001|0,Red and Miff's Stompers - Delirium / Davenport Blues - 20778 Victor ,9.00,0.0557
v1|318573695556|0,"Steppenwolf Rest In Peace Vinyl LP 12"" 33 RPM Rock Dunhill DSX-50124 Stereo",5.00,0.0556
v1|117297974320|0,Grateful Dead - Portland Memorial Coliseum 5/19/1974 - 2018 - 6 LP Set - Ltd Edt,102.50,0.0556
v1|127971526462|0,THE BEACH BOYS:In Concert Brother 2RS 6484 2LP 1976 VG-/G+,6.00,0.0556
v1|336683995240|0,Funk 45 HOT STUFF Down For The Count/Hustle Bustle on Sound House,15.50,0.0556
v1|287456902657|0,Thank God It's Friday Casablanca Record & Fireworks NBLP 7099-3 AS &ES Vinyl (2),19.95,0.0556
v1|127971104174|0,Jukebox 45 & Title Strip Warrant I Saw Red Cleaned Tested,2.49,0.0556
v1|178298089286|0,"David Sanborn - Backstreet, Vinyl LP, 1983 WB Records",5.00,0.0556
v1|188631523927|0,Lita Ford vinyl records,25.00,0.0555
v1|188632418118|0,THE ALLMAN BROTHERS BAND - ENLIGHTENED ROGUES Vinyl LP Gatefold RECORD 0218 NM,9.99,0.0555
v1|137505709368|0,Singspiration LP Gold Seal Records H08P 0595,0.20,0.0554
v1|398168060179|0,Cat Stevens Tea For The Tillerman A&M Records,12.00,0.0554
v1|407068421295|0,"Loretta Lynn One's On The Way 12"" Black Vinyl LP Decca DL 75334 1972 Sealed",5.00,0.0554
v1|377338308029|0,CHRIS IIJIMA / CHARLIE CHIN Back To Back 1982 Rock VG+ VINYL LP Record USED,8.99,0.0553
v1|800330350269|0,saturday night fever soundtrack vinyl USED VG,4.00,0.0553
v1|117298469859|0,CONNIE FRANCIS: MY HEART CRIES FOR YOU; 1967 MGM 4487,12.99,0.0553
v1|168524424890|0,Cat Stevens - Tea For The Tillerman (1970),4.99,0.0553
v1|298499963894|0,Rod Stewart - Sing It Again Rod 12” LP Vinyl 1972,6.00,0.0553
v1|307052780396|0,London Records Puccini La Boheme Record A 4236 Tebaldi Bergonzi Serafin,3.00,0.0552
v1|206410726534|0,THE HIGH KEYS - Living A Lie   VERVE NORTHERN SOUL CLASSIC PROMO 45,182.50,0.0552
v1|307058533075|0,RICK JAMES - Stone City Band VINYL LP,5.51,0.0552
v1|117298400182|0,Rocket From The Crypt – Live From Camp X-Ray LP Limited Edition Orange Splatter,20.00,0.0552
v1|398167171843|0,"1970 Kenny Rogers & The First Edition ""Tell It All Brother"" Vinyl LP RS-6412",8.00,0.0552
v1|188630711357|0,"Solid    Loving You  12""  Freestyle",8.00,0.0552
v1|298499150888|0,"Captain & Tennille Broddy Bounce/Way I Want To Touch You 7"" 45 A&M 1725-S 1975",1.09,0.0552
v1|366538851615|0,Creedence Clearwater Revival Cosmos Factory LP Ex,9.99,0.0552
v1|206415313902|0,CREAM - Live Cream Volume II | ATCO SD 7005 | 1972 | Presswell 1841 | VG+ LP,9.00,0.0551
v1|236933848993|0,Foreigner Double Vision Vinyl Record Album 1978 Atlantic  Classic Rock,9.99,0.0551
v1|377338117770|0,Maynard Ferguson - New Vintage - Vinyl Record LP -1977 - Columbia,9.99,0.0551
v1|178305890567|0,Metallica Ride The Lightening Vinyl ,25.00,0.0551
v1|298500556244|0,Agnostic Front – Victim In Pain LP (1986 Combat Core Pressing) Embossed Cover,44.99,0.0551
v1|117302593647|0,DUETO ALMA RANCHERA  SIEMPRE NO ME CASO/TE HE DE AMAR Y   45 Rpm ULTRA RARE USED,29.99,0.0551
v1|188618248232|0,Memphis Minnie - Dirty Mother For You - DECCA 7048 V,19.99,0.0551
v1|206408134702|0,Bitch - Damnation Alley EP - Metal Blade VG+ Autograph Shrink,28.05,0.0551
v1|287456558435|0,Dick Dewayne I Didn't Figure On Him/The Foolish One RARE 45 RPM LISTEN HERE,5.00,0.0550
v1|377338117812|0,The Hollies - Words And Music By Bob Dylan - Vinyl Record LP,6.99,0.0550
v1|327258668096|0,"Ray Charles 45 ""Listen They're Playing My Song/ Sweet Young Thing Like You"" AU3",0.99,0.0550
v1|178304695699|0,The Main Event A Glove Story Vinyl LP 1979 Columbia VG+ ,8.50,0.0550
v1|377318104489|0,🎤︎ 1974 Rock - The Rolling Stones - IT'S ONLY ROCK & ROLL - Canada Import LP,9.99,0.0550
v1|278176203238|0,Neil Young/Everybody Knows This is Nowhere vinyl LP MSK-2282 COVER VG/VINYL VG+,9.00,0.0550
v1|366538272220|0,Naty Y Su Orquesta - Para Usted Lp (G),7.99,0.0549
v1|407067842938|0,DIO Rock N Roll Children 12” UK Vinyl Album 1985 VG+,12.99,0.0549
v1|158065296782|0,Harry Belafonte LP Vinyl The Many Moods Of Belafonte 1969 LPM-2574 60's Vintage,5.00,0.0549
v1|398166908426|0,Robin Williams: Reality…What A Concept vinyl LP G- 1979 Casablanca NBLP 7162 25,8.00,0.0549
v1|398165797732|0,"Chopin/Saint-Saëns Piano Concertos, Cecile Licad, Previn/London Phil   LP",5.00,0.0549
v1|336685033042|0,PANORAMA CUBANO V A JULIO GUTIERREZ-DUO CABRISA PANART RECORDS SALSA LP HEAR ,7.77,0.0549
v1|267717680568|0,🎤︎ Todd Rundgren - RUNT - The Ballard Of Todd Rundgren Vinyl Bearsville LP,14.99,0.0549
v1|407073354761|0,JOE HOUSTON Blows WAY OUT  All Night Long MONEY #203 78Rpm E+,9.72,0.0549
v1|318568494251|0,CREEDENCE CLEARWATER REVIVAL More Creedence Gold FANTASY LP VG++ k,12.50,0.0549
v1|307059108508|0,"Checker Records The Tune Weavers/Paul Gayten ""Happy Birthday Baby"" 872 45",2.00,0.0548
v1|168531622094|0,"The Beatles Ob-la-di Ob-la-da 7"" w/sleeve Original Numbered",14.99,0.0548
v1|366536778830|0,HEAR - Rare Soul 45 - Phyllis Bell - My Destiny - Cheer Records # CH-1010,19.99,0.0548
v1|168531199117|0,Tony Bennett Tonys Greatest Hits VINYL LP 6-EYE CL 1229 1958 VG ULTRASONIC CLEAN,9.99,0.0548
v1|318568515388|0,JAN & DEAN Self Titled DORE LP-101 LP reissue SEALED k,8.00,0.0548
v1|278174870629|0,Northern Soul 45 NANCY HOLLOWAY Woman Called Sorrow acetate,7.99,0.0548
v1|127970522949|0,Jukebox 45 & Title Strip Paula Abdul Cold Hearted Cleaned Tested,2.49,0.0548
v1|287456908010|0,Stretch -You Can’t Beat Your Brain For Entertainment Vinyl 1976 Promo,6.45,0.0547
v1|366533068308|0,Rare Latin 45 - Hermanos Martinez - Soy O' No Soy - Chemiro # CM-113,7.99,0.0547
v1|206410882657|0,Grube Aus Dem Alpenland Vinyl Record Album,4.59,0.0547
v1|227428459165|0,"Gary Morris Every Christmas 12"" Black Vinyl LP Warner Bros. 1-25760 1989",3.00,0.0547
v1|267725784073|0,BABYFACE WING AND A PRAYER FIFE AND DRUM CORPS. - LP 1976 HS 3025 STEREO Shrink,1.99,0.0546
v1|236933905881|0,"Led Zeppelin Led Zeppelin Rock Vinyl LP 12"" 33 RPM Stereo Atlantic SD 8216 Black",40.00,0.0546
v1|377338117565|0,Doc Severinsen - Command Performances -  Vinyl Record - LP 1966 RS 904 Gatefold,3.99,0.0546
v1|117298235458|0,The Clash-vinyl ,15.00,0.0546
v1|236933887393|0,"Robin Trower For Earth Below Vinyl LP 12"" 33 RPM Chrysalis CHR 1073 1975",2.44,0.0546
v1|800329447877|0,Unholy Craft - Naar All Tid Er Omme LP,25.00,0.0546
v1|377338308032|0,BILLY DEVROE DEVILAIRES Party Naughties Vol 2 TAMPA VINYL LP Record USED,8.99,0.0546
v1|287456985387|0,Rick Nelson Album And Rockin 50s Magazine Both In Excellent Shape,20.00,0.0546
v1|198493999029|0,Preston Epps Bongo Rock Record Album Vintage Vinyl 1959,5.00,0.0546
v1|198493999029|0,Preston Epps Bongo Rock Record Album Vintage Vinyl 1959,5.00,0.0546
v1|206410709313|0,"Hank Williams, Jr. Rowdy 1981 12"" 33 RPM Stereo Vinyl LP Elektra 6E-330",6.00,0.0545
v1|318561275735|0,Havana Hoodz Meets Stik-E & The Hoodz - Champagne Room Maxi COMBINED SHIPPING ,10.00,0.0545
v1|800330088058|0,"TRAPEZE ""Medusa"" - Threshold THS 4 -  Orig. Vinyl LP Record",9.99,0.0545
v1|198493845528|0,3 Walt Disney Picture Discs 1981,9.00,0.0545
v1|318573418744|0,"Aerosmith Rocks Vinyl LP Columbia Rock Hard Rock 1976 12"" 33RPM Stereo PC 34165",20.00,0.0545
v1|227428807041|0,Julia Holter - Ekstasis  [Vinyl LP] 2012,19.99,0.0545
v1|800330803010|0,Jay & The Americans Blockbusters Vinyl LP Stereo 6417 United Artist,2.99,0.0545
v1|800330165805|0,"DJ Vitamin D He Is Coming Color Recordings color-015 12"" Promo White Label",2.16,0.0545
v1|298490830351|0,The Worst Of Jefferson Airplane  LP  RCA  LSP 4459  VG+ Vinyl - NM Sleeve,20.00,0.0545
v1|800321845036|0,Christopher Komeda - Rosemary's Baby OST LP - Dot VG+,8.00,0.0545
v1|206410882666|0,Murry Kellum  Long Tall Texan b/w Glenn Sutton I Gotta Leave This Town MOC,3.97,0.0545
v1|307058904100|0,“40 years of Million Dollar Memories” Reader’s Digest 7 LP Box Set 1984,5.00,0.0544
v1|366535358033|0,ALLMAN BROTHERS BAND At Fillmore East CAPRICORN 2XLP VG+/VG++ gatefold k,14.61,0.0544
v1|158023288926|0,MARIANNE FAITHFULL - GO AWAY FROM MY WORLD - LONDON STEREO - REALLY NICE!!!,2.99,0.0544
v1|287457415408|0,"K-Tel Danger High Voltage LP 1981 W/ Police, Loverboy, Styx, Heart TU-2740",8.99,0.0544
v1|188632395871|0,1070 Elvis Presley “ That’s The Way It Is “ RCA Victor LSP -4445 LP Vinyl Album,14.99,0.0544
v1|336683998484|0,Northern Soul 45 B.J. & THE PROFITS It's Gonna Rain Outside on Uptown,9.00,0.0543
v1|278175986125|0,PREWAR JAZZ 78 • Louis Armstrong Hot Five Okeh 8566 • Struttin’ With Some BBQ E,269.99,0.0543
v1|257618747507|0,LITTLE RIVER BAND Sleeper Catcher 1978 LP Vinyl Record SW-11783,3.07,0.0543
v1|800327763578|0,The Marshall Tucker Band - Carolina Dreams. 1977 Capricorn (CPK-0180) VG+ vinyl ,10.00,0.0543
v1|298499798292|0,"Tab Hunter I'll Be With You In Apple Blossom Time/My, My 7"" Vinyl 45 WB 5032",3.20,0.0543
v1|198494022896|0,J LO / ADELE / ALANIS / NIGHTMARE BEFORE CHRISTMAS Pop & Diva Vinyl Lot,65.00,0.0542
v1|257618733602|0,PEZBAND Cover To Cover Passport Records PB 9837 1979 Sealed,14.95,0.0542
v1|398165790005|0,"Early Hi-Fi, Stokowski/Philadelphia Orch. Bell Laboratories BTL 7901",5.00,0.0542
v1|188632423043|0,DAVID JAMES HOLSTER - CHINESE HONEYMOON Vinyl LP 1979 PROMO RECORD JC35615 NM,8.99,0.0542
v1|188632414279|0,"BILLY PORTER - BORROWED TIME 12"" PROMO Vinyl 1997 RECORD DVPRO 00565 NM",9.22,0.0542
v1|178305385753|0,Waylon Jennings - Love Of The Common People Vinyl Lp Country VG++,14.99,0.0542
v1|168525749160|0,"GREASE: Movie Soundtrack (Olivia Newton-John, John Travolta) - 1978",4.99,0.0541
v1|127974671768|0,"DAVID BOWIE/Peter And The Wolf, Green LP Limited Young Person's Guide, VG+/VG+",16.89,0.0541
v1|127970197647|0,GLENN MILLER A Legendary Performer 1974 (1939-1942) 2LP RCA #CPM2-0693 + Booklet,9.99,0.0541
v1|407068034839|0,Bryan Adams Cuts Like a Knife Lp,6.99,0.0541
v1|227428464173|0,"Lynn Anderson The Christmas Album 12"" Vinyl LP Columbia C 30957 Stereo",4.00,0.0541
v1|127965236388|0,MARIACHI COCULENSE DE CIRILO MARMOLEJO - 1933-1936 VOL. 2 - US LP ALBUM WOC,19.99,0.0541
v1|407067941758|0,Various – Excerpts From Devils Jukebox' Greatest Hits white vinyl promo,3.89,0.0541
v1|178296200735|0,Madonna 1984 Like A Virgin 45rpm & Debbie Gibson 1987 Foolish Beat 45rpm Lot VG+,2.54,0.0540
v1|168531549128|0,George Benson-Breezin'-Original 1976 Vinyl LP-Warner Bros. Smooth Jazz,2.00,0.0540
v1|358785846280|0,"Govinda LP Record, Everything You See Is Me ,Rasa, 1978 VG",1.00,0.0540
v1|800321845102|0,Jimi Hendrix - Crash Landing LP - Reprise VG++ PROMO,21.50,0.0540
v1|377337896090|0,"Papo Vega, ""Afincate"", ""Mercedita"", Latin Salsa 45, LISTEN",102.50,0.0540
v1|257618720470|0,"DEVO ARE YOU EXPERIENCED? PLEASE PLEASE 12"" Single Warner Bros PRO-A-2217",29.95,0.0539
v1|407068060667|0,"Steppenwolf Live Steppenwolf Dunhill DS-50075 12"" 33 RPM Stereo LP Vinyl",10.00,0.0539
v1|178305377500|0,DION ( RUNAROUND SUE ) ORIG 1961 LAURIE Records LLP 2009 VINYL LP G+ Tested,19.99,0.0539
v1|327258652144|0,WC Fields & Mae West LP His Only Recording BX4A,3.00,0.0539
v1|298493901697|0,Bad Company Desolation Angels LP 1979 Swan Song SS8506,4.00,0.0539
v1|198494022893|0,The Moody Blues & Joni Mitchell Prog Folk 4-Album Vinyl Lot,7.00,0.0539
v1|127965236353|0,LOS PANCHOS - AVILES Y BASURTO RECORDANDO SIEMPRE A - 1980 MEX LP PROMO SOC TOC,14.99,0.0538
v1|198492632271|0,"BRASS CONSTRUCTION - CAN YOU SEE THE LIGHT - Vinyl 12"" Single 1982 Liberty!",9.98,0.0538
v1|188632230328|0,Pickwick SPC-3311 EX LP Hey Little School Girl Paragons Rockin Robin Doo-Wop,4.95,0.0538
v1|307059177921|0,Santo & Johnny Encore High-Fidelity Vinyl LP Canadian American CALP1002,3.40,0.0538
v1|800068401155|0,Lp Record 33 1/3 truck drivers queen/brand new road #2075 nashville records,0.99,0.0538
v1|236933644453|0,Aretha Franklin I Never Loved A Man the Way I Love You Atlantic 8139 Shrink LP,14.00,0.0538
v1|178301405229|0,Historic 1911 Victor Record #5843 Let Me stay And Live In Dixieland Brice & King,75.00,0.0537
v1|398167192388|0,Vinyl 33 RPM LP Record - Stevie Wonder Fulfillingness' First Finale Tamla 1974,6.00,0.0537
v1|307050522939|0,Miss Nelson & Mr. Stanley Sambo and Dinah #4653 Early Victor  Single Sided Disc,11.95,0.0537
v1|307050522939|0,Miss Nelson & Mr. Stanley Sambo and Dinah #4653 Early Victor  Single Sided Disc,11.95,0.0537
v1|198494022872|0,Classic Rock and Pop Legends 4-Album Vinyl Lot,16.00,0.0537
v1|127971073344|0,TORSO Movie Soundtrack Double Vinyl LP,30.00,0.0537
v1|188632430960|0,HIGHWAY 101 Self-Titled Vinyl LP RECORD Paulette Carlson COUNTRY 1-256087 NM,9.50,0.0537
v1|377336814961|0,Northern Soul 45 WITCHES & THE WARLOCK I Don't Want To Live My Life Alone NM wlp,7.99,0.0537
v1|227428438592|0,Cars Vinyl Lot,45.00,0.0536
v1|278176203800|0,Bob Seger & The Silver Bullet Band “The Distance” LP ST-12254 ENTIRE ALBUM IS EX,12.00,0.0536
v1|117298788093|0,"V/A Odyssey From Altec 1973 LP on A&M #SP 19009 AUDIOPHILE Rick Wakeman, etc.",9.99,0.0536
v1|188629949465|0,VIANEY VALDEZ  Muevanse Todos & Se Mi Gran Carino on Peerless 8099,5.00,0.0535
v1|307059595555|0,PETER FRAMPTON Frampton Comes Alive.  A&M Records  2XLP VG,6.99,0.0534
v1|377338117483|0,Linda Ronstadt - Heart Like a Wheel - Vinyl Record LP Capitol 1974,5.99,0.0534
v1|327258390107|0,Rhinoceros Rhinoceros Lp Record !!,9.99,0.0534
v1|137499822363|0,"BOB DYLAN--""Empire Burlesque""--1985 Release--Orig. Inner Sleeve--Very Clean Copy",9.95,0.0534
v1|147432562747|0,Lock Up Something Bitchin' This Way Comes Rock LP Promo Tom Morello RATM,15.99,0.0534
v1|198494035725|0,Johnny Winter and Slave Blues Funk 4-Album Vinyl Lot,3.70,0.0534
v1|127971098716|0,Jukebox 45 & Title Strip Tommy Page Turn On The Radio Cleaned Tested,2.49,0.0534
v1|257618699566|0,AC/DC – High Voltage LP Vinyl 1976 German Press ATCO ATL 50 257 Bon Scott,0.99,0.0534
v1|407068655020|0,Yes Time and a Word LP,5.00,0.0533
v1|257618245006|0,"David Bowie - Let's Dance (Mobile Fidelity, Vinyl) NM/VG+",63.00,0.0532
v1|278176225798|0,David Sanborn As We Speak Vinyl Album Lp,8.99,0.0532
v1|318568501194|0,DON MCLEAN American Pie UNITED ARTISTS LP VG+ k,9.50,0.0532
v1|188629909304|0,BEACH BOYS Surfin Safari & 409 on Capitol 4777,5.00,0.0532
v1|800329819286|0,Moondog by Moondog - Vinyl LP (2017),8.75,0.0532
v1|377338352114|0,Dio Holy Diver Black  White Mix Vinyl 2LP Walmart OOP,30.00,0.0532
v1|278174862058|0,Funk/Deep Soul 45 LEROY PRICE Exotic's Thing/Love Is A True Foundation on Image,86.00,0.0532
v1|198493997946|0,"talking heads, talking heads 77, sire records 1977, sr6036",14.99,0.0531
v1|206408134717|0,Captain Beefheart & His Magic Band - Mirror Man LP - Buddah VG+,12.50,0.0531
v1|168524359099|0,185g3.  Collins & Harlan - The Stuttering Coon - Monarch (Victor)  2755,19.95,0.0531
v1|287456520277|0,45 Beach Boys - Shut Down / Surfin' U.S.A. On Capitol LISTEN HERE,0.99,0.0531
v1|188632427615|0,EDGAR WINTER - JASMINE NIGHTDREAMS Vinyl LP RECORD 1975 Album PZ 33483 NM,9.99,0.0531
v1|168535603876|0,Bachman Turner Brave Belt LP,1.99,0.0530
v1|278176378555|0,STYX “PIECES OF EIGHT” ~ SP 4724 VINYL LP ~ ENTIRE ALBUM IS EXCELLENT CONDITION,7.00,0.0530
v1|377338273681|0,GOODIE MOB Soul Food VMP 2018 2xLP ORANGE SMOKE VINYL Record ALBUM M- USED,44.99,0.0530
v1|307051864412|0,"Kendrick Lamar - Good Kid, M.A.A.D City -Vinyl LP Vinyl Only No Sleeve",9.99,0.0530
v1|800330569327|0,"Neil Diamond I'm Glad You're Here With Me Tonight 12"" Vinyl LP Columbia Stereo",2.49,0.0530
v1|398167012159|0,Vinyl Record Billy Idol Vital Idol Vinyl,15.00,0.0529
v1|366535361135|0,BACHMAN-TURNER OVERDRIVE Self Titled COMPLEAT CPL-1-1010 LP SEALED k,8.50,0.0529
v1|318583956635|0,1984 Iron Maiden Powerslave EMI Capitol SJ-12321 Vinyl Record Album,24.95,0.0529
v1|407066685818|0,Alice Cooper Killer ~ Record Made in Canada WS2567 ~ Pop-Out Calendar Poster,14.99,0.0529
v1|800321879872|0,"EMERSON, LAKE & PALMER Pictures At An Exhibition COTILLION LP VG+ gatefold k",8.00,0.0528
v1|278175797047|0,The Charlie Daniels Band Fire On The Mountain Epic LP 33 RPM PE 34365 EX/G+,9.99,0.0528
v1|198497351986|0,BIG DEAL  SCARCE ROCKABILLY 45 UK RELEASE CARL PERKINS MATCHBOX / YOUR TRUE LOVE,19.00,0.0528
v1|336685206305|0,Return To Forever – The Best Of Return To Forever LP 12 Vinyl Record VG+/EX,7.99,0.0528
v1|127970897708|0,"Dynasty by Kiss (Record, 2014)",25.19,0.0528
v1|127970897708|0,"Dynasty by Kiss (Record, 2014)",25.19,0.0528
v1|298493920567|0,James Taylor – Mud Slide Slim And The Blue Horizon - VINYL RECORD LP BS-2561,3.00,0.0527
v1|188632423534|0,BEN E. KING - LET ME LILVE IN YOUR LIFE Vinyl LP RECORD 1978 Album SD 19200 NM,9.77,0.0527
v1|267726059592|0,VINTAGE VINYL DOUBLE LP:  BOB JAMES All Around The Town (1981),2.00,0.0527
v1|327257820928|0,M80 ~MANIAC'S REVENGE~ VINYL ALBUM LP EX CON,14.99,0.0527
v1|336685203662|0,JOHN LENNON - DOUBLE FANTASY - 1980 GEFFEN RECORDS VINYL ALBUM VG+,4.99,0.0527
v1|366535365953|0,BLONDIE Autoamerican CHRYSALIS LP VG+ SHRINK k,12.50,0.0527
v1|206403495331|0,Jerry Lee Lewis ROCKIN' MY LIFE AWAY PROMO /WHOLE LOT OF SHAKIN' GOING ON Sun,6.50,0.0527
v1|398167973440|0,David Allan Coe Son Of The South LP Vinyl Columbia Promo 1986,20.00,0.0526
v1|168531266134|0,"Stevie Wonder Secret Life of Plants 12"" Vinyl Tamla T13-371C2",4.00,0.0526
v1|127965236357|0,JOHNNY LABORIEL - SEÑORA CORAZON - 1978 MEXICAN LP ALBUM PUNCH HOLE BEND CORNER,19.99,0.0526
v1|377338117787|0,Bread - On the Waters- Vinyl Record LP- Elektra 1970 - Vintage Classic Rock,5.99,0.0526
v1|127974491321|0,"LP 12 Chrysalis 1346, Pat Benatar, Precious Time",2.95,0.0526
v1|127970959679|0,Warren Zevon The Envoy 1982 EX Pop/Rock LP Asylum Records,8.00,0.0526
v1|318568499760|0,DEEP PURPLE The Book Of Taliesyn TETRAGRAMMATON LP VG+ SHRINK k,20.50,0.0525
v1|168530442060|0,Cat Stevens Foreigner Vinyl Record Lp,4.45,0.0525
v1|318568494129|0,CREEDENCE CLEARWATER REVIVAL Green River FANTASY LP k,8.00,0.0525
v1|147432549744|0,CHUNG HOON HEE 정훈희 안개 1972 OASIS RECORDS GOLDEN VOL. 2 LP VINYL SOUTH KOREAN,49.50,0.0525
v1|198492644729|0,DJ SHADOW & CUT CHEMIST - BRAINFREEZE - Vinyl LP 2001 US - Legendary All 45 Mix!,16.50,0.0525
v1|336684006890|0,R&B Popcorn 45 CHARLIE RICH Midnite Blues/Easy Money on Phillips VG++/NM,7.99,0.0524
v1|117301474718|0,Johnny Cash - Mean As Hell - Mono CL2446 - Columbia Vinyl Record,2.00,0.0524
v1|127970522142|0,Jukebox 45 & Title Strip The Jets Crush On You Cleaned Tested,2.49,0.0524
v1|188631125069|0,"Hoyt Axton Snowblind Friend 1977 , MCA Records 2263 G+ CV Condition ",3.25,0.0524
v1|366535385907|0,GRATEFUL DEAD Europe '72 WARNER BROS 3XLP tri-fold cover with booklet k,11.00,0.0524
v1|198494022876|0,Hall & Oates Pop Rock Vinyl Lot,15.00,0.0524
v1|800330467841|0,ROBERT PALMER -Double Fun-1st Press 1978 Vinyl LP Island W/Orig Lyric Sleeve Vg+,3.00,0.0524
v1|127971529435|0,"UFO ""LIGHTS OUT"" (1977 LP) Chrysalis CHR 1127 Vinyl NM “TML”",7.99,0.0523
v1|267725742106|0,TEMPO  TR-648  BROTHER BONES  I KNOW THAT YOU KNOW  RED WING  78 RECORD,5.00,0.0523
v1|800321867449|0,CREEDENCE CLEARWATER REVIVAL Cosmo's Factory MFSL LP VG++ with company inserts k,48.87,0.0523
v1|327259371695|0,Jefferson Starship – Red Octopus 1981 Grunt AYL1-3660 Best Buy LP Vinyl,1.99,0.0523
v1|336683996434|0,Funk 45 WALTER WOLFMAN WASHINGTON Good & Juicy/You Got Me Worried on Hep Me,7.99,0.0523
v1|298500651805|0,"Hot Shower - Metal Sampler LP Features Triumph, Hawkwind RCA  HOT 5001 1981",10.00,0.0522
v1|287456520316|0,"CHANTAYS: Pipeline / Move It COLLECTABLES 7"" Single 45 RPM LISTEN HERE",0.99,0.0522
v1|287456520316|0,"CHANTAYS: Pipeline / Move It COLLECTABLES 7"" Single 45 RPM LISTEN HERE",0.99,0.0522
v1|358788044859|0,"The Glitz; The Glamour by Farrell, Perry (Record) Box Set Jane’s Addiction",34.99,0.0522
v1|407066866391|0,Lavern Baker on ATL 2007,5.00,0.0522
v1|398167963854|0,GORDON LIGHTFOOT - Sundown 1974 Vinyl LP Record Album Reprise MS 2177,10.00,0.0521
v1|188630721494|0,Spice 1   East Bay Gangster   12''  Promo,8.00,0.0521
v1|366538884947|0,Ugly Things Vol 4 Down Under Dreamtime LP Raven RVLP 35 Blue Vinyl,2.25,0.0521
v1|318564595682|0,Twinkle Brothers & Johnny Clarke Mikal Reggae Jungle DNB Remix 12” Vinyl Record,26.99,0.0521
v1|117297362801|0,Red Rider 3 LP Lot Don't Fight It Breaking Curfew As Far as Siam Inner Sleeves,7.50,0.0521
v1|287456520279|0,Bell & James Livin' It Up (Friday Night)/Don't Let The Man Get You LISTEN HERE,0.99,0.0521
v1|278175922213|0,PREWAR JAZZ 78 • Duke Ellington • Brunswick 7650 • Clarinet Lament • E-,19.99,0.0521
v1|198493512946|0,"Lot of 2 Casablanca Paul Stanley Vinyl 45 Singles “Goodbye” “Hold me, Touch me”",25.00,0.0520
v1|407068001993|0,Gordy Record Label Black Vinyl Record in Motown Paper Sleeve,4.00,0.0520
v1|147430993979|0,POWER TRIP / FINAL GASP 2 VINYL LOT,28.00,0.0520
v1|398174542817|0,"Guns'n Roses GN'R: Lies Geffen Records, Album is UNTESTED; Fast Shipping!",45.00,0.0520
v1|800325418374|0,DIZZY GILLESPIE BIG BAND IN CONCERT-GNP 23-JAMES MOODY ERNIE HENRY CHANO POZO,14.98,0.0519
v1|257618720723|0,PETE TOWNSHEND & RONNIE LANE Rough Mix LP ATCO Records 90097-1-Y 1977,8.95,0.0519
v1|298500004548|0,Air Supply Lost In Love & The One That You Love LP Vinyl Record Lot of 2 Arista,3.99,0.0519
v1|206410550959|0,Mel Tillis Lp * Country Music Time/Life * Time Life Records (1981),2.99,0.0519
v1|407066080347|0,Jim Croce Photographs and Memories Lp,7.99,0.0518
v1|158023288929|0,ELTON JOHN - CAPTAIN FANTASTIC & THE BROWN DIRT COWBOY - GATEFOLD - REALLY NICE,10.49,0.0518
v1|318568483590|0,BLONDIE Eat To The Beat CHRYSALIS LP VG+ k,8.00,0.0518
v1|257621862579|0,1996 JUNIOR M.A.F.I.A. GET MONEY THE REMIX VINYL LP UNTESTED,6.99,0.0518
v1|127971162030|0,Jukebox 45 & Title Strip Kool & The Gang Cherish Cleaned Tested,2.49,0.0518
v1|377336821355|0,R&B/Deep Soul 45 JIMMY LOVE Way Down In New Orleans/Let Me Down Easy on Violet,7.99,0.0518
v1|398182706297|0,JUNIOR GONZALEZ Tiempos Buenos FANIA Latin | Salsa | Guaguanco HEAR,20.50,0.0517
v1|398175290409|0,Michael Jackson  Thriller (Epic 1982 QE 38112)  1982 Pressing,35.00,0.0517
v1|318572525532|0,1972 Getting To Know Myself Hap Palmer Children's Vinyl LP Record AR 543,2.00,0.0517
v1|336685207642|0,"Margarita Cueto/Carlos Mejia - ¡Mi amor! - Victor 46211, Mexican Soprano, 1929",19.99,0.0517
v1|127970523749|0,Jukebox 45 & Title Strip Marty Balin Hearts Cleaned Tested,2.49,0.0517
v1|287457096910|0,Make Up the Breakdown-2002 Sub Pop SP  599,12.75,0.0516
v1|188631796330|0,Various Artists Lp Miller Music 2 On Rca - Vg++ To Nm! / Vg++ (In Shrink),7.75,0.0516
v1|800321845129|0,"Koerner, Ray & Glover - Return Of Koerner, Ray & Glover LP - Elektra SEALED",13.50,0.0516
v1|336684004395|0,Northern Soul 45 TOMMY MOSLEY You Lied I Cried Love Died/For Her Love on Uptown,28.00,0.0516
v1|127974981496|0,"DAVID BOWIE, The Rise And Fall Of Ziggy Stardust.... LP RCA First Press VG/Good",17.86,0.0516
v1|267726063188|0,Anne Murray Keeping In Touch LP Capitol ST-11559 1976 Custom Label VG+,4.99,0.0516
v1|287457344030|0,UHQR Mobile Fidelity Sound Lab HOLST The Planets Boxed LP,95.00,0.0516
v1|398165800708|0,The Irish Pipes of Finbar Furey Elektra Record,5.00,0.0515
v1|307058960690|0,The Singing Sophomores aka The Revelers - Why Do Ya Roll Those Eyes / Lay Me Dow,6.00,0.0515
v1|278175945405|0,PREWAR JAZZ 78 • King Oliver & His Dixie Syncopators • Brunswick 3741 • Farewell,14.99,0.0515
v1|366538965414|0,"Booker T & The MG's 45 ""Slim Jenkin's Place / Groovin""  AU3",0.99,0.0515
v1|127965236387|0,SANTO & JOHNNY - 1977 SELF TITLED - MEXICAN LP ALBUM SOC TOC SEXY COVER,14.99,0.0514
v1|158077511524|0,Lot of 19 Vinyl Records- assorted as shown in photos,38.00,0.0514
v1|327259371599|0,Mantovani & His Orchestra – Strauss Waltzes (1952) - Vinyl LP VG+,1.99,0.0514
v1|137499822371|0,"FLEETWOOD MAC--""Bare Trees""--1977 Issue--Shrink On Cover--Clean Vinyl and Cover",9.95,0.0514
v1|407061284103|0,Rare Folk Rock 45 - The Pozo Seco Singers - Time - Edmark # 10017,14.99,0.0514
v1|298500064592|0,John Lennon Double Fantasy Vinyl LP,8.00,0.0514
v1|188629922295|0,ERIC BURDON & The Animals “Monterey & Ain’t It So” on MGM 13868,5.00,0.0514
v1|147432127684|0,Kiss Destroyer RCA Record Club Filmworks Vinyl LP,15.99,0.0514
v1|358787106227|0,Various – Swing Street VINYL 4 LP set!!!,4.00,0.0514
v1|127971342443|0,HENRY MANCINI:The Theme From Love Story RCA LSP-4466 LP 1970 G/VG-,4.00,0.0514
v1|800321845127|0,Kiss - Alive! 2xLP - Casablanca VG+,21.50,0.0513
v1|178305691065|0,"The English Beat ~ Special Beat Service ~ 1982  LP  IRS  ~ Ska, M-Rec & Cov",14.00,0.0513
v1|800321867786|0,CREEDENCE CLEARWATER REVIVAL Mardi Gras FANTASY LP VG+ embossed cover SHRINK k,9.00,0.0513
v1|377338117871|0,"Delbert & Glen - Subject To Change - LP ""Promo"" 1973 Clean Records Country Rock",6.99,0.0513
v1|188632113551|0,"MURRAY KORDA on LP "" MY HEART IS A VIOLIN "" classical / autographed",14.99,0.0513
v1|318568518855|0,JIMI HENDRIX EXPERIENCE Smash Hits REPRISE LP VG++/VG+ SHRINK k,11.00,0.0512
v1|147432708073|0,"I’m On My Way , The Chandeliers",5.00,0.0512
v1|407068215147|0,Van Morrison Wavelength LP,5.00,0.0512
v1|178304713591|0,Ray Charles LP Collection Friends And All Time Great Performances,8.00,0.0512
v1|198493232840|0,George Jones Lp * You're In My Heart * Hilltop JS-6048,3.99,0.0512
v1|327258493645|0,Pink Floyd / Animals - Classic Rock Vinyl-1977 Original With Lyric Inner Sleeve,6.52,0.0512
v1|236933922300|0,"Wings Band on the Run Rock Vinyl LP Record 12"" EMI Cardboard Sleeve Black",10.00,0.0511
v1|307059022382|0,"Palace Hawaiian Romance The Island Serenaders Vinyl LP Hawaiian 12"" 33 RPM",3.00,0.0511
v1|188632432529|0,GORDON BOK - A TUNE FOR NOVEMBER Vinyl LP Reissue RECORD Album FOLK FSI 40 NM,9.44,0.0511
v1|327258689922|0,"Vintage ""Works Of Carpenter, Gilbert, Weiss, Powell"" Vinyl Album (1977)",2.20,0.0511
v1|318568478712|0,Bruce Springsteen - Born To Run LP - Columbia/CBS Mastersound Audiophile NM,11.11,0.0511
v1|366538954938|0,RAVI SHANKAR Three Ragas LP CAPITOL In Shrinkwrap SITAR Indian Classical Music,15.00,0.0511
v1|227428359750|0,"The Ramsey Lewis Trio Never On Sunday Argo LP-686 1961 Jazz 12"" 33RPM",9.99,0.0511
v1|366528404670|0,"FOREIGNER Vinyl LP LOT of 4 - S/T, 4, Double Vision, Head Games -  Free Shipping",29.99,0.0510
v1|198493931618|0,The Weeknd Starboy 2x LP 2020 RE Limited Edition Target Exclusive Blue Vinyl NM,15.50,0.0510
v1|800329408614|0,"PROCOL HARUM ""Exotic Birds And Fruit"" - Chrysalis CHT 1058  -  Orig. Vinyl LP",9.99,0.0510
v1|287461901866|0,Flatt & Scruggs Vinyl LP Nashville Airplane,13.34,0.0510
v1|398165792367|0,"Beethoven Edition 9 Symphonien, Karl Bohm, Deutsche Grammophon, 8 LP 2721 154",15.00,0.0510
v1|287456364783|0,Five Vinyl Records,29.00,0.0510
v1|298500471401|0,"1977-JUDY GARLAND, "" THE WIT & WONDER OF JUDY GARLAND "", 12"" DRG RECORD, JAZZ",1.99,0.0510
v1|287456252318|0,Michael Johnson You Can Call Me Blue Vinyl EMI 1980,0.99,0.0510
v1|278175969023|0,BLUES 78 • Arthur Big boy Crudup • Bluebird 34-0725 • Rock Me Mama • Who’s Been,18.99,0.0510
v1|127965236307|0,"UMBERTO TOZZI - TOZZI - 1980 MEXICAN LP ALBUM GATEFOLD BEND CORNER, POP ROCK",49.99,0.0510
v1|800321845059|0,Frankie Stein And His Ghouls - Ghoul Music LP - Power,15.50,0.0510
v1|287457310466|0,FOREIGNER Foreigner LP 1977 POP/ROCK NM- NM-,14.99,0.0509
v1|366535373610|0,DAVE MASON Old Crest On A New Wave COLUMBIA JC-36144 LP SEALED k,8.00,0.0509
v1|398165811533|0,Fennell: Cleveland Symphonic Winds - Holst / Handel / Bach - LP Stereo 5038,5.00,0.0509
v1|800321845090|0,Humblebums - Open Up The Door LP - Liberty SEALED,8.00,0.0509
v1|267725816616|0,neil sedaka 45 breaking up is hard to do,1.51,0.0509
v1|407068036203|0,Rasa 'Everything You See Is Me Lp,4.99,0.0509
v1|298500413714|0,Rodgers and Hart's PAL JOEY LP Album,4.99,0.0509
v1|398166989877|0,Comedy Classics Vinyl,6.00,0.0509
v1|307058424157|0,"Elton John Elton John DJM Records Rock Stereo 12"" Vinyl LP Cardboard Sleeve",2.89,0.0509
v1|336685243107|0,"The Beatles Help! Capitol MAS-2386 12"" Black Vinyl LP Soundtrack OG, VG",5.74,0.0508
v1|298500408038|0,The Kirby Stone Four LP Album The Tops Star Series,4.99,0.0508
v1|307053044992|0,Rod Stewart 33RPM “Tonight I’m Yours” 1981 80s Classic Rock 12” LP Vinyl Album,4.50,0.0508
v1|188632191416|0,Decca Jesus Christ Superstar LP Vinyl 1970 Rock Opera Andrew Lloyd Webber,3.32,0.0508
v1|127970993185|0,The Wee Willie Band Out Behind The Barn Vinyl Lp,14.50,0.0508
v1|127970480693|0,Jukebox 45 & Title Strip Howard Jones No One Is To Blame Cleaned Tested,2.49,0.0508
v1|327259371675|0,Mantovani’s Golden Hits (1967) - London Records - Vinyl LP,1.99,0.0508
v1|336684000005|0,Northern Soul 45 ED & ETHEL RAGIN My Girl/Got A Message on Cherylaine,7.99,0.0508
v1|318568512325|0,HOLLIES Bus Stop IMPERIAL LP VG+ SHRINK k,8.00,0.0508
v1|127971526586|0,KENNY RANKIN:The Kenny Rankin Album Little David LD 1013 LP 1977 G+/VG,4.00,0.0508
v1|127971342566|0,CHICAGO TRANSIT AUTHORITY:Chicago Transit Authority Columbia GP8 2LP VG-/VG-,6.00,0.0508
v1|800321845063|0,Genesis - From Genesis To Revelation LP - London,8.00,0.0507
v1|318568516470|0,JEFFERSON AIRPLANE Surrealistic Pillow RCA LP VG+ germany k,16.50,0.0507
v1|278176204613|0,"ELTON JOHN / LEON RUSSELL vinyl 7"" promo 2010 - HEY AHAB/IF IT WASN'T FOR BAD",10.00,0.0507
v1|127965236381|0,JUANITO VALDERRAMA - SING FLAMENCO - MEXICAN LP ALBUM WEAR SPINE RING WEAR COVER,14.99,0.0507
v1|117298232842|0,"The Monkees ""Pleasant Valley Sunday"" Picture Sleeve with 7"" Colgems Vinyl",9.99,0.0507
v1|398167813682|0,JIMMY BUFFETT Volcano ‘12 33RPM LP 1979 M.C.A. Platinum Plus 37156,4.99,0.0507
v1|327255082289|0,Jose Carreras~Romantico~1980 Classical~Philips 9500 894~Netherlands IMPORT,6.99,0.0507
v1|168531219705|0,SOUTH PACIFIC with Original Broadway Cast 1958 - Original Vinyl LP,10.00,0.0507
v1|227423913237|0,Randy Newman - Trouble In Paradise - LP- 1983,7.00,0.0506
v1|158076366424|0,SABBAT / ASBESTOS Tokyo Genocidemonslaught EP Metal Crusade / Ltd. Nr.: 200/300,49.00,0.0506
v1|236933065659|0,CAST HEAL With Aura Black Vinyl LP Doki Doki Barber Beats Vaporwave Breakcore,30.00,0.0506
v1|236933997164|0,"Phillip Fraser - Your Pretty Look/ Version (7"")  Shelter Rock",9.99,0.0506
v1|267726005446|0,ROBERT PLANT Shaken 'N' Stirred LP ES PARANZA Records 90265-1-E 1985,4.95,0.0506
v1|377292961808|0,ELTON JOHN - BREAKING HEARTS - GEFFEN W/ORIGINAL SLEEVE - REALLY NICE!!!,10.49,0.0506
v1|178304439646|0,"Seals & Croft - ""Summer Breeze"" - LP",1.95,0.0506
v1|800321897654|0,JEFFERSON AIRPLANE Crown Of Creation RCA LP germany k,8.00,0.0505
v1|800321893980|0,"HERMAN'S HERMITS Mrs. Brown, You've Got A Lovely Daughter MGM LP SHRINK k",12.00,0.0505
v1|407065861901|0,"COUNT BASIE-HALL OF FAME-VERVE MG V-8291, TRUMPET LABEL",14.98,0.0505
v1|257618751284|0,ROD STEWART Self Titled LP Warner Bros Records 25446-1 1986,5.95,0.0505
v1|407068210701|0,RICK SPRINGFIELD - Beautiful Feelings  Vinyl Lp ,5.00,0.0504
v1|358788184633|0,"Warner Special Products Mellow Gold Pop 12"" Black Vinyl LP 33 RPM OP 3503",7.00,0.0504
v1|307059538075|0,Elvis Presley RCA EPA-4387 Easy Come Easy Go EP Original 1967 ,29.99,0.0504
v1|366538435780|0,Rare Fats Domino 45 & Picture Sleeve - The Big Beat - Imperial # 5477,9.99,0.0504
v1|327258128147|0,"Vintage Tom Scott ""Target"" Vinyl Album (1983)",2.35,0.0504
v1|377336806320|0,Islands Soul Funk 45 GUINNESS CASSANOVAS I'm Gonna Make Your Love Me on Steady,7.99,0.0504
v1|800321882144|0,FEVER RAY Plunge MUTE MUT-9701-1 LP 180g SEALED k,8.00,0.0504
v1|800321845018|0,Black Sabbath - S/T LP - BMG UK - 50th Anniversary Edition 180g SEALED,15.50,0.0503
v1|198492572954|0,THE BYRDS  Dbl LP 50th Anniversary Sweetheart of the Rodeo Live Yellow  vinyl,47.00,0.0503
v1|127965919563|0,"RADIO VARIEDADES PRIMAVERA '85, FEAT. CHAYANNE / JUAN GABRIEL, MEXICAN LP PROMO",15.50,0.0503
v1|236933991526|0,Feelin Good  Lou Rawls  Vinyl LP Record ST 2864,1.99,0.0503
v1|206410692161|0,LOUIS JORDAN Greatest Hits LP DECCA DL 25035 rare early stereo shrinkwrap VG++,6.99,0.0503
v1|147432456898|0,GHOST YEAR ZERO 10” LP VINYL Record,92.00,0.0503
v1|206410588130|0,Mahler-The Song Of The Earth-Haydn-Symphony No.88-Reiner Chicago Symphony 2LP,4.99,0.0502
v1|127971526581|0,BOOTS RANDOLPH:The Yakin' Sax Man RCA CAS 825 LP 1964 VG/VG-,6.00,0.0502
v1|188631666073|0,The Beatles Sgt Pepper LP SMAS-2653 Capitol Orange Label 1970s Vinyl w/ Insert,20.00,0.0502
v1|287456580490|0,The CRESTS - Step By Step / Gee classic R&B doowop Coed 45 Nr MINT LISTEN HERE,0.99,0.0502
v1|188618496796|0,Billie Holiday - A Fine Romance - VOCALION 3333 E-,19.99,0.0502
v1|188618496796|0,Billie Holiday - A Fine Romance - VOCALION 3333 E-,19.99,0.0502
v1|336685261096|0,Johnny Rivers a Touch of Gold LP Vinyl Record Album Imperial Records LP12427,1.99,0.0502
v1|198493235945|0,Steve Miller Band Lp * Number 5 * Capitol SKAO-436,4.99,0.0502
v1|178305702191|0,"Hubert Laws LP - Say It With Silence , M- Record, and Cover With Original Inner ",4.00,0.0502
v1|117302119779|0,Air Supply - The One That You Love LP Album. Arista Records AL 9551. Tested!   ,5.00,0.0502
v1|398165809332|0,Schumann-The Complete Symphonies-Manfred Overture-Kubelik-Bavarian SO-3LP-1979,7.00,0.0502
v1|287457308282|0,America - Hideaway Vinyl LP 1976 Warner Bros BS 2932,4.99,0.0502
v1|188632165209|0,Electronic - Yellow Magic Orchestra - A&M - Promo EP Behind The Mask Technopolis,9.99,0.0501
v1|267725981508|0,ZZ Top El Loco Vinyl Original LP  1981 Vintage Rock BSK 3593 Record Only,2.17,0.0501
v1|298500040403|0,Paul Revere And The Raiders - Midnight Ride Featuring Kicks Vinyl LP Record ,3.99,0.0501
v1|398182709441|0,EDDIE PALMIERI The Sun Of Latin Music COCO Killer!| Salsa | Latin  LP HEAR,9.99,0.0501
v1|800069486667|0,Lp Record 33 1/3 jimi hendrix/the cry of love #2034 reprise records,3.25,0.0500
v1|158077742914|0,"Gracie Abrams Risk/Close to You 7"" green vinyl",17.99,0.0500
v1|287461468198|0,"Julio Iglesias – The 24 Greatest Songs – 2x 12"" Vinyl LP – VG+ import HOLLAND",10.00,0.0500
v1|178305886611|0,SQUEEZE “6 SQUEEZE SONGS CRAMMED INTO ONE 10” RECORD” ORIGINAL 1979 VINYL MINT,7.00,0.0500
v1|366535387160|0,HERMAN'S HERMITS There's A Kind Of Hush... MGM LP autographed k,8.00,0.0500
v1|198493428967|0,Victory At Sea Volume 1 Suite From The Score LP / Shaded Dog /Indianapolis / EX,1.99,0.0500
v1|158071312249|0,COUNTRY Billy Dark Knight Riders The Lobo of the Border DeVille 132 1965 HEAR IT,5.00,0.0500
v1|327258441936|0,The Rolling Stones / Let It Bleed - Classic Rock Vinyl - 1969 London Original,5.50,0.0500
v1|178296045892|0,Tequila Sunrise Anne Wilson & Robin Zander Surrender To Me 45rpm Soundtrack,1.68,0.0499
v1|188632425725|0,GEORGE JONES - LADIES CHOICE Vinyl LP RECORD 1984 Album COUNTRY FE 39272 NM,9.50,0.0499
v1|127970522338|0,Jukebox 45 & Title Strip Jive Bunny Mastermixers Swing The Mood Cleaned Tested,2.49,0.0499
v1|318568510948|0,GREAT SOCIETY Conspicuous Only In Its Absence COLUMBIA LP VG++ grace slick k,10.50,0.0499
v1|206408134725|0,"Doors - Jim Ladd Hosts Innerview Series 14, Shows 7-10 4xLP - Inner View VG+",8.00,0.0499
v1|278176240590|0,Weather Report Sportin Life Vinyl Album Lp Omar Hakim,3.43,0.0499
v1|327258163382|0,"Vintage ""Eine Kleine Nachtmusik / Symphony No. 40 in G Minor"" Vinyl Album (1971)",2.92,0.0499
v1|137495936472|0,AFRICAN ~ POP JAZZ ~ COAST SOCIAL ORCHESTRA ~ FOLK ~ HEAR ~ 78 RPM ~ A 1119,50.00,0.0499
v1|318568487469|0,BRUCE SPRINGSTEEN Born To Run COLUMBIA HC-33795 LP VG+ half-speed audiophile k,17.00,0.0499
v1|366535372546|0,CREAM Disraeli Gears ATCO SD-33-232 LP VG+ k,26.00,0.0499
v1|287461890501|0,Rock And Roll Show TV Special 5 LP’s,14.80,0.0498
v1|800341779096|0,John Waite Record LP Lot of 2- Ignition/ Rovers Return VG+,10.99,0.0498
v1|267725991741|0,"STEVE MILLER BAND I WANNA BE LOVED 12"" Blue Vinyl Capitol Records SPRO-9992",9.95,0.0498
v1|298500407469|0,Orginal Motion Picture Sountrack LP-White Nights,4.99,0.0497
v1|298500654664|0,Cyril Havermans Cyril (Focus) Gatefold LP MGM SE 4925 1973,10.00,0.0497
v1|398167164408|0,Paul Simon – Still Crazy After All These Years First Press EX,12.00,0.0497
v1|127974491325|0,LP 12 Capitol SW 511745 Merle Haggard and the Strangers,2.95,0.0497
v1|147432668288|0,I've Got My Needs demo for Bill Deal Barkan & Adams Brill Building,40.00,0.0497
v1|267726017423|0,Lot Of 4 Elvis Pressley Albums In Concert-Christmas Album &Songs Of Inspiration,12.99,0.0496
v1|127965236366|0,STANLEY BLACK - RUSSIA - 1966 MEXICAN LP ALBUM PROMO PUNCH HOLE COVER WEAR SPINE,14.99,0.0496
v1|227428439875|0,"Barbra Streisand The Way We Were 12"" Vinyl LP Columbia PC 32801 Stereo",3.00,0.0496
v1|307052703239|0,"Father Tom Vaughn “Jazz In Concert At The Village Gate”Vinyl=VG:VG+ 12"" LPRecord",6.00,0.0496
v1|168531571719|0,HILLBILLY GOSPEL Rev Joe Freeman Didn't It Rain ABS 131 1961 HEAR IT,21.50,0.0496
v1|318568478758|0,Harry Partch - The World Of Harry Partch LP - Columbia VG+,8.00,0.0496
v1|358788728468|0,Patsy Cline Story 2LP Orig 1963 Decca DXSB-7176 W/Booklet Stereo,45.99,0.0496
v1|336684814042|0,"Thompson Twins You Take Me Up 12"" Single Vinyl Arista Synth-Pop 45 RPM Stereo",2.50,0.0496
v1|398174316376|0,"Paul Williams Just An Old Fashioned Love Song 12"" Vinyl LP SP4327",16.99,0.0496
v1|307059164281|0,RED SIMPSON - MAN BEHIND THE BADGE 1966 CAPITOL RECORDS VINYL LP COUNTRY VG/VG-,2.99,0.0496
v1|188626187420|0,Great Melodic Country Rocker 45 DON CHERRY Cajun Fiddler MONUMENT promo EX,4.00,0.0495
v1|278181697951|0,Jefferson Airplane Bark/Sun City Artists Against Apartheid  Pair Of Used LPs,0.99,0.0495
v1|327258617522|0,Incense & Oldies / 1968 Compilation Album - Various Artists - Buddah Label,0.25,0.0495
v1|318572514071|0,Ella Jenkins You'll Sing A Song and I'll Sing A Song Vinyl 1966 W/lyric TESTED,5.00,0.0495
v1|318573474153|0,The Walking Dead Soundtrack Volume 2 Picture Disc Vinyl Record Store Day 2015RSD,26.99,0.0495
v1|198493402970|0,"THE FOUR SPORTSMEN ""PITTER PATTER"" 1961 HIGH GRADE NICE DOOWOP NEAR MINT HEAR IT",9.99,0.0495
v1|398182722018|0,TIPICA 73 st INCA Latin | Salsa | Guaguanco LP HEAR,9.99,0.0494
v1|358787305966|0,Woody Herman & His Woodchoppers Columbia Jazz 6-Record Box Set C-121,2.00,0.0494
v1|318572655272|0,THOROUGHLY MODERN MILLIE Orginal Soundtrack Album,4.99,0.0494
v1|147436983864|0,Mozart 2 LP Lot Symphony No. 21 & No. 27 Stadlmair Don Giovanni Giulini Details ,4.99,0.0494
v1|287456988132|0,Duane Eddy 2 Records And Rockin 50s Magazine(great) Records Has Small Scratches,30.00,0.0494
v1|318573884406|0,"Jim Croce You Don't Mess Around With Jim ABC 12"" Black Vinyl LP Rock Record",8.00,0.0494
v1|298498990551|0,Led Zeppelin Red Letters PR pressing vinyl LP,19.95,0.0494
v1|257618740439|0,THE DOOBIE BROTHERS WHAT WERE ONCE VICES ARE NOW HABITS LP Warner Bros W2750 ,4.95,0.0493
v1|398165812488|0,JOSEPH HAYDN - 4 Symphonies : 101-104 - 1985 Dbl LP Set 751412,8.00,0.0493
v1|358788866449|0,George Carlin Indecent Exposure Album Released In 1978 Very Good Condition,10.00,0.0493
v1|318568506673|0,FLEETWOOD MAC Bare Trees REPRISE MS-2080 LP VG+ SHRINK k,8.50,0.0493
v1|198493988049|0,"AC/DC - Let There Be Rock - 12"" LP - ATCO Records SD 36-151  Specialty Press OOP",19.99,0.0493
v1|178304032209|0,"KISS REO ROD STEWART AIR SUPPLY vinyl 7"" Rock Glam Prog 45's ONE OF A KIND LOT",4.90,0.0493
v1|188632440112|0,GEORGE THOROGOOD & THE DESTROYERS - BETTER THAN THE REST Vinyl LP RECORD NM,9.77,0.0493
v1|318568485731|0,BOB DYLAN The Freewheelin'... COLUMBIA LP VG+ k,15.50,0.0492
v1|398167130973|0,Five Special Vinyl White Label Promo ,10.00,0.0492
v1|398166439249|0,Willie Nelson The Sound In Your Mind 1976 Vinyl  LP Record,6.00,0.0492
v1|267726081085|0,Eric Burdon And The Animals Greatest Hits LP 1969 1st Press Acid Rock!!,9.99,0.0492
v1|198487893123|0,Hank Williams Sr HEY GOOD LOOKIN Dec 1950-51 Polydor 2 LP 1987 Country Bluegrass,14.98,0.0492
v1|358793303094|0,Blackpink's Rose-Rosie First Studio LP Album Set-Sealed,8.09,0.0492
v1|800321875343|0,EAGLES The Long Run ASYLUM LP VG+ gatefold k,15.50,0.0491
v1|227428090446|0,Vinyl Classic Record Albums,35.00,0.0491
v1|407068033210|0,Donovan Mellow Yellow Lp,8.99,0.0491
v1|398167028887|0,Technocratic Get Up Vinyl,10.00,0.0491
v1|377338117607|0,The Guess Who – Flavours - Vinyl Record LP 1974 RCA Victor CPL1-0636 Dynaflex,5.99,0.0491
v1|327258687003|0,"Record Album~The Trend~1981~RARE~Kennett, Mo~USA~Pristine~early MTV era~NR",125.00,0.0491
v1|336684009071|0,R&B Soul 45 JESSIE CRAWFORD Please Don't Go/I Love You So on Symbol VG++ promo,7.99,0.0491
v1|307059032726|0,REO Speedwagon 45RPM “Here With Me” 1988 80s Classic Rock 7” Vinyl PS NM,2.99,0.0490
v1|377310286160|0,🎤︎ Cerrone - LOVE IN C MINOR - Cotillion LP,9.99,0.0490
v1|267725937576|0,Gloria Estefan - Always Tomorrow / Words Get In The Way 45 RPM Epic Records VG+,0.99,0.0490
v1|158077883248|0,"BEAT The Standells The Shake, Peppermint Beatle Liberty 55680 1964 PROMO HEAR IT",5.00,0.0490
v1|318572788332|0,JIM NABORS - GOMER PYLE USMC - SHAZAM! - COLUMBIA RECORDS - CL 2368 - DATE 1965,2.00,0.0490
v1|298500407807|0,THE VENTURES 10th Anniversary Album-Gatefold Double Album LST-35000,9.99,0.0490
v1|206408134700|0,Beach Boys - Wild Honey LP - Capitol Stereo Shrink,8.50,0.0489
v1|206408134700|0,Beach Boys - Wild Honey LP - Capitol Stereo Shrink,8.50,0.0489
v1|800341897147|0,Progressive Rock Lot-Rick Wakeman Journey Myths Rhapsodies No Earthly Connection,10.99,0.0489
v1|137505832911|0,"EASY LISTENING LP ""ECSTASY"" OTTO CESANA & HIS ORCHESTRA (COLUMBIA 1955 ) ‎",3.50,0.0489
v1|178305986260|0,- Blood Sweat And Tears Lot Of 2 Vinyl Album Record Lp’s 70 - 80’s Music ,3.00,0.0489
v1|307058801545|0,Tom Petty & The Heartbreakers 45RPM “Change Of Heart” 1983 Rock 7” PS,2.75,0.0489
v1|800321845069|0,Green River Ordinance - Under Fire LP - 101 Distribution VG+ Autograph,9.50,0.0489
v1|287457358993|0,Emerson Lake & Palmer Love Beach 1978 Atlantic 19211 Record-Vinyl-VG+,4.50,0.0489
v1|800330336252|0,"Santana/Abraxas/1970/Vinyl,LP, Album,Gatefold/Columbia-",5.99,0.0489
v1|298499188329|0,"Eddie Bond That Glass 7"" Vinyl 45 Enterprise ENA-9063 Promo Not For Sale Stereo",1.60,0.0488
v1|398167258922|0,"Cannonball's Sharpshooters [LP] by Cannonball Adderley (Vinyl, Sep-2009)",13.77,0.0488
v1|407066690028|0,"Marilyn Martin, Night Moves/Wildest Dreams, 45rpm, Atlantic 7-89465",2.99,0.0488
v1|800321845019|0,Bob McDill - Short Stories LP - JMI Shrink,8.00,0.0488
v1|298500652003|0,It's a Beautiful Day Marrying Maiden LP San Francisco SFS 04800 1970,12.00,0.0488
v1|407064579881|0,Motörhead – 1977 white label live recording.,60.67,0.0488
v1|137506874215|0,Judas Priest Unleashed In The Easy Vinyl LP,15.00,0.0488
v1|407068031175|0,Cheech & Chong Los Cochinos Lp,7.99,0.0487
v1|398167570902|0,AUSTIN BROTHERS HOW CAN I TELL/BETWEEN THE LINES. K-ARK 610.,9.99,0.0487
v1|287455605474|0,2017 Coin HOW WILL YOU KNOW IF YOU NEVER TRY Columbia Black Vinyl 33⅓ LP VG+,248.99,0.0487
v1|800330841319|0,JAMES TAYLOR MUD SLIDE SLIM & THE BLUE HORIZON (VG+)  LP VINYL,5.00,0.0487
v1|398167133891|0,Chet Atkins – Chet Atkins At Home - 1958 - RCA Victor LPM-1544 Vinyl LP G/G,6.00,0.0487
v1|407068479410|0,"Barbara Mandrell - The Best of Barbara Mandrell - 12"" 33rpm LP -",1.99,0.0487
v1|127965236348|0,RICARDO CERATTO - MIS CANCIONES - 1976 MEX LP PROMO SOC TOC SOL + INNER SLEEVE,14.99,0.0487
v1|336682533331|0,Willie Nelson  - Here's Willie Nelson -  1963 Stereo LP,99.99,0.0486
v1|206410886465|0,"Flower Boy by Tyler the Creator (Record, 2017)",11.00,0.0486
v1|178305691126|0,"Dixie Dregs, What If, 1978  Capricorn, CPN-0203, EX Record And Cover ",7.00,0.0486
v1|336685206830|0,"George Duke Don't Let Go LP Vinyl Epic JE 35366 1975 Jazz 12"" 33 RPM Sealed",3.50,0.0486
v1|398165824557|0,"E. Power Biggs Rheinberger:Two Concertos For Organ &Orchestra, Maurice Peress LP",5.00,0.0486
v1|127965236379|0,SONORA MATANCERA - NAVIDAD CON LA - 1978 MEXICAN LP ALBUM PROMO PUNCH HOLE SOL,14.99,0.0485
v1|267727795290|0,THE TRU-TONES ~ TEARS IN MY EYES ~ CHART RECORDS 634 ~ Rare Orig. FL DOO WOP 45,8.00,0.0485
v1|318572478964|0,HITLINE  TU2800 VG+ X2 LP Vinyl Gatefold 1980 24 Hits! FREE SHIPPING!!,12.99,0.0485
v1|267725999859|0,DEVO NEW TRADITIONALISTS LP Warner Bros BSK 3505 W/Poster 1981,19.95,0.0485
v1|800330518811|0,Bob Seger And The Silver Bullet Band - Night Moves - 1976 - VG - Ultrasonic Cln,7.99,0.0485
v1|407066901899|0,The Music Man Original Broadway Cast 1957 LP Capitol WAO-990 musical vintage ,3.00,0.0485
v1|800330934369|0,MICHAEL JACKSON -- BAD  --  1987 LP Vinyl Record Vintage Music Album,31.89,0.0484
v1|298499867729|0,"Black Oak Arkansas ‎– Raunch 'N' Roll Live (1973, Vinyl, LP) “Hot And Nasty”",5.00,0.0484
v1|377317981855|0,Tipica Novel - Tipicante - Cha Cha Salsa Descarga Bolero Danzon Charanga TR LP,9.99,0.0484
v1|398167007583|0,EMMYLOU HARRIS - WHITE SHOES LP 1983 (WARNER BROS.) 9 23961-1 IN SHRINK WRAP,10.00,0.0484
v1|298499004555|0,The Motels All Four One LP Vinyl Record 1982 Capitol Records,5.75,0.0484
v1|267725982035|0,The Comsat Angels - Will You Stay Tonight - Used Vinyl Record - JDP-9097,2.02,0.0483
v1|168531414947|0,EDDIE COLLINS-RARE ROCKABILLY PICTURE SLEEVE+45-(I'VE BEEN AROUND TOO LONG)-PS,125.00,0.0483
v1|257618666517|0,ANA GABRIEL TIERRA DE NADIE LP VINYL COLOMBIA 33 RPM 1988,16.99,0.0483
v1|267725663008|0,Dexter Gordon  Live at the Village Vanguard 1977 Columbia Records PG34650 VG+/G,15.99,0.0483
v1|407064183335|0,Rare Country 45 - Bennie Cook - This Kind Of Love - Tela-Star # 104,19.99,0.0483
v1|307059376188|0,Bundle Neil Diamond Vinyl Records US & Japanese Pressings Rainbow Serenade +2,9.99,0.0483
v1|206409600113|0,B. B. KING Live At The Regal 1971 ABC Blues Classic Reissue EX+/VG++ Play Tested,24.00,0.0483
v1|307058533074|0,The BUDDY HOLLY Story - VINYL LP MONO 1963 Repress,1.00,0.0483
v1|227428494402|0,"The A-Strings Home for Christmas 12"" Vinyl LP Warner Bros. Records 1-25759",3.10,0.0483
v1|336685198581|0,Pete Fountain 'I've Got You Under My Skin' Vinyl LP Coral Records,4.50,0.0482
v1|158076915506|0,The Oak Ridge Boys Where The Fast Land Ends 1987 Vinyl LP MCA Records Shrink,4.00,0.0482
v1|318568478693|0,"Billie Eilish - Everything I Wanted 12"" - Darkroom Yellow Wax Ltd. SEALED",167.50,0.0482
v1|336685194216|0,The Isley Brothers Live It Up Vinyl LP Record (1974),12.95,0.0482
v1|800341449355|0,Rainbow Rising 1976 Vinyl LP Record,20.00,0.0482
v1|188631783324|0,"Giant Killer Disco 45, Bill Campbell & Valerie Harrison, B&B, BBD138, Excellent!",4.60,0.0482
v1|168531256977|0,ROCK-DAVID BOWIE-SOUND AND VISION/A NEW CAREER IN-RCA VICTOR  PB-10905-STEREO,5.00,0.0482
v1|407061263054|0,HEAR - Rare Doo Wop 45 - The Shadows - Under Stars Of Love - Del-Fi # 4109,14.99,0.0481
v1|198493713401|0,The Souther-Hillman-Furay Band The Souther-Hillman-Furay Band LP Asylum Rock,2.00,0.0481
v1|366539037424|0,RARE 1963 WISCONSIN DOO-WOP BW ROCKER 45rpm RECORD - PAUL STEFEN & ROYAL LANCERS,7.99,0.0481
v1|298500407977|0,Wheaties presents JACK ARMSTRONG The All American Boy LP ,3.00,0.0481
v1|398182752164|0,CHEO FELICIANO Cheo’s Rainbow FANIA Killer! Latin | Salsa | Guaguanco  LP HEAR,9.99,0.0481
v1|336685211978|0,"The Human League Hysteria LP Vinyl A&M Records SP 4923 1984 Rock 12""",3.50,0.0481
v1|336683994582|0,Deep Sweet Soul 45 YOUNG GENERATORS Sad & Lonely World on Star Ship,7.99,0.0481
v1|178303521689|0,"Columbia LP Record, Gary Graffman ,Second Piano Concerto ,VG ",1.00,0.0481
v1|127971385532|0,THE ROLLING STONES LP 20 SUPER HITS 1978 GERMAN PRESS NM/NM Decca LC 0171,19.99,0.0481
v1|318568504396|0,ELVIS PRESLEY Elvis RCA VICTOR LPM-1382 LP mono k,13.50,0.0480
v1|327258387848|0,Johnny Paycheck Take This Job And Shove It Lp Record!!!!,10.99,0.0480
v1|257618718210|0,JOURNEY INFINITY LP Columbia Records JC 34912 1978,14.95,0.0480
v1|236933577112|0,ROCKABILLY 45 THUMPER JONES ROCK IT STARDAY 240 MINT- WOW! NOT A REPRO,99.00,0.0480
v1|800321845043|0,Dillards - Tribute To The American Duck LP - Poppy SEALED,8.00,0.0480
v1|307051282321|0,"Various “Afterglow” Vinyl = VG+ 12"" LP Record TVLP 79047 Rock, Pop, Pop Rock",2.50,0.0479
v1|307051282321|0,"Various “Afterglow” Vinyl = VG+ 12"" LP Record TVLP 79047 Rock, Pop, Pop Rock",2.50,0.0479
v1|287457278961|0,Johnny Cash - Rock Island Line JS-6101 Vinyl LP Record Album 1971 Pickwick,4.99,0.0479
v1|257526278124|0,Lp Record 33 1/3 the j.geils band/showtime #17087 capital emi records,0.99,0.0479
v1|358788694472|0,Bryan Adams Cuts Like A Knife LP MASTERDISK RL Robert Ludwig A&M SP-4919 1983 OG,24.99,0.0479
v1|278176391819|0,"Sarah Vaughan – Great Songs From Hit Shows, Vol. 1 1959 Mercury Stereo Vinyl LP",4.99,0.0479
v1|377338008508|0,ROLLING STONES LOT OF 32 LPS 3D COVER SATANICS EXILE LET BLEED MONO NO. 2 STICKY,116.50,0.0479
v1|398166340833|0,THE AMERICAN REVOLUTION David Peel Vinyl LP 1970,11.00,0.0479
v1|178305177986|0,Vintage 1983 vinyl record “Keep It Up” by the Canadian rock band Loverboy.,8.00,0.0479
v1|318568504977|0,"EMERSON, LAKE & PALMER Trilogy COTILLION SD-9903 LP gatefold k",8.00,0.0479
v1|307059748026|0,Steve Winwood 45RPM “Valerie” 1987 80s Pop Rock 7” Vinyl PS NM,3.00,0.0479
v1|407067343720|0,Aerosmith – Done With Mirrors promo,11.37,0.0479
v1|278176238460|0,Weather Report Procession Vinyl Album Lp Omar Hakim,9.99,0.0479
v1|158077326128|0,Janie Frickle Black & White 1986 Vinyl LP Columbia Records VG+ Shrink Country,4.00,0.0478
v1|117294276207|0,Seals & Crofts GF gatefold LP Summer Breeze 1972 BS 2629 vg+,9.99,0.0478
v1|327258143785|0,"Vintage ""History of European Music Part One: Music of the Early Middle Ages,...",1.80,0.0478
v1|127971147235|0,Mtume So You Wanna Be A Star Epic WLP Promo 45 VG+,2.99,0.0478
v1|178305905074|0,JAMES GANG LP Album-Thirds,3.00,0.0478
v1|366535381967|0,EURYTHMICS Be Yourself Tonight RCA AJL1-5429 LP SEALED k,8.00,0.0478
v1|127971192402|0,"Lot Of 5 Prince Single 45rpm 7” Vinyl Records 1999, Little Red Corvette And More",4.99,0.0478
v1|318568486133|0,BOB MARLEY & THE WAILERS Legend ISLAND/UME LP tri-color vinyl 2020 reissue k,11.50,0.0478
v1|117297905625|0,"Avon Christmas Holiday Album 1970 LP (1970, Avon Products) FREE SHIPPING",3.99,0.0478
v1|800321845126|0,Kinks - Arthur Or The Decline & Fall... 50th Anniversary 2xLP - BMG/ABKCO NM,10.26,0.0477
v1|398167006526|0,"Roses in the Snow by Harris, Emmylou (1980)",5.00,0.0477
v1|327260217167|0,Manchester Orchestra Hope LP Vinyl Record 2014 Favorite Gentlemen,19.99,0.0477
v1|188632431423|0,DARYL HALL & JOHN OATES - BEAUTY ON A BACK STREET Vinyl LP RECORD AFL1 2300 NM,9.88,0.0477
v1|188630671100|0,Milli Vanilli   Blame It On The Rain  12'',8.00,0.0477
v1|206408134715|0,Danny O'Keefe - O'Keefe LP - Signpost SEALED,24.50,0.0477
v1|257618747277|0,ROGER DALTREY One Of The Boys LP MCA Records 1979 MCA-2271,4.95,0.0476
v1|800069759619|0,Lp Record 33 1/3 eric clapton/august #25476 duck warner bros records,0.99,0.0476
v1|127970522509|0,Jukebox 45 & Title Strip Jacksons State Of Shock Cleaned Tested,2.49,0.0476
v1|127970522509|0,Jukebox 45 & Title Strip Jacksons State Of Shock Cleaned Tested,2.49,0.0476
v1|377338009348|0,The Mothers Of Invention The Mothers Fillmore East June 1971 Lp Record!!,14.99,0.0476
v1|127971525935|0,AIRPORT:OST Decca DL 79173 LP 1970 VG-/VG-,6.00,0.0476
v1|377332207144|0,Jethro Tull: A Passion Play  (Gatefold LP),5.25,0.0476
v1|278176204567|0,"WAR 'Greatest Hits' 12"" Vinyl LP Record Album U.S. PRESSING UA-LA648-G, VG+/VG+",10.00,0.0476
v1|307054693911|0,PETE FOUNTAIN ~A CLOSER WAKK WITH THEE ~ 195? ~45 RPM ~ EP ~ RECORD  NM COVER NM,3.99,0.0476
v1|800330675749|0,Doucette LP Lot - The Douce Is Loose/ Mama Let Him Play VG+,10.99,0.0475
v1|257618459485|0,Baby Driver Soundtrack Vinyl Record 2LP,19.99,0.0475
v1|257613358010|0,ERIC CLAPTON  1977 SLOWHAND   RSO records,20.00,0.0475
v1|168536308234|0,Lot of 6 R&B/Soul/Pop 70's Vinyl LPs! 3 Are 2LPs! VG or Better Condition!,16.99,0.0475
v1|158077044567|0,The Chords SH-BOOM / Little Maiden - Doo Wop  CAT 45-104 VG+ to NM- 1954 Release,19.99,0.0475
v1|318573371059|0,"jesse johnson vinyl lot (3) REVUE, EVERY SHADE OF LOVE, SHOCKEDELICA",14.99,0.0475
v1|398165875527|0,Africa Witchcraft & Ritual Music Vinyl ,5.00,0.0475
v1|236933613626|0,Avenged Sevenfold by Avenged Sevenfold (2007) CD and Music Video Interactive DVD,20.00,0.0475
v1|298496400486|0,Motley Crue  - Theatre Of Pain -  1985 White Label Promo (WLP) LP,74.99,0.0474
v1|800321856593|0,BOB SEGER & THE SILVER BULLET BAND Night Moves CAPITOL LP VG+ club edition k,9.50,0.0474
v1|188632165061|0,Jazz - The Dave Brubeck Quartet Time Out - Columbia - Hard Bop Paul Desmond 60’s,9.99,0.0474
v1|398165802179|0,Beethoven Symphony NO. 7 LP Ashkenazy/Philharmonia Orch 1984 DECCA 411 941-1,5.00,0.0474
v1|188630584702|0,"Sugar Hill Grandmaster Flash & Furious Five The Message 12"" Promo Vinyl 1982",4.80,0.0474
v1|398167974073|0,Tracy Ullman You Broke.my Heart In 17 Places MCA-5471 Vinyl LP 1983,12.00,0.0474
v1|287457428251|0,Crystal Gayle - Crystal 1976 Vinyl LP Record Album & Poster,5.99,0.0474
v1|800328416404|0,Fazerdaze – Morningside lp+ Break! lp LOT- BOTH UN PLAYED!! - ALTERNATIVE,18.99,0.0473
v1|267725920064|0,Norma Jean – Country Giants (1969) RCA Victor LSP-4146 Stereo LP Orange Label NM,4.99,0.0473
v1|227431055584|0,Big Audio Dynamite - This Is Big Audio Dynamite LP- Columbia Records BFC 40220,6.99,0.0473
v1|327258671670|0,Rod Stewart LP Blondes Have More Fun BX7,3.00,0.0473
v1|336684012000|0,R&B/Deep Soul 45 MILLIE FOSTER Love Wheel/Bitterness on President VG++/NM promo,7.99,0.0472
v1|137507245752|0,E.B. WHITE READS CHARLOTTE'S WEB - PATHWAYS OF SOUND STILL SEALED - 1970,15.00,0.0472
v1|278175928340|0,PREWAR JAZZ 78 • Duke Ellington • Brunswick 8231 • Buffet Flat • E-,16.99,0.0472
v1|267725874286|0,"Tillotson, Johnny - It Keeps Right On A-Hurtin' Cadence 3058 Vinyl LP Record",6.99,0.0472
v1|307052871415|0,"The Alan Parsons Project Lot of 2 Albums, See Pictures,Vinyls Visually rated A49",7.00,0.0471
v1|206410872958|0,Music to Be Murdered by Side B (Deluxe Edition) Vinyl Eminem,19.00,0.0471
v1|377338304088|0,Eric Clapton - Slowhand Vinyl LP 1977 RSO Records,5.86,0.0471
v1|257618764655|0,THE MILLION SELLERS: THE GRAND PRIX SERIES Vinyl LP Popular Music Record K-197,1.00,0.0471
v1|800321864895|0,CREAM Goodbye ATCO SD-7001 LP VG+ wlp gatefold with poster k,80.50,0.0471
v1|117296975357|0,BEATLES MY BONNIE / THE SAINTS MGM SPECIAL DISC JOCKEY PROMO 45  VG++ VINYL !,99.00,0.0470
v1|800321845028|0,Bruce Springsteen - Tunnel Of Love LP - Columbia,8.00,0.0470
v1|188632425564|0,ERIC CLAPTON - BEHIND THE SUN Vinyl LP RECORD Album SPECIALTY PRESS 1-25166 NM,9.88,0.0469
v1|198493994012|0,Duke Ellington And His Orchestra – Hi-Fi Ellington Uptown LP 1956 6-Eye,5.99,0.0469
v1|377338571208|0,"Mariposa de Oro [LP] by Dave Mason (Vinyl, One Way Records USA)",7.00,0.0469
v1|318568514498|0,JACKSON BROWNE The Pretender ASYLUM LP VG+ germany embossed cover k,8.00,0.0469
v1|188631789280|0,"The Moody Blues Long Distance Voyager LP 1981, Threshold TRL-1-2901 Gatefold",7.52,0.0469
v1|398182704684|0,LALO RODRIGUEZ Nuevamente GLOBAL Latin | Salsa | Guaguanco LP HEAR,9.99,0.0468
v1|398182705566|0,LALO RODRIGUEZ Simplemente TIERRAZO Latin | Salsa | Guaguanco LP HEAR,9.99,0.0468
v1|127971173520|0,the exciters 45 rpm record promo drama of love good plus,3.50,0.0468
v1|366538699163|0,"The Magic Splatters, Get Happy Records, 7"" Single, You're So Borin', w/insert",5.00,0.0468
v1|377341211707|0,"MakeWar Stay 7"" color vinyl flatliners lagwagon hot water music nofx rancid",4.99,0.0468
v1|800321845101|0,Jimi Hendrix Experience - Axis: Bold As Love LP - Reprise VG+,8.50,0.0468
v1|178303384984|0,The Wizard Of Oz Starring Judy Garland Vinyl LP (MGM SE 3996/PX 104),13.50,0.0468
v1|236928229118|0,Psych Garage 45 CROWD+1 Don't Hold Back CAPITOL HEAR o,8.00,0.0468
v1|278175117139|0,Henry Mancini Debut! Philadelphia Orchestra Pops 1969 RCA Red Seal LSC-3106 NM,11.00,0.0468
v1|257617613115|0,Lot of (40): Pop Rock R&B 1960s 45s (VG+ to NM) Lots of Hit Records,14.99,0.0467
v1|147432726925|0,David Bowie - Lodger 80's European German Repressing with Gloss Cover and OIS!,18.99,0.0467
v1|127970953077|0,Wilson Pickett’s Greatest Hits 1973 VG+ 2X Soul LPs. Atlantic Records,8.00,0.0467
v1|198493705607|0,Smothers Brothers Songs & Comedy at the Purple Onion LP Mercury MG 20611 Stereo,1.50,0.0467
v1|307059617154|0,Gene Chandler “Duke Of Earl/Rainbow” 1962 60s Oldies Soul Doo Wop 7” Vinyl RE,4.00,0.0467
v1|318568483084|0,BLACK SABBATH Paranoid WARNER BROS LP gatefold k,12.50,0.0467
v1|178305771540|0,Caroleer LP Record The Abbey Choir The Little Drummer Boy VG ,2.00,0.0467
v1|407068037048|0,The Fixx Reach The Beach Lp,7.99,0.0467
v1|366531002518|0,Billie Holiday - I Cover The Waterfront - COMMODORE 559 E+/E,19.99,0.0466
v1|377336809756|0,Northern Soul 45 GARY DEAN You Can Say/The Drunkard on Young,120.50,0.0466
v1|298500638138|0,THE BEATLES “SOMETHING NEW” 1964 VINYL LP 1ST MONO PRESSING wORIG INNER SLEEVE,10.99,0.0466
v1|407067742798|0,"45 rpm record Murray Head - ""one night in Bangkok"" & ""Merano""  RCA. Free Ship ++",3.65,0.0466
v1|168536329687|0,"TODD RUNDGREN ~HEALING 1981 BEARSVILLE RECS (BHS 3522) LP w/BONUS 7"" SINGLE",6.49,0.0466
v1|800314627196|0,THE 5TH DIMENSION PORTRAIT Vintage Vinyl LP Record,3.50,0.0466
v1|168530834412|0,"Temptations-Cloud Nine/Why Did-45 RPM-7""-single-Soul-vinyl-Gordy 7081-1968-VG+",3.99,0.0466
v1|358787396065|0,Hall& Oates Along The Red Ledge Album Released In 1978 Very Good Condition,10.00,0.0465
v1|407067516143|0,"The Stranglers Nice 'n' Sleazy 7"" single",6.66,0.0465
v1|298500088330|0,More Of Roy Orbison's Greatest Hits - Vinyl Record Album LP Monument ,16.16,0.0465
v1|366538798477|0,Elvis Costello My Aim Is True  Lp Nm,12.99,0.0465
v1|188632438260|0,CULTURE CLUB WAKING UP WITH THE HOUSE ON FIRE Vinyl LP RECORD Album OE 39881 NM,9.50,0.0465
v1|158076895258|0,"1984 Release - Lisa-Lisa & Cult Jam - I Wonder If I Take You Home 45  7"" Vinyl",3.00,0.0465
v1|178305690927|0,Blitz self-titled LP RCA CPL1-4196 M-Record and Cover With Original Inner Sleeve,10.00,0.0465
v1|188632438952|0,DAVID KENTON - LA GENTE DE HOY! Vinyl LP RECORD 1987 Album LATIN Salsa 1922 NM,9.88,0.0465
v1|398165789415|0,JOACHIM RAFF /ALEXANDER DREYSCHOCK Piano Concertos. Zsolt Deaky/Nurnberg GS 1013,5.00,0.0465
v1|298500407366|0,THE VENTURES Super Psychedelics LP Album,9.99,0.0464
v1|800330869051|0,"The Clash This Is Radio Clash CBS A1797 UK 7"" Vinyl Single Original Sleeve",11.99,0.0464
v1|278175714043|0,"SOMETHING WARM - OSCAR PETERSON, 1967 VERVE STERE0, NM",7.50,0.0464
v1|298499984565|0,Okeh 8147 Butterbeans & Susie GET YOUR SELF A MONKEY MAN Blues 1924  V+,25.00,0.0464
v1|178305418367|0,"Dan Fogelberg - ""Captured Angel"" - LP",2.50,0.0464
v1|336685184874|0,LYNYRD SKYNYRD Gold & Platinum 1980 Re MINT-  Ultrasonic/VPI,32.50,0.0464
v1|127971527217|0,Jack Jones:Lady Kapp KS-3511 LP G+/VG,0.50,0.0463
v1|407067715775|0,RICHARD KAMUCA QUARTET 1976-JAZZZ 104-MUNDELL LOWE,14.98,0.0463
v1|287456520296|0,FREDDIE NEIL-HEARTBREAK BOUND 45 VINYL 1958 HEAR IT HERE,10.00,0.0463
v1|398165792912|0,BRUCKNER-SYMPHONY NO.4 ROMANTIC HALLE ORCHESTRA-ZDENEK MACAL VINYL LP CFP 414471,5.00,0.0463
v1|398165792912|0,BRUCKNER-SYMPHONY NO.4 ROMANTIC HALLE ORCHESTRA-ZDENEK MACAL VINYL LP CFP 414471,5.00,0.0463
v1|188618645503|0,Dellinger Family - The Ohio River Flood - BLUEBIRD 6852 E/E-,19.99,0.0463
v1|366522565790|0,45 NOS / TRADE MARTIN / WORK SONG / RCA VICTOR PRO MO / LISTEN,11.01,0.0462
v1|366538505467|0,"ARAWAK ALL STARS ""  APACHE/ CYMANDE  BRA ""   12"" ",15.00,0.0462
v1|336684001983|0,Northern Soul 45 LIZA-MAE That's Why I Love You/Up Until The Night Time Comes ,7.99,0.0462
v1|336684001983|0,Northern Soul 45 LIZA-MAE That's Why I Love You/Up Until The Night Time Comes ,7.99,0.0462
v1|298490930611|0,Elton John  LP  MCA 2012  Near Mint,10.00,0.0461
v1|188626187421|0,Hot OH Country Jiver Rockabilly / Psych 45 CB EXPRESS Language / You're CENTRAL,8.00,0.0461
v1|287457278801|0,Chad and Jeremy - Yesterday's Gone World Artists Records XSV-94985,3.99,0.0461
v1|267725970137|0,The Carter Family 40328 Victory rare hillbilly prewar 78,19.99,0.0461
v1|366522585886|0,"45 ROCK / THE BEATLES / OB-LA-DI, OB-LA-DA / PARLAPHONE JAMAICAN PRESS / LISTEN",9.99,0.0461
v1|377336803837|0,Funk 45 JULIA DEWITT If You Want Your Man/A New Chapter In My Life on Cord NM,7.99,0.0461
v1|336682536836|0,Tame Impala  - Currents -  2016 Gatefold COLORED VINYL LP,149.99,0.0461
v1|298500588450|0,"Vintage Records John Hartford, Plus Christmas Record Rudolf",2.05,0.0461
v1|377338117759|0,Songs From Walt Disney’s Pinocchio On Happy Time Label Vinyl Record LP 1966,4.99,0.0461
v1|267725953030|0,Charlie Parker Verve Return Engagement 1974 MGM Records LP Record 33 1/3 RPM,12.99,0.0461
v1|307058932022|0,Billy Jones and Ernest Hare (Happiness Boys) Regal  #9954,6.95,0.0461
v1|158077552417|0,HSAS Through The Fire LP Album Vinyl Record GEF 25893 Geffen Records - EX/EX,7.99,0.0460
v1|407068000265|0,"Marvin Gaye Live At The London Palladium Tamla LP 12"" Black Vinyl Autographed",5.20,0.0460
v1|398175003573|0,KING CRIMSON*IN THE COURT OF THE CRIMSON KING*VINYL ATLANTIC SD 8245,20.00,0.0460
v1|398167522912|0,Flotsam and Jetsam Doomsday for the Deceiver 1986 Metal Blade MBR 1063 LP,43.00,0.0459
v1|298499806252|0,Lot of Two Commodores Hit LPs: Natural High EX/EX & Midnight Magic - VG+ (OPs),4.99,0.0459
v1|298499953077|0,Stick To Your Guns - Diamond Vinyl White,25.00,0.0459
v1|236934183052|0,"Mike Oldfield -  To France 12"" Single (Extended) w/In The Pool, Bones (Inst) VG+",5.00,0.0459
v1|267726018509|0,Country Lp Charlie Mccoy Good Time Charlie KZ 32215 Lp,0.99,0.0459
v1|327258647171|0,"Vintage Klique ""Love Cycles"" Vinyl Album (1985)",2.58,0.0458
v1|398167130255|0,Whispers ‎- Love Is Where You Find It Vinyl LP - 1981 Solar - Plays Great!,5.00,0.0458
v1|327258496830|0,Quincy Jones Roots 1977 45 RPM Promo White Label Soul Gospel Funk A&M AM 1923-S,3.03,0.0458
v1|377336805184|0,Funk Breaks 45 LUCILLE BROWN & BILLY CLARK Both Eyes Open/Hot Gravy on Dynamo,7.99,0.0458
v1|158077768537|0,BURGESS MEREDITH-(PENGUIN)-RARE PICTURE SLEEVE + 45-BATMAN-(CAPTURE/ESCAPE)--PS,375.00,0.0458
v1|257618013990|0,Vintage 1984 Cabbage Patch Kids: A Cabbage Patch Christmas Vinyl Record LP,7.99,0.0458
v1|168525636145|0,David Bowie Diamond Dogs LP 1974 RCA CPL1-0576 Glam Rock VG Vinyl,14.99,0.0458
v1|307050512126|0,Cab Calloway & His Orch.  The Nightmare Oriole #2302 Fox Trot,6.95,0.0458
v1|318568478703|0,Bob Martin - Midwest Farm Disaster LP - RCA Victor VG++,38.00,0.0457
v1|127971525606|0,THE SEEKERS:Georgy Girl Capitol ST-2431 LP 1967 VG-/VG,6.00,0.0457
v1|307049938841|0,LES PAUL MARY FORD ~VAYA CON DIOS  ~ 45  RPM EP ~  RECORD NM  COVER NM,3.99,0.0457
v1|307058596443|0,"The Rolling Stones Sticky Fingers 12"" Black Vinyl LP 33 RPM",18.99,0.0457
v1|336679392216|0,16x LP Record Lot Mixed Grade Camacho Gismonti Valdez,12.00,0.0457
v1|147432407242|0,jefferson starship vinyl Earth,1.00,0.0457
v1|398167018017|0,greg  kihnspiracy Band vinyl,6.00,0.0456
v1|800329172897|0,Grateful Dead - Three From The Vault - 2014 - 4 LP Set - Reissue - Remasered,50.00,0.0456
v1|398165799807|0,"Tschaikowsky, Arthur Grumiaux... Bernard Haitink - Violinkonzert 6527 067",5.00,0.0456
v1|257618746518|0,"STEVE MILLER BAND I WANNA BE LOVED 12"" Single LP Capitol Records SPRO-9963",11.95,0.0456
v1|267717701726|0,🎤︎ Cat Stevens - Tea For The Tillerman LP  Classic Folk Pop Rock,14.99,0.0456
v1|298500523978|0,Deep Purple Malcolm Arnold Live LP Album Record Vinyl Rock Classic,4.99,0.0456
v1|298496371898|0,John Williams  - The Fury -  OST Test Pressing White Label Promo (WLP) LP,29.99,0.0456
v1|307058721381|0,"Billy Joel, The Nylon Curtain, 1983, Reissue VG+,VG++",10.00,0.0456
v1|227428468049|0,"Cristy Lane Christmas Is The Man From Galilee 12"" Vinyl LP LS Records SLL 8358",5.00,0.0456
v1|307059053145|0,Whitesnake 45RPM “Is This Love” 1987 80s Hair Metal Power Ballad 7” Vinyl,3.49,0.0456
v1|127965236332|0,"CESAR AURELIO - AYUDAME, NO CREO QUE TU, UNA CHICA DE BAR - 1984 MEXICAN LP SOC",14.99,0.0456
v1|178305671440|0,"Columbia LP Record, The Sound Of Genius, Legendary Recording 1903-1956 VG ",2.00,0.0455
v1|366528404675|0,"70s Vinyl Lp Mixed LOT  12 - AOR, SOLO, FOLK Maria Muldaur, Patty Larkin, Oliver",19.99,0.0455
v1|336683991673|0,Crossover Soul 45 CLEVELAND ROBINSON Mr. Wishing Well/Take A Fools Advice VG++,28.00,0.0455
v1|278175929712|0,PREWAR JAZZ 78 • Phil Napoleon • Victor 20605 • Billy Murray • Take Your • V++,14.99,0.0455
v1|800321845093|0,"J. Edgar Hoover, et al. - Fortify Our Freedom LP - Storer - Anti-Communism PSAs",10.49,0.0455
v1|267725752529|0,Helen Reddy's Greatest Hits - 1975 - Capitol Records ST-511467 Vinyl LP VG+/VG+,7.99,0.0455
v1|377338118187|0,Marty Robbins - Don’t Let Me Touch You - Vinyl Record LP Country Music,4.99,0.0455
v1|407067937281|0,BOB DYLAN Blood On The Tracks VINYL LP ALBUM 1974 COLUMBIA RECORDS,9.50,0.0454
v1|158077617101|0,"Eddy ARNOLD, THEN YOU CAN TELL ME GOODBYE/APPLES RAISINS AND ROSES 45rpm RCA ",1.99,0.0454
v1|800321878430|0,ELVIS PRESLEY Blue Hawaii RCA VICTOR LP mono k,9.50,0.0454
v1|358788769874|0,HELENE DIXON 45RPM '56 VIK ROLL OVER BEETHOVEN KILLER VERSION VG VINYL,7.00,0.0454
v1|800330664774|0,Two KLAATU Vinyl Records 1976 Self Titled & 1977 Hope,34.99,0.0454
v1|407068433437|0,"Eddy Arnold I Want to Go With You LP 12"" Vinyl RCA Victor",1.99,0.0454
v1|307058654988|0,The Melachrino Strings~Moods In Music~Music For Dining Record LP RCA LPM-1000,4.99,0.0454
v1|398182726712|0,TITO ALLEN Feliz Y Discoso ALEGRE Killer! | Shrink | Latin | Salsa | LP HEAR,9.99,0.0453
v1|278176239680|0,Weather Report Domino Theory Vinyl Album Lp Omar Hakim,9.99,0.0453
v1|267725959203|0,Three Dog Night Suitable for Framing Vinyl LP ABC Dunhill DS-50058 ,3.50,0.0453
v1|366541849369|0,COLUMBIA M-32934 JS Bach 3 Viola Harpsichord Sonatas GOULD ROSE 1974 VG++ TO NM,5.99,0.0453
v1|147436092817|0,GLENN GOULD 2 VINYL LOT BEETHOVEN & BACH,15.00,0.0453
v1|398182761217|0,WILLIE COLON Solo FANIA Latin | Salsa | LP HEAR,9.99,0.0453
v1|206411135738|0,1969 The Beatles Abbey Road Vinyl LP Jacksonville Pressing SO-383-F42 #2 Apple,29.95,0.0453
v1|800321899180|0,JIMI HENDRIX Band Of Gypsys CAPITOL LP VG+ gatefold k,8.00,0.0453
v1|127965236324|0,CHELO Y SU CONJUNTO- VUELVE LA VOZ TROPICAL DE MEXICO -1977 MEXICAN LP PROMO SOC,14.99,0.0453
v1|267725777280|0,1983 Reissue JR. WALKER & THE ALL STARS All The Great Hits US LP Motown 5297 VG,3.99,0.0452
v1|257618469931|0,The Best of Marlene Dietrich  Columbia Records PC-32245  EX LP (1973),6.95,0.0452
v1|178305720136|0,"HOOTERS NERVOUS NIGHT Record LP  80s BFC 39912 Columbia M-, Original Inner Sleev",5.00,0.0452
v1|800321845120|0,King Crimson - In The Court Of The Crimson King LP - EMI Columbia Germany,19.50,0.0452
v1|398167077891|0,BILLY JOEL Streetlife Serenade '74 Original 1st,10.00,0.0452
v1|800321871816|0,DEEP PURPLE Who Do We Think We Are WARNER BROS LP gatefold k,8.00,0.0452
v1|307063539180|0,AEROSMITH Get Your Wings Vinyl LP 33 VG SIGNED BY BAND AUTOGRAPH Steven Tyler,199.99,0.0452
v1|377337900981|0,"Roberto Roena, ""Tu Loco Loco, Y Yo Tranquilo"", Latin Soul, Salsa 45, HEAR",5.50,0.0452
v1|800330807738|0,The Platters Reflections High Custom Fidelity Mercury M G 20481 Vinyl LP Record,4.49,0.0452
v1|127965919565|0,"ORGANIZACION RADIO CENTRO, FEAT. MECANO / ELVIS PRESLEY / GIT, 1987 MEX LP PROMO",14.99,0.0451
v1|127974512975|0,"BLUES MAGOO'S, Gulf Coast Bound LP, ABC Records 1970  Demo/Sample VG/GOOD",4.66,0.0451
v1|287457313971|0,Cinderella Vintage Collectors 3 LP Box Set Rossini/Glyndebourne Everyman Opera S,2.50,0.0451
v1|198485556591|0,Patti Hendrix MEN /I'D BELIEVE IT 45rpm 1974 20th Century Records,9.50,0.0451
v1|267726039470|0,Rolling Stones Aftermath Vinyl Japan 1981 VG+,24.95,0.0451
v1|377338117721|0,"Whodini - Funky Beat/ Mega Mix 12"" Record 1986 Jive JD1-9462 Hip Hop 33RPM",4.99,0.0451
v1|398161306007|0,"Willie the Kid - Capital Gains (YELLOW VINYL) ALCHEMIST, ROC MARCIANO, CURREN$Y",28.00,0.0450
v1|267726020204|0,THE DOOBIE BROTHERS TOULOUSE STREET LP Warner Bros BS-2634 1972 Gatefold,9.95,0.0450
v1|307059382587|0,"Nazareth ‎– No Mean City (1979, LP, Vinyl, A&M Records , SP-4741, Terre Haute)",9.99,0.0450
v1|127970951321|0,Vivaldi Flute Concertos ( Janet See ) France EX++ Classical LP Harmonia Mundi,19.00,0.0450
v1|398166938108|0,JAMES CLAY & DAVID FATHEAD NEWMAN - The Sound Of Wide Open Spaces - Riverside LP,25.00,0.0450
v1|267725731996|0,"Elvis Presley Got A Lot o'Livin' to Do!"" Vinyl LP PR-101",9.99,0.0450
v1|407068647340|0,"Yardbirds, the Birdland 2 LPs Favored Nations Entertainment",16.50,0.0450
v1|198494045961|0,"The Beatles White Album Vinyl LP with Posters, and Pictures. 1968 1st P MINT",69.99,0.0450
v1|257618661014|0,"21 Vintage Movie Soundtracks Vinyl LPs - Superman III, Shock Treatment, Yanks",49.00,0.0450
v1|318584011883|0,1974 Grateful Dead From The Mars Hotel Record Album Vinyl LP Jerry Garcia,24.95,0.0450
v1|127971526541|0,Anne Murray:Let's Keep It That Way Capitol ST-11743 LP 1978 VG/VG,1.00,0.0449
v1|178305691633|0,Pretenders - Extended Play - Vinyl LP - MINI 3563 - M-record And EX Cover ,10.00,0.0449
v1|178304703465|0,Reverend Horton Heat Revival Vinyl ,25.00,0.0449
v1|198492670409|0,Various - JOINTZ FROM BACK IN DA DAY - Vinyl 2xLP 1994 Old School Compilation!!,24.50,0.0449
v1|366531017706|0,Elmer Bird and His Happy Four - Kentucky Stomp - CHAMPION 45168 E-,26.00,0.0449
v1|298499763077|0,TOMMY SANDS ~ SING BOY SING ~ PART 1 ~ 1958 ~45 RPM ~ EP ~ RECORD  EX  COVER EX,3.99,0.0449
v1|298499777011|0,TOMMY SANDS ~ SING BOY SING ~ PART 3 ~ 1958 ~45 RPM ~ EP ~ RECORD  EX  COVER EX,3.99,0.0449
v1|398168006405|0,THE WHO QUADROPHENIA Original DOUBLE 1973 LP Track Records,20.00,0.0449
v1|307058897016|0,Joe Jackson 45RPM “Breaking Us In Two” 1983 80s Pop Rock 7” Vinyl PS,3.00,0.0449
v1|366538495910|0,"TINY TIM, WAND LABEL #33 RARE 45 RECORD UNKNOWN MINT",5.99,0.0449
v1|206408134781|0,Jordan De La Sierra - Gymnosphere: Song Of The Rose 2xLP - Unity,10.50,0.0449
v1|298499920040|0,Boz Scaggs - Hits! Vinyl Record LP Album,2.44,0.0449
v1|307059049066|0,Cher 45RPM “If I Could Turn Back Time” 1989 80s Pop Rock 7” GERMAN Vinyl PS NM,3.99,0.0449
v1|158077680036|0,"BILLY BUTTERFIELD 1945 REMOTES 16"" ACETATE RADIO TRANSCRIPTION PHIL NAPOLEON",99.99,0.0449
v1|307058594420|0,"End Jonny Dollar ""His Eyes"" E-1088 7"" 45 RPM Black Vinyl Promo Single",4.50,0.0449
v1|327258390124|0,The Marshall Tucker Band Carolina Drams LP Record !!,10.99,0.0448
v1|158077553571|0,Blackfoot Strikes Vintage Vinyl LP 1979 ATCO Record SD-38-112,7.99,0.0448
v1|336688949749|0,THOMAS DOLBY-EUROPA & THE PIRATE TWINS b/w RADIO SILENCE-1983 w/ PIC SLV- 45 RPM,2.75,0.0448
v1|147432275829|0,Led Zeppelin In Through the Out Door LP Vinyl Swan Song SS 16002,9.99,0.0448
v1|298500406692|0,LP Lot-Earthquake/The Planets/Fargo/Bobby Vee/I Believe in Saint Louis,12.00,0.0447
v1|298499687802|0,Christian  Rock  &  Gospel       57-LP's    CHOOSE  ANY   5  LP's   FOR   $22.00,22.00,0.0447
v1|298498982333|0,Taco~After Eight~1982 RCA Records Vinyl LP~AFL1-4818,6.00,0.0447
v1|336685075984|0,"Alfonso Ortiz Tirado - Por Si No Te Vuelvo A Ver, Victor 30078, Latin 78, 1932",9.99,0.0447
v1|188618429844|0,Duke Ellington - Eerie Moan - BRUNSWICK 6467 V,19.99,0.0447
v1|377338118199|0,Kenny Loggins - Nightwatch -1978 Columbia JC-35387 Vinyl Record LP,3.99,0.0446
v1|178305692254|0,"BRUCE COCKBURN - Stealing Fire(LP, 1984)  M-Record and Cover .Orig. Inner Sleeve",6.00,0.0446
v1|267726028761|0,STEELY DAN Aja LP ABC Records AA-1006 Gatefold,19.95,0.0446
v1|377292961812|0,ROLLING STONES - LET IT BLEED - LONDON NPS 4 W/ORIGINAL SLEEVE - REALLY NICE!!!,45.90,0.0446
v1|206411052012|0,Lot of 5 Blues Rockabilly R&B vinyl record albums Mint Condition Sealed ,21.50,0.0446
v1|298499938377|0,EDGAR WINTER GROUP - They only come out at Night - 1972 gatefold Lp,5.75,0.0446
v1|206410885521|0,"Long.Live.A$Ap by A$Ap Rocky (ASAP Rocky) (Record, 2013)",14.00,0.0446
v1|336681963148|0,The Outlaws  - Bring It Back Alive -  Gatefold White Label Promo (WLP) 2LP,24.99,0.0446
v1|147432684455|0,Kiss Alive Vinyl Record LP NB7020 USA Filmworks 3 Label UY2 Barcode 1985,19.99,0.0445
v1|278175947660|0,DOO WOP R&B 78 • The Tune Weavers • Checker 872 • Ol Man River • Happy Birthday,14.99,0.0445
v1|158077625196|0,"Beethoven The Nine Symphonies - Josef Kripf , 7LP Box Set 1960 Everest 3162/7",16.89,0.0445
v1|188632413757|0,STEVE WINWOOD - ARC OF A DIVER Vinyl LP 1980 RECORD Album ILPS 9576 NM,9.50,0.0445
v1|278175906184|0,PREWAR JAZZ 78 • Duke Ellington & His Kentucky Club Orchestra • Brunswick 3480,14.99,0.0445
v1|257614053129|0,Debbie Harry Backfired Vinyl Limited Edition Single Record 1981 Pressing Blondie,5.00,0.0445
v1|377337965410|0,"Mahavishnu Orchestra, John McLaughlin, The Inner Mounting Flame, Shrink Wrap VG+",24.99,0.0445
v1|358797300200|0,Lot Of Assorted Vinyl Records,8.99,0.0445
v1|358797300608|0,Lot Of Assorted Vinyl Records,8.99,0.0445
v1|800321844899|0,B-52'S Wild Planet WARNER BROS LP VG+ k,13.38,0.0445
v1|800321909291|0,JIMI HENDRIX War Heroes REPRISE MS-2103 LP k,8.00,0.0444
v1|267725816077|0,VINYL Billie Holiday - Lady In Satin NM,13.99,0.0444
v1|407073176491|0,Tommy JACKSON Grand Ole Opry Square Dances  DOT Df 101 (4) 78 rpm Rare VG+,7.92,0.0444
v1|227428764158|0,Velore & Double-O She's Fine Promo 12-Inch Single Vinyl Record Virgin DMD 1119,6.99,0.0444
v1|398167534522|0,Fifth Angel Fifth Angel 1986 Shrapnel Records SH-1022 Vinyl LP Metal,38.00,0.0444
v1|398167709498|0,Diamond S/T LP Paramount PAS 1021,0.99,0.0444
v1|800321889875|0,GRAND FUNK RAILROAD Phoenix CAPITOL LP gatefold k,8.00,0.0444
v1|307058841959|0,Viennese Symphonic Orchestra - Capriccio Espagnol - Vinyl LP,3.22,0.0443
v1|377336820681|0,R&B Soul 45 WILLIE MAE BIG MAMA THORNTON Yes I Cried/Mercy on Carolyn VG++/NM,7.99,0.0443
v1|137502866936|0,"Judy, by Judy Garland, LP, 1956",19.95,0.0443
v1|257618741201|0,THE DOOBIE BROTHERS STAMPEDE LP Warner Bros BS 2835 1975 Gatefold,4.95,0.0443
v1|206393865117|0,"DG 2532 085 Bernstein:West Side Story Dances;Candide/Barber:Adagio+/Bernstein,NM",7.00,0.0443
v1|168522444263|0,ARGENTINA ~ HOT CHACHACHA MAMBA ~ FREDDY ROLAND ~ HEAR ~ 78 RPM ~ X 6226,15.00,0.0443
v1|227423905582|0,Original Motion Picture Soundtrack 1973 - American Graffiti - 2-LP set,10.00,0.0442
v1|127970525973|0,Jukebox 45 & Title Strip Paula Abdul Blowing Kisses In The Wind Cleaned Tested,2.49,0.0442
v1|127974763250|0,"MIKE BLOOMFIELD & AL KOOPER, Live Double LP Fillmore SF 1968 Columbia VG/GOOD",9.86,0.0442
v1|336684611712|0,LP LOS CARIBES Barranquilla Tiene Sed ZEIDA LBL SALSA CUMBIA MINT-,19.95,0.0442
v1|336688291767|0,The Cars - Heartbeat Cityt LP - Elektra  Records 60296-1 original inner sleeve,6.99,0.0442
v1|278170561010|0,THE ALAN PARSONS PROJECT     Lot Of 2 Vinyl Records LPS,5.99,0.0442
v1|307049915491|0,THE CHUCK WAGON GANG ~ SELF TITLED  ~ 45  RPM EP ~  RECORD NM  COVER NM,3.99,0.0442
v1|206411145004|0,Vintage 1969 Johnny Winter Self-titled Vinyl Record Album,3.00,0.0441
v1|127965236395|0,KAI RAUTENBERG - HOLIDAY IN ITALY - 1975 MEXICAN LP ALBUM PROMO PUNCH HOLE COVER,14.99,0.0441
v1|307059502221|0,Somewhere in Time (1980) Original Soundtrack LP – John Barry Christopher Reeve,4.99,0.0441
v1|298500653480|0,Al Di Meola Casino LP 1976 Columia AL 35277,3.00,0.0441
v1|158077691186|0,ROCK Jimmy Clanton Cindy / I Care Enough Ace 8007 1963 PROMO HEAR IT,5.00,0.0441
v1|168535032140|0,CBS RCA YO-YO MA DVORAK CELLO CTO’s ELGAR BRAHMS SONATA AX PREVIN 3LP 1986 NM,10.50,0.0441
v1|398167502181|0,Kenny Loggins With Jim Messina Sittin’ In Vinyl  Columbia PC 31044 Classic Rock,6.00,0.0441
v1|407066862456|0,Stevie Wonder on TAM 54242,5.00,0.0441
v1|398182764086|0,EDDIE PALMIERI st BARBARO Killer! | Latin | Salsa | Guaguanco | LP HEAR,9.99,0.0441
v1|278175907366|0,PREWAR JAZZ 78 • Mezz Mezzrow & Orchestra • Brunswick 6778 • Swingin’ With Mezz,18.99,0.0440
v1|178296065642|0,Georgia Satellites Keep Your Hands To Yourself 1986 45rpm VG+ Elektra Records,2.25,0.0440
v1|318568504327|0,ELVIS PRESLEY Elvis' 40 Greatest RCA 2XLP VG++ uk pink vinyl repress & catalog k,12.50,0.0440
v1|800329214624|0,"Tom Petty ""Damn the Torpedoes"" 1979 Backstreet LP Vinyl - Amazing Record",19.99,0.0440
v1|366538984698|0,"The Fireballs 45 ""Quite A Party / Gunshot"" AU4",0.99,0.0440
v1|366538737127|0,"WU TANG  CLAN  "" PROTECT  YA NECK ""   12"" PROMO ",20.00,0.0440
v1|278174880052|0,R&B Soul 45 EVERGLADES Tell Me Pretty Baby/I Went To The S&S on Brenne VG++,7.99,0.0440
v1|298499976248|0,Boston - Boston Vinyl,4.25,0.0439
v1|407068036362|0,The Temptations Cloud Nine Lp,7.99,0.0439
v1|366535390682|0,JIMI HENDRIX Still With Us FESTIVAL 2XLP VG+ france gatefold k,8.00,0.0439
v1|377338118195|0,Frank Sinatra - The Main Event Live - Vinyl Record  LP - 1974 - Reprise FS 2207,9.99,0.0438
v1|398182755494|0,JOHNNY PACHECO + EL CONDE  Tres De Cafe FANIA Latin | Salsa  | Shrink LP HEAR,9.99,0.0438
v1|158077883244|0,ROCK Christopher & The Chaps They Just Don't Care Fontana 1530 1965 HEAR IT,5.00,0.0438
v1|336688954165|0,"Bob Dylan The Freewheelin' LP Columbia CS 8786 Vinyl 1963, ",71.25,0.0438
v1|127970523628|0,Jukebox 45 & Title Strip Rick Astley Giving Up On Love Cleaned Tested,2.49,0.0438
v1|278169972962|0,The Beatles - SGT. Peppers Lonely Hearts Club Band 67 First Press W/Inserts VG+,39.99,0.0437
v1|168531262655|0,André Previn London Symphony – Symphony # 3 And Fantasy For Orchestra LP,5.00,0.0437
v1|318583949190|0,1982 Iron Maiden The Number of the Beast EMI  Vinyl Record Album,24.95,0.0437
v1|236933964394|0,Stevie Ray Vaughan Live Alive 2LP Epic E2 40511 Vintage 1986 Blues Vinyl EX,11.00,0.0437
v1|267726026193|0,Crystal Gayle LP 1975 United Artists UA-LA365-G Country - Debut Album Near Mint!,4.99,0.0437
v1|398167483536|0,Young Brothers Tennessee Band 78. Bill Bailey Won’t You Please Come Home. 1927,12.00,0.0437
v1|336685156885|0,Joan Baez / 5,4.99,0.0436
v1|398168012436|0,Neil Diamond - Jonathan Livingston Seagull OST - 1973 Columbia KS 32550 LP - VG+,15.99,0.0436
v1|377338014686|0,Lynyrd Skynyrd Skynyrd's First And Last Lp Record !!,10.99,0.0436
v1|147432713451|0,"Roy Buchanan 'Dancing On the Edge' 1986 Record, Alligator Rexords",10.00,0.0435
v1|398165788305|0,Maurice Jarre Doctor Zhivago Soundtrack MCA Records LP 1985 NM,5.00,0.0435
v1|117298348117|0,"Johnathan Edwards, Randy Newman, & Leo Sayer Vinyl Music Record Albums. Clean.",3.99,0.0435
v1|298500524932|0,Leo Kottke LP Chrysalis 1106 1976,5.00,0.0435
v1|377338355944|0,RED HOT CHILI PEPPERS Blood Sugar Sex Magik Vinyl - LIMITED RED LP,40.00,0.0435
v1|398167030251|0,Bad Manners - The Height Of Bad Manners LP - Telstar,20.00,0.0435
v1|327258615018|0,W.C.Fields-The Temperance Lecture-Jay Records 10” LP,17.95,0.0434
v1|178305825103|0,The Boomtown Rats~Mondo Bongo  1981 COLUMBIA JC-37062 EX REC. AND COV. ,8.00,0.0434
v1|407068171415|0,Mortem De Natura Daemonum Please,38.99,0.0434
v1|188631186026|0,"Travis Tritt  Can I Trust You With My Heart / Hundred Years From Now 45 1992, VG",4.00,0.0434
v1|800321845009|0,Beatles - Yesterday And Today LP - Capitol Mono,11.50,0.0434
v1|407066066288|0,Frank Zappa Over-Nite Sensation Lp,9.99,0.0434
v1|257618650148|0,THE WHO-Pinball Wizard/Dogs Part.2-OR.1969 NOS Like New NM 45 & FACTORY SLEEVE!,9.99,0.0433
v1|267726021612|0,"NEW EDITION Crucial 12"" Maxi-Single EP MCA Records 1989 MCA-23934",4.95,0.0433
v1|127971525792|0,TONY ORLANDO & DAWN:To Be With You Elektra 7E-1049 LP 1976 VG-/VG-,6.00,0.0433
v1|198494022935|0,Bread and Classic Rock Pop 4-Album Vinyl Lot,5.00,0.0432
v1|127970846206|0,EDITH PIAF “More Piaf Of Paris” (1961 LP) Capitol ST-10283 Chanson Vinyl EXC,4.00,0.0432
v1|398174484608|0,STAR WARS SOUNDTRACK VINYL LP DOUBLE ALBUM 2T-541 1983 Re-Issue,10.00,0.0432
v1|188632429697|0,"DINO Lot Of 3 Vinyl 12"" RECORD - I LIKE IT / SUNSHINE / 24/7 NM",11.99,0.0432
v1|267725884667|0,Elvis Presley Harum Scarum LPM-3468 Mono W/bonus Pic EX/EX Nice And Clean Copy!,29.99,0.0432
v1|188631433450|0,"NEIL DIAMOND  on LP "" SERENADE "" rock",4.99,0.0431
v1|127971616303|0,"Carlos Campos Y Su Orquesta - S/T LP 1970 Good Vinyl 12"" Mexico Danzon Cha-Cha",0.99,0.0431
v1|366535389866|0,JETHRO TULL Thick As A Brick CHRYSALIS LP VG+ germany with attached booklet k,9.50,0.0431
v1|158077328426|0,Foreigner - Double Vision -LP  (VG+),4.99,0.0431
v1|206411164508|0,Tchaikovsky – Romances LP Record Classical Vinyl,9.99,0.0431
v1|800321898957|0,JETHRO TULL Stand Up REPRISE LP pop-up gatefold k,8.00,0.0431
v1|267725702749|0,Ukrainian Hit Parade Album 33 1/3,6.00,0.0431
v1|307051251415|0,"Roy Clark “Roy Clark’s Greatest!” Stereo Vinyl = VG:VG+ 12"" LP Record Country",3.00,0.0431
v1|287450959105|0,EVERLY BROTHERS-EB84,7.00,0.0430
v1|336684008376|0,R&B Soul 45 DENNA JOHNSON & RICKY DAVIS Who Me? Yeah You! on Simpson NM promo,7.99,0.0430
v1|278175118050|0,Frank Sinatra Sinatra & Company 1971 Two Tone/Photo Reprise Label VG/VG++,9.00,0.0430
v1|287456826790|0,Hot Tuna Hoppkorv 1976 LP Blues rock Grunt BFL1-1920 VG+/VG w/inner sleeve,3.95,0.0430
v1|158077883247|0,LATIN SOUL JAZZ Willie Bobo Evil Ways / Up-Up & Away Verve 10550 1967 HEAR IT,5.00,0.0430
v1|278175905190|0,PREWAR BLUES 78 • Bessie Smith • Louis Armstrong • Parlophone 2476 • St. Louis E,14.99,0.0430
v1|800330155954|0,"URIAH HEEP ""Look At Yourself"" - Mercury SRM 1 614  -  Orig. Vinyl LP Record",9.99,0.0429
v1|267726031334|0,MUDDY WATERS I'M READY LP CBS Records JZ 34928 1978,24.95,0.0429
v1|188630654868|0,Teena Marie  12''  Lover Girl,8.00,0.0429
v1|298500520663|0,"1980-BEETHOVEN: FIDELIO, CHICAGO SYMPHONY , SIR GEORG SOLTI, 3 LP LONDON BOX SET",1.99,0.0429
v1|366535388281|0,IRON MAIDEN Live After Death CAPITOL 2XLP VG+ gatefold k,25.00,0.0429
v1|147432389460|0,Vinyl Moon Monthly Music Club Lot of 10 Albums Vol 97-107 See Description/Photos,32.00,0.0429
v1|358787265228|0,"Reader's Digest Down Memory Lane 65 Years Song Hits Vinyl Box Set 12"" 33 RPM",5.00,0.0429
v1|168531015849|0,Columbia Record 78: A2829: Rings: Let The Rest of The World Go By: Lewis James,10.00,0.0429
v1|178300362310|0,Obscure TX Girl Country Honky Tonk 45 JANET EVERS Do The Town up Right DEAN hear,6.00,0.0429
v1|257618738966|0,"LOT OF 20+ MUSIC TREASURES OF THE WORLD 12"" LPs With Booklets",19.95,0.0429
v1|278175957221|0,The Kiki Dee Band – I've Got The Music In Me   Vinyl LP 33  MCA Records,2.99,0.0428
v1|318573770272|0,"Beatles (Harrison), Dylan, Petty Traveling Wilburys Vol. 3 Record Club LP NM SW",8.95,0.0428
v1|267726021380|0,"Al Stewart - 24 Carrots (LP, 1980) VG/VG, Vinyl Artista",3.50,0.0428
v1|267726045355|0,Elvis Presley – Elvis’ Gold Records Vol. 4 (1968) RCA Victor LSP-3921 Stereo EX!,19.99,0.0428
v1|188631182564|0,"Bob Seger  Fire Lake/ The Horizontal Bop, Capitol Records 4951 VG Condition ",4.00,0.0428
v1|377337082467|0,Ringo Starr 45 Step Lightly / Oh My My 1973 Apple Records 1872 vg+,5.00,0.0428
v1|377337082467|0,Ringo Starr 45 Step Lightly / Oh My My 1973 Apple Records 1872 vg+,5.00,0.0428
v1|800330730855|0,Nils Lofgren 4 LP Lot - Cry Tough/ Grin 1+1/I Came to Dance/ Flip VG+,10.99,0.0428
v1|298500651861|0,Heart Dreamboat Annie LP Starline/Capitol R164175 1976,12.00,0.0428
v1|278176051860|0,Stevie Nicks – Bella Donna. Vinyl LP Record Album.,5.00,0.0427
v1|800321845055|0,Everly Brothers - Roots LP - Warner Bros. VG+,21.05,0.0427
v1|267725995126|0,JOURNEY RAISED ON THE RADIO LP Columbia Records OC 39936 1986,19.95,0.0427
v1|278176236455|0,Weather Report This Is This Vinyl Album Lp,9.99,0.0427
v1|366531134318|0,Carson Robinson - Get Your Gun and Come Along - BLUEBIRD 11415 E+,19.99,0.0427
v1|168536292054|0,Lot of 6 Disco/Pop 70's Vinyl Records VG or Better Conditions!,15.99,0.0427
v1|800327113253|0,JEFF BUCKLEY Triple LP Sketches For My Sweetheart The Drunk 1998 Legacy RE vinyl,26.00,0.0427
v1|336684927508|0,Machito Orchestra - Fireworks Lp,21.95,0.0427
v1|168531667760|0,1947 VOGUE PICT DISC LULU BELLE & SCOTTY SOME SUNDAY MORNING / IN THE DOG HOUSE,7.50,0.0427
v1|188632467518|0,BETTY WRIGHT - BETTY TRAVELIN' IN THE WRIGHT CIRCLE Vinyl LP RECORD 4410 NM,9.88,0.0427
v1|188632375879|0,REV. F.W.McGEE  RCA test press  Mx 59591-1  E  Everybody Don't Know Who Jesus Is,40.00,0.0427
v1|198492960335|0,Paul McCartney Debut Solo First Album Vinyl LP Record Gatefold STAO 3363,10.00,0.0426
v1|278176338022|0,"DION Ruby Baby 1962 He'll Only Hurt You 7"" PICTURE SLEEVE ONLY 4-42662 NO ViNYL",9.99,0.0426
v1|336683997241|0,Girl Group Soul 45 BEACH GIRLS Skiing In The Snow/Goin' Places on Dynovox VG+,9.75,0.0426
v1|117298271682|0,Fear vintage 45 vinyl 7'' record single I Love Living in the City punk rock L.A.,15.50,0.0426
v1|158076366434|0,SABBAT Zorugelionslaught EP Infernal Thrash Recs ITR-007 /Ltd.Nr.:060/333 [gold],49.00,0.0426
v1|168531702498|0,THE GAYLADS Aren’t You The Guy (2005) Soul Beat Rocksteady Ska Reggae 45 UK HEAR,6.00,0.0425
v1|307059182143|0,Elisabeth Schwarzkopf in Songs You Love vinyl record Angel Tested Works,2.08,0.0425
v1|800321858865|0,BRUCE SPRINGSTEEN Nebraska COLUMBIA LP VG+ k,9.50,0.0425
v1|377338118369|0,Benny Goodman - The ABC Collection - Vinyl Record LP AC-30014 Jazz,4.99,0.0425
v1|147432418231|0,Ennio Morricone Storie Di Vita Soundtrack LP (1975) GREEN Colored vinyl RSD 2024,20.00,0.0425
v1|198497486820|0,Lot (8) Rap Hip-Hop N X 2 PAC  SNOOP DOGG  KRIS KROSS STARSHIP 27 AND MORE,25.00,0.0425
v1|227428493944|0,"Glen Campbell That Christmas Feeling 12"" Vinyl LP Capitol ST 2978 33 RPM Stereo",3.01,0.0425
v1|227428482808|0,KEVIN MORBY Oh My God DEAD OCEANS 2019 2xLP BLUE VINYL Record ALBUM M- USED,29.99,0.0425
v1|398165806027|0,Beethoven Missa Solemnis Solti/Chicago Symph. Vinyl 2LP-Box W/Booklet OSA-12111,5.00,0.0425
v1|327257844353|0,DIAMOND REXX Land of the damned lp USA NM/M,18.96,0.0425
v1|168531817178|0,JAZZ Don Caron Orch Work Song / Twist Cha-Cha IRC 6914 173 1957 HEAR IT,5.00,0.0424
v1|278175756839|0,A Halo To You / the Angels Lp VG++ 1964 SMASH LBL,15.00,0.0424
v1|318568502331|0,DOORS Waiting For The Sun ELEKTRA LP gatefold k,8.50,0.0424
v1|278174854342|0,Deep Soul 45 COASTERS T'ain't Nothin' To Me one-sided acetate,7.99,0.0424
v1|278176319824|0,FIDDLING DOC ROBERTS Ninety Nine Years/Over The Waves 10IN 1933 COUNTRY NM- ,19.99,0.0424
v1|188631182326|0,"Barbara Mandrell love is fair vinyl album MCA Records 5136 ,1980 VG Condition ",4.00,0.0424
v1|188631991513|0,"EDDIE RABBITT on LP "" HORIZON "" rock country",4.99,0.0424
v1|336684160080|0,BILL MONROE / BLUEGRASS INSTRUMENTALS LP 1980 / MCA 104 SHRINK WRAP EXCELLENT,11.99,0.0424
v1|178305006083|0,The Mindbenders a Groovy Kind of Love / love is Good Vinyl Record 45 F-1541 EX-,5.00,0.0424
v1|127971105607|0,Jukebox 45 & Title Strip Poison Unskinny Bop Cleaned Tested,2.49,0.0424
v1|800321851918|0,BILLY JOEL An Innocent Man COLUMBIA QC-38837 LP SEALED k,8.50,0.0423
v1|227423913536|0,Jefferson Starship - Wind Of Change- 1982,7.00,0.0423
v1|147432602711|0,Cream Disraeli Gears  Lp stereo Atco yellow label G+,5.99,0.0423
v1|117297950355|0,Glen Campbell Lot Of 4 Vinyl Record Album Ex Condition,20.00,0.0423
v1|127971525780|0,WOODSTOCK:Music From the Original Soundtrack Cotillion SD 3-500 3LP 1970 G+/G+,4.00,0.0423
v1|227428466526|0,"Chuck Wagon Gang Going Home For Christmas 12"" Vinyl LP Columbia C 30263 Stereo",3.51,0.0423
v1|298499847400|0,Linda Ronstadt Vinyl LP Silk Purse 1970 Capitol Records VINTAGE ALBUM ST 500407,9.75,0.0423
v1|407068301395|0,"Kim Carnes – Bette Davis Eyes 7"" Single Record 1981 EMI America Pop Rock 45 RPM",1.99,0.0423
v1|336684006691|0,R&B Jazz Inst. 45 FANTASTICS Summertime/Call Me on 1000 Acres Ranch,7.99,0.0422
v1|327257845975|0,James Taylor 'That's Why I'm Here' LP Vinyl 1985 - Columbia FC 40052 EX-NM 100%,8.87,0.0422
v1|336679392219|0,16x LP Record Lot Mixed Grade Sesto Ocampo Amalia,12.00,0.0422
v1|127970956504|0,Huey Lewis And The News 1983 EX++ Pop Rock Reissue LP Chrysalis Records,8.00,0.0422
v1|188631954304|0,The Ticklers – Four Days Love / Healing In The Balm Yard 78 Jamaican Mento MRS,40.00,0.0422
v1|800330885209|0,Merry Christmas to You Capital T-9030 Hard to Find LP,9.99,0.0422
v1|366537662820|0,"Nature of the Beast-Color Vinyl 180 g by April Wine (Record, 2022)",3.20,0.0422
v1|398167015605|0,THE NAME OF THIS BAND IS TALKING HEADS DOUBLE ALBUM 1982,18.00,0.0422
v1|117298438362|0,Minnie Riperton ~ The Edge Of A Dream/ Lovin' You ~ Epic 45 RPM Record,4.00,0.0422
v1|178305389609|0,Clifton Chenier 45 No. 800 Keep On Knocking / You Promised Me Love VG+,10.00,0.0422
v1|318568487277|0,BRIAN HYLAND Greatest Hits RHINO LP VG+ autographed k,8.00,0.0422
v1|257618725226|0,THE MOODY BLUES Seventh Sojourn LP THRESHOLD Records THS 7 1972,4.95,0.0422
v1|257612414742|0,The Pretenders  Get Close  LP  25488-1    VG+,5.00,0.0422
v1|398168025401|0,Sinatra-Basie  Vinyl,5.00,0.0422
v1|336685143314|0,The Beatles - Eight Days A Week/I Don't Want To Spoil The Party (Capitol 5371),19.95,0.0421
v1|398167582466|0,Louis Prima The Wildest Show at Tahoe Vinyl Record LP T-908 Turquoise Label,17.99,0.0421
v1|137507485680|0,"Deep Purple 1973 Made in Japan Warner Bros. Vinyl Record 12"" 2WS-2701 Double LP",4.00,0.0421
v1|377336816229|0,Northern/Sweet Soul 45 IMAGINATIONS I Love You More/I Want A Girl on Bacon Fat,7.99,0.0421
v1|267726026816|0,Donna Fargo LP The Happiest Girl in the Whole USA 1972 Dot DOS-26000 EX!,4.99,0.0421
v1|188630729494|0,Judy Torres   Come Into My Arms   12''  Promo  Freestyle,8.00,0.0421
v1|158077765381|0,Ghostface Killah - Supreme Clientele  2LP Aqua/Teal Vinyl album record Wu-Tang,29.75,0.0421
v1|407068036997|0,Jethro Tull Aqualung Lp,7.99,0.0421
v1|398167012559|0,Daryl Hall & John Oates  / Along The Red Ledge / RCA/ 1978 /Vinyl LP / VG +/VG +,6.00,0.0421
v1|377338014971|0,Neil Young Trans Lp Record !!!,9.99,0.0421
v1|227428457235|0,"Jim Reeves Twelve Songs of Christmas 12"" Vinyl LP RCA ANL1-1927 Stereo",3.00,0.0420
v1|800068599106|0,Lp Record 33 1/3 herbie hancock/mega mix 45 single #04960 columbia records,3.00,0.0420
v1|336683995856|0,Funk 45 MOODS King Hustler/Hustlin on Reddog VG+,7.99,0.0420
v1|298499948458|0,Waring's Pennsylvanians - Button Up Your Overcoat / My Lucky Star ,8.00,0.0420
v1|398182715503|0,DIMENSION LATINA Solid Gold | Killer! | Latin | Salsa | Guaguanco LP HEAR,9.99,0.0420
v1|127971525915|0,BOOTS RANDOLPH:Country Boots Monument KZ 32912 LP 1974 VG/VG-,6.00,0.0420
v1|198492668198|0,Various - DON'T BE A MENACE IN SOUTH CENTRAL - Vinyl LP 1996 Soundtrack Hip Hop!,11.50,0.0420
v1|298493900426|0,CHUCK BERRY Sweet Little Rock and Roller Pickwick  SPC3345 LP Vinyl,4.00,0.0420
v1|800331353667|0,"Elvis Presley MASSIVE Vintage Original Vinyl Records Lot Of 4, VG-G 🔥🔥",6.50,0.0420
v1|327258390132|0,Sly and the Family Stone STAND Lp Record. Very Clean Copy.,11.99,0.0420
v1|257618640907|0,VERDI - 5 Box Sets - 13 LP's - Don Carlo - Simon Bocanegra - Ballo in Maschera,20.00,0.0419
v1|117298286984|0,Petra - Back to the Street - LP Album 1986 Signed Vinyl,60.00,0.0419
v1|188632431652|0,JOHN ANDERSON - TOKYO OKLAHOMA Vinyl LP RECORD 1985 Album COUNTRY 1-25211 NM,9.88,0.0419
v1|298500584625|0,"1959-LLOYD PRICE, ""HAVE YOU EVER HAD THE BLUES / PERSONALITY"",R&B, ROCK AND ROLL",0.99,0.0419
v1|800069717637|0,Lp Record 33 1/3 the cars/heartbeat city #60296 elektra records,5.00,0.0419
v1|158077563789|0,Collection of 15 60's Vinyl 45s Herman Hermits Lovin Spoonful Young Rascals BGs,5.00,0.0419
v1|800321845044|0,Dr. West's Medicine Show & Junk Band - The Eggplant That Ate Chicago LP SEALED,21.50,0.0418
v1|307058968925|0,Ernest Stoneman Dixie Mountaineers EDISON 52056 - The Long Eared Mule -Bluegrass,9.00,0.0418
v1|336684011251|0,R&B Soul Popcorn 45 CHANTEURS You've Got A Great Love on Vee Jay VG++/NM promo,7.99,0.0418
v1|377338118294|0,Dann Rogers - Hearts Under Fire Vinyl Record LP Hype Sticker 1978 IA Label Pop,2.99,0.0418
v1|206408134710|0,Bruce Springsteen - Working On A Dream 2xLP - Columbia 180g VG+,9.50,0.0418
v1|178304689552|0,Colour Field Virgins & Philistines Rock Music Band 1985 Lp Vinyl Record Album,8.00,0.0418
v1|206410802858|0,ANNE MURRAY 'LETS KEEP IT THAT WAY' VINYL LP. CAPITOL 1978 ,3.00,0.0418
v1|336684014394|0,Sweet/Northern Soul 45 SPECIALS You Stood Me Up/Everybody Say Yea on Satch,22.50,0.0418
v1|377338005937|0,PINK FLOYD MASTERS OF ROCK VINYL LP HOLLAND COLUMBIA SC05404299,35.00,0.0418
v1|327259371643|0,Grand Funk 45 – The Loco-Motion / Destitute & Losin' VG S 45X-91074Z5/Z6 RARE,0.99,0.0418
v1|206410549532|0,Peter Gabriel Ep * Sledgehammer * Geffen Records 9-20456-0 A (1986),3.99,0.0418
v1|377336813953|0,Northern Soul 45 SOOTHERS I Believe In You/Little White Cloud That Cried on Port,7.99,0.0418
v1|267726027013|0,THE ROLLING STONES Dirty Work LP Rolling Stone Records CBS 86321,9.95,0.0418
v1|407068318926|0,(5) EXPOSE Unplayed 45 Rpm W/ Pic Sleeves POINT NO RETURN / Let Me Be One,4.72,0.0417
v1|377338117819|0,Blast Featuring V.D.C.- Crayzy Man - 12” Single Vinyl Record LP Electronic House,1.99,0.0417
v1|800321877640|0,ELTON JOHN Goodbye Yellow Brick Road MCA MCA2-10003 2XLP tri-fold cover k,8.50,0.0417
v1|257618543816|0,"American Pop `1981 soundtrack  Hendrix, Doors, etc. the cover is still in shrink",4.99,0.0417
v1|257618543816|0,"American Pop `1981 soundtrack  Hendrix, Doors, etc. the cover is still in shrink",4.99,0.0417
v1|267726085811|0,Sonny James Sings Vinyl LP Crown Records CLP 5499 Country Music,3.95,0.0417
v1|366538551349|0,"RANDY AND THE RAINBOWS, AMBIENT SOUND PROMO LABEL #02872 45 RECORD",1.99,0.0417
v1|287456411023|0,Leon Russell by Leon Russell Vinyl Shelter 1970,4.85,0.0417
v1|188632358292|0,Latin - Rolando Laserie El Rey Guapachoso - Salsa Cumbia Porro Cha Cha Bolero,9.99,0.0417
v1|336684251430|0,Thunderpussy - West 2024 Vinyl Gold,14.99,0.0417
v1|227425729557|0,DUKE ELLINGTON ORCHESTRA Digital Duke Club Edition Sterling LP Vinyl NM,4.99,0.0417
v1|366535389760|0,JETHRO TULL Songs From The Wood CHRYSALIS LP VG+ germany k,8.00,0.0417
v1|366535381781|0,ERIC CLAPTON There's One In Every Crowd RSO LP VG+ k,10.50,0.0416
v1|307058833729|0,"KISS Alive! LP Casablanca 12"" 33 RPM Black Vinyl Record Album (2 Album set)",400.00,0.0416
v1|327258669146|0,King Crimson / Sleepless - Classic Rock Vinyl - 1984 Original Maxi Single,1.25,0.0416
v1|127974491357|0,LP 12 Capitol ST-512225 Anne Murray The Hottest Night of The Year,2.95,0.0416
v1|298499186050|0,"The Gap Band You Dropped A Bomb On Me 7"" Vinyl 45 Total Experience TE 8203",2.30,0.0416
v1|127965236320|0,AMALIA MENDOZA / JOSE ALFREDO JIMENEZ -AMALIA Y JOSE ALFREDO-1964 MEX LP WOC WOL,19.99,0.0416
v1|800330264935|0,Mario Piu Techno Harmony,5.00,0.0416
v1|227424278958|0,"Barbra Streisand ""The Way We Were"" Lp CBS PC 32801",3.49,0.0416
v1|168530366472|0,Deutsche Grammophon 2535 203 Beethoven Symphony 9 D minor Berlin Ferenc Fricsay,15.00,0.0416
v1|198493736427|0,Nonesuch Scott Joplin Piano Rags Vol II Joshua Rifkin LP Stereo H-71204 1972,1.50,0.0416
v1|298491974434|0,"AC/DC  - Back In Black - Short/Long -  US PROMO 7""",14.99,0.0416
v1|298500405919|0,Lot 5 TOM JONES LP-Fever Zone/Help Yourself/Green Green Grass of HomeShes A Lady,25.00,0.0416
v1|407066726227|0,Alice Cooper Greatest Hits ~ Record Made in US BSK3107 ~ No Bar Code,9.99,0.0415
v1|206408134757|0,Hawkwind - Hall Of The Mountain Grill LP - United Artists VG+,14.01,0.0415
v1|336684607146|0,LP Los Caribes Hoy Gran Baile Con Los Caribes CBS LBL COLOMBIA OG MINT- CUMBIA!,16.95,0.0415
v1|366538350381|0,Carly Simon ‎Playing Possum Album LP Elektra ‎7E-1033 Tested,7.25,0.0415
v1|366534876831|0,Rare Latin 45 - Joan Sebastian - El Viejo Joven - Musart # MP-290 - Promo,7.99,0.0415
v1|267725624847|0,Louis Armstrong: And The Good Book LP 1958  - DL 8741 VG+/VG,2.99,0.0415
v1|158077769628|0,Crystal Gayle 2 Vinyl LP Records: Favorites (1980) & Miss the Mississippi (1979),6.99,0.0415
v1|137494301268|0,GREEK ~ BLACK SEA STYLE RAW FOLK FIDDLE ~ ~ 78 RPM ~ 6377,500.00,0.0415
v1|188632363641|0,Latin - Los 3 Ases - Arcano - Norteno Folk Trio Mariachi Reissue,9.99,0.0414
v1|800321898847|0,JETHRO TULL Minstrel In The Gallery CHRYSALIS LP VG+ germany k,8.00,0.0414
v1|398167025615|0,The Executives Still On Top,6.00,0.0414
v1|158076979118|0,Crosby Stills Nash & Young 4 Way Street 1971 Vinyl Double LP SD 2 902 VG+,0.99,0.0414
v1|206408134760|0,Iron Maiden - The Book Of Souls: Live Chapter 3xLP - BMG NM,11.50,0.0414
v1|366538581742|0,"Plaid Retina, 7"" single, The Spark, Very Small Records, sticker included",5.00,0.0414
v1|206410606482|0,"THE JIVE FIVE ""HURRY BACK"" 1963 HIGH GRADE DOOWOP ON BELTONE NEAR MINT HEAR IT",9.99,0.0414
v1|287456558424|0,The Best Of Peter and Gordon Vinyl LP LISTEN HERE,0.99,0.0413
v1|377338014663|0,The Allman Brothers Wipe The Windows Check The Oil Dollar Gas 2Lp Record Set!,13.99,0.0413
v1|127971418292|0,The Police Zenyatta Mondatta A&M Records 1980 Sting Don't Stand So Close To Me,11.00,0.0413
v1|267724482230|0,Megadeth – Peace Sells...But Who's Buying? - 2018 Europe - Dark Purple - Sealed!,100.00,0.0413
v1|206414928711|0,Horse Latitudes Awakening Double LP Vinyl  Doomentia Records Used Metal Doom,20.00,0.0413
v1|800329825574|0,"Hail Satin by Dee Gees [RSD Limited Edition] (Vinyl LP, Jul 2021, RCA Records)",105.50,0.0413
v1|206408134713|0,Chris Darrow - Under My Own Disguise LP - United Artists VG+ TEST PRESS,10.49,0.0412
v1|318568478773|0,Jerry Jeff Walker - Viva Terlingua LP - MCA VG+,12.50,0.0412
v1|298500526260|0,"1957-STRAVINSKY: ""RITE OF SPRING"" , PIERRE MONTEUX, PARIS CONSERVATORE , 12"" RCA",1.99,0.0412
v1|366535367333|0,BOB DYLAN Hard Rain COLUMBIA LP VG+ k,9.50,0.0412
v1|318581385287|0,Vinyl Record Lot 8 LPs Metallica Master of Puppets Black Sabbath Pantera Soulfly,123.00,0.0412
v1|366538564758|0,Bo Didley 45 RPM - Husband-In-Law (STEREO) / (MONO) - Chess CH 2134. 1972 PROMO,0.49,0.0412
v1|298503307279|0,Katelyn Tarver Subject To Change SIGNED! LP 2021 Vinyl AUTOGRAPHED,7.99,0.0412
v1|278174854989|0,Deep Soul 45 ROMANCERS I Did The Wrong Thing/Don't Let Her Go on Linda NM promo,7.99,0.0412
v1|327258645020|0,"Helene Baillargeon Alan Mills 10"" LP Songs Of French Canada FOLKSWAY Booklet BX2",2.50,0.0411
v1|206410843944|0,Vtg 1962 Vinyl Record Nursery Rhymes United Artists,4.00,0.0411
v1|158077883246|0,GARAGE The Lost Maybe More Than You / Back Door Blues Capitol 5519 1965 HEAR IT,5.00,0.0411
v1|198494022932|0,Luther Vandross and Dionne Warwick Soul 4-Album Vinyl Lot,9.00,0.0411
v1|366535357838|0,ALICE COOPER Goes To Hell WARNER BROS LP VG+ k,11.50,0.0411
v1|178305690600|0,The B-52's Mesopotamia 1982  STERLING MINI3641 M-record and cover ,15.00,0.0411
v1|227428470995|0,LSDREAM Peace Love & Wubz 2xLP Dubstep NEON YELLOW VINYL Record ALBUM USED,69.99,0.0411
v1|206411153301|0,Concert of The Ural Russian Folk Choir Vinyl LP Record 10”,9.99,0.0411
v1|127970523947|0,Jukebox 45 & Title Strip Rick Astley It Would Take A Strong Man Cleaned Tested,2.49,0.0411
v1|267725816401|0,TEN YEARS AFTER     STONEDHENGE ON DERAM DES 18021.     1969 ,4.36,0.0411
v1|178305667848|0,"Baldwin LP Record, The Brethren Four, Living By Faith, VG ",2.00,0.0411
v1|298499126922|0,Joe Jackson Jackson Browne LP Vinyl Record Used Lot,8.00,0.0411
v1|178303314861|0,"ROBERTA - Kitty Carlisle, Alfred Drake - Vinyl LP - Decca DLP 8007 - 1949",9.99,0.0410
v1|137507136957|0,TIM McGRAW Indian Outlaw / Don't Take The Girl 45 Curb NR-76923 NM,6.00,0.0410
v1|278176306164|0,Robert Plant Alison Krauss Raise The Roof Vinyl Album Lp,14.99,0.0410
v1|127971526974|0,JEFFERSON AIRPLANE:Surrealistic Pillow RCA LSP-3766 LP 1967 G/VG-,4.00,0.0410
v1|298499988389|0,Irving Aaronson HI-HO THE MERRIO / What Good Is Good Morning ,7.00,0.0410
v1|257618761458|0,"Where the Fast Lane Ends [LP] by Oak Ridge Boys (The) (Vinyl, MCA Records USA)",1.30,0.0410
v1|377338014669|0,Yes... Relayer Very Clean Lp Record!!!,10.99,0.0410
v1|127970479195|0,Elvis Presley Burning Love W/ Bonus Photo CAS-2595 1st Pressing Camden 1972,39.99,0.0410
v1|198493461267|0,Vinyl Genesis 4 albums - abacab Trick of the Tail Duke Eponymous,20.00,0.0410
v1|188632415380|0,BRUCE SPRINGSTEEN - THE WILD INNOCENT & E STREET SHUFFLE Vinyl LP Reissue RECORD,9.99,0.0409
v1|178304808522|0,"Don Ho - ""I Think About You"" - Unverifed Autograph LP",4.00,0.0409
v1|298499129723|0,"Johnny Nash I Can See Clearly Now/How Good It Is 7"" 45 Epic 5-10902",2.00,0.0409
v1|336684820892|0,Led Zeppelin Vinyl Record 4 set lot- NM-VG+ Physical Graffiti,250.00,0.0409
v1|398167174524|0,The Temptations Masterpiece,8.00,0.0409
v1|800321848970|0,BEATLES Rubber Soul CAPITOL LP purple label k,8.50,0.0409
v1|168531610220|0,"G I JOURNAL 16"" RADIO SHOW TRANSCRIPTION BING CROSBY JIMMY DURANTE MEL BLANC",99.99,0.0409
v1|188631638282|0,"'75 Allman Brothers 2-LP ""The Road Goes On Forever""-Gatefold-Excellent Condition",12.00,0.0409
v1|298492055587|0,"Michael Jackson  - Human Nature -  PROMO US Picture Sleeve PS 7""",9.99,0.0409
v1|318573148272|0,"THE GRASS ROOTS I Can Turn Off The Rain 45 7"" POP ROCK Record Vinyl Dunhill ABC",2.00,0.0408
v1|318573759861|0,VTG 50's Peter Pan Red Record Alice in Wonderland 7 inch L-21,3.00,0.0408
v1|327259371664|0,"Sha Na Na - Rock & Roll Is Here To Stay Vinyl Record - Good Condition, see Pix",1.99,0.0408
v1|178303507157|0,"Living Sound LP RECORD, Longines symphonette, The Years to Remember  WWII  VG",2.00,0.0408
v1|127971448811|0,"Gerald Wilson Orchestra - The Best Of LP 1978 VG+/VG Vinyl 12"" Jazz Big Band",0.99,0.0408
v1|366537276882|0,HEAR - Rare Soul 45 - Eddie & Ernie - Time Waits For No One - Eastern # 45-602,9.99,0.0408
v1|366538991043|0,"Johnny Rodriguez LP ""Practice Makes Perfect"" BX4B",3.00,0.0408
v1|298500027478|0,Chuck Berry's Golden Decade (The Original Two Albums) Used Vinyl LPS 1514D,6.50,0.0408
v1|206410881323|0,Average White Band by The Average White Band ,3.00,0.0407
v1|298500545373|0,"1975-JANIS IAN, "" AFTERTONES"" , 12"" COLUMBIA RECORD, FOLK ROCK",1.99,0.0407
v1|800321884610|0,FOGHAT Rock And Roll Outlaws BEARSVILLE LP VG+ k,8.00,0.0407
v1|117305965385|0,Rolling Stones More Hot Rocks 2LP London Records 2PS 626/7,30.00,0.0407
v1|117298600597|0,"Vintage Vinyl/LP. Mazz. Continuacion, Number 16 Part II/2. 1986. CRL-84333. READ",69.99,0.0407
v1|287457311617|0,"STEVIE RAY VAUGHAN, BB KING ET AL. Atlantic Blues::Guitar 2LP 1986 BLUES NM- NM-",12.99,0.0407
v1|336685035736|0,DUO CABRISAS FARACH CON JULIO GUTIERREZ ASI CANTABA CUBA RECORDS SALSA LP HEAR ,7.77,0.0406
v1|206410820669|0,"Blues Rockers ""Trouble in My Home""/ ""Times Are Getting Hard"" Aristocrat 407",50.00,0.0406
v1|366531012453|0,Billie Holiday with Eddie Heywood Trio - I Love My Man - COMMODORE 614 E+/E,19.99,0.0406
v1|800321845122|0,Kinks - Muswell Hillbillies LP - RCA Victor VG++,13.50,0.0406
v1|327258649979|0,"The Four Esquires 45 ""Love Me Forever / I Ain't Been Right Since You Left"" AU3",0.99,0.0406
v1|267725869320|0,"Rubinstein Chopin Concerto No. 1, Skrowaczewski (LP 1961 RCA-Victor LSC-2575) ",7.99,0.0406
v1|117228436681|0,Vintage Vinyl/LP. La Mafia. 1986. Tejano/Tex-Mex/Bolero/Norteño. CRL-84320. READ,39.99,0.0406
v1|287457084085|0,Linda Ronstadt Simple Dreams 1977 LP Gatefold Vinyl Record Asylum,3.00,0.0406
v1|287457389611|0,Gary Lewis And The Playboys Golden Greats LRP-3468 Liberty Vinyl Gatefold 1966 -,6.00,0.0406
v1|298499992299|0,Jorma Kaukonen With Tom Hobson Quah Vinyl LP 1974 Grunt Record BFL1-0209-A,4.99,0.0406
v1|188618544733|0,Billie Holiday - Love Me Or Leave Me - CLEF 89150 E+,19.99,0.0406
v1|336685176005|0,THE BEATLES Magical Mystery Tour 1971 RE EXCELLENT Player!!  Ultrasonic/VPI,39.50,0.0405
v1|336683999626|0,Northern Soul 45 COOKIE JACKSON Uptown Jerk/Go Shout It On The Mountain NM,7.99,0.0405
v1|127970828596|0,Tony Orlando & Dawn - Vinyl LP Lot - 6 Vintage Albums in Excellent Condition,18.00,0.0405
v1|298493916599|0,CAROL KING RHYMES & REASONS VINYL LP 1972 ODE RECORDS SP 77016 GATEFOLD,3.00,0.0405
v1|298493906193|0,Dave Brubeck Two Generations Of Brubeck LP SD 1660 Vinyl Album Record Jazz,3.00,0.0405
v1|168531029431|0,The Longines Symphonette Society* – Treasury Of Waltzes Vinyl 3 LP Box Set,5.00,0.0405
v1|168531571714|0,GARAGE The Mark V I Want To Say Blast 215 1964 PROMO HEAR IT,10.00,0.0405
v1|307059132436|0,"Duane Eddy ""Ring of Fire"" / ""Bobbie"" Jamie 1187 7"" 45 RPM Black Vinyl Promo",1.30,0.0404
v1|236933059904|0,EchoChamber I’m Real I’m Here Color Vinyl 2XLP Serial Experiments Lain Vaporwave,129.99,0.0404
v1|236933236514|0,"LED ZEPPELIN IN THROUGH THE OUT DOOR LP. SWAN SONG SS-16002 ""B"" VARIANT",9.95,0.0404
v1|168531432980|0,Bob Dylan The Freewheelin' Bob Dylan Columbia 6 eye early matrix,175.00,0.0404
v1|336684013579|0,Sweet Soul 45 TENDER LOVING CARE Two Fools Are We/My World Is Falling on Renfro,7.99,0.0404
v1|366535371353|0,CARS Candy-O ELEKTRA LP k,8.00,0.0403
v1|307059862738|0,Paul McCartney Ringo  Stanley Clarke  Pipes Of Peace    NM,10.00,0.0403
v1|147432736410|0,FOREST Foredooming The Hope For Eternity 2x LP Russian black metal branikald,45.00,0.0403
v1|267726069061|0,Dimension Latina Salsa Brava LP NM 1975 Oscar D’Leon Wladimir THS-1147 Top Hits,24.95,0.0403
v1|327258618685|0,Norgran Records EP N-110  Album #3 Our Best Supervised by Norman Granz,9.95,0.0403
v1|287456888155|0,AEROSMITH⚡️GOLD STAMP WHITE LABEL RADIO PROMO-NICE ! ,24.99,0.0402
v1|298500406911|0,EVITA Premier American Recording Double  LP Album,4.99,0.0402
v1|117296976895|0,BEATLES RUBBER SOUL MFSL LP SEALED IN BAGGY,175.00,0.0402
v1|117296976895|0,BEATLES RUBBER SOUL MFSL LP SEALED IN BAGGY,175.00,0.0402
v1|407067513187|0,Motörhead – The Complete Motörhead Kit Very good condition with all contents,111.77,0.0402
v1|168531512917|0,41 LP Vinyl Lot Kiss Halen Roth Prince Police BOC Nugent Clash Idol Leppard Jett,78.00,0.0402
v1|278174878837|0,R&B Soul 45 ATLANTICS Fine Fine Fine/Beaver Shot on Rampart promo,7.99,0.0402
v1|298500472145|0,"1975-PAUL McCARTNEY  ,WINGS, ""LISTEN TO WHAT THE MAN SAID"", 7 "" CAPITOL RECORD",0.99,0.0402
v1|127971525964|0,BREAD:On The Waters Elektra EKS-74076 LP 1970 VG-/VG,6.00,0.0402
v1|127971433248|0,"Divine - Lately (Raphael Saadiq Remix) 12"" Single VG Vinyl 1998 R&B Hip-Hop",0.99,0.0402
v1|377337889513|0,"Johnny Zamot, ""I've Got the Feeling"", Latin Boogaloo 45, LISTEN",4.99,0.0402
v1|267727835403|0,ORGY Vapor Transmission Plasma Color Vinyl Record,19.99,0.0402
v1|168531508477|0,KISS-Rock And Roll Over -Vinyl LP-1976 Casablanca NBLP 7037- VG+ CONDITION,14.99,0.0402
v1|206408134772|0,Jimmy Liggins & His Drops Of Joy - S/T LP - Specialty SEALED,8.00,0.0401
v1|206408134772|0,Jimmy Liggins & His Drops Of Joy - S/T LP - Specialty SEALED,8.00,0.0401
v1|307052130527|0,RAY PRICE ~ SELF TITLED ~ 195? ~ 45 RPM ~ EP ~ RECORD  NM COVER EX,3.99,0.0401
v1|800331326611|0,"The Rolling Stones Between the Buttons 12"" Black Vinyl LP 33 RPM London",7.99,0.0401
v1|178300362300|0,Wild WI Harmonica Country Bopper 45 CHUCK RITTER Wabash Cannon Ball MOON obscure,6.00,0.0401
v1|198478131829|0,MICHIKO HAMAMURA JAPAN'S TEEN QUEEN RCA EPA-4095 & EPA-4190 QUEEN WITH A BEAT,25.00,0.0400
v1|398166906813|0,The Best Of Party Rock,8.00,0.0400
v1|117294255150|0,Richard Pryor Wanted 2 LP set 1978 Warner Bros 2BSK 3366 ex comedy,9.99,0.0400
v1|158077030842|0,RUSH - 2112 Gatefold 1976 Vinyl LP Record Album Mercury SRM-1-1079,19.99,0.0400
v1|137507075493|0,ROCK ROLL RHYTHM BLUES 45 RPM RECORD STORMY MONDAY BLUES T-BONE WALKER WET SOUL,5.50,0.0400
v1|398167710975|0,Frank Sinatra  Ol Blue Eyes Is Back Vinyl,5.00,0.0400
v1|800329102257|0,"Joeski & Djulz Maya Records 12"" Single Vinyl 33 RPM Electronic House",8.92,0.0399
v1|336684874958|0,"Romeo Void Benefactor LP Vinyl Columbia ARC 38182 1982 Rock 12"" 33 RPM",10.00,0.0399
v1|147432901253|0,PATTI AUSTIN - EVERY HOME SHOULD HAVE ONE Vinyl LP 1981 RECORD QWS 3591 EX+,8.99,0.0399
v1|800321844520|0,B.B. KING Easy Listening Blues UNITED LP k,8.00,0.0399
v1|366535365479|0,BLACK SABBATH Master Of Reality WARNER BROS LP embossed cover k,26.00,0.0399
v1|377341207403|0,NOFX Single Album ukraine LP rancid lagwagon bad religion pennywise,89.99,0.0399
v1|137505277680|0,BILL MONROE Bluegrass vinyl Record Albums with Jimmy Martin & Others VGC,19.95,0.0399
v1|188618473250|0,Billie Holiday - Summertime - VOCALION 3288 E,19.99,0.0398
v1|127971165997|0,Peter Frampton Baby I Love Your Way/It’s A Plain Shame 7” 45rpm Vinyl Record NM,3.99,0.0398
v1|188632427342|0,MAC AND KATIE KISSOON - THE TWO OF US Vinyl LP 1976 RECORD Soul MCA 2192 NM,8.99,0.0398
v1|318568494754|0,"CROSBY, STILLS, NASH & YOUNG So Far ATLANTIC R-130230 LP club edition SEALED k",8.50,0.0398
v1|377338010929|0,In Shrink Wrap Iron Butterfly In-A-Gadda-Da-Vida Lp Record!!,9.99,0.0398
v1|366535370180|0,BRUCE SPRINGSTEEN The River COLUMBIA 2XLP VG+ with lyric sheet insert SHRINK k,9.50,0.0398
v1|127965236321|0,"BAILABLES DE LA TEMPORADA, LOS SONOR'S / GALILEO Y SU BANDA, 1987 MEX LP SOC TOC",14.99,0.0398
v1|377336820728|0,R&B Soul 45 Z.Z. HILL Hey Little Girl/Oh Darlin' on Kent NM promo,15.50,0.0398
v1|127971526570|0,SATURDAY NIGHT FEVER:OST RSO RS-2-4001 LP 1977 G+/VG,4.00,0.0398
v1|198493786448|0,The Hit Sound Of Dean Martin 1966 1st Press LP Tri-Color Reprise VG-/VG,0.99,0.0398
v1|800329762196|0,"CHERYL WHEELER (1985 North Star) & HALF A BOOK (1987 Cypress) 2 Lp Lot, EX vinyl",12.75,0.0398
v1|278176364138|0,"Beatles LP 1975 The Early Beatles Apple All Rights Tiny MONO Catalog Number, NM!",7.50,0.0397
v1|298505827113|0,"Ernie Kucera and HIs Orchestra LP ""Featuring the Deer Waltz EKL-4 Stereo",6.15,0.0397
v1|188626187418|0,Raw TN Girl Country Honky Tonk 45 MILLIE STILL You're Free To / Tender PEAK rare,6.00,0.0397
v1|398167220897|0,Bread – Guitar Man - 1972 Vinyl LP Record Album VG+,2.68,0.0397
v1|198493998904|0,Julie London Julie is her name Vinyl LP Vocal Jazz Liberty Cardboard Sleeve,9.99,0.0396
v1|407067174883|0,Motorhead Lochem Pop Live EP from Holland,22.21,0.0396
v1|117298107158|0,John Denver Back Home Again Vintage Vinyl LP 1974 RCA Record CPL1-0548 -MINT!,2.99,0.0396
v1|117298107158|0,John Denver Back Home Again Vintage Vinyl LP 1974 RCA Record CPL1-0548 -MINT!,2.99,0.0396
v1|318558697734|0,SEALED The Fairest Of Them All by DOLLY PARTON country '70 RCA LSP-4288 1ST PR,19.50,0.0396
v1|318568506400|0,EVANESCENCE Fallen CRAFT CR00703 2XLP 2023 reissue gatefold SEALED k,35.00,0.0395
v1|168526331755|0,R&B The Strollers Jumping With Symphony Sid Aladdin 3417 1958 HEAR IT,5.00,0.0395
v1|127971342542|0,NEIL DIAMOND:Tap Root Manuscript MCA 93092 LP 1970 VG-/VG-,6.00,0.0395
v1|236933606451|0,John Steinbeck's Of Mice and Men Double LP Soundtrack Sealed Mark 56 606 LP,14.00,0.0395
v1|336684926895|0,"Elton John Friends LP Vinyl Paramount Records 1971 Soundtrack 12"" 33 RPM",2.50,0.0395
v1|168531447353|0,Vintage Vinyl✨On Wings of Song Readers Digest Box Set 6 LP's Dynagroove RCA 1969,5.00,0.0395
v1|377338329816|0,"Bruce Springsteen Dancing In The Dark  Pink Cadillac 7"" Vinyl Columbia  38 04463",4.99,0.0395
v1|267725937720|0,THE BLACK CROWES She Talks To Angels / Live Version 45 Def American 7-19403,0.99,0.0394
v1|178303516135|0,"Columbia LP Record, The Philadelphia Orchestra, The Blue Danube, VG ",1.00,0.0394
v1|127971526538|0,LOVE STORY:OST Paramount PAS-6002 LP 1970 VG-/VG-,6.00,0.0394
v1|206408134719|0,Damned - Anything LP - MCA VG++,14.06,0.0394
v1|127971525515|0,JOHNNY CASH:Man in Black Columbia C 30550 LP 1971 G+/VG,4.00,0.0394
v1|198492642600|0,"YELLOW MAGIC ORCHESTRA - COMPUTER GAME - 12"" Single 1979 US - Bambaataa Break!!",9.98,0.0394
v1|398165831433|0,Los Acosta - Siempre Te Recordare Vinyl ,60.00,0.0393
v1|327258378028|0,Deodata 45 Record Also Sprach Zarathustra (2001),3.25,0.0393
v1|188631139581|0,"Wanda Jackson, Right Or Wrong, In The Middle Of A Heartache, Capitol 6053,Mono ",3.00,0.0393
v1|327255406451|0,"Men At Work  LP  ""Cargo"" ©1983 +Bio & Photo  ♫  Good Condition",7.99,0.0393
v1|278137915652|0,"""JANIS JOPLIN'S GREATEST HITS"" 2018 BLUES ROCK LP NEAR MINT IN SHRINK",8.00,0.0393
v1|278174875381|0,Northern/Deep Soul 45 JIMMY HOLIDAY I've Been Done Wrong/I Can't Stand It,10.50,0.0393
v1|307051274575|0,"Joanie Greggains Thin Thighs, Hips & Stomach Aerobic Shape-Up III Vinyl Album",1.50,0.0393
v1|398165790716|0,"LISZT COMPLETE WORKS FOR VIOLIN & PIANO, REGNAT/GRANAT -  LP ORS 76210",5.00,0.0393
v1|287457115622|0,Allen George Ideal 94583 Shy /  I Won’t Cry,12.00,0.0393
v1|377338014689|0,Jimi Hendrix Jimi Plays Montery Lp Record!!!,10.99,0.0393
v1|298500219910|0,Gold & Platinum RCA Vinyl LP Compilation Pop/Rock R-172499 Hall & Oates,3.20,0.0393
v1|407067514653|0,"Motorhead One Track Mind/Rock It/I Got Mine 12"" promo single",19.49,0.0393
v1|336684640292|0,"Vinyl Records Lot - Beach Boys, Dean Martin, Elton John and more",15.00,0.0393
v1|398166274952|0,"Bob Seger & The Silver Bullet Band – Tryin' To Live My Life Without You 1981 7""",2.39,0.0392
v1|366542929168|0,The Warning Live From Auditorio Nacional CDMX 2LP Vinyl,19.97,0.0392
v1|358785632722|0,1945 Stan Kenton Capitol 219 It's Been A Long Long Time 78 RPM Tested Plays,9.99,0.0392
v1|366528404676|0,"Lot of 6 Vocal Jazz Vinyl LP Records -Mills Brothers, Cugat, Nat King Cole, more",16.99,0.0392
v1|257618751757|0,THE BEACH BOYS ENDLESS SUMMER 2 LP Capitol Records SVBB-11307 Gatefold W/Poster,19.95,0.0392
v1|188618214568|0,Memphis Jug Band - Stingy Woman - VICTOR 20552 V+,19.99,0.0392
v1|267726027360|0,Crystal Gayle Somebody Loves You LP 1975 United Artists UA-LA543-G Near Mint!,4.99,0.0392
v1|127971525824|0,RONNIE DOVE:Crying Song Wing MGW-12268-W LP 1969 G-/G+,4.00,0.0392
v1|336685160926|0,TENACIOUS D The Pick Of Destiny 2014 **SEALED**  Perfect!!,34.50,0.0392
v1|168531699720|0,SOUL VENDORS MAYTALS Musical Happiness /Shining Light Coxsone Rocksteady 45 HEAR,8.00,0.0391
v1|398168012782|0,Neil Diamond - The Jazz Singer 1980 OST - SWAV-12120 LP Complete + Gatefold VG+,12.99,0.0391
v1|257621652336|0,Rolling Stones Exile On Main Street 2LP 1972 Press 12 postcards SP-RS-722509-6,98.00,0.0391
v1|366538588992|0,"NORTHERN SOUL THE LOVE CHAIN, UNITED ARTISTS LABEL #50621 45 RECORD",3.99,0.0391
v1|336684195807|0,The World's Greatest Jazz Band EP Vol. II,8.00,0.0391
v1|127970959880|0,Warren Zevon Stand In The Fire 1980 EX Rock LP Asylum Records,8.00,0.0391
v1|168531299769|0,Paul Mc Cartney & Wings-Jet/Mamunia-45 RPM-rock-Apple 1871-NM-1973,6.95,0.0390
v1|398150500940|0,David Allan Coe-For The Record 1st 10 Years-ORIG. 1984 Columbia Double LP-CLEAN!,99.99,0.0390
v1|318583934481|0,1985 Iron Maiden Live After Death EMI  Double Vinyl Record Album,24.95,0.0390
v1|336679279331|0,"10,000 Maniacs  - Trouble Me -  US Picture Sleeve PS 7""",9.99,0.0390
v1|298498977049|0,"Joe Cocker With A Little Help From My Friends A&M 12"" Vinyl LP SP 4182 Record EX",18.00,0.0390
v1|298493908349|0,JACK BRUCE- Songs For A Tailor - SD 33-306 - 1969 -,3.00,0.0390
v1|257614115335|0,Billy Joel 52nd Street Vinyl LP Record 1978 Pressing,5.00,0.0389
v1|366535372416|0,COLOSSEUM II Erotic Savage MCA LP VG+ k,9.50,0.0389
v1|287457347026|0,"Don Tiare And His Enchanting Violins: Strings Over Tahiti, Warner Bros. W1434",7.99,0.0389
v1|137506962964|0,Denzel Curry 32ZEL Purple Smoke Colored Vinyl LP 12” Record 2017 Rap Hiphop 1,18.99,0.0389
v1|188626187432|0,Raw KY Girl Country Honky Tonk Booze 45 DORIS LEE STACEY Don't Tell MELANIE ~NM,8.00,0.0389
v1|257618751326|0,AIR SUPPLY Vinyl LP LOST IN LOVE Arista AL-9530 1980,4.03,0.0389
v1|137507271547|0,ERROLL GARNER “Paris Impressions Vol 1” (1958 Stereo Vinyl LP) VG+!!,1.99,0.0389
v1|127971103789|0,Jukebox 45 & Title Strip Dionne Warwick Heartbreaker Cleaned Tested,2.49,0.0388
v1|327258671663|0,St James Armenian Church Watertown Mass 2xLP 1964 Easter Eve Armenian Church BX6,3.00,0.0388
v1|398167040551|0,"STEVE MARTIN ""LETS GET SMALL"" LP 1977 WARNER BROTHERS RECORDS BSK 3090 7c",5.00,0.0388
v1|287456584788|0,"KISS-CASABLANCA-NBLP-7076 "" KISS ALIVE II "" -1977 W/INNER- 2 LP's -VINYL",25.00,0.0388
v1|307051263399|0,"Lolita Lot of 3 Albums, See Pictures, Vinyls Visually rated  Pop, Schlager   A28",9.00,0.0388
v1|407066900463|0,Frank & Jame McCravy on BRN 192,15.00,0.0387
v1|298500525767|0,Mahogany Rush IV LP Columbia PC34190 1976,5.00,0.0387
v1|198494022886|0,"Seals & Crofts, Joni Mitchell, Cliff Richard Pop Folk 4-Album Vinyl Lot",6.00,0.0387
v1|377341227177|0,"Fat Wreck Chords Riot Fest Denver 7"" Flexi Pack 2016 nofx get dead strung out",9.99,0.0387
v1|307059011742|0,Harry Reser's Syncopators - Fire! / We'll Have A Kingdom  - Columbia 803-D,9.00,0.0387
v1|198493696296|0,glen campbell by the time i get to phoenix lp,6.99,0.0387
v1|318568518464|0,JIMI HENDRIX EXPERIENCE Are You Experienced REPRISE RS-6261 LP k,8.50,0.0387
v1|227428551558|0,Ben Harper Here Comes My Gal / Driveway Blues Talent 45 VG+ Rockabilly Blues,7.99,0.0387
v1|398167067021|0,"Festival by Santana (Record, 2014)",5.00,0.0387
v1|318568504246|0,ELVIS COSTELLO This Year's Model COLUMBIA LP VG+ SHRINK k,8.50,0.0387
v1|206409995412|0,1962 Peter Nero For the Nero Minded Vinyl Record - RCA Victor,4.00,0.0386
v1|298498984554|0,Led Zeppelin Red Lettering Ct pressing,39.95,0.0386
v1|168531571725|0,SOUL Pieces of Eight Come Back Girl / TNT A&M 879 1967 HEAR IT,5.00,0.0386
v1|358780610563|0,The Beatles Yesterday And Today MONO T-2553 LP Pasteover Cover Possible Butcher,33.00,0.0386
v1|318568510024|0,GRATEFUL DEAD Anthem Of The Sun WARNER BROS LP VG+ k,18.50,0.0386
v1|318568481510|0,BEE GEES Main Course RSO LP VG+ k,8.50,0.0386
v1|327258390128|0,Frank Zappa Over-nite Sensation Lp Record !!,14.99,0.0386
v1|377338055784|0,Coral Records Dick “Two Ton” Baker Bert The Turtle Fuzzy Wuzzy,5.00,0.0386
v1|188629978315|0,SHERWOODS Love You Madly & Moffitt’s Mess on Crimson 104,5.00,0.0386
v1|206408134739|0,Fleetwood Mac - Tango In The Night LP - Warner Bros. VG++,8.00,0.0386
v1|336685254238|0,linda ronstadt vinyl lot,6.00,0.0386
v1|127971616702|0,"Roberto Guinar - Al Filo De Los Machetes LP Mexican OST 1980 VG+ Vinyl 12"" ",4.99,0.0386
v1|377338118287|0,Juice Newton & Silver Spur -After The Dust Settles Vinyl Record LP Southern Rock,3.99,0.0385
v1|236933513567|0,BARBARA GEORGE - I KNOW - Vinyl LP Record Album  (1961) A.F.O. USA Full Fidelity,10.00,0.0385
v1|800321845091|0,Iron Maiden - The Book Of Souls 3xLP - BMG Ltd. NM,22.50,0.0385
v1|318568511576|0,HEART Bad Animals CAPITOL LP VG+ k,9.50,0.0385
v1|336684549247|0,"Damnation/Deliverance by Opeth (Record, 2015)",175.00,0.0385
v1|298499930702|0,Weezer Van Weezer Vinyl See Through Purple Color Way,20.00,0.0385
v1|336680682764|0,He Touched Me Album-Elvis Presley 1972,4.50,0.0385
v1|800321857131|0,BOOMTOWN RATS Greatest Hits COLUMBIA LP VG+ promo k,8.50,0.0385
v1|318568478754|0,Gryphon - Red Queen To Gryphon Three LP - Bell SEALED,10.50,0.0384
v1|358785661152|0,1945 Ella Mae Morse House Of Blue Lights Hey Mr Postman Capitol 251 78 RPM...,9.99,0.0384
v1|307052872768|0,"Various”Bright Side Of Music” Stereo Limited Edition Vinyl=VG+ 12"" LPRecord Rock",2.50,0.0384
v1|398167293814|0,Jefferson Starship LP. Blows Against The Empire. RCA Records LSP-4448. Gatefold,9.00,0.0384
v1|377292961799|0,"TILT - BUTTERFLY - PAUL VAN DYK - 12"" SINGLE - REALLY NICE!!!",2.99,0.0384
v1|800321870131|0,DAVID CROSBY/GRAHAM NASH Wind On The Water ABC LP VG+ SHRINK k,8.50,0.0384
v1|377338117841|0,Olivia Newton John - If You Love Me Let Me Know 1974 Vinyl Record LP MCA-411 Pop,3.99,0.0384
v1|198493727552|0,Johnny Mathis Johnny Today LP Columbia House Pop Vinyl Record 1P 6084,1.50,0.0384
v1|227423910366|0,Olivia Newton-John - Making A Good Thing Better - LP- 1977 - Gatefold,7.00,0.0383
v1|158077883258|0,CALYPSO Calypso Rose Bert Inniss Sweet Pudding Man National 173 1967 HEAR IT IMP,5.00,0.0383
v1|398166937227|0,The Tubby Hayes Sextet - Tubby The Tenor - Classic Records Reissue,30.00,0.0383
v1|178304998861|0,"1955 Martin Pinza South Pacific Rodgers Hammerstein 12"" Vinyl Record ML-4180 ",9.99,0.0383
v1|127971526910|0,TERRY BAXTER AND HIS ORCHESTRA:The Best Of '69 Columbia DS 508 2LP 1969 VG/VG,1.00,0.0383
v1|267726063836|0,Charlie Rich - She Loved Everybody But Me (1970) RCA Camden CAS-2417 LP,4.99,0.0383
v1|298500394614|0,2 R&B LPs CHUCK WILLIS ON ATLA NTIC KING OF THE STROLL/I REMEMBER,9.99,0.0383
v1|318584022189|0,1983 Grim Reaper See You in Hell Record LP Album by EBONY,24.95,0.0383
v1|137498031767|0,AFRICAN ~ RUMBA POP W. ELECTRIC GUITAR  ~  ACETATE 78 rpm ~ HEAR ~# 611,35.00,0.0383
v1|377338151734|0,Elvis Presley - King Creole LP - 1960's White Top Stereo in VG Condition,16.50,0.0382
v1|168531486597|0,7 original Beatles 45s Hey Jude/Revolution Helter Skelter/Got to Get You plus 6,15.00,0.0382
v1|327258585308|0,"Vintage Stacy Lattisaw ""Take Me All The Way"" Vinyl Album (1986)",2.25,0.0382
v1|158077550956|0,CARS (The Cars) And CARS (Panorama) LOT OF 2 ALBUMS. ,9.99,0.0382
v1|267726086843|0,"The Beatles - Meet The Beatles! - Stereo LP - ST 2047 - Scranton ""I AM"" Pressing",150.00,0.0382
v1|318568518132|0,JIMI HENDRIX Best Live Rarities Of... BABYLON LP VG+ germany k,8.50,0.0382
v1|307050428476|0,EDDY ARNOLD ~ SELF TITLED ~ 1958 ~ 45 RPM ~ EP ~ RECORD EX  COVER EX,3.99,0.0382
v1|227428421555|0,"Silver Spurz Orchestra Silver Spurz Orchestra 12"" Vinyl LP Aurum 1979 Stereo",3.00,0.0382
v1|158077735476|0,Tom Petty and the Heartbreakers Walls/Walls (No. 3) 7',12.99,0.0382
v1|168524424760|0,[2-LPs] Benny Goodman Presents (CL524) & Mills Brothers Souvenir Album (DL8146),5.99,0.0382
v1|800321891305|0,GRATEFUL DEAD Skeletons From The Closet WARNER BROS W-2764 LP VG+ k,12.50,0.0382
v1|307067812069|0,"MINT● FLEETWOOD MAC ~ THEN PLAY ON HARD ROCK PETER GREEN BLUES ""OH WELL"" VERSION",39.98,0.0382
v1|298500407153|0,LP Lot-Roberta Flack/Bessie Smith/Mongo Santamaria/Earl Bostic/Outlaw Blues,9.99,0.0382
v1|800329893339|0,"THIN LIZZY ""Johnny The Fox"" - Mercury SRM-1-1119 -  Orig. Vinyl LP Record",9.99,0.0382
v1|398166996643|0,Frank Zappa - The *** Of The Mothers - EX Album,20.00,0.0382
v1|407067941619|0,"Bobby Day and The Satellites, Litty Bitty Pretty One, 45rpm, Class Records 211",2.99,0.0382
v1|236933926430|0,"The Allman Brothers Band Brothers and Sisters Rock Vinyl LP 12"" Capricorn Black",8.45,0.0382
v1|800303307058|0,"Lot of Vinyl Records: Country, Million Dollar Memories, Worlds Great Music.",9.99,0.0381
v1|127971525665|0,BOBBY VINTON:Greatest Hits Epic BN 26098 LP 1965 G+/VG-,4.00,0.0381
v1|137495604470|0,FLEMISH DIALECT ~ RARE POPULAR EUROPEAN FOL ~ 78 RPM ~ HEAR~ HX 6261,20.00,0.0381
v1|398167953638|0,Men At Work Two Hearts Vinyl LP  1985 Gatefold,8.00,0.0380
v1|257618722342|0,David Bowie - The Man Who Sold The World Original Damaged Cover,3.25,0.0380
v1|188632395950|0,PABLO CRUISE - WORLD’S AWAY Vinyl LP A&M Records 1978 SP-4697,2.95,0.0380
v1|188632419754|0,THE KNACK - GET THE KNACK Vinyl LP RECORD 1979 My Sharona SO 11948 NM,9.88,0.0380
v1|366538526757|0,Elvis Command Performance Vinyl LP ECP-101B,4.99,0.0380
v1|168524860669|0,AFRICAN ~ FOLK SONG W. CONCERTINA ACCORDION   ~  ACETATE 78 rpm ~ HEAR ~# 321,35.00,0.0380
v1|127970568351|0,Billy Squier-Promo B&W Photos From His Fan Club & Capital Records  ,10.00,0.0380
v1|178300362308|0,All Time Classic Girl Country Teen 45 CONNIE SMITH Ain't Had No Lovin' RCA promo,4.00,0.0380
v1|336685036984|0,JULIO GUTIERREZ Y SU ORQUESTA INSTRUMENTALES PARA TI GEMA RECORDS SALSA LP HEAR ,7.77,0.0380
v1|198497536239|0,Funk/Sweet 45 BRASS HORIZON We Just Want To Play MINDA MARK NM,1700.00,0.0380
v1|227428791063|0,VINTAGE 1978 Sgt. Peppers Lonely Hearts Club Band Soundtrack 2LP RS-2-4100 KENDU,19.99,0.0380
v1|267726017469|0,"ELVIS A Legendary Performer Vol 3 12"" LP Picture Disc RCA Records CPL1-3078",12.95,0.0380
v1|398168010018|0,Harry Styles - Fine Line 2019 DOUBLE LP Vinyl + Gatefold + Lyrics - Columbia EX+,17.99,0.0380
v1|800328408719|0,Rush ‎– Moving Pictures - 40th - 5lp - 180g - 2022 - un played -DMM,86.99,0.0379
v1|366535389899|0,JETHRO TULL This Was CHRYSALIS LP gatefold k,8.00,0.0379
v1|327258680446|0,"The Charlie Daniels Band LP ""Windows"" BX1",3.00,0.0379
v1|307052647638|0,"Orion “Rockabilly” Stereo Vinyl=VG+ 12""LP Record Rock,Pop,Rockabilly,Rock’n Roll",9.00,0.0379
v1|366535392265|0,JOHN LEHMANN-HAUPT Unsung Guitar PHYSICAL PR32-011 LP SEALED k,8.00,0.0379
v1|298500543923|0,"1968-BARBRA STREISAND , "" A HAPPENING IN CENTRAL PARK"", 12"" COLUMBIA RECORD",0.99,0.0379
v1|127965236398|0,JUAN D'ARIENZO Y SU ORQUESTA TIPICA - ESTAMPA DE VARON - 1984 ARGENTINIAN LP TOC,19.99,0.0379
v1|117298078490|0,Alice Cooper A Paranormal Evening at the Olympia Paris 2LP Picture Vinyl,25.49,0.0379
v1|227431120109|0,Cher  = Cher LP - Geffen Records GHS 24164- original inner sleeve in shrink wrap,6.99,0.0378
v1|336685043507|0,ORLANDO Y SU COMBO BAILEMOS DISCOMODA RECORDS PASEITO CHARANGA SALSA LP HEAR ,7.77,0.0378
v1|278176084852|0,Derringer – Live. Vinyl LP Record Album.,5.00,0.0378
v1|278174876591|0,R&B Inst. 45 EDGAR ALAN & THE PO' BOYS Panic Button/Lenore on Rust promo,7.99,0.0378
v1|227428129845|0,Genesis Vinyl Lot,45.00,0.0378
v1|206410995730|0,THE BEATLES THE EARLY BEATLES CAPITOL T 2309 MONO LP 2024 PRESSING MINT LP,19.99,0.0378
v1|298490820736|0,INK SPOTS ~ SELF  TITLED VOL.2 ~ 195? ~ 45  RPM EP ~ RECORD  NM  COVER NM,3.99,0.0378
v1|366535374840|0,DIRE STRAITS Brothers In Arms WARNER BROS LP VG+ SHRINK k,16.50,0.0377
v1|366535374840|0,DIRE STRAITS Brothers In Arms WARNER BROS LP VG+ SHRINK k,16.50,0.0377
v1|267722063617|0,JACK TOTTLE - Back Road Mandolin - '76 Rounder NM bluegrass LP + tabs booklet,14.99,0.0377
v1|137498473313|0,GREEK ~ REMBETIKA RARE HOT FIDDLE ~ BALOMANI ~ HEAR ~ 78 RPM ~ 6387,100.00,0.0377
v1|377341213783|0,Bad Cop  Bad Cop Shattered store LP nofx lagwagon distillers interrupters rancid,14.99,0.0377
v1|318568495210|0,DAVE CLARK FIVE More Greatest Hits EPIC LP VG+ k,8.00,0.0377
v1|137506949496|0,Joe Barry 45 Rpm (I Got A Feeling/I’m A Fool To Care) Mercury S-1702,2.00,0.0377
v1|366538957128|0,"The Rocky Fellers 45 ""Killer Joe / Lonely Teardrops"" G5",0.99,0.0377
v1|168531671189|0,"The Rolling Stones - Collectors Only - Oz Compilation, VG+/NM-",7.99,0.0377
v1|278175943044|0,PREWAR JAZZ 78 • Wingy Mannone’s Orchestra • Champion 40005 • Tar Paper Stomp,29.99,0.0376
v1|257618493334|0,Chicago XI Vinyl LP 1977 Columbia JC34860 w Original Lyric Sleeve VG+,4.99,0.0376
v1|257618735432|0,JETHRO TULL War Child LP Chrysalis Records CHR 106 1974,4.95,0.0376
v1|358788050619|0,Walt Disney The Fox And The Hound Picture Disc Record 1981 Vinyl VG+/G+,9.99,0.0376
v1|327258530105|0,The Steve Miller Band / Greatest Hits 1974-78 Classic Rock Vinyl - 1978 Original,4.25,0.0376
v1|800330165711|0,Gorillaz The Wise Guys House Of Wisdom Remix Los Angeles Promo White Label VG+,7.00,0.0376
v1|188632302959|0,SUN CITY ARTISTS AGAINST APARTHEID • SUN CITY; NOT SO FAR AWAY • 1985 45 RPM,1.35,0.0376
v1|377316664459|0,"Queen I Want to Break Free 12"" Canada Vinyl Single with Machines Instrumental",5.00,0.0376
v1|117302030632|0,Ella Fitzgerald 'Like Someone In Love'  LP 1957 Verve MGV-4004 Stan Getz VG/VG+,19.99,0.0376
v1|206410016066|0,The Ventures Go With The Ventures LP (1966) BLP-2045,11.95,0.0375
v1|278175813974|0,"Black Oak Arkansas Balls of Fire MCA Records MCA-2199 12"" LP Black Vinyl 1976",2.00,0.0375
v1|407066670594|0,Various Metal Warriors original copy,10.27,0.0375
v1|318568508303|0,GENESIS Wind & Wuthering ATCO LP VG+ k,8.00,0.0375
v1|137506955857|0,"The Fifth Estate, Ding Dong!The Witch Is Dead/The Rub-A-Dub,Jubilee 45 RPM Vinyl",2.00,0.0375
v1|358785624172|0,"Arista 45RPM Record, Taylor Dayne, Someone Like You, Send Me A Lover, VG",1.00,0.0375
v1|267726020250|0,The Fifth Dimension Portrait 1970 Bell Records Bell 6045 Vinyl LP Record Album,3.99,0.0375
v1|206410927509|0,THE EDSELS: Three Precious Words / Let's Go TAMMY 1014 45 RPM Youngstown Ohio,7.95,0.0375
v1|227428191016|0,"Orchestra Dee Jay, ""Black Shadow"", Latin Soul, Salsa 45, LISTEN",5.50,0.0375
v1|800330178677|0,Mabel - about last night ...,2.99,0.0375
v1|298499960053|0,ROD STEWART Blondes Have More Fun Vinyl Lp 1978 Press Warner BSK-3261 Gatefold ,5.00,0.0375
v1|377338009350|0,Jimmy Buffett Coconut Telegraph Lp Record!!!!,10.99,0.0374
v1|366538738244|0,"ALEXANDER  O'NEAL FEAT CHERRRELLE "" NEVER KNEW LOVE LIKE THIS "" 12"" PROMO",10.00,0.0374
v1|407057097967|0,Iron Maiden – Live After Death 2 X vinyl all original contents,39.55,0.0374
v1|188631699214|0,"BOBBY WOMACK ""THAT'S THE WAY I FEEL ABOUT CHA"" 45 RPM",2.99,0.0374
v1|298500407427|0,Orginal Broadway Cast Recording LP-BIG RIVER-The Adventures of Huckleberry Finn,4.99,0.0374
v1|227428130331|0,Bad Company Vinyl Lot,60.00,0.0374
v1|257618348429|0,HARRY CHAPIN - LEGENDS OF THE LOST AND FOUND (original Elektra label) Dbl LP,3.25,0.0374
v1|307059360659|0,Goodbye Stranger /Even in the Quietest Moments Supertramp 1979 A&M 2162-S 45rpm,3.00,0.0373
v1|318568478782|0,Kinks - Preservation Act 1 LP - RCA Victor VG++,8.00,0.0373
v1|127970623576|0,Howard Jones – Celebrate It Together (The Very Best) 2lp - UN PLAYED/oop - 2023,109.99,0.0373
v1|318573594883|0,Fleetwood Mac - Kiln House - 1970 Reprise Gatefold EX/EX - Jeremy Spencer,23.00,0.0373
v1|398167709494|0,Alan James Eastwood S/T LP Bang BLPS 225,0.99,0.0373
v1|278176202979|0,Aerosmith “Done With Mirrors” LP Geffen GHS 24091 COVER IS EX/VINYL IS VG++,10.00,0.0373
v1|178305691677|0,"David Sanborn ""Hideaway"" 1980  WB LP BSK 3379 ~ M-record and EX cover ",5.00,0.0373
v1|206415313248|0,CREAM - Live Cream |  ATCO SD 33-328 | 1970 | Monarch 1841 | VG+ LP,9.00,0.0373
v1|800326847762|0,THE WHO LP My Generation 1965 Brunswick  RE 180 Gram audiophile vinyl,15.50,0.0372
v1|127970523228|0,Jukebox 45 & Title Strip Rick Astley Cry For Help Cleaned Tested,2.49,0.0372
v1|178303333903|0,"Columbia LP Record Eugene Ormandy, The Philadelphia Orchestra, VG ",2.00,0.0372
v1|287455792227|0,Chet Atkins Class Guitar by RCA Victor Records 33rpm VINYL LP Record 1967,0.99,0.0372
v1|198494022883|0,The Doobie Brothers & Def Leppard Classic Rock Lot,18.00,0.0372
v1|377338605369|0,"Lot of 6 Vintage 1970s Classic Rock Vinyl Records Neil Young, Joe Walsh & C.C.R.",59.99,0.0372
v1|298500026752|0,Portugal. The Man Chris Black Changed My Life Vinyl With Autographed Picture,25.00,0.0372
v1|298500585032|0,"HIGHWAY QC'S, 12"" UP FRONT RECORDS, SPENCER TAYLOR , RAY CRUME,CHRIS FLOWERS,",0.99,0.0372
v1|127952498410|0,EDDY DUCHIN SET C-32 VINTAGE 4 RECORD SET,10.95,0.0372
v1|206396182374|0,Big Daddy Kane  Ain’t No Half-Steppin’ Get Into It 45 rpm Hip Hop Cold Chill EUC,25.00,0.0372
v1|127970977516|0,The Wee Willie Band Dedicated To Our Friends And Followers Vinyl Lp VG+,14.50,0.0372
v1|307053016150|0,"Simon And Garfunkel “Parsley, Sage, Rosemary And Thyme” Vinyl=G+:VG 12"" LPRecord",3.00,0.0372
v1|398167709491|0,Michael Des Barres Somebody Up there Likes Me LP MCA 5763 Gold Stamp Promo,0.99,0.0371
v1|407063553467|0,Rare Latin 45 - Conjunto San Diego - Rosita Alvirez - Impacto # IM-174,7.99,0.0371
v1|188632314379|0,"The Beatles ""White"" Vinyl albums swbo-101 numbered jacket with poster! *read*",20.00,0.0371
v1|198493725186|0,André Previn David Rose Like Young LP MGM E3716 Easy Listening Vinyl Record,1.50,0.0370
v1|206408134742|0,Floating House Band - S/T LP - Takoma VG+,9.49,0.0370
v1|307058970777|0,JIMMIE RODGERS - Moonlight And Skies / Rock All Our Babies To Sleep (Excellent),12.00,0.0370
v1|287451394494|0,LOT OF 2 VAN CLIBURN MY FAVORITE CHOPIN & TCHAIKOVSKY CONCERTO  #1 RCA,10.00,0.0370
v1|227428476742|0,"Ray Price Christmas Album 12"" Vinyl LP Columbia CS 9861 Stereo Holiday",3.00,0.0370
v1|366546690355|0,Elvis/1957/Christmas/Pic/Album/LOC-1035 Lp Xmas/In/July/Sale/Hi/Fi/Rca/Orig/Lp,50.00,0.0369
v1|168531474089|0,Reader's Digest DOWN MEMORY LANE 65 Years Of Song Hits 10 LP Vinyl Album Box Set,7.00,0.0369
v1|206409635802|0,"DG 2530 309 Russo:3 Pcs for Blues Band & Orch;Bernstein:West Side Story/Ozawa,NM",5.00,0.0369
v1|278174855813|0,Deep Soul/R&B 45 BOBBY WADE You Don't Understand Me/They Call It on Marjon VG++,23.49,0.0369
v1|358785665200|0,1946 Sarah Vaughan September Song Don't Worry About Me Musicraft 500 78 RPM...,9.99,0.0369
v1|198493952097|0,George Harrison Concert For Bangladesh Beatles Ravi Shankar LP Vinyl Album Lot,6.99,0.0369
v1|127971605621|0,"Tony & Pedro - El Chavo Presents LP 1976 EX Vinyl 12"" Latin Bolero/Mariachi",0.99,0.0368
v1|188632414596|0,LITTLE FEAT - DOWN ON THE FARM Vinyl LP RECORD 1979 Album HS 3345 NM,9.77,0.0368
v1|800069908800|0,Lp Record 33 1/3 DC Star/picture disc/band signed to pook! #0001 escape records,1.25,0.0368
v1|800069908800|0,Lp Record 33 1/3 DC Star/picture disc/band signed to pook! #0001 escape records,1.25,0.0368
v1|168522454767|0,CUBAN ~  LEO MARINI SONORA MATANCERA ~ HEAR ~ 78 RPM ~ X 6228,15.00,0.0368
v1|178305123457|0,"All Four One [Remaster] by The Motels (Vinyl, Capitol/EMI Records) VG+",7.03,0.0368
v1|168525299584|0,GREEK ~ REMBETIKA ~ RARE HOT ~ Kostas Roukounas ~ OUZO  ~ HEAR ~ 78 RPM ~ 6390,150.00,0.0368
v1|147432915344|0,Crest's My Juanita/Sweetest One 45 RPM RARE ORIGINAL,5.00,0.0368
v1|800329931513|0,Metal Slug (Original Video Game Soundtrack) by Takushi Hiyamuta (2018)- Vinyl LP,21.50,0.0368
v1|278175823951|0,"THE SERENDIPITY SINGERS 33 1/3 RPM LP ""DON'T LET THE RAIN COME DOWN"" ",3.95,0.0368
v1|178298640569|0,Los Relampagos Del Norte - Hits Super Hits LP Vinyl Musart CR Ramon Ayala Rare,29.99,0.0368
v1|327259371656|0,Mantovani – Music from the Films (Vinyl LP) London Records - VG+,1.99,0.0367
v1|178306049808|0,Patton: Original Motion Picture Score Movie Soundtrack,4.00,0.0367
v1|307052488314|0,"Various”Golden Instrumentals” Stereo Vinyl=VG 12"" LPRecord Rock,Surf,Rock n’Roll",2.50,0.0367
v1|206408134709|0,Black Sabbath - Master of Reality LP - Warner Bros. Green Label,24.50,0.0367
v1|377336805303|0,Funk Breaks 45 MARTINIS Bullseye/Holiday Cheer on U.S.A.,7.99,0.0367
v1|800069873412|0,Lp Record 33 1/3 star wars/soundtrack 2lp #541 20th century records,14.24,0.0367
v1|206410679177|0,"Iron Maiden – ""The Trooper"" - shaped picture disk - EMIP 5397",16.50,0.0367
v1|398168006117|0,"The Doobie Brothers The Captain and Me 12"" Vinyl LP Warner Bros. Rock",10.00,0.0366
v1|178310243917|0,LOVERBOY - Keep It Up LP Vinyl Record Columbia QC 38703,1.00,0.0366
v1|178305691977|0,"The Cretones Snap Snap LP ,M-record, and cover With the original inner sleeve ",6.00,0.0366
v1|206408134704|0,Bonnie Raitt - Give It Up LP - Warner Bros. VG+ PROMO,10.50,0.0366
v1|127970622775|0,Daryl Hall John Oates ‎– Live At The Troubadour - 3lp - un played - 2021,27.99,0.0366
v1|188632153532|0,2 LP's. Elvis Presley. G.I. Blues. / Blue Hawaii. Both Living Stereo,7.00,0.0366
v1|257618747123|0,STAVE MILLER BAND RECALL THE BEGINNING A JOURNEY FROM EDEN LP Capitol SMAS-11022,14.95,0.0366
v1|366538500699|0,"KINGS OF SWING  ""  STOP JOCKIN JAMES "" ORIG  12"" SEALED ",20.00,0.0366
v1|117297385896|0,"TOM TOM CLUB - Sunshine And Ecstacy - 12"" Single (Vinyl LP) promo",5.00,0.0365
v1|377338117416|0,Loggins And Messina–Mother Lode - Vinyl Record LP 1974 Columbia Records,2.99,0.0365
v1|318568514720|0,JAMES BOND 007 Various Artists LIBERTY R-151594 LP club edition SEALED k,8.00,0.0365
v1|377332165979|0,2 METAL MASTER STAMPER PLATE 12” FERRELL BROTHERS SHE GIGGLES 45 Rare 60s Rock,24.99,0.0365
v1|800330823302|0,Loggins & Messina LP Lot of 5 Vinyl Albums VG+,20.99,0.0365
v1|198483482541|0,George Harvey FREEDOM SHIP /COUNTRY OLD FOLKS HOME 45 rpm 1972 Rock EUC,25.00,0.0365
v1|398182707630|0,EL GRAN COMBO Aqui No Se Sienta Nadie COMBO Latin | Salsa LP HEAR,9.99,0.0365
v1|298500009565|0,EMERSON LAKE AND PALMER - PICTURES AT AN EXHIBITION VINYL LP RECORD,4.99,0.0364
v1|358787255856|0,"Floyd Cramer Last Date RCA Victor Vinyl LP 12"" 33 RPM Stereo High-Fidelity 1960",3.25,0.0364
v1|127971526393|0,ROD STEWART:Every Picture Tells A story Mercury SRM-1609 LP 1971 VG-/VG,6.00,0.0364
v1|377309893762|0,🎤︎ * SEALED * - Elton John - Breaking Hearts LP,9.99,0.0364
v1|117220101509|0,Vintage Vinyl/LP. Rancheras Con Javier Solis. Bolero/Mariachi. CYS-1263. READ!,19.99,0.0364
v1|407067513414|0,Fastway – All Fired Up! Promo,15.87,0.0364
v1|800321875573|0,EDDIE MONEY Playing For Keeps COLUMBIA PC-36514 LP SEALED k,8.50,0.0364
v1|267722068178|0,CANNED HEAT - Vintage - '70 Janus lbl EX/NM blues rock LP,9.99,0.0364
v1|377336804298|0,Funk 45 RICK COATES The Bump Is Back/A Little For Me on Sunlight VG+,7.99,0.0363
v1|227428552825|0,Suzy Wallis – Tell Him / A Time For Us RCA Victor 47-8863 Promo 45 RPM NM Soul,7.99,0.0363
v1|127970845122|0,Beethoven Lot Of 4 Vinyl Lp Record Albums Ex Condition,20.00,0.0363
v1|366535388236|0,IRON BUTTERFLY Sun And Steel MCA LP VG+ k,8.00,0.0363
v1|366535362358|0,BEATLES 1962-1966 CAPITOL 2XLP VG+ gatefold k,12.50,0.0362
v1|206408134752|0,Grateful Dead - Aoxomoxoa LP - Warner Bros.-Seven Arts VG+,10.50,0.0362
v1|398182708599|0,RAFFY DIAZ  Y SU ORQUESTA st COCO Killer! | Latin | Salsa | Bomba |  LP HEAR,38.00,0.0362
v1|398167155094|0,PURE PRAIRIE LEAGUE TWO LANE HIGHWAY VINYL LP BEST BUY SERIES AYL1-3669 RCA VG+,8.00,0.0362
v1|307052867645|0,"Rusty Warren Lot of 3 Albums Vinyls Visually Rated 12"" LPRecord Adult Comedy F7",6.00,0.0362
v1|800330129854|0,"UFO ""Misdemeanor"" - Chrysalis BFV 41518 -   Orig. Vinyl LP Record",13.50,0.0362
v1|278174848713|0,70s Soul 45 BLADE FAMILY Sweet Dream/My Baby's Gone on King James promo,7.99,0.0362
v1|267724875895|0,ORQUESTA SUPER ESTRELLAS DE GONZALO FERNANDEZ Picao SALSA Y CHARANGA NY USA LP,9.99,0.0361
v1|158023288922|0,ELTON JOHN - MADMAN ACROSS THE WATER - MCA - REALLY NICE!!!,12.51,0.0361
v1|398166996044|0,bob dylan saved vinyl,10.00,0.0361
v1|398167022834|0,"Phil Spector's Greatest Hits 2LP , 1977",16.00,0.0361
v1|398167022834|0,"Phil Spector's Greatest Hits 2LP , 1977",16.00,0.0361
v1|377338014673|0,"Emerson, Lake & Palmer... Pictures At An Exhibition Lp Record!!!!",10.99,0.0360
v1|257618517840|0,Harry Nilsson-from Nilsson Schmilsson / LSP-4515 / POSTER ONLY / NO LP or COVER,15.00,0.0360
v1|137507527221|0,THE OUTSIDERS 45 Capitol Records ‎– 5573 Time Won't Let Me / Was It Really Real,9.99,0.0360
v1|257618644271|0,MASSENET Opera 6 Box Sets - 14 LP's - El Cid - Werther - Therese - Esclarmonde,20.00,0.0360
v1|168531697260|0,BARBIE GAYE My Boy Lollypop / Say You Understand (1957) Darl R-1002 Ska Mod HEAR,9.00,0.0360
v1|178305120414|0,The Partridge Family Sound Magazine Bell 6064 LP Vinyl Record,7.00,0.0360
v1|377317998209|0,Joe Arroyo - El Super Congo La Guerra de los Callados Salsa Cumbia Fuentes LP,9.99,0.0360
v1|336685244229|0,Jethro Tull War Child Vinyl LP 1974 Chrysalis Record CHR 1067 New / Sealed,4.99,0.0360
v1|377338117493|0,Harry Chapin - Dance Band on the Titanic - Elektra 93-301 Gatefold Vinyl 2x LP,4.99,0.0360
v1|287457085473|0,Harry Chapin - Dance Band on the Titanic - Elektra 93-301 Gatefold Vinyl 2x LP,1.75,0.0360
v1|336684895622|0,Beatles A Hard Day's Night UAL3366 Mono Vinyl LP Album + Sgt Pepper's Record,9.99,0.0360
v1|366535387974|0,IGGY POP The Idiot RCA LP SHRINK k,36.00,0.0360
v1|236933977888|0,David Allan Coe- D.A.C. LP CBS Records 1982,19.99,0.0359
v1|117298619603|0,Iron Maiden Self Titled Vintage Vinyl Record 1980’s Nice,39.99,0.0359
v1|227422512712|0,L Clark Seelye  (Smith College) on 78 rpm Columbia Personal 51575:  KJV readings,34.98,0.0359
v1|188631393091|0,"2 LP's. Johnny Cash. From Sea To Shining Sea, The Sound of Johnny Cash",5.00,0.0359
v1|278174882468|0,R&B Soul 45 VARETTA DILLARD You Better Come Home/I Don't Know What on Cub promo,7.99,0.0359
v1|398165977494|0,"78rpm 12"" RCA Victor 8806 Enrico Caruso – Largo / The Lost Chord",9.99,0.0358
v1|366538575146|0,Leif Garrett 45 RPM - Put Your Head On My Shoulder / Keri - Atlantic 3466. 1978,2.94,0.0358
v1|227431568190|0,James Taylor Dad Loves His Work LP Vinyl Album Matrix Number AL 37009,2.75,0.0358
v1|407068657819|0,Yes The Yes Album LP,5.00,0.0358
v1|267726020702|0,SATANA ZEBOP! LP Columbia Records FC 37158 1981,4.95,0.0358
v1|398165796855|0,"Wolfgang Amadeus Mozart, Chicago Symphony Winds - Music For Basset Horns (2xLP) ",5.00,0.0358
v1|127975066018|0,LOS LLANEROS DE SAN FELIPE  EL TROQUERO/PERO NO NO NO   45 Rpm ULTRA RARE USED,29.99,0.0358
v1|127975066018|0,LOS LLANEROS DE SAN FELIPE  EL TROQUERO/PERO NO NO NO   45 Rpm ULTRA RARE USED,29.99,0.0358
v1|318568510687|0,GRATEFUL DEAD Skeletons From The Closet RHINO RCV1-727514 LP reissue SEALED k,9.50,0.0357
v1|206410678527|0,"THE TOLEDOS ""THIS IS OUR NIGHT"" 1961 DOOWOP 1ST LABEL ON DOWN  VG++   HEAR IT",9.99,0.0357
v1|307058747356|0,"Heart 45RPM ""Tell It Like It Is/Barracuda"" 1981 80s Classic Rock 7"" ITALIAN PS ",3.00,0.0357
v1|336683992367|0,Crossover Soul 45 NEIL BROWN My Soul Is Running Over With Love/Talahasie Bridge ,7.99,0.0357
v1|398167039128|0,"Glass Tiger ‎– Diamond Sun 1988 Capital 12"" 33 rpm vinyl LP record album",10.00,0.0357
v1|298499003507|0,Led Zeppelin SD 7208 vinyl record,19.95,0.0357
v1|178305470225|0,Blackie Forestier Lonesome Night / A Little Bit More 45 822 Cajun Jamboree VG+,20.00,0.0357
v1|278176203041|0,The James Gang 16 Greatest Hits Vinyl Double LP  ABCX-801/2 COVER VG / VINYL VG,5.00,0.0357
v1|127975061657|0,LOS TREMENDOS GAVILANES EL MAR Y LA ESPERANZA/ALMA MIA   45 Rpm ULTRA RARE USED,14.99,0.0356
v1|800321898231|0,JEFFERSON AIRPLANE Volunteers RCA LP gatefold k,8.00,0.0356
v1|800321857713|0,BREAD The Best Of Bread ELEKTRA 6E-108 LP gatefold SEALED k,8.00,0.0356
v1|398166331976|0,Nat King Cole Many Splendored Thing  Vinyl,5.00,0.0356
v1|278174861683|0,Funk Breaks 45 FREDDIE WATERS I've Got A Good Love on Ref-O-Ree NM promo,7.99,0.0355
v1|137507424737|0,Antarctica Soundtrack By Vangelis 1983 Vintage Vinyl Made In Japan,10.00,0.0355
v1|206410942993|0,1963 Mario Lanza - Love Songs and a Neapolitan Serenade Vinyl Record Album,3.00,0.0355
v1|287457086432|0,The Doobie Brothers- Toulouse Street Vinyl Lp Warner Brothers 1972 Gatefold,5.50,0.0355
v1|198493990577|0,JUDAS PRIEST Hell Bent For Leather LP  1979 (Columbia JC 35706) VINTAGE VINYL,14.99,0.0355
v1|377338014679|0,ZZ Top... Eliminator... Lp Record!!,10.99,0.0355
v1|147432624138|0,"Fleetwood Mac 3 LP lot. All In VG+ Rumors,  Fleetwood Mac And Mystery To Me.",25.00,0.0355
v1|298500138052|0,Bernie Taupin - He Who Rides The Tiger Rock Vinyl LP Elektra/Asylum Sleeve,2.80,0.0355
v1|307045746515|0,DIANA ROSS LADY SINGS THE BLUES '72 RARE SEALED VINYL 2 LP MOTOWN M758D Supremes,9.99,0.0354
v1|398167913961|0,Akron/Family - Love Is Simple - 2007 Young God Records YG34 Double LP Gatefold,35.00,0.0354
v1|366535389675|0,JETHRO TULL Living In The Past CHRYSALIS 2XLP VG+ germany gatefold w/ booklet k,8.00,0.0354
v1|137506951399|0,"Hall and Oates ""Live at the Apollo"" 1985 LP (AFL1-7035) Rock Vinyl LP Record",5.00,0.0354
v1|267725906645|0,"Gold & Platinum - 12"" Vinyl LP -  Various Artists - 1984 Realm Records - 1P7679",8.99,0.0354
v1|127971028105|0,Buddy Holly And The Crickets Buddy Holly  Lives  LP (MCA-1484) 1978 Near Mint ,6.99,0.0354
v1|206410743768|0,BILL BRANDON - The Streets Got My Lady  PIEDMONT 1970S DISCO SOUL 45 RARE,15.00,0.0354
v1|298493350636|0,STUART HAMBLEN ~ IT IS NO SECRET ~1956 ~ 45 RPM ~ EP ~ RECORD  NM  COVER EX,3.99,0.0354
v1|158077691191|0,COUNTRY Charline Arthur I'm Having A Party All By Myself RCA 1954 PROMO HEAR IT,5.00,0.0354
v1|366530998259|0,Billie Holiday - The Man I Love - VOCALION 5377 E+,19.99,0.0354
v1|358786300343|0,The Police - Reggatta de Blanc (1979) Gold Stamp Promo with Hype Sticker,45.00,0.0353
v1|206408134741|0,Frank Zappa - Hot Rats LP - Bizarre/Reprise,8.00,0.0353
v1|117298279518|0,The Dwarves Like You Want vinyl picture sleeve 45 7'' record punk rock,14.00,0.0353
v1|178298308863|0,Herb Alpert & The Tijuana Brass UK 6LP Box Set WRC SM 161-166,14.99,0.0353
v1|318568513507|0,HUEY LEWIS & THE NEWS Sports CHRYSALIS LP VG+ SHRINK k,12.50,0.0353
v1|127965236327|0,DUETO BRISAS FARACH. / HNAS. ESPEJO - BRISAS CMAPECHANAS - 1976 MEXICAN LP,14.99,0.0353
v1|398167003019|0,"The 5th Dimension 1971 LP - Love's Lines, Angles And Rhymes Bell 6060",4.00,0.0353
v1|168531015852|0,Columbia Record 78: 257-D: Ain't-Ya Comin Out To-Night?: The Prisoner's Song,6.00,0.0352
v1|147432551848|0,PROMO David Bowie Narrates “Peter & The Wolf” 1978 Vinyl Is VG++ Cover Is VG ,15.00,0.0352
v1|188618266889|0,Ma Rainey - Deep Moaning Blues - PARAMOUNT 12706 E-,80.00,0.0352
v1|236933947099|0,Janis Ian- self-titled LP with Society's Child 1967  Verve/Forcast w/lbl stkr,9.99,0.0352
v1|188618824486|0,"Texas ""Jim"" Robertson - Rodger Young - BLUEBIRD 33-0525 E+",19.99,0.0352
v1|377336799666|0,Crossover Soul 45 BIG JIM'S BORDER CROSSING You're Good For Me Girl on Zanzee,7.99,0.0352
v1|206408134740|0,Fleetwood Mac - Then Play On LP - Reprise 2-Tone,10.50,0.0352
v1|318568516815|0,JEFFERSON STARSHIP Red Octopus GRUNT LP embossed cover SHRINK k,8.00,0.0352
v1|227428558192|0,"Vanilla Ice Ice Ice Baby/Play That Funky Music 45 7"" Jukebox VG+ Rap LS-57394",7.99,0.0352
v1|206410927277|0,Stanley Kubrick’s A Clockwork Orange: Movie Soundtrack Warner Bros BS2573,9.48,0.0351
v1|398165787401|0,Gould Conducts Gould-Spirituals For Orchestra-Gould/London SO LP CCS 7005 1978,5.00,0.0351
v1|358788840678|0,"B T Puppy 45 RPM Records , The Happenings, Tea Time, Go Away Little Girl ,VG",0.50,0.0351
v1|366535357394|0,38 SPECIAL Tour De Force A&M LP NM SHRINK k,8.50,0.0351
v1|267726031428|0,THE MONKEES LP More Greatest Hits Of The Monkees ARISTA AL 5-8063,8.95,0.0351
v1|366531115012|0,Rice Brothers Gang - Sally Do You Love Me - DECCA 5623 E,19.99,0.0351
v1|377338492841|0,Steely Dan Countdown To Ecstasy Lp Record. Very Clean Copy!!,12.99,0.0350
v1|206410025889|0,John Denver's Hits 1973 LP Vinyl Record Album RCA CPL1-0374,7.50,0.0350
v1|127971526639|0,BARBRA STREISAND:People Columbia CL 2215 LP 1964 VG/G+,1.00,0.0350
v1|147436096341|0,JAMES BOND 007 2 VINYL LOT JOHN BARRY RUSSIA WITH LOVE / GOLDFINGER,25.00,0.0350
v1|366535374243|0,DEEP PURPLE Burn WARNER BROS W-2766 LP VG+ k,8.00,0.0350
v1|267726029495|0,LED ZEPPELIN Presence LP SWAN SONG Records SS 5416 1976 Gatefold,19.95,0.0350
v1|188632398644|0,Jazz Vinyl LP Lot of 2 George Shearing When Lights Are Low Hubert Laws Land,0.99,0.0350
v1|178305767671|0,"The Police “Zenyatta Mondatta” LP (1980)  SP-3720  M- Rec & EX Cov,Orig.inner ",18.00,0.0350
v1|227428362944|0,the doors vinyl EKS-74007,25.00,0.0350
v1|407068031258|0,Cheap Trick All Shook Up Lp,6.99,0.0349
v1|227425911900|0,SNOOP DOGG THA LAST MEAL PRIORITY P123225 2LP Vinyl record ,20.00,0.0349
v1|398165889465|0,Grand Ole Country  Vinyl,2.00,0.0349
v1|168531638308|0,Starpoint - Object of My Desire/Send Me a Letter - 45 RPM Record,3.99,0.0349
v1|287451002782|0,Hard Rock Heavy Metal 3 Vinyl Lp Lot Twisted Sister Krokus Nazareth,34.75,0.0349
v1|178303404026|0,Vintage Autographed signed  in 1972  Kay Starr & Count Basie -   LP Record ,79.95,0.0349
v1|168531646216|0,ADAM WEST-(BATMAN)-RARE  TV-SERIES PICTURE SLEEVE  45--(MIRANDA)--PS--PIC--SLV,375.00,0.0349
v1|318568512888|0,HOLLIES Stop! Stop! Stop! IMPERIAL LP VG+ SHRINK k,8.50,0.0348
v1|318573363917|0,elton john's Davey Johnstone used vinyl lp SMILING FACE,4.99,0.0348
v1|278174859487|0,Funk 45 MAGGIE THRETT Soupy/Put A Little Time Away on Dynovoice,21.50,0.0348
v1|298499449976|0,Gogi Grant The Helen Morgan Story Soundtrack RCA Victor Loc 1030 VG Play Tested,3.99,0.0348
v1|206410895355|0,"Beauty Behind the Madness by Weeknd (Record, 2015)",16.00,0.0348
v1|377337099850|0,Abba Take A Chance On Me 45 RPM 1977 Atlantic Records VG+ / Exc Play Test,10.00,0.0347
v1|377337099850|0,Abba Take A Chance On Me 45 RPM 1977 Atlantic Records VG+ / Exc Play Test,10.00,0.0347
v1|307058887535|0,Sam the Sham & The Pharaohs 45RPM “Wooly Bully” 1965 1960s Garage Rock 7” Vinyl,3.00,0.0347
v1|227428201801|0,"Joe Bataan, ""Ordinary Guy"", ""Crystal Blue Persuasion"", Latin Soul 45, HEAR",4.99,0.0347
v1|366535379813|0,ERIC BURDON & THE ANIMALS Greatest Hits Of... POLYDOR LP VG++ SHRINK k,8.00,0.0347
v1|278176204476|0,Wet Willie “Which One’s Willie?” ~ Vinyl LP JE-35794 COVER IS EX/VINYL IS VG++,7.00,0.0347
v1|188630213359|0,THE ALLEY CATS Puddin N’ Tain & Feel So Good on Phillies 108,5.00,0.0347
v1|800330891843|0,The Ink Spots The Second Album Of Hits Coronet Records East/West Side Vinyl LP,6.00,0.0347
v1|206408134728|0,Doom - War Crimes (Inhuman Beings) LP - Peaceville EU Reissue SEALED,10.49,0.0347
v1|366535388859|0,JAMES TAYLOR Sweet Baby James WARNER BROS LP with lyric poster k,8.00,0.0347
v1|287456580506|0,45- The Crests - Trouble In Paradise & Always You - Coed 531 LISTEN HERE,0.99,0.0347
v1|366530915191|0,"Tampa Red ""The Guitar Wizard"" - Georgia Hound Blues - VOCALION 1654 V/G",19.99,0.0347
v1|206408134780|0,Joji - Piss In The Wind LP - Palace Creek SEALED,8.00,0.0347
v1|117297918897|0,"Lot of 2 Poco LP with inner sleeves Legend, Under the Gun  ",9.99,0.0347
v1|298500525634|0,The Kinks The Road LP MCA 42107 1987,10.00,0.0347
v1|800330776069|0,Jose Feliciano - Lot Of 4 Vinyl Albums,10.99,0.0346
v1|298499959271|0,JEFFERSON AIRPLANE- The Worst Of Jefferson Airplane - Vinyl LP AYL1-3661 A 1970,5.75,0.0346
v1|298499160114|0,"Charlie Rich I Love My Friend/Why, Oh Why 7"" Vinyl 45 Epic 8-20006 Stereo",1.70,0.0346
v1|267726029872|0,Marvin Gaye – Every Great Motown Hit Of Marvin Gaye LP 1983 6058ML VG+,5.95,0.0346
v1|307058902087|0,Gregory Abbott 45RPM “Shake You Down” 1986 80s Slow Jam Soul R&B 7” Vinyl PS NM,3.00,0.0346
v1|127965236364|0,"INTI-ILLIMANI - CANTO DE PUEBLOS ANDINOS VOL. 3 - 1979 MEXICAN LP, LATIN FOLK",14.99,0.0346
v1|298500463959|0,"1972-BLOOD, SWEAT & TEARS, ""LUCRETIA  MAC EVIL/ LUCRETIA'S REPRISE"", 7"" COLUMBIA",0.99,0.0346
v1|298500584416|0,"JERRY LEE LEWIS, "" DRINKIN WINE  SPO-DEE O'DEE"", 12"" PICKWICK LP, COUNTRY",1.99,0.0346
v1|236934095544|0,Bill Cox & Cliff Hobbs – Franklin Roosevelt's Back Again / The Democratic Donkey,39.99,0.0346
v1|358787128778|0,Adventures of Stevie V - Dirty Cash (Money Talks)  VINYL SINGLE,12.00,0.0346
v1|298500406966|0,COUNT BASIE CSP Collector Series LP-One O'Clock Jump~~JCL 997,9.99,0.0345
v1|366538502038|0,"GRAND  MASTER  FLASH & THE FURIOUS FIVE "" SCORPIO "" 12' PROMO ",10.00,0.0345
v1|358785746962|0,Jerry Lewis 78 Record Candelabra Boogie / Baby Brother Promo Record White Label,9.00,0.0345
v1|127971525840|0,THE RIGHTEOUS BROTHERS:Greatest Hits Verve V6-5020 LP 1967 VG-/VG-,6.00,0.0345
v1|327258363555|0,Elvis Presley LP NL89309 Sings World Hits RCA International Germany 1984 Album,10.00,0.0345
v1|327258363555|0,Elvis Presley LP NL89309 Sings World Hits RCA International Germany 1984 Album,10.00,0.0345
v1|298500524965|0,Megadeth Album With poor Condition Outer Sleeve Record And Inner Good Play Teste,36.00,0.0345
v1|178293420813|0,Vera Lynn Bonnie Guitar Carol Bruce Pat Boone more RARE POP COUNTRY JAZZ lps lot,3.00,0.0345
v1|298500584139|0,"1970-THE SOURCE, ""GONE TOMORROW"", (FROM SOUNDTRACK A BULLET FOR PRETTY BOY"",ROCK",0.99,0.0345
v1|198494022940|0,Judy Collins Definitive Traditional Folk Vinyl Lot,17.00,0.0345
v1|198494022940|0,Judy Collins Definitive Traditional Folk Vinyl Lot,17.00,0.0345
v1|398174147213|0,Rush – 2112 Rush - 2112 album Mercury – SRM-1-1079 Skyscraper label,20.00,0.0345
v1|267727608092|0,CLASSIC ROCK LP Lot Mick Taylor GLEN FREY J.D. Souther MARSHALL TUCKER Hall Oats,9.99,0.0345
v1|398166752840|0,"Dire Straits Making Movies 12"" Black Vinyl LP 1980 Warner USA Rock Vintage",20.00,0.0344
v1|267725871434|0,Richter- Rachmaninoff- Piano Concerto No.2- Deutsche Grammophon 138 076 Italy,14.99,0.0344
v1|366530909951|0,Tampa Red and Georgia Tom - Corrine Corrina - VOCALION 1450 V,19.99,0.0344
v1|327259371699|0,Michael Jackson – She’s Out Of My Life / Get On The Floor 45 1980 Epic NM-,0.99,0.0343
v1|800317105680|0,Richard&Linda Thompson,25.00,0.0343
v1|147432276902|0,"Fleetwood Mac Tusk LP Vinyl Warner Bros. 1979 2HS 3350 12"" 33RPM Black",9.99,0.0343
v1|267725866936|0,Gary Puckett & The Union Gap Lp Greatest Hits On Columbia  NM,12.99,0.0343
v1|278174852341|0,Crossover Soul 45 MARJORIE INGRAM I Have No Right To Love You on Bennett VG++,10.50,0.0343
v1|198492669933|0,Various - JIVE'S GREATEST RAP HITS - Vinyl LP 1989 Old School Hip Hop Comp!!,9.98,0.0343
v1|298500160912|0,ELLA FITZGERALD JAZZ AT THE PHILHARMONIC/ELLA SWINGS GENTLY WITH NELSON,9.95,0.0343
v1|127971526144|0,OKLAHOMA!:OST Columbia OS 2610 LP 1955 G-/VG,4.00,0.0343
v1|227423905533|0,Wes Harrison - The One And Only LP - Novelty Record -Autographed,5.00,0.0343
v1|267725551771|0,The O’Jays So Full If Love LP Record Use Ta Be My Girl  1978 CBS,8.80,0.0343
v1|278174853405|0,Crossover Soul 45 SIDNEY BARNES Baloney/Old Times on Chess promo,7.99,0.0343
v1|407063540924|0,Rare Latin 45 - Little Joe & The Latinaires - Amor Bonito - El Zarape # EZ-178,7.99,0.0343
v1|336685208596|0,Bob James Heads Vinyl LP Vintage Columbia 34896,6.99,0.0343
v1|127971107547|0,Jukebox 45 & Title Strip Poison Every Rose Has It’s Thorn Cleaned Tested,2.49,0.0343
v1|127971107547|0,Jukebox 45 & Title Strip Poison Every Rose Has It’s Thorn Cleaned Tested,2.49,0.0343
v1|298499786259|0,THE LANE BROTHERS ~ ROCKIN' THE POPS ~ 1957 ~45 RPM ~ EP ~ RECORD  NM  COVER NM,3.99,0.0342
v1|117298791001|0,V/A Walt Disney's SNOW WHITE AND THE SEVEN DWARFS 1981 Picture Disc SOUNDTRACK,9.99,0.0342
v1|407068718244|0,Gerry and the Pacemakers - Gerry and the Pacemakers Greatest Hits  1965  VG / VG,5.00,0.0342
v1|800321844316|0,B.B KING Completely Well ABC/BLUESWAY LP gatefold k,8.00,0.0342
v1|336684001563|0,Northern Soul 45 LAZY SUSANS I Give In/If You Love Me on Kapp,7.99,0.0342
v1|298500518206|0,"THE GREAT ROMANTIC PIANO CONCERTOS, ORMANDY, ENTREMONT , BERNSTEIN , 3 LP SET",1.99,0.0342
v1|318573725358|0,Norman Granz Jam Session #8 Clef LP Dizzy Gillespie Oscar Peterson VG-/VG. Read.,5.99,0.0342
v1|318568483390|0,BLACKFOOT Strikes! ATCO SD-38-112 LP SEALED k,9.75,0.0342
v1|298500651906|0,Tys Van Leer (Focus) Nice To Have Met You LP Columbia JC 35345 Promo,5.00,0.0342
v1|298505491669|0,HOUSE 1 & 2 Soundtrack Waxwork Big Ben Gold Black Smoke 2LP Vinyl VG+.,50.00,0.0341
v1|307059596935|0,"Pearl Jam 1998 Ten Club Christmas 7"" Vinyl ""Last Kiss"" & ""Solider Of Love"" MINT",25.00,0.0341
v1|117294280840|0,Walt Disney Presents The Jungle Book LP Disneyland 3948 Purple Label,9.99,0.0341
v1|287457278762|0,Hooked On Classics – The Royal Philharmonic Orchestra RCA AFL1-4194 1981 Record,2.69,0.0341
v1|800329445326|0,The Beatles Ticket To Ride Black Star APPLE ,25.00,0.0341
v1|198492252565|0,Back From The Grave VOL4 Crypt LP 1984 Various Garage Punk Comp Sonics Nomads,14.98,0.0341
v1|336684909687|0,"Taxi Gang The Sting LP Vinyl Moving Target MT 004 1986 Reggae 12"" 33 RPM",8.00,0.0341
v1|377338118180|0,The Vestich Brothers - Live at Wolfendale's - Vinyl Record LP - Southern Rock,14.99,0.0341
v1|127971525804|0,THE VENTURES:Mashed Potatoes And Gravy Dolton BLP-2016 LP 1962 G/G,4.00,0.0341
v1|168523080540|0,POP ~DR. WEISSMAN MELODRAMANN W. STEELE GUITAR / ORCH.  ~ 78 RPM ~ HEAR~ X 6260,10.00,0.0341
v1|168530414895|0,"Simple Minds Alive & Kicking Up On The Catwalk Long Play 12"" Single",4.99,0.0341
v1|178305693977|0,"1967 LP Record The Fight Game Argo, Maccoll,Seeger and Parker M-record & cover ",15.00,0.0340
v1|137505709018|0,Original 1969 Elvis Presley’s From Elvis In Memphis Vinyl LP damaged exterior,9.99,0.0340
v1|398167018297|0,Don Henley I Can't Stand Still 1982 Vinyl LP Record Album Asylum Records,6.00,0.0340
v1|407072577433|0,45 RPM  Willows MELBA 102 Church Bells May Ring / Baby Tell Me VG,3.00,0.0340
v1|227423905649|0,Movie Tunes - LP - Frank Chacksfield - Foreign Film Festival - 1967,7.00,0.0340
v1|287456520324|0,The Bandwagon - Breaking Down The Walls Of Heartache 45 Promo HEAR IT HERE,0.99,0.0340
v1|127970960262|0,Warren Zevon Bad Luck Streak In Dancing School 1980 EX Rock LP Asylum Records,8.00,0.0340
v1|298499165092|0,"Webb Pierce The Man You Want Me to Be/Too Long 7"" Vinyl 45 Decca 32694",5.99,0.0340
v1|318573320906|0,THE TEMPTATIONS ~ SURFACE THRILLS ~ MOTOWN  VINYL LP  # 6032GL,6.00,0.0340
v1|158077181538|0,BUCK OWENS LIVE AT THE NUGGET USED VINYL LP,0.99,0.0339
v1|336679304840|0,"Michael Jackson  - She's Out Of My Life -  RED VINYL US Picture Sleeve PS 7""",9.99,0.0339
v1|407066086578|0,Allman Brothers Band /Fillmore East Lp,14.99,0.0339
v1|127965236305|0,MARIACHI NUEVO TECALITLAN - VOL. 2 - 1977 MEXICAN LP RING WEAR ON BACK COVER,14.99,0.0339
v1|178305082157|0,"GOLDENAIRES CHOIR: Songs Of The Southern Mountains VOX 12"" LP Record 33 RPM -LP3",15.00,0.0339
v1|168531434709|0,Lawrence Welk Listening and Dancing by Readers Digest 33rpm 6 LP RECORD Box Set,5.00,0.0339
v1|117298437318|0,1970 THE PARTRIDGE FAMILY ALBUM Vinyl LP BELL-6050,5.00,0.0338
v1|287457279048|0,Pat Benatar Get Nervous 33RPM Vinyl LP Record 1982 Chrysalis CHR 1396,3.99,0.0338
v1|168531215132|0,Ray Price ‎For The Good Times Vinyl LP 1970 Columbia ‎C 30106 Ultrasonic VG/VG+,5.99,0.0338
v1|377338014656|0,Howlin Wolf Change My Way Chess Records. Very Clean Copy!!,19.99,0.0338
v1|168531716111|0,"SOLOMON BURKE~""JUST OUT OF REACH""~Orig. 1961-FUNK~SOUL~R&B~7'' 45rpm~45-2114~VG+",0.99,0.0338
v1|278174868311|0,Northern Soul 45 KNIGHTS & ARTHUR Do You/So Sweet So Fine test pressing,7.99,0.0338
v1|188631180036|0,"The Charlie Daniels Band – Simple Man 7"" Single Record 1989 Epic Country  45, VG",4.00,0.0337
v1|336684775781|0,Journey - Greatest Hits - Vinyl Record,25.00,0.0337
v1|407068400464|0,RARE LP VINYL ALBUM: Cyndi Grecco Making Our Dreams Come True 1976 (FH),22.99,0.0337
v1|407068400464|0,RARE LP VINYL ALBUM: Cyndi Grecco Making Our Dreams Come True 1976 (FH),22.99,0.0337
v1|178305404160|0,Belton Richard Un Autre Soir D’ennui / Who Diggie 45 Swallow Records NM-,20.00,0.0337
v1|236933895495|0,"Styx Styx II Rock Vinyl LP 12"" 33 RPM Wooden Nickel Records",10.00,0.0336
v1|257618007579|0,The Beatles White Album Vinyl With Original Inserts Excellent Condition,130.00,0.0336
v1|298500405614|0,3 STYX  45RPM-Babe/Come Sail Away /Why Me/Babe/Renegade/Sing for the Day,4.99,0.0336
v1|267725697378|0,"Elvis Presley Elvis 12"" LP Vinyl Record Rock RCA Victor LPM-1382",15.95,0.0336
v1|407067911001|0,"LOU CHRISTIE, MGM LABEL #4360 LIGHTNIN' STRIKES LP RECORD STILL SEALED",9.99,0.0336
v1|117228781025|0,Vintage Vinyl/LP. Dinners. Cocodrilo/Dos Amores/Zancudo Loco. DBL-20763. READ!,19.99,0.0336
v1|278174883641|0,R&B Soul Popcorn 45 ALMA BALIER Tell The Truth/After You're Gone on SGM,7.99,0.0336
v1|358788511585|0,"CMW Compton's Most Wanted Growin' Up In The Hood Test 12""",15.00,0.0336
v1|188631699215|0,"BOBBY SHERMAN ""CRIED LIKE A BABY"" 45 PS",3.99,0.0335
v1|800321845027|0,Bruce Cockburn - Night Vision LP - True North Canada SEALED,9.76,0.0335
v1|398182714488|0,CHARLIE PALMIERI AND MENIQUE  Con Salsa Y Sabor COTIQUE Killer! | Latin LP HEAR,36.00,0.0335
v1|366531001420|0,Billie Holiday - Strange Fruit - COMMODORE 526 E,51.00,0.0335
v1|800329805118|0,Joe Budden-Fire (Yes Yes Y'all) (Feat. Busta Rhymes) [Single] [PA] [12 “ Vg+,2.80,0.0335
v1|287456945503|0,2 LP Lot Both MONO Hank Snow The One And Only+The Singing Ranger Camden 722 514,3.50,0.0335
v1|298500528370|0,James Gang Jesse Come Home LP Atco SD 36-141 1976,5.00,0.0335
v1|398167005154|0,You Don’t Bring Me Flowers By Neil Diamond LP,4.00,0.0335
v1|198497166210|0,Willie and Family Live Vinyl,3.48,0.0335
v1|800321845092|0,James Taylor - One Man Dog LP - Warner Bros. VG+ PROMO,13.50,0.0335
v1|188632431178|0,NAZARETH - MALICE IN WONDERLAND Vinyl LP RECORD 1980 Album SP 4799 NM,9.99,0.0334
v1|127965236380|0,MARIA MEDINA-DE TI PARA MI DE MI PARA TI-1976 MEX LP PROMO WOC WOL SOC WAVY COVE,14.99,0.0334
v1|206410889704|0,"Lionel Richie Can't Slow Down Motown Vinyl LP - Pop, Cardboard Sleeve",2.15,0.0334
v1|298500407964|0,"OrIginal Motion Picture Soundtrack LP-Sidney Poitier-""TO SIR, WITH LOVE""",4.99,0.0334
v1|236927970511|0,The Best of Bonnie St. Claire and Unit Gloria The Rock Goes On 6401-072 LP,10.00,0.0333
v1|178304703461|0,Pink Floyd The Wall -Bring The Boys Home 45rpm,8.00,0.0333
v1|178305478759|0,"1980 Major Glenn Miller Army Air Force Band Volume II 12"" VINYL LP DPM 1-0449",1.99,0.0333
v1|168531571716|0,"R&B Ronnie Love Chills And Fever, No Use Pledging My Love Dot 16144 1960 HEAR IT",5.00,0.0333
v1|287456295954|0,ROBERT W. MORGAN  Special Of The week* THE POINTER SISTERS* (1981),15.00,0.0333
v1|336685045743|0,LUIS PERICO ORTIZ RAFAEL CHULETA DE JESUS ONE OF A KIND RECORDS SALSA LP HEAR ,7.77,0.0332
v1|377338117740|0,Bananarama - Venus (Fire & Brimstone Mix) 45 RMP Vinyl Record 12” Single UK,3.99,0.0332
v1|127965236403|0,RODOLFO ALCHOURRON - PARABOLA - 1980 MEXICAN LP ALBUM SOC TOC,99.99,0.0332
v1|398167636616|0,Al Alberts ‎/ Try A Little Love/ On The Way To Cape May  Alstel Record,3.45,0.0332
v1|318568482631|0,BILLY IDOL Rebel Yell CHRYSALIS R-124674 LP club edition SEALED k,10.50,0.0332
v1|336679103311|0,AUTHORITIES SOUNDTRACK FOR TROUBLE 1982 ORIGINAL SLEEVE ONLY FROM 45 Rare Punk,9.99,0.0331
v1|267725963888|0,"Teena Marie-Square Biz 12"" Single-Motown M 35000V1, 66349-D-RE1 GREAT CLASSIC!",29.99,0.0331
v1|168525884537|0,THE EAGLES - THE LONG RUN (1979),4.99,0.0331
v1|318572946102|0,John Cougar–Nothin' Matters And What If It Did Vinyl LP 1980 RVL 7403,14.00,0.0331
v1|127971525776|0,FIDDLER ON THE ROOF:Original Cast Recording RCA LSO-1093 LP 1964 VG-/VG-,6.00,0.0331
v1|407061316843|0,Rare Latin 45 - Los Tres Reyes - Los Pizcadores - Falcon # 45700,10.50,0.0331
v1|407068433645|0,Twila Paris Keepin’ My Eyes On You Vintage Christian Vinyl LP 1982,5.99,0.0331
v1|298493375320|0,FERLIN HUSKY ~ SITTIN' ON A RAINBOW ~195? ~ 45 RPM ~ EP ~ RECORD  EX COVER EX,3.99,0.0330
v1|307059516262|0,4x Sheena Easton Japan Presses! You Could Have Been Best Kept Secret Take My Tim,14.99,0.0330
v1|147432379604|0,Kiss Alive Vinyl Record LP 100 000 Error Variant Casablanca Records,18.99,0.0330
v1|198493614162|0,The Beatles & Frank Ifield On Stage Vinyl LP VEE Jay Records VJLP-1085 Mono 1964,50.00,0.0330
v1|307058981525|0,Don Parker's Western Melody Boys Lost (A Wonderful Girl) #14069 Fox Trot,9.95,0.0330
v1|318572851901|0,"PHILLY ROCK HEROES Hooters, Robert Hazard vinyl lot Nervous Night, Up Escalator",9.99,0.0329
v1|178304733766|0,"Marty Robbins - ""Songs of The Islands"" - LP, Shrink Wrap",1.75,0.0329
v1|407067727075|0,"JELLY ROLL MORTON IN PIANO AND VOCAL SOLOS, HOT SIX AND SEVEN-JAZZTONE 1211",14.98,0.0329
v1|206411040884|0,Lot of 6 Blues Rockabilly vinyl record albums,22.72,0.0329
v1|336684947019|0,LP ORQUESTA CUERDAS de ORO Anoranzas de Cuba Kubaney DG LBL M-,8.95,0.0329
v1|206415334266|0,Bruce Dickinson The Mandrake Project Vinyl LP Record See Photos Iron Maiden,5.50,0.0329
v1|307058987360|0,Harmony Brothers  Mary Ann Diva #2614-G,6.95,0.0328
v1|206410820479|0,"The Rip Chords "" Hey Little Cobra "" 45 with Jacket  { Please Read! }",3.25,0.0328
v1|206410820479|0,"The Rip Chords "" Hey Little Cobra "" 45 with Jacket  { Please Read! }",3.25,0.0328
v1|267725878984|0,"Chicago Chicago 18 Warner Bros. Black Vinyl LP 12"" 33 RPM Rock 1980s",6.99,0.0328
v1|278174886670|0,Sweet Soul 45 JOHNSON HAWKINS TATUM & DURR You Can't Blame Me on Capsoul VG++,10.00,0.0328
v1|198493990358|0,Frank Zappa - Hot Rats LP VINYL ALBUM,14.99,0.0328
v1|198493990358|0,Frank Zappa - Hot Rats LP VINYL ALBUM,14.99,0.0328
v1|278176233548|0,Wes Montgomery A Day In The Life Vinyl Album Lp,9.99,0.0328
v1|178305912378|0,Charlie Pride LOT of 3 RCA Vinyl Albums,3.00,0.0327
v1|358787819051|0,The Who - Who's Next - Japan 1977 LP with Poster + OBI complete play copy,69.99,0.0327
v1|168531005511|0,Reader’s Digest The World’s Greatest Waltzes Box Set 3 Vinyl LP’s,5.00,0.0327
v1|800321871600|0,DEEP PURPLE Stormbringer WARNER BROS LP VG+ k,8.00,0.0327
v1|227428447452|0,"Floyd Cramer We Wish You a Merry Christmas 12"" Vinyl LP RCA ANL1-1951 Stereo",3.00,0.0327
v1|800329215499|0,Pink Floyd Animals Original 1977 Vinyl LP With Sleeve - Amazing Record!,19.99,0.0327
v1|206408134737|0,Creedence Clearwater Revival - Creedence Gold LP - Fantasy,8.00,0.0327
v1|398165990087|0,THE DOOBIE BROTHERS LP The Stampede 1975 Warner Brothers  vinyl,4.99,0.0326
v1|800321851808|0,BILLY IDOL Vital Idol CHRYSALIS R-154038 LP club edition SEALED k,8.50,0.0326
v1|227424021746|0,BLUES - COUNTRY BLUES:  Lot of 3 LPs,10.25,0.0326
v1|366538580033|0,"THE MONTELLS, GOLDEN CREST LABEL #582 RARE GIRL GROUP 45 RECORD",4.99,0.0326
v1|318568478730|0,Dolly Parton - Jolene LP - RCA Victor,8.00,0.0326
v1|318568478738|0,"Ennio Morricone - The Good, The Bad & The Ugly OST LP - UA VG+ Shrink",38.00,0.0326
v1|398165810821|0,CFP 40317 Tchaikovsky Symphony No. 5 In E Minor. Norman Del Mar/London PO. LP,5.00,0.0326
v1|336679330831|0,"George Harrison  - Bangla-Desh -  Belgian Picture Sleeve PS 7""",22.99,0.0326
v1|287456395947|0,STEVE SIMENIC (Aftermath)~Automatic Entertainment~45rpm (1980 Cleveland) + bonus,19.80,0.0326
v1|257618735021|0,PAT BENATAR PRECIOUS TIME LP Chrysalis CHR 1346 1981,4.95,0.0326
v1|137507069543|0,ARTHUR LEE MAYE 45 Only You / Gee REPRO doowop MINT-  ,6.00,0.0325
v1|117298788448|0,RAY CHARLES & CLEO LAINE Porgy & Bess 1976 2LP Box Set on RCA #CPL 2-1831 +Book,9.99,0.0325
v1|227428370965|0,"Filter Dose 12"" Vinyl Single Promo Remixes Nine Inch Nails NIN Marilyn Manson",6.00,0.0325
v1|407068034635|0,Bachman-Turner Overdrive II Lp,7.99,0.0325
v1|407068092882|0,Disneyland America Sings 1974 LP By Burl Ives W/Book Walt Disney - Complete,50.00,0.0325
v1|800329360817|0,"KISS ""Love Gun"" - Casablanca NBLP 7057 - Orig. Vinyl LP Record",15.50,0.0325
v1|178304848144|0,"Yes - ""90125"" - LP",7.50,0.0325
v1|407068658810|0,Yes Tormato LP,5.00,0.0325
v1|800321864053|0,COWSILLS All Time Hits MGM LP k,16.50,0.0325
v1|168531571722|0,COUNTRY Donna Kaye Unwanted / Fools Romance ABS 121 1961 HEAR IT,5.00,0.0325
v1|188632430645|0,JOHNNY WINTER - CAPTURED LIVE! Vinyl LP RECORD 1976 Album PZ33944 NM,9.99,0.0324
v1|158077175270|0,"MICKEY MOUSE Disco DISNEYLAND 2504 (1979) LP, Walt Disney ",4.00,0.0324
v1|377338302946|0,Led Zeppelin The Song Remains The Same  2 LP Vinyl Record Swan Song 1976 SS2-201,7.08,0.0324
v1|398182712109|0,CHARLIE PALMIERI El Gigante Del Teclado ALEGRE Latin | Salsa | LP HEAR,9.99,0.0324
v1|336681982346|0,Men At Work  - Cargo - World Premiere Weekend -  White Label Promo (WLP) 2LP,39.99,0.0324
v1|336681982346|0,Men At Work  - Cargo - World Premiere Weekend -  White Label Promo (WLP) 2LP,39.99,0.0324
v1|298499845213|0,Rod Stewart - Tonight Im Yours LP 1981 Warner Bros. BSK-3602 SEALED NEW,6.80,0.0324
v1|227423913411|0,The Who - It's Hard - 1982,7.00,0.0323
v1|188631141946|0,Tom T. Hall Faster Horses 1976 Vinyl Mercury SRM-1-1076 VG LP Record Album,4.00,0.0323
v1|188632425451|0,"RUN-D.M.C. MY ADIDAS / PETER PIPER 12"" Vinyl 1986 RECORD Hip Hop PRO 7102 VG+",9.50,0.0323
v1|366535388508|0,JACKSON BROWNE Late For The Sky ASYLUM LP VG+ k,8.00,0.0323
v1|327255082275|0,"Damita Jo (2) LPs ""I'll save the Last Dance for you & If You Go Away - $2.50 Ea.",4.95,0.0322
v1|298500407284|0,Lot 3 KENNY ROGERS & First Edition-Somethings Burning/Share Your Love/Kenny,15.00,0.0322
v1|377336801765|0,Deep Soul 45 BARBARA & THE BROWNS I Don't Want To Have To Wait/Plenty Of Room,7.99,0.0322
v1|800321870017|0,DAVID CROSBY/GRAHAM NASH Live ABC LP VG+ k,8.00,0.0322
v1|198494035735|0,Paul Butterfield Blues Band & Carpenters Vinyl Lot,6.00,0.0322
v1|407065691902|0,AL COHN-SHORTY ROGERS-EAST COAST-WEST COAST SCENE-RCA VICTOR-FRESH SOUND,17.98,0.0322
v1|127971342230|0,NEIL DIAMOND:Greatest Hits Bang BLPS 219 LP 1968 G/VG-,4.00,0.0322
v1|287451101713|0,"45 RPM 7"" Vinyl DefLeppard 1988 Polyg Rec ""Pour some Sugar on Me ""Ring of Fire""""",7.00,0.0322
v1|398167709468|0,John Mayall Blues from Laurel Canyon LP London PS 545,0.99,0.0321
v1|267726051727|0,ZZ Top Eliminator Vinyl LP Record Warner Bros 1983,9.99,0.0321
v1|278174874646|0,Northern Soul/R&B 45 CHARLIE STARR Number One/Gone on United Artists promo,7.99,0.0321
v1|267726064681|0,"TONY CABOT, SWINGS VOL 1 - LP LPM-1308 ",3.95,0.0321
v1|227423905693|0,Movie Tunes - 2 LP Set -United Artists -Motion Picture Themes - Superpak - 1972,8.00,0.0321
v1|298493902717|0,"Allman Brothers Win, Lose or Draw LP Capricorn CP 0156 1975",5.00,0.0321
v1|158070482771|0,Jimi Hendrix Experience Are You Experienced 180 Gram Vinyl LP EX/EX Plays Great,8.50,0.0321
v1|398166987713|0,Buck Rogers Original Motion Picture Soundtrack Sealed As New,20.00,0.0320
v1|147436101883|0,PAGAN MUSIC VINYL LOT HEILUNG & MERKABA FOLK / BLACK METAL,30.00,0.0320
v1|336685181049|0,THE BEATLES Revolver 1983 Rainbow  Cap **SHRINK** MINT- STUNNER  Ultrasonic/VPI,57.50,0.0320
v1|188632425892|0,JOHNNY WINTER - THE WINTER OF '88 Vinyl LP RECORD Blues ALBUM MCA 422241 EX+,9.50,0.0320
v1|227428371403|0,Andy Gibb 45 RPM - Time Is Time / I Go For You - RSO  RS 1059  1980,2.31,0.0320
v1|267725861863|0,BARBRA STREISAND with Barry Gibb LP Vinyl Guilty Gatefold 36750,4.25,0.0319
v1|307058817365|0,"The Who, Live At Leeds, 1981, Germany Reissue, Has All The Inserts, VG+VG+",12.00,0.0319
v1|366538562890|0,Round Robin 45 RPM - Kick That Little Foot Sally Ann/Slauson Party- Domain. 1964,1.31,0.0319
v1|298500584484|0,"1956- STEVE ALLEN AND HIS CHORUS AND ORCHESTRA, "" THEME/ JUANITA"", 7"" CORAL",0.99,0.0319
v1|206408134756|0,Gordon Lightfoot - Lightfoot LP - United Artists SEALED,10.50,0.0319
v1|377336823870|0,Sweet/Northern Soul 45 DON & JUAN Is It All Right If I Love You? on Bigtop NM,7.99,0.0319
v1|800321896051|0,JACKSON BROWNE The Pretender ASYLUM 7E-1079 LP VG+ embossed cover k,8.00,0.0319
v1|800330453055|0,"WHITESNAKE  ""Snakebite"" - Geffen GHS 24174 -  Vinyl LP Record",9.99,0.0319
v1|800321891602|0,GUESS WHO Flavours RCA LP VG+ k,8.00,0.0319
v1|287456254200|0,Jerry Lee Lewis-The Best Of Jerry Lee Lewis Vinyl Record Smash,1.35,0.0319
v1|366538525487|0,All Time Greatest Hits Of Roy Orbison 1972 Vinyl Record MP8600,12.99,0.0319
v1|267725910381|0,"Lot of 21 Vintage Vinyl LPs 60's 70s 80s - Yardbirds, 4 Seasons,  Arlo Guthrie",39.00,0.0319
v1|236933242461|0,KING CRIMSON LP IN THE COURT OF THE CRIMSON KING VG++ ARLANTIC SD-8245,19.95,0.0319
v1|236933991521|0,TOM PAXTON MORNING AGAIN (VG+) EKS-74019 LP VINYL RECORD,1.99,0.0319
v1|307050519599|0,Frank Wilson Sleep Baby Sleep #2560 Early Victor Monarch Single Sided Disc,9.95,0.0319
v1|168531267912|0,"Johnny Cash America 12"" Black Vinyl LP Columbia Country KC 31645",3.08,0.0319
v1|298499128047|0,"Donny Osmond Puppy Love Pop Single 7"" Vinyl 45 MGM Records K 14367",2.80,0.0319
v1|358796543420|0,Assorted Classical Vinyl Records LP Set Mikado Bach Beethoven Mozart,9.99,0.0318
v1|168531559600|0,Jesus Christ Superstar Soundtrack Double Vinyl Record Lps,4.77,0.0318
v1|158023288931|0,ELECTRIC LIGHT ORCHESTRA (ELO) - ELDORADO UNITED ARTISTS W/SLEEVE - REALLY NICE,10.49,0.0318
v1|236933958031|0,1967 The Doors Strange Days Vinyl Record Elektra EKS-74014,4.99,0.0318
v1|227428420093|0,"Hank Snow Instrumentally Yours 12"" Vinyl LP RCA Victor AHL1-3511",3.00,0.0318
v1|800330962117|0,"State Of Shock  /Michael Jackson,MickJagger/Jackson 5 Vinyl 12""",11.50,0.0318
v1|298500473207|0,"1956-SCHUBERT , MOMENTS MUSICAUX, OP.94 / SONATA IN C MAJOR, RUDOLF SERKIN ,",1.99,0.0318
v1|158069932103|0,Mammatapee! - Whitfield Records – WHK 3171   yr 1980 SWEET POISON,5.99,0.0318
v1|178297941476|0,Vintage Vinyl LP Record - Donovan’s Greatest Hits - Epic Records 1970s ,3.60,0.0318
v1|298499814750|0,Obsequiae The Palms of Sorrowed Kings Limited Color Vinyl Metal LP 20 Buck Spin,30.00,0.0318
v1|168531462396|0,Sheena Easton You Could Have Been With Me Record Album Vinyl LP,5.00,0.0318
v1|398167032799|0,The Incomplete Works Of Carl Reiner & Mel Brooks 3 LP Record Warner Bros. 1973,18.00,0.0318
v1|198494022919|0,James Taylor Definitive Folk Pop 7-Album Vinyl Lot,19.00,0.0318
v1|178305903769|0,DORIS DAY Love Me or Leave Me Soundtrack LP,4.99,0.0318
v1|307058533078|0,ISLEY BROTHERS - It's Your Thing VINYL LP - TNS 3001 Reissue,1.00,0.0317
v1|298500236861|0,Elvis Presley – Golden Records Volume 3 VG - Mono RCA Victor Record 1963,11.40,0.0317
v1|267726028279|0,ERIC CLAPTON THERE'S ONE IN EVERY CROWD LP RSO Records SO 4806 1975,9.95,0.0317
v1|158069635411|0,"Art mooney stones 10"" 78 RPM  mgm 1035",100.00,0.0317
v1|398167064087|0,LOGGINS AND MESSINA The Best Of Friends USED 1976 LP Rock Vinyl Record COL-34388,10.00,0.0317
v1|398167064087|0,LOGGINS AND MESSINA The Best Of Friends USED 1976 LP Rock Vinyl Record COL-34388,10.00,0.0317
v1|137507149513|0,45-(2)Chris Barber's Jazz Band -Wild Cat Blues & Petite Fleur -Laurie 3022,0.50,0.0317
v1|398167122219|0,George Carlin An Evening With Wally Londo LP 1975 Little David VG+/VG+,6.00,0.0317
v1|366538566293|0,Roy Orbison 45 RPM - Too Soon To Know/You'll Never Be Sixteen ...- Monument 1966,2.81,0.0317
v1|358788715945|0,THE INSPIRATIONS 45RPM '66 MIDAS YOUR WISH IS MY COMMAND NORTHERN REPRO M-,9.99,0.0317
v1|117298348119|0,2 Gary Pucket And The Union Gap & The Association Greatest Vinyl Music Records.,3.99,0.0317
v1|398167258904|0,Charlie Parker/The Charlie Parker Story/Savoy/MG12079/Vinyl is VG,6.89,0.0316
v1|307059575224|0,"Dave Mason, Mariposa De Oro (very good condition)",5.00,0.0316
v1|358788849999|0,"Columbia 45 RPM Record,Simon and Garfunkel,The Sounds Of Silence,Groovy Thing VG",0.50,0.0316
v1|137506705074|0,Red Vinyl 1950’s MARIO LANZA Sings “Because You’re Mine” RCA Victor 45rpm ERA-51,4.99,0.0316
v1|206410934631|0,BUDDY EBSEN   BALLAD OF JED CLAMPETT / MAIL ORDER BRIDE   1964   MGM 45rpm Nice!,4.55,0.0316
v1|377338118072|0,Jeff Beck With The Jan Hammer Group Live -XPE 34433 Vinyl Record LP Classic Rock,5.99,0.0316
v1|267726031020|0,TOM PETTY & THE HEARTBREAKERS YOU'RE GONNA GET IT! LP Shelter DA-52029,19.95,0.0316
v1|117298232091|0,Music Machine Various Artists Vintage 1977 Vinyl LP K-Tel Record TU 2560,5.00,0.0316
v1|158077647130|0,"Monster by Steppenwolf (Vintage, Vinyl, 1969)",5.00,0.0316
v1|127971239235|0,Flock Of Seagulls  I Ran So Far Away ,5.00,0.0316
v1|158082956246|0,Jimmy Buffett - Living and Dying in 3/4 Time 1974 Vinyl LP Record Album,13.00,0.0316
v1|206415303319|0,Motley Crue Greatest Hits Marble Silver Colored Vinyl Record 2LP Vince Neil,13.50,0.0315
v1|178304455749|0,"Natalie Cole/Peabo Bryson - ""We're The Best of Friends""",3.00,0.0315
v1|800069645362|0,Lp Record 33 1/3 huey lewis and the news/sports #41412 chrysalas records,3.25,0.0315
v1|366532590017|0,Russ There's Really a Wolf Limited Edition Vinyl,450.00,0.0315
v1|267726028464|0,EAGLES THE LONG RUN LP Asylum Records 5E-508 1979 Gatefold,9.95,0.0315
v1|257618517083|0,Sex Pistols - from BSK-3147 / INNER SLEEVE ONLY / No LP or Cover / VG condition,15.00,0.0315
v1|336688391283|0,DEVO - WHIP IT b/w TURN AROUND - ORIG 1980 NEAR MINT - 45 RPM,3.75,0.0315
v1|307059302419|0,POT LUCK with Elvis Presley Mono - LP Vinyl Record Album - LPM-2523 RCA,29.80,0.0315
v1|278175899017|0,PREWAR JAZZ 78 • Duke Ellington • Hudson DeLange Orchestra • Brunswick 7667 •EE+,24.99,0.0315
v1|188631699219|0,"BOBBY SHERMAN ""THE DRUM"" 45 PS",3.99,0.0315
v1|117302591838|0,DUETO RIO BRAVO DESPUES DE TANTO TOMAR/CELOS Y PENAS   45 Rpm ULTRA RARE USED,29.99,0.0315
v1|327258668095|0,"The Blue-Belles 45 ""I Sold My Heart To The Junkman / Itty Bitty Twist"" F3",0.99,0.0315
v1|227428811864|0,Christine McVie The Legendary Christine Perfect Album LP Fleetwood Mac,19.99,0.0314
v1|307051864415|0,Dr. Dre - Compton A Soundtrack Vinyl LP NWA Snoop DOGG -Album 1 Only A & B,9.99,0.0314
v1|236934066985|0,HOT CHA CHAS 1956 lp BEBO VALDES AND HIS ORCHESTRA TROPICANA CHA CHA CHAS MAMBO,19.89,0.0314
v1|206393865136|0,"DG SLPM138 075 Prokofiev:Piano Con #5;Mozart:Piano Con #20/Richter,tulip,NM",10.00,0.0314
v1|137495712525|0,AFRICAN ~ LISOLO YA BANA LA ROSA ~ ORGAN GUITAR POP ~ HEAR ~ 78 RPM ~ A 1019,75.00,0.0314
v1|287456369946|0,"Violent Record, FOUR",15.00,0.0314
v1|336685039298|0,CUARTETO CANEY RECORDANDO AL OASI RECORDS SALSA LP HEAR ,7.77,0.0314
v1|307058788499|0,"Frank Sinatra, The Nearness Of You, 1967, Stereo, G+/VG+",5.00,0.0314
v1|407066864222|0,Diana Ross & Marvin Gaye on MTN 1269,5.00,0.0314
v1|398167972860|0,Waylon Jennings What Goes Around Comes Around Record Album,1.99,0.0314
v1|800330809802|0,"Sheena Easton Vinyl LP Lot-Set of 7-Do You, Best Kept Secret, Self-Titled",21.99,0.0313
v1|377338118247|0,The Hemphills - Workin’ - He's Still Working on Me Vinyl Record LP 1980 Gospel,5.99,0.0313
v1|398165793314|0,The Beach Boys Made in U.S.A. Capitol Rock Pop 2LP Compilation 1980s,10.00,0.0313
v1|178305099893|0,Rod Bernard Forgive Me / Colinda 45-1011 Jin Cajun,5.00,0.0313
v1|407068038048|0,"BARBARA EDEN, DOT PROMO LABEL #17032 45 RECORD",9.99,0.0313
v1|267726009817|0,PAT BENATAR GET NERVOUS LP Chrysalis Records CHR-1396 1982,4.95,0.0313
v1|407067954839|0,"Terry Gilkyson, Marianne/Goodbye Chiquita, 45rpm, Columbia Records 4-40817",2.99,0.0313
v1|336684007990|0,R&B Soul 45 CANDY WILLIAMS Maybe I Was Dreaming/Last Night on Request VG++,7.99,0.0312
v1|168525744542|0,the beach boys endless summer vinyl album 2lps-capitol 1974-vinyl ex ,4.99,0.0312
v1|147441613727|0,Lot of 6 Vinyl Records In Sleeves,15.00,0.0312
v1|127965236317|0,"LOS TRES ASES - LO MEJOR DE LOS TRES ASES - 1987 MEXICAN DOUBLE LP ALBUM, BOLERO",19.99,0.0312
v1|198483436509|0,Seeburg Background Music Library 12-D/DX & 70-D/DX (2) 7'' 45rpm VG++,8.50,0.0312
v1|366535390079|0,JIMI HENDRIX EXPERIENCE Are You Experienced LEGACY LP VG++ 2014 reissue k,13.00,0.0312
v1|318568478716|0,Count Five - Psychotic Reaction LP - Craft 180g Reissue SEALED,13.50,0.0311
v1|278176242171|0,Tom Petty Damn The Torpedoes LP Backstreet MCA-5105 ,5.00,0.0311
v1|318568478694|0,Billy Joel - Cold Spring Harbor LP - Family Productions VG++,22.00,0.0311
v1|227428490176|0,"Various A Country Christmas Vol. 3 12"" Vinyl LP RCA Victor CPL1-5178 1991",3.00,0.0311
v1|257618732101|0,PAT BENATAR IN THE HEAT OF THE NIGHT Chrysalis Records CHE 1236 1979,4.95,0.0311
v1|307059502116|0,"Barry Manilow – The Manilow Collection Twenty Classic Hits, 12"" Vinyl LP 1985",4.99,0.0311
v1|366526153246|0,"Lot of 12 - VINYL LP Records - 70s AOR, SINGER SONGWRITER, SOLO, COUNTRY, ROCK",24.99,0.0310
v1|336683993356|0,Deep Soul 45 GLINDA HUDSON Love/I'll Wait on Smalltown VG++,7.99,0.0310
v1|168531178238|0,Eagles Greatest Hits Volume 2 Vinyl LP 1982 Asylum 60205 VG+ CONDITION,19.99,0.0310
v1|800321845098|0,Jennings/Nelson/Cash/Kristofferson - Highwayman 2 LP - Columbia VG++ Shrink,10.50,0.0310
v1|318572756330|0,"[1967] Lamar Morris: The Great Pretender/ World's Perfect Couple  7"" record",2.00,0.0310
v1|158070320715|0,King Crimson In The Court Of The Crimson King 200 Gram Vinyl NM/ NM Orig Shrink,20.50,0.0310
v1|206410880878|0,"Playboi Carti by Playboi Carti (Record, 2017)",12.49,0.0310
v1|318568515893|0,JANIS JOPLIN Pearl CBS LP VG+ holland k,9.50,0.0309
v1|366535365721|0,BLACK SABBATH We Sold Our Soul For Rock 'N' Roll WARNER BROS 2XLP gatefold k,9.50,0.0309
v1|178298377245|0,Princess SUFARIS Wipe Out / Surfer Joe 45 RPM 7” Short version DFS-11 RE1 VG++,100.00,0.0309
v1|327258670677|0,"Ernie Maresca 45 ""Shout Shout / Crying Like A Baby Over you"" VG+ VG AU3",0.99,0.0309
v1|307051281086|0,"Olivia Newton John Lot of 3 Albums, See Pictures, Vinyls Visually rated    A40",9.00,0.0309
v1|377336802966|0,Deep/Sweet Soul 45 BUDDY WRIGHT Tears On My Pillow/Foolish Things on Uptown VG++,7.99,0.0309
v1|327257601974|0,Delaney & Bonnie & Friends on tour with Eric Clapton 1970 Vinyl LP ATCO SD33-326,6.00,0.0309
v1|206410711002|0,"Hank Williams, Jr. Hank Live 1987 12"" Vinyl LP Warner Bros. 1-25656",4.00,0.0309
v1|366535386864|0,HEART Greatest Hits/Live EPIC 2XLP VG+ k,16.00,0.0309
v1|127970523881|0,Jukebox 45 & Title Strip Stevie B Because I Love You Cleaned Tested,2.49,0.0308
v1|800330949082|0,"TINA TURNER: what's love got to do with it CAPITOL 12"" Single 33 RPM",9.99,0.0308
v1|168530317897|0,DJ COLLECTION 1966 PHILIPS THE 4 SEASONS WORKING RICHMOND PRESSING 45 RPM 07330D,20.00,0.0308
v1|127975118274|0,The Beach Boys Capitol STEREO Rainbow Label Shut Down Volume 2 M- VG++,39.99,0.0308
v1|188632443526|0,BRUCE SPRINGSTEEN - DARKNESS ON THE EDGE OF TOWN Vinyl LP REPRESS RECORD NM,9.99,0.0308
v1|366522468584|0,45 REGGAE / JACOB MILLER / BABY I LOVE YOU / YARD MUSIC / LISTEN,9.99,0.0307
v1|227428187015|0,"Ray Jay & the Eastsiders, ""Cuba"", ""Negrita"", Latin Salsa Boogaloo 45, LISTEN",40.00,0.0307
v1|178305343095|0,COUNT LASHA & HIS CALYPSONIANS Calypso Cha Cha Cha/Perseverance CARIBOU 78 ,30.00,0.0307
v1|158071312254|0,COUNTRY The Incomparable Hank Penny The strong Black Man Wasp 1970 PROMO HEAR IT,5.00,0.0307
v1|407068248719|0,Gary Puckett - Gary Puckett & The Union Gap's Greatest Hits 1981 Record VG / VG,5.00,0.0307
v1|127971527115|0,VARIOUS ARTISTS:The Stars Are Out In Texas RCA CPL1-7165 LP 1986 Mint/VG,1.00,0.0306
v1|366538978179|0,"Chantay's 45 ""Pipeline / Move It"" AU4",0.99,0.0306
v1|407066045972|0,Taj Mahal Giant Step/De Old Folks At Home Lp,9.99,0.0306
v1|318572726430|0,KC & THE SUNSHINE BAND Shake Your Booty/Boogie Shoes 45,2.00,0.0306
v1|377338324155|0,"BOB DYLAN Stuck inside of Mobile With the Memphis Blues Again 7"" Vinyl CBS 4859",5.99,0.0306
v1|227428418552|0,"CMH Super Picker Special 12"" Black Vinyl LP CMH-6227 Country Bluegrass",3.00,0.0306
v1|398165808147|0,"Tchaikovsky Symphony No.5 OP.64,  Voyevode Op.78, Claudio Abbado, CSO LP",5.00,0.0305
v1|336685242560|0,"The Beatles - Capitol LP - Beatles '65 - T 2228 in Shrink, VG+",10.00,0.0305
v1|287457278942|0,"Trisha Yearwood - Down On My Knees / For Reasons I've Forgotten 7"" 45rpm Record",2.69,0.0305
v1|227428340985|0,michael jackson thriller vinyl 1982,25.00,0.0305
v1|267725815764|0,"Bing Crosby ""Merry Christmas"" Vintage Vinyl Album Decca Records Sears Plastic Wr",8.00,0.0305
v1|307058969393|0,"AL BERNARD, Harry Reser, Carson Robinson - Steamboat Bill / Casey Jones ",7.00,0.0305
v1|398167003648|0,Neil Diamond – Moods 1972 Vinyl Album Record ,4.00,0.0305
v1|307058943958|0,Donna Summer / The Wanderer Vinyl LP  1980 Geffen  GHS 2000 VG +,5.99,0.0305
v1|327258390113|0,Jimmy Reed I Ain't From Chicago Lp Record! Very Clean Copy.,19.99,0.0304
v1|366538957127|0,"Freddy Cannon 45 ""Transistor Sister / Walk To The Moon"" F3",0.99,0.0304
v1|800330164409|0,Dan Fogelberg Phoenix Vintage Vinyl LP 1979 ,4.00,0.0304
v1|278176203303|0,38 Special “Tour De Force” 1983 Vinyl LP ~ SP-4971 COVER & VINYL ARE EXCELLENT,7.00,0.0304
v1|198494035724|0,Classical & Independent Folk Choral Vinyl Lot,4.00,0.0304
v1|227428555328|0,Their Singing Bodies Diagnosis-Neurosis/You've Gotta Feel It DJ45 VG PsychGarage,7.99,0.0304
v1|377292961809|0,PAUL REVERE & THE RAIDERS - GREATEST HITS -  MONO W/SOUVENIR BOOKLET - NICE!!,9.05,0.0304
v1|287457438579|0,"Houses of the Holy by Led Zeppelin (Record, 2014)",15.00,0.0304
v1|267725810851|0,TOM LEHRER That Was The Year That Was Reprise1965 RS-6179 RECORD ONLY,1.96,0.0303
v1|366535364914|0,BIG MAMA THORNTON She's Back MCA LP VG+ k,8.00,0.0303
v1|358788567714|0,Angel Live Without a Net Casablanca Double Vinyl Record LP 1977 Gold Stamp Promo,19.00,0.0303
v1|168531817164|0,R&B Moss Tolbert Money In My Pocket Vee Jay 558 1963 PROMO HEAR IT,5.00,0.0303
v1|377309779844|0,🎤︎ SIGNED ** - LITTLE RICHARD - GOSPEL - PICKWICK CANADA LP,19.99,0.0303
v1|287455654743|0,"Grass Roots, Things I Should Have Said To Her / Top Of My Tongue EXC",1.89,0.0303
v1|206410582248|0,Willie Nelson Lp * To Lefty From Willie * Columbia KC-34695 (1977),4.99,0.0302
v1|117298251490|0,Dire Straits Brothers in Arms Vinyl LP Record Warner Brothers 1985,13.00,0.0302
v1|327258642983|0,"Gordon Lightfoot 45 ""The Way I Feel / Peaceful Waters"" Promo AU2",0.99,0.0302
v1|377338587092|0,Rick Nelson - Play To Win LP Sealed 1981 - SEALED,6.00,0.0302
v1|407068559134|0,Willie Dixon Willie’s Blues LP Reissue,5.00,0.0302
v1|287456594071|0,"""Ricky Nelson"" Vinyl Archive Record Lot (9 LPs) -various labels-Plus bonus",24.00,0.0302
v1|168524435966|0,Edith Piaf: The Best Of Edith Piaf (SM-2616),4.99,0.0301
v1|178300362298|0,Killer Country Bop Booze 45 KIRK HANSARD Gonna Tie One On / Time BETHLEHEM hear,6.00,0.0301
v1|318568506994|0,FLEETWOOD MAC Tusk WARNER BROS 2XLP VG++/VG+ embossed cover k,9.50,0.0301
v1|117302114953|0,South Park RSD Mr. Hankey’s Christmas Classics Brown Poo Colored Vinyl LP Record,79.99,0.0301
v1|366538971904|0,"Sweet Sensation 45 ""Sad Sweet Dreamer / Surething Yes I Do"" AU3",0.99,0.0301
v1|137513596901|0,Back Ta Basics Vinyl LP Record 7”,0.99,0.0301
v1|267726032100|0,Elvis Presley - Girls! Girls! Girls! LPM-2621 RCA Victor 1962 5S/5S Hollywood EX,19.99,0.0301
v1|407067676974|0,Brunswick Record 78: 2866: Moonlight and Roses: Just a Little Drink: Ray Miller,9.00,0.0301
v1|377338118107|0,Donna Fargo -Miss Donna Fargo - Vinyl Record LP Country,3.99,0.0301
v1|127965236363|0,LOS COMPADRES - MUSICA TRADICIONAL DE CUBA - 1970 MEXICAN LP ALBUM SOC,14.99,0.0300
v1|198493664149|0,RUN DMC Raising Hell Lp Rap Hip Hop OOP,19.99,0.0300
v1|168531588841|0,"GEORGE CLINTON ""Some Of My Best Jokes Are Friends"" LP (Capitol, orig '85)",9.99,0.0300
v1|236933982266|0,Lot (30) Rock & Classic Rock Vinyl Records;  Alice Cooper Klaatu Steely Dan ELO,23.50,0.0300
v1|198494022989|0,Walls Vinyl LP Lot 3 Records,9.00,0.0300
v1|800329985973|0,"Willie Nelson Vinyl Boxed Set- 10 Albums, Poster & Photo",64.99,0.0300
v1|127970525112|0,Jukebox 45 & Title Strip Bryan Adams Can’t Stop This Thing Everything I Do,2.49,0.0300
v1|117297390876|0,La Casa  Get To You PROMO SINGLE Vinyl Record Album,3.00,0.0300
v1|398167939239|0,"GEN X - Dancing With Myself  12"" Maxi single 1980 Billy Idol UK Press",25.00,0.0300
v1|398167137995|0,Emmylou Harris Last Date,4.00,0.0300
v1|358788579104|0,The BEATLES COLLECTION box Japanese 13 vinyl LPs ABBEY ROAD Sgt. Pepper RARITIES,160.00,0.0300
v1|227428552054|0,The Greek Fountains I Can't Get Away DJ Promo 45 Montel Michelle VG+ GaragePsych,11.50,0.0300
v1|336683992853|0,Crossover Soul 45 THREE PROPHETS I Think I Really Love You on Together VG++,7.99,0.0299
v1|147432558760|0,CHRISTMAS Ultraprophets of Thee Psykick Revolution LP with PROMO KIT & PHOTO,19.89,0.0299
v1|398166588565|0,2 Lot Lps: Grecian Keys Horepse Mazi Mas & With Love Greek folk dance,34.99,0.0299
v1|307059504221|0,AC/DC The Razors Edge    EX+,25.00,0.0299
v1|168524371029|0,The First Family (Comedy) (1962)  [Vaughn Meader],4.99,0.0299
v1|377342466022|0,"1965 Out Of Our Heads, Rolling Stones, London Mono, LL3429, Satisfaction",9.99,0.0299
v1|358788738233|0,BILL ROBINSON & THE QUAILS '55 DELUXE LOVE OF MY LIFE DOO WOP BALLAD REPRO M-,8.00,0.0299
v1|158077361089|0,Loverboy Get Lucky Vinyl LP lot of 2 Columbia Records 1980 Album,7.99,0.0299
v1|257621755686|0,"Lot of 38 Vinyl Albums, Mostly Classical, Orchestra, Some Others,Few Scratches,",29.99,0.0299
v1|336684740972|0,"Kiss Destroyer Vinyl LP Casablanca 12"" 33 RPM 1976 NBLP 7025 Stereo",8.40,0.0298
v1|206409963681|0,1966 CHET ATKINS PICKS ON THE BEATLES VIVYL MONO LPM-3531 & STEREO LSP-3531 RCA,15.00,0.0298
v1|398165808988|0,Neil Diamond Moods MCA LP Vinyl 1972,7.00,0.0298
v1|158081101841|0,Cat Stevens Vinyl LP Lot of 2 – Izitso & Buddha and the Chocolate Box VG,8.00,0.0298
v1|298499987065|0,EARL HINES Beau-Koo Jack / Everybody Loves My Baby BLUEBIRD B-7040 (V+),7.00,0.0298
v1|298499796567|0,"Buddy Knox Party Doll/My Baby's Gone 7"" Vinyl 45 Roulette R-4002",2.00,0.0298
v1|298499733392|0,DAMITA JO ~ I'LL SAVE THE LAST DANCE ~1961 ~45 RPM ~ EP ~ RECORD  NM  COVER NM,3.99,0.0298
v1|287456559150|0,HEAR IT HERE 60's Promo 45 rpm Avons Tonight Kiss Your Baby Goodbye Listen Here,0.99,0.0298
v1|287457278899|0,Jan & Dean -  Surf With Jan & Dean Marifon Vinyl LP Record 1982,4.69,0.0297
v1|267725932204|0,Elvis Presley - I'll Never Let You Go - RCA Victor 47-6638 VG+ Play Tested!,9.99,0.0297
v1|318573045380|0,"Elvis- It's Now or Never/A Mess of Blues""45rpm in PS",15.00,0.0297
v1|168531761713|0,"When in Rome -The Promise, includes Dub mix 45 RPM Record",3.99,0.0297
v1|336684838761|0,"Eurythmics Revenge LP Vinyl RCA AJLI-5847 1986 Pop Rock 12"" 33 RPM",5.00,0.0297
v1|147432621578|0,Cream  The Very Best Of Cream Lp Greatest Hits Dutch import Nm  Eric Clapton,12.99,0.0297
v1|366535432159|0,Rare Black Gospel 45- Toby Thornton & Enchanters~Everybody Brings About A Change,9.99,0.0297
v1|257613353170|0,2 lot  NARARETH   1972 Debut M opened shrink wrap  &   1976 Close Enough for R&R,29.00,0.0296
v1|198494022892|0,John Denver Folk Rock & Country Crossover Vinyl Lot,21.00,0.0296
v1|198494022913|0,John Denver Folk Rock & Country Crossover Vinyl Lot,21.00,0.0296
v1|366538506373|0,"TINY TIM, REPRISE  LABEL #0760 45 RECORD NEAR MINT",2.99,0.0296
v1|366538510687|0,"TINY TIM, REPRISE  LABEL #0802 45 RECORD NEAR MINT",2.99,0.0296
v1|366538884932|0,Eddie Cochran Rock and Roll Classics Vol 3 LP Liberty 5C 052-92-185,0.99,0.0296
v1|298500565995|0,"HELTER SKELTER , A CONCERT IN THE PARK BY THE BAND OF THE WELSH GUARDS, 12""ANGEL",0.99,0.0296
v1|800330874593|0,"Run DMC / Aerosmith 12"" Walk This Way Vinyl Maxi-Single 1986",9.99,0.0296
v1|147431570597|0,"Tom Petty LP ""Southern Accents"" Nice Player!",9.00,0.0296
v1|318568478737|0,Fishbone - In Your Face LP - Columbia VG+,10.00,0.0295
v1|158077661812|0,John Denver Windsong LP Vinyl RCA Country 1975 1970s Cardboard Sleeve APL1-1186,5.00,0.0295
v1|127971541438|0,Lot of 24 Classical  Vinyl LPs Musical Heritage Society Classical  All M- / EX,35.00,0.0295
v1|178306002872|0,Carpenters Vinyl Album Lot 2 Albums,3.00,0.0294
v1|278175797035|0,Bob Dylan - Hard Rain - Vinyl LP Columbia - PC 34349 G+/VG,9.99,0.0294
v1|366536783178|0,HEAR - Rare Garage 45 - Defenders - Lookin' For Love,49.99,0.0294
v1|188637049114|0,"HEAVY METAL LP LOT RATT INVASION OF YOUR PRIVACY, ANVIL with OBI TWISTED SISTER",66.66,0.0294
v1|287456717124|0,K-Tel Songbird LP Vinyl Record Various Artists,5.59,0.0294
v1|147425974119|0,Golden Goodies Volume 8 The Original Hits (LP Record Album),4.99,0.0294
v1|178295968268|0,Asia Don't Cry 1983 45rpm Geffen Records VG+ Mastering Engineer Greg Fulginiti,1.79,0.0293
v1|147432359053|0,ELVIS PRESLEY LP #380 UNFINISHED BUSINESS SPAIN LONG OUT OF PRINT 1980 NM/NMMT,62.59,0.0293
v1|198493321997|0,Various Artists Lp * What's In Store For You #4 * Capitol Records (PROMO) 1977,5.99,0.0293
v1|188632434684|0,Bruce Springsteen vinyl Record,15.00,0.0293
v1|168531817153|0,HOLIDAY POP The Hatton Sisters Seasons Greetings Skyway 115 1956 HEAR IT,5.00,0.0293
v1|307059575226|0,Official Grammy Awards Archive Collection - Great Singers 4 records,10.00,0.0293
v1|336684000746|0,Northern Soul 45 JAMES CONWELL The Trouble With Girls/I Know I'm Sure on 4J,7.99,0.0292
v1|137507078795|0,The Showmen 45 RPM - It Will Stand / 39-21-46  Ripete Label  R45-161  1989,3.99,0.0292
v1|800325661818|0,"ELLA FITZGERALD SINGS THE RODGERS & HART SONGBOOK-VERVE MG V-4002, BUDDY BREGMAN",14.98,0.0292
v1|800325661818|0,"ELLA FITZGERALD SINGS THE RODGERS & HART SONGBOOK-VERVE MG V-4002, BUDDY BREGMAN",14.98,0.0292
v1|336685273899|0,With The Beatles Vinyl LP Parlophone  PCS 3045 Early 80s UK Import,14.99,0.0292
v1|318568484882|0,BOB DYLAN Highway 61 Revisited CBS LP VG+ holland k,15.50,0.0292
v1|168522765970|0,OPERA ~ GERMAN TELEFUNKEN TEST PRESS ~ FRANZ SCHUMANN ~ 78 RPM ~ HEAR~ X 6250,50.00,0.0292
v1|398167167491|0,Dan Fogelberg - Phoenix (Vinyl Record LP),6.00,0.0292
v1|800330477807|0,"Y & T  ""Open Fire"" - A&M-SP 5076 - Orig. Vinyl LP Record",9.99,0.0292
v1|147431567401|0,"Fleetwood Mac LP ""TUSK"" 1979 Nice player",9.00,0.0292
v1|366531110611|0,Rice Brothers' Gang - On The Sunny Side Of The Street - DECCA 5590 E-/V,19.99,0.0292
v1|336685323594|0,1966 Pressing The Beatles REVOLVER Vinyl Lp ST 2576 G-/G- FULLY TESTED Classic!,15.99,0.0292
v1|117298385508|0,"The Knack, Get The Knack Vinyl Music Record Album. Clean, pre-owned Vinyl. ",3.99,0.0292
v1|227422512707|0,Ines Ferrari on 78 rpm Odeon F5652/53: ROSSINI La regata veneziana (4 parts); E,39.98,0.0292
v1|227428738806|0,Fortnite: Best of the Lobby Vinyl (Original Soundtrack) Excellent  8BIT-8169,18.99,0.0292
v1|800069546513|0,Lp Record 33 1/3 loverboy/the kid is hot tonight #36762 columbia records,0.99,0.0292
v1|137507418388|0,BEATLES FRENCH IMPORT  W PENNY LANE & STRAWBERRY FIELDS 4 SONGS 33 1/3 VINYL EX!,18.00,0.0291
v1|168531605808|0,"TECHNOTRONIC  "" THIS BEAT IS TECHNOTRONIC ""  12"" MAXI-SINGLE",9.99,0.0291
v1|188631987870|0,Anthrax Make Me Laugh Vinyl Metal With Poster 12” Record EP Metal,19.99,0.0291
v1|336679337671|0,"The Beatles  - The Ballad Of John And Yoko -  UK Picture Sleeve PS 7""",19.99,0.0291
v1|127965236347|0,"RAICES Y COSTUMBRES DE LA TIERRA DEL MARIACHI -MARINA ISOLDA- MEXICAN LP, SPOKEN",14.99,0.0291
v1|158077605617|0,Ray Price Thats What Leavings About / The Lonesomest Lonesome 45rpm CBS RECORDS ,1.99,0.0290
v1|407066911865|0,Cat Stevens - Foreigner Vinyl Record LP A&M Label  Rock vintage record sp-4391,3.00,0.0290
v1|377338563606|0,IAN HUNTER - Welcome To The Club - 1980 Vinyl Album Chrysalis Records LIVE 2 LP,7.00,0.0290
v1|278175886492|0,PREWAR JAZZ 78 • Duke Ellington & Orchestra • Brunswick 6987 • Moonglow • E/E-,18.99,0.0290
v1|158071270050|0,"NAZ NOMAD & THE NIGHTMARES Rare 7"" Garage Punk Vinyl THE DAMNED 45 RPM single",15.00,0.0290
v1|800330368274|0,"VAN HALEN  ""5150"" - Warner Bros. 9 25394-1 - Orig. Vinyl LP Record",17.50,0.0290
v1|206408134767|0,Jerry Jeff Walker - Mr. Bojangles LP - ATCO 1841 Broadway VG+,8.00,0.0290
v1|278176297077|0,Jimi Hendrix Are You Experienced Vinyl Album,14.99,0.0290
v1|267726027950|0,THE ROLLING STONES Under Cover LP Rolling Stone Records 7 90120-1 1983,7.95,0.0290
v1|117298739712|0,Charlie Barnet - LP LOT.  ,12.00,0.0289
v1|800321845062|0,George Michael - Faith LP - Columbia Shrink,8.00,0.0289
v1|318568509179|0,GHOSTBUSTERS OST Various Artists ARISTA LP VG+ k,9.50,0.0289
v1|278174882593|0,R&B Soul 45 VIRGIE TILL I Didn't Steal Your Dog/Loose Me Love on Glover promo,7.99,0.0289
v1|800321855325|0,BOB DYLAN Highway 61 Revisited COLUMBIA C-9189 LP VG+ k,9.50,0.0288
v1|327258126619|0,"Vintage Jean Luc Ponty ""Cosmic Messenger"" Vinyl Album (1978)",4.00,0.0288
v1|227431584832|0,"Nat King Cole ""Love Is The Thing"" Vintage LP Capitol Records W824 ",9.50,0.0288
v1|298500035947|0,Tammy Wynette: Tammy's Greatest Hits - Vinyl - 1969 EPIC BN26486,6.00,0.0288
v1|168531594927|0,Milli Vanilli - Girl You Know It's True - Single Used Vinyl Record,9.99,0.0288
v1|800330468892|0,"The Knack, Get The Knack Vinyl Music Record Albums. Clean, Pre-owned .",3.99,0.0288
v1|267725959406|0,Donna Summer The Wanderer Ghs 2000 Vinyl Lp 1980,3.99,0.0288
v1|147432723462|0,RCA Victor Youth Series Rumpelstiltskin 78 RPM Storybook Album 2 Records Vintage,38.40,0.0288
v1|236933977886|0,Lot (30) Rock & Classic Rock Vinyl Records;  Nazareth Angel Thin Lizzy UFO Rush,22.50,0.0287
v1|298498965418|0,"1963-GARNET MIMMS AND THE ENCHANTERS, "" BABY DON'T YOU WEEP"", 7"" UNITED ARTISTS",0.99,0.0287
v1|307049992925|0,THE MILLS BROS. ~ OLD SONGS BRING MEMORIES  ~ 45  RPM EP ~  RECORD NM  COVER EX,3.99,0.0287
v1|236933991527|0,"Lou Rawls – When You Hear Lou, You’ve Heard It All – 1977 – PIR – Soul Vinyl LP",1.99,0.0287
v1|188626187413|0,Haunting Melodic Girl Teen Country 45 SUNNY LEE River of No Return SIMS hear NM,6.00,0.0287
v1|127965236362|0,"LOS CUMBIEROS DEL SUR - VOLUMEN XI - MEXICAN LP ALBUM WEAR SPINE, CORRIDOS",14.99,0.0287
v1|236938652800|0,"Nat King Cole,Buddy Rich (Anatomy of a Jam Sessio) LP 1971 Made in England",0.99,0.0287
v1|298500542475|0,"1979-BOB McGILPIN ll , ""GET UP"", 12"" MAXI  BUTTERFLY SINGLE RECORD,  DISCO ,CLUB",0.99,0.0286
v1|800329343830|0,"KISS  ""Hotter Than Hell"" - Casablanca NBLP-7006 - Orig. Vinyl LP Record",12.50,0.0286
v1|278174877542|0,R&B Popcorn 45 HIGH KEYS One Horse Town/Don't Leave Me Now on Atco VG++,7.99,0.0286
v1|298499797404|0,Nancy Sinatra These Boots/City Never Sleeps 45 Reprise 0432,2.64,0.0285
v1|236933785496|0,Elvis Presley Girl Happy RCA Victor Soundtrack Album LPM-3338 Mono LP,4.08,0.0285
v1|147432542311|0,SALEM I’m Still In The Night 2011 45RPM 135 Gram Vinyl All Original Sleeves,399.99,0.0285
v1|147432180512|0,Kiss Destroyer Vinyl LP Record Album Resurrected Orange Colored,15.50,0.0285
v1|398182750842|0,ORCHESTRA HARLOW El Albino Divino FANIA Killer! | Latin | Salsa | LP HEAR,9.99,0.0285
v1|168524414098|0,FRANK SINATRA: She Shot Me Down (1981),4.99,0.0285
v1|298500180254|0,"Carpenters - Close To You 12"" Black Vinyl LP A&M SP-4271 33 RPM Sleeve",2.36,0.0285
v1|336683997646|0,Modern Soul 45 KEELO I Still Care on Clair De Lune,7.99,0.0284
v1|158077642119|0,"KROKUS !!  3 Lot Vinyl   PAY IT METAL, ONE VICE AT A TIME & Metal Rendezvous! Ex",17.50,0.0284
v1|127971342469|0,NEIL DIAMOND:Stones MCA 93106 LP 1971 VG-/VG,6.00,0.0284
v1|377336820091|0,R&B Soul 45 NOBODY'S This May Be The Last Time/Thinkin' About It on Samar VG+,7.99,0.0284
v1|327258256628|0,1982 Frank and Moon Zappa Valley Girl/You Are What You Is With Picture Sleeve,6.00,0.0284
v1|127965236365|0,GLEN CAMPBELL - GLEN CAMPBELL'S TWENTY GOLDEN GREATS - 1977 MEXICAN LP ALBUM,14.99,0.0284
v1|298499960323|0,The Rolling Stones Hot Rocks 1964-1971 Vinyl Record,15.00,0.0284
v1|236933455309|0,HAWAII-INSTRUMENTALLY YOURS 1964 LP  Background Music for your Movies and Slides,19.92,0.0284
v1|336685237579|0,"Van Halen Van Halen II LP 12"" 33 RPM Vinyl Warner Bros. Records HS 3312 1979 VG+",4.99,0.0284
v1|407068156008|0,In Harmony LP Vinyl Sesame Street 1980 BSK 3481 Doobie Brothers Taylor,5.00,0.0284
v1|127971124052|0,emorise kelley 45 rpm record the biggest fool/dissapointed in luv/good plus,4.00,0.0283
v1|127965236309|0,CHELO - 22 EXITOS CON RONDALLA 22 - 1986 MEXICAN LP ALBUM PUNCH HOLE COVER,14.99,0.0283
v1|377338117223|0,Johnny Mathis -Johnny's Newest Hits - Vinyl Record LP (1963) Stereo Columbia,0.99,0.0283
v1|358785670982|0,"Vanguard 33 1/3 RPM 7"" Record, Joan Baez,Deportee,Plane Wreck of Los Gatos,,VG",1.00,0.0283
v1|206405741988|0,The Tarriers LOT of 3 45rpm PRETTY BOY BANANA BOAT SONG HARD TRAVELIN' PROMO,6.50,0.0283
v1|127971525803|0,B.J. THOMAS:Greatest Hits Scepter SPS-578 LP 1970 VG/VG-,6.00,0.0283
v1|336688687615|0,The Beatles - Sgt Pepper's Lonely Hearts Club Band-Capitol SMAL-2653-Vinyl LP,5.50,0.0283
v1|800321879766|0,ELVIS PRESLEY Worldwide Gold Award Hits 3 & 4 RCA R214657 2XLP mono SEALED k,8.50,0.0283
v1|257618348255|0,Madona Justify My Love,28.00,0.0283
v1|366535383635|0,"FRANKIE GOES TO HOLLYWOOD Relax ISLAND/ZTT 12"" VG++ 45rpm k",8.50,0.0283
v1|298499158675|0,"Loretta Lynn You Wanna Give Me a Lift/What's the Bottle Done 7"" 45",1.24,0.0282
v1|168526032069|0,VDISK #248 Billie Holiday ALL STAR BAND LIVE Louis Armstrong ART TATUM Eldridge,7.99,0.0282
v1|257618754491|0,"DELIVER by ""THE OAK RIDGE BOYS""  Lp Record Album Vinyl 33-",2.79,0.0282
v1|168531577729|0,1965 The Rolling Stones “Out of Our Heads” LP Long Play London Mono Red Label,12.99,0.0282
v1|168531598567|0,Michael Jackson Thriller Vintage Vinyl LP 1982 Epic Record PAL 38112 - Vintage,14.50,0.0282
v1|257618656874|0,Jossie Esteban La Patrulla 15 Ok All Right TOP TEN HITS TH-1935  VG+ LP #6077,15.99,0.0282
v1|158071312252|0,R&B The Del-Phis I'll Let You Know / It Takes Two Check-Mate 1005 1961 HEAR IT,10.00,0.0282
v1|407068295162|0,THE BRADSMEN 45 GHOST RIDERS IN THE SKY MIKE SIKORSKY 4-BAR-B VINYL,1.99,0.0281
v1|336683991475|0,Crossover Soul 45 C.P. LOVE Plenty Of Room For More/Call The Shots on King Walk,42.00,0.0281
v1|318568478698|0,Bonnie Raitt - Streetlights LP - Warner Bros. SEALED PROMO,16.50,0.0281
v1|206410974479|0,78 RPM Blues  T-Bone Walker on Imperial: I’m About To Lose My Mind/I Miss You Ba,20.00,0.0281
v1|336684371153|0,Selena & Los Dinos Female Vocalist of the Year And the winner is... Record,500.00,0.0281
v1|267725833423|0,Debut Jimi Hendrix Vinyl Record Album Are You Experienced,8.95,0.0281
v1|127971399678|0,"DONOVAN ~SUNSHINE SUPERMAN/THE TRIP 1966 EPIC RECS (5-10045) 7"" SINGLE w/PS",4.49,0.0281
v1|188626187419|0,Hot Country Bop Honky Tonk 45 BETTY AMOS Wages of Sin /Give Take PHILIPS hear NM,6.00,0.0281
v1|298500407104|0,JODY MILLER Queen of the House LP Album,4.99,0.0280
v1|137507244814|0,JOHNNY CASH - GREATEST - SUN LABEL - PLAYS VG++ - 1959,9.99,0.0280
v1|158077800713|0,JETHRO TULL Thick as A Brick VINYL LP Ian Anderson Autograph SIGNED,99.95,0.0280
v1|257526265575|0,Lp Record 33 1/3 journey/escape #37408 columbia records,5.50,0.0280
v1|178305273062|0,"The Temptations - ""Masterpiece"" - LP, Shrink Wrap",5.00,0.0280
v1|127971307897|0,Rod Stewart The Rod Stewart Album Polygram Mercury Records Mid-1970s reissue,4.25,0.0280
v1|287457408139|0,"BLUES 45 RPM - BOBBY BLAND - DUKE 355 - ""STORMY MONDAY BLUES"" + ""YOUR FRIENDS""",3.69,0.0280
v1|278170559071|0,JOHN MAYALL      Lot Of 3 Vinyl Records LPS     BLUES,14.99,0.0279
v1|307051266844|0,"Homer & Jethro Lot of 3 Albums, See Pictures, Vinyls Visually rated Comedy    F3",8.00,0.0279
v1|407068152938|0,Tom Petty and the Heartbreakers You’re Gonna Get It! LP,5.00,0.0279
v1|178305547976|0,Mildred Clark & The Melodyaires I’m Gonna Serve Him LP Records Gospel Sealed!,20.00,0.0279
v1|117298023708|0,Bob Dylan's Greatest Hits Vol. II 2LP 1971 PG-31120 Columbia TH Press *NEAR MINT,30.00,0.0279
v1|178305090887|0,Nathan Abshire 45-10175 Swallow A Musician’s Life / Pine Grove Blues VG+++,20.00,0.0279
v1|127970522703|0,Jukebox 45 & Title Strip Millie Jackson Hot Wild Unrestricted Crazy Love Tested,2.49,0.0278
v1|257526331260|0,Lp Record 33 1/3 dire straits/your latest trick 45 lp size #1312 vertigo records,0.99,0.0278
v1|137507131659|0,Madonna Lot Of  3 First Press E X Nice Lot Of Madonna 45 With Pictures Sleeve,6.00,0.0278
v1|278176068406|0,Bob Dylan – Desire. Vinyl LP Record Album.,5.00,0.0278
v1|366538545398|0,"THE ARCHIES,KIRSHNER LABEL #105 LP RECORD STILL SEALED",7.99,0.0278
v1|318568479752|0,BEATLES Beatles '65 CAPITOL LP VG+ mono k,21.63,0.0278
v1|178305586521|0,"Columbia LP Record.The Philadelphia Orchestra,Eugene Ormandy ,Festival of...",1.00,0.0278
v1|800321845096|0,Jerry Jeff Walker - S/T LP - Decca VG+,15.00,0.0277
v1|327254040750|0,Mexicali Brass – New Hits From South Of The Border,0.99,0.0277
v1|407068617758|0,Woodstock Two 2 LPs,5.00,0.0277
v1|366535389218|0,JANIS JOPLIN Pearl COLUMBIA CQ-30322 LP VG+ quadraphonic k,18.50,0.0277
v1|287457109761|0,Blood Sweat & Tears Greatest Hits Vinyl LP,4.79,0.0276
v1|206414628235|0,BIG DEAL SOUL  R&B EP  PROMO 45 DONNA HIGHTOWER WITH PICTURE SLEEVE GEE BABY +3,10.00,0.0276
v1|147431930244|0,"LISANDRO MEZA y SU CONJUNTO  ""El Sabanero Mayor""",9.50,0.0276
v1|307051280260|0,"Linda Ronstadt Lot of 3 Albums, See Pictures, Vinyls Visually rated    A41",9.00,0.0276
v1|236938548231|0,"Strauss Waltzes RCA Victor Box Set Of 4 Red Vinyl Arthur Fiedler, Conductor",15.00,0.0275
v1|398168017992|0,The Beatles - Second Album - 1964 Rainbow Mono ( RARE ) LP Capitol T-2080 VG+  ,34.99,0.0275
v1|318573775321|0,Walt Disney PINOCCHIO LP Album,3.00,0.0275
v1|377338330694|0,"Stray Cats - Runaway Boys 7"" Vinyl  45 RPM Arista – SCAT 1 1980 UK",4.99,0.0275
v1|137505708659|0,Original 1976 Elvis Presley’s A Legendary Performer Volume 2 Vinyl LP,9.99,0.0275
v1|366538934298|0,"Ray Charles 45 ""Let The Good Times Roll / Don't Let The Sun Catch You Cryin"" C4",0.99,0.0275
v1|800339654974|0,45 RPM Clarence Henry CHESS 9013 Aint Got No Home / Troubles M-,3.00,0.0275
v1|336685074469|0,"Juan Arvizu - Monisima/Silenciosamente, Victor 46807, Latin 78",9.99,0.0274
v1|407061248270|0,"Rare Country 45 - Red Bailey - Eat, Drink And Be With Mary - Great # 1150",7.99,0.0274
v1|377338117245|0,Marty Robbins - All Around Cowboy - Vinyl Record LP - 1979 Country - Warped,3.99,0.0273
v1|257618772860|0,Jerry Lee Lewis Who’s Gonna Play This Old Piano 1972 Vinyl LP Mercury Records,2.36,0.0273
v1|318568478696|0,Bob Dylan - Highway 61 Revisited LP - Columbia VG++,8.50,0.0273
v1|267721975353|0,Great Gates R&B 16 DEMO 33 Papa Bear Please Don’t / Old Maid Wins OUTTAKES HEAR,50.00,0.0273
v1|127971538060|0,DONNIE IRIS “Back on the Streets” (1980 LP) MCA-3272 *PROMO* VINYL NM “Ah Leah”,12.50,0.0273
v1|178300362293|0,Obscure OH FL Teen Ballad / Country Bopper 45 DICK JONES Angel /Highway KALE ~NM,8.00,0.0273
v1|298490907648|0,EDDY ARNOLD ~ SINGS THEM AGAIN ~ 1961  33  RPM COMPACT 33 ~  RECORD NM  COVER NM,3.99,0.0273
v1|267726019926|0,Prelude After the Gold Rush LP VG+,3.99,0.0273
v1|236933991503|0,"Neil Diamond ‎– Love At The Greek: Recorded Live At The Greek Theatre Vinyl, LP",3.99,0.0273
v1|287457442063|0,Pink Floyd The Wall 2LP 2016 Remastered Vinyl Double Album PFRLP11,29.00,0.0273
v1|366535383586|0,FOUR SEASONS Who Loves You WARNER BROS LP VG+ SHRINK k,8.00,0.0272
v1|178305036195|0,Bob and Earl Harlem Shuffle/I'll Keep Running Back 45rpm Vinyl Record 104 EX-,12.00,0.0272
v1|358787998836|0,Exodus Pleasures of the Flesh Vinyl LP Record Combat Record Label Metal,27.00,0.0272
v1|407068434447|0,Country Music Hall Of Fame 1962 Design Records Various Artists,1.99,0.0272
v1|287457278787|0,Cheap Trick - I Want You To Want Me/Clock Strikes 10 TEN Epic Records 45,2.99,0.0272
v1|198494022877|0,Diana Ross & The Supremes Motown Mega 18-Album Vinyl Lot,46.00,0.0272
v1|168524470409|0,Stevie Wonder: Stevie Wonder’s Journey Through The Secret Life Of Plants (1979),9.99,0.0272
v1|800330799601|0,Peter Paul & Mary Moving W1473 Monophonic 1963 Vinyl LP Puff Magic Dragon,1.99,0.0272
v1|318573880177|0,"Ronnie Milsap A Legend In My Time RCA 12"" Black Vinyl Country LP",6.00,0.0271
v1|327258390117|0,"25 # 1 Hits From 25 Years Motown, Gordy,Tamla 2Lp Record Set!!",9.99,0.0271
v1|800321846343|0,BEACH BOYS Wild Honey CAPITOL LP SHRINK k,19.50,0.0271
v1|377338118209|0,The Charlie Daniels Band - Whiskey - Vinyl Record LP 1977 Country/Southern Rock,3.99,0.0271
v1|267726063719|0,"Charley Pride ‎– The Best Of Charley Pride, LP 1969 RCA Victor ‎– LSP-4223 NM!",4.99,0.0271
v1|377337088770|0,The Police Wrapped Around Your Finger 45,6.00,0.0271
v1|257618705129|0,Pilotwings 64 Video Game Soundtrack VGM OST Vinyl LP Nintendo N64,60.00,0.0271
v1|398168018550|0,"Ray Conniff - 5 LP Bundle Columbia Vinyl [ I Love How, Love Story, Jean ] VG+ ",14.99,0.0271
v1|178301961304|0,"Billy Squier Don't Say No 180g LP Intervention Kevin Gray Mastered, RTI pressed",39.99,0.0271
v1|298490728593|0,THE McGUIRE SISTERS ~ FOUR BY THREE  ~ 45  RPM EP ~  RECORD EX  COVER EX,3.99,0.0271
v1|307058854016|0,Hank Ballard Come On Wit’ It/ Blackenized 45 Rpm James Brown King Stereo Records,4.00,0.0271
v1|206410800588|0,"Al Hirt ""Cotton Candy"" RCA Victor LP 1964 LSP-2917 FREE SHIPPING ",3.00,0.0271
v1|127971342380|0,OLIVIA NEWTON-JOHN:Don't Stop Believin' MCA 2223 LP 1976 VG/VG-,6.00,0.0270
v1|168531347908|0,Dean Martin ‎– Sleep Warm (1959) Capitol ‎– T 1150 Vinyl VG+/EX ULTRASONIC CLEAN,11.99,0.0270
v1|158071312258|0,ROCKABILLY Dick Penner Your Honey Love / Cindy Lou Sun 282 1957 HEAR IT,10.00,0.0270
v1|298499811820|0,Columbia Masterworks The Glorious Sound of Christmas Stereo Vinyl LP MS 6369,2.09,0.0270
v1|227428473983|0,"Kenny Rogers Christmas 12"" Vinyl LP Liberty LOO-51115 Holiday Christmas",4.00,0.0270
v1|267725967630|0,"Waylon Jennings Dreaming My Dreams RCA Victor Stereo 12"" 33 RPM LP APL1-1062",24.95,0.0270
v1|298500414144|0,PRESLEYS' Mountain Music Jubilee Live LP Album,4.99,0.0270
v1|198493851503|0,"Promo! The Wailers – Get Up, Stand Up / Stereo & Mono, 45 RPM 7” Record",6.95,0.0270
v1|267725960270|0,DAVE MASON - MARIPOSA DE ORO - VINYL LP ,2.50,0.0270
v1|800328426543|0,ABBA ‎– Live At Wembley Arena - 3lp - 180g - 2014 - un played & oop,89.99,0.0269
v1|327258757446|0,WEST SIDE STORY OST - Bernstein/Sondheim LP Vinyl -1963 Press - Ultrasonic Clean,2.99,0.0269
v1|188632078541|0,Oak Ridge Boys The Country Collection LP. Arcade Records.,2.99,0.0269
v1|198494022927|0,Ma Rainey / B.B. King Vintage Blues & Vocal Jazz Vinyl Lot,11.00,0.0269
v1|287457412467|0,"The Nightmare Before Christmas - (Yellow & Purple 2xLP) VINYL, Limited",14.50,0.0269
v1|800321845099|0,Jethro Tull - Thick As A Brick 50th Anniv. LP - Chrysalis EU Audiophile VG++,15.50,0.0269
v1|800326921891|0,The Hollies 2 LP Lot Vintage Stop! Stop! UK Pressings with Inners Vinyl LPAC,7.00,0.0269
v1|198494022862|0,The J. Geils Band & Foreigner Arena Rock Vinyl Lot,6.00,0.0269
v1|178300362315|0,Hot TN Country Bopper Honky Tonk 45 BENNIE HERALD Prowling Again SING ME rare!!,5.00,0.0269
v1|178300362303|0,Superb Girl Country 45 LINDA GAYLE  Waitin' At The End of Your Run MEGA promo,4.00,0.0268
v1|206410887505|0,Elvis Worldwide Gold Award Hits Parts 1 & 2 RCA 2LP Vinyl Record Set,5.00,0.0268
v1|267725667831|0,Vintage Vinyl LPs:  DOLLY PARTON 1977; Eddie Rabbit  1980; ANNE MURRAY 1980,15.00,0.0268
v1|267726020830|0,Phoebe Snow Second Childhood pc 33952 vinyl lp 1976,1.99,0.0268
v1|227416658993|0,45 ROCKSTEADY / ERNEST WILSON / UNDYING LOVE / STUDIO 1 / LISTEN,9.99,0.0268
v1|298500662046|0,AC/DC   Blow Up Your Video  NM,15.00,0.0268
v1|227416719207|0,45 NOS / HOWARD GUYTON / I WATCHED YOU SLOWLY SLIP AWAY / STARDUST / LISTEN,9.99,0.0268
v1|206408134764|0,Janis Joplin - Pearl LP - Columbia VG+,8.00,0.0268
v1|298500050514|0,The Beatles Sgt Peppers Lonely Hearts Club Band Vinyl Heavy Wear,15.00,0.0268
v1|287461933481|0,1964 Meet The Beatles Capitol St 2047 PURPLE LETTERS Error Misprint RARE,1200.00,0.0268
v1|318572688832|0,Large Lot Folk Music Records ,12.00,0.0267
v1|117294268729|0,Wings At The Speed Of Sound LP Capitol SW 11525 solid vg with inner sleeve,9.99,0.0267
v1|800331180918|0,"Black Sabbath Paranoid 12"" Vinyl LP Rock Vertigo Label Cardboard Sleeve",16.99,0.0267
v1|147432293040|0,Bruce Springsteen Live 1975-85 5 LP Box Set  with Booklet and Inner Sleeves,12.49,0.0267
v1|257618737190|0,JETHRO TULL Benefit LP CHRYSALIS 6400 1970,4.95,0.0267
v1|377338079252|0,ROCK-DAVID BOWIE-BEAUTY AND THE BEAST/SENSE OF DOUBT-RCA VICTOR PB-11190-STEREO,5.00,0.0267
v1|147432264968|0,Bob Dylan 4 LP Lot Blood On The Tracks Desire Planet Waves KENDUN Hits II EX VG+,80.00,0.0267
v1|127974735261|0,"DAVID BOWIE, The Man Who Sold The World Reissue Mercury. VG+/ VG+, Suspicious",9.48,0.0267
v1|278175623238|0,A Rose For My Darling EX 197? El Dorados Lost Nite LBL REISSUE NEW HAVEN CT band,5.00,0.0267
v1|377337106219|0,45 RECORD - ROGER DALTREY - LET ME DOWN EASY,10.00,0.0267
v1|377337106219|0,45 RECORD - ROGER DALTREY - LET ME DOWN EASY,10.00,0.0267
v1|206414797204|0,BIG DEAL MEET THE BEATLES VENEZUELA LP ODEON SOLP 7075 RED LABEL,40.00,0.0266
v1|168522852715|0,YUMAC SUMAC ~ POP ~ DANCE OF MOON FESTIVAL ~ 78 RPM ~ HEAR~ X 6252,10.00,0.0266
v1|307058790445|0,LANG THOMPSON 78RPM ROW ROW ROW B/W LAST NIGHT ON THE BACK PORCH,6.99,0.0266
v1|158023288928|0,"YAZOO - SITUATION - SIRE 45 RPM 12"" SINGLE - REALLY NICE!!!",2.99,0.0266
v1|127971358830|0,Link Wray Rumble / the Swag Single 45rpm Record RSD 2015 NM,19.50,0.0266
v1|198493995466|0,Johnny Cash At San Quentin vinyl 1969,5.00,0.0266
v1|336685196792|0,JERRY LEWIS JUST SINGS 1956 12” Vinyl LP Decca DL 8410 Black Label MONO,9.34,0.0266
v1|267725684518|0,Rolling Stones vinyl record Vg+,5.00,0.0265
v1|298498955486|0,"1983-MICHAEL WYCOFF, "" YOU'VE GOT IT COMING/ TELL ME KNOW"",  7"" RCA RECORD ,SOUL",0.99,0.0265
v1|336683990420|0,70s Soul 45 GEORGE JACKSON How Can I Get Next To You?/Willie Lump Lump on MGM,9.50,0.0265
v1|168531339306|0,LOT OF 63 1950's 1960's DOO WOP R&B SOUL EARLY ROCK 45RPM RECORDS ALL SLEEVED,19.99,0.0265
v1|158077451246|0,LOT OF 63 1950's 1960's DOO WOP R&B SOUL EARLY ROCK 45RPM RECORDS ALL SLEEVED,19.99,0.0265
v1|158077535209|0,LOT OF 63 1950's 1960's DOO WOP R&B SOUL EARLY ROCK 45RPM RECORDS ALL SLEEVED,19.99,0.0265
v1|178305691393|0,"38 Special. Special Delivery. LP. 1978.M- Record and Cover,Original Inner Sleeve",10.00,0.0265
v1|188631446624|0,Bill Anderson Love... LP Vinyl Record MCA MCA-2371  Country Album G+ To VG Cond,3.50,0.0265
v1|278174881944|0,R&B Soul 45 ROCHELLE JOHNSON Playing The Field/Gypsy Ways on Swan NM promo,7.99,0.0265
v1|278175925674|0,The Doobie Brothers ... Best Of The Doobies LP 33 RPM,7.29,0.0265
v1|298500340940|0,Meet The Beatles  VG+  One BMI On Label  Mono,5.00,0.0264
v1|278175848900|0,THE HOLLIES' GREATEST HITS 33 1/3 LONG PLAYING ALBLUM READ DESCRIPTION PLEASE,3.95,0.0264
v1|336685449225|0,Vintage Eagles The Long Run,9.00,0.0264
v1|147432277897|0,"Judas Priest Sin After Sin LP Vinyl MCA-3021 12"" 33RPM Black Heavy Metal",9.99,0.0264
v1|298500413888|0,BEVERLY HILLS COP MCA LP Soundtrack Album,4.99,0.0264
v1|158023288937|0,LYNYRD SKYNYRD - SECOND HELPING - MCA - REALLY NICE!!!,15.05,0.0264
v1|206410970462|0,78 RPM Patty Anne With Hollywood Flames on Aladdin: My heart Is Free Again/Midni,25.00,0.0264
v1|377338014658|0,YES ... Close To The Edge Lp Record. Very Clean Copy!!,12.99,0.0264
v1|178305691730|0,"Elvis Costello And The Attractions Get Happy!! LP 1980,EX Record And Cover ",8.00,0.0264
v1|267726056129|0,Vintage Verdi Opera LP Box Set Collection 12x RCA Victor Callas Tebaldi,19.99,0.0264
v1|336679392202|0,16x Classical LP Record Lot Mixed Grade Sadler Hara Watch,12.00,0.0264
v1|298500525860|0,The Kinks One For The Road 2LP Arista A2L8401 1980,10.00,0.0264
v1|267725574512|0,"Grease (Original Motion Picture Soundtrack) by Grease / O.S.T. (Record, 2015)",12.00,0.0263
v1|227428485876|0,"The Everly Brothers Boys Town Choir Christmas 12"" Vinyl LP Warner W 1483 1962",3.73,0.0263
v1|318568478715|0,Carter Family - The Carter Family Album LP - Liberty Reissue SEALED,8.00,0.0263
v1|267725758198|0,LP JAZZ Duke Ellington – Concert Of Sacred Music RCA PL43663 FRANCE 1983 gospel,13.99,0.0263
v1|287456154615|0,David laflamme - White Bird Vinyl 1976 Amherst Records,4.80,0.0262
v1|168530862644|0,TOMMY JAMES & THE SHONDELLS-MONY MONY-45 RPM-ROCK-VINYL-RECORD-ROULETTE 7008-VG+,5.00,0.0262
v1|298496818947|0,TENNESSE ERNIE FORD ~ OL' ROCKIN ERN ~ 1956 ~45 RPM ~ EP ~ RECORD  NM COVER NM,3.99,0.0262
v1|377336809662|0,Northern Soul 45 GAIL ANDERSON My My My What A Guy on Shell VG++,7.99,0.0262
v1|257618482749|0,Beatles Ticket to Ride/Yes It Is original sleeve and record,25.00,0.0261
v1|227431554932|0,Peter Frampton Frampton's Camel LP Vinyl Album Matrix Number SP-4389,2.75,0.0261
v1|278175797043|0,SEA LEVEL Sneakers (Fifty-Four) CHUCK LEAVELL Allman Bros Rolling Stones NM-/NM-,9.99,0.0261
v1|127965236371|0,"SONES DE VERACRUZ, CONJUNTO BOCA DEL RIO / OTATITLAN, 1990 MEXICAN LP + BOOKLET",19.99,0.0261
v1|236933662316|0,Robert Goulet Record Albums; Lot Of 7; Christmas Album; VG Condition,14.00,0.0261
v1|178303431405|0,"RCA VICTOR 33 RPM Record ,Victory At Sea, Volume #3 VG",3.00,0.0261
v1|178303483769|0,"RCA VICTOR 33 RPM Record. Victory At Sea, Volume #1 VG",3.00,0.0261
v1|178310930811|0,"33 1/3 LP Record 'Excerpts from The Greatest Moments in Sports""",3.00,0.0261
v1|366537125294|0,HEAR - Rare Country 45 - Spence Spencer - Bus Driven' Man - SOS # SOS-1000 Promo,9.99,0.0261
v1|298500218121|0,The Rolling Stones - Big Hits (High Tide and Green Grass) Stereo Vinyl LP London,6.48,0.0261
v1|267726038081|0,Bette Midler the Rose vinyl 1979 with inner sleeve. SD 16010,3.00,0.0261
v1|377336816279|0,Northern/Sweet Soul 45 JAMES BELL The Love Of My Girl/Trying To Get Chosen,785.99,0.0260
v1|127971014614|0,WEIRD AL YANKOVIC Greatest Hits 1988 Vinyl LP Promo Stamp,40.00,0.0260
v1|178305883293|0,"Epic 45 RPM Record, Charly McClain.& Mickey Gilley ,The Four Seasons of love ,VG",1.50,0.0260
v1|336684003697|0,Northern Soul 45 STEWART ROSE The Grass Will Sing For You/Black Bread & Beans ,7.99,0.0260
v1|158082795725|0,"Patsy Cline- Today, Tomorrow & Forever- Vinyl LP Album- 1985 MCA Reissue-EX/NM",0.99,0.0260
v1|800321879571|0,ELVIS PRESLEY Stereo '57 RCA 9589-1-R LP gatefold SEALED k,22.09,0.0260
v1|278175797036|0,Elton John Don't Shoot Me I'm Only The Piano Player LP MCA-2100 G+/VG+,9.99,0.0259
v1|127971525928|0,BUTCH CASSIDY AND THE SUNDANCE KID:OST A&M SP-4227 LP 1969 G+/VG,4.00,0.0259
v1|366538884930|0,Children of a Lesser God Soundtrack LP GNP Crescendo GNPS-8007,0.99,0.0259
v1|298491967806|0,"Lita Ford  - Back To The Cave -  US Picture Sleeve PS 7""",14.99,0.0259
v1|168526331751|0,ROCKABILLY Ray Sharpe Hey Little Girl Garex 105 1963 PROMO HEAR IT,5.00,0.0259
v1|168523352036|0,N. AFRICAN ~ ALGERIAN ~ BAHIA FARAH  ~ HEAR ~ 78 RPM ~ A 1035,50.00,0.0259
v1|147432659378|0,"The Innocence There's Got to Be a Word 7"" acetate Don Ciccone ",32.10,0.0259
v1|800329604199|0,"Van Morrison: Beautiful Vision, Warner Bros. 1982 - Classic - Vintage Vinyl",9.99,0.0258
v1|287457308296|0,Country Chartbusters -  LP - 10 Track Compilation - 1980 WB Records,3.99,0.0258
v1|358787784366|0,Vanilla Fudge LP The Best Goes On MINT,10.00,0.0258
v1|377336809337|0,Northern Soul 45 EDWIN STARR Way Over There/If My Heart Could Tell The Story,7.99,0.0258
v1|168531173011|0,Vintage Debby Boone Midstream LP Vinyl Record 1978 Warner Bros BSK 3130 Christia,2.44,0.0258
v1|227427506079|0,Peter Pan Vintage Smokey The Bear Favorite Songs,6.99,0.0258
v1|318573765384|0,Lot 2  NAT KING COLE Love is the Thing voice /Love is a Many Splendored Thin LP,4.99,0.0258
v1|206414623359|0,BIG DEAL ROCKABILLY 45 ROY ORBISON WITH GROUP SWEET AND INOCENT,5.00,0.0257
v1|127971298580|0,Lot Of 15 Big Band Jazz Single 45rpm 7” Vinyl Records Benny Goodman And More,10.00,0.0257
v1|278174875055|0,Northern/Deep Soul 45 ALFREDA BROCKINGTON Your Love Has Got Me Chained & Bound,7.99,0.0257
v1|206410780227|0,'The George Shearing Quintet with Nancy Wilson: The Swingin's Mutual' [SM-1524],10.00,0.0257
v1|178300362290|0,Obscure MI Wailing Honky Tonk 45 BRENDA WILSON I'm Walking Next /Did RANGER hear,6.00,0.0257
v1|307058533079|0,BOOKER T & the MG'S - Best Of - VINYL LP 1975 REISSUE,13.50,0.0257
v1|377338118266|0,Oak Ridge Boys - American Made - Vinyl Record LP MCA-5390 1983 - Country Rock,3.99,0.0257
v1|168531022320|0,JACKIE WILSON - WAR - THE ISLEY BROTHERS  - 3 VINYL LPS,19.99,0.0257
v1|206410881558|0,"NICE OLD DEPT OF TREASURY 16"" TRANSCRIPTION RECORD Glenn Miller Betty Johnson ",10.00,0.0256
v1|206410635801|0,Foreigner – Records – Sterling Xmas Etch – SP/Allied – VG+ Playtest LP,15.49,0.0256
v1|127965236401|0,"TRIO LOS SANTOS - 15 EXITOS DE TRIO LOS SANTOS - 1986 MEXICAN LP ALBUM, BOLERO",14.99,0.0255
v1|336685074481|0,"Hermanas Barraza - Canción Del Campo/Quiéreme - Decca 10411, Latin 78, 1938",6.99,0.0255
v1|227428479956|0,"Christmas Greetings from Nashville 12"" Vinyl LP Columbia PC 39467",3.14,0.0255
v1|198493507843|0,"DIANE AND THE DARLETTES  ""JUST YOU"" NICE 1962 GIRL GROUP DOOWOP ON DUNES HEAR IT",15.00,0.0255
v1|307058873124|0,The Beatles REVOLVER Capitol SW-2576 NM Vinyl ,40.00,0.0255
v1|147432654733|0,CAT STEVENS Tea for the Tillerman 1970 A & M SP 4280 11 Tracks,5.00,0.0255
v1|127971241945|0,"PATIENCE & PRUDENCE: tonight you belong to me LIBERTY 7"" Single 45 RPM",5.00,0.0255
v1|236934043283|0,BILLIE HOLIDAY Classic Lady Day 5LP vinyl box set still in shrink Netherlands M-,55.55,0.0255
v1|127965236349|0,LAURA ALEGRIA - CONFIDENCIAS DE LAURA ALEGRIA - 1982 MEXICAN LP ALBUM SOC TOC,14.99,0.0255
v1|206407872201|0,TOM PETTY Pack Up The Plantation Live 1985 MCA Classic Rock 2X LP EX Vinyl CRC,19.00,0.0254
v1|358788133246|0,"Eagles Their Greatest Hits 1971-1975 Asylum 12"" Vinyl LP Compilation",10.00,0.0254
v1|298500652963|0,Peter Framptom I'm In You LP 1977 A&M SP 4704,4.00,0.0254
v1|398182710427|0,ORQUESTA LA CORPORACION LATINA El Orgullo De Puerto Rico COCO Salsa  LP HEAR,10.50,0.0254
v1|158071312250|0,R&B Smiley Lewis Stormy Monday Blues Imperial 5719 1961 PROMO HEAR IT,5.00,0.0253
v1|298508452640|0,"Taylor Swift- I Knew It, I Knew You 10” Vinyls Limited Edition Toy Story (x2)",177.50,0.0253
v1|206410886633|0,Elvis Presley A Legendary Performer Vol 2 RCA Victor CPL1-1349 1976 Mono LP,5.00,0.0253
v1|287461902602|0,Pink Floyd Wish You Were Here Vinyl LP 180g 2011 Guthrie Remaster Complete NM ,23.50,0.0253
v1|168530838076|0,"CHICAGO-LOOK AWAY/COME IN -45 RPM-7""-POP-REPRISE 7-27766-PS-NM-VINYL-RECORD-1988",6.49,0.0253
v1|307050397973|0,EDDY ARNOLD ~ SLOW POKE ~ 1956 ~ 45 RPM ~ EP ~ RECORD NM  COVER NM,3.99,0.0253
v1|377338117647|0,Quicksilver Messenger Service - Shady Grove - SM-391 Capitol LP 1976 Reissue,6.99,0.0253
v1|298497037428|0,SLIM WHITMAN ~ SINGS AND YODELS ~1954 ~45 RPM ~ EP ~ RECORDS  VG+ COVER EX,3.99,0.0252
v1|377338117342|0,Vintage-Chubby Checker Your Twist Party With The King Of Twist Vinyl LP Parkway,4.99,0.0252
v1|377337066980|0,Dick Van Dyke Mary Poppins Chim Chimney Stepping Time 45,10.00,0.0252
v1|206408134697|0,Beatles - Magical Mystery Tour LP - Capitol VG+,9.50,0.0252
v1|398166992630|0,The Original Motion Picture Soundtrack Of Thank God It’s Friday,10.00,0.0252
v1|307059604405|0,"(2) SINGLE SIDED 78'S ""SOUVENIR"" & ""the Rosary”",9.99,0.0252
v1|358785649196|0,1947 Dinah Washington Evil Gal Blues Homeward Bound Mercury 8043 78 RPM Tested,9.99,0.0252
v1|198493624946|0,"The Who Who's Next 1971 MCA Records 12"" Black Vinyl LP MCA-1691",10.00,0.0252
v1|358787147081|0,"70s VINYL: Starbuck (Moonlight Feels Right), Randy Newman, Neil Diamond",7.00,0.0252
v1|236933709594|0,Pearl Jam - Vs - Vinyl Record - 180 Gram,20.00,0.0251
v1|366522562393|0,45 SOUL / JOHN GARY WILLIAMS / IN LOVE WITH YOU / STAX / LISTEN,204.50,0.0251
v1|236933761256|0,The Dave Clark Five 3 LP Lot-Glad All Over,12.00,0.0251
v1|267725742678|0,LOT OF 18 VINYL RECORDS LP VINTAGE CLASSIC COUNTRY & WESTERN/FOLK MOST FROM 60's,13.99,0.0251
v1|318568501053|0,DOLLY PARTON/LINDA RONSTADT/EMMYLOU HARRIS Trio WARNER BROS LP VG+ k,18.50,0.0251
v1|800327499757|0,Armed Forces Radio Service Strike Up The Band H-87 16” Transcription LP#R140-19,28.74,0.0251
v1|168525336973|0,Chris De Burgh - The Getaway -  A&M Records SP-4929 yr 1982 LP SHIP TO SHORE,5.99,0.0251
v1|188618273805|0,"Tampa Red ""The Guitar Wizard"" - Things 'Bout Coming My Way - VOCALION 1637 V+",19.99,0.0251
v1|227428573268|0,BECK Hyperspace CAPITOL 2019 Pop Rock VG+ GOLD VINYL LP Record USED,8.99,0.0251
v1|298493296775|0,HANK SNOW~THE GOLDEN ROCKET ~1959 ~ 45 RPM ~ EP ~ MAROON  RECORD  EX  COVER EX,3.99,0.0251
v1|267726029177|0,THE WHO Tommy 2 LP DECCA DXSW 7205 ,24.95,0.0251
v1|800329598018|0,The Beatles Nowhere Man APPLE ALL RIGHTS,15.00,0.0251
v1|198493357560|0,Supertramp-Live in Paris – 2x Vinyl LP 1980 A&M Records SP 6702 Gatefold VG,5.99,0.0250
v1|366535365387|0,BILLY SWAN I Can Help MONUMENT LP k,8.00,0.0250
v1|318568512491|0,HOLLIES Greatest Hits EPIC LP VG+ k,8.50,0.0250
v1|287456558466|0,"Various - 62 Golden Greats - RCA Special Products, Sessions HEAR IT HERE",0.99,0.0250
v1|287456558466|0,"Various - 62 Golden Greats - RCA Special Products, Sessions HEAR IT HERE",0.99,0.0250
v1|366538971905|0,"Bobby & His Orbits 45 ""Felicia / Bandstand Dancing"" AU4",0.99,0.0250
v1|278175627956|0,WAYLON JENNINGS COLLECOR'S SERIES 33 1/3 LONG PLAYING ALBLUM,5.95,0.0250
v1|278174878008|0,R&B Popcorn 45 NAPPY BROWN Well Well Well Baby-La/Just A Little Love on Savoy ,7.99,0.0250
v1|267726030312|0,Patsy Cline – That’s How a Heartache Begins (1964) Decca DL-4586 Rainbow Label,19.99,0.0249
v1|267725704882|0,"Dionne Warwick: Anthology 1962-1971     33 RPM       12"" DOUBLE LP",3.99,0.0249
v1|278176203645|0,Stevie Wonder - Looking Back 3x LP 1977 Motown – M-804LP3 COVER & VINYL ARE EX.,18.00,0.0249
v1|407067676983|0,Columbia Record 78: A2852: Oh How I Laugh When I Think That I Cried Over You,8.00,0.0249
v1|206414627519|0,BIG DEAL SOUL / DOO WOP 45 BAGDADS LET'S TALK ABOUT BAD TIMES,5.00,0.0249
v1|158077691187|0,RARE COUNTRY GOSPEL Vondelle Coppedge The Love of God ABS 116 1961 HEAR IT,10.00,0.0249
v1|377337107068|0,ROGER DALTRY - AFTER THE FIRE / IT DON'T SATISFY ME    (PIC. SLV. &RECORD)  (M-),10.00,0.0249
v1|267725938134|0,Elvis Presley Fun In Acapulco Japan LP SHP-5271 RCA Victor Living Stereo,6.00,0.0249
v1|117298444401|0,Bruce Springsteen-vinyl ,20.00,0.0249
v1|336685251284|0,Hall & Oates David Ruffin & Eddie Kendrick Live Apollo Vinyl Lp Shrink Wrap VG+,6.99,0.0248
v1|168530860704|0,"U.S. Bonds-Quarter To Three-45 RPM-7""-single-soul-vinyl-record-Legrand 1008-EX",5.00,0.0248
v1|188632165947|0,Latin -  La Tuna Borincana de Moca Auroras de Navidad - Puerto Rico Aguinaldo,9.99,0.0248
v1|407068007146|0,"TINY TIM, CLOUDS LABEL #17 45 RECORD",2.99,0.0248
v1|206410680558|0,"Iron Maiden – ""Wasted Years"" - shaped picture disk - EMIP 5583",13.50,0.0247
v1|168530012596|0,"Bulk Lots of about 250 45s from the 1950s-1980s Rock, Pop, R&B, Country",30.00,0.0247
v1|168530014994|0,"Bulk Lots of about 250 45s from the 1950s-1980s Rock, Pop, R&B, Country",19.99,0.0247
v1|227427438608|0,Volume One by Sleep Record 2015 Reissue Black Vinyl EX Stoner Doom,19.99,0.0247
v1|318583961967|0,1986 Iron Maiden Somewhere in Time  Record Album Vinyl LP,24.95,0.0247
v1|168525113799|0,GREEK ~ REMBETIKA ~ RARE GREAT ~ PALAIOANNO PERISTERIS ~ HEAR ~ 78 RPM ~ 6381,75.00,0.0247
v1|278175828092|0,"Donna Summer Bad Girls Casablanca 12"" 2LP 33 RPM Black Vinyl Gatefold",3.20,0.0246
v1|287457451594|0,"1978 Star Trek Book And Record Set 12"" 33 1/3",8.99,0.0246
v1|298490780982|0,INK SPOTS ~ SELF  TITLED VOL.1 ~ 1954 ~ 45  RPM EP ~ 2  RECORDS  EX  COVER NM,3.99,0.0246
v1|800330671745|0,THE GREEN SLIME 1968 Promo 45 RPM MGM Records K-14052 Picture Sleeve Sci-Fi,199.00,0.0246
v1|278176377617|0,Rocky III Original Motion Picture Score Soundtrack Promotional Vinyl LP Record,15.00,0.0246
v1|298499764669|0,The Very Best Of The Statlers Vinyl LP Record,5.00,0.0246
v1|236933906988|0,"The Rolling Stones Goats Head Soup Rock Vinyl LP 12"" 33 RPM Rolling Stones Black",9.75,0.0246
v1|366526153234|0,"Vintage 70’s FOLK Vinyl LP Mixed LOT of 12 - Judy Collins, Joan Baez, Holly Near",19.99,0.0245
v1|178300362297|0,Private Lofi Country Hillbilly 45 RUTH QUINLIN Anybodys Name / Echoes GREEN hear,4.00,0.0245
v1|398167009674|0,Merle Haggard His Best,8.00,0.0245
v1|398165806672|0,The Sandpipers Greatest Hits Vinyl Record,9.99,0.0245
v1|206408134694|0,Bad Brains - Live At The Bayou 2xLP - Time Traveler RSD SEALED,40.00,0.0245
v1|257618769123|0,George Hamilton IV – Canadian Pacific LP Record 1964 RCA Victor Country 33⅓ RPM,2.40,0.0245
v1|198487465500|0,Elvis Costello- Get Happy!!- Columbia JC 36347- White Label Promotional Issue,14.99,0.0245
v1|227428259744|0,"E.T. - The Extra-Terrestrial, narration by Michael Jackson",42.99,0.0244
v1|227428259744|0,"E.T. - The Extra-Terrestrial, narration by Michael Jackson",42.99,0.0244
v1|257618650146|0,JUDAS PRIEST-Heads Are Gonna Roll/Breaking The Law-OR.'83 STERLING MASTR NM +P/S,9.99,0.0244
v1|278176447556|0,PAVAROTTI'S GREATEST HITS Volume One STILL SEALED LONDON Lp 1980 Luciano w HYPE,19.00,0.0244
v1|278174862252|0,Girl Group Soul 45 COOKIES Wounded/All My Trials on Warner Bros VG++ promo,7.99,0.0244
v1|168525120696|0,GREEK ~ POPULAR JAZZ OPERATIC ~ ANNA CRIONA  ~ HEAR ~ 78 RPM ~ 6382,20.00,0.0244
v1|206415375925|0,JIMMIE RODGERS Blue Yodel No 11 (My Lovin Gal Lucille) VICTOR PRE WAR COUNTRY 78,12.00,0.0244
v1|366534949011|0,Rare Elvis Presley 2-LP - This Is Elvis - RCA Records # CPL2-4031,14.99,0.0244
v1|188631873560|0,Lot of 24 ROCK 1970's and 1980's 45s Duran Duran U2 Clapton Sting Police More,9.99,0.0244
v1|800321895589|0,IRON BUTTERFLY In-A-Gadda-Da-Vida ATCO LP k,8.00,0.0244
v1|227428465182|0,Vintage Bob Seger The Silver Bullet Band Live Bullet 2 Record Album 1975 Tested,19.99,0.0244
v1|800340588376|0,45 RPM Petula Clark WB DJ 7097 At the Crossroads / Other Man's Grass M-,3.00,0.0244
v1|287457279111|0,PETULA CLARK World'S Greatest Singer WARNER BROS W 1608 VG / VG,3.99,0.0244
v1|178306018011|0,"MIke Oldfield -TUBULAR BELLS , Shine On Brightly-Procol Harum & Donovan Lot Of 3",3.00,0.0243
v1|127971162069|0,Jukebox 45 & Title Strip Billy Joel This Is The Time Cleaned Tested,2.49,0.0243
v1|298500524606|0,Klattu LP Capitol ST-11542 1976,10.00,0.0243
v1|377336821320|0,R&B/Deep Soul 45 FASHIONETTS (Baby) It's You/I Got Love on Warren VG+,7.99,0.0243
v1|158077733398|0,"Motley Crue Dr. Feelgood/Sticky Sweet 7"" with picture sleeve",19.99,0.0243
v1|336685248307|0,Lot (30) Rock & Classic Rock Vinyl Records; Thin Lizzy AC/DC Grateful Dead Focus,26.00,0.0243
v1|318568513039|0,HONEYDRIPPERS Volume One ES PARANZA 90220-1 EP SEALED k,8.00,0.0243
v1|318568513039|0,HONEYDRIPPERS Volume One ES PARANZA 90220-1 EP SEALED k,8.00,0.0243
v1|407068423177|0,"Loretta Lynn You're Lookin' At Country 12"" Vinyl LP Decca DL 75310 Stereo sealed",5.00,0.0243
v1|198493995465|0,Johnny Cash Greatest! 1959 vinyl record,10.00,0.0243
v1|366538532976|0,Rolling Stones Hot Rocks 1964–1971 Vinyl 2 LP London ,24.99,0.0243
v1|178303314810|0,"WORKING- OBC- James Taylor, Patti LuPone, Stephen Schwartz- Vinyl LP- 1978",8.99,0.0243
v1|137507378540|0,DISK-GO-CASE Hot Pink FILLED with 60 7” 45 RPM  Records Vintage 1960s 1970s,24.99,0.0242
v1|227427353094|0,Lot (126x) Orig 1950s & 1960s ROCK/DOO WOP/TEEN/R&B/SOUL 45's G/VG All Pictured!,38.00,0.0242
v1|278174875154|0,Northern/Deep Soul 45 AMBASSADORS I Can't Believe You Love Me/I Really Love You,7.99,0.0242
v1|127965236342|0,JAVIER MACIAS Y SU GUITARRA - INSTRUMENTALES DE ORO - 1981 MEXICAN LP ALBUM,14.99,0.0242
v1|236933919334|0,"The Allman Brothers Band At Fillmore East Rock Vinyl 2LP 12"" 33 RPM Capricorn",11.00,0.0242
v1|287456559609|0,"Ray Stevens: Even Stevens 33 RPM 12"" LP Vinyl",0.99,0.0242
v1|298499798429|0,20  Box Sets    LP's    CHOOSE Any Box Set    NM or as described,25.00,0.0242
v1|158077262455|0,DAN FOGELBERG PHOENIX USED VINYL LP RECORD,0.99,0.0242
v1|298500584061|0,"1985- FROM THE ORIGINAL SOUNDTRACK, ""PERFECT "" , JERMAINE JACKSON, 12"" SINGLE",0.99,0.0242
v1|127965236356|0,"JUAN VALENTIN - 20 EXITOS ROMANTICOS CON... - 1985 MEXICAN LP ALBUM, RANCHERO",14.99,0.0241
v1|236934056835|0,"Artur Schnabel - Beethoven The Complete Piano Sonatas, Angel GRM-4005 1963-13LP ",69.95,0.0241
v1|307059546033|0,Buddy Holly Love Me/You Are My One Desire DECCA Records 30543 45RPM,2.25,0.0241
v1|336685247175|0,Lot (30) Rock & Classic Rock Vinyl Records; Wings Boston ELO Traffic Pink Floyd,19.50,0.0241
v1|307049890985|0,RICKY NELSON ~ TEENAGE DOLL ~  1957 ~ 45  RPM EP ~  RECORD EX  COVER EX,3.99,0.0241
v1|318568478727|0,David Allan Coe - Longhaired Redneck LP - Columbia,15.50,0.0241
v1|318568478718|0,Byrds - S/T LP - Asylum SEALED,10.52,0.0241
v1|307052873566|0,"Vintage Rock & Pop Compilation LP Lot of 3 – World Star Festival, Rock ’n Roll",4.99,0.0241
v1|377338625060|0,"PAUL McCARTNEY & WINGS 6 LP LOT w LONDON TOWN, McCARTNEY III, OVER AMERICA +DVD",35.00,0.0240
v1|227428476119|0,"Chet Atkins Christmas with Chet Atkins 12"" Vinyl LP RCA ANL1-1935 33RPM Stereo",4.50,0.0240
v1|206410769473|0,Music From Peter Gunn (1-70112) Vinyl LP Record 1959,0.99,0.0240
v1|287461793169|0,GUY CLARK Better Days LP 1983 Warner Bros  VG++ Country Rock,20.00,0.0240
v1|168531264176|0,ROCK-DAVID BOWIE-HEROES/V-2 SCHNEIDER-RCA VICTOR PB-11121-STEREO,5.00,0.0240
v1|398167001632|0,ALL THE GREAT MOTOWN LOVE SONG DUETS ~ 1985,6.00,0.0240
v1|257618661577|0,Juan Gabriel Con Mariachi - Mis Ojos Tristes [1978] Vinyl LP Pronto Shrink Wrap,34.99,0.0240
v1|227424721135|0,"George Jones  LP  1984  ""You've Still Got A Place In My Heart"" ♫  Good Condition",7.99,0.0240
v1|137507132364|0,Ohio Players ECSTASY 1973 Westbound 45 rpm ,5.50,0.0240
v1|227428480637|0,"Barbara Mandrell Christmas At Our House 12"" Vinyl LP MCA MCA-5519 1984 Promo",4.00,0.0240
v1|800340563697|0,45 RPM Little Richard REPRISE DJ 0907 Freedom Blues / Dew Drop Inn VG++,3.00,0.0239
v1|336685160928|0,DAVID BOWIE Ziggy Stardust 2022 Parlophone 1/2 Speed Master *SHRINK* MINTY!!!,32.50,0.0239
v1|168531598273|0,"Michael Jackson - The Way You Make Me Feel (Special 12"" Single Mixes) (Epic) 12""",27.00,0.0239
v1|168522720147|0,CUBAN ~ BIENVENIDO ROGELIO ~ SONORA MATANCERA  ~ HEAR ~ 78 RPM ~ X 6247,20.00,0.0238
v1|127965236400|0,RUBEN DARIO HERRERA Y SU ORQ. MAYA - BAILA EL SURESTE - 1970 MEXICAN LP ALBUM,14.99,0.0238
v1|278174877657|0,R&B Popcorn 45 JACK RICHARDS Yuccabean/Can-Can Petticoat on Harmad,7.99,0.0238
v1|137507131130|0,King Perry And The Lyrics/Anthony And The Imperials 45 Red Wax M,6.00,0.0238
v1|358788662657|0,Beatles RARE McCartney: Mary Had A Little Lamb Pic Sleeve w/ Little Women Love,21.50,0.0238
v1|147437001809|0,"1988 Michael Bow – Love & Devotion - The '88 Remix 12"" Single Vinyl Album Record",5.00,0.0238
v1|236933904585|0,"Led Zeppelin Physical Graffiti Vinyl Double LP 12"" 33 RPM Swan Song Black",40.00,0.0237
v1|407067516449|0,"Motorhead I Got Mine/Turn You Round Again 7"" single",11.77,0.0237
v1|318568493898|0,CREEDENCE CLEARWATER REVIVAL Bayou Country FANTASY LP VG+ k,11.50,0.0237
v1|198493995467|0,Frank Sinatra Strangers in the Night vinyl 1966,5.00,0.0237
v1|377338118337|0,Emerson Lake Palmer - Trilogy - Vinyl Record LP SD9903 Cotillion Label,5.99,0.0237
v1|377336808987|0,Northern Soul 45 DAVID & GOLIATH I'm Still Lovin' You/Like Strangers on Tomaro,7.99,0.0237
v1|198493902955|0,The Statler Brothers Sing Country Symphonies in E Minor Record Vinyl,5.00,0.0236
v1|327259371648|0,"Paul McCartney Coming Up (Live at Glasgow) 7"" Promo 45 NM Columbia 1B Etch RARE",0.99,0.0236
v1|407066723907|0,1941 Capriccio Italien Boston Pops Orchestra Arthur Fielder RCA Victor SetDM 632,4.49,0.0236
v1|298499138996|0,"Tina Turner Let's Stay Together/I Wrote A Letter 7"" Vinyl 45 Capitol B-5322",1.50,0.0236
v1|257526457043|0,Lp Record 33 1/3 chuck berry/rock n roll rarities 2lp #92521 chess records,4.25,0.0236
v1|198493899434|0,EL CHICANO LP THIS IS EL CHICANO 1976 SHADY BROOK SSB 33005 LP EXC. SLEEVE VG+,5.00,0.0236
v1|377336820489|0,R&B Soul 45 TAWNY WILLIAMS Pretty Little Words/You Lost Me on Tuff VG++ promo,13.50,0.0236
v1|267725995956|0,THE WHO Quadrophenia 2 LP Gatefold MCA Records 1973 MCA2-10004 W/Book,29.95,0.0236
v1|318568478707|0,Bruce Springsteen - Nebraska LP - Columbia VG++,8.00,0.0236
v1|377338016260|0,"SEALED Comedy LP WMMR 93 Morning Zoo "" Zoo's Next "" Comedy Spotlight 1986",9.99,0.0235
v1|366542892441|0,The Best Of Smokey Warren and Dottie Mae 33 record.Auto cover Smokey Warren.,9.99,0.0235
v1|127974692570|0,"DAVID BOWIE, Superstars Radio Network An Evening W/David Bowie RCA Promo NM/ VG+",9.24,0.0235
v1|800339859145|0,45 RPM Marvin Gaye TAMLA 54181 Too Busy Thinking About my Baby VG++,3.62,0.0235
v1|318568492950|0,CREAM Best Of Cream ATCO LP k,8.00,0.0235
v1|158083567503|0,Reba McEntire-Lot of 2 Vinyl LPs- Deal For You & Kind Of Country- NM,2.25,0.0235
v1|377318078661|0,🎤︎ Paul McCartney And Wings - Wild Life 1971 Vinyl Record Album ( beatles ) LP,9.99,0.0235
v1|377318057738|0,🎤︎ Faces - Long Player - Warner Bros LP ( Rod Stewart ),9.99,0.0235
v1|198493936675|0,CIRCLE JERKS WONDERFUL COMBAT CC 8048  WITH LYRICS SLEEVE MINT- LP,34.99,0.0235
v1|267726028056|0,PAUL SIMON Still Crazy After All These Years LP COLUMBIA Records PC 33540 1975,4.95,0.0234
v1|267717713201|0,🎤︎ The Power Station 33⅓ - 1985 Capitol Vinyl LP Robert Palmer Duran Duran,9.99,0.0234
v1|377338118146|0,Jerry Lee Lewis - The Best Of Jerry Lee Lewis - Vinyl Record LP 1970 Smash Label,3.99,0.0234
v1|307053087681|0,“The Best of Old Time Radio Shows” 33RPM 6 LP 12” Album Box Set 30s/40s MCM M?!,30.00,0.0234
v1|168531571721|0,ROCKABILLY Link Wray & His Ray Men Rumble / The Swag Cadence 1347 1958 HEAR IT,5.00,0.0234
v1|377338310203|0,"Blondie ""Autoamerican"" Album Vinyl LP 1980 1st Edition CHE 1290 Chrysalis Record",4.00,0.0233
v1|366535360981|0,B.B. KING Live & Well ABC/BLUESWAY BLS-6031 LP gatefold SEALED k,9.00,0.0233
v1|307059050114|0,Eddie Money 45RPM “We Should Be Sleeping” 1986 80s Hard Classic Rock 7” Vinyl PS,2.99,0.0233
v1|236938493237|0,Queen - A Night At The Opera & A Day At The Races Elektra 7E-1053/6E-101,10.50,0.0232
v1|377336821208|0,R&B Soul Popcorn 45 RON MURPHY This Year/Christmas Time on Suite 16,7.99,0.0232
v1|366535367887|0,BOB DYLAN/THE BAND Basement Tapes COLUMBIA 2XLP gatefold k,10.00,0.0232
v1|377336819215|0,R&B Soul 45 INEZ FOXX Ask Me/I See You My Love on Symbol VG++,7.99,0.0232
v1|298500226680|0,THE HOLLIES-STOP STOP STOP/IT'S YOU-1966 IMPERIAL 66214 NM/M,9.80,0.0232
v1|366538342063|0,"Disneyland Records Sleeping Beauty Soundtrack 1964 12"" Vinyl LP 1228",9.99,0.0232
v1|127974491328|0,"45rpm - Apple 2490 The Beatles, Get Back & Don't Let Me Down",2.95,0.0231
v1|336684256183|0,Burton Cummings (of the Guess Who) Lot of Five 45rpm solo Vinyl Singles,10.00,0.0231
v1|398167904433|0,NEIL YOUNG - AFTER THE GOLD RUSH ~ 1976 Reprise RS6383 Red Letter Cover,35.00,0.0231
v1|206410801553|0,"Bill HaleyComets "" Shake, Rattle and Roll "" 45 with Jacket  { Please Read! }",3.25,0.0231
v1|336685160929|0,TENACIOUS D Rize Of The Fenix 2024 **SEALED**  Perfect!!!,30.50,0.0230
v1|407068524118|0,"Who, the Who’s Missing LP",15.50,0.0230
v1|236933847653|0,James Brown It’s A Mother LP 1969 King Records KSD-1063 ORANGE LABEL OOP,90.00,0.0230
v1|366538922940|0,45 Squeze / The Hooters (2) Album Covers No Records - Eastside Story,1.40,0.0230
v1|117297899861|0,Johnny Cash Blood Sweat And Tears 1962 Columbia CS 8730 Vinyl LP Record Album,8.25,0.0230
v1|227422512709|0,"George Gershwin, Paul Whiteman Con Or 78 Victor 55225: GERSHWIN Rhapsody in Blue",49.98,0.0230
v1|407063512156|0,Rare Latin 45 - Los Marugadores Del Valle - Amor De Cuatro Semanas - Del Valle,7.99,0.0229
v1|800321847389|0,BEATLES Magical Mystery Tour CAPITOL SMAL-2835 LP orange label gatefold k,8.00,0.0229
v1|407067984302|0,Donna Summer I Remember Yesterday Casablanca Records Disco Vinyl LP Record,2.58,0.0229
v1|287456304206|0,ROBERT W. MORGAN Special Of The Week~ In Studio Guest* BOZ SCAGGS* (1980),15.00,0.0229
v1|800069696838|0,Lp Record 33 1/3 men at work/business as usual #37978 columbia records,4.22,0.0229
v1|227428674452|0,Guitar Heroes LP JE36864 Vinyl 1980 PROMO Boston Johnny Winter Molly Hatchet NM!,7.00,0.0229
v1|206414824839|0,BIG DEAL FUNKY BLUES LP VARIOUS  JAZZ ARTISTS OSCAR P CHARLIE P JOHNNY H OTHERS,5.00,0.0228
v1|227423913322|0,The Rolling Stones - Tattoo You - LP- 1981,7.00,0.0228
v1|287456580496|0,Two Weeks With Love Vintage 45'S Jane Powell Debbie Reynolds 2 45s LISTEN HERE,0.99,0.0228
v1|358785604528|0,1945 Benny Goodman Count Basie Columbia 35901 As Long As I Live 78 RPM Tested,9.99,0.0227
v1|178306117926|0,"Capital 45RPM Record,Juice Newton,Angel of The Morning,Headin For A Heartache VG",1.50,0.0227
v1|327258671662|0,"The Liberated Wailing Wall LP ""Who Hath Believed Our Report"" BX10",3.00,0.0227
v1|800321860666|0,BYRDS Play Dylan COLUMBIA PC-36293 LP SEALED k,8.00,0.0227
v1|366538500912|0,"TINY TIM, REPRISE PROMO LABEL #0985 45 RECORD MINT",5.99,0.0227
v1|366535375705|0,DOORS The Best Of... ELEKTRA LP VG+ club edition k,8.50,0.0227
v1|198494022929|0,"Poco, Laura Branigan, and Howard Jones 80s Pop 4-Album Vinyl Lot",5.00,0.0227
v1|127971526211|0,ROD MCKUEN:The Greatest Hits Of WB WS 1772 LP 1969 VG/G,6.00,0.0226
v1|227431094939|0,The Clash Rebellos Garajos Vinyl LP Record Album,15.00,0.0226
v1|327258411720|0,The Chipmunks 45 Record The Chipmunk Song 1958 Liberty,0.01,0.0226
v1|227425760210|0,Dee Clark Raindrops I Want To Love You 45 Rpm Vinyl Record SOUL VEE JAY VJ 383,2.99,0.0226
v1|227425760210|0,Dee Clark Raindrops I Want To Love You 45 Rpm Vinyl Record SOUL VEE JAY VJ 383,2.99,0.0226
v1|117297373774|0,Blue Danube Waltz Hank Snow 45RPM record,2.99,0.0226
v1|137495897958|0,AFRICAN ~ CHAGA MARANGU JR.  ~ GUITAR & VOCAL POP ~ HEAR ~ 78 RPM ~ A 1021,20.00,0.0226
v1|168523328352|0,AFRICAN ~ E.K. OWUSU  ~ HIGHLIFE / PALMWINE SOUND ~ HEAR ~ 78 RPM ~ A 1121,20.00,0.0226
v1|318572026899|0,McDonalds 1979 Flexi Disc “Music And A Special Message From Ray Kroc” Envelope,40.00,0.0226
v1|227428258761|0,Hank Williams Jr. & Senior Sealed Record LP Insights into Song and Story 1974,12.50,0.0226
v1|117300851770|0,"The Shangri-las Best of..  vinyl lp  Pressed on red vinyl  Only 3,000 Made",100.00,0.0225
v1|168531711266|0,THE HEPTONES Tinga Ling Coxsone RE Rocksteady Ska Reggae 45 HEAR,5.00,0.0225
v1|358788166470|0,"Kenny Rogers Ten Years of Gold United Artists 1977 12"" Vinyl LP",5.00,0.0225
v1|267725955613|0,"NITTY GRITTY DIRT BAND ""Twenty Years Of Dirt"" Vinyl LP Warner Bros. 25382-1",5.95,0.0225
v1|206401217025|0,Bing Crosby The Andrew Sisters POPPA SANTA CLAUS /MELE KILIKIMAKA 1950 45rpm VG,355.00,0.0225
v1|327259371603|0,"Greatest Hits by Blood, Sweat & Tears (Vinyl Record, 1972) - Vintage Classic",1.99,0.0224
v1|358788300967|0,"19 by Adele (Record, 2018)",15.50,0.0224
v1|407067701547|0,New KIDS On The Block RIGHT STUFF + Rick James / Pretty POISON / C&C ALL NrM,4.72,0.0224
v1|287457416507|0,PROCOL HARUM - THE BEST OF PROCOL HARUM Vinyl LP RECORD Gatefold 1972 Album,7.99,0.0224
v1|227428360760|0,Paul And Barry Ryan 45 RPM - Pictures Of Today/Madrigal - MGM K13911 1968 PROMO,0.61,0.0224
v1|298490249261|0,RICKY NELSON ~ HONEYCOMB ~ BE-BOP-BABY  1957 ~ 45  RPM EP ~  RECORD EX  COVER NM,3.99,0.0224
v1|298500651877|0,Fat Mattress Fat Mattress II LP ATCO SD 33-347 1970,12.00,0.0223
v1|178305461433|0,Rod Bernard You’re The Reason I’m In Love / Congratulations To You 45 Jin EX-,10.00,0.0223
v1|227428449800|0,"Tennessee Ernie Ford A Christmas Special 12"" Vinyl LP Capitol STBB-485 Stereo",3.96,0.0223
v1|267727770540|0,THE NOTES ~ DON’T LEAVE ME NOW / CHA JEZABEL ~ CAPITOL PROMO ~ ‘56 DOO WOP 45,12.88,0.0223
v1|327258122879|0,"Vintage Jean Luc Ponty""Upon The Wings Of Music"" Vinyl Album (1975)",1.42,0.0223
v1|178303367456|0,Bundle Bee Gees  - Main Course RSO 1975 SO 4807  & Children of the World - Vinyl,65.00,0.0223
v1|407072578562|0,45 RPM Gene Pitney MUSICOR 1093 Last Chance to Turn Around VG++,3.00,0.0223
v1|298500085153|0,"MENG LIJUN, THE ROMANTIC EMPEROR (1976) Cantonese Opera Soundtrack LP PSLP-1254",19.99,0.0222
v1|800321869793|0,DAVID BOWIE Low RCA LP VG+ k,16.50,0.0222
v1|298499147960|0,Helen Reddy Greatest Hits Vinyl LP Capitol Records 1975 St 11418,0.77,0.0222
v1|188630694685|0,"Rick James   17   12""",8.00,0.0222
v1|278176061590|0,The Who – It's Hard. Vinyl LP Record Album.,5.00,0.0222
v1|407068034145|0,Elvis Presley Worldwide Gold Award Hits Lp,11.99,0.0222
v1|407067727753|0,Barbra Streisand Comin' In and Out of Your Life / Lost Inside Of You 45 Vinyl,4.00,0.0222
v1|188632417272|0,MOTT THE HOOPLE - GREATEST HITS Vinyl LP RECORD 1976 Album PC 34368 NM,9.88,0.0221
v1|127965236394|0,"LOS SOCIOS DEL RITMO - LA FLOR DE CHAPOPOTE - 1984 MEXICAN LP ALBUM SOL, CUMBIA",14.99,0.0221
v1|127971342442|0,NEIL DIAMOND:Love at The Greek Columbia KC2 34404 LP 1977 VG/VG-,6.00,0.0221
v1|307058954199|0,1927 JAZZ - Ken Sisson - BAMBOOLA - Vaughn De Leath 78 rpm BRUNSWICK 3595 V+,9.00,0.0221
v1|278182832715|0,The Family Christmas Package-2LP Record-1964-Mercury Stereo-EXC,4.11,0.0221
v1|127971526026|0,BOBBY GOLDSBORO:Greatest Hits United Artists UAS-5502 LP 1970 G+/VG-,4.00,0.0221
v1|318573877275|0,"Hard to Want MCA Records Super Kind of Woman 12"" Vinyl LP Sealed Country",5.00,0.0221
v1|358787355188|0,The KLF – 3 A.M. Eternal (Live At The S.S.L.) VINYL SINGLE,8.50,0.0221
v1|318572663712|0,4 Soundtrack Albums-Billy Jack/The Long Duel/Mission Impossible/Miami Vice 11,4.99,0.0221
v1|800321845590|0,BAND The Last Waltz WARNER BROS 3XLP VG+ germany embossed cover with booklet k,11.50,0.0221
v1|178306136395|0,"Epic 45 RPM Record,Mickey Gilley, Jukebox Argument, You Don't Know Me, VG ",1.50,0.0220
v1|407072560891|0,45 RPM 4 Seasons VEE JAY EP 901 Peanuts + 3 VG++,3.00,0.0220
v1|377328775150|0,"Igor Stravinsky, Sym Or on 78 Columbia set X36: STRAVINSKY Suite de Pulcinella",34.98,0.0220
v1|336683996530|0,Funk 45 WILLIE RODGERS Wake Up/Tennessee Waltz on Bromack,7.99,0.0220
v1|336684013094|0,Spoken Word/Gospel 45 DR MARTIN LUTHER KING I Have A Dream on Gordy NM promo,7.99,0.0220
v1|327258652961|0,"Derek & The Dominos 45 ""Layla / I Am Yours"" AU4",0.99,0.0220
v1|358788000955|0,David Allan Coe Tattoo LP Vinyl Columbia PC 34870 Promotional Country Stereo,32.00,0.0219
v1|178303420467|0,"CHARLY McCLAIN - Greatest Hits (1982) - 12"" Vinyl Record LP - EX",7.98,0.0219
v1|147432673293|0,Michael Jackson - Thriller Vinyl Record 38112 1982 LP ONLY See Pictures,3.00,0.0219
v1|168531038578|0,Herb Alpert And The Tijuana Brass Plus Selections From The Baja Marimba Band,5.00,0.0219
v1|227416670076|0,45 SKA / BARBIE GAYE / MY BOY LOLLYPOP / DARL / LISTEN,9.99,0.0219
v1|298494095148|0,Divine I'M SO BEAUTIFUL LP Maxi Single,20.00,0.0219
v1|318568513779|0,IKE & TINA TURNER River Deep - Mountain High A&M LP k,8.00,0.0219
v1|398166937225|0,PATSY CLINE - SHOWCASE - 1961 Decca Records DL 4202,15.00,0.0219
v1|137506732345|0,ELVIS PRESLEY LP PL 43598 RARITIES 12 SONGS SPEC. VERSIONS NETHERLANDS 1982 NMMT,9.95,0.0218
v1|257621716377|0,"Elvis Presley - Baby Let's Play House/I'm Left.  20-6383, 10"" , 78 RPM, US, 1955",40.00,0.0218
v1|257618774598|0,The Louvin Brothers - Radio Favorites '51-'57 -  Country Music Foundation,3.96,0.0218
v1|267725732181|0,Elvis Presley: The Legend Lives On Vinyl LP PCS 1001,9.99,0.0218
v1|800069742788|0,Lp Record 33 1/3 the cars/shake it up #567 elektra records,3.00,0.0218
v1|377338075333|0,Lawrence Welk 78rpm Single 10-inch Coral Records #61143 Ain't She Sweet,5.00,0.0218
v1|307059568427|0,"BILL HALEY shake rattle and roll ( rock ) 10"" decca 5560 - black label",89.99,0.0218
v1|117298090407|0,PSYCHEDELIC MOD SOUL 45 - I'M ALIVE - JOHNNY THUNDER - HEAR,99.95,0.0218
v1|127970994409|0,Woman / Heartache's Back In Town Johnny Night  45 RPM BRAVE Record ULTRA RARE NR,139.99,0.0218
v1|327258405263|0,Lobo Promo 45 Record I'd Love You To Want Me 1972￼,0.01,0.0218
v1|398167967651|0,Frank Zappa - The Man From Utopia - Vintage 1983 Vinyl LP - Barking Pumpkin...,18.00,0.0217
v1|298500413043|0,LOVE STORY Orginal Soundtrack Album,3.00,0.0217
v1|327258062362|0,"1960 Rock & Roll 45 EP - FABIAN ""Good Old Summertime"" CHANCELLOR #5012",2.99,0.0217
v1|800330882856|0,Burl Ives Have a Holly Jolly Christmas Vinyl LP DL74688  Silver Bells,51.00,0.0217
v1|307058953975|0,All by Yourself In The Moonlight JOHNNY MARVIN Sweetheart Of All My Dreams(V+),7.00,0.0217
v1|307058953975|0,All by Yourself In The Moonlight JOHNNY MARVIN Sweetheart Of All My Dreams(V+),7.00,0.0217
v1|407068206247|0,Janis Joplin's Greatest Hits LP - Columbia PC 32168 Shrink VG++/VG++,18.95,0.0217
v1|407068206247|0,Janis Joplin's Greatest Hits LP - Columbia PC 32168 Shrink VG++/VG++,18.95,0.0217
v1|267726079171|0,Gary Puckett Union Gap Greatest Hits LP CS 1042 EXC Cover 1970,3.95,0.0217
v1|287457101500|0,Fleetwood Mac Rumours Vinyl 1977 Warner Bros. Stevie Nicks Mick Fleetwood McVie,19.75,0.0217
v1|366531104726|0,Rice Brothers' Gang - On The Jericho Road - DECCA 5553 E+,19.99,0.0216
v1|336685089687|0,"Agustin Magaldi - El Alma del Tango - Victor 79977, Latin 78, abt 1927",9.99,0.0216
v1|147432115144|0,The Who Who's Next LP MCA-3024 1980 Rainbow Label W6 Pressing VG+ Vinyl Classic,15.00,0.0216
v1|236933521815|0,Swingin Miss D (With Quincy Jones & His Orchestra) by Dinah Washington ,2.49,0.0216
v1|227428574633|0,"Prince & The Revolution ""Purple Rain"" 1984 45 W/ Plastic Picture Sleeve WB VG+",10.99,0.0216
v1|267726091876|0,Neil Sedaka LP Sings His Greatest Hits on RCA Victor 1962 VG+/ VG+,7.99,0.0216
v1|198493674686|0,"AL GREEN- BACK UP TRAIN- 1967 SOUL 45, HOT LINE MUSIC JOURNAL 15,000 (VG-)",5.99,0.0216
v1|206410974473|0,78 RPM  The Crystals on DeLuxe: My Girl/God Only Knows V:VG+.  L;VG,25.00,0.0216
v1|407068209803|0,"Summer Fun Volume 1, GSA Records TU 2910,  Pop Rock          ",8.00,0.0216
v1|127965236358|0,LAURA ALEGRIA - TEMA DE MAHOGANY - 1976 MEXICAN LP ALBUM PROMO SOL SOC TOC,14.99,0.0216
v1|298500522929|0,BTO Rock n' Roll Nights LP Mercury SRM-1-3748 1979,5.00,0.0215
v1|366538884931|0,Couchois S/T LP Warner Bros BSK 3289,0.99,0.0215
v1|298500206895|0,DUANE EDDY Twangin' Up A Storm! - RCA VICTOR LP - Dynagroove Recording ,14.44,0.0215
v1|267726011522|0,JETHRO TULL Living In The Past 2 LP CHRYSALIS Records CJT-1 1972,14.95,0.0215
v1|227428464958|0,"RCA Victor A Country Christmas Volume 4 12"" Vinyl LP Stereo 1986 CPL1-7012",3.00,0.0215
v1|267722063607|0,SWEET PAIN - '85 Combat lbl EX/NM glam metal LP + lyrics/pic inner sleeve,34.99,0.0215
v1|178303423533|0,Vinyl Record LP Barbara Streisand's Greatest Hits Volume 1 & 2,9.63,0.0215
v1|298500025517|0,Chicago+Police,16.00,0.0214
v1|407068643947|0,"Yardbirds, the featuring Jimmy Page Live Yardbirds LP Columbia Special Products",7.50,0.0214
v1|298500038716|0,Healthy is Wealthy something special from Kraft vinyl record Slim Goodbody,4.99,0.0214
v1|318573885956|0,Elvis Presley: “You'll Never Walk Alone” Vinyl LP ~1971~ Pickwick/RCA {CAS-2472},8.00,0.0214
v1|206408134776|0,Judas Priest - Sad Wings of Destiny LP - RCA SEALED,47.00,0.0214
v1|398167532696|0,RARE  Yugoslavia 45 LP The Beatles Hey Jude & Revolution Jugoton,25.00,0.0214
v1|267726003256|0,NAT KING COLE The Man And His Music 2 LP Capitol Records 93741 ,7.95,0.0214
v1|267727872000|0,12 Vinyl LP Lot Rod Stewart—Every Picture Gasoline Alley Faces Humble Pie VG+,6.50,0.0214
v1|298499928888|0,Elton John - Don't Shoot Me I'm Only the Piano Player Vinyl LP MCA-37113,3.06,0.0214
v1|267722592938|0,COUNTRY GOSPEL SMITH'S SACRED SINGERS (CO 15144-D) I WILL SING OF MY REDEEMER,15.00,0.0214
v1|278174871698|0,Northern Soul 45 SAM & KITTY Your Money - My Love/Don't Hit On Me on 4 Brothers,7.99,0.0214
v1|227428881011|0,The Beatles Star line 45s Lot of 5 Yellow Submarine Penny Lane Nowhere Man,35.00,0.0214
v1|236933973020|0,Lot (30) Rock & Classic Rock Vinyl Records; Genesis Boston Judas Priest Foghat,10.50,0.0213
v1|327258323815|0,Connie Francis 45 Rpm w/ Pic Slv Drownin' My Sorrows & Mala Femmena VA,10.00,0.0213
v1|227428438542|0,"The Association Greatest Hits! 12"" Vinyl LP Warner Bros. WS 1767 1967 Stereo",3.07,0.0213
v1|227428764157|0,Glen Campbell That Christmas Feeling Vinyl LP Record Album Capitol ST-2978,6.99,0.0213
v1|327258390126|0,The Marshall Tucker Band Where All Belong 2Lp Record Set!!!!,12.99,0.0213
v1|267725750279|0,RCA Victor Promo 78 Rpm Record Montana Slim Rudolph Red Nosed Reindeer Jolly Old,5.00,0.0212
v1|168531720686|0,"USA for Africa - We are the World, Quincy Jones/Grace 45 RPM Record",3.99,0.0212
v1|327258221825|0,"The Moody Blues, muppets, Band Aid 5 LP Lot Sold As Is",4.99,0.0212
v1|178305472104|0,"Olivia Newton-John - ""Totally Hot"" Vinyl LP 1978 MCA Record MCA-3067 (MCA1663)",2.09,0.0212
v1|377341207396|0,NOFX Double Album Fat Wreck Store Exc. LP rancid lagwagon bad religion pennywise,69.99,0.0211
v1|298500653095|0,Doobie Brothers Introducing the Doobie Brothers LP Pickwick SPC-3721 1980,10.00,0.0211
v1|267726017900|0,ELVIS Guitar Man LP RCA Records AAL1-3917 ,9.95,0.0211
v1|168524435975|0,“Friends” movie soundtrack with music by Elton John & Bernie Taupin,4.99,0.0211
v1|168524435975|0,“Friends” movie soundtrack with music by Elton John & Bernie Taupin,4.99,0.0211
v1|336679296174|0,"Michael Jackson  - I Just Can't Stop Loving You -  PROMO US Picture Sleeve PS 7""",6.99,0.0211
v1|287456580500|0,"BETTY EVERETT: Killer Diller / Ain't Gonna Cry COBRA 7"" 45 RPM LISTEN HERE",0.99,0.0211
v1|366538942560|0,"Billy Preston 45 ""Blackbird / Will It Go Round In Circles"" A9",0.99,0.0210
v1|287457278937|0,Eagles - Their Greatest Hits 1971-1975 Asylum 1981 Reissue 6E-105,2.99,0.0210
v1|158077583052|0,Patti Page - Patti Page's Greatest Hits LP IN EXCELLENT+++,18.00,0.0210
v1|358787108241|0,"AC/DC Highway to Hell 12"" Vinyl LP Record Album 1979",29.99,0.0210
v1|257621675032|0,JIMMY VICK & THE VICTORS ~ TAKE A TRIP / I NEED SOMEONE ~ CHERRY ~ R&B SOUL 45,8.00,0.0209
v1|178304846652|0,TRIGO LIMPIO -ROMPEME MATAME / YO NACI EN OREGON- 1977 MEX 7¨SINGLE PLAIN SLEEVE,7.99,0.0209
v1|407068396761|0,"THE ARCHIES, KIRSHNER PROMO LABEL #5002 45 RECORD",2.99,0.0209
v1|227428411245|0,"Various Down and Out in Beverly Hills 12"" Vinyl LP MCA Records MCA-6160 1986",3.13,0.0209
v1|147432677266|0,"Sex Pistols - Submission- Vinyl 45 RPM - 1977 French Pressing, Free S/H",8.00,0.0209
v1|127971227039|0,Hank Williams - Great Hits Of Hank Williams - NM/EX+ 1972 Country MGM SE4267 1ST,4.99,0.0209
v1|188632353147|0,Bob James / David Sanborn - Double Vision Jazz Vinyl LP 1986 Warner Bros VG+,3.25,0.0209
v1|178305913035|0,Just Tell Me You Love Me Soundtrack - England Dan & Coley - 1980 Promo Vinyl LP,14.00,0.0209
v1|366538863797|0,Capitol 78 RPM Dean Martin - Memories Are Made Of This 3295 V+,2.99,0.0209
v1|127971270908|0,ABOUT LAST NIGHT-Soundtrack-Vinyl LP-1986 EMI,5.00,0.0209
v1|307053230608|0,"La Costa “With All My Love” Vinyl = VG+ 12"" LP Record Rock, Pop, Country Rock",2.50,0.0209
v1|198437376600|0,"2 RECORD SET RCA VICTOR LM-6047 ""SCENES FROM SALOME & ELEKTRA"" REINER & BORKH",3.20,0.0208
v1|800326885582|0,Great Songs of Christmas Six (1966) Vinyl LP • GoodYear Limited Edition Vol. 6,9.99,0.0208
v1|188631116978|0,Various Artists Country Heartbreak ERA Records - BU4460 - VG Condition ,3.96,0.0208
v1|800329410661|0,The Beatles Lady Madonna Black Star APPLE ,25.00,0.0208
v1|137507363408|0,Goldfinger (Original Motion Picture Soundtrack) Vintage Vinyl ,10.00,0.0208
v1|307059589857|0,3x Japan Presses! Linda Rondstadt Greatest Hits Living In The USA Mad Love,12.99,0.0208
v1|178305435488|0,Johnny Jano That Beat Keeps Going On / Moment You’re Born EX 45 J-103 Jador 45,10.00,0.0208
v1|298500523361|0,Frank Marino And Mahogany Rush World Anthem LP Columbia PC34677 1977,10.00,0.0208
v1|178305047937|0,NEW EDITION “Under The Blue Moon” Vinyl LP 1986 MCA Records MCA-5912 Doo-Wop R&B,11.48,0.0208
v1|236933987582|0,Lot (30) Rock & Classic Rock Vinyl Records; Squeeze Yes Allman Mott Bowie Cars,28.00,0.0208
v1|168531571715|0,DOOWOP The Concords Our Last Goodbye Gramercy 304 1961 PROMO HEAR IT,5.00,0.0208
v1|318583983047|0,1970 Grateful Dead American Beauty Record Album Vinyl LP Jerry Garcia,24.95,0.0207
v1|800321863940|0,COUNTRY JOE & THE FISH Greatest Hits VANGUARD LP VG+ SHRINK k,9.50,0.0207
v1|267714861722|0,🎤︎ Van Morrison Moondance Vinyl LP Record Album WS-1835 Warner Brothers Green,19.99,0.0207
v1|336684010935|0,R&B Soul Mod 45 ANDRE FRANKLIN W/ PRESTON EPPS Say Yeah!/My Lost Love on Polo,7.99,0.0207
v1|377338118235|0,Maynard Ferguson - Carnival - Vinyl LP 1978 Columbia JC 35480 Masterdisk RL,9.99,0.0207
v1|158077082304|0,1977 Recording Of 1961 Elvis Concert & Interview - Vinyl Memphis Tennessee ,0.99,0.0207
v1|358788659130|0,"Columbia 45 RPM Record, Freddy Weller, I'd Do it All over you, Indian Lake VG ",0.50,0.0207
v1|377338117536|0,"Johnny Mathis- Open Fire, Two Guitars - Vinyl Record LP - Columbia CL 1270-1959",0.99,0.0206
v1|298500413091|0,Lot 3 VICTORY AT SEA LP-Volume 1 and 2-Sealed Volume 11,4.99,0.0206
v1|198492663033|0,"Beatles Paul McCartney First Solo LP ""McCartney"" 1970 EX Copy",12.00,0.0206
v1|278175981767|0,BLUES 78 • Lightning Hopkins • RPM 359 • Needed Time • EE+ Clean!,25.99,0.0206
v1|267727783838|0,BUDDY HOLLY ~ MODERN DON JUAN /YOU ARE MY ONE DESIRE ~ DECCA 9-30166  “PROMO” 45,45.11,0.0206
v1|298499759936|0,DAVID SANBORN “HIDEAWAY” WARNER BROS LP 1980 Spin Cleaned VG+,0.99,0.0206
v1|336684007534|0,R&B Rocker 45 BUDDY & THE CONTINENTALS Darling How I Love You/The Lonely Sound ,7.99,0.0206
v1|407066803082|0,"Gogi Grant, The Wayward Wind/No More Than Forever, 45rpm, ERA Records 45-1013",2.99,0.0206
v1|407068034172|0,Johnny Cash Johnny 99 Lp,8.99,0.0206
v1|318568487935|0,BRUCE SPRINGSTEEN Live 1975-85 COLUMBIA 5XLP VG+ boxset with booklet k,12.50,0.0206
v1|127971260286|0,red warrwick 45 rpm record lets have an after party/old buster/very good,4.00,0.0205
v1|117298413615|0,The Beatles Yellow Submarine vintage vinyl record in excellent condition,22.00,0.0205
v1|198492977713|0," Red Rose Speedway by Wings, featuring artwork of Paul McCartney with a red rose",9.00,0.0205
v1|227416696924|0,45 DOO WOP / THE CLASSICS / TILL THEN / MUSICNOTE / LISTEN,9.99,0.0205
v1|168531791172|0,The Zombies - Time of the Season/She's Coming Home 45 RPM Record,3.99,0.0205
v1|168531702249|0,KING KONG Big Boy (1986) Oneness Roots Reggae Dub 45 Jamaica HEAR,7.00,0.0205
v1|366538492167|0,Louis Armstrong and his Hot Five - The Louis Armstrong Story Vol.1,19.50,0.0205
v1|287461609028|0,Record Single ,4.29,0.0204
v1|278181491951|0,The Great Band Era 37 Top Bands 10 Record Set RCA Reader's Digest Vinyl,13.99,0.0204
v1|188632081163|0,Jim Reeves The Best Of LP. RCA Victor Records. In Shrink Wrap.,2.99,0.0204
v1|236933991339|0,Lot (30) Rock & Classic Rock Vinyl Records; Van Halen Kiss Thin Lizzy Yes U2,26.25,0.0204
v1|278176234132|0,James Last Non Stop Dancing 11 (28 Top Hits For Dancing) Polydor – 2371 111 VG,0.99,0.0204
v1|137498574569|0,GREEK ~ REMBETIKA ~ FIDDLE & BAND ~DONT TAKE ME TO AMERICA~ HEAR ~ 78 RPM ~ 6389,50.00,0.0204
v1|800327302851|0,The BEATLES Capitol Records 1964 Can’t Buy Me Love You Can’t Do That 45 Record,9.98,0.0204
v1|127971147953|0,Lot Of 3 The Eagles Single 45rpm 7” Vinyl Records Witchy Woman And More,2.99,0.0204
v1|366530964331|0,Duke Ellington - Rude Interlude - VICTOR 24431 E,19.99,0.0204
v1|117298683784|0,LOT  8 JIMI HENDRIX EXPERIENCE VINYL LP ESSENTIAL 1&2 CRY GENIUS STONE LADY LAND,85.00,0.0204
v1|257618579785|0,Paul Simon Still Crazy After All These Years Record Sleeve,5.00,0.0203
v1|298500058735|0,Bob Dylan Greatest Hits LP Record w/ NM Poster 1st Issue Stereo Columbia 1967 ,60.00,0.0203
v1|198488244502|0,Vinyl Record Albums Variety Pack Various Artists Lot of 12,8.55,0.0203
v1|227428552316|0,Bobby Roberson I Didn't Promise You 45 RPM Winek Sound VG+ Country Soul,7.99,0.0203
v1|407067893877|0,"Jimmy McCracklin and his Band, The Walk/I'm To Blame, 45rpm, Checker Records 885",2.99,0.0203
v1|318561283823|0,"This is a 12-inch vinyl record  Single Of  ""So Happy"" And Thunderball Mix",9.00,0.0203
v1|407067514647|0,"Motorhead Deaf Forever / On The Road (live) 7"" single",14.67,0.0203
v1|127971234597|0,after the fire der kommissar / Dancing In the Shadows 45 Rpm Vinyl,5.00,0.0203
v1|278176206701|0,Bob James David Sanborn Double Vision Vinyl Album Lp,8.99,0.0203
v1|188632425748|0,TRAFFIC - BEST OF TRAFFIC Vinyl LP RECORD 1969 Album WINWOOD Capaldi UAS 5500 NM,9.99,0.0203
v1|188631181708|0," Christopher Cross,  ARTHUR’S THEME (45RPM 7”  Single) WB 49787, 1979 G+ To VG ",3.50,0.0203
v1|168525240602|0,The Tramps - The Best Of The Tramps (1978)￼,4.99,0.0202
v1|287457278889|0,"Foreigner - Long Long Way From Home W/ The Damage Is Done, 7"" 45rpm 1978 Record",2.99,0.0202
v1|398166850950|0,Joan Baez – The BEST of Joan Baez LP 1962 Original Squire Folk 33 RPM,8.00,0.0202
v1|188632426980|0,STEPPENWOLF - THE ABC COLLECTION Vinyl LP 1976 RECORD Compilation AC 30008 EX,9.99,0.0202
v1|298500033099|0,Vintage Dick Clark 2xLP Vinyl 20 Years Of Rock N Roll Buddah Records 1973 Album,5.00,0.0202
v1|188631185148|0,"DAVID ALLAN COE Don't Cry Darlin DJ PROMO 45 7"" Record Vinyl Records VG+ Cond",4.00,0.0202
v1|198493991342|0,The Rolling Stones - Their Satanic Majesties Request - 1967 Non-Glued Cover,19.99,0.0202
v1|257618461671|0,Frank Sinatra Romantic Songs From The Early Years LP Vinyl Pickwick P-12003,0.99,0.0202
v1|366538946878|0,The Davis Sisters (Skeeter) 45 RPM - You're Gone / Sorrow & Pain D7,0.99,0.0202
v1|227428486909|0,"The Country Gentlemen Christmas Time Back Home 12"" Vinyl LP Rebel REB-1600 1980",3.36,0.0201
v1|318568478726|0,David Allan Coe - Rides Again LP - Columbia VG+,15.50,0.0201
v1|327258387852|0,YES... Going for The One Very Clean Lp Record!!!,12.99,0.0201
v1|358788512801|0,Dave Dee Dozy Beaky Mick & Tich LP Greatest Hits WLP PROMO,10.00,0.0201
v1|267726065921|0,12 Top Hits - 1959 Vinyl LP (Crown Records) - Rock 'n' Roll,3.95,0.0201
v1|398167003348|0,neil diamond shilo lp,8.00,0.0200
v1|327254032010|0,Saxaphone Christmas From Nashville,0.99,0.0200
v1|307058829117|0,Eric Clapton 45RPM “It’s in the Way That You Use It” 1986 80s Classic Rock 7” PS,2.99,0.0200
v1|407068404650|0,"PETULA CLARK, WARNER BROS. LABEL #1719 6 SONG EP 33 RPN RECORD",2.99,0.0200
v1|168522494708|0,MOLDOVIAN~ TRAD. FOLK GROUP USSR LABEL ~ RARE ~ HEAR ~ 78 RPM ~ HX 6234,50.00,0.0200
v1|318568478748|0,Genesis - Nursery Cryme LP - Charisma EU 180g Audiophile Reissue SEALED,13.50,0.0200
v1|227427546535|0,"Metal Madness Vol. One Nightmare Shock Paris Vinyl LP Red 12"" 33 RPM  NM",9.99,0.0200
v1|168530471963|0,The Beatles Capitol Records 1965 NOWHERE MAN What Goes On 45rpm Record,9.98,0.0199
v1|287457435245|0,Alice in Wonderland Book & Record BR501 Peter Pan Record Album Vintage,4.69,0.0199
v1|307059502293|0,Vintage 1963 Walt Disney’s Bambi Vinyl Record LP Album Disney Movie Soundtrack,4.99,0.0199
v1|278176401534|0,STEVE MILLER BAND Greatest Hits 1974-78- VG+ Shrink - Nice!,15.00,0.0199
v1|227428557573|0,"The Trashmen Whoa Dad! / Walkin' My Baby 45 RPM 7"" Garrett GARAGE Rock VG+",7.99,0.0198
v1|366538965402|0,"The Righteous Brothers 45 ""Just Once In My Life / The Blues"" AU3",0.99,0.0198
v1|137495955668|0,AFRICAN ~ OPIKA ~ NAZY KONATE  ~ POP ~ HEAR ~ 78 RPM ~ A 1120,65.00,0.0198
v1|398168073484|0,12LP Box BRUCKNER 10 Symphonies BARENBOIM Chicago SO DGG 2740 253 1973-1981,50.00,0.0198
v1|117222021329|0,Vintage Vinyl/LP. Grandes Exitos Ausente Lorenzo De Monteclaro. DBL-20548. READ!,19.99,0.0198
v1|206411046754|0,Barbra Streisand ON A CLEAR DAY YOU CAN SEE FOREVER Soundtrack- LP Vinyl Record,3.99,0.0198
v1|366538282390|0,HEAR - Rare Elvis 45 - You're A Heartbreaker - RCA Victor # 47-6382,9.99,0.0198
v1|366535385671|0,GRAND FUNK RAILROAD Grand Funk Hits CAPITOL LP with booklet SHRINK k,8.00,0.0198
v1|336679392225|0,16x Classical LP Record Lot Mixed Grade Pavarotti Beethoven Mancini,12.00,0.0198
v1|206415280045|0,Expire With Regret Vinyl Color Silver,39.99,0.0198
v1|147436893035|0,STEELY DAN Gaucho 1980 MCA-1693 Mastered at MASTERDISK,24.99,0.0198
v1|800311822475|0,"Frank Sinatra EP Lot of 3, Swing Easy, Swingin' Lovers, Capitol Picture Sleeves",8.00,0.0197
v1|198494017101|0,THE ROLLING STONES THEIR SATANIC MAJESTIES REQUEST 1982 DECCA U.K. REISSUED LP,19.99,0.0197
v1|227428551163|0,Willie Williams Just To Be Loved By You / Name It RCA Promo VG+ Northern Soul 45,7.99,0.0197
v1|287451203027|0,"vintage collection of 10, 78 records includes record album.",25.40,0.0197
v1|287457279196|0,"TIM WEISBERG ""Live At Last!"" Vintage Vinyl LP Record 1976 A&M SP-4600 Promo Copy",5.99,0.0197
v1|298491208501|0,EDDY ARNOLD ~THE CHAPEL ON THE HILL ~ 1956 ~ 45 RPM ~ EP ~ RECORDS  EX  COVER EX,3.99,0.0196
v1|168522692442|0,DOMINICAN REPUBLIC ~ CONJUTO ~ ANGEL VILORIA ~ SEECO ~ HEAR ~ 78 RPM ~ X 6244,25.00,0.0196
v1|127970481239|0,Jukebox 45 & Title Strip Freddie Jackson Have You Ever Loved Somebody Tested,2.49,0.0196
v1|117301972265|0,Classical Vinyl.2-lp.Violin/Piano.PAGANINI/ II The Music of Nicolas Flagello,4.99,0.0196
v1|336684008905|0,R&B Soul 45 GWEN PORTER Gonna Stick Around/Little Things Mean on Chesapeake VG+,7.99,0.0196
v1|358787296549|0,Modern Sound Singing the Gospel Various Artists Vinyl LP Gospel MS 509,3.44,0.0196
v1|168526331754|0,OK COUNTRY BOP Jim  & Joyce James Fuss & Fight Sweethearts Dee Jay 1960s HEAR IT,5.00,0.0195
v1|178305905228|0,The Graduate Soundtrack LP Album,4.99,0.0195
v1|168531704794|0,LARRY & ALVIN Hush Up (1981) Studio One Rocksteady Ska Reggae Roots 45 HEAR VG+,9.00,0.0195
v1|298499849642|0,"Lynyrd Skynyrd Gold & Platinum LP 12"" 33 RPM Vinyl MCA MCA2-11008",19.99,0.0195
v1|800327493261|0,VTG 16 inch AFRS Strike Up The Band LP Coast Guard/Marine Band  #R109-15,18.74,0.0195
v1|377338014676|0,Jimmy Buffett. One Particlar Harbour Lp Record !!,10.99,0.0195
v1|298499938996|0,Led Zeppelin II vinyl LP,19.95,0.0195
v1|287456348292|0,"""Disney Story Of The Swiss Family Robinson"" Told By Kevin ""Moochie"" Cocoran",5.99,0.0194
v1|318568478682|0,B.B. King - Live At The Regal LP - ABC VG+,23.50,0.0194
v1|377338118128|0,"Hotels, Motels And Road Shows - Various Artists - Capricorn Records CP-2-0208",6.99,0.0194
v1|366538579164|0,Del Shannon 45 RPM- The Big Hurt  / I Got It Bad - Liberty  55866. 1966,2.31,0.0194
v1|318568505142|0,EMPIRE STRIKES BACK OST John Williams RSO 2XLP VG+ with attached booklet k,9.50,0.0194
v1|137507429288|0,The Deer Hunter Soundtrack 1979 Vintage Vinyl ,10.00,0.0194
v1|267706527687|0,SOLDIER BLUE Rare 45 Vinyl Single French Photo Sleeve Buffy St. Marie,3.99,0.0194
v1|307053197547|0,"Various “Let The Good Times Roll” (2)Vinyls = VG 12"" LP Record Rock,Rock’n Roll",3.00,0.0194
v1|358785604600|0,1942 Earl Hines Billy Eckstine Skylark Bluebird B-11512 78 RPM Tested Plays,9.99,0.0194
v1|168531431539|0,FRANKIE AVALON-RAREST PICTURE SLEEVE+45-(NEW FANGLED JINGLE JANGLE SWIMMING SUIT,249.99,0.0193
v1|298492050139|0,"Michael Jackson  - Man In The Mirror -  US Picture Sleeve PS 7""",9.99,0.0193
v1|127971037112|0,The Byrds  CS 9516 The Greatest Hits  VG +,4.82,0.0193
v1|366528404668|0,"COUNTRY Vinyl LP Records Mixed LOT of 12 Kenny Rogers, Mel Tillis, Statler Bros.",19.99,0.0193
v1|178306016095|0,MATCHBOX-ROCKABILLY REBEL-1980 VINYL LP-SEE DEMO,7.99,0.0193
v1|407066746798|0,"Deniece Williams, Let's Hear It For The Boy, 45rpm, 1984, Columbia 38-04417",2.99,0.0193
v1|800069762756|0,Lp Record 33 1/3 peter gabriel/security #2011 geffen records,0.99,0.0193
v1|307059356989|0,Survivor 45RPM “I Can’t Hold Back” 1984 80s Classic Rock 7” PS Vinyl,3.00,0.0193
v1|298500524123|0,Little Feat The Last Record Album LP WB BS2884 1975,8.00,0.0192
v1|158083113136|0,Devo Working in the Coal Mine and Planet Earth 45 rpm vinyl record,3.00,0.0192
v1|407068380681|0,"THE EVERLY BROTHERS, WARNER BROS. #5501 4 SONG EP W/ PICTURE SLEEVE",9.99,0.0192
v1|318568480307|0,BEATLES Meet The Beatles! CAPITOL LP mono k,11.26,0.0192
v1|800331147799|0,"Helen Reddy Greatest Hits 12"" Black Vinyl LP 33 RPM Pop Capitol Sleeve",2.49,0.0192
v1|206406495555|0,10 COUNTRY VINYL LP ALBUMS LOT 26,7.98,0.0192
v1|267726021604|0,"SANTANA SAY IT AGAIN 12"" Extended Dance Remix LP Columbia Records 44 05168 1985",9.95,0.0192
v1|358788890852|0,"Otis Redding & The Pinetoppers Shout Bamalama 7"" 45RPM Vinyl Single",200.00,0.0192
v1|127971385911|0,The Early Years by Al Stewart Double Vinyl LP Album -- Janus Records,2.75,0.0192
v1|267725895911|0,BOB SEGER-We've Got Tonite-OR.'78 CAPITOL MASTER VG++/NM-MONO PROMO 45 +PICTURE,9.99,0.0192
v1|267725752442|0,Sophisticated Lady Music Of Duke Ellington Record Vinyl LP ,2.99,0.0192
v1|257526271846|0,Lp Record 33 1/3 rod stewart/tonight im yours #3802 warner bros records,0.99,0.0191
v1|168530388221|0,The Beatles Capitol Records 1965 Help! / I’m Down 45rpm Vinyl Record,9.98,0.0191
v1|257618770694|0,Jim Nabors – Sings Love Me With All Your Heart - 1966 Columbia CL 2558 Vinyl LP,3.28,0.0191
v1|267717719423|0,🎤︎ Billy Strayhorn - The Peaceful Side Of Billy Strayhorn Vinyl LP Solid State,22.99,0.0191
v1|377336798225|0,70s Soul 45 ANTHONY C. RENFRO'S ORCHESTRA Gloria's Theme/A Whole Lot Of Nothin',7.99,0.0191
v1|358788844895|0,"Verve 45 RPM Record,The Righteous Bros,on this side of goodbye,A Man Without ,VG",0.50,0.0190
v1|407059305239|0,HEAR - Rare Country 45 - Tom Rivers - Bright Side Of The Blues - Dee Jay # 1028,7.99,0.0190
v1|298499805918|0,Lot of 2 Chet Atkins LPs: This Is Chet Atkins & The Guitar Genius - OPs - VG+,4.99,0.0190
v1|318573388650|0,"Lot Used Records (4) The Kinks, Alice Cooper, Grand Funk Railroad, Leon Russell",5.00,0.0190
v1|236932399325|0,Lot 3. Selection of vinyl records (vintage). The lot contains 21 items.,30.00,0.0190
v1|168531317704|0,THE FRANK BARBER ORCHESTRA Glen Miller Today / Trad Along - VG Vinyl ULTRASONIC,4.99,0.0190
v1|198493941851|0,Howling Wolf 78 RPM-333 Morning At Midnight/Riding In The Moonlight 1951 V- V-,26.00,0.0190
v1|158077350168|0,Elvis Presley Almost In Love 1970 Vinyl LP Pickwick Records VG+/VG The King,4.00,0.0190
v1|377338067845|0,Jim Croce's Greatest Love Songs 1976,5.00,0.0190
v1|318573873356|0,"The Association Greatest Hits Warner Bros 12"" Vinyl LP 33 RPM",5.00,0.0189
v1|227428492395|0,"Warner Bros. Records A Christmas Tradition Vol II 12"" Vinyl LP 1-25762",3.19,0.0189
v1|227428484786|0,"Johnny Cash Family Christmas 12"" Vinyl LP 33 RPM Columbia C 33754 Stereo",4.00,0.0189
v1|206410970464|0,78 RPM R&B  Tony Spade on Back beat: What’s Gwynn On?/Life Is A Mystery V:VG++.,15.00,0.0189
v1|327258658204|0,"Jay And The Americans LP ""Greatest Hits"" EX BX11",3.00,0.0189
v1|227423905543|0,Original Motion Picture Soundtrack 1984 - 2010 - The Year We Make Contact,7.00,0.0189
v1|127974491326|0,"LP 12 Capitol ST-11374, Freddie Hart's Greatest Hits",2.95,0.0189
v1|198493991304|0,Heavy Metal - Music From The Motion Picture - 2 x LP Vinyl Record Collection,19.99,0.0189
v1|298499181992|0,"Five Man Electrical Band Signs/Hello Melinda Goodbye 7"" Vinyl 45 Lionel L-3213",1.26,0.0189
v1|366535373733|0,DAVID BOWIE Station To Station RCA LP VG+ k,8.50,0.0189
v1|358788010914|0,Kreator Live At Bloodstock 2021 Vinyl LP Nuclear Blast Metal Thrash,22.50,0.0189
v1|298491001901|0,EDDY ARNOLD ~ ANYTIME ~ 1956 ~ 45 RPM ~ EP ~ RECORD EX  COVER EX,3.99,0.0189
v1|307059586047|0,The Band 45RPM “Up on Cripple Creek/Old Dixie” 1969 1960s Classic Rock 7” Vinyl,3.00,0.0188
v1|366538741239|0,Judy Collins Colors of the Day Greatest Hits LP (2072) EKS-75030,11.95,0.0188
v1|298499805829|0,"Billy Joel 52nd Street Columbia 1978 12"" 33RPM Stereo Vinyl LP FC 35609",2.00,0.0188
v1|168531247175|0,ROCK-DAVID BOWIE-GOLDEN YEARS/CAN YOU HEAR ME-RCA VICTOR  PB-10441-STEREO,5.00,0.0188
v1|227428458141|0,"Various Country Christmas 12"" Vinyl LP Epic JE 36823 1980 Promo",3.00,0.0188
v1|298499161091|0,"Tina Turner What's Love Got to Do with It/Rock & Roll Widow 7"" 45 B-5354",1.99,0.0188
v1|287457443093|0,"Ten by Pearl Jam (Record, 2017)",19.00,0.0188
v1|147432450350|0,45s Record Lot Of 10  Vintage 60's Era,7.99,0.0188
v1|117302555053|0,LAS JILGUERILLAS  ENTRE GOTAS DE ROCIO/EL BRACERO FRACA   45 Rpm ULTRA RARE USED,29.99,0.0188
v1|358788836752|0,"Soul City 45 RPM Record,The 5th Dimension,Up-Up & away,Which Way To Nowhere VG",0.50,0.0187
v1|117298090537|0,ROUNDERS (JORA) 1st Label - FOOLISH LOVER - BRILLIANT SOUL & DOO WOP 45,74.95,0.0187
v1|318568478752|0,Gordon Lightfoot - Did She Mention My Name? LP - United Artists SEALED,14.50,0.0187
v1|168531354846|0,DAVID BOWIE-DEAD MAN WALKING/LITTLE WONDER-VIRGIN S7-19517-JUKE BOX COPY,5.00,0.0187
v1|206411117151|0,50 Great Moments of Music Vinyl LP Record. album 1 only,5.00,0.0187
v1|327258389672|0,The 4 Seasons 45 Record Rag Doll /Ronnie 1965,0.01,0.0187
v1|236932392876|0,Lot 2. Selection of vinyl records (vintage).Price for everything!,30.00,0.0187
v1|377338066191|0,Tennessee Ernie Promo Mr and Mississippi Demonstration Only 78 Rpm Record ,5.00,0.0187
v1|327258430558|0,Roy Orbison's Greatest Hits - 1963 Monument Rock   Vinyl LP Record,6.99,0.0187
v1|127969984940|0,Hank Williams Jr HIGH NOTES Elektra LP CLUB Shrink 1982 Outlaw Redneck Country,9.98,0.0186
v1|407067891587|0,HEART- Barracuda / Alone  Vinyl 45rpm  Capitol B-44002  PICTURE SLEEVE,3.00,0.0186
v1|127971526939|0,VARIOUS ARTISTS:Remember How Great? Columbia XTV 66640 LP 1961 G+/VG,1.00,0.0186
v1|117292987583|0,"LITTLE RICHARD SAM COOKE 2 PROMOS + MORE n.soul rockabilly garage VINYL 7"" 45's",3.45,0.0186
v1|366535365885|0,BLINK-182 Greatest Hits UME B0032688-01 2XLP 2023 reissue gatefold SEALED k,12.50,0.0186
v1|407072167897|0,45 RPM Tymes COLUMBIA 44630 People / For Love of Ivy M-,3.00,0.0186
v1|188631699217|0,"SHANNON *DJ COPY* ""DO YOU WANNA GET AWAY"" 45 PS",2.99,0.0186
v1|168525093785|0,"THE FIXX-ARE WE OURSELVES?/DEEPER AND DEEPER-45 RPM-7""-ROCK-RECORD-MCA 52444-NM",3.99,0.0186
v1|278175917522|0,PREWAR JAZZ 78 • Teddy Wilson • Billie Holiday • Ella Fitzgerald • Parlophone E,16.99,0.0185
v1|377336816622|0,R&B Garage 45 CONTRAILS Mummy Walk/Someone on Reuben VG+ reissue,7.99,0.0185
v1|227428416336|0,"RCA Victor Nashville's Greatest Instrumentalists Vol II 12"" Vinyl LP Stereo",3.00,0.0185
v1|800321883449|0,FLEETWOOD MAC Mirage WARNER BROS LP VG+ SHRINK k,9.50,0.0185
v1|188632353907|0,Latin - Oscar D’Leon Llego Actuo y Triunfo - Top Hits - Salsa Guaguanco Conjunto,9.99,0.0185
v1|168531686020|0,"The Rolling Stones - Great Hits - German Decca compilation, EX",7.99,0.0185
v1|206415366357|0,JIMMIE RODGERS My Little Old Home Down In New Orleans VICTOR PRE WAR COUNTRY V+,12.00,0.0184
v1|158069932121|0,Andrae Crouch And The Disciples - The Best Of Andrae - Light LS 5678 yr 1975 DLP,4.99,0.0184
v1|178304718068|0,Lot Of Glen Campbell Vintage LPs,8.00,0.0184
v1|257618750546|0,THE WHO ODDS & SODS LP MCA Records MCA-2126 1974,4.95,0.0184
v1|168523356692|0,AFRICAN ~  JOHN SIMIYU ~ FOLK GUITAR & VOCAL ~ HEAR ~ 78 RPM ~ A 1025,100.00,0.0184
v1|267725978561|0,Hilltop 12 Great Country Artists 12 Great Country Hits LP 33 RPM JM-6000,1.00,0.0184
v1|298499140800|0,The Everly Brothers 45 RPM Wake Up Little Susie/Maybe Tomorrow Cadence 1957 NM,4.00,0.0184
v1|366538726960|0,"THE ARCHIES, KIRSHNER PROMO LABEL #5021 45 RECORD",2.99,0.0183
v1|407068300539|0,(6) U2 45 rpm UNPLAYED  Without You / Looking For / Angels HARLEM / Desire,9.72,0.0183
v1|307050409155|0,EDDY ARNOLD ~ A LITTLE ON THE LONELY SIDE~1957~45 RPM ~ EP ~ RECORD NM  COVER NM,3.99,0.0183
v1|278175791094|0,"WILLIE NELSON 33 1/3 RPM VINYL LONG PLAYING ABLUM ""ALWAYS ON MY MIND""",4.95,0.0183
v1|298500175198|0,50 Great Music Treasures Various Artists 2xLP Vinyl Record Classical Opera,2.67,0.0183
v1|407072584178|0,45 RPM Harold Dorman RITA 1008 I'll Come Running ROCKABILLY VG++,3.00,0.0183
v1|287456520276|0,Dick & Dee Dee - Tell Me / The Mountain's High 45 RPM Record LISTEN HERE,0.99,0.0183
v1|257618772676|0,"WILLIE NELSON-THE BEST OF,LN 10118,FUNNY HOW TIME SLIPS,1973,VINYL LP ALBUM",3.20,0.0183
v1|227428487745|0,"Ricky Van Shelton Sings Christmas 12"" Black Vinyl LP Columbia AL 45269 33 RPM",3.60,0.0183
v1|377336817561|0,R&B Popcorn 45 JACKIE BURNS Umm - Boy/The Raven on Guyden,7.99,0.0183
v1|236933976596|0,Lot (30) Rock & Classic Rock Vinyl Records Aerosmith Jethro Tull Genesis Skynyrd,66.00,0.0183
v1|287457222365|0,"Benny Goodman And His Orchestra - Sing Sing Sing [vinyl 7""] 1953 Columbia B-8201",4.99,0.0182
v1|147432311052|0,The Beatles – 1962-1966 and 1967-1970 Red and Blue 2 DOUBLE LPS...FAIR/EX,25.00,0.0182
v1|287457308818|0,ROXY MUSIC - For Your Pleasure | ATCO SD 36-134 | Reissue 1976 Record,14.99,0.0182
v1|287456884761|0,Elvis Presley FUN IN ACAPULCO Vinyl 1963 RCA VICTOR Original Soundtrack LSP 2756,5.00,0.0182
v1|307059003448|0,Foster and Young Some Day I'll Wander Back Again Montgomery Ward  #4953,5.95,0.0182
v1|278175963534|0,BLUES 78 • Meade Lux Lewis • Bluebird 10175 • Whistlin’ Blues • Honky Tonk E+/E,19.99,0.0182
v1|377338001594|0,ROCK-DAVID BOWIE-SORROW/AMSTERDAM-RCA VICTOR  APB0-0160,5.00,0.0182
v1|298500406485|0,Lot 4 CHRISTMAS LP Album-Rudolph The Red Nosed Reindeer/Great Songs of Christmas,9.99,0.0181
v1|298500384098|0,Leon RUSSEL LOOKING BACK  Vinyl  1980 Reissue ,6.00,0.0181
v1|287456877954|0,SEVEN Old and Not-so-Great Condition 45 RPM Records,2.00,0.0181
v1|127965236333|0,"AL HIRT HIS TRUMPET & ORCHESTRA - HIRT... SO GOOD! - 1982 MEXICAN LP ALBUM, JAZZ",14.99,0.0181
v1|178305901413|0,2 Bette Midler/Alan Bates THE ROSE Soundtrack and DIVINE MADNESS   LP Album,4.99,0.0181
v1|127971342205|0,NEIL DIAMOND:His 12 Greatest Hits MCA 5219 LP 1974 VG/VG,6.00,0.0181
v1|158077691185|0,ROCKABILLY Billy Briggs Chew Tobacco Rag / It's A Crime Imperial 1951 HEAR IT,10.00,0.0180
v1|377341210256|0,"The Last Gang - Sing For Your Supper 7""  lagwagon bad religion nofx rancid clash",4.99,0.0180
v1|267725906438|0,"20 Vinyl LP Motion Picture Soundtracks - Urban Cowboy, Savage Streets, Xanadu",39.00,0.0180
v1|298500407806|0,"LP Album Lot of 6 -Country,Honky Tonk,Bluegrass-,Truck Driving",7.50,0.0180
v1|178305903277|0,"Columbia 45RPM Record,Willie Nelson & Waylon Jennings,Take It To The Limits  VG",1.50,0.0180
v1|168531487657|0,"5 - The Music Of  Your Life LP'S, GOODMAN, MILLS BROTHER, DORSEY, BENNETT, JAMES",8.00,0.0180
v1|188631699223|0,"SHANNON ""GIVE ME TONIGHT"" 45 PS",2.99,0.0179
v1|198494026828|0,Urban Cowboy Original Motion Picture Soundtrack,6.99,0.0179
v1|188632429388|0,"KOOL & THE GANG - STONE LOVE (CLUB MIX) 12"" Vinyl MAXI-SINGLE GERMANY 45 RPM NM",9.44,0.0179
v1|267726014221|0,ELVIS PRESLEY Elvis' Golden Records Vol 3 RCA VICTOR LSP-2765 1963,4.95,0.0179
v1|298499969198|0,The Best of Buffalo Springfield Retrospective LP ATCO SD 38-105,6.00,0.0179
v1|377338041082|0,ROCK-DAVID BOWIE-FAME/RIGHT-RCA VICTOR  PB-10320-STEREO,5.00,0.0179
v1|298499184822|0,"Frankie Valli My Eyes Adored You/Watch Where You Walk 7"" 45 Private Stock",0.90,0.0179
v1|168523366509|0,AFRICAN ~  JOHN SIMIYU ~ FOLK GUITAR & VOCAL ~ HEAR ~ 78 RPM ~ A 1027,75.00,0.0179
v1|377336817794|0,R&B Popcorn Teen 45 DOUG ROBERTSON Love You So/Desiree on Uptown VG+,7.99,0.0178
v1|358785941639|0,"RCA 45 RPM Record, The Judds,Dream Chaser, Cry Myself To Sleep VG ",1.00,0.0178
v1|336684885724|0,Introducing the Beatles VJLP 1062 Microgroove LP Vinyl Record Album 2nd Edition,19.99,0.0178
v1|327258652958|0,"The Hollies 45 ""Long Dark Road / Indian Girl"" A9",0.99,0.0178
v1|366537273848|0,HEAR - Rare Doo Wop 45 - Bennie Bunn & Inspirations - In Desperation - Eastman,14.99,0.0178
v1|800321849777|0,BEATLES Yesterday And Today CAPITOL LP k,13.50,0.0178
v1|358788720407|0,"Beatles (Harrison), Dylan, Petty +2: Traveling Wilburys- 2 Pic Sleeves & Records",8.95,0.0178
v1|318568480498|0,BEATLES Revolver CAPITOL ST-2576 LP VG+ rainbow label k,17.50,0.0178
v1|377338117713|0,Yvonne Elliman - Rising Sun - Vintage Vinyl Record LP 1975 RSO SO-4808,4.99,0.0178
v1|278175527910|0,IKO IKO VG++ 1965 the Dixie Cups 45 REDBIRD LBL,5.00,0.0178
v1|366533044363|0,Rare Latin 45 - Los Mananeros De Nuevo Leon - No Te Andes Apasionando- Discos De,7.99,0.0177
v1|188618803333|0,Rice Brothers' Gang - Sugar Blues - DECCA 5556 E+/E-,19.99,0.0177
v1|377338014659|0,TEN YEARS AFTER.... WATT Lp Record!! Very Clean Copy!!,13.99,0.0177
v1|800321847586|0,BEATLES Magical Mystery Tour CAPITOL SMAL-2835 LP rainbow label w/ booklet k,8.00,0.0177
v1|398167140150|0,Joan Baez - From Every Stage (1976) (VG+) SP-3704 LP,10.00,0.0177
v1|198494022924|0,"Crosby, Stills, Nash & Young & Jim Croce Folk Rock Lot",12.00,0.0177
v1|168531015853|0,Columbia Record 78: A2895: Venetian Moon: Bo-La-Bop: Ted Lewis: Kentucky Seren..,8.00,0.0177
v1|168531603519|0,Star Wars - Cantina Band/Main Title RPM Record,3.99,0.0177
v1|358788880775|0,"RCA VICTOR 45 RPM Record, Dottie West,How Many Lifetimes Will it Take,",0.50,0.0177
v1|377336820413|0,R&B Soul 45 SKIP & THE FLIPS Tossin' & Turnin'/Every Day I Have To Cry,7.99,0.0176
v1|206410792519|0,"The Beatles "" Eight Days a Week "" 45 with Jacket  { Please Read! }",3.25,0.0176
v1|307058915920|0,"Barbra Streisand:A Happening In Central Park  12""   33 RPM   LP",2.00,0.0176
v1|398167046345|0,SEALED Diana Ross and the Supremes Merry Christmas 1978 Motown records LP Vinyl ,8.00,0.0176
v1|178304850136|0,Julio Iglesias Soy Un Truhan / Soy Un Señor 7 in SINGLE 45 RPM Mexico,4.99,0.0176
v1|227428369252|0,The Jacksons 45 RPM - Nothin That Compares 2 U (edited) - Epic 34-68688. PROMO,3.01,0.0176
v1|407067992999|0,Motown Monsterhits Vol. 2 Record LP Compilation R&B/Soul Stevie Wonder Jackson 5,4.00,0.0176
v1|287456251502|0,Dave Mason -Mariposa De Oro Vinyl Columbia 1978,0.99,0.0176
v1|800330430902|0,Country Folk LP- The Seldom Scene - Act Two -VG+,5.99,0.0176
v1|257618607356|0,Vanity Under the Influence 12” Promo Vinyl 1986 Motown 4558MG Picture Sleeve,2.00,0.0176
v1|137507131090|0,The Ronnetts  45 NM Doowop ,5.50,0.0175
v1|236931263387|0,"2011  Vinyl LP,  Soundtrack to the Film "" Hangahar"" 1980 , Sally Timms, Vinyl E-",10.00,0.0175
v1|168531455582|0,HEAR THEM AGAIN 122 Great Songs 89 Great Singers 10 LP Record Box Set EXCELLENT,7.00,0.0175
v1|377338308019|0,JIMMY BRYANT We Are Young Country Guitar IMPERIAL 1967 VG+ VINYL LP Record USED,8.99,0.0175
v1|168522885374|0,FRENCH ANTILLES ~ MADEMOISELLE ARMELIN ~ WEWT INDIES ~ 78 RPM ~ HEAR~ X 6255,20.00,0.0175
v1|267725696068|0,"Vtg Vinyl Albums 4, Frank Zappa, Mountain, Jefferson Airplane",19.00,0.0175
v1|127971342447|0,THE MAMAS & THE PAPAS:16 of Their Greatest Hits Dunhill DS-50064 LP 1969 G+/VG-,4.00,0.0175
v1|168531699849|0,"Baltimora -Tarzan Boy, includes Dub Version 45 RPM Record",3.99,0.0175
v1|236933794485|0,Elvis Presley ~ Roustabout ~ RCA LPM/LSP-2999 Vinyl LP RCA Victor,6.29,0.0175
v1|287457278730|0,Tammy Wynette EPIC 10398 Stand By Your Man / I Stayed Long Enough 45 RPM Record,2.69,0.0174
v1|336679392218|0,16x Classical LP Record Lot Mixed Grade Orchestra Philharmoniker Beethoven,12.00,0.0174
v1|178305887407|0,"Royal American 45 RPM Record, Guy Drake,Keep Offon Grass ,Welfare Cadillac VG ",1.50,0.0174
v1|206410780825|0,The Beatles Revolver Capitol Record Club ST-8-2576 Black Label 1969 VG++,39.00,0.0174
v1|236933689210|0,"Judy Torres ""No Reason to Cry (Remix)"" 12"" Vinyl Single 33 RPM QPM 2502-0",6.40,0.0174
v1|398167717113|0,ELVIS Presley- RCA EPA-5088 MAROON LABEL A TOUCH OF GOLD VOLUME I  VG+,19.99,0.0174
v1|407067731538|0,Blue Magic-Sideshow / Just Don’t Want to be Lonely-1974 45rpm 7” Atco Single,5.00,0.0174
v1|206410550462|0,Olivia Newton-John Lp * Greatest Hits * Electrola IC-064-60-069 (Import),6.99,0.0174
v1|117276109563|0,Vintage Vinyl/LP. Mejores 15 Exitos Norteños. Various Artists. DLV-EX-001. READ!,49.99,0.0174
v1|407067893447|0,The B-52’s Wild Planet vintage vinyl 1980 (23471) Warner Bros.-READ,17.00,0.0174
v1|800339594665|0,45 RPM Three Dog Night DUNHILL DJ 4229 Celebrate / Feeling Alright VG+,3.00,0.0173
v1|178305448908|0,"MARTHA AND THE VANDELLAS: ""GREATEST HITS"" LP 1966 GORDY GLPS 917",5.00,0.0173
v1|398168012144|0,The Beatles - Songs And Pictures Of The Fabulous Beatles- 1964 MONO LP VJ1092 VG,17.99,0.0173
v1|298500042175|0,John Conlee~ROSE COLORED GLASSES~1979 Vinyl LP MCA Records,4.99,0.0173
v1|206405682156|0,"Louis Armstrong Lot of 8 7"" 45rpm Single 1960-1958 ALL VG+ See Titles List",6.50,0.0173
v1|168531571712|0,HILLBILLY ROCKABILLY The Bridge Brothers Stick-A-By-You ABS 119 1961 HEAR IT,10.00,0.0173
v1|377338117606|0,Delbert McClinton - Second Wind - Vinyl Record LP - 1978 Country Rock,6.99,0.0172
v1|178305780722|0,"Columbia LP Record, Eugene Ormandy,Philadelphia Orchestra, A Christmas Festival ",2.00,0.0172
v1|188631813411|0,"45 RPM Atlantic Soul lot of 7 Aretha Franklin,  Spinners Pickett Drifters VG",3.99,0.0172
v1|198492667115|0,Various - BULWORTH (THE SOUNDTRACK) - Vinyl 2 x LP 1998 Interscope Hip Hop Comp!,9.98,0.0172
v1|127974747813|0,DAVID BOWIE The Man Who Sold The World RCA Reissue 1972 Hollywood Press VG+/GOOD,10.12,0.0172
v1|168524857986|0,AFRICAN ~ traditional singing group vocal  ~  ACETATE 78 rpm ~ HEAR ~# 397,20.00,0.0172
v1|267725975224|0,"Rod Stewart ‎– Greatest Hits Vinyl, LP 1979 Warner Bros. Records ‎– HS 3373",5.95,0.0172
v1|327261123835|0,"LOT of 5 VINYL LP   Southern Rock ALBUMS, Lynyrd Skynyrd, Outlaws ,Willie Nelson",14.99,0.0172
v1|336685255201|0,Lot (30) Rock & Classic Rock Vinyl Records; Foreigner Kansas Bowie Jeff Beck,15.00,0.0172
v1|278176079233|0,AC/DC – Back In Black. Vinyl LP Record Album.,15.50,0.0172
v1|147432704062|0,David Bowie - Space Oddity RCA Dynaflex Reissue with Poster and OIS!,39.99,0.0172
v1|307058544973|0,lot of 32 Classical Piano LPs - HOROWITZ BRENDEL LIPATTI CORTOT GILELS,36.00,0.0172
v1|398167621203|0,45 RPM Daddy Bean - On the Way to Cape May / Wildwood Crest 75th Anniversary,8.00,0.0172
v1|318568495565|0,DAVID BOWIE Diamond Dogs RCA LP gatefold k,8.00,0.0172
v1|358785865009|0,"RCA 45 RPM Record Juice Newton, Hurt .Eye of the Hurricane VG ",1.00,0.0172
v1|227428199776|0,"Ralfi Pagan, ""El Hijo de Mama, Latin Soul 45, LISTEN",46.00,0.0172
v1|307058946055|0,Lot 0f 90+ 45rpm Vinyl Records Varios Genre Elvis Genesis Bobby Gentry Hobbit,19.99,0.0172
v1|377337109376|0,The Moody Blues - Your Wildest Dreams / Talkin' Talkin'  Polydor  45 Vinyl EX,10.00,0.0172
v1|127970522165|0,Jukebox 45 & Title Strip Michael Jackson Farewell My Summer Love Cleaned Tested,2.49,0.0171
v1|206410787709|0,"The Beatles "" Hey Jude "" 45 with Jacket  { Please Read! }",3.25,0.0171
v1|318568514104|0,"IRON MAIDEN Can I Play With Madness CAPITOL 7"" 45rpm novelty picture disc k",34.00,0.0171
v1|158077252319|0,"Decca Records - 1951 - The Lone Ranger ""He Finds Silver"" 78-rpm vinyl record",7.42,0.0171
v1|336684935155|0,Vintage Roseann Cash,4.00,0.0171
v1|377338118145|0,Billy Joel – The Bridge - 1986 Columbia C 40402 Pop Rock - Vinyl Record LP,7.99,0.0171
v1|168531742000|0,Wawanee - Sugar Free/When the World is a Home 45 RPM Record,3.99,0.0171
v1|287455633122|0,CARLY SIMON THAT'S THE WAY I'VE ALWAYS HEARD IT SHOULD BE 45 SINGLE RECORD,1.49,0.0170
v1|198493110928|0,Lot of 10 45s from the 60's & picture sleeves,8.99,0.0170
v1|800330889918|0,"Jackson 5, Jackson 5 Christmas Album, 1970's Motown, 520ML",9.99,0.0170
v1|398165822588|0,"BEETHOVEN, Five Piano Concertos Anthony Newman, Stephen Simon 3LP Box Set",7.00,0.0170
v1|168531295288|0,Vintage 1975 Scholastic Record Carol King Sings Pierre & Chicken Soup With Rice ,2.99,0.0170
v1|327255406280|0,"Johnny Rivers LP ""The Very Best Of"" 1975 10 Pop Songs - Good Condition",8.99,0.0170
v1|407072551685|0,45 RPM Roy Acuff MGM EP 161 4 Gospel Songs VG+,3.00,0.0170
v1|227428698294|0,"Diana Ross' Greatest Hits Record 12"" Vinyl LP 33 RPM M6-869S1 Soul Motown 1976",0.99,0.0170
v1|407067823086|0,(9) Silver Spotlight Series MAGIC MOMENT / Green EYED Lady / Canned Heat All NrM,7.62,0.0170
v1|178305897917|0,"Epic 45 RPM Record, Ricky Skaggs,you Make Me Feel like A Man,Rendezvous VG ",1.50,0.0169
v1|236934025010|0,"Skyliners-Since I Don't Have You / One Night, One Night 45 Calico Records 1958",7.99,0.0169
v1|336685257899|0,Lot (30) Rock & Classic Rock Vinyl Records; Springsteen AC/DC Nilsson Zeppelin,34.00,0.0169
v1|800321845111|0,John Santa Band - Rainmaker LP - Moonlight - Country Rock SEALED,8.00,0.0169
v1|298500160553|0,"John Lennon - The John Lennon Collection 12"" 33 RPM Black Vinyl LP Parlophone",3.28,0.0169
v1|318568501569|0,DOOBIE BROTHERS Best Of The Doobies WARNER BROS LP VG+ SHRINK k,8.00,0.0169
v1|168531709444|0,THE MAD LADS Ten To One Coxsone Reissue JAMAICA Rocksteady Ska Reggae 45 HEAR,8.00,0.0169
v1|168531709444|0,THE MAD LADS Ten To One Coxsone Reissue JAMAICA Rocksteady Ska Reggae 45 HEAR,8.00,0.0169
v1|158080449710|0,Radio Stars Dirty Pictures and Sail Away 45 rpm vinyl record,3.00,0.0169
v1|168531226450|0,BEACH BOYS-RARE PICTURE SLEEVE + 45--(HEROES & VILLAINS)--PS--PIC--SLV,199.99,0.0169
v1|147432916610|0,Darrell Banks Our Love (Is In The Pocket)/Open The Door To Your Heart 45 RPM,5.00,0.0168
v1|358788002022|0,Mo Pitney Ain't Lookin' Back Vinyl LP Curb Records 2020 Country Cardboard Sleeve,3.75,0.0168
v1|800339651169|0,45 RPM Terrie & Joy Laroy ANLA 119 Why I Shed So many Tears M-,3.00,0.0168
v1|287457121794|0,THE BAND - THE BEST OF..LP,6.49,0.0168
v1|257617725190|0,Elvis Presley Tickle Me 45 Rpm  First Pressing EPA 4383,15.00,0.0168
v1|236933455688|0,2008 Michael Jackson Picture Disc Vinyl Album Thriller Record Album LP,19.99,0.0167
v1|188630609259|0,"Chet Atkins Country Pickin, RCA Records CXS 9006 VG Condition 2 Record Set",4.00,0.0167
v1|168523814662|0,"Journey - Evolution, Columbia Records 33 RPM LP, Pre-Owned (1979)",12.00,0.0167
v1|127971120937|0,Lot Of 6 Neil Diamond Single 45rpm Vinyl Records Sweet Caroline And More,5.99,0.0167
v1|158080757516|0,"45 LP RECORD LOT OF 3   THE ALL AMERICAN REJECTS,  RISE AGAINST, ALIENT ANT FARM",28.00,0.0167
v1|267725763290|0,The Rolling Stones Emotional Rescue LP Vinyl 1980,3.95,0.0167
v1|407072148728|0,45 RPM Diamonds / Crew Cuts MERCURY DJ 40 Zip Zip / Hey You Face VG+,3.00,0.0167
v1|168529448982|0,PAUL SIMON Graceland 25th ANNIVERSARY 2012 LEGACY 180 Gram LP POSTER SHRINK EX+,15.00,0.0167
v1|137498039186|0,AFRICAN ~ TRADITIONAL CHOIR TRIBAL ~  ACETATE 78 rpm ~ HEAR ~# 488,25.00,0.0166
v1|227428116492|0,"Beatles 'And I Love Her/If I Fell' 1964 US Capitol  7"" Vinyl 45 Pic Sleeve EX/VG",30.00,0.0166
v1|158067975052|0,"Lot of 14 Classical & Crossover Vinyl LPs – Brahms, Gershwin, Boccherini Vivaldi",8.95,0.0166
v1|137506949112|0,Si Zentner 45 Rpm (Moon River/James Bond Theme) Liberty LST-4-7427,2.00,0.0166
v1|287457278733|0,Rod Stewart 45 Records Lot Of 3 - Tonight I’m Yours & Da Ya Think I’m Sexy,3.69,0.0166
v1|227428467436|0,"RCA Christmas Greetings from Nashville 12"" Vinyl LP ANL1-1953 Stereo Country",3.00,0.0166
v1|267725967488|0,Vinyl LP - Jim Croce – 1972 Photographs & Memories: His Greatest Hits BL 35010,8.50,0.0166
v1|336684007702|0,R&B Rocker 45 PRINCE JEFFERIES The Ape/So Good on Old Town promo,7.99,0.0166
v1|377337049063|0,James Taylor Hard Times 45,5.00,0.0166
v1|336683994505|0,Deep Soul/R&B 45 THRILLERS This I Know Little Girl/Come What May on Uptown,7.99,0.0165
v1|267725207559|0,I BELIEVE IN COUNTRY 8LP BOX 1981 READER'S DIGEST RDA-087 ,18.00,0.0165
v1|158077736448|0,"Slim Harpo I’m A King Bee/Got Love If You Want It Original Excello 7""",19.99,0.0165
v1|307058533077|0,IRON BUTTERFLY - Ball VINYL LP UNIPACK ATCO SD 33-280,1.00,0.0165
v1|257618767275|0,Con Hunley I Don’t Want To Lose You LP 1980,0.52,0.0165
v1|366535362599|0,BEATLES A Hard Day's Night UNITED ARTISTS LP k,8.50,0.0165
v1|307059596918|0,Pearl Jam Spin The Black Circle 45 rpm 7 Inch. 1994. Mint.,5.00,0.0165
v1|377338009343|0,B.B. King... Guess Who Lp Record!!,12.99,0.0165
v1|366538878863|0,"BOBBY HATFIELD, VERVE LABEL #10634 45 RECORD",0.99,0.0165
v1|298499820626|0,Billy Joel - The Nylon Curtain Vinyl LP Record - Columbia FC 38200,3.06,0.0165
v1|278176093969|0,Steely Dan – Aja. MFSL Vinyl LP Record Album. Mobile Fidelity. ,15.50,0.0164
v1|358796984719|0,Assorted Capitol An Old Love Affair Hank Thompson Country Vinyl Records Bundle,8.99,0.0164
v1|407072161071|0,45 RPM  Louis Armstrong AMSTERDAM DJ 85021 Wonderful World SOUL VERSION M-,3.00,0.0164
v1|267725868031|0,Elvis Presley - Shake Rattle And Roll - 47-6642 RCA Dog On Top 45 VG++ Plays NM!,19.99,0.0164
v1|188632430905|0,LYNYRD SKYNYRD - BEST OF THE REST Vinyl LP RECORD 1982 Compilation MCA 5370 NM,9.99,0.0164
v1|168530494133|0,"Lot of  4  TIL TUESDAY  - 7"" / 45's with picture sleeves - instant collection!",14.95,0.0163
v1|366535373706|0,DAVID BOWIE Pin Ups RCA LP VG+ k,13.00,0.0163
v1|227428448152|0,"Conway Twitty White Christmas 7"" 45 RPM Promo Stereo Warner 7-29129 1983",5.00,0.0163
v1|137507260157|0,Wes Montgomery So Much Guitar! OJC-233 Vintage Vinyl,25.00,0.0163
v1|257618482988|0,Beatles Long and Winding Road sleeve,25.00,0.0163
v1|336685246379|0,Lot (30) Rock & Classic Rock Vinyl Records; Cat Stevens Fleetwood Mac Mountain,13.50,0.0163
v1|257618762366|0,"Teresa Brewer: The Best Of Teresa Brewer   33 RPM   12""  DOUBLE  LP",1.91,0.0162
v1|158082955720|0,1950s rock and roll 78 rpm records,325.00,0.0162
v1|158082866695|0,1950s rock and roll 78 rpm records,20.00,0.0162
v1|158082846917|0,1950s rock and roll 78 rpm records,20.00,0.0162
v1|398167623910|0,MOODY BLUES Lot Of 4 Vinyls 60’s-Early Releases London Records (See Description),29.95,0.0162
v1|188632425292|0,EVELYN CHAMPAGNE KING Lot Of 2 Vinyl RECORD FACE TO FACE / Betcha She Don't Love,11.88,0.0162
v1|206409543483|0,LITTLE FEAT The Last Record Album 1975 WARNER BROS Classic Rock LP VG++ Tested,9.00,0.0162
v1|800321845040|0,David Bowie - Pin Ups LP - RCA Victor VG+,11.50,0.0162
v1|178304101925|0,"GEORGIA SATELLITES NM DJ 38 SPECIAL 45/PS and more vinyl 7"" Rock 45's",3.90,0.0162
v1|298492052163|0,"Michael Jackson  - Bad/I Can't Help It -  US Picture Sleeve PS 7""",9.99,0.0162
v1|127965236359|0,"LOS PANCHOS - RECUERDOS DE TI - 1961 MEXICAN LP WEAR SPINE SOC TOC, BOLERO",14.99,0.0162
v1|178298298210|0,Vintage 78 RPMs Assortment - Al Goodman and His Orchestra - singles vinyl,7.95,0.0161
v1|298499129132|0,"Sailcat Motorcycle Mama/Rainbow Road 7"" Vinyl 45 Elektra EK-45782 1972 Rock",2.60,0.0161
v1|127971139822|0,Lot Of 3 The Doors Single 45rpm Vinyl Records Love Her Madly And More,2.99,0.0161
v1|178305834745|0,The Beatles - Yesterday… And Today LP - 2nd State Butcher Cover - #3 Scranton,549.99,0.0161
v1|366538884951|0,D B Cooper Dangerous Curves LP Warner Bros BSK 3544,0.99,0.0161
v1|168523061564|0,MEXICAN ~  HOT CONJUNTO ~ JUANA CHISMON ~ TRIO MARAVILLA ~ 78 RPM ~ HEAR~ X 6258,35.00,0.0161
v1|398167826369|0,Lot 10 Vintage Golden Records Little John Christmas Winter Disney USED AS IS,14.99,0.0161
v1|278175958633|0,BLUES 78 • Little Walter • Checker 764 • Mean Old World • Sad Hours EE+/E-,39.99,0.0160
v1|287457278740|0,Stephen Stills – Thoroughfare Gap - 1978 Columbia JC 35580 Record LP,5.99,0.0160
v1|377292961811|0,"NIGHT RANGER - WHEN YOU CLOSE YOUR EYES - GERMAN BELLAPHON 12"" 45RPM SINGLE",1.99,0.0160
v1|298499152249|0,"Goose Creek Symphony Rush On Love/Mercedes Benz 7"" Black Vinyl 45 Capitol 3246",3.00,0.0160
v1|366535364315|0,BEATLES The Early Beatles CAPITOL LP VG+ k,8.00,0.0160
v1|327258256625|0,1981 Stars on 45 Beatles Medley PROMO,10.00,0.0160
v1|307059562293|0,ELVIS PRESLEY MYSTERY TRAIN 78 RECORD SUN 223 I FORGOT TO REMEMBER TO FORGET ORI,499.99,0.0160
v1|137506912517|0,"Lot Of 19 RPM 7"" RECORDS  Bangles The Who Madonna Milli Vanill 70s 80s",10.00,0.0160
v1|366539106026|0,THE RED BALLOON Nonesuch Children's LP AL BARR Jean Vallin 1956 Film Classic,15.00,0.0160
v1|366538942558|0,"The Detergents 45 ""Double O Seven / The Blue Kangaroo"" D5",0.99,0.0159
v1|188632000308|0,ROBERT GORDON Bad Boy LP Vinyl 1972 Rockabilly 1980 Record,6.52,0.0159
v1|800068591394|0,Lp Record 33 1/3 eddy and the cruisers/soundtrack #38929 scotti brothers records,7.50,0.0159
v1|206410875470|0,Now That's What Aye Call NHC Music Vol. 1 LP (2016) Various Artists,11.95,0.0159
v1|267725717370|0,ELVIS PRESLEY - Elvis Golden Records RCA AFL1-1797(e) LP Vinyl Record,9.95,0.0158
v1|168531015836|0,Columbia Record 78: NYA DRAGSPELSVALSEN: DALA POLKA: E4130: Jacobson & Magnuson,5.00,0.0158
v1|188627192837|0,GEORGE JONES - WHO'S GONNA FILL THEIR SHOES Vinyl LP Country RECORD FE 39598 NM,9.99,0.0158
v1|287457392747|0,"Led Zeppelin – Led Zeppelin - LP Vinyl Record 12"" 180g Reissue",19.00,0.0158
v1|298500523432|0,Frank Marino & Mahogany Rush What's Next LP Columbia JC36204 1980,8.00,0.0158
v1|227428656731|0,Rockin' Fifties Baby Boomer Classics Vinyl LP Record Album: 12 Top 50's Hits,4.99,0.0158
v1|188631806871|0,Lot Of 12 Country And Folk 45s Cash Jennings Pride Haggard More,4.99,0.0157
v1|366526153240|0,Boudewijn de Groot – Voor De Overlevenden Vinyl LP Decca 60’s PROMO PopPsych EX+,19.99,0.0157
v1|298499189892|0,Petula Clark – Color My World / Who Am I VG++ Reissue Warner Bros LP Record 1967,2.64,0.0157
v1|336682531085|0,Willie Nelson  - Country Favorites Willie Nelson Style -  1966 German LP,49.99,0.0157
v1|800069522143|0,Lp Record 33 1/3 pat benatar/live from earth #41444 chrysalis records,0.99,0.0157
v1|206410810426|0,🔥ELVIS PRESLEY Lot of 13 LP RECORD COLLECTION Vintage Vinyl,41.00,0.0157
v1|117298435369|0,Joan Baez signed- Hits Greatest And Others -VG+,20.00,0.0157
v1|366538551379|0,"THE KLOWNS, RCA LABEL #4438 LP RECORD STILL SEALED",4.99,0.0157
v1|800321845003|0,Allman & Woman - Two The Hard Way LP - Warner Bros. SEALED,11.50,0.0157
v1|377336821448|0,R&B/Doo Wop 45 RAY FRAZIER Fat Mouth/All My Love on Excel NM,7.99,0.0156
v1|267725934606|0,The Monotones Book of Love 45 Argo 5290 Doo Wop Classic 1958 VG+,0.99,0.0156
v1|168531396921|0,ROBERT JOHNSON King Of The Delta Blues Singers COLUMBIA Blues VG+ Vinyl Tested,9.00,0.0156
v1|188626187429|0,Melodic Teen Country Hook Johnny Horton 45 CARL SMITH Tall / Ten COLUMBIA mp3 EX,5.00,0.0156
v1|287457436448|0,"JOHNNY MOORE’S THREE BLAZERS Be Fair with Me / Sunny Road 78 RPM Record 10"" VG-",3.00,0.0156
v1|147431947219|0,greatest hits of thr 30s vinyl record,0.99,0.0156
v1|158080403292|0,Rubber Rodeo Anywhere With You and Slow Me Down 45 rpm vinyl record,3.00,0.0156
v1|298499164008|0,"Michael Jackson Rockin' Robin/Love Is Here... 7"" Vinyl 45 M 1197F",1.60,0.0156
v1|257618256073|0,"Billy Joel - Greatest Hits Volume I & II (Japanese Vinyl, W/ Obi & Booklet) VG+",10.00,0.0155
v1|198494022866|0,Billy Joel Definitive Rock Collection 4-Album Vinyl Lot,16.00,0.0155
v1|257618587264|0,Love at the Greek Neil Diamond 1977 Vinyl Double Album,5.00,0.0155
v1|278176217657|0,SUMMERTIME GOLD - Various Artists - 5x Vinyl LP,8.79,0.0155
v1|127971617047|0,"Mario Ardila - Romance De Mi Destino LP 1980 Vinyl VG+/VG 12"" Latin Guitar Folk",0.99,0.0155
v1|398159034535|0,"2 Vinyl Records 45RPM, David Zaizar, Manoella Torres",8.99,0.0155
v1|298500036638|0,The Who - Who Are You - 1978 MCA MCA-3050 Hard Rock Vinyl LP Record Album,5.00,0.0155
v1|236933977258|0,Lot (30) Rock & Classic Rock Vinyl Records; Styx Nugent Supertramp Fleetwood Mac,23.50,0.0154
v1|227428495414|0,"RCA Victor The Best of Christmas 12"" Vinyl LP CPL1-7013 1985 Stereo",3.60,0.0154
v1|227428457368|0,"ELVIS PRESLEY Elvis' Golden Records Vol. 3 RCA 12"" LP Record 1963 LSP-2765 Test",19.00,0.0154
v1|267709465688|0,ELVIS Presley- RCA EPA-5088 MAROON LABEL A TOUCH OF GOLD VOLUME I,15.50,0.0154
v1|127965236314|0,CONJUNTO MEDELLIN DE LINO CHAVEZ - QUE LINDO VERACRUZ..! - MEXICAN LP ALBUM,14.99,0.0154
v1|168529656305|0,VAN MORRISON His Band And Street Choir 2015 BACK TO VINYL 180 Gram EX+ EU Press,15.00,0.0153
v1|117302604577|0,LOS TIGRES DEL NORTE POR AMOR A MIS HIJOS/EL DIA DE SAN J 45 Rpm ULTRA RARE USED,29.99,0.0153
v1|278174882976|0,R&B Soul Doo Wop 45 MAURICE WILLIAMS The Winds/So Fine on Sphere Sound VG++,7.99,0.0153
v1|257574223260|0,Benny Gordon- Gonna Give Her All The Love I Got- Wand 1188- Northern Soul 45,10.00,0.0153
v1|298499945346|0,ELLA FITZGERALD Sings the George and Ira Gershwin Song Book Vol II,12.95,0.0153
v1|336685249928|0,Lot (30) Rock & Classic Rock Vinyl Records;  Yes Led Zeppelin Thin Lizzy Nugent,15.50,0.0153
v1|307058974340|0,Victor Jimmy Rogers  High Powered Mama #22523,19.95,0.0153
v1|336685353377|0,The Beatles Magical Mystery Tour Vinyl Capitol Record SMAL-2835 w/ Book - NM,29.99,0.0153
v1|336684930819|0,Elvis Presley King Creole 1964 Stereo Vinyl RCA Victor LSP-1884(e) - Excellent,9.99,0.0153
v1|178303371686|0,"Dean Martin - ""Memories Are Made of This"" - 45 RPM",1.00,0.0153
v1|398165866102|0,The Greatest Hits Of Eric Burdon And The Animals - 1969 - MGM Records – SE 4602,5.00,0.0153
v1|236933976027|0,Lot (30) Rock & Classic Rock Vinyl Records; Beatles Van Halen Kiss Genesis,44.00,0.0152
v1|800328417351|0,Various ‎– 50 Years Of TV's Greatest Hits - 2LP - RSD ONLY - 2022 - NEW/OOP,21.99,0.0152
v1|178305973714|0,"MARK LOYD-BRING THAT BEAT-2 STEP/ BREAKS-12"" VINYL 45 RPM-SUPER CLEAN COPY",19.99,0.0152
v1|318573268458|0,"Disneyland Record  Children's Favorites Lot Of (3) Vol I, II,III- 33RPM",9.99,0.0152
v1|298499165667|0,"Columbia Willie Nelson & Waylon Jennings Take It To The Limit 7"" 45 Demo 1983",2.22,0.0152
v1|377338000815|0,"RARE David McWilliams  "" David McWilliams Vol. 2 "" Major Minor 10  1967 NICE",9.99,0.0152
v1|318568478729|0,Dolly Parton/Linda Ronstadt/Emmylou Harris - Trio LP - Warner Bros. SEALED,15.50,0.0152
v1|407072140888|0,45 RPM Noc-A-Bouts UA DJ 126 Jungle Safari / session VG,3.00,0.0152
v1|127971229040|0,Olivia Newton John/ELO Xanadu/Whenever You’re Away From Me Single 45 Record VG+,2.95,0.0152
v1|178304813963|0,"Liberace - ""Liberace's Greatest Hits"" - LP",1.00,0.0152
v1|278176204767|0,The Best Of The Guess Who ~Vinyl LP ~ AYL1-3662 COVER & VINYL ARE VG+ Great Hits,8.00,0.0152
v1|206408134705|0,Black Sabbath - Sabbath Bloody Sabbath LP - Warner Bros./Rhino 180g SEALED,16.50,0.0152
v1|366535388719|0,JAMES GANG The Best Of... MCA LP VG++/VG+ SHRINK k,8.00,0.0151
v1|800321860262|0,BYRDS Greatest Hits COLUMBIA LP VG+ k,8.00,0.0151
v1|298499784881|0,9 FATS WALLER 78 RPM Victor Records In Book Album,100.00,0.0151
v1|267725783747|0,"Carl Carlton She's A Bad Mama Jama/This Feeling's Rated X-TRA 7"" 45 TC-2488",5.99,0.0151
v1|127971240175|0,Dazz Band Everyday Love / Let It Whip 45 Rpm. Vinyl,5.00,0.0151
v1|377323940964|0,Mod Surf Tittyshaker 45 Altecs Tiajuana Stomp PAMELA,15.50,0.0151
v1|257618017797|0,Lot of 2 Vintage Disney Vinyl Records: Song of the South + Peter and the Wolf,9.99,0.0150
v1|307063813757|0,The Beatles Collection bc 13 lp Complete box set,218.50,0.0150
v1|307058813084|0,"Billy Joel 45RPM ""Back In The USSR/Big Shot"" 1987 80s Classic Rock 7"" Vinyl PS",3.00,0.0150
v1|127971127223|0,grover washington jr 45 rpm record mister magic/black frost/very good,2.82,0.0150
v1|168531343145|0,Gary Lewis & the Playboys-My Heart's Symphony-45 RPM-Pop-Liberty 55898-vinyl-NM-,8.50,0.0150
v1|307049757292|0,TRINI LOPEZ ~  GREATEST HITS ~ FREE FRESCA ~ 45  RPM EP ~  RECORD NM  COVER NM,3.99,0.0150
v1|127971518170|0,45 RPM Lot of 2 Ronettes-Be My Baby/ Baby I Love You-Philles 116-118,2.95,0.0150
v1|267725980036|0,Elvis Presley Frankie And Johnny LP France RCA Victor 461024 EX/NM- Play Tested!,19.99,0.0150
v1|407066879743|0,"Lot of  4  CYNDI LAUPER   7"" / 45's with picture sleeves - instant collection!",14.95,0.0150
v1|377336807642|0,Northern Soul 45 BETTY HARRIS Ride Your Pony/Trouble With My Lover on Sansu,13.50,0.0149
v1|188632427896|0,ORLEANS - WAKING AND DREAMING Vinyl LP 1976 RECORD Still The One 7E 1070 NM,9.99,0.0149
v1|366538971906|0,"Bob Crewe 45 ""Ev'Rytime / Oh How I Miss You Tonight"" AU4",0.99,0.0149
v1|318568478780|0,King Crimson - Discipline LP - Warner Bros. VG+,21.50,0.0149
v1|168530832629|0,Diana Ross & Marvin Gaye-You're A Special Part Of Me-45 RPM-soul-Motown 1280-NM-,3.99,0.0149
v1|377338118196|0,Marty Robbins - My Kind Of Country - Vinyl Record LP Country,3.99,0.0149
v1|398167030543|0,Best of the Doobie Brothers by Doobie Brothers,10.00,0.0149
v1|178305973723|0,"MCA 45 RPM Record,Lee Greenwood,You're The Woman I Love,Somebody's Gonna,  VG",1.50,0.0149
v1|267725813752|0,frankie valli 45 can't take my eyes off you,7.00,0.0149
v1|398167926329|0,"Crosby Stills & Nash by Crosby Stills & Nash (Record, 2024)",8.00,0.0149
v1|117302171827|0,"Neil Young, Decade 1976 Warner Brothers",10.00,0.0148
v1|168530358542|0,The Beatles Vinyl Record 45rpm SWAN Records UK 1963 She Loves You / I’ll Get You,9.98,0.0148
v1|267721964799|0,"UNISSUED 1940s 12"" BE BOP JAZZ GUITAR 78 4 Star METAL ACETATE Tea For Two HEAR",25.00,0.0148
v1|117298283095|0,The Dwarves I Will Deny vinyl single 45 record picture sleeve punk rock,10.00,0.0148
v1|318568478742|0,Everly Brothers - Sing Great Country Hits LP - Warner Bros Mono,9.50,0.0148
v1|287457203077|0,peter gabriel vinyl single,12.25,0.0148
v1|206410778823|0,Dan McCafferty-Dan McCafferty LP Nazareth Singer A&M Records SP 4553 1975,9.99,0.0148
v1|168525067871|0,"Elvis Presley-A Legendary Performer Vol. 1-33 RPM-12""-rock-vinyl-LP-1973-w/book",12.79,0.0148
v1|327258113830|0,Lot of 150 - 1950's-80's 45 rpm Records VARIOUS ARTISTS: EX+ to NM,60.00,0.0148
v1|227428557120|0,"The Jackson Five ""You've Changed"" / ""Big Boy"" 45 RPM Steeltown 681 Soul VG",81.00,0.0148
v1|298500420620|0,Elvis Presley It Happened at the World's Fair vinyl album.,5.08,0.0148
v1|327258621261|0,4 Sesame Street Books & Records 45 Lot Vintage 1970 Original Cast,5.00,0.0148
v1|398167144835|0,AC/DC - High Voltage - Atco Records - 1976 Porky Prime,20.00,0.0147
v1|298500523308|0,Jimmy Page - Death Wish II Soundtrack LP Swan Song SS8511 1982,10.00,0.0147
v1|257621774657|0,"11 Assorted Vinyl Albums, Various Artists/Genres,D Parton, Sinatra, G Campbell",4.99,0.0146
v1|298500407026|0,Lot 4 Country Folk LP-The Brothers Four/The Sandpipers/Jud Strunk/The Seekers,4.99,0.0146
v1|227428466742|0,"Johnny Cash Classic Christmas 12"" Vinyl LP Columbia JC 36866 33 RPM Stereo",5.00,0.0146
v1|287457308728|0,"Aretha Franklin - Who’s Zoomin’ Who 12"" Single Record  Arista Records",3.99,0.0146
v1|267714771769|0,🎤︎ Diana Ross Marvin Gaye Smokey Robinson Stevie Wonder - Pops We Love You,9.99,0.0145
v1|198493318596|0,Sunshine Soundtrack featuring John Denver Lp MCA-387 (1973),2.99,0.0145
v1|137495999983|0,AFRICAN ~  JIVE FLUTE ~ ALEXANDRA CASBAHS ~ HEAR ~ 78 RPM ~ A 1122,35.00,0.0145
v1|257618758807|0,Oak Ridge Boys Seasons Vinyl LP 1986 MCA-5714 Country Pop Album 33 RPM Record...,1.00,0.0145
v1|117298273065|0,Electric Light Orchestra - ELO's Greatest Hits (1979) - Gold Stamp Promo,30.00,0.0145
v1|137498043003|0,AFRICAN ~ TRAD. FLUTE SOLO ~ GREAT  ~  ACETATE 78 rpm ~ HEAR ~# 1232,100.00,0.0145
v1|236933958738|0,"JAMES TAYLOR-""GREATEST HITS"" LP, WARNER BROS. BS 2979, 1976, VG+/Vg",4.99,0.0145
v1|257618758327|0,Lot of 3 Vintage Children's Picture Records with Graphics,15.00,0.0145
v1|407068407597|0,Walt Disney The Story Of Black Beauty DISNEYLAND St 3938 Soundtrack album,3.99,0.0145
v1|158077595661|0,Vintage 45 Record CINNY WRIGHT I'VE GOT SOMEBODY NEW/ARE YOU MINE FABOR RECORDS ,0.99,0.0144
v1|398167004295|0,Vintage Decorative Red Record Foy Williams Divorce Me,5.00,0.0144
v1|158077668505|0,"Elton John Greatest Hits 12"" Black Vinyl LP MCA Records Rock 1974 33 RPM",5.00,0.0144
v1|257618718323|0,THE WHO The Who By Numbers LP MCA 1975 MCA-2161,8.95,0.0144
v1|287456562700|0,CAMEOS: if i never see him again / just ask him Siana 45 RPM PROMO LISTEN HERE,0.99,0.0144
v1|127970959108|0,Best Of Jimmy Cliff 1980 EX 2X Raggae LP Island Records,8.00,0.0144
v1|318568478697|0,Black Sabbath - Vol. 4 LP - Warner Bros.,8.00,0.0144
v1|336679353579|0,"The Beatles  - Don't Pass Me By + 3 -  Mexican Picture Sleeve PS 7"" EP",39.99,0.0144
v1|178300362304|0,Hot Girl Country Bopper Reverb 45 LORETTA LYNN If You're Not Gone / A Man DECCA,6.00,0.0143
v1|800068635257|0,Lp Record 33 1/3 the beatles/1960-1962 #141285 masters records,8.50,0.0143
v1|358796893035|0,"Vintage Elvis Presley Lot Of 16 45 rpm 7"" Import Singles EX Cond. Read Descript",21.00,0.0143
v1|267725895918|0,"GEORGE THOROGOOD-One Bourbon, One Scotch & One Beer-OR. JUKEBOX PROMO VG+/VG++45",9.99,0.0143
v1|206410914665|0,8 LP Country Folk Willie Nelson Burl Ives Bob Wills Pride Campbell Gentry vanDyk,19.00,0.0143
v1|407067843523|0,Hear-Rare Country 45 - Smokey Stover - One Thing In Common - Sims Records  172,9.99,0.0143
v1|168530516257|0,"Lot of  6 OLIVIA NEWTON-JOHN  7"" / 45's w/ picture sleeves - instant collection!",19.95,0.0143
v1|318568479043|0,BAND The Last Waltz WARNER BROS 3WS-3146 3XLP embossed cover with booklet k,9.50,0.0142
v1|267725935419|0,Huey Lewis & The News - Heart of Rock & Roll - 45 1984 Chrysalis VG+,0.99,0.0142
v1|206406512492|0,10 COUNTRY VINYL LP ALBUMS LOT 13,7.98,0.0142
v1|178296160728|0,Donna Summer 1989 45rpm George Michael 1987 45rpm Gregory Abbott 1986 45rpm Lot,2.10,0.0142
v1|236923823595|0,Classic Rock Vinyl Record Lot Van Halen Boston Rush Stones Aerosmith 13 LPs,38.00,0.0142
v1|377338022403|0,ROCK-DAVID BOWIE-STAY/WORD ON A-WING -RCA VICTOR  PB-10736,5.00,0.0142
v1|168530844699|0,"Elvis Presley-Clean Up Your Own Back Yard-45RPM-UK Import-7""-Single-Rock RCA1869",6.49,0.0141
v1|407068036335|0,Jefferson Airplane After Bathing At Baxters Lp,11.99,0.0141
v1|298500412957|0,10X Soundtrack Bundle LP Lot-Annie/West Side Story/Arthur/Peter Gunn/Cleopatra,20.00,0.0141
v1|377338313307|0,"1961 R&B Popcorn 7"" 45 rpm SONNY KNIGHT Saving My Love/Cold Night FIFO 102 VG++",14.99,0.0141
v1|336684009333|0,R&B Soul 45 MARY ELLEN Moon Rocket/Still Waters Run Deep on Gramo,12.00,0.0141
v1|287456506113|0,The Beatles 45 rpm Day Tripper/ We Can Work it Out in Orig. Cover,9.00,0.0141
v1|366533076212|0,Rare Latin 45 - Los Gavilanes - Elpido Paso - Del Valle # DE-839,7.99,0.0141
v1|168524875487|0,AFRICAN ~ FOLK SONG W. GUITAR VOCAL DUET ~  ACETATE 78 rpm ~ HEAR ~# 1326,75.00,0.0141
v1|327261109134|0,"LOT 7 VINYL LP  Blues ALBUMS, John Mayall, J Geils, 70s, Johnny Winter,Blues mix",10.50,0.0141
v1|366538868517|0,1973 BEACH BOYS”Holland”LP +Lyrics & Mount Vernon and Fairway 7” 45 & Sleeve!,17.95,0.0141
v1|307057812799|0,"1963 Surf 45 - DUANE EDDY ""Your Baby's Gone Surfin""/""Shuckin"" RCA #8214",2.99,0.0141
v1|407068466064|0,Johnny Rebel Record Vinyl 45 7” Lot of 3 - # 504 506 510 ,200.00,0.0141
v1|366538984697|0,"The G-Clefs 45 ""Ka Ding Dong / Darla My Darlin"" AU4",0.99,0.0141
v1|127970953598|0,Marty Robbins The Drifter 1966 VG+ Country LP Columbia Records,8.00,0.0140
v1|117298407182|0,THe Rolling Stones Get yer Ya Ya's Out 1978 Netherlands Blue vinyl Decca records,22.00,0.0140
v1|377338014662|0,Merle Haggard The Best Of The Best Lp In Shrink Wrap !!,8.99,0.0140
v1|800321845103|0,Jimmy Webb - And So: On LP - Reprise SEALED,8.00,0.0140
v1|318568478745|0,Everly Brothers - In Our Image LP - Warner Bros. Gold Label,10.49,0.0140
v1|188632085951|0,Statler Brothers The Best Of Rides Again Volume II LP. Mercury Records In Shrink,2.99,0.0140
v1|137506725494|0,"ELVIS PRESLEY 3LP 50 YEARS, 50 HITS RCA SPECIAL PRODUCTS CANADA 1985 NM TO MINT",9.95,0.0139
v1|398167992728|0,"1985 David Allan Coe Darlin', Darlin' LP Vinyl Columbia FC 39617 Country ",15.00,0.0139
v1|168530653599|0,WHEEZER LOCKINGER 45 rpm Vinyl Record Tested Dmg on Generic Sleeve 7 in,19.99,0.0139
v1|407061321790|0,Rare Latin 45 - Los Camperos De Allende - Palomon Ojeda - Oro # 222,7.99,0.0139
v1|336684161707|0,"Beatles ""Meet The Beatles!"" 1964 Capitol T 1 -2047 MONO Vinyl LP (VG+)",49.00,0.0139
v1|178300362292|0,Soulful Melodic Country Rock 45 EDDIE LOW Remember Ronda / The CHART promo hear,4.00,0.0139
v1|318568515196|0,JAN & DEAN Gotta Take That One Last Ride UNITED ARTISTS 2XLP VG+ SHRINK k,8.00,0.0138
v1|168524153983|0,FRANK ZAPPA - I Don’t Wanna Get Drafted (1980) - Limited Edition 12” Single,4.99,0.0138
v1|336685251766|0,Lot (30) Rock & Classic Rock Vinyl Records; Aerosmith Doors Traffic Zappa AC/DC,29.00,0.0138
v1|318573397870|0,"Lot of Used Records (4) John Denver, Linda Ronstadt, Glen Campbell, Jerry Lewis",5.00,0.0138
v1|318568478736|0,Fleetwood Mac - Kiln House LP - Reprise VG+,10.00,0.0138
v1|307052869201|0,"Bonnie Guitar Lot of 2 Albums, See Pictures, Vinyls Visually rated Country  C22",5.00,0.0138
v1|168531702193|0,Taco -Puttin' On the Ritz/Livin' in My Dream World 45 RPM Record,3.99,0.0137
v1|257625254349|0,Vintage Rock Albums lp - Boston Rolling stones The who - plus - lot of 20 total,21.50,0.0137
v1|178300362312|0,Hot Rockabilly Teen Country 45 SONNY JAMES On And On / Need You CAPITOL hear,5.00,0.0137
v1|377338117678|0,Dionne Warwick's Greatest Motion Picture Hits Vinyl Record LP Scepter Records,4.99,0.0137
v1|168531571711|0,COUNTRY Virginia Kasper You Call Me Angel Stull 1001 1973 HEAR IT,5.00,0.0137
v1|267725980771|0,Dr. Hook Greatest Hits Capitol Records 1980 Vinyl LP SOO 12122,11.50,0.0137
v1|307050316628|0,EDDY ARNOLD~ALL TIME HITS FROM THE HILLS~ 1954 45 RPM ~ EP ~ RECORD NM  COVER EX,3.99,0.0137
v1|278175907909|0,PREWAR BLUES 78 • Lil Johnson • Vocalion 03199 • Get Em From The Peanut Man E-,14.99,0.0137
v1|227428451644|0,"Christmas Country 12"" Vinyl LP Elektra 5E-554 Hank Williams Jr. 33 RPM Stereo",5.00,0.0137
v1|398167277337|0,1954 Moussorgsky-Ravel: Pictures At An Exhibition: RCA Victor Red Seal Record-45,1.50,0.0137
v1|398174310568|0,"Elvis Presley Elvis Is Back! LPM-2231 12"" Vinyl LP",18.99,0.0136
v1|127971147365|0,Marshall Tucker Band Greatest Hits LP VG Capricorn CPN-0214 Southern Rock,5.75,0.0136
v1|366538566656|0,Carl Perkins 45 RPM - C.C. Rider / Soul Beat - Columbia 4-44993 PROMO 1969,0.49,0.0136
v1|188632083583|0,T.G. Sheppard Sheppard's Greatest Hits LP. Warner Bros Records.,3.99,0.0136
v1|137494895222|0,BLUES ~ JOSH WHITE ~ U.K. ~ LIKE A NATURAL MAN ~ HEAR ~ 78 RPM ~ X 6237,15.00,0.0135
v1|188632424775|0,JETHRO TULL - M.U. THE BEST OF JETHRO TULL Vinyl LP Reissue RECORD FV 41078 NM,9.50,0.0135
v1|287457406352|0,"The Motels - Only The Lonely/Change My Mind - 7"" 45 RPM Vinyl",2.69,0.0134
v1|236933984880|0,Lot (30) Rock & Classic Rock Vinyl Records; Kiss Rush Van Halen AC/DC Queen,36.00,0.0134
v1|236934026366|0,The Rolling Stones - 1964-1969 Vinyl Box Set - 11 Original U.K. Albums + 2 EPs,250.00,0.0134
v1|257609138806|0,Garage Surf 45 Tidal Waves Sunrise / Fun WHAT? Pic cover ,9.99,0.0134
v1|298497042365|0,The Beatles  - A Hard Day's Night -  1986 Russian LP,39.99,0.0134
v1|377338117710|0,"Frank Zappa - Lumpy Gravy - (Record, 2016) Missing Cover",7.99,0.0134
v1|158077478978|0,Chicago Chicago IX: Chicago's Greatest Hits Vinyl LP 1975-COLUMBIA PC 33900,15.00,0.0134
v1|206410277349|0,"1986 DWIGHT YOAKAM--GUITARS, CADILLACS / HONKY TONK MAN--VINYL 45 RPM RECORD",9.99,0.0134
v1|287457026624|0,So In Love/ Indian Love Call 1949 RCA Victor Red Record,2.50,0.0134
v1|168530865967|0,"Len Barry-1-2-3/Bullseye-45 RPM-7""-rock-vinyl-record-Decca 31827-1965-NM",4.00,0.0134
v1|377338401664|0,Chuck Berry LP Greatest Hits Chess ORIG,8.50,0.0133
v1|168530507601|0,"Lot of  5  LOVERBOY   7"" / 45's with picture sleeves - instant collection!",14.95,0.0133
v1|298499804749|0,NAT KING COLE ~ NON DIMENTICAR~ 195? ~ 45 RPM ~ EP ~ RECORD  NM  COVER NM,3.99,0.0133
v1|227428370263|0,Michael Jackson 45 RPM -Wanna Be Startin' Somethin'/(Inst)- Epic 34-03914. 1983,12.50,0.0133
v1|158077545644|0,Boston Third Stage Vintage Vinyl LP 1986 MCA Record MCA-6188,5.99,0.0133
v1|227428368538|0,Jerry Lee Lewis +3 45 RPM - Sixteen Candles / Rock And Roll - America Smash 1986,0.49,0.0133
v1|336683993446|0,Deep Soul 45 LES COOPER & THE SOULROCKERS Thank God For You on Atco VG++,7.99,0.0133
v1|127971342290|0,NEIL DIAMOND:Gold MCA 93084 LP 1970 G+/VG-,4.00,0.0133
v1|366531157758|0,Odegral Z Orkiestra Pawel Humeniak - Krakowiak Gorala - COLUMBIA 18236 V+,19.99,0.0132
v1|188618909303|0,Z Orkiestra Paweł Humeniak - Oberek Krakusa - COLUMBIA 18340 V+,19.99,0.0132
v1|287457278931|0,Tomita - Tomita's Greatest Hits - 1979 RCA AEL1-3439 Vinyl Record,3.89,0.0132
v1|188626187426|0,Melodic Rockabilly Country Bopper 45 BILL GRAMMER Mabel RICE dj promo hear EX NM,6.00,0.0132
v1|800321860378|0,"BYRDS Greatest Hits, Vol. II COLUMBIA LP NM SHRINK k",8.00,0.0132
v1|257618484705|0,Beatles A Hard Day's Night/I Should Have Known Better original Capitol 45,10.00,0.0132
v1|366538616140|0,"THE ARCHIES, CALENDER PROMO LABEL #1006 45 RECORD W/ MINT PICTURE SLEEVE",4.99,0.0132
v1|178304871392|0,"Ricardo Ceratto - Un Hombre Sencillo **RARE** MEXICAN 7""  45 RPM SINGLE",4.99,0.0132
v1|168531631458|0,Sesame Street Fever -Rubber Duckie Disco/Doin' the Pigeon - 45 RPM Record/,3.99,0.0131
v1|147432752555|0,ELVIS PRESLEY 45 74-0815 SEPARATE WAYS/ALWAYS ON MY MIND NM TO MINT BEAUTY,18.50,0.0131
v1|800321891897|0,GUESS WHO The Best Of... RCA LP VG+ gatefold with poster k,8.00,0.0131
v1|227428373480|0,Tony Orlando & Dawn 45 RPM - Sing / Sweet On Candy - Elektra E-45387. 1977,2.81,0.0131
v1|267725958624|0,"NEIL DIAMOND, LOVE AT THE GREEK,COLUMBIA AL 34406, STEREO VINYL LP,1977 GATEFOLD",3.99,0.0131
v1|267725872239|0,Xanadu Original Soundtrack Vinyl LP 1980 ELO Olivia Newton-John MCA-6100 Gatefol,6.50,0.0131
v1|198493275346|0,1984 BRUCE SPRINGSTEEN--DANCING IN DARK / PINK CADILLAC--VINYL 45 RPM RECORD,9.99,0.0131
v1|800069812511|0,Lp Record 33 1/3 the beatles/tony sheridan/in the beginnig #4504 polydor records,0.99,0.0131
v1|137498026495|0,AFRICAN ~ FOLK W. GUITAR FEMALE & MALE VOCAL DUO ~  ACETATE 78 rpm ~ HEAR ~# 698,50.00,0.0131
v1|188632092283|0,"VARIOUS ARTISTS on LP "" URBAN COWBOY "" soundtrack",8.50,0.0131
v1|800330444303|0,Used 1966 Vinyl Record LP Play Guitar With The Ventures Vol. 3/Learning,10.25,0.0130
v1|407068318065|0,"Elvis Presley - Take Good Care of Her Vinyl RCA Victor 7""",1.99,0.0130
v1|377338117698|0,Billy Sprague - Serious Fun - Vinyl Record LP 1986 Reunion Records Christian,3.99,0.0130
v1|198493795473|0,They Sang In Brooklyn Vol 1 EP 45 Empires Jay & Americans Raindrops Clusters,9.00,0.0130
v1|168531302749|0,Motown Special Disco Single Willie Hutch Eddie Kendricks Vinyl ULTRASONIC CLEAN,19.99,0.0130
v1|358788871080|0,"Columbia 45 RPM Record, Sonny James,I Won't Think About Now,If She Just Helps VG",0.50,0.0129
v1|800330629785|0,Elvis Costello Alison / Accidents Will Happen Columbia 13-33401 45RPM 1980,3.99,0.0129
v1|206406509962|0,10 COUNTRY VINYL LP ALBUMS LOT 30,7.98,0.0129
v1|398167709488|0,Neil Diamond and the Singer Sings His Song LP MCA 2227,0.99,0.0129
v1|336685302990|0,The Beatles - White Album Vinyl LP Capitol SWBO-101 w/ Poster - NM,35.00,0.0129
v1|168530464403|0,The Beatles Sgt. Pepper’s Lonely Hearts Club Band A Little Help From My Friends,9.98,0.0129
v1|298493898520|0,Jeff Beck There And Back Vinyl LP 1980 Epic Record PE-35684,5.00,0.0128
v1|336685094945|0,"Gaytan y Cantu - El Cerro De La Silla - Okeh 9391, Latin 78",9.99,0.0128
v1|267724403527|0,🎤︎ 1980 Hollywood Knights Soundtrack - Casablanca LP,12.99,0.0128
v1|137494606749|0,SPAIN FLAMENCO ~ MANOLO MANZANILLA ~ HEAR ~ 78 RPM ~ 6196,25.00,0.0128
v1|178297971716|0,CHET BAKER Sings: It Could Happen to You Craft Vinyl LP 180 Gram RTI Kevin Gray ,4.99,0.0128
v1|298499957091|0,The Beatles Something New Album. Capital Records. High Fidelity Recording. 1964,18.95,0.0128
v1|267725823294|0,"Connie Francis Connie's Greatest Hits MGM Greatest Hits 12"" Vinyl LP E3793",1.99,0.0128
v1|366538866417|0,"THE ARCHIES, KIRSHNER LABEL #5003 45 RECORD",1.99,0.0127
v1|257526419794|0,Lp Record 33 1/3 johnny winter/im yours and im hers #9826 columbia records,0.99,0.0127
v1|267726028287|0,PAUL SIMON One Trick Pony LP Warner Bros HS 3472,4.95,0.0127
v1|336685249348|0,Lot (30) Rock & Classic Rock Vinyl Records; Slade Kiss Little Feat Led Zeppelin,43.00,0.0127
v1|147432460482|0,Ghost Secular Haze 10” 45 RPM Black Vinyl Record lp,100.00,0.0127
v1|178300362296|0,Hot Rockabilly Instro Country 45 CHET ATKINS Cloudy & Cool / Travelin' RCA promo,4.00,0.0127
v1|227428491502|0,"Various A Country Christmas 12"" Vinyl LP RCA Victor CPL1-4396 Stereo",4.00,0.0126
v1|298499847506|0,Diana Ross - Swept Away Vinyl LP Record (RCA) Pop Cardboard Sleeve,2.03,0.0126
v1|168531693401|0,JACKIE MITTOO BASES Evening Time/Ease Up Coxsone Rocksteady Ska 45 RE HEAR,8.00,0.0126
v1|298499988487|0,"HARRY C. BROWNE And QUARTET - De Darkies' Jubilee - Banjo & Orchestra, Vocals",15.00,0.0126
v1|168530506175|0,"Lot of  3  HOWARD JONES   7"" / 45's with picture sleeves - instant collection!",12.95,0.0126
v1|236933992121|0,Lot (35) Rock & Classic Rock Vinyl Records; Doors Foreigner Styx Eagles Stones,60.00,0.0126
v1|407061780241|0,Rare Latin 45 - Los Mananeros - Prietita Linda - Del Valle # DE-839,7.99,0.0126
v1|366538864554|0,"THE ARCHIES, KIRSHNER LABEL #1009 45 RECORD",1.99,0.0125
v1|800330393034|0,The Beatles 45 I Want To Hold Your Hand / I Saw Her Standing There  EX  w/PS,5.99,0.0125
v1|318568495490|0,DAVID BOWIE ChangesTwoBowie RCA LP VG+ k,8.00,0.0124
v1|366538864146|0,Vintage Records Collection Lot,1.99,0.0124
v1|407059324816|0,HEAR- Rare Country 45 - Mike Pepper - Great Steel Guitar - Take A Look Into Your,9.99,0.0124
v1|267725975002|0,Jilson Setters Victor 21407 fiddle guitar prewar 78 Forked Deer,19.99,0.0124
v1|267725870063|0,"The Beach Boys Little Saint Nick/The Lord's Prayer Capitol 7"" 45 RPM 5096",3.90,0.0124
v1|407068523393|0,"Gen X Dancing With Myself 12"" Black Vinyl Single 45 RPM Chrysalis CHS 12 2488",8.00,0.0124
v1|168531697812|0,A Taste of Honey - Boogie Oogie Oogie/World Spin 45 RPM Record,3.99,0.0124
v1|206410557487|0,ELVIS PRESLEY ELVIS APL1-0283 STEREO RECORD ALBUM,12.00,0.0124
v1|377292961806|0,ROLLING STONES - TATTOO YOU - ROLLING STONES REC W/ORIGINAL SLEEVE - REALLY NICE,10.49,0.0124
v1|800321841052|0,ALICE COOPER Greatest Hits WARNER BROS LP VG+ k,12.50,0.0123
v1|267725909652|0,NAT KING'-COLE EN ESPAÑOL,9.99,0.0123
v1|366533035471|0,Rare Latin 45 - Carmen y Laura - Como Fue - Ideal # 45-975,7.99,0.0123
v1|800330520632|0,"Foreigner Waiting For A Girl Like You 7"" Vinyl 45 RPM Atlantic Stereo",1.49,0.0123
v1|298499160557|0,"The Buckinghams I Call Your Name/Lovely Miss Claudia 7"" Vinyl 45 U.S.A. 869",1.08,0.0123
v1|298492040367|0,"Michael Jackson  - Farewell My Summer Love -  US Picture Sleeve PS 7""",6.99,0.0123
v1|287456938028|0,Blondie/Debbie Harry lot of 10 45 RPM Singles  Picture Sleeves and Disc,50.00,0.0123
v1|257525871203|0,Lp Record 33 1/3 the who/by numbers #2161 mca records,5.50,0.0122
v1|168528039880|0,JOHNNY WINTER The Bootleg Series Vol 3 2015 FRIDAY MUSIC Blue Vinyl EX+,39.00,0.0122
v1|278175951002|0,R&B DOO WOP 78 • The Coronets • Chess 1549 • I’m All Alone • Nadine E/EE-,69.99,0.0122
v1|278175812888|0,"Nat ""King"" Cole Trio Best of Nat ""King"" Cole Trio Vol. 1 Capitol 12"" LP",3.00,0.0121
v1|318573509876|0,"10cc vinyl lot used BLOODY TOURISTS, GREATEST HITS 1972-78",19.99,0.0121
v1|298499931819|0,MICK JAGGER Performance Warner Bros K 46075 Soundtrack LP From 1970,15.00,0.0121
v1|358785631364|0,"オーガスコネクション 美樹本晴彦 Anime Soundtrack LP 12"" 33 RPM 1980s アニメージュレコード",42.00,0.0121
v1|168525885407|0,DAVID GILMOUR -12”  45 Maxi-Single (1984): BLUE LIGHT (alternate versions)￼,4.99,0.0121
v1|206410499112|0,1982 PRETENDERS--BACK ON THE CHAIN GANG / MY CITY WAS GONE--VINYL 45 RPM RECORD,9.99,0.0121
v1|407068410547|0,"THE ARCHIES, CALENDER LABEL #1008 45 RECORD",1.99,0.0120
v1|407067715774|0,"FRANK ROSOLINO-FRANKLY SPEAKING-CAPITOL T6509, CHARLIE MARIANO",19.98,0.0120
v1|800321894426|0,HOLLIES Greatest Hits IMPERIAL LP VG+ k,8.50,0.0120
v1|257618482375|0,Beatles Yellow Submarine/Eleanor Rigby Original Capitol 45 and Sleeve,7.00,0.0120
v1|168531738601|0,Wang Chung - Everybody Have Fun Tonight/Fun Tonight:The Early Years 45RPM Record,3.99,0.0120
v1|206410900259|0,"David Bowie - A Reality Tour 3 x Blue Vinyl Box Set,  180g",99.99,0.0120
v1|298492139030|0,"The Beatles  - I'm Happy Just To Dance With You -  US Picture Sleeve PS 7""",24.99,0.0120
v1|398167146939|0,Chet Atkins - Christmas with Chet Atkins - RCA Victor Vinyl LP Record Album,6.00,0.0120
v1|267726017292|0,THE DOOBIE BROTHERS BEST OF THE DOOBIES LP Warner Bros BS 2978 1976,9.95,0.0119
v1|278176401747|0,Bob Dylan Greatest Hits II - Early Press - VG+ - Nice!,5.00,0.0119
v1|366538563782|0,Murray's Monkey 45 RPM - Gipsy / I'll Be Here - HBR HBR-469 PROMO 1966,0.54,0.0119
v1|178300362301|0,Hot PA Country Bop Rockabilly 45 TEX CARSON Going Down To A Honky Tonk KALO hear,8.00,0.0119
v1|227428426052|0,"Chet Atkins Country-After All These Years 12"" Vinyl LP RCA Victor AHL1-4044",4.00,0.0119
v1|267725836258|0,"LOU CHRISTIE LIGHTNIN' STRIKES 7"" 45 rpm RECORD MGM K13412",2.00,0.0118
v1|267725947476|0,"Juice Newton Juice Vinyl LP Capitol 12"" 33 RPM ST-12136 Country Pop",3.50,0.0118
v1|366535389694|0,JETHRO TULL M.U. - The Best Of... CHRYSALIS LP VG+ germany embossed cover k,8.50,0.0118
v1|137507485159|0,Polka Favorities The Best of the Cards LP PF4018,0.58,0.0118
v1|168530872867|0,"Duran Duran-Union of The Snake-45 RPM-7""single-rock-vinyl-Capitol B5290-NM-1983",3.99,0.0118
v1|377338570532|0,"15 Lot Classic Rock Vinyl LPs 1970s Blondie, Clash, Cheap Trick, Simon Garfunkel",99.99,0.0118
v1|407068533220|0,"Paul Hardcastle 19 12"" Vinyl Single 33 RPM Chrysalis 4V9 42875",6.00,0.0118
v1|398165798475|0,"COPLAND'S GREATEST HITS Bernstein, Copland, Ormandy Columbia Masterworks MS 7521",5.00,0.0117
v1|158077551269|0,Two Beatles 45 RPM Vinyl Records Capital Penny Lane Apple Ballad of John Yoko,4.00,0.0117
v1|336684871594|0,Lot of 11 45 RPM 1950s Records in Original Sleeves,9.93,0.0117
v1|287457300105|0,The Dave Clark Five - 2 Vinyl LP Record Lot - Greatest Hits & Glad All Over,4.99,0.0117
v1|800068271694|0,Lp Record 33 1/3 michael jackson/farewell my summer love 1984 #6101 motown recor,3.25,0.0117
v1|287457149431|0,Tommy Soundtrack 2-LP Vinyl 1975 The Who Tina Turner Elton John Eric Clapton,5.98,0.0117
v1|178300362311|0,Country Rocker 45 ROGER MILLER Me & Bobby McGee / I'm Gonna Teach SMASH EX NM,5.00,0.0117
v1|327258642985|0,"Mitch Ryder 45 ""Little Latin Lupe Lu / I Hope"" AU2",0.99,0.0117
v1|327258642985|0,"Mitch Ryder 45 ""Little Latin Lupe Lu / I Hope"" AU2",0.99,0.0117
v1|398167585543|0,Ike & Tina Turner 45 Vinyl Record Lot Sue Records,5.99,0.0117
v1|168531178275|0,THE MIRACLES GREATEST HITS FROM THE BEGINNING PROMO EX/NM Ultrasonic Clean,20.99,0.0116
v1|137498031162|0,AFRICAN ~ FOLK SONG W. GUITAR  ~  ACETATE 78 rpm ~ HEAR ~# 724,50.00,0.0116
v1|137498033300|0,AFRICAN ~ FOLK SONG W. GUITAR  ~  ACETATE 78 rpm ~ HEAR ~# 964,40.00,0.0116
v1|168522411692|0,JEWISH ~ POPULAR MUSIC ~ HED ARZI ~ HEAR ~ 78 RPM ~ 6222,20.00,0.0116
v1|298499602173|0,Riz/Nino Oliviero MONDO CANE Orginal Motion Picture Soundtrack LP Album UAL 4105,4.99,0.0116
v1|137494543701|0,SWISS / AUSTRIAN ~ YODEL JODELKLUB EDELWEISS LUZERN ~ HEAR ~ 78 RPM ~ 6187,20.00,0.0116
v1|366538286629|0,HEAR- Rare Doo Wop / Rock 'n Roll 45 - The Sweet Sick-Teens - Agnus - RCA Victor,19.99,0.0116
v1|298492076768|0,"The Jackson 5 (w/ Michael Jackson)  - Mama's Pearl -  US Picture Sleeve PS 7""",9.99,0.0116
v1|377337069816|0,THE TURTLES - Elenore/Surfer Dan - 45 RPM - WHITE WHALE - EX Record with VG PS,5.00,0.0116
v1|377337069816|0,THE TURTLES - Elenore/Surfer Dan - 45 RPM - WHITE WHALE - EX Record with VG PS,5.00,0.0116
v1|366538865927|0,Bing Crosby – 78 rpm Decca 4065: Shepherd Serenade/The Anniversary Waltz; G+,2.99,0.0116
v1|267725831679|0,"FRIEND AND LOVER REACH OUT OF THE DARKNESS 7"" 45 rpm RECORD VERVE",2.00,0.0116
v1|287457279027|0,CHUCK BERRY Carol & Johnny B. Goode ERIC RECORDS 45 Single Record,3.99,0.0116
v1|287457279027|0,CHUCK BERRY Carol & Johnny B. Goode ERIC RECORDS 45 Single Record,3.99,0.0116
v1|127975096438|0,LOS BRONCOS DE REYNOSA  CARTUCHO QUEMADO/EL BORRACHO ABA  45 Rpm ULTRA RARE USED,29.99,0.0115
v1|366538568396|0,Jerry Lee Lewis 45 RPM - I'll Find It Where I Can/Don't ... - Mercury 55028 1978,0.49,0.0115
v1|188632398643|0,Vintage Vocalion Red Shellac 78 RPM Record - Humoresque - Sasha Culbertson #3013,0.99,0.0115
v1|198492973944|0,"Band on the Run by Paul Mccartney & Wings (Record, 2017)",10.00,0.0115
v1|127974940183|0,DAVID BOWIE David Live Double LP RCA 1974 Hollywood Press Orange Label  VG/Good,11.75,0.0115
v1|298492129434|0,"The Beatles  - Something/Come Together -  German Picture Sleeve PS 7""",19.99,0.0115
v1|227428470905|0,"Columbia Country Christmas 12"" Vinyl LP CS 9888 33 RPM Stereo Holiday Country",3.14,0.0115
v1|206410919933|0,"RARE ELECTRADISK LABEL: De Rose Orchestra, ""My River Home / A Boy and Girl",25.00,0.0114
v1|278175658980|0,ANNE MURRAY'S GREATEST HITS 33 1/3 LONG PLAYING VINYL ALBLUM ,4.95,0.0114
v1|407066199414|0,Various – Metal Prisoners good condition.,12.57,0.0114
v1|318572946865|0,Buck Owens Santa Looked A Lot Like Daddy 45 RPM Capitol Records 5537 1965,2.00,0.0114
v1|227424721145|0,"The Marketts 45 ""Out Of Limits"" ""Bella Dalena"" Pop Instrumentals 1964 Good Condi",2.99,0.0113
v1|800068346979|0,Lp Record 33 1/3 weather report/orange lady #30661 columbia records,0.99,0.0113
v1|257526337207|0,Lp Record 33 1/3 the beatles/volume two live recordings #3662 pickwick records,0.99,0.0113
v1|127971206444|0,Lot Of 3 The Kinks Single 45rpm 7” Vinyl Records,2.99,0.0113
v1|267725854680|0,"Diana Ross  Vinyl LP  Motown Records, 1972, M6-869S1, Greatest Hits ~ VG+",3.95,0.0113
v1|298492135715|0,"The Beatles  - Hey Jude/Revolution -  Italian Picture Sleeve PS 7""",24.99,0.0112
v1|287457279043|0,Juice Newton - The Sweetest Thing (I've Ever Known) Ride 'Em Cowboy - 45 Record,2.69,0.0112
v1|407068527220|0,"King David Stoop Down Disco 12"" Vinyl Single 45 RPM P&P Records STP-126",10.00,0.0112
v1|168531687204|0,Nancy Sinatra - These Boots Are Made For Walking 45 RPM Record,3.99,0.0112
v1|287456985174|0,VTG Elvis Presley LP Record AHL1-4678 I WAS THE ONE,3.99,0.0112
v1|287457309166|0,"Al Stewart – Time Passages & Lucy - Vinyl/45 RPM, Arista, 1978",2.99,0.0112
v1|307059543500|0,"The Beatles 45 RPM Love Me Do, P.S. I Love You Record on Tollie Vinyl",49.99,0.0112
v1|117302442283|0,Lot- 20 Classical 33 LPs Vinyl Albums Bach Mozart Beethoven Vivaldi & FREE BONUS,9.00,0.0112
v1|800339604319|0,45 RPM  Wes Montgomery FANTASY 614 Monterey Blues VG++,3.00,0.0112
v1|137507435801|0,ELVIS PRESLEY 45 47-9985 LIFE/ONLY BELIEVE NM TO MINT BEAUTY,15.50,0.0111
v1|188626187417|0,Teen Country 45 SHARI BAKER / ED HARDIN Don't Forget I Still /My Worlds HIT 175,4.00,0.0111
v1|267726027134|0,Aretha Franklin After Hours Vinyl LP Columbia Records C40708,4.95,0.0111
v1|318560101834|0,DOVELLS: Bristol twistin' Annie Mope-Itty Stomp Parkway 45 Picture Sleeves G/vg,9.99,0.0111
v1|137506674548|0,PRINCE 4EVER Vinyl LP Box Set Greatest Hits EX With Prints by Herb Ritz,95.00,0.0111
v1|318568519389|0,JIMI HENDRIX South Saturn Delta LEGACY 8869785760-1 2XLP 180g reissue SEALED k,8.00,0.0111
v1|137513565032|0,"2 VINYLS 33 1/2 RPM FRANK SINATRA FANS ""My Way"" &  ""September of my Years""",3.99,0.0111
v1|137506728278|0,"The Platters 45 Rpm (Only You And You Alone/Bark, Battle And Ball) Mercury Recor",2.00,0.0111
v1|366538965403|0,"The Eternals 45 ""Rockin' In The Jungle / Rock N Roll Cha Cha"" AU3",0.99,0.0111
v1|206409983039|0,The Rolling Stones  Emotional Rescue  LP 1980  COC16015 + Poster,12.00,0.0111
v1|188632398640|0,Vintage 78 RPM Record Lot - Decca Glen Gray & Vocalion Bobby Snyder - w/ Sleeves,0.99,0.0111
v1|206406495536|0,10 COUNTRY VINYL LP ALBUMS LOT 31,7.98,0.0110
v1|267726104527|0,Yellow Submarine 45,6.00,0.0110
v1|236933978260|0,Lot (30) Rock & Classic Rock Vinyl Records;  ELO Cars ZZ Top Jethro Tull Yes,24.50,0.0110
v1|366538399207|0,HEAR - Rare Country Bopper 45 - Roger Miller - Can't Stop Lovin' You - Starday,19.99,0.0110
v1|206406495540|0,10 COUNTRY VINYL LP ALBUMS LOT 32,7.98,0.0110
v1|358788833577|0,"Fabor 45 RPM Record,Mavis Kruse,Turn DownThe Starlight ,Swingin on the grape,VG",0.50,0.0110
v1|178305712057|0,"FRANKIE GOES TO HOLLYWOOD Relax Remixes 12"" Vinyl 45 rpm ,M- Record And Cover ",3.00,0.0110
v1|287457100502|0,"Various Fame RSO LP Vinyl Record 12"" 33 RPM Cardboard Sleeve Inner Sleeve",1.99,0.0110
v1|298499145010|0,"George Benson Nature Boy/Turn Your Love Around 7"" Vinyl 45 WBS49846",2.00,0.0109
v1|178305097057|0,Zip & The Zippers Gig / Where You Goin 45 RPM Pageant Records PT-607 VG+,10.00,0.0109
v1|137507269449|0,1990's Country Lot Of 5 - 45 RPM Records  EXCELLENT,4.00,0.0109
v1|377338117750|0,Ronnie Milsap - Images (1979) Vinyl Record LP - RCA Victor AHL1-3346 - Country,6.99,0.0109
v1|298499969045|0,"The Tenant (Music from the Motion Picture) by Philippe Sarde (Record, 2021)",5.00,0.0109
v1|287456580505|0,ELVIS PRESLEY SUSPICIOUS MINDS / YOU'LL THINK OF ME 45 RPM RECORD LISTEN HERE,0.99,0.0109
v1|137495907583|0,AFRICAN ~ CONGO PETER TOSTE  ~ GUITAR & VOCAL ~ HEAR ~ 78 RPM ~ A 1022,125.00,0.0109
v1|236933975452|0,Lot (30) Rock & Classic Rock Vinyl Records; Ted Nugent Aerosmith Beatles ZZ Top,21.50,0.0108
v1|327258573434|0,David Bowie / Changes One - Classic Rock Vinyl - 1976 Tan Label,4.25,0.0108
v1|117298090644|0,Doobie brother and Blood Sweat Tears greatest hits LPs,7.50,0.0108
v1|278176355434|0,"Beatles LP Meet the Beatles 1975 All Rights Los Angeles Nice Sound Quality, NM!",5.50,0.0108
v1|127971342499|0,NEIL DIAMOND:12 Greatest Hits Vol II Columbia BL 38068 LP 1982 VG+/VG,6.00,0.0108
v1|188626187428|0,Hot Girl Country Bopper 45 CINDY CANTRELL If You Don't Pick WIZARD promo EX NM,6.00,0.0108
v1|327258652959|0,"Patti Page 45 ""The Doggie In The Window / My Jealous Eyes"" B1",0.99,0.0108
v1|227428870357|0,Chaka Khan Lot Of 6 Vinyl 45 RPM Records In Very Good Condition,20.00,0.0107
v1|267725762870|0,"The Danleers Wheelin' and a Dealin'/One Summer Night Mercury 7"" 45 71322X45",4.99,0.0107
v1|137495142574|0,SPAIN / LATIN ~ GUITAR FLAMENCO /  FOLK ~ NICE ~ HEAR ~ 78 RPM ~ X 6245,20.00,0.0107
v1|336685250543|0,Lot (30) Rock & Classic Rock Vinyl Records;  AC/DC Hendrix Yes Genesis Queen,41.00,0.0107
v1|168522357172|0,MEXICAN~ TRIO LOS PANCHOS ~  POP ~ HEAR ~ 78 RPM ~ 6194,15.00,0.0107
v1|398167987897|0,"Sylvester -Step II, Living Proof, Stars, Greatest Hits, Do You Wanna Funk LP Lot",55.00,0.0106
v1|298490419061|0,THE MILLS BROS. ~ GREATEST HITS  ~ 45  RPM EP ~  RECORD NM  COVER NM,3.99,0.0106
v1|198494022937|0,Johnny Cash Vintage Country & Roots Vinyl Lot,15.00,0.0106
v1|168530386567|0,The BEATLES Record 45rpm Capitol Records UK 1963 Twist And Shout There’s A Place,9.98,0.0106
v1|206406509966|0,10 COUNTRY VINYL LP ALBUMS LOT 29,7.98,0.0106
v1|198493495932|0,"Huey Lewis and the News If This Is It 7"" Vinyl 45 RPM Stereo Chrysalis 1984",2.32,0.0106
v1|137495614997|0,ARGENTINA ~ LATIN POP ~ FREDDY ROLLAND ~ 78 RPM ~ HEAR~ X 6268,10.00,0.0105
v1|137507069852|0,El Doningoes Doowop 45 Great Mint,6.00,0.0105
v1|358785902614|0,"MCA 45 RPM Record, Belinda Carlisle, Circle in The Sand, We Can Change VG",1.00,0.0105
v1|227428326028|0,The Who 45 Record Overture From Tommy / See Me Feel Me 1970 Decca,0.54,0.0105
v1|407068404605|0,"THE ARCHIES, KIRSHNER LABEL #5014 45 RECORD",1.99,0.0105
v1|327258408014|0,Procul Harum 45 Record A Whiter Shade Of Pale / Conquistador ￼,0.53,0.0105
v1|257618518917|0,Sound Of Music Soundtrack LP,9.99,0.0104
v1|178305919853|0,"Carrere 45 RPM Record,Gloria Loring ,Carl Anderson, Friends and Lovers VG ",1.50,0.0104
v1|137507288405|0,"45 RPM R&B THE DIAMONDS, ONE SUMMER NIGHT / IT'S A DOGGONE SHAME",6.00,0.0104
v1|137507288405|0,"45 RPM R&B THE DIAMONDS, ONE SUMMER NIGHT / IT'S A DOGGONE SHAME",6.00,0.0104
v1|800339639659|0,45 RPM Slim Whitman IIMPERIAL 8299 Song of the Wild / You have my Heart VG++,3.00,0.0104
v1|188626187411|0,Hot Country Bop Rockabilly 45 TED STANTON I'm Gonna Live A / Cheri JEWEL OH rare,6.00,0.0104
v1|168530996464|0,"Country & Western Music Jamboree 12"" Record Set 1963 Dynagroove RCA ",5.00,0.0104
v1|178300362295|0,Haunting Teen Country Rockabilly 45 HAROLD LOWERY Honey I ARTIST WORLD rare,8.00,0.0103
v1|407067653129|0,Mercury CHUCK BERRY Roll Over Beethoven  NrM  + 9 Collectables 45 Rpm,5.06,0.0103
v1|188623634464|0,ROLLING STONES - 12 X 5 (1964 Vinyl),21.00,0.0103
v1|366522514729|0,"45 DOO WOP / THE CHARMS / LING, TING, TONG / DE LUXE / LISTEN",9.99,0.0103
v1|407066801167|0,"LaVern Baker, My Happiness Forever/Get Up Get Up, 45rpm, 1956 Atlantic 45-1087",2.99,0.0103
v1|398167972333|0,David Allan Coe Just Divorced LP Vinyl Columbia Country FC39269 1984,15.00,0.0102
v1|188626187414|0,Rare FL Country Bopper Garage 45 RAY YEAGER Secret Agent Garbage Man TIARA hear,8.00,0.0102
v1|236933925455|0,"The Rolling Stones Sticky Fingers Rock Vinyl LP Record 12"" Rolling Stones Sleeve",30.00,0.0102
v1|318568478721|0,David Bowie - Diamond Dogs LP - RCA Victor,8.00,0.0102
v1|257618753019|0,"Greatest Hits, Vol. 2 [LP] by Oak Ridge Boys (The) (Vinyl, Oct-1990, MCA Records",2.20,0.0102
v1|287457278885|0,"Kenny Rogers/Dolly Parton Islands In The Stream 7"" Vinyl Single 45rpm RCA Record",4.99,0.0102
v1|168525846274|0,"BLUES IMAGE-RIDE CAPTAIN RIDE-45 RPM-7""-ROCK-ATCO 6746-VINYL-RECORD-1970-NM",6.99,0.0102
v1|366538496664|0,Various Rock Rolls On...Greatest Rock 'N' Roll Hits Of The 50's 2 LP ,11.99,0.0101
v1|158077070700|0,BAN-LONS  Doo Wop  Hey Good Lookin / I Like It  45 RPM on Fidelity VG - VG+,39.99,0.0101
v1|298500475343|0,"1977-MOZART: FOUR PIANO CONCERTOS, CASADESUS , SZELL, DOUBLE COLUMBIA RECORDS",1.99,0.0101
v1|168525129965|0,GREEK ~ REMBETIKA ~ UNKNOWN ~ HEAR ~ 78 RPM ~ 6384,25.00,0.0101
v1|236933678732|0,"Vtg Columbia 78 RPM If It Doesn't Snow Christmas-Rudolph, The Red Nosed Reindeer",10.00,0.0101
v1|800321845022|0,Brandy Clark - Live From Los Angeles LP - Warner Bros. RSD Ltd. SEALED,23.84,0.0101
v1|168525093136|0,GREEK ~ POPULAR MUSIC ~ M. THOMAKOS / IOANNIDIS  ~ HEAR ~ 78 RPM ~ 6379,20.00,0.0100
v1|168531330265|0,"Hank Williams "" Singing Waterfall "" 45  with Jacket  { Please Read! }",2.25,0.0100
v1|147432849193|0,BRACEY EVERETT 45 Atlantic ‎– 45-2013 The Lover's Curse / I Want Your Love,24.99,0.0100
v1|298496845776|0,THE KING SISTERS ~ ALOHA  KING SISTERS ~ 195? ~45 RPM ~ EP ~ RECORD  NM COVER NM,3.99,0.0100
v1|800326954823|0,The BEATLES Capitol Records 1964 A Hard Days Night I Should Have Known Better 45,9.98,0.0099
v1|188630624758|0,"Billy Crash Craddock Lp Greatest Hits, Volume One On Abc -",2.98,0.0099
v1|257618484310|0,Beatles Misery/Roll Over Beethoven Green Starline 45,75.00,0.0099
v1|377338117359|0,The All American Pop Collection Volume 1 (1980)-Vinyl Record LP - Various,4.99,0.0099
v1|137514155321|0,3 Vintage Sagomes 78 Records - SG108 King Radio SG109 N Marcano SG141 Papa Felix,49.99,0.0099
v1|366538884946|0,The Doobie Brothers Best of the Doobies LP Warner Bros BSK 3112,2.75,0.0099
v1|366537141409|0,Rare Doo Wop 45 - The Marigolds - Rollin' Stone - Excello # 45-2057,14.99,0.0099
v1|188631699227|0,"PAUL SIMON *DJ COPY* ""YOU CAN CALL ME AL"" 45 PS",2.99,0.0099
v1|188626187430|0,Melodic Country Bopper 45 LEFTY FRIZZELL You COLUMBIA dj promo hear,3.00,0.0099
v1|168531303799|0,"The Beatles "" And i Love Her "" 45 with Jacket  { Please Read! }",3.25,0.0099
v1|287457375379|0,Pat Benatar - Promises In The Dark vinyl 45 single Record 1981 W/ Picture Sleeve,3.69,0.0098
v1|188626187424|0,Hot Country Rocker Rockabilly WAX Copy 45 ROGER MILLER Chug-a-lug SMASH EX NM,5.00,0.0098
v1|178306010182|0,"Columbia 45 RPM 5 Record Set ,Mary Martin,The Sound Of Music Broadway, VG ",1.00,0.0098
v1|178300362313|0,Soulful Girl Teen Country Hook 45 CHERYL POOLE Everybodys Gotta Hurt PAULA ~NM,5.00,0.0098
v1|206406509968|0,10 COUNTRY VINYL LP ALBUMS LOT 5,7.98,0.0098
v1|206406509949|0,10 COUNTRY VINYL LP ALBUMS LOT 2,7.98,0.0098
v1|206406509952|0,10 COUNTRY VINYL LP ALBUMS LOT 7,7.98,0.0098
v1|206406509946|0,10 COUNTRY VINYL LP ALBUMS LOT 3,7.98,0.0098
v1|398166910286|0,Animal House Soundtrack,10.00,0.0098
v1|168523293844|0,AFRICAN ~  MWENDA JEAN BOSCO ~ GUITAR & VOCAL ~ HEAR ~ 78 RPM ~ A 1024,50.00,0.0098
v1|336677384995|0,Classic Rock Vinyl Record Lot Beatles Eagles Boston Kansas ABBA Foreigner 12 LPs,25.00,0.0097
v1|227423913362|0,The Doobie Brothers - 1981-  Best Of The Doobies Vol. II - Discontinued,7.00,0.0097
v1|287456568838|0,The Beatles - A Hard Day's Night/I Should Have Known Better 45 RPM LISTEN HERE,2.00,0.0097
v1|206410860810|0,"Lot of 12  45 rpm records Classic County Radio Station Set Jones, Strait, Travis",6.00,0.0097
v1|366535386223|0,GUESS WHO The Best Of - Vol. II RCA LP VG+ gatefold k,8.00,0.0097
v1|137495613136|0,ARMENIAN ~~ POPULAR FOLK BARITONE ~HOVHANNESYAN ~ USSR~ 78 RPM ~ HEAR~ HX 6263,15.00,0.0097
v1|287456058679|0,Sweet Fox On The Run / Burn on the Flame 45 RPM,2.25,0.0097
v1|198493747015|0,"NAT KING COLE NIGHT OF THE QUARTER MOON AGAIN 45 VINYL 7"" RECORD",3.30,0.0097
v1|287457278832|0,"ERIC CLAPTON I've Got A Rock N Roll Heart POP ROCK 45 7"" Record Vinyl",2.99,0.0097
v1|168530439467|0,John Lennon The Elton John Band 1975 I Saw Her Standing There 45rpm MCA records,9.98,0.0096
v1|287457279053|0,Kenny Rogers & Dottie West - Classics LP Record Album W/ Bonus Greatest Hits,3.99,0.0096
v1|327257902540|0,Lot Of 4 Classic Rock LPs Robert Plant Iron Butterfly REO Speedwagon Bee Gees,9.99,0.0096
v1|358788866322|0,"Caprice 45 RPM Record, Billy Walker,Why Don't Ask Me Why,Lawyers,VG ",0.50,0.0096
v1|188631699211|0,"BOB SEGER ""AMERICAN STORM"" 45 PS",3.99,0.0096
v1|278174880966|0,R&B Soul 45 MARY JOHNSON Hard Forgetting Memories/You Have My Blessings NM promo,7.99,0.0096
v1|800330518334|0,"Olivia Newton-John Make a Move on Me 7"" 45 RPM 1982 MCA-52000 Paper Sleeve",1.49,0.0096
v1|127971525666|0,KENNY ROGERS:Greatest Hits Liberty L00 1072 LP 1980 G+/G-,4.00,0.0096
v1|377338012068|0,"Simple Minds Don't You (Forget About Me) 7"" 45 RPM Vinyl Single A&M AM-2703",8.00,0.0095
v1|257525789607|0,Lp Record 33 1/3 johnny cash/happiness is you #9337 columbia records,0.99,0.0094
v1|287457278754|0,"LIGHTNIN' HOPKINS - Back Door Friend / Fishing Clothes (45 RPM, Jewel 788)",4.99,0.0094
v1|158077732528|0,"Pink Floyd On the Turning Away/Run Like Hell (Live) 7"" with picture sleeve",22.99,0.0094
v1|168526534033|0,"BARRY WHITE-YOU'RE THE FIRST, THE LAST, MY EVERYTHING-45 RPM-20TH CENTURY 2133-",7.39,0.0094
v1|800321879380|0,ELVIS PRESLEY Something For Everybody RCA VICTOR LP k,14.39,0.0094
v1|188632428236|0,B.B. KING - LIVE & WELL Vinyl REISSUE LP RECORD 1980 Blues MCA 27008 VG+,9.99,0.0094
v1|358788857413|0,"Atco 45 RPM Record, Mr Acker Bilk, Stranger on the Shore,Cielito Lindo VG ",0.50,0.0094
v1|267727896892|0,9 Vinyl LP Lot Stephen Stills David Crosby Graham Nash Young—Deja Vu So Far VG+,2.25,0.0094
v1|287457392061|0,Led Zeppelin - Led Zeppelin II 2021 Remastered 180g Vinyl LP Gatefold Whole,19.00,0.0093
v1|287456881256|0,LITTLE SINGERS Four Seas Children’s Choir Taiwan Chinese Vinyl Record LP Lot VG+,14.95,0.0093
v1|287456881256|0,LITTLE SINGERS Four Seas Children’s Choir Taiwan Chinese Vinyl Record LP Lot VG+,14.95,0.0093
v1|287457279190|0,BILLY WARD - Home Is Where You / St. Therese Of The Roses DECCA 29933 45 Record,2.69,0.0093
v1|298500408111|0,Lot 20 Soundtrack LP Albums-STING/EDDY DUCHIN/PORGY AND BESS/CHARIOTS OF FIRE,25.00,0.0093
v1|257525760450|0,Lp Record 33 1/3 michael jackson/one day in your life #5352 motown records,1.54,0.0093
v1|206406512502|0,10 COUNTRY VINYL LP ALBUMS LOT 14,7.98,0.0093
v1|168531354819|0,"Elvis Presley "" All Shook Up "" 45 with Jacket  { Please Read! }",3.25,0.0092
v1|366538562345|0,Johnny Dee 45 RPM - Sittin' In The Balcony / A Plus In Love- Colonial 1957,2.23,0.0092
v1|318572929732|0,Lot of 3 ELVIS PRESLEY  45s ~,6.99,0.0092
v1|407067676972|0,Columbia Record 78: E3778: Oriental Dans: Friare Valsen: Columbian Orchestra,15.00,0.0092
v1|298499180690|0,"Petula Clark This Is My Song/High 7"" Vinyl 45 Warner Bros. 7002",1.20,0.0092
v1|398167142230|0,Beverly Hills Cop - The Motion Picture Soundtrack - Vinyl LP Record Album ,5.00,0.0092
v1|298500500349|0,"1964 Capitol Records- ""Can't Buy Me Love "" The BEATLES- 45 picture sleeve-...",22.00,0.0092
v1|168522864020|0,JEWISH ~ ROMANIAN KLEZMER ~ BANNER ROUMANISHE KAPELLE ~ 78 RPM ~ HEAR~ X 6253,20.00,0.0092
v1|206406512518|0,10 COUNTRY VINYL LP ALBUMS LOT 17,7.98,0.0091
v1|236933989906|0,Lot (30) Rock & Classic Rock Vinyl Records;  AWB Foreigner Who Rolling Stones,24.50,0.0090
v1|800340624519|0,45 RPM  Ernest Tubb DECCA EP 2356 Favorites Vol 1 VG++,5.00,0.0090
v1|377337080725|0,Paul Mccartney And Wings Band On The Run 45,5.00,0.0089
v1|158080444218|0,The Romantics What I Like About You and A Night Like This 45 rpm vinyl record,2.00,0.0089
v1|168522465745|0,BULGARIAN ~ ACCORDION W. FEMALE VOCAL FOLK ~ HEAR ~ 78 RPM ~ HX 6231,20.00,0.0089
v1|800340600280|0,45 RPM Bettye Swann CAPITOL 2382 Don't Touch Me SLEEVE ONLY,3.00,0.0089
v1|206410813972|0,"Little Richard "" I don't what you've Got  "" 45 with Jacket  { Please Read! }",2.25,0.0089
v1|198493955582|0,Vintage Vinyl Album LP Lot Collection Live Comedy Marx Klein Carson Bruce Allen,4.99,0.0088
v1|800321873461|0,DOOBIE BROTHERS Best Of - Vol. II WARNER BROS BSK-3612 LP club edition SEALED k,8.50,0.0088
v1|267725810399|0,Diana Ross & The Supremes Greatest Hits  Motown 1967 Soul Vinyl 1 RECORD ONLY,2.50,0.0088
v1|158076429037|0,I WAS MADE FOR DANCIN'  & Living Without Your Love Leif Garrett 45 RPM Record,2.00,0.0088
v1|147432665354|0,The Woman In Red Motion Picture Soundtrack Vinyl LP Motown 1984 ~ Stevie Wonder,3.00,0.0087
v1|137498416319|0,GREEK ~ REMBETIKA ~ PANOU EZANNET ~ HEAR ~ 78 RPM ~ 6383,20.00,0.0087
v1|327258408891|0,The Bee Gees 45 Record Night Fever RSO 1977,0.01,0.0087
v1|137494750606|0,AUSTRIAN ~ ZITHER SOLO ~ VIRTUOSO ~ ROMAN LACKER  ~ HEAR ~ 78 RPM ~ X 6224,20.00,0.0087
v1|287457300870|0,Sweet  - Love Is Like Oxygen & Cover Girl 7'' 45 Record Capitol 4549,2.69,0.0087
v1|178300362289|0,Classic Country 45 JOHNNY PAYCHECK I Can't Promise You Won't Get LITTLE DARLIN,4.00,0.0086
v1|198488471358|0,Lot 31 vinyl records 45s various artist autographed Toshiba Expander Calibration,9.99,0.0086
v1|318572873053|0,Antique 1905-1909 Shellac 78 RPM Record Lot Victor Columbia Pre-WWI Victrola,79.99,0.0086
v1|366538564353|0,Rick Nelson 45 RPM - We Got Such A Long Way To Go/Look At Mary -Decca 32711 1970,2.81,0.0086
v1|188631463806|0,The Beatles sergeant peppers vinyl,25.00,0.0086
v1|267726065331|0,The Association Greatest Hits (LP 1976 Warner Bros Records WS1767) ,2.05,0.0086
v1|407067838561|0,Rare Country 45 - The Karroll Sisters - Hillbilly Leprechaun - Decca # 9-29437,9.99,0.0086
v1|287456568850|0,The Beatles 45 Got To Get You Into My Life / Helter Skelter PS 1976 LISTEN HERE,3.00,0.0086
v1|267726062319|0,Transa - Prophase (X-Cabs Remix One / X-Cabs Remix Two) LP,9.99,0.0086
v1|168531660079|0,Simple Minds -Alive and Kicking/Up the Catwalk - 45 RPM Record,3.99,0.0086
v1|168531696735|0,Conway Twitty - It's Only Make Believe/Sorry (I Ran All the Way) 45 RPM Record,3.99,0.0085
v1|257613872474|0,"Foreigner I Don't Want to Live Without You Vinyl Single 12"" 45 RPM UKimport 1988",5.00,0.0085
v1|800069806827|0,Lp Record 33 1/3 the beatles/greatest hits/santo johnny #1017 canadian records,0.99,0.0085
v1|800340630351|0,45 RPM George Hamilton MGM 13178 Little Betty Falling Star / Don't Envy Me M-,3.00,0.0085
v1|407068210377|0,"THE ARCHIES, CALENDER  LABEL #1007 45 RECORD W/ MINT PICTURE SLEEVE",4.99,0.0084
v1|137495147566|0,PORTUGESE ~ FADO ~ ERCILIA COSTA ~ ODEON ~ HEAR ~ 78 RPM ~ X 6246,65.00,0.0084
v1|168531706527|0,THE ETERNALS Stars Studio One Reissue Jamaica Rocksteady Ska Reggae 45 HEAR VG+,8.00,0.0084
v1|800069838441|0,Lp Record 33 1/3 fleetwood mac/hold me 45 rpm lp size #23607 warner bros records,0.99,0.0084
v1|298500406945|0,Lot of 45 Pop 45RPM Records-All Listed,15.00,0.0084
v1|327258440491|0,The Moody Blues Nights in What Satin / Cities Vinyl 45 Record,1.37,0.0083
v1|358788815451|0,BILLY STARR 45RPM '60 TWY-LITE EVERY LITTLE WRONG ARIZONA COUNTRY BOPPER VG,8.00,0.0083
v1|198497354670|0,MERSEY BEAT  45 VOCAL BAND NATURALS I SHOULD HAVE KNOWN BETTER ( BEATLES SONG),5.00,0.0083
v1|168530510585|0,"Lot of  4 BRUCE SPRINGSTEEN   7"" / 45's w/ picture sleeves - instant collection!",14.95,0.0083
v1|158083602005|0,Merle Haggard - Lot Of 2 Vinyl LP's -Epic Live & Best Of The Best-EX/NM,3.75,0.0083
v1|366538934296|0,"Gloria Mann 45 ""Earth Angel / I Love You Yes I Do"" AU3",0.99,0.0082
v1|158076996086|0,The Best Of The Kendalls 1980 RCA Ovation Records Vinyl LP Country VG,4.00,0.0082
v1|137498243072|0,CLASSICAL ~ BACKHAUS ~ SCHUBERT ~ MANGEOT QUINTET  ~ HEAR ~ 78 RPM ~ X 6219,20.00,0.0082
v1|257618716791|0,Meet the Beatles by The Beatles* -Album Cover Only-- No Record--,7.99,0.0081
v1|298499132307|0,"Conway Twitty Talkin' 'Bout You/Country Twitty 7"" Vinyl 45 MCA MCA-40805 1974",2.00,0.0081
v1|127971526662|0,BEE GEES:The Best Of ATCO SD 33-292 LP 1969 VG-/VG,6.00,0.0081
v1|318572414110|0,Nikki Lane Signed All Or Nothin Vinyl LP Autographed Record Americana Country,9.99,0.0081
v1|318573036403|0,Charley Pride – Kiss An Angel Good Mornin 45 RPM VG+ 74-0550 1971 Folk / Country,2.00,0.0081
v1|158023288924|0,ROLLING STONES - MADE IN THE SHADE - ROLLING STONES RECORDS - REALLY NICE!!!,10.49,0.0080
v1|168531588635|0,Simply Red - The Right Thing/There's a Light 45 RPM Record,3.99,0.0080
v1|267725923588|0,Elvis Presley – Moody Blue / She Thinks I Still Care (RCA PB-10857) Play Tested!,4.99,0.0080
v1|178305983629|0,"Columbia 45 RPM Record, Roseanne Cash ,Closing Time ,Never Be You ,vg ",1.50,0.0080
v1|168530836370|0,Paul Revere & The Raiders-Kicks/Shake It Up-45 RPM-rock-vinyl-Columbia 4-43556,4.99,0.0079
v1|366538467513|0,The Beatles A Hard Days Night  /I Should Have Known Better 45 & Picture Sleeve,10.00,0.0078
v1|298493456933|0,PEE WEE KING ~TOP COUNTRY HITS ~1953 ~ 45 RPM ~ EP ~ RECORD  NM COVER EX,3.99,0.0078
v1|198487834083|0,Greatest Music Ever Sold CAPITOL Promo LP 1976 Various Comp Beatles Beach Boys,9.98,0.0078
v1|147432653831|0,Creedence Clearwater Revival Chronicle The 20 Greatest Hits 2x Lp Nm,19.99,0.0078
v1|206410823521|0,"Elvis Presley "" Hound Dog "" 45 with Jacket  { Please Read! }",3.25,0.0078
v1|227428453009|0,"Mistletoe and Memories 12"" Vinyl LP RCA 8372-1-R Country Christmas Holiday",3.22,0.0078
v1|127971103137|0,Jukebox 45 & Title Strip Michael Jackson I Just Can’t Stop Loving You Tested,2.49,0.0078
v1|188631699226|0,"BOB SEGER ""ROLL ME AWAY"" 45 PS",3.99,0.0078
v1|298499187248|0,"The Isley Brothers Love the One You're With/He's Got Your Love 7"" 45 TN 930",1.80,0.0078
v1|298499794723|0,"Gilbert O'Sullivan Alone Again (Naturally)/Save It 7"" Vinyl 45 MAM 45-3519",1.80,0.0077
v1|267725909394|0,"Lot of 67 Picture Sleeve Vinyl 45 RPM 7"" Records - 1977 to 1982 Mostly Promo",39.00,0.0077
v1|358788855100|0,"Kas 45 RPM Record,Bill Fleisher,Perrt County USA, The Arizona Yodel VG ",0.50,0.0077
v1|366538436553|0,Le Shok 7 Inch Vinyl 45 RPM Record Lot of 4,49.99,0.0077
v1|800340611735|0,45 RPM Majorettes TROY 100 White Levi's w/ PS M-,14.50,0.0077
v1|278175704155|0,STATLER BROTHERS THE BEST OF 33 1/3 RPM LONG PLAYING ALBLUM ,4.95,0.0076
v1|298500412465|0,HIGH SOCIETY Soundtrack LP Bing Crosby/Grace Kelly/Frank Sinatra),4.99,0.0076
v1|178305594562|0,Set of 4 Vintage Walt Disney 45 RPM Records Chip & Dale/Dumbo/Babes in Toyland,25.00,0.0076
v1|168531485412|0,RARE-RCA-PROMO ONLY -4-SIDED PICTURE SLEEVE+45-VARIOUS ARTISTS-JIM REEVES+OTHERS,59.99,0.0076
v1|800069859988|0,Lp Record 33 1/3 fleetwood mac/think about me 45 rpm lp size #853 warner bros,0.99,0.0076
v1|158077641000|0,"Lot Of 5 Disney 45 RPM Records: Song Of The South. Snow White, Cinderella",4.99,0.0075
v1|366538569094|0,"THE O'JAYS, NEPTUNE LABEL #22 45 RECORD",2.99,0.0075
v1|227428465462|0,"Columbia Nashville's Greatest Christmas Hits 12"" Black Vinyl LP AL 44412 33 RPM",3.20,0.0075
v1|366538607252|0,"THE EXCEPTION, CAPITOL PROMO LABEL #2046 45 RECORD",3.99,0.0075
v1|257618472693|0,1978 Animal House Original Motion Picture Soundtrack LP MCA-3046 John Belushi,4.99,0.0074
v1|800321845049|0,Elvis Presley - The Legendary Recordings Of Elvis Presley 6xLP Box - RCA SEALED,16.50,0.0074
v1|137506906451|0,Vintage 1960s RISQUE Records Autry Inman Adults Only 45 Record Nudist Marriage,0.99,0.0074
v1|298499166168|0,"Four Tops Until You Love Someone 7"" Vinyl 45 Motown M-1098",3.06,0.0074
v1|188631194924|0,Wholesale box lot of over 500 45 RPM records,125.00,0.0074
v1|188626187427|0,Rockabilly Country Bop 45 JOHNNY CASH What Is Truth COLUMBIA dj promo hear NM,4.00,0.0073
v1|168531598365|0,Bob Seger - Old Time Rock & Roll/Sunspot Baby 45 RPM Record,3.99,0.0073
v1|188632302962|0,THE POLICE • EVERY LITTLE THING SHE DOES; SHAMBELLE • A&M RECORDS 1981 45 RPM,2.32,0.0073
v1|117296976166|0,BEATLES AIN'T SHE SWEET / NOBODY'S CHILD  PROMO 45,79.00,0.0073
v1|168524990695|0,"CLASSICAL ~ PABLO CASALS ~ CELLO SOLO ~ GRANADOS ~ 12"" ~ HEAR ~ 78 RPM ~ X 6215",25.00,0.0073
v1|188631859091|0,Lot of 19 POP 1970's and 1980's 45 RPM Tiffany Bananarama Falco More,7.99,0.0073
v1|398167982857|0,David Allan Coe Columbia Greatest Hits of Country Blues LP Vinyl 1984 ,12.00,0.0072
v1|227423910643|0,Donna Summer - Greatest Hits Volume Two - LP- 1979,7.00,0.0072
v1|800321879163|0,ELVIS PRESLEY From Elvis In Memphis RCA LP SHRINK k,22.50,0.0072
v1|137494567037|0,BRAZILIAN ~ TANGO / POP ~ JOSE M. LUCCHESI ~ HEAR ~ 78 RPM ~ 6192,20.00,0.0072
v1|366538565228|0,The Everly Brothers 45 RPM - Love Her/The Girl Sang... - Warner Bros PROMO 1963,2.31,0.0071
v1|227428553555|0,Miss Frankie Nolan I Still Care / Summer All Year 'Round 45 VG+ Soul 45-10231,7.99,0.0071
v1|267725991021|0,THE WHO Who's Next LP MCA Records MCA-2023,8.95,0.0071
v1|168522329092|0,ROMANIAN ~ GREAT CAMBAL SOLO ~ TRAD. VIRTUOSO ~ HEAR ~ 78 RPM ~ 6189,75.00,0.0071
v1|257618736994|0,DAVID BOWIE David Live At The Tower Philadelphia 2 LP RCA CPL2-0771 Gatefold ,19.95,0.0071
v1|137506860314|0,David Bowie Narrates Prokofiev’s Peter and the Wolf RCA ARL-2743 Red Seal Vinyl,26.00,0.0071
v1|168535967902|0,Soul 45 rpm Lot Of 10,9.99,0.0071
v1|137495242558|0,AZERI / AZERBAIJAN ~ TRAD. FOLK W. TAR ~ GREAT ~ USSR ~ 78 RPM ~ HEAR~ X 6251,125.00,0.0071
v1|407068034778|0,The Byrds Greatest Hits Lp,6.99,0.0071
v1|168522538077|0,BULGARIAN ~ TRADITIONAL FOLK GROUP WITH FEMALE VOCAL ~ HEAR ~ 78 RPM ~ HX 6235,50.00,0.0071
v1|307058918995|0,"Cher - Half-Breed / Melody 7"" Vinyl Single 1973 MCA Records Pop 45 RPM",6.99,0.0071
v1|168531647530|0,Peter Schilling - Major Tom (English and German Versions) - 45 RPM Record,3.99,0.0070
v1|366538565818|0,Gene Vincent 45 RPM - Story Of The Rockers/Pickin' Poppies - Forever FR6001 1969,1.51,0.0070
v1|137507423457|0,ELVIS PRESLEY 45 447-0651 JOSHUA FIT THE BATTLE/KNOWN ONLY TO HIM NMMT IMMACULAT,157.50,0.0070
v1|188626187431|0,Country Bopper Teen 45 VAN TREVOR Sunday Morning / You've Been So Good DATE hear,3.00,0.0070
v1|407068093690|0,"THE FALCONS, UNITED ARTISTS LABEL #255 45 RECORD",3.99,0.0070
v1|298492238449|0,Junior Denby 1959 DOO WOP 45 With This Ring / I’m Still Lonesome KING DJ M- HEAR,35.00,0.0069
v1|178305607091|0,Lot of 5 Jimmy Buffett 45's,6.00,0.0069
v1|257618702389|0,"Vintage Vinyl LPs:  Johnny Cash, Statler Bros., Willie Nelson/Leon Russell",15.00,0.0069
v1|327258675703|0,"The Acorns 45 ""Angel / I'm Gonna Stick To You"" AU4",0.99,0.0068
v1|178300362307|0,Melodic Teen Country 45 HANK COCHRAN If She Could See Me / Just For BOONE promo,3.00,0.0068
v1|188631699220|0,"NEIL YOUNG ""ONLY LOVE CAN BREAK YOUR HEART"" 45 RPM",3.99,0.0067
v1|178304855827|0,"Juan Salvador -Viejo Ladron De Sueños- MEXICAN 7"" 45 RPM SINGLE RARE",4.99,0.0067
v1|137494581054|0,PORTUGESE ~ CORINA FREIRE ~ POP MUSIC ~ HEAR ~ 78 RPM ~ 6193,20.00,0.0067
v1|366538449456|0,The Beatles Yesterday Act Naturally 45 Picture Sleeve Capitol 5498 EX VG,10.00,0.0067
v1|257618482360|0,Bee Gees Gold Volume One LP Vinyl Record 1976 RSO RS-1-3006 Greatest Hits,3.99,0.0067
v1|137495638760|0,TURKISH ~ TURKU POP FOLK~ ABDULLAH YUCE  ~ 78 RPM ~ HEAR~ X 6230,15.00,0.0066
v1|168531593607|0,The Beatles – Four By The Beatles EAP-1-2121 Scranton Pressing,60.00,0.0066
v1|327258675702|0,"The Chiffons 45 ""One Fine Day / Why Am I So Shy"" AU4",0.99,0.0066
v1|137494907849|0,NAPAL S. ASIA ~ TRADITIONAL INSTRUMENTAL MUSIC ~  ~ HEAR ~ 78 RPM ~ HX 6238,75.00,0.0066
v1|298499986907|0,Ben Bernie Orchestra.  Oh! What A Thrill / Who's Your Little Who-zis,6.00,0.0065
v1|407068084930|0,"JIMMY BOYD, CAPITOL LABEL #4967 45 RECORD",3.99,0.0065
v1|298499154889|0,"John Denver – I'm Sorry / Calypso - 1975 45 rpm 7"" Single Vinyl Record PB-10353",1.40,0.0065
v1|198493481200|0,"Bruce Springsteen Dancing In The Dark 7"" 45 RPM Single Columbia 1984 38-04463",2.21,0.0064
v1|257618485239|0,Beatles Got to Get You Into My Life/Helter Skelter 45,5.00,0.0064
v1|236933983048|0,Lot (30) Rock & Classic Rock Vinyl Records; The Who Zeppelin AC/DC McCartney Yes,53.00,0.0063
v1|366538668886|0,"RONNIE & THE DIRT RIDERS, RCA LABEL #10651 ONLY ROCK 45 RECORD",3.99,0.0063
v1|137498196228|0,"CLASSICAL ~  BRAHMS ~ BJORLING MERRILL OPERA ~ 12"" ~ HEAR ~ 78 RPM ~ X 6211",20.00,0.0063
v1|398168020735|0,"(NM) Frank Sinatra's ""Greatest Hits"" 12"" Reprise FS 1025 Vinyl record Album",14.99,0.0063
v1|198493574459|0,Herb Alpert And The Tijuana Brass Greatest Hits Album ,9.99,0.0062
v1|327258679476|0,"Billie & Lillie / Billy Ford & The Thunderbirds 45 ""La Dee Dah/ The Monster"" AU4",0.99,0.0062
v1|366539010081|0,1952 RCA Walt Disney Book and 78 rpm Record Set Walt Disney's PETER PAN Driscoll,29.00,0.0062
v1|168522557927|0,ROMANIAN ~ PAN PIPES SOLO ~ TRAD. FOLK ~ FANICA LUCA  ~ HEAR ~ 78 RPM ~ X 6239,100.00,0.0062
v1|366538519976|0,"TINY TIM & THE GLOOMCHASERS, BROKEN RECORDS LABEL #001 45 W/ PICTURE SLEEVE",5.99,0.0061
v1|198493468964|0,"Bruce Springsteen Cover Me 7"" 45 RPM Stereo Vinyl Single Columbia 38-04691 1984",1.54,0.0061
v1|800329835324|0,"The Beatles - Hey Jude / Revolution Vintage 7"" Vinyl 45 RPM Record Single 1968",5.40,0.0060
v1|267726053847|0,Bob Dylan's Greatest Hits KCS 9463 LP Vinyl Columbia 1971 SEALED,3.25,0.0060
v1|358785725409|0,Jaws 2 Original Motion Picture Soundtrack Vinyl LP 1978 MCA-3045 John Williams,20.00,0.0060
v1|327258273794|0,"Gene Autry's Western Classics Columbia Records H1 78 RPM 1947 Country 10"" Vinyls",1.99,0.0060
v1|158077553961|0,Two Monkeys 45 RPM Vinyl Records I'm a Believer Pleasant Valley Sunday,2.00,0.0060
v1|168522458528|0,TURKISH ~ FOLK POP ~  SABITE TUR GULERMAN~ HEAR ~ 78 RPM ~ X 6229,20.00,0.0060
v1|137494762548|0,TURKISH ~ FOLK POP ~ SUZAN YAKAR  ~ HEAR ~ 78 RPM ~ X 6227,15.00,0.0060
v1|188631699221|0,"YARBROUGH & THE PEOPLES ""DON'T STOP THE MUSIC"" 45 RPM",2.99,0.0060
v1|137495309409|0,BRAZILIAN ~ MARIO GENNARI FILHO ~ACCORDEON & SLIDE GUITAR~ 78 RPM ~ HEAR~ X 6254,10.00,0.0060
v1|158077670620|0,[6] ANTIQUE / VINTAGE 78 RPM PATHE LABEL VARIOUS TITLES / RECORD COLLECTIBLES,6.99,0.0059
v1|278170596136|0,Rockabilly 45 Lonnie Barron (Miss Farm Boy) Teenage Queen 1956 Sage 45-R1212 VG+,24.45,0.0059
v1|407066799565|0,"Tommy McLain, Sweet Dreams/I Need You So, 45rpm, 1966 MSL Records 45-197",2.99,0.0059
v1|158080429181|0,The Romantics Talking In Your Sleep and I'm Hip 45 rpm vinyl record,3.00,0.0059
v1|407068218892|0,"THE ARCHIES, RCA  LABEL #5021 45 RECORD W/ PICTURE SLEEVE FROM GERMANY",3.99,0.0058
v1|407067877129|0,R.E.M. Stand UNPLAYED 45 rpm 7-27688 With PICTURE SLEEVE NrM,4.72,0.0058
v1|307058903284|0,LP- The Beatles: Meet The Beatles!  1964 Capitol T-2047 ,40.00,0.0058
v1|407068229002|0,"THE ARCHIES, KIRSHNER LABEL #5014 45 RECORD W/ PICTURE SLEEVE",3.99,0.0058
v1|168531745355|0,Jack Wagner - All I Need/Tell Him (That You Won't Go) 45 RPM Record,3.99,0.0058
v1|366538578469|0,Little Richard 45 RPM- Directly From My Heart/I'm Back - Modern 45xM 1022. 1966,0.49,0.0058
v1|358787792053|0,"Country Vinyl LP Record Lot 12"" Black Columbia Greatest Hits Norma Jean +",6.00,0.0057
v1|298499167139|0,"Michael Jackson You Can Cry On My Shoulder/Ben 7"" Vinyl 45 Motown M 1207F",2.17,0.0057
v1|188626187422|0,Classic Country 45 JOHNNY CASH I Promise You / Papa Was A Good COLUMBIA promo NM,4.00,0.0057
v1|336685152653|0,Fred MacMurray 1961 Flubber Song 45 RPM Promo 45 Walt Disney Buena Vista Records,14.99,0.0057
v1|800330617811|0,"David Bowie Rebel Rebel Queen Bitch Sorrow Amsterdam Vinyl  7"" 45 RPM Vinyl",9.99,0.0057
v1|178305903542|0,"The Best of '66 Volumne Two LP Album-Bennett,Conniff,Faith,Gorme,Goulet,Williams",4.99,0.0057
v1|137494247523|0,GREEK ~ REMBETIKA ~ SOTIRIA BELLO 66  TSITSANIS ~ HEAR ~ 78 RPM ~ 6374,40.00,0.0057
v1|358785914892|0,"ERA 45 RPM Record, Johnny Preston, Feel so Fine,Running Bear vg",1.00,0.0057
v1|267725851490|0,"BOBBY DARIN MACK THE KNIFE 7"" 45 rpm RECORD ATCO 45-6147",2.00,0.0056
v1|137498240138|0,"CLASSICAL ~ ELLY NEY SCHUBERT  STRUB HOELSCHER 5X 12"" SET ~ HEAR 78 RPM ~ X 6217",300.00,0.0056
v1|227428551915|0,Buddy Harold It Was Summer / Deborah Jean OR-BIT 1001 45 RPM Teen Rockabilly NM,7.99,0.0056
v1|178300362294|0,Hot MI Girl Country 45 PATSY SHAW Billy Adams Place / RANGER hear,6.00,0.0055
v1|188631699210|0,"STEVIE WONDER ""LIVING FOR THE CITY"" 45 RPM",3.99,0.0055
v1|366538714187|0,"CODY BRENNAN AND THE TEMPTATIONS, SWAN LABEL #4103 45 RECORD",3.99,0.0055
v1|178303508602|0,"Columbia LP Record, Various Artist. The Best of 66,Volume Two ",2.00,0.0055
v1|287456620821|0,The Beatles 45 Record I Feel Fine /She's A Woman Capitol 1964 LISTEN HERE,0.99,0.0055
v1|287456620821|0,The Beatles 45 Record I Feel Fine /She's A Woman Capitol 1964 LISTEN HERE,0.99,0.0055
v1|407067799131|0,"Wham! Featuring George Michael Careless Whisper Vinyl 7"" Columbia 45 RPM Instru…",8.99,0.0055
v1|267725960594|0,The Best of Great Songs With A Folk Country Accent Vinyl LP ,3.95,0.0055
v1|168522136610|0,GREEK ~ REMBETIKA INSTRUMENTAL SOLO  ~ GREAT  ~ HEAR ~ 78 RPM ~ 6375,10.00,0.0054
v1|188631699216|0,"STEVIE WONDER ""IF YOU REALLY LOVE ME"" 45 RPM",3.99,0.0054
v1|178306005564|0,"Capital 45 RPM 4 Record Set, Rodgers And Hammersteins,Oklahoma Soundtrack VG ",1.00,0.0054
v1|168522902770|0,MOLDOVIAN ~ TRADITIONAL FOLK BAND ~ 78 RPM ~ HEAR~ X 6256,30.00,0.0054
v1|168531634208|0,Squeeze - Hourglass/Wedding Bells - 45 RPM Record/,3.99,0.0054
v1|298499157976|0,"The Rolling Stones Honky Tonk Women/You Can't Always 7"" Vinyl 45 London 45-910",2.40,0.0054
v1|800330528082|0,"Prince And The Revolution Raspberry Beret 7"" 45 RPM Single Paisley Park 7-28972",4.49,0.0053
v1|327258382600|0,Barry Manilow 45 Record Copacabana 1978,0.01,0.0052
v1|168524968488|0,"CLASSICAL ~  GRIEG ~ WILLEM MENGELBERG  ~ 12"" ~ HEAR ~ 78 RPM ~ X 6212",20.00,0.0052
v1|137507286526|0,45 RECORD - THE PASSIONS - I ONLY WANT YOU Doowop ,5.50,0.0052
v1|407065993694|0,HEAR - Rare Country 45 - Jerry Walker - The Cattle Call - Darsa # 145,9.99,0.0052
v1|287457396576|0,Bob Dylans Greatest hits Tape,8.00,0.0051
v1|147432650798|0,Creedence Clearwater Revival Gold Greatest Hits portuguese import G+,3.99,0.0051
v1|377338569607|0,15 Classic Rock Vinyl LP Lot Led Zeppelin Police Who McCartney Beck Cream Zevon,99.99,0.0051
v1|137494258734|0,GREEK ~ FOLK INSTRUMENTAL ~ KYRIKIDES / SYRTIAN POLICAL ~ HEAR ~ 78 RPM ~ 6376,65.00,0.0051
v1|407068105971|0,"ELVIS PRESLEY, RCA LABEL #7506 45 RECORD W/PICTURE SLEEVE, ORIGINAL 1959",7.99,0.0051
v1|206410278971|0,1980 OLIVIA NEWTON JOHN / XANADU--VINYL 45 RPM RECORD,9.99,0.0051
v1|287457309261|0,Chuck Mangione - Give It All You Got & B'Bye 45 Record 1979 A&M,2.49,0.0051
v1|168531786290|0,Yello - Oh Yeah 45 RPM Record,3.99,0.0051
v1|168525096761|0,GREEK ~ POP REMBETIKA ~ MITSAKIS / ALDOPOULOS ~ HEAR ~ 78 RPM ~ 6380,20.00,0.0050
v1|800329643642|0,The Beatles Yesterday APPLE ALL RIGHTS 45,20.00,0.0050
v1|137494887526|0,ARMENIAN ~ TRADITIONAL ORCHESTRA MUSIC  USSR LABEL ~ HEAR ~ 78 RPM ~ HX 6236,25.00,0.0050
v1|168525153611|0,GREEK ~ REMBETIKA ~ STAVROS TZOUANAKOS / MEIMARI ~ HEAR ~ 78 RPM ~ 6385,65.00,0.0050
v1|168525356164|0,GREEK ~ REMBETIKA ~ KALLERG / ANISTOPOULOU ~ HEAR ~ 78 RPM ~ 6394,30.00,0.0050
v1|137498608691|0,GREEK ~ REMBETIKA ~ PASTRAS ~ HEAR ~ 78 RPM ~ 6391,30.00,0.0050
v1|137498462654|0,GREEK ~ REMBETIKA ~ CHRYOIA PANTELIDIS  ZEYBEKIKO~ HEAR ~ 78 RPM ~ 6386,20.00,0.0050
v1|168525256701|0,GREEK ~ REMBETIKA ~ TATASOPOULOU ~ HEAR ~ 78 RPM ~ 6388,10.00,0.0050
v1|168525337804|0,GREEK ~ REMBETIKA ~  BISSIA / B. CHITSANI ~ HEAR ~ 78 RPM ~ 6393,8.00,0.0050
v1|137498613837|0,GREEK ~ REMBETIKA ~ ANIADIS / ZEIBER ~ HEAR ~ 78 RPM ~ 6392,8.00,0.0050
v1|137495103016|0,FRANCE ~ TRAD. FOLK BAND ~ REEDS NICE ~ COBLA CATALONIA ~ HEAR ~ 78 RPM ~ X 6242,50.00,0.0050
v1|168522678639|0,AZERI AZERBAIJAN ~ TRAD. VILLAGE FOLK GREAT ~USSR LABEL ~ HEAR ~ 78 RPM ~ X 6241,100.00,0.0049
v1|158083068112|0,David Bowie Fashion and Scream Like a Baby 45 rpm vinyl record,5.00,0.0049
v1|168525011208|0,CLASSICAL ~  TSCHAIKOWSKY ~ MALKO DANISCHES STAATS ~ HEAR ~ 78 RPM ~ X 6220,20.00,0.0049
v1|137498266582|0,CLASSICAL ~  TSCHAIKOWSKY ~ MISCHA ELMAN ~ HEAR ~ 78 RPM ~ X 6221,20.00,0.0049
v1|407067513453|0,"Motörhead – The Best Of #0482 3-12', 1-7""",59.65,0.0049
v1|287457279094|0,"Michael Jackson – Don't Stop 'Til You Get Enough & I Can't Help, 45 RPM Record",2.99,0.0049
v1|366538551515|0,"Guayacan Orquesta 45 RPM (VG+), Invierno En Primavera, Amor A Cuentagotas",14.99,0.0049
v1|178285495759|0,Lot Of 45 Vintage 45 RPM 7” Records In Original Sleeves,40.00,0.0048
v1|287457309746|0,ELVIS PRESLEY Elvis Presley EPA-747 1956 ROCKABILLY W VG++,19.99,0.0048
v1|178304838322|0,"Mike Laure Y Sus Cometas - ""No Llores / Veracruz"" MEXICAN 7""  45 RPM SINGLE G+",4.00,0.0048
v1|407072144158|0,45 RPM Contours GORDY 7052 Just a Little Misunderstanding / Determination VG++,4.92,0.0048
v1|168531704815|0,Thompson Twins -King For a Day/Rollunder 45 RPM Record,3.99,0.0048
v1|287457440012|0,"Pearl Jam - Vs. (30th Anniversary Edition) [ Vinyl LP] 45 Rpm, 180 Gram",29.00,0.0048
v1|137494731308|0,GREEK ~ KONISA ~ REMBETIKA KLARINET SOLO ~ BALKAN  ~ HEAR ~ 78 RPM ~ 6223,10.00,0.0048
v1|206411080515|0,Aerosmith Greatest Hits Vinyl LP 1980,4.95,0.0047
v1|358785878714|0,"Disneyland 45 RPM Record, Walt Disney Davy Crockett, and songs VG ",2.00,0.0047
v1|287456520301|0,Billy Ford and The Thunderbirds 45 RPM - La Dee Dah / The Monster HEAR IT HERE,0.99,0.0047
v1|178305377810|0,"GARY LEWIS AND THE PLAYBOYS SHE'S JUST MY STYLE 7"" 45 rpm RECORD LIBERTY 55846",2.00,0.0047
v1|168530867776|0,"Sweathog-Hallelujah/Still On The Road-45 RPM-7""-single-rock-vinyl-Columbia 45492",4.98,0.0047
v1|168525889379|0,WHAM FEATURING GEORGE MICHAEL-CARELESS WHISPER-45 RPM-POP-COLUMBIA 38-04691-PS-,8.00,0.0047
v1|168523089429|0,Linda Ronstadt - Greatest Hits (1976),4.99,0.0046
v1|318568478702|0,Bob Dylan - Greatest Hits LP - Columbia VG+ Poster,8.50,0.0046
v1|278176205179|0,Elton John “Greatest Hits”Vol. 2 MCA-3027 ENTIRE ALBUM IS EXCELLENT w/Booklet,12.00,0.0046
v1|236928335370|0,OST Rock & Roll 45 ELVIS PRESLEY Hard Headed... RCA VICTOR NM/VG++ red reissue o,8.00,0.0046
v1|168523097245|0,ARMENIAN ~ DUDUK W. VOCAL ~ TRAD. MUSIC ~ USSR LABEL ~ 78 RPM ~ HEAR~ HX 6264,35.00,0.0046
v1|158083147025|0,Devo Whip It and Girl U Want 45 rpm vinyl record,3.00,0.0045
v1|407068038340|0,Four Tops Greatest Hits Vol. 2 Lp,6.99,0.0045
v1|168522689659|0,ROMANIAN ~ VIOLIN SOLO ~ CLASSICAL VAIN ~ DINICU ~ HEAR ~ 78 RPM ~ X 6243,15.00,0.0045
v1|800340615000|0,45 RPM Looking Glass EPIC 10874 Brnady / One By One M-,5.00,0.0045
v1|398167612791|0,frank sinatra greatest hits vinyl lp,5.70,0.0045
v1|168531336708|0,The Beatles-Paperback Writer/Rain-45 RPM-pop-rock-Capitol 5651-vinyl-record-VG+,9.50,0.0044
v1|407072155677|0,45 RPM Coasters ATCO 6210 Just Like me / Bad Blood VG+,3.00,0.0044
v1|257618668782|0,"Van Halen - So This Is Love? - 45 RPM Promo 7"" Vinyl Picture Sleeve 1981 Warner",16.00,0.0043
v1|206410892766|0,Hank Williams Hank Williams' Greatest Hits MGM E3918/SE3918 Stereo Vinyl LP,3.78,0.0043
v1|227428639956|0,TOM PETTY & THE HEARTBREAKERS - GREATEST HITS (2016)  180 GRAM REPRESS 2xLp,27.99,0.0043
v1|407068064178|0,"ELVIS PRESLEY, RCA LABEL #8585 45 RECORD W/PICTURE SLEEVE, ORIGINAL 1965",8.99,0.0043
v1|366538563154|0,"ELVIS PRESLEY, RCA LABEL #0650 45 RECORD W/PICTURE SLEEVE, ORIGINAL 1965",7.99,0.0043
v1|198493720295|0,ELVIS PRESLEY 45 rpm w/PS sleeve RCA Victor 47-7968 Rock-A-Hula Baby/Can't Help,3.19,0.0043
v1|800340605337|0,45 RPM Pink Floyd COLUMBIA 77493 Astronomy Domine / take it back M-,3.00,0.0042
v1|117297906467|0,Creedence Clearwater Revival ~  Who'll Stop The Rain/ Travelin' Band ~ 45 Record,3.99,0.0042
v1|800068295078|0,Lp Record 33 1/3 jackson five/greatest hits #1891 motown records,7.85,0.0042
v1|178306002423|0,"Columbia 45 RPM 4 Record Set, Martin Pinza, South Pacific Broadway, VG ",1.00,0.0042
v1|137507528083|0,ALAN KNIGHT 45 Tide ‎– 45-T-007 Until I Know / Chills,15.99,0.0041
v1|188626187434|0,Superb Haunting Country 45 MARTY ROBBINS Ghost Train / Jimmy COLUMBIA hear EX NM,5.00,0.0041
v1|117298276178|0,MC5 vintage 45 vinyl record single Black to Comm picture sleeve rock & roll,9.00,0.0041
v1|257526249690|0,Lp Record 33 1/3 linda ronstadt/greatest hits #106 asylum records,0.99,0.0041
v1|336685039085|0,Vintage RCA Victor Columbia 78 RPM I Want a Hippopotamus for Christmas Record,10.00,0.0040
v1|168523078115|0,PEURTO RICAN ~ CUARTETO MAYARI ~ VICTOR 83924 ~ 78 RPM ~ HEAR~ X 6259,35.00,0.0040
v1|267726025943|0,CREEDENCE CLEARWATER REVIVAL GREATEST HITS 3 LP Warner Silver Eagle OP-3514,29.95,0.0040
v1|298500003995|0,Billy Joel Greatest Hits Vol I & II 2LP Vinyl Record Columbia C2 40121 VG+ Compl,10.99,0.0040
v1|137498208187|0,"CLASSICAL ~ SCHUBERT ~ WILHELM BACKHAUS ~ MANGEOT ~ 12"" ~ HEAR ~ 78 RPM ~ X 6213",20.00,0.0040
v1|287456531634|0,Peter Leshtchenko 78 RPM Columbia Lot Set 3 Russian ,10.00,0.0039
v1|407068206350|0,"THE HUBCAPS, KING'S RECORDS #0720 45 RECORD",2.99,0.0039
v1|168523083560|0,ARMENIAN ~ DRAMATIC ORCHESTRA WORK ~ USSR LABEL ~ 78 RPM ~ HEAR~ HX 6262,20.00,0.0039
v1|287457261650|0,Simon & Garfunkel - My Little Town / Rag Doll /You're Kind 45 RPM Record,2.89,0.0039
v1|137494801141|0,ARMENIAN ~ TRAD. MUSIC USSR LABEL  ~ HEAR ~ 78 RPM ~ HX 6232,25.00,0.0039
v1|168522908843|0,MEXICAN ~ LIDYA MENDOZA ~ FOLK ~ VOCTOR 82151 ~ 78 RPM ~ HEAR~ X 6257,75.00,0.0039
v1|278176207368|0,"Neil Diamond - Neil Diamond's ""Greatest Hits"" LP",4.79,0.0038
v1|800308727191|0,Vintage 45 RPM Vinyl Record Lot 1970’s 80s Pop Rock 48 45’s Singles Collection,19.97,0.0038
v1|137495066325|0,AZERI ~ AZERBAIJAN TRAD. FOLK ORCH. W CHOIR~ USSR LABEL ~ HEAR ~ 78 RPM ~ X 6240,65.00,0.0037
v1|227428289894|0,The Beatles Sealed 45 Record Hey Jude 1978,7.50,0.0036
v1|188626187433|0,Melodic Country Sinatra 45 HOMER & JETHRO Somethin Stupid / Roger Miller RCA wlp,4.00,0.0036
v1|398167248299|0,"Lot of 20 1970's 45 rpm records, various categories",7.50,0.0036
v1|168524998770|0,CLASSICAL ~ VERDI ~ LEITNER ~ NABUCCO  ~ HEAR ~ 78 RPM ~ X 6218,20.00,0.0036
v1|366538595526|0,"ELVIS PRESLEY, RCA LABEL #7150 45 RECORD W/PICTURE SLEEVE, ORIGINAL 1958",7.99,0.0036
v1|168522437988|0,MEXICAN ~ LOS PARAGUAYOS ~ BAND W. HARP AND VOCAL  ~ HEAR ~ 78 RPM ~ X 6225,30.00,0.0035
v1|267725567163|0,Vintage Children's 45 RPM Peter Pan & Golden Book Vinyl Album Lot Of 4,11.00,0.0035
v1|188631699212|0,"STEVIE WONDER ""FOR ONE IN MY LIFE"" 45 RPM",3.99,0.0035
v1|168531218175|0,THE BEACH BOYS-LLP-JUKE BOX-PICTURE SLEEVE  45-(BEST OF)--PS--PIC--SLV,39.99,0.0035
v1|168522333884|0,PORTUGESE ~ FADO ~ FERNANDA COUTINHO ~ HEAR ~ 78 RPM ~ 6191,75.00,0.0035
v1|137495201886|0,FRENCH ~ CHANSSON ~ LUCIENNE BOYER  ~ 78 RPM ~ HEAR~ X 6249,15.00,0.0034
v1|327259371696|0,Donna Summer – Last Dance / With Your Love 45 RPM Casablanca NB 926 Terre Haute,0.99,0.0034
v1|327259371696|0,Donna Summer – Last Dance / With Your Love 45 RPM Casablanca NB 926 Terre Haute,0.99,0.0034
v1|117297841987|0,Louis Armstrong - Greatest Hits (Columbia)  Sealed,19.99,0.0034
v1|137494677523|0,CLASSICAL ~ VIRTUOSO PIANO SIGRID GRUNDEIS ~ CHOPIN ~ HEAR ~ 78 RPM ~ 6198,20.00,0.0034
v1|147432746513|0,ELVIS PRESLEY 45 47-9747 CLEAN UP YOUR OWN BACKYARD/THE FAIR IS MOVING PRISTINE,16.50,0.0033
v1|137494813153|0,MACEDONIAN ~ INTRUMENTAL TRAD. FOLK BAND  ~ HEAR ~ 78 RPM ~ HX 6233,25.00,0.0032
v1|287456537399|0,Various Artists Russian 78 RPM Lot 5,10.00,0.0032
v1|327258053254|0,"1969 Country/Soul 45 - ELVIS PRESLEY ""In The Ghetto""/""Any Day Now"" RCA #9741",1.99,0.0032
v1|137494548558|0,SERBIAN ~ SMALL LABEL TRAD. FOLK BAND ~ POPOVIC ~ HEAR ~ 78 RPM ~ 6188,35.00,0.0032
v1|188631609231|0,Don Williams The Best Of Volume II LP. MCA Records.,2.99,0.0032
v1|188626187425|0,Country Bop Rockabilly 45 ROGER MILLER Dang Me / Got 2 Again SMASH hear NM,4.00,0.0031
v1|158077553561|0,ELVIS PRESLEY-RAREST GOLD STANDARD SERIES PICTURE SLEEVE+45--(ALL SHOOK UP)--PS-,125.00,0.0031
v1|198493476785|0,"Julio Iglesias & Diana Ross All of You 7"" 45 RPM Vinyl Single Columbia 38-04507",1.94,0.0030
v1|377337097493|0,The Beatles Come Together 45,10.00,0.0030
v1|168524984066|0,"CLASSICAL ~ RAFF ~ VASA PRIHODA ~ CAVATINE ~ 12"" ~ HEAR ~ 78 RPM ~ X 6214",20.00,0.0030
v1|168531623102|0,Carly Simon -Coming Around Again/Itsy Bitsy Spider - 45 RPM Record,3.99,0.0030
v1|298492164378|0,"The Beatles  - With The Beatles -  Australian Picture Sleeve PS 7"" EP",26.99,0.0030
v1|366538567388|0,"Paul Anka 45 RPM - Lonely Boy / Your Love - ABC Paramount 45-S-10,022  1959",4.23,0.0030
v1|318573832909|0,Lot of 20 Childrens/Various 45 RPM Vinyl Records Vintage Stories and Songs,4.99,0.0029
v1|800330434120|0,"Collection Lot Of 15, 7 In. 45 Beatles Records",19.95,0.0029
v1|198497999619|0,The Mikado by Al Goodman and His Orchestra 2 45 RPM Vinyl Record Set DR18,0.99,0.0028
v1|287457403094|0,Lot of (3) Peter Frampton 45 RPM Records - (1) With Picture Sleeve,4.69,0.0028
v1|336688914169|0,Large Lot Of Vintage 45 RPM Vinyl Records Various Artists Columbia Stax Cadence,9.99,0.0028
v1|158077765275|0,"Fleetwood Mac - Greatest Hits - Black color Vinyl 12"" record album single LP",17.75,0.0027
v1|800340575680|0,45 RPM Denims CAVORT 122332 Salty Dog w/ PS  VG,3.00,0.0027
v1|117298074454|0,Frank Sintatra 78 Rpm (2),7.50,0.0027
v1|168531629133|0,Kyu Sakamoto -Sukiyaki/Anoko No Namaewa Nantenkana - 45 RPM Record/,3.99,0.0027
v1|188631699213|0,"YES ""YOUR MOVE"" 45 RPM",2.99,0.0025
v1|158083011159|0,David Bowie 1984  45 rpm vinyl record,3.00,0.0022
v1|318568478699|0,Beatles - The Beatles' Story 2xLP - Capitol SEALED,14.50,0.0021
v1|188631699224|0,"TIMI YURO ""HURT"" 45 RPM",2.99,0.0020
v1|178304813529|0,"Billy Ocean - ""Loverboy"" 45 RPM Record w/ Picture Sleeve",1.50,0.0019
v1|267727807387|0,"THE BEATLES / ROLLING STONES 45 RECORDS (8) - LONDON, TOLLIE, VJ, CAPITOL",32.11,0.0016
v1|178303372791|0,"Frank Ifield - ""I Remember You"" - 45 RPM",1.00,0.0014
v1|287457309302|0,Fleetwod Mac - Don't Stop with Never Going Back Again - 45 RPM Record,2.99,0.0013
v1|147432916708|0,Bernadette The Slosh/Silver Platter 45 RPM,5.00,0.0010
v1|198480886083|0,ELVIS Presley 15 Records 45 rpm,16.00,0.0008
