ebay_id,ebay_title,price,keeper_score
v1|366586447875|0,John Coltrane Lush Life 1961 OG w/  Donald Byrd DG Mono RVG Prestige LP,36.00,0.9977
v1|366586457209|0,Miles Davis All Stars Walkin' 1957 OG DG Mono Hand Etched RVG Prestige LP,12.50,0.9934
v1|257655254337|0,Art Blakey Indestructible NM! 1st Shrink Mono NY Lee Morgan Blue Note lp,47.00,0.9933
v1|257653846556|0,Art Blakey A Night In Tunisia 1st Promo VG+ W63 Ear Jazz Messengers Blue Note lp,103.50,0.9914
v1|377389406632|0,MCCOY TYNER EXTENSIONS LP 1ST BLUE NOTE 1972 SPIRITUAL JAZZ VINYL ALICE COLTRANE,10.00,0.9900
v1|178375198445|0,The 3 Sounds Here We Come Blue Note 4088 Mono RVG NY Plastylite Ear VG-VG+/ EX,20.00,0.9883
v1|366577517907|0,LEE MORGAN Self Titled BLUE NOTE BLP-1557 LP NM mono japan reissue w/ insert o,15.50,0.9882
v1|257653675033|0,Lee Morgan Cornbread Superb NM-! 1st Mono NY Herbie Hancock Blue Note lp,89.00,0.9849
v1|178375202413|0,The 3 Sounds Hey There Blue Note 4102 Mono RVG Plastylite Ear NY VG+/EX,25.00,0.9849
v1|377389356486|0,JIMMY SMITH The Sermon! LP BLUE NOTE BST 4011 US 1962 NY Lee Morgan Art Blakey,6.50,0.9847
v1|257653646833|0,Larry Young Unity NM! Mono NY RVG Joe Henderson Elvin Jones Blue Note lp,117.50,0.9843
v1|147478753985|0,The Velvet Underground & Nico Self-Titled 1968 Verve Records V6-5008 Andy Warhol,30.00,0.9840
v1|257655503112|0,Wayne Shorter Adam’s Apple Clean NM- 1st RVG Liberty Herbie Hancock Blue Note lp,275.00,0.9838
v1|206462527541|0,Donald Byrd - Places And Spaces LP - Blue Note Shrink,10.00,0.9830
v1|318661014227|0,LEE MORGAN City Lights BLUE NOTE LP VG++ mono japan reissue w/ insert & obi o,28.88,0.9825
v1|147478907500|0,(RARE) CLEAR LIGHT PSYCH ROCK ELEKTRA STEREO 74011 ORIGINAL AUSTRALIA (HEAR!),44.99,0.9825
v1|800440111108|0,SONNY ROLLINS Self Titled BLUE NOTE BN-LA401-H2 2XLP gatefold o,8.00,0.9823
v1|257655241690|0,Art Blakey Free For All EX! Mono NY Curtis Fuller Wayne Shorter Blue Note lp,15.50,0.9821
v1|257657413576|0,Sonny Rollins Tour De Force EX! 1st W50 DG Prestige Lp Kenny Drew Max Roach,113.50,0.9815
v1|257653692315|0,Lee Morgan The Sidewinder NM! Orig 1964 Mono Ear Joe Henderson Blue Note lp,127.50,0.9800
v1|257655275444|0,Art Blakey Mosaic EX! Orig 1962 Mono NY Ear 4090 Freddie Hubbard Blue Note lp,9.99,0.9790
v1|198543116288|0,"DISPOSABLE HEROES OF HIPHOPRISY - TELEVISION THE DRUG OF THE NATION 12"" US 1991!",7.98,0.9789
v1|278241253596|0,John Coltrane Pharoah Sanders Live In Seattle ABC Impulse 2 LP 1971  1st Press.,20.00,0.9782
v1|407088977145|0,FRIJID PINK • Defrosted 1970 LP RARE Psych LISTEN VG++,20.50,0.9782
v1|178375188518|0,The 3 Sounds Feelin' Good Blue Note 4072 Mono Plastylite Ear RVG NY VG+/EX,25.00,0.9781
v1|366585979272|0,Max Roach & Clifford Brown Brown & Roach Incorporated 1955 DG Mono Emarcy LP,14.50,0.9781
v1|318661028838|0,BENNIE GREEN Soul Stirrin' BLUE NOTE LP mono w 63rd RVG ear deep groove o,30.76,0.9780
v1|336722394497|0,SPIRITUAL JAZZ LP Harold Land - A New Shade of Blue MAINSTREAM - RARE OG,4.99,0.9779
v1|366577516499|0,HORACE PARLAN Speakin' My Piece BLUE NOTE LP VG+ japan 1991 reissue w/ insert o,11.00,0.9778
v1|366577506742|0,PHAROAH SANDERS Deaf Dumb Blind ABC/IMPULSE LP gatefold o,14.50,0.9768
v1|257657414406|0,Sonny Rollins Saxophone Colossus EX! 1st DG W50 Prestige Lp Tommy Flanagan,1999.00,0.9765
v1|278241908200|0,Damascus-Caught In The Middle 1984 Christian/Psych/Rock-Private Press,19.99,0.9763
v1|366577517959|0,LEE MORGAN Indeed! BLUE NOTE LP mono UA o,26.00,0.9752
v1|366585990316|0,The Magnificent Thad Jones 1956 OG Lexington DG Mono RVG Ear 1527 Blue Note LP,191.50,0.9745
v1|398251046367|0,YUSEF LATEEF Suite 16 ATLANTIC Dope! |  Eastern Jazz | Psych | Samples  LP HEAR,9.99,0.9744
v1|800440147675|0,LEE MORGAN SEXTET Self Titled BLUE NOTE BLP-1541 LP VG++ mono japan w/ insert o,9.50,0.9723
v1|257655223301|0,Art Blakey at Jazz Corner Of The World EX! W63 Ear Vol 1 4054 Blue Note lp,9.99,0.9721
v1|257650261512|0,Electric Six ‎– FIRE XL Recordings ‎– XLLP 169 UK 2003 ORIGINAL PRESSING,200.00,0.9713
v1|257655469891|0,Donald Byrd at Half Note Cafe Superb NM! W63 Ear Vol 1 2 4060 4061 Blue Note lp,450.00,0.9698
v1|366574825669|0,Andwella People's People OG Psych on Dunhill,16.50,0.9684
v1|257655215241|0,Lou Donaldson Light Foot Plays EX! Rare 1st W63 DG Mono Blue Note lp,34.33,0.9668
v1|307102553326|0,RARE '69 og (CONNY PLANK) = CREEPY JOHN THOMAS =HEAVY COSMIC ACID BLUES PSYCH =,149.98,0.9665
v1|318661016053|0,LOU DONALDSON Blues Walk BLUE NOTE LP mono w 63rd RVG ear deep groove o,76.00,0.9659
v1|398251044833|0,ART BLAKEY And His Jazz Messengers IMPULSE A 7 | Mono | Orange |  LP HEAR,20.50,0.9640
v1|366585971656|0,Clifford Brown & Max Roach Study In Brown w/ Harold Land DG Mono Emarcy LP,9.50,0.9629
v1|188732361784|0,Modern Soul Boogie - Together Opposition - T.O.P - Funk Electro Disco Synth Rare,15.50,0.9620
v1|318664778103|0,SKID ROW - SLAVE TO THE GRIND LP - 1991 OG - UK & EUROPE - ATLANTIC - RARE!!,49.99,0.9614
v1|257655501970|0,Lou Donaldson Blues Walk VG++ 1st DG W63 Ear 1593 Stereo Blue Note lp,299.00,0.9610
v1|257655189374|0,Kenny Dorham Trompeta Toccata NM! 1st NY Ear Mono Joe Henderson Blue Note lp,86.00,0.9605
v1|318661014398|0,LEE MORGAN The Sidewinder BLUE NOTE LP stereo NY van gelder ear o,14.50,0.9603
v1|366577507769|0,MAX ROACH Max ARGO LP-623 LP mono o,8.00,0.9599
v1|257657775957|0,Red Garland Soul Junction Clean NM! 1st DG Prestige Lp John Coltrane Donald Byrd,499.00,0.9593
v1|236980204500|0,"Hello People-Fusion Philips 1968 psychedelic folk, jazz, rock",7.99,0.9572
v1|257655441880|0,Donald Byrd Fuego EX! READ! Stereo 1st DG W63 Ear Jackie McLean Blue Note lp,93.00,0.9560
v1|257654116511|0,Bennie Green Soul Stirrin’ Plays EX! 1st No R W63 Sonny Clark Blue Note lp,72.00,0.9557
v1|257654116511|0,Bennie Green Soul Stirrin’ Plays EX! 1st No R W63 Sonny Clark Blue Note lp,72.00,0.9557
v1|318660975891|0,MAX ROACH Drums Unlimited ATLANTIC LP mono gatefold o,8.00,0.9555
v1|257654133009|0,Andrew Hill Judgment 1st DG NY Ear Bobby Hutcherson Elvin Jones Blue Note lp,34.33,0.9553
v1|366576655160|0,The Mandrake Memorial S/T LP OG Psych on Poppy,9.99,0.9548
v1|366585975040|0,Donald Byrd Electric Byrd w/ Pepper Adams Duke Pearson Van Gelder  Blue Note LP,24.50,0.9544
v1|227457594678|0,Miles Davis All Stars  1st DG 7034 Milt Prestige lp RVG,9.99,0.9544
v1|147478997075|0,"(RARE) PSYCH ROCK THE UNDERDOGS PIG, MANN & EDWARDS PYE 109 NEW ZEALAND (HEAR!)",124.99,0.9535
v1|366576701525|0,Art Blakey Orgy in Rhythm LP 1958/59 Blue Note 1554,15.50,0.9532
v1|257653155372|0,Eric Dolphy – Out There US MONO RVG Vinyl LP VG+/EX New Jazz,9.50,0.9527
v1|287499138996|0,Art Hodes And His Blue Note Jazzmen – Dixieland Jubilee Blue Note 7006 DG Ear,29.00,0.9525
v1|257654068854|0,Jimmy Smith The Sermon EX! Rare! 1st No R W63 Lee Morgan Blue Note lp,63.00,0.9523
v1|257655118215|0,Andrew Hill Compulsion 1st NY Mono Freddie Hubbard Cecil McBee Blue Note lp,28.11,0.9514
v1|318660975543|0,SONNY ROLLINS Worktime PRESTIGE LP van gelder textured cover o,8.00,0.9510
v1|398251055310|0,LEE MORGAN Charisma BLUE NOTE BST 84312 | Van Gelder | Jazz | Soul | LP HEAR,12.50,0.9509
v1|366577527538|0,CURTIS FULLER Bone & Bari BLUE NOTE LP NM mono japan 1983 reissue w/ insert o,20.62,0.9503
v1|366577536397|0,GENE HARRIS & HIS THREE SOUNDS Elegant Soul BLUE NOTE LP o,22.50,0.9479
v1|318672012666|0,Bobby Caldwell - S/T LP - Clouds Yellow Wax VG+,30.00,0.9477
v1|800440110246|0,PHAROAH SANDERS Thembi ABC/IMPULSE LP gatefold o,10.50,0.9458
v1|318660974385|0,PHAROAH SANDERS Tauhid ABC/IMPULSE LP gatefold o,9.50,0.9458
v1|398243407574|0,Kenny Burrell w/ Art Blakey-On View at The 5 Spot– Blue Note 4021 – 1972 UA Mono,45.00,0.9457
v1|168583870568|0,Chi-Lites-A Letter To Myself-Original 1973 Brunswick Gatefold Cover Vinyl LP,7.75,0.9456
v1|287499649247|0,MILES DAVIS - COOKIN' 1958 PRESTIGE RECORDS MONO SECOND PRESS PR 7094 NJ RVG DG,69.69,0.9447
v1|188730512287|0,Funk Soul - Donny McCullough Lonely Lady Disco Dance - EMC - Rare Private Press,9.99,0.9431
v1|257653167680|0,Eric Dolphy Quintet – Outward Bound 1960 US FIRST PRESS RVG DEEP GROOVE VG/VG+,10.50,0.9431
v1|800454443610|0,Admas - Sons Of Ethiopia LP - African Heritage - Rare Afro Boogie Synth OG VG+,680.00,0.9430
v1|307107198935|0,"RARE - RE  UK 1969 ""BREATHE AWHILE"" ~ ARCADIUM ~ ""MONSTER"" PROG PSYCH ACID FLOYD",74.98,0.9427
v1|366581690774|0,New York Dolls Too Much Too Soon Vinyl Record 1974 Mercury Pressing Punk Glam,40.00,0.9414
v1|206462527513|0,Bobby Caldwell - Cat In The Hat LP - Clouds PROMO,8.00,0.9391
v1|257654948041|0,Art Blakey At Jazz Corner of World NICE! W63 DG Vol 1 2 4015 4016 Blue Note lp,89.00,0.9389
v1|206462527509|0,Bobbi Humphrey - Fancy Dancer LP - Blue Note,9.00,0.9369
v1|257657461017|0,Andrew Hill Black Fire SUPERB! 1st NY Mono Ear Joe Henderson Blue Note lp,599.00,0.9353
v1|800440149147|0,CHARLES MINGUS Mingus Mingus Mingus Mingus Mingus ABC/IMPULSE LP VG+ gatefold o,12.00,0.9336
v1|800440147750|0,LEE MORGAN Cornbread BLUE NOTE LP VG+ stereo UA van gelder o,11.25,0.9334
v1|800440147487|0,LEE MORGAN Charisma BLUE NOTE LP van gelder gatefold o,16.50,0.9332
v1|336726306880|0,VELVET UNDERGROUND White Light/White Heat STEREO LP 1968 Verve EAST COAST PRESS,199.00,0.9318
v1|800443916387|0,Roy Ayers Ubiquity - Vibrations LP - Polydor OG Press,8.00,0.9317
v1|318661056758|0,HERBIE HANCOCK Empyrean Isles BLUE NOTE LP VG+ stereo UA van gelder o,25.26,0.9315
v1|158147683280|0,"The Cure ""Faith"" Original 1981 Release, ST-E-60783",65.00,0.9303
v1|366577517717|0,ALPHONSE MOUZON Mind Transplant BLUE NOTE LP o,8.00,0.9300
v1|398251056721|0,JOHN COLTRANE Stardust PRESTIGE  OJC  902 | Jazz | LP HEAR,9.99,0.9289
v1|257651553434|0,Thelonious Monk Quartet – Misterioso 1958 US MONO First Press Deep Groove EX,26.77,0.9268
v1|236979694536|0,FACTORY RECORDS: Joy Division- Unknown 1st PRESSING TIP ON TEXTURED SLEEVE NICE!,211.00,0.9250
v1|800440149097|0,CHARLES MINGUS New Tijuana Moods BLUEBIRD 5635-1-RB 2XLP gatefold SEALED o,8.00,0.9246
v1|227462725643|0,Hard Meat - Self Titled S/T NM lp White Label Promo 1970 Psych Prog rock UK,15.50,0.9233
v1|800440111685|0,MAX ROACH M'Boom COLUMBIA LP o,9.50,0.9228
v1|158148020088|0,Bobby Hutcherson - Components - 1966 1st Press - Blue Note Records - BST 84213,200.00,0.9208
v1|366577512570|0,IKE QUEBEC Bossa Nova Soul Samba BLUE NOTE LP mono NY van gelder o,78.00,0.9193
v1|800452044825|0,Donald Byrd's Best - FIRST PRESS Vinyl Record BLUE NOTE LP Jazz Trumpet Vinyl NM,12.00,0.9191
v1|147472874955|0,THE SMITHS THE QUEEN IS DEAD 1986 SIRE RECORDS VG++ VINYL (HEAR!),41.00,0.9163
v1|178368482236|0,Eric Dolphy – Conversations LP On Clear Vinyl Free Modal Jazz Alto Saxophone,9.65,0.9160
v1|168584779015|0,"STEVE MANCHA~""HATE YOURSELF""~Orig. 1968~FUNK~SOUL~7'' 45rpm~VERY RARE~$$~VG+",9.99,0.9152
v1|336722560148|0,Dexter Gordon - The Other Side Of Round Midnight Vinyl LP - Blue Note BTC-85135,9.99,0.9116
v1|800463128746|0,The Velvet Underground and Andy Warhol  12” lot of 2 vinyl records / Import,14.99,0.9110
v1|178356488849|0,Ghostface Killah - Ironman - 2 x Vinyl LP - E2 67729 Original 1996 US Pressing,99.99,0.9104
v1|318661015319|0,MILES DAVIS Self Titled PRESTIGE PR-24001 2XLP VG+ gatefold o,8.50,0.9102
v1|227459426299|0,PHAROAH SANDERS Love Will Find A Way LP ARISTA Hyman Jazz-Funk Soul-Jazz,9.99,0.9090
v1|398253629648|0,Bobby Hutcherson / Natural Illusions / 1972 Blue Note BST 84416 Jazz-Funk,20.00,0.9089
v1|287499636228|0,SONNY ROLLINS East Broadway Run Down LP IMPULSE AS-9121 STEREO VAN GELDER 1966 ,19.99,0.9087
v1|366577523660|0,CHARLES EARLAND Living Black! PRESTIGE LP o,8.00,0.9084
v1|137578833434|0,"BRIT INDIE ROCK 12"" ""LOVERMAN"" WITNESS ( A & M 1991) UK PROMO ",6.00,0.9083
v1|198542923914|0,Adam and the Ants RARE B-Sides Picture Disc DO IT New Wave UK EX!,10.00,0.9081
v1|257651574706|0,Thelonious Monk Quartet – Thelonious In Action 1958 US MONO First Deep Groove,4.99,0.9051
v1|800440149012|0,BLUE MITCHELL Bring It Home To Me BLUE NOTE LP stereo NY van gelder o,15.50,0.9049
v1|800440153894|0,LOU DONALDSON Good Gracious! BLUE NOTE LP mono NY van gelder ear o,49.88,0.9046
v1|257651597231|0,"Thelonious Monk – Straight, No Chaser 1967 US MONO First Press Vinyl LP EX",9.39,0.9044
v1|117337479211|0,"FREDDIE HUBBARD Hub-Tones BLUE NOTE BLP 4115 12"" Vinyl Jazz LP 33 RPM",39.00,0.9041
v1|257651595759|0,Thelonious Monk – Criss-Cross 1963 US MONO First Press Vinyl LP VG+/EX,4.99,0.9037
v1|257653837842|0,Stanley Turrentine and Three Sounds Blue Hour W63/NY DG Ear 3 Blue Note lp,56.00,0.9035
v1|366586571799|0,"Lou Donaldson - The Natural Soul Vinyl - Mono, 1963 - US - BLP 4108 Blue Note",60.00,0.9034
v1|366577541599|0,BOBBY HUTCHERSON Components BLUE NOTE LP mono NY van gelder o,35.00,0.9023
v1|236979649536|0,FACTORY RECORDS: Joy Division- She's Lost Control FACUS2 1st PRESSING RTI,22.50,0.9021
v1|366577519217|0,MILES DAVIS Collector's Items PRESTIGE 2XLP VG+ gatefold o,8.50,0.9010
v1|366577508698|0,FREDDIE ROACH Brown Sugar BLUE NOTE LP stereo NY/Liberty van gelder o,9.50,0.8999
v1|366577516436|0,"JOE PASS The Complete ""Catch Me!"" Sessions BLUE NOTE LP VG+ o",15.01,0.8993
v1|287499138376|0,Art Hodes and His Chicagoans Best In 2 Beat - Blue Note LP 7004 DG Lex Ear,49.00,0.8989
v1|236980307855|0,The Ramones - End of the Century - Sire SRK 6077 1980 VG+,15.50,0.8986
v1|377394794487|0,"BEAUTIFUL *MINT* 1970 UK PYE ~ ""FIRE"" MAGIC SHOEMAKER ~ HOLY GRAIL PSYCH PROG LP",998.98,0.8975
v1|227459475069|0,The Cure - Invasion Of The Body Snatchers - VERY RARE Live 2 LPs,149.00,0.8955
v1|117337561155|0,CLIFFORD BROWN Lou Donaldson Memorial Album BLUE NOTE BLP 1526 LP 33 Deep Groove,75.00,0.8952
v1|188732368364|0,Modern Soul Boogie - Andre Lavonne Attitude - SOC - Funk Disco Electro Private ,10.50,0.8938
v1|178355328428|0,Britt Eklund-Imported cheesecake-picture disc-Do It to Me/Private Party-NM,25.00,0.8926
v1|168575853739|0,"KAJAGOOGOO U.K. IMPORT ALBUM ""WHITE FEATHERS"" LYRIC INNERSLEEVE 1982 EMI AMERICA",9.99,0.8915
v1|227462723579|0,Man - Do You Like it Here Now NM lp rare Prog Rock psych German Record,5.99,0.8913
v1|366577540300|0,BOBBI HUMPHREY Fancy Dancer BLUE NOTE LP o,13.50,0.8913
v1|147467396826|0,"The Cure Hot Hot Hot!!! 1988 US 12"" Vinyl Single 0-66783 Monarch OG Shrink - NR",17.00,0.8905
v1|318661054525|0,HERBIE HANCOCK Maiden Voyage BLUE NOTE LP stereo NY van gelder o,9.61,0.8897
v1|366577531493|0,HERBIE HANCOCK Speak Like A Child BLUE NOTE LP unipak o,21.50,0.8894
v1|800440149044|0,BLUE MITCHELL Boss Horn BLUE NOTE LP van gelder o,8.00,0.8879
v1|287499649172|0,Instant Funk - Self Titled Album (1979 Salsoul SA 8513 Stereo LP),4.99,0.8864
v1|257654094110|0,Jimmy Smith Bucket NM! 1st NY Mono RVG 4235 Blue Note lp,9.99,0.8863
v1|158137376254|0,"EA80 BOXHAMSTERS Rare Obscure Punk 7"" vinyl record BBX 012 Blackbox Germany",36.00,0.8861
v1|188732504310|0,Rock - Silver Apples - Kapp - 60’s Psych Punk Experimental Rare Classic,13.50,0.8860
v1|318660975669|0,SONNY ROLLINS Brass/Trio VERVE LP mono o,8.00,0.8857
v1|257651885414|0,"PROBLEMATIC Electrify Me HARLEQUIN 12"" NM/VG++ 2001 OG PROMO",5.00,0.8855
v1|318661014315|0,LEE MORGAN The Gigolo BLUE NOTE LP van gelder SHRINK o,31.00,0.8850
v1|267745846490|0,TRAMLINE-SOMEWHERE DOWN THE LINE 1968 ISLAND ILPS 9088 UK IST PRESS (eye)VG+/VG+,59.99,0.8847
v1|257662292249|0,BOOKER ERVIN Exultation! Prestige LP 7844 1972 Stereo Test Pressing Strozier ,59.99,0.8842
v1|318661055614|0,HERBIE HANCOCK Maiden Voyage BLUE NOTE LP stereo UA van gelder o,16.50,0.8831
v1|407113273839|0,"Rare Soul LP, Insert & Obi - V/A - Apollo Saturday Night - Atlantic- Japan Press",12.99,0.8827
v1|318661065121|0,GENE HARRIS Tone Tantrum BLUE NOTE LP o,12.50,0.8821
v1|287499142769|0,The Jazz Messengers at the Cafe Bohemia Volume 1 Blue Note BLP 1507 First Press,200.00,0.8820
v1|147479106614|0,"Dahmer / Undinism Bastards Split 7"" Vinyl 1995 Australia Grindcore Noisecore EX",48.00,0.8811
v1|137565090419|0,K.C. DOUGLAS K.C.'s Blues ORIG 1961 DG MONO Prestige Bluesville – BVLP 1023 RVG,9.99,0.8810
v1|366591410168|0,Miles Davis Kind of Blue 1959 Mono 1st Press 1D/1D Triple Misprint Errors VG+++,399.99,0.8803
v1|318661066742|0,HERMETO Self Titled COBBLESTONE CST-9000 LP o,37.00,0.8802
v1|336722425479|0,TEARS FOR FEARS-Songs from the big chair LP Vinyl 1985 Mercury EX/VG+,20.50,0.8798
v1|188730566738|0,New Wave - The Terminals Chinatown - Test Press - Rare Private Press Rock 80’s,9.99,0.8793
v1|257651804564|0,Mountain Man - S/T Self Titled PRIVATE PRESS Promo Folk Psych Mountainman,100.00,0.8779
v1|298554669906|0,SUSPIRIA GOBLIN DARIO ARGENTO VINYL Records Lot Of 2 Very RARE! Horror,125.00,0.8764
v1|800451591453|0,JOHN COLTRANE Alternate Takes ATLANTIC LP  G+,4.00,0.8763
v1|336721948445|0,FACTORY RECORDS: Joy Division- Closer LP SPANISH EDIGSA  1984 w/White Labels,12.50,0.8762
v1|318664077324|0,Starvue - Upward Bound LP - Midwest International Rare Modern Soul Disco OG VG+,255.00,0.8753
v1|178370435152|0,Rapeman Budd LP Steve Albini Shellac Big Black Touch and Go orig. pressing,29.99,0.8751
v1|178368498617|0,Grachan Moncur III - Evolution LP Blue Note Audiophile BST84153 Bobby Hutcherson,9.65,0.8745
v1|800440122209|0,DIZZY REECE Soundin' Off BLUE NOTE LP VG+ japan 1984 reissue w/ insert o,9.56,0.8745
v1|800440157580|0,CHARLES EARLAND Black Drops PRESTIGE LP o,8.50,0.8742
v1|318672012712|0,Digital Underground - Future Rhythm LP - Critique SEALED,22.50,0.8726
v1|366577517801|0,ALPHONSE MOUZON The Essence Of Mystery BLUE NOTE LP o,8.00,0.8724
v1|366577537998|0,JOE HENDERSON In Pursuit Of Blackness MILESTONE LP o,43.00,0.8719
v1|366585567180|0,Lou Donaldson Pretty Things 1971 OG w/ Blue Mitchell Idris Muhammad Blue Note LP,9.50,0.8719
v1|366577538169|0,ANDREW HILL Smokestack BLUE NOTE LP VG+ mono NY van gelder ear o,84.00,0.8717
v1|267745783459|0,Detroit Soul-Funk-Ray Weatherspoon- Start Sho Nuffin Very Rare Satan 45 VG wol,42.00,0.8716
v1|206457726661|0,"Nimbiss - Paradise 12"" - Shy-Backe - Rare Modern Soul Boogie OG Press HEAR",449.44,0.8713
v1|236979747273|0,"FACTORY RECORDS: New Order- Everythings Gone Green 1981 BENELUX 12"" FBNL8",10.00,0.8699
v1|366576624146|0,Stereolab The Free Design 4 Tr EP 1999 OG,11.50,0.8675
v1|257655100569|0,Andrew Hill Smokestack EX/NM! 1st Mono NY Ear Roy Haynes Blue Note lp,113.50,0.8667
v1|398251100490|0,VIRGINIA CULLOM  Love Note | Private | Miami | Disco? | LP | Original SEALED,9.99,0.8656
v1|188732757621|0,Lounge - Rollie Hudson The Melodic Touch - Rare Private Press Electronic Synth,9.99,0.8653
v1|800443916424|0,Underground Band - S/T EP - Spice - Rare Boogie Funk/Modern Soul VG+ HEAR,660.00,0.8651
v1|298531188943|0,Mariah Carey #1's  FIRST U.S. 2LP Vinyl Pressing Open/Unplayed Copy!,36.00,0.8646
v1|236980263171|0,"Tears for Fears Songs From The Big Chair LP Vinyl 12"" Rock Mercury 422 824 300-1",20.50,0.8634
v1|366577542055|0,BOBBY HUTCHERSON Waiting BLUE NOTE LP VG+ o,8.00,0.8631
v1|366577542055|0,BOBBY HUTCHERSON Waiting BLUE NOTE LP VG+ o,8.00,0.8631
v1|800443916343|0,"Myth - In Action 12"" - Rare Private Modern Soul Funk VG++ HEAR",212.50,0.8624
v1|366577537446|0,EDDIE HENDERSON Heritage BLUE NOTE LP VG+ o,26.26,0.8624
v1|178358387830|0,"801 Live Australian Vinyl Lp 1977  POLYDOR 2310510 Brian Eno,  Phil Manzanera",10.99,0.8622
v1|366577507327|0,MAX ROACH We Insist! - Freedom Now Suite AMIGO LP VG+ sweden 1972 reissue o,8.00,0.8616
v1|366577508353|0,MAX ROACH + 4 On The Chicago Scene EMARCY LP mono o,8.00,0.8615
v1|327292120211|0,RARE The Cramps Kizmiaz Red Vinyl French Release New Rose Records Punk LP,25.00,0.8613
v1|366577531841|0,HERBIE HANCOCK TRIO Self Titled CBS/SONY 25AP650 LP japan with insert o,9.50,0.8612
v1|318661028928|0,BENNIE GREEN Back On The Scene BLUE NOTE LP mono japan 1991 reissue o,18.50,0.8591
v1|377391713348|0,ART PEPPER + Eleven CONTEMPORARY 1960 Jazz LP VINYL Record ALBUM VG+ USED,38.36,0.8583
v1|366581855252|0,FIRST EDITION/KENNY ROGERS-2 PSYCH ROCK LP'S ON REPRISE,9.99,0.8566
v1|257655447608|0,Art Blakey Drum Suite NM-! 1st Promo Mono DG Columbia lp Sabu Candido Gigi Gryce,10.50,0.8557
v1|398251047959|0,ORNETTE COLEMAN Best Of ATLANTIC  | Avant | Free Jazz |  HEAR,9.99,0.8553
v1|398243483735|0,Adam F - Colours 1997 UK EMI F-Jams 2xLP + [ VERY RARE ] Original Shrink DnB VG+,59.99,0.8538
v1|318661064026|0,JOE HARRIOTT QUINTET Free Form JAZZLAND LP VG+ mono textured cover o,40.88,0.8518
v1|257655547863|0,Grant Green Grant’s First Stand EX! Shrink W63/NY DG Ear Blue Note lp,142.50,0.8517
v1|206457726693|0,Roy Ayers Ubiquity - Lifeline LP - Polydor OG Press VG+,17.50,0.8515
v1|366577524651|0,BILL EVANS/JIM HALL Intermodulation VERVE V-8655 LP mono textured gatefold o,10.50,0.8515
v1|257653821867|0,Jimmy Smith Groovin’ at Smalls Paradise 1 2 1st W63 DG 1585 1586 Blue Note lp,22.50,0.8494
v1|158147090598|0,Elvin Jones LP Mr. Jones Blue Note,10.00,0.8494
v1|366577523714|0,CHARLES EARLAND Black Talk! PRESTIGE LP SHRINK o,8.00,0.8492
v1|800440218079|0,BOBBI HUMPHREY Dig This! BLUE NOTE LP VG+ o,26.00,0.8485
v1|236979821303|0,CLUSTER & ENO 1977 LP Original German SKY RECORDS Quedlinburger Weg 42 Hamburg61,49.94,0.8482
v1|800440217309|0,FREDDIE HUBBARD Night Of The Cookers Vol. 1 BLUE NOTE LP stereo Liberty o,13.50,0.8476
v1|366577539120|0,FREDDIE HUBBARD Night Of The Cookers Vol. 2 BLUE NOTE LP stereo Liberty o,8.00,0.8476
v1|147479065838|0,Another Headache - Serendipity (2x7” 1994) LIMITED - CLEAR VINYL - RARE - OOP,25.00,0.8468
v1|800440217855|0,BOBBI HUMPHREY Satin Doll BLUE NOTE LP textured cover o,9.50,0.8466
v1|800440157838|0,CHARLES EARLAND Kharma PRESTIGE LP VG+ wlp o,8.00,0.8462
v1|407088972109|0,STEVE YOUNG • Rock Salt & Nails 1969 LP RARE Original LISTEN EX,19.99,0.8461
v1|257656137011|0,Thad Jones Mad Thad EX! Rare! 1st DG Period lp Elvin Tommy Flanagan,749.00,0.8459
v1|257655554104|0,Horace Parlan Up and Down Plays EX! 1st NY Ear Stereo Grant Green Blue Note lp,399.00,0.8454
v1|257653145482|0,Ornette Coleman – Change Of The Century 1960 US MONO Vinyl LP VG+,6.50,0.8445
v1|800440148645|0,THELONIOUS MONK Criss-Cross COLUMBIA LP 2-eye o,10.50,0.8441
v1|318661020035|0,BILL EVANS TRIO Portrait In Jazz RIVERSIDE RLP-12-315 LP mono o,180.50,0.8437
v1|366577530065|0,GRANT GREEN Born To Be Blue BLUE NOTE LP NM dmm audiophile with obi o,13.50,0.8431
v1|800440149121|0,CHARLES MINGUS Mingus Dynasty COLUMBIA SPECIAL PRODUCTS LP VG+ o,8.00,0.8422
v1|366577514105|0,PHARAOHS Awakening SCARAB LP original pressing o,54.88,0.8414
v1|366577514105|0,PHARAOHS Awakening SCARAB LP original pressing o,54.88,0.8414
v1|407117492257|0,"Mariah Carey ""Emotions"" R&B Hip Hop LP Columbia OG",8.50,0.8413
v1|800440182774|0,GRANT GREEN Live BLUE NOTE 2XLP gatefold o,36.00,0.8379
v1|366577538888|0,GROOVE HOLMES New Groove GROOVE MERCHANT LP o,9.50,0.8376
v1|128002372988|0,AFI The Art of Drowning LP 2000 US Nitro 158335-1 First Pressing VG/VG,69.99,0.8368
v1|800440141671|0,BIG JOHN PATTON Blue John BLUE NOTE LP VG+ 1986 reissue o,11.25,0.8361
v1|318661014947|0,"THELONIOUS MONK Straight, No Chaser COLUMBIA LP 2-eye o",10.50,0.8358
v1|377389407118|0,"RARE 1968 ORIG ● 1st SRC ~ HARD PSYCH GARAGE ● MC5, STOOGES, THIRD POWER, FROST",124.98,0.8358
v1|147483196674|0,Rare 1974 RUSTIC 2004 Funk Soul LP THE CHECKMATES LTD. F/S/O Near Mint Vinyl,19.99,0.8354
v1|358874727347|0,THE LEAVES Hey Joe MIRA LP,12.00,0.8350
v1|318661021048|0,BILL EVANS Alone VERVE LP textured cover SHRINK o,8.00,0.8348
v1|267742736214|0,Gene Clark -  No Other WHITE LABEL PROMO LP 1974 - Play Graded Near Mint,34.00,0.8331
v1|128008951389|0,BILL EVANS LP New Jazz Conceptions Riverside RLP 12-223 Mono 1958 Press Reissue,19.98,0.8331
v1|257653138499|0,Ornette Coleman – Tomorrow Is The Question! 1959 US MONO First Press Vinyl EX,4.99,0.8319
v1|278240674859|0,Charlie Palmieri. Latin Bugalu. Vinyl LP. Atlantic-SD 8166. 1968. 1st Press VG++,49.99,0.8318
v1|407088962335|0,MARK ERIC • A Midsummer's Day Dream 1969 LP RARE Original Revue 7210 LISTEN VG++,33.00,0.8317
v1|257653158893|0,Eric Dolphy – Out To Lunch! 1964 US MONO Press w/ EAR Van Gelder Vinyl VG+,26.00,0.8311
v1|158154886213|0,SOUL Maurice McAllister Baby Hang On I'd Rather Do It Myself Chess 1988 1967 VG+,10.00,0.8310
v1|168586044539|0,Miles Davis Round About Midnight Vinyl 1957 CL 949 6 EYE VG/VG Early,30.00,0.8291
v1|307107212004|0,SYD BARRETT - The Madcap Laughs NM LP 1973 UK Harvest Records SHVL 765 RE,74.99,0.8283
v1|407117493942|0,"Mariah Carey ""S/T"" R&B Hip Hop LP Columbia OG",9.49,0.8280
v1|358877108609|0,"EMI LP Record, Des O Connor, Careless Hands, VG ",1.00,0.8268
v1|318672012637|0,Barbara Lewis - Hello Stranger LP - Atlantic Mono VG+,8.00,0.8268
v1|188732299719|0,House - Aly Us Follow Me - Strictly Rhythm - 90’s Electronic Synth Funk Disco,9.99,0.8259
v1|198537909698|0,"ACID HORSE No Name, No Slogan 12” Ministry Cabaret Voltaire OOP RARE INDUSTRIAL",29.99,0.8259
v1|318660975697|0,SONNY ROLLINS A Night At The Village Vanguard BLUE NOTE LP VG+ stereo UA o,8.00,0.8249
v1|117337101143|0,Public Enemy Apocalypse 91 1991 US First Press with inserts! Rap Hip-hop 90's,45.00,0.8243
v1|366577529925|0,GRANT GREEN Solid BLUE NOTE LP VG+ 180g 1995 reissue o,29.00,0.8240
v1|188733444692|0,Spazz/Black Army Jacket Split 7” 1997 Dogprint Records PUPPY Gold Ltd Ed Rare,32.00,0.8240
v1|318661016171|0,LOU DONALDSON Midnight Creeper BLUE NOTE LP van gelder o,18.00,0.8231
v1|198542077241|0,TELEVISION ADVENTURE ELEKTRA 6E-133 MINT- LP,21.99,0.8230
v1|336722386542|0,"THIRD EAR BAND Alchemy/Harvest SHVL 756 (1969) EX/VG+, UK Import",4.99,0.8224
v1|800440196136|0,HERBIE HANCOCK Head Hunters COLUMBIA LP o,29.00,0.8201
v1|287494768588|0,ROY AYERS FEVER  JAZZ  12' LP 33RPM VG+,6.00,0.8197
v1|398242926134|0,LP 1968 Gene And Debbie Hear And Now EX shrink/EX Promo Labels,9.99,0.8187
v1|236979777578|0,"FACTORY RECORDS: New Order- Peel Sessions JAN 1981 Ltd. Ed. METALLIC FINISH 12""",22.50,0.8184
v1|198542482217|0,KILLING JOKE What’s THIS For…! Lp OG Press Jem Records cut corner promo KBD OOP ,49.99,0.8182
v1|800440147531|0,LEE MORGAN Live At The Lighthouse BLUE NOTE 2XLP van gelder gatefold o,8.50,0.8178
v1|257653150461|0,Ornette Coleman – Ornette On Tenor 1962 US MONO First Press Vinyl LP EX!,9.50,0.8166
v1|287503764640|0,WAILING WALL 2008 Rockadelic  Texas psych Rock LP,25.00,0.8163
v1|318664077236|0,Loni Gamble - S/T LP - Tracey Canada - Rare Boogie Funk VG+,305.00,0.8163
v1|800443916356|0,Pied Piper Of Funkingham - S/T LP - Chocolate Cholly's - Rare Boogie Funk OG VG+,125.00,0.8161
v1|366577517767|0,ALPHONSE MOUZON The Man Incognito BLUE NOTE LP VG+ o,8.00,0.8158
v1|147479214592|0,"Gut Pussyfied Assyfied 7"" EP 1995 Germany Pornogrind Goregrind NM/VG",35.00,0.8157
v1|358876987228|0,Psych Rock LP THE STATUS QUO Messages From Cadet Concept 1968 VG stereo press,6.12,0.8150
v1|366577528182|0,RED GARLAND TRIO/RAY BARRETTO Manteca PRESTIGE LP mono RVG deep groove o,15.50,0.8144
v1|178367550832|0,The Cure Just Like Heaven Lp 12in. — Sealed 1987 OG,60.00,0.8136
v1|257654111096|0,Bennie Green Blows His Horn VG+ 1st W50 DG lp Prestige Paul Chambers 7052,10.50,0.8134
v1|800454443702|0,DJ Muggs - Soul Assassins 3: Death Valley LP - Clear/Black Wax OG Press NM,23.50,0.8128
v1|257652086923|0,"ST. GERMAIN Sure Thing BLUE NOTE 12"" NM/VG++",5.50,0.8116
v1|358875846710|0,Beat Happening - Dreamy - Vinyl LP Sub Pop Records 1991 Original Pressing Indie,39.99,0.8110
v1|377389406578|0,"MINT 1968 PROMO ~ LINCOLN STREET EXIT ~ ""DRIVE IT"" ~ HARD WAH WAH GUITARS PSYCH",320.00,0.8104
v1|287499140723|0,MILT JACKSON THELONIOUS MONK Blue Note BLP 1509 Ear,225.00,0.8099
v1|398243407594|0,DIZZY REECE - BLUES IN TRINITY - 1995 Blue Note Limited Edition  180gr Re,25.00,0.8098
v1|147472786814|0,GABEIEL GLADSTAR GARDEN SONG 1973 PRIVATE FOLK PSYCH MADE IN CANADA (HEAR!),31.00,0.8096
v1|257653175437|0,Eric Dolphy With Booker Little – Far Cry 1962 US Press Vinyl LP VG/VG+ New Jazz,4.99,0.8092
v1|236980314710|0,"East Of Eden – New Leaf LP 1971 orig Prog Rock Rarity + Gatefold, UK Import VG+",30.00,0.8083
v1|318664077347|0,Twilight - Pains Of Love LP - Ross - Private Modern Soul Boogie VG++ Shrink,148.30,0.8082
v1|236979790172|0,"FACTORY RECORDS: New Order- Blue Monday 1983 FACTUS 10 US PROMO ONLY 12""",15.00,0.8082
v1|257657154791|0,inxs kick vinyl 1987,13.50,0.8076
v1|188743665728|0,Very Rare 1991 Beat Happening Dreamy  Shrink Wrap LP Sub Pop K Records M/NM,50.00,0.8076
v1|800440159083|0,DUKE ELLINGTON/CHARLIE MINGUS/MAX ROACH Money Jungle UNITED ARTISTS JAZZ LP o,20.50,0.8073
v1|236980787580|0,Thai Funk Grail Luk Krung Synth LP Jittima Chuanchai Thailand,100.00,0.8068
v1|168589136047|0,FUNK Charisma Bizwambi Roulette 7096 1971 EX PROMO,5.00,0.8058
v1|377389711540|0,AHMAD JAMAL Outertimeinnerspace LP IMPULSE! Post Bop Jazz,9.99,0.8057
v1|377394774706|0,"1973 VERTIGO ""Krautrock"" AGITATION FREE ""2nd"" ACID GUITARS HAMMOND PROG PSYCH",198.98,0.8051
v1|188734780673|0,"THE ART OF NOISE - PROMO SAMPLER 12"" Vinyl 1987 RECORD VAS 2841 NM",9.99,0.8042
v1|366577522408|0,ERIC DOLPHY The Berlin Concerts INNER CITY 2XLP VG+ gatefold o,8.50,0.8036
v1|800440111080|0,RENEE ROSNES Self Titled BLUE NOTE B1-93561 LP VG+ SHRINK o,8.00,0.8033
v1|318664077301|0,"Rome Jefferies - Good Love 12"" - Rain Rare Modern Soul Boogie OG Press VG+ HEAR",415.99,0.8028
v1|168584253907|0,"CLEA MARQUES Uma Voz, Samba e Orgao BRAZIL BOSSA NOVA GROOVE LP",20.00,0.8027
v1|398251059233|0,ROY AYERS UBIQUITY Mystic Voyage POLYDOR | Funk | Jazz | Samples | LP HEAR,9.99,0.8000
v1|188732315132|0,Modern Soul Boogie - Donna Lee Powers Limelight - Sunny - O.T Skyes Houston,9.99,0.7977
v1|366581884026|0,"GEORGE HARRISON All Things Must Pass Apple Records 12"" 33RPM Vinyl Box Set",28.00,0.7976
v1|800454443642|0,Bobbi Humphrey - Blacks And Blues LP - Blue Note,11.50,0.7974
v1|800443916344|0,"Nick Allen - Need More Time 12"" - T.I.M.E. Modern Soul Boogie OG Press VG+ HEAR",76.00,0.7969
v1|366577537168|0,HAMPTON HAWES TRIO Here And Now CONTEMPORARY OJC-178 LP VG+ o,8.00,0.7957
v1|287499748602|0,"L.V. JOHNSON - I GOT THE TOUCH LP RARE 1991 US ICHIBAN PROMO (WLP), FUNK SOUL",7.99,0.7954
v1|267739037874|0,Albert Lee 2 PROMO LP BUNDLE Speechless & Gagged But Not Bound - Play Near Mint,10.00,0.7951
v1|227459527913|0,"12"" VINYL RECORD by MADONNA ""SELF-TITLED"" (1983) ROCK, DANCE / SIRE 1-23867 VG+",9.99,0.7947
v1|257651849857|0,"POLARIS The Encryption Factor SONIC GROOVE 12"" 1996 techno",17.50,0.7927
v1|298553785488|0,"The Smiths How Soon Is Now? / Shakespeare's Sister 7"" 45 RPM Vinyl 1985 Sire",15.00,0.7915
v1|198542994220|0,"5150 - THE MUSIC IS BLENDED - Vinyl 12"" Single 1991 US Rare Miami Gangsta Rap!",7.98,0.7909
v1|257652068375|0,"SOFT CELL Tainted Love SIRE 12"" NM original US pressing",7.50,0.7909
v1|206457726646|0,Massiah - Seventh Heaven LP - Quality Canada Rare Modern Soul Boogie VG+ Shrink,172.50,0.7901
v1|227462726932|0,Hard Meat - Through a Window lp White Label Promo WLP Psych Prog Rock UK,11.50,0.7901
v1|128007719657|0,BEBU SILVETTI Spring Rain 1977 LP on Salsoul #SZS 5516 FUNK SOUL DISCO,9.99,0.7893
v1|158148086032|0,"Echo & The Bunnymen Ocean Rain Sire 12"" Black Vinyl LP 1-25084",30.00,0.7892
v1|318661020979|0,BILL EVANS/JIM HALL Undercurrent UNITED ARTISTS JAZZ LP textured gatefold o,38.00,0.7885
v1|117337339718|0,THE CHAMBERS BROTHERS New Generation 1971 LP Columbia #C 30032 PSYCH SOUL FUNK,9.99,0.7883
v1|336721984029|0,LP RARE LABELLE Moon Shadow  WB OG LABEL FUNK SOUL MINT-,19.95,0.7881
v1|398251055980|0,ELVIN JONES Genesis BLUE NOTE BST 84369   LP HEAR,9.99,0.7880
v1|267747775012|0,2 MARIAH CAREY LP RECORDS ~ EMANCIPATION OF MIMI GOLD VINYL / RAINBOW RED VINYL,36.00,0.7878
v1|206457726626|0,"Joe Coleman - Test Drive 12"" - F1 Team Italy Rare Boogie Funk OG Press VG++ HEAR",265.00,0.7870
v1|227462724565|0,Andwella - World's End lp Prog Country rock Gatefold psych,5.99,0.7867
v1|257651768911|0,"NORTH AMERICAN BUSH BAND N.A.B.B. NABB 12"""" NM/VG++ spiritual jazz funk HEAR",5.00,0.7865
v1|298553781831|0,Candle: The Birthday Party Album,0.99,0.7864
v1|128001012929|0,AFI Sing the Sorrow Red Vinyl LP Record 2003 1st US Pressing Translucent Red,140.00,0.7859
v1|318661016281|0,LOU DONALDSON Cosmos BLUE NOTE LP van gelder o,8.00,0.7851
v1|227459306943|0,VERY RARE Lotte Lehmann Farewell Recital in Santa Barbara ORIGINAL 2 Mono LPs NM,9.00,0.7850
v1|158147100056|0,Laraaji Brian Eno Ambient 3 2015 German Reissue OOP LP,70.00,0.7835
v1|398251037718|0,LEE DORSEY st STATESIDE  | UK | Funk Breaks | Northern Soul | R&B |  LP HEAR,15.00,0.7809
v1|257652086483|0,"ST. GERMAIN Rose Rouge BLUE NOTE 12"" NM/VG++",6.50,0.7790
v1|257653703397|0,Dizzy Reece Star Bright Plays NM-! 1st DG W63 Ear Hank Mobley Blue Note lp,610.00,0.7780
v1|257657415635|0,Miles Davis Bitches Brew 1987 Vinyl EX/NM 2 LP Masterpiece Series,14.49,0.7778
v1|257651888516|0,"PUBLIC ENEMY 911 Is A Joke DEF JAM 12"" VG++ SHRINK",5.50,0.7776
v1|366577539159|0,FREDDIE HUBBARD The Body & The Soul ABC/IMPULSE LP VG+ gatefold o,8.50,0.7773
v1|117337301099|0,"VELVET UNDERGROUND ~ ""LOADED""  1970 COTILLION 1841 Broadway NM PROMO DJ Copy WLP",140.50,0.7772
v1|206460375992|0,JIMI HENDRIX Isle Of Wight 1971 POLYDOR Live Psych Rock UK LP VG+/EX Play Tested,12.00,0.7765
v1|366577512902|0,BUD POWELL Time Waits BLUE NOTE LP VG+ stereo Liberty o,8.00,0.7746
v1|227460601341|0,NAZCA LINE Outer Space Connection SPACE PROG ROCK Ohio 1979 LP VINYL Record USED,8.99,0.7740
v1|336722470500|0,"The Modern Jazz Quartet Fontessa  12"" LP VG++/EX 1956 Atlantic Mono 1231",14.99,0.7738
v1|188733995816|0,"PATRICK O'HEARN on LP ""ELDORADO "" electronic new age",2.99,0.7737
v1|257655570377|0,Leo Parker Let Me Tell You Bout It NM! 1st NY Ear Mono 4087 Blue Note lp,56.00,0.7728
v1|318661070661|0,BOBBY HUTCHERSON Happenings BLUE NOTE LP VG+/VG++ japan 1977 reissue o,28.27,0.7723
v1|188737337819|0,"TWIN HYPE on LP  single "" DO IT TO THE CROWD  "" hip hop electronic",2.99,0.7719
v1|168584692944|0,HAL McKUSICK - East Coast Jazz #8 LP - Bethlehem - BCP-16 Mono DG 1955,79.99,0.7704
v1|800440161436|0,BILL EVANS TRIO Sunday At Village Vanguard RIVERSIDE LP mono textured cover o,59.00,0.7704
v1|188732817441|0,Gospel - Billy Blackwood - Billy’s - Rare Xian Psych Rock Funk,9.99,0.7695
v1|188734672642|0,"FINI TRIBE - I WANT MORE 12"" Vinyl 1987 RECORD INSERT New Wave WAX 027 NM",9.99,0.7685
v1|298553782256|0,"The Smiths That Joke Isn't Funny Anymore 7"" 45 RPM Rough Trade RT 186",15.00,0.7679
v1|257657386120|0,Tenor Conclave NICE! 1st W50 Flat Edge DG Prestige Lp Hank Mobley John Coltrane,42.00,0.7675
v1|318664077281|0,"Patrick Brown - Fantasy/On The Right Track 12"" - Kufe UK Modern Soul Boogie HEAR",13.50,0.7669
v1|257657777413|0,MILES DAVIS KIND OF BLUE LP Columbia Records CS 8163 1959 Pressing Errors,89.95,0.7666
v1|358878906550|0,Who Is Jill Scott? Words And Sounds LP Vinyl Record EX+,86.00,0.7658
v1|800440217764|0,FREDDIE HUBBARD Here To Stay BLUE NOTE 2XLP VG+ gatefold o,15.50,0.7654
v1|800440154793|0,LOU DONALDSON Say It Loud! BLUE NOTE LP unipak o,15.50,0.7651
v1|236980298960|0,"Bauhaus - 4AD (12"" Vinyl EP, 1983, 4AD Records - BAD 312)  UK First Press",23.99,0.7643
v1|257651745773|0,"NATURAL FUNK Drink & Drive EP SEPARE 12"" VG+ GERMANY house 2001 w/insert",5.00,0.7641
v1|257650446867|0,KQ 1060 AM Rhythm of the City RARE ARIZONA BOOGIE FUNK COMP LP,60.00,0.7631
v1|366577527852|0,HAL GALPER Inner Journey MAINSTREAM LP VG++ wlp o,29.88,0.7630
v1|366577538197|0,ANDREW HILL Compulsion BLUE NOTE LP stereo Liberty van gelder o,31.00,0.7621
v1|800440182137|0,BENNIE GREEN Walkin' & Talkin' BLUE NOTE LP o,18.50,0.7605
v1|366582414273|0,RUFF & REDDY-ADVENTURES IN SPACE-TV CARTOON LP ON COLPIX-1ST PRESS MONO,9.99,0.7601
v1|236980781073|0,Thai Funk Rock Grail The Impossibles Sangthong Seesai LP Luk Thung Krung,100.00,0.7595
v1|257651596725|0,Thelonious Monk – Monk. 1965 MONO US Press Vinyl LP VG++,4.99,0.7583
v1|257657383701|0,Kenny Burrell at the Five Spot Superb NM! Mono NY Shrink RVG Blue Note lp,62.00,0.7572
v1|188732348115|0,Modern Soul Boogie - Garry Glenn - PPL - Disco Funk Soul VG+ Vintage Vinyl,10.99,0.7554
v1|318661011350|0,CECIL PAYNE Brookfield Andante SPOTLITE LP uk o,8.00,0.7535
v1|358885670485|0,Complete Blue Note Recordings of Thelonious Monk Mosaic MR4-101 0183/7500 LP OOP,34.00,0.7529
v1|318661069692|0,BOBBI HUMPHREY Blacks And Blues BLUE NOTE LP VG+ o,34.50,0.7520
v1|188732738170|0,Lounge - Buddy Worth Ventura Blvd - Web - Rare Private Press Jazz Funk Soul,9.99,0.7507
v1|800440211986|0,HAMPTON HAWES Universe PRESTIGE LP VG+ textured cover o,8.00,0.7506
v1|800440123704|0,DEWEY REDMAN Coincide ABC/IMPULSE LP gatefold o,8.00,0.7503
v1|158133241083|0,"Vintage 1996 ~ BREATHE  ~ PRODIGY ~ 12"" LP ~ XL RECORDINGS ~ Vinyl Record",19.99,0.7502
v1|257651612759|0,"MARIAH CAREY Fly Away (Butterfly Reprise) COLUMBIA 12"" VG++ PROMO",5.00,0.7497
v1|117337061822|0,Brian Eno Here Come The Warm Jets 1978 US vinyl record singer songwriter english,26.00,0.7494
v1|236980239646|0,"PET SHOP BOYS Please EMI-AMERICA LP PW-17193, EX/VG",5.50,0.7492
v1|188713936887|0,Letchen Grey - Party Politics - Vinyl GWD90547 - Original 1986 Press - Glam RARE,24.99,0.7484
v1|800443916408|0,"Teodo'r - Love Message 12"" - Shatter - Rare Modern Soul Boogie HEAR",122.50,0.7476
v1|257651546973|0,Thelonious Monk Septet – Monk's Music 1957 MONO US Deep Groove Vinyl LP EX,9.49,0.7471
v1|318672012640|0,Beastie Boys - Licensed To Ill LP - Def Jam OG Press,11.50,0.7461
v1|227460587280|0,TETELESTAI s/t PRIVATE PRESS Ohio Prog Rock 1982 VG+ VINYL LP Record USED,5.00,0.7454
v1|800440149157|0,MILES DAVIS We Want Miles COLUMBIA 2XLP gatefold o,8.00,0.7445
v1|257655520294|0,Cannonball Adderley Somethin’ Else Superb NM! W63 DG Ear 1595 Blue Note lp,499.00,0.7443
v1|398251047624|0,FREDDIE HUBBARD Splash FANTASY Jams! | Modern Soul | Jazz Funk | Disco LP HEAR,9.99,0.7442
v1|407106646233|0,SONNY TERRY Sonny Is King HARMONICA BLUES LP PRESTIGE 1973 re-issue MONO,9.99,0.7437
v1|377389400185|0,Les McCann (VG+) LAYERS LP 1973 Atlantic SD-1646 PR Presswell JAZZ FUSION Funk,17.50,0.7432
v1|188734670898|0,EBN OZN - FEELING CAVALIER Vinyl PROMO LP 1984 RECORD New Wave ALBUM 60319-1 NM,9.50,0.7430
v1|366577507312|0,HOWARD ROBERTS The Velvet Groove VERVE LP VG+ mono o,8.00,0.7423
v1|128002392066|0,Kate Bush - Remastered in Vinyl I (vol. 1) (4 LP Box Set) Kick Inside Dreaming,118.99,0.7421
v1|227457607323|0,Paulinho Da Costa ‎– Happy People 1979 1st Pressing Near MINT / EXC Vinyl LP,19.99,0.7410
v1|257652072445|0,"SOUNDS OF SILENCE Lounge Lizards EP INNER CITY 12"" VG++ Baltimore Club ",5.00,0.7410
v1|318664077223|0,"Kerwin - Dial Tone/Captured 12"" - K.L.A - Private Modern Soul Boogie HEAR",117.50,0.7407
v1|377390240164|0,PEGGY LEE  “PASS ME BY” RARE orig 1965 MONO  LP w/classy CHEESECAKE facial cover,9.99,0.7399
v1|377391682229|0,STEVE DOUGLAS Hot Sax FANTASY funk / soul 1982 VG+ VINYL LP Record USED,6.55,0.7399
v1|236980362959|0,"Echo & The Bunnymen - Never Stop 7"" Vinyl Single 1983 Post Punk  KOW 28 / UK",9.99,0.7399
v1|267745850103|0,Lot 2 lp JOE HARNELL Fly Me to the Moon & Bosa Nova Pops + More Joe Harnell,14.99,0.7395
v1|366574746411|0,The Zombies She's Not There Mono US OG on Parrot,9.99,0.7391
v1|227462706212|0,Miller Anderson - Bright City NM lp IN SHRINK Promo Folk Prog Rock UK,6.99,0.7389
v1|158135875897|0,"DJ Jean The Launch 1999 AM:PM 12"" Electronic",20.00,0.7386
v1|366577517453|0,GERRY MULLIGAN Mainstream Of Jazz Vol. 3 MERCURY LP VG+ mono japan w/ insert o,8.00,0.7382
v1|366577517453|0,GERRY MULLIGAN Mainstream Of Jazz Vol. 3 MERCURY LP VG+ mono japan w/ insert o,8.00,0.7382
v1|198543020590|0,"ARTIFACTS - ART OF FACTS - Vinyl 12"" Single 1996 Big Beat US Press!!",7.98,0.7379
v1|117336706947|0,Bobby Jones & New Life -Caught Up- Modern Soul Gospel LP on Creed - Hear,9.99,0.7373
v1|318661024514|0,CURTIS FULLER Soul Trombone ABC/IMPULSE LP gatefold o,10.50,0.7370
v1|168584063369|0,Charlie Mingus-East Coasting-Original 1957 Bethlehem Mono Vinyl LP-Selling As Is,9.75,0.7363
v1|366577508877|0,SAM RIVERS Contours BLUE NOTE LP VG+ mono NY van gelder o,66.00,0.7349
v1|147483373520|0,COMBATIVE ALIGNMENT 2 VINYL LOT + CDR DARK AMBIENT MARTIAL INDUSTRIAL,20.00,0.7349
v1|147483373520|0,COMBATIVE ALIGNMENT 2 VINYL LOT + CDR DARK AMBIENT MARTIAL INDUSTRIAL,20.00,0.7349
v1|800440178524|0,CURTIS FULLER Cabin In The Sky IMPULSE LP mono gatefold o,10.50,0.7347
v1|366577524710|0,BILL EVANS/JIM HALL Intermodulation VERVE LP stereo japan 1981 reissue w/ obi o,8.00,0.7345
v1|236979520632|0,"FACTORY RECORDS: Cabaret Voltaire- Yashar 12"" Of Factory NY  PURPLE SEE THROUGH!",10.00,0.7341
v1|257657436098|0,Jimmy Smith A Date With Vol 2 1st NY23 DG Ear Hank Mobley Blue Note lp,12.50,0.7335
v1|318661029361|0,GRANT GREEN Shades Of Green BLUE NOTE LP VG+ van gelder o,17.50,0.7333
v1|236979859622|0,BRIAN ENO 1980 LP AMBIENT # 3 DAY OF RADIANCE Laraaji (Edward Larry Gordon),59.95,0.7328
v1|398251063971|0,CAPT SKY Concerned Party No 1 TEC Funk | Boogie | Disco | LP HEAR,9.99,0.7317
v1|178367731973|0,ILLUMINATIONS-TURIYA ALICE COLTRANE & DEVADIP CARLOS SANTANA-1974 VINYL LP CLEAN,26.99,0.7314
v1|398243569961|0,Bruch Scottish Fantasy/Konzertstuck Salvatore Accardo/Masur LP 9500 423 NM,5.00,0.7313
v1|278248321088|0,REFUGEE s/t LP Prog Rock  w/Patrick Moraz From Yes And ex-The Nice Members Vinyl,4.92,0.7307
v1|318664077352|0,"V/A - Africanism 3x12"" - Defected UK",10.00,0.7302
v1|366582114693|0,Funk Inc Self Titled S/t debut 1st Lp jazz funk Vg,19.99,0.7291
v1|267745766747|0,Tears For Fears - Songs From The Big Chair Vinyl LP Record 1985 Mercury Records,25.00,0.7277
v1|227462714569|0,Moloch - Self Titled S/T EX lp RARE 1969 Memphis Psych Blues rock record Nix,10.50,0.7269
v1|206462527512|0,Bobby Caldwell - Carry On LP - Polydor VG+,8.00,0.7256
v1|227459541164|0,LOUIS BELLSON Thunderbird LP IMPULSE! Jazz Bop LW RVG Van Gelder Ludwig Mono,9.99,0.7250
v1|117337482939|0,"STANLEY TURRENTINE Never Let Me Go BLUE NOTE BLP 4129 12"" Vinyl LP 33 Hi-Fi",45.00,0.7248
v1|257651581602|0,Thelonious Monk – The Unique Thelonious Monk 1959 MONO US Press VG+,8.50,0.7246
v1|800440219962|0,BOBBY HUTCHERSON Stick-Up! BLUE NOTE LP van gelder o,22.50,0.7242
v1|257653143090|0,Ornette Coleman – Something Else!!!! 1958 US MONO First Press Vinyl LP EX,10.50,0.7236
v1|318661015150|0,BLUE MITCHELL Heads Up! BLUE NOTE LP VG+ van gelder o,9.50,0.7234
v1|327292486896|0,Bobbi Humphrey – Dig This! VG+ LP (Blue Note BST-84421) Shrink Wrap,35.00,0.7229
v1|198542598098|0,DEPECHE MODE People Are People Lp RARE OOP,29.99,0.7229
v1|366577522771|0,LOU DONALDSON Hot Dog BLUE NOTE LP van gelder o,17.50,0.7221
v1|318664077221|0,"Kenix & Bobby Youngblood - There's Never Been 12"" - West End OG VG+ PROMO HEAR",81.00,0.7220
v1|366577529682|0,DEXTER GORDON One Flight Up BLUE NOTE LP VG+ stereo UA van gelder o,21.09,0.7215
v1|336722008019|0,"LP C.J. & Co., Deadeye Dick WESTBOUND LBL OG SOUL/FUNK/DISCO MINT- OG INNER SLV",14.95,0.7212
v1|158154952332|0,PSYCH Circus Maximus Lonely Man / Negative Dreamer Girl Vanguard 1968 VG+ PROMO,5.00,0.7179
v1|398251082622|0,FREEDOM SOUNDS People Get Ready ATLANTIC | Jazz | Soul | LP HEAR,9.99,0.7176
v1|117336998275|0,The Ramones Rock N' Roll High School 1979 US promo vinyl record punk rock,22.00,0.7173
v1|800440200666|0,HERBIE HANCOCK Mwandishi WARNER BROS ST-93723 LP club edition textured cover o,20.50,0.7157
v1|800440112164|0,DANNIE RICHMOND QUARTET Ode To Mingus SOUL NOTE LP VG+ italy o,8.00,0.7155
v1|257651562421|0,"MADONNA Borderline SIRE 12"" NM/VG++ ",9.50,0.7136
v1|128007323404|0,Xymox Imagination Vinyl 12” OG 1989 US Specialty Press NM Clan of Xymox 873001,30.50,0.7121
v1|267743491715|0,John Schuller AKA J. Slyck – TRUST ME Orenda  BE/SB-01 Beat Electric BOOGIE RARE,250.00,0.7119
v1|366577522537|0,LOU DONALDSON Lou Takes Off BLUE NOTE LP VG+ stereo UA SHRINK o,22.50,0.7112
v1|188730621690|0,Modern Soul Boogie - The Rose Brothers Freeky Lover - Muscle Shoals - Funk Disco,9.99,0.7110
v1|198547435943|0,Charmaine Yates I'M AMAZED Raw Private LP 1987 NY Female Soul Funk Gospel Blues,14.98,0.7108
v1|336722103525|0,"LP Ava Cherry ""Ripe!!!"" Funk, Soul, Disco RSO LBL OG (1980) MINT-",14.95,0.7107
v1|366577537864|0,JOE HENDERSON Black Is The Color MILESTONE LP o,66.00,0.7105
v1|358878986749|0,GOURDOUX HUBER HALL - SHE MAKES ME FLY - CHARISMA 1001 PSYCH,8.50,0.7105
v1|267742589342|0,SAVOY BROWN - Looking In - '70 Parrot lbl VG+/EX vinyl blues psych rock LP,9.99,0.7085
v1|287499138373|0,Jimmy Smith New Sound A New Star Vol. 1 Blue Note 1512,75.00,0.7075
v1|267743463004|0,Sven Libaek – Ron & Val Taylor's Inner Space Original Television Score REISSUE,85.00,0.7072
v1|178375017327|0,"Ramones Self titled LP Winchester/Sterling 2nd Press 1978, EX/VG++",75.00,0.7059
v1|206457726678|0,"Raestar 'N Dirty Mind - Whatcha Wanna Do? 12"" - Pink - Modern Soul Boogie HEAR",9.50,0.7052
v1|147478992043|0,Beequeen - Nouen (7” 1991) FLEXI - IMPORT - NETHERLANDS - OOP - RARE,15.00,0.7049
v1|358871825569|0,"The Here And Now 	What A Feeling	 Mn45-1153	Monument	7"", Promo, ,	1969",5.99,0.7045
v1|168589145924|0,SYNTH POP Kajagoogoo Hang On Now EMI 8171 1983 NM PROMO Pic Slv,5.00,0.7041
v1|227459523514|0,EARTH PENTASTAR: IN THE STYLE OF DEMONS SUPER RARE OG 1ST PRESS VINYL LP 1996,50.00,0.7022
v1|336722501368|0,"ULTRAVOX "" VISIONS IN BLUE ""CLEAR VINYL 7"" 45 RECORD 1983",4.99,0.7021
v1|178367624747|0,"Aldo Nova - ""Aldo Nova"" - Self-Titled Debut LP",4.00,0.7017
v1|178367624743|0,"Aldo Nova - ""Aldo Nova"" - Self-Titled Debut LP",4.00,0.7017
v1|407115988506|0,Tears For Fears,25.00,0.7015
v1|257654091186|0,Jimmy Smith Softly As A Summer Breeze NM! 1st NY Ear Mono 4200 Blue Note lp,9.99,0.7015
v1|358876063088|0,Yusef Lateef Plays For Lovers Vinyl Album VG+,25.00,0.7012
v1|398251039796|0,STEVE HALPERN Spectrum Suite | Private | Electronic | Ambient  | LP HEAR,9.99,0.7001
v1|147479202815|0,Bruno Nicolai For Jess Franco Clear Vinyl 2LP Limited Horror Soundtrack EX/VG+,39.00,0.7000
v1|236971861920|0,SAVOY BROWN - Hellbound Train - '72 Parrot lbl VG+/EX vinyl blues psych rock LP,9.99,0.6995
v1|366577506260|0,SHIRLEY SCOTT Soul Sister PRESTIGE LP VG+ o,8.00,0.6982
v1|366577506601|0,PHAROAH SANDERS The Best Of... ABC/IMPULSE 2XLP gatefold o,8.00,0.6981
v1|366577270211|0,The Seeds Web of Sound Stereo OG LP,9.99,0.6969
v1|318661061162|0,HERBIE HANCOCK Thrust COLUMBIA LP o,9.50,0.6969
v1|198542436014|0,"The Butthole Surfers – ¡CASO RARO! 12"" Vinyl  1991",150.00,0.6966
v1|257663638883|0,HOHNER Hohner Clave Band Sounds Of Hohner 1972 Private 45 RARE Funk Drum Breaks,80.00,0.6963
v1|366577520082|0,RICHARD DAVIS TRIO Song For Wounded Knee FLYING DUTCHMAN LP gatefold o,41.00,0.6953
v1|188730540174|0,Funk Soul - Pecos Kanvas Entregate Cuando Seas Mia - Velvet - Rare Latin Funk ,9.99,0.6930
v1|206457726654|0,"Myth - Play With Me 12"" - Rare Private Modern Soul Funk VG++ HEAR",212.50,0.6928
v1|206458848706|0,BRANFORD MARSALIS QUARTET BELONGING BLUE NOTE FACTORY SEALED,34.99,0.6928
v1|206457726630|0,"Keni C. - Serious Lover 12"" - Space City - Modern Soul Boogie VG++ HEAR",163.00,0.6912
v1|800451636879|0,COLTRANE TIME SOLID STATE RECORDS #SS18025 VINYL CLEANED PLAYS EX,15.00,0.6908
v1|318661025179|0,HAL GALPER Wild Bird MAINSTREAM LP gatefold o,32.00,0.6903
v1|278242121415|0,"GREAT SCOTT!! 1964 IMPULSE STEREO RELEASE FEATURING THE SHIRLEY SCOTT TRIO, VG+",10.00,0.6901
v1|147472861522|0,SEASONS MAGNA CARTA 1970 VERTIGO U.K. FOLK PSYCH VG VINYL (HEAR!),9.99,0.6887
v1|800443916298|0,"Inner Life - I'm Caught Up 12"" - Prelude - Disco Funk Patrick Adams SEALED",11.61,0.6879
v1|188733395088|0,"Isaac Hayes Groove-A-Thon LP 12"" Black Vinyl - Polydor Records Funk/Soul",2.00,0.6879
v1|800443916301|0,"Jagg - Take Time 12"" - Delirium - Modern Soul Boogie OG Press HEAR",154.50,0.6868
v1|287493712107|0,PAW Death to Traitors Double 2 LP Promo Record 1995 RARE Free Shipping 1st Press,180.00,0.6866
v1|407106997926|0,MEMPHIS WILLIE B. Introducing BLUES LP Prestige Bluesville – BVLP 1034 RVG MONO,12.50,0.6863
v1|257658102216|0,CHARITY NOW-SOUL-ROCK LP ON UNI-GATEFOLD-1ST PRESS,9.99,0.6863
v1|800440165092|0,BILL EVANS Quintessence FANTASY LP o,8.00,0.6860
v1|800440160837|0,BILL EVANS Further Conversations With Myself VERVE LP gatefold o,8.00,0.6853
v1|327292559192|0,Every Time I Die The Big Dirty Lp Vinyl Record 2007 Ferret Clear Grape Ghostly,49.99,0.6852
v1|800440149349|0,RICHARD DAVIS Philosophy Of The Spiritual COBBLESTONE LP o,21.50,0.6848
v1|137581846527|0,1959 VINTAGE BLUE NOTE RECORDS 4013 NEW SOIL JACKIE McLEAN VINYL LP,15.50,0.6847
v1|236979840775|0,Tangerine Dream Zeit Vinyl Record 1972 Germany OHR Vinyl 2 LP Krautrock Synth,35.00,0.6845
v1|800443916383|0,Roy Ayers Ubiquity - Everybody Loves The Sunshine LP - Polydor OG Press,39.00,0.6844
v1|198543123519|0,"EPMD - THE BIG PAYBACK - Vinyl 12"" Single 1989 Fresh Records Original US Promo!",7.98,0.6841
v1|366577524532|0,BILL EVANS TRIO Waltz For Debby RIVERSIDE LP o,122.49,0.6838
v1|287499138917|0,"BLUE NOTE BLP 1510 - THELONIUS MONK - GENIUS OF MODERN MUSIC VOL. 1 , Lex RVG",215.00,0.6833
v1|227460589677|0,DANNIE RICHMOND Ode To Mingus SOUL NOTE 1980 Jazz VG+ VINYL LP Record USED,6.55,0.6831
v1|366581777741|0,"Last Sons of Krypton, 7"" ep, Bulge Records, Pink Vinyl",15.00,0.6830
v1|236980378106|0,LEE KONITZ Duets MILESTONE SMJX10058 Japan vinyl LP white label (promo?) OBI M-,20.20,0.6829
v1|147478687434|0,Renaissance Azure d'Or LP 1979 Sire SRK 6068 NM Vinyl VG+ Cover Prog Rock,8.50,0.6826
v1|257651652521|0,"MCFADDEN & WHITEHEAD Ain't No Stoppin' Us Now PHILA INT'L 12"" NM 1979 OG",5.00,0.6821
v1|318661021495|0,GIL EVANS Big Stuff! PRESTIGE LP o,8.00,0.6818
v1|800440163502|0,BILL EVANS Eloquence FANTASY LP VG+ o,20.50,0.6816
v1|398251092915|0,FRED & THE NEW JB’S Breakin Bread PEOPLE  Shrink | Orig | Funk | LP HEAR,28.10,0.6807
v1|318672012718|0,Donald Byrd - Love Byrd LP - Elektra PROMO,8.00,0.6802
v1|318661015308|0,CHARLIE MINGUS Tonight At Noon ATLANTIC LP o,8.50,0.6801
v1|188713568021|0,Milton Brown and His Brownies - The Sweetheart Of Sigma Chi - DECCA 5239 E,19.99,0.6798
v1|358879173343|0,"The T-Bones 1966 Liberty Mono LP ""No Matter What Shape"" NM Original in Shrink",9.99,0.6796
v1|147479014393|0,MADONNA SELT TITLED ALBUM 1983 SIRE RECORDS N/M VINYL (HEAR!),14.99,0.6791
v1|800440182257|0,GRANT GREEN Carryin' On BLUE NOTE LP van gelder o,9.63,0.6775
v1|236980450722|0,Soft Cell Non-Stop Erotic Cabaret 1981 Vinyl LP Sire SRK 3647 LW3 Sterling Orig,14.99,0.6770
v1|327283492129|0,Leonard Cohen - Songs From A Room & New Skin For Old Ceremony Lot Of 2 Vinyl LPs,9.99,0.6761
v1|318661014870|0,THELONIOUS MONK Brilliant Corners RIVERSIDE LP mono o,8.00,0.6750
v1|336722389615|0,"East Of Eden - Snafu - 1970 Deram DES 18043 Original - First Pressing, EX/VG+",9.99,0.6746
v1|318664077297|0,"Razzmatazz - Set It Out 12"" - Hit - Rare Modern Soul Boogie HEAR",89.88,0.6744
v1|198543071285|0,"BOOGIE DOWN PRODUCTIONS - WE IN THERE - Vinyl 12"" 1992 US Orange Wax w/ Shrink!!",7.98,0.6743
v1|128007412730|0,Loverboy - Big Ones - NM/EX 1989 Pop Rock Columbia C-45411 Shrink Hype 1ST Press,23.50,0.6729
v1|800440221123|0,BOBBY HUTCHERSON San Francisco BLUE NOTE LP van gelder o,10.50,0.6717
v1|278248321080|0,The Dells~  LP  Freedom Means…~Soul~Funk~RARE Vinyl~,5.94,0.6714
v1|336722432429|0,"Skin Alley – To Pagham And Beyond LP 1970, Prog Rock HAMMER UK Import EX",7.50,0.6710
v1|366572943185|0,LP SOUL / SAM DEES / THE SHOW MUST GO ON / ATLANTIC,9.99,0.6709
v1|257650279244|0,Bill Plummer and the Cosmic Brotherhood IMPULSE!  A-9164 MONO WHITE LABEL PROMO,200.00,0.6704
v1|318661062138|0,HERBIE HANCOCK Mwandishi WARNER BROS WS-1898 LP textured cover o,8.50,0.6686
v1|318660975443|0,SONNY ROLLINS The Alternative Rollins RCA 2XLP france gatefold o,8.00,0.6681
v1|128007721403|0,"LIONS & GHOSTS Velvet Kiss, Lick Of The Lime 1987 DEBUT LP on EMI #ELX-46959",9.99,0.6659
v1|257651614691|0,"MARIAH CAREY The Roof COLUMBIA 12"" VG+ ",5.00,0.6658
v1|336722025524|0,LP LINDA CLIFFORD  I'm Yours Open (funk Soul Disco) CURTOM LBL MINT- OG,14.95,0.6648
v1|366579741180|0,"Rare Bluegrass LP - Byron Berline, Sam Bush & Mark O'Connor In Concert",14.99,0.6645
v1|366577142060|0,The Beau Brummels Triangle Stereo OG in Shrink,9.99,0.6644
v1|298559652879|0,"Inside Out No Spiritual Surrender Orange Vinyl 7"" VG+/NM Insert Zack de la Rocha",15.00,0.6641
v1|336723414820|0,Deathrow – Deception Ignored - Noise International – FW 44453 1989 LP,79.99,0.6637
v1|257657712290|0,Masabumi Kikuchi Poo Sun NM! 1st 1970 Japan Philips lp Obi J Jazz,249.00,0.6633
v1|178370566454|0,Dead Moon Stranded in the Mystery Zone LP  first press Tombstone 1991 Fred Cole,79.99,0.6627
v1|800454443620|0,"Barbara Lewis - Baby, I'm Yours LP - Atlantic Mono",8.00,0.6625
v1|366577523535|0,CHARLES EARLAND Leaving This Planet PRESTIGE 2XLP VG+ gatefold o,76.00,0.6616
v1|227462699394|0,Earth and Fire - Atlantis NM lp Dutch import Symph Prog RARE gatefold record,9.99,0.6611
v1|147478885140|0,Aerosmith Get Your Wings 1974 1st Pressing In Great Condition KC 32847 Sounds AM,25.00,0.6604
v1|178369148111|0,"Samara Joy – Linger Awhile LP 12"" Black Vinyl - NM - Ultra Sonic Cleaned - WOW!",12.99,0.6595
v1|267743463028|0,Maxwell's Urban Hang Suite  2 x Vinyl LP 1996 US Original First Press C2 66434,100.00,0.6587
v1|366577506214|0,SHIRLEY SCOTT/CLARK TERRY Soul Duo ABC/IMPULSE LP VG+ gatefold o,8.00,0.6583
v1|198542604193|0,Narada Michael Walden The Dance Of Life 1979 1st Press Atlantic OG Inner VG/VG-,0.99,0.6582
v1|188734641119|0,NEW ENGLAND Self-Titled Vinyl LP 1979 RECORD Gloversville Press INF 9007 NM,9.99,0.6580
v1|257651754799|0,"NEW ORDER Blue Monday FACTORY 12"" ",10.50,0.6580
v1|800440157151|0,CHARLES EARLAND Odyssey MERCURY LP VG+ SHRINK o,8.00,0.6578
v1|227462486716|0,Buckingham Nicks – Buckingham Nicks VG+ VINYL RECORD / POLYDOR / ROCK,39.10,0.6567
v1|257651889610|0,"PUBLIC ENEMY Don't Believe The Hype DEF JAM 12"" VG+",7.50,0.6562
v1|366577518582|0,THELONIOUS MONK Monk's Dream COLUMBIA LP 2-eye o,11.50,0.6544
v1|236971303061|0,"The Replacements, ""Let it Be"", reissued New heavy Vinyl LP, Ex Cond.",20.00,0.6539
v1|287499139936|0,"JAMES P. JOHNSON: stomps, rags and blues BLUE NOTE 10"" Lex DG Ear",89.00,0.6538
v1|407106570160|0,LIGHTNIN' HOPKINS Dirty Blues TEXAS LP Unipak Gatefold Mainstream  MRL 326 1A/1A,9.99,0.6534
v1|377389406031|0,M- 1970 UK OG ~ TRAPEZE ~ MEDUSA Hard POWER PSYCH Sabbath BANG Heavy Doom CRUNCH,59.98,0.6532
v1|128011129925|0,FLOR SILVESTRE    PERDAMONOS   ULTRA RARE USED VG,19.99,0.6531
v1|206457726611|0,"Index - Starlight 12"" - Record Shack UK - Modern Soul Boogie OG Press VG+ HEAR",26.00,0.6529
v1|366577536481|0,GENE HARRIS In A Special Way BLUE NOTE LP o,8.00,0.6524
v1|236980308280|0,Dead Boys: Young Loud and Snotty (Vinyl LP 1977 Sire) SR 6038 Punk Rock VG,26.88,0.6523
v1|188733737094|0,SONNY BURGESS SPELLBOUND U.K. PRESS OFFBEAT RECORDS WIK 50 ROCKABILY NEAR MINT!,14.99,0.6522
v1|298554148303|0,KENNY BURRELL WITH ART BLAKEY -ON VIEW AT THE FIVE SPOT CAFE BLP4021 FIRST PRESS,400.00,0.6520
v1|267742614022|0,A Lighter Shade of Brown - LATIN ACTIVE Pump Records VL-15168-1 IN SHRINK 1991,60.00,0.6499
v1|366577508725|0,SAM RIVERS Involution BLUE NOTE 2XLP VG+ gatefold o,8.50,0.6495
v1|366585560883|0,Stanley Turrentine Up At Mintons Vol. 1 In Shrink RVG BST 84069  Blue Note LP,10.50,0.6493
v1|227460520008|0,Orig 2008 BECK Modern Guilt LP DGC w/ Lyric Insert EX,49.95,0.6486
v1|188732371070|0,Jazz - Doug Carn Jean Carn Spirit Of The New Land - Black Jazz - Original Press,22.50,0.6480
v1|137581925420|0,1958 VINTAGE PRESTIGE TWO TENORS HANK MOBLEY JOHN COLTRANE VINYL LP ROUGH SHAPE,9.99,0.6478
v1|206457726668|0,"Pike - Good Feelings 12"" - Penke - Rare Modern Soul Funk PROMO HEAR",561.00,0.6448
v1|117336784860|0,Chick Corea The Mad Hatter  Herbie Hancock Steve Gadd Harvey Mason,12.99,0.6436
v1|318661013601|0,OLIVER NELSON ORCHESTRA Afro/American Sketches PRESTIGE LP VG+ o,8.00,0.6435
v1|147472815245|0,SIR DOUGLAS QUINTET MENDOCINO STEREO 67115 VG VINYL (HEAR!),9.99,0.6432
v1|257658100780|0,"TRANCE DANCEC Do The Dance EPIC 12"" NM 1986 synth pop",5.00,0.6422
v1|257651654355|0,"MEDWAY Release HOOJ CHOONS 12"" VG++ 2001 house UK pressing",5.00,0.6420
v1|800443916320|0,"Licky/Dream Lovers - African Rock 12"" - Queen Constance - Disco Red Wax OG HEAR",70.00,0.6416
v1|267743982408|0,The Fantastic Expedition Of DILLARD & CLARK - Original A&M lp 1968 - Near Mint,36.00,0.6394
v1|318664077279|0,"Paapa Jay - Set You Up 12"" - Private UK Modern Soul Boogie VG+ HEAR",41.00,0.6384
v1|267746296647|0,Seduce - Too Much Ain't Enough Vinyl Record LP 1988 PROMO COPY! Insert!! VG+,29.99,0.6382
v1|257658126641|0,"UNKNOWN DJ Basstronic TECHNO KUT 12"" NM 1988 OG",5.00,0.6378
v1|128011908668|0,"CARAVAN, Cunning Stunts LP, Btm Records Repress 1975 Demo Rare Prog Rock VG+/VG",9.89,0.6376
v1|117331903689|0,KEITH JARRETT JAN GARBAREK Luminessence 1975 JAZZ LP ECM #1049 ST W German Imprt,5.99,0.6372
v1|236980786201|0,Thai Funk Grail Luk Krung HILO Records มานพ มานิตประเสริฐ สาวดี เจริญวงศ์ ชุติมา,75.00,0.6360
v1|128007719677|0,DEBORAH WASHINGTON Love Awaits 1979 PROMO LP on Ariola #SW 50066 FUNK SOUL DISCO,9.99,0.6351
v1|800440161022|0,BILL EVANS/SHELLY MANNE/EDDIE GOMEZ A Simple Matter... VERVE LP mono gatefold o,8.00,0.6348
v1|188734684029|0,"ENYA - ORINOCO FLOW (SAIL AWAY) 12"" Vinyl 1988 RECORD Smaoitim... 0-21129 NM",9.99,0.6345
v1|257657415848|0,Jimmy Smith Superb NM! 1st Ear Mono Back at the Chicken Shack NM! Blue Note lp,9.99,0.6344
v1|336722410727|0,Led Zeppelin - Coda - EX/VG+ 1982 Psych Rock Swan Song-90051 GF 1ST Press,10.50,0.6338
v1|800440117290|0,DJANGO REINHARDT & AMERICAN JAZZ GIANTS Self Titled PRESTIGE PRT-7633 LP VG+ o,8.00,0.6335
v1|318661016203|0,LOU DONALDSON Pretty Things BLUE NOTE LP van gelder o,18.39,0.6331
v1|198543120049|0,"EDAN - DROP SOME SMOOTH LYRICS - Vinyl 12"" Single 2001 - Underground Hip Hop!",7.98,0.6327
v1|227462685291|0,Skid Row - Skid 1970 Gary Moore Blues Rock EX lp record psych,8.99,0.6321
v1|366581848862|0,GRATEFUL DEAD-WAKE OF THE FLOOD-PSYCH ROCK LP ON GRATEFUL DEAD RECORDS-1ST PRESS,9.99,0.6315
v1|366577525234|0,BILL EVANS TRIO Since We Met FANTASY LP VG+ o,8.00,0.6303
v1|287499654935|0,THE KLEZMORIM - Notes From Underground 1984 Flying Fish vinyl W/ Program,5.99,0.6297
v1|257651804568|0,Liana Pascalini And The Internationals S/T Self Titled PRIVATE PRESS FUNK BREAK,75.00,0.6294
v1|267742891680|0,U.S. APPLE CORPS - '70 SSS lbl VG+/EX BLUE vinyl Promo Jesus music psych LP CCM,14.99,0.6293
v1|257658107435|0,"TWILIGHT 22 Electric Kingdom VANGUARD 12"" NM 1983 electro",5.00,0.6288
v1|168583817545|0,Taj Mahal Natch'l Blues 1968 Pitman Original LP VG+ ULTRASONIC CLEANED & TESTED,14.99,0.6287
v1|257657256257|0,Horace Silver 6 Pieces Of Silver 1978 Blue Note Japan mono reissue,30.99,0.6287
v1|318660975861|0,MAX ROACH Award-Winning Drummer TIME T/70003 LP mono scorpio reissue SEALED o,8.00,0.6281
v1|800440218298|0,BOBBI HUMPHREY Flute-In BLUE NOTE LP Liberty/UA o,8.00,0.6280
v1|398251038596|0,THE BLUE NOTES The Truth Has Come To Light GLADES Miami Modern Soul  LP HEAR,9.99,0.6279
v1|800443916303|0,"Jakki - You Are The Star 12"" - West End - Modern Soul Disco OG Press VG+ HEAR",12.62,0.6279
v1|366577518695|0,THELONIOUS MONK Genius Of Modern Music Vol. 1 BLUE NOTE LP VG+ reissue SHRINK o,8.50,0.6276
v1|800440149260|0,MILES DAVIS & MILT JACKSON Quintet/Sextet PRESTIGE OJC-012 LP with obi SHRINK o,10.00,0.6274
v1|800454443624|0,Beastie Boys - Paul's Boutique LP - Beastie Boys OG Press VG++,63.00,0.6259
v1|206457726610|0,"Instant Funk - Philly Jump 12"" - TSOP OG Press HEAR",52.75,0.6247
v1|257651587178|0,Thelonious Monk – It's Monk's Time 1964 US MONO Press Vinyl LP EX,4.99,0.6246
v1|117331903667|0,ALFIE SILAS That Look 1985 PROMO LP on Motown #6146ML Funk Soul Disco,5.99,0.6245
v1|336723600673|0,LP Rene Munoz Fray Escoba San Martin De Porres ZAFIRO LBL AFRO/CUBAN,19.95,0.6241
v1|206457726680|0,"Rare Moods - I've Got Love 12"" - AGR UK - Modern Soul Boogie VG+ HEAR",19.00,0.6235
v1|257655487370|0,Sheila Jordan Portrait of Sheila Superb NM! 1st NY Ear Vocal Jazz Blue Note lp,399.00,0.6231
v1|366577531917|0,HERBIE HANCOCK Feets Don't Fail Me Now COLUMBIA LP VG+ wlp o,16.17,0.6219
v1|198543062279|0,"BLOOD OF ABRAHAM - LIFE - Vinyl 12"" Single 1994 US Ruthless Jewish Hip Hop NM!",7.98,0.6215
v1|128007346043|0,"Le Mystere Des Voix Bulgares, Nonesuch 79201-1, 1988, EX/EX",5.50,0.6208
v1|336722316151|0,LP Fania All Stars Latin Connection Afro Cuban Fania LBL OG VG+,14.95,0.6207
v1|287494768597|0,HERBIE HANCOCK SOUND-SYSTEM JAZZ  12' LP 33RPM VG+,1.99,0.6202
v1|407117187547|0,Shining Livets Andhallpats Lp,49.99,0.6202
v1|318664077316|0,Solaris - S/T LP - Dana,47.00,0.6202
v1|407115200134|0,Hugsja Lp Enslaved Wardruna,18.99,0.6202
v1|128007291849|0,Psychedelic Furs Vinyl Lot 4 LPs OG 1980-84 First 4 Albums NM UK US Press,125.00,0.6197
v1|257658057481|0,"TIJUANA Groove Is In The Air BEDROCK 12"" VG+ UK pressing house 2001",5.00,0.6194
v1|318668345135|0,Various – Rare DoWops - US Compilation LP,4.99,0.6192
v1|158133281896|0,"Psychic, Powerless.... Another Man's Sac by Butthole Surfers (Record, 2013)",9.99,0.6187
v1|128007719694|0,TOXIC REASONS Kill By Remote Control 1984 LP on Sixth International #SILO 4,14.99,0.6177
v1|188734670456|0,JON BUTCHER AXIS Self-Titled Vinyl LP RECORD 1983 Album BLUES ROCK 810 059-1 NM,9.99,0.6164
v1|128011134387|0,VAQUEROS MUSICAL    EL MUSTANG NEGRO    ULTRA RARE USED VG,29.99,0.6153
v1|336723474751|0,The Byrds ~ Dr. Byrds & Mr. Hyde ~ LP ~ Vinyl ~ Psych ~ 1st Press,5.00,0.6152
v1|307102794825|0,CANNONBALL ADDERLEY QUINTET In Chicago MERCURY 20449 JAZZ MONO DG Coltrane VG/G+,9.99,0.6147
v1|800454805108|0,"The Smashing Pumpkins 1979 7"" Black Vinyl Single Paper Sleeve Virgin 1995",30.00,0.6147
v1|366581847402|0,ASHFORD & SIMPSON-A MUSICAL AFFAIR-SOUL LP ON WB-1ST PRESS,9.99,0.6134
v1|128008695492|0,Jesus And Mary Chain Vinyl Lot OG UK Psychocandy Darklands You Trip Me Up 12” NM,175.00,0.6133
v1|287500315770|0,"Sadao Watanabe ""Birds of Passage"" LP 1987 Elektra Jazz Fusion VG+",8.00,0.6132
v1|267745867941|0,Sonny Terry Vinyl LO VG Vinyl/VG Cover,4.00,0.6128
v1|227459562648|0,Spirit – Twelve Dreams Of Dr. Sardonicus LP E30267 Vinyl Psychedelic Rock EX!,11.00,0.6127
v1|257651594656|0,Thelonious Monk Quintet – 5 By Monk By 5 US Stereo Press SHRINK Vinyl VG+,4.99,0.6121
v1|198543135466|0,"LL COOL J - DOIN IT - Vinyl 12"" Single 1996 Def Jam Original US Still in Shrink!",7.98,0.6118
v1|800440177760|0,DON FRIEDMAN TRIO Flashback RIVERSIDE LP VG+ textured cover o,8.00,0.6116
v1|800451573982|0,"BLOOD SWEAT & TEARS Orig 1971 ""B,S&T: 4"" LP UK Vinyl cleaned NM Jacket in shrink",9.99,0.6112
v1|307102990992|0,Lightnin' Hopkins - Goin' Away - 1987 Vinyl LP - Prestige Bluesville BV-1073,10.50,0.6107
v1|318660974425|0,PHAROAH SANDERS/LATIN JAZZ QUINTET Spotlight On... UP FRONT LP o,18.50,0.6106
v1|178356426594|0,Ghostface Killah - Supreme Clientele - 2xLP Vinyl Epic Original 2000 US Pressing,149.99,0.6103
v1|257651975713|0,"ROUNDTREE Get On Up OMNI 12"" NM SHRINK modern soul boogie 1978 HEAR",5.00,0.6102
v1|147479045533|0,Various Artists – Extreme America 2 (7” 1997) BASTARD NOISE - SKIN CRIME - RARE,25.00,0.6099
v1|206460634733|0,"Siouxsie And The Banshees Juju Polydor POLD 5000 12"" 33RPM Vinyl LP",21.50,0.6098
v1|366574614275|0,Horace Silver Quintet Doin' The Thing 1961 Original Blue Note 4076,9.99,0.6091
v1|168589136033|0,PSYCH Gemini The Woman I Love / Life Games Mercury 73237 1971 NM PROMO,5.00,0.6087
v1|128007721239|0,2001 A SPACE ODYSSEY:OST MGM SIE 13 ST LP 1968 G/VG-,4.00,0.6083
v1|188737356495|0,"GUITARS UNLIMITED PLUS 7, CRAZY RHYTHM - STEREO ACTION LP LSA-2371",4.99,0.6081
v1|366577518368|0,THELONIOUS MONK Memorial Album MILESTONE 2XLP VG++/VG+ gatefold o,8.00,0.6080
v1|147478659551|0,Old Dirty Bastard Remedy Cappadonna 12” Vinyl Hip Hop DJ Rare,10.00,0.6061
v1|800443916384|0,"Rosetta Jefferson - Sea Of Love 12"" - Prelude Modern Soul Boogie VG+ PROMO HEAR",30.00,0.6060
v1|366583783941|0,"LL Cool J ""10"" Rap Hip Hop 2xLP Def Jam Promo w/ Insert OG",7.99,0.6052
v1|318664077230|0,"Larry Wu - Let Me Show You 12"" - Atlantic - Modern Soul Boogie HEAR",102.00,0.6051
v1|366577514805|0,DUKE PEARSON The Phantom BLUE NOTE LP van gelder o,12.50,0.6046
v1|198543093371|0,"COUP, The - FUNK/THE LIBERATION OF LONZO WILLIAMS - Vinyl 12"" Single 1993 OG US!",7.98,0.6041
v1|206462564276|0,"EXOTICA, CHEESECAKE, SPACE POP ... EXCELLENT",55.00,0.6041
v1|227457618228|0,OLIVER NELSON Screamin' The Blues NEW JAZZ OJC-080 Vinyl NM /VG+,9.99,0.6040
v1|158147437304|0,"THEM BONES ""You Asked For It!"" 1981 Trombones Jazz Conrad Herwig Vinyl LP Rare",4.99,0.6038
v1|188733356535|0,"Rare Adorable ""Sunshine Smile"" 7"" Shoegaze Coke Bottle Blue Vinyl",15.00,0.6037
v1|298560524769|0,"Modest Mouse Life of Arctic Sounds 7"" White Blue Vinyl Suicide Squeeze VG+ Rare",26.00,0.6033
v1|318664077231|0,"Laurice Hudson - Feel My Love 12"" - Snowflake - Modern Soul Boogie OG PROMO HEAR",33.00,0.6030
v1|407088967663|0,"TOWNES VAN ZANDT•  High, Low And In Between 1972 LP RARE Original LISTEN EX",107.50,0.6029
v1|318660993680|0,DJANGO REINHARDT Le Jazz Hot! EMARCY LP mono o,8.00,0.6021
v1|236980375057|0,ART FARMER Yama CTI GP3207 Japan vinyl LP gatefold & insert M-,12.12,0.6012
v1|128007720233|0,This Is THE YOUNGBLOODS 1976 (1972) 2LP on RCA #VPS-6051 GATEFOLD Psych Rock,9.99,0.5994
v1|336722035245|0,LP RARE Paul Kelly Don't Burn Me FUNK (1973 ) OG WB LBL MINT-,19.95,0.5993
v1|257651937000|0,"RIPPLE Facts Of Life SALSOUL 12"" NM",5.00,0.5981
v1|398251061731|0,Divine Hair Mass In F RCA Psych | Funk | Samples LP HEAR,9.99,0.5978
v1|267745721559|0,1972 Reissue US – Jaki Byard “Live! Vol 2” Prestige PR 7477 Stereo - Joe Farrell,16.00,0.5971
v1|800440162139|0,BILL EVANS Alone (Again) FANTASY LP VG+/VG++ o,8.00,0.5968
v1|336722522344|0,"Patrick Hernandez - Born To Be Alive, 1979 LP, Electronic, Disco, Pop Rock.",7.00,0.5965
v1|800435510502|0,State Of The Tenor Vol. 1. Blue Note Tone Poet Series by Joe Henderson ,1.00,0.5962
v1|188732442542|0,Jazz - Dave Matthews Dune - CTI - Funk Soul Breaks Rare 70’s Fusion Star Wars,9.99,0.5950
v1|198543019253|0,FOREIGNER LP  Inside Information  1987  Atlantic – 81808-1 M/EX Gatefold,14.99,0.5950
v1|257658021606|0,"PATRICK COWLEY Menergy MEGATONE 12"" VG+ ",12.50,0.5944
v1|366577519277|0,MILES DAVIS Heard 'Round The World COLUMBIA 2XLP VG+/VG++ gatefold o,16.17,0.5943
v1|800440182832|0,"SONNY GREENWICH Evol-ution, Love's Reverse PM LP VG++ o",8.00,0.5933
v1|318661013143|0,NEW YORK JAZZ QUARTET Oasis ENJA LP VG++/VG+ germany o,8.00,0.5930
v1|257650024554|0,Max Tannone – Jaydiohead - Jay-Z X Radiohead 2009 Minty Fresh Beats RARE,60.00,0.5927
v1|287503635754|0,Geto Boys - We Can't Be Stopped LP (Rap-A-Lot / Priority Records 1991) unplayed,250.00,0.5923
v1|287499751851|0,JOHN PRINE - COMMON SENSE LP RARE 1975 US ATLANTIC PRESSWELL PRESS COUNTRY FOLK,7.99,0.5900
v1|366577847396|0,Blue Cheer OutsideInside OG Stereo LP Phillips,9.99,0.5851
v1|257657693456|0,ZAHARA Flight Of The Spirit LP ANTILLES Records AN 1011,19.95,0.5851
v1|318661069261|0,FREDDIE HUBBARD Sky Dive CTI LP VG+ gatefold o,9.50,0.5844
v1|257653151729|0,Eric Dolphy – Last Date US Stereo Press Vinyl LP VG+/EX SHRINK,4.99,0.5842
v1|257657651964|0,Brainiac Bonsai Superstar Vinyl LP Grass Records Midheaven Limited Very Rare,209.99,0.5833
v1|178368675462|0,Promo Album - Andrew W.K. I Get Wet Vinyl LP 2002 US Version Autographed - Rare,44.95,0.5829
v1|168581080505|0,"J.J. FAD~""SUPERSONIC""~Orig. 1988~FUNK~ELECTRONIC~HIP-HOP~7'' 45rpm~RUTHLESS~VG+",0.99,0.5823
v1|257662432991|0,NO NAME Cover 1st Pressing 1968 Neil Young Self Titled Debut LP Vinyl Gatefold,4.25,0.5820
v1|298553972206|0,relaxin with the miles davis quintet (4-CD Box Set),16.00,0.5805
v1|188733368205|0,CITY POP!  Set of 4 LPs / Hi-Fi Set / VERY CLEAN JAPAN original w/ OBI & inserts,30.00,0.5797
v1|178355328516|0,Rare!-Blue Vinyl-The Midnights-She Left Me/Cheating on Me-NM,350.00,0.5794
v1|188732254006|0,Latin - Moncada Fundar Una Esperanza - Areito - Cuban Synth Pop Cumbia 80’s,10.50,0.5787
v1|158154886215|0,SOUL Gloria Jones When He Touches Me Minit 32051 1968 EX PROMO,10.00,0.5786
v1|206457726712|0,"Terry Lewis - Disco City 12"" - Terry Tunes Private Disco Funk OG Press VG+ HEAR",50.00,0.5785
v1|366583636372|0,"Fat Joe ""Jealous Ones Still Envy"" Rap Hip Hop 2xLP Atlantic w/ Insert OG",7.99,0.5782
v1|206462527476|0,2 Skinnee J's - Super Mercado LP - Bishop Splatter Wax VG++,24.49,0.5778
v1|257651580555|0,Thelonious Monk – Thelonious Alone In San Francisco US Mono Press Vinyl LP VG+,7.00,0.5778
v1|236980241322|0,"Genesis, Trespass, Vinyl LP, Impulse! 1970, VG+/VG+ AS-9205",4.99,0.5769
v1|158129662126|0,The People’s Choice 1971 Soul 45 on Phil LA ~ I Likes To Do It ~ Promo ~ Hear,9.99,0.5761
v1|318664077364|0,"Zapp - More Bounce To The Ounce 12"" - WB - Boogie Funk Vocoder VG+ PROMO HEAR",17.50,0.5759
v1|257651823021|0,"PET SHOP BOYS Opportunities EMI AMERICA 12"" NM",8.50,0.5741
v1|307100006078|0,20 Of Another Kind Vinyl LP 1979 Original UK Press Polydor Super POLS 1006 NM,9.99,0.5740
v1|398242918796|0,"The Drums Portamento 12"" LP Clear Colored Vinyl on Moshi Moshi Indie Rock",80.00,0.5737
v1|257651753831|0,"NENAH CHERRY Buffalo Stance VIRGIN 12"" NM SHRINK 1989",10.50,0.5736
v1|257657263936|0,VERY RARE-NIRVANA-TELLTALES INTERVIEW PICTURE DISC CD-FACTORY SEALED!!,9.99,0.5725
v1|188734670393|0,"WEIRDO - VINYL WARNING / AM I GETTING THROUGH? 12"" Vinyl UK RECORD RIB 043 NM",9.99,0.5724
v1|336722044006|0,FACTORY RECORDS: Happy Mondays- W.F.L.(Wrote for Luck) US ELEKTRA TEST PRESSING,10.00,0.5708
v1|377389407885|0,Northwind - River Flight - Vinyl Record LP Contemporary Jazz 1982 Private Press,8.99,0.5705
v1|206457726666|0,"Paper Dolls - Get Down Boy 12"" - Heavenly Star Patrick Adams Disco Funk DG HEAR",102.50,0.5704
v1|318661062369|0,HERBIE HANCOCK Quartet COLUMBIA 2XLP o,8.50,0.5704
v1|398243793725|0,"Further Reminders by Two Lone Swordsmen (Warp Records Vinyl, 2001) RARE OOP",40.00,0.5696
v1|318664077351|0,"Unit Three & Merv T - Let's Boogie 12"" - Bound Sound - Rare Modern Soul VG+ HEAR",88.00,0.5693
v1|257653137407|0,The Ornette Coleman Quartet – This Is Our Music 1961 US MONO First Press VG+/EX,4.99,0.5691
v1|336722403443|0,ZEBRA No Tellin Lies Vinyl LP  1984 Atlantic 80159-1 VG,4.99,0.5690
v1|117337283096|0,HTF RARE LARRY NoRMAN THE YoUNG LIoNS QUIET NIGHT LP RECoRD STRESS LABEL BLUE,19.95,0.5689
v1|236979597079|0,FACTORY RECORDS: Railway Children- Brighter 1987 US Virgin PROMO ONLY COPY,10.00,0.5683
v1|198542999952|0,"ABOVE THE LAW - 4 THE FUNK OF IT - Vinyl 12"" Single 1991 Ruthless - Gangsta Rap!",7.98,0.5683
v1|407117317181|0,"II Tone ""Elliot Ness"" Rare Electro Random Rap 12"" Doorway HEAR",14.50,0.5681
v1|287499138845|0,RAILROAD SOUNDS LP Steam & Diesel,3.79,0.5674
v1|188734670116|0,COMBO AUDIO Self-Titled Vinyl LP PROMO RECORD 1983 Album ROCK DLP 19005 NM,9.88,0.5667
v1|257658074335|0,"TIMEX SOCIAL CLUB Rumors JOY 12"" NM SHRINK",5.00,0.5664
v1|287499744216|0,"CHUCK JACKSON - MR. EMOTION LP RARE 1984 UK KENT COMP STEREO/MONO, R&B SOUL",7.99,0.5661
v1|257651908154|0,Lyn Christopher - S/T Self Titled 1973 RARE FUNK Gene Simmons,125.00,0.5654
v1|800440125598|0,FREDDIE REDD QUARTET FT. JACKIE MCLEAN The Connection BLUE NOTE LP VG++ 180g o,8.50,0.5652
v1|236980263833|0,INXS Kick (1987 Vinyl LP 1st Press SP Atlantic 81796-1 VG+ w/ Sleeve,15.50,0.5644
v1|358879301474|0,REM vinyl ,10.00,0.5644
v1|147478664105|0,"Propaganda Machinery 12"" Single Island 96835 VG+ Vinyl Synth Pop New Wave Rare",8.50,0.5639
v1|377390047944|0,The Routers LP Let's Go 1963 Near Mint In Shrink Hype Sticker Stereo Debut Orig!,75.00,0.5638
v1|188734663612|0,RAIN PEOPLE Self-Titled Vinyl LP PROMO RECORD 1989 Album E 44298 NM,9.99,0.5630
v1|398251074856|0,AQUARIAN DREAM Fantasy ELEKTRA Tunes!! | Jazz Funk | Disco | Spiritual LP HEAR,9.99,0.5630
v1|206457726731|0,"Vinzerrelli - Skate Dancer 12"" - Panbro - Rare Cosmic Funk HEAR",202.50,0.5629
v1|257658028981|0,"TECH TRAX INC. Feel The Luv NU GROOVE 12"" VG++ 1988 house ",5.00,0.5618
v1|128002590020|0,Brand New - Your Favorite Weapon - 10th Anniv. Vinyl - Blue Marble - Very rare,149.99,0.5618
v1|168583764311|0,JEFFERSON AIRPLANE Volunteers 1969 RCA Psych Rock LP VG+/VG Play Tested Great,7.00,0.5617
v1|128010876645|0,Sherman Lee Dillion Scarce Mississippi Hippie Folk Psych 45 Me and My Uncle,19.99,0.5612
v1|128007239077|0,Fit For An Autopsy - Hellbound Brown & Black Marble Vinyl Lp,20.00,0.5608
v1|227455723409|0,"Santana  ""Shango""  LP  ©1982  Latin  Rock  Album  ♪  Mint  Condition",6.99,0.5602
v1|318661016332|0,URSZULA DUDZIAK Future Talk INNER CITY LP VG+ o,16.50,0.5597
v1|318661006088|0,SONNY RED Breezing JAZZLAND LP o,8.00,0.5592
v1|318664077211|0,"Jay Player - Love Is The Answer 12"" - Bevnik Rare Modern Soul Disco OG VG+ HEAR",305.00,0.5591
v1|158094555055|0,Mötley Crüe Theatre of Pain 1st Press Vinyl LP +Rare S.I.N. Club Fan Club Insert,39.99,0.5590
v1|318664077357|0,"Whispers - Keep On Lovin' Me 12"" - Solar - Modern Soul Boogie Mono PROMO HEAR",19.50,0.5584
v1|257651581419|0,"MADONNA True Blue / Holiday SIRE 12"" NM UK pressing",8.25,0.5583
v1|800443916397|0,"Skip Mahoney - Janice 12"" - Salsoul - Modern Soul Disco HEAR",23.95,0.5582
v1|267745928869|0,MADONNA You Can Dance LP Sire Records 9 25535-1 1987,14.95,0.5578
v1|800454443639|0,Blair - Nightlife LP - Solar Sound - Rare Boogie Funk VG++,127.50,0.5570
v1|206458821963|0,KENNY BURRELL PRESTIGE 7088 MINT- LP,24.99,0.5563
v1|800443916340|0,"Mid Air - Ease Out 12"" - Full Scope - Rare Boogie Funk VG+ HEAR",714.00,0.5560
v1|307104541970|0,"Yes, Relayer, 1974 Hub Pressing, Gatefold, VG/VG+",5.00,0.5556
v1|257652021263|0,"SCIENCE WONDER Brain Drain TRANCE ATLANTIC 12"" NM Belgium acid techno 1991",5.00,0.5554
v1|236980312318|0,The Pretenders - Learning To Crawl EX/VG+ 1984 Pop Punk Rock Sire 1-23980,4.99,0.5549
v1|128011129074|0,HERMANAS CANTU  RECORDANDO CANCIONES   ULTRA RARE USED VG,49.99,0.5544
v1|227460589647|0,BOBBY HEBB Sunny PHILIPS Soul 1966 Mono VG+ VINYL LP Record USED,6.55,0.5540
v1|188736980850|0,Erroll Garner - Other Voices - Original Columbia DG Heavy 6-Eye LP - MINT,7.99,0.5535
v1|147483394680|0,INDUSTRIAL 2 VINYL LOT AUTHOR AND PUNISHER AND CAUSTIC,20.00,0.5522
v1|128007441752|0,The Varmints - Spread Out Vinyl Record EP 1989 Australian Rock And Roll Rare,6.99,0.5513
v1|188732654651|0,Folk - Marvin Payne At The Gate - Custom Fidelity - Rare Psych Acoustic Soul,9.99,0.5510
v1|318661069360|0,FREDDIE HUBBARD Born To Be Blue PABLO TODAY LP VG+ red wax o,8.00,0.5501
v1|158148045572|0,John Coltrane - Both Directions at Once: The Lost Album - 2018 Release NM,19.99,0.5501
v1|358879059075|0,"Vanessa Kendrick ""90& Of Me Is You"" Rare Soul Funk 45 Glades mp3",203.50,0.5499
v1|206457726721|0,Trilark - S/T LP - Handshake OG Press,714.00,0.5499
v1|318668833827|0,Antonio Carlos Jobim – The Wonderful World Of Antonio Carlos Jobim - US promo LP,4.99,0.5499
v1|278247373878|0,Classic 60s & 70s R&B Funk Soul 4 LP Lot-Ike & Tina-Chi Lites-Harold Melvin,9.99,0.5499
v1|198543132033|0,"INTELLIGENT HOODLUM - STREET LIFE - Vinyl 12"" Single 1993 OG US Still in Shrink!",7.98,0.5494
v1|327292337934|0,Belle and Sebastian - Write About Love - Matador Records 2010 Vinyl 1st US Press,13.99,0.5492
v1|178368147833|0,ERIC DOLPHY - The Berlin Concerts - 1978 2- Vinyl Lp's N/M,18.00,0.5484
v1|198541773304|0,THE EFFIGIES FLY ON A WIRE ENIGMA 7205-1  MINT- LP,19.99,0.5483
v1|327295885578|0,Die Kreuzen S/T LP Vinyl Early Pressing Touch & Go Maumee Address Hardcore Punk,30.00,0.5479
v1|278241215873|0,John Scofield Blue Matter Vinyl Lp Record Dennis Chambers Gary Grainger,15.99,0.5474
v1|117337532566|0,"STANLEY TURRENTINE Up At Minton's BLUE NOTE BLP 4070 12"" Vinyl LP 33 Hi-Fi",45.00,0.5470
v1|800443916345|0,"Nicolette Larson - Lotta Love 12"" - WB Modern Soul Disco OG Press VG+ PROMO HEAR",41.00,0.5466
v1|257658130821|0,V/A The Garage Sound Of Deepest New York REPUBLIC 2xLP VG++ gatefold UK 1988 ,5.00,0.5460
v1|800440148762|0,MODERN JAZZ QUARTET The Comedy ATLANTIC LP gatefold o,8.00,0.5452
v1|407102662228|0,BIG YOUTH - Progress  ROOTS REGGAE LP Nichola Delita IMP DEEP GROOVE,9.99,0.5438
v1|287499149014|0,Sidney Bechet - Dixie by the fabulous Sidney Bechet - Blue Note 7026 DG Ear,55.00,0.5432
v1|257651893310|0,"QUANDO QUANDO Love Tempo OF FACTORY NEW YORK 12"" VG++",5.00,0.5426
v1|298555730298|0,The Stooges 1969 1st Pressing EKS-74051 Elektra Red Label No Name Vinyl LP Rare,499.99,0.5416
v1|327291272848|0,THE STOOGES - FUN HOUSE LP. 1ST US PRESS.,132.50,0.5411
v1|318661028355|0,DIZZY GILLESPIE & MACHITO Afro-Cuban Jazz Moods PABLO LP VG+ o,8.00,0.5404
v1|178370499124|0,JIMMY GIUFFRE 3 ATLANTIC RECORDS JAZZ 90981 SUPER SAVER NEAR MINT!,6.99,0.5384
v1|800440217425|0,FREDDIE HUBBARD The Black Angel ATLANTIC LP o,8.00,0.5378
v1|257650162072|0,DJ Mark Farina – Mushroom Jazz OM Records – OM 005 LP IN SHRINK,200.00,0.5371
v1|800443916310|0,"Juice - Catch A Groove 12"" - Greedy - Disco Funk OG Press VG+ HEAR",26.67,0.5365
v1|366577514922|0,DUKE PEARSON Dedication! PRESTIGE LP o,16.26,0.5358
v1|168589166347|0,PSYCH SOUL Jimmy Caravan Holiday / Higher and Higher Tower 412 1968 VG+ PROMO,5.00,0.5351
v1|227462718006|0,White Witch - Self Titled NM lp Hard Rock Psych Record Southern Capricorn,5.99,0.5348
v1|366577511494|0,JIMMY RANEY TRIO Wistaria CRISS CROSS LP VG+ europe o,8.00,0.5348
v1|206460627662|0,"Every Mothers' Son Every Mothers' Son's Back MGM 12"" Vinyl LP Psychedelic Rock",2.00,0.5345
v1|800440147899|0,WILD BILL MOORE QUINTET Bottom Groove JAZZLAND LP VG+ mono o,10.75,0.5340
v1|257651889186|0,"PUBLIC ENEMY Can't Do Nuttin' For Ya Man DEF JAM 12"" VG++ SHRINK",5.50,0.5339
v1|407088969155|0,HUGH MASEKELA • Home Is Where The Music Is 1972 2xLP RARE Original LISTEN VG++,29.99,0.5339
v1|366581689019|0,The Gossip Thats Not What I Heard Vinyl LP 2000 Kill Rock Stars,12.00,0.5338
v1|318661013426|0,"PHINEAS NEWBORN, JR. TIO The Newborn Touch CONTEMPORARY OJC-270 LP VG+ o",8.00,0.5336
v1|287499613422|0,Grupo Niche - Se Paso . Original LP USA press Near Mint,14.99,0.5334
v1|336721802865|0,"FACTORY RECORDS: 52nd Street- Can't Afford 1985 US Profile/Black Suit 12""",10.00,0.5333
v1|206460775477|0,Vintage Deep Purple - Machine Head - 1972 LP Record Album Vinyl W/ Insert Rare,2.25,0.5329
v1|398243384318|0,PIXIES - Beneath The Eyrie - White Vinyl LP - Gatefold Cover,25.00,0.5328
v1|800443916392|0,"Sky - Do Me 12"" - Copious - Obscure Cosmic Disco Funk HEAR",69.00,0.5323
v1|366579741179|0,Rare German Pop LP - V/A - Die Grosse Star und Schlager Parade 1968- Sandie Shaw,12.99,0.5321
v1|366581813244|0,Midland let It Roll Double Vinyl Sea glass / Coke Bottle Clear Extremely Rare,150.00,0.5320
v1|398251070417|0,JAMES LAST Hair POLYDOR Psych | Breaks | Funk | Samples |  LP HEAR,9.99,0.5316
v1|307102939768|0,Pomping Vila Moments Of Enchantment LP Gift RARE Private Organ Lounge Exotica,30.00,0.5313
v1|147479149633|0,Funk Inc Chicken Lickin Lp jazz funk Vg,59.99,0.5304
v1|407117179270|0,"D'Angelo ""Voodoo DJ Soul Essentials"" R&B Hip Hop 12"" EP Virgin Promo OG",7.99,0.5294
v1|206457726732|0,"XR 7 - S/T 12"" - Quality Canada - Synth-Pop Funk OG Press VG+ HEAR",8.00,0.5293
v1|257650421221|0,Mark Morrison - Return of the Mack DMD 2415 PROMO 2 x LP  FULL ALBUM RARE,60.00,0.5293
v1|188733508537|0,Gospel - Esther Vernon Only One Life - Rare Private Press California 70’s Soul ,9.99,0.5289
v1|188734676468|0,THE SKWARES - START IT UP Vinyl PROMO LP RECORD 1988 Album SOUL 832 571-1 NM,9.99,0.5289
v1|366577507184|0,SONNY ROLLINS The Bridge RCA VICTOR LP germany o,10.50,0.5283
v1|128007024688|0,Chustz & Powell -The World- Drum Machine Modern Soul Gospel Boogie LP - Hear,12.50,0.5283
v1|227459523571|0,DEVENDRA BANHART SMOKEY ROLLS DOWN THUNDER CANYON RARE OG 1ST PRESS 2LP W/POSTER,25.00,0.5280
v1|128011270891|0,ORIG 1963 Jan & Dean STEREO Liberty LP Drag City in SHRINK ! Mint- Condition!,24.99,0.5280
v1|366577529179|0,ASTRUD GILBERTO/ANTONIO CARLOS JOBIM Self Titled CAPITOL T-2160 LP VG+ mono o,15.50,0.5275
v1|800440176539|0,RONNIE FOSTER On The Avenue BLUE NOTE LP o,8.00,0.5266
v1|800443916361|0,"Precious - Taboo 12"" - JDC - Modern Soul Boogie Funk VG+ Shrink HEAR",81.00,0.5261
v1|206457726624|0,"Joan Ashe - My Life 12"" - Gold Mine - Modern Soul Boogie SEALED",80.00,0.5254
v1|178368152336|0,SUDDEN IMPACT DIRTY HARRY FILMS SCHIFRIN FIELDING VINYL NEAR MINT IN SHRINK!,14.99,0.5241
v1|318664077228|0,Kwick - To The Point LP - EMI America,46.00,0.5241
v1|117336593883|0,Jerry Lee & Company -Searching- Modern Soul Gospel Boogie LP on Birthright -Hear,9.99,0.5235
v1|298553819347|0,"FIRST CALL / SOMETHIN' TAKES OVER, 1987 Dayspring LP, 7-01-416101-6, VG+, RARE!!",11.99,0.5231
v1|366577517282|0,OLIVER NELSON A Dream Deferred FLYING DUTCHMAN 2XLP gatefold o,8.00,0.5231
v1|278248307881|0,"Classic Rock Psych Folk-8 45 Lot  Troggs Lindisfarne Obscure 7"" vinyl 60's 70's",4.49,0.5230
v1|287499748603|0,"CAROL HAHN - DO YOUR BEST 12'' 45 RARE 1982 US NICKEL, FUNK SOUL BOOGIE",7.99,0.5228
v1|318661060192|0,HERBIE HANCOCK Man-Child COLUMBIA LP VG+ o,18.59,0.5220
v1|800440148849|0,HANK MOBLEY Hi Voltage BLUE NOTE LP van gelder o,8.00,0.5217
v1|257653786000|0,Jimmy Smith a Date With NM! 1957 NY23 DG Hank Mobley Vol 1 1547 Blue Note lp,30.00,0.5217
v1|358865723810|0,Spinners - Dancin' And Lovin' - 1979 Funk/Soul/Disco in Shrink - SD 19256 VG/EX,10.00,0.5215
v1|398242666264|0,Mick Jagger - She's the Boss - 1985 Solo LP - First Pressing Vinyl Promo,13.50,0.5213
v1|318661041817|0,CHICO HAMILTON The Further Adventures Of El Chico IMPULSE LP gatefold o,10.50,0.5212
v1|198543090567|0,"COUP, The - DIG IT/F**K A PERM - Vinyl 12"" Single 1993 Original US Press!",7.98,0.5207
v1|236979814881|0,"FACTORY RECORDS: Happy Mondays- W.F.L. 12"" UK 1989 DJ COPY PROMO ONLY",10.00,0.5203
v1|206457726692|0,"Sharon Nelson - Standing Invitation 12"" - Pressure UK - Modern Soul Boogie HEAR",17.50,0.5197
v1|366572949802|0,LP SOUL / DISCO / BILL BRANDON / SELF TITLED / PRELUDE,9.99,0.5193
v1|117337043334|0,The Flaming Lips Oh My Gawd  1987 US first Press Clear Vinyl Alternative rock,32.00,0.5193
v1|188732493821|0,Jazz - Freddie Hubbard Red Clay Rusty Bryant Fire Eater - CTI - 70’s Funk Soul,9.99,0.5190
v1|366577519657|0,RICHARD DAVIS The Jazz Wave PA-USA LP o,8.00,0.5189
v1|198542997533|0,"A.D.O.R. - LET IT ALL HANG OUT - Vinyl 12"" Single 1992 US Press Pete Rock Remix!",7.98,0.5188
v1|800440175571|0,FLIM & THE BB'S Self Titled SOUND 80 S80-DLR-102 LP VG++/VG+ gatefold o,8.50,0.5187
v1|366579103324|0,Beacon Street Union The Eyes of Beacon Street Union OG Psych LP,9.99,0.5184
v1|318661020134|0,"BILL EVANS TRIO Portrait In Jazz MOFI 2X12"" VG+ 45rpm 180g boxset Ltd. Ed. o",58.00,0.5183
v1|318668770388|0,Prince & The Revolution The New Master 1999 12” Purple  Promo Record Translucent,20.00,0.5180
v1|318664077220|0,Karin Jones - Under The Influence Of Love LP - Handshake OG Press VG++ PROMO,305.00,0.5176
v1|336722427081|0,Brian Auger's Oblivion Express – A Better Land LP RCA LSP-4540 Jazz Rock 1971 EX,4.99,0.5166
v1|178368369293|0,New Edition Vinyl Set of 2: Blue Moon & Cool It Now LP Record,24.99,0.5166
v1|318664077259|0,"Mick Jessup - Take It Easy 12"" -  Starplex Modern Soul Boogie OG Press VG+ HEAR",51.00,0.5165
v1|227457599106|0,Taboo The Exotic Sounds Of Arthur Lyman LP HiFi R-806 1958 Mono Exotica Jazz EX,8.00,0.5161
v1|188728718126|0,Charli xcx brat and its completely different but also still brat 3LP Clear Vinyl,45.00,0.5160
v1|168583463025|0,"KELLEE PATTERSON  S/T on Shadybrook OG cut notch, SEALED! Funk, Soul Masterpiece",99.99,0.5159
v1|307102684258|0,Edison Jazz Disc 51105 Struttin' Blues Away - Atlantic Dance Orch / Green Bros,15.00,0.5159
v1|257651809008|0,"PATRICE RUSHEN Forget Me Nots ELEKTRA 12"" VG++ US pressing",5.50,0.5153
v1|257658079708|0,"TODD TERRY Fingertrips HENRY STREET MUSIC 12"" NM '96 house",5.00,0.5151
v1|267743500301|0,"Stillife – RUBRICA Contagion Records – EP-001 RARE ELECTRONIC EXPERIMENTAL 10""",220.00,0.5137
v1|198542903185|0,3 EP LP SEALED 80's new wave synth pop Wide Boy Awake TicToc Talk Proper NM!,10.00,0.5136
v1|366577528891|0,TERRY GIBBS QUARTET Take It From Me IMPULSE LP VG+ gatefold o,16.60,0.5133
v1|267745986190|0,"Chet Baker ‎""Blood, Chet And Tears"" Original 1970 Press Mono Jazz LP - NM/NM",15.00,0.5130
v1|298554559681|0,Botch The John Birch Conspiracy Theory EP Black Vinyl Hydra Head,5.00,0.5127
v1|800443916302|0,"J. Dantas - Get A Life!/Attitude 12"" - D & S - Modern Soul Boogie VG+ HEAR",10.01,0.5127
v1|257658126869|0,ALICE COOPER-LOVE IT TO DEATH-CLASSIC ROCK LP ON WB-1ST PRESS,12.99,0.5124
v1|257650173000|0,Mémoriance – Et Après... 1976 EURODISC LP 28 030 Made In France RARE PROG ROCK,125.00,0.5123
v1|278208674372|0,Gism Japanese Noise Punk Lot #5 Disclose Mob 47 Discharge Chaos Uk Riistetyt,15.50,0.5119
v1|287494768592|0,FAZE-O BREAKIN THE FUNK  R&B SOUL 12' LP 33RPM VG++,9.99,0.5119
v1|278240957075|0,The Meters - The Best Of The Meters LP - 1975 Stereo Virgo Label,39.95,0.5117
v1|377389407429|0,The Johny Louis Trio – The In Crowd Vinyl Record LP Jazz Funk Soul 1965 Mono,6.99,0.5113
v1|318661022397|0,MAYNARD FERGUSON SEXTET Self Titled MAINSTREAM 56060 LP mono o,8.00,0.5111
v1|800451205574|0,Margie Joseph~Self Titled~Atlantic SD-7248 (VG),7.99,0.5097
v1|188734671605|0,THE ELECTRIC HORSEMAN SOUNDTRACK Willie Nelson RECORD Vinyl PROMO LP JS36327 EX+,9.44,0.5087
v1|178358691224|0,The Fat Lady Sings - TWIST German Vinyl 33rpm LP EastWest  1991 + insert-lyrics,9.99,0.5080
v1|206461101172|0,S.A. SMASH | Smashy Trashy | Double Vinyl Rap Record | EL-P/Aesop Rock/Cage | OG,30.00,0.5074
v1|800443916309|0,"Karriem - I Love You 12"" - Pashlo - Private Soul Funk Disco OG VG+ Shrink HEAR",216.50,0.5069
v1|307097569564|0,"TODOS ESTRELLAS - SIGLO II DE NUESTRA ERA - 1986 CUBAN LP, AFRO CUBAN JAZZ",19.99,0.5068
v1|188734655082|0,"THE MEAN MACHINE - DISCO DREAM 12"" Vinyl RECORD Hip Hop SH 564 NM",9.22,0.5066
v1|198543057679|0,"BIZ MARKIE - VAPORS - Vinyl 12"" Single 1988 Cold Chillin' OG US Still in Shrink!",7.98,0.5064
v1|236980125939|0,RESULTS LIZA MINELLI / PET SHOP BOYS 1989 lp synth-pop studio album,19.91,0.5059
v1|318661028494|0,EGBERTO GISMONTI No Caipira EMI LP VG+ brazil embossed cover w/ newspaper o,16.50,0.5052
v1|198542479052|0,"The Queers - Don't Back Down, 1996 vinyl, original Lookout! release",79.99,0.5045
v1|407120986098|0,King of Limbs by Radiohead Vinyl Record 2011 Original Pressing LP,13.99,0.5039
v1|206457726620|0,"Jeanie Tracy - Can I Come Over & Play 12"" - Honey Rare Modern Soul OG VG++ HEAR",275.00,0.5039
v1|398242715870|0,Tears For Fears  - I Believe A Soulful Re-Recording 12” VINYL Japan Only-15PP-50,7.50,0.5037
v1|257658110436|0,"TYREE COOPER Acid Over UNDERGROUND 12"" VG++ 1987 house",5.00,0.5035
v1|287499775857|0,"Captain Beyond Dawn Explosion 77 LP Original Winchester Press ""Anchor"" Dead Wax",7.95,0.5034
v1|128007345837|0,Miles Davis ( Sign Singiture ) CL 1274  Porgy & Bess  G+,1700.00,0.5033
v1|227459588097|0,Black Flag Slip It In LP First Press SST 029 Henry Rollins KBD,30.00,0.5023
v1|318661015953|0,ERIC DOLPHY/RON CARTER Magic PRESTIGE 2XLP VG+ gatefold o,8.00,0.5020
v1|257651953113|0,"ROBIN JOY I Plead Guilty MACOLA 12"" NM/VG++ modern soul HEAR",5.00,0.5017
v1|128008986935|0,Squeeze - Babylon And On - NM/MM 1987 Synth Pop Rock A&M SP-5161 Sleeve 1ST Pres,4.99,0.5013
v1|366577520996|0,BUDDY DE FRANCO Cooking The Blues VERVE LP VG+ mono japan w/ insert & obi o,8.00,0.5012
v1|407116072284|0,TUXEDOMOON -  NO TEARS VINYL 4-SONG   Self Release 1978 ,50.00,0.5007
v1|358878810607|0,"Bobby Bowens ""Gonna Love Somebody"" Rare Modern Soul Boogie 45 Galactic mp3",14.50,0.5004
v1|318661015041|0,HANK MOBLEY Reach Out! BLUE NOTE LP van gelder gatefold o,8.00,0.5003
v1|398251136402|0,SATOR-SLAMMER!-LP-VINYL-Rare Punk Metal Import SWEDEN-RADIUM RA 033,5.09,0.5003
v1|407088976279|0,BLIND FAITH • Blind Faith 1969 LP LISTEN,9.99,0.5002
v1|128011143137|0,LOS MADRUGADORES DEL BAJIO   FERIAS MEXICANAS       ULTRA RARE USED VG,49.99,0.5000
v1|398251049228|0,FREDDIE HUBBARD Sky Dive CTI Killer! | Jazz Funk | Modal | LP HEAR,9.99,0.4998
v1|206457726728|0,Velvet Hammer - Call Me LP - Soozi - Modern Soul Disco PROMO,42.00,0.4997
v1|257651549635|0,"LYDIA LEE LOVE Don't Take Your Love NEW YORK GROOVE 12"" VG++ freestyle 1987",14.50,0.4991
v1|298560378036|0,Heatmiser Mic City Sons Vinyl 2XLP Elliott Smith Third Man Records,65.00,0.4990
v1|198543033327|0,"BEATNUTS - PROPS OVER HERE - Vinyl 12"" Single 1994 Relativity Original US Promo!",7.98,0.4988
v1|407120987475|0,In Rainbows Radiohead vinyl 2017 US Record LP,18.50,0.4987
v1|298305411546|0,Annie Lennox DIVA - First EU Vinyl Pressing - Near Mint!,20.00,0.4978
v1|298554712772|0,"Traffic - John Barleycorn Must Die 12"" Vinyl LP 33 RPM, Island Classic Rock",2.54,0.4978
v1|257658111495|0,"TYREE COOPER FEAT. CHIC I Fear The Night UNDERGROUND 12"" NM 1986 original ",5.00,0.4968
v1|158137374506|0,"MAGIC MIKE Millionaire 7"" Vinyl RARE OBSCURE PUNK ROCK record THE DAMNED Atomic",13.00,0.4968
v1|287499748599|0,"ADAM HARASIEWICZ - CHOPIN ETUDES COMPLETE LP RARE PHILIPS JAPAN, W/ BOOKLET",7.99,0.4966
v1|398251095712|0,THE EXECUTIVES Going Places | Private | Florida | Funk | Soul | LP HEAR,9.99,0.4964
v1|800443916414|0,"The Prize - Desire 12"" - Special - Modern Soul Boogie VG+ HEAR",11.50,0.4951
v1|236979841268|0,YES ‎– Relayer  Vinyl Record 1974 US WL Promo-only banded LP  VG+,20.00,0.4951
v1|298554567498|0,The Move Shazam LP A&M SP4259 ,15.00,0.4950
v1|267742718826|0,Gene Clark - Roadmaster LP A&M Holland 1976 - Play Graded Near Mint,61.00,0.4945
v1|307103144981|0,OLIVER NELSON SEXTET Screamin' the Blues ERIC DOLPHY  LP OJC-080 EX,10.50,0.4944
v1|236980248453|0,Tangerine Dream Phaedra Vintage 1974 Vinyl LP Virgin Record  VR 13-108 EX/VG+,4.99,0.4938
v1|318663858175|0,Rare BRAVE 45 Ashes Of Dawn #1027 Yesterday’s Dream 1968 Psychedelic Rock Sleeve,99.00,0.4935
v1|318664077333|0,Sylvia Striplin - Give Me Your Love LP - Uno Melodic - Rare Modern Soul OG VG+,739.00,0.4933
v1|366581560878|0,"Alternative Surf Rock/Psych LAWNDALE ""Beyond Barbecue"" LP 1986 SST Excellent",12.99,0.4925
v1|188733517974|0,V/a NO NEW YORK Lp RARE OOP KBD Teenage Jesus And The Jerks RUSSIA PRESS,59.99,0.4924
v1|257651613689|0,"MARIAH CAREY Thank God I Found You COLUMBIA 12"" VG+",5.00,0.4907
v1|257650078133|0,Carver High - Dealin' With It CHALLENGER RECORDS CF 2000 BOOGIE FUNK RARE LP,100.00,0.4906
v1|398243407589|0,KENNY DORHAM - EASE IT! - MUSE MR5053,30.00,0.4899
v1|318661068653|0,PAUL HORN QUINTET Profile Of A Jazz Musician COLUMBIA LP mono 2-eye o,8.00,0.4896
v1|158149979746|0,"Bone Thugs-N-Harmony ""E. 1999 Eternal"" Rap Hip Hop LP Ruthless OG",102.50,0.4892
v1|188732463987|0,Jazz - The Crusaders Hollywood - MoWest - 70’s Funk Soul Fusion ,9.99,0.4887
v1|206457726686|0,"Rojas - With Your Love 12"" - AMB - Rare Modern Soul Boogie HEAR",99.99,0.4881
v1|236980271918|0,ANTHRAX Spreading The Disease 1985 US OG in Shrink Vinyl Megaforce 90480-1,41.00,0.4879
v1|800443916336|0,"Michael Adevereaux - Sure Love 12"" - Nouveaux - Modern Soul Boogie Funk VG+ HEAR",13.50,0.4878
v1|188732221802|0,Rock - Public Image LTD Second Edition - Island - Post Punk Experimental,14.50,0.4878
v1|198543061066|0,Soft Verdict / Struggle For Pleasure / Vinyl / Beat / Les / 1983 / Belgium - VG+,9.99,0.4877
v1|318668060037|0,"Mario van Peebles & Nappy Proletariat – Identity Crisis - US 12"" 1989",4.99,0.4872
v1|117341316558|0,Afro Cuban Jazz Album Vinyl LP Record Charlie Parker Dizzy Gillespie Machito EX+,9.99,0.4867
v1|398251048808|0,CURTIS MAYFIELD  Curtis CURTOM Orig | Funk | Soul | LP HEAR,21.50,0.4863
v1|327292533692|0,"Strung Out The Element Of Sonic Defiance Yellow Red Splatter 12"" Vinyl LP LE/600",42.00,0.4862
v1|366579090652|0,Agression Don't Be Mistaken OG LP w/Insert on BYO Hardcore Punk Rare,13.00,0.4861
v1|198543026715|0,"BEASTIE BOYS - CH-CHECK IT OUT - Vinyl 12"" Singles (2 Copies!) 2004 Promos!!",7.98,0.4860
v1|227453600294|0,LP SOUL / SHARON RIDLEY / STAY A WHILE WITH ME / PHIL LA,9.99,0.4858
v1|800440181813|0,DEXTER GORDON QUARTET The Apartment INNER CITY LP VG+ o,8.00,0.4857
v1|336721968066|0,LP Miriam Makeba PATA PATA REPRISE OG RS 6274Stereo OG Press (1967) MINT-,19.95,0.4853
v1|198542701066|0,TSOL S/T Lp RARE OOP KBD PUNK OG 2nd PRESS,99.99,0.4852
v1|318664077323|0,Spunk - Tighten It Up LP - Gold Coast - Rare Modern Soul Boogie VG++ Shrink,56.55,0.4851
v1|257651652824|0,"MCFADDEN & WHITEHEAD Aint No Stoppin Us Now Phillies/Eagles Versions TSOP 12"" NM",5.00,0.4850
v1|366579741174|0,"Rare R&B LP - Young Jessie - Hit, Git & Split - Kent # KLP-4005 - Import",12.99,0.4846
v1|188730570237|0,Rock - Davis Lewis Heart Of Stone - Tarzana - 80’s Heavy Metal Hard Rock Private,9.99,0.4834
v1|188743670359|0,Very Rare 1992 Beat Happening You Turn Me On  LP Sub Pop K Records Red Vinyl,50.00,0.4826
v1|147480728237|0,Alice In Chains - Alice In CHAINS 2 LP Rare White Vinyl Pressing NM Vinyl,100.00,0.4826
v1|198541017049|0,8 EYED SPY FETISH FR 2003 MINT- LP MD U.K. 1981,44.99,0.4825
v1|298546486734|0,THOM YORKE Vinyl Lot HARROWDOWN HILL Analyse UK XL  RADIOHEAD Erasure single ,50.00,0.4822
v1|147479234091|0,"Rot Drowned In Restrictions 7"" EP 1992 Rotthenness Grindcore EX/VG",37.00,0.4820
v1|158135563030|0,"DEVO ""DUTY NOW FOR THE FUTURE"" 1979 WB RECORDS VINYL LP DIE CUT COVER VG+",11.50,0.4819
v1|188734733020|0,ISLE OF MAN Self-Titled Vinyl LP Promo RECORD 1986 Album Z40319 NM,9.50,0.4817
v1|236971861885|0,LIGHT - Keys - '81 private press NM prog rock LP + BOB LUDWIG,14.99,0.4814
v1|800440218583|0,BOBBI HUMPHREY Flute-In BLUE NOTE LP united artists o,27.00,0.4811
v1|206457726628|0,"Jovan - Lock To Rock 12"" - Jovi - Modern Soul Boogie HEAR",150.00,0.4806
v1|257651504672|0,"LIME Unexpected Lovers TSR 12"" NM SHRINK QUIEX vinyl",8.50,0.4806
v1|236980346783|0,JOE TURNER boss of the blues sings kansas city jazz ATLANTCgreenlbl vinyl LP VG+,14.14,0.4793
v1|800440184096|0,JIM HALL TRIO Circles CONCORD JAZZ LP VG+ o,9.63,0.4782
v1|198537491364|0,Michael Card ‎– First Light   pop  Religious Gospel  Xian NeaR MINT  Lp,9.00,0.4780
v1|800440167960|0,ART FARMER/JIM HALL Big Blues CTI LP VG+ gatefold o,8.50,0.4778
v1|128007720010|0,NYTRO Return To Nytropolis 1979 LP on Whitfield #WHK 3275 R&B FUNK DISCO Shrink!,9.99,0.4775
v1|198543138940|0,"MISSY ELLIOTT - GET UR FREAK ON - Vinyl 12"" Single 2001 - Original US Press!",7.98,0.4771
v1|128002943021|0,SYLVIE VARTAN I Don't Want The Night To End 1979 FUNK SOUL DISCO LP on RCA DEMO,5.99,0.4768
v1|358878887214|0,"Everlife ""Dream Machine"" Modern Soul/Disco Funk 45 Jibaro mp3",9.99,0.4766
v1|137570239143|0,Scott Wesley Brown I'm Not Religious I Just Love The Lord lp in shrink + Bonus,7.99,0.4753
v1|800440141089|0,CECIL PAYNE Bird Gets The Worm MUSE LP o,8.00,0.4749
v1|318660975088|0,PETE RUGOLO Music For Hi-Fi Bugs EMARCY LP mono o,8.00,0.4747
v1|318672012700|0,"Davis & Davis - Professor On Center Stage 12"" - CS - Rare Electro Rap VG++ HEAR",23.50,0.4746
v1|366577523873|0,CHARLES EARLAND Live At The Lighthouse PRESTIGE LP VG+ o,8.00,0.4745
v1|800450176966|0,Artless-I TOUCH MYSELF/HARASS-PINK VINYL-45RPM,4.00,0.4739
v1|147479170052|0,Mentors You Axed For It Prune Skin Brown Vinyl LP + 7 Punk Metal EX/EX,46.00,0.4735
v1|318660975026|0,"GEORGE RUSSELL New York, N.Y. & Jazz In The Space Age MCA 2XLP VG+ gatefold o",8.00,0.4735
v1|398251056361|0,STANLEY TURRENTINE Another Story BLUE NOTE  BST 84336 | Van Gelder |   LP HEAR,9.99,0.4734
v1|336721978556|0,LP George McCrae Diamond Touch 1976 TK 606  LBL OG Funk Soul Disco MINT-,14.95,0.4733
v1|188713501591|0,Boyd Senter - Not Maybe - OKEH 40836 E/E+,19.99,0.4733
v1|278212221465|0,Doom Lot#1 Psych Uncle Acid Electric Wizard Witchcraft Sword Om Black Sabbath,10.50,0.4732
v1|168583440954|0,CHICAGO GANGSTERS Blind Over You 1975 Gold Plate  MEGA FUNK & Soul Grooves M-,99.99,0.4727
v1|298560520770|0,"Funeral For A Friend / Moments In Grace Split 7"" Clear Vinyl Damaged Sleeve VG+",15.00,0.4724
v1|206461149974|0,2001 Warren G The Return Of The Regulator 2xLP 12” Vinyl Promo,0.99,0.4722
v1|227457546022|0,"Madonna Like a Virgin 1984 Vinyl LP 12"" 33 RPM Sire Records Black NM/VG+",9.99,0.4713
v1|188718493925|0,"ALUNA - ALL OF MY LIFE 12"" Vinyl 2003 RECORD TRANCE TB 2411-0 NM",9.99,0.4701
v1|257651697259|0,"MIKEY JARRETT Husslin Slowdown NU GROOVE 12"" VG++ 1989",5.00,0.4695
v1|307107205040|0,RARE SHRINK MINT 1968 Orig CUBY + BLIZZARDS LIVE Hard DUTCH Blues Q'65 OUTSIDERS,29.98,0.4693
v1|188734734721|0,"THE MISSION U.K. - KINGDOM COME 12"" PROMO Vinyl 1988 RECORD Goth Rock 612-1 NM",9.22,0.4693
v1|298553805657|0,Morrissey The More You Ignore Me 7” Vinyl Parlophone UK Numbered 1994,15.00,0.4691
v1|188734728389|0,"BRIAN McKNIGHT - BACK AT ONE (DANCE REMIXES) 12"" Vinyl 1999 RECORD 012156501 NM",9.50,0.4687
v1|257650480599|0,"When In Rome – THE PROMISE Virgin – 0-96662 SYNTH-POP CLASSIC 12""",30.00,0.4683
v1|198543102662|0,"CYPRESS HILL - INSANE IN THE BRAIN - Vinyl 12"" Single 1993 OG US Promo!!",7.98,0.4677
v1|298554533869|0,Gehenna The Birth of Vengeance Punk EP Black Vinyl Record w/ Sleeve Insert,10.00,0.4674
v1|267747395929|0,SMASHING PUMPKINS DOUBLE LP MACHINA: THE MACHINES OF GOD VIRGIN/CAPITOL/ UMe '00,39.99,0.4671
v1|198543182626|0,"YOUNGEN - BIG BOO 'T' - Vinyl 12"" Single US 1992 Tandem Records!",7.98,0.4670
v1|318668065575|0,Sydney Youngblood – Feeling Free - EU House/Synth Pop Import LP + OIS 1989,4.99,0.4668
v1|336721815047|0,FACTORY RECORDS: Electronic- Getting Away With It UK FAC257 White Label Promo,10.50,0.4660
v1|377389408229|0,Michael Henderson - Do It All - Vinyl Record LP Buddah BDS 5719 Stereo Soul Funk,4.99,0.4658
v1|800454443715|0,Don-D - Cold Blooded EP - Nazzmatazz - Rare Random Rap SEALED,16.17,0.4657
v1|800440202892|0,ROLAND HANNA Perugia FREEDOM LP VG++ uk o,8.50,0.4649
v1|800440162372|0,BILL EVANS Montreux II CTI LP gatefold o,8.00,0.4647
v1|178367745427|0,IN HEARING OF ATOMIC ROOSTER-1971 PROG ROCK-ELECTRA-SICK INSAINE ASS VINYL LP,33.33,0.4646
v1|178370127510|0,Agnostic Front United Blood EP Original Pressing 1983,2999.00,0.4644
v1|178355328620|0,Billy Riley-Rock With Me Baby/Trouble Bound-NM,50.00,0.4642
v1|257651618739|0,"MARK IV Rainy Days WORLD TRADE 12"" VG++ 1985 modern soul",5.00,0.4642
v1|257651665273|0,"MEN WITHOUT HATS The Safety Dance STATIK 12"" NM UK pressing",9.50,0.4631
v1|366577530777|0,CHICO HAMILTON Chic Chic Chico IMPULSE LP gatefold o,10.16,0.4629
v1|198542781639|0,Eberhard Weber Yellow Fields ECM 1066 vinyl EX/VG+ TESTED 1976 ECM Records Jazz,23.99,0.4629
v1|188734665523|0,"CASS/SLIDE & D. TEN - FEVER RISING 12"" Vinyl UK 2001 RECORD ERIF015 NM",9.44,0.4625
v1|236973901928|0,Italo Disco Bravo Look At Me Baby / Touch Me Now 12” Single,4.99,0.4622
v1|336721972409|0,LP LABELLE Chameleon EPIC 34189 LBL 1976 OG Soul Funk MINT- OG INNER SLEEVE,14.95,0.4620
v1|206462527538|0,DMX - It's Dark And Hell Is Hot 2xLP - Def Jam OG Press,50.00,0.4615
v1|188734670885|0,"KRS-ONE RETURN OF THE BOOM BAP / MORTAL THOUGHT 12"" Vinyl RECORD 42208 NM",9.99,0.4615
v1|168581253475|0,"SEDUCTION~""HEARTBEAT""~Orig. 1989~ELECTRONIC~HOUSE~7'' 45rpm~RARE~VENDETTA~M-",0.99,0.4613
v1|198543113062|0,"DE LA SOUL ft. REDMAN - OOOH. - Vinyl 12"" Single 2000 Tommy Boy OG US Promo NM!",7.98,0.4611
v1|307097569525|0,"LAS ABAJEÑAS - LO MANDE AL NORTE - 1989 MEXICAN LP TRANSLUCENT WAX, NORTEÑO",19.99,0.4610
v1|327292746674|0,The MOODY BLUES Days Of Future Passed Vinyl LP  US 1968 Stereo Bestway Pressing,3.99,0.4602
v1|257651570916|0,"MADONNA Causing A Commotion SIRE 12"" NM SHRINK",5.00,0.4602
v1|206457726703|0,"Steve Marshall & Touch - Maintain 12"" - Reynolds - Disco Funk OG Press HEAR",43.00,0.4602
v1|318672055035|0,the vapors new clear days vinyl USED VG,9.99,0.4600
v1|188737622254|0,Golden Earring – The Cut Sessions RSD '24 2LP colored vinyl(like New/played),42.99,0.4598
v1|236994428507|0,"Big Lot of 23 Soul, Funk Vinyl 33 RPM Album LP Records VG+ w/ Rare Titles V593",39.00,0.4597
v1|206457726643|0,Madonna - Erotica 2xLP - Maverick VG+ PROMO,27.00,0.4596
v1|227459665508|0,Nina Hagen ‎ In Ekstasy BFC 40004 US 1985 Vinyl New Wave Synth,7.99,0.4594
v1|206457726657|0,"Needa - Come On And Rock 12"" - Sunshower - Disco Funk OG Version HEAR",91.00,0.4584
v1|318670721901|0,Eric Bogle  Scraps Of Paper  Original Rare 1983 Flying Fish Records Folk Lp,1.99,0.4579
v1|366577506472|0,GIL SCOTT-HERON/BRIAN JACKSON Winter In America STRATA-EAST LP gatefold o,12.84,0.4578
v1|398251094770|0,BO DIDDLEY Another Dimension CHESS Black Psych | Funk | Breaks LP HEAR,9.99,0.4565
v1|407117457760|0,"L.L. Cool J ""Radio"" Rap Hip Hop LP Def Jam OG",15.00,0.4563
v1|377377290566|0,Rare Velvet Underground PROMO 45 RPM vinyl record Cotillion Label Who Love Sun,98.76,0.4557
v1|377389407719|0,Firefall - Undertow - Vinyl Record LP Atlantic SD 16006,5.99,0.4557
v1|278240951554|0,Bill Bruford Patrick Moraz Flags Vinyl Lp Record Album,14.99,0.4556
v1|800440109728|0,JOHN SCOFIELD Bar Talk ARISTA/NOVUS LP textured cover o,16.17,0.4554
v1|800443916405|0,"State Of Grace - Touching The Times 12"" - PRT UK - Modern Soul Boogie HEAR",88.88,0.4549
v1|366577531978|0,HERBIE HANCOCK Crossings WARNER BROS LP gatefold o,36.00,0.4546
v1|257651505732|0,"LIMP BIZKIT N 2 Gether Now INTERSCOPE 12"" ",5.00,0.4541
v1|168584763634|0,"NICK CHARLES~""THE THREE DOGWOODS""~Orig. 1962~FUNK~SOUL~7'' 45rpm~STAX~S-122~VG+",0.99,0.4536
v1|398241328733|0,Grateful Dead Aoxomoxoa LP Warner Bros WS 1790 Stereo Psych Acid Rock,25.00,0.4533
v1|398242509209|0,QUEEN — Self-Titled Debut LP (1973 Elektra EKS-75064) Ultra-Rare Radio Promo,275.00,0.4531
v1|257651890238|0,"PUBLIC ENEMY You're Gonna Get Yours DEF JAM 12"" NM",8.50,0.4531
v1|800440111989|0,SAM RIVERS Streams ABC/IMPULSE LP VG+ gatefold o,8.00,0.4526
v1|257651808737|0,"PATRICE RUSHEN Forget Me Nots ELEKTRA 12"" VG++ UK pressing",5.50,0.4525
v1|366572812509|0,45 AFRO BEAT / KENNY GRAHAM'S AFRO CUBISTS / BONGO CHANT / AFRO / LISTEN,9.99,0.4519
v1|800443916406|0,Stratosferic Band - Splash LP - Voom Voom Music - Italian Space Disco,18.50,0.4516
v1|800443916403|0,"Steve Jones - I Need You By My Side 12"" - P. Flight UK - Modern Soul Boogie HEAR",62.61,0.4515
v1|198543068862|0,"BOOGIE DOWN PRODUCTIONS (BDP) - YA KNOW THE RULES - Vinyl 12"" Single 1990 OG US!",7.98,0.4511
v1|158148043754|0,Dexys Midnight Runners - Searching For The Young Soul Rebels US LP VG+/VG+ 1980,15.00,0.4505
v1|168583728600|0,THE McGUIRE SISTERS - Right Now! LP in Shrink Mono 1965 - EX/EX Ultrasonic Clean,12.99,0.4502
v1|188727751853|0,THE ZULUS - DOWN ON THE FLOOR Vinyl PROMO LP RECORD 1989 Alternative Rock NM,9.99,0.4502
v1|287505456708|0,Clarion Senior High School Concert Band - Sounds Of The 70s LP Private - SEALED,4.50,0.4500
v1|267742675666|0,"SASHA Global Underground 013 Ibiza LIMITED EDITION 3 x 12""",170.00,0.4494
v1|287494755195|0,CON FUNK SHUN ELECTRIC LADY  R&B SOUL 12' LP 33RPM VG++,9.99,0.4493
v1|158154952337|0,SOUL PSYCH Tom and Bobby You Came Along (That Day) Mohawk 1061 1970s NM,5.00,0.4493
v1|800454617259|0,"INTRODUCING DUKE PEARSON BIG BAND-BLUE NOTE BST 84276, VAN GELDER STAMP",19.99,0.4491
v1|398251094373|0,OTIS REDDING Pain In My Heart ATLANTIC  UK  | Orig | Soul | R&B | LP HEAR,9.99,0.4490
v1|117336543550|0,The New John Howard Gospel Caravan -I Want To Be- Modern Soul Boogie LP - Hear,9.99,0.4489
v1|287501070263|0,BOB DYLAN 'THE TIMES ARE A CHANGIN' LP- FIRST PRESSING - COLUMBIA 2 EYE - MONO,129.99,0.4489
v1|278208645852|0,Gism Japanese Noise Punk Lot #4 Disclose Amebix Discharge Spazz Exploited Doom,26.00,0.4488
v1|278208690928|0,Gism Japanese Noise Punk Lot #6 Doom Discharge Lebenden Toten Crass Subhumans,14.50,0.4488
v1|800440146564|0,JOHN KAIZAN NEPTUNE & MU'RYO Shogun INNER CITY LP gatefold o,8.00,0.4486
v1|336722386187|0,Yes - Tales From Topographic Oceans 1973 Atlantic Records Vinyl SD 2-908 VG+/VG+,4.99,0.4484
v1|398250800407|0,"The Amazing BUD POWELL TRIO Self Titled ROYAL ROOST RLP-412 10"" mono 1953 Jazz",9.99,0.4479
v1|318668597383|0,Carpenters - s/t - US LP Gatefold 1971,4.99,0.4475
v1|407117256350|0,"Flatlinerz ""U.S.A."" Rap Hip Hop LP Def Jam Promo OG",8.50,0.4474
v1|336722273134|0,"Public Enemy Youre Gonna Get Yours 12"" Vinyl Record Rebel Without A Pause 1987",9.99,0.4470
v1|800440108884|0,SHIRLEY SCOTT/STANLEY TURRENTINE Blue Flames PRESTIGE OJC-328 LP VG++/NM o,8.00,0.4464
v1|287499691266|0,Del Amitri Waking Hours Vinyl LP Rare OOP US First Press A&M Records VG+ Nice!,9.99,0.4462
v1|257658146995|0,"VFJ PROJECT Obscure HEROES 12"" VG+ ITALY 2001 house",5.00,0.4462
v1|117341114824|0,LOS INTOCABLES  LINDA SALVADOREÑA    ULTRA RARE USED VG,29.99,0.4461
v1|168581260434|0,"FRANCE JOLI~""COME TO ME""~Orig. 1979~FUNK~SOUL~DISCO~7'' 45rpm~PRELUDE~VG+",0.99,0.4461
v1|168583446467|0,"Oingo Boingo - Boi-Ngo rare original 1987 LP - MCA, MCA-5811 - w/ insert - Nice!",34.99,0.4455
v1|147479696130|0,"HIP-HOP 12"" ""MORE BOUNCE (RAP)"" BOBBY DEMO ( SCORPIO 1981 ) CANADIAN IMPORT",12.00,0.4449
v1|307102555272|0,"M- 1973 ""UTOPIA"" ~ Amon Duul II + EMBRYO ~ PROG PSYCH KRAUTROCK ~ ATOMIC WINDS",49.98,0.4448
v1|366581686074|0,"Gossip Arkansas Heat 12"" Black Vinyl Record Kill Rock Stars Rock",20.00,0.4445
v1|398251060921|0,NIKKI GIOVANNI Truth Is On Its Way RIGHT ON Afro Jazz | Funk | Breaks LP HEAR,9.99,0.4444
v1|198543096885|0,Motely Crue - Shout At The Devil Vinyl LP (OG),19.95,0.4444
v1|168584179019|0,The 4 Seasons Genuine Life Gazette Vinyl LP w/ Gazette Insert Phiips PHS 600-290,1.00,0.4444
v1|188729291617|0,Funk Soul - Billy Larkin Funky Fire - Kola Shanah - Rare 45rpm VG+ Private Press,18.50,0.4439
v1|267747677427|0,SOUL FUNK DISCO BOOGIE 45 by FREEZ RARE GA. TWO SIDER HEAR CLIPS,10.50,0.4439
v1|287499587525|0,Raphy Leavitt Y La Selecta - Siempre Alegre. Original LP. Excellent condition,19.99,0.4436
v1|206458193747|0,"THE DICKIES self titled 10"" 1978 A&M Punk 10"" White Vinyl EP VG+/EX Play Tested",19.00,0.4433
v1|267746405427|0,Jud Strunk Lp Daisy A Day On Mgm - Vg++/ Vg++ Original Pressing,2.99,0.4432
v1|257652003755|0,"SANDEE Notice Me FEVER 12"" VG++ original 1988 freestyle",5.00,0.4431
v1|800440176807|0,RONNIE FOSTER Two Headed Freap BLUE NOTE LP o,25.00,0.4430
v1|257657567999|0,LP Original 1977 Chic Self Titled EX /EX,6.99,0.4426
v1|336722009638|0,Journey In the Beginning Vinyl LP Original Pressing Very Good Condition,5.00,0.4425
v1|336722393795|0,John Cale Paris 1919 Vinyl LP Reissue K 44239 Allen Landau Mastered UK EU,17.50,0.4423
v1|398243407599|0,ERNIE HENRY - Presenting ERNIE HENRY - Riverside LP 12-222 Sm Blue Label DG,125.00,0.4420
v1|257651583752|0,"MADONNA True Blue SIRE 12"" UK pressing",5.00,0.4419
v1|336722153779|0,Boogie Down Productions Full Album No Scratches And Mint Condition,4.77,0.4415
v1|188732169899|0,New Wave - A Flock Of Seagulls - Jive - 80’s Rock Synth Pop AOR Original Press,18.50,0.4412
v1|178368147683|0,"Hipsway self titled LP 1987 Columbia 40522 , EX Record And Cover, Original Inner",7.00,0.4411
v1|267742262975|0,3 60's albums of odd performers-cohen-bikel-mann,9.99,0.4404
v1|257651853877|0,Mos Def - THE NEW DANGER Geffen Records – B0003558-01 Original 2004 Pressing,125.00,0.4401
v1|168589136030|0,FEMALE PSYCH Sarah (Fulcher) Antique Age / Take It Now and Run TMI 9004 1972 EX,10.00,0.4396
v1|257651573368|0,"MADONNA Holiday SIRE 12"" VG++ UK pressing",9.50,0.4394
v1|267745983997|0,John Lennon Imagine Vinyl First Pressing 1971 Original Inserts Included EX- VG++,15.00,0.4392
v1|206457726708|0,"Sylvia Striplin - Give Me Your Love 12"" - Uno Melodic Modern Soul Boogie OG HEAR",22.50,0.4390
v1|147480470376|0,The Three Suns~Rumors Are Flying/It's All Over Now 78,5.00,0.4389
v1|188713508233|0,Art Shaw - The Blues A&B - BRUNSWICK 7947 E+,19.99,0.4383
v1|168583544645|0,Reunion Band & Friends Ocean Of Love 1977 Private LP Psychedelic EX ULTRASONIC,39.99,0.4375
v1|147479019832|0,The Gerogerigegege - Night (7” 1993) LIMITED - NUMBERED - COLOURED VINYL - RARE,50.00,0.4374
v1|188734656844|0,ORIGINAL MIRRORS Self-Titled Vinyl PROMO LP 1980 RECORD New Wave AB 4269 NM,9.99,0.4371
v1|257658025353|0,"TAMIKO JONES I Want You/Tamiko's Groove SUTRA 12"" NM funk boogie",5.00,0.4371
v1|257652094744|0,"STRAFE Set It Off JUS BORN 12"" VG++ red labels",5.00,0.4371
v1|257651559064|0,"MADONNA Beautiful Stranger MAVERICK 12"" ",15.50,0.4369
v1|178368473295|0,V.A. SAVOY Jazz Is Busting Out All Over LP Reissue EX Vinyl Burrell Byrd Lateef,9.65,0.4367
v1|147483391088|0,GOTH DARKWAVE VINYL LOT CLAN OF XYMOX & HOST POST PUNK,25.00,0.4365
v1|257651731849|0,"NA-GOSI Say No To Drugs CRAZY 12"" NM/VG++",6.00,0.4364
v1|137579622362|0,Thelonious Monk Brilliant Corners Vinyl LP,12.99,0.4362
v1|257651960604|0,"RONNIE LAWS Nuthin' 'Bout 'Nuthin BLUE NOTE 12"" VG++  jazz funk",5.00,0.4361
v1|366583633623|0,"Erykah Badu ""New Amerykah Part 1"" R&B Hip Hop 2xLP Universal Motown",15.50,0.4360
v1|287499783013|0,Tar Babies Respect Your Nightmares Vinyl Record Saccharine Trust SST Punk Funk *,20.00,0.4360
v1|267742763156|0,The Marvelous Marvelettes TAMLA TM-237 MONO 1963 Original Pressing,150.00,0.4359
v1|318668802714|0,Little Curtis & The Blues – Please Keep Me / Soul Desire Rare Soul 45,749.99,0.4357
v1|318661004987|0,SONNY RED Images JAZZLAND OJC-148 LP VG++ o,8.00,0.4355
v1|298554539472|0,Words To Live By Outspoken Turning Point Undertow New Age Records Hardcore 1991,10.00,0.4351
v1|188733433692|0,Gospel - Gene Townsel The 23rd Psalm - Balance Town - Synth Electro Funk Soul ,9.99,0.4350
v1|278241584450|0,STEPPENWOLF Monster LP 1969 BLUES/PSYCH/HARD ROCK VG++ NM-,14.99,0.4348
v1|257651837348|0,"PINK NOISE Give Me Energy FOURTH FLOOR 12"" VG+ 1989 house ",5.00,0.4348
v1|168581103731|0,"TONE LOC~""FUNKY COLD""~Orig. 1989~FUNK~ELECTRO~HIP-HOP~7'' 45rpm~DELICIOUS~VG+",0.99,0.4346
v1|178368157471|0,"Extremely Rare ""Quiet On Account Of Dinosaur"" Record (1973)",9.50,0.4339
v1|318660981033|0,REXROTH/FERLINGHETTI & CELLAR JAZZ QUINTET Poetry Readings... FANTASY LP mono o,8.00,0.4339
v1|377389602270|0,WOLF JETT — LETTING GO (2026) Rock/Soul LP Limited Edition Color Swirl Vinyl,14.99,0.4336
v1|298562018431|0,Childish Gambino Because the Internet Vinyl 2LP Hype Sticker Insert VG+ Donald G,19.00,0.4335
v1|298554067164|0,Camilo Sexto  Algo mas (1974)    (STEREO),12.99,0.4334
v1|336722402386|0,"Chacko Self Titled LP (Polydor 411-829 062-1 Y-1) in Shrink w/ Hype, Glam AOR VG",4.99,0.4331
v1|137557388063|0,MAX ROMEO & THE UPSETTERS War Ina Babylon REGGAE  LP BLACK ISLAND KENDUN SHRINK,12.50,0.4325
v1|800440147852|0,REGGIE MOORE Furioso MAINSTREAM LP wlp gatefold o,15.50,0.4322
v1|358878905296|0,"Taylor Swift 1989 EUROPEAN 12"" LP Black Vinyl Pop Record Big Machine Records",15.00,0.4318
v1|398249353651|0,YES FIRST LP ATLANTIC EUROPEAN COVER ART BRUFORD SQUIRE ODD LABEL VARIATION  '69,49.99,0.4313
v1|327287418131|0,TALK TALK - IT'S MY LIFE - EMI - VG+/VG+,10.00,0.4312
v1|318661028438|0,EGBERTO GISMONTI Solo ECM LP VG++ with insert o,8.50,0.4308
v1|800440201424|0,JOHN HANDY QUINTET The 2nd John Handy Album COLUMBIA LP mono 2-eye o,8.00,0.4307
v1|198543132362|0,"JURASSIC 5 - CONCRETE SCHOOLYARD - Vinyl 12"" Single 1998 Original UK Import!",7.98,0.4302
v1|278232608450|0,"Fred Astaire ""Self-Titled"" Vinyl LP MONO Lion Records L-70121 (NM-)",4.00,0.4297
v1|198542605331|0,The Animals Self-Titled 1964 1st US Mono Press “House Of The Rising Sun VG-/VG-,4.99,0.4295
v1|398251099892|0,ANDY GIBB Flowing Rivers RSO | Hype Sticvker | 1977 | LP Original SEALED,9.99,0.4292
v1|206462527522|0,Clea Bradford - Her Point Of View LP - Cadet DG PROMO,8.00,0.4291
v1|318672012724|0,"Doug Wood, et al. - Blue Chips LP - Omnimusic - Library Funk Jazz Synth VG+",8.50,0.4286
v1|257652094072|0,"STRAFE Set It Off JUS BORN 12"" VG++ ",5.00,0.4286
v1|318664077210|0,"James Becton - I Love You Now 12"" - C-Bird - Private Modern Soul Funk VG+ HEAR",9.50,0.4282
v1|188734654405|0,"CLIPSE - GOT CAUGHT DEALIN' PT. 2 (WE GET MONEY) 12"" Vinyl PROMO RECORD 6103 EX",8.99,0.4280
v1|117336742467|0,The Uncollected RAYMOND SCOTT NAN WYNN 1984 (1940) LP on Hindsight #HSR-201 JAZZ,9.99,0.4279
v1|206467153665|0,Stevie Nicks Bella Donna LP 1981 US Press VG+ In Shrink Hype + Original Sleeve,25.00,0.4279
v1|800451599120|0,"Atlantic The Super Hits 12"" Black Vinyl LP Stereo SD 501 R&B & Soul",2.99,0.4277
v1|398243407579|0,KENNY DORHAM SEPTET - BLUE SPRING - Riverside 12-297   Sm Label DG,75.00,0.4276
v1|168589166355|0,SCARCE POP ROCK The Cats Maribaja / Time Machine Fantasy 708 1974 NM PROMO,5.00,0.4275
v1|318661044118|0,CHICO HAMILTON His Great Hits ABC/IMPULSE 2XLP VG+ gatefold o,16.17,0.4272
v1|336722250466|0,QUINCY JONES / MODE / ABC RECORDS ABCX - 782/2 (2lps) / Year: 1974 / US release,4.99,0.4270
v1|178376868801|0,Oscar Brown Jr - Sin & Soul Columbia (CS 8377) 6 Eye Stereo,2.00,0.4265
v1|236980340062|0,John Lee Hooker Born In Mississippi...  WHITE LABEL PROMO vinyl LP Quad VG/VG+,20.20,0.4264
v1|366577538091|0,WAYNE HENDERSON Emphasized POLYDOR LP o,8.00,0.4259
v1|188730637084|0,New Wave - The Modsters Looking Through You - Custom Wax - Rock 80’s AOR Private,9.99,0.4259
v1|198543137238|0,"MC LA KIM (LAKIM SHABAZZ) - WE GOT THE FUNK - Vinyl 12"" Single 1988 Tuff City!",7.98,0.4258
v1|188732365550|0,Modern Soul Boogie - The Quest Share Secret MC’s - Budweiser Showdown - Hip Hop,13.50,0.4257
v1|800440109491|0,GIL SCOTT-HERON/BRIAN JACKSON From South Africa... ARISTA LP gatefold o,8.00,0.4256
v1|318660977267|0,JEROME RICHARDSON Groove Merchant VERVE LP VG+ o,8.00,0.4256
v1|366577160992|0,P. J. Orion & The Magnates S/T Reissue of Rare Garage LP,9.99,0.4256
v1|318664077232|0,"Leprechaun - There's No End To My Love 12"" - Storm - Modern Soul Boogie OG HEAR",81.00,0.4248
v1|257651529868|0,"LORDS OF THE UNDERGROUND What I'm After PENDULUM 12"" NM ",5.00,0.4248
v1|800449090091|0,Herbie Hancock Future Shock 1983 Columbia Records FC 38814 LP NM,9.99,0.4246
v1|128007506673|0,NANCY & LEE: Reprise RS 6273 LP 1968 VG-/G-,6.00,0.4245
v1|257651685548|0,"MIDWAY Set It Out PERSONAL 12"" VG++/VG+ 1984 electro boogie",5.00,0.4245
v1|168589166351|0,Thomas Hayward Let's Fly / The Endless Sea Flight Records (NY) 44403 1959  EX,5.00,0.4241
v1|398245527713|0,Helen Gelzer – Josephine (The Concept Musical) - Vinyl LP UK Import - VG,9.98,0.4238
v1|366577539187|0,FREDDIE HUBBARD Keep Your Soul Together CTI LP VG+ gatefold o,13.09,0.4233
v1|358878886115|0,"Epicenter ""You Can't Come Up In Here No More"" Modern Soul Boogie 45 Arsis mp3",26.00,0.4232
v1|257658129143|0,"V/A Detour Limited Sampler DETOUR 12"" VG++ 2003 house UK ",5.00,0.4232
v1|158154952341|0,R&B James Brown I Loves You Porgy / Yours & Mine Bethlehem 6774 1965 EX PROMO,5.00,0.4230
v1|178368465404|0,CLIFFORD BROWN  With Strings 1955 Release MG-36005 Vinyl Record LP Album Mono,9.65,0.4224
v1|318664077269|0,"Movies - She Gave Me That Itch 12"" - Macola - Modern Soul Funk PROMO HEAR",8.00,0.4222
v1|318661010594|0,ART PEPPER/GEORGE CABLES Tete-A-Tete GALAXY LP SHRINK o,8.00,0.4220
v1|227460616051|0,VA Metal Moo Cow 1984 Punk Comp Vinyl 2nd Press Scratch Acid Fearless Iranians,11.99,0.4214
v1|257652110333|0,"SUN Radiate BLACK SOUL ON VINYL 12"" VG++ indie rap",5.00,0.4207
v1|257652110333|0,"SUN Radiate BLACK SOUL ON VINYL 12"" VG++ indie rap",5.00,0.4207
v1|307097569573|0,"GRUPO CONSPIRACION -ENSALADA DE AMOR- 1991 MEXICAN LP TRANSLUCENT, GRUPERO",19.99,0.4207
v1|366577526921|0,BRUCE FORMAN QUARTET FT. BOBBY HUTCHERSON Full Circle CONCORD JAZZ LP VG+ o,34.00,0.4206
v1|257651827132|0,"PETE ROCK & C.L. SMOOTH They Reminisce Over You ELEKTRA 12"" VG++ 1st US press",20.50,0.4205
v1|398251091352|0,GATO BARBIERI Chapter Three ABC IMPULSE  WL Promo | Latin Jazz | Funk LP HEAR,9.99,0.4201
v1|198543150014|0,"PACKMAN - I'M THE PACKMAN (EAT EVERYTHINIG I CAN) - Vinyl 12"" 1982 US Promo!",7.98,0.4200
v1|188714988101|0,Riley Puckett - In A Little Garden - BLUEBIRD 33-0500 E+/V+,19.99,0.4200
v1|377389407818|0,"Damian Dame – Exclusivity - Vinyl 12"" Single - LaFace Records – LFD-4001 - 1991",2.99,0.4200
v1|206462829324|0,Welcome to The Plague Year Self Titled Vinyl LP Electric Human Project jffb Used,66.66,0.4195
v1|366577539331|0,FREDDIE HUBBARD Classics FANTASY LP VG+ o,8.00,0.4193
v1|227462581933|0,Danny Williams Bay Area Funk/Soul/Rare,81.00,0.4191
v1|318664822074|0,QUEENSRYCHE - EMPIRE - 2 LP - 1990 - EMI USA - RARE!!,99.99,0.4190
v1|358878912490|0,"Harold Lindsey ""It's Worth It"" Obscure Modern Soul Funk AOR 45 Blue Chip mp3",9.99,0.4190
v1|257657696987|0,DUST: Love Me Hard (Mono/St) – 1971 KAMA SUTRA Hard Rock PROMO 45 (VG+),7.95,0.4186
v1|227457852529|0,"Fuzzbox Self! 1989 Vinyl Promo 12"" Record Wait and See & Bohemian Rhapsody",6.99,0.4185
v1|278248321126|0,"MAX ROMEO- Let The Power Fall For I- Rare Hop JAMAICA 7"" 45 REGGAE Hippy Boys",4.90,0.4184
v1|318661013052|0,KEN NORDINE Colors PHILIPS LP VG+ mono o,63.00,0.4178
v1|267745721248|0,Mr. Grey – Carry You Home / Born In Chicago Garage Psych Blues 45,99.99,0.4176
v1|206457726706|0,"Strafe - Set It Off 12"" - Jus Born - Electro Funk VG++ HEAR",10.50,0.4171
v1|267743463016|0,Morgen – Morgen S/T Self Titled  Probe CPLP 4507 S 1969 PROMO Gatefold w INSERT,900.00,0.4169
v1|188718946077|0,Madonna Like a Virgin 1984 LP Sire MASTERDISK RL VG+/VG+ Original Inner,5.50,0.4165
v1|287494768596|0,CON FUNK SHUN SPIRIT OF LOVE  R&B SOUL 12' LP 33RPM EX,9.99,0.4165
v1|188722924506|0,ADOLESCENTS Self Titled Lp SECOND PRESS No Inserts OOP RARE KBD Punk,49.99,0.4161
v1|168589136035|0,SOUL FUNK Moody Scott I'll Find My Sunshine Sound Stage 7 2668 1970 EX PROMO,5.00,0.4148
v1|158133289993|0,Korn “Freak on a Leash” Vinyl EP,15.00,0.4147
v1|206457726725|0,"Twilight 22 - Electric Kingdom 12"" - Vanguard - Electro PROMO HEAR",9.00,0.4143
v1|358864137028|0,Jeff Beck Group - Rough and Ready - 1971 1st Pressing Epic KE-30973 VG+/VG+,10.00,0.4140
v1|227460589723|0,FRED HERSCH Charlie Haden JOEY BARON Sarabande 1987 JAZZ VG+ VINYL Record USED,6.55,0.4133
v1|800440181395|0,"DIZZY GILLESPIE Swing Low, Sweet Cadillac IMPULSE LP club edition gatefold o",8.00,0.4132
v1|147478652257|0,Trick Daddy Vinyl Records Lot of 2 Rare,10.00,0.4131
v1|168583533168|0,"GENE CHANDLER~""WHAT NOW""~Orig. 1964~FUNK~SOUL~7'' 45rpm~RARE~CONSTELLATION~VG+",0.99,0.4126
v1|318668601023|0,"Ernest Gold – Too Much, Too Soon - Original Sound Track Music - US LP 1958",4.99,0.4125
v1|227459319623|0,"Average White Band AWB LP Atlantic SD 7308 Stereo 12"" Black Vinyl Record",10.00,0.4108
v1|267745990947|0,Roy Clark - The Entertainer (1974 Dot DOS-1-2001) Stereo LP - Play Tested NM!,4.99,0.4106
v1|227462096586|0,Kill Your Idols Funeral For A Feeling Blue Vinyl 2001,40.00,0.4106
v1|236980303505|0,Dokken Under Lock And Key LP 1985 US 1st Press 60458-1,10.50,0.4102
v1|800440149509|0,RICHARD DAVIS Epistrophy & Now's The Time MUSE LP SHRINK o,71.00,0.4098
v1|377387677026|0,CANNED HEAT ONE MORE RIVER TO CROSS LP PROMO ATLANTIC 1973 VG+ VINYL,7.50,0.4096
v1|287499654119|0,Lot of 3 Amy Grant Vinyl LP Records Straight Ahead & Age to Age & Unguarded,7.69,0.4092
v1|366583630561|0,"Erykah Badu ""Mama's Gun"" R&B Hip Hop 2xLP Motown Promo Translucent Red Wax OG",8.50,0.4092
v1|128000945935|0,GREEN DAY - AWESOME AS F**K f u c k 2 x LP  PINK VINYL 2011 ADELINE RECORDS RARE,349.99,0.4091
v1|168584038527|0,Oingo Boingo Vinyl Not My Slave In Shrink With Hype Sticker 12 Lp RARE,20.00,0.4088
v1|198543053371|0,"BIG PUNISHER (BIG PUN) - I'M NOT A PLAYER - Vinyl 12"" Single 1997 Loud - Promo!",7.98,0.4087
v1|366577526193|0,JOE FARRELL Canned Funk CTI LP VG+ gatefold o,13.50,0.4082
v1|307103031161|0,OST  Cabaret  EX+   Liza Minnelli   In Shrink,15.00,0.4080
v1|800443916327|0,Manhattan Rhythm - S/T EP (ft. Sweet Lady) - Foxy - Modern Soul Disco HEAR,46.00,0.4070
v1|128007813973|0,DAMAGED PRICE NEGOTIABLE- Malcolm Todd Self-Titled LP Clear Vinyl,15.00,0.4069
v1|307107225417|0,KISS VINYL - KISS DRESSED TO KILL VINYL LP NM NEAR MINT US CASABLANCA VINYL 1975,15.00,0.4068
v1|336722392618|0,"KISS ""Kiss"" 1974 US Pressing NO KISSIN TIME LP blue label Casablanca NB 9001",80.00,0.4068
v1|257657167820|0,Inxs - Listen Like Thieves - Vinyl LP - 1985 Atlantic Records,4.86,0.4061
v1|158150143046|0,"D-Smooth ""Droppin Smooth Lyrics"" ULTRA RARE Random Rap OG 12"" Smooth City SEALED",132.50,0.4058
v1|398243482602|0,"DMX - Grand Champ - 2003 Def Jam Promo (Exclusive Album Advance)  2LP 12"" ( EX )",18.99,0.4055
v1|236980304311|0,"PETER TOSH-No Nuclear War (Black Vinyl, 1987, EMI) ELT-46700 EX",9.50,0.4052
v1|366581698955|0,"X: Wild Gift,  Vinyl Record Album LP 1st Pressing Slash (SR107) 1981 L.A. Punk ",40.00,0.4050
v1|178368175295|0,"Siouxsie & the Banshees  Wheel's On Fire Maxi Single LP 12""- 1987 VG+-Rec.Ex cov",8.00,0.4048
v1|327295901475|0,Misfits Walk Among Us Vinyl LP 1988 Ruby Records Pressing Punk,31.00,0.4047
v1|206460612735|0,Future DS2 Vinyl,50.00,0.4046
v1|188737682947|0,"Pink Martini Joy To The World LP 12"" Clear Vinyl Barnes & Noble Exclusive 2015",0.99,0.4042
v1|318664077234|0,"Lime-Light Company - Win 12"" - We Aim To Entertain - Obscure Boogie VG++ HEAR",47.00,0.4042
v1|336722095635|0,LP LOVE UNLIMITED IN HEAT 20TH CENTURY LBL T-443 OG 1974 MINT- OG INNER SLV,14.95,0.4041
v1|188733249096|0,Self Titled LP Record Vinyl The Lonely Boys Harvest 12030,12.74,0.4039
v1|206457726716|0,"Timeless - You're The One 12"" - Pendulum - Rare Modern Soul Boogie VG+ HEAR",202.50,0.4034
v1|188734672417|0,"DURAN DURAN - NEW MOON ON MONDAY 12"" Vinyl UK RECORD Tiger Tiger 12 DURAN 1 NM",9.99,0.4034
v1|307102482869|0,"MADONNA/Crazy for You BERLIN/No More Words 45RPM 80s Synth-Pop New Wave 7"" Vinyl",2.99,0.4034
v1|298559763772|0,"Harley Poe Pinocchio Pariah 10"" Vinyl Say-10 White Pink Smoke Splatter NM Insert",35.00,0.4033
v1|267742589336|0,SEVENTH WAVE - Things To Come - '74 Janus lbl EX/NM vinyl synth prog LP,9.99,0.4032
v1|227457544365|0,John Lennon & Yoko Ono - Double Fantasy NM Vinyl 1980 US First Pressing GHS 2001,9.99,0.4029
v1|206457726658|0,"One Way - Pull Fancy Dancer 12"" - MCA - Synth Boogie Funk VG+ PROMO HEAR",18.50,0.4029
v1|278241848157|0,"5678's - 3rd Man Live Nashville -Rare Pressing - VG, VG+ - Nice!",10.00,0.4027
v1|318661015344|0,CHARLIE MINGUS Self Titled EVEREST FS-235 LP SEALED o,8.00,0.4027
v1|236980432997|0,Isotope – Illusion – LP – VG. Play Tested. With Hugh Hopper (Soft Machine),3.50,0.4027
v1|267743501410|0,"Whatz New! – Que Burn (I Am The D.J.) S.O.L. International Records  SOL 2010 12""",20.00,0.4026
v1|236980314009|0,Geronimo Black S/T Self-Titled LP Vinyl Record 1972 UNI Records 73132 Prog VG+,4.99,0.4024
v1|257657924902|0,Adventure Time Come Along With Me Vinyl Soundtrack Mondo Blue/Yellow Split LP,159.99,0.4023
v1|800440180060|0,JAN GARBAREK Triptykon ECM LP VG++ germany o,8.50,0.4022
v1|358876776645|0,Ray Brown Milt Jackson Verve V-8615 Mono OG 1965 Jazz Oliver Nelson EX/G+,9.99,0.4021
v1|257658151390|0,VICKY MARTIN Not Gonna Do It MOVIN' VG++ 1988 house,5.00,0.4019
v1|117337340191|0,JOHN WILLIAMS Close Encounters Of The Third Kind 1978 UK LP Arista #DLART 2001,9.99,0.4018
v1|236980307380|0,Queen Debut- LP Vinyl 1973 Elektra Butterfly US Press VG/VG Hard Rock Glam,7.50,0.4013
v1|366574725071|0,Mitch Ryder & Detroit Wheels Breakout . . . !! SEALED OG on New Voice Mono,9.99,0.4011
v1|318668230786|0,Various – Heroes - Scarce UK Folk/Folk Rock/Indie Rock Import Compilation LP '85,4.99,0.4010
v1|366573186405|0,"Cecil Scott and His Bright Boys - Lawd, Lawd - VICTOR 38098 E",74.00,0.4009
v1|318664077308|0,"Shades Of Love - Do Your Own Dance 12"" - ScorpGemi - Rare Boogie Funk HEAR",66.00,0.4007
v1|318661004077|0,SONNY RED/GRANT GREEN/BARRY HARRIS The Mode JAZZLAND LP VG+ scorpio reissue o,9.50,0.4003
v1|227459286540|0,"Keith Jarrett The Köln Concert 2xLP 12"" Black Vinyl Stereo 1975 ECM 1064/65",29.99,0.4002
v1|398250862445|0,THE PETE JOHNSON / EARL HINES / TEDDY BUNN BLUE NOTE SESSIONS COMP LP MOSAIC '87,32.99,0.3996
v1|318661015692|0,NICK DECARO Italian Graffiti BLUE THUMB LP VG+ o,8.00,0.3995
v1|227460591513|0,THE TAMS A Little More Soul ABC 1968 VG+ VINYL LP Record USED,5.00,0.3993
v1|318672012679|0,Clyde McPhatter - Songs Of The Big City LP - Mercury Mono SEALED,8.50,0.3991
v1|377391764839|0,"NEW ORDER Round And Round 12"" QWEST House Techno Electro Synth",9.99,0.3989
v1|117336542200|0,B.J. Fears & The L.I.F.E. Choir -Leaning- Modern Soul LP on Sound Of Gospel Hear,9.99,0.3986
v1|800455293128|0,Ritchie Valens LP 1959 Original Del-Fi DFLP 1201 Mono B-20560 DFLP-592 VG,49.95,0.3985
v1|318672012681|0,Coffee Butler & Cups - Let 'Em Talk LP - TLT Private Funk DG Autograph VG+ HEAR,80.00,0.3977
v1|318664077339|0,"Towana Hill - Tell Me How It Is 12"" - Sheridan House Modern Soul Boogie VG+ HEAR",10.50,0.3976
v1|257652069130|0,"SONO Keep Control GROOVILICIOUS 12"" house 2001",5.00,0.3976
v1|800443916341|0,"Milton Hamilton Crystalized - My Love Supreme 12"" - TR - Latin Disco PROMO HEAR",13.50,0.3974
v1|188734671519|0,URGENT - THINKING OUT LOUD Vinyl LP RECORD Hard Rock 1987 Album MLT46680 NM,9.99,0.3973
v1|366574810531|0,The Idle Race Imposters of Life's Magazine 2LP OG,9.99,0.3973
v1|158150077550|0,"Dangerdoom ""Mouse & The Mask"" Rap Hip Hop 2xLP Lex UK RE Deluxe Ed. w/ Insert",9.50,0.3972
v1|366577526073|0,ART FARMER-BENNY GOLSON JAZZTET Another Git Together MERCURY LP wlp o,8.00,0.3969
v1|800454443623|0,Bar-Kays - Soul Finger LP - Volt OG Press,26.00,0.3964
v1|327296300353|0,Ingrid Andress “Lady Like” (2020) Original White Vinyl Album LP in Shrink,9.00,0.3964
v1|227460596218|0,Charles Dodge Earths Magnetic Field Vinyl Modern Classical Electronic VG Nonsuch,7.99,0.3960
v1|188733581902|0,"Robbie Nevil, Self titled, Vinyl, ST53006, Manhattan record, 1986, EX LP.",8.88,0.3959
v1|366581844913|0,"Depeche Mode - Get The Balance Right! 12"" Single 1983 Mute UK -12 BONG 2 Vinyl",5.00,0.3958
v1|366577514002|0,BARRE PHILLIPS Three Day Moon ECM LP VG++ o,8.00,0.3951
v1|158150237669|0,Teena Marie - Starchild LP Vinyl 1984 Epic Records FE 39528,7.50,0.3950
v1|178370404219|0,Husker Du New Day Rising LP orig 1985 pressing w/SST Records insert and sleeve,29.99,0.3948
v1|257658134511|0,U2-WIDE AWAKE IN AMERICA-ALT ROCK EP ON ISLAND-1ST PRESS IN SHRINK HYPE STICKER,9.99,0.3946
v1|398245527703|0,Jerry Bock /Sheldon Harnick– The Body Beautiful MONO- LTD LP - Blue Pear SHRINK,9.98,0.3946
v1|800443916379|0,"Rideout - Someone Special 12"" - Rota Enterprises - Modern Soul Boogie HEAR",124.49,0.3946
v1|398251103960|0,St John’s College Glee Club 1961 -32nd Annual Spring Concert LP Private Press,1.79,0.3946
v1|358876228228|0,"Johnny Bush - Texas Dance Hall Girl LP [RA, 1973] VG+ TX honky tonk",5.00,0.3939
v1|800440178810|0,CURTIS FULLER Meets Roma Jazz Trio TIMELESS LP VG+ europe o,8.00,0.3937
v1|188722974940|0,MURDER CITY DEVILS 5 X Lp Lot + Hookers Test Press RARE Modest Mouse Big Busines,299.99,0.3932
v1|178368458499|0,MARION BROWN - Porto Novo Lp - 1967 Recording ARISTA OG.,9.65,0.3924
v1|366577528081|0,JAN GARBAREK-BOBO STENSON QUARTET Witchi-Tai-To ECM LP VG++/VG+ o,8.00,0.3924
v1|336722394268|0,Deep Purple - Burn - EX/VG 1974 Hard Rock W/B W-2766 Insert Sleeve 1ST w/ Lyrics,4.99,0.3921
v1|128007857953|0,Bob Burroughs Hear & Now Singers Samford University Birmingham Vinyl Prestige LP,0.99,0.3917
v1|206460724376|0,JON BRADEN - SELF-TITLED ,3.00,0.3912
v1|158133079144|0,X More Fun in the New World LP,9.99,0.3912
v1|257658106909|0,"TWILIGHT 22 Electric Kingdom HOT CLASSICS 12"" NM",5.00,0.3912
v1|158148389862|0,The New Red Machine vinyl LP Cincinnati Reds 1972 baseball season,14.99,0.3911
v1|137579162560|0,BILL BLACK’S COMBO “Goes West” (1963 Vinyl LP) Original Stereo Pressing! EX!,1.99,0.3911
v1|278208703716|0,Gism Japanese Noise Punk Lot #7 Terveet Kadet Riistetyt Discharge Mob 47 Rattus,15.50,0.3909
v1|178366934699|0,Dragonfly - S/T - 1968 LP - Megaphone ,100.00,0.3906
v1|257651809501|0,"PATRICK COWLEY FEAT. SYLVESTER Do You Wanna Funk MEGATONE 12"" VG+ ",5.00,0.3894
v1|398242845777|0,Pharoah Sanders vinyls. Marked By College Radio Station WLYX ,15.00,0.3892
v1|178368139841|0,Judy Collins / Trust Your Heart 1987 VINYL LP Mint,6.03,0.3892
v1|366577537402|0,EDDIE HENDERSON Inside Out CAPRICORN LP VG+ o,32.00,0.3891
v1|127999018425|0,Lorde Solar Power LP Limited edition Orange Marble Translucent VINYL SEALED,49.99,0.3890
v1|336722408116|0,Bon Jovi S/T Mercury 8149821M1 US Vinyl LP in Shrink w/ Hype,15.50,0.3885
v1|236979616695|0,FACTORY RECORDS: Railway Children- Gentle Sound 1986 UK WHITE LABEL PROMO / Test,10.00,0.3885
v1|117337026066|0,Bauhaus 4.A.D. EP comp 1983 UK white label goth rock,25.00,0.3877
v1|147479138125|0,The Fun Boy Three Self Titled S/t Debut 1st Lp terry Hall Bananarama Nm,13.99,0.3874
v1|307100737971|0,Alice Cooper  Schools Out & Muscle of Love,8.99,0.3869
v1|398251037037|0,THE CHAMBERS BROTHERS Greatest Hits  VAULT Black Rock | Psych | Soul 2 LP HEAR,9.99,0.3867
v1|188734653931|0,THE NYLONS - SEAMLESS Vinyl LP PROMO RECORD 1986 Album OA 0304 NM,9.77,0.3862
v1|257652069714|0,"SOUL II SOUL Jazzie's Groove VIRGIN 12"" VG++ SHRINK",7.50,0.3861
v1|318668739121|0,Sammy Davis Jr. – I've Gotta Be Me - US LP 1968,4.99,0.3859
v1|800443916420|0,"Twennynine & Lenny White - Fancy Dancer 12"" - Elektra - Boogie Funk PROMO HEAR",8.50,0.3852
v1|257651755236|0,"NEW ORDER Confusion STREET WISE 12"" VG+ ",7.00,0.3852
v1|206457726633|0,Larry Hancock - Borderline LP - Dessca France VG+,20.50,0.3851
v1|377389407792|0,Bread - Manna - Vinyl Record LP - Soft Classic Rock- Tri-fold Die-cut Jacket,5.99,0.3850
v1|137557904540|0,YELLOWMAN Just Cool REGGAE LP SHRINK Jah Guidance VPRLP 1013  rare HYPE,9.99,0.3847
v1|298554567737|0,Poco Head Over Heels LP ABC ABCD890 1975,3.00,0.3847
v1|188718338347|0,DESCENDENTS Liveage Lp OG PRESS All Minor Threat Punk KBD RARE OOP,29.99,0.3839
v1|206461192654|0,"Chat Pile- This Dungeon Earth/ Remove Your Skin Please 12"" EP Vinyl Records",20.00,0.3838
v1|336722411510|0,AC/DC High Voltage ATCO LP Promo NFS Original 1976 Vinyl RARE VG,31.00,0.3833
v1|336722422790|0,Sex Pistols - Never Mind The Bollocks... LP UK Import Vinyl. 1977 V2086,98.00,0.3831
v1|227460589668|0,ERIC KAZ Cul-De-Sac ATLANTIC 1974 Soft Rock VG+ VINYL LP Record USED,6.55,0.3831
v1|278234107112|0,SKYY SKYY LINE  R&B SOUL 12' LP 33RPM VG+,6.00,0.3827
v1|198542763467|0,4 * WILSON PICKETT * ATLANTIC  SD 8138 - 8215  *** MONO 8129 - 8114 * EXCELLENT!,15.00,0.3822
v1|257651732804|0,"NAKED EYES Promises Promises EMI 12"" VG++ UK pressing",5.50,0.3821
v1|188733752816|0,"HENSON CARGILL ""SKIP A ROPE"" SLP 18094 Vinyl LP Record 1968 G+ To VG Condition ",3.50,0.3816
v1|377397217620|0,The John Griggs Trio – Let Me Touch Him LP Mastertone MST-4321 FOLk Xian - (s)VG,4.50,0.3812
v1|307102501196|0,The CRAMPS LP Gravest Hits Lp Vinyl Record (1979) I.R.S. Records SP70501,80.00,0.3810
v1|158150238698|0,"Ja Rule ""The Last Temptation"" Rap Hip Hop 2xLP Def Jam/Murder Inc Promo w/Insert",7.99,0.3809
v1|147479268718|0,BAUMANN - STRANGERS IN THE NIGHT Vinyl LP RECORD 1983 Album BFR 38903 NM,8.99,0.3806
v1|158147086098|0,DICK MEYERS QUARTET A Touch Of Romance BACCARAT BRO501 (1984) LP,10.49,0.3804
v1|227462701366|0,Felt - Forever Breathes the Lonely Word 1986 UK NM lp *First Press* with insert,11.01,0.3802
v1|198543130413|0,"HASSAN & 7-11 - CITY LIFE - Vinyl 12"" Single 1984 US - Classic Electro Rap NM!",7.98,0.3800
v1|800440217629|0,FREDDIE HUBBARD Red Clay CTI LP gatefold o,47.00,0.3794
v1|377382587822|0,JOE COCKER - MAD DOGS & ENGLISHMEN - A&M FOLD OPEN GATEFOLD COVER - REALLY NICE,3.24,0.3789
v1|227460601304|0,RUTH HASTINGS & CO. s/t PRIVATE PRESS Pop Musical 1978 VG+ VINYL LP Record USED,5.00,0.3783
v1|267743462986|0,"Gil Scott-Heron The Bottle PROMO 12"" SPD-1 SPECIAL DISCO VERSION 16:30 Version",100.00,0.3779
v1|267745732658|0,Connie Francis Second Hand Love MGM MONO E4049 VG+/VG+ TikTok,29.99,0.3776
v1|117336994912|0,Bad Brains I & I Survive 1982 US first Press punk rock D.C.,32.00,0.3775
v1|257658082101|0,"TONEY LEE Teaser CRITIQUE 12"" VG++ 1985 boogie",5.00,0.3772
v1|147479099143|0,"Mastic Scum / Malignant Tumour Riot Sick Sinus 7"" 1996 Grindcore EX/VG+",27.00,0.3772
v1|318670352199|0,RARE Generacion 2000 45’s Excellent Vinyl,2.00,0.3771
v1|236980123533|0,Bauhaus Burning From The Inside Vinyl LP 1983 Original US First Pressing SP-4953,23.99,0.3770
v1|168589166342|0,ROCK Bruno & His Brunos Too Much Chianti Chelson 8024 1961 VG+ PROMO IMPORT,5.00,0.3770
v1|398243401137|0,BIKINI KILL / HUGGY BEAR - Yeah Yeah Yeah… / Our Troubled Youth - 2008 KRS Vinyl,20.00,0.3766
v1|327292305342|0,BIKINI KILL / HUGGY BEAR - Yeah Yeah Yeah… / Our Troubled Youth - 2008 KRS Vinyl,10.00,0.3766
v1|257658142907|0,"VAUGHAN MASON & CREW Bounce Rock & Skate BRUNSWICK 12"" VG++ 1979 funk boogie",5.00,0.3766
v1|278208606430|0,Gism Japanese Noise Punk Lot #2 Disclose Discharge Spazz Doom Black Flag Avskum,12.51,0.3758
v1|377389408413|0,"MINTY 1971  RARE 2nd LP ""FORMULA 3"" ~ HAMMOND ORGAN/GUITAR PROG HEAVY Orig LP",59.98,0.3756
v1|257658137018|0,"VANSILK Basepipe (It's Not Your Friend) PUBLIC 12"" NM 1986 electro Afrika Islam",5.00,0.3755
v1|366582072641|0,"Frijid Pink Self Titled S/s debut 1st Lp In shrink with hype sticker + Bonus 7""",49.99,0.3750
v1|257651529317|0,"LORDS  OF THE UNDERGROUND Chief Rocka PENDULUM 12"" VG+ ",9.04,0.3747
v1|227456270558|0,JOE COCKER - SHEFFIELD STEEL - ISLAND IL 9750 - NM ORIG. PRESSING,5.99,0.3744
v1|188713572336|0,Milton Brown and His Brownies - A Thousand Good Nights - DECCA 5255 E/E+,19.99,0.3735
v1|257651980737|0,"RUI DA SILVA Touch Me KISMET 12"" UK pressing",5.50,0.3734
v1|318672012699|0,D'Angelo - Voodoo 2xLP - Virgin OG Press,76.00,0.3733
v1|257651576763|0,"MADONNA Like A Virgin SIRE 12"" NM/VG++ SHRINK ",7.50,0.3732
v1|377390193601|0,Living in a Box - Self Titled LP Promo 1987 Translucent Brown Vinyl Chrysalis VG,0.99,0.3730
v1|800454443698|0,"Desperadoz - S/T 12"" - Sky High - Obscure Gangsta Rap PROMO HEAR",8.00,0.3730
v1|168584198379|0,Ahmad Jamal - Ahmad's Jamal's Alhambra - 1st Press - 1961 Argo Records NM,12.99,0.3724
v1|257657697464|0,Bobo Mr. Soul: Hitchhike to Heartbreak Road 1972 HI Funk Soul PROMO 45 VG+,8.00,0.3723
v1|318664077218|0,"Keith Silverflash Ferguson - Funky Space Player 12"" - SSF - Modern Soul VG+ HEAR",16.66,0.3721
v1|188734672190|0,"DEEE-LITE - POWER OF LOVE 12"" Vinyl 1990 RECORD Build The Bridge 66592 NM",9.88,0.3721
v1|398251054442|0,DAVE VAN RONK and The Hudson Dusters VERVE FORECAST Psych | Funk | LP HEAR,9.99,0.3719
v1|336722388484|0,Bo Hansson MAGICIAN'S HAT Vinyl LP Record 1973 Charisma FC 6062 Prog Rock VG+,5.50,0.3717
v1|198542636816|0,"Hot Tuna Burgers 12"" Black Vinyl LP 33 RPM Grunt Records Rock Album",2.00,0.3711
v1|257651853899|0,"POUNDING GROOVES 18 POUNDING GROOVES 10"" VG++/VG+ UK 2001 techno",6.50,0.3710
v1|278248321103|0,Buddy Miles Expression-Expressway To Your Skull-Vinyl LP Jazz Rock 1968 Mercury,4.24,0.3707
v1|168583563608|0,X – Under The Big Black Sun LP 1982 Elektra – 9 60150 Vinyl record,9.99,0.3703
v1|336722407528|0,"Def Leppard - High N Dry LP Mercury 422-818 836-1 M-1 in Shrink w/ Hype, EX",18.50,0.3701
v1|188733497480|0,Deathrage/ The Burnt on 6” Red Vinyl (Punk/Hardcore) RARE,9.99,0.3699
v1|336721952728|0,LP SISTER SLEDGE Circle Of Love ATCO LBL OG FROM 1975 Soul Funk Disco MINT-,12.95,0.3698
v1|257651956761|0,"ROD & TECNICS Dance EP BALTIMORE BREAKBEAT 12"" VG++/VG+",5.50,0.3694
v1|800443916410|0,"The Artist (Formerly Known As Prince) - Gold 12"" - WB Gold Wax VG++ PROMO",26.00,0.3694
v1|227459298214|0,Greenboard South 2 Albums Of Train Sounds,15.00,0.3690
v1|178331630154|0,RUBEN BLADES Y SEIS DEL SOLAR • Buscando America 1984 LP Gatefold LISTEN EX,19.99,0.3689
v1|236980310831|0,"QUIET RIOT Condition Critical LP 1984 Vinyl Record, QZ 39516, VG+",10.50,0.3685
v1|278234226021|0,CON FUNK SHUN CANDY R&B SOUL 12' LP 33RPM EX,9.99,0.3684
v1|188734352174|0,"Vance Joy Dream Your Life Away 12"" Black Vinyl LP Atlantic Records 2014",8.40,0.3682
v1|236980268897|0,"BLACKLACE Unlaced LP 1984 Mausoleum Metal Belgium Import, VG/VG+",7.50,0.3681
v1|188732829966|0,Gospel - Billy Blackwood One Way - Billy’s Rare Xian Psych Funk Rock Breaks,9.99,0.3672
v1|800440144575|0,JOE PASS TRIO Eximious PABLO LP VG+ o,8.00,0.3672
v1|128011126910|0,EN TU VENTANA VARIOS ARTISTAS COSTEÑOS DEL VALLE DUETO ESTREL ULTRA RARE USED VG,49.99,0.3671
v1|267745814710|0,Sheena Easton A Private Heaven Vinyl LP EMI Records 1974 ST-17132,3.75,0.3668
v1|227460589666|0,JIMMY REED Big Boss Man ABC BLUESWAY 1968 VG VINYL LP Record USED,6.55,0.3668
v1|206457726689|0,"Ronnie Love - Let's Make Love 12"" - Almeria - Modern Soul Boogie VG+ PROMO HEAR",108.50,0.3666
v1|800454443627|0,Bill Withers - Just As I Am LP - Sussex OG Press,26.00,0.3665
v1|287499371064|0,Koko Taylor-Queen Of The Blues Alligator Lp Vinyl Record EX/VG++,9.00,0.3665
v1|158150139525|0,"Dr. Dooom ""First Come..."" Rap 2xLP Threshold Test RE Glow-In-The-Dark Wax Num.",10.50,0.3662
v1|278234107114|0,MANDRILL SOLID R&B SOUL 12' LP 33RPM EX,9.99,0.3660
v1|168589166343|0,PSYCH POP The Clique Sugar On Sunday / Same White Whale 323 1969 NM PROMO,5.00,0.3659
v1|257652015781|0,"SANTANA Maria Maria ARISTA 12"" NM ",8.50,0.3658
v1|117338292878|0,Jackie DeShannon - What The World Needs Now Is Love LP Promo Vinyl 1968 Imperial,15.00,0.3657
v1|257658990186|0,"Bobby G. Rice   LP      ""A New Beginning""       1985",1.98,0.3654
v1|117337340065|0,THE REDS self-titled 1979 DEBUT LP on A&M #SP-4772 GREEN VINYL In Shrink!,9.99,0.3653
v1|398243486813|0,Julie London - Around Midnight - 1960 ORIGINAL LP Gold - 1st Press LST 7164 VG+ ,17.99,0.3652
v1|398251089852|0,ROBIN KENYATTA Stompin At the Savoy  ATLANTIC | Jazz | Funk | Modal |  LP HEAR,9.99,0.3652
v1|366577506571|0,MERL SAUNDERS Do I Move You CRYSTAL CLEAR LP NM SHRINK o,8.00,0.3652
v1|168586656166|0,"The Icemen Cometh 7"" Slapshot/ No For An Answer/ Hard Stance/ Pushed Aside (SxE)",9.98,0.3650
v1|158147346320|0,"Damnation “Which is the Justice, Which is the Thief?” LP UAS-5533 1971 VG+/VG",18.00,0.3647
v1|188734731713|0,BOBBY BLAND - REFLECTIONS IN BLUE Vinyl PROMO LP 1977 Record ALBUM AB 1018 NM,9.88,0.3640
v1|257651889876|0,"PUBLIC ENEMY Fight The Power MOTOWN 12"" NM PROMO",7.50,0.3635
v1|137565011296|0,BIG MAYBELLE Saga Of The Good Life & Hard Times BLUES FUNK SOUL GREEN ROJAC  LP,9.99,0.3634
v1|398242539611|0,Pink Floyd – The Dark Side Of The Moon (1978 US Limited Edition Picture Disc),75.00,0.3632
v1|206457726695|0,"Shebba - We Should Get Together 12"" - Sound Of London - Modern Soul Boogie HEAR",43.00,0.3631
v1|198542632276|0,Dave Grusin Out of the Shadows LP Arista Jazz Smooth Vinyl Record ARL1-5510,1.50,0.3630
v1|336722054849|0,LP Chic Real People 1980 Atlantic LBL SD-16016 OG MINT-,14.95,0.3629
v1|168584149435|0,Black Sabbath - Master of Reality LP - very rare Taiwan pressing - unique cover,49.99,0.3626
v1|377386838593|0,Hall & Oates Rock 'N Soul Part 1 CPL1-4858 Stereo LP & Cover EX U/S Cleaned,19.95,0.3625
v1|407121067766|0,"Illmatic (Clear Vinyl) by Nas (Record, 2021) LP LIMITED Clear Classics",19.99,0.3625
v1|318668702539|0,Burt Bacharach – What's New Pussycat? (Original Motion Picture Score) - US LP,4.99,0.3624
v1|188734257273|0,Hawkwind - Greasy Truckers Party 2LP/180 Gram BLACK Vinyl(like New/played),24.75,0.3620
v1|257651540316|0,Thelonious Monk - Plays The Music Of Duke Ellington 1956 UK MONO Press VG,4.99,0.3620
v1|318660973461|0,BOLA SETE & HIS NEW BRAZILIAN TRIO Autentico! FANTASY LP VG+ o,8.00,0.3612
v1|366577532037|0,HERBIE HANCOCK Fat Albert Rotunda WARNER BROS LP o,27.00,0.3608
v1|358876462022|0,"Terry Callier | What Color Is Love Cadet RE MSM-37190 12"" Vinyl LP Stereo Tested",24.99,0.3608
v1|257651755923|0,"NEW YORK CITY TROOPERS Here We Go ENJOY 12"" VG++ electro rap 1985 HEAR",5.00,0.3607
v1|168589136029|0,R&B Roy Hytower It Must Be Love / Love That Girl Of Mine Expo 103 1968 NM PROMO,5.00,0.3607
v1|147483035458|0,"1988 Depeche Mode – Behind The Wheel / Route 66 (Megamix) 12"" Vinyl Record",25.00,0.3604
v1|366577534693|0,TOM HARRELL Play Of Light BLACKHAWK LP NM/VG++ o,8.00,0.3603
v1|257652068758|0,"SONIA BELOLO Life Dance FLARENASCH 12"" VG++/NM FRANCE Italo-disco",5.00,0.3600
v1|178368650217|0,"Bobby Bare Singin' in the Kitchen 12"" LP Vinyl 33RPM Stereo RCA AHL1-1700",2.92,0.3599
v1|128011270881|0,1963 STEREO Lp Jan And Dean Surf City & Other Swingin' Cities In SHRINK!!!,24.99,0.3597
v1|800440179415|0,FULL MOON Self Titled DOUGLAS KZ-31904 LP o,8.00,0.3597
v1|188734673938|0,"NAUGHTY BY NATURE - O.P.P. / WICKEDEST MAN ALIVE 12"" Vinyl RECORD TB 988 NM",9.99,0.3595
v1|206457726676|0,"Q - The Voice Of Q 12"" - Philly World - Electro Boogie Vocoder OG Press HEAR",14.00,0.3594
v1|236980266390|0,Hanoi Rocks - Two Steps From The Move Epic Rec. 1984 1st Press Vinyl (BE39614),16.50,0.3593
v1|398231934511|0,CROSBY STILL NASH & YOUNG SO FAR on ATLANTIC SD 18100 1ST PRESSING  c.1974,8.00,0.3593
v1|336722400865|0,"Def Leppard - Rock of Ages 12"" Single (Vertigo VERX 6) 1983 UK Import",5.24,0.3592
v1|336722536262|0,"The Stranglers - Peaches, 2014 UK 7"" single on Green vinyl, RSD, Rock, Punk.",7.00,0.3592
v1|257651506441|0,"LIPPS INC Funky Town (Super Disco Version) CASABLANCA12"" NM/VG++ MEXICO",14.50,0.3588
v1|318664077356|0,"Velvet Hammer - I Can't Believe 12"" - Chila - 70s Soul Disco VG+ HEAR",61.00,0.3587
v1|267746511721|0,"Seatrain ""Self Titled""  1971 Capitol records SMAS-659 Gatefold VG+/VG+",1.99,0.3585
v1|358878880897|0,"Taylor Swift 1989 12"" LP 33 RPM Black Vinyl Pop Record Big Machine 2014",10.00,0.3585
v1|358878880897|0,"Taylor Swift 1989 12"" LP 33 RPM Black Vinyl Pop Record Big Machine 2014",10.00,0.3585
v1|398251054889|0,OSCAR BROWN JR Fresh ATLANTIC Promo | Funk | LP HEAR,9.99,0.3580
v1|206457726615|0,"James McGree - Super Love 12"" - Sun Seed Production - Modern Soul Funk VG+ HEAR",9.00,0.3575
v1|257658127853|0,"V/A Cafe Del Mar Volume 7 MCA 12"" NM Bush Moby Lux ",5.00,0.3573
v1|336722012484|0,"FACTORY RECORDS: Happy Mondays- Wrote For Luck 12"" UK WHITE LABEL PROMO/Test",10.00,0.3563
v1|800440142763|0,DON PATTERSON Boppin' & Burnin' PRESTIGE LP VG+ o,11.00,0.3561
v1|188733375013|0,Rare Rob Mehl LP Vinyl Record Taste and See OG Ministry Resource Center MRC 005,150.00,0.3561
v1|206457726711|0,"Sypher - It's Got To Be Right 12"" - TRC - Modern Soul Boogie PROMO HEAR",51.00,0.3557
v1|128002943100|0,FRANCE JOLI Self-Titled 1979 DEBUT ELECTRONIC DISCO LP on Prelude #PRL 12170,5.99,0.3556
v1|158149943365|0,"Beastie Boys ""Paul's Boutique"" Rap Hip Hop LP Beastie Boys RE Double Gatefold",21.50,0.3556
v1|800443916419|0,"Transit - Dance Groove 12"" - Storm - Boogie Disco VG+ HEAR",31.00,0.3553
v1|168575860872|0,"BRUCE SPRINGSTEEN LP ""BORN IN THE U.S.A."" INNERSLEEVE & LYRIC INSERT ON COLUMBIA",9.99,0.3552
v1|278241335968|0,1967 GROOVIN' THE YOUNG RASCALS LP Atlantic Stereo Banner Pop Soul CLEAN Originl,15.00,0.3552
v1|168589169395|0,Stylus Bushwalkin' Prodigal P 0646F 1979 NM FUNK SOUL PROMO,5.00,0.3551
v1|366577530854|0,CHICO HAMILTON Jazz Milestones Series PACIFIC JAZZ ST-20108 LP VG+ gatefold o,8.00,0.3549
v1|407117152700|0,"Cam'ron ""Purple Haze"" Rap Hip Hop 2xLP Roc-A-Fella Promo Purple Wax w/ Insert OG",36.00,0.3543
v1|198543131430|0,"IMPAKT - DEFCON - Vinyl 12"" Single 1986 - Big City - Classic Electro!!",7.98,0.3542
v1|257650104491|0,Smile 2 The Skye Riley EP  Graffiti Records Exclusive WITH STICKER UNPLAYED,150.00,0.3540
v1|407106851751|0,LIGHTNIN' HOPKINS Hootin' The Blues TEXAS BLUES LP PRESTIGE 1970,9.99,0.3539
v1|287499646787|0,"Sonny Stitt ""Blows The Blues"" LP  Original Stereo Verve MG V 8374",26.69,0.3535
v1|117341116812|0,DIEGO Y EMILIO   YA MATARON AL CULICHE    ULTRA RARE USED VG,49.99,0.3534
v1|366577519030|0,CHARLIE MINGUS The Black Saint And The Sinner Lady MCA/IMPULSE LP 1986 reissue o,10.06,0.3533
v1|800450632469|0,Sofia Isella I'M CAMERA Limited EP UO Green Ripple Vinyl Unsealed Played Once,9.99,0.3532
v1|257651555564|0,"MADONNA Angel SIRE 12"" NM SHRINK",5.50,0.3530
v1|267742789333|0,"New Creation - I Want You Now RARE PROMO with versions only on this 12"" MRC-1050",150.00,0.3530
v1|336722393490|0,Badfinger Straight Up Vinyl Record Album LP 1st Orig German Press 1971 VG,8.50,0.3527
v1|128007619188|0,The Reggae Boys - Pupa Live On Eye Top / Give Me Faith EX Bullet,29.99,0.3526
v1|147478751275|0,Very Nice Copy Of Dark Side Of The Moon 1973. Original 1st Issue Plays No Skips,50.00,0.3523
v1|307099747555|0,Climax Blues Band Plays On Vinyl LP 1974 Sire SASD-7507 Rock Blues EX,9.99,0.3521
v1|128007240155|0,Incendiary - Thousand yard Stare Color Vinyl Rare - Hardcore,20.00,0.3520
v1|318668635118|0,Alex North – Cleopatra (Original Soundtrack Album) - US LP Gatefold 1963,4.99,0.3520
v1|257651917873|0,"RENE & ANGELA I'll Be Good MERCURY 12"" VG++/VG+ ",10.00,0.3516
v1|236981597661|0,Teaze Live In Japan LP Gatefold Import 1978 Overseas Records Excellent Cond!,12.99,0.3516
v1|257651935673|0,"RIGHT SAID FRED I'm Too Sexy CHARISMA 12"" NM SHRINK QUIEX vinyl",5.50,0.3512
v1|117341116036|0,LOS HERMANOS PRADO  VEN A MEXICO     ULTRA RARE USED VG,39.99,0.3509
v1|198535808328|0,"Discharge 1981 Clay Rec.  7""  NEVER AGAIN / RARE BRITISH PUNK Vinyl",7.50,0.3507
v1|257652045534|0,"SKYY Show Me The Way SALSOUL 12"" NM",5.00,0.3507
v1|318661009460|0,JIMMY PONDER White Room ABC/IMPULSE LP VG+ o,8.00,0.3504
v1|188734641123|0,THE MOTELS - LITTLE ROBBERS Vinyl LP RECORD 1983 Album NEW WAVE ST 12288 NM,9.50,0.3503
v1|398241362308|0,Firefall Break Of Dawn Vinyl LP Promo Strip 1982,6.00,0.3503
v1|178368148643|0,Steve Khan Arrows  1979 Jazz Rock Fusion - M- Vinyl + EX Cover   JC 36129,5.00,0.3503
v1|117337339719|0,THE ASSOCIATION self-titled 1969 LP on Warner Bros. #WS 1800 GATEFOLD and INSERT,9.99,0.3501
v1|366573176548|0,Jabbo Smith - Rhythm In Spain - DECCA 1980 E+,19.99,0.3499
v1|377391686507|0,LANDON WALKER Can I Be Man Enough PRIVATE PRESS Folk VG+ VINYL LP Record USED,5.00,0.3494
v1|800443916413|0,"The General (Gordon DeWitty) - Life In The Big City 12"" - Vocoder Funk VG+ HEAR",31.00,0.3487
v1|198543141201|0,"MIX MASTER SPADE - IT'S THE MIX MASTER - Vinyl 12"" EP US 1989 LA Posse Records!",7.98,0.3485
v1|366577526259|0,JOE FARRELL Moon Germs CTI LP VG+ gatefold SHRINK o,11.50,0.3483
v1|257651933797|0,"RICK JAMES Give It To Me Baby MOTOWN 12"" NM/VG++",5.00,0.3481
v1|188734269946|0,DUSTY SPRINGFIELD THE LOOK OF LOVE PHILIPS STEREO PHS 600-256 NEAR MINT!,14.99,0.3479
v1|318660989213|0,DJANGO REINHARDT Volume 1 INNER CITY 2XLP VG+ gatefold o,8.00,0.3474
v1|287499654960|0,Jeannie C Riley - Harper Valley PTA Record Vinyl 1968,3.99,0.3467
v1|158147087997|0,THE UNION GAP The New Album COLUMBIA CS9935 (1970) LP in SHRINK,4.00,0.3466
v1|366581803699|0,John Mayer Sob Rock Shop Exclusive Purple Swirl Colored Vinyl LP Rare,60.00,0.3462
v1|206462863981|0,"NOCERA -Funk Electro Freestyle-Summertime,Summertime (Club mx-Radio mx) #83-C",5.00,0.3462
v1|158129662162|0,Louise Taylor Obscure 1968 Soul 45 on Feron ~ Turn Blue ~ Hear,12.84,0.3460
v1|198542408461|0,"The Queers -  Move Back Home, 1995, Lookout! Records 114",79.00,0.3456
v1|257651898925|0,"QUIET STORM Only You MOTOWN 12"" VG+ RARE modern soul disco PROMO HEAR",5.00,0.3451
v1|137586124680|0,THE OSCAR PETERSON TRIO Plays Verve Records V6-8591 OG Stereo LP Vinyl Jazz 1964,9.99,0.3447
v1|227455447569|0,Arlo Guthrie Alice’s Restaurant Reprise Records Stereo LP NM SHRINK,5.99,0.3445
v1|377391686481|0,JERRY BUTLER Sweet Sixteen MERCURY 1974 Soul Funk VG+ VINYL LP Record USED,5.00,0.3444
v1|147478806287|0,Spear of Destiny - Outland - Vinyl Album First Press NM Condition Kirk Brandon,5.00,0.3442
v1|147478806287|0,Spear of Destiny - Outland - Vinyl Album First Press NM Condition Kirk Brandon,5.00,0.3442
v1|128007720200|0,HEAD EAST A Different Kind Of Crazy 1979 LP on A&M #SP-4795 CLASSIC HARD ROCK,9.99,0.3441
v1|800443916323|0,"Leprechaun - Loc-It-Up 12"" - Citation - Modern Soul Boogie HEAR",18.50,0.3440
v1|358879011652|0,"Sam Dees ""Don't Keep Me Hangin' On"" Northern Soul Funk 45 Lo Lo mp3",9.99,0.3439
v1|366577527996|0,JAN GARBAREK GROUP Self Titled ECM 1-1135 LP VG+ o,8.00,0.3438
v1|147479098455|0,Simonetti Pignatelli Morante Tenebre LP 2001 Dagored Dario Argento OST VG+/VG+,38.00,0.3437
v1|267737063314|0,The Kinks Greatest Hits! US Reprise 1971 Stereo LP - Play Graded Near Mint,10.00,0.3434
v1|168589166353|0,COUNTRY Bobby Buttram Lovin' You Is Killing Me Wayside 1002 1966 NM PROMO,5.00,0.3434
v1|206457726715|0,"Timmy Thomas - Africano/Touch To Touch 12"" - T.K. - Disco Funk VG+ HEAR",8.00,0.3432
v1|318664077359|0,Wallser - S/T EP - Pond Life Party UK - Dubstep VG+ HEAR,8.00,0.3432
v1|206457726717|0,"Tony Rome & DWAI - What Does It Take 12"" - Kency - Rare Boogie Funk VG++ HEAR",112.50,0.3430
v1|188734667279|0,"PINK - GET THE PARTY STARTED 12"" PROMO Vinyl 2001 RECORD ARDP 3986 NM",9.99,0.3428
v1|158147948129|0,Split Enz – True Colours Vinyl LP - 1980 - A&M SP-3235 - VG+/VG+,5.00,0.3427
v1|298553855826|0,"Ebn-Ozn - ""AEIOU Sometimes Y (Long Version) / (Dub)"" - ARISTA 12"" Single",6.00,0.3425
v1|318664077360|0,"Whatnauts - Help Is On The Way 12"" - Harlem International - Boogie OG VG+ HEAR",10.50,0.3422
v1|366577505841|0,SHANKAR Song For Everyone ECM LP VG+ o,8.00,0.3421
v1|137579191594|0,BILL BLACK’S COMBO “The Memphis Scene” (1971 Vinyl LP) Stereo Pressing! EX!,1.99,0.3421
v1|800443916308|0,"Joneses - Summer Groove 12"" - Good - Disco Funk OG Press VG+ HEAR",56.00,0.3419
v1|206457726729|0,"Vaughan Mason - Bounce, Rock, Skate, Roll 12"" - Brunswick Boogie Funk PROMO HEAR",8.00,0.3419
v1|800443916407|0,"Sun Moon Heaven - My Only One 12"" - Hitten Hard Rare Modern Soul Funk VG++ HEAR",157.50,0.3418
v1|257651685225|0,"MIDNIGHT STAR No Parking On The Dance Floor SOLAR 12"" VG+ GERMANY",9.50,0.3417
v1|336722319136|0,AEROSMITH Draw The Line 1977 1st PRESS  **SHRINK/HYPE** MINT- Ultra/VPI Clean,37.50,0.3416
v1|398241314219|0,Trust - Repression (Vinyl - LP) ,25.00,0.3414
v1|278208601383|0,Japanese Noise Punk Lot #1 Gism Confuse Spazz Doom Anti Cimex Crust Discharge ,28.09,0.3412
v1|398251104006|0,Tri Atma-Yummy Moon 12” Promo Vinyl Rare,6.29,0.3410
v1|377389770928|0,"UB40 ""Little Baggariddim"" 1985 Lp Near Mint Translucent Brown Vinyl Reggae ",1.99,0.3409
v1|407102638905|0,DERRICK HARRIOTT Born To Love You  REGGAE FUNK LP SHRINK  Crystal D – LP 1007,9.99,0.3409
v1|366583474104|0,"A Tribe Called Quest ""The Low End Theory"" Rare Rap Hip Hop LP Jive OG Promo",449.00,0.3409
v1|198543063225|0,"BLOOD OF ABRAHAM - STABBED BY THE STEEPLE - Vinyl 12"" Single 1993 US w/ Shrink!",7.98,0.3408
v1|407117459020|0,"La The Darkman ""Heist Of The Century"" Rap Hip Hop 2xLP Supreme Team OG",9.50,0.3406
v1|318668570578|0,The Butch Thompson Trio – Live From St. Paul - US Jazz LP 1981,4.99,0.3403
v1|278248321131|0,"BETO MENDEZ: pachacamac ONIX 12"" LP 33 RPM Latin Folk Vinyl Record RARE! Import",4.24,0.3403
v1|128008373749|0,frijid pink  F-9464  All Pink Inside  G+,6.20,0.3402
v1|257651580794|0,"MADONNA Rescue Me SIRE 12"" VG+ ",7.50,0.3402
v1|366576746788|0,Devil's Angels OST Orig Stereo LP on Tower Davie Allan/Arrows Corman,9.99,0.3402
v1|257652070649|0,"SOUL SONIC FORCE Planet Rock TMMY BOY 12"" VG+ ",5.50,0.3401
v1|147478757279|0,"HOUSE/ BALEARIC 12"" ""I HATE HATE"" SOUND OF SHOOM ( CREATION 1990 ) UK PROMO",5.00,0.3401
v1|257651922728|0,"REVELATION Chapter 2 ATMOSPHERE 12"" NM 1990",5.00,0.3401
v1|168590801725|0,Altel LIZA MINNELLI LIVE Carnegie Hall ANDY WARHOL ART 1981 2 LPs VG++ TO NM,7.99,0.3400
v1|117338508728|0,The Outfield – Voices of Babylon (Ultra-Rare 1989 Gold Stamp Promo),25.00,0.3398
v1|257652036689|0,"SHUFFLE INC. Remember New York VIBRANT 12"" VG++ UK press 2002 house",5.00,0.3397
v1|336721993719|0,Seals & Crofts Unborn Child Vinyl LP Original Pressing,4.00,0.3395
v1|158147436377|0,BOBBY SHEW QUARTET - BREAKFAST WINE LP Vinyl 1985,2.99,0.3395
v1|366577528430|0,LUIS GASCA Self Titled BLUE THUMB BTS-37 LP VG+ gatefold o,15.50,0.3395
v1|257658080788|0,GEORGE HARRISON-CONCERT FOR BANGLA DESH-3 LP SET ON APPLE-1ST PRESS-BEATLES,12.99,0.3393
v1|257652024824|0,"SHAMEN Move Any Mountain EPIC 12"" SEALED 1991 ",5.00,0.3392
v1|366573191370|0,Art Shaw - Shoot The Likker To Me John Boy - VOCALION 4198 E+,19.99,0.3391
v1|287500000381|0,Max Eider ‎The Best Kisser In The World '87 LP Big Time 60461B alt jazz promo,2.99,0.3390
v1|117341316570|0,The Psychedelic Furs Talk Talk Album Vinyl LP Record EX-/EX-,9.99,0.3387
v1|188732748804|0,Lounge - Tommy Stark Love Story - United Sound - Rare Jazz Private Press 60’s,9.99,0.3386
v1|257651928533|0,"REVELATION Synth-It ATMOSPHERE 12"" VG+ ",5.00,0.3381
v1|188734670531|0,DONNIE IRIS - FORTUNE 410 Vinyl LP PROMO RECORD 1983 Album MCA 5427 NM,9.99,0.3379
v1|128007405585|0,Lambahia 2 Vinyl Record LP 1990 Brazil Latin Soundtrack Dance,6.99,0.3378
v1|366571816960|0,Blind Joe Taggart and Emma Taggart - I'll Be Satisfied - VOCALION 1063 V+,19.99,0.3377
v1|188734644911|0,BRAHMAN Self-Titled Vinyl LP 1971 PROMO RECORD Album Psychedelic SR 61348 NM,9.99,0.3371
v1|147470304562|0,The Fugs First Album Italian Reissue ESPS 1018 NM LP Vinyl Record - NR,3.00,0.3370
v1|278241375585|0,HOW TO BELLY DANCE M The Erotic Art Vtg VINYL LP WITH BOOKLET Inserts,19.75,0.3369
v1|278186268265|0,"BLUE OYSTER CULT ""AGENTS OF FORTUNE"" 1976 CLASSIC ROCK FIRST PRESSING LP VG++",8.50,0.3367
v1|257651603152|0,"MANTRONIX Bassline SLEEPING BAG 12"" NM/VG++ electro 1986",5.00,0.3366
v1|336722410131|0,"Grateful Dead   ""Blues for Allah"" 1975     Grateful Dead Records w/ Insert EX/VG",36.00,0.3365
v1|257658056579|0,"TIGER MOON Something Tells Me ATLANTIC 12"" NM SHRINK Hi-NRG 1987",5.00,0.3360
v1|158150135795|0,"Dr. Dooom ""First Come, First Served"" Rap Hip Hop 2xLP Funky Ass OG Press SEALED",22.50,0.3360
v1|287499744219|0,"YOSI BANAI - SELF TITLED LP RARE 1979 HED-ARZI ISRAEL ORIG PRESS, FOLK",7.99,0.3357
v1|178355328471|0,VA-Sounds to Make You Shiver!-NM,15.00,0.3356
v1|188737430068|0,MxPx - On The Cover - Tooth & Nail Record Vinyl 10 Pop Punk Blink 182 Green Day,89.99,0.3353
v1|227459623954|0,The Flaming Lips Onboard the International Space Station Concert for Peace LP NM,11.99,0.3351
v1|407117243932|0,"Eric B. & Rakim ""Let The Rhythm..."" Rap Hip Hop 2xLP Geffen/MCA RE Clear Red Wax",7.99,0.3349
v1|318668799351|0,Les Misérables (The Musical Sensation) - US 2LP Gatefold + Booklet 1987,4.99,0.3348
v1|267747935119|0,SARAH VAUGHAN Hi Fi LP Emarcy Records Original DG AUTOGRAPHED Julian Adderley ,99.99,0.3347
v1|287499751858|0,ANGELICA MAY - DVORAK CELLO CONCERTO LP RARE 1985 SUPRAPHON CZECHOSLOVAKIA,7.99,0.3337
v1|257651575657|0,"MADONNA Keep It Together SIRE 12"" NM SHRINK",5.50,0.3335
v1|257651545951|0,"LOVE JOYS Sweet Feeling TOP RANKING INTERNATIONAL 12"" VG+ reggae RARE HEAR",6.50,0.3335
v1|336722180491|0,LEE RITENOUR Color RIT 1989 LP VG+  PHIL PERRY/ISLEY BROS. VERYGOOD,9.99,0.3334
v1|158150138680|0,"Dr. Dooom ""First Come..."" Rap 2xLP Threshold RE Glow-In-The-Dark Wax Num. SEALED",10.50,0.3330
v1|128007719514|0,STUFF More Stuff 1977 JAPANESE IMPORT LP Warner Bros. #P-10385W with INSERT,9.99,0.3327
v1|287499857577|0,Johnny and the Hurricanes Stormsville Vinyl LP Record OG 1960 MONO pressing,3.00,0.3326
v1|158149977794|0,"Black Star ""Mos Def & Talib Kweli..."" Rap Hip Hop LP Rawkus RE 2-Tone Pic Disc",11.50,0.3326
v1|117337339715|0,THE O'JAYS Survival 1975 PROMO LP on Philadelphia International #KZ 33150 SOUL,9.99,0.3326
v1|117336702775|0,Sis. Maxine West -My Son- Texas Gospel Funk Deep Soul LP on Eden - Hear,9.99,0.3326
v1|198543077429|0,"CAMERON PAUL - THIS IS A TEST - Vinyl 12"" Single 1988 US - Electro/Bass Classic!",7.98,0.3324
v1|398245504020|0,1986 Slayer Reign in Blood Vinyl LP Original US Def Jam GHS 24131 Nice & Clean,149.99,0.3321
v1|147479116034|0,Robert Fripp Exposure LP Phil Collins  Brian Eno Peter Gabriel King Crimson Ex,7.99,0.3319
v1|257657325635|0,"Kiss Rock and Roll Over Vinyl  (With Insert, Original Pressing)",30.00,0.3318
v1|407117250554|0,"Erykah Badu ""Worldwide Underground"" R&B Hip Hop LP Motown Reissue",9.50,0.3315
v1|366581709951|0,"Brothers Johnson Right On Time LP 12"" Black Vinyl A&M Funk Soul",7.77,0.3313
v1|117336697195|0,The Swindell Brothers w/ J.J. Wilkerson -Judge Not- Gospel LP on Veep - Hear,9.99,0.3313
v1|227459333321|0,"Miami Sound Machine Primitive Love LP 12"" Black Vinyl 33 RPM Epic FE 40131",4.00,0.3312
v1|188729896641|0,Funk Soul - Joyce Heath I Wouldn’t Dream Of It - R&B 60’s Popcorn Oldies,9.99,0.3311
v1|257651910068|0,"RAW SILK Do It To The Music WEST END 12"" VG+",11.50,0.3310
v1|128007721337|0,THE RIGHTEOUS BROTHERS:Standards Verve V6-5051 LP 1968 VG/VG,6.00,0.3308
v1|168584692470|0,CHARLES KYNARD - Where It's At! Clifford Scott - Pacific Jazz 1963 RED VINYL,49.99,0.3307
v1|168589166349|0,SOUL Ray Charles Eleanor Rigby / Understanding ABC 11090 1968 NM,5.00,0.3306
v1|147478959646|0,Earth - Methedrine (7” 1993) SELF RELEASE - DYLAN CARLSON - RARE - OOP - HTF,15.00,0.3306
v1|117337339825|0,OPERATION Frihet? 1997 GERMAN IMPORT LP on Skuld/Profane Existence #054 BOOKLET,9.99,0.3306
v1|206457726636|0,"Lisa Warrington - Like The Way You Do It 12"" - SM - Rare Modern Soul VG+ HEAR",172.50,0.3302
v1|318672653616|0,DURAN DURAN Andy Taylor THUNDER Vinyl LP Used VG+,9.99,0.3300
v1|257651521156|0,"LL COOL J Pink Cookies In A Plastic Bag Getting Crushed By DEF JAM 12"" VG+ ",5.00,0.3300
v1|358878913563|0,Art Pepper Vinyl Album The Way It Was Ex,30.00,0.3297
v1|188734670514|0,"FINLEY QUAYE / WILLIAM ORBIT - DICE 12"" Vinyl 2003 RECORD 49 76894 NM",9.99,0.3295
v1|298553766201|0,"Afro-Rican - I Can Do That / Just Let It Go (12"")",0.99,0.3293
v1|236980314576|0,JADE WARRIOR Self Titled VERTIGO VEL-1007 LP Gatefold VG+,31.00,0.3291
v1|198543157891|0,"SOULS OF MISCHIEF - GET THE GIRL, GRAB THE MONEY & RUN - Vinyl 12"" US 1994 NM!",7.98,0.3285
v1|188732134749|0,New Wave - Devo Freedom Of Choice - Warner Bros - 80’s Rock Synth Pop,9.99,0.3281
v1|800454443657|0,Boogie Down Productions - Ghetto Music LP - Jive OG Press,11.50,0.3279
v1|257651967168|0,"ROOTS Star GEFFEN 12"" NM/VG++ ",5.00,0.3278
v1|257658081630|0,"TONEY LEE Reach Up RADAR 12"" NM 1982",5.50,0.3278
v1|366577515011|0,GARY PEACOCK/KEITH JARRETT/JACK DEJOHNETTE Tales Of Another ECM LP VG++ o,8.00,0.3278
v1|267743417702|0,RARE Norfolk VA SOUL 78 Margie Day STREET WALKING DADDY Griffin Brothers VG+,10.00,0.3273
v1|800440146803|0,GERRY MULLIGAN Concert In Jazz VERVE LP NM japan 1981 reissue gatefold w/ obi o,8.00,0.3273
v1|128011135018|0,LOS TROQUEROS  LOS MATACUACES      ULTRA RARE USED VG,39.99,0.3270
v1|398251047326|0,SONNY STITT AND BENNIE GREE  My Main Man CADET | Jazz | Groove | LP HEAR,9.99,0.3268
v1|307097569567|0,"CARLOS ARELLANO - CANCIONES DOMESTICAS - 1987 MEXICAN LP + INSERT, LATIN ROCK",24.99,0.3266
v1|800443916415|0,"ThunderbolT - Love Is So Funny 12"" - Rapture - Modern Soul Boogie VG+ HEAR",53.00,0.3263
v1|198540901268|0,ZIGGY MARLEY BRIGHTSIDE RSD LIMITED ED. NUMBERED ON ORANGE VINYL FACTORY SEALED,17.99,0.3262
v1|800450414186|0,"The Littlemen Happy Hours EP Low Down Music LDM029 12"" Vinyl Electronic Black",5.00,0.3262
v1|257651785163|0,"NYC PEECH BOYS On A Journey ISLAND 12"" VG+ ",5.00,0.3261
v1|158150274071|0,"Jay-Z ""The Blueprint"" Rap Hip Hop 2xLP Roc-A-Fella Clear Blue Wax w/ Inserts OG",30.00,0.3261
v1|257651783661|0,"NYC PEECH BOYS Come On, Come On GARAGE 12"" VG++ ",5.00,0.3255
v1|178355328417|0,V.A.-Hot Pepper-NM,35.00,0.3255
v1|257651819929|0,"PET SHOP BOYS I Don't Know What You Want SIRE 12"" NM/VG++ ",7.50,0.3254
v1|800443916357|0,"Phil Collins - In The Air Tonight 12"" - Atlantic VG+ Shrink",8.00,0.3253
v1|137558068147|0,MAX ROMEO Reconstruction ROOTS  REGGAE LP MANGO  KENDUN,9.99,0.3251
v1|128008927202|0,Bon Jovi - 7800 Fahrenheit - EX+/EX 1985 Hair Metal Rock Mercury Sleeve 1ST Pres,7.49,0.3248
v1|318657272837|0,INi Kamoze Here Comes The Hot Stepper Reggae Hip-Hop Rap Remix 12” Vinyl EP,25.99,0.3244
v1|366583490223|0,"Beastie Boys ""Some Old Bullshit"" Rap Hip Hop LP Grand Royal RE 180g White Wax",8.50,0.3243
v1|800450522734|0,"Blind Lemon Jefferson, 1926-29: BLP-12000 1968",2.25,0.3241
v1|318664077264|0,"Model 500 - Night Drive (Thru-Babylon) 12"" - Metroplex - Electro HEAR",9.00,0.3240
v1|287499188591|0,Scott Cunningham - Blues Take You Over LP - Marble Bar VG+,25.00,0.3239
v1|227462486718|0,"Freddy – Freddy / Jazz Latin, Bolero MEGA RARE!!! / VG+ LP / No Jacket Included!",18.90,0.3232
v1|257650528454|0,"Webster Lewis - DO IT WITH STYLE Epic – ASD 240 PROMO DISCO FUNK 12"" RARE",100.00,0.3231
v1|377389407908|0,Checkfield - Distant Thunder - Vinyl Record LP - Electronic Jazz Ag-787 - 1987,9.99,0.3231
v1|128007927956|0,Sol Fire HOTEL MARCELINE 2021 private press (?) New Mexico SEALED rock lp record,2.99,0.3231
v1|366573199840|0,Milton Brown and His Brownies -Somebody's Been Using That Thing- DECCA 5201 V/E,19.99,0.3228
v1|307104310361|0,MetallicA ...And Justice For All 2LP USA Elektra Promo (Brown Translucent),350.00,0.3226
v1|318672012635|0,Bar-Kays - Gotta Groove LP - Volt OG Press,16.50,0.3223
v1|178355332173|0,The Escorts-Sorry/It's Love to Me-VG++ to NM,200.00,0.3221
v1|178368284430|0,Riverboat Gamblers Backsides Black Vinyl 125/1000 Recorded Messages Punk Rock,20.00,0.3221
v1|257651785668|0,"O.N.I.T. (OH NO IT'S THEM) We're Out Of Control FOURTH FLOOR 12"" VG++",5.00,0.3219
v1|307102994648|0,Meat Puppets - Out My Way - 1986 Vinyl EP - SST 049 w/ inserts,9.99,0.3215
v1|398242883821|0,Switchfoot the Meant To live Blue Vinyl Record RARE,33.00,0.3212
v1|168583544199|0,"THE SOUL PATROL~""SAIGON STRUT""~Orig. 1969-FUNK~SOUL~7'' 45rpm~SHAMLEY~VG+",0.99,0.3210
v1|257651672382|0,"MICHAEL JACKSON Another Part Of Me EPIC 12"" NM/VG++",20.50,0.3209
v1|206462527527|0,Curtis Mayfield - Back To The World LP - Curtom OG Press VG++,15.50,0.3208
v1|267745961136|0,THE GUESS WHO - American Woman LP (1st US STEREO Pressing on RCA) Cleaned EX/EX,20.00,0.3207
v1|198542762413|0,Thom McCan LP Radio Spots Bossa Nova style RED WAX 1960s,15.00,0.3204
v1|336722395595|0,PET SHOP BOYS - Disco (1986) Vinyl LP Record. W/ Inner Sleeve VG+/VG,6.49,0.3201
v1|318668734619|0,"Charlie Daniels – Te John, Grease & Wolfman - US LP 1972",4.99,0.3201
v1|298554536100|0,"1969-THE WINSTONS, "" WHEEL OF FORTUNE/ LOVE OF THE COMMON PEOPLE"",  FUNK/ SOUL",0.99,0.3200
v1|257651598171|0,"MAJOR HARRIS All My Life POP ART 12"" VG++ PROMO wlp modern soul boogie HEAR",22.50,0.3199
v1|158154952349|0,The Appletree Theatre ‎What A Way To Go Verve 5082 1968 NM PROMO PSYCH 45,5.00,0.3197
v1|128007721362|0,MAC DAVIS:Mac Davis Columbia KC 32206 LP 1973 G+/VG-,4.00,0.3197
v1|358884439669|0,Lot 26 Original 1960's RCA Victor 45 Company Sleeves Northern Soul Garage Psych,29.99,0.3193
v1|407117276027|0,"Genius/GZA ""Liquid Swords"" Rap Hip Hop 2xLP Get On Down Blue Wax Re FULL POSTER",27.00,0.3191
v1|128002942948|0,XUA Mekong Moon 2015 ELECTRONIC DUB TECHNO AMBIENT LP on Debacle #DBL098 Ltd Edn,5.99,0.3191
v1|336722422387|0,Buzzcocks a Different Kind of Tension - US First Press • SP 009,4.99,0.3190
v1|198544199499|0,"Outlaws In the Eye of the Storm (12"" Black Vinyl LP, 33 RPM, Rock, Arista) - EX",3.99,0.3189
v1|800443916377|0,"Rare Pleasure - Let Me Down Easy 12"" - Cheri - Disco Funk VG+ HEAR",71.00,0.3186
v1|198543150925|0,"PETE ROCK ft. INSPECTAH DECK & KURUPT - TRU MASTER - Vinyl 12"" 1998 US Promo!",7.98,0.3186
v1|227459562767|0,"Hot Tuna – First Pull Up, Then Pull Down LP LSP-4550 Vinyl 1971 Gatefold NM!",17.00,0.3186
v1|366583810488|0,"Masta Killa ""No Said Date"" Rap Hip Hop 2xLP Nature Sounds RE Color Wax w/Booklet",13.50,0.3176
v1|257650455452|0,Knife Party – ABANDON SHIP Earstorm – 825646202317 Warner Bros. Records RARE 2LP,400.00,0.3176
v1|257651906573|0,"RAEKWON Ice Cream LOUD 12"" NM/VG++",7.00,0.3176
v1|407115905393|0,"Edison Diamond Disc 51373, The Arkansas Trio, Boll Weevil Blues/New Kind Of Man",7.99,0.3175
v1|117332202352|0,"GREAT LOT 1970's R&B Soul 12"" records albums Dance Funk vinyl LP's",2.87,0.3172
v1|178374737631|0,The Dave Brubeck Quartet Bossa Nova USA Columbia 2 Eye CL 1998 Mono,1.00,0.3169
v1|198540979676|0,COLEMAN HAWKINS QUARTET TODAY AND NOW 3RD MAN PRESSING 180 G FACTORY SEALED,24.99,0.3169
v1|206457726727|0,"V.I.P. Connection - West Coast Drive 12"" - Morningstar - Disco Funk Jazz HEAR",16.50,0.3169
v1|198543034899|0,"BEATNUTS - REIGN OF THE TEC - Vinyl 12"" Single 1993 Original US Promo!!",7.98,0.3164
v1|366577516709|0,OUT OF THE BLUE Live At Mt. Fuji BLUE NOTE BTC-85141 LP SEALED o,8.00,0.3163
v1|206457726634|0,"Lisa Hill - I Am On The Real Side 12"" - Q-IT - Modern Soul Boogie VG+ HEAR",117.50,0.3162
v1|257658113517|0,SOUL HUSTLER-RARE ROCK SOUNDTRACK LP-ON MGM-HARLEY HATCHER,9.99,0.3162
v1|800443916318|0,"Lenny Williams - Freefall 12"" - MCA - Modern Soul Boogie VG+ PROMO HEAR",8.50,0.3160
v1|366581691751|0,X Under The Big Black Sun Vinyl LP 1982 Elektra ,20.00,0.3155
v1|206460661517|0,"Fever Tree Creation UNI Records UNS 73035 12"" Stereo Black Vinyl LP",15.00,0.3153
v1|318660975142|0,BJARNE ROSTVOLD'S TRIO Tricrotism RCA VICTOR LP mono germany o,9.50,0.3152
v1|307094406027|0,Tom Waits Swordfishtrombones Vinyl LP UK Re 1987 VG+/VG Island OIS,7.50,0.3148
v1|178368114324|0,"Columbia LP Record, Vladimir Horowitz,The Sounds Of Horowitz. VG ",1.00,0.3148
v1|336722104906|0,Abecedarians- Eureka ORIGINAL US LP Southwest Audio Productions 1986 Nice Vinyl,11.50,0.3146
v1|198542827432|0,POPTONE Self Titled 2 X Lp WHITE VINYL Bauhaus Love And Rockets Tones On Tail,39.99,0.3146
v1|336722425820|0,STING ~Orig 1985 1st Press USA The Dream of the Blue Turtles  Vinyl LP~ EX/VG+,4.99,0.3144
v1|236980346284|0,Tones On Tail Pop Vinyl LP BBL-51-A 1988 UK Special Lowdown Bauhaus Goth,28.99,0.3143
v1|188732577201|0,Funk Soul - The Smith Connection Under My Wings - Music Merchant - Sweet 70’s,9.99,0.3142
v1|336713851145|0,J.J. LANCASTER SO UNKIND 45 PROMO Styrene DATE 2-1564 Rare 60s Garage Psych NM,9.99,0.3137
v1|278241166636|0,Pat Metheny 80/81 ECM Vinyl Lp Record Dejohnette Haden Redman Brecker,19.99,0.3134
v1|257661839351|0,BETTYE SMITH ~ MUCH TOO MUCH ~ IMPERIAL “PROMO” ~ Orig. SOUL 45,8.00,0.3133
v1|178355328561|0,Ethel Waters (+ JamesJohnson)-Lonesome Swallow/My Baby Sure Knows How to Love-NM,100.00,0.3132
v1|267742785482|0,Etta James - At Last! LP-4003  GREEN ARGO MONO DEEP GROVE VERY VERY RARE,385.00,0.3130
v1|287499344907|0,Native Sons - The Long Ryders LP VG+,15.00,0.3130
v1|188734670527|0,"GRANDMASTER FLASH & THE FURIOUS FIVE - NEW YORK NEW YORK 12"" Vinyl RECORD EX",9.50,0.3128
v1|377389383220|0,Stu Self – All By My Self  1975 SPACE AGE,3.00,0.3128
v1|168586656147|0,"Ol Dirty Bastard PROMO 12"" Brooklyn Zoo/Give It To Ya Raw (Wu-Tang ODB) NM Vinyl",9.98,0.3127
v1|307107197195|0,PLAYS CLEAN 1971 ORIG= DUANE ALLMAN  ~ THE ALLMAN BROTHERS - FILLMORE psych 2xLP,39.98,0.3127
v1|236980283836|0,Blondie Parallel Lines 1978 Picture Disc LP Vinyl Chrysalis Records - Dish Warp,27.00,0.3125
v1|366583586153|0,"DMX ""Flesh Of My..."" Rap Hip Hop 2xLP Ruff Ryders/Def Jam RE Clear/Blood Wax",26.00,0.3117
v1|168584178521|0,Three Dog Night One Vinal Dunhill DS-50018 First Pressing Lp Record 1968 Vg/Vg,1.00,0.3115
v1|298537095193|0,Rory Gallagher Blueprint LP 1973 Polydor PD-5522,5.00,0.3114
v1|227455457927|0,SURVIVOR - EYE OF THE TIGER - SCOTTI BROTHERS - NM SHRINK ORIG. PRESSING,5.99,0.3110
v1|287494768595|0,FIRST CHOICE SO LET US ENTERTAIN YOU R&B SOUL 12' LP 33RPM VG+,8.00,0.3110
v1|318661024067|0,CHICO FREEMAN Destiny's Dance CONTEMPORARY LP VG+ o,8.00,0.3108
v1|307102035217|0,FRANCES FAYE - I'M WILD AGAIN 1955 BETHLEHEM BCP-23 MONO RARE VOCAL JAZZ VG/VG+,9.99,0.3105
v1|257651809836|0,"PATRICK COWLEY FEAT. SYLVESTER Do You Wanna Funk MEGATONE 12"" VG+ label var.",5.00,0.3104
v1|158154956359|0,SOUL JAZZ Hank Crawford Smoky City / Hush Puppies Atlantic 5079 1967 VG+ PROMO,5.00,0.3102
v1|188732181590|0,New Wave - Plasmatics Beyond The Valley of 1984 - Stiff America - Punk Rock 80s,9.99,0.3102
v1|188734792625|0,"Frail 7"" First Pressing Political Straight Edge Hardcore ‘94 Canon Ink & Dagger",30.00,0.3102
v1|800440140398|0,CECIL PAYNE/DUKE JORDAN Brooklyn Brothers MUSE LP VG+ o,8.00,0.3101
v1|800440180724|0,LUIS GASCA Born To Love You FANTASY LP o,8.50,0.3100
v1|278248184617|0,The Delfonics Self-titled LP Philly Groove Records 1970,1.99,0.3099
v1|257651829868|0,"PHENOMENAL One Two Three STANPICO 12"" VG++ boogie modern soul funk HEAR",9.61,0.3099
v1|257651708607|0,"MONTANA A Dance Fantasy ATLANTIC 12"" VG++",5.00,0.3097
v1|800443916315|0,"L. Murray - I Can't Let You Get Away 12"" - Sol Prod Modern Soul Boogie VG++ HEAR",40.00,0.3097
v1|257651853496|0,"POP MECHANICS Musics Gone Funky ELECTRIC ICE 12"" NM",5.00,0.3092
v1|188734718307|0,"FRANCE JOLI Lot Of 2 12"" Vinyl RECORD WITCH OF LOVE LP Heart To Break The Heart",11.88,0.3091
v1|158150164227|0,"Eric B. & Rakim ""Paid In Full"" Rap Hip Hop 2xLP 4th & B'Way Reissue",9.50,0.3087
v1|398251136414|0,LIVE AT CBGB'S HOME OF UNDERGROUND ROCK 2 LP VINYL The Shirts Mink Deville,5.85,0.3085
v1|188713938706|0,Don Dokken - Up From The Ashes - Vinyl LP Heavy Metal Original 1990 German Press,69.99,0.3084
v1|800440211274|0,HAMPTON HAWES/MARTIAL SOLAL Key For Two AFFINITY LP VG+ uk o,8.00,0.3082
v1|257652111018|0,"SUPER CAT Booops JUSTICE 12"" VG++ reggae dancehall",5.00,0.3082
v1|398251090623|0,BERNARD PURDIE Soul Is Pretty Purdie FLYING DUITCHMAN | Funk | Breaks LP HEAR,21.50,0.3081
v1|800440119935|0,RUFUS REID TRIO Perpetual Stroll THERESA LP VG+ o,8.00,0.3080
v1|358879007169|0,FREDDIE MERCURY - Exercises In Free Love / The Great Pretender- RARE,5.99,0.3078
v1|267742787126|0,T-Minus featuring Tommy V COUNT DOWN RECORDS Private Press AOR HARD ROCK LP,250.00,0.3073
v1|800450359691|0,"Moon's Train ""Moon's Train"" 1998 12"" Black Vinyl LP TP037 Ltd Ed Bill Wyman",10.00,0.3072
v1|137557367742|0,THIRD WORLD Rock The World  REGGAE LP COLUMBIA SHRINK 1A/1B NM,9.99,0.3071
v1|236980292795|0,"Journey Escape Original Vinyl LP TC 37408 1981 Columbia in Shrink w/ Hype, VG+",10.50,0.3071
v1|117341116417|0,LOS RANCHERITOS DEL TOPO CHICO  15 EXITOS BOLEROS Y CUMBIAS   ULTRA RARE USED VG,19.99,0.3069
v1|227459562030|0,Eric Quincy Tate – Drinking Man's Friend LP CP0104 Vinyl 1972 OG Gatefold EX!,37.99,0.3068
v1|198542931868|0,"Depeche Mode lot 7"" See You Get The Balance Right UK pressings MUTE! NM!",14.50,0.3068
v1|287499527783|0,80s Suicidal Tendencies Debut Album Vinyl Near Mint in Original Wrapper,30.00,0.3068
v1|366577528018|0,JAN GARBAREK/KJELL JOHNSEN Aftenland ECM LP VG++ o,8.00,0.3067
v1|358878944103|0,"Jonathan Settel ""Soul Train (Gotta Find A Woman)"" Obscure 70's Soul 45 Blue Chip",9.99,0.3066
v1|298531067610|0,BLACK SABBATH (SELF-TITLED)  Vertigo 1LP First Euro Vinyl Pressing EX+ Condition,73.00,0.3066
v1|398242715107|0,SIGNED MARK LUCAS CLANCY TROY Love  LP VPI CLEAN Linden PRIVATE LOUNGE VG+,24.99,0.3065
v1|358876461359|0,"Bobby Hutcherson | In The Vanguard Landmark LLP-1513 1987 12"" LP Demo VG+/EX",12.99,0.3064
v1|147478501209|0,THE 4TH MOVEMENT The 4th Movement Near Mint vinyl & Cover inserts included HEAR!,9.99,0.3059
v1|227459598552|0,"Petestrumentales by Pete Rock (Record, 2001)",50.00,0.3059
v1|168583683853|0,Bossa Nova Brazilian Jazz Sonido de Marco Rizo Latin Vinyl VG+ ULTRASONIC CLEAN,12.99,0.3057
v1|117341316564|0,Shango Zulu Groove Album Vinyl LP Record Afrika Bambaattaa EX+/EX,9.99,0.3056
v1|117337339799|0,Happiness Is Being With THE SPINNERS 1976 LP on Atlantic #SD 18181 R&B SOUL,14.99,0.3055
v1|407106916838|0,JOHN LEE HOOKER  The Great Blues Sounds DELTA BLUES UNITED LP CHEESECAKE CVR NM,9.99,0.3052
v1|257658121623|0,"ULTRA SHOCK The Sound Of ""E"" TRACID TRAXXX 12"" 1999 GERMANY trance",5.00,0.3050
v1|398249435462|0,CHUNKS PUNK COMP LP NEW ALLIANCE DESCENDENTS BLACK FLAG MINUTEMEN STAINS 1981,149.99,0.3050
v1|257657199553|0,Genesis  Live- 1st Press 1974 Buddah Records Vinyl Lp Nice VG/VG,0.99,0.3047
v1|287499777253|0,American Noise Vol. 2 Various Record 2019 LP Vinyl Rsd Crucifucks Killdozer Punk,20.00,0.3045
v1|188734669305|0,STANLEY CLARKE - JOURNEY TO LOVE Vinyl LP RECORD JAZZ Presswell Press NE 433 NM,9.50,0.3039
v1|147479140636|0,Hey Violet From the Outside Vinyl Record LP Clear Marble Urban Outfitters ltd ed,25.00,0.3037
v1|236980271678|0,Kix - Cool Kids 1983 Atlantic Vinyl LP Vintage Metal 80056-1,10.50,0.3036
v1|298551064701|0,"Tony Borders  - Get Yourself Another Man/Bit By Bit -  PROMO US 7""",6.99,0.3036
v1|336722432080|0,JOHN LEE HOOKER & CANNED HEAT Hooker 'n Heat LP 2xLP LIBERTY LST-35002 rare OG ,4.99,0.3034
v1|318669282901|0,Jeff Beck's Guitar Shop Vinyl FIRST PRESSING PROMO VG+,49.00,0.3032
v1|178370651196|0,Green River Dry As A Bone EP  orig 1986 Sub Pop w/pink insert Mudhoney Pearl Jam,71.00,0.3032
v1|188733995353|0,"EARL KLUGH on LP ""HEART STRING "" jazz",2.99,0.3032
v1|407115948267|0,"Edison Disc 51305, , Atlantic Dance Orchestra/Kaplan's Melodist, Limehouse Blues",7.99,0.3031
v1|318661063337|0,BILL HARDMAN Focus MUSE LP VG+ o,8.00,0.3031
v1|168589166363|0,FUNK The Truth Wade In The Water / Love Locked Mega 615-0023 1971 NM PROMO,5.00,0.3029
v1|800443916359|0,"Porsche - Rush Hour Traffic 12"" - Anutha - Modern Soul Boogie VG+ HEAR",123.14,0.3027
v1|307097692498|0,YES RELAYER 1974 LP album ATLANTIC RECORDS #SD-18122 EX GF,6.95,0.3027
v1|398243382148|0,Chicano Batman - Freedom Is Free - Orange Vinyl LP,15.00,0.3021
v1|800443916337|0,"Michael Cooper - Over And Over 12"" - Reprise - Modern Soul VG++ PROMO HEAR",10.50,0.3020
v1|336722431725|0,"Nektar Remember the Future Passport LP Vinyl Prog Rock PB 98002 12"" 33RPM VG+",4.99,0.3020
v1|236985158433|0,Red Hot Chili Peppers – The Uplift Mofo Party Plan (1987 Original Press Vinyl),50.00,0.3017
v1|407117481843|0,"Ludacris ""Word Of Mouf"" Rap Hip Hop 2xLP Def Jam South Promo OG",17.50,0.3015
v1|178374890183|0,Nancy Wilson - I'Ve Never Been To Me - LP -  Capitol Records - Vg++,1.00,0.3014
v1|366573216317|0,Milton Brown and His Brownies - The Hesitation Blues - DECCA 5266 E+,19.99,0.3013
v1|800443916398|0,"Sonny Padilla JR - It's Your Body/Talk To Me 12"" - Uno Electro Vocoder VG+ HEAR",12.84,0.3009
v1|178358387823|0,Parchment Light Up The Fire 1972 UK Folk / Psych LP with poster,9.99,0.3009
v1|257652027649|0,"SHERYL LEE RALPH In The Evening THE NY MUSIC COMPANY 12"" NM 1984 Hi NRG ",5.00,0.3009
v1|298554149721|0,LET THEM EAT JELLYBEANS! LP – ORIGINAL 1982 U.S. PRESSING w/ POSTER,69.99,0.3008
v1|327292465426|0,Grinderman 2 - Nick Cave Bad Seeds Vinyl 2010 Anti- Record 1st Press Booklet CD,24.99,0.3007
v1|366573212583|0,Milton Brown and His Brownies - Keep A Knockin' (But You...) - DECCA 5251 E+,19.99,0.3002
v1|236980242854|0,Humble Pie - As Safe As Yesterday Is - UK - 1969 - Ultrasonic Cleaned - IMSP 025,4.99,0.3002
v1|318672012668|0,Boogie Down Productions - Criminal Minded LP - B Boy,20.50,0.3000
v1|377389408219|0,Maynard Ferguson - The Blues Roar - Vinyl Record LP - Mainstream Label,5.99,0.2998
v1|800450458992|0,RECORD STORE DAY 2026 John Coltrane The Tiberi Tapes: A Preview of the Mythic,15.00,0.2997
v1|227462702388|0,Felt - Ignite the Seven Cannons NM Gatefold UK reissue lp Jangle Rock,6.99,0.2997
v1|257651725525|0,"MR. LEE Come To House TRAX 12"" VG++",7.50,0.2994
v1|188732726834|0,Lounge - Lex James Joy & Love - Accent - 60’s Jazz Oddball Left Field Private,9.99,0.2994
v1|800440137040|0,OLD AND NEW DREAMS Playing ECM LP VG+ o,16.17,0.2993
v1|128011128293|0,LOS SULTANES DEL NORTE EL VINO Y LA PARRANDA   ULTRA RARE USED VG,49.99,0.2989
v1|318668865318|0,"Rock Master Scott & The Dynamic Three The Roof Is On Fire 12"" Black Vinyl Single",3.58,0.2989
v1|366577517171|0,"PHINEAS NEWBORN, JR. Harlem Blues CONTEMPORARY LP VG+ o",8.00,0.2987
v1|287499770100|0,American Noise V 1 Vinyl LP Killdozer Crucifucks Record Album Punk Hardcore Rsd ,20.00,0.2986
v1|137585898773|0,STANLEY TURRENTINE Comin' Your Way Blue Note Records Tone Poet 2020 Vinyl LP,19.99,0.2984
v1|206457726699|0,"Sherman Hunter - Dance To Freedom 12"" - Dealers Choice - Miami Disco OG VG+ HEAR",384.99,0.2984
v1|188713512106|0,Milton Brown and His Brownies - The Eyes Of Texas - DECCA 5209 E-,19.99,0.2982
v1|117338591936|0,War Platinum Jazz  2 LP Record Vinyl Record Album BN-LA690-J2 VG,7.00,0.2981
v1|358875727356|0,"R.E.M. ""S. Central Rain"" 12"" Vinyl Record Single Original 1984 UK Release",18.95,0.2980
v1|236980076243|0,FOR YOUR PLEASURE 1973 lp THE SECOND ROXY MUSIC ALBUM with BRIAN ENO,29.92,0.2973
v1|257657269963|0,Incite - Built To Destory - LP EX!,11.00,0.2969
v1|257651960992|0,"ROOTS MAN Treat Me Irie MAROON 12"" EP VG++ reggae",5.00,0.2968
v1|206462527494|0,"Big Red & Diamond D - Created A Monster 12"" - Payday - Random Rap OG VG+ HEAR",8.00,0.2965
v1|188734670563|0,"PAUL CARRACK - DON'T SHED A TEAR 12"" Vinyl PROMO 1987 RECORD VAZ 2768 NM",8.99,0.2963
v1|178368559729|0,"RARE 12"" SINGLE-HBR-HILL BIRD RECORDS #4 US PRESSING 2005-UNKNOWN ARTIST-VINYL",10.00,0.2962
v1|206457726663|0,"One Way - Shine On Me 12"" - MCA - Modern Soul Boogie VG+ PROMO HEAR",11.50,0.2961
v1|377389407471|0,Bruce Cockburn - Inner City Front - Vinyl Record LP 1981,4.99,0.2958
v1|366583590841|0,"Donell Jones ""My Heart"" R&B Hip Hop 2xLP LaFace Promo OG",37.00,0.2958
v1|257657514715|0,The Chico Hamilton Quintet - Ellington Suite,12.00,0.2955
v1|800454443626|0,Betty Davis - S/T LP - Just Sunshine OG Press,89.00,0.2952
v1|318661009006|0,PUCHO & THE LATIN SOUL BROTHERS Heat! PRESTIGE LP SHRINK o,29.88,0.2952
v1|128007337216|0,PINK FLORY - MEDDLE Vinyl LP. 1971 Harvest Records SMAS-832-1 G44 #1,24.50,0.2950
v1|168584258837|0,Freddie Hubbard - Open Sesame 1989 Reissue NM,58.00,0.2947
v1|206457726701|0,"Sparque - Music Turns Me On 12"" - West End - Boogie Funk PROMO HEAR",8.00,0.2945
v1|198537926669|0,AGENT ORANGE Living In Darkness Lp FIRST PRESS NO INSERTS OOP RARE KBD Punk,99.99,0.2944
v1|188737785091|0,"The Lumineers Cleopatra 12"" Green Colored Vinyl LP 33 RPM Dualtone",7.50,0.2944
v1|800440114631|0,DON RENDELL QUINTET Roarin' JAZZLAND LP o,8.00,0.2944
v1|318661025570|0,RED GARLAND Solar JAZZLAND LP mono SHRINK o,11.50,0.2942
v1|168589136031|0,SOUL Lala Wilson Band Flea Pot / Sweetie Lester Aura  4509 1965 EX PROMO,20.00,0.2941
v1|128007506259|0,NEIL DIAMOND:Hot August Night MCA 2 8000 2LP 1972 VG-/VG-,6.00,0.2938
v1|206462440320|0,"Pleasure Get To The Feeling LP Vinyl 12"" Fantasy 1978 F-9550 Demo Promo",14.40,0.2937
v1|800440110388|0,TERJE RYPDAL Whenever I Seem To Be Far Away ECM LP VG+ germany o,8.00,0.2935
v1|257652017781|0,"SCARFACE My Block DEF JAM 12"" NM ",5.00,0.2934
v1|358876200619|0,"VINYL SINGLES: Love & Rockets- R.I.P. 20C, Space- Female of the Species",10.00,0.2934
v1|158147358217|0,YG Still Brazy Original LP,100.00,0.2932
v1|336722086294|0,LP TAANA GARDNER 2LP OG '79 WEST END WE 107 LARRY LEVAN PARADISE GARAGE MINT-,16.95,0.2932
v1|366583482872|0,"Beastie Boys ""Licensed To Ill"" Rap Hip Hop LP Def Jam Reissue",10.50,0.2931
v1|407115322343|0,"Blues Magoos Psychedelic Lollipop 12"" Black Vinyl LP 33RPM Stereo MG 21096",7.00,0.2930
v1|398241301713|0,"RICHARD PRYOR: holy smoke! LAFF 12"" LP 33 RPM Opened In Shrink",6.00,0.2930
v1|147480499676|0,"Gerry Rafferty [Self-Titled] (Vinyl LP, 1973, Visa 7006) VG/VG+",0.99,0.2927
v1|188734671646|0,STACEY Q - HARD MACHINE Vinyl LP RECORD 1988 Album DON'T MAKE A FOOL 81802-1 NM,9.77,0.2926
v1|178368114330|0,Angel On Earth As It Is In Heaven LP 1977 M-record & EX Cover With The Poster ,7.00,0.2922
v1|257651971616|0,"ROOTS Stay Cool GEFFEN 12"" NM ",5.00,0.2916
v1|188730322036|0,Funk Soul - Carl Burnett Sweet Memories Jerk - Carmax - Rare 60’s Oldies Popcorn,9.99,0.2914
v1|298554060420|0,"1952 Home Recorded Lacquer Acetate 7"" Disc ""Let Lower Lights Be Burning""",1.00,0.2912
v1|227460587266|0,UNESCO Balinese Theatre & Dance Music PHILIPS 1973 VG VINYL LP Record USED,5.00,0.2912
v1|198547491696|0,Enya Watermark 1988 Original Vinyl LP 33 RPM Inlay Record VG+ Cover Good,26.00,0.2912
v1|366577515879|0,JOE PASS Virtuoso #3 PABLO LP VG+ gatefold o,8.00,0.2911
v1|117338301941|0,Iron Butterfly - In-A-Gadda-Da-Vida LP Vinyl - 1968 ATCO SD 33-250 Psych Rock,10.00,0.2911
v1|366577529137|0,ASTRUD GILBERTO/WALTER WANDERLEY A Certain Smile... VERVE LP mono o,11.50,0.2911
v1|257657568185|0,"LP Original 1974 Grand Funk Railroad Shinin' On VG+/VG+ W/glasses, no poster",7.99,0.2910
v1|800440179605|0,ERIC GALE In A Jazz Tradition EMARCY LP VG+ europe o,8.00,0.2909
v1|318672012672|0,Brotherhood Posse - Funky Dope Maneuver EP - PLE Production Random Rap VG+ HEAR,10.50,0.2909
v1|358875547371|0,THE TIKIS / In Town Tonight / Rare Northern Soul / MINARET 7001  / Autographed !,20.00,0.2906
v1|398243208990|0,"Over Kill Feel The Fire 1985 Megaforce MRI 1469 12"" Vinyl LP 33 RPM Metal",39.00,0.2904
v1|158150224157|0,"Grand Puba ""2000"" Rap Hip Hop LP Elektra w/ Insert OG",7.99,0.2903
v1|188732806785|0,Jazz - Buddy Childers Quartet - Liberty - 50’s Bop Cool Jazz,9.99,0.2902
v1|366583773889|0,"Leaders Of The New School ""A Future Without A Past"" Hip Hop 2xLP Traffic Reissue",8.49,0.2901
v1|318672012723|0,Donny Hathaway - Live LP - ATCO OG Press 1841 Broadway,10.50,0.2899
v1|158150016808|0,"Cam'ron ""Come Home With Me"" Rap Hip Hop 2xLP Roc-A-Fella Promo w/ Insert OG",51.00,0.2899
v1|377377099656|0,JACKIE ROSS MAKING ROOM FOR LOVE 45 GOLDEN EAR GE 2294X Rare Soul Funk 80s EX,12.50,0.2899
v1|257651520593|0,"LL COOL J Around The Way Girl DEF JAM 12"" SEALED",8.50,0.2899
v1|407117140637|0,"Brand Nubian ""In God We Trust"" Rap Hip Hop 2xLP Elektra w/ Insert OG",7.99,0.2895
v1|257651872701|0,"PRINCE OF DANCE MUSIC This Dream Is Real LARHON 12"" VG++ RARE house 1988 HEAR",6.00,0.2894
v1|206457726736|0,"Yvette Cason - Cash Play 12"" - Beantown Music - Synth Boogie OG Press VG+ HEAR",22.50,0.2892
v1|800443916306|0,"Jewel - Jewel's Groove 12"" - Erect - Boogie Funk VG+ HEAR",61.00,0.2891
v1|117336569449|0,Performing Arts Ensemble -Sounds Of Aquarius- Indiana Deep Soul Gospel LP - Hear,11.50,0.2889
v1|188713506146|0,Art Shaw - Sobbin' Blues - BRUNSWICK 7806 E-,19.99,0.2886
v1|257651752184|0,"NELLY Hot IN Herre UNIVERSAL 12"" VG++ ",5.00,0.2883
v1|168581113480|0,"YOUNG MC~""PRINCIPAL'S OFFICE""~Orig. 1989~ELECTRO~HIP-HOP~7'' 45rpm~DELICIOUS~M-",0.99,0.2883
v1|278208639897|0,Gism Japanese Noise Punk Lot #3 Confuse MOB 47Spazz DOOM crust Detestation Void,15.50,0.2881
v1|800443916394|0,"She - Easy Money 12"" - Genius - Modern Soul Boogie HEAR",96.00,0.2879
v1|168584228338|0,Mass – Metal Fighter LP VINYL 1st PRESS HARD ROCK HEAVY METAL 1983 Accept Mexico,50.00,0.2879
v1|206457726726|0,United Voice Players - Your Choice LP - United Voice - Modern Soul Boogie VG++,124.50,0.2879
v1|128007721681|0,Shawn Phillips:Faces A&M SP-4363 LP 1972 VG-/VG,1.00,0.2878
v1|267745824948|0,Shirley & Jessie – Too Much Too Soon / Oh Baby Promo Soul 45 on Wand,29.99,0.2876
v1|178357871856|0,Flake Youve Got me Thinking / This Wheels on Fire OZ Du Monde PSYCH 45rpm 1970,5.00,0.2876
v1|178355328474|0,Eva Taylor w/ ClarenceWilliams' BlueFive-BarefootBlues/Do It a Long Time Papa-NM,300.00,0.2875
v1|128007719980|0,NEIL SEDAKA:Now Elektra 6E-348 LP 1981 VG-/VG-,1.00,0.2870
v1|407113273836|0,Hear - Rare Country LP - Joe Maphis - The New Sound Of Joe Maphis - Mosrite,19.99,0.2869
v1|307104567085|0,Roberto Carlos En Castellano LP CYS 1404 Caytronics,0.99,0.2868
v1|358878897532|0,SHADOWFAX S/T WINDHAM HILL WH 1022 LP (1982) VG+/VG+ Fusion Jazz,8.00,0.2865
v1|227457546823|0,Larry Coryell Improvisations  From Rock To Jazz Vinyl Record ,9.99,0.2865
v1|236980238554|0,George Michael Faith Vintage Vinyl LP 1987 Columbia Record C-40867 w/ Insert EX,15.65,0.2865
v1|358879003648|0,Funk Psych Mod 45 - Tijuana Brats - Karate Chop - RCA - VG+,5.99,0.2862
v1|318668670737|0,Cher – Take Me Home - US LP 1979,4.99,0.2861
v1|366577518435|0,THELONIOUS MONK Who's Afraid Of The Big Band Monk? COLUMBIA 2XLP VG+ gatefold o,16.00,0.2860
v1|366583641453|0,"G Unit ""Beg For Mercy"" Rap Hip Hop 2xLP G Unit/Interscope Promo OG",67.00,0.2858
v1|188734669070|0,PEABO BRYSON - I AM LOVE Vinyl LP RECORD Soul Winchester Press ST 12179 EX+,9.88,0.2857
v1|206457726629|0,"Keni Burke - Risin' To The Top 12"" - RCA - Modern Soul Boogie PROMO HEAR",40.00,0.2855
v1|800443916313|0,"Klique - I Can't Shake This Feeling 12"" - MCA - Modern Soul Disco PROMO HEAR",21.50,0.2855
v1|188734105834|0,The Waterboys 'Fisherman's Blues' (ENY621- 8) Rare 1989 2 Track Vinyl Album,18.00,0.2851
v1|236980307708|0,Kiss Dressed To Kill 1975 LP Vinyl NBLP 7016 Casablanca VG+,27.00,0.2850
v1|267742824335|0,Poor Righteous Teachers – THE NEW WORLD ORDER 2LP Profile Records – PRO-1471-1,75.00,0.2850
v1|307102955563|0,Rare Bill Gaither Trio - Thanks For Sunshine - Vinyl LP - 1974 Impact Records,10.41,0.2850
v1|117341316562|0,Jimmy Giuffre Tangents in Jazz Album Vinyl LP Record EX/G- T-634,9.99,0.2849
v1|318661022314|0,JOE FARRELL Outback CTI LP gatefold o,8.00,0.2848
v1|257651765711|0,"NIMROD/INTERTIA Regrooves Vol 2 FUTURE GROOVE 12"" VG++",5.00,0.2847
v1|358876276600|0,1978 Lord of the Rings Picture Disc 2LP Soundtrack Leonard Rosenman Fantasy PD-2,39.99,0.2844
v1|278248307879|0,TEST PRESSING-1970 Minnie's Boys-1 Sided Shelley Winters Groucho Marx Rare Vinyl,7.19,0.2844
v1|188736860062|0,"CAL TJADER on LP "" SOUL BIRD : WHIFFENPOOF ""  jazz latin",9.99,0.2844
v1|178369147920|0,Alice Cooper – Flush The Fashion LP Record 1980 ORIGINAL EXC Ultra Sonic Cleaned,7.99,0.2844
v1|318669875330|0,Roberta Flack First Take LP SD 8230 In Shrink VG/VG- Vinyl Cleaned,5.99,0.2843
v1|336722083273|0,LP The Supremes New Ways But Love Stays DIE CUT G.F COVER OG MOTOWN LBL MINT-,19.95,0.2843
v1|188734849366|0,"SINNAMON - THANKS TO YOU 12"" Vinyl 1982 RECORD Funk Soul BKD 508 NM",9.50,0.2842
v1|257651769575|0,"NOTORIOUS B.I.G. (BIG) Party And Bullshit MCA/UPTOWN 12"" VG++ 1993 OG",7.50,0.2840
v1|318661062662|0,JOHN HANDY Recorded Live At The Monterey Jazz Festival COLUMBIA LP mono 2-eye o,8.00,0.2836
v1|117331903656|0,"LYLE MAYS Self-Titled 1986 JAZZ LP on Geffen #GHS 24097 with Bill Frisell, etc.",5.99,0.2836
v1|377395657030|0,BOBBY VEE SELF TITLED  SUM-1111 LP VINYL RECORD Lp,0.99,0.2835
v1|407106694621|0,TAJ MAHAL Happy Just to Be Like I Am LP COLUMBIA orig 1971 ELECTRIC BLUES 1A/1D,9.99,0.2832
v1|188732810915|0,Jazz - The Soulful Moods Of Gene Ammons - Moodsville - Cool Jazz Bop 60’s ,9.99,0.2828
v1|800454443611|0,Ahmad Jamal - Jamal Plays Jamal LP - 20th Century VG++ Shrink,133.50,0.2824
v1|398251039136|0,CHARLIE CHALMERS Sax & The Single ZGirl CHESS | Funk | Inst |  Soul LP HEAR,9.99,0.2823
v1|307102748166|0,The Charlie Daniels Band  Nightrider Vinyl LP Epic 34402 1975 First Pressing Ex ,7.99,0.2822
v1|158154886210|0,COUNTRY Hal Edwards & The Rambleairs Runaway Girl Signet 6971 1971 EX,5.00,0.2821
v1|227460591543|0,JONATHAN & LEIGH Third & Main VANGUARD 1967 Folk Rock VG VINYL LP Record USED,5.00,0.2818
v1|198547634072|0,"Modern Soul 12"" JIMMY NICHOLAS Let Me Love You Tonite M&D  Rare",100.00,0.2818
v1|188732445767|0,Jazz - Gary Burton New Vibe Man - RCA Victor - 60’s Cool Jazz Bop,9.99,0.2815
v1|257658118559|0,"ULTRA NATE Free STRICTLY RHYTHM 12"" VG++ 1997 ",10.50,0.2814
v1|800440217801|0,HELEN HUMES Songs I Like To Sing! CONTEMPORARY LP VG+ o,9.50,0.2813
v1|257658129732|0,ANDY SUMMERS-ROBERT FRIPP-I ADVANCE MASKED-ALT ROCK LP ON A&M-POLICE,9.99,0.2808
v1|147479264647|0,CLAUDE BOLLING TRIO - JAZZ A LA FRANCAISE Vinyl LP RECORD 1984 Album FM 39244 NM,8.99,0.2808
v1|137559954555|0,CUBAN ~ AFRO SON ~ ABELARDITO VALDES ~ NICE !!! ~ HEAR ~ 78 RPM  ~ X 6612,100.00,0.2808
v1|257651566711|0,"MADONNA Burning Up SIRE 12"" NM SHRINK",9.50,0.2808
v1|336722106516|0,The Kinks Are The Village Green Preservation Society Vinyl LP in Great Condition,5.50,0.2805
v1|257652005032|0,"SANDI CASTILLO Promise Me NOT ON LABEL 12"" NM 1993 house",5.00,0.2805
v1|168583514216|0,It's A Beautiful Day Self Titled 1969 Vinyl CS 9768 VG+ ULTRASONIC CLEANED,13.99,0.2804
v1|128007021880|0,"The Pentacostal Choir Of Detroit, Michigan -Saved!- LP on Prestige Gospel - Hear",9.99,0.2803
v1|366582478486|0,AL ANDERSON-CLASSIC ROCK LP ON VANGUARD-WILDWEEDS/NRBQ-1ST PRESS  1972,9.99,0.2802
v1|158150212620|0,"Ghostface Killah ""Ironman"" Rap Hip Hop 2xLP Epic Street OG",16.50,0.2799
v1|267745792038|0,Mindrocker Fenwyck Challenge Promotional Copy 45 VG Garage Psych on CHALLENGE,21.50,0.2795
v1|377389428571|0,SONNY STITT Deuces Wild LP Rufus Harley Robin Kenyatta ATLANTIC,9.99,0.2793
v1|117337340113|0,PAKALAMEREDITH  self-titled 1977 PROMO DEBUT LP on Elektra #7E-1106 SOFT ROCK,9.99,0.2792
v1|178370659292|0,"MAUREEN STEELE - NATURE OF THE BEAST - 12"" VINYL RECORD ALBUM LP",4.96,0.2788
v1|257651757094|0,"NEWCLEUS Jam on It SUNNYVIEW 12"" VG++ 1984 electro",6.50,0.2788
v1|147478850616|0,Deep Purple Machine Head. 1973 Pressing With Lyrics Poster. Vinyl Looks Unplayed,20.00,0.2787
v1|278248172271|0,Orson Welles' War Of The World LP 1972,2.99,0.2787
v1|168583766968|0,DONALD FAGEN-THE NIGHTFLY [SEE THROUGH LP/LIM ED. PRESSING] PROMO/HYPE STICKERS,110.00,0.2786
v1|398243221848|0,Ultra *RARE* Eminem Don’t Give A F#%^  Vinyl,666.00,0.2786
v1|236980290614|0,Pink Floyd A Nice Pair 2LP 1973 US Harvest SABB-11257 VG+,18.50,0.2786
v1|307098129278|0,Musical Youth 45RPM “Pass The Dutchie” 1982 80s Reggae 7” Vinyl,2.75,0.2786
v1|298554116541|0,"JETHRO TULL - AQUALUNG 1st Press, Reprise MS 2035 – Play Graded VG+, Wet Cleaned",3.99,0.2784
v1|366577541139|0,IMPULSE RECORDS: MUSIC... Various Artists UME 4XLP VG++/VG+ boxset Ltd. Ed. o,8.00,0.2784
v1|267742688707|0,DJ Mark Farina - House of OM Part One OM Records – OM 269 VLP,80.00,0.2782
v1|206457726635|0,"Lite Year - Do The Funky Dog 12"" - TSOV - Boogie Funk PROMO HEAR",10.50,0.2781
v1|336722109337|0,Genesis Live Vinyl LP in Great Condition,5.00,0.2781
v1|198542877223|0,Shalamar WL Promo LP Vinyl Record 12 inch Cassette LOT Disco Boogie JODY WATLEY,5.00,0.2780
v1|137581553015|0,Pat Metheny Group - ' Live in Concert ' ECM Promo LP from 1977 - Rare!!,29.99,0.2778
v1|358885479107|0,Ike Quebec Ben Webster Charlie Christian Mellow the Mood Blue Note 767 Lex Ave,15.50,0.2776
v1|318664077265|0,"Modern Age - Freak In Heat 12"" - Modern Age - Electro Boogie Vocoder HEAR",20.50,0.2774
v1|298554602394|0,"Integrity Hatebreed Split 7"" Single Black Vinyl Stillborn Records Paper Sleeve",12.50,0.2774
v1|158147621653|0,"RY COLDER, AVAILABLE SPACE MONO SIDE / AVAILABLE SPACE STEREO/ 45 RPM PROMO VTG",1.99,0.2773
v1|257651769925|0,"NOTORIOUS B.I.G. Big Poppa BAD BAY 12"" VG++ 2003 ",7.50,0.2773
v1|257657299503|0,David Lee Roth Eat Em and Smile 1986 Vinyl NM 1st Press 25470-1,14.49,0.2771
v1|158129662117|0,Mind Readers 1972 Soul 45 on Village Sounds ~ Bitter Tears ~ Hear,9.99,0.2770
v1|147483035101|0,"1993 The Pharcyde – Passin' Me By Pork 12"" Vinyl Record",33.00,0.2770
v1|257651929546|0,"RHYTHIM IS RHYTHIM Strings Of Life TRANSMAT 12"" VG++ B/W labels",5.00,0.2770
v1|278241194978|0,UK Vinyl Lp Record Bill Bruford Allan Holdsworth ,14.99,0.2769
v1|287499891705|0,Jr. Walker & The All Stars / Sax Appeal  LP   Soul 747 Shrink VG++,7.00,0.2769
v1|178356570588|0,ALICE COOPER - Pretties For You LP Vinyl Straight Uncensored 1969 US Pressing,29.99,0.2768
v1|318664077208|0,Inner Life - Inner Life II LP - Salsoul,41.00,0.2763
v1|307097569570|0,"JAVIER SOLIS -SUS GRANDES ROMANTICAS- 1987 MEXICAN LP TRANSLUCENT WAX, RANCHERO",19.99,0.2762
v1|147478803930|0,Preview LP Geffen GHS 2015 1983 Hard Rock AOR Mint Unplayed Original Pressing,8.50,0.2761
v1|227460591485|0,GRAY Shades Of... 2013 ELECTRONIC Hip Hop JAZZ LP VINYL Record ALBUM VG+ USED,38.75,0.2761
v1|198548472021|0,"Lords Of Acid - I Must Increase My Bust 12"" Vinyl Remixes 1992 VG++",9.99,0.2761
v1|298554461023|0,Lot 36  Pop/Synth Pop/Rock/Soul/Funk/R&B  45RPM  PROMO Records,15.00,0.2761
v1|377389390439|0,MICHAEL FRANKS LP Previously Unavailable 1983 John Hammond  vinyl,4.00,0.2759
v1|158150201737|0,"Gang Starr ""Moment Of Truth"" Rap Hip Hop 3xLP Noo Trybe w/ Insert OG",71.00,0.2759
v1|318672012720|0,DMX - ...And Then There Was X 2xLP - Def Jam OG Press,25.00,0.2757
v1|257651855858|0,"PQM You Are Sleeping YOSHITOSHI 12"" NM ",5.00,0.2754
v1|257651707353|0,"MOBY Bodyrock V2 12"" VG++ 1999 ",5.00,0.2752
v1|188734674402|0,NEIL LARSEN & BUZZ FEITEN Lot Of 2 Vinyl LP RECORD FULL MOON Jazz Album NM,11.99,0.2740
v1|398251136400|0,LOT OF 2 SOUTHERN ROCK LP-HENRY PAUL BAND-Anytime-Self Titled W-Promo Time Strip,4.24,0.2738
v1|318661013762|0,GERRY MULLIGAN SEXTET Self Titled EMARCY EXPR-1003 LP NM mono japan reissue o,8.00,0.2737
v1|327292211691|0,"Kiss 18 Album Collection Of Original Albums, 1 Owner, Albums PlayGreat Free Ship",420.00,0.2735
v1|800440183364|0,VINCE GUARALDI TRIO Jazz Impressions Of A Boy Named Charlie Brown FANTASY LP o,26.00,0.2735
v1|358879034398|0,"The Futures ""Betcha Come Back"" Modern Soul Boogie 45 Warped mp3",125.00,0.2731
v1|158150258121|0,"Jay Electronica ""...Testimony"" Rap Hip Hop 2xLP Roc Nation White Wax w/ Poster",14.50,0.2731
v1|227460589646|0,THE SYLVERS Concept SOLAR 1981 Disco Soul Funk M- VINYL LP Record USED,6.55,0.2729
v1|366577529969|0,GRANT GREEN Green Blues MUSE MR-5014 LP VG+ wlp o,14.50,0.2727
v1|257658076734|0,"TIMMY THOMAS/JACKIE MOORE What Do You Say To A Lady OMEGA 12"" NM modern soul ",5.00,0.2727
v1|128007719838|0,PHYLLIS HYMAN You Know How To Love Me  1979 LP on Arista #AL 9509 DISCO SOUL,14.99,0.2726
v1|358878786020|0,"Almeta Lattimore ""These Memories"" 70's Soul 45 Mainstream Promo mp3",157.50,0.2725
v1|336722321384|0,"LP Joe Cuba El Pirata Del Caribe Salsa, Descarga TICO LBL EXCELLENT VINYL",24.95,0.2719
v1|327292538270|0,RUSH SELF-TITLED MERCURY SRM-1-1011 LP VG 1974 GEDDY LEE ALEX LIFESON,79.21,0.2719
v1|158150336414|0,"K-Solo ""Times Up"" Rap Hip Hop LP Atlantic Promo OG",7.99,0.2715
v1|206460480193|0,Joe Satrian - Surfing With The Alien Vinyl LP. 1987 Relativity Records 88561-81,34.95,0.2710
v1|366581798332|0,"Method Man & Redman - Y.O.U. / Four Seasons - Def Jam Records  (2000) 12"" SINGLE",6.99,0.2710
v1|318660975127|0,"DR. JOHN, THE NIGHT TRIPPER - GRIS-GRIS LP - MONO - ATCO - MONARCH - RARE!",39.99,0.2709
v1|188734654162|0,LULU Self-Titled Vinyl LP PROMO RECORD 1973 Album BCL1-0144 NM,9.99,0.2709
v1|327292964951|0,"1969 Funk/Soul LP - JAMES BROWN ""It's A Mother"" KING RECORDS #1063 Shrink!",6.50,0.2706
v1|257651714138|0,"MOS DEF & KWELI ARE BLACK STARR Definition RAWKUS 12"" ",5.00,0.2706
v1|206457726730|0,"Walkers - Delta Waves 12"" - Gucci - Rare Disco Funk DG VG+ Shrink HEAR",62.61,0.2706
v1|327293509434|0,Everything But The Girl Self Titled Lp PROMO Vinyl Record VG++ 1984,19.99,0.2702
v1|206460882321|0,"Black Widows– Stops A Beating Heart 10"" Vinyl LP Netherlands by Black Cross",6.98,0.2702
v1|188733189695|0,"1981 Midnight Flyer 12"" Gold Stamp PROMO LP  Gatefold Cover Swan Song SS8509",8.77,0.2700
v1|236980273949|0,Girlschool - Play Dirty Mercury 422-814 689-1 M] LP Vinyl Record Album VG,4.99,0.2698
v1|800440146683|0,OLIVER NELSON ORCHESTRA Impressions Of Phaedra UNITED ARTISTS JAZZ LP textured o,8.00,0.2695
v1|800450883347|0,2 Hot Chicks-Kate Olivia Martinez & Joan Handie Lp German Import Vg+ Cond Vinyl,4.00,0.2694
v1|298554568745|0,Mark Almond II LP Blue Thumb Records BTS32 1971 flip open cover,5.00,0.2694
v1|227459378252|0,"Alice Cooper ""Love It To Death"" 1971 LP & CD WB WS 1883 VG+/EX",15.99,0.2693
v1|307103069411|0,Soft Cell 45RPM Tainted Love/Memorabila  1981 New Wave Synth Pop Rock 7” Vinyl,3.00,0.2691
v1|168584063594|0,Rare The Left Banke LP Walk Away Renee Pretty Ballerina Taiwan Chung Hwa Record ,15.00,0.2690
v1|377389404296|0,1968 SHRINK 2 x LP ● CREAM ● WHEELS OF FIRE Hard Psych CLAPTON BRUCE BAKER Blues,99.98,0.2687
v1|236980401788|0,"Nektar Remember the Future Passport Records PPS-98002 Rock 12"" Black Vinyl LP",7.00,0.2686
v1|257652110599|0,"SUNBURST BAND Easton Assassin Larry Holmes KNOCKOUT 12"" rap 1985 OG HEAR",5.50,0.2684
v1|158149516795|0,The Pretenders Learning To Crawl Lp Vinyl Record 1984 VG+ New Wave Album,9.99,0.2680
v1|336722510687|0,"As Tall As Lions Vinyl The Self Titled LPLimited Edition, Tan Red Splatter",40.00,0.2679
v1|128008865136|0,ROBERTO TORRES - LO MEJOR DEL CAMINANTE - LP TVC  USA - 1973,6.00,0.2679
v1|257661708866|0,HARVEY LANTZ ~ LITTLE BOY BLUE ~ KIRKS ~ Rare NORTHERN SOUL 45,10.50,0.2678
v1|407115128469|0,Cheech & ChongAlbum: Big Bambú 1972 Original Gatefold Pressing W/ Rolling Paper,50.00,0.2677
v1|407115057558|0,Jefferson Airplane Bless It's Pointed Little Head W/Insert,9.99,0.2677
v1|188734666618|0,LARRY GATLIN & THE GATLIN BROTHERS - HELP YOURSELF Vinyl PROMO LP RECORD NM,9.88,0.2676
v1|318661020505|0,BILL EVANS Live At The Village Vanguard RIVERSIDE LP o,9.50,0.2676
v1|366577218520|0,Robin Trower Twice Removed From Yesterday US OG LP on Chrysalis,9.99,0.2676
v1|800440183034|0,JOHNNY GRIFFIN Change Of Pace RIVERSIDE LP mono europe o,8.00,0.2675
v1|188734422521|0,Janice Harper - With Feeling - Capitol Records T 1195 MONO,4.99,0.2671
v1|188733391586|0,Sounds Of The Pipes Vinyl Vintage LP Record 33 1/3rd Album Bagpipe Scottsmann A+,6.00,0.2670
v1|287499654985|0,The Trammps - Disco Inferno LP Atlantic SD18211,4.69,0.2670
v1|318660934263|0,OZZY OSBOURNE - BLIZZARD OF OZZ LP - UK - HYPE - POSTER - JET RECORDS - RARE!,149.99,0.2670
v1|398241289253|0,Sonny & Cher -Look At Us-LP,6.00,0.2668
v1|257651642090|0,"MAURO PICOTTO Metamorphose EP BXR 2x12"" NM/VG++",5.00,0.2667
v1|158147212031|0,Saigon Kick S/T PURPLE vinyl SHRINK Winger Dokken White Lion Warrant Britny Fox,29.99,0.2665
v1|198544616827|0,"RUNRIG: the cutter & the clan CHRYSALIS 12"" LP 33 RPM - EX Promo",7.99,0.2664
v1|318661014834|0,THELONIOUS MONK Live At The Jazz Workshop COLUMBIA 2XLP VG++/VG+ gatefold o,15.50,0.2662
v1|318668809087|0,Fred Hughes ‎– Don't Let This Happen To Us Rare Promo Brunswick Soul 45,39.99,0.2662
v1|127997306925|0,St Vincent - All Born Screaming Vinyl Red Yellow Black Splatter LP 1000 Blood LP,49.99,0.2661
v1|336722069356|0,LP Phyllis Hyman - Self Titled Buddah LBL MINT- Small Insert Of Words & Music,19.95,0.2661
v1|206457726655|0,"Miroslav Vitous - New York City 12"" - Warner Bros UK - Disco Funk VG+ HEAR",29.00,0.2661
v1|358864118787|0,Stan Getz - Reflections - 1964 Cool Jazz - STEREO Verve Records V6-8554 VG+/VG+,15.00,0.2660
v1|236971861929|0,WILLOW CREEK - '79 private press - Arm lbl NM LP,9.99,0.2660
v1|366577506056|0,DON SEBESKY The Distant Galaxy VERVE LP o,8.00,0.2660
v1|257651653329|0,"MCFADDEN & WHITEHEAD/ARCHIE BELL Ain't No Stoppin' Us Now BLACK SUN 12"" VG++",5.00,0.2659
v1|287494956304|0,SUN DESTINATION SUN  R&B SOUL 12' LP 33RPM VG+,8.00,0.2658
v1|257651847654|0,"PLATO Nothing From This AVANTGARDE 12"" VG+/VG++ UK pressing",5.00,0.2656
v1|287494935406|0,SLAVE THE CONCEPT  R&B SOUL  12' LP 33RPM EX,8.00,0.2654
v1|188733732135|0,ALICE COOPER ZIPPER CATCHES SKIN WARNER BROS.21719  VINYL NEAR MINT!,14.99,0.2654
v1|336722092103|0,LP SHALAMAR Friends SOLAR LBL OG G.F COVER (a Night to Remember) MINT- OG SLV IN,19.95,0.2653
v1|287493832986|0,FREE SELF TITLED 2nd A&M 1st PRESS WHITE LABEL PROMO BELL SOUND sf EX,35.00,0.2653
v1|287505468589|0,42nd Steven Foster Collins Music Camps - 1977 LP - Private Press USC - VG++,4.50,0.2653
v1|366577865149|0,Chad Stuart & Jeremy Clyde The Ark LP Stereo OG on Columbia,10.50,0.2652
v1|358878986133|0,"Owosola/Jungle Funk ""Venezuelan Morning"" Rare Disco Funk Breaks 45 Slum Flower",39.00,0.2652
v1|206460599782|0,Dynamic Syncopation | Ground Zero / The Essence | 1999 Hip-Hop Rap Vinyl Record,7.00,0.2650
v1|257651626317|0,"MARK MILAN One More Chance METROPOLITAN 12"" VG++ freestyle",5.00,0.2649
v1|366572889491|0,LP SKA / SIR COXSON & ROLAND ALPHONSO / STRICTLY FOR YOU,11.04,0.2649
v1|398242887301|0,"Al.Divino - Facemelt 2 (SPLATTER VINYL OBI) DJ MASTAMIND, ESTEE NACK, ANKHLEJOHN",75.00,0.2645
v1|257652073341|0,"SPACE Carry On, Turn Me On UNITED ARTISTS 12"" VG+ ",5.00,0.2642
v1|257652108156|0,"SUENA LATINO FEAT. CAROLINA DAMAS Sueno Latino ECHO 12"" NM/VG++ 1989 house",5.00,0.2640
v1|267745904565|0,Dukes of Stratosphear Psonic Psunspot 1987 US Specialty Vinyl NM XTC,24.95,0.2640
v1|318668827622|0,"Merle Haggard – Same Train, A Different Time - US 2LP Gatefold 1969",4.99,0.2638
v1|307103643533|0,"Killer 1969 Psych/Hard Rock LP - STEPPENWOLF ""Monster"" DUNHILL RECORDS",2.99,0.2636
v1|298523619638|0,Steely Dan AJA  ABC Records 1LP Vinyl FIRST PRESSING PROMO COPY in EX Condition!,37.00,0.2635
v1|137580242513|0,"DOWNTEMPO 12"" ""DOMINICAN GIRDLES"" DANA BRYANT (DORADO 1993) UK TEST PRESSING",5.50,0.2635
v1|257651553494|0,"MADISON AVENUE Don't Call Me Baby C2RECORDS 12"" VG+/VG++ 2000 house",8.50,0.2634
v1|236980361411|0,Zephyr- Self titled LP ON Command/Probe 199 with Tommy Bolin,9.99,0.2634
v1|188734671116|0,TURBULENCE - RISING Vinyl LP RECORD 2001 Album REGGAE VPRL 2159 NM,9.99,0.2632
v1|800443916430|0,"Whatnauts - Still I'll Rise 12"" - Pic Hit - Modern Soul Boogie VG+ HEAR",12.00,0.2632
v1|398251062207|0,PAUL HORN Here’s That Rainy Day RCA DG LSP 3519 | Jazz | LP HEAR,9.99,0.2631
v1|257651549246|0,"LUTHER VANDROSS Never Too Much EPIC 12"" VG++/NM",11.50,0.2631
v1|358878941476|0,"Johnny Davis ""You Got To Crawl To Me"" Crossover Soul Funk 45 Bandit mp3",11.50,0.2628
v1|377387672511|0,HOT TUNA FIRST PULL UP THEN PULL DOWN LP NICELY DONE HANDMADE COVER VG+ 1971,2.99,0.2627
v1|206462929432|0,Alice Cooper Billion Dollar Babies Green Orange Swirl Vinyl LP Gatefold +free LP,99.00,0.2626
v1|257658026109|0,"TANGERINE DREAM Warsaw In The Sun JIVE ELECTRO 12"" VG++",5.00,0.2624
v1|227460589657|0,SAM COOKE SOUL STIRRERS That's Heaven To Me SPECIALTY RE VINYL LP Record USED,6.55,0.2624
v1|257651848306|0,"PLEASURE Glide FANTASY 12"" VG++/VG+",5.00,0.2624
v1|278241068821|0,"CON-SOUL AND SAX, WILD BILL DAVIS & JOHNNY HODGES. 1965 JAZZ, VG++",4.50,0.2622
v1|198542738973|0,"Steve Perry Street Talk Vinyl Record LP 12""",5.60,0.2622
v1|137557884914|0,YELLOWMAN Hotter Reggae  REGGAE LP Jam Rock  JR-535 NM,9.99,0.2621
v1|267747917716|0,CHET BAKER Fifty Italian Strings LP Jazzland 21 Deep Groove ,69.99,0.2620
v1|267742709055|0,Mike Lampl - Miracles CROSSROADS RECORDS RR 42708 Private Press,50.00,0.2619
v1|398235222867|0,ELVIS PRESLEY C'MOM EVERYBODY LP on RCA CAS2518 MONO 1971 1ST PRESS IN SHRINK VG,6.00,0.2615
v1|168583784596|0,"1971 Jimi Henrix and Lonnie Youngblood LP ""Together"" Maple 6004 VG+/VG++",19.95,0.2614
v1|227460601388|0,FLOYD CUTLER & THE MATADORS Cindy Wolf PRIVATE PRESS VG+ VINYL LP Record USED,5.00,0.2614
v1|227462592737|0,LED ZEPPELIN IV (ZOSO) FACTORY SEALED Original 1971 1ST PRESSING 2 HYPE STICKERS,394.89,0.2612
v1|800454443640|0,Blackbyrds - Action LP - Fantasy,22.00,0.2612
v1|366581683768|0,Dead Moon Crack In The System LP Tombstone Records Portland Punk,42.00,0.2609
v1|287494939809|0,T- CONNECTION S/T  R&B SOUL 12' LP 33RPM VG+,1.99,0.2608
v1|206457726621|0,"Jennette - You Turn Me On 12"" - Nezz - Freestyle Electro OG Press HEAR",102.50,0.2606
v1|800443916346|0,"Nadie La Fonde - Three Way Situation 12"" - Starburst - Trinidadian Disco OG HEAR",41.00,0.2605
v1|188732244887|0,"New Wave - Oh, No! It's Devo - Warner Bros - Synth Pop Rock 80’s Vintage Vinyl",9.99,0.2604
v1|318661021152|0,BILL EVANS/TOOTS THIELEMANS Affinity WARNER BROS LP o,8.00,0.2603
v1|398251096741|0,PATTI LABELLE & THE BLUE BELLES Over The Rainbow ATLANTIC | Killer! | Soul LP,9.99,0.2603
v1|298553980603|0,Percy Sledge Warm & Tender Soul Album. Atlantic Records. Mono. 1966,11.95,0.2602
v1|278241260310|0,"SHELLY MANNE DOUBLE PIANO JAZZ QUARTET, TREND RECORDS, NM",6.50,0.2602
v1|298553811718|0,Morrissey The Boy Racer 7 Inch Vinyl RCA Victor UK 1995 NM/NM,20.50,0.2600
v1|287499751853|0,"ZULMA YUGAR - KUTIMUY LP RARE 1982 LYRA BOLIVIA, LATIN FOLK QUECHUA",7.99,0.2598
v1|278248321081|0,ARTHUR LEE-LOVE-CLASSIC ROCK-Self Titled LP - RECORD Vinyl Rhino,7.64,0.2598
v1|366581654149|0,Santo & Johnny - Golden Guitars LP (1968) | Imperial LP-12366,3.95,0.2596
v1|366573180961|0,New Orleans Feetwarmers - Sweetie Dear - BLUEBIRD 7614 E,19.99,0.2595
v1|358879052110|0,"The Vibrating Vibrations ""Right On Brother..."" Northern Soul Funk 45 Neptune mp3",13.00,0.2593
v1|377389407892|0,Al Stewart - Orange - Vinyl Record LP- CBS 1972 UK Original - Does Skip,5.99,0.2592
v1|257651544305|0,"LOUDEAST Lights Off SHINICHI 12"" NM/VG++ 2001 progressive house",5.00,0.2592
v1|206457726637|0,"M. McClaren & Worlds Famous Supreme Team - Buffalo Gals 12"" - Electro SEALED",16.17,0.2588
v1|366577510074|0,EMILY REMLER QUARTET Take Two CONCORD JAZZ LP VG++ o,18.50,0.2588
v1|800440142295|0,DON PATTERSON Tune Up! PRESTIGE LP o,8.00,0.2585
v1|800440122872|0,DIZZY REECE QUINTET London Jazz IMPERIAL LP mono o,8.00,0.2585
v1|358878917412|0,The Patriots	The Prophet / I'll Be There	 631	Mainstream,5.99,0.2585
v1|236980306287|0,"Van Halen OU812 1988 Warner Bros. 12"" Black Vinyl LP 1-25732 Shrink & Hype EX",45.00,0.2584
v1|236980282575|0,AC/DC - Powerage Vinyl LP - Atlantic SD 19180 PROMO,20.50,0.2583
v1|206457726697|0,"Sir-Prize - Never Can Find The Words 12"" - Budweiser Showdown Boogie VG++ HEAR",115.63,0.2582
v1|206457726697|0,"Sir-Prize - Never Can Find The Words 12"" - Budweiser Showdown Boogie VG++ HEAR",115.63,0.2582
v1|188735303555|0,Snapcase - Progression Through Unlearning Original 1997 W/ insert Victory Record,59.99,0.2582
v1|117338578270|0,The Osmonds – Crazy Horses (Rare 1972 Hard-Rock White Label Promo Pressing),25.00,0.2582
v1|257658024382|0,"TALKING HEADS Burning Down The House SIRE 12"" NM UK pressing",7.50,0.2580
v1|178367613660|0,BRUCE SPRINGSTEEN-BORN IN USA-1984 VINYL LP w/ORIG INNER AND INSERT-SEE DEMO,8.99,0.2580
v1|257662799157|0,NEIL YOUNG - FREEDOM - Vinyl Record - RARE,6.50,0.2579
v1|278248307868|0,Test Pressing Ruth Waters - Never Gonna Be The Same 12” Soul Disco,3.59,0.2578
v1|800443916351|0,"Oscar Weathers - Countdown 12"" - Liquid Waves - Boogie Funk OG Press VG+ HEAR",92.91,0.2578
v1|398251136367|0,DISCO 4 LP RECORD LOT-Walter Murphy-Gary Criss-Ralph Carter-French Kiss FUNK,5.85,0.2575
v1|168589166360|0,SCARCE ROCK Brownhill Stamp Duty Pidgeon / Julia Grit G-103 1971 NM FIRST,5.00,0.2575
v1|327292814342|0,"JOE JACKSON ""BIG WORLD"" A&M-6021 BOTH LP'S NM WITH ORIGINAL LYRIC SHEET",7.99,0.2573
v1|366577510387|0,DELLA REESE Black Is Beautiful AVCO EMBASSY LP VG+ gatefold o,8.00,0.2570
v1|307102157658|0,Steely Dan Can't Buy a Thrill Vinyl LP RARE White Label German Import VG+/VG,24.99,0.2568
v1|267745742643|0,SIGNED/AUTOGRAPHED Framed MADONNA True Blue 12” NYC 2003 + Certificate Authentic,399.99,0.2567
v1|318661027934|0,DIZZY GILLESPIE QUINTET An Electrifying Evening With... VERVE LP VG+/VG++ mono o,8.50,0.2566
v1|366577533783|0,LOUIS HAYES Breath Of Life MUSE LP VG++ o,38.00,0.2563
v1|278249585480|0,Pretenders Self-Titled Vinyl LP Record VG/NM,5.00,0.2561
v1|318661013087|0,KEN NORDINE Word Jazz DOT LP mono o,8.00,0.2560
v1|278241291770|0,FUNK SITAR 45 Strong VG  DAVE PIKE SET Raga Jeeva Swara / Soul Eggs  BASF/MPS,9.99,0.2560
v1|398242926351|0,LP 1967 Garnett Mims Self Titled EX /EX,6.99,0.2559
v1|287499748595|0,ELECTRONIC MUSIC VOL IV - LP RARE 1970 US TURNABOUT DARTMOUTH COLLEGE V/A COMP .,7.99,0.2559
v1|366577518289|0,WES MONTGOMERY The Incredible Jazz Guitar Of... RIVERSIDE OJC-036 LP VG+ o,8.50,0.2556
v1|366574774829|0,Tom Petty & The Heartbreakers Hard Promises OG In Shrink w/Insert & Inner  1981,9.99,0.2554
v1|318668774117|0,Rosie Lopez‎– Too Hot To Hold / I'll Never Grow Tired Rare Funk Soul Promo 45,699.99,0.2551
v1|227460603353|0,Pharoah Negative Everything Vinyl LP Grey/White/Black Press A389 Sludge Hardcore,7.99,0.2551
v1|358879046658|0,"The Mighty Passions ""Baby Dumplin"" Modern Soul Boogie 45 Bridge mp3",12.84,0.2550
v1|800440219442|0,PAUL HUMPHREY Me And My Drums STANSON LP o,8.00,0.2548
v1|377389407751|0,Rickie Lee Jones-The Magazine - 1984 Vinyl Record LP 1-25117,4.99,0.2548
v1|227459522064|0,Scorpions Love At First Sting 1st Press Vinyl Record LP Hard Rock VG Cond!,10.00,0.2547
v1|398251041056|0,LIQUID LIQUID Cavern 99 | Orig | BBoy Funk | No Wave | Disco |   LP HEAR,53.00,0.2546
v1|188734734377|0,SAVOY BROWN - BOOGIE BROTHERS Vinyl LP RECORD 1974 Album APS 638 NM,9.88,0.2545
v1|358875529172|0,"The Rolf And Joachim Kuhn Quartet Vinyl Album, Impressions Of New York",30.00,0.2542
v1|117336884394|0,Electric Light Orchestra - Out of the Blue (1977) - 2 LP Set - First Pressing,50.00,0.2542
v1|168584053313|0,2 Vinyl Lot Madonna Material Girl Pretender In Shrink 1st Press Tiffany Self Lp,25.00,0.2541
v1|257651737832|0,"NAS Hate Me Now COLUMBIA 12"" VG+ ",5.00,0.2540
v1|336722017147|0,Wipe Out-Album( Mono)-The Surfaris 1963,7.00,0.2539
v1|366581889529|0,"ULTRAMAGNETIC MC'S  "" CRITICAL  BEATDOWN ""  ORIG  LP 1988",30.00,0.2539
v1|307097569544|0,BURBUJAS -VAMOS A CIRCO- 1981 MEXICAN LP RED TRANSLUCENT WAX + INNER SLEEVE,19.99,0.2537
v1|800450225520|0,"ABBA  ""Voulez-Vous - Atlantic  SD-16000  -  Orig. Vinyl LP Record",9.99,0.2537
v1|800454443685|0,D. McAllister - Momentum LP - Omnimusic - Library Funk Jazz VG+,8.00,0.2535
v1|318661066819|0,MONK HIGGINS Extra Soul Perception SOLID STATE LP unipak o,61.00,0.2535
v1|377389407924|0,Edie Brickell & New Bohemians Shooting Rubberbands 1st SP Press w/error Vinyl NM,39.99,0.2533
v1|128007720072|0,PATTI AUSTIN Live At The Bottom Line 1979 LP on CTI #7086 GATEFOLD Jazz Soul,5.99,0.2533
v1|336722382155|0,"Lot (43) Electronic/House/Dance 12"" Vinyl Singles;  Yazz Unit3 C+C Sybil & More",9.99,0.2533
v1|336722410129|0,James Brown Live at the Apollo 2 Vinyl LP Gatefold 1968 Polydor,8.00,0.2533
v1|257651887840|0,"PRYME TYME Brother Wit Soul BOMB 12"" VG++ random rap HEAR",6.00,0.2531
v1|158150236286|0,"Ice Cube ""Kill At Will"" Rap Hip Hop LP Priority OG",36.00,0.2531
v1|206457726682|0,"Revelation - Chapter 2 12"" - Atmosphere - Techno OG Press VG+ HEAR",18.50,0.2531
v1|336722418833|0,The Beatles - Anthology 2 3LP 1st Press 1996 - C1 7243 8 34448 1 6,11.50,0.2529
v1|257658020609|0,"LHK & ALEX MORAN Sometimes DETOUR 12"" VG++ UK press house",5.00,0.2529
v1|358878793518|0,"Barbara Acklin ""Am I The Same Girl"" Northern Soul 45 Brunswick mp3",9.99,0.2528
v1|336722034490|0,TED NUGENT Self Titled Rock Album Vinyl Record LP EPIC PE-33692,7.99,0.2527
v1|800440112370|0,JEROME RICHARDSON Midnight Oil NEW JAZZ 8205 LP scorpio reissue SEALED o,8.50,0.2527
v1|800440151790|0,DEODATO 2 CTI LP VG+/VG++ gatefold SHRINK o,8.00,0.2527
v1|318664077253|0,Meco - Music Inspired By Star Wars & Other Galactic Funk LP - RCA Japan VG++ Obi,29.99,0.2527
v1|267742616692|0,"Damian ""Jr. Gong"" Marley – Welcome To Jamrock / Lyrical .44 Dancehall Remix 12""",40.00,0.2525
v1|137564859210|0,LIGHTNIN' HOPKINS Lightnin'  TEXAS BLUES LP PRESTIGE 1972,9.99,0.2525
v1|257651931396|0,"RICHARD GREY & DANIEL POLI Music Is Life LHB 12"" VG+ 2001 house UK press",5.00,0.2523
v1|128010959109|0,ALICE COOPER Pretties For You LP Straight Uncensord 69' Terre Haute Press VG+/VG,37.50,0.2522
v1|800443916369|0,"Prince & the New Power Generation - Insatiable 12"" - Paisley Park/WB VG+ PROMO",15.50,0.2522
v1|257651554886|0,"MADONNA American Pie MAVERICK/WARNER BROS 12"" VG+ UK pressing",10.50,0.2519
v1|168581273315|0,"THE THREE DEGREES~""WOMAN IN LOVE""~Orig 1979~FUNK~SOUL~DISCO~POP~7'' 45rpm~M-",0.99,0.2518
v1|298560267016|0,METALLICA– KILL ‘EM ALL -1983 Vinyl Record LP Original press/ MEGAFORCE MRI 069,150.00,0.2517
v1|188734058583|0,"U2 Rattle and Hum 12"" Black Vinyl LP, Island Records, Stereo",22.15,0.2516
v1|128007602509|0,Bob Dylan - Blonde On Blonde SPAIN EX/VG+  CBS,19.99,0.2513
v1|168583533171|0,The New York Rock & Roll Ensemble Self Title Vinyl 1968 SD 33-240 G+ ULTRASONIC,5.99,0.2513
v1|206461101256|0,Method Man & Redman | Blackout! | Vinyl Rap Record | 1999 | OG | Wu-Tang,40.00,0.2511
v1|198542812380|0,Roy Richards- Double Trouble Fitsy&Freddie-why Did You Do It Original VinylSoun),9.99,0.2508
v1|227460589702|0,BARNEY KESSEL Plays Carmen CONTEMPORARY 1959 Jazz VG+ VINYL LP Record USED,6.55,0.2507
v1|137570314804|0,Leslie Phillips Black And White In A Grey World lp Ultrasonic Clean + Bonus CD,7.99,0.2507
v1|257651503170|0,"LIL WAYNE Go D.J. CASH MONEY/UNIVERSAL 12"" NM",5.00,0.2505
v1|358876502675|0,ANGEL Japan  ON EARTH AS IT IS IN HEAVEN CASABLANCA VIP6385 1LP With TOUR OBI,19.00,0.2504
v1|206457726653|0,"Mobley Gang - Groove For You 12"" - Chancy Int'l - Boogie Funk VG+ PROMO HEAR",145.50,0.2504
v1|158149985317|0,"Boogie Down Productions ""Ghetto Music: The Blueprint..."" Rap LP Jive OG",7.99,0.2503
v1|188734660892|0,"SNOOP DOGGY DOGG - SNOOP'S UPSIDE YA HEAD 12"" Vinyl PROMO RECORD INT8P 6076 NM",9.99,0.2501
v1|257658026941|0,"T-CONNECTION At Midnight T.K. DISCO 12"" VG+ ",5.00,0.2500
v1|158146566514|0,RICHARD TWICE 1970 Vinyl LP Record 1970 Album Philips PHS 600-332 TESTED PROMO,29.99,0.2498
v1|278241188577|0,UK Danger Money Vinyl Lp Record Terry Bozzio Wetton Jobson,15.99,0.2495
v1|128007621128|0,Dennis Brown - What About The Half / Version VG Sunshot BLANK,19.99,0.2493
v1|257658154143|0,"VISUAL Somehow Someway RAMS HORN 12"" VG++ NETHERLANDS 1984 boogie",5.00,0.2488
v1|198540943747|0,IMPRESSIONS PREACHER MAN CURTOM CRS 8016 MINT-1973,17.99,0.2487
v1|128011142037|0,RAMON AYALA Y LOS BRAVOS DEL NORTE TE TRAIGO ESTAS FLORES     ULTRA RARE USED VG,29.99,0.2487
v1|257652092376|0,"STETSASONIC Talkin' All that Jazz TOMMY BOY 12"" VG++ SHRINK 1988 OG",5.50,0.2486
v1|267746354752|0,D12 Sh!t On You Vinyl Executive Produced by Eminem Shady Records Interscope 2000,9.08,0.2485
v1|398251047046|0,MARVIN GAYE Here My Dear TAMLA Killer! | Funk | R&B | Groove | 2 LP HEAR,12.49,0.2485
v1|227453609035|0,LP SOUL / DELFONICS / LA LA MEANS I LOVE YOU / PHILLY GROOVE,13.00,0.2483
v1|358878745753|0,Queen We Are The Champions 7” Ep UK Vinyl Record 1977 VG+ Picture Sleeve RARE,6.99,0.2483
v1|178368114433|0,"Journey–Escape (E5C4P3) 1981 Orig US LP – Masterdisk- EX REC AND COV,Orig.inner ",14.00,0.2483
v1|298554566910|0,"National Lampoon Sex, Drugs, Rock N Roll & The End Of The World LP Passport 6018",8.00,0.2483
v1|377389407746|0,Lene Lovich - New Toy- Vinyl Record LP - 80’s - 6 Songs On Epic Label,5.99,0.2480
v1|236980289598|0,"1977 QUEEN LP News Of The World 6E-112 Elektra OG Press, VG+",10.00,0.2479
v1|377389408270|0,Kim Carnes - Voyeur - Vinyl Record LP 1982 EMI SO 17078 Electronic Rock 1980’s,4.99,0.2478
v1|168584170308|0,Phish Slip Stitch Pass Vinyl Record 2LP Blue & Purple Splatter RSD 2018 Numbered,79.99,0.2478
v1|137557379942|0,JIMMY RILEY Rydim Driven ROOTS  REGGAE LP MANGO SHRINK STERLING NM,9.99,0.2478
v1|336721955526|0,"CONNIE FRANCIS, LOT OF 3 RARE 1962 JAPANESE STEREO LPS",45.00,0.2475
v1|198543076460|0,"BRAND NUBIAN - WORD IS BOND - Vinyl 12"" Single 1994 Elektra US Still in Shrink!",7.98,0.2473
v1|800440121533|0,DIZZY REECE Progress Report JASMINE LP VG+ mono uk 1983 reissue o,8.00,0.2472
v1|188734671500|0,THE DEL-LORDS - FRONTIER DAYS Vinyl LP RECORD 1984 Album ST 17133 NM,9.99,0.2472
v1|358877081080|0,"AM LP Record, Claudine Longet  ,Love is Blue ,Happy Talk , VG",1.00,0.2472
v1|128007721084|0,V/A Latin Love Moods 1960s? GERMAN IMPORT LP on Capitol #1 C 052-80535 SHRINK,9.99,0.2469
v1|278241484886|0,Kenny Wheeler Deer Wan ECM Vinyl Album Lp,9.99,0.2467
v1|137589450834|0,"Ringo Starr Ringo Apple Records 1973 12"" Black Stereo Vinyl LP SWAL-3413",3.00,0.2465
v1|257652090001|0,"STEADY B Just Call Us Def POP ART 12"" VG++ wlp PROMO 1985 hip hop",5.00,0.2465
v1|188734656619|0,RANDY CRAWFORD - NOW WE MAY BEGIN Vinyl PROMO LP RECORD 1980 Album BSK 3421 NM,9.44,0.2464
v1|227457545184|0,BARCLAY JAMES HARVEST Gone To Earth MCA LP VG+ die-cut cover promo y,9.99,0.2463
v1|188733753280|0,"CATHY DENNIS Too Many Walls 45 7"" Record Vinyl Records, Polydor 8671347 VG Condi",4.00,0.2462
v1|117325735958|0,WAR Deliver The Word 1973 LP on United Artists #UA-LA128-F DIE-CUT TEXTURED Covr,9.99,0.2460
v1|358878843912|0,"Carl Henry Hall ""(I Pray For) A Miracle"" Northern Soul Popcorn 45 Mercury Promo",9.99,0.2459
v1|178370535663|0,"EDDIE HARRIS Come On Down! vinyl record album from 1970, Atlantic SD 1554",3.78,0.2457
v1|178364404146|0,"Jerry Garcia Band Hampton Coliseum November 9, 1991 11/9/91 Box Set Vinyl LP",32.00,0.2456
v1|188732519439|0,Funk Soul - The Young Hearts Sweet Soul Shakin - Minit - 60’s Oldies,9.99,0.2456
v1|287499781477|0,"That Summer! 1979 Soundtrack Various Punk - Ramones, Patti Smith, Mink Deville",8.99,0.2456
v1|206460402690|0,"Exotica, Cheesecake, Space Pop LP lot, EXCELLENT",70.00,0.2455
v1|206460383543|0,"Exotica, Cheesecake, Space Pop LP lot, EXCELLENT",55.00,0.2455
v1|206460372803|0,"Exotica, Cheesecake, Space Pop LP lot, EXCELLENT",50.00,0.2455
v1|137570283366|0,Steve Green For God And God Alone lp Sparrow Records 1986 + Bonus CD,7.99,0.2455
v1|188736780322|0,The Three Suns – Slumbertime - LP - LPM 1219 - 1956,4.99,0.2454
v1|257658984087|0,Jerry Reed “Hot A’Mighty” 1973 VG+ vinyl lp.. LSP4838,3.32,0.2453
v1|206462527474|0,2 Skinnee J's - Return Of The Earthboy LP - Bishop VG+ Shrink,22.50,0.2449
v1|287499748588|0,"SEEBORN & PUMA - THEY CALL ME PUMA 12'' RARE 1987 US SELECT PROMO (WLP), RAP",7.99,0.2449
v1|366577516299|0,JOE PASS Montreux Jazz Festival 1975 PABLO LP VG+ o,8.00,0.2449
v1|257651935221|0,"RICKY GRANT & HORACE ANDY The Girl Is Mine CARRON 12"" VG++ reggae",5.00,0.2449
v1|257651578965|0,"MADONNA Nothing Really Matters MAVERICK 2x12"" VG++ PROMO ",9.50,0.2446
v1|358878989086|0,orchestral manoeuvres in the dark Secret 12” Vinyl Record VG+ OMD 1985 Synth Pop,9.99,0.2446
v1|336726073753|0,"GRAM PARSONS Grievous Angel - LP Vinyl Record Album, 1974 SIGNED by EMMYLOU",49.99,0.2445
v1|267743452634|0,Funk Disco Cosmic 45 - Sudden Exposure - T & P - Dream Theory NEAR MINT,12.50,0.2445
v1|800443916329|0,"Marlena Charles - Need Your Love 12"" - Budweiser Showdown - Modern Soul VG+ HEAR",12.50,0.2443
v1|198543144751|0,"MOS DEF - SUNSHINE - Vinyl 12"" Single 2005 - Kanye West Production - US Promo!!",7.98,0.2443
v1|236981281905|0,Red Record Vinyl Album Plastic Crate Slot Spectrum Milk Box Holder Display,25.00,0.2441
v1|267747679400|0,L.T.D. ~ LOVE TO THE WORLD “TEST PRESSING” LP ~ ORIGINAL 1976 ~ MONARCH,8.00,0.2436
v1|800443916374|0,"Radiance ft. Prize - This Is A Party 12"" - Ware - Boogie Funk HEAR",56.00,0.2435
v1|377389911676|0,Barry McGuire LP Eve Of Destruction 1965 Mono Orig!,9.99,0.2435
v1|318664077320|0,"Space Art - Nous Savons Tout 12"" - IF France - Cosmic Synthpop VG+ HEAR",14.50,0.2431
v1|257658152251|0,"VICTOR & THE GLOVE Breakmixer  (Part 2) JDC 12"" VG++ electro",5.00,0.2430
v1|366577506166|0,SHIRLEY SCOTT Superstition CADET LP wlp o,8.00,0.2429
v1|236980214742|0,Stooges- Self-titled debut LP 1969 Elektra 1982 pressing (still analog!),49.99,0.2427
v1|287499762419|0,Jr. Walker & the All Stars 1970 Soul Lp - It's a Gassss,2.96,0.2427
v1|336722421923|0,Thin Lizzy Jailbreak LP OG 1976 Mercury SRM-1-1081 VG+ Classic Rock in Shrink,6.50,0.2424
v1|158150059352|0,"D'Angelo & The Vanguard ""Black Messiah"" R&B Hip Hop 2xLP RCA OG",14.50,0.2422
v1|366582381178|0,CURTIS MAYFIELD-BACK TO THE WORLD-SOUL-ROCK LP ON CURTOM,12.99,0.2422
v1|257657277126|0,Linda Ronstadt Lp What’S New On Asylum - Nm / Vg++ To Nm (In Shrink) 2lp Lot !,7.89,0.2422
v1|257651627561|0,"MARK MORRISON Return Of The Mack ATLANTIC 2x12"" VG+",29.00,0.2421
v1|188729891493|0,Funk Soul - James McCleese Tell Me Why - Marco - R&B Popcorn Oldies 60’s Rare,9.99,0.2420
v1|168571169363|0,Ruth Brown 1958 R&B 45 on Atlantic ~ Why Me ~ Promo ~ Hear,9.99,0.2420
v1|236980319621|0,Led Zeppelin I - Self Titled LP (Atlantic SD 8216) VG+,16.50,0.2418
v1|236980315803|0,Led Zeppelin I - Self Titled LP (Atlantic SD 8216) VG,10.50,0.2418
v1|267743543910|0,"Merry Christmas [Deluxe Anniversary Edition] by Mariah Carey (Record, 2015)",1.00,0.2417
v1|227459488854|0,George Cordoba•Shades Of Django   (VG+ ) Exodus 1st Press'66•EX 303•DG,3.99,0.2415
v1|318668825075|0,Beach Boys Party! OG 1965 Capitol Gatefold Duophonic VPI Clean Vinyl LP VG+,10.00,0.2414
v1|377389407838|0,Shawn Phillips - Furthermore - Vinyl Record LP - Folk Rock 1974,3.99,0.2414
v1|178375247822|0,Leroy Vinnegar Glass of Water Vinyl LP Light in the Attic Reissue OHR007 NM,14.00,0.2414
v1|198543950392|0,"Daryl Hall John Oates, Rock N Soul Part 1, 1983 1st RCA, CPL1-4858, VG+/VG+",8.00,0.2413
v1|158147456478|0,Love And Rockets Seventh Dream Of Teenage Heaven LP,33.00,0.2412
v1|128010774720|0,Son Seals Blues Band ALLIGATOR Sample Copy LP 1973 Chicago Soul Blues BIG MOOSE,19.98,0.2410
v1|336722316412|0,DIO The Last in Line 1984 1st PRESS MINT- STUNNER  Ultrasonic/VPI Clean,37.50,0.2409
v1|188734671739|0,THOMPSON TWINS - HERE'S TO FUTURE DAYS Vinyl LP 1985 RECORD AL8 8276 NM,9.99,0.2407
v1|178370470227|0,Rapeman Two Nuns And A Pack Mule LP Steve Albini Shellac Big Black Orig pressing,39.99,0.2407
v1|318669376578|0,David Borden/Mother Mallard - Migration - 1988 Cuneiform With Insert,20.00,0.2406
v1|398245567156|0,CELI BEE ~ Fly Me On The Wings Of Love ~ Vinyl LP Record ~ PROMO COPY ~ EX 1978,1.98,0.2406
v1|800449617340|0,The Awakening - Mirage Quadraphonic / Stereo LP Vinyl Record Black Jazz BJQD/15,103.50,0.2402
v1|336721956364|0,LP CROWN HEIGHTS AFFAIR Do It Your Way DE-LITE LBL OG 1976 MINT- G.F COVER,19.95,0.2398
v1|257657211890|0,RARE BRISTOL 78rpm HILLBILLY Gospel CUZZIN DON and the BLESSED TWIN-CITY,10.50,0.2394
v1|800451910181|0,JACKSONS Victory  PICTURE DISC RARE LP- With ORIGINAL Contest Hype! ,49.00,0.2394
v1|298554041397|0,Liam Gallagher Why Me? Why Not LP Clear Green Vinyl Oasis Weller Jam ,25.00,0.2394
v1|336722426294|0,U2 The Joshua Tree 1987 LP on Island #7 90581-1 with Lyric Sheet Insert ROCK,11.50,0.2392
v1|267745874604|0,Roy Wood Boulders Ua La 166 F Vinyl Lp 1973,3.99,0.2392
v1|257651572525|0,"MADONNA Express Yourself SIRE 12"" VG++ SHRINK",7.00,0.2391
v1|128007088453|0,Rev. Dennis H. Freeman & Company -The Concert Of Concerts- Gospel LP - Hear,9.99,0.2391
v1|398241325930|0,Cream Wheels Of Fire 1968 On Polydor  Records,25.00,0.2389
v1|800454443705|0,"DJ Shadow/DJ Krush - Lost & Found (S.F.L.) 12"" - Mo Wax UK - Downtempo UK HEAR",13.50,0.2389
v1|188736612887|0,Crystal: The One For You (Vinyl E.P.) Used VG+ Rare Hard Rock,29.55,0.2387
v1|227462704638|0,Felt - The Strange Idol Pattern NM Gatefold UK reissue lp Jangle Rock,11.50,0.2387
v1|178369736416|0,"The Kingsman - ""In Person Featuring Louie Louie"" - LP, Mono",2.95,0.2386
v1|158150396884|0,"M.O.P. ""To The Death"" Rap Hip Hop 2xLP Select OG",7.99,0.2385
v1|800440174970|0,CLARE FISCHER ORCHESTRA Extension PACIFIC JAZZ LP mono o,8.00,0.2384
v1|257651571801|0,"MADONNA Dress You Up SIRE 12"" NM SHRINK",11.00,0.2383
v1|137570300664|0,T-Bone Burnett Trap Door lp Ultrasonically Cleaned + Bonus CD,7.99,0.2381
v1|336723414829|0,Blind Illusion ‎– The Sane Asylum -  Combat ‎– 88561-8226-1 NM IN SHRINK!,49.99,0.2380
v1|318672246276|0,KRAFTWERK 1975 lp RADIO-ACTIVITY Germany st 11457 capitol tested excellent,10.00,0.2380
v1|298531195646|0,Tom Petty WILDFLOWERS  2LP FIRST U.S. Vinyl Edition in EX+ to NM Condition!,198.50,0.2376
v1|257652046881|0,"SLAVE AURRA CREW Are You Available NINE 12"" NM boogie modern soul HEAR",15.50,0.2374
v1|377391686452|0,BOBBY SCOTT A Taste Of Honey ATLANTIC 1961 Jazz VG+ VINYL LP Record USED,5.00,0.2373
v1|336721981320|0,LP Creative Source Sussex LBL  GATEFOLD OG COVER MINT- ORIGINAL INNER SLEEVE,19.95,0.2372
v1|117337193585|0,RARE Vintage Vinyl/LP. Tortilla Factory. Self-Titled. Tejano. GCLP-107. READ!,69.99,0.2370
v1|257650490752|0,"Royal Velour & Double ""O"" - We Rock The House Fresh Cut Records FCR-2001 RARE 12",100.00,0.2370
v1|257657263379|0,Linda Ronstadt LP 1987 Canciones DeMi Padre Stereo,62.00,0.2364
v1|407117071691|0,Shawn Robinson 7” Audition Record Find Love Right Now/My Dear Heart  RARE!,50.00,0.2363
v1|398243412984|0,Sonny Boy Williamson Down And Out Blues 1959 Chess LP 1437 Sheldon Mono,139.00,0.2363
v1|366577517684|0,IDRIS MUHAMMAD Power Of Soul KUDU LP o,16.50,0.2362
v1|366581841137|0,BoDeans – Outside Looking In - 1987 - Reprise Records Used Vinyl LP VG+/VG+,4.99,0.2362
v1|147472820645|0,Circle Jerks Golden Shower of Hits 1983 LAX 1051 Original US Punk Vinyl LP - NR,16.50,0.2360
v1|318661064902|0,EDDIE HARRIS Plug Me In ATLANTIC LP o,8.00,0.2360
v1|236980317688|0,1977 PINK FLOYD LP Animals JC34474 Columbia 1st Pressing  VG/ VG,12.50,0.2356
v1|137579234981|0,The Springfield Rifle - Left Of Nowhere /I Must Go For A Walk -1967 Rock 45 Rare,1.00,0.2352
v1|198542806569|0,Early bop jazz Clef label Norman Granz mid-50s OG VG- RARE Jam Session #5 VG,10.00,0.2352
v1|158150281873|0,"Juelz Santana ""From Me To U"" Rap Hip Hop 2xLP Roc-A-Fella Promo w/ Insert OG",7.99,0.2351
v1|257658058552|0,"TILT Dark Science EP Disc One HOOJ CHOONS 12"" VG+ UK ",5.00,0.2351
v1|366577882750|0,Chris Bell I Am the Cosmos OG LP in Shrink Big Star 180 Gram,9.99,0.2350
v1|377389437529|0,Lot Of 80 12” Vinyl Records,80.00,0.2346
v1|257651699736|0,"MIX FACTOR April 2003 STRICTLY HITS 2x12"" VG++/VG+ Justin Timberlake Stagga Lee ",5.00,0.2345
v1|366577515904|0,JOE PASS Virtuoso #2 PABLO LP VG+ o,8.00,0.2343
v1|267743425372|0,Problem Boy - Self Control (Olav Basoski Mix) Classic Hard House Vinyl,9.99,0.2342
v1|398250355450|0,Duran Duran ' Rio ' Vinyl LP Album US 1982 Club Edition Synth New Wave ST-512211,20.00,0.2341
v1|336717567582|0,"10"" lp  BILLIE HOLIDAY SELF TITLED volume 2 ON COMMODORE RECORDS VINYL EXCELLENT",99.00,0.2340
v1|257651786578|0,"ODYSSEY Inside Out RCA VICTOR 12"" VG++/VG+ ",5.50,0.2338
v1|227459301035|0,Freddie Hubbard - Red Clay LP CTI Records CTI 8016,60.00,0.2337
v1|800440180479|0,RED GARLAND Alone With The Blues STATUS LP mono o,8.00,0.2336
v1|128008378562|0,Johnny Hammond  Smith  NJ 8288,4.00,0.2335
v1|188724895742|0,78 Blues  REV. J.M. GATES  Ok 8730  V   Deacon Board Meeting - Part 1 /- Part 2,12.00,0.2334
v1|377391682191|0,MARILLION Marbles MADFISH 2011 Prog Rock 2xLP VINYL Record ALBUM M- USED,36.44,0.2333
v1|800440158730|0,DUKE ELLINGTON The Afro-Eurasian Eclipse FANTASY LP VG+ promo o,10.62,0.2332
v1|206457726623|0,"Jessie G. - That's Hot 12"" - Nugget - Disco Funk PROMO HEAR",66.36,0.2331
v1|257652709104|0,David Bowie Let's Dance Vinyl LP Record 1983 Pressing,5.00,0.2329
v1|278243442513|0,Crescenta Valley High School Down in the Valley Vinyl Record 10” RARE,5.00,0.2328
v1|358879004466|0,"Reggie Milner ""Hello Stranger"" Crossover Soul/Funk 45 Volt Promo mp3",9.99,0.2327
v1|336722395743|0,Pink Floyd Meddle Vinyl LP Harvest SMAS-832 Gatefold 1971 Progressive Rock US,7.50,0.2326
v1|336722434823|0,Queen “Jazz” Vinyl Record LP Album 1978 Elektra Records 6E-166  1ST Pressing ,8.50,0.2326
v1|257651790610|0,"ONYX Last Dayz DEF JAM 12"" VG+ ",5.00,0.2323
v1|407115469675|0,"Joe Cocker Mad Dogs & Englishmen 12"" Black Vinyl LP A&M Records SP-6002 Stereo",700.00,0.2322
v1|198542787627|0,Blue Angel LP Cyndi Lauper's first group 1980 power pop VG++ rare find!,16.50,0.2322
v1|800440215945|0,"BILLIE HOLIDAY The Original Recordings COLUMBIA LP VG++/VG+ mono with 7"" o",8.00,0.2318
v1|800443916326|0,"Marcia - Who's That Lovin You 12"" - Sterling Gold - Modern Soul Boogie VG++ HEAR",15.50,0.2317
v1|257651909716|0,"RAW POWER The Movement STRICTLY RHYTHM 12"" VG+",5.00,0.2317
v1|117336951639|0,The Clash Tommy Gun 1978 UK vinyl record picture sleeve 7'' punk rock British,13.00,0.2317
v1|278234482993|0,JIMMY BO HORNE DANCE ACROSS THE FLOOR  R&B SOUL 12' LP 33RPM EX,9.99,0.2317
v1|227459497070|0,NAZARETH Malice In Wonderland JAPAN LP RECORD RJ-7651 w/ OBI + INSERT 1980 issue,34.99,0.2315
v1|318664880343|0,ELVIS PRESLEY - AS RECORDED AT MADISON SQUARE GARDEN LP - QUAD - JAPAN - RARE!,39.99,0.2315
v1|158149982291|0,"Boogie Down Productions ""By All Means"" Rap LP VMP RE 180g Orange Wax w/ Booklet",7.99,0.2314
v1|137579099537|0,TERESA BREWER “Songs Everybody Knows” (1961 Vinyl LP) Original Mono Pressing! EX,1.99,0.2312
v1|366571797237|0,"Rev. J.M. Gates & Congregation - Elijah, The Key Man - OKEH 8809 V",19.99,0.2312
v1|358871840789|0,MODERN SOUL Morris Jefferson - One More Time / It’s The Last Time Around,5.99,0.2312
v1|128007519999|0,Carl Perkins - Boppin' The Blues - Accord Vinyl LP - 1982 - Excellent!,3.00,0.2311
v1|318664077249|0,"Maxine Singleton - Don't You Love It 12"" - Emergency - Modern Soul Boogie HEAR",8.00,0.2311
v1|358879049392|0,"The Rising Sun ""Gettin' Is Kinda Cool Now"" Sweet Soul/Funk 45 Kingston mp3",17.50,0.2310
v1|227460601335|0,AMANDA MCBROOM / LINCOLN MAYORGA West of Oz SHEFFIELD VG VINYL LP Record USED,5.00,0.2309
v1|147474968555|0,(RARE) JOHNNY TYLER RED WAX STARDAY LIE TO ME BABY VG+ 45-263 (HEAR!) 1956,76.00,0.2309
v1|398243407583|0,J.J. JOHNSON KAI WINDING BENNY GREEN Trombone by Three - Prestige 7023  W. 50th,79.00,0.2308
v1|267745948315|0,Liz Anderson – Like A Merry-Go-Round LP 1968 RCA Victor LSP-4014 Dynagroove EX+,4.99,0.2307
v1|800443916312|0,"King Tim III - Charley Says! 12"" - Spring - Boogie Funk SEALED",12.50,0.2306
v1|206457726627|0,"Johnson Products - Johnson Jumpin 12"" - Sound Of New York Disco Funk OG VG+ HEAR",39.00,0.2304
v1|358878794326|0,"Barbara Banks ""River Of Tears"" Northern Soul 45 Veep Promo mp3",127.50,0.2304
v1|377389366067|0,"Stratosfear by Tangerine Dream (Record,1976) VIRGIN PZ 34427",8.00,0.2303
v1|366583789826|0,"M.O.P. ""Warriorz"" Rap Hip Hop 2xLP Loud OG",7.99,0.2303
v1|206462089793|0,STANLEY CLARKE S/T '74 Original LP JAZZ FUNK Fusion JAN HAMMER Tony Williams,2.50,0.2303
v1|147479382987|0,"AFRO-BEAT 12"" ""AFROHEAT #4"" AFRODISIAC SOUND SYSTEM (AFRODISIAC RECORDS 2006)",15.00,0.2300
v1|358875769058|0,"JAZZ VINYL: Spirituals To Swing (2 LP), Lennie Tristano Quartet (2 LP)",8.50,0.2299
v1|407114603459|0,HEAR - Rare Jazz 45 - Johnny 'Hammond' Smith - Sweet Cookies - New Jazz # 45-501,7.99,0.2299
v1|178368153260|0,ELLEN FOLEY Spirit of St. Louis  1981 Epic Records NM Record And Cover ,5.00,0.2299
v1|257651588796|0,"MADONNA Vogue SIRE 12"" VG+ SHRINK",10.00,0.2298
v1|307102803798|0,"Bobby Helms Jingle Bell Rock Mistletoe 12"" Stereo Vinyl LP",1.75,0.2296
v1|398251050770|0,LOU COURTNEY I’m In Need Love EPIC Killer! | Modern Soul | Stepper |  LP HEAR,10.50,0.2295
v1|236980360903|0,Underground Sunshine- Let There Be Light LP Intrepid Records 1969,13.99,0.2295
v1|377382587826|0,DIRTY TRICKS - HIT AND RUN - POLYDOR 70S HARD ROCK - REALLY NICE!!!,0.99,0.2295
v1|198543055887|0,"BIZ MARKIE - LET ME TURN YOU ON - Vinyl 12"" Single 1993 Cold Chillin' US Promo!",7.98,0.2291
v1|398243466764|0,"Change Change 12"" Vinyl LP Atlantic Electronic Cardboard Sleeve",7.59,0.2290
v1|307099872731|0,Cheap Trick One On One Vinyl LP Original US Press Epic FE 38021 NM 1982,9.99,0.2288
v1|318660975057|0,GEORGE RUSSELL SEXTET Featuring Don Ellis & Eric Dolphy RIVERSIDE LP o,8.00,0.2288
v1|257652000035|0,"SALSOUL ORCHESTRA FEAT. COGNAC How High SALSOUL 12"" VG+/VG++",5.00,0.2287
v1|147478993109|0,"JAZZ GUITAR LP ""HOLLYWOOD BYRD"" CHARLIE BYRD & ORCHESTRA (CBS 1967) UK PRESSING",5.00,0.2286
v1|147478993109|0,"JAZZ GUITAR LP ""HOLLYWOOD BYRD"" CHARLIE BYRD & ORCHESTRA (CBS 1967) UK PRESSING",5.00,0.2286
v1|168589166338|0,SOUL POP Troy Stand And Be Counted White Whale 356 1970 NM PROMO,5.00,0.2285
v1|137557851794|0,THE MEDITATIONS No more Friend ROOTS  REGGAE LP SHRINK  M/NM,9.99,0.2284
v1|358879059420|0,"Varetta & The Thomases ""Fly By Night"" Northern Soul Popcorn 45 Brent Promo mp3",9.99,0.2280
v1|318661067985|0,BILLIE HOLIDAY God Bless the Child COLUMBIA 2XLP VG++/VG+ mono gatefold o,8.00,0.2280
v1|307102481469|0,"EXPLOSIVE! 2xLP '73 ORIG ""JIMI HENDRIX"" THE LIVE EXPERIENCE Human Instinct PSYCH",99.98,0.2279
v1|257651785381|0,"NYC PEECH BOYS This Magic Feeling GARAGE 12"" VG+ ",5.00,0.2279
v1|257651976354|0,"ROXANNE SHANTE Bite This POP ART 12"" VG++ 1985 ",5.50,0.2278
v1|257652027017|0,"SHARON REDD Can You Handle It EPIC 12"" VG+ UK pressing",5.00,0.2277
v1|127997299028|0,Bat For Lashes Fur And Gold LP Limited Deluxe Edition Gatefold Near Mint,64.99,0.2276
v1|366577530184|0,JOHNNY GRIFFIN Studio Jazz Party RIVERSIDE LP VG++ japan 1976 reissue o,19.49,0.2276
v1|128007506631|0,THE MAMAS & THE PAPAS:People Like Us Dunhill DSX 50106 LP 1971 VG-/VG-,6.00,0.2275
v1|318661025239|0,FREDDIE GAMBRELL Self Titled WORLD-PACIFIC WP-1256 LP VG+ mono japan reissue o,8.00,0.2272
v1|257651958142|0,"ROLAND ALPHONSO Jamaica Mood RAS 12"" VG++ ",5.00,0.2271
v1|257651502398|0,"LIL SUZY Now & Forever EMPRESS MUSIC 12"" VG+ 1995 freestyle",5.00,0.2271
v1|366582478504|0,HELEN WHEELS BAND-POST MODERN LIVING-PUNK ROCK LP ON REAL AMERICAN RECORDS,9.99,0.2270
v1|168589169393|0,ROCKABILLY The Rockin' R's ‎The Beat / Crazy Baby Tempus No # 1958 EX 1st Press,5.00,0.2270
v1|318661026259|0,LUIS GASCA Collage FANTASY LP promo o,26.87,0.2264
v1|127997345722|0,Daft Punk - Random Access Memories (Drumless Edition) Vinyl Gatefold LP Record,24.99,0.2263
v1|158147661587|0,♫DWIGHT TWILLEY Somebody To Love EMI 8109 TEST PRESSING 1982,9.00,0.2259
v1|198540921825|0,JAMES BROWN SINGS RAW SOUL  1970 RE MINT- LP KING KS 1016,17.99,0.2259
v1|128010921855|0,ALICE COOPER Billion Dollar Babies LP Warner 1973 Rare Original W/Inserts VG+/VG,38.50,0.2256
v1|257652097638|0,"STROKE Tokyo Amazon SUTRA 12"" VG++ SHRINK PROMO Italo-disco electro ",5.00,0.2255
v1|257652085966|0,"SPOONIE GEE Spoonin Rap SOUND OF NEW YORK 12"" boogie rap HEAR",5.00,0.2254
v1|257651854186|0,"PQM Nameless YOSHITOSHI 2x12"" NM/VG++ ",5.00,0.2254
v1|188726497760|0,Private PA Haunting Lofi Bluegrass GENE CLARK 45 THE GRASS STRINGS on McKEE rare,8.00,0.2253
v1|377389407857|0,Dorival Caymmi - E O Mar - Vinyl Record LP - 1957 Brazilian Press On Odeon Rare,19.99,0.2252
v1|178367613221|0,"Cream - ""Goodbye"" - 1st Edition LP",2.50,0.2251
v1|168590746736|0,ANDY WARHOL ART COVER JANIS GERSHWIN RHAPSODY BLUE 1957 RCA LBC 1045,9.99,0.2251
v1|298553981151|0,"Baron von Tollbooth & the Chrome Nun Grunt AYL1-3794 12"" Black Vinyl LP",4.99,0.2250
v1|198543125948|0,"FRESHCO - 4 AT A TIME/R U READY? - Vinyl 12"" Single 1989 Tommy Boy US Promo!",7.98,0.2249
v1|318664077314|0,Solar Source - Now's The Time EP - AVI VG+ PROMO,20.50,0.2248
v1|236979868588|0,Big Boy Pete- World War IV (A Symphonic Poem) ITALIAN GEAR FAB COMET LP,10.00,0.2247
v1|398251098424|0,BARRY WHITE Sings For Someone You Love 20TH CENTURY Funk | Soul | LP Orig SEALED,9.99,0.2245
v1|366582244758|0,"DIGITAL PLANETS "" REBIRTH   OF  SLICK ""  ORIG  12""   ",15.00,0.2244
v1|358879047619|0,"The New Wanderers ""This Man In Love"" Northern Soul 45 Grapevine UK mp3",9.99,0.2243
v1|188734671288|0,L.A. EXPRESS Self-Titled Vinyl LP RECORD 1976 Album JAZZ FUNK PZ 33940 NM,9.50,0.2243
v1|188734055610|0,The Who - Jaguar Anyone?  2LP Bootleg Vinyl RARE!,65.00,0.2243
v1|407115147859|0,Kalyan - Self Titled LP VG Vinyl Record Trinidad Soca Soul Calypso From 1977,10.00,0.2239
v1|158147247674|0,Carcass Necroticism Descanting the Insalubrious vinyl LP Napalm Death Exhumed,29.99,0.2239
v1|366579741176|0,Very Rare Bluegrass LP - The Bluegrass Express - On The Pan American,14.99,0.2236
v1|287494933044|0,FATBACK BAND FIRED UP N KICKIN'  R&B SOUL 12' LP 33RPM EX,8.00,0.2236
v1|137557848680|0,PABLO MOSES In The Future  REGGAE LP SHRINK Alligator Records – AL 8308 promo cu,9.99,0.2236
v1|358878898594|0,"Fred Parris & Restless Hearts ""I'll Be Hangin On"" Crossover Soul 45 Green-Sea",119.50,0.2233
v1|137564873568|0,LIGHTNIN' HOPKINS With SONNY TERRY  Last Night Blues TEXAS BLUES LP PRESTIGE 72,9.99,0.2231
v1|318661021268|0,BILL EVANS We Will Meet Again WARNER BROS LP VG+ SHRINK o,18.01,0.2230
v1|128007030230|0,Rev. Leon Lawrence -Jesus Never Fails- Ohio Modern Soul Gospel LP - Hear,9.99,0.2229
v1|800454443607|0,"4th Quarter - C-Notes & Grants 12"" - Doe Boy - Indie Rap OG Label VG+ HEAR",92.00,0.2229
v1|278223698341|0,Gism Crust LP Lot#1 Punk Doom Amebix Extreme Noise Terror Axegrinder Sore Throat,9.50,0.2229
v1|377389407766|0,Whiskey River - Self Titled -1978 Vinyl LP~Northland Records~Excellent Condition,9.99,0.2228
v1|366577519860|0,RICHARD DAVIS With Understanding MUSE LP wlp o,9.76,0.2227
v1|257651574191|0,"MADONNA Human Nature MAVERICK 12"" VG++ PROMO",7.50,0.2226
v1|267745811855|0,Sammi Smith - The Best Of Sammi Smith LP Mega M31-1019 Stereo 1972 NM!,2.66,0.2226
v1|287499365983|0,KOKO TAYLOR From The Heart Of A Woman ALLIGATOR LP VG++,10.00,0.2225
v1|168589136041|0,"SOUL The Partnership Baby, If I Had You MGM K13854 1967 EX PROMO",10.00,0.2225
v1|366577528121|0,HANK GARLAND Jazz In New York HG-1001 LP VG+ SHRINK o,9.75,0.2224
v1|188733352908|0,"1982 Raincoats ""Running Away B/w No One""s Little Girl 7"" Rough trade VG+NM",35.00,0.2223
v1|257651724610|0,"MR. FINGERS Washing Machine/Can You Feel It TRAX 12"" VG+",27.00,0.2223
v1|188734670944|0,JOE TURNER & T-BONE WALKER - BOSSES OF THE BLUES VOL. 1 Vinyl LP 1989 RECORD NM,9.77,0.2222
v1|398251065887|0,ISRAEL TOLBERT Popper Stopper STAX Southern Funk | Soul | LP HEAR,9.99,0.2221
v1|366582127386|0,"Starcastle - Citadel 12"" Black Vinyl LP Stereo Epic PE 34935 1977",4.00,0.2221
v1|267746508746|0,"John C. Thomas - 2 Westinghouse Broadcasts, '44 / 4 SRI Acetates / VG",15.00,0.2221
v1|398251067749|0,GEORGE DUKE I Love The Blues MPS Prog | Fusion | Soul | Thundercat | LP HEAR,9.99,0.2220
v1|800440219183|0,"PAUL HUMPHREY America, Wake Up BLUE THUMB LP o",8.00,0.2217
v1|158147275162|0,"ROB ROBERTS 1979 ""R"" LABEL FOLK/PSYCH 45RPM SUNSET bw MELLOW NEW OLD STOCK CLEAN",197.97,0.2216
v1|307103023386|0,"1964 EDDY ARNOLD - SOMETIMES I'M HAPPY, SOMETIMES I'M BLUE LP Vinyl Album",4.99,0.2215
v1|117337339804|0,BERLIN Pleasure Victim 1983 (1981) LP on Geffen #GHS 2036 POP ROCK Terri Nunn,9.99,0.2214
v1|168584056326|0,SIGNED GONZO JOEY - Armored Saint - Raising Fear LP 1987 w/ Inner HEAVY METAL,49.99,0.2213
v1|188733707075|0,SOUNDGARDEN Down On The Upside 2xLp FIRST PRESS GATEFOLD OOP RFARE GRUNGE,119.99,0.2211
v1|398232395502|0,"EMERSON, LAKE & PALMER Debut LP on COTILLION SD9040 1ST PRESS c.1971 BARBARIAN!",8.00,0.2210
v1|257652000439|0,"SALSOUL ORCHESTRA Nice N Naasty SALSOUL 12"" VG+",5.00,0.2209
v1|137564968640|0,LIGHTNIN' HOPKINS  Lightnin'  TEXAS BLUES LP ORIG '61 Prestige Bluesville DG,9.99,0.2209
v1|168589145923|0,PUNK The Ton-Ups ‎Kill Me Slow / Howschow Mans Ruin 043 1997 VG+ PIC SLEEVE RED,5.00,0.2209
v1|318668824401|0,Bobby Goldsboro – Goldsboro - US LP 1977,4.99,0.2205
v1|257651756769|0,"NEWCLEUS Computer Age SUNNYVIEW 12"" VG++ SHRINK 1984 electro",5.00,0.2203
v1|358879001068|0,"Ray Barretto ""Together/New York Soul"" Latin Funk Soul 45 Fania mp3",16.50,0.2202
v1|137564158542|0,THIRD WORLD hold on to love REGGAE LP Shrink COLUMBIA HYPE INNER MASTERWORK MINT,9.99,0.2202
v1|398251095076|0,MASQUERADERS st BANG Killer! | Modern Soul Stepper | Disco | LP HEAR,9.99,0.2200
v1|377389364068|0,CDN 1967 MONO / SHRINK ~ YARDBIRDS ~ LITTLE GAMES Hard Psych JIMMY PAGE Zeppelin,49.98,0.2198
v1|366572827286|0,45 REGGAE / BOB MARLEY & THE WAILERS / SMILE JAMAICA / TUFF GONG / LISTEN,9.99,0.2197
v1|227457843478|0,"Hiroshima Go Special 12"" Mixes Promo 1987 Vinyl Record Epic 49 07493 Dance Mix +",6.99,0.2196
v1|318661008694|0,DOUG RANEY QUINTET Cuttin' Loose STEEPLECHASE LP VG+ denmark o,8.00,0.2196
v1|358879009992|0,"Roy Hamilton ""The Panic Is On"" Northern Soul 45 MGM mp3",56.52,0.2195
v1|257652067668|0,"SOFT CELL Tainted Love CHRYSALIS 12"" VG++ UK pressing",10.50,0.2194
v1|398241281096|0,Grateful Dead Self-Titled 1967 1st Press Warner Gold Label Stereo w/Slv VG+/VG,45.00,0.2194
v1|257651533528|0,"LORI Me Myself & I ECLIPSE 12"" VG++ reggae",5.00,0.2194
v1|278240957251|0,"Communion A Sing-A-Long For God's People In Harmony 12"" Vinyl Record",5.29,0.2193
v1|158149922258|0,"50 Cent ""Get Rich Or Die Tryin'"" Rap Hip Hop 2xLP Shady/Aftermath OG w/ Insert",16.50,0.2193
v1|147474843280|0,(RARE) PRINCE PATRIDGE DON'T TALK BACK TO ME CREST RED WAX (HEAR!),44.99,0.2191
v1|366577529754|0,ED GRAHAM Hot Stix M&K REALTIME LP VG+ 45rpm o,8.00,0.2191
v1|398251136428|0,RARE HIP HOP-Theodore Unit-Paychecks 12” OG Vinyl Ghostface Killer WU-TANG CLAN,5.09,0.2190
v1|366583478416|0,"Alkaholiks ""Likwidation Instrumental"" Rap Hip Hop 2xLP Loud OG Promo",7.99,0.2190
v1|366577529621|0,JIMMY GIUFFRE/BOB BROOKMEYER/JIM HALL Western Suite ATLANTIC LP o,11.00,0.2190
v1|158155061550|0,MONKEES - SELF TITLED (CLARKSVILLE) COLGEMS 1966 - IN SHRINK - VINYL LP RECORD🔥,7.00,0.2189
v1|257651776539|0,"NUANCE Take A Chance 4TH & B'WAY 12"" VG++",5.00,0.2188
v1|168584172131|0,PETE SEEGER I CAN SEE A NEW DAY LP 1964 MONO 2 Eye CL2257,1.00,0.2187
v1|327288313431|0,PRINCE - PAISLEY PARK EP - WARNER BROS. W9052 - NM UK IMPORT,5.99,0.2187
v1|257652093550|0,"STONE Time WEST END 12"" VG+/VG++",8.50,0.2186
v1|188732427582|0,Funk Soul - The Whispers Life & Breath - Chelsea - Oldies 70’s NM- Shrink,9.99,0.2186
v1|800451828288|0,Basement Jaxx Fly Life Vinyl Total Record Company 1997,5.00,0.2185
v1|128007269354|0,Jethro Tull - War Child - NM/NM 1974 Prog Rock Chrysalis CHR-1067 Sleeve 1ST,8.00,0.2184
v1|800443916385|0,"Roberta Flack & Donny Hathaway - Back Together 12"" - Atlantic VG+ PROMO HEAR",20.50,0.2184
v1|318661011665|0,JACO PASTORIUS Self Titled EPIC PE-33949 LP o,8.00,0.2184
v1|800443916322|0,"Lee Hayes - First Lady 12"" - Top Dis - Synth Boogie VG+ HEAR",33.32,0.2183
v1|188723313386|0,DEAN FRAZER - BIG BAD SAX Vinyl LP RECORD 1987 Album REGGAE SPLP5 NM,9.99,0.2183
v1|257651551533|0,"M.L.S. Extra Careful CHARLOTTE AMALIE 12"" VG++ PROMO modern soul HEAR",9.61,0.2183
v1|267748033898|0,ALT PUNK Compilation LP Lot Oops Wrong Stereotype BLITZ Viva Umkhonto SHONEN KNI,20.50,0.2180
v1|158154641356|0,Donna Summer Live And More Double Vinyl Sounds Great,7.00,0.2177
v1|168584144660|0,Climax Blues Band Stamp Album vinyl LP Sire records SASD-7507 1975,1.00,0.2177
v1|236980242512|0,"1968 The Rolling Stone's Beggar's Banquet, London PS539 VG+",4.99,0.2176
v1|128007439280|0,Leon Russell & Marc Benno - Asylum Choir 2 -NM/VG+ 1974 Psych Blues Rock Shelter,7.50,0.2176
v1|257651525500|0,"LOLEATTA HOLLOWAY SALSOUL 12"" VG++ 1997 ",7.50,0.2176
v1|287486156430|0,Dusty Springfield: Dusty in Memphis; 1969 Atlantic SD 8214 Monarch 1st Pressing,29.99,0.2175
v1|377394757666|0,"RARE Autographed Bubba Littrell "" Hang Around San Antone / "" Crazy Meskin 102",9.99,0.2175
v1|257651501150|0,FLOTSAM & JETSAM 1988 No Place for Disgrace  &  LOUDNESS 1986 Lightning Stikes,85.00,0.2175
v1|236980305082|0,"AC/DC Flick Of The Switch 12"" Black Vinyl LP Atlantic 80100-1 VG+",8.50,0.2174
v1|198542798232|0,Early bop jazz Clef label Norman Granz mid-50s OG VG- RARE Jam Session #4 and #3,10.00,0.2173
v1|257652115314|0,"SWEET THUNDER Everybody's Singin' Love Songs FANTASY WMOT 12"" VG+ ",5.00,0.2172
v1|257651830870|0,"PHIL COLLINS Take Me Home ATLANTIC 12"" VG++",5.00,0.2172
v1|168584771731|0,"MICHAEL HUDSON~""GIRLS ARE MADE FOR LOVIN' ""~Orig. 1971~FUNK~SOUL~7'' 45rpm~VG+",0.99,0.2171
v1|227460288846|0,Glenn Gould Bach SIX PARTITAS TWO & THREE PART INVENTIOns 3 lol vinyl like new,5.31,0.2170
v1|287499291246|0,"Imperial Triumphant “Alphaville” 12"" Black Vinyl LP - Century Media Metal",26.00,0.2169
v1|117337190697|0,RED GARLAND At the Prelude PRESTIGE PRLP 7170 Vinyl Jazz High-Fidelity LP,45.00,0.2169
v1|158154952335|0,DOOWOP The Coasters Sweet Georgia Brown ATCO 6104 1959 EX PROMO,5.00,0.2169
v1|327292458853|0,David Bowie - Heathen - Vinyl LP Original 2002 1st Pressing Promo Inner Sleeve,99.99,0.2168
v1|158150421617|0,"Marley Marl ""In Control Vol. 1"" Rap Hip Hop LP Cold Chillin OG",7.99,0.2167
v1|168584164268|0,The Dave Clark Five Glad All Over LP Epic LN 24093 Original 1964 Mono US Press,1.00,0.2167
v1|800440180527|0,RED GARLAND TRIO Bright And Breezy RIVERSIDE LP japan 1975 reissue o,8.00,0.2165
v1|366583674111|0,"Ghostface Killah ""More Fish"" Rap Hip Hop 2xLP Def Jam Reissue",8.50,0.2164
v1|298554568100|0,The Move Something Else LP A Cube 2326 045 1970,10.00,0.2164
v1|128007071295|0,Lester Williams -Use Me Lord- Modern Soul Gospel Boogie LP on Envoy - Hear,13.00,0.2164
v1|318661026294|0,STAN GETZ/CHARLIE BYRD Jazz Samba VERVE LP VG+ japan 1984 reissue o,17.00,0.2163
v1|257652001924|0,"SAMANTHA GILLES Let Me Feel It INFINITY 12"" VG++ Hi NRG BELGIUM",8.50,0.2163
v1|398243671515|0,Beatles Let It Be Vinyl Record Album,9.99,0.2162
v1|800443916348|0,"Newstar Band - Still Feel Like Dancing 12"" - New Star Rare Boogie VG+ PROMO HEAR",82.81,0.2161
v1|257651825091|0,"PETE MOSS In Your Head OVUM 12"" VG+ 2001 house",5.00,0.2159
v1|257651936257|0,"RIHANNA Pon De Replay DEF JAM 12"" NM PROMO",5.00,0.2159
v1|178358416881|0,Sweet Action / Sweet F.A. Australian RCA 45rpm vinyl 1975,5.00,0.2159
v1|336721944086|0,LP Irene Cara Anyone Can See OG PRESSING NETWORK LBL (1981) MINT-,14.95,0.2157
v1|168571169385|0,Harvey Fuqua 1963 R&B 45 on Tri-Phi ~ Come On An Answer Me ~ Hear,9.99,0.2157
v1|257651750053|0,"NATURAL RHYTHM Freakinought EP DOUBLE DOWN 12"" VG++ ",5.00,0.2155
v1|198542877872|0,Suzi Quatro late 70's pop rock RSO former glam EX promo Stumblin' In VG++,10.00,0.2155
v1|307099754612|0,Climax Blues Band Tightly Knit LP 1971 Sire SI-5904 Rock Blues,9.99,0.2155
v1|227460589656|0,POPPY I Disagree (More) 2020 Metal LP + Shape Disc VINYL Record ALBUM VG+ USED,43.73,0.2153
v1|336723656676|0,SIMPLE MINDS NEW COLD DREAM 1982 MARBLE PURPLE & GOLD VINYL LP SP64928,55.00,0.2153
v1|318672012656|0,Black Pumas - S/T LP - ATO Red/Black Wax SEALED,11.50,0.2151
v1|298554568821|0,James Gang Live in Concert LP ABC 733 1971,5.00,0.2150
v1|287499635015|0,Lefty Perez. Ahora si!. Original Lp,12.99,0.2149
v1|336718810312|0,"Guns N' Roses - Paradise City (6'46"" - LP Vers.) - PROMO US Picture Sleeve PS 7""",14.99,0.2149
v1|257658080576|0,"TOMMY HILL BankRoll BANKROLL 12"" NM Philly rap TEST PRESSING",5.00,0.2147
v1|257658080810|0,"TONE LOC Wild Thing DELICIOUS 12"" NM SHRINK",5.00,0.2142
v1|188734667662|0,"NOTORIOUS B.I.G. With EMINEM - DEAD WRONG 12"" Vinyl PROMO RECORD BLACK ROB Whoa",9.99,0.2140
v1|407117219342|0,Sonny Lester Little Egypt How to Belly-Dance for You Husband LP Used Pre-owned ,6.99,0.2137
v1|158148452875|0,"The Vapors-New Clear Day  (1980,New  Wave)",19.99,0.2136
v1|257651791660|0,"ORS Moon-Boots SALSOUL 12"" VG++",5.00,0.2135
v1|198542434682|0,"Butthole Surfers – Dick Gas Forty-Five 7"", 1988",125.00,0.2134
v1|407117092342|0,"Alicia Keys ""The Diary Of..."" R&B Hip Hop 2xLP J Records OG",7.99,0.2134
v1|366577507288|0,HOWARD ROBERTS The Real... CONCORD JAZZ LP VG++/VG+ o,8.00,0.2133
v1|117336539896|0,The Brockington Ensemble -The Lord Giver The Sunshine- Sealed Gospel LP on HOB,9.99,0.2133
v1|227462716648|0,Pearls Before Swine - These Things Too NM lp Tom Rapp Folk Rock record,5.99,0.2132
v1|236980253710|0,Cactus - S/T - EX/VG 1970 Hard Blues Rock ATCO SD33-340 Sleeve 1ST Press,10.50,0.2131
v1|206460756115|0,ANN RICHARDS~~THE MANY MOODS OF~~ORIG STEREO~~POP~~JAZZ~~NICE COPY~~EX / EX,16.99,0.2131
v1|206462527519|0,Celia Cruz - A Ti Mexico LP - Tico,10.50,0.2130
v1|227459330274|0,"Gary Wright The Dream Weaver LP 12"" Black Vinyl Warner Bros. Records Rock",4.50,0.2129
v1|257658086946|0,"TORCH SONG Don't Look Now IRS 12"" VG++ PROMO",5.00,0.2129
v1|117331758952|0,Crucifix – Dehumanization LP 1983 Corpus Christi w Poster 1st Press Minor Threat,64.99,0.2128
v1|287493804854|0,GREAT TENORS OF TODAY PAVAROTTI DOMINGO CORELLI EMI UK PRESS booklet NM-,6.50,0.2128
v1|206462527484|0,Allen Toussaint - Live In Philadelphia 1975 LP - WB/Rhino RSD 180g NM Shrink,15.06,0.2127
v1|336723308097|0,Bloom Where You're Planted by Rev. Carey Lnadry LP L79 1979,0.71,0.2127
v1|336722384132|0,Steely Dan Can’t Buy A Thrill LP 1972 Gatefold ABCX-758 VG/VG+,14.50,0.2126
v1|377394739960|0,"RARE Autographed Bubba Littrell "" I've Been Lived In /Wishing Ring "" JOEY 5023",9.99,0.2126
v1|307096192844|0,"THE MIRACLES HI, WE'RE THE MIRACLES LP Mono MS-160V-1",15.50,0.2125
v1|158154952352|0,ROCKABILLY Edd McNeely What Else Could I Do Fabor 354 1972 VG+ PROMO,5.00,0.2125
v1|236980432004|0,"Jukka Tolonen Band – Montreaux Boogie (Sonet LP, Early Pres, EX/VG+, Clean Play)",10.00,0.2125
v1|206457726647|0,"Master Force - Hey Girl 12"" - Rain Forest - Modern Soul Disco HEAR",192.50,0.2123
v1|327295785795|0,"MAE BARNES fun with Mae Barnes,  rare 10"" lp on ATLANTIC  pristine",9.00,0.2123
v1|128007029296|0,Mary Harris -Just As I Am- Modern Soul Gospel Boogie LP on True Vine - Hear,9.99,0.2122
v1|398234374549|0,STAYING ALIVE ORIGINAL SOUNDTRACK ALBUM 1983 NEAR MINT VINYL !,5.99,0.2120
v1|168584755747|0,"RUFUS THOMAS~""WILLY NILLY""~Orig. 1965~FUNK~SOUL~R&B~7'' 45rpm~STAX~S-173~VG+",0.99,0.2120
v1|168584172255|0,1981 Ze/ Island DANCE Club Sampler LP SEIZE THE BEAT Material WAS NOT WAS Nona H,1.00,0.2119
v1|236980233907|0,"Lot (34) Hip-Hop / Rap  12"" Vinyl Singles;  LL Cool J Ice-T Rhythm MC Supreme",23.95,0.2118
v1|267746400283|0,JEFFREY OSBORNE - EMOTIONAL Vinyl LP RECORD 1986 Album SOUL R&B SP 5103 VG+/VG+,4.99,0.2117
v1|298553879095|0,GOLDEN AGE RIGOLETTO 1917 1928 GALLI CURCI SHIPA CARUSO  SHRINK OVER JACKET,3.99,0.2117
v1|147478834428|0,Toulouse St.  By The Doobie Brothers. Nudity In Inside Gatefold. 1972 VG++ Vinyl,15.00,0.2116
v1|358878905503|0,"Fuller Bros. ""Stranger At My Door"" Rare Northern Sweet Soul 1st Version 45 GD&L",391.00,0.2113
v1|227457549522|0,"Sade - Promise NM Vinyl LP, 1985) - Portrait Records  Promo Stamp - Smooth Jazz",17.50,0.2113
v1|168583699543|0,"E.U. Taste Of Your Love / Da Butt '89 - PROMO 12"" 1989 US - VG+ Ultrasonic Clean",9.99,0.2113
v1|188734655733|0,HERBIE MANN - BIG BOSS MANN Vinyl Reissue RECORD 1970 Album JAZZ CS 1068 NM,9.88,0.2113
v1|188733379436|0,MINA THE INIMITABLE MINA - 1963 VESUVIUS ITALIAN VOCALIST 1ST PRESS LP,20.00,0.2113
v1|358878874030|0,"Debbie S. & Sounds Of Thunder ""Try My Love"" Sweet Soul/Funk 45 Flaming Arrow mp3",12.50,0.2113
v1|158147270119|0,John Corabi Horseshoes & Hand Grenades Orange Black Splatter Vinyl Motley Crue,29.99,0.2113
v1|257651930115|0,"RHYTHIM IS RHYTHIM Strings Of Life TRANSMAT 12"" VG++ silver labels",5.00,0.2111
v1|267745919099|0,FRANKIE VALLI Closeup LP Private Stock Records PS 2000 1975,4.95,0.2109
v1|257652092935|0,"STEVE SILK HURLEY Jack Your Body UNDERGROUND 12"" VG+/VG++ house 1986",5.00,0.2109
v1|128007215646|0,"LP 12 Design 637, More Country & Western Favorites",2.95,0.2108
v1|358878969772|0,MICKI LEE - SO TIRED OF TALKIN' US 20TH CENTURY FOX,5.99,0.2107
v1|158147984654|0,"LOWRELL Soul Funk 45 Mellow, Mellow Right On /Overdose AVI Records 1979 VG+",9.99,0.2105
v1|377386849656|0,Nicolette Larson - Nicolette - BSK 3243 Vinyl LP NM Cover VG+ Beautiful album,19.95,0.2104
v1|287501127081|0,1957 Ella Fitzgerald Louis Armstrong Ella and Louis Verve LP Mono US Press ~ VG+,45.00,0.2103
v1|398251063553|0,OSCAR TONEY JR For Your Precious Love STATESIDE UK | Dancefloor Soul | LP HEAR,9.99,0.2103
v1|298554250965|0,TINA TURNER -PRIVATE DANCER -JAPANESE  VINYL LP,15.99,0.2102
v1|287499654104|0,"7A3- 7A3 Will Rock You- Rare 12"" Vinyl Single (Macola/Vendetta) (1987)",8.69,0.2102
v1|318661068453|0,ELMO HOPE The All-Star Sessions MILESTONE 2XLP VG+ gatefold o,8.00,0.2100
v1|318672693729|0,"Ben Platt Dear Evan Hansen OST 2021 Interscope 12"" LP Blue Vinyl 33 RPM",4.96,0.2099
v1|267740651286|0,"DONNY HATHAWAY ""Live"" Original Vinyl LP Record ATCO SD 33-386, Presswell (PR)",8.50,0.2098
v1|257659177024|0,Thelonious Monk Quartet with Johnny Griffin – Thelonious In Action 2015 reissue,13.99,0.2097
v1|227453532705|0,45 REGGAE / HORACE ANDY / CHILDREN OF ISREAL / SANTIC / LISTEN,9.99,0.2097
v1|287499455383|0,Jon Astley Everyone Loves The Pilot LP Record In A WHITE COVER,0.99,0.2096
v1|198548501245|0,"Lords Of Acid - I Sit On 12"" Vinyl Remixes 1990 VG+ Techno Rave DJ Promo ",9.99,0.2096
v1|257652039996|0,"SIDE EFFECT Keep That Same Old Feeling STREETWAVE 12"" VG++ UK press",5.00,0.2095
v1|336722419002|0,DEEP PURPLE The House Of Blue Light MERCURY LP EX/VG+,5.50,0.2095
v1|307099893190|0,Joan Jett & The Blackhearts I Love Rock N Roll LP Vinyl 1981 Original Boardwalk,9.99,0.2095
v1|178369148070|0,Marshall Crenshaw Downtown Warner Bros Records NEAR MINT - ULTRA SONIC CLEAN,4.99,0.2094
v1|158150159565|0,"Eric B. & Rakim ""Follow The Leader"" Rap Hip Hop 2xLP UNI/Geffen/UMe Reissue",12.50,0.2093
v1|377389408273|0,Sonny & Cher - Look At Us - Vinyl Record LP ATCO Records 1965 Soft Rock Pop Mono,4.99,0.2093
v1|318660990080|0,DJANGO REINHARDT Selection EMI/LA VOIX DE SON MAITRE LP france o,8.00,0.2092
v1|128009023723|0,"ANDY GIBB SHADOW DANCING 12"" LP VG+ VINYL RECORD RSO 1978",0.99,0.2091
v1|398235426456|0,ARETHA FRANKLIN I Never Loved A Man LP ATLANTIC SD8139 1ST PRESS 67 LP SHRINK MT,30.00,0.2090
v1|178368486379|0,Super Fly ,40.00,0.2089
v1|298554063346|0,"DYANGO ""La Radio"" 1981 (ODEON/OES74112) EX/EX!!",9.99,0.2088
v1|298554063346|0,"DYANGO ""La Radio"" 1981 (ODEON/OES74112) EX/EX!!",9.99,0.2088
v1|287499636259|0,Minnie Riperton ‎– Minnie - 1979 LP Album Funk Soul Capitol Records SO-11936,9.99,0.2087
v1|278241411147|0,TRAFFIC “LOW SPARK OF HIGH HEELED BOYS” LP ILPS-9180 COVER IS VG+ VINYL IS VG,8.00,0.2085
v1|800450524379|0,"Sonny Boy Williamson, Bummer Road; CHESS 1536, LP-1536, Mono 1969 G/VG",3.50,0.2084
v1|257650108785|0,DJ Mark Farina - The Lost Baggage EP OM Records – OM 152SV,40.00,0.2084
v1|257651978611|0,"ROYAL HOUSE Can You Party? IDLERS 12"" VG+/VG++ 1988 house",5.00,0.2084
v1|137578840119|0,"The Tides Surf City/Surfin' USA Mercury Wing 12"" Vinyl LP Stereo",4.00,0.2084
v1|318661011094|0,THE DOORS - SELF-TITLED LP - MONO - ELEKTRA - EKL-4007 - BAGGIE - RARE STICKER!,39.99,0.2083
v1|206434475385|0,"Lot (2) CYBOTRON 12"" Vinyl – Cosmic Cars & R-9 Fantasy Records",7.99,0.2082
v1|267745838832|0,Gap Sherrif/Theme From The Sheriff Obscure Laurie Psych Garage 45,49.99,0.2080
v1|287499523989|0,THE ROLLING STONES Now! 1965 MONO LP LL3420 Red Label Vinyl Record,22.75,0.2080
v1|227459256738|0,SPECIAL RADIO Show PROGRAMMING VINYL CAROL BURNETT PETE N TILLIE Interview Rare,8.00,0.2078
v1|307097688880|0,JOHNNY HODGES WILD BILL DAVIS LP album BLUE RABBIT 1964 VERVE #V-8599 VG mono,8.95,0.2078
v1|178368009400|0,"Philips Mono LP Record, Vienna Choir Boys, Waltzes and Polkas VG ",2.00,0.2077
v1|257658115396|0,"TYRONE PEPPERS & T-ROCK Passionate Madness STANSON 12"" NM boogie HEAR",5.00,0.2077
v1|336722404072|0,Steely Dan - Katy Lied - NM/VG 1975 Jazz Pop Rock ABCD-846  Sleeve 1ST Press,4.25,0.2075
v1|800443916314|0,"Kool Kyle - Getting Over 12"" - Frills - Boogie Funk Rap SEALED",8.50,0.2074
v1|168589628285|0,Grease Original Soundtrack 2 Vinyl LPs RS-2-4002 W/Insert Flyer Vg++ CONDITION,9.99,0.2074
v1|198543127408|0,"GANG STARR - ROYALTY - Vinyl 12"" Single 1997 Noo Trybe - Original US Promo NM!",7.98,0.2074
v1|366583694482|0,"Homeboy Sandman ""The Good Sun"" Rap Hip Hop 2xLP High Water Music Clear/Blue Wax",7.99,0.2073
v1|377389526561|0,ROSEMARY BROWN A Musical Séance LP PHILIPS Classical Occult Record,9.99,0.2073
v1|257651696209|0,"MIKE OLDFIELD Far Above The Clouds KINETIC 12"" VG++ PROMO 1999",5.00,0.2072
v1|318668822274|0,pink floyd  RICHARD WRIGHT Wet Dream vinyl lp USED VG Early PROMO Edition,14.99,0.2070
v1|128007033113|0,Diann Franklin -Celebrate- Maryland Modern Soul Gospel LP on Daystar - Hear,9.99,0.2069
v1|128007722943|0,Black Oak Arkansas self titled ATCO records 1971 VG vinyl,5.00,0.2068
v1|407102401506|0,JIMMY RILEY Magic REGGAE  LP OMAR JAMAICA IMP NM,9.99,0.2067
v1|158147708603|0,Kiss Self Titled Debut 1974 1st Pressing Casablanca NBLP 7001 PLAY TESTED CLEAN!,99.99,0.2066
v1|336723608325|0,THE CARS Self Titled Vinyl LP Record 6E-135 Specialty Records 1st Press 1978,15.00,0.2066
v1|366577517254|0,OLIVER NELSON/LOU DONALDSON Back Talk CHESS 2XLP VG+ gatefold o,8.00,0.2066
v1|358878139512|0,Bob James - On Radio Call LP (1979) Rare White Label Promo,40.00,0.2066
v1|206462527504|0,Black Star - Mos Def & Talib Kweli Are Black Star LP - Rawkus Autograph,56.00,0.2065
v1|800454624892|0,ERNIE WILKINS-THE BIG NEW BAND OF THE '60S-EVEREST SDBR-1104,15.99,0.2064
v1|147478327192|0,MIDGE URE / ULTRAVOX 2 VINYL LOT  THE GIFT /LAMENT,15.00,0.2062
v1|267743484346|0,Headz 2A Mo Wax – MW061LP  4 X LP Boxset,250.00,0.2061
v1|257651848989|0,Headz 2B Mo Wax – MW062LP  4 x LP Boxset,250.00,0.2061
v1|366574674572|0,Fates Warning Awaken the Guardian OG LP on Metal Blade 1986,14.50,0.2060
v1|366577518261|0,WES MONTGOMERY California Dreaming VERVE LP mono gatefold o,14.26,0.2059
v1|398243407588|0,HANK MOBLEY SECOND MESSAGE   1973 Fantasy Prestige,25.00,0.2058
v1|267745736662|0,33 LP ~BOBBY VEE: ~self titled~ 1961 Liberty (VG+/VG+,8.99,0.2057
v1|128007628009|0,"Dire Straits ""Love Over Gold"" 1982 US 1st Press MASTERDISK BK SLM 1-23728 VG+",19.99,0.2056
v1|198542896060|0,Presenting Ceasar calypso soul disco Trinidad Tobago VG+++,10.00,0.2056
v1|158150285735|0,"Kanye West ""College Dropout"" Rap Hip Hop 2xLP Roc-A-Fella Promo w/ Insert OG",11.50,0.2056
v1|377389475267|0,VTG 1960s Alfred E. Neuman It's a Gas Carboard Insert Record Mad Magazine - VG,7.49,0.2056
v1|358864280497|0,Ozzy Osbourne Randy Rhoads Tribute 2LP VINYL  1987 35AP 3344~5 w/OBI Japan OBI,125.00,0.2054
v1|188734680086|0,STEVE KHAN - ARROWS Vinyl LP RECORD 1979 White Label Album JAZZ Rock JC 36129 NM,9.88,0.2053
v1|358885573655|0,Herbie Mann Et Tu Flute Verve V6-8221 double LP gatefold cover VG+,7.99,0.2052
v1|287494972116|0,RONNIE DYSON BRAND NEW DAY  R&B SOUL  12' LP 33RPM VG++,1.99,0.2052
v1|178368113068|0,"Ultravox - Rage In Eden LP , M- M-record, and cover ,",10.00,0.2051
v1|188718148705|0,Juanita Y Maria Mendoza - Me Importa Madre - AZTECA 5052 E+,19.99,0.2049
v1|407117477950|0,"Lords Of The Underground ""What I'm After"" Rap 12"" Pendulum Test Pressing HEAR",7.99,0.2048
v1|128008711361|0,Pink Floyd Animals Vinyl OG 1977 France Pink Vinyl Disque Rose Ltd JEM Import NM,288.00,0.2046
v1|198542830749|0,PURE HELL Noise Addiction Lp RARE OOP KBD Death Bad Brains Afropunk,29.99,0.2045
v1|117334956755|0,The Roots Things Fall Apart (2014) Vinyl Album 2LP Music On Vinyl *,17.50,0.2044
v1|158147121657|0," Stan Getz & Albert Dailey ‎– Poetry 1984 Jazz LP Vinyl Record Album ",7.99,0.2044
v1|236985590233|0,Bobby Orlando The Fem-spies Agent Of Love 12” Single HiNRG,29.99,0.2043
v1|117336537627|0,"The Mathis Singers -How Long, Not Long- Modern Soul Gospel Boogie LP  - Hear",9.99,0.2042
v1|206457726619|0,"Jammin Gerald - Factory Trax 12"" - Dance Mania - House VG+ HEAR",17.50,0.2042
v1|336721987498|0,STYX The Grand Illusion Vinyl LP Original Pressing,5.00,0.2041
v1|287499744212|0,"RICHARD TORRANCE - BAREBACK LP RARE 1977 US CAPITOL PROMO, STILL SEALED",7.99,0.2040
v1|318672012660|0,Black Taffy - Elder Mantis LP - Leaving VG++,10.50,0.2040
v1|398243539112|0,The System - Don't Disturb This Groove Album Vinyl Record,10.00,0.2039
v1|128007506689|0,THE RIGHTEOUS BROTHERS:Soul & Inspiration Verve V6-5001 LP 1966 VG-/VG-,6.00,0.2036
v1|128011270889|0,ORIG 1963 The Marvelettes Recorded Live On Stage Tamla 243 COVER M- RECORD VG++,34.99,0.2035
v1|800443916402|0,"Starshine - All I Need Is You 12"" - Prelude - Modern Soul Boogie HEAR",26.00,0.2035
v1|267747825938|0,"2000’s LP RECORD COLLECTION (8) JANET JACKSON, SWITCHFOOT, SOME NIGHTS & More",48.00,0.2035
v1|188734670736|0,"RICK SPRINGFIELD - CELEBRATE YOUTH 12"" Vinyl 1985 RECORD Dance & Dub MIX EX+",9.88,0.2034
v1|198543019680|0,"APACHE - GANGSTA BITCH - Vinyl 12"" Single 1992 Tommy Boy US Promo!!",7.98,0.2031
v1|800440138249|0,OSCAR PETERSON TRIO + One Clark Terry MERCURY LP mono promo o,8.00,0.2030
v1|318672012713|0,"Divine Beings - Wreckyard 12"" - Master Jam - Random Rap VG+ HEAR",35.56,0.2029
v1|227459649411|0,The Night Creeper by Uncle Acid / Deadbeats Rise Above 2015 Purple Vinyl 2LP,42.00,0.2029
v1|358878905887|0,"Future 2000 ""Who Cares"" Sweet Soul/Funk 45 Tobin mp3",48.00,0.2027
v1|236981207130|0,MARVIN GAYE Moods Of... TAMLA LP mono Mint Plus record,14.99,0.2026
v1|287499610640|0,Isaac Hayes - Hot Buttered Soul LP Record ENTERPRISE - ROUGH SHAPE,4.99,0.2026
v1|366577524949|0,BILL EVANS The Paris Concert - Edition Two ELEKTRA/MUSICIAN LP VG+ o,9.00,0.2025
v1|318664077213|0,Jeff Mills - Shifty Disco EP - Luxus Platten - Rare House VG+ TEST PRESS,16.50,0.2025
v1|257651960249|0,"RONNIE DYSON All Over Your Face COTILLION 12"" VG+/VG++ modern soul boogie HEAR",5.00,0.2024
v1|236980781405|0,Thai Disco Funk Grail Don Sonrabiab LP ดอน สอนระเบียบ – ดิสโก้นานาชาติ Amigo...,90.00,0.2022
v1|318668859807|0,"Rod Stewart vinyl lot used VG Dull, First, Atlantic Crossing, Smiler",19.99,0.2019
v1|800454443679|0,Curtis Mayfield - Curtis LP - Curtom,15.00,0.2019
v1|168584096195|0,Michael Olmstead Gogo The Blue Gorilla Show ORIG 1978 Vinyl Record LP INSERT VG(,15.00,0.2017
v1|800443916412|0,"Terri Gonzalez - How Good It Is 12"" - Eastbourne - Boogie Funk HEAR",8.50,0.2016
v1|267743452644|0,RARE Hillbilly Texas BLUES 78 SONNY HALL And His MOONSHINERS on Macy’s 118 VG+,9.99,0.2016
v1|257622665112|0,Columbia 14109D Bessie Smith NEW GULF COAST BLUES  1926 E,24.99,0.2013
v1|398251096317|0,SUGARHILL GANG st | Funk | Boogie | Disco | Jam! | Passion Play | LP HEAR,9.99,0.2012
v1|318661016560|0,TEDDY EDWARDS Feelin's MUSE LP VG++ SHRINK o,29.88,0.2011
v1|147478976558|0,Beg For Death - MMXXIII Vinyl Wax Vessel Signature /50,100.00,0.2010
v1|257651953874|0,"ROBIN S Show Me Love BIG BEAT 12"" NM house 1993",15.50,0.2009
v1|407115056661|0,Rare Country EP - Tommy Collins - Light Of The Lord - Capitol # EAP1-1125,9.99,0.2009
v1|307102670824|0,CHARLEY STRAIGHT: What A Man/Hi-Diddle-Diddle - Brunswick 3136 HOT E- 78,9.00,0.2008
v1|257651650829|0,"MC LYTE Ruffneck FPM 12"" NM",5.00,0.2006
v1|267743295296|0,LEONARD BERNSTEIN MAHLER DAS LIED VON DER ERDE Vienna Phil LP OS 26005,4.99,0.2005
v1|318661008818|0,PAUL QUINICHETTE On The Sunny Side PRESTIGE OJC-076 LP VG+ o,8.50,0.2005
v1|257657194920|0,Bob Geldof Deep in the Heart of Nowhere 1986 Vinyl EX/NM,4.44,0.2003
v1|168583649949|0,"LP.. ,Decca,""A Portrait of Patsy Cline""US,LP,mono, 1964, N.Mint",8.00,0.2002
v1|336721947073|0,LP Jean Carn SELF-TITLED ON PHILADELPHIA LABEL OG (1976) MINT-,19.95,0.2002
v1|327288688185|0,STEALING LOVE s/t SCORPIO ISLAND DISCO FUNK BOOGIE - SEALED,5.99,0.2001
v1|318664077318|0,"Splash - When We Touch 12"" - The Hive Canada - Disco Funk HEAR",112.50,0.2001
v1|366573874263|0,Opkectpa A Kophiehko - Tahok 3 Ykpaihcbknx Nicehb-Part 1&2 - OKEH 15591 E+,19.99,0.2000
v1|158150146529|0,"Emanon ""I Came Back To Party"" Bounce Rap 12"" Nu Groove SEALED",7.99,0.1999
v1|236980263535|0,AC/DC – Dirty Deeds Done Dirt Cheap 1976 LP Atlantic K 50323 VG+/VG UK Import,10.50,0.1999
v1|236980295488|0,"Iron Maiden Piece of Mind LP 12"" Black Vinyl 1983 Capitol ST-12274 VG",12.50,0.1999
v1|267742615158|0,TCU Texas Christian University SOUTHERN EXPOSURE 1984-85 Jazz Ensemble RARE!,40.00,0.1998
v1|336722308825|0,RAUL GALLIMORE - ROBERTO BLADES Dejala que suene Radio Bemba FANIA LP Salsa M-,19.95,0.1997
v1|336722151603|0,LP SAOCO Siempre Seré Guajiro Guaracha Salsa Son MERICANA XMX-144  Puert Rico M-,24.95,0.1996
v1|257651762829|0,"NIGHTCRAWLERS Push The Feeling On FFRR 12"" VG+ UK house",7.50,0.1994
v1|257658030353|0,"TECHNIQUES & RANKING TREVOR Love Is Not A Gamble HIGH NOTE 12"" VG+ reggae HEAR",5.00,0.1993
v1|128007779280|0,THE CLASH Self Titled 1979 1st Pressing USA Epic JE 36060 NM-,30.00,0.1992
v1|800443916330|0,"Mark IV - If You Can't Tell Me Something Good 12"" - Brite Lite - Boogie OG HEAR",404.00,0.1991
v1|336722747637|0,4 Lp Lot - 5th Dimension Chi-Lites Rufus Fest Chaka Khan Faith Hope Charity VG,9.99,0.1991
v1|158147243957|0,"Soul / Funk Lot - Brick, BT Express, Bar-kays, Mass Production VG 4 Vinyl",15.00,0.1990
v1|158147243957|0,"Soul / Funk Lot - Brick, BT Express, Bar-kays, Mass Production VG 4 Vinyl",15.00,0.1990
v1|287499388458|0,Cypress Hill III Temples Of Boom DJ Only Edited/Clean Double Vinyl 2LP Promo '95,9.99,0.1989
v1|307103220496|0,MICKEY & LARRY AND EXCITERS 45 REAPER OF RAIN Northern Soul R&B Doowop Funk  EX,7.99,0.1989
v1|327288284609|0,"Gang Of Four Entertainment original BSK 3446 LP 1979, US, Inner Sleeve Only",13.13,0.1988
v1|407102671163|0,NATURAL ITES Picture On The Wall  ROOTS REGGAE LP UK SHRINK CSA  CSLP 18 MINT,17.50,0.1986
v1|800440110474|0,PEE WEE RUSSELL/COLEMAN HAWKINS Jazz Reunion CANDID LP VG+ reissue matte cover o,8.00,0.1986
v1|800440146873|0,IDRIS MUHAMMAD Boogie To The Top KUDU LP VG+/VG++ SHRINK o,13.50,0.1986
v1|147480745392|0,Johnny Bush Whiskey River/There Stands the Glass RCA Promo Stereo LP LSP-4817,1.86,0.1985
v1|198542410319|0,And Me.. Im Ed McMahon Vinyl,6.99,0.1985
v1|188710056291|0,Big Joe - Rootin' Ground Hog - BLUEBIRD 7065 V+,19.99,0.1985
v1|168589136032|0,SOUL Radiants I'm Glad I'm The Loser / Hold On Chess 2037 1968 NM PROMO,5.00,0.1984
v1|407117199496|0,"Dead Prez ""Let's Get Free"" Rap Hip Hop 2xLP Get On Down/Loud Reissue",7.99,0.1984
v1|128002428589|0,"MATHEW WILDER ALBUM ""I DON'T SPEAK THE LANGUAGE"" 1983 CBS (FZ 39112) - RARE",9.99,0.1984
v1|168584008547|0,311 Grassroots Green Vinyl LP 1st Press RSD 2011 Limited Edition #0065/1000 RARE,124.99,0.1983
v1|198543080568|0,"COMMON SENSE - BREAKER 1/9 - Vinyl 12"" Single 1992 US Promo - Early Common!!",7.98,0.1982
v1|377377351858|0,Rare Scorpions Double album Humanity 2 vinyl LPs released 2007 NM Condition,202.02,0.1982
v1|336722315556|0,IRON MAIDEN Piece Of Mind 1983 1st PRESS **SHRINK/MERCH SHEET**  NM- BEAUTY!!!,84.50,0.1982
v1|366583588071|0,"DMX ""The Definition Of X..."" Rap Hip Hop 2xLP Def Jam/Ruff Ryders Picture Disc",7.99,0.1981
v1|407106762310|0,JOHN LEE HOOKER I Wanna Dance All Night CHICAGO BLUES SPAIN IMP LP MINT,9.99,0.1981
v1|198542724079|0,Armenian 78 Hovsep Shamlian 1002 Armenian,19.00,0.1979
v1|267742685873|0,DJ Mark Farina - House Of OM Part Two OM Records – OM 270 VLP,80.00,0.1978
v1|336722399410|0,Divinyls What A Life! Vinyl LP Chrysalis BFV 41511 VG+ in Shrink w/ Hype & Inner,17.50,0.1978
v1|168584145327|0,DAN FOGELBERG HOME FREE 1972 COLUMBIA Release VINYL LP 31751,1.00,0.1977
v1|336722242129|0,Chet Baker Quartet 1953 10” Vinyl LP Pacific Jazz Records PJ LP 6 Russ Freeman,20.00,0.1977
v1|257657969152|0,Rush Fly By Night LP Record SRM-1-1023,12.50,0.1977
v1|188734669048|0,"FABOLOUS - YOUNG'N (HOLLA BACK) 12"" vinyl RECORD 2001 Hip Hop 67265-0 NM",9.88,0.1976
v1|188734672139|0,"DARYL HALL & JOHN OATES - METHOD OF MODERN LOVE 12"" Vinyl 1984 RECORD PW13971 NM",9.88,0.1976
v1|206461507914|0,1987 Israel's Hope Self-titled Vinyl Record Album,5.02,0.1974
v1|377386849649|0,Sergio Mendes Brasil 66 Look Around LP 1968 A&M SP-4137 1T 1st Press U/S CLEANED,19.95,0.1974
v1|168584298107|0,"UFO - Force It rare 1975 rock / metal LP on Chrysalis, CHR 1074 - green labels",7.99,0.1973
v1|407102341625|0,CAPLETON I Testament REGGAE 2xLP  PROMO,9.99,0.1973
v1|278241452279|0,"The Tubes ~ Self Titled ~ Vinyl LP ~ SP-453 ~ COVER IS VG+, VINYL IS EXCELLENT",7.00,0.1972
v1|358883527114|0,John Davidson Henry Mancini Andre Kostelanetz Carousel Finian's Rainbow Vinyl Re,15.99,0.1971
v1|257651999286|0,"SAGAT Fuk Dat MAXI 12"" NM ",5.00,0.1971
v1|236980274635|0,"Rock Goddess: Hell Hath No Fury LP 1984,  Vinyl LP SP-6-4992",4.99,0.1971
v1|257651846932|0,"PLANTASTIK Land Of Zod KICKIN 12"" UK pressing",5.00,0.1971
v1|318672012685|0,"CSL & Boys Next Door - New York Breakdown 12"" - Powerhouse Electro Rap VG+ HEAR",9.50,0.1970
v1|198542720624|0,"Stevie Nicks 'Rock a Little"" 1985 'Talk to me'",7.89,0.1970
v1|366577512202|0,DOUG RANEY Introducing... STEEPLECHASE LP VG+ o,10.50,0.1969
v1|168584145714|0,"Dan Fogelberg Tim Weisberg Twin Sons 12"" Vinyl LP Full Moon Stereo",1.00,0.1969
v1|800454443625|0,Betty Davis - They Say I'm Different LP - Just Sunshine OG Press Poster/Glossy,76.00,0.1969
v1|407115055941|0,Temptations Psychedelic Shack Lp,8.99,0.1968
v1|128011270878|0,1967 Surf The VENTURES GOLDEN GREATS STEREO LP Gatefold Cover M- CLEAN VG++,14.99,0.1965
v1|158150038374|0,"Compton's Most Wanted ""Music To Driveby"" Rap Hip Hop LP Sony Promo OG",9.50,0.1965
v1|318672012628|0,"Angel C - Feel The Beat 12"" - Wizard - Private Electro Rap SEALED",10.50,0.1965
v1|257652048899|0,"SLICK RICK Hey Young World DEF JAM 12"" VG++ MISPRINT",5.00,0.1965
v1|358878923006|0,"James Dee & A Piece Of The Action ""Jealous Over Love"" Sweet Soul 45 Enrica mp3",56.00,0.1964
v1|267745764179|0,Connie Francis Lp Self Titled (1964) On Metro - EX/EX,7.99,0.1964
v1|407116866059|0,Texas-Southside LP 1989  mercury ,6.00,0.1963
v1|267745898520|0,Elvis Presley - For LP Fans Only 1959 RCA Victor LPM-1990 Mono EX/EX Play Tested,39.99,0.1962
v1|336722313059|0,GENESIS Invisible Touch 1986 1st PRESS Club *** SEALED ***  GORGEOUS,27.50,0.1957
v1|377389407934|0,Mike Oldfield - Discovery - 1984 Vinyl Record LP DMM German Press,4.99,0.1957
v1|366577517658|0,IDRIS MUHAMMAD Turn This Mutha Out KUDU LP VG+ SHRINK o,18.00,0.1956
v1|206460650413|0,"Tony Carey ""Self Titled"" 1982 'I Won't be Home tonight'",7.99,0.1955
v1|168589166339|0,SOUL The Coasters Run Red Run / What About Us ATCO 6153 1959 EX PROMO,5.00,0.1954
v1|366581907334|0,"D' ANGELO   ""  BROWN SUGAR ""  ORIG  12"" ",20.00,0.1953
v1|198543082395|0,"COMMON SENSE - SOUL BY THE POUND - Vinyl 12"" Single 1993 US Promo Early Common!",7.98,0.1952
v1|318672012626|0,Aretha Franklin - Aretha LP - Columbia 2-Eye Mono VG+ Shrink,16.50,0.1952
v1|257651824147|0,"PETE HELLER Big Love SUBLIMINAL 12"" VG+",5.00,0.1952
v1|800440146080|0,OLATUNJI More Drums Of Passion AI-1035/6 LP SEALED o,8.00,0.1950
v1|198543184386|0,"YOUNGER GENERATION - WE RAP MORE MELLOW/RAPPIN' ALL OVER - Vinyl 12"" UK Import!!",7.98,0.1950
v1|336722393616|0,"Steely Dan – Aja LP (1977) Original U.S. First Pressing ""AB"" Matrix VG/ VG+",14.50,0.1947
v1|407102760572|0,MAX ROMEO Open The Iron Gate ROOTS  REGGAE LP SHRINK UA PROMO KENDUN,21.50,0.1947
v1|168584167984|0,Hermans Hermits  THEREs A KIND OF HUSH ALL OVER THE WORLD  LP  MGM-SE4438 Stereo,1.00,0.1946
v1|318661024421|0,CURTIS FULLER The Magnificent Trombone Of... EPIC LP VG++ SHRINK o,11.50,0.1946
v1|236980258865|0,URIAH HEEP Self Titled MERCURY SR-61294 LP VG+ gatefold,5.52,0.1945
v1|287499540595|0,The Youngbloods Earth Music Vinyl RARE 1967 RCA Stereo early pressing no reserve,9.99,0.1945
v1|327287403174|0,Van Halen - Self-titled & 1984 - Vinyl Lot Of 2 LPs Vintage Records Metal U.S.,14.99,0.1942
v1|257658023394|0,"TAANA GARDNER Heartbeat (Club/Party Versions) WEST END 12"" VG+ ",5.50,0.1941
v1|366581708614|0,"War Outlaw LP Record 12"" Black Vinyl Cardboard Sleeve Rock",7.77,0.1940
v1|318661012135|0,"JOE PASS Ira, George, And Joe PABLO TODAY LP VG+ o",8.00,0.1939
v1|147467705464|0,Carpenters A Song For You 1972 US SMAS-94398 R3 Vinyl LP Record - No Reserve!,3.00,0.1938
v1|128007604739|0,Bob Dylan – Bob Dylan Self-Titled 1st LP  VG/VG+ 2-Eye Stereo,19.99,0.1937
v1|407121040331|0,"Phoenix, Wolfgang Amadeus Glassnote Pink Vinyl Me Please VMP LP 2019 NM shrink",59.99,0.1936
v1|377389813325|0,"George Thorogood ""LIVE"" 1986  EMI America ST-17214 VG+ ",0.99,0.1936
v1|198543041581|0,Techniques-Little Did You Know/Don Drummond-Cool Smoke Original vinyl  (listen),20.00,0.1935
v1|327287687754|0,Freddie Gibbs & The Alchemist - Alfredo (2020) Black Vinyl LP (w/ HYPE STICKER),100.00,0.1933
v1|236980199197|0,Widowmaker- Too Late to Cry LP UA Records 1977 in shrink w/Ariel Bender,14.99,0.1932
v1|188724950668|0,78 Blues  REV. J.M. GATES  Vi 20365  G+  Just As Soon../ Adam And Eve In Garden,10.00,0.1931
v1|358879021943|0,Firestarter-Tangerine Dream Soundtrack On MCA 6131 Lp Vinyl Record VG++ 1984 USA,9.98,0.1928
v1|128007239729|0,Mental Cruelty A Hill To Die Upon 2xLP Colored Vinyl,20.00,0.1928
v1|307107038696|0,Crystals There’s No Other Like My Baby Philles 100 Orange Vinyl 1963 Pressing,9.99,0.1927
v1|278247093887|0,"Snoop Dogg - The Game Is To Be Sold, Not To Be Told (Rare No Limit Records)",14.99,0.1926
v1|267742582067|0,Lord Huron – Vide Noir DELUXE EDITION SIGNED Republic Records – B0028144-01 RARE,500.00,0.1925
v1|267742582067|0,Lord Huron – Vide Noir DELUXE EDITION SIGNED Republic Records – B0028144-01 RARE,500.00,0.1925
v1|257651907170|0,"RAGTYME W/BYRON STINGILY I Can't Stay Away BRIGHT STAR 12"" NM/VG++ '87 OG house",6.50,0.1924
v1|168589145921|0,SOUL The Chambers Brothers I Can't Turn You Loose Columbia1968 EX PROMO Pic Slv,5.00,0.1923
v1|257651980339|0,"RUFFNECK FEAT. YAVAHN Everybody Be Somebody MAW 12"" NM 1995 house",5.00,0.1923
v1|307102742641|0,Bananarama 45RPM “More Than Physical” 1986 80s Dance Synth-Pop 7” Vinyl PS NM,2.99,0.1921
v1|188737760551|0,"Belle & Sebastian The Boy With The Arab Strap 12"" Black Vinyl LP 33 RPM Matador",11.60,0.1919
v1|188734670966|0,"MADONNA - ANGEL / INTO THE GROOVE 12"" Vinyl 1985 RECORD 0-20335 NM",9.88,0.1919
v1|336722152843|0,LP Tito Nieves Yo Quiero Cantar RMM Records 1989 MINT-,24.95,0.1918
v1|198542853313|0,Jon & The Nightriders Surf Beat '80 instrumental retro college surf music VG++,7.50,0.1918
v1|366573204067|0,Milton Brown and His Brownies - Tired Of The Same Thing All... - DECCA 5226 E/V+,19.99,0.1918
v1|366577527600|0,CURTIS FULLER QUINTET South American Cookin' EPIC LA-16020 LP reissue SEALED o,8.00,0.1917
v1|158147697615|0,GTR - SELF TITLED - ARISTA RECORDS LP,4.99,0.1916
v1|257652087842|0,"STARGARD Wear It Out WARNER BROS 12"" NM/VG++ ",5.00,0.1916
v1|168583770011|0,Clannad - Sirius - Promo Vinyl Lp & Lyric Sleeve 1988 - EX/NM Ultrasonic Cleaned,10.99,0.1916
v1|366577227576|0,Robin Trower Back It Up LP OG 1983,9.99,0.1915
v1|257651501131|0,"LI'L LOUIS Frequency DANCEMANIA 12"" VG+ house 1987 OG",22.50,0.1915
v1|336722419354|0,Survivor - Eye Of The Tiger - 1982 USA Vinyl LP w/ Inner - FZ 38062 - EX,5.50,0.1913
v1|178368088006|0,"Spectrum LP Record, Holiday in New York, Glitter Letters on Cover, VG ",2.00,0.1913
v1|298560231338|0,Deftones Vinyl Lot Adrenaline Around The Fur Diamond Eyes LP Collection VG+/NM,75.00,0.1912
v1|407117138628|0,"Boogie Down Productions ""Sex & Violence"" Rap Hip Hop 2xLP Jive/Get On Down RE",13.00,0.1911
v1|198543056159|0,Soul Brothers Hi-life/Delray Wilson- Close To Me Original 45 On Island (listen),20.00,0.1911
v1|188734672032|0,"PUBLIC IMAGE LTD - DISAPPOINTED 12"" Vinyl 1989 RECORD Same Old Story VST 1181 NM",9.99,0.1910
v1|117319303912|0,RARE Vintage Vinyl/LP. Ovni's. Somos Amantes. Rock/Español/Idioma. ECO-493. READ,99.99,0.1909
v1|318657641471|0,Appalachian Quartet LP Gospel Sounds Of Jewel Label LPS514 34627 EXCLNT-,5.99,0.1907
v1|178368505534|0,4 Tina Turner Promo Vinyl LPs - Better Be Good To Me - Private Dancer ,45.00,0.1906
v1|287499748592|0,DEEP PURPLE - THE BOOK OF TALIESYN LP  1968 US TETRAGRAMMATON TERRE HAUTE PRESS,5.99,0.1906
v1|257658126320|0,"UNKNOWN ARTIST The Battle Of Roxanne NOT ON LABEL 12"" NM",5.00,0.1906
v1|318661028756|0,GREAT JAZZ TRIO Direct From L.A. EAST WIND LP VG+ japan gatefold o,8.00,0.1905
v1|336722386298|0,Pink Floyd Animals 1977 Columbia US Original Press JC 34474 Vinyl LP Record,17.50,0.1903
v1|800450188087|0,Andy Warhol Cover Art - Arturo Toscanini Rossini William Tell Overture LRM7054,20.00,0.1903
v1|206457726642|0,Magic City Band - Disco Rhapsody LP - Private Disco Funk VG+ HEAR,97.00,0.1902
v1|336722385785|0,STEELY DAN Countdown To Ecstasy LP ABCX-779 Original Press from 1973  VG+,8.46,0.1899
v1|307096577377|0,Tommy Tutone 2 vinyl,9.00,0.1898
v1|128007721103|0,THE 4 SEASONS:Gold Vault of Hits Philips PHS 600-196 LP 1965 VG-/VG,6.00,0.1897
v1|188734653139|0,SAINT TROPEZ - JE T'AIME Vinyl LP RECORD 1977 GATEFOLD Album DISCO FLY 002 EX+,8.99,0.1897
v1|117306047487|0,Vintage Vinyl/LP. Sonora Santanera. La Triunfadora/Tropic Tempo. EX-5173. READ!,19.99,0.1896
v1|257651628563|0,"MARKY MARK & THE FUNKY BUNCH Good Vibrations INTERSCOPE 12"" VG++ ",9.00,0.1895
v1|178368112065|0,The Alarm Declaration 1984 SP 70608 LP near mint vinyl I.R.S original inner,10.00,0.1893
v1|236979840352|0,Humble Pie Vinyl Record Lot. 4 Lp. White Label Promo,26.00,0.1893
v1|318670739012|0,Buffy Sainte-Marie  Moonshot  Original Rare 1972 Vanguard Pop Folk Rock Lp,1.99,0.1892
v1|366577529993|0,GRANT GREEN Green Blues MUSE 5014 LP scorpio reissue SEALED o,8.50,0.1891
v1|128007397148|0,Rare Record- Cumbias Volume 2 Latin New-mex Records 1960s-70s Latin Music,39.99,0.1891
v1|318668806629|0,The Charlie Daniels Band – Nightrider - US LP Gatefold 1975,4.99,0.1891
v1|158147662975|0,THE ROLLING STONES Still Life LP 1981 Ex/VG+ 1ST PRESS w/ INNER Vinyl JAGGER,7.99,0.1890
v1|227460591459|0,LIORA MORIEL A Woman Alone ORION MASTER 1977 Folk  VG+ VINYL LP Record USED,5.00,0.1889
v1|358879050232|0,"The Temptations ""Born To Love You"" Northern Soul 45 Gordy Promo mp3",36.00,0.1889
v1|257658081263|0,"TONE-LOC Funky Cold Medina DELICIOUS 12"" NM SHRINK",8.50,0.1887
v1|168583967382|0,Sweet-Desolation Boulevard-1975 Capitol Records Vinyl LP-Glam Rock,7.95,0.1887
v1|366577537509|0,EDDIE HENDERSON Realization CAPRICORN LP VG+ wlp o,31.00,0.1886
v1|178367772867|0,Robbie Robertson Self Titled LP Record Original Geffen Records 1987,8.88,0.1885
v1|236980224510|0,Lot of 30 Funk / Soul / R&B Vinyl LPs; Third World Gayle Adams Arrow Sylvester +,30.00,0.1884
v1|257657773425|0,THE TURTLES You Baby Let Me Be LP WHITE WHALE WWS 7112,14.95,0.1884
v1|137557806028|0,DENNIS BROWN Love Has Found Its Way  REGGAE LP SHRINK A&M,9.99,0.1883
v1|188713564622|0,Milton Brown and His Brownies - The Waltz You Saved For Me - DECCA 5233 E-,19.99,0.1883
v1|366581794110|0,"Mad Lion - Carpenter / New York - Weeded Records (1997) 12"" Vinyl SINGLE",6.99,0.1883
v1|178375252862|0,Pete Brown A Meal You Can Shake Hands With Pure Pleasure Reissue 2LP Gatefold NM,14.00,0.1882
v1|366577524169|0,MIKE ELLIOTT/WILLARD O. PETERSON JR./BILL BERG Atrio CELEBRATION LP VG++ o,8.00,0.1881
v1|398243364169|0,Phil Collins No Jacket Required LP 1985 [Atlantic A1 81240],10.00,0.1881
v1|227459562034|0,Roy Buchanan And The Snakestretchers - Roy Buchanan LP PD5033 Vinyl 1972 VG+,13.99,0.1879
v1|147480766919|0,Red Foley Dear Hearts and Gentle People Decca Stereo Vinyl LP DL 74990,1.60,0.1879
v1|188734672805|0,"SUPER NATURE - THE SHOW STOPPA (IS STUPID FRESH) 12"" Vinyl 1985 RECORD PA 1413",9.50,0.1878
v1|127997598339|0,WAR Outlaw 1982 LP on RCA #AFL1-4208 FUNK REGGAE SOUL 5 tracks +1 Medley,9.99,0.1876
v1|800454443696|0,Derek & Dwight - Trick Beats EP - IZP - Rare Electro Rap HEAR,12.00,0.1876
v1|267743452631|0,OBSIDIAN 45 Fantasy Man UNKNOWN KILLER PRIVATE HARD ROCK AOR Protometal VG/VG+,26.00,0.1876
v1|188734005669|0,Jeff Beck Truth Vinyl in great condition,20.00,0.1876
v1|287499650885|0,Ruben Blades Mucho mejor ORIGINAL Fania LP,14.99,0.1874
v1|147478976789|0,Aegaeon - Exponential Transcendence Vinyl Wax Vessel Signature /50,150.00,0.1874
v1|117341316573|0,Charlie Parker Double Album Vinyl LP Record Gatefold Prestige PR-24009 EX/EX,9.99,0.1873
v1|206457726660|0,"Northend ft. Michelle Wallace - Happy Days 12"" - Emergency Boogie VG+ PROMO HEAR",13.50,0.1871
v1|147479070675|0,"Cacofonia / Putrid Scum Courage For Peace 7"" 1990 Mexico Grindcore EX/EX",32.00,0.1871
v1|800454443646|0,Bobby Bland - Call On Me/That's The Way Love Is LP - Duke Mono,9.00,0.1869
v1|227459767176|0,Ray Charles The Ray Charles Story 1967 ABC Records Stereo LP SQBO-91036,0.01,0.1868
v1|287493381946|0,"Engelbert Humperdinck After The Lovin' 12"" Black Vinyl Stereo LP 33 RPM Epic",4.91,0.1867
v1|307103857500|0,THE BEATLES ABBEY ROAD IMPORT ALBUM 1976 VG+ TO VG++,7.99,0.1867
v1|377389405421|0,"1967 LOCAL 'JUSTICE' GREAT ""The BARRACUDAS"" 'Plane View' CRUDE GARAGE FUZZ ROCK",198.98,0.1866
v1|377391682262|0,"THE KNACK Baby Talks Dirty WHITE LABEL Pop Rock 7"" Promo 45RPM RECORD Vinyl USED",5.00,0.1866
v1|236980281110|0,Bon Jovi Slippery When Wet LP 1986 422-830 264-1 VG+/EX in Shrink w/ Hype OG,15.50,0.1864
v1|257651754358|0,"NEW HORIZONS Get Ready Let's Party COLUMBIA 12"" VG++",5.00,0.1864
v1|158154956358|0,SOUL Jan Bradley You Gave Me What's Missing Chess 2043 1968 VG+,5.00,0.1863
v1|257652119986|0,"SYMBIOSIS Numinous HARDKISS 2x12"" VG+ 1996 trance",5.00,0.1862
v1|407117131789|0,"Black Star ""No Fear Of Time"" Rap Hip Hop LP Rhymesayers Ent.",16.50,0.1860
v1|188709930225|0,John Henry Barbee - Six Weeks Old Blues - VOCALION 04417 V+,20.50,0.1860
v1|257651930602|0,"RHYTHM HERITAGE Sail Away With Me ABC 12"" NM",5.00,0.1859
v1|188734671927|0,THE BAKER GURVITZ ARMY Self-Titled Vinyl RECORD 1975 Album JXS 7015 NM,9.99,0.1859
v1|366577516918|0,RED NORVO Music To Listen To Red Norvo By CONTEMPORARY OJC-155 LP SEALED o,8.00,0.1857
v1|178368615982|0,Highway 61 Revisited First Pressing,150.00,0.1856
v1|257651516939|0,"LITTLE JOHN/L. ROBINSON Guiding Star/M16 PATCAL 12"" VG++/VG+ RARE reggae HEAR",5.00,0.1853
v1|158147772320|0,STEELERS NORTHERN SOUL Promo 45 Can't Take This Pain/A Thousand Tomorrows VG+,9.99,0.1851
v1|287499891840|0,Laura Nyro-Eli and the Thirteenth Confession CS 9626  Columbia 1st Pressing,8.00,0.1851
v1|377389407800|0,Lulu Sings - To Sir With Love - Vinyl Record LP - 1967 Epic BN 26339 Pop Soul,4.99,0.1851
v1|257651977601|0,"ROXANNE SHANTE Roxanne's Revenge POP ART 12"" VG++ ",5.00,0.1850
v1|257652000773|0,"SALSOUL ORCHESTRA Ooh, I Love It SALSOUL 12"" VG++",6.00,0.1850
v1|377389407945|0,John Lennon Yoko Ono - Double Fantasy - Vinyl Record LP - In Original Shrink,9.99,0.1850
v1|168584178029|0,Sam the Sham & The Pharaohs – Wooly Bully LP MGM E-4297 Mono 1965,1.00,0.1848
v1|800440217049|0,PAUL HORN Impressions Of Cleopatra COLUMBIA CS-8850 LP scorpio reissue SEALED o,8.00,0.1848
v1|206457726681|0,"Reason To Live - Love Fantasy 12"" - P&P - Rare Disco Funk VG++ HEAR",355.00,0.1848
v1|158147100054|0,Boards Of Canada Inferno Deluxe Red Vinyl W/ Hexagon Flexi  LP,50.00,0.1847
v1|287501258401|0,"Chicago: ""X"" ~ 12"" Vinyl LP Gatefold Original 1976 Record Album Lyric Insert",4.00,0.1846
v1|398252925224|0,"Caldera - Dreamer 12"" Vinyl Record",7.99,0.1846
v1|318660857120|0,The Beatles Revolver 1966 US Mono Capitol T-2576 Original LP VG/VG,14.99,0.1844
v1|336722393203|0,Lena & Gabor Stereo Vinyl LP Skye Records SK-15 VG+/ Inner Sleeve 1970 Jazz,8.99,0.1843
v1|287499744218|0,"THE CARPENTER'S TOOLS - IN HIS HANDS LP RARE 1979 CHANAN XIAN FOLK, SEALED.",7.99,0.1841
v1|358878973429|0,"Marvels ""Mr. Soft Touch"" Crossover Soul 45 Mercury Promo mp3",43.00,0.1840
v1|407117288436|0,"Heather B ""Eternal Affairs"" Rap Hip Hop 2xLP Sai Intl. OG",7.99,0.1838
v1|257657567516|0,LP Original 1974 Billy Joel Streetlife Serenade VG+/VG+,14.00,0.1838
v1|336722396116|0,Pink Floyd The Dark Side of the Moon Vinyl LP 1973 Harvest SMAS-11163 Gatefold,17.50,0.1837
v1|257658127292|0,"UP FRONT Infatuation SILVER CLOUD 12"" NM 1983 electro boogie HEAR",5.00,0.1836
v1|267742705073|0,Ike & Tina Turner - Dynamite SUE RECORDS LP-2004 ORIGINAL 1962 MONO PRESSING,150.00,0.1835
v1|206457726718|0,"Time Spectrum - Slide Into Your Heart 12"" - Kwesi - Rare Disco Funk HEAR",91.00,0.1835
v1|128007215651|0,"LP 12 Atlantic 8208, Vol 7, History of Rhythm & Blues, Sound of Soul",2.95,0.1834
v1|137585963397|0,"1985 The Devastating Duo – The Real Fly Guys 12"" Vinyl Record",10.00,0.1834
v1|318661068221|0,DAVID HOLLAND QUARTET Conference Of The Birds ECM LP VG+ o,16.50,0.1834
v1|257651832484|0,"PHOTEK Mine To Give ASTRALWERKS 2x12"" VG++/VG+",5.00,0.1834
v1|137565085003|0,JIMMY REED Rockin' With Reed CHICAGO BLUES rainbow VEE JAY DG MONO LP,9.99,0.1832
v1|168583513912|0,"TONI WINE~""LET'S MAKE LOVE TONIGHT""~Orig. 1970~FUNK~SOUL~7'' 45rpm~PROMO~VG+",0.99,0.1832
v1|800454443659|0,Bubber Johnson - Sings Sweet Love Songs LP - King No Crown Mono DG,8.00,0.1831
v1|307097694658|0,JON ANDERSON OLIAS OF SUNHILLOW LP album 1976 ATLANTIC RECORDS #SD18180 EX GF,8.95,0.1829
v1|800451576510|0,Doors Strange Days LP 1968 Orig Gold Label EKS-74014 Allentown Press VG+ Var 1,39.99,0.1829
v1|398242363409|0,Aretha Franklin-Aretha Now Vinyl First Press,16.00,0.1829
v1|257651848070|0,Minnie Riperton – COME TO MY GARDEN Janus Records JXS 7011,100.00,0.1828
v1|407102879177|0,BOB MARLEY and THE WAILERS  Soul Revolution Part II ROOTS REGGAE LYNN 0018 NM,9.99,0.1828
v1|287505446450|0,The Isabells - God’s Little Chapels LP Private Press Arkansas Xian Folk - VG++,4.50,0.1828
v1|257651954562|0,"ROCK MASTER SCOTT & THE DYNAMIC THREE Request Line REALITY 12"" VG++",5.50,0.1827
v1|318664077243|0,"Marta Acuna - Dance, Dance, Dance 12"" - P&P - Disco Funk VG+ HEAR",54.00,0.1826
v1|257658055797|0,"TIFFANY I Think We're Alone Now MCA 12"" VG+",10.50,0.1825
v1|318661014109|0,FARRELL MORRIS Bits Of Percussion And Jazz AUDIO DIRECTIONS LP VG+ gatefold o,8.00,0.1824
v1|178368496652|0,GERRY MULLIGAN Presenting LP EmArcy 1956 MG 36056 Mono Jazz Vinyl VG+,9.65,0.1824
v1|236978263167|0,Joe Jackson Look Sharp Vinyl LP 1979 US 1st Press RCA Indianapolis SP-5224 / run,8.99,0.1824
v1|227457843503|0,Mai-Tai 1 Touch 2 Much 1987 Promo Vinyl LP Record Album Mercury 830-299-1 Q-1,6.99,0.1823
v1|227462486710|0,Celia Cruz – La Excitante / Tico Records  / VG+ LP,25.90,0.1823
v1|278234107105|0,TEENA MARIE STARCHILD  R&B SOUL 12' LP 33RPM VG+,12.99,0.1822
v1|206457726664|0,"ORS - Moon-Boots 12"" - Salsoul - Cosmic Disco VG+ HEAR",15.50,0.1822
v1|336722022483|0,LP The Crown Heights Affair -  Dreaming A Dream De-Lite LBL MINT- OG (1975),19.95,0.1822
v1|188729678523|0,Funk Soul - Ralfi Pagan Make It With You - Fania - Chicano Soul Oldies 70’s ,9.99,0.1821
v1|407117110470|0,"Beastie Boys ""Scientists Of Sound..."" Rap Hip Hop 12"" EP Grand Royal SEALED",9.50,0.1820
v1|298554284576|0,"Pretenders - Pretenders II 12"" Black Vinyl LP Sire Records Cardboard Sleeve",3.20,0.1819
v1|318664077258|0,Michael Jackson - Invincible 2xLP - Epic OG Press,450.00,0.1819
v1|377391678040|0,HITOSHI SAKIMOTO Final Fantasy XII Zodiac Age 2xLP VINYL Record ALBUM VG+ USED,52.61,0.1817
v1|236980305993|0,John Randolph Marr- solo LP on WB white label promo,5.99,0.1815
v1|227460589672|0,ART TATUM Genius Of Art Tatum #3 CLEF 1954 Trumpet Jazz VINYL LP Record USED,6.55,0.1815
v1|147480618832|0,"Golden Records The Three Stooges Sing Happy Yuletide Songs 7"" 45RPM EP 1960",3.68,0.1814
v1|128007277596|0,April Wine - Power Play -EX/VG+ 1982 Hard Rock Capitol ST-12218 Sleve Shrink 1ST,4.99,0.1814
v1|117337217153|0,"10,000 MANIACS Secrets Of The I Ching RARE REISSUE 1988 Natalie Merchant",39.99,0.1813
v1|128007719637|0,ROSE ROYCE Strikes Again 1978 PROMO LP on Whitfield #WHK 3227 EMBOSSED GATEFOLD,9.99,0.1812
v1|307093836016|0,Burt Shepard Matrimony #4965 Early Victor  Single Sided Disc Comic Recitation,6.95,0.1812
v1|800443916368|0,Prince - Sign 'O' The Times 2xLP - Paisley Park OG Press,13.50,0.1812
v1|800440202067|0,JOHN HANDY/ALI AKBAR KHAN Karuna Supreme MPS/BASF LP o,20.60,0.1812
v1|257651788640|0,"OLLIE & JERRY Breakin' There's No Stopping Us POLYDOR 12"" VG++",5.50,0.1809
v1|358878967817|0,"Lovelace Watkins ""You Can't Stop Love"" Rare Northern Soul 45 Fontana UK mp3",10.50,0.1809
v1|257651814102|0,"PAUL VAN DYK Words/For An Angel Rmxs MUTE 12"" VG+ 1998 ",7.50,0.1809
v1|318664077310|0,"Shadow - Sinister Way 12"" - Elektra - Boogie Funk VG+ PROMO HEAR",14.50,0.1808
v1|377389413079|0,Spencer Davis Group ‎– I'm A Man 1967 UA UAL 3589 Jacket/Vinyl VG,7.00,0.1807
v1|158150145451|0,"East-Flatbush Project ""Madman's Dream"" Indie Rap 12"" Uproar HEAR",14.50,0.1807
v1|257657567757|0,LP Original 1980 The Babys Union Jacks VG+/VG+,6.99,0.1806
v1|257651983897|0,"RYAN ROCKWELL & BABY D Me & D MUSIQA 12"" VG++ PROMO electro rap HEAR",5.50,0.1805
v1|178368153112|0,PRETENDERS SELF TITLED 1980 LP Inner SIRE REC. SRK 6083 M-record and VG+ cover ,7.00,0.1805
v1|257652109397|0,"SUMMER JUNKIES I'm Gonna Love You RUFF ON WAX 12"" VG++ UK press house 1996",5.00,0.1805
v1|366582292352|0,Pure Disco Ronco Records Disco Compilation #70s #Disco,2.82,0.1804
v1|236980022690|0,BABY FACE WILLETTE Face To Face BLUE NOTE LP 180g 2019 Tone Poet reissue Ex Read,23.00,0.1802
v1|358878877387|0,"Dee Edwards ""Why Can't There Be Love"" Northern Soul Funk 45 Bump Shop mp3",34.00,0.1801
v1|117336532294|0,The Violinaires -S/T- Gospel Soul LP on Jewel - Hear,9.99,0.1800
v1|227459307907|0,MILT JACKSON w/ the RAY BROWN BIG BAND Memphis Jackson LP IMPULSE! Jazz Bop,9.99,0.1798
v1|168589145925|0,ROCK Joan Jett & Blackhearts Crimson and Clover Boardwalk 1982 NM PROMO Pic Slv,5.00,0.1798
v1|398243569546|0,SALVATORE ACCARDO-BRUCH Serenade&In Memoriam-PHILIPS First Recording LP 9500 590,5.00,0.1797
v1|298556522248|0,Venus & Mars LP by Wings Vinyl 1975 Gatefold EX SMAS-11419 Capitol,1.99,0.1796
v1|188734172287|0,Jazz - Bob James Two - CTI - Classic Funk Breaks Hip Hop 70’s Fusion ,9.99,0.1796
v1|366582258958|0,"BLOOD  OF ABRAHAM  "" LIFE   ""   12"" PROMO ",20.00,0.1795
v1|257651580318|0,"MADONNA Papa Don't Preach SIRE 12"" VG++",9.50,0.1795
v1|358879047850|0,"The Odds and Ends ""Let Me Try"" Crossover Soul/Funk 45 Today mp3",9.99,0.1794
v1|377389407861|0,Ransom Wilson- Koto Flute: The New Koto Ensemble of Tokyo Vinyl Record LP Angel,2.99,0.1794
v1|267745875578|0,John B. Sebastian - Vinyl LP - MGM - SE-4654 Stereo - Gatefold Cover,3.99,0.1793
v1|267747845359|0,4 BANDS THAT COULD CHANGE THE WORLD PUNK COMP LP 7 SECONDS ADRENALIN O.D. F 1987,39.99,0.1791
v1|257658134274|0,V/A Welcome To The Club JUMP STREET LP VG+ 1987 house,5.00,0.1788
v1|128007215650|0,"LP 12"" CBS-TV Chevrolet Special 6658, On The Move, With Chevrolet",2.95,0.1785
v1|327292862127|0,Alberto Calderon Mike Pacheco Sextet Con Sabor Latino Lp Vinyl Record RARE Jazz ,19.99,0.1784
v1|398239568908|0,"LESLEY GORE-Girl Talk,Boys Boys Boys,and Love Love Love ‘12 LP’S",5.99,0.1783
v1|318669017743|0,The Fire – Happy Springtime Promo Garage Psych 45 on Vanco,149.99,0.1783
v1|188713418927|0,Billie Holiday - Let's Do It - OKEH 6134 E+,19.99,0.1782
v1|236980108089|0,"Obie Trice feat. Busta Rhymes - OH! - Interscope Records (2003) 12"" SINGLE",6.99,0.1782
v1|800440136427|0,POLL WINNERS Ride Again! CONTEMPORARY LP VG+ mono o,8.00,0.1781
v1|336722235445|0,Wynton Marsalis Black Codes (From the Underground) Vinyl LP Record Album,7.99,0.1780
v1|800440144312|0,JOE PASS Guitar Interludes DISCOVERY LP VG+ o,35.96,0.1780
v1|298554007682|0,"Paul Tremaine - Columbia (Royal blue wax) She""ll Be Comin' Around The Mountain ",15.00,0.1780
v1|336723604554|0,LP Lo Mejor de Emir Boscan У Los tomasinos Tremolo OG Cheesecake PRISTINE!,19.95,0.1779
v1|158150434252|0,Trent Reznor Atticus Ross 'Social Network' 2xLP 12” Vinyl Soundtrack  1st Press,80.00,0.1779
v1|178367834712|0,Robbie Dupree – Street Corner Heroes - 1981 - Elektra 6E-344 Vinyl LP VG+/VG,9.98,0.1779
v1|318664077207|0,"Infinity - Check Me Out 12"" - Rota - Synth Boogie HEAR",100.00,0.1778
v1|158147085111|0,The 13 Fingers Of Sir Julian 1962 Vinyl LP RCA Victor Records LPM-2372 Jazz,6.00,0.1778
v1|147478812247|0,Mr. Tambourine Man 1965 The Byrds In Fantastic Condition For Being As Old As Me,20.00,0.1778
v1|278249585074|0,The Grass Roots Move Along Vinyl LP Record VG/NM,5.00,0.1777
v1|257658126764|0,JOHN LENNON-IMAGINE- RARE 2 CD SET-HAS SINGLES & EXTRAS & OUT TAKES-CLASSIC ROCK,9.99,0.1776
v1|158150080322|0,"De La Soul ""And The Anonymous Nobody"" Rap Hip Hop 2xLP AOI Limited Clear Wax",9.50,0.1776
v1|227457552941|0,David Bowie - Aladdin Sane -  Promo Vinyl LP 1973 USA Press PLAY TESTED NM,9.99,0.1775
v1|257651767248|0,"NINA BENA Sweetheart AFTER DARK 12"" VG++ PROMO w/inserts freestyle",7.50,0.1775
v1|366583339060|0,"THE ANDREA TRUE  CONNECTION "" MORE, MORE. MORE, 12"" PROMO ",100.00,0.1775
v1|278241203292|0,John Scofield Time On My Hands Vinyl Lp Record Joe Lovano Jack Dejohnette Haden,19.99,0.1775
v1|398241306331|0,Merle Haggard Chill Factor 1987 Vinyl LP Epic Records Shrink Country VG+,6.00,0.1774
v1|298554460502|0,How Great Thou Art as sung by ELVIS LP Album,4.99,0.1774
v1|257659044333|0,JOAN BAEZ - Joan Baez (Self-Titled Debut LP) - Vanguard 1960 LP ,10.00,0.1773
v1|398250551548|0,Sherlock Holmes Tales From Baker Street Basil Rathbone Nigel Bruce 3 x Vinyl LP,12.00,0.1773
v1|307104573835|0,1960's  Soul 45  Lee Rogers  Boss Love,3.00,0.1771
v1|257657778577|0,THE MONKEES Head LP Rhino Records RNLP-145,49.95,0.1770
v1|117336960625|0,Blow by Blow Jeff Beck 1975 Vinyl LP Album Santa Maria Pressing Epic 33409 VG++,5.00,0.1770
v1|128008997300|0,RCA Victor Encyclopedia of Recorded Jazz LEJ-10 Album 10 Ory to Rus 2LP 33RPM,1.00,0.1770
v1|407106974425|0,ALBERT KING  Truckload Of Lovin' ELECTRIC BLUES LP ORIG UTOPIA  PROMO 1976 NM,9.99,0.1769
v1|168571169327|0,Fred Parris RARE 1967 Soul 45 on Green-Sea ~ I’ll Be Hangin On ~ Hear,22.50,0.1769
v1|128007720954|0,ZORBA:Original Cast Recording RCA ABL1-4732 LP 1968 VG-/VG,6.00,0.1769
v1|257658153576|0,"VIRGO Free Yourself TRAX 12"" VG+ 1986 house",5.50,0.1768
v1|377389407310|0,"The Checkmates, LTD. - Love is All We Have to Give - Vinyl Record LP - Funk/Soul",4.99,0.1766
v1|800440175113|0,CHARLES GAYLE/MILFORD GRAVES/WILLIAM PARKER Webo BEA-003 3XLP VG++/VG+ boxset o,47.53,0.1762
v1|336723644100|0,Luiz Henrique Barra Limpa Verve LP Near Mint 33 RPM Vinyl,10.00,0.1762
v1|318668037165|0,Christine McVie - s/t - US LP + OIS 1984,4.99,0.1762
v1|278247900062|0,"The Glenn Miller Carnegie Hall Concert 12"" Vinyl Record",8.99,0.1761
v1|358878967530|0,The Unknown Soul	Down In Texas	 2227	Klondike Records PROMO,5.99,0.1761
v1|407117234642|0,"EPMD ""Business As Usual"" Rap Hip Hop LP Def Jam EU Reissue Ltd. Ed. Numbered",8.50,0.1760
v1|188734651440|0,"NEWCLEUS - NA NA BEAT 12"" Vinyl PROMO 1986 RECORD SUN 436 EX+",9.50,0.1760
v1|800440148946|0,BLUE MITCHELL Funktion Junction RCA LP VG+ o,8.00,0.1759
v1|800440148946|0,BLUE MITCHELL Funktion Junction RCA LP VG+ o,8.00,0.1759
v1|800443916429|0,"Vince Tempera - Get Up, Get On, Get Out, Get Off 12"" - EMI CA - Italo VG+ HEAR",10.50,0.1759
v1|398241319224|0,"The J. Geils Band – Freeze-Frame (Vinyl LP, 1981, EMI)",5.00,0.1759
v1|278240954479|0,JAZZ 78 • Three’s A Crowd • Bluebird 10051 • Rosetta • S’posin’ • E,14.99,0.1758
v1|147482577972|0,Rare NM 1974 Xian DESTINY LP GALILEAN REVOLUTION Tim Goble &D J Duncan Christian,19.99,0.1758
v1|267745913853|0,"Gold LP SIGNED Card + Extras ""Return of the Dream Canteen"" Red Hot Chili Peppers",179.95,0.1757
v1|267745925055|0,"THE BLUES BROTHERS - Briefcase Full Of Blues (1980) - 12"" Vinyl Record LP - NM!",9.99,0.1756
v1|318661067227|0,ALLAN HOLDSWORTH Atavachron ENIGMA LP o,8.00,0.1755
v1|278241128776|0,The Heart Is Not So Smart - El DeBarge,6.00,0.1754
v1|206457726683|0,"Risque - Starlight 12"" - Importe/12"" - Synth Boogie HEAR",10.50,0.1753
v1|327292309466|0,"THAT PETROL EMOTION - Manic Pop Thrill 12"" Yellow Vinyl LP EX/EX/EX 1986",9.99,0.1752
v1|128010808120|0,Ismael Rivera con Kako Y Su Orquesta - Lo Ultimo en la Avenida - LP Ex/VG+Mono ,24.99,0.1751
v1|147470699579|0,Frank Zappa Rare Meat 1983 US Del-Fi RNEP 604 Precision Vinyl LP Rhino - NR,12.00,0.1751
v1|800454443616|0,"Apollo - Just Listen To Crowd/Terredome Of Funk 12"" - Echo USA - Hip-House HEAR",8.00,0.1751
v1|178374890213|0,Juice Newton & Silver Spur Lp - Come To Me - Capitol Records - Vg++ / Vg++,1.00,0.1749
v1|198542669841|0,The Moody Blues Seventh Sojourn 1972 1st Press Gatefold OG Inner VG/VG,0.50,0.1749
v1|318664077345|0,"Ultimate Choice - My Body's Hot 12"" - Heat - Boogie Funk HEAR",12.50,0.1748
v1|188737738856|0,"Vince Guaraldi Trio A Charlie Brown Christmas 12"" Green Vinyl LP 33 RPM Fantasy",12.50,0.1748
v1|257652091320|0,"STEPS AHEAD Radio-Activity ELEKTRA 12"" VG++ wlp PROMO 1984 electro",5.00,0.1747
v1|206460359940|0,Ray Charles Renaissance CR 9005 LP Vinyl 1975 Crossover Records EX,13.99,0.1747
v1|298553878318|0,"Focus 3 12"" LP Record Set Sire SAS-3901, 1972 Progressive Rock Play Tested",3.99,0.1747
v1|318661009092|0,BUD POWELL The Genius Of... VERVE 2XLP VG+ gatefold o,8.00,0.1743
v1|198542435344|0,"Butthole Surfers – LBV 1, Blank Label  7""  1993",125.00,0.1742
v1|298554257315|0,SONS OF THE PIONEERS~A GARDEN OF ROSES~195? ~45 RPM ~ EP ~ RECORD  VG+ COVER VG+,0.99,0.1741
v1|800454969963|0,1971     WHISKEY  AND  WIMMEN  -  CANNED  HEAT  &  JOHN  LEE  HOOKER,3.50,0.1740
v1|287499693066|0,Eddie Lund – Aparima Et Otea Tahiti Records LP Record EL 1017 Slight Warping,8.99,0.1740
v1|377389408422|0,Alan O’Day – Caress Me Pretty Music - Vinyl LP 1973 Viva VV-2679 Soft Rock,4.99,0.1738
v1|318664077261|0,"Mile High Pie - Let's Par-Tay 12"" - HMC - Electro Funk HEAR",13.50,0.1737
v1|377391559935|0,Bon Jovi Slippery When Wet Vinyl/Matrix code error/original Press/Shrink/Hype,15.00,0.1737
v1|398242597495|0,Paul Kantner & Grace Slick LP. Sunfighter. 1971 Grunt Records FTR-1002. Gatefold,9.00,0.1736
v1|278249585461|0,Antal Dorati Dvorak Symphony No 9 New World Vinyl LP Record VG/NM,1.00,0.1736
v1|117337283094|0,HTF RARE BARNABAS LP CHRISTIAN RoCK RECoRD LITTLE FoXXES NANCY Jo MANN VERY NICE,19.95,0.1736
v1|800433813937|0,Larry Coryell,30.00,0.1735
v1|278232222371|0,1978 Japanese vinyl LP release of Very Best of Cream,9.00,0.1735
v1|168583762279|0,History Of The Real Billie Holliday 2 Vinyl LP 1973 EX/EX Ultrasonic Cleaned,19.99,0.1735
v1|267746398542|0,Julian Lennon - Valotte Vinyl LP  EX/EX. Original 1984 Pressing,5.99,0.1734
v1|257651915022|0,"REDMAN & METHOD MAN The Show! (How High) NOT ON LABEL 12"" VG+ PROMO",5.00,0.1733
v1|366588020490|0,Epic BFE 40223 The Wrestling Album Hulk Hogan Rowdy WWF 1985 VG++,5.99,0.1733
v1|227463524219|0,"LA VERGNE Angel in the Absinthe House COOK  MONO 10"" jazz",9.00,0.1732
v1|336722448231|0,Sweet Trip - Velocity: Design: Comfort 2LP Vinyl (Black),20.00,0.1731
v1|188734667593|0,"COMMON With MARY J. BLIGE - COME CLOSE TO ME 12"" Vinyl 2002 RECORD Hip Hop NM",9.99,0.1731
v1|377382244570|0,Vin Promo 78 -The Lord’s Prayer by Amos N’ Andy/I Saw Mommy Kissing Santa Claus,19.95,0.1730
v1|257651979476|0,"ROYALCASH Radio Activity SUTRA 12"" NM",5.00,0.1729
v1|257657453883|0,This is Duke Ellington 1971 Vinyl 2 LP's EX 1st Press VPM6042 Mono,11.49,0.1729
v1|407115160149|0,Tom Scott - Blow It Out / Street Beat VG Vinyl Lot,10.00,0.1729
v1|278249585153|0,Henry Mancini This Is Henry Mancini Vol 2 Vinyl LP Double Record VG/NM,5.00,0.1728
v1|267745625511|0,Johnny Honeycutt - I'm Coming Over - Triode Hear Rare Original Northern Soul 45,2999.99,0.1727
v1|117337340398|0,Björk Homogenic Vinyl LP,95.00,0.1727
v1|147480246151|0,Krokus Headhunter Vinyl LP,4.00,0.1727
v1|800450939045|0,Rainbow - Bent Out of Shape. 1983 Mercury. VG+ vinyl w/ Joe Lynn Turner ,9.99,0.1726
v1|188734670644|0,"JAY-Z With MEMPHIS BLEEK & AMIL - HEY PAPI 12"" Vinyl RECORD Hip Hop EXPLICIT VG+",9.50,0.1725
v1|336722390106|0,Paul And Linda McCartney ‎– Ram (LP) 1971 Apple Records ‎– SMAS-3375,24.99,0.1725
v1|128010885274|0,Emilio Reyes DANCE TEMPOS LATIN LOVERS Decca Stereo LP 1960 Cha Cha Mambo Bolero,19.98,0.1724
v1|198542658924|0,The Lettermen A Song for Young Love LP Capitol Records Mono Vinyl T 1669,1.15,0.1724
v1|257658048901|0,"TEMPER No Favors MCA 12"" VG++ 1984 boogie ",5.00,0.1723
v1|318668124033|0,Various – The Best Of Parrot/Blue Lake Records Vol. #2 - US Funk/Soul LP,4.99,0.1722
v1|117336935124|0,"Andrew Gold Two-Fer: All This & Heaven Too, & Whirlwind, Asylum Records, 1979-80",1.99,0.1721
v1|236981669016|0,"The Kingston Trio, GOIN' PLACES, LP record, EX, Capitol T 1564",1.99,0.1721
v1|257651578237|0,"MADONNA Nothing Really Matters MAVERICK 2x12"" VG+ ",31.00,0.1721
v1|257657284978|0,Mitz Gaynor LP 1959 Mono Sings The Lyrics Of Ira Gershwin,40.00,0.1720
v1|407115571180|0,"Free Fire and Water 12"" Black Vinyl LP Stereo A&M Records SP-4268",15.00,0.1719
v1|267745994454|0,Lot of (7) Buster Brown 45s - (6) on Fire; (1) on Serock,6.00,0.1719
v1|327287383809|0,Motörhead - Ace Of Spades - Vinyl LP Profile Records Promo 1988 Reissue Metal,26.00,0.1719
v1|257651757538|0,"NEXT MOVEMENT All I Do NUANCE 12"" NM",5.00,0.1719
v1|257651549974|0,"M K II Used By DJ D.J. INTERNATIONAL 12"" VG++",5.00,0.1718
v1|318671223655|0,"W.A.S.P. ""Animal (F**k Like a Beast)"" original picture disc. VG+/VG+",29.95,0.1717
v1|358879016573|0,"Soul Senations ""A Man That Is Not Free"" Sweet Soul 45 Music City mp3",9.99,0.1715
v1|198543082462|0,"COMMON SENSE - TAKE IT EZ - Vinyl 12"" Single 1992 US Promo! Early Common!",7.98,0.1715
v1|800443916411|0,The Band That Fell To Earth - Starflight LP - Shaggy Dog - Rare Disco Funk,37.00,0.1715
v1|366583339003|0,Warren Zevon LP Vinyl - Excitable Boy - Promo  Rare,49.95,0.1714
v1|318669217306|0,"ultravox vinyl lot 12"" singles VISIONS IN BLUE, ONE SMALL DAY, DANCING W/TEARS",14.99,0.1713
v1|398250126144|0,"Winelight - Grover Washington, Jr. 6E-305 Elektra 1980 Jazz-Funk VG",6.75,0.1713
v1|128007719727|0,TOUCH self-titled 1980 PROMO DEBUT LP Atco #SD 38-123 HARD ROCK Title & Timing,9.99,0.1711
v1|178374890179|0,HAIR The Original Broadway Cast Recording RCA LSO-1150 Original 1968 1st Press,1.00,0.1711
v1|188734652009|0,"TLC - CREEP 12"" Vinyl RECORD Hip Hop 73008-24093-1 NM",9.99,0.1711
v1|198543010966|0,UFO STRANGERS IN THE NIGHT 2 LP VINYL RECORD,19.99,0.1711
v1|358879021947|0,Blue Öyster Cult 1982 Extraterrestrial Live 2LP Columbia KG 37946,9.98,0.1711
v1|366582319460|0,Play Copy The Mood of Temptation to listen to the Sound of the Koto - Chesecake,30.00,0.1710
v1|307099862333|0,Jimmy Rushing Livin’ The Blues LP Vinyl 33 RPM Bluesway BLA 6017 Stereo 1968,9.99,0.1710
v1|178374890203|0,"Carole King Touch The Sky 1979 LP, NM Vinyl/VG+ Cover",1.00,0.1710
v1|257651518757|0,"LITTLE TONI MARSH Video Burnout PRISM 12"" VG++ 1983 electro",5.00,0.1709
v1|287499540720|0,FAIRPORT CONVENTION – Liege & Lief   1986 Reissue LP  Sandy Denny *RARE* nice,15.99,0.1708
v1|267742767308|0,Bobby Brown - Don't Be Cruel LP MCA-42185 IN SHRINK!,60.00,0.1708
v1|307096538431|0,Gene Vincent Greatest UK LP Vinyl Album CAPS1001 Capitol Mono,12.00,0.1706
v1|366582071146|0,VAN MORRISON - It's Too Late To Stop Now LIVE 1973 Tri-fold sleeve 2LP VG,15.00,0.1706
v1|377389407810|0,"Stanley Turrentine - Betcha - 1979 Jazz, Funk, Soul - Vinyl Record LP Elektra",4.99,0.1704
v1|267745833233|0,Taj Mahal Recycling The Blues Vinyl LP VG+/VG+,5.40,0.1704
v1|278241448279|0,Tom Scott Apple Juice Vinyl Album Steve Gadd Lp,9.99,0.1704
v1|407115356639|0,Mazz - Class Vinyl Record LP,74.00,0.1702
v1|366577505919|0,ZBIGNIEW SEIFERT Passion CAPITOL LP VG+/VG++ o,8.00,0.1702
v1|257658068405|0,"TIME ZONE The Wildstyle CELLULOID 12"" NM Afrika Bambaataa",5.00,0.1702
v1|117336961718|0,The Clash Clash City Rockers 1978 UK first Press vinyl record picture sleeve,14.00,0.1702
v1|800454443637|0,Black Pumas - Chronicles Of A Diamond LP - ATO Colored Wax VG++ Shrink Poster,11.50,0.1702
v1|227462201905|0,"RARE Bubba Littrell "" Lonely Nights / From The Sound "" Joey  5047 NICE",9.99,0.1699
v1|137579270791|0,"Angel Stick-Spine (England) LP Opera Highlights, Callas,Gobbi. Di Stefano EX",12.95,0.1699
v1|257651890921|0,"PUMP PANEL Ego Acid/Confusion NOT ON LABEL 12"" ",5.00,0.1699
v1|128007081841|0,The Sons Of The Harmoneers -Saved By Grace- Georgia LP on Shur Fine Gospel -Hear,9.99,0.1699
v1|178369987141|0,"Johnny Ukulele - ""Favorite Selections"" - LP, Mono",4.00,0.1698
v1|336718748966|0,"Depeche Mode  - It's Called A Heart -  French Picture Sleeve PS 7""",12.99,0.1698
v1|168583991113|0,Phish A Live One 4x LP 180g Red/Blue Split Vinyl 2017 Pressing Box Set Jemp,99.99,0.1697
v1|206457726738|0,Zhu - The Nightday EP - Mind Of A Genius VG+,8.00,0.1697
v1|257657416388|0,Delaney & Bonnie and Friends Motel Shot 1971 Vinyl Atco 1st US SD33-358 VG/EX,6.84,0.1696
v1|398243507848|0,Vitnage Motorhead Rock N Roll 1987 Vinyl ,39.00,0.1696
v1|257651943842|0,"ROB BASE & DJ E-Z ROCK It Takes Two PROFILES 12"" NM SHRINK",5.00,0.1696
v1|188730451183|0,Funk Soul - The Notations I’m Still Here - Twinight - Oldies 45 70’s Northern,9.99,0.1695
v1|358878885758|0,"Elvalina ""Paraguas"" Obscure Latin Soul Boogaloo 45 Gaytan mp3",34.00,0.1695
v1|257651655260|0,"MELANIE C FEAT. LISA ""LEFT EYE"" LOPES Never Be The Same Again VIRGIN 12"" VG++",5.00,0.1695
v1|398242407636|0,The Beatles - Please Please Me - 1968 Taiwan pressing - Red Vinyl!,62.50,0.1695
v1|287500742622|0,Foghat Energized Vinyl Bearsville 1974,5.25,0.1694
v1|188729522999|0,Funk Soul - The Shadows Under Stars Of Love - Del Fi - Cruiser Oldies Doo Wop,9.99,0.1694
v1|206460386106|0,Devo – Freedom of Choice [ ORIGINAL 1980 WINCHESTER PRESSING ],17.99,0.1693
v1|278241095450|0,"The Monkees Pisces, Aquarius, Capricorn & Jones  LTD Vinyl LP Colgems Mono",5.99,0.1692
v1|336722396429|0,PINK FLOYD - Wish You Were Here - OG 1975 PC 33453  EX/VG,13.50,0.1691
v1|227459230687|0,LOT OF 8 BARBARA STREISAND VINYL ALBUMS POP  MOSTLY NEAR MINT,7.95,0.1690
v1|168584146307|0,Hair An American Tribal Love-Rock Musical Lp Record PRS-319 Collectors Edition,1.00,0.1687
v1|188732248377|0,New Wave - The B 52’s Whammy! - Warner Brothers - Rock Synth Pop Vintage Vinyl,9.99,0.1686
v1|336722324027|0,"Queen Canadian Musical ""We Will Rock You"" autographed poster, tickets, pass, bag",65.00,0.1685
v1|377391583531|0,RUSH EXIT...STAGE LEFT 1981 VINYL 2LP GATEFOLD MERCURY SRM27001,20.00,0.1685
v1|257651804756|0,"OWEN GRAY Please Don't Let Me Do (Something Bad To You) SOUL SURVIVOR 12"" NM",5.00,0.1685
v1|128007080914|0,Doc McKinzie -I've Been Changed- Georgia Modern Soul Gospel Boogie LP - Hear,9.99,0.1684
v1|318664077224|0,"King Sporty & Root Rockers - Get On Down 12"" - T.K. Disco Funk PROMO HEAR",8.00,0.1684
v1|188734692740|0,"ARRESTED DEVELOPMENT - TENNESSEE 12"" Vinyl RECORD Hip Hop NATURAL V23787 NM",9.99,0.1683
v1|318661065824|0,HAMPTON HAWES/MARTIAL SOLAL Key For Two BYG LP VG+ italy o,8.00,0.1682
v1|257651630376|0,"MARTIN CIRCUS Disco Circus BLACK SUN 12"" NM",5.00,0.1681
v1|358878790542|0,"Aubrey Mann ""Don't Give Up"" Islands Modern Soul Boogie 45 Aim Canada mp3",9.99,0.1681
v1|377389408028|0,John Rebourn - The Lady And The Unicorn - Vinyl Record LP - In Shrink,5.99,0.1681
v1|377389407491|0,Dave Mason - Dave Mason Is Alive - Vinyl Record LP - Blue Thumb - EX Box 300,9.99,0.1679
v1|336722396331|0,PINK FLOYD – A Nice Pair - VINYL 2LP SABB-11257 Capitol 1973 EX/VG,13.00,0.1679
v1|178355328495|0,Bessie Smith-Chicago Bound Blues/Mistreatin' Daddy-E,125.00,0.1678
v1|257651868234|0,"PRINCE AL & THE PROFESSIONAL Fly Away Home/Redemption Song KAYA 12"" +/++ reggae",5.00,0.1677
v1|307097569493|0,"FRANCK POURCEL - PARA MEXICO - 1984 MEXICAN LP PROMO PUNCH HOLE, JAZZ",14.99,0.1675
v1|128007262881|0,"Blood Sweat & Tears - Blood Sweat & Tears 12"" LP Record 1968 Columbia Rock 33RPM",2.99,0.1675
v1|188734667770|0,"THE FEARLESS FOUR - PROBLEMS OF THE WORLD 12"" Vinyl 1983 RECORD 0-66984 EX+",9.99,0.1675
v1|257651887260|0,"PROFESSOR FUNK & THE CHICAGO HOUS'N AUTHORITY DJ INTERNATIONAL 12"" VG+",6.00,0.1675
v1|198542768051|0,TOM JONES - It's Not Unusual - Vinyl LP - Parrot 71004 - scarce 1st issue photo,12.00,0.1673
v1|358875572954|0,"Third Man Vault #63 White Stripes - Get Behind Me Satan XX 2 LP Vinyl 7""/Blu-Ray",39.99,0.1673
v1|800443916418|0,"Tribe - Coke Disco Mix 12"" - Rare Disco Funk VG++ HEAR",104.50,0.1672
v1|307097569537|0,"PAUL MAURIAT - LOVE IS BLUE - 1968 MEXICAN LP, SOC, JAZZ",14.99,0.1672
v1|206457726616|0,"Janice Cambell - Spring/Falling In Love 12"" - Cadillac - Modern Soul VG+ HEAR",32.00,0.1672
v1|800454443691|0,Deltron 3030 - S/T 2xLP - 75 Ark OG Press SEALED,29.00,0.1672
v1|298554574481|0,"1979-AMI STEWART, "" JEALOUSLY "", 12"" ARIOLA RECORD , R&B , DANCE POP, CLUB",0.99,0.1672
v1|188734671785|0,"TWENTY 4TH STREET With CAPT. HOLLYWOOD - I CAN'T STAND IT 12"" Vinyl RECORD NM",9.50,0.1671
v1|366583735059|0,"King Geedorah ""Take Me To Your..."" Rap Hip Hop 2xLP Big Dada RE Red Wax w/Insert",10.50,0.1671
v1|257651507575|0,"LISA STANSFIELD VS. BEENIE Set Your Loving Free '98 WHITE LABEL UK 12"" NM",5.00,0.1670
v1|318668551524|0,Linda Ronstadt & The Nelson Riddle Orchestra – What's New - US LP + OIS 1983,4.99,0.1670
v1|358878906705|0,"Gene Middleton ""No One To Love Me"" Crossover Soul 45 Funk Factory mp3",34.00,0.1669
v1|287499752299|0,SKYHOOKS - EGO IS NOT A DIRTY WORD LP 1975 MERCURY TERRE HAUTE PRESS GLAM ROCK,5.99,0.1668
v1|236980280791|0,Def Leppard Hysteria Vinyl LP Record 1987 Mercury 422 830-675-1 Q-1 VG+,33.00,0.1667
v1|800440181265|0,DIZZY GILLESPIE New Wave! PHILIPS LP VG+ o,18.37,0.1667
v1|257658090806|0,"TOUCH Love Fixation SUPERTRONICS 12"" VG++ SHRINK",5.00,0.1666
v1|358876358429|0,Cut Copy - In Ghost Colours - 2LP Vinyl Modular Records 2008 Original 1st Press,99.99,0.1665
v1|257657722771|0,THE COMPLETE COCKATIEL TRAINING ALBUM LP PET Records PET-LP-3142,2.23,0.1663
v1|336722411355|0,Ozzy Osbourne - Diary of a Madman Jet FZ37492 US Original Vinyl LP w/ Inner VG,13.00,0.1663
v1|800454443701|0,"Dirty Face Angels - Actin' Up 12"" - Fat Stash - Indie Rap Green Wax HEAR",23.50,0.1662
v1|158147323566|0,SAM FEEL THE LOVE 1981 45RPM ARIES RECORDS PRIVATE PRESS SYRACUSE NY CLEAN COPY,55.55,0.1661
v1|307103082654|0,"Tina Turner 45RPM ""We Don't Need Another Hero"" 1985 80s Pop Rock 7"" Mad Max ",3.50,0.1659
v1|298554538969|0,"1957-CATHY CARR, "" IVORY TOWER / PLEASE PLEASE BELIEVE ME"", 7"" FRATERNITY RECORD",0.99,0.1659
v1|336722011001|0,LP STACY LATTISAW  LET  ME BE YOUR ANGEL  COTILLION LBL MINT- OG INNER SLV.,14.95,0.1658
v1|178353701421|0,The Rock-afire Explosion Gee Our 1st Album Vinyl LP 1982 Creative ShowBiz Pizza,68.99,0.1658
v1|407102399363|0,JIMMY RILEY Showcase ROOTS  REGGAE DUB LP YES JAMAICA IMP,9.99,0.1656
v1|358879005572|0,"Rita Da Costa ""You And Nothing More"" Northern Soul Popcorn 45 Tower mp3",67.00,0.1656
v1|198542935698|0,"Emerson, Lake & Palmer Lucky Man 7"" single MONO version VG++ Prog",7.50,0.1655
v1|168589145932|0,SYNTH POP Whitney Houston So Emotional Arista 9642 1987 NM PROMO Pic Slv,5.00,0.1654
v1|117337340383|0,THE CARS Panorama 1980 LP on Elektra #5E-514 SYNTH-POP ROCK NEW WAVE,9.99,0.1653
v1|377389407802|0,Quiet Company -  Transgressor - Vinyl Record LP- Signed,9.99,0.1652
v1|117336589215|0,Senior Mother Betty Jean Coates -Spiritual Songs Of Inspiration- Gospel LP -Hear,9.99,0.1652
v1|336723603025|0,"LP Los Corraleros Del Majagual, CUMBIAS  OG FM LABL CHEESECAKE PRISTINE!!!!",19.99,0.1651
v1|227460587311|0,MASATO NAKAMURA Sonic The Hedgehog 2 VIDEO GAME LP VINYL Record ALBUM M- USED,73.87,0.1651
v1|287499752302|0,DURAN DURAN - SEVEN & THE RAGGED TIGER LP 1983 US CAPITOL (WINCHESTER PRESS),5.99,0.1651
v1|188734667428|0,"HUMAN BODY - COSMIC ROUND UP 12"" Vinyl PROMO 1985 RECORD ED 5089 NM",9.50,0.1650
v1|800454443672|0,Clarence Henry - You Always Hurt The One You Love LP - Argo Mono DG Autograph,8.00,0.1649
v1|800440108342|0,JESSE SHARPS Sharps And Flats NIMBUS WEST LP VG+ 2022 reissue w/ insert o,10.50,0.1648
v1|327292556206|0,"Strung Out : Twisted by Design by Strung Out (Record, 1998)",42.00,0.1647
v1|407106728669|0,TAJ MAHAL Music Fuh Ya' (Musica Para Tu)  BLUES LP WB ORG 1977 NM,9.99,0.1646
v1|318664077313|0,"Shining Star - The Stranger 12"" - Unidisc Canada - Cosmic Disco VG++ HEAR",8.50,0.1646
v1|336722112415|0,Psychedelic Lollipop Album-The Blues Magoos 1966,10.50,0.1646
v1|318664077219|0,"Joy - I Need Your Love 12"" - Eastern - Boogie Funk VG+ PROMO HEAR",46.00,0.1645
v1|227459349255|0,Nirvana 45 RPM 7 inch record vinyl Punk hard rock grunge RARE,19.99,0.1645
v1|206460605976|0,Run the Jewels Run the Jewels Vinyl Record Self Titled Light Blue Vinyl,24.99,0.1645
v1|307103061882|0,Blooming Hits   Paul Mauriat   EX    In Shrink     Cheesecake,10.00,0.1644
v1|398243265954|0,Real Life-Heartland LP & Send Me An Angel 12” Vinyl Record Lot 1983 / 89,35.00,0.1644
v1|298553840612|0,Mike Oldfield - The Killing Fields 1984 Virgin Records Electronic LP Vinyl Album,9.99,0.1644
v1|178370511466|0,Beatles Sgt Pepper MONO And Magical Mystery Tour FIRST US PRESSINGS Records Lot,49.00,0.1642
v1|318672012600|0,"2Pac - Keep Ya Head Up 12"" - Interscope",8.00,0.1642
v1|257652041902|0,"SILICONE SOUL Right On! ULTRA/SOMA 12"" VG+ ",5.00,0.1641
v1|137578842150|0,"RCA Victor Living Stereo Twin Conn Organs Look Ma! Four Hands LP 12"" 33 Stereo",5.05,0.1641
v1|128007399411|0,Jimmy Buffett - Somewhere Over China - NM/EX 1981 Pop Rock MCA-5258 Sleeve 1ST,10.50,0.1641
v1|117336569875|0,M.L. Allen Jr. -I Know That's Right- Drum Machine Gospel Funk LP - Hear,9.99,0.1639
v1|188734727447|0,VICTOR BAILEY - BOTTOM'S UP Vinyl LP RECORD 1989 Album SRC PRESS JAZZ 81978-1 NM,9.88,0.1639
v1|147476783363|0,BLACK SABBATH NEVER SAY DIE! NEAR MINT VINYL VERY GOOD COVER (HEAR!),10.50,0.1639
v1|257651847339|0,"PLATINUM You Make The Light V.F.M. 12"" VG++ obscure house freestyle OG HEAR",6.00,0.1639
v1|800440140772|0,CECIL PAYNE Zodiac STRATA-EAST LP VG+ reissue o,59.00,0.1638
v1|206458063296|0,GRATEFUL DEAD From The Mars Hotel 1974 GRATEFUL DEAD Records LP VG Play Tested,10.50,0.1637
v1|128002754536|0,"STRAWBS - DEEP CUTS. NEAR MINT, WHITE LABEL PROMO LP. 1976. USA. LIKE NEW.",7.99,0.1636
v1|117336784855|0,Foghat - Live (LP Vinyl Record) VG/G+ | Bearsville BRK-6971,5.00,0.1636
v1|318680347580|0,"Del Shannon LP ""Little Town Flirt"" Big Top 12-1308 ~ Mono ~ VG++",19.20,0.1635
v1|800450868476|0,"GIRL ""Wasted Youth"" - Jet Records ARZ 37723 - Orig. Vinyl LP Record",9.99,0.1634
v1|206457726650|0,"Michael Boothman - Touch 12"" - Invisible City Editions Canada Reissue VG+ HEAR",57.00,0.1634
v1|800451733890|0,Mae West On The Chase & Sanborn Hour LP Radiola MR-1126 1981 Old Time Radio VG+,7.99,0.1634
v1|168571169308|0,Melvin Davis 1968 Soul 45 on Mala ~ Save It (Never Too Late) ~ Hear,9.99,0.1633
v1|358878888489|0,"Fania All Stars ""Viva Tirado/Mama Guela"" Latin Soul Funk/Salsa 45 Fania mp3",16.00,0.1633
v1|800443916317|0,"Le Frank 'O - Keep On Gettin' Down 12"" - M M-M Gold - Disco Funk OG Press HEAR",137.50,0.1633
v1|147478974248|0,Earth - Untitled (7” 1993) SELF RELEASED - KURT COBAIN - JOE PRESTON - RARE -OOP,50.00,0.1633
v1|318661025158|0,HAL GALPER QUINTET Speak With A Single Voice CENTURY CR-1220 LP SEALED o,8.00,0.1633
v1|278241584100|0,JOHNNY ZAMOT - ORIGINAL,182.50,0.1632
v1|287499465225|0,"ETTA JONES, Prestige 237, Nature Boy / Hi Lili Hi Lo Autographed Sleeve",20.00,0.1631
v1|366581669735|0,"Boot Camp, Bad Blood / Wouldn't It Be Funny?, 7"" 45rpm, Vinyl NM, w/insert",5.00,0.1631
v1|257652070131|0,"SOUL II SOUL Keep On Movin VIRGIN 12"" VG+ SHRINK",7.50,0.1630
v1|318664077278|0,"Panache (Just Brothers) - Sweet Music 12"" - Rota Rare Disco Funk VG+ PROMO HEAR",261.00,0.1630
v1|257662808929|0,"Crosby, Stills, Nash & Young Deja Vu LP Vinyl 12"" Stereo Atlantic SD 7200",3.00,0.1629
v1|158154641581|0,"Pet Shop Boys Left To My Own Devices 12"" single vinyl record",5.00,0.1628
v1|800440109808|0,DAVID SCHNITTER Thundering MUSE LP VG+ o,10.50,0.1628
v1|278223706532|0,Gism Crust Lp Lot#2 Punk Amebix Crass Mob 47 Disclose Doom Extreme Noise Terror,10.50,0.1627
v1|278249584981|0,English Beat What Is Vinyl LP Record VG/NM,5.00,0.1627
v1|227456594582|0,ROCK ME ALL NIGHT LONG - ALADDIN RECORDS 1945-1958 - EMI - NM,4.99,0.1626
v1|206462527531|0,D. McAllister - Scientific Mind/Night Magic LP - Omnimusic Library Funk Jazz VG+,21.62,0.1625
v1|257658037249|0,"TECHNOTRONIC This Beat Is Technotronic SBK 12"" NM SHRINK",7.50,0.1624
v1|407117421285|0,"KRS-One ""Return Of The Boom Bap"" Rap Hip Hop 2xLP Jive/Music On Vinyl 180g Re",9.50,0.1623
v1|407115359909|0,ERROLL GARNER - SELF TITLED COLUMBIA LP - CL535 LP~Vinyl NM-,6.99,0.1623
v1|198547484825|0,Lovin Spoonful HUMS Kama Sutra Mono LP SHRINK 1966 Top40 Pop Rock SUMMER IN CITY,9.98,0.1623
v1|366577530723|0,JIM HALL Commitment A&M/HORIZON LP VG+ unipak o,8.00,0.1623
v1|800435619111|0,Supercharger – Goes Way Out! LP Estrus Records Garage Punk Rip offs Donnas,40.00,0.1623
v1|257651916352|0,"REEL 2 REAL I Like to Move It STRICTLY RHYTHM 12"" VG++ ",5.00,0.1623
v1|257652045954|0,"SLAM Alien Radio SOMA QUALITY 12"" VG++ UK 2001 house",5.00,0.1622
v1|407114910177|0,Rare Funk / Soul 45 - Bobby Patterson - Don't Be So Mean - Jetstar # JS-112,9.99,0.1621
v1|377379759799|0,Rare Winery Dogs Double album super group 2 vinyl LPs NM Cond. gatefold shrink,101.01,0.1620
v1|257651913354|0,"REAL TO REEL Love Me Like This ARISTA 12"" NM/VG++",8.50,0.1620
v1|198543011202|0,"ALKAHOLIKS - ALL NIGHT - Vinyl 12"" Single 1997 Loud Records US Promo!!",7.98,0.1619
v1|236973773890|0,ALIRIO DIAZ CONCIERTO GUITAR Angel Lp Mint OLE! MANITAS DE PLATA Lp VG FLAMENCO,4.75,0.1617
v1|236980245752|0,Nitty Gritty Will The Circle Be Unbroken Vinyl 3 LP Orig Record EX/VG+,4.99,0.1617
v1|800440159479|0,DUKE ELLINGTON/COUNT BASIE First Time! COLUMBIA LP mono 6-eye o,8.00,0.1616
v1|307102580779|0,Lot of 2 RAINBOW Vinyl LPs Rising Difficult to Cure Blackmore Dio Turner Powell,34.99,0.1615
v1|267745877482|0,Quicksilver Messenger Service Shady Grove RARE France (Alt Cover)EX/VG+,49.99,0.1615
v1|377389407915|0,Peter Frampton – Where I Should Be - Vinyl Record LP - Original Sleeve 1979 Rock,4.99,0.1615
v1|178368483748|0,ROY WOOD'S WIZZARD Wizzard's Brew LP UNITED ARTISTS  E.L.O. The Move Gatefold,9.65,0.1615
v1|318668218930|0,Various – WCBS FM101 History Of Rock - The 60's Part 2 - US YELLOW VINYL 2LP,4.99,0.1614
v1|227459465099|0,Koko Taylor Queen Of The Blues 1985 Alligator Blues TEST PRESSING,50.00,0.1613
v1|236980240198|0,Pink Floyd - Dark Side of the Moon! Original 1973 LP - Harvest SMAS 11163 EX,27.00,0.1613
v1|158129662197|0,C.P. Love 1971 Soul 45 on Chimneyville ~ Never Been In Love Before ~ Hear,9.99,0.1613
v1|800440149225|0,LLOYD MILLER At The Ends Of The World FAVM-020 LP VG++ with insert SHRINK o,12.50,0.1612
v1|307097569497|0,"LOS HERMANOS BERMUDES - SEMILLA CRIOLLA - 1987 VENEZUELAN LP, LATIN FOLK",14.99,0.1612
v1|800440112100|0,LEE RITENOUR The Captain's Journey ELEKTRA 6E-136 LP embossed cover SEALED o,8.00,0.1612
v1|358879013070|0,"Scotty Todd ""Ain't No Big Thing"" Northern Soul 45 Philips Promo mp3",9.99,0.1611
v1|117337264140|0,"Chanticleer In Concert, CR-8501, 1983, EX",1.75,0.1611
v1|137564608444|0,TAJ MAHAL Recycling the Blues & Other Related Stuff LP COLUMBIA  CRUDE ORI 1973,9.99,0.1611
v1|178374740687|0,Sammy Davis Jr. / When The Feeling Hits You / Vinyl / Jazz / Blues / US,2.00,0.1611
v1|257651790898|0,"OPERA TRANCE Spente Le Steele RADIKAL 12"" VG++ house trance",5.00,0.1611
v1|178368114555|0,"Karla Devito Lp Is This A Cool World Or What? Epic - M-rec & cov,Original Inner ",9.00,0.1610
v1|168584056192|0,Dark Angel – Darkness Descends (1986 US Combat 1st Press LP) Thrash Metal Vinyl,79.99,0.1610
v1|158147741723|0,FOXY SHAZAM: BURN. GATEFOLD SLEEVE. 2020 EEEOOOAH RECORDS. MINT - OPEN IN SHRINK,150.00,0.1609
v1|358878918391|0,"Inner Life ""Ain't No Mountain High Enough"" Modern Soul Disco 45 Salsoul WLP mp3",12.50,0.1609
v1|257651576247|0,"MADONNA Like A Prayer SIRE 12"" VG++ ",10.50,0.1608
v1|128000964474|0,Deafheaven - Infinite Granite - Vinyl - Blue Record LP Limited,34.99,0.1608
v1|318664077293|0,Randolph Baker - Reaching For The Stars LP - J&R - Rare Disco Funk VG+ Shrink,326.00,0.1608
v1|336722408794|0,ZZ Top’s First Album 1970 FIRST Press London PS 584  1st Press VG+,17.50,0.1608
v1|287499744213|0,"A BRIDGE TOO FAR - LP  1977 US UNITED ARTISTS ORIGINAL SOUNDTRACK ,JOHN ADDISON",5.99,0.1606
v1|298554576923|0,"1978- DAN FOGELBERG & TIM WEISBERG ,"" TWIN SONS OF DIFFERENT MOTHERS"", FOLK ROCK",1.99,0.1606
v1|257652120357|0,"SYMBIOSIS Sensory SUNBURN 12"" VG++ 1996 trance breaks",5.00,0.1606
v1|407102626603|0,PABLO MOSES Live To Love  REGGAE LP SHRINK 	Rohit Records  RIFW-L-9301 M/NM,9.99,0.1606
v1|128012216719|0,ORIG '71 John Lennon IMAGINE LP Apple 3379 GLOSSY COV W/ORIG. POSTER & SLEEVE M-,21.99,0.1604
v1|278240949266|0,PREWAR JAZZ 78 • Joe Venuti & Eddie Lang • Columbia 914 • Stringing The Blues,18.99,0.1604
v1|398242662439|0,6 Records For Bid,14.99,0.1604
v1|358875796674|0,"Can You Feel The Beat by Lisa Lisa and cult Jam euro disco 12"" single",8.99,0.1604
v1|257651606022|0,"MANTRONIX Needle To The Groove SLEEPING BAG 12"" VG+ ",6.50,0.1604
v1|318669126089|0,Mable John – Don't Hit Me No More / Left Over Love Promo Stax 45,34.99,0.1603
v1|257650567546|0,BETTER OFF DEAD Soundtrack A&M Records – SP-5071 VERY RARE LP Rupert Hine,110.00,0.1603
v1|800440217182|0,PAUL HORN Altura Do Sol (High Sun) EPIC LP wlp o,18.50,0.1602
v1|128007037266|0,The God's Reflection - Indiana Sweet Soul Gospel LP on Shield - Hear,9.99,0.1602
v1|398251136366|0,ZUBIN MEHTA-STRAVINSKY -petrushka-CBS Masterworks LP New York Philharmonic Vinyl,6.70,0.1602
v1|278231686711|0,"Polygon Window – Quoth. 12"" 33 1/3RPM EP. Vinyl Record Album. Clear.",40.00,0.1599
v1|307103045234|0,Madonna 45RPM “Material Girl” 1985 80s Dance Synth-Pop 7” Vinyl PS NM,2.99,0.1599
v1|267743887540|0,The Kinks – Present Schoolboys In Disgrace LP - '80 reissue - EX/EX,9.00,0.1599
v1|336722297883|0,"LP ALFONSO Y SU 8 A POTENCIA FUENTES LBL, SALSA, CUMBIA, SON MINT-",24.95,0.1598
v1|178374890184|0,Phoebe Snow – Never Letting Go - 1st press (1977) JC-34875 WHITE LABEL PROMO,1.00,0.1596
v1|336722307335|0,"LP FRUKO El Cocinero Mayor ‎- Latin, Salsa, Guaguancó Joe Arroyo Guayacan EX",19.95,0.1596
v1|366577517747|0,ALPHONSE MOUZON Morning Sun PA-USA LP o,8.00,0.1596
v1|318670734208|0,Rance Allen Group  The Best Of The... Original Rare 1988 Stax RnB Gospel Soul Lp,1.99,0.1596
v1|236980264347|0,Pink Floyd - Animals LP - Columbia JC 34474 - VG+ Vinyl 1st Press,19.00,0.1595
v1|188728876477|0,Lana Del Rey Blue Banisters 2021 Target Exclusive Red Translucent Vinyl 2LP VG,75.00,0.1595
v1|287499610608|0,SHAUN CASSIDY - 2 Records Lot - Self Titled (w/DA DOO RON RON) & Born Late,4.99,0.1593
v1|318660974850|0,PONCHO SANCHEZ Papa Gato CONCORD JAZZ PICANTE LP o,18.50,0.1593
v1|257651579571|0,"MADONNA Open Your Heart SIRE 12"" VG+ ",5.50,0.1593
v1|366577538322|0,HIROSHIMA Go EPIC FE-40679 LP SEALED o,8.00,0.1592
v1|128007506270|0,COUNTRY JOE AND THE FISH:Electric Music For The Mind And Body Vanguard LP VG-/G,6.00,0.1591
v1|298553840490|0,Geula Zohar Israeli Folk Dance Festival Tikva Records – T-80 LP Vinyl Records,9.99,0.1590
v1|206460638664|0,1972 The Full Spectrum Of Quadraphonic Sound Vinyl Record Album,8.54,0.1589
v1|278241166863|0,"SOUNDS! JACK MARSHALL & SHELLY MANNE, 1966 JAZZ, VG++ TO NM",15.00,0.1589
v1|117337218686|0,THREE DOG NIGHT “Sessions Presents…” Vinyl 2xLP Sessions  ARI 1004 Comp. NM/VG+,9.99,0.1588
v1|358878792922|0,"Barbara & The Uniques ""Take Me As I Am"" 70's Soul 45 Abbott mp3",9.99,0.1588
v1|407109865505|0,Vintage 1981 Rick Springfield. Working Class Dog. Vinyl Record. 1st pressing.,12.99,0.1587
v1|128007622615|0,Ken Booth - Say You / Version VG+ High Note,9.99,0.1587
v1|158129662115|0,Patterson Twins 1978 Soul/Funk 45 ~ You Give Me Someone To Love ~ Promo ~ Hear,10.50,0.1587
v1|318668682995|0,Lee Greenwood – Somebody's Gonna Love You - US LP 1983,4.99,0.1586
v1|336722100671|0,LP Gladys Knight & The Pips  Feelin' Bluesy STML 11080 OG SOUL LBL MINT-,14.95,0.1585
v1|307104492396|0,The Old Crusty Minstrels Homer & Jethro vinyl  Mono LPM-3462 Jack Davis artwork,3.00,0.1585
v1|398243376561|0,The Seeds Crescendo GNPS 2023 VG+ Plays EXC,25.00,0.1584
v1|278247900109|0,"Waylon and Company 12"" Vinyl Record",11.99,0.1582
v1|298554460122|0,Leroy Holmes FOR A FEW MORE DOLLARS and other motion picture themes LP Album,4.99,0.1582
v1|198547964187|0,MAMAS & THE PAPAS• IF YOU CAN BELIEVE•Original BANNED TOILET COVER Withdrawn OG!,99.99,0.1582
v1|298553761437|0,Cheech and Chong 1971 Self-Titled Vinyl LP Record,4.95,0.1579
v1|128007973609|0,IAN HUNTER (1975 LP) Self-Titled CBS PC-33480 Mott The Hoople Vinyl VG,3.00,0.1579
v1|318661008410|0,JIMMY RANEY Strings & Swings MUSE LP o,8.00,0.1578
v1|366581868991|0,Gino Soccio 1980s 'Try It Out' 'Closer' Vinyl Records,4.19,0.1577
v1|257652028183|0,"SHOCK Let's Get Crackin' FANTASY 12"" NM SHRINK",5.00,0.1575
v1|257658135325|0,"VANILLA ICE Ice Ice Baby SBK 12"" NM SHRINK",12.50,0.1575
v1|236986635206|0,2Pac Until the End of Time 20th Anniversary Vinyl LP 180g,30.00,0.1575
v1|137564578501|0,TAJ MAHAL The Real Thing DELTA BLUES  2LP COLUMBIA FILLMORE EAST LIVE 1A/1A/1A/B,9.99,0.1575
v1|168583985496|0,The Partners In Crime EP 2004 Big Popsicle Records POP-03 Rare DJ Spun SF house ,30.00,0.1573
v1|800440114219|0,RETURN TO FOREVER Romantic Warrior COLUMBIA LP VG+ SHRINK o,8.00,0.1572
v1|227460591465|0,SIDNEY POITIER / FRED KATZ Poitier Meets Plato 1964 VG+ VINYL LP Record USED,5.00,0.1571
v1|358885531447|0,Cannonball Adderley Quintet in Chicago Mercury MG 20449 MONO Coltrene Chambers,10.00,0.1571
v1|318661013370|0,DAVID NEWMAN Fathead ATLANTIC LP o,8.00,0.1571
v1|236980450871|0,Japanese Import ￼Rock Around the Clock BILL HALEY 78 RPM ROCK With Lyrics,35.00,0.1570
v1|168583768646|0,"The Clash Self Titled LP Vinyl Record Epic Rock Punk 1979 12"" 33 RPM EX SLEEVE",15.50,0.1570
v1|128007506302|0,OLIVIA NEWTON-JOHN:Let Me Be There MCA 389 LP 1973 VG+/G,6.00,0.1570
v1|188733662595|0,Funk Soul - The School Girls The Reason I Love Him - Express - Popcorn Oldie 60s,9.99,0.1570
v1|206462527488|0,Aretha Franklin - Spirit In The Dark LP - Atlantic 1841 Broadway Shrink,10.00,0.1568
v1|257652846865|0,Traffic When the Eagle Flies Vinyl LP Record 1974 Pressing,5.00,0.1568
v1|267743457090|0,Cut Glass - Presenting - Vinyl LP - Private Garage Rock/Soul High Point NC,6.50,0.1567
v1|178368108293|0,Atlanta Rhythm Section Champagne Jam LP 1978 Polydor EX Record And VG+ Cover ,8.00,0.1566
v1|168589169398|0,SOUL Clifford Curry That's What I Love About You Compleat 110 1983 NM PROMO,5.00,0.1566
v1|407115064340|0,Mandrill Solid Lp,6.99,0.1565
v1|336722378752|0,"Lot (28) Rap / Hip-Hop 12"" Vinyl Singles LL Cool J Ice Cube Shabba Ranks & More",40.00,0.1565
v1|298554461326|0,"Super Soul Musical ""Wonderful Wizard of OZ"" THE WIZ LP Album",4.99,0.1564
v1|257651784945|0,"NYC PEECH BOYS Don't Make Me Wait WEST END 12"" VG+ ",5.00,0.1563
v1|168584055902|0,"SIGNED JAMES GENENZ - JUNGLE ROT ‎– ""Kill On Command"" LP 2014 Blue Vinyl",49.99,0.1563
v1|188737450623|0,Converge - Petitioning The Empty Sky LP Black Vinyl - Equal Vision Records Emo ,202.50,0.1562
v1|377391632980|0,PETE SEEGER AMERICA'S BALLADEER 1973 VINYL LP OL7102 W/SHRINK,10.00,0.1561
v1|257651545249|0,"LOVE INSURANCE Front Page PANORAMA 12"" NM 1979 boogie",5.00,0.1560
v1|318661012819|0,MARY OSBOURNE Now And Then WARM SHOES LP VG+ spain o,8.00,0.1559
v1|366582175879|0,TANIA MARIA – THE REAL TANIA MARIA: WILD! - VINYL LP 1985 CONCORD PICANTE VG,5.00,0.1559
v1|117336890614|0,April Wine First Glance Capitol 11852 VG/VG,5.00,0.1559
v1|137579136060|0,"ROCK 7"" ""CHINA GIRL"" / ""BABY"" IGGY POP ( RCA VICTOR 1977 ) UK RELEASE",5.00,0.1559
v1|158148021297|0,"Portishead Dummy (Vinyl) 12"" Album",45.00,0.1558
v1|318672012704|0,"De La Soul - Me Myself And I 12"" - Tommy Boy - Rap VG+",8.00,0.1557
v1|366582457634|0,BUDDY HOLLY-LIVE-RARE LP ON CRICKET RECORDS-EARLY ROCK,9.99,0.1556
v1|287503347769|0,RARE!  I Dolci Vizi Della Casta Susanna - Italian OST Vinyl LP Soundtrack 1968,125.00,0.1556
v1|307103191348|0,ANDY CHARLES 45 BABY DON'T GO / LOVER COME BACK North Soul Rockabilly Garage VG-,9.99,0.1555
v1|227462692103|0,Skid Row - 34 Hours Gary Moore Blues Rock UK NM lp Record Irish Import,8.99,0.1555
v1|257651996693|0,"SADE By Your Side EPIC 12"" VG++ PROMO 2000",6.50,0.1553
v1|158150236782|0,"Ice Cube ""Lethal Injection"" Rap Hip Hop LP Priority OG",18.50,0.1552
v1|318668870073|0,"Rod Stewart vinyl lot 12"" SINGLES used VG INFATUATION, PASSION, CRAZY ABOUT HER",19.99,0.1551
v1|158129662164|0,Lee Charles 1969 Soul 45 on Bamboo ~ You Can’t Get Away ~ Promo ~ Hear,9.99,0.1550
v1|257650073509|0,Rolling Stones – VOODOO LOUNGE Virgin – V 2750 Original 1994 Pressing,120.00,0.1548
v1|206458723337|0,JOHN LEE HOOKER SIMPLY THE TRUTH BLUESWAY BLS-6023 GATEFOLD LP,17.99,0.1548
v1|168584224987|0,311 LIVE 2 x Vinyl Record LP FYE EXCLUSIVE YELLOW VINYL RARE SOLD OUT 2018 VG+,224.99,0.1548
v1|800440186544|0,JOHNNY HAMMOND Gambler's Life SALVATION LP NM o,10.50,0.1546
v1|298485217126|0,Pink Floyd WISH YOU WERE HERE  1LP FIRST U.S. Vinyl Pressing in Blue Shrink Wrap,37.69,0.1545
v1|257651914097|0,"RED ANT Waiting For A Miracle RED ANT RECORDS 12"" UK 1996 house acid",5.00,0.1545
v1|358879005259|0,"Rhetta Hughes ""You're Doing It..."" Crossover Soul Funk 45 Tetragrammaton mp3",9.99,0.1544
v1|257651509351|0,"LISEE With Every Goodbye You Learn RIGHT AREA 12"" VG++ freestyle 1991",5.00,0.1544
v1|188734733644|0,RON DAVIES - U.F.O. Vinyl LP RECORD Gatefold 1973 ALBUM SP 4400 NM,9.77,0.1544
v1|336722401122|0,The Cars - S/T -1978 Synth Pop Rock Elektra 6E-135 Sleeve VG,6.50,0.1541
v1|257658052704|0,"THIRD WORLD Now That We Found Love ISLAND 12"" VG++",5.00,0.1541
v1|257657971615|0,Queensryche Rage For Order LP Record ST-17197,26.00,0.1541
v1|318661027872|0,DIZZY GILLESPIE The Real Thing PERCEPTION LP VG+ textured cover o,26.00,0.1540
v1|298553775092|0,CCR Creedence Clearwater Revival Mardi Gras 1972 First Pressing  LP,14.95,0.1539
v1|398251078516|0,KITARO Tunhuang GRAMAVISION Dope! | Deep Cosmic | Synth | Disco | LP HEAR,9.99,0.1538
v1|287499612327|0,Jorge Villarman / Mi Amigo Miguelito. 1985 original first press LP. Merengue,14.99,0.1538
v1|336722166296|0,Bands That Could Be God: The CONFLICT Compilation 1984 LP,10.00,0.1538
v1|366583606652|0,"Dr. Dre ""The Chronic"" Rap Hip Hop 2xLP Death Row Reissue w/ Insert",15.50,0.1538
v1|298554462653|0,"McDonald's $1,000,000 Menu Song 1989 Flexi-disc 5 1/2"" 33RPM Single sided Promo",2.95,0.1538
v1|366577533079|0,JOHN HANDY Excursion In Blue QUARTET LP VG+ SHRINK o,8.00,0.1537
v1|377391682248|0,"BOBBY WADE Blind Over You DELUXE Ohio Soul 7"" Promo 45 RPM RECORD Vinyl USED",5.00,0.1537
v1|318664077256|0,Michael Jackson - Dangerous 2xLP - Epic OG Press VG+ Shrink,200.00,0.1536
v1|158150192307|0,"Five Deez ""Koolmotor"" Indie Rap 2xLP Counterflow",7.99,0.1536
v1|198543105324|0,"DA KING & I - TEARS (REMIX) - Vinyl 12"" Single 1993 Rowdy - Original US Promo!",7.98,0.1535
v1|278249560821|0,Wilhelm Furtwangler Beethoven Ninth Symphony Vinyl LP VG/NM,1.00,0.1534
v1|298554572516|0,"1986-LEVERT , ""FASCINATION"", 12""  ATLANTIC MAXI  PROMO SINGLE , R&B SOUL",0.99,0.1534
v1|257651653792|0,"MECO Ewok Celebration ARISTA 12"" VG++ SHRINK",5.00,0.1533
v1|377390077377|0,C'mon Let's Live A Little LP Near Mint 1966 1st Press V/A Soundtrack Bobby Vee,9.99,0.1533
v1|257651826641|0,"PETE ROCK & C.L. SMOOTH The Reminisce Over You ELEKTRA 12"" VG+/VG++ GERMANY",20.50,0.1533
v1|267745931447|0,Saxon S/T 1980 Japan Promo NM Vinyl,24.95,0.1533
v1|147480742667|0,"Fleetwood Mac Penguin Vinyl LP 33 RPM Reprise Records Classic Rock 12""",4.06,0.1532
v1|318661013670|0,GERRY MULLIGAN '63 - The Concert Jazz Band VERVE LP VG+ germany o,8.00,0.1531
v1|267745823733|0,1969 ELVIS IN PERSON INTERNATIONAL HOTEL LAS VEGAS LSP-6020 2 RECORD SET,5.95,0.1531
v1|178368114910|0,THE RUMOUR LP Frogs sprouts clogs and krauts 1978 Arista VG +RECORD AND EX COV.,3.00,0.1531
v1|257657683636|0,"GLORIA ESTEFAN Live For Loving You 12"" Single EPIC 1991 49 73971",4.95,0.1531
v1|206446403301|0,ZAPPA / MOTHERS The Grand Wazoo 1972 Bizarre Jazz Fusion LP EX/VG++ Play Tested,19.00,0.1530
v1|336722562654|0,"Lou Gramm - Ready Or Not, 1987 LP, Rock, Pop Rock, Club Edition, Foreigner.",9.99,0.1530
v1|257652106871|0,"SUBLIMINAL AURRA It Puts Me In The Mood FOURTH FLOOR 12"" VG++ ambient house '90",5.00,0.1530
v1|358875605700|0,"Miracle-Level-White by Deerhoof (Record, 2023) white colored vinyl rare ",9.99,0.1530
v1|257651753470|0,"NENA 99 Luftballons (99 Red Balloons) EPIC 12"" NM ",10.50,0.1529
v1|336723702594|0,LP Marcos Caminero & Sui Generis ‎Por Que Se Me Fue La Mayimba! EX,14.95,0.1529
v1|287499598797|0,"The Sugarhill Gang – Sugar Hill Groove –1979 Sugar Hill–SH 548 12"" Vinyl Record",6.99,0.1528
v1|257658055260|0,"THURSDAY CLUB Thunderdome KRAM 12"" VG++",5.00,0.1527
v1|318664077315|0,Silk - Smooth As Silk LP - Prelude VG+ PROMO,17.40,0.1527
v1|188734726383|0,DISCO Lot Of 2 S.O.S. BAND - TAKE YOUR TIME / SHARON BROWN - SPECIALIZE LOVE NM,11.88,0.1526
v1|198542450049|0,28 Timed Sound Effects LP ,6.99,0.1526
v1|287499649222|0,"INNER WAVE ""UNDERWATER PIPE DREAMS"" NEW & SEALED URBAN OUTFIT pink? green? VINYL",19.99,0.1524
v1|267745888319|0,Kris Kristofferson Jesus Was a Capricorn Vinyl LP Monument 1972 Stereo KZ 31909,2.00,0.1523
v1|257651938421|0,"RITA MARLEY One Draw SHANACHIE 12"" VG+ reggae",5.00,0.1523
v1|137570239401|0,Truth Now This Is Christmas lp In Shrink Roger Breland + Bonus,7.99,0.1523
v1|188714873358|0,Star Wars The Empire Strikes Back Vinyl Record 1983,3.25,0.1523
v1|158147373582|0,"Rare US ORG Vinyl Training Day Soundtrack 12"" 33rpm LP Gang Starr Dr Dre Dj Quik",9.99,0.1523
v1|257652064738|0,"SNOOP DOGG Beautiful PRIORITY 12"" NM ",7.50,0.1522
v1|198542889070|0,Fitzroy Williams Lucifer reggae calypso Compas Trinidad Tobago late 70s VG+,10.00,0.1522
v1|358884242057|0,CORAL RECORDS - TERESA BREWER - LET ME GO LOVER & THE MOON IS ON FIRE 45 RECORD,4.99,0.1522
v1|257651999731|0,"SAHARA Love So Fine ELITE 12"" VG+ electro boogie UK press HEAR",28.98,0.1522
v1|327292853261|0,Texas  Texas  Original Rare 1973 Bell Records Folk Southern Rock Lp,1.99,0.1521
v1|398250125155|0,The Cars Self Titled 1978 Elektra records 6E-135 LP DEAD WAX Sterling Vinyl EX,15.00,0.1520
v1|257651832048|0,"PHILLY GUMBO (No Such Thing As A) Holy War GUMBO 12"" VG+ SHRINK",5.00,0.1520
v1|336722403284|0,Twisted Sister – Stay Hungry LP 1984 US SRC Atlantic 80156-1,8.50,0.1520
v1|227460601291|0,"J.C. DAVIS Coconut Brown / Buttered Popcorn NEW DAWN 7"" 45 RPM RECORD Vinyl USED",89.99,0.1519
v1|358871809611|0,Andy Williams - House Of Bamboo THIS CITY IS OURS BBC 7'',7.99,0.1517
v1|307096457128|0,BILL WITHERS  Menagerie (original 1977(,19.00,0.1517
v1|257651948230|0,"ROB BASE & EZ ROCK Joy & Pain PROFILE 12"" NM SHRINK",5.00,0.1517
v1|206457726614|0,J.D. Puma Lewis - Shake It Make It Loose LP - Metrovynil Germany OG Press,26.00,0.1514
v1|287499655034|0,"Bonny Cepeda - De Ahi, Ahi. Original LP 1983",19.99,0.1513
v1|236980245410|0,The Beatles - Abbey Road -VG/VG 1969 Pop Rock Apple SO-383 1ST US,13.50,0.1512
v1|206460561999|0,Steely Dan - Can't Buy A Thrill.  Original 1972 ABC Records ABCX-758. Very nice,25.00,0.1512
v1|407111270282|0,George Thorogood/Destroyers Maverick Lp,6.99,0.1512
v1|377389408402|0,"Jefferson Starship – Dragon Fly - 1974 12"" Vinyl Record LP - Hollywood BFL1-0717",3.99,0.1512
v1|257659003955|0,Otis Redding - Soul as Sung by Otis Redding LP 1964 Ludget Soul Stereo 33 RPM,8.00,0.1512
v1|407111293881|0,Alice Cooper Lace & Whiskey Lp,9.99,0.1511
v1|298554709609|0,Planes Trains and Automobiles soundtrack Vinyl DJ COPY NEVER PLAYED NM RARE GEM ,39.00,0.1511
v1|318670034278|0,CLASSIC ROCK LP RECORD PINK FLOYD THE DARK SIDE OF THE MOON 70s HARVEST VG NICE,13.50,0.1510
v1|128007720450|0,MAN OF LAMANCHA:Original Cast Recording Kapp KRS-5505 LP 1965 VG-/VG-,6.00,0.1510
v1|128007719839|0,KENNY ROGERS:Kenny United LOO-979 LP 1979 VG/VG,1.00,0.1510
v1|267745753315|0,Rare Blues: J.B. Lenoir : Natural Man 1970 Chess Records  VG+,10.99,0.1505
v1|318657006859|0,"7” Danny And The Dreamers, Teardrop Label -Ask The Lonely/Think Nothing About It",650.00,0.1504
v1|128007720575|0,GIGI:Original Score Sutton SSU 201 LP 1958 G+/G,4.00,0.1504
v1|366581719686|0,"The Beatles - Let It Be (1970, Apple AR34001) | Phil & Ronnie Mastering",6.95,0.1502
v1|257649915163|0,Jean Jacques Perrey - Moog Indigo VANGUARD VSD-6549 XSV 148846 ORIGINAL 1970,120.00,0.1500
v1|188736695704|0,"PETER ,PAUL AND MARY - (1962) IST LP VINYL ALBUM - WB RECORDS W 1449 Mono",3.99,0.1500
v1|307103234769|0,Les Baxter's Jungle Jazz Capitol Records Jazz Stereo High-Fidelity Vinyl LP,23.95,0.1500
v1|407117470390|0,"Lethal ""Get High"" Indie Rap G-Funk 12"" Smugglin' HEAR",7.99,0.1499
v1|278249585512|0,Shalamar The Look Vinyl LP Record VG/NM,1.00,0.1498
v1|257651804566|0,"Orbital – Halcyon RARE 12"" FFRR – 162-350 009-1",100.00,0.1498
v1|358875606303|0,"Reason to Live (Baby Blue Vinyl) Barlow, Lou sebadoh dinosaur jr colored viny",9.99,0.1498
v1|178367512079|0,LP Mendelssohn Violin Concerto & Other Favorites Plymouth P12-78 Viennese Symph,10.00,0.1497
v1|117338321213|0,Dennis Brown I Was Lonely 7” 45 RPM (Funny Disc) VG+!,9.99,0.1497
v1|336722376620|0,"Lot (50) Rock / Pop 12"" Vinyl Singles;  Prince Madonna Pet Shop Boys Bangles",31.00,0.1497
v1|257651550952|0,"M.C. FOSTY & LOVIN' C Radio Activity Rapp RAPPERS RAPP DISCO CO 12"" VG++ 1984",5.00,0.1497
v1|336722424943|0,Foreigner Agent Provocateur Vintage Vinyl LP 1984 Atlantic Record 81999-1-E VG+,4.99,0.1497
v1|267745965044|0,"1971 Ricky Nelson 2 Records Set 12"" Vinyl   UAS-9960",6.95,0.1496
v1|318672012652|0,Biz Markie - Make The Music With Your Mouth Biz EP - Prism OG Press,22.50,0.1495
v1|318672695560|0,Nazz - Nazz Nazz - 1969 Original SGC SD 5002 - Red Vinyl Edition Todd Rundgren,40.00,0.1495
v1|128003976691|0,Paul McCartney – Twin Freaks 2×LP 2005 Parlophone 3113001 MINT Vinyl VG Gatefold,199.99,0.1495
v1|267740816615|0,"The Kinks – PROMO BUNDLE - Low Budget Lp & 12"" Superman Single - Play Near Mint",10.00,0.1494
v1|206457726669|0,Prince - 1999 2xLP - Warner Bros. Shrink,15.00,0.1492
v1|137568150807|0,"HAROLD ,ELVIN AND THE BLUENOTES -  If You Don't Know Me By Now /Let Me Into Your",6.75,0.1491
v1|358878903174|0,"Freddie North ""Oh Lord, What Are You Doing To Me"" Crossover Soul 45 A-Bet Promo",27.00,0.1491
v1|278249585507|0,Gustav Holst The Planets Vinyl LP Record VG/NM,5.00,0.1490
v1|358879056509|0,"True Movement ""Depression"" 70s Soul Funk/Sweet Soul 45 Miystic Insight mp3",9.99,0.1490
v1|257652043326|0,"SIMPLE MINDS Don't You Forget About Me A&M 12"" NM SHRINK translucent green QUIEX",12.50,0.1490
v1|206460777307|0,Aerosmith Self Titled Vinyl LP Album Dream On Columbia JC 32005 1973 Reissue,8.00,0.1489
v1|198543105762|0,"DANGEROUS DAME - I CALL YOUR NAME - Vinyl 12"" Single 1989 US Bay Area Hip Hop!",7.98,0.1489
v1|158147569745|0,lot of 3 sonny james records,6.00,0.1489
v1|257651773248|0,"NSYNC Girlfriend JIVE 12"" NM ",5.00,0.1488
v1|366577527395|0,DON FRIEDMAN TRIO A Day In The City RIVERSIDE OJC-1775 LP VG+ SHRINK o,29.00,0.1488
v1|168583664276|0,The Association Greatest Hits Vinyl LP Record 1968 VG+/EX ULTRASONIC CLEANED,14.99,0.1487
v1|336722316984|0,EMERSON LAKE PALMER Brain Salad Surgery 1973 1st PRESS NM- **POSTER**  Ultra/VPI,27.50,0.1487
v1|267746449050|0,Lookin For Love Johnny Lee Vinyl Record LP,5.00,0.1486
v1|358878987400|0,"Penny Carter ""He Can't Hurt Me No More"" Northern Soul 45 Verve Promo mp3",9.99,0.1486
v1|287499528487|0,John Mayall Blues Breakers Eric Clapton Vinyl LP 1966 US 1st London Mono LL3492,29.99,0.1486
v1|257651574766|0,"MADONNA Human Nature MAVERICK 12"" VG++ PROMO wlp",5.00,0.1486
v1|236980398501|0,"Orpheus Vinyl LP MGM, Stereo, Album",8.00,0.1485
v1|227459351305|0,Soft Cell Torch 45 RPM 7 inch record vinyl New Wave Dance RARE,8.99,0.1484
v1|158154886212|0,FUNK Curtis Mayfield Superfly Curtom 1978 1972 NM PROMO PICTURE SLEEVE,5.00,0.1484
v1|158129662160|0,Joe Haywood 1968 Soul 45 on Kent ~ (Play Me) A Cornbread Song ~ Promo ~ Hear,9.99,0.1484
v1|257658104794|0,"T-SKI VALLEY/GRAND GROOVE BUNCH Catch The Beat GRAND GROOVE 12"" VG+ rap '82 HEAR",5.00,0.1483
v1|257651721789|0,"MOS DEF Ms. Fat Booty RAWKUS 12"" VG+ ",5.00,0.1483
v1|407102899296|0,BOB MARLEY and THE WAILERS Survival  ROOTS REGGAE  ISLAND STERLING SHRINK HYPE,9.99,0.1483
v1|198542697641|0,Champion Duck Calls How to Call Ducks/Light Ducks 33RPM Vinyl Pat Peacock,9.99,0.1483
v1|227459497238|0,THE POLICE Japan 1979 AMP-6065 NM LP+Obi REGATTA DE BLANC,29.99,0.1483
v1|377389408374|0,Mystic Moods - Stormy Weekend - 1975  Vinyl Record LP - Still In Shrink,6.99,0.1483
v1|257657518636|0,"Black Sheep - The Choice Is Yours "" Vinyl Record 12""",7.99,0.1480
v1|336722152663|0,LP Dimension Latina Tremenda Dimension  Salsa Velvet LBL G.F COVER EX,22.95,0.1479
v1|227462486714|0,"Celia Cruz – Bravo / Tico Records / Salsa ,Rumba  / VG+ LP",25.90,0.1479
v1|358879051082|0,"The Turn-A-Rounds ""Can't Take No More"" Northern/Sweet Soul 45 Minit Promo mp3",12.84,0.1478
v1|318660980050|0,KENNY RICE & RICHARD MARTIN QUARTET Recorded Live VR-7933-02 LP autographed o,8.50,0.1478
v1|398243915831|0,"LINDA CLIFFORD~Lonely Night~Repossessed + 2 others~12"" vinyl RSO Promo~1979.",2.50,0.1478
v1|257652066243|0,"SNOOP DOGG Lay Low PRIORITY 12"" NM",5.00,0.1477
v1|336722401718|0,"CONNIE FRANCIS, MIS GRANDES CANCIONES—LP SPAIN 1964, RARE",24.99,0.1476
v1|257662721358|0,Do It Now 20 Giant Hits Vinyl LP Beatles Hendrix Joplin 1970 & super Groups!,4.00,0.1475
v1|168584176346|0,THREE DOG NIGHT Cyan LP VINYL textured cover DSX-50158,1.00,0.1475
v1|377382534706|0,NRBQ: All Hopped Up     (LP in Shrink),23.00,0.1474
v1|257651651257|0,"MCFADDEN & WHITEHEAD Aint No Stoppin' (Phillies/Eagles Versions) PI 12"" NM",5.00,0.1474
v1|318661026543|0,ASTRUD GILBERTO The Astrud Gilberto Album VERVE LP o,15.50,0.1474
v1|336722402932|0,Fastway - Trick or Treat Movie Soundtrack    in Shrink w/ Hype 1986,46.34,0.1473
v1|407115904970|0,"Barry Manilow Even Now LP 12"" Black Vinyl 33 RPM Arista Cardboard Sleeve",4.00,0.1471
v1|236980252241|0,Rock Jazz  LP Steely Dan - Gaucho * 1980 MCA 6102 w/Inner VG+/VG+,9.46,0.1471
v1|358879051395|0,"The U-F-O's ""Too Hot To Hold"" Funk Breaks/Sweet Soul 45 Rising-Soul mp3",9.99,0.1470
v1|188734263605|0,Airplane! - Soundtrack OST Elmer Bernstein RSD '24 LP Red Vinyl(like New/played),22.50,0.1470
v1|366577531275|0,LIONEL HAMPTON Jam Session In Paris EMARCY LP mono o,8.00,0.1469
v1|128007506258|0,NEIL DIAMOND:Moods MCA 93136 LP 1972 VG-/VG-,6.00,0.1468
v1|137586488325|0,"1983 Mary Jane Girls / Bobby Nunn – Candy Man / Sexy Sassy 12"" Vinyl Record",5.00,0.1468
v1|257652902555|0,"The Miracles, Come On Do The Jerk/Baby Don’t You Go",2.22,0.1468
v1|158129662158|0,Dave Richardson 1988 Soul 45 on Stardom ~ Mardi Gras Party ~ Hear,9.99,0.1468
v1|307102675085|0,MADONNA Jukebox + Picture Disc UK Lot,9.99,0.1468
v1|128001021198|0,AFI - Crash Love Vinyl 2009 Pressing  - OOP Rare Record Davey Havok,319.99,0.1468
v1|188726497752|0,Obscure TX Honky Tonk 45 STEVE DOUGLAS Dark Barrooms / If You Hurt Me DEMON hear,5.00,0.1468
v1|366581655061|0,"Quincy Punx, Get The Humans, 1993, Recess Records, Punk, FYP",30.00,0.1468
v1|158154918421|0,HARD ROCK Rainbow Can't Happen Here Polydor 1981 NM PIC SLEEVE IMPORT,5.00,0.1467
v1|278208735233|0,Gism Japanese Punk Lot #8 Crow Amebix Burning Spirits Confuse Spazz Doom Slayer,10.50,0.1467
v1|128007720729|0,"THE 5TH DIMENSION:Living Together, Growing Together Bell 1116 LP 1973 VG/VG",6.00,0.1467
v1|168584148191|0,PHISH A PICTURE OF NECTAR Vinyl 2x LP JEMP 2014 DELUXE LIMITED EDITION HYPE OG,79.99,0.1465
v1|336722303308|0,LP Fajardo Vs Sensación Adria LBL Mambo Son Cha Cha Cuban M-,14.95,0.1465
v1|287499323043|0,KOKO TAYLOR The Earthshaker ALLIGATOR LP VG+ a,8.00,0.1464
v1|178368188092|0,"Columbia LP Record, Norman Luboff, But Beautiful, VG ",1.00,0.1464
v1|147478837355|0,Black Sabbath Paranoid Vinyl In VG Condition All Original 1971 Olive Green Label,35.00,0.1464
v1|257651916906|0,"REESE Rock To The Beat KMS 12"" 1989 house ",5.00,0.1464
v1|800440110937|0,CHARLIE ROUSE The Upper Manhattan Jazz Society ENJA LP VG++ SHRINK o,8.00,0.1463
v1|278240998979|0,PREWAR HILLBILLY 78 • Kessinger Brothers • Brunswick 256 • Devil’s Dream • E-,14.99,0.1462
v1|257652047526|0,"SLEEPY BROWN IFEAT. OUTKAST I Can't Wait INTERSCOPE 12"" VG++",5.00,0.1461
v1|158154952339|0,R&B Gene Chandler Its No Good For Me Constellation 104 1963 VG+ PROMO,5.00,0.1461
v1|336722419527|0,Def Leppard ~ Pyromania ~ Mercury 422-810 308-1 M-1 1983 Viny LP Record VG+,11.50,0.1461
v1|236980306904|0,The Demons “Self-Titled” LP/Mercury SRM-1-1164   1977 VG+/VG,5.50,0.1460
v1|358879010698|0,"Roy Hamilton ""You Can Count On Me"" Northern Soul 45 MGM mp3",13.46,0.1460
v1|158150322832|0,"Kool Keith ""Sex Style"" Rap Hip Hop 2xLP Threshold RE Promo Splatter Wax SEALED",20.50,0.1458
v1|128007720403|0,THE STING:OST MCA 390 LP 1973 VG-/VG,6.00,0.1458
v1|128007082702|0,Jim Dorris -Behold His Hands- Gospel LP on Nu-Song - Hear,9.99,0.1458
v1|318668831171|0,Waylon Jennings – What Goes Around Comes Around - US LP 1979,4.99,0.1457
v1|178368108087|0,Loverboy Self Titled Columbia   LP EX Record And VG Cover. ,6.00,0.1457
v1|158154952333|0,ROCK The Mashers The Mash / Let's Do The Mash Hamilton 50038 1963 VG+,5.00,0.1456
v1|800443916382|0,"Romeo Jetson - Jungle Love 12"" - HGEI - Electro Funk VG+ HEAR",41.00,0.1455
v1|366573885935|0,P. Humeniuk - Why Don't You Dance Hail - SURMA 148 E+,19.99,0.1455
v1|800440161642|0,BILL EVANS The Paris Concert - Edition One ELEKTRA/MUSICIAN LP wlp o,12.50,0.1454
v1|358792295725|0,Victor 38051  McKinney's Cotton Pickers DO SOMETHING  1929 hot  JAZZ 78rpm E/ E+,24.99,0.1453
v1|398250800387|0,EDDIE EASTON LP Premier Sax Man Reno Records 101 Shrink EX/NM Easy Jazz,9.99,0.1452
v1|257651671011|0,"METHOD MAN Judgement Day DEF JAM 12"" VG+ ",5.00,0.1452
v1|366577530272|0,STEVE GROSSMAN Love Is The Thing RED LP VG++/VG+ italy o,8.00,0.1452
v1|800462437905|0,80's ROCK LP Lot Of 40-Various Artist-INDIE/ALTERNATIVE/NEW WAVE/AOR /SYNTH POP,119.99,0.1451
v1|158147099067|0,Dave Grusin - Out of the Shadows - 1982 Arista GRP-5510 LP Vinyl Record,2.99,0.1451
v1|336722320085|0,VAN HALEN Women/Children First 1980 1st PRESS Club NM BEAUTY!!! Ultrasonic/VPI,27.50,0.1451
v1|398251103954|0,The Dark-Darkworld Artsy Annoyance/Boring Vinyl LP Record-Ric Ocasek Produced,5.19,0.1451
v1|188733356984|0,Laura Nyro LP – Eli And The Thirteenth Confession ~ Lyric Insert~Columbia CS9626,12.99,0.1450
v1|168589145930|0,PRIVATE MN COUNTRY ROCK TC4 Partner In Crime 38959 1981 VG+,10.00,0.1450
v1|158150211861|0,"Ghostface Killah ""Bulletproof Wallets"" Rap Hip Hop 2xLP Epic/Get On Down Reissue",7.99,0.1450
v1|407115396194|0,(Hear) 1965 Joe Hinton Soul M- 45 (Everything / Darling Come Talk to Me),5.99,0.1449
v1|278241411699|0,The Eagles Self Titled Debut ~Vinyl LP Asylum SD-5054 COVER & VINYL ARE VG+,10.00,0.1449
v1|168584315360|0,Tears for Fears -Everybody Wants to Rule the World/Pharaohs 45 RPM Record,3.99,0.1449
v1|267743964276|0,It's A Beautiful Day - S/T LP - RE - VG/VG,5.00,0.1449
v1|358878813199|0,"Bobby Joy ""You Sweet Devil You"" Northern Soul 45 Sentry mp3",9.99,0.1448
v1|407115316029|0,"Madness Madness 12"" Black Vinyl LP Geffen Records GHS 4003 Original Inner",8.00,0.1448
v1|800443916354|0,Parliament - Funkentelechy Vs The Placebo Syndrome LP - Casablanca OG VG+ Shrink,32.00,0.1448
v1|307099889436|0,War Deliver The Word LP Album First Press 1973 Vinyl 33 RPM Cutout Cover,9.99,0.1448
v1|168589169396|0,Hal Iverson Trio ‎You'll Be Praising Dixie Emerald 2012 1956 VG JAZZ,5.00,0.1447
v1|336722041299|0,KISS SELF TITLED LP RECORD NBLP-7001 Coloured  Limited Edition Like New L@@K,39.00,0.1447
v1|147483372931|0,80s NEW WAVE VINYL LOT ARCADIA & EURYTHMICS,15.00,0.1447
v1|257657714005|0,COLOSSEUM - THOSE WHO ARE ABOUT TO DIE SALUTE YOU (original US Dunhill label),3.63,0.1447
v1|168581131081|0,"BOYZ II MEN~""ON BENDED KNEE""~Orig. 1994~FUNK~R&B~ELECTRO~~7'' 45rpm~MOTOWN~M-",0.99,0.1446
v1|287494966880|0,NATURE'S DIVINE IN THE BEGINNING  R&B SOUL 12' LP 33RPM VG+,6.00,0.1446
v1|128007706926|0,"Willie Nelson: City of New Orleans, Columbia FC-39145, 1984, EX",1.99,0.1446
v1|206460554955|0,EARTHA KITT My Heart Belongs To Daddy VICTOR JAPAN JAZZ VOCAL 78 E-  w/ SLEEVE,12.00,0.1445
v1|257657348485|0,"Jackson 5 w/Mick Jagger State of Shock 1984 12"" Vinyl Cover VG+/Vinyl EX",4.44,0.1444
v1|318668587025|0,Gary Lewis & The Playboys – New Directions - US LP 1967,4.99,0.1444
v1|366583345188|0,"THE. WHOLE DARN FAMILY  ""  SEVEN MINUTES OF FUNK "" ORIG    12""  ",40.00,0.1444
v1|327292217047|0,Queen PROMO 45 RPM 7 inch record vinyl Freddie Mercury Brian May RARE,29.99,0.1442
v1|358851055269|0,Weezer - Pinkerton - Vinyl Record LP Alternative 2002 Pressing Rivers Cuomo,19.99,0.1441
v1|336733365162|0,Lot of 82 VERY RARE Vinyl 45 Records VG+ In Sleeves w/ All Genres Odd Labels L7,159.00,0.1441
v1|257651989659|0,"S.O.S. BAND High Hopes TABU 12"" VG+ boogie funk HEAR",5.00,0.1440
v1|800451887901|0,The Force Scholastic Magazine Promotional Album Wb Records Pro 611 Vinyl,4.95,0.1440
v1|178370573193|0,Misfits Legacy of Brutality Rock LP 1985 pressing Plan 9 PL9-06 Samhain Danzig,39.99,0.1437
v1|117341316565|0,Chick Corea The Leprechaun Album Vinyl LP Record EX+/EX+ PD-6062,9.99,0.1436
v1|158147317114|0,RARE LP VINYL ALBUM:  Alice Cooper Quiet Room (FH) Hard To Find--TESTED,35.00,0.1436
v1|407115054601|0,The Outsiders Time Won't Let Me Lp,8.99,0.1436
v1|236980065306|0,Jennifer Warnes Famous Blue Raincoat LP 1986 Speciality Press Cypress 661111-1,40.00,0.1436
v1|178367979717|0,"Columbia LP Record, Issac Stern,None But The Only Heart, VG ",1.00,0.1435
v1|168586072119|0,Lowell George Thanks I'll Eat It Here Vinyl LP 1979 VG+/EX ULTRASONIC CLEANED,7.99,0.1433
v1|168583788572|0,The Dramatics- Best O Dramatics-Original 1974 Volt Records First Compilation-VG+,8.00,0.1433
v1|318669197717|0,Dave Brubeck - Early Fantasies Vinyl 1980 80-5547 Box Set 3 LP Mono Excellent,4.20,0.1433
v1|178368014461|0,JOE TEX Old Time Lover/I'd Rather Have You NORTHERN SOUL,32.50,0.1432
v1|327292540186|0,Robin Trower ‎– Back It Up Japan LP OBI VINYL Chrysalis ‎– WWS-81615 PROMO-Mint!,34.99,0.1431
v1|206461185042|0,"EPMD | Redman | Head Banger | Vinyl Rap Record | Hip Hop 12"" single",6.00,0.1430
v1|366583723469|0,"J-Force ""Bull's Eye"" Indie Rap 12"" J-Force Entertainment Promo HEAR",26.00,0.1430
v1|336723618605|0,TED NUGENT Cat Scratch Fever EPIC LP VG+ holland gatefold k,0.99,0.1430
v1|236980312800|0,Fleetwood Mac Self Titled LP Vinyl 1975 Reprise Records ‎MS2225 Album VG,7.50,0.1429
v1|168589136038|0,GARAGE SOUL Bye Bye Bruce Corner Boy / I Know Too T-A 213 1971 VG+ PROMO,5.00,0.1428
v1|366577518347|0,MONTAGE Project One MONO178 LP o,9.77,0.1427
v1|318661019141|0,DON ELLIS Tears Of Joy COLUMBIA 2XLP VG+ gatefold o,13.50,0.1426
v1|800454443606|0,A Tribe Called Quest - Midnight Marauders LP - Jive,26.00,0.1426
v1|128007721142|0,THE 4 SEASONS:2nd Vault Of Golden Hits Philips PHS 600-281 LP 1966 VG/G+,6.00,0.1424
v1|267743917173|0,Taj Mahal – Happy Just To Be Like I Am LP - 1971 - VG+/VG,8.00,0.1423
v1|336722071061|0,MUSICA CAÑONERA  ANIBAL VELASQUEZ ALFREDO LINARES SONOLUX RECORDS SALSA LP HEAR ,7.77,0.1423
v1|227460591486|0,C H POINT Anim Alcrossing VIDEO GAME LP VINYL Record TRANS GREEN ALBUM M- USED,52.61,0.1423
v1|377389970354|0,How To Keep Your Husband Happy: Look Slim! Keep Trim BN-26102 Vinyl 12'' Vintage,5.00,0.1422
v1|206457726720|0,"Toto - Georgy Porgy 12"" - Columbia - Modern Soul VG+ HEAR",8.00,0.1422
v1|117336537403|0,Bill Smith -In Old Time Religion- Indiana Gospel LP - Hear,9.99,0.1421
v1|800440181109|0,ASTRUD GILBERTO The Shadow Of Your Smile VERVE LP VG+ germany o,9.50,0.1421
v1|318668262378|0,Various – Explosive Doowops Vol. 2 - 19 Dynamite Sides - US Compilation LP,4.99,0.1421
v1|257651915696|0,"REDMAN Whateva Man DEF JAM 12"" VG+ Wu Tang Clan",5.00,0.1420
v1|800454443675|0,"Cosmic Touch - Nothing Ever Changes 12"" - Serious Gold - Electro Rap VG+ HEAR",33.23,0.1420
v1|287499367573|0,KOKO TAYLOR / AN AUDIENCE WITH THE QUEEN ~ 1987 Alligator 4754 - SEALED LP,10.00,0.1420
v1|800440146194|0,SAL NISTICO Neo/Nistico BEE HIVE LP VG++/VG+ o,8.00,0.1420
v1|298553846464|0,Santana – Zebop! (1981)LP Vinyl Sleeve (EX) Columbia Record 1st Press FC 37158,9.99,0.1420
v1|117337173087|0,RARE Vintage Vinyl/LP. La Bamba. Steve Jordan/Brothers. Tejano. ARV-1001. READ!,149.99,0.1420
v1|257651997079|0,"SADE Never As Good As The First Time PORTRAIT 12"" VG++",10.50,0.1419
v1|407117479930|0,"Lost Boyz ""Legal Drug Money"" Rap Hip Hop 2xLP Universal OG",20.50,0.1419
v1|358878944764|0,LOU TOBY AND HIS HEAVIES - HEAVY STEPPIN / FUNK - FLIP IS NOVELTY,5.99,0.1418
v1|358878647265|0,It Follows LP Music By Disasterpeace 2016 Milan 36796 Purple Marble Limited VG++,14.99,0.1418
v1|158146059752|0,"James Taylor 'Handyman"" test pressing in NM condition from 1977",49.00,0.1417
v1|318668687427|0,"Andy Williams Christmas Album 12"" Black Vinyl LP Stereo CS 8887",7.99,0.1417
v1|407117451272|0,"L.L. Cool J ""BAD (Bigger And Deffer)"" Rap Hip Hop LP Def Jam Reissue",7.99,0.1417
v1|178368148133|0,Marshall Crenshaw Self-Titled Debut 1982 Press BSK-3673 M- Record And Cover ,7.00,0.1417
v1|318664077257|0,"Michael Wilson - Groove It To Your Body 12"" - Prelude - Boogie Funk VG+ HEAR",20.49,0.1416
v1|188733359566|0,"Orange Juice ""Blue Boy"" 7 Inch  Twee Indie Postcard Records ￼￼",25.00,0.1415
v1|158129667142|0,Tommy Bryant 1970 Soul 45on T-Neck ~ I Wanna Come Home To You Baby ~ Hear,9.99,0.1415
v1|800443916352|0,Parliament - Motor Booty Affair LP - Casablanca OG Press,26.00,0.1415
v1|318661026318|0,STAN GETZ QUARTET FT. ASTRUD GILBERTO Getz Au Go Go VERVE LP gatefold o,8.00,0.1415
v1|267748541489|0,TRILLION LP VINYL RECORD DEMO: not for resale 1978 DEMO!!,25.00,0.1414
v1|318664077292|0,"Purple Flash - We Can Make It 12"" - JDC - Synth Disco OG Press HEAR",8.00,0.1414
v1|318660978341|0,BUDDY RICH Blues Caravan VERVE LP mono o,8.00,0.1413
v1|178370535662|0,THE CALL blue flexi-disc vinyl record The Walls Came Down Trouser Press flexi#16,3.48,0.1412
v1|366582438697|0,INVISIBLE MANS BAND-REALLY WANNA SEE YOU-SOUL-DANCE LP ON BOARDWALK,9.99,0.1412
v1|358878663186|0,D.R.I. - Greatest Hits (Clear Vinyl),21.99,0.1412
v1|336722382393|0,"Lot (42) Electronic/House/Dance 12"" Vinyl Singles;  Massive Attack Jets & More",15.50,0.1411
v1|398243568834|0,An Audio Obstacle Course - Shure Trackability Test Record Lp W/INSERT NM TTR-101,5.00,0.1411
v1|267745854721|0,The Kinks Low Budget Vinyl LP VG+/VG+,5.00,0.1411
v1|318661039917|0,CHICO HAMILTON QUINTET With Strings Attached WARNER BROS LP o,8.00,0.1410
v1|168586050250|0,Out Of Bounds ST Vinyl,8.00,0.1410
v1|318668806898|0,"Isley Brothers vinyl lot (3) RARE USED GOOD Real Deal, Heart of Mine, Caravan",19.99,0.1410
v1|236987314023|0,1973 PINK FLOYD A NICE PAIR LP HARVEST Record SABB11257 Vinyl Uncensored Cover,25.00,0.1409
v1|158147651243|0,Joe Walsh Barnstorm Vintage Vinyl LP 1972 Dunhill Record DSX-50130,5.00,0.1409
v1|137578784638|0,"EASY LISTENING LP ""RAYMOND LEFEVRE & HIS ORCHESTRA (MAJOR MINOR 1967) UK IMPORT",6.00,0.1408
v1|358878969939|0,"Margie Joseph ""I Can't Move No Mountains"" 70's Soul 45 Atlantic mp3",57.00,0.1408
v1|168578598884|0,MIAMI DEEP SOUL MASTERPIECE - ELLA WASHINGTON - NIGHTMARE (OCTAVIA) - HEAR,59.95,0.1407
v1|236980441173|0,Alan Parsons Project  Turn of a Friendly Card~1980 Arista Records~AL-9518-EX,5.50,0.1407
v1|318664077321|0,"Stan Arrington - Beam Me Up 12"" - Phase 5 - Electro Funk VG+ PROMO HEAR",49.00,0.1407
v1|366577183936|0,The Small Faces Autumn Stone 2LP Sealed in OG shrink Itchycoo Park,9.99,0.1406
v1|178368289997|0,BEBO VALDEZ CHA CHAS Y CHARANGAS DECCA STEREO LATIN VINYL NEAR MINT!,14.99,0.1406
v1|278238330035|0,Chicago “Self Titled”Double Vinyl Lp CS-9962 COVER & VINYL ARE VG+ (Demo Album),10.00,0.1405
v1|800440171361|0,JOE FARRELL Skate Board Park XANADU LP VG+ o,8.00,0.1404
v1|188733348309|0,"Decade by Neil Young (Record, Vinyl) Three Album Set Used Mr. Cheapo Rock Niel !",6.23,0.1404
v1|227460591456|0,MICHIRU YAMANE Castlevania Bloodlines #23 LP LIQUID VINYL Record ALBUM VG+ USED,212.04,0.1402
v1|257651804309|0,"OUTKAST The Way You Move/Hey Ya ARISTA 12"" VG++ wlp PROMO",17.50,0.1402
v1|147480782014|0,Johnny Burnette Roses Are Red LP,5.00,0.1401
v1|158150250847|0,"Jagged Edge ""S/T"" R&B Hip Hop LP Columbia OG",7.99,0.1400
v1|287505458257|0,Blue Lakes Fine Arts Camp - 1975 Session III Record 2 LP Silver Crest Private NM,4.50,0.1400
v1|137579420610|0,PETE FOUNTAIN “The Blues” (1959 Stereo Vinyl LP) EX! In Shrink Wrap!,1.99,0.1400
v1|318661012703|0,EDDIE PALMIERI Lucumi Macumba Voodoo EPIC LP o,8.50,0.1398
v1|188732194558|0,Rock - The Rolling Stones Some Girls - Punk Classic Rock 70’s 2nd Original Press,9.99,0.1398
v1|137557415900|0,ALTON ELLIS Slummin' ROOTS REGGAE  LP ABRAHAM  CANADA IMP SHRINK NM,9.99,0.1398
v1|257658023764|0,"TALIB KWELI & HI TEK Move Somethin' RAWKUS 12"" VG+ ",5.00,0.1397
v1|188733386320|0,Little Joe & The Latinaires Por Un Amor Tejano Tex Mex Record LP Rare Original,34.00,0.1397
v1|366577506079|0,DON SEBESKY The Rape Of El Morro CTI LP VG++ gatefold o,8.00,0.1397
v1|800443916386|0,"Sexual Harrassment - I Need A Freak 12"" - JDC - Synth Boogie VG+ HEAR",27.00,0.1397
v1|358878964026|0,"Lennie Hibbert ""Crazy Loving"" Islands Disco Boogie Funk 45 Gay-Birds mp3",9.99,0.1396
v1|318661036146|0,JIM HALL/RED MITCHELL Self Titled ARTISTS HOUSE AH-9405 LP gatefold w/ booklet o,8.00,0.1396
v1|257651803729|0,"OUTKAST Hey Ya/The Way You Move ARISTA 12"" VG++",11.50,0.1394
v1|128007627278|0,The Willows - Watch a Whisperor / Version VG+ Duke Reid BLANK,9.99,0.1394
v1|336722399221|0,Def Leppard ~ Pyromania ~ Mercury 422-810 308-1 M-1 1983 Viny LP Record,9.50,0.1393
v1|278241030522|0,BLUES 78 • Tommy McClennan • Whiskey Head Woman • Bluebird 8373 • Great!,33.00,0.1393
v1|236979934780|0,UNCLE 22- The Man From UK WAU! Mr. Modo Recordings WHITE LABEL PROMO/Test LP ORB,10.00,0.1392
v1|128007720630|0,MICHEL LEGRAND The Windmills Of Your Mind 1969 LP on United Artists #UAS 6715,9.99,0.1392
v1|398251103956|0,BASILIO Self titled LATIN MUSIC LP 1981 Shrink Wrap Vinyl Record Karen PANAMA EX,5.39,0.1392
v1|137557375759|0,THIRD WORLD  The Story's Been Told  REGGAE LP ISLAND,9.99,0.1392
v1|800440156476|0,CHARLIE EARLAND Pleasant Afternoon MUSE LP wlp o,9.76,0.1390
v1|257651735800|0,"NAS Get Down COLUMBIA 12"" NM ",5.00,0.1390
v1|800440204405|0,BARRY HARRIS TRIO Preminado RIVERSIDE OJC-486 LP o,8.00,0.1390
v1|358878953085|0,"Ken Boothe ""Is It Because I'm Black"" Islands Soul Funk Reggae 45 Splash mp3",9.99,0.1389
v1|188734672675|0,"FUGEES (TRANZLATOR CREW) - NAPPY HEADS 12"" Vinyl 1994 RECORD Hip Hop 44 77431 NM",9.99,0.1389
v1|158147130233|0,Leo Kottke Greenhouse 1972 Vinyl LP Capitol Records Folk Rock VG,4.00,0.1388
v1|188737832849|0,"Kendrick Lamar DAMN. 12"" Black Vinyl LP 33 RPM TDE Parental Advisory",12.00,0.1387
v1|336722388741|0,BO HANSSON - Music Inspired by LORD OF THE RINGS - 1972 CHARISMA CAS-1059 - EX,8.50,0.1387
v1|198542488639|0,Gallant Men Stories Of The American Adventure LP Record Dirksen Vinyl 33 RPM,6.99,0.1386
v1|366581938173|0,"Pink Floyd The Dark Side of the Moon 12"" Black Vinyl LP Capitol Records Rock",50.00,0.1386
v1|358879009639|0,Sade Vinyl Album Promise Ex,15.00,0.1386
v1|257651772790|0,"NOVELLA SWEET BRIAR Best Shot BIG PRESS 12"" NM",5.00,0.1384
v1|236980365390|0,DIZZY GILLESPIE & ROY ELDRIDGE Diz And Roy Vinyl 2LP VG/VG+,5.55,0.1384
v1|358875364824|0,"EX+ Motley Crue - Shout At The Devil (Vinyl LP, 1983, Elektra) Gatefold w/Merch",24.99,0.1384
v1|278241647164|0,"Beatles LP Abbey Road 1969 Apple First Press Ghost Capitol, No “Her Majesty"" NM!",51.00,0.1383
v1|287503345393|0,IL Conformista / The Conformist OST Soundtrack Vinyl LP Italy - Cinevox 1971 -EX,69.00,0.1383
v1|336713859395|0,HALLELUIAH CHORUS I'VE GOT TO FIND A WAY 45 RARE SWEET SOUL FUNK Hallelujah NM,9.99,0.1383
v1|257651629633|0,"MARRS Pump Up The Volume 4TH & B'WAY 12"" NM SHRINK",5.00,0.1383
v1|377394781903|0,"RARE Autographed Bubba Littrell "" Tulsa County / As Long As I Live "" Joey 5000",9.99,0.1381
v1|137557358273|0,THIRD WORLD Journey To Addis  REGGAE LP ISLAND STERLING,9.99,0.1381
v1|178370565802|0,Patto Roll 'Em Smoke 'Em Put Another Line Out LP Vinyl Vertigo ILPS 9210,19.99,0.1381
v1|267742793093|0,Ernie K. Doe - SELF TITLED S/T  Tipitina's Record Club – TRC-0105 2021 Pressing,100.00,0.1381
v1|236980248906|0,BUZZCOCKS Singles Going Steady 1979 LP Record SP001 VG/VG,8.50,0.1381
v1|128007721619|0,Art Garfunkel:Breakaway Columbia PC-33700 LP 1975 VG-/VG,1.00,0.1381
v1|257652049331|0,"SLOWSUPREME Green Tea JAZID COLLECTIVE 12"" VG+ NORWAY 2001 house",5.00,0.1379
v1|158148713914|0,Vonda Van Dyke – New Kind Of Happiness LP 1968 WORD Gospel Folk 33 RPM,3.50,0.1378
v1|257651848672|0,"PLEASURE PUMP Fantasize Me STATE STREET 12"" ",5.00,0.1377
v1|336721977358|0,STYX Kilroy Was Here vinyl In really good condition Original Pressing,5.00,0.1376
v1|147478327589|0,PUNK VINYL LOT L7s  DEBUT ALBUM + PHOBIA RECORDS COMP,20.00,0.1374
v1|336723414801|0,Genesis Foxtrot LP - Charisma – CAS 1058 - 1972 LP - Gatefold Sleeve EX,29.99,0.1374
v1|318660973214|0,WOODY SHAW Blackstone Legacy CONTEMPORARY 2XLP gatefold o,43.00,0.1373
v1|206460331189|0,HOT TUNA First Pull Up Then Pull Down 1971 RCA Blues Rock LP VG+/EX Play Tested,12.00,0.1373
v1|128007721272|0,TO SIR WITH LOVE:OST Fontana SRF 67569 LP 1967 VG-/VG,6.00,0.1373
v1|800443916305|0,"Jefferson Ink. - Girl You Turn Me On 12"" - Houston - Boogie Vocoder OG VG+ HEAR",122.50,0.1372
v1|137579114170|0,Firehouse Five Plus Two - Goes to Sea (VG/VG) Vinyl Record LP,2.88,0.1371
v1|128007625413|0,"Dire Straits ""Making Movies"" Vintage Vinyl BSK 3480 1980 Original US Press VG+",19.99,0.1370
v1|366572976118|0,12 INCH SOUL / SANDRA TAYLOR / YOU MAKE ME FEEL LIKE A WOMAN / MELVERN / LISTEN,9.99,0.1370
v1|800440210176|0,BILLY HART Rah GRAMAVISION LP VG++ wlp w/ press release o,8.50,0.1369
v1|358878987750|0,"Play It Safe ""This Love Is Real"" Modern Soul Boogie 45 Que mp3",9.99,0.1368
v1|327296222258|0,Rita Coolidge “Safe in the Arms of Time” (2018) White Vinyl Album 2-LP Set,10.00,0.1368
v1|147483044563|0,"1990 Die Warzau – Strike To The Body 12"" Single Vinyl Record",5.00,0.1366
v1|267743886290|0,The Kinks – Kinks Kinkdom LP - 1965 - VG/VG - MONO,23.00,0.1365
v1|298554568787|0,Jefferson Airplane Bless its Pointed Little Head LIVE LP RCA LSP-4133 1968,5.00,0.1365
v1|257651780272|0,"NUYORICAN SOUL Runaway TALKIN' LOUD 2x12"" VG+ 1997",6.50,0.1365
v1|137579189099|0,"Beethoven Emperor Concerto, Glenn Gould, Stokowski, 2-Eye Columbia MINT",19.95,0.1363
v1|158150225707|0,"Group Home ""Livin' Proof"" Rap Hip Hop 2xLP Get On Down Reissue",15.00,0.1363
v1|287499640739|0,BOBBY BLAND & B.B. KING Together Again LP 1976 BLUES/FUNK/SOUL NM- NM-,14.99,0.1362
v1|227463574292|0,OLD SCHOOL Vs NEW SCHOOL-LET THE BREAKS ROLL -12” VINYL- A TRIBE CALLED QUEST,8.00,0.1360
v1|267743930666|0,The Merry-Go-Round - S/T LP - 1967 – VG/G,17.00,0.1360
v1|198542858442|0,Baba Brooks- Independence Ska/Stranger & Claudette- 7 Days(sound clip),9.99,0.1360
v1|267745756600|0,Phoebe Snow  Never Letting Go  LP Vinyl. NM/NM JC34875,1.99,0.1360
v1|377389407925|0,Mannheim Steamroller - Fresh Aire III - 1979 Vinyl LP - Gatefold die-cut AG-365,8.99,0.1359
v1|188718548886|0,"SIR MIX-A-LOT - ONE TIME'S GOT NO CASE 12"" Vinyl PROMO RECORD 0-40221 NM",9.88,0.1358
v1|278241411291|0,Kenny Loggins – Nightwatch – JC 35387- 1978 LP- EX/EX/EX -SHRINK & HYPE STICKER,5.00,0.1358
v1|188737816097|0,"Kendrick Lamar To Pimp a Butterfly 12"" Black Vinyl 2xLP Interscope Hip-Hop",4.00,0.1358
v1|278247582266|0,"Otis Redding The Dock Of The Bay 12""Vinyl Record Volt S-419",19.99,0.1357
v1|366577538607|0,BILLIE HOLIDAY Lady In Satin COLUMBIA LP mono 6-eye o,8.00,0.1356
v1|318661068383|0,ELMO HOPE FT. FRANK FOSTER Hope Meets Foster PRESTIGE OJC-1703 LP VG+ o,8.00,0.1355
v1|318661011618|0,JACO PASTORIUS Word Of Mouth WARNER BROS LP VG+ SHRINK o,8.50,0.1355
v1|336722431331|0,The Moody Blues 1968 'In Search of the Lost Chord' Vinyl LP Record VG+ UK Import,4.99,0.1354
v1|147479174099|0,Tommy Facenda High School USA/Plea of Love45 RPM Cincinnati/Florida/Indiana Rare,5.00,0.1354
v1|257658054052|0,"THREE 6 MAFIA Ridin Spinners COLUMBIA 12"" NM ",5.00,0.1354
v1|318668352408|0,Various – Apollo Acappella Audition Album - US Doo Wop/Rhythm & Blues/Soul LP,4.99,0.1354
v1|158150399094|0,"Magnificent Three & Fearless Master ""Crush"" Electro Rap 12"" C.C.L.",7.99,0.1353
v1|298553833305|0,Ian Dury & The Blockheads · New Boots & Panties · Stiff  Hype Sticker Vinyl,15.00,0.1353
v1|318672012620|0,"A.D.O.R. - Let It All Hang Out (Pete Rock Remix) 12"" - Atlantic - Rap VG+ HEAR",8.00,0.1353
v1|168584328923|0,The B-52s – Funplex - Limited US Edition 2008 180g Vinyl LP Astralwerks NM,122.00,0.1353
v1|358878878203|0,Laura Branigan Self-control Album Released In 1984 Very Good Condition,5.00,0.1353
v1|267747433594|0,BORN TO METALIZE METAL COMP LP MEGAFORCE THE BEAST HADES SNEAK ATTACK 1984,39.99,0.1353
v1|267745727185|0,The Wit of John F. Kennedy At The Press Conference Vinyl Record Album NM/EX,1.99,0.1352
v1|407117241576|0,"Eric B. & Rakim ""Don't Sweat The Technique"" Rap Hip Hop 2xLP Geffen/UMG 180g Re",18.50,0.1352
v1|257651522616|0,"LOLEATTA HOLLOWAY Catch Me On The Rebound GOLD MIND 12"" VG+",5.00,0.1352
v1|398251051796|0,DAVID NEWMAN Captain Buckles  COTILLION  Jazz | Funk | Breaks | Groove LP HEAR,9.99,0.1350
v1|128007719439|0,N/A:Feeling Good With Annie Columbia CC38362 LP 1982 G/G+,1.00,0.1349
v1|257651519480|0,"LIZ TORRES FEAT. KENNY JAMMIN JASON What You Make Me Feel UNDERGROUND 12"" VG+",5.00,0.1349
v1|318664077246|0,Mastermind - S/T LP - Prelude VG+,8.50,0.1349
v1|377389408182|0,The Doobie Brothers - What Were Once Vices Are Now Habits - Vinyl Record LP 1972,4.99,0.1349
v1|188729598664|0,Funk Soul - Thee Midniters That’s All - Whittier - Chicano Soul Doo Wop Rock ,9.99,0.1349
v1|257658051095|0,"THA SWAMI Scratch NRS 12"" VG++ electro HEAR",5.00,0.1348
v1|398245527706|0,Soul Survivors - Take Another Look LP - ATCO 1841 Broadway VG++ SHRINK,9.98,0.1348
v1|227456376417|0,Martin Denny Primitiva LP 1958 Liberty LRP 3087 Mono RCA 1st Press A1 U/S CLEAN,24.95,0.1348
v1|128007720760|0,V/A Oldies But Goodies Vol 6 1963 LP on Original Sound #OSR-LPS 8856 SHRINK,9.99,0.1348
v1|318657574265|0,Rumble In The Jungle Original 2007 Double 180g Vinyl LP Pressing DNB DJ Records,35.99,0.1348
v1|257655685337|0,"RCA VICTOR: E-Z  For Programming ""You Can't Have Too Many Hits"" Promo LP 1955",129.99,0.1347
v1|198543153427|0,"ROOTS ft. ERYKAH BADU - YOU GOT ME - Vinyl 12"" Single 1998 Original US Promo!",7.98,0.1347
v1|398242591815|0,Phil Collins -  No Jacket Required  1985.,13.99,0.1347
v1|257651752696|0,"NELLY Ride With Me UNIVERSAL 12"" VG++ ",5.00,0.1347
v1|188732867280|0,Gospel - The New Beginning - Larry Boyle Productions - Xian Gospel Pop  ,9.99,0.1347
v1|377382235298|0,Vintage Promo 78 RPM “The Baseball Expert” & “How Now Brown Cow” by Joey Adams,19.95,0.1347
v1|298554568689|0,The Kinks Give the People What They Want LP Arista AL 9567 1981,5.00,0.1346
v1|128007604375|0,ELVIS PRESLEY - The Complete Sun Sessions 2 LP Set / 1987 US Pressing RCA,8.95,0.1345
v1|358878792076|0,"Baby Washington ""It'll Never Be Over For Me"" Northern Soul 45 Sue mp3",11.50,0.1345
v1|168584146043|0,"Dan Fogelberg - Phoenix (Vinyl LP, Epic Records, FE 35634, 1979)",1.00,0.1345
v1|236980278977|0,Lynyrd Skynyrd - Street Survivors 1977 Flames Cover Rare Vinyl Record,21.50,0.1344
v1|307102500483|0,Sentimental Journey 30's 40's PRS-356 RCA Brookville Records Vinyl,4.84,0.1343
v1|128007720196|0,The Very Best Of POCO 1975 (1972-1975) 2LP on Epic #PEG 33537 GATEFOLD Rock,9.99,0.1343
v1|318668661749|0,The Dave Brubeck Quartet – Jazz Goes To College - US LP 1954,4.99,0.1343
v1|227459441446|0,Lot Of 28 Disco 12” Singles Various Artists Vinyl Records,56.00,0.1343
v1|318661026385|0,STAN GETZ & JOAO GILBERTO Getz/Gilberto VERVE LP mono gatefold o,19.00,0.1342
v1|800440180973|0,STAN GETZ & JOAO GILBERTO Getz/Gilberto #2 VERVE LP mono gatefold o,11.50,0.1342
v1|137579068546|0,Stereo 35 MM  Enoch Light at Carnegie Hall  1961 Command  RS 826 - S.D.  VG+,1.98,0.1340
v1|377389407801|0,Brotherhood of Man - United We Stand (1970) Vinyl Record LP Where Are You Going,7.99,0.1339
v1|398241279882|0,New Riders The Adventures of Panama Red Album 1973 Gatefold KC32450,10.00,0.1339
v1|327296497363|0,"1977 N. Y. Yankees Return To Glory Album,Newspaper,Programs W.S.",49.99,0.1338
v1|236980719278|0,SONNY BOY WILLIAMSON & The Yardbirds MERCURY SR-61071 LP w/ Eric Clapton,24.99,0.1338
v1|178355328423|0,Rudy Ray Moore-Eat Out More Often-NM,70.00,0.1337
v1|278191618424|0,"""BEST OF STYX"" 1977 WOODEN NICKEL CLASSIC ROCK FIRST PRESSING LP VG++",5.00,0.1336
v1|800454443660|0,Canibus - Can-I-Bus 2xLP - Universal SEALED,23.50,0.1334
v1|278249585102|0,Paul Revere and the Raiders Alias Pink Puzz Vinyl LP Record VG/NM,5.00,0.1332
v1|298554858926|0,"Al Stewart - Time Passages 12"" Black Vinyl LP, Arista Label, Rock Sleeve",2.23,0.1331
v1|267745753599|0,Ace How Long Soft & Pub Rock & Blue Eyed Soul B Sniffin About 1974 45 rpm vinyl,3.00,0.1331
v1|198542443545|0,Butthole Surfers – Jingle of a Dog's Collar/Cough Syrup Jukeboxes Only!,37.00,0.1331
v1|117336752808|0,The Uncollected RAYMOND SCOTT DOROTHY COLLINS v2 1985 (1944) LP Hindsight HSR211,9.99,0.1331
v1|117336752808|0,The Uncollected RAYMOND SCOTT DOROTHY COLLINS v2 1985 (1944) LP Hindsight HSR211,9.99,0.1331
v1|318664077217|0,"Jose - Chimes 12"" - Swell - Electro Funk Freestyle VG+ HEAR",22.72,0.1330
v1|206460475266|0,"TELEPHONE ""Crache Ton Venin"" 1979 EMI Vinyl LP w/Nude Inner Sleeve. French. RARE",24.95,0.1330
v1|168590718636|0,Bel Canto SR-2000 Stereo Demonstration Record Multi-Color 1959 VG++,5.99,0.1330
v1|206462527516|0,Boogie Down Productions - By All Means Necessary LP - Jive,11.00,0.1329
v1|188734671542|0,STARZ - ATTENTION SHOPPERS! Vinyl LP RECORD 1978 Album WINCHESTER ST 11730 NM,9.99,0.1329
v1|318661023049|0,ELLA FITZGERALD/JOE PASS Speak Love PABLO LP VG+ o,8.00,0.1328
v1|257651806872|0,"PABLO INKOMO Dance Hall Stylee TOP LINE 12"" VG++ reggae dancehall ",5.00,0.1328
v1|267746442991|0,Lot of 2 Frank Zappa LPs: in New York & Ship Arriving Too Late VG++,14.99,0.1327
v1|257651597582|0,"MAJOR HARRIS All My Life POP ART 12"" NM",14.50,0.1327
v1|178368155492|0,"Philips LP Record. Soeur Sourire, The Singing Nun, VG ",2.00,0.1327
v1|307099760119|0,Roy Wood Wizzard Wizard's Brew LP 1973 United Artists Gatefold,9.99,0.1327
v1|188728790497|0,Lady Gaga MAYHEM 188 Zoetrope 2LP Picture Disc Vinyl (AS IS - READ DESCRIPTION),40.00,0.1326
v1|168571169366|0,Solomon Burke 1965 Soul 45 on Atlantic ~ Maggie’s Farm ~ Hear,9.99,0.1325
v1|358878885071|0,"Eli The Prophet ""Take A Little Give..."" Northern Soul Funk R&B 45 ALA Promo mp3",9.99,0.1325
v1|188732592013|0,Techno - Safire Can You Stand The Rain - Promo - Remixes Freestyle Electro 2001,9.99,0.1324
v1|377389408376|0,"Riopelle - Dangerous Stranger - Vinyl Record LP 1979 Pop Rock, Southern Rock",4.99,0.1324
v1|278241412673|0,The Cars ~ Debut LP - 1978 First Press Elektra 6E-135 COVER IS EX/VINYL IS VG+,12.00,0.1324
v1|358885440047|0,"Johnny Dodds Brunswick BL 58016 King of New Orleans Clarinets 10"" MONO 1950",7.99,0.1324
v1|800440124342|0,VI REDD Bird Call UNITED ARTISTS JAZZ LP VG+ scorpio reissue SHRINK o,8.00,0.1323
v1|366583474986|0,"A Tribe Called Quest ""We Got It From Here..."" Rap Hip Hop 2xLP Epic OG",8.99,0.1323
v1|158147321411|0,Glad2Mecha & Ill Treats Return Deluxe HHV In Shrink 2 LP,100.00,0.1323
v1|398250201691|0,"Exile - Kentucky Hearts 12"" Vinyl Record",19.99,0.1323
v1|158147130530|0,Dan Seals San Antone 1982 Vinyl LP EMI Records Shrink VG+/VG Country,4.00,0.1322
v1|236980283415|0,Cactus - S/T - VG+ 1970 Hard Blues Rock ATCO SD33-340 Sleeve 1ST Press,6.50,0.1322
v1|407115248539|0,"1971 Jimi Hendrix LP ""The Cry Of Love"" Reprise MS 2034 NM-/VG++",19.95,0.1322
v1|158154952357|0,GARAGE The Yellow Payges Our Time Is Running Out UNI 55043 1968 NM PROMO,5.00,0.1321
v1|168583655108|0,"Roy Hamilton You'll Never Walk Alone 12"" LP Vinyl LN 3294 EX - ULTRASONIC CLEAN",9.99,0.1321
v1|158150197795|0,"Gang Starr ""Daily Operation"" Rap Hip Hop 2xLP Virgin/UMe Reissue Clear Red Wax",18.50,0.1319
v1|178331636412|0,"POLICE • Spirits In The Material World 1981 12"" Single PROMO LISTEN EX",9.99,0.1319
v1|178355332223|0,The Four Upsetters-Crazy Arms/Midnight Soiree-NM,40.00,0.1319
v1|336722404989|0,Steely Dan Can’t Buy A Thrill LP ABCX-758 Original ABC Gatefold Vinyl VG Rock,10.00,0.1319
v1|358878851575|0,"Charlie Fye ""Know It When Your Happy"" Obscure Jazz Funk 45 Blue Chip mp3",9.99,0.1319
v1|158150202513|0,"Gang Starr ""Moment Of Truth"" Rap Hip Hop 3xLP Virgin/Noo Trybe Reissue w/ Insert",8.50,0.1318
v1|257658127558|0,"V/A Acid House For All 3 DEFINITIVE 12"" VG++ 1996 ",5.00,0.1318
v1|377397149716|0,THE ALLMAN BROTHERS BAND Cream Of Crop 2003 Highlights  3x Vinyl LP  *RSD 2022*,25.00,0.1318
v1|137557747804|0,PETER TOSH Equal Rights REGGAE LP SHRINK COLUMBIA  LYRIC INNER 1A/1B,9.99,0.1317
v1|366581648140|0,"THE CHOICE FOUR ""  COME DOWN  TO EARTH ""  ORIG  12""   ",10.00,0.1317
v1|257657167590|0,Whitesnake LP 33RPM,22.99,0.1317
v1|336721949096|0,"Lipps, Inc. Pucker Up Casablanca LBL NBLP-7242 OG (1980) MINT-",19.95,0.1316
v1|800440152009|0,DEODATO Prelude CTI LP VG++/VG+ quadraphonic gatefold SHRINK o,8.00,0.1315
v1|128012216724|0,Buddy Holly GIANT Lp on Coral Records Record MINT- Cover VG++,12.99,0.1315
v1|178368143812|0,"SUPERTRAMP Crisis? What Crisis? A&M SP-4560 ,M- Record and Cover ",13.00,0.1315
v1|307104636255|0,1970's Pop Rock LP Neil Diamond  Beautiful Noise,3.00,0.1314
v1|158147951681|0,This Mortal Coil – It'll End In Tears (2011) ORG Music 180 gram white vinyl LTD,80.00,0.1314
v1|366577530438|0,VINCE GUARALDI A Charlie Brown Christmas FANTASY LP o,100.99,0.1313
v1|178368393444|0,Garland Jeffreys - Ghost Writer - A&M Records (1977)  LP M-record And VG+Cover ,6.00,0.1312
v1|800440107838|0,SUN RA Lanquidity STRUT 4XLP VG++/VG+ 45rpm europe boxset reissue w/ booklet o,32.00,0.1312
v1|800440135788|0,JEAN-LUC PONTY Mystical Adventures ATLANTIC SD-19333 LP SEALED o,8.00,0.1311
v1|188719006849|0,The Pogues Rum Sodomy & The Lash 1985 US MCA-5744 SRC LP Shane MacGowan VG++,14.99,0.1311
v1|257649940001|0,Miguel – WILDHEART DELUXE EDITION Double LP RCA 88875-10299-1 VERY RARE 2 x LP,400.00,0.1310
v1|257651804557|0,Pegboy - Three-Chord Monte 1990 CHICAGO PUNK RARITY,75.00,0.1310
v1|198543179875|0,"WORSE 'EM - TRIPLE M BASS - Vinyl 12"" Single 1986 US Profile - Old School!",7.98,0.1309
v1|257658022212|0,"SUGAR MINOTT Level Vibes TAD'S 12"" NM reggae",5.00,0.1309
v1|206467805941|0,The Pogues Pogue Mahone Super Rare Lp,450.00,0.1309
v1|407117070982|0,"2Pac ""2Pacalypse Now"" Rap Hip Hop 2xLP Amaru/Interscope Reissue",16.50,0.1309
v1|377391682169|0,THE MIGHTY PAT Think Positive 1989 Soca VG+ VINYL LP Record USED,6.55,0.1308
v1|188737616386|0,Dave Pike - The Doors of Perception LP RECORD Store Day (like new/played once),5.75,0.1308
v1|117338601262|0,The Osmonds – Brainstorm (Rare 1976 Audiophile White Label Promo - Artisan Press,20.00,0.1307
v1|257657441482|0,BON JOVI-SLIPPERY WHEN WET-CLASSIC ROCK LP ON MERCURY-1ST PRESS,9.99,0.1307
v1|278248321113|0,JOSSIE ESTEBAN & LA PATRULLA 15 Hot LATIN Merengue LP SHRINK NM Vinyl Record,5.26,0.1306
v1|206455477031|0,Various – Movie Themes From Viva Films MINT rare Lp,94.00,0.1306
v1|168567526090|0,"Andre Previn -Lot of (2) 33 RPM LP's,  A Touch of Elegance and Mad About The Boy",7.00,0.1306
v1|168567526090|0,"Andre Previn -Lot of (2) 33 RPM LP's,  A Touch of Elegance and Mad About The Boy",7.00,0.1306
v1|188736960105|0,"SPYRO GYRA  on LP "" CARNAVAL  ""  jazz",3.99,0.1305
v1|178368114919|0,Thompson Twins – In The Name Of Love 12″ CP-712 Dance Extension Record M-/M-,4.00,0.1305
v1|236980246951|0,Leon Russell and the Shelter People 1971 Vinyl LP SW-8903 VG+/VG,4.99,0.1305
v1|198542419413|0,The Invention Of The Presidency Record Vinyl LP ,6.99,0.1305
v1|168589136044|0,GARAGE The Dudes Let's Not Pretend Anymore Gaiety 112 1966 VG+ IMPORT,5.00,0.1304
v1|358875726900|0,Marillion Script for a Jester's Tear Vinyl Album 1983 EMI ST-12269,18.95,0.1304
v1|318660972764|0,WOODY SHAW Stepping Stones MUSE LP VG+ o,8.00,0.1304
v1|168589166350|0,SOUL Ray Charles Yesterday / Never Had Enough Of Nothing ABC 11009 1967 NM,5.00,0.1304
v1|358876166965|0,1977 The Hobbit Original Soundtrack Songs LP Buena Vista 5007 Glenn Yarbrough VG,24.99,0.1304
v1|358878972596|0,"Marlena Shaw ""Woman Of The Ghetto"" Soul Funk 45 Cadet mp3",9.99,0.1303
v1|336722402155|0,Black 'N Blue ‎– Black 'N Blue LP 1984 Geffen Records ‎– GHS 24041,8.50,0.1303
v1|117336815449|0,Cattle Decapitation To Serve Man Transparent Yellow Vinyl LP Record new ,15.00,0.1303
v1|327292176146|0,Red Prysock vs. Sil Austin - Battle Royal LP Vinyl (Mercury MG 20434) Hi-Fi,6.00,0.1303
v1|318672125024|0,SIMON & GARFUNKEL Bridge Over Troubled Water LP 1st In Shrink w/ HYPE STICKERS,5.00,0.1303
v1|257651867886|0,"PRINCE & THE REVOLUTION Purple Rain WARNER BROS 12"" NM SHRINK w/hype purple wax",11.50,0.1302
v1|336722473516|0,Slayer Hell Awaits Demos 1984 Vinyl LP Record Limited Edition /500 White Bootleg,50.00,0.1302
v1|377395025108|0,Badflower AUTOGRAPHED album this Is How The World Ends (READ DESCRIPTION),9.95,0.1301
v1|168571169401|0,Lee Dorsey 1972 Soul 45 on Polydor ~ Sneakin Sally Thru the Alley ~ Promo ~ Hear,9.99,0.1301
v1|267742260450|0,pete fountain dixie jazz albums-5- from the 1960's and 70's,9.99,0.1301
v1|137567500106|0,"MICHAEL BLOOMFIELD--""If You Love These Blues, Play Em As You Please""--Rare-Clean",22.95,0.1301
v1|278209268499|0,Brutal Truth Weekend Nachos Spazz Insect Warfare Grindcore Napalm Death Phobia,6.50,0.1300
v1|117337261438|0,"Preservation Hall Jazz Band: When The Saints Go Marching In, FM-38650, 1983, EX",1.99,0.1300
v1|178374890199|0,Man Of La Mancha - Original Broadway Cast Vinyl Record LP Richard Kiley KRS-5505,1.00,0.1300
v1|298554043672|0,Lars Frederiksen to Victory EP Vinyl Record Rancid Old Firm Casuals Skinhead,14.00,0.1299
v1|366581768757|0,"Creedence Clearwater Revival - Cosmo’s Factory (1970, Fantasy Records)",5.50,0.1299
v1|267745830919|0,Taj Majal Mo’ Roots Vinyl Album VG+/VG+,5.00,0.1299
v1|267745622301|0,Howard Guyton I Watched You Slowly Slip Away PROMO Verve 45 Northern Soul RARE,499.99,0.1298
v1|358878779995|0,"Alan David ""Aware Of Love/Walking On Air"" Northern Soul Popcorn 45 Decca UK mp3",9.99,0.1298
v1|366577506346|0,HAZEL SCOTT Relaxed Piano Moods DEBUT OJC-1702 LP VG++ o,8.00,0.1297
v1|267748705837|0,Moody Blues 2 Vinyl LP Albums - Days of Future Passed & Seventh Sojourn 33RPM,3.00,0.1296
v1|188734268630|0,Generation Axe - The Guitars That Destroyed the World: Live in China 2LP(orange),22.75,0.1296
v1|336722420435|0,Herb Alpert Whipped Cream Vinyl LP [A&M SP-4110] Open Shrink-VG-Jazz,4.99,0.1294
v1|358879038064|0,"The Informations ""What A Rib Adam Must Have Had"" Northern/Sweet Soul 45 Date mp3",9.99,0.1294
v1|407111280048|0,Traffic Low Spark/High Heeled Boys Lp,8.99,0.1294
v1|188734731356|0,Sammy HAGAR SCHON AARONSON SHRIEVE Vinyl LP RECORD 1984 Hard Rock GHS 4023 NM,9.99,0.1290
v1|398242666672|0,Country Joe & the Fish - Electric Music for Mind & Body - Vanguard Vinyl 1967,14.50,0.1290
v1|366581565717|0,Rare Ernest Tubb EP - Show Her Lots Of Gold - Decca # ED 2728,19.99,0.1289
v1|178375471102|0,Rolling Stones Exile On Main St1972 1st Press Artisan 1841 Broadway NM Vinyl 2LP,75.00,0.1289
v1|147477965964|0,"Dave Mason ""It's Like You Never Left"" test pressing in NM condition from 1973",49.00,0.1289
v1|178368295516|0,"Keely Smith Politely! LP Vinyl 12"" High-Fidelity Capitol T 1073",2.55,0.1288
v1|800440145698|0,CHARLIE PARKER Now's The Time VERVE LP VG+ SHRINK o,8.00,0.1288
v1|168583712133|0,Bach The Brandenburg Concertos 6559 2LP Europe Import EX/NM Ultrasonic Cleaned,14.99,0.1288
v1|158150050056|0,"D'Angelo ""Voodoo"" R&B Hip Hop 2xLP Virgin/UMe Reissue White Vinyl w/ Lyric-Sheet",10.50,0.1287
v1|128007721846|0,JUMP N THE SADDLE BAND : Self Titled VG/VG+,1.00,0.1287
v1|168584345618|0,Styx Equinox 75 Original A&M SP-4559 LP Vinyl Record w/ Original Lyric Inner Sle,3.20,0.1287
v1|327292167863|0,"Three 10” Jazz LPs-Glenn Miller, Louis Armstrong  and Many Other Jazz Greats",18.95,0.1287
v1|398243363019|0,Country Joe and The Fish I Feel Like I’m Fixing To Die Vanguard VDS 79266 NM,25.00,0.1286
v1|278241141334|0,"Bobby Brown – Good Enough (Promo) MCA Records 12"" Vinyl Single | RARE DJ Copy",4.00,0.1286
v1|128007719922|0,THE STATON BROTHERS BAND self-titled 1972 DEBUT LP Epic #KE 31797 COUNTRY ROCK,9.99,0.1286
v1|318660864175|0,THE BEATLES - RUBBER SOUL LP - SHRINK - STEREO - WEST COAST - STICKER - RARE!,197.50,0.1285
v1|198547516218|0,Cathy & Freddie Tira IN LOVE Private LP 1981 Seattle Hawaiian Gospel Lounge Pop,9.98,0.1285
v1|278249585289|0,The Romantics In Heat Vinyl LP Record VG/NM,5.00,0.1284
v1|168571174357|0,Top Shelf 1970 Northern Soul 45 on Lo Lo ~ No Second Thoughts ~ Hear,9.99,0.1283
v1|318661013161|0,JAMES NEWTON The Mystery School INDIA NAVIGATION LP o,8.50,0.1282
v1|236980306460|0,Rush Exit... Stage Left 1981 2 LP Vinyl VG Original MASTERDISK RL SRM-2-7001,16.50,0.1281
v1|236980309997|0,Rush Exit... Stage Left 1981 2 LP Vinyl VG Original MASTERDISK RL SRM-2-7001,5.50,0.1281
v1|198548419124|0,Bad Religion – Against The Grain 1990 1st Press Epitaph Hardcore Punk Lp Album,24.99,0.1281
v1|287499752300|0,"THE BIBLEWAY RADIO CHOIR - STAY WITH GOD LP RARE 1976 US SAVOY, GOSPEL SOUL",7.99,0.1280
v1|158155053835|0,The Monkees - Headquarters LP VG/VG Vintage Vinyl,8.00,0.1279
v1|257651872213|0,"PRINCE I Would Die 4 U WARNER BROS 12"" VG+ SHRINK GERMANY",6.50,0.1279
v1|147479001367|0,"FUNK-POP 12"" ""EVERYBODY GET ON UP"" CARMEN ELECTRA (PAISLEY PARK 1992)",15.00,0.1279
v1|128007478003|0,Jukebox 45 & Title Strip Suzanne Vega Luka Cleaned Tested,2.49,0.1279
v1|227460245451|0,El Gran Combo 5 LP 1973 EGC LPS-005 Puerto Rico Original Gatefold Salsa VG,7.70,0.1279
v1|257659197147|0,The Human League LP 1981 DARE Gatefold Stereo A&M,10.00,0.1278
v1|800451931175|0,"GUESS WHO ""ROCKIN' "" PREMIUM QUALITY USED LP (Vinyl cleaned EX to NM) Jacket VG+",9.99,0.1276
v1|287499463720|0,Norman Granz Jazz At Philharmonic “I Surrender dear / I Got rhythm” 79rpm Record,5.00,0.1275
v1|168571169415|0,Earline Owens 1993 Southern Soul/Blues 45 on Ar'Nett ~ Go On Without You ~ Hear,9.99,0.1274
v1|227459604774|0,The Bristles Lifestyles Of The Poor & Unknown - 1997 White Vinyl LP BCR 100 EXC,6.99,0.1274
v1|128007720547|0,A STAR IS BORN:OST Columbia JS 34403 LP 1976 VG-/VG,6.00,0.1273
v1|800443916417|0,"Tom Grose & The Varsity - I'll Be Alright 12"" - Neo - Modern Soul SEALED",8.00,0.1272
v1|800443916417|0,"Tom Grose & The Varsity - I'll Be Alright 12"" - Neo - Modern Soul SEALED",8.00,0.1272
v1|336722398359|0,Bon Jovi Slippery When Wet LP 1986 422-830 264-1 VG+/VG First Pressing,11.50,0.1272
v1|188733391405|0,PLANT MUSIC THE BAROQUE BOUQUET AMHERST RECORDS AMH9001 NEAR MINT!,14.99,0.1272
v1|398252950968|0,"Lucille Spann Cry Before I Go Promo Copy 12"" Blues LP BLS-6070",9.99,0.1270
v1|257658130792|0,Crusaders Chain Reaction MFSL LP Vinyl,2.00,0.1270
v1|137578998421|0,"Bobby Bare ""Sings Lullabys, Legends and Lies"" 1973 2 LP's Vinyl",5.84,0.1269
v1|366583604639|0,"Dr. Dre ""2001"" Rap Hip Hop 2xLP Aftermath/Interscope/UMe Reissue",21.46,0.1269
v1|336722315958|0,Rare BEATLES John Lennon IMAGINE orig '71 1ST PRESS Satyr A1/B1 Matrix laminated,179.00,0.1268
v1|178374738507|0,SAM BUTERA and the WILDEST: Atlantic City Special,3.00,0.1268
v1|298556320971|0,ANI DiFranco -NOT A PRETTY GIRL VINYL,100.00,0.1268
v1|298554612445|0,Heroin Gravity Records 1 Hardcore Black Vinyl w/ Paper Sleeve Insert Silkscreen,10.00,0.1267
v1|377389407537|0,Tom Rush – The Circle Game - 1968 Vinyl Record LP EKS74018- Folk Rock,13.99,0.1265
v1|198544156479|0,Elvis' Gold Records Volume 4 1968 vinyl record,5.00,0.1265
v1|137579562256|0,Rod Stewart Foot Loose Fancy Free HAND SIGNED  Vinyl Beckett authentication,149.99,0.1265
v1|198542831187|0,3 EP Mid 80s college rock lot Deep 6 Class Action Art After Dark EX,10.00,0.1264
v1|137558173223|0,BOB MARLEY and THE WAILERS  Catch A Fire  ROOTS REGGAE LP BLACK ISLAND STERLING,10.50,0.1264
v1|178367541710|0,JOHN WILLIAMS SOUNDTRACK TO DIAMOND HEAD COLPIX CP 440 NEAR MINT!,14.99,0.1263
v1|188735352403|0,(READ DESCRIPTION) Antischism - 2LP Vinyl Record Beater Copy Crust Punk Hardcore,34.99,0.1262
v1|366577531117|0,JOHNNY HAMMOND The Prophet KUDU LP VG+ o,8.00,0.1262
v1|158129662123|0,Fred Parris & The Restless Hearts 1965 Soul 45 on Checker No Use In Crying ~Hear,9.99,0.1261
v1|128007369892|0,"JOURNEY ""Self Titled"" Vinyl LP.  1975 Columbia Records PC 33388. Very nice",18.95,0.1261
v1|287499636242|0,MONKEES - More Of The Monkees COS-102 LP Vinyl Record,3.99,0.1261
v1|800454443664|0,Carolyn Franklin - Chain Reaction LP - RCA Victor OG Press SEALED,10.00,0.1261
v1|147480474000|0,THE YOUNG RASCALS Groovin' LP (1969 Reissue) Atlantic 8148 Blue Back VG/VG+,8.00,0.1261
v1|178368477267|0,ILLINOIS JACQUET - Desert Winds W/ Kenny Burrell - Vinyl LP-735,9.65,0.1260
v1|800443916390|0,SAINT PEPSI - Hit Vibes LP - Carpark Red Wax VG++,8.50,0.1259
v1|128011270887|0,ORIG 1961 Colpix LP GOLD LABEL The Marcels Blue Moon In SHRINK R&B Doo Wop Soul,49.99,0.1259
v1|198537655802|0,SILVESTRE  self titled latin ARGENTINA laminated 1982  Lp,19.00,0.1258
v1|377389408149|0,Moonflower Ascending - Sheila Roberts And Jim Reider - Vinyl Record LP Ambient,8.99,0.1258
v1|137564619135|0,TAJ MAHAL Music Keeps Me Together  BLUES FUNK LP COLUMBIA ORG 1975,9.99,0.1258
v1|800451908213|0,"Three Dog Night Hard Labor 12"" Black Vinyl LP 33 RPM Rock ABC Records",3.99,0.1257
v1|257652071433|0,"SOULSEARCHER Can't Get Enough TWISTED 12"" VG++ ADVANCE PROMO 1999 house",5.00,0.1257
v1|158129662201|0,Sonny and The Premiers 1972 Funk/Soul 45 on Chipam ~ What It Is ~ Hear,9.99,0.1257
v1|336722412848|0,Prince- Purple Rain - 1984 Warner Bros.  1-25110 Rock/Funk Vinyl LP W/Poster VG+,13.50,0.1257
v1|318672012695|0,"D.O.M.E.S.W.E.L.L.A.S. - Indian Summer 12"" - Random Rap HEAR",38.00,0.1256
v1|198543829746|0,Nitzer Ebb AS IS Family Man Lovesick,25.00,0.1256
v1|398242757970|0,"Paul Hardcastle Rain Forest 12"" Black Vinyl LP 33 RPM Profile Records Pro-1206",13.00,0.1256
v1|267745741033|0,Hillbilly 78 Rich-R-Tone 1006 Bill Alford and his Tennessee Hillbillies RARE,76.00,0.1255
v1|278241645557|0,CONJUNTO  “LA PERLA “ DE NEW YORK,69.00,0.1255
v1|168583523808|0,Big Joe Williams Nine String Guitar Blues 1971 Delmark Blues,25.00,0.1255
v1|147478885347|0,Dreams So Real Rough Night In Jericho 1988 Vinyl Arista Records,18.95,0.1254
v1|257651577441|0,"MADONNA Music MAVERICK/WARNER 2x12"" VG+ ",13.50,0.1254
v1|147479484077|0,"NORGINE Red Vinyl 10"" 78rpm Concerto No. 2 in C Minor /Recorded Detailman Promo",11.99,0.1253
v1|377389359164|0,"1963 LP The J's with Jamie ""Hey, Look Us Over"" Columbia CL-2005",4.00,0.1253
v1|318672401799|0,Jimi Hendrix Experience Are You Experienced LP RS 6261 Reprise  1968/9,15.00,0.1252
v1|128008750960|0,John Coltrain  PR 7243 Standard Coltrain   G,5.00,0.1252
v1|366574787802|0,Fleetwood Mac Rumours OG LP with Insert,9.99,0.1252
v1|318672012714|0,"Dicky Williams - Red Negligee, White Whiskey & Blue Lights LP - TEST PRESS",8.00,0.1251
v1|257652089402|0,"STATUS IV You Ain't Really Down RADAR 12"" VG++/NM ",5.00,0.1250
v1|358850319901|0,Cheap Trick - Dream Police (1979) - WHITE LABEL PROMO | True First Pressing,45.00,0.1250
v1|137579328378|0,HANDEL MESSIAH RCA RECORDS 4 RECORDS AND A BOOKLET BY SIR THOMAS BEECHAM,3.00,0.1250
v1|137586864090|0,Lynyrd Skynyrd Second Helping LP 1974 Vinyl Sounds Of The South Label,51.50,0.1250
v1|117336595178|0,Thomas R. Roberts Sr. -Gospel Classics- Maryland Soul Gospel LP on T.R. - Hear,9.99,0.1249
v1|168589136045|0,"OBSCURE COUNTRY Landon Williams ‎The Red, White And Black Stop 1611 1971 VG+",5.00,0.1249
v1|267745870584|0,Ken Griffin – Let’s Have A Party CL 1127 1958 Columbia LP Mono Play Tested! VG+,0.99,0.1249
v1|128007398027|0,"WHITNEY HOUSTON ""MY NAME IS NOT SUSAN"" 12"" VINYL Record Album Single Arista '91",4.99,0.1248
v1|800440152817|0,DEODATO/AIRTO In Concert CTI LP VG+ SHRINK o,8.50,0.1248
v1|267745934677|0,PERRY COMO The Songs I Love LP RCA Victor LSP-2708 Stereo,0.99,0.1248
v1|236981669266|0,1960s MINT-EXC The Kingston Trio* – String Along 1407 LP33,2.99,0.1248
v1|168584056910|0,Signed RIP Mike Browning Nocturnus The Science Of Horror Lt. Edition Vinyl LP,79.99,0.1248
v1|800443916431|0,"Without-A-Clue - Stand Your Ground 12"" - House Of Big Brother Boogie Funk SEALED",9.50,0.1247
v1|188734667952|0,GEORGE THOROGOOD & THE DESTROYERS - BORN TO BE BAD Vinyl LP RECORD E1 46973 NM,9.99,0.1247
v1|407106947243|0,LIGHTNIN' HOPKINS   The Roots Of  TEXAS BLUES LP FOLKWAYS SHRINK DG M/NM,9.99,0.1246
v1|206460381766|0,9 LP Band Swing Saxophone Fiedler Giselle MacKenzie Modern Millie Steve Lawrence,21.00,0.1246
v1|128011266431|0,THE BOYS OF THE LOUGH ~THE PIPER'S BROKEN FINGER 1976 PHILO RECS (PH 1042) LP,5.99,0.1246
v1|188734657778|0,SANFORD & TOWNSEND DUO-GLIDE Vinyl LP PROMO RECORD 1977 Album BSK 3081 NM,9.44,0.1245
v1|298554701336|0,"1992- CLUBLAND FEAT: ZEMYA HAMILTON, "" SET ME FREE "" , 12"" MAXI SINGLE PROMO",0.99,0.1245
v1|227462716122|0,Pearls Before Swine - The Use of Ashes NM lp white label promo Folk Rock WLP,9.50,0.1244
v1|158147909587|0,THE MYSTICS - LP - (301)),4.00,0.1243
v1|800451401313|0,"KEEF HARTLEY BAND ""The Battle Of North West Six"" - Deram SML 1054 - Vinyl LP  UK",9.99,0.1242
v1|278241231555|0,Steps Ahead Magnetic Vinyl Lp Record Michael Brecker Peter Erskine Mike Stern,14.99,0.1242
v1|377391682276|0,JULIE LONDON Make Love To Me LIBERTY Vocal Jazz VG+ VINYL LP Record USED,6.55,0.1240
v1|318664077233|0,"Lisa - So In Love With You 12"" - Lamar - Modern Soul Boogie VG++ Shrink HEAR",41.00,0.1240
v1|206457726698|0,Sho-Nuff - Tonite LP - Malaco,10.50,0.1239
v1|257658018812|0,"ETHNIC SOULS Feel Alright TANGO 12"" VG++ ",5.50,0.1239
v1|336726300582|0,BIG BROTHER & THE H.C. -PIECE OF MY HEART b/w TURTLE BLUES -ORIG 1968- 45 RPM,3.50,0.1238
v1|327292159858|0,America - America LP Vinyl Record (A Horse With No Name) Warner Bros. 1971,8.00,0.1237
v1|168584170466|0,Mike Oldfield TUBULAR BELLS (1973) 1st Press Vinyl LP VR13-105,1.00,0.1237
v1|800440158384|0,DUKE ELLINGTON Ellington Uptown COLUMBIA LP mono 6-eye o,8.00,0.1237
v1|168584297349|0,Neil Young & Crazy Horse Ragged Glory LP 1990 US Gold Promo Stamp VG++ Vinyl VG+,45.00,0.1237
v1|377391678041|0,ERIC DELANEY ORCHESTRA Mainly Delaney MERCURY 1958 Jazz VG+ VINYL LP Record USED,5.00,0.1236
v1|267745939097|0,THE MONKEES Headquarters LP Stereo Colgems COS-103 1967,4.95,0.1235
v1|278249585444|0,Johnny's Dance Band Vinyl LP Record VG/NM,1.00,0.1234
v1|178376882727|0,Waylon Jennings ‎–  LP : It's Only Rock & Roll [RCA PL 14673] - German Press -NM,5.00,0.1230
v1|278249585269|0,Uriah Heep Demons and Wizards Vinyl LP VG/NM,6.50,0.1230
v1|257651892818|0,"QUANDO QUANDO Genius POP WOW 12"" NM",5.00,0.1229
v1|318664077283|0,Parliament - Live/P. Funk Earth Tour 2xLP - Casablanca VG+,15.50,0.1228
v1|198542629773|0,"Maria Muldaur - Maria Muldaur LP Album, Pop Music Release Title: Maria Muldaur",1.50,0.1228
v1|800454443666|0,Chicago Gangsters - Blind Over You LP - Gold Plate,12.50,0.1228
v1|278249585455|0,Emerson Lake & Palmer Self Titled Vinyl LP Record VG/NM,5.00,0.1227
v1|278249585605|0,Emerson Lake & Palmer Self Titled Vinyl LP Record VG/NM,5.00,0.1227
v1|158147358998|0,"Jackie Jackson Cruzin 12"" Vinyl TEST PRESSING 5/20 1989 Polygram",20.00,0.1227
v1|318664077280|0,"Passion - Don't Stop My Love 12"" - Prelude - Boogie Funk PROMO HEAR",13.50,0.1227
v1|407115053904|0,Jo Jo Gunne So Where's the Show? Lp,6.99,0.1227
v1|407115055285|0,Status Quo Self Titled Lp,8.99,0.1226
v1|236980290138|0,Ozzy Osbourne Vinyl Blizzard of Ozz LP Rock Jet Records w/ Shrink & Hype VG+,43.00,0.1225
v1|188734422153|0,Joe Morello Sextet and Orchestra - It's About Time - RCA Victor LSP-2486 STEREO,3.99,0.1225
v1|336726326387|0,BUSH Y SUS MAGNIFICOS PINDIN CON SALSA TABOGO REISSUE RECORDS SALSA LP HEAR ,29.00,0.1225
v1|358879018691|0,"Sugar Pie DeSanto ""Be Happy"" Crossover Northern Soul 45 Soul Clock Promo mp3",9.99,0.1225
v1|800443916325|0,"Loose Joints - Is It All Over My Face 12"" - West End - Disco Funk OG Press HEAR",16.50,0.1225
v1|178368713095|0,"The Party Timers, Bring It On Home / Jole Blon 45 EX- TX Swamp Soul Port Arthur",40.00,0.1224
v1|398242925893|0,LP Original 1971 Guess Who The Best Of EX /EX W/Poster EX,9.99,0.1224
v1|257652069452|0,"SOUL II SOUL Back To Life VIRGIN 12"" VG++ SHRINK ",10.00,0.1223
v1|307104127727|0,Perez Prado And His Orchestra: Pops And Prado vinyl LP 1959 RCA LPM-2028,3.64,0.1223
v1|336722317638|0,BADFINGER Say No More 1981 1st PRESS Gold Stamp Promo RADIO STATION Copy M-,27.50,0.1223
v1|800451586875|0,"Deutsche Grammophon Romeo and Juliet 12"" Vinyl LP 33 RPM Stereo Ozawa SFSO",3.99,0.1223
v1|198535878810|0,CARCINOGEN Kure Demo Lp Pre-Dystopia RARE OOP #221/300 Vinyl Record,149.99,0.1223
v1|147483373837|0,CONSTANT SMILES 2 VINYL LOT KENNETH ANGER & PARAGONS DARKWAVE / AMBIENT POP,15.00,0.1222
v1|267746507360|0,John Gotch Band Album Gay Songs Ukraine Lp,5.00,0.1222
v1|366583746248|0,"KRS One ""S/T"" Rap Hip Hop 2xLP Jive/Front Page Ent. OG",7.99,0.1222
v1|336722302727|0,FIRST TIME THE COUNT MEETS THE DUKE Columbia CL 1715,2.99,0.1222
v1|178368114294|0,"EUROGLIDERS: this island COLUMBIA 12"" LP EX Record And M- Cover ",10.00,0.1222
v1|147470447803|0,"The Pogues Yeah Yeah Yeah Yeah Yeah 1988 US Island 0-96578 12"" Vinyl Single - NR",3.00,0.1222
v1|298553814235|0,Various Artists Lp Original Old Gold On Sunset Vinyl Record,3.00,0.1222
v1|398241327639|0,Frank Zappa - Waka/Jawaka - Hot Rats 1972 OG,20.00,0.1221
v1|800473485288|0,Future - DS2 Vinyl - Record Store Day 2022 - Teal,20.50,0.1221
v1|158150283059|0,"Kamakaze ""Spread It"" Indie Rap 12"" Pirate Promo Original w/ SRC Stamp HEAR",38.00,0.1221
v1|257651982478|0,"RUSS BROWN Gotta Find A Way JUMP 12"" VG+ ",5.00,0.1220
v1|178360548509|0,Aussie 1st press Jackson Browne The Pretender 1976 vinyl LP Asylum w/ insert,9.99,0.1219
v1|318672012710|0,"Devious - Ghetto Fabulous 12"" - Skullz Entertainment - Random Rap SEALED",15.06,0.1218
v1|137568737650|0,Scott Wesley Brown Signature lp He Will Carry You Ultrasonic Clean + Bonus,8.49,0.1218
v1|298554567006|0,New Riders of the Purple Sage s/t LP Columbia PC 30888 1971,8.00,0.1217
v1|800443916347|0,"Nicholas - Stop Your Searchin' 12"" - Command - Modern Soul VG++ HEAR",8.00,0.1216
v1|800450522737|0,"The Original Blind Boys Of Alabama, The Best Of: SGL7031 2LP 1980",2.25,0.1216
v1|257658078682|0,"TISHAN Brother Moses TISHAN 12"" VG++ reggae 1983",5.00,0.1215
v1|377389408875|0,Outlaws - In the Eye of the Storm - Vinyl Record LP - 1979 - Arista  - AL 9507,8.99,0.1215
v1|377391735372|0,1960's R&B 45  Jon Thomas  Heartbreak (It's Hurtin' Me),3.00,0.1215
v1|128007026637|0,Rev. Lawrence D. Thomison -Deliverance Will Come- Sealed Gospel LP,9.99,0.1214
v1|128007719924|0,DAWN FEATURING TONY ORLANDO:Dawn's New Ragtime Follies Bell 1130 LP G+/VG-,0.99,0.1214
v1|257651772384|0,"NOTORIOUS B.I.G. One More Chance BAD BOY 12"" VG++/VG+",7.50,0.1213
v1|128007721106|0,THE ASSOCIATION:Greatest Hits! WB WS 1767 LP 1968 VG/VG,6.00,0.1213
v1|327291256237|0,ILL WIND - FLASHES LP. WHITE LABEL PROMO.,39.95,0.1213
v1|236980279737|0,Grateful Dead Europe '72 3LP Vinyl Record 3WX 2668 Warner Bros. Records 1972,32.00,0.1213
v1|137558277438|0,BOB MARLEY and THE WAILERS Exodus ROOTS REGGAE BLACK LABELS ISLAND STERLING,9.99,0.1212
v1|147480786317|0,Dan Fogelberg The Innocent Age Epic Vinyl LP Rock Soft Rock Record,2.72,0.1212
v1|128007720133|0,BILLY VAUGHN:Blue Hawaii Dot DLP 25165 LP 1959 VG-/VG,2.00,0.1212
v1|336726289505|0,Love Polka # 9-The Polish Muslims 45 RPM 1984 (Very Rare),3.00,0.1211
v1|128007721264|0,KENNY RANKIN:Like A Seed Little David LS 1003 LP 1972 G+/VG,4.00,0.1211
v1|398251050062|0,ISAAC HAYES Presenting ENTERPRISE | Soul | Jazz |  LP HEAR,9.99,0.1211
v1|257652025974|0,"SHANNON Give Me Tonight EMERGENCY 12"" VG++/NM freestyle 1982",7.50,0.1210
v1|407102609662|0,PETER TOSH Bush Doctor REGGAE LP LYRIC SHEET COC 39109,9.99,0.1210
v1|257657744371|0,Roy Orbison Sings Don Gibson LP Vinyl Record Country Pop 1965 Original Album,2.81,0.1210
v1|137579210330|0,MEGADETH ~RUST IN PEACE~1990 FIRST PRESS LP VINYL METALLICA COMBAT C1-91935 NICE,195.00,0.1210
v1|117337339987|0,TWISTED SISTER Come Out And Play 1985 LP Atlantic 7 81275-1-E POP-UP COVER Insrt,14.99,0.1208
v1|137557313975|0,HORACE ANDY Best of  REGGAE LP UA KENDUN CUT,22.51,0.1208
v1|358878857049|0,"Clarence Jackson ""Wrap It Up"" Modern Soul Boogie 45 R&R mp3",10.50,0.1208
v1|398248800295|0,BOB MARLEY & THE WAILERS SEALED LP BURNIN' PETER TOSH ISLAND/ TUFF GONG 1973,29.99,0.1208
v1|178374890208|0,"Bobbie Gentry - Touch 'Em With Love, LP - Vinyl",1.00,0.1206
v1|257657565078|0,Roy Loney & The Phantom Movers- Out After Dark VG+/G+ Ultrasonic Clean 1979,4.99,0.1206
v1|377389422626|0,Change - Miracles - LP Vinyl - SD 19301 - Warner Bros Records -1981 - Vinyl,5.00,0.1206
v1|267745919873|0,GENTLE GIANT Pretentious For The Sake Of It 2 LP VERTIGO 6641 629 1977,19.95,0.1204
v1|358878962112|0,INCREDIBLES - CRYING HEART / I'LL MAKE IT EASY - AUDIO ARTS 60001 NORTHERN SOUL,5.99,0.1204
v1|188734423877|0,Buddy DeFranco plays Nelson Riddle's Cross Country Suite - Hamilton MONO LP,4.99,0.1204
v1|366577521185|0,JACK DEJOHNETTE Have You Heard? MILESTONE LP o,10.50,0.1203
v1|137569436321|0,Pete Townshend & Ronnie Lane-Happy Birthday to Meher Baba LP-1st edition + extra,95.00,0.1203
v1|366571838260|0,"Joe Williams' Washboard Blues Singers - Baby, Please Gon't Go - BLUEBIRD 6200 V+",20.50,0.1203
v1|168589166362|0,Nina & Frederik Introducing The Fabulous ATCO 4511 1960 VG PROMO FOLK EP Pic Slv,5.00,0.1202
v1|227459318434|0,SZIGETI Beethoven Violin Concerto D Major LSO Dorati Philips Japan Vinyl NM,5.00,0.1202
v1|800443916409|0,"Tavares - Heaven Must Be Missing An Angel 12"" - Capitol VG+ PROMO HEAR",8.00,0.1201
v1|178367654262|0,"Grover Washington, Jr. - Come Morning"" - LP",3.00,0.1201
v1|137579074940|0,"AFRICAN / EXOTICA LP ""CONGO PERCUSSION"" VARIOUS ARTISTS ( OMEGA 1959 )",9.99,0.1201
v1|318661028018|0,"DIZZY GILLESPIE Have Trumpet, Will Excite! VERVE LP VG++/NM japan 1982 reissue o",10.50,0.1201
v1|298545782048|0,CODE OF HONOR What Are We Gonna Do RARE 45 HARDCORE PUNK 1982 CALI Sick Pleasure,149.98,0.1201
v1|128007357282|0,Beatles Red & Blue Albums 1962-66 1967-70 1977 US Vinyl 4LP Set VG++ NM,62.00,0.1200
v1|257651632633|0,"MARY J. BLIGE Be Happy UPTOWN 12"" VG+/VG++",5.00,0.1200
v1|117341140963|0,LOS DOS RANCHEROS MAL PAGADORA/AGUA QUE MIRAS CORRER  45 Rpm ULTRA RARE USED,14.99,0.1199
v1|158129662194|0,C.L. and Pictures 1963 TX Blue eyed R&B 45 on Kirk ~ For the Sake of Love Hear,9.99,0.1199
v1|366582063664|0,Rhythm Heritage - Last Night On Earth (VINYL),3.00,0.1199
v1|188730508992|0,Funk Soul - Gloria Taylor What’s Your World - Selector Sound - 70’s Los Angeles,9.99,0.1199
v1|188719928584|0,"The High Society Dance Gang ""Mexico b/w Get Up"" West German 12"" pressing. NRG",4.00,0.1198
v1|366583796343|0,"Makaveli ""The Don Killuminati (The 7 Day Theory)"" Rap Hip Hop 2xLP Death Row OG",10.50,0.1198
v1|257651727144|0,"MTUME C.O.D. EPIC 12"" VG++",5.00,0.1198
v1|336722374780|0,"Lot (42) Electronic/House/Dance 12"" Vinyl Singles Seal Samantha Fox Jets & More",9.99,0.1197
v1|158154886209|0,DOOWOP The Teenagers A Little Wiser Now / Can You Tell Me End 1076 1960 EX,10.00,0.1197
v1|800440188533|0,JOHNNY HAMMOND Wild Horses Rock Steady KUDU LP VG+ o,15.00,0.1196
v1|278241411624|0,Curtis Mayfield ‎– Superfly LP 2022 GOLD color vinyl die cut jacket R1 524044,18.00,0.1196
v1|366583687995|0,"H.E.A.L. ""Civilization Vs. Technology"" Rap Hip Hop LP Elektra OG",7.99,0.1195
v1|257652107505|0,"SUBMISSION Women Beath Their Men VELOCITY 12"" VG++ 2000 tribal house",5.00,0.1195
v1|358878782464|0,"Ali Fox ""Love Power"" Rare Unreleased Northern Soul Acetate  45 Mercury Sound mp3",13.50,0.1195
v1|298554279513|0,"Bad Company - Rough Diamonds 12"" Black Vinyl LP Swan Song Cardboard Sleeve",3.92,0.1195
v1|168576056527|0,"THE TEMPTATIONS-JUST MY IMAGINATION-7""-SOUL-GORDY-G7105-VINYL-RECORD-NM-1971",6.50,0.1195
v1|407115188403|0,2 LP METAL Blood Storm – Sirian Storm GMK001 Limited Purple Vinyl Signed Nm,79.99,0.1194
v1|267742710776|0,Madison Beer - Silence Between Songs RARE ALTERNATE COVER,350.00,0.1193
v1|318661049463|0,JOHNNY HAMMOND Breakout KUDU LP o,8.00,0.1193
v1|188733380967|0,Jann Johansson LP (SwedishPressJazz) “300.000” 1972 Megafon MFLPS18 EXC,18.00,0.1193
v1|168584146727|0,Kasenetz-Katz Singing Orchestral Circus LP 1968 [Buddah BDS-5020],1.00,0.1193
v1|257651830266|0,"PHI Can U Handle PAPER BOYS 12"" VG++",5.00,0.1193
v1|298553758175|0,Chappell Roan - The Rise And Fall Of A Midwest Princess CokeBottle Glitter Vinyl,25.00,0.1192
v1|366571825821|0,Curly Weaver w/ Blind Willie McTell - Leg Iron Blues - MELOTONE 12719 V,23.50,0.1192
v1|128007374372|0,Rush Roll The Bones Vinyl 2025 Rhino Remastered 160g M- In Shrink Hype Sticker,35.00,0.1192
v1|366577515941|0,JOE PASS Portraits Of Duke Ellington PABLO LP VG+ o,8.00,0.1191
v1|307102551549|0,"Jonny Chingas Pachuco Volume 1 12"" LP *DAMAGED* Rulie Garcia Oldies Chicano Soul",30.00,0.1190
v1|188734669842|0,DIGITAL IMPACT Reggae Vinyl LP RECORD 1998 Compilation JAMAICA BWLP-0014 NM,9.99,0.1190
v1|147478646352|0,Pink Floyd Dark Side Moon LP Mid 1970’s Harvest GENE Master Artisan VG+ No Cover,38.25,0.1189
v1|336722390103|0,Pressure Sensitive (1975) - Ronnie Laws BN-LA452-G VG+/VG+ in Shrink,4.99,0.1189
v1|336722398073|0,"STEVIE WONDER Songs In The Key Of Life TAMLA 2LP VG+ w/ Booklet, no 7""",17.16,0.1189
v1|358871804832|0,BOOTS WALKER: They’re Here PARANOID Alien PSYCH Garage 45 Rust,7.99,0.1188
v1|298554820197|0,"Alice Cooper - Killer 12"" Vinyl LP 1971 Warner Bros. BS 2567 Rock Stereo",2.00,0.1188
v1|398241316732|0,Baja Jed Lp ,10.00,0.1188
v1|147483389838|0,GHOST BATH / FALLS OF RAUROS 2 VINYL LOT,25.00,0.1187
v1|407115152650|0,Rick Wakeman - Journey To The Centre Of The Earth Gatefold LP VG Large Insert,10.00,0.1187
v1|188737892027|0,"Los Retros Everlasting 12"" Black Vinyl EP 33 RPM Stones Throw STH2444",5.99,0.1187
v1|257651684157|0,"MIDNIGHT OIL Beds Are Burning COLUMBIA 12"" VG+ ",8.50,0.1186
v1|158154918422|0,ROCK Poison Your Mama Don;t Dance Capitol 44293 1988 NM PROMO Pic Slv,5.00,0.1186
v1|168584175161|0,"THOMPSON TWINS Close To The Bone 1987 Arista,into gap,future,take up promo",1.00,0.1186
v1|206457726688|0,Ronn Matlock - Love City LP - Cotillion VG+,18.00,0.1186
v1|307097569547|0,FRANKIE VALLI Y THE FOUR SEASONS - SEASONS OF LOVE - 1985 MEXICAN LP PROMO,14.99,0.1186
v1|377394712011|0,"RARE $60 book Dempsey Wright "" The Wright Approach "" ANDEX 3006 1958 Mono NICE",9.99,0.1186
v1|236985596965|0,Bobby Orlando Ian Darby Break City / Taking The Waterfront By Force 12” Single,19.99,0.1185
v1|168568172102|0,GRATEFUL DEAD Workingman's Dead 1975 WARNER  BROS Reissue LP VG/VG+ Play Tested,12.00,0.1184
v1|278241411073|0,John Waite – Ignition - Vinyl LP – CHR 1376 -  ENTIRE ALBUM IS EXCELLENT,10.00,0.1184
v1|377389408379|0,"Jerry Lee Lewis, Charlie Rich, Carl Perkins - Trio - Sun Records - Vinyl Record",9.99,0.1183
v1|307103191737|0,STROLLERS 45 NOBODY BUT YOU /THAT LOOK IN YOUR EYE Northern Soul R&B Doowop NM,5.99,0.1183
v1|366583477450|0,"Alkaholiks ""21 & Over"" Rap Hip Hop LP Get On Down/RCA/Loud Reissue",11.50,0.1182
v1|358876760653|0,Tom Petty & The Heartbreakers Self-Titled Debut Black Vinyl LP Record,15.00,0.1182
v1|117336876863|0,"X-Pressions by The X-Ecutioners (Record, 1997) ROC Raida X-men OG Gatefold",19.99,0.1182
v1|147480472466|0,Happy Jack - The Who Vinyl LP VG US 1967 Mono Decca DL 4892 Mod/Pop Rock,0.99,0.1181
v1|318660975739|0,CLAUDIO RODITI FT. SLIDE HAMPTON Claudio! UPTOWN LP NM autographed o,8.00,0.1180
v1|377389416370|0,"BLUES MAGOOS - Psychedelic Lollipop, 1966 mono vinyl LP, Mercury, MG 21096, VG",8.00,0.1180
v1|358878961386|0,"Lee McDonald ""Gotta Get Home"" Modern Soul 45 Debbie mp3",9.99,0.1180
v1|206460609969|0,Kid Cudi Man On The Moon 3 Dark Aqua Vinyl,20.00,0.1180
v1|168589145927|0,ROCK Robert Plant Tall Cool One Es Paranza 99348 1988 NM PROMO Pic Slv,5.00,0.1180
v1|128011907299|0,"CHICAGO, Chicago V, LP Columbia 1972, Pittman Pressing Gatefold W/Poster, VG/VG",6.88,0.1180
v1|800443916316|0,"L.C. & The Action Band - Just Makin' It Up 12"" - TSON - Unknown Funk VG+ HEAR",62.61,0.1180
v1|168584177507|0,Vintage The Ventures Wild Things! LP Vinyl Dolton BST-8047 Surf Rock 1966 Stereo,1.00,0.1179
v1|278241642649|0,"Beatles LP Magical Mystery Tour 1968 UNDOCUMENTED Subsidiary of Apple Label, EX!",40.00,0.1179
v1|257651939387|0,"RITZ Workin' Out POSSE 12"" ",5.00,0.1178
v1|307096737608|0,Human League 45RPM “Mirror Man” 1982 80s New Wave Synth Pop 7” Dutch Vinyl,2.95,0.1178
v1|227460587274|0,FLEE LORD Lord Talk Volume 2 2018 HIP HOP #80 LP VINYL Record ALBUM M- USED,16.73,0.1177
v1|178367583729|0,ELVIS PRESLEY HOW GREAT THOU ART-1967 GEME STEREO LSP 3758 IMPORT VINYL LP,18.99,0.1177
v1|278248210050|0,Jimi Hendrix Experience Original 1969 LP  Smash Hits LP Reprise Records,4.99,0.1177
v1|307108921700|0,James Brown Live at the Apollo LP MONO King 826 In Shrink Crown Black Label 1962,99.99,0.1177
v1|227460608246|0,THE DOORS Morrison Hotel LP ELEKTRA Psychedelic Blues Rock,9.99,0.1177
v1|236980305203|0,Ozzy Osbourne - Live Mr Crowley EP Picture Disc 1982 Jet Records 8Z8 37640 VG/VG,10.00,0.1176
v1|147478930754|0,Body Talk Pt. 1 by Robyn (OOP Rare Orange Marbled Vinyl),49.99,0.1176
v1|267746491047|0,"MITROPOULOS, NY Phil., HAMBRO - Rachmaninoff, Piano Concerto 4 / SRI 2 Acetates",15.00,0.1176
v1|278232656599|0,BRIAN AUGER'S OBLIVION EXPRESS     Lot Of 3 Vinyl Record LPS     VG TO VG++,4.99,0.1175
v1|336722282671|0,"1983 SIGNED 2XLP Ron Gaylord & Burt Holiday ""The Two Sides of Gaylord & Holiday""",3.00,0.1175
v1|278249584807|0,Boomtown Rats Fine Art of Surfacing Vinyl LP Record Columbia VG/NM,5.00,0.1174
v1|257658976999|0,MICHAEL MARTIN MURPHEY land of enchantment Vinyl Record LP 25894-1  1989,1.20,0.1174
v1|336723690215|0,"Roc Marciano - Behold A Dark Horse 12"" Vinyl LP VG+ Marci Enterprises",19.99,0.1174
v1|147478946584|0,Golden Palominos - Omaha (7” 1985) JOHN ZORN - MICHAEL STIPE - LASWELL - FRITH,7.00,0.1173
v1|318660979062|0,BUDDY RICH The Wailing... NORGRAN LP mono o,8.00,0.1173
v1|336722392309|0,Golden Earring ‎– Moontan Track MCA-396 Original Vinyl Record 1973 w/ Inner,8.00,0.1172
v1|318680452437|0,The New Improved Electric Prunes Just Good Lot Rock And Roll Rare Vintage Vinal,8.06,0.1171
v1|278249585221|0,Walter Murphy Band A Fifth of Beethoven Vinyl LP VG/NM,1.00,0.1171
v1|800451774928|0,JERICHO BROWN/GROUP 45RPM '64 WARNER BROTHERS WISDOM OF A FOOL PROMO VG+ VINYL,8.50,0.1171
v1|366577514235|0,ESA PETHMAN The Modern Sound Of Finland WARNER MUSIC LP finland 2002 reissue o,8.00,0.1171
v1|287499751852|0,"THE BAND - THE BEST OF..LP RARE 1976 US CAPITOL (WINCHESTER PRESS), EMBOSSED SLV",7.99,0.1171
v1|377387673800|0,"RICK WAKEMAN YESSONATA 12"" SINGLE LP CHERRY RED LABEL UK IMPORT 2024 YES VG+",3.49,0.1170
v1|398244527538|0,20 Explosive Original Hits Vinyl,5.00,0.1170
v1|267746349646|0,Ukrainian Wedding Art Tymoshyk Music Men Album,5.00,0.1169
v1|358878985352|0,"Otis Leavill ""Baby (Why Can't You Hear Me)"" Crossover Soul 45 Brunswick Promo",9.99,0.1169
v1|128007438093|0,"Chick Corea, Friends LP Polydor 1978 Pittman Pressing, Sample VG+/VG+",8.66,0.1169
v1|257651955844|0,"ROCKWELL NOEL FEAT. POET The Wopp Sensation 11A 12"" NM/VG++ electro rap HEAR",7.50,0.1169
v1|366577538539|0,BILLIE HOLIDAY Lady Day COLUMBIA LP mono 6-eye o,8.00,0.1169
v1|358878981365|0,"Numonics ""One More Try/It's So Easy..."" Boogie Funk/Sweet Soul 45 Hodisk mp3",9.99,0.1169
v1|178368114218|0,"Kid Creole And The Coconuts,I Too Have Seen The Woods  M-rec& EX Cov Orig Inner ",4.00,0.1169
v1|147478757818|0,"AC/DC Dirty Deeds Done Dirt Cheap 1981 Vinyl Is VG Tested, Plays With No Skips.",20.00,0.1169
v1|267743462988|0,Bright Eyes Vinyl Box Set (2003) - Saddle Creek ‎– LBJ-53 SEVEN LPS!,125.00,0.1168
v1|377389408205|0,Shawn Phillips - Faces - Vinyl Record LP - Acoustic Folk Symphonic Rock,3.99,0.1168
v1|366577536796|0,SUGAR CANE HARRIS Cup Full Of Dreams MPS/BASF LP o,20.50,0.1168
v1|336722318469|0,"LPDavid Cedeño La Mujer De Mi Vida Latin Funk Soul, Salsa, Guaguancó LIBERDAD M-",24.95,0.1167
v1|257651526716|0,"LOOSE ENDS Hangin' On A String MCA 12"" VG+",8.50,0.1167
v1|298548779205|0,"Deep Purple  - Hush/One More Rainy Day -  US 7""",6.99,0.1166
v1|278248307892|0,FELIPE PIRELA Unica Mente Tu Latin LP Porfi Jimenez Vinyl Record,6.19,0.1165
v1|318672545231|0,Michael Jackson Invincible 2001 Promo JACKET ONLY for 2LP Vinyl E2 69400,201.00,0.1164
v1|377389408385|0,Exposed - A Cheap Peak at Today's Provocative New Rock Vinyl Record 2LP 1981 CBS,4.99,0.1164
v1|128007506728|0,NEIL DIAMOND:Beautiful Noise Columbia PC 33965 LP 1976 VG-/VG-,6.00,0.1164
v1|188734668553|0,DISCO CIRCUS Vinyl LP White Label PROMO RECORD 1978 Album JC 36049 EX+,9.50,0.1164
v1|147483388778|0,FULL OF HELL / NOTHING 2 VINYL LOT,30.00,0.1163
v1|147474826888|0,THE REVELS MIDNIGHT STROLL ON NORGOLDE N-103 VG+ (HEAR!),5.99,0.1162
v1|117338359448|0,Paul Anka – Vintage Years 1957–1961 (Rare 1977 2-LP Promotional Pressing),15.00,0.1162
v1|318668974897|0,Kiss Rock and Roll Over Vinyl LP Record (blue Tear Drop),17.48,0.1162
v1|188737753747|0,"K-Tel Southern Fried Rock 12"" Black Vinyl LP Stereo 1979 NU 9520 Southern Rock",2.88,0.1161
v1|358878805853|0,"Black Sweat & Bobby Raveen ""Black Sweat"" Funk Breaks 45 Sweat Inc. mp3",15.50,0.1161
v1|336722171007|0,WILLIE AND THE POOR BOYS - SELF TITLED - PASSPORT RECORDS LP,3.00,0.1161
v1|257658022737|0,"T.C. CURTIS You Should Have Known Better SIRE 12"" VG+ ",5.00,0.1160
v1|318668818371|0,Shaun Cassidy – Under Wraps - US LP + OIS 1978,4.99,0.1160
v1|178368110436|0,Good Rats ‎– Ratcity In Blue LP- Ratcity Records ‎– RCR-8001 VG +Record &EX Cov.,7.00,0.1160
v1|278241584638|0,BLASTERS Non Fiction LP 1983 ROCK/ROCKABILLY NM- NM-,14.99,0.1159
v1|198542034002|0,FACTORY SEALED the ROLLING STONES BLACK AND BLUE REMIXED 180G VINYL W HYPE STCKR,27.99,0.1159
v1|128007720115|0,GEORGE GERSHWIN:George Gershwin's Rhapsody In Blue Golden Tone C 4033 LP VG/VG-,2.00,0.1158
v1|800451516639|0,"GLENN HUGHES ""Play Me Out"" - Safari MWF 1037 - Orig. Vinyl LP Record Japan",9.99,0.1158
v1|800451828314|0,Warner Bros. Yellowjackets Yellowjackets LP Vinyl Jazz Fusion,5.95,0.1158
v1|800443916324|0,"Louise Murray - Did You Notice 12"" - Land Of Hits - Rare Modern Soul HEAR",82.81,0.1157
v1|178368111792|0,MAX'S KANSAS CITY VOLUME II 1977 M-rec. & EX Cov. With The Original Lyrics Sheet,12.00,0.1157
v1|128007019775|0,The Echoes Of Zion -The Sound Of Spirituals- Gospel LP on Smash - Hear,9.99,0.1157
v1|128007628500|0,Yami Bolo - When A Man Is In Love / Version VG+ Techniques,9.99,0.1157
v1|327292576226|0,Ocean to Ocean by Tori Amos 2xLP Vinyl Record Decca B0034646-01,8.00,0.1157
v1|407106628349|0,JOHN LEE HOOKER Sittin' Here Thinkin' DELTA BLUES HAPPY BIRD IMP LP SHRINK NM,9.99,0.1156
v1|128007407737|0,"Lou Reed & Metallica – Lulu, Vinyl LP, Vertigo EU Pressing 2011, Read Desc.",300.00,0.1156
v1|358879017437|0,"Star City ""Good Times"" Disco Funk/Sweet Soul 45 Skyline mp3",9.99,0.1156
v1|206460611104|0,Bruno Mars 24K Magic Vinyl Record Gold Disc,15.57,0.1156
v1|318661065882|0,HAMPTON HAWES I'm All Smiles CONTEMPORARY S7631 LP SEALED o,8.00,0.1156
v1|188734657064|0,DR. HOOK - SOMETIMES YOU WIN Vinyl LP RECORD 1979 Album Sexy Eyes SW 12018 NM,9.99,0.1156
v1|318672012651|0,"Black Menace - Murder Rate Goes On 12"" - Big Boy - NOLA Gangsta SEALED",9.50,0.1155
v1|377389690722|0,Sweeney Todd Vinyl Record Lp Original Cast,15.99,0.1154
v1|158147243843|0,"America's ""Harbor"" vinyl LP (1977)",5.00,0.1154
v1|158154886214|0,SOUL The Salisbury Twins He'll Never Know What Hit Him 1964 VG+ PROMO,5.00,0.1154
v1|366584418524|0,Gilberto Santa Rosa - Nace Aqui Lp (G+),14.99,0.1153
v1|137579193952|0,Connie Francis Sings Spanish & Latin American Favorites 1960 MGM E 3853 Vinyl LP,2.99,0.1153
v1|358878962947|0,"Lee Moses ""Never In My Life"" Funk/Deep Soul 45 Dynamo mp3",9.99,0.1152
v1|128007720048|0,FRANKIE VALLI ...Is The Word 1978 SEALED NEW LP on Warner Bros. #BSK 3233 HYPE,9.99,0.1152
v1|188733933950|0,"ANTHONY AND THE CAMP - WHAT I LIKE 12"" Vinyl 1986 RECORD Funk 0-20449 NM",9.99,0.1151
v1|278240836439|0,JEFF BECK GROUP “Self Titled” 1972 EPIC PE-31331 LP COVER & VINYL  ARE  VG+,9.00,0.1150
v1|168584171959|0,Renaissance - Novella Vinyl LP Gatefold,1.00,0.1150
v1|366583767313|0,"L.L. Cool J ""Mama Said Knock You Out"" Rap Hip Hop LP Def Jam/UMe Reissue 180g",7.99,0.1149
v1|137564874744|0,KOKO TAYLOR From The Heart Of A Woman CHICAGO BLUES LP ALLIGATOR NM,9.99,0.1149
v1|407102889898|0,BOB MARLEY and THE WAILERS Natty Dread ROOTS REGGAE ISLAND Goldisc Press LP,9.99,0.1149
v1|206462527523|0,Clifton Dyson - Slow Your Body Down LP - After Hour OG Press VG+ Shrink,30.00,0.1149
v1|800440146111|0,CLAUS OGERMAN/MICHAEL BRECKER Cityscape WARNER BROS LP VG+ SHRINK o,11.50,0.1149
v1|117338348003|0,Dennis Brown Emmanuel God Is With Us 7” 45 RPM (Morpheus) EX!,9.99,0.1149
v1|236980441170|0,Al Stewart - Zero She Flies 1970 Release - 1985 Germany RCA Printing - NM Vinyl!,4.95,0.1149
v1|800450339579|0,"Emerson, Lake & Powell Emerson, Lake & Powell LP Promo 1986 Polydor 422-829",7.00,0.1148
v1|206460662589|0,PREFAB SPROUT JORDAN THE COMEBACK  1990 COVER ONLY - No Record  46132 PROMO,0.99,0.1148
v1|267737064312|0,DILLARD HARTFORD DILLARD - TWO Album Bundle-Near Mint,12.00,0.1147
v1|168583900052|0,Frank Sinatra Point of No Return Vinyl LP VG+/EX - ULTRASONIC CLEANED & TESTED,8.99,0.1147
v1|168583820857|0,NEW COLLECTORS EDITION In The Groove With The Kings Of Swing- 72 Recordings Seal,5.00,0.1147
v1|278241531647|0,The Who-Quadrophenia 2 LP Gatefold w/ Booklet Original (1973)MCA2- 10004 VG/VG,9.00,0.1146
v1|198535902918|0,BUTTHOLE SURFERS Independent Worm Saloon Lp 2015 180g,99.99,0.1146
v1|128007021577|0,The Don Degrate Delegation -Look What Jesus Has Done- Gospel Soul Disco LP -Hear,9.99,0.1146
v1|128007721752|0,Ashford & Simpson:Solid LP Vinyl VG+/VG+,1.00,0.1146
v1|307102997626|0,Maria Muldaur - Waitress in the Donut Shop - 1974 Vinyl LP - Reprise MS 2194,8.99,0.1145
v1|117336790478|0,Quicksilver-vinyl ,10.00,0.1144
v1|800440179749|0,GALLIANO Halfway Somewhere BROWNSWOOD BWOOD0363LPG 2XLP gatefold SEALED o,11.50,0.1143
v1|318668631052|0,Al Jarreau - Jarreau - US LP 1983,4.99,0.1143
v1|168585929174|0,"Dinah Washington"" Unforgettable"" LP Mercury MG-20572 MONO LP EX/NM - ULTRASONIC",11.99,0.1142
v1|198542633205|0,For A Few Dollars More Record,6.99,0.1142
v1|178368002830|0,PLAINSONG 3 CD LOT  IAIN MATTHEWS  BRITISH FOLK ROCK LEGENDS  AUDIO NM/M,6.99,0.1141
v1|168584173424|0,Artists United Against Apartheid  Sun City  LP Vinyl w flyer,1.00,0.1141
v1|267742778897|0,R. Kelly - R. Jive – 01241-41625-1 RARE TRIPLE LP 1998 I Believe I Can Fly 3xLP,85.00,0.1140
v1|366577512733|0,PRESERVATION HALL JAZZ BAND New Orleans COLUMBIA LP VG+ autographed o,8.00,0.1140
v1|398251060501|0,KLAUS DOLDINGER QUARTET Blues Happening WORLD PACIFIC | Jazz | LP HEAR,9.99,0.1140
v1|377377323755|0,RARE Garage Rock Psych 45 RPM vinyl record JuJus You Treat Me Bad Fenton label,505.00,0.1140
v1|257650383135|0,Marvelettes - PLAYBOY Tamla – TM 231   1962 Pressing,100.00,0.1139
v1|366581895151|0,"K.M.D.  "" NITTY GRITTY ""  ORIG  12"" ",20.00,0.1139
v1|298556487172|0,"THE RAMSEY LEWIS TRIO - The In Crowd (LP, 1965)",5.75,0.1139
v1|318664077272|0,"Noel Williams - Fantasy 12"" - Tashamba - Electro Funk Vocoder HEAR",8.50,0.1138
v1|188734675531|0,GEORGE THOROGOOD AND THE DESTROYERS - MAVERICK Vinyl LP 1985 RECORD ST 17145 NM,9.77,0.1138
v1|257658124548|0,LIGHTNIN SLIM-I'M EVIL & DON'T MISTREAT ME BABY-2 BLUES/SOUL 45'S ON EXCELLO,9.99,0.1138
v1|800454443631|0,Bill Withers - Live at Carnegie Hall 2xLP - Sussex,14.50,0.1137
v1|366577535672|0,BARRY HARRIS Plays Tadd Dameron XANADU LP VG+/VG++ SHRINK o,8.50,0.1137
v1|307102697344|0,Beethoven: Missa Solemnis - Leonard Bernstein New York Philharmonic 2 LP Record,4.80,0.1137
v1|178364314171|0,Grateful Dead Without A Net 1989 & 1990 Live Limited Rhino Vinyl LP Sealed,26.00,0.1137
v1|257651706437|0,"MO' JACK Musical Form LONDON HOUSING BENEFIT 12"" VG+ ",12.00,0.1137
v1|257657834456|0,David Houston Almost Persuaded On Epic Records 1966 Vinyl Lp,0.94,0.1136
v1|318671796152|0,"CAT STEVENS 1970 ""TEA FOR/TILLERMAN"" ORGNL Shrink  VG+",5.00,0.1136
v1|318668720460|0,The Charlie Daniels Band – Saddle Tramp - US LP Gatefold 1976 orange epic,4.99,0.1136
v1|358878787653|0,"Ann Hodge ""Nothing But The Truth/You're Welcome Back"" Northern Soul 45 XL mp3",12.25,0.1136
v1|377386839642|0,The Byrds Younger Than Yesterday 1967 CL2642 Vinyl NM Cover F Sonically Cleaned,19.95,0.1135
v1|257651628089|0,"MARK WATSON PROJECT Messin With My Mind CHUMP 12"" VG++",5.00,0.1135
v1|366577509955|0,RETURN TO FOREVER FT. CHICK COREA Hymn Of The Seventh Galaxy COLUMBIA LP VG++ o,8.00,0.1134
v1|236980361901|0,"HOWLIN"" WOLF 1971 ""London Sessions"" LP w ERIC CLAPTON Steve Winwood Vinyl",18.00,0.1134
v1|307097569520|0,"ALEJANDRO JAEN - ROCKMANTICO - 1988 MEXICAN LP WOC, LATIN POP",14.99,0.1133
v1|257651656312|0,"MELBA MOORE Love's Comin' At Ya EMI AMERICA 12"" VG+",5.00,0.1133
v1|398242889462|0,In Time by The Mavericks 33 1/3 vinyl LP NM,40.00,0.1133
v1|267748575189|0,11 cereal records lot monkees 🐵🐵 archies sugar bears 🐻🐻 bobby sherman,33.99,0.1133
v1|307102480889|0,M.C. TWIST & The DEF SQUAD Comin' Thru Like Warriors-Skywalker Records PROMO NM,0.99,0.1131
v1|267743934741|0,Moby Grape - S/T LP - '90's repress - EX/EX,28.00,0.1130
v1|800451295479|0,“Billie Holiday”Jazz 78 Solitude/God Bless The Child Okeh Double LP Vinyl Record,9.00,0.1130
v1|257651756242|0,"NEW YORK MODELS Love On Video MEMO 12"" VG++ Hi NRG HEAR",5.50,0.1130
v1|318672012670|0,Cam'ron - Come Home With Me 2xLP - Roc-A-Fella VG+,10.51,0.1130
v1|227459302768|0,Gregg & Duane Allman - Same USA Orig. Vinyl LP VG+ Play Tested.  Vacuum Cleaned,7.00,0.1130
v1|257652042438|0,"SILVETTI, BEBU Spring Rain SALSOUL 12"" VG++ 1976",5.00,0.1129
v1|358875494035|0,The 3 Sounds Vinyl Album Live At The Lighthouse,30.00,0.1129
v1|236982802174|0,Lot of 16 Rap & Hip-Hop DJ  Vinyl 80’s-90’s VG-VG+ selections in pic. HH1,20.00,0.1128
v1|257651853089|0,"POOR RIGHTEOUS TEACHERS Rock Dis Funky Joint PROFILE 12"" NM SHRINK",9.50,0.1127
v1|407115066935|0,"Kenny Rankin -  Silver Morning Atlantic Rock 12"" 33 RPM Black Vinyl LP",5.00,0.1127
v1|168583614217|0,PHILADELPHIA CLASSICS 1977 Double LP Extended Mixes VG+ ULTRASONIC CLEANED,19.99,0.1126
v1|128007516451|0,bob marley the wailers  ILPS 9596   VG,16.40,0.1125
v1|336722420799|0,"AC/DC “POWERAGE” Vinyl LP Record Album - Rare Red Vinyl - 1978 Atlantic, Canada",27.76,0.1125
v1|267742662438|0,Daniel Caesar - FREUDIAN Golden Child Recordings – 924249 BLUE VINYL,160.50,0.1125
v1|236980244824|0,"THE BEATLES - Sgt Peppers (Apple SMAS-2653) - 12"" Vinyl LP  Gatefold 1971 VG+/VG",23.50,0.1124
v1|407117067087|0,"RONNY LANG AND HIS ALL-STARS-MODERN JAZZ-TOPS 1521, DAVE PELL, MARTY PAICH",15.99,0.1124
v1|147472447832|0,CROSBY STILLS & NASH Self Titled Vinyl LP  Gatefold W/Lyric Sheet SD19117 EX/VG+,12.50,0.1124
v1|257651753243|0,Wishbone Ash - Just testing- LP - promo vg+/ex,9.00,0.1124
v1|227460589665|0,LAUREN BACALL Reads James Thurber's 13 Clocks V2 VG+ VINYL LP Record USED,6.55,0.1123
v1|336722527689|0,"Elmer Bernstein - Gold, 1974 Promo LP, Soundtrack, Jazz, Stage & Screen.",6.00,0.1123
v1|227459281804|0,"Johnny Mathis Heavenly LP 12"" Black Vinyl 33 RPM Columbia CS 8152 Stereo",5.99,0.1123
v1|318668236168|0,Various – Platters - Penguins  - Del Vikings  - Danleers - US 2LP Gatefold 1986,4.99,0.1123
v1|178368471795|0,Solo Monk Vinyl Org Music NM/NM 180G 2017 Vinyl Record,40.00,0.1122
v1|336722434707|0,The Kinks Lola Versus Powerman RS 6423 Original LP Reprise - VG,4.99,0.1121
v1|257651592876|0,"MADONNA What It Feels Like For A Girl MAVERICK 2x12"" VG++ PROMO wlp",10.50,0.1121
v1|398243407581|0,KENNY DORHAM QUINTET Jerome Kern Showboat - 1961 TIME 52024  *Jimmy Heath,30.00,0.1121
v1|198547677284|0,"MEGA RARE SEALED 12 INCH ALLIUS TALKING ""ANOTHER VICTIM RODNEY KING"" HIP HOP",400.00,0.1120
v1|128007720731|0,THE VENTURES:10th Anniversary Album Liberty LST 35000 2LP 1970 VG/VG,6.00,0.1120
v1|307102511358|0,George Harrison 33 1/3 1976 Dark Horse Label Winchester Pressing VG+,7.50,0.1120
v1|188734904307|0,Promotional Vinyl Osmonds Steppin’ Out LP  SRM-1-3766 - 1979 - Autographed,29.95,0.1120
v1|366577529656|0,CLAUDIA GOMEZ Salamandra CLARITY LP VG+ o,13.50,0.1120
v1|358875553956|0,1945 Big Joe Turner Pete Johnson Trio Decca 11001 Blues 78 RPM Plays Both Sides,9.99,0.1119
v1|257651955219|0,"ROCKERS REVENGE W/DONNIE CALVIN Walking On Sunshine STREET WISE 12"" VG++ electro",5.00,0.1119
v1|407114981249|0,Rare Ernest Tubb 2-EP - Jimmie Rodgers Songs Sung By Ernest Tubb - Decca #ED 588,14.99,0.1119
v1|318661011444|0,DON PATTERSON & THE JAZZ GIANTS The Best Of... PRESTIGE LP o,8.00,0.1119
v1|206460841870|0,6 LP Children Vintage Tom Thumb Happy Birthday Do-RE-Mi Counting Alphabet Sing,10.00,0.1118
v1|188718342273|0,DAG NASTY Dag With Shawn Lp Minor Threat Fugazi PUNK,24.99,0.1118
v1|287493830826|0,ROY CLARK     Lot Of 1 Vinyl Record LP     WHITE LABEL PROMO     VG+,1.99,0.1118
v1|236980281783|0,JOHN LENNON & YOKO ONO WEDDING ALBUM ODEON EAS80702 1LP Japan Import VG+,8.50,0.1116
v1|278249585381|0,Mussorgsky Pictures at an Exhibition Night on Bald Mountain LP Record VG/NM,1.00,0.1116
v1|287501114939|0,"The No. 1 Hits of the 60s LP 12 "" Vinyl Record - set of 3",5.79,0.1116
v1|800440178925|0,CURTIS FULLER Fire & Filigree BEE HIVE LP VG+ o,16.17,0.1116
v1|236978024663|0,Camper Van Beethoven - Our Beloved Revolutionary Sweetheart / 1988 / 7 90918-1,19.99,0.1115
v1|128007025612|0,The Cherubims -Chilly Wind- Sealed Gospel LP on Gospel Roots,9.99,0.1115
v1|366577505573|0,WOODY SHAW CONCERT ENSEMBLE At The Berliner Jazztage MUSE LP wlp o,9.50,0.1115
v1|298554744711|0,"1973- DAVE MASON, "" DAVE MASON IS ALIVE"", 12"" BLUE THUMB RECORDS,  ROCK",1.99,0.1114
v1|188734667677|0,"THE SEQUENCE - FUNK YOU UP 12"" Vinyl 1979 RECORD Sugar Hill SH 543 NM",9.99,0.1113
v1|257657167264|0,"Crosby, Stills, Nash & Young American Dream 1988 Vinyl EX/EX",6.44,0.1112
v1|287499256945|0,Lionel Richie “Cant Slow Down” Vinyl LP Gatefold 1983 Motown Records,4.95,0.1111
v1|318672012686|0,Cortijo Y Su Combo Con Ismael Rivera - Fiesta Boricua LP - Rumba Mono VG+ Shrink,13.50,0.1110
v1|336722310265|0,PINK FLOYD Wish You Were Here 1975 Canadian **SHIRNK/HYPE** MINTY!!!!! ULTRA/VPI,89.50,0.1110
v1|287499667257|0,Lionel Hampton At The Vibes Vinyl LP Record 1962 Spin-o-Rama S-3077,3.69,0.1110
v1|147480463846|0,Julie Is Her Name - Julie London Vinyl LP G+/VG US 1960 Reissue Jazz Vocal Pop,3.99,0.1110
v1|178358543621|0,Los Potros Self Titled Vinyl LP La Mancha Juan Colorado 1978 Norteño Mexico,19.99,0.1109
v1|147472496054|0,The Dead Weather Horehound 2LP TMR-008 Jack White Third Man Records,24.99,0.1109
v1|117341316569|0,Chick Corea Return To Forever Album Vinyl LP Record EX-/VG+,9.99,0.1109
v1|168571169353|0,Sunny Ozuna & The Sunliners 1966 Soul 45 on Tear Drop~ Fly Me To the Moon ~ Hear,9.99,0.1109
v1|257649918736|0,Los Brios - RECUERDOS Y ALGO MAS... PROFONO INTERNACIONAL PRL-90524 IN SHRINK!,50.00,0.1109
v1|307102900271|0,Johnny Cash At San Quentin 1969 - Used - Columbia 360 Sound CS 9827,10.03,0.1108
v1|366577517614|0,IDRIS MUHAMMAD House Of The Rising Sun KUDU LP VG+ o,8.00,0.1108
v1|318672012649|0,Biz Markie - Goin' Off LP - Cold Chillin',29.99,0.1107
v1|318664077350|0,"Unlimited Touch - I Hear Music In The Streets 12"" - Prelude Boogie Funk VG+ HEAR",8.00,0.1107
v1|287499693102|0,VTG Hiriata Salamon Maono - Aparima Et Otea Eddie Lund Tahiti Records Tiki,6.99,0.1106
v1|257658080267|0,"TOM TOM CLUB Wordy Rappinghood SIRE 12"" VG+ ",5.00,0.1106
v1|267743482842|0,Sonik Omi – AABROO Soundtrack Odeon – 3AEX.5207 BLACK LABEL ORIGINAL RARE!,400.00,0.1105
v1|407117208457|0,"Digable Planets ""Nickel Bags"" Rap Hip Hop LP Pendulum/Elektra OG",7.99,0.1104
v1|398245527710|0,House Of Pain/Truth Crushed To Earth Shall - Tommy Boy LP VG++ WLP PROMO,39.98,0.1104
v1|257658079965|0,"TOM TOM CLUB Wordy Rappinghood ISLAND 12"" VG++ UK pressing",5.00,0.1104
v1|366577512522|0,ALVIN QUEEN In Europe NILVA LP VG+ switzerland o,10.50,0.1104
v1|358875928619|0,"The Muppets Favorite Songs From Jim Henson's Muppets (2xLP, Comp) PolyTel NM/VG",19.95,0.1103
v1|206462527528|0,Cymande - S/T LP - Janus,14.50,0.1102
v1|366583787774|0,"Luniz ""I Got 5 On It"" Rap Hip Hop 12"" Noo Trybe/C-Note HEAR",8.50,0.1102
v1|168589023025|0,LOS TOLIMENSES- En Ooorbita- Vinyl LP STEREO RED LABEL VG CONDITION,9.99,0.1102
v1|257658132487|0,"V/A Vinyl Loops Vol.1 DANCE ALL DAY 12"" VG+/VG++ GERMANY 2001 house trance",5.00,0.1102
v1|358878927397|0,"Jeanette Baby Washington ""Let Love Go By"" Northern Soul 45 ABC Paramount mp3",9.99,0.1101
v1|257658171346|0,LED ZEPPELIN IV-ZOSO-CLASSIC ROCK LP IN SHRINK-HYPE STICKER,29.99,0.1101
v1|128007038917|0,V/A -The National Convention Of Choirs & Choruses - Modern Soul Gospel 2LP -Hear,9.99,0.1101
v1|257662816526|0,"The Who – Tommy - DECCA - 2013, Tri-fold sleeve, Vinyl Record! RARE",4.00,0.1101
v1|257649921422|0,The Neptunes Present... Clones PROMO 2xLP STAR TRAK 82876-51827-1 Pharrell,30.00,0.1100
v1|147478406841|0,BLACK METAL DARK AMBIENT 2 VINYL LOT  WOLVES IN THE THRONE ROOM / CELESTIIAL,25.00,0.1100
v1|366577527745|0,CURTIS FULLER All-Star Sextets SAVOY 2XLP VG+ gatefold o,8.00,0.1100
v1|257651767700|0,"NOCERA Summertime, Summertime SLEEPING BAG 12"" NM SHRINK ",7.50,0.1097
v1|137578966181|0,"Kris Kristofferson ""The Silver Tongued Devil and I"" Vinyl Monument Z30679 1971",1.99,0.1097
v1|377391682180|0,THE BAND s/t MOBILE FIDEILITY MO-FI # 1112 2013 LP VINYL Record ALBUM VG+ USED,43.73,0.1097
v1|398243570344|0,RIMSKY-KORSAKOV/SCHEHERAZADE-Capriccio Espagnol Dutoit London 1984 LP 410 253-1,5.00,0.1097
v1|257651851179|0,"POLICE Don't Stand So Close To Me A&M 12"" NM QUIEX vinyl",9.50,0.1096
v1|267745917709|0,CHEAP TRICK In Color LP Epic Records PE 34884 Gatefold 1977,9.95,0.1096
v1|257662797459|0,Neil Young - Lot Of 2 Different Versions! Glossy & Matte - 1985 Old Ways BOTH,4.00,0.1096
v1|278247246655|0,Steve Forbert-2 LP Lot Jack Rabbit Slim-Alive On Arrival Vinyl Record Classic,9.99,0.1095
v1|117336571742|0,The Dennis H. Freeman Movement Choir -Come Holy Spirit- Indiana Gospel LP - Hear,9.99,0.1094
v1|178370535655|0,LOVE AND ROCKETS four song import vinyl record,5.48,0.1094
v1|257652090716|0,"STEPHANIE MILLS What Cha Gonna Do With My Lovin 20TH CENT. 12"" VG++ boogie funk",5.00,0.1094
v1|398242384441|0,Brick Vinyl,8.00,0.1094
v1|236980304701|0,Steel Pulse - Tribute To The Martyrs LP - Mango MLPS-9568   EX,15.50,0.1093
v1|366577509410|0,JEROME RICHARDSON Going To The Movies UNITED ARTISTS JAZZ LP VG+/VG++ reissue o,8.00,0.1093
v1|188734666418|0,PATTI LABELLE - PATTI Vinyl LP RECORD 1985 Album SOUL Hype Sticker FZ 40020 NM,9.22,0.1093
v1|278241584664|0,LESTER FLATT Before You Go LP 1974 BLUEGRASS NM- NM-,9.99,0.1093
v1|257657379015|0,Not Another Teen Movie Soundtrack Color Vinyl 140/500 LP ‘Enjoy the Ride’ ETR,99.99,0.1092
v1|358878815347|0,"Bobby Womack ""Home Is Where The Heart Is"" 70's Soul 45 Columbia mp3",10.99,0.1092
v1|398251093545|0,BOBBY BLAND Two Steps From The Blues DUKE Wicked! | Deep Soul | LP HEAR,9.99,0.1092
v1|188734672374|0,NICK LOWE AND HIS COWBOY OUTFIT - THE ROSE OF ENGLAND Vinyl LP RECORD FC39958 NM,9.50,0.1090
v1|298554780001|0,"1984-THE TEXTONES, ""MIDNIGHT MISSION"", 12"" A&M RECORD, ROCK",1.99,0.1090
v1|800461301505|0,Progressive Rock LP- The Moody Blues - Days Of Future Passed - VG+,5.99,0.1090
v1|358879012549|0,"Sass ""I Only Wanted To Love You"" Sweet Soul/Funk 45 20th Century mp3",15.50,0.1090
v1|398241299572|0,Firefall Mirror Of The World,4.00,0.1090
v1|318672012654|0,Black Moon - Enta Da Stage LP - Wreck,20.50,0.1090
v1|128007720150|0,THE LEROI BROTHERS Forget About The Danger Think Of The Fun 1984 PROMO LP 39106,9.99,0.1090
v1|377389407952|0,"William Goldstein -Oceanscape - 1986 Vinyl Record LP, CBS FM 42226 Audiophile",3.99,0.1089
v1|137580163995|0,TOMMY DEE The Chair 45 Hello Lonesome VG+ WLP promo,6.00,0.1089
v1|307102945284|0,JESSE BELVIN ~ MR. EASY ~ 1960 ~ 33 RPM JUKEBOX ISSUE~  RECORD NM  COVER NM,0.99,0.1089
v1|398251042233|0,ARETHA FRANKLIN  I Never Loved A Man ATLANTIC | Shrink | Sticker | Soul LP HEAR,9.99,0.1089
v1|168584056529|0,DESTRUCTION - Infernal Overkill LP Vinyl Record 2004 Sweden Picture Disc,29.99,0.1089
v1|198542829902|0,6 ORIGINAL 1960s SOUL * TEMPTATIONS * BURKE * BAR KAYS * JR WALKER * WONDER EX!,15.00,0.1089
v1|158150071569|0,"Danger Mouse & Black Thought ""Cheat Codes"" Rap Hip Hop LP BMG Ltd. Red Wax",12.50,0.1089
v1|278235166717|0,"D.I.D. – Alcyone. 1993 12"" 45RPM Vinyl Record Album. Belgium.",50.00,0.1089
v1|198543928506|0,FIST - Thunder in Rock - Vinyl LP 1981,9.95,0.1089
v1|147478739131|0,PRISTINE 1969 1st Press. Vinyl Is VG++. Jacket & Sleeve are VG+  King Crimson.,55.00,0.1088
v1|377389407609|0,Rev. F.C. Barnes & Janice Brown - Rough Side of The Mountain - Vinyl LP - Gospel,9.99,0.1088
v1|158129662122|0,Otis Redding 1962 Soul 45 on Volt ~ These Arms of Mine ~ Hear,9.99,0.1087
v1|257658079116|0,"TLC No Scrub LAFACE 12"" VG+",5.50,0.1087
v1|236980269426|0,Aerosmith Permanent Vacation Vinyl LP 1987 Geffen GHS 24162 w/ Inner VG,7.50,0.1087
v1|298554566969|0,Richard Pryor Rev. Du Rite LP Laff A-216 1981,5.00,0.1087
v1|800440146904|0,IDRIS MUHAMMAD Make It Count FANTASY LP o,8.00,0.1087
v1|336722400622|0,L.A. Guns Self-Titled -Vertigo Records 834 144-1 988 Vinyl LP,38.00,0.1086
v1|236980307155|0,Fleetwood Mac Rumors BSK 3010 1977 Vinyl with Insert Warner Bros. Shrink + Hype,24.38,0.1086
v1|206457726648|0,"Maye Ervin - What Is It 12"" - Music Int'l - Synth Boogie VG+ HEAR",91.00,0.1086
v1|188714804568|0,Batman Comic Vinyl Record Gorilla City and Mystery of The Scarecrow Corpse,1.00,0.1085
v1|267748057546|0,NEWPORT IN NEW YORK 72 #6 JAZZ/R&B/BLUES COMP LP CURTIS MAYFIELD BB KING 1972,14.99,0.1085
v1|128008559869|0,ELVIS PRESLEY A DATE WITH ELVIS LP ORIG 1ST PRESS MONO LPM-2011 RCA RECORDS,24.99,0.1085
v1|168584153472|0,"Wichita Lineman by Glen Campbell 1968 (ST - 103) 12"" Vinyl LP Capitol Records",1.00,0.1085
v1|287499636216|0,Curtis Mayfield - Never Say You Can’t Survive LP Vinyl Curtom Records 1977 VG,8.99,0.1084
v1|158147484875|0,The Chirping Crickets Buddy Holly 1st Press PLAY TESTED Brunswick BL 54038,31.00,0.1083
v1|358878859757|0,"Creation ""I'm So Lonely"" Sweet Soul/Funk 45 Prolific mp3",11.50,0.1082
v1|128007720574|0,V/A Oldies But Goodies Vol 7 1964 LP on Original Sound #OSR-LPS 8857 SHRINK,9.99,0.1082
v1|178367577809|0,FREDDY CANNON SOLID GOLD HITS SWAN RECORDS MONO LP-505!,14.99,0.1082
v1|307103072963|0,Ronco Good Vibrations  22 Original Hits & Artists  EX,5.00,0.1082
v1|257652049746|0,"SMASH Blue Jeans DTD 12"" VG++ boogie rap HEAR",5.00,0.1081
v1|257651892266|0,"Q-TIP Breathe And Stop ARISTA 12"" VG++ ",10.50,0.1081
v1|188718033749|0,Juanita y Maria Mendoza - Por Una Ingrata Mujer - FALCON 110 V+/E-,19.99,0.1080
v1|257652016419|0,"SASHA/EMERSON Scorchio DECONSCRUTION 12"" VG+ UK 2000 progressive house trance",7.50,0.1080
v1|236980243702|0,Bruce Hornsby And The Range The Way It Is Vinyl LP Record 1986 RCA  EX/VG+ Inner,9.99,0.1080
v1|298553892760|0,"1944-THE PHIL MOORE FOUR, "" AND HER TEARS FLOWED LIKE WINE"", 10"" VICTOR RECORD,",1.99,0.1080
v1|318661064102|0,BARRY HARRIS TRIO Breakin' It Up CADET LP o,8.00,0.1079
v1|206460793936|0,Vanity 6 Self-Titled Vinyl LP Record Album,5.60,0.1079
v1|318668501634|0,JEFF & ALETA Love Touch SRI Modern Soul 45,19.99,0.1079
v1|158150079433|0,"MICHAEL KIWANUKA I'm Getting Ready 7"" VINYL RECORD Tell Me a Tale (Live)",5.00,0.1079
v1|398243538620|0,"Diana Ross Diana 12"" Black Vinyl LP 33 RPM Stereo Motown 1980 Disco Soul",4.00,0.1078
v1|307102684327|0,Carl Fenton’s Orch - Rio Rita / Following The Sun Around - Brunswick 3472,6.00,0.1078
v1|298554041216|0,TOM BROWNE MAGIC 1981 SHRINK OVER JACKET HYPE STICKER LP Nice Vinyl,5.99,0.1078
v1|257651656691|0,"MELBA MOORE Pick Me Up, I'll Dance EPIC 12"" VG++",5.00,0.1077
v1|236980265867|0,Whitesnake Self Titled Vinyl LP Record 1987  Geffen Records GHS 24099 VG+,14.05,0.1077
v1|278241009973|0,"Harper Valley PTA Original Soundtrack LP , Barbara Eden",1.49,0.1077
v1|407115057467|0,Wang Chung Mosaic Lp,7.99,0.1077
v1|257658063075|0,"TIME 777-9311 WARNER BROS 12"" VG++/NM PROMO ",5.00,0.1077
v1|358878795671|0,"Barbara Stant ""My Mind Holds On To Yesterday"" 70's Soul/Sweet Soul 45 Shiptown",16.50,0.1076
v1|168576330674|0,The Stylistics-1982-Philadelphia International Label Vinyl LP,7.95,0.1075
v1|158149927009|0,The Birdlanders : JJ Johnson M Jackson K Winding M Roach Everest 1973 Vinyl LP,2.99,0.1075
v1|188713438970|0,Six Jumping Jacks -She's The Sweetheart Of Six other Guys - BRUNSWICK 3917 V+/E-,19.99,0.1074
v1|128002427940|0,"Sturgill Simpson - Sound & Fury - 12"" Blood Red Vinyl - Rock Music",54.99,0.1074
v1|267745926213|0,"NEW EDITION If It Isn't Love 12"" Single EP MCA Records 1988 MCA-23830",4.95,0.1074
v1|318668853873|0,Windham Hill Artists – A Winter's Solstice - US LP 1985,4.99,0.1074
v1|236980313579|0,"Mance Lipscomb - Trouble In Mind Vinyl LP (Reprise RS 6404) Blue, EX",4.99,0.1073
v1|267746431109|0,"Martha Wash - RCA 12"" Single - Carry On - 07863-62367-1",1.99,0.1073
v1|128007080095|0,Timothy Wright Concert Choir -Do You Know The Light- Gospel Soul Disco LP - Hear,9.99,0.1073
v1|257651786089|0,"O'BRYAN Soul Train's A Comin' CAPITOL 12"" VG++ PROMO",5.00,0.1073
v1|168589166348|0,SOUL ROCK James Brown & Fabulous Flames Let Yourself Go King 6100 1967 EX WLP,5.00,0.1073
v1|358879052651|0,"The Vibrations ""Gonna Get Along Without You Now"" Northern Soul 45 Okeh mp3",9.99,0.1073
v1|398252925546|0,"Who Came First -  12"" Vinyl Record",8.99,0.1072
v1|307096217121|0,Supremes 33RPM “Produced & Arranged By Jimmy Webb” 1972 Motown Soul 12” PROMO LP,7.00,0.1072
v1|278241412591|0,Huey Lewis and the News “Sports”LP FV 41412 COVER & VINYL ARE EX TO NM IN SHRINK,12.00,0.1072
v1|407106927485|0,SONNY BOY WILLIAMSON  CHICAGO BLUES 2XLP CHESS FRENCH IMPORT NM/VG++,9.99,0.1072
v1|336720191596|0,"Jato Vondel  - We'll Join Together/Small Token Of My Love -  US 7""",7.50,0.1072
v1|257651622956|0,"MARK MILAN Foolish Pride METROPOLITAN 12"" VG++ freestyle ",5.00,0.1071
v1|188733994549|0,"BILLY KARLOFF & THE EXTREMES on LP ""LET YOUR FINGERS DO THE WALKING "" rock punk",2.99,0.1071
v1|236980234587|0,"Lot (46) Rock / Pop 12"" Vinyl Singles;  Pet Shop Boys Bowie Stones Prince Dolby",33.00,0.1071
v1|398251043223|0,PRINCE Controversy WARNER | Hype Sticker | Shrink | R&B | Funk |  | LP HEAR,10.49,0.1070
v1|358875851215|0,"Bad Company Straight Shooter LP Record 1975 Original Swan Song Rock, 33 RPM",10.00,0.1070
v1|236980224005|0,Lot of 30 Funk / Soul / R&B Vinyl LPs; Stevie Wonder Sylvester SOS TP & More!,16.50,0.1069
v1|398253613222|0,1349 - Mint- The Infernal Pathway 2LP 2019 Red vinyl Norway Season of Mist,20.00,0.1068
v1|236972782279|0,DIRE STRAITS - NM LASERDISC - On The Night - 1993,14.99,0.1068
v1|227453651696|0,LP REGGAE / FREDDIE McGREGOR / ALL IN THE SAME BOAT / RAS,9.99,0.1068
v1|278240958146|0,Paul Simon: In Concert Live Rhymin'-1974 PC-32855- COVER EX/VINYL VG+ In Shrink,9.00,0.1067
v1|307097569566|0,"MONSTERS OF ROCK, THIN LIZZY / RUSH / RAINBOW / SLADE 1984 MEXICAN LP PUNCH HOLE",49.99,0.1067
v1|318664077337|0,"Things To Come - Go For What You Know 12"" - Two Musketeers - Boogie Funk HEAR",15.50,0.1067
v1|377389386072|0,"Buck Clayton, Jumpin' At The Woodside (A Buck Clayton Jam Session), (LP, Album),",3.00,0.1066
v1|407117173311|0,"Cypress Hill ""III: Temples Of Boom"" Rap Hip Hop 2xLP Ruff House Promo Clean",7.99,0.1066
v1|137579038052|0,Joni Mitchell Don Juan's Reckless Daughter 1977 2 LP VG+,13.99,0.1066
v1|117337896057|0,Perry Como Lot Of 6 Lp Vinyl Record Albums Ex Condition,20.00,0.1066
v1|257658125544|0,"UNKNOWN & THREE D Beatronic TECHNO HOP 12"" NM HEAR",5.00,0.1066
v1|117338492663|0,Dennis Brown Satisfaction Feeling 7” 45 RPM (Daguilars Sound) VG+!,9.99,0.1065
v1|307093822830|0,Paul Whiteman Potato Head Columbia #1505-D Fox Trot,6.95,0.1065
v1|307093819574|0,Paul Whiteman Potato Head Columbia #1464-D Fox Trot,6.95,0.1065
v1|307093825393|0,Paul Whiteman Potato Head Columbia #1731-D Fox Trot,6.95,0.1065
v1|307093818331|0,Paul Whiteman Potato Head Columbia #1444-D Fox Trot,6.95,0.1065
v1|206462771967|0,"Fatz Fundzlow / G-Dep - J&R 12"" Single - Catch Me / Girls - SEALED!",1.99,0.1065
v1|307102972571|0,BOBBY BROOKES ~ TEENAGERS DANCE TO ~ 1958  ~ 45 RPM EP ~  RECORD NM COVER EX,0.99,0.1065
v1|128007377333|0,Marty Robbins - Gunfighter Ballads..-EX/VG+ 1965 RE Country Columbia CS-8158,16.50,0.1064
v1|298554458375|0,"Archies Cereal Box Cardboard Record 1969 ""Boys & Girls"" #3 Flexi-disc 5 1/2""",3.95,0.1064
v1|158150154667|0,"EPMD ""Strictly Business"" Rap Hip Hop LP Fresh OG",10.50,0.1063
v1|227459090876|0,JANIS JOPLIN - Kozmic Blues / Little Girl Blue Nr MINT '69 psych blues rock 45,4.89,0.1063
v1|158147432629|0,"Rusty Warren Sex-X-Ponent Comedy 12"" LP 33 RPM Jubilee JGM 2054 Black Vinyl",2.25,0.1063
v1|147485222307|0,"1975 Ace Spectrum Keep Holding On 12"" Single Vinyl Record",9.00,0.1063
v1|236979668481|0,"Green Day ""FATHER OF ALL MOTHERF***ERS"" 12"" Black VINYL LP Record ",17.99,0.1063
v1|206458854050|0,DWIGHT YOAKAM BRIGHTER DAYS  FACTORY SEALED VIA 04939LP,24.99,0.1062
v1|358876130716|0,"Vehicle - The Ides Of March Warner Brothers, 1970 WS 1863 LP  EX!",9.99,0.1062
v1|178368176332|0,"Loggins and Messina Full Sail LP Vinyl 12"" 33RPM Stereo Columbia KC 32540 1973",1.91,0.1061
v1|366583729941|0,"JJ Doom ""Key To The Kuffs"" Rap Hip Hop 2xLP Lex MF Doom Jneiro Jarel",26.00,0.1061
v1|227456564812|0,45 REGGAE / TONY LAIDLEY / HAPPY BIRTHDAY JAMAICA / TULSA / LISTEN,9.99,0.1061
v1|377391111848|0,"FUNK/SOUL 7"" 45 RPM FREDDIE HUGHES NATURAL MAN ON WAND G+/VG 1968 PLAY TESTED PL",6.95,0.1061
v1|188734667321|0,SQUEEZE - BABYLON AND ON Vinyl LP RECORD 1987 Album SP 5161 NM,9.99,0.1060
v1|188714882294|0,Van Halen Women and Children First Vinyl Record with Poster,5.50,0.1060
v1|257662719571|0,Neil Young - Lot Of 2 - Reg & Promo!!! Comes A Time Vinyl Records - RARE,4.00,0.1060
v1|236980262907|0,"Marvin Gaye What's Going On Tamla Soul 1971 12"" LP Vinyl 33 RPM Stereo",9.00,0.1060
v1|407115318273|0,"Anton Dvorak Requiem Op. 89, 2 LP's Vinyl, Prague Philharmonic, NM DG 138026/27",9.99,0.1060
v1|257651806144|0,P FUNK ALL STARS Hydraulic Pump HUMP 12' VG++ ,5.00,0.1060
v1|336722407255|0,Queen Live Killers Vinyl LP 2 Record 1979 Gatefold Electra BB-702 VG/VG,10.00,0.1059
v1|188734655649|0,JOHNNY CASH - NOW THERE WAS A SONG! Vinyl LP RECORD 1960 Album CS 8254 NM,9.88,0.1059
v1|377389408327|0,Bishop Jeff Banks And The Temple Mass Choir - The Storm Is Over- Vinyl Record LP,4.99,0.1058
v1|800440203664|0,TOM HARRELL Sail Away CONTEMPORARY LP VG++ o,8.00,0.1058
v1|158149889800|0,"Brotherhood of Man ""United We Stand"" 1970 Vinyl Album / Record Deram Label",2.00,0.1058
v1|257651957482|0,"ROGUE VISION Every Little Thing About Cha C.R. TOWN 12"" NM modern soul HEAR",5.00,0.1058
v1|257651787845|0,"OLIVER LIEB PRESENTS SNAKESKIN Afrika YOSHITOSHI 2x12"" VG+ ",5.00,0.1057
v1|257651993211|0,"S.O.S. BAND No One's Gonna Love You TABU 12"" VG+ 1984 funk boogie",5.50,0.1057
v1|137586779390|0,"1987 Steve Winwood Valerie 12"" Single Vinyl Record",8.00,0.1056
v1|278241532214|0,"Buffalo Springfield Self Titled Double LP, Atco SD 2-806 COVER & VINYL ARE VG+",9.00,0.1056
v1|377389408212|0,Henry Gaffney - On Again Off Again - Vinyl Record LP 1978 UA MR-LA861-H,4.99,0.1056
v1|128007626070|0,Wailing Souls - (War De Round A) John Shop / Version EX Massive,19.99,0.1056
v1|800443916339|0,"Michael Wycoff - Looking Up To You 12"" - RCA Victor - Modern Soul VG+ PROMO HEAR",23.50,0.1056
v1|366579741172|0,Rare Rock 'n Roll LP & Obi - The Everly Brothers - Gone Gone Gone - Warner Bros.,14.99,0.1055
v1|206446219424|0,ZAPPA / MOTHERS Overnite Sensation 1973 DISCREET Classic Rock LP VG Play Tested,7.00,0.1055
v1|178358433544|0,INXS I Send A message Aussie press 1984 WEA label 45rpm,5.00,0.1054
v1|398242745832|0,"The System The Pleasure Seekers 12"" Black Vinyl LP Mirage Rock Cardboard Sleeve",4.54,0.1052
v1|358879028076|0,"The Emotions ""Love Of A Girl"" Sweet/Northern Soul 45 Vardan mp3",34.00,0.1052
v1|128007720421|0,SIMON AND GARFUNKEL:Bookends Columbia KCS 9529 LP 1968 G/VG,4.00,0.1052
v1|257651716913|0,"MOS DEF & PHAROAHE MONCH FEAT NATE DOGG Oh No RAWKUS 12"" VG+",5.00,0.1051
v1|158150273486|0,"Jay-Z ""The Blueprint 2 The Gift..."" Rap Hip Hop 4xLP Roc-A-Fella Promo OG ",19.50,0.1051
v1|257651596004|0,"MAGIC CUCUMBERS Ride EIGHTBALL 12"" NM 2000 hard tribal house",5.00,0.1051
v1|318660828013|0,Strawberry Alarm Clock Incense and Peppermints 1967 Stereo LP VG-/G+ READ**,9.99,0.1050
v1|147478803935|0,GENO WASHINGTON & THE RAM JAM BAND FINGER-POPPIN' DADDIES! U.K. (HEAR!),14.99,0.1050
v1|158133377698|0,Pink Floyd Dark Side of the Moon Harvest LP Record,9.99,0.1049
v1|307102745125|0,GOLDEN RECORD THE 3 STOOGES COME TO YOUR HOUSE 78 R.P.M. YELLOW VINYL 1959,24.99,0.1049
v1|188734116727|0,K-Tel Hit Machine 1976 LP Vinyl TU 2480,5.99,0.1049
v1|227463570356|0,Eartha Kitt “That Bad Eartha” 10” RCA  Mono LPM-3187 sweet vinyl,9.00,0.1049
v1|137558334993|0,EDDY GRANT Killer On The Rampage REGGAE  LP PORTRAIT SHRINK HYPE STICKER NM,9.99,0.1048
v1|158154952356|0,COUNTRY Ed Freeman Rosalind Smith Secret Love Affairs Gold Standard 131 1965 NM,5.00,0.1048
v1|158149858786|0,STEELY DAN Can't Buy a Thrill - 1972 1st Press ABC Black Label LP,40.00,0.1048
v1|257651937791|0,"RISQUE III Don't You Know STRIDE 12"" VG+ house 1987 OG",5.00,0.1048
v1|188729648612|0,Funk Soul - The Tonettes I Gotta Know - Dynamic - Doo Wop Northern Popcorn 60’s,15.50,0.1047
v1|407106497583|0,LIGHTNIN' HOPKINS  Shrink TEXAS BLUES LP Pete Helffrich etched Everest FS-241 NM,9.99,0.1047
v1|257651804565|0,The Counts – What's Up Front That-Counts PROMO Westbound WB-2011,100.00,0.1047
v1|800451514052|0,"Ronco Chart Runners Part 2 12"" Black Vinyl LP Stereo Pop Various Artists",2.99,0.1047
v1|377391686489|0,MOE KOFFMAN Swingin' Shepherd Plays For The Teens VG+ VINYL LP Record USED,5.00,0.1047
v1|398251055646|0,CAL TJADER Tjader Ade BUDDHA Latin Jazz | Funk | Breaks |  LP HEAR,9.99,0.1046
v1|318672012618|0,98 Kingz - The World We Know LP - Kings 4 Life - Gangsta Rap VG+,8.00,0.1046
v1|257659131205|0,Ruby and The Romantics LP Our Day Will Come KAPP Stereo,5.00,0.1046
v1|188734667179|0,GREG KIHN BAND - GLASS HOUSE ROCK Vinyl PROMO LP RECORD 1980 Album BZ 10068 NM,9.22,0.1046
v1|257651808106|0,"PATRICE RUSHEN Feels So Real ELEKTRA 12"" VG++ ",5.00,0.1044
v1|366587944712|0,"Fontana SRF 67569 To Sir, With Love OST 1967 LULU MINDBENDERS VG++ TO NM",3.99,0.1044
v1|257650269406|0,Mother Earth's Plantasia H-101 Mort Garson ORIGINAL W/ BOOKLET AND HYPE STICKER!,250.00,0.1043
v1|178368115756|0,Pearl Harbor and The Explosions S/T Self Titled 1980 Original NM Record & Cover ,5.00,0.1043
v1|117336541302|0,Texas St Pentecostal Young Peoples Union Mass Choir - Modern Soul Gospel LP Hear,9.99,0.1043
v1|298554538344|0,"1980- TIERRA, "" ZOOT SUIT BOOGIE/ TOGETHER"", 7"" BROADWALK RECORD , LATIN R&B",0.99,0.1043
v1|227453568040|0,LP REGGAE / INNER CIRCLE / REGGAE THING / TOP RANKING / TROJAN,9.99,0.1043
v1|257651700709|0,"MIX FACTOR March 2003 STRICTLY HITS 2x12"" VG+ Snoop Dogg Jennifer Lopez",5.00,0.1042
v1|236980249287|0,WARREN ZEVON Self Titled ASYLUM 7E-1060 LP VG+/VG+,6.50,0.1042
v1|158154918426|0,SYNTH POP The Human League Don't You Want Me A&M 2397 1981 NM PROMO Pic Slv,5.00,0.1042
v1|137558260084|0,BOB MARLEY and THE WAILERS  Babylon By Bus  ROOTS REGGAE 2LP ISLAND STERLING,9.99,0.1041
v1|206457726677|0,"Queen Samantha - Take A Chance 12"" - T.K. Disco - Cosmic Disco VG+ HEAR",8.00,0.1041
v1|298551348278|0,Toadies  - Rubberneck -  2014 LP in shrink - 180 Gram,99.99,0.1041
v1|188724829589|0,78 Blues  REV. J.M. GATES Ok 8388  V-  I'm Gonna Die../ There's One Thing I Know,12.00,0.1041
v1|398241282207|0,Grateful Dead - Historic Dead,18.00,0.1041
v1|178376872771|0,Buddy Morrow Night Train 1959 Vinyl LP Mercury SR 60009 Stereo Jazz Big Band,2.00,0.1041
v1|147479304057|0,Jesse McCartney - BEAUTIFUL SOUL - WHITE Color Vinyl LP - excellent condition,25.00,0.1041
v1|336726779311|0,Super Rare Ghost World Deluxe Limited Soundtrack Vinyl blue/green w extras,39.99,0.1040
v1|206457726739|0,"Yve Sterling - Strange Love 12"" - Pyramid - Boogie Funk VG+ HEAR",217.50,0.1040
v1|318664077215|0,"Jim Spencer - Wrap Myself Up In Your Love 12"" - Armada - Modern Soul VG+ HEAR",86.00,0.1040
v1|336722318552|0,PINK FLOYD The Wall 1979 1st PRESS **HYPE** NM BEAUTY!!!  Ultrasonic/VPI Clean,125.50,0.1040
v1|358883527377|0,KT Oslin Glen Campbell Julio Iglesias Cole Porter LP Vinyl Records Kiss Me Kate,15.99,0.1040
v1|206459982315|0,"Steve Miller Band  "" Fly like a Eagle "" LP { Please Read! }",3.00,0.1040
v1|318668724487|0,The Charlie Daniels Band – Fire On The Mountain - US LP Gatefold 1974,4.99,0.1039
v1|407117074949|0,"50 Cent ""Get Rich Or Die Tryin'"" Rap Hip Hop 2xLP Shady Reissue w/ Insert",18.50,0.1038
v1|377377282838|0,Garage Rock Psych 45 RPM vinyl record The Lords Young Heartbeat Barclay label,98.76,0.1038
v1|206460554089|0,"Josh White ""Self Titled"" 1958 'Strange Fruit'",7.89,0.1037
v1|206460607954|0,THE RAMBLER MINSTREL CO Introducing DIXIE DEAR STANDARD DISC RECORD 78,12.00,0.1037
v1|358879008751|0,"Ronnie Wilson ""Boy In A Crowd"" Rare Northern Soul 45 Karate mp3",335.00,0.1037
v1|227457544595|0,PRINCE AROUND THE WORLD IN A DAY 1985 PAISLEY PARK 92 52861 VG+,9.99,0.1037
v1|358875484789|0,Grant Green Vinyl Album Street Of Dreams VG+,35.00,0.1037
v1|398243367957|0,Blue Cheer Vincebus Erumptum,25.00,0.1036
v1|227457627882|0,"Big Mama Thornton The Way It Is Mercury Blues Vinyl LP Promo 12"" 33 RPM SR-61249",9.44,0.1036
v1|158147622282|0,Santana Abraxas Gatefold Vinyl Record Album Original 1970 Vintage & Poster,10.00,0.1035
v1|178367685606|0,DAN HILL Longer Fuse Vintage Black Vinyl 1977 20th Century Records VG+,5.00,0.1035
v1|366577505401|0,WOODY SHAW In The Beginning MUSE LP VG++ wlp o,57.00,0.1035
v1|298537138467|0,Mama Cass Dream a Little Dream LP Dunhill DS-50040,3.00,0.1035
v1|800454617264|0,OSCAR PETERSON RAY BROWN ED THIGPEN-THE SOUND OF THE TRIO-VERVE UMV 2078,19.99,0.1035
v1|336722314889|0,QUEENSRYCHE S/T EP 1981 ***SHRINK*** NM BEAUTY!!!   Ultrasonic/VPI,74.50,0.1035
v1|198547464308|0,Champion Jack Dupree BLUES FROM GUTTER Atlantic Japan RE LP 1980 LA Piano Blues,9.98,0.1035
v1|298559769124|0,BLUE OYSTER CULT VINYL AGENTS OF FORTUNE 1976 COLUMBIA PC 34164 *GATEFOLD *EX,10.00,0.1034
v1|206457726656|0,"Myth Micheals - Push It/Wash My Love Away 12"" - We-Four Rare Disco Funk VG+ HEAR",227.50,0.1033
v1|236978152487|0,The English Beat I Just Can't Stop It Vinyl LP 1980 Sire SRK 6091 WW2 Winchester,14.99,0.1033
v1|128007719793|0,LEO ADDEO AND HIS ORCHESTRA:Hawaii In Hi-Fi RCA CAS-510 LP 1958 VG-/VG,2.00,0.1033
v1|128007548414|0,Sweet ST -11395  Desolation Boulevard   VG,12.52,0.1032
v1|377389408296|0,Kenny Loggins - Celebrate Me Home Vinyl Record LP 1977 Columbia (PC-34655),3.99,0.1032
v1|298554566891|0,"The Nice ""Nice"" LP Columbia P11635 1973",8.00,0.1032
v1|366583770676|0,"Lauryn Hill ""The Miseducation Of..."" R&B Hip Hop 2xLP Ruffhouse Reissue",18.38,0.1031
v1|377391608894|0,CAT STEVENS IZITSO VINYL LP SP5141 GATEFOLD,8.00,0.1031
v1|267746425187|0,"D. St. - Celluloid 12"" Single - The Home of Hip Hop - CEL 185",1.99,0.1031
v1|287499609677|0,Ruben Blades Y seis del solar - Buscando America LP,22.50,0.1030
v1|257658129942|0,"V/A Freestyle 2000 Don't Stop The Rock The Millennium Mixes PANDISC 12"" NM",8.50,0.1029
v1|318664915282|0,ELVIS PRESLEY - FUN IN ACAPULCO LP - RARE - WHITE TOP - 1964 - RARE - LSP-2756,39.99,0.1029
v1|318672012692|0,Curtis Mayfield - Superfly OST LP - Curtom,11.50,0.1029
v1|236985353851|0,Italo Disco HiNRG Tapps You’re The One 12” Single Canada,14.99,0.1029
v1|407113273841|0,Rare Blues 2-LP - V/A - The Great Blues Men - Vanguard # VSD-25/26,12.99,0.1029
v1|128007719523|0,THE CARE BEARS:The Care Bears Care For You Kid Stuff KSS 5034 LP 1983 G/VG-,0.99,0.1029
v1|398251136418|0,Edda Moser - Virtuose Arien Von W.A. Mozart Vinyl LP Germany Excellent,5.85,0.1028
v1|267742583762|0,Revolution Overdrive (Songs Of Liberty) PICTURE DISC Blizzard Entertainment,175.00,0.1028
v1|318672339241|0,Beatles 45 Love Me Do P.S. I Love You Tollie T-9008 Nice Play Graded VG++,9.99,0.1028
v1|800443916371|0,"Prince & The Revolution - Kiss Shaped Picture Disc 7"" - Paisley Park UK VG+",38.00,0.1028
v1|227453646181|0,LP SOUL / WILLIAM BELL / BOUND TO HAPPEN / STAX,9.99,0.1028
v1|407113273840|0,Rare Punk 2-LP - Various Artists - LIVE AT CBGB's - CBGB & OMFUG Records,19.99,0.1027
v1|257651833059|0,"PICHERS Agony JAMMY$ 12"" VG+ reggae dancehall",5.00,0.1027
v1|168583945198|0,St. Paul & The Broken Bones – Sing A Simple Song / Moonage Daydream RSD L@@K!!!,19.99,0.1027
v1|407117367468|0,"JJ Doom ""Bookhead"" Rap Hip Hop EP Lex UK MF Doom Jneiro Jarel",11.00,0.1027
v1|236980294465|0,"Black Sabbath Master of Reality Warner Bros. BS 2562 12"" Black Vinyl LP Stereo",12.50,0.1027
v1|206461199405|0,DAVID LINDLEY And El Rayo-X ‎– Win This Record! - 1982 1st US Issue LP,3.00,0.1027
v1|117338591940|0,The Partridge Family - Up To Date BELL 6059 with insert poster 1972  Vinyl,8.00,0.1026
v1|137558311806|0,EDDY GRANT Going For Broke  REGGAE  LP PORTRAIT SHRINK HYPE STICKER NM,9.99,0.1024
v1|336722413224|0,JOHN LENNON & YOKO ONO Unfinished Music No. 2: Life With Lions 1969 ZAPPLE  VG+,6.50,0.1024
v1|278241411113|0,Electric Light Orchestra Face The Music LP Vinyl UA-LA546-G COVER VG+ VINYL EX,10.00,0.1024
v1|800443916396|0,"Sizzle & La Rom Baker - Love Is All Around 12"" - Record Co. Rare Disco OG HEAR",96.00,0.1023
v1|358878997466|0,"Randy Jackson ""How Can I Be Sure"" 70's Soul 45 Epic mp3",9.99,0.1023
v1|318664077284|0,Percy Larkins - Music Of Passion LP - Encore VG+,26.00,0.1023
v1|168585766155|0,Bee Gees Idea 1968 LP Atco Records SD 33-253 Stereo VG / VG+,4.00,0.1023
v1|257651528911|0,"LORD FINESSE Gameplan/Actual Facts PENALTY 12"" VG++",8.50,0.1022
v1|257651506977|0,"LIQUID LIQUID Optimo NOT ON LABEL 12"" ",30.00,0.1022
v1|188734189092|0,Warren Zevon - Stand In The Fire Deluxe 2 LP 180 gram Vinyl(Like New/played),163.99,0.1022
v1|377391682183|0,NORMAN PARIS TRIO Clarabelle Clowns with Jazz GOLDEN CREST  VINYL LP Record USED,6.55,0.1021
v1|307093846799|0,Henri Le Bonte For You Alone The Phono-Cut Record Co. #5074 Hill & Dale Recorded,6.95,0.1021
v1|188722846828|0,DAN THE AUTOMATOR King Of The Beats Lp EPMD Dr. Octagon Hip-hop RARE OOP,49.99,0.1020
v1|287499153186|0,The White Cliffs Of Dover 3 LPs,6.29,0.1020
v1|178368176067|0,"Pierce Arrow – Pierce Arrow - 1977 – PC 34805,M- Record And EX Cover,Orig Inner ",7.00,0.1020
v1|336722426356|0,Prince The Revolution -Around The World In A Day LP Paisley Park 1985 VG+/VG+,9.50,0.1020
v1|318661066292|0,EDDIE HENDERSON Comin' Through CAPITOL LP o,8.00,0.1020
v1|257651771970|0,"NOTORIOUS B.I.G. One More Chance BAD BOY 12"" ",7.50,0.1020
v1|188734421411|0,Toni Arden - Sing a Song of Italy - Decca Records LP DL 8765 MONO Nick Perito,2.99,0.1019
v1|128007091718|0,"Straight Company -Glory Land Or Bust- Haunting Louisville, KY Gospel LP - Hear",9.99,0.1019
v1|188731828468|0,Vinyl LP Record Lot of 2 Return To Forever Musicmagic Laura Nyro New York Tendab,0.99,0.1019
v1|318664077322|0,Starpoint - All Night Long LP - Chocolate City VG+,10.50,0.1019
v1|117337278418|0,The Firm The Album 2x LP Vinyl 1997 Nas Foxy Brown AZ Dr. Dre,29.00,0.1019
v1|128007476840|0,Jukebox 45 & Title Strip Rod Stewart Rhythm Of My Heart Cleaned Tested,2.49,0.1019
v1|236980279488|0,Thin Lizzy - Fighting - 1975 Hard Blues Rock VERTIGO VEL-2005 Sleeve 1ST  G,12.50,0.1019
v1|287500242845|0,Maxime le Forestier 1972 French Import Vinyl LP 2393 40,8.00,0.1019
v1|188734671692|0,RICKY SKAGGS - DON'T CHEAT IN OUR HOMETOWN Vinyl LP RECORD 1983 Country 38954 NM,9.99,0.1018
v1|336722316259|0,OZZY OZBOURNE Bark At THE MOON 1983 1st PRESS **SHRINK** MINT-/NM Masterdisk RL,99.50,0.1018
v1|117338255141|0,John Denver - Farewell Andromeda LP Promo Vinyl - 1973 RCA APL1-0101,15.00,0.1017
v1|147478643150|0,RASCALS - (4) 45s - - VG-VG+,4.35,0.1017
v1|128007310682|0,"Steve Miller Band -Number 5 LP 1970 Original Record 12"" Capitol Records SKAO-436",5.50,0.1016
v1|158150429153|0,"Mary J. Blige ""My Life"" R&B Hip Hop 2xLP Uptown/Republic Remastered Reissue",8.50,0.1016
v1|358879016538|0,Vel Tone 1832  Annette Hanshaw GREAT BIG WAY 1929  78rpm V++ hear,19.99,0.1016
v1|257651547339|0,"LOVE MASTER ACE Diseases METROPOLIS 12"" VG++ 1986 hip hop",5.00,0.1016
v1|168589166345|0,GARAGE Liverpool Five Everythings Al'Right RCA 1965 EX PROMO,5.00,0.1014
v1|398251136370|0,"KYZE-TEST PRESSING-You Wear It Well-Mixes 12"" Vinyl Electro Hip Hop House",6.79,0.1013
v1|358878821397|0,"Broadway Express ""Its Okay With Me"" Sweet Soul/Funk 45 I-D-B mp3",12.50,0.1013
v1|377389407553|0,Spirit - Twelve Dreams Of Dr. Sardonicus - Vinyl Record LP - 1970 Epic E 30267,3.99,0.1013
v1|188719928879|0,"KC And The Sunshine Band ""(You Said) You'd Gimme Some More. Rare domestic 12""",4.00,0.1012
v1|298537092618|0,Family Dogg The View from Rowland's Head LP Buddah BDS 5100 Gatefold 1972,5.00,0.1012
v1|327292235736|0,Genesis UK EP Record Spot The Pigeon 1977,4.25,0.1011
v1|158133146260|0,The Oh Sees Floating Coffin LP Limited Edition,19.99,0.1011
v1|318661065487|0,MICKEY HART/AIRTO/FLORA PURIM Dafos REFERENCE RECORDINGS LP VG++/VG+ 45rpm o,13.50,0.1011
v1|158129662111|0,Nickie Lee 1967 Soul 45 on Dade ~ The Ten Commandments of Man ~ Hear,9.99,0.1010
v1|358878858658|0,"Corey Blake ""How Can I Go On Without You"" Rare 70's Soul 45 Capitol mp3",162.00,0.1010
v1|377389407178|0,Shawn Phillips - Bright White - A&M SP-4402 Vinyl Record LP,4.99,0.1010
v1|358879005938|0,"Roberto Roena ""Que Se Sepa"" Latin Funk Breaks Salsa 45 International mp3",32.00,0.1010
v1|178368172193|0,DONALD HEIGHT - Northern Soul - Crazy Little Girl - 1964 Old Town DJ 45rpm N/M,19.00,0.1009
v1|227459563109|0,Gordon Lightfoot – Don Quixote LP MS2056 Reprise Vinyl 1972 Beautiful EX!,12.00,0.1009
v1|168584171229|0,PETER PAUL & MARY Self-Titled Debut LP 1962 Warner Bros. WS 1449 Stereo Vinyl,1.00,0.1009
v1|257652058891|0,"SNAP The Power ARISTA 12"" VG++ SHRINK",13.50,0.1009
v1|158148198019|0,80s metal vinyl records lot Quiet Riot Triumph Y&T Krokus Aldo Nova Vg+ & Up Vin,34.99,0.1009
v1|377397225972|0,JESSAMINE / Belmont JUNIOR HIGH BAND - Spring 1976 LP Private Press - SEALED !,4.50,0.1009
v1|257652023677|0,"SHALAMAR The Second Time Around UNIDISC 12"" NM SHRINK",5.00,0.1009
v1|257622586393|0,"4  discs in sleeves BLUEBIRD, BRUNSWICK , VOCALION & CHAMPION 78rpm  E   1928-33",39.99,0.1009
v1|188729862020|0,Funk Soul - Lela Martin My Man You Know - Stigers - Oldies Popcorn Compton R&B,9.99,0.1009
v1|298553972496|0,Def Leppard - Pyromania Vinyl LP PolyGram Records 422-810308-1 Rock,22.00,0.1008
v1|366583702179|0,"Jadakiss ""Kiss Tha Game Goodbye"" Rap Hip Hop 2xLP Interscope Red Wax Reissue",7.99,0.1008
v1|307093852718|0,Metropolitan Orchestra Trolley Car Galop #283 Early Victor  Single Sided Disc,9.95,0.1008
v1|236979741059|0,CHARLIE HADEN / JAN GARBAREK / EGBERTO GISMONTI FOLK SONGS EMC LP PROMO NM,9.99,0.1007
v1|206460724006|0,Mike Adams And The Red Jackets - Surfers Beat 1963 Crown Records (LP),5.00,0.1006
v1|137557854235|0,BLACK UHURU Chill Out  ROOTS  REGGAE LP   ISLAND STERLING,9.99,0.1006
v1|407115163408|0,Patti Austin - In My Life LP VG+ Vinyl Record,10.00,0.1005
v1|307101803882|0,RIDERS IN THE SKY Self Titled 1982 RARE Vinyl LP Folk Country VG+/VG++,5.99,0.1005
v1|336722383479|0,KRAFTWERK : TRANS-EUROPE EXPRESS (SW-11603) - VG+/G+,12.84,0.1005
v1|366575005357|0,Ak Hac Binna Po3ayhnaa - Jak Nas Rozluczyla-Part 1&2 - RCA VICTOR V-21094 E,19.99,0.1005
v1|307097700718|0,FLEETWOOD MAC BARE TREES LP album 1972 REPRISE RECORDS #MS2080 VG+,8.95,0.1005
v1|257651711046|0,"MOON Blow Up The Speakers DROPOUT 12"" VG++/VG+ GERMANY hard house trance",5.00,0.1004
v1|358883527730|0,Roger Williams Jim Reeves Henry Mancini The Springfields Sons Of The Pioneers Vi,15.99,0.1004
v1|257651815408|0,"PEECH BOYS Life Is Something Special ISLAND 12"" VG+ GERMANY",5.00,0.1004
v1|178368113495|0,"The Cretones Thin Red Line LP Planet  M-Record And Cover, Original Inner Sleeve ",7.00,0.1004
v1|128009003561|0,Squeeze - Sweets From A Stranger - NM/MM 1982 Pop Rock A&M SP-4899 Sleeve 1ST ,4.99,0.1004
v1|257658031024|0,"TECHNOTRONIC Get Up SBK 12"" NM SHRINK",5.00,0.1003
v1|227462656377|0,"Ma Rainey  Blues Riverside 1003 MONO 10"" vol. 1",9.00,0.1003
v1|158135608977|0,Korn Got The Life EP Vinyl Record 12 Inch Single,20.50,0.1002
v1|318661012627|0,CHARLIE PARKER The Genius Of... SAVOY MG-12014 LP mono o,8.00,0.1002
v1|178367583764|0,GREEN JELLY-ANARCHY IN THE UK-1993 ZOO ENTERTAINMENT-45-LIKE NEW-PLAY TESTED,7.70,0.1002
v1|267745934593|0,"THE BEACH BOYS HERE COMES THE NIGHT 12"" Disco Single Blue Vinyl CBS AS 557",9.95,0.1001
v1|257651657082|0,"MELBA MOORE You Stepped Into My Life EPIC 12"" NM",5.00,0.1000
v1|398242927619|0,LP Original 1972 Ten Years After Rock And Roll Music To The World VG+/VG+,7.99,0.1000
v1|318664077329|0,"Sticky Jones Gang - Tunisian Ride 12"" - Inter Global Canada - German Disco HEAR",8.00,0.1000
v1|168584168810|0,CAROLE KING - Fantasy - Vinyl LP - 1973 US Pressing - ODE Records SP-77018,1.00,0.1000
v1|800450461014|0,"CUBY+BLIZZARDS ""Desolation"" - Philips 6440 309  - Vinyl LP Record Holland",9.99,0.0999
v1|206459732813|0,SEX PISTOLS CHELSEA BATH BLANK RECORDS UK 5 MINT- LP,64.99,0.0998
v1|178368113533|0,"THE JAGS LP (EVENING STANDARDS) ON ISLAND , M-Rec, and Cov With Original Inner ",9.00,0.0998
v1|236985716835|0,Italo Euro Disco Suzy Q Get On Up 12” Single Ben Liebrand Remix,9.99,0.0997
v1|128007289054|0,AdamVIII Records Various Artists – The Now Explosion! 1974 Vinyl LP NO COVER,2.35,0.0997
v1|398242636067|0,"J. Geils Band Fright Night 1985 Private I ZS4-05462 7"" 45RPM Stereo",10.00,0.0997
v1|236980271220|0,Judas Priest – Turbo ~  1986 Metal  LP Columbia – OC 40158 in Shrink w/ Hype,17.50,0.0997
v1|137564611545|0,TAJ MAHAL Mo' Roots ORIG BLUES LP  1974 LYRIC INNER COLUMBIA,9.99,0.0996
v1|257652065767|0,"SNOOP DOGG FEAT. PHARRELL Drop It Like It's Hot GEFFEN 12"" VG++ ",7.50,0.0996
v1|318664077225|0,"Kitten & The Cats - Stay With Me 12"" - Budweiser Showdown - Modern Soul SEALED",140.50,0.0996
v1|198542632565|0,"Pia Zadora Pia & Phil LP Strand Jazz 12"" 33 RPM Vinyl Robert Farnon",1.50,0.0994
v1|366583511988|0,"Boogie Down Productions ""Criminal Minded"" Rap Hip Hop LP B-Boy Reissue",14.00,0.0993
v1|307102737239|0,Duran Duran 45RPM “Union of the Snake” 1983 80s New Wave Synth Pop 7” UK PS ,2.99,0.0993
v1|257652023269|0,"SHAKEDOWN At Night DEFECTED 12"" VG+ UK 2002 house ",8.00,0.0993
v1|800443916358|0,"Positive Force - We Got The Funk 12"" - Turbo - Disco Funk HEAR",9.00,0.0993
v1|318660974138|0,JOHN SCOFIELD Still Warm GRAMAVISION LP VG+ o,18.25,0.0992
v1|158154952330|0,SOUL Finley Brown Got To Get To Church On Time Enterprise 9026 1970 VG TEST,5.00,0.0991
v1|298559785390|0,"THE POGUES VINYL - THE POGUES HAUNTED VINYL 12"" SINGLE - SID & NANCY VINYL *EX",10.00,0.0991
v1|407117064755|0,"LIMITED EDITION Ariana Grande Thank u, next Pink/Clear Colored Vinyl",30.00,0.0991
v1|318664947495|0,ELVIS PRESLEY - STEREO '57 LP - ESSENTIAL VOL. 2 - SEALED - HYPE - WOW!,39.99,0.0991
v1|407106930951|0,JOE BONAMASSA Blues Of Desperation 2XLP  180 GRAM  MINT,9.99,0.0990
v1|366582291141|0,The Stanley Brothers And The Clinch Mountain Boys - Sacred Songs - LP Vinyl VG+,12.00,0.0990
v1|336722386682|0,Fleetwood Mac - English Rose Vinyl LP Epic BN 26446 1968 VG+,15.50,0.0990
v1|377389407757|0,Bishop Jeff Banks And The Revival Temple Mass Choir- Work On Me -Vinyl Record LP,5.99,0.0990
v1|128012216723|0,ORIG 1964 COLPIX Lp RONETTES SHELLY FABARES The GIRLFRIENDS Etc. GROOVY GOODIES,14.99,0.0989
v1|298554038550|0,Frank Crumit - I'm A Specialist / Taught Me How To Play The Second Fiddle ,8.00,0.0989
v1|257651548859|0,"LUMIDEE Never Leave You - Uh Ooh, Uh Oooh UNIVERSAL 12"" VG+",5.00,0.0989
v1|358878959507|0,"La Crema ""Quimbia/The Cisco Kid"" Latin Jazz Salsa Funk 45 UA Latino Promo mp3",23.96,0.0988
v1|236980313305|0,"Jerry Garcia – Garcia, 1974 Self Titled S/T LP, Round Records RX-102",10.46,0.0987
v1|278249584951|0,Pretenders II Vinyl LP Record VG/NM,5.00,0.0987
v1|206457726734|0,"Wayne Ford - Dance To The Beat Freakout 12"" - Queen Constance - Disco Funk HEAR",46.00,0.0986
v1|287493833312|0,HUMBLE PIE SELF TITLED STEVE MARRIOTT PETER FRAMPTON A&M SP-4439-P1 A EX-,32.00,0.0986
v1|398241367084|0,Robin Williams: Throbbing Python Of Love Casablanca Records 1983),8.00,0.0986
v1|298554567039|0,Procal Harum Historia De La Musica Rock LP Polydor 2861305 1967,5.00,0.0985
v1|147476910745|0,ELVIRA PRESENTS VINYL MACABRE OLIES BUT GHOULIES (VOL.1) VG+ V (HEAR!),14.50,0.0985
v1|287493745153|0,Korla Pandit - Merry Xmas 78 RPM 4xSet Album RARE! V-1 VITA RECORDS ,10.00,0.0985
v1|158150275818|0,"Jay-Z ""Vol. 2... Hard Knock Life"" Rap Hip Hop 2xLP Def Jam Reissue",7.99,0.0984
v1|358878807620|0,"Blue Velvet ""Spring For You And Me"" Modern Sweet Soul 45 Que Ti mp3",9.99,0.0983
v1|800451748889|0,Iron Butterfly – Live ~ 1970 Psychedelic Rock/Sludge Vinyl LP Atco SD 33-318,5.95,0.0982
v1|257651698651|0,"MISSY ELLIOTT Under Construction (Work It) ELEKTRA 2x12"" VG+ PROMO",5.00,0.0982
v1|147485062188|0,Jesus Christ Superstar Album 1970,10.00,0.0982
v1|298553941749|0,"Led Zeppelin - Led Zeppelin 12"" Vinyl LP 33 RPM Stereo Atlantic SD 8216 Rock",25.00,0.0982
v1|800450518551|0,Richie Cole-POPBOP- gold stamp promo copy in unplayed condition. STEAL THIS LP,2.99,0.0982
v1|158147358216|0,Black Rebel Motorcycle Club Wrong Creatures Signed LP,50.00,0.0982
v1|158129662118|0,The Soul Rockers 1970 Funk 45 on Sussex ~ The Hawk ~ Promo ~ Hear,9.99,0.0981
v1|800440118056|0,DJANGO REINHARDT Swing It Lightly COLUMBIA LP o,8.00,0.0981
v1|168583648984|0,Stevie B In My Eyes 12” Maxi Vinyl PROMO LMR 4004 Latin House VG/VG+ - 2 Records,15.99,0.0981
v1|358878858040|0,"Taylor Swift Red (Taylor's Version) 12"" LP Red Colored Vinyl 2021 Republic",15.00,0.0981
v1|236980250286|0,The Beatles Magical Mystery Tour LP SMAL-2835 Apple 1971/3 EX w/ Booklet,14.00,0.0980
v1|336722230986|0,"WYNTON MARSALIS CARNAVAL 12"" LP EX VINYL RECORD CBS 1987",5.95,0.0980
v1|318661034989|0,AL HAIG-JIMMY RANEY QUARTET Special Brew SPOTLITE LP uk o,8.00,0.0980
v1|137557372440|0,THIRD WORLD Arise In Harmony  REGGAE LP ISLAND  SHRINK STERLING,9.99,0.0980
v1|336722097881|0,LP GLADYS KNIGHT & THE PIPS. EVERYBODY NEEDS LOVE SOUL LBL MINT-,14.95,0.0980
v1|168589145926|0,POP Whitney Houston I Wanna Dance With Somebody Arista 1987 NM PROMO Pic Slv,5.00,0.0980
v1|366573177511|0,Stuff Smith - Here Comes The Man With The Jive - VOCALION 3316 E-,19.99,0.0980
v1|257651552284|0,"MAC THORNHILL Make Life Worth Living SAVOIR FAIRE 12"" NM CANADA HEAR",12.84,0.0979
v1|298553889952|0,Rush- Signals - Vinyl LP - 1982 - SRM-1-4063,13.50,0.0979
v1|147479338429|0,"BEAU WILLIAMS - ALL BECAUSE OF YOU 12"" PROMO Vinyl RECORD Funk Soul SPRO 9960 NM",8.99,0.0979
v1|236980247727|0,Grateful Dead - Live Dead 2-LP Warner Bros.  2WS 1830 1973 Green Label VG+,36.00,0.0978
v1|257657774496|0,THE TURTLES Present The Battle Of The Bands LP WHITE WHALE WWS 7118,14.95,0.0978
v1|198542596981|0,"Draw the Line by Aerosmith (Record, 2023)",4.80,0.0978
v1|318669024242|0,"Electric Light Orchestra 4 LP Lot Eldorado,Times,Third Day, Self Titled Vinyl ",21.50,0.0977
v1|800450470636|0,"WYCLEF JEAN "" Party to Damascus"" feat Missy Elliot 12""White label Promo Exc Cond",4.00,0.0977
v1|336722381223|0,"Lot (36) Rap / Hip-Hop 12"" Vinyl Singles  Fat Boys Grand Daddy IU Big Daddy Kane",29.00,0.0977
v1|128007611830|0,"Power Records Amazing Spider-Man and Friends 12"" Vinyl LP 33RPM",1.00,0.0977
v1|407102883297|0,BOB MARLEY and THE WAILERS Rastaman Vibration ROOTS REGGAE ISLAND STERLING NM,9.99,0.0977
v1|358879016813|0,"Soul Twins ""Just One Look"" Northern Soul 45 Karen Promo mp3",9.99,0.0977
v1|278241411948|0,Ten Years After “A Space in Time” 1971 Columbia LP KC-30801 COVER & VINYL VG+,8.00,0.0977
v1|227459453953|0,LOT OF 7 SHIRLEY BASSEY VINYL  ALBUMS POP  MOSTLY EXCELLENT,7.95,0.0977
v1|178364282544|0,"Grateful Dead Sunshine Daydream Veneta, Oregon 8/27/72 4xLP Vinyl LP Rare One!",223.50,0.0976
v1|336722412627|0,"Kiss Unmasked LP Vinyl Record 12"" Casablanca 1980 Rock Stereo NBLP 7225 VG+",12.50,0.0976
v1|158147424677|0,Four  Herman Hermits 45 RPM Vinyl Record Henry VIII Dandy End of the World,2.00,0.0976
v1|257651998967|0,SADE Pearls NOT ON LABEL (JC-001) VG++ white label 1994 house,9.50,0.0976
v1|188734064279|0,The Complete Chris Bell [Big Star] (6 Vinyl LP's Box Set Omnivore) LIKE NEW,124.99,0.0975
v1|800451512119|0,"Ronco Super Hits #1 12"" Black Vinyl LP Compilation Pop RTL 2058 Aneka Madness",3.99,0.0975
v1|257651706877|0,"MOBB DEEP Quiet Storm LOUD 12"" VG+",5.50,0.0975
v1|287499350339|0,"Chris & Lorin Rowan - Livin’ The Life Vinyl Album Appaloosa Records, Import 1980",3.25,0.0974
v1|318668803298|0,The Charlie Daniels Band – Travelin' Band - US LP 1981,4.99,0.0974
v1|398241281497|0,Grateful Dead Anthem Of The Sun First Press Record Is EX,50.00,0.0974
v1|358878969602|0,"Mandrill ""Too Late"" 70's Soul 45 Arista mp3",9.99,0.0973
v1|206462093266|0,Dark Muddy Bottom Blues LP SPECIALTY STEREO 1972 JOHN HOOKER LIGHTNIN HOPKINS,3.99,0.0973
v1|298553968206|0,JAZZ - IPANA TROUBADOURS Baby Face COLUMBIA 696 V+,5.00,0.0973
v1|158150029304|0,"Chill Rob G ""Let Me Show You"" Rap Hip Hop 12"" Wild Pitch Promo",7.99,0.0972
v1|267739038301|0,Leo Kottke - Did You Hear Me? 1976 NEAR MINT,10.00,0.0972
v1|358888141612|0,The O'Jays Vinyl LP 36027 Identify Yourself ,1.99,0.0972
v1|178356372725|0,AC/DC Dirty Deeds Done Dirt Cheap Vinyl LP Albert APLP 020 1983 Australia Press,149.99,0.0972
v1|318656236431|0,THE BEATLES** Paperback Writer & Rain/Capitol Records 5651/Recorded In England,4.99,0.0971
v1|366583569145|0,"De La Soul ""Live At Tramps, NYC, 1996"" Rap Hip Hop LP Chrysalis AOI Colored Wax",7.99,0.0971
v1|227459293965|0,Aerosmith – Done With Mirrors LP GHS24091 Vinyl 1985 Specialty Pressing NM!,14.00,0.0970
v1|257658046684|0,"TEEDRA MOSES Be Your Girl TVT 12"" NM 2004 R&B ",5.00,0.0970
v1|366581435478|0,HEAR - Rare Soul 45 - The Miracles - Shop Around - Tamla # T 54034,19.99,0.0968
v1|188733385756|0,HOWLIN' WOLF - Howling Wolf Sings The Blues 1962 DELTA BLUES Mono Crown LP VG+,40.00,0.0968
v1|257657722642|0,COLOSSEUM II - WAR DANCE (original MCA label),1.00,0.0968
v1|407115056868|0,The Best Of Jeannie C. Riley Lp,6.99,0.0968
v1|358879062410|0,"Wilmer & The Dukes ""Get Out Of My Life, Women"" Funk/Sweet Soul 45 Aphrodisiac",9.99,0.0968
v1|800440138575|0,OSCAR PETERSON/JOE PASS Porgy & Bess PABLO LP VG+ SHRINK o,8.00,0.0967
v1|407115911925|0,"Emerson, Lake & Palmer Locusts and Wild Honey LP 12"" Black Vinyl Portrait",10.00,0.0967
v1|236985713506|0,Italo Disco SEALED Ken Heaven The Calling 12” Single,14.99,0.0967
v1|278249889980|0,Hot Tuna LP RCA Victor LSP-4353 1970 Blues Rock Vinyl Record,9.99,0.0966
v1|377389407662|0,Gary Wright - The Dream Weaver - Vinyl Record LP- Classic Rock - 1975 Vintage,4.99,0.0966
v1|257651723570|0,"MOUSSE T. VS. HOT N JUICY Horny AMERICAN/COLUMBIA 12"" VG++",13.50,0.0965
v1|188709985274|0,Bessie Smith-Clarence Williams - Baby Won't You Please Come... - COLUMBIA 3888 V,19.99,0.0965
v1|318661015790|0,DEODATO Whirlwinds MCA LP VG+ gatefold SHRINK o,8.00,0.0965
v1|198544660058|0,Emerson Lake & Palmer 2Lp Set * Works * Atlantic Records SD-2-7000 (1977),5.99,0.0965
v1|188734722408|0,SHIRLEY AND COMPANY - SHAME SHAME SHAME Vinyl LP RECORD 1975 Disco VI 128 NM,9.99,0.0965
v1|257657720711|0,COLOSSEUM - COLOSSEUM LIVE (original US Warner Bros. label) Dbl LP,1.00,0.0964
v1|278248321105|0,Disco Vinyl 12” Lot Of 4 Records- Ednah Holt-Amii Stewart-Gentle Persuasion,5.94,0.0964
v1|267745927779|0,THE KINGSMEN VOLUME 2 Vinyl LP Wand Records LP-659,2.23,0.0964
v1|117337278412|0,Elvis Costello Trust  LP Record Mobile Fidelity MoFi Vinyl NM Jacket EX,50.00,0.0964
v1|188734703398|0,CHICK COREA - SECRET AGENT Vinyl LP RECORD 1978 Album JAZZ PD-1-6176 NM,9.99,0.0964
v1|158147788620|0,U.S. Music With Funkadelic Soul/Funk Promo 45 I Miss My Baby Nice VG 1972,135.28,0.0963
v1|407111299049|0,Blackfoot Strikes Lp,9.99,0.0963
v1|358879015947|0,"Sonny Childe ""Giving Up On Love"" Sweet Soul 45 Decca UK mp3",12.00,0.0963
v1|257651727712|0,"MTUME Juicy Fruit EPIC 12"" VG++",5.50,0.0963
v1|158154956363|0,ROCK Bruce & Terry I Love You Model T / Carmen Columbia 43238 1965 NM IMPORT,5.00,0.0962
v1|257651826163|0,"PETE MOSS The Zen Method WORSHIP 12"" VG+ 2002 house",5.00,0.0962
v1|407113273845|0,Rare Rock 'n Roll LP & Obi- The Everly Brothers  A Date With The Everly Brothers,14.99,0.0962
v1|377389408049|0,Mannheim Steamroller - Fresh Aire II -Vinyl LP American Gramaphone AG-359 Stereo,7.99,0.0962
v1|278241412333|0,Ralph Towner Solstice Sound And Shadows Vinyl Album,8.99,0.0962
v1|278223664722|0,Gism Noisepunk LP Lot#2 Swankys Confuse Chaos UK Exploited Discharge Spazz Mob47,10.50,0.0961
v1|147483025879|0,Toots And The Maytals Vinyl - Just Like That Original 1980 Release Vg++,25.00,0.0961
v1|398250247656|0,"Rock with Bill Haley and the Comets 12""  Vinyl Record",17.99,0.0961
v1|366583533018|0,"Cold Crush Brothers ""Fresh, Wild, Fly & Bold"" Rap Hip Hop 2xLP Ol' Skool Flava",7.99,0.0960
v1|257651650362|0,"MC HAMMER Can't Touch This CAPITOL 12"" VG++ SHRINK ",5.00,0.0958
v1|398241278948|0,"Chet Atkins  ""Hometown Guitar"" Vinyl Record LP - 1968",6.00,0.0958
v1|257651671384|0,"METHOD MAN/JONELL/CYPRESS HILL Round & Round (Remix) DEF JAM 12"" VG++ ",5.00,0.0958
v1|800440191484|0,LIONEL HAMPTON Jazz Man For All Seasons FOLKWAYS LP VG+ with booklet o,8.00,0.0958
v1|336723756736|0,"DURAN DURAN Capitol White Label Promo Vinyl 12"" Single ELECTRIC BARBARELLA(1997)",10.00,0.0958
v1|267745789161|0,The MAMAS & The PAPAS –Self Titled –1966 Dunhill –D-50010 LP,3.95,0.0958
v1|336722728946|0,ELVIS PRESLEY - His Hand In Mine LPM-2328,7.50,0.0957
v1|117336974555|0,Bob Welch - Three Hearts. In Shrink with Hype sticker,5.00,0.0957
v1|298554080880|0,DANNY RIVERA LONG PLAY LP ASI ES DANNY RIVERA VELVET LPV-1384,20.00,0.0956
v1|318669551768|0,"Judy Collins, Hard Time For Lovers, Vinyl LP Album.",3.95,0.0956
v1|800454443662|0,Carla Thomas - Memphis Queen LP - Stax 1841 Broadway VG+,13.50,0.0956
v1|318668069749|0,Jackie Lomax – Livin' For Lovin' - US LP 1976 STILL SEALED,4.99,0.0956
v1|236980276260|0,"K-Tel Masters of Metal LP Vinyl 12"" Stereo 1984 Black Sabbath Iron Maiden NU4370",7.50,0.0956
v1|128007721891|0,JOHN MORRIS High Anxiety 1978 LP on Asylum #5E-501 Mel Brooks BLAZING SADDLES,8.99,0.0956
v1|257659188364|0,The Archies LP 1969 Jingle Jangle Kershner Stereo,10.00,0.0956
v1|298554568061|0,Kingfish Live 'n Kicking (Bob Weir) LP Jet Records JT-LA732 1977,5.00,0.0956
v1|358878950065|0,"Katie Griffin ""Stop, Look And Listen"" Modern Soul 45 Denlatrin mp3",9.99,0.0955
v1|257652025460|0,"SHANA I Want You VISION 12"" VG++ 1989 freestyle",5.00,0.0955
v1|227459505948|0,NOW THAT’S WHAT I CALL MUSIC! 2000’S HIP HOP Gold & Silver Colored Vinyl 2xLP,49.99,0.0955
v1|168589619939|0,Faith Band Rock'n Romance Vinyl LP Village Records VR-7805 EXCELLENT CONDITION,9.99,0.0955
v1|327287415854|0,DRUM & BUGLE - SALEM HIGH SCHOOL BAND 1967/68 - ONYX RECORDS - SEALED,5.99,0.0955
v1|168583666642|0,DJ COLLECTION 2016 MOTORHEAD OVERKILL EXCLUSIVE VERSION BLUE 158/300 NEW 06826H,80.00,0.0955
v1|257651631134|0,"MARVIN GAYE A Funky Space Reincarnation MOTOWN 12"" VG++ ",5.00,0.0954
v1|298554538636|0,"1972-JOE SIMON, "" POWER OF LOVE/ THE MIRROR DON'T LIE"", 7"" SPRING RECORD, R&B",0.99,0.0954
v1|307102715955|0,The Doors Self Titled Vinyl LP 1967 Electra EKS-74007 Early Pressing VG+ ,8.99,0.0954
v1|227459680623|0,"ABSU – ""Sun of Tiphareth"" 2LP Blue Vinyl Gatefold - Black Metal - Immortal ",16.66,0.0953
v1|117337044380|0,Beck Sea Change 2016 alternative folk rock 12'' vinyl record,35.00,0.0953
v1|318670733593|0,Graham Parker & The Shot  Steady Nerves  Rare 1985 Elektra Power Pop Rock Lp,1.99,0.0952
v1|257651983085|0,"RYAN BANKS aPhillyates HARR-RAY 12"" NM rap ",5.00,0.0952
v1|800443916362|0,"Prince - Space 12"" - Warner Brothers VG+ HEAR",10.50,0.0952
v1|168583769833|0,"Led Zeppelin-IV ""ZOSO"" Atlantic Records-SD-7208-Vinyl-Record-Album-LP VG",9.99,0.0951
v1|407117084114|0,"A Tribe Called Quest ""People's Instinctive..."" Rap Hip Hop 2xLP Jive Reissue",13.00,0.0951
v1|318664077349|0,Uku Kuut - Grand Hotel LP - Peoples Potential Unlimited VG++ Shrink,8.00,0.0951
v1|178369147960|0,RICK DERRINGER The Best Of - Relaunched PURPLE VINYL LP 2022 CLEOPATRA CLO 2281,9.99,0.0951
v1|188718108167|0,Mariachi Azteca/Juanita y Maria Mendoza -Por Ti Aprendi A Querer- AZTECA 326 E-,19.99,0.0951
v1|298559544223|0,Kossoff Vintage Vinyl Lot (2 LPs) 70s Hard Rock Records ,19.99,0.0951
v1|257651758633|0,"NICK STRAKER BAND A Little Bit Of Jazz PRELUDE 12"" VG+ ",5.00,0.0950
v1|128008485351|0,E. POWER BIGGS Historic Organs Of Italy LP SS CC Bologna Brescia Ravenna Bergamo,1.00,0.0950
v1|358878985890|0,"Otis Leavill ""Gotta Right To Cry"" Northern Soul 45 Lucky mp3",16.42,0.0950
v1|358879015638|0,"Smokey Brooks ""Spin-It Jig"" Funk Breaks/Sweet Soul 45 Now mp3",11.00,0.0950
v1|298554499995|0,Bob-A-Rela   DJ Only Album    NM,10.00,0.0950
v1|147479174348|0,Elephants Memory Liberation Special/Madness 45 RPM Rock 1972 Near Mint (NM),5.00,0.0949
v1|257651805626|0,"OXIA VS. THE HACKER GoodLife EP GOODLIFE 12"" VG++ ",5.00,0.0949
v1|307102482731|0,Clarence Clemons 45RPM “You’re a Friend of Mine” 1985 80s Classic Rock 7” Vinyl,2.99,0.0949
v1|257652118577|0,"SYCO Danaka & The Ride OMW 12"" VG++ 2000 house ",5.00,0.0949
v1|800443916388|0,"River Ocean ft. India - Love & Happiness 12"" - Strictly Rhythm - House VG+ HEAR",9.00,0.0948
v1|336722426060|0,Traveling Wilburys – Volume One-1988 1-25796 EX,13.50,0.0948
v1|117336594772|0,Gene Smith & Miss Beckie -Gospel Music In Black & White- Gospel Funk LP - Hear,9.99,0.0948
v1|358879021949|0,CREAM Goodbye Vinyl LP Gatefold ATCO SD 7001 w/ Poster ~ EX,9.98,0.0947
v1|188713504362|0,Boyd Senter and His Senterpedes - Copenhagen - BLUEBIRD 6050 E/E+,19.99,0.0947
v1|298554250392|0,THE COMMODORES-IN THE POCKET-JAPANESE  VINYL LP,14.99,0.0947
v1|398250121302|0,Willie Nelson and Family Honeysuckle Rose Vinyl LP Record EX First Pressing,19.00,0.0947
v1|128007721122|0,JESUS CHRIST SUPERSTAR:OST Decca DXA-7206 2LP 1973 VG-/VG-,6.00,0.0946
v1|178368114585|0," 1979 The Motels ""Self-titled"" LP - Capitol  (ST-11996) NM Record & VG+ COVER ",11.00,0.0946
v1|147480468333|0,Journey Through The Past - Neil Young Vinyl 2LP VG+ US 1972 Country/Folk Rock,4.99,0.0946
v1|318668809260|0,The Charlie Daniels Band – Full Moon - US LP + OIS 1980,4.99,0.0945
v1|267743544533|0,Diamonds by Elton John (Vinyl 2017),13.50,0.0945
v1|398242593321|0,"2 VG+NM FIRST PRESSINGS DIRE STRAITS, BROTHERS IN ARMS.",55.00,0.0945
v1|398234374926|0,THE JAGGED EDGE SOUNDTRACK ALBUM 1985 JOHN BARRY NEAR MINT VINYL !,7.99,0.0944
v1|188737495027|0,Morning Again - I - Compilation Vinyl Record Straight Edge Hardcore Metalcore,59.99,0.0944
v1|358878895181|0,The Straight & Fuzzy Band - ELVIS TAKES A WIZ	Rosie's My Baby	 HG-5012,5.99,0.0943
v1|407115522310|0,"Grandmaster Flash & The Furious Five The Message 12"" Vinyl SH-584 1981",10.00,0.0943
v1|318664077327|0,"Stevo - Pay The Price 12"" - T.K. - Disco Funk HEAR",26.00,0.0943
v1|117336595569|0,Rev. Don DeGrate & The DeGrate Delegation -In Concert- NC Gospel LP - Hear,9.99,0.0942
v1|227460587285|0,RAY CHARLES & BETTY CARTER s/t ABC-PARAMOUNT 1921 Jazz VG+ VINYL LP Record USED,5.00,0.0942
v1|298560346330|0,M-G-M 78 RPM - Art Lund - IT'S A LONESOME OLD TOWN / AS SWEET AS YOU - #45,4.99,0.0942
v1|327292983220|0,"1982 Canadian Hard Rock LP - STEPPENWOLF ""Wolftracks"" ATTIC/WOLF RECORDS",2.99,0.0942
v1|298554567761|0,Gordon Lightfoot Sundown LP Reprise MS2177 1974,8.00,0.0942
v1|188729835206|0,Funk Soul - The Summits Let Me Love You Again - DC International - Oldies 70s 45,9.99,0.0941
v1|398251049622|0,GEORGE DUKE Reach For It EPIC Killer! | Sticker | Jazz Dance | Brazilian | LP,9.99,0.0941
v1|198542661386|0,Dokken - Back for the Attack - 1987 Vinyl  ST-E-60735A-DMM-2 MASTERDISK VG+/VG+,22.00,0.0941
v1|188737688092|0,"John Legend A Legendary Christmas 12"" Black Vinyl LP 33 RPM Stereo Columbia",5.22,0.0941
v1|198542837955|0,Melodians- Lay It On/Meet Me Island records (Sound clip),20.00,0.0941
v1|128007025145|0,Richard Roquemore -The Silver Lining- Gospel LP on HOB - Hear,9.99,0.0941
v1|307097757325|0,MICHAEL FRANKS 2xLP album LOT: ONE BAD HABIT-THE ART OF TEA 1975 EX in shrink,8.95,0.0941
v1|257651708183|0,"MODJO Lady (Hear Me Tonight) MCA 12"" VG+ house 2001 OG",53.00,0.0940
v1|257651912236|0,"REAL THIING Street Corner Boogie CATAWBA 12"" VG++ ",5.00,0.0940
v1|298553846530|0,PRADO MANIA By MEMBERS OF PEREZ PRADO ORCHESTRA  ( latin ) ,6.95,0.0940
v1|198542653365|0,Bette Midler The Rose Original Soundtrack LP Atlantic SD 16010 1979 Vinyl,1.50,0.0939
v1|287499596219|0,"Puerto Rico All Stars. Los Profesionales, Original 1978 LP. Amazing Musicians",14.99,0.0939
v1|358883527181|0,Rex Harrison Julie Andrews Jim Nabors Don Ho Burl Ives Floyd Cramer Vinyl Record,15.99,0.0939
v1|158150436063|0,"Masters Of Illusion ""...Presents"" Rap 2xLP Threshold RE Test Numbered SEALED",7.99,0.0939
v1|257651729144|0,"MUSIQ SOULCHILD Just Friends (Sunny) DEF SOUL 12"" VG++",17.50,0.0938
v1|267745906413|0,DEVO DUTY NOW FOR THE FUTURE LP Warner Bros BSK 3337 1979,24.95,0.0938
v1|236980320126|0,Led Zeppelin IV Atlantic Records SD 7208  VG Album Vinyl LP,7.50,0.0938
v1|398241295494|0,ALEX TAYLOR - DINNERTIME - CAPRICORN RECORDS LP,5.00,0.0938
v1|227453560963|0,LP REGGAE / VARIOUS ARTISTS / REGGAE REGGAE REGGAE / TROJAN,9.99,0.0938
v1|358879009413|0,"Rosalind Madison ""Neighborhood Girl"" Northern Soul 45 Liberty Promo mp3",9.99,0.0938
v1|318661014582|0,WES MONTGOMERY Down Here On The Ground A&M LP VG+ gatefold o,10.50,0.0937
v1|128007719929|0,101 Strings in Hawaiian Paradise LP S-5028 VG-/VG,1.00,0.0937
v1|117338538994|0,"Neil Young Comes A Time (Ultra-Rare 1978 ""Sticker-Fix"" Variant Gold Stamp Promo)",50.00,0.0937
v1|236981796927|0,John Mayall ~ Primal Solos ~ LP ~ Vinyl ~ Blues Rock,5.00,0.0937
v1|398251104009|0,"RUBEN BLADES: Caminando 12"" Extended Remix Discos International",4.49,0.0936
v1|407115058201|0,John Kay My Sportin Life Lp,9.99,0.0936
v1|366583602696|0,Alice Cooper Billion Dollar Babies Vinyl LP w/ Billion Dollar Bill,20.00,0.0936
v1|257651654722|0,"MEG Partytime MUSICWORKS 12"" VG++ freestyle ",5.00,0.0936
v1|358878829728|0,"Brothers Of Soul ""I'd Be Greatful"" Northern Soul 45 Boo mp3",59.00,0.0935
v1|336722521438|0,"Paul McCartney - Tug Of War, 2017 Germany Import, Blue 180g LP, Rock, Pop Rock.",18.00,0.0934
v1|336722302754|0,"LP Los Corraleros Del Majagual, Nuevo Ritmo FUENTES CHEESECAKE EX",19.99,0.0934
v1|298553846405|0,Richie Havens - The End of the Beginning 1976 LP Vinyl Record A&M SP-4598,9.99,0.0933
v1|188733872799|0,2 LP's. Gordon Lightfoot. Lightfoot!. & Endless Wire. UAS-6487,5.00,0.0933
v1|307103066731|0,Paul Desmond   Summertime  EX,10.00,0.0933
v1|307102777772|0,CHARLIE DANIELS Uneasy Rider SHRINK 1976 Epic Records Super Clean Ex!,6.99,0.0932
v1|336722420100|0,Sly & Robbie Rhythm Killers Record Album 90585-1 EX,4.99,0.0932
v1|267746390486|0,CHUCK BERRY From St. Louie To Frisco Vinyl LP Mercury Records SR 61176 1968 Orig,4.05,0.0932
v1|257652050224|0,"SMITTY D & ROCK SQUAD Kic Kic BODY ROCK 12"" VG++ 1986 rap",5.00,0.0932
v1|318669614289|0,THE RAMSEY LEWIS TRIO LP-The In Crowd,4.99,0.0932
v1|158154956353|0,JAZZ BLUES Joe Burton St Louis Blues / Bourbon Street Waltz Joday 1000 1963 EX,5.00,0.0932
v1|206461188712|0,Kool G Rap | Lifestyles of the Rich & Famous | Vinyl Hip Hop Rap Record | ,8.00,0.0932
v1|178364118137|0,"Grateful Dead Fillmore West March 2, 1969 3/2/69 5xLP Box Set Vinyl LP Sealed",66.69,0.0931
v1|257657957480|0,Metal Church The Dark LP Record DMM 60493-1 Promo,24.94,0.0931
v1|206457726704|0,"Stephen Encinas - Disco Illusion 12"" - Invisible City Canada Reissue VG++ HEAR",76.00,0.0930
v1|137579143699|0,Teresa Brewer Time for Teresa LP Coral CRL 57232 LP 33 1/3 RPM,1.43,0.0930
v1|336722190912|0,Some Like It Hot Soundtrack - Marilyn Monroe - Vinyl  LP IC 06482894 GERMANY VG,12.99,0.0930
v1|188734667245|0,COLD BEAT - MOTHER Vinyl LP RECORD 2020 Album DFA2668 NM,9.99,0.0929
v1|168584657807|0,"CARL CARLTON~""I WANNA BE YOUR MAIN SQUEEZE""~Orig. 1973~FUNK~SOUL~7'' 45rpm~M-",0.99,0.0929
v1|257651679637|0,"MICHAEL SEMBELLO Maniac CASABLANCA 12"" NM",5.00,0.0929
v1|298554629849|0,New Riders Of The Purple Sage - The Adventures Of Panama Red,5.00,0.0928
v1|236980501360|0,"MOTLEY CRUE-GIRLS, GIRLS, GIRLS-1987 ELEKTRA E1 60725-VINYL LP  VG+",30.00,0.0928
v1|257651730229|0,"MYSTICAL Shake Ya Ass JIVE 12"" VG+",5.50,0.0928
v1|377382587813|0,POCO - POCO SEVEN - EPIC W/ORIGINAL SLEEVE - REALLY NICE!!!,8.50,0.0928
v1|267745774505|0,THE STING - Scott Joplin - Original Soundtrack LP Vinyl Record VG+/VG+,3.99,0.0927
v1|318660982239|0,RETURN TO FOREVER FT. CHICK COREA No Mystery POLYDOR LP VG+ SHRINK o,8.00,0.0927
v1|158147349504|0,YES - Big Generator - Vinyl LP 1st Press 1987 Atco 90522-1 Lyric Sleeve Rock,7.99,0.0927
v1|366577526445|0,MANFREDO FEST Mainfestations TABU LP VG+ wlp o,10.62,0.0927
v1|267742805470|0,Lou Bega - Mambo No. 5  A Little Bit Of… Vinyl Record 12” RDAB 65842-1,25.00,0.0926
v1|358878886572|0,"Erma Franklin ""Abracadabra"" Northern Soul 45 Epic Promo mp3",12.50,0.0925
v1|307102937746|0,EDDIE FISHER~ I'M IN THE MOOD FOR LOVE ~1952 ~45 RPM ~ EP ~ RECORDS  NM COVER NM,0.99,0.0924
v1|158155729406|0,Teddy Pendergrass- Greatest Hits-  1984 - Vinyl LP Album W/shrink & Hype- NM,0.99,0.0924
v1|366581659698|0,"Spongetunnel, Little Red Fire Engine, 7"", Underdog Records, insert included",20.00,0.0924
v1|198535600376|0,1975 RITCHIE BLACKMORE'S RAINBOW LP Polydor PD6049,17.50,0.0924
v1|318664077340|0,Tony Sherman - City Nights LP - International AZ France VG++,10.50,0.0923
v1|307096522076|0,Complete Death Misspressed 'Beyond Possession' 1986 Metal Blade Vinyl LP*NM*,97.00,0.0923
v1|398243847054|0,"Lil Wayne Tha Carter VI LP Vinyl Record -12"" Purple",2.25,0.0922
v1|398243412983|0,Chuck Berry - Rockin’ At The Hops 2nd Press 1960 Mono Chess Records,45.00,0.0922
v1|137579649404|0,"Glen Hansard  ""Didnt He Ramble"" vinyl album  SIGNED in person 100% authentic!!!",399.99,0.0922
v1|298554459405|0,SNAIL LP Album,4.99,0.0922
v1|287494094249|0,"2-45s 7"" Vinyl,The Standells 1984,""Dirty Water"",$ your love"" 84,Hush",6.00,0.0922
v1|278240806337|0,Lynyrd Skynyrd “One More from the Road”LP MCA2-6001 COVER IS VG+/VINYL IS VG,8.00,0.0922
v1|398252925236|0,Gershwin Rhapsody in Blue American in Paris Concerto in F 2-LP Set,7.99,0.0921
v1|267745890084|0,The Moody Blues On The Threshold of A Dream Deram Records DES 18025 VG+ (1969),2.25,0.0921
v1|206462753269|0,"Afrika Bambaataa - Tommy Boy 12"" Single - Looking for the Perfect Beat - TB-831",1.99,0.0921
v1|358878924404|0,"Jay Wiggins ""Tears Of A Lover"" Northern Soul 45 Solid Sound mp3",21.97,0.0921
v1|800440125033|0,VI REDD Lady Soul ATCO LP o,8.00,0.0921
v1|128007079224|0,The Sensational Gospel Keys -Payday- Georgia Modern Soul Gospel LP - Hear,9.99,0.0921
v1|800461336990|0,Odd lot of rare THE WHO  LPS bootlegs quadrophenia etc,52.00,0.0921
v1|298553979831|0,Wilson Pickett. The Wicked Pickett Album. Atlantic Records. Mustang Sally. 1966,11.95,0.0921
v1|307097447407|0,4 ORIGINAL MONO BEATLES ALBUM LOT FOR ARTS CRAFTS DECORATION !,20.50,0.0921
v1|137581558021|0,"EASY LISTENING LP ""EASY"" NANCY WILSON ( CAPITOL 1968 )",5.00,0.0920
v1|800443916426|0,"V/A (Ferrara, Graffiti, Musique) - Volume 2, Number 9 2x12"" - Disconet VG+ PROMO",8.00,0.0920
v1|188734671888|0,REBA McENTIRE - JUST A LITTLE LOVE Vinyl PROMO LP 1984 RECORD Country MCA5475 NM,9.77,0.0920
v1|800454624891|0,ERNIE WILKINS-HERE COMES THE SWINGIN' MR. WILKINS-EVEREST SDBR 1077,15.99,0.0919
v1|147478331251|0,STAR TREK 2 VINYL LOT INTO DARKNESS & LEONARD NIMOY,10.00,0.0918
v1|227459262389|0,Pink Floyd The Dark Side Of The Moon Vinyl,25.00,0.0918
v1|267745811155|0,Frank Sinatra The Concert Sinatra LP UK Reprise K44001 Play Tested In Shrink NM!,19.99,0.0918
v1|278241683826|0,"Beatles LP The Early Beatles 1964 First Pressing MONO, Excellent Condition!",13.50,0.0918
v1|128011264225|0,NILS LOFGREN ~ I CAME TO DANCE 1977 A&M RECORDS (SP-4628) WHITE LABEL PROMO LP,4.99,0.0918
v1|377389407682|0,The Chambers Brothers -The Time Has Come - Vinyl Record LP Columbia CS 9522 1967,3.99,0.0918
v1|257652062301|0,"SNEAKER PIMPS Spin Spin Sugar CLEAN UP 2x12"" VG++ UK pressing",6.50,0.0916
v1|236972782287|0,JACQUELINE DU PRE - Elgar: Cello Concerto Op. 85 - Masterworks lbl - '77 NM LP,14.99,0.0916
v1|358878846077|0,"Carrie Cleveland ""Make Love To Me"" Rare Crossover Soul 45 Audio-Ent. mp3",28.00,0.0916
v1|336722425678|0,Rolling Stones Undercover 1983 Original US LP 90120-1 SRC Press VG+ Sticker,4.99,0.0916
v1|206457726675|0,Prince - Dirty Mind LP - Warner Bros.,11.00,0.0916
v1|267746509341|0,"1978 orig US REL - Joseph Jarman ""Sunbound"" vol 1 - 1976 Live Solo AECO-002 vg",15.00,0.0916
v1|206460663170|0,"Missing Persons ""Spring Session M"" 1982 'Words'",7.89,0.0915
v1|377377146456|0,BROTHERS BY CHOICE BABY YOU REALLY GOT ME GOING 45 RARE MODERN SOUL ALA 104 NM,9.99,0.0915
v1|336722399366|0,"Kali Uchis - Sincerely, Lenticular Vinyl (Silverstone Variant)",30.00,0.0915
v1|318661020251|0,PINK FLOYD - THE WALL - 2 LP - GOLD STAMP PROMO - TIMING STRIP - RARE!!,139.99,0.0913
v1|206457726687|0,"Royalty - Jellie Roll Beat Vocal 12"" - TSOV - Disco Funk VG+ PROMO HEAR",10.50,0.0913
v1|358878816884|0,"Boris Gardner ""Melting Pot"" Islands Funk Breaks 45 Jaguar mp3",12.50,0.0913
v1|358878862414|0,"Crystal Clear ""Stay With Me/You're So Unreal"" Rare 70's Soul 45 Polydor mp3",215.50,0.0913
v1|188726497711|0,Obscure VA Bluegrass NOS EP 45 CLYDE MURPHY The Singing Coal Miner SALEM hear NM,6.00,0.0913
v1|147478848545|0,Juice Newton Juice LP Vinyl Capitol Records ST-12136 1981,4.00,0.0912
v1|188734725839|0,"AURRA - CHECKING YOU OUT 12"" Vinyl RECORD 1982 It's You SG 369 EX",9.50,0.0912
v1|168578598936|0,MIAMI DEEP SOUL 45 - JOHNNY LARAND - HEAVEN TO ME - HEAR,49.95,0.0912
v1|267745945019|0,The Moody Blues on the Threshold of a dream vinyl lp Des 18025 1969 VG+,8.00,0.0912
v1|188710004121|0,Curley Weaver and Ruth Willis - Some Gold Rainy Day - MELOTONE 12621 G,19.99,0.0912
v1|318661066393|0,EDDIE HENDERSON Runnin' To Your Love CAPITOL LP VG+ SHRINK o,8.00,0.0912
v1|236980268488|0,Berlin - Pleasure Victim - Vinyl Record - Geffen Records – GHS 2036,4.24,0.0912
v1|206457726641|0,"M Trax - Trip Chick 12"" - Nordic Trax Canada - Deep House HEAR",8.00,0.0912
v1|267745754284|0,"Heaters Why Do Fools Fall In Love Pop, Funk/Soul+ Columbia Demo Red 45 rpm vinyl",5.00,0.0912
v1|366577516130|0,JOE PASS Live At Long Beach City College PABLO LIVE LP VG+ o,8.00,0.0911
v1|117337218504|0,RARE Vintage Vinyl/LP. Charlie/The Jives. Making Time. Tejano. TDLP-2028. READ!,99.99,0.0911
v1|257651978105|0,"ROXY BREAKS Vol. 2 303 12"" breakbeat 1996",5.00,0.0911
v1|206460704242|0,"Chess Sonny Boy Williamson Blues Masters Series 12"" 33RPM Black Vinyl LP",10.00,0.0910
v1|298553848557|0,Isaac Stern 60th Anniversary Celebration Zukerman Perlman Mehta LP Vinyl Record,9.99,0.0910
v1|298553758775|0,GRACIE ABRAMS The Secret Of Us (Deluxe) 2025 2xLP sealed VINYL Record,30.00,0.0910
v1|318669206893|0,DUMBO Original Album Victor Records Walt Disney Productions,3.80,0.0910
v1|147483373128|0,AMENRA 2 VINYL LOT BELGIAN POST METAL,25.00,0.0910
v1|147479200282|0,Coil - Spring Summer Autumn Winter [Solstice Equinox] (7” 1998) FULL SET OF 4 UK,175.00,0.0909
v1|358878992604|0,"Ralph Weeks ""Something Deep Inside"" Rare Panama Sweet Soul 45 4 Stars mp3",108.50,0.0909
v1|117331903737|0,MIKE MIKA'ELE & LORNA McCLELLAN The Life Of The Land 1974 HAWAIIAN LP #TSR-7064,5.99,0.0908
v1|128007720105|0,DON HUGHES:Gentle On My Mind Custom CS 1131 LP 1970 G+/G-,0.99,0.0908
v1|178368491520|0,PHIL WOODS - Rights Of Swing - LP Candid - Base Italy W/ Sahib Shihab,9.65,0.0908
v1|257652072101|0,"SOUND ASSASSINS Hardcore Vibes WORLD OF OBSESSION 12"" VG+ UK press ",5.00,0.0907
v1|358879013812|0,"Sharlotte Shaw ""Say I & To Me"" Crossover Soul 45 Detroit Street Services mp3",9.99,0.0907
v1|377389407926|0,Guy Van Duser - Finger Style Solos - Vinyl Record LP - Rounder Records - 1977,3.99,0.0907
v1|267746407980|0,JOHN FOGERTY - CENTERFIELD - 1985 WARNER BROS. VINYL RECORD - (VG+/VG),3.99,0.0907
v1|298554319747|0,LES BROWN ~ DO IT UP' BROWN ~ 195? ~ 45 RPM EP ~ RECORD EX  COVER EX,0.99,0.0906
v1|168571169322|0,Booker T & The MG’s 1971 Funk 45 on Stax ~ Melting Pot ~ Hear,9.99,0.0904
v1|117341349077|0,"ELLIOTE ASTON ( THE CARS) ""CHANGE NO CHANGE"" VINYL LP 1985",0.69,0.0904
v1|117336914389|0,GENE AUTRY: A Broken Promise/I'm A Fool To Care  RARE 1954 Columbia 45 Promo,3.00,0.0904
v1|287499635826|0,Los Hermanos Rosario (volumen/2. Original 1984 Merengue LP. Very Good condition.,29.99,0.0904
v1|298551310182|0,The Beatles  - Help! -  1965 US Stereo Gatefold LP,39.99,0.0904
v1|168589145922|0,ROCK Loverboy Hot Girls In Love Columbia 03941 1983 NM PROMO Pic Slv,5.00,0.0904
v1|287500062673|0,"KC and the Sunshine Band Do You Wanna Go Party 12"" Vinyl 33 RPM 1979 TK 611",5.00,0.0903
v1|398251097746|0,BARBARA STREISAND Yentil Soundtrack COLUMBIA 1983 Hype Sticker LP Orig SEALED,9.99,0.0903
v1|398251136384|0,CHARLIE BARNET And His Orchestra Dance Bash LP VERVE MG V-2007 US 1956 Vinyl,5.94,0.0902
v1|158148489143|0,Heart Alone Barracuda 1987 45rpm Silver Heart Capitol 44002,0.50,0.0902
v1|358878975179|0,"Merry Clayton ""Gimme Shelter"" Funk 45 Ode mp3",9.99,0.0901
v1|257651682808|0,"MICHAEL SEVEN Held In Spell By Voodoo ROMANCE 12"" VG++",5.00,0.0901
v1|257651768551|0,"NOEL Silent Morning 4TH & B'WAY 12"" VG++ SHRINK",5.00,0.0901
v1|257651689281|0,"MIGHTY DIAMONDS Heavy Load ANCHOR 12"" VG++ SHRINK reggae HEAR",5.00,0.0901
v1|206458099011|0,"THE CLASH Black Market Clash 1980 EPIC Anthology LP 10""  EX/VG Play Tested",12.00,0.0900
v1|336722645693|0,16x Jazz LP Record Lot Mixed Grade Goodman Linz Alpert,8.00,0.0900
v1|336722387234|0,Warren Zevon Excitable Boy 1978 Asylum 6E-118 Vinyl LP Vintage Record VG+/VG+,16.00,0.0900
v1|158147321715|0,"Alice Cooper Goes to Hell 12"" Black Vinyl LP 33 RPM, Warner Bros. Records",10.00,0.0899
v1|188714811228|0,Cream Disraeli Gears 1967 Atco Records Vinyl LP,5.50,0.0898
v1|188718157620|0,Lydia Mendoza - Celosa - AZTECA 294 E,19.99,0.0898
v1|366575099319|0,Lydia Mendoza - Serenata Tapatia - AZTECA 333 E+,19.99,0.0898
v1|278241592393|0,SANCOCHO,8.99,0.0898
v1|278241613083|0,CUARTETO CANEY ,6.99,0.0898
v1|147480343133|0,"Camilo Sesto  ""Amaneciendo""",6.00,0.0898
v1|168584165804|0,With booklet-Sammy Davis Golden Boy Original Cast Musical LP - Capitol SVAS 2124,1.00,0.0898
v1|168585790073|0,Colossum The Grass Is Greener 1970 LP,10.00,0.0898
v1|377395125054|0,"LOS DINOS ""EL TRACALERO"" LP BERNAL RECORDS vinyl ",19.99,0.0897
v1|158148054109|0,4 JUBILEE RADIO SHOW TRANSCRIPTION DISCS ANDREWS SISTERS LEO WATSON LENA HORNE,99.99,0.0897
v1|298553852298|0,Wynton Marsalis - Hot House Flowers - Columbia FC 39530 OG 1984 VG+,9.99,0.0897
v1|318657399004|0,Elvis Blue Hawaii Lpm 2426 Vinyl Record,8.99,0.0897
v1|398242682300|0,Jodette ( Kamelia) & Fahim Sadi. VC-3327. Nights Of Jodette. In shrink wrap . ,12.00,0.0896
v1|158148184153|0,"The Police Synchronicity A&M 12"" Black Vinyl LP 33RPM SP-3735",10.00,0.0896
v1|267745971284|0,"Vanilla Fudge – Near The Beginning, 1969 LP, ATCO Records – SD 33-278",6.00,0.0896
v1|366577527695|0,CURTIS FULLER Four On The Outside TIMELESS LP VG+ holland o,8.00,0.0896
v1|377389407793|0,Gene Krupa - Drummer Man - 1956 Mono Vinyl Record LP Red Label - Verve MGV 2008,9.99,0.0895
v1|158147128568|0,Jerry Lee Lewis Rockin’ Rhythm & Blues 1969 Vinyl LP SUN Records,4.00,0.0895
v1|278191704899|0,"JANIS JOPLIN ""I GOT DEM OL' KOSMIC BLUES AGAIN MAMA !"" 1969 FIRST PRESSING LP",5.00,0.0895
v1|278249585317|0,Peerless Classics Beethoven Symphony No. 8 Vinyl LP Record VG/NM,1.00,0.0894
v1|278249585167|0,Peerless Classics Beethoven Symphony No. 4 Vinyl LP Record VG/NM,1.00,0.0894
v1|178374890192|0,Original Vintage Vinyl LP CLAUDINE - Claudine Longet - 1967 Debut Record Album,1.00,0.0894
v1|137579193966|0,Chet Atkins ‎– Solid Gold '69 Vinyl - LP 1969 RCA Victor ‎– LSP-4244,3.99,0.0894
v1|407115533559|0,"Grand Funk Railroad Grand Funk Capitol SKAO-406 12"" Black Vinyl LP Rock",15.00,0.0894
v1|117336807945|0,Lenny Bruce the Law language and Lenny Bruce Mint Rare Phil Spector,12.99,0.0894
v1|407117344754|0,"Jay-Z ""The Black Album"" Rap Hip Hop 2xLP Roc-A-Fella Reissue w/ Insert",12.50,0.0893
v1|267747674147|0,Failure Location Lost Scorched Fog Swirl Colored Vinyl 2026 Fantastic Planet,24.95,0.0893
v1|128007630887|0,The B-52's Wild Planet LP 1980 Warner Bros BSK 3471 STERLING Orig US Press VG+,19.99,0.0893
v1|178368113749|0,"THE MOTORS-TENEMENT STEPS- M-record And EX Cover, Original Inner Sleeve ",8.00,0.0893
v1|800440131934|0,ALVIN QUEEN Ashanti NILVA LP VG+ switzerland o,10.75,0.0893
v1|257651998383|0,"SADE Paradise EPIC 12"" VG++ SHRINK",11.50,0.0893
v1|257658101778|0,"TRINITY Where Love Is ANANYMOUS 2x12"" NM/VG++",5.00,0.0892
v1|257657238906|0,rare Elvis Presley That's The Way It Is non-flexible rigid vinyl,48.00,0.0892
v1|327292117549|0,Pearl Jam 20 Twenty 2011 US Limited Edition 3LP Vinyl Soundtrack PJ20 NM,100.00,0.0891
v1|407117201639|0,"Del & Keith Present FNKPMPN ""Subatomic"" Rap LP Threshold Promo Color Wax SEALED",7.99,0.0891
v1|188734352395|0,"Joanie Greggains Aerobic Shape-Up 12"" Vinyl LP Parade Records PA-106 Book",2.29,0.0891
v1|336722318006|0,JOHN LENNON Imagine 1984 1st PRESS *SHRINK*  MOBILE FIDELITY MoFi MINTY!!!!!,109.50,0.0891
v1|227459353573|0,Lot of 6 KISS 45 RPM 7 inch records vinyl Ace Frehley Gene Simmons RARE,29.99,0.0890
v1|318672012632|0,Bamboos - Hard Up LP - Pacific Theatre Gold Wax NM,14.50,0.0889
v1|168571169333|0,Eldridge Holmes 1968 Soul 45 on Deesu ~ Where Is Love ~ Hear,9.99,0.0889
v1|188734676698|0,THE YOUNGBLOODS - ROCK FESTIVAL Vinyl LP RECORD 1970 Album WS 1878 EX+,9.88,0.0889
v1|358878963314|0,"Lee Williams & The Cymbals ""I'll Be Gone"" Northern Soul 45 Carnival mp3",10.50,0.0889
v1|407102637036|0,BLACK UHURU The Dub Factor  REGGAE LP  SHRINK  MANGO STERLING,9.99,0.0888
v1|147479072932|0,Frida Somethings Going On Lp Abba Phil Collins Nm,4.99,0.0888
v1|137557853090|0,BLACK UHURU Anthem ROOTS  REGGAE LP SHRINK  ISLAND STERLING NM,9.99,0.0888
v1|227459588208|0,Harvest Chapel Singers - Because He Lives Gospel Record Friendship Ohio VG+ 1974,4.99,0.0888
v1|336722299766|0,Aquarius LP by Charlie Byrd vinyl VG+/VG CS9841 Columbia Records,4.99,0.0887
v1|336722433522|0,LED ZEPPELIN - LED ZEPPELIN III LP US Atlantic SD-19128  EX,14.50,0.0887
v1|206457726617|0,"Jamiroquai - Virtual Insanity 12"" - Work - House VG+ PROMO HEAR",17.00,0.0887
v1|178369147681|0,Uriah Heep - The Best Of Uriah Heep Vinyl LP -NEAR MINT - ULTRA SONIC CLEANED,7.99,0.0887
v1|278248321078|0,Rich Carlson Bad Luvin Mother LP Crystal Records Vinyl,4.24,0.0886
v1|168584170248|0,Phil Ochs - All the News That's Fit to Sing LP Elektra 1966 EKL 269 stereo Folk,1.00,0.0886
v1|188733987051|0,"SALT-N-PEPA on LP "" WHATTA MAN "" hip hop",2.99,0.0885
v1|800449076028|0,"MOTLEY CRUE - TOO FAST FOR LOVE, 1982 Elektra E1-60174 LP",21.50,0.0885
v1|800440110332|0,PONCHO SANCHEZ Poncho DISCOVERY DS-799 LP VG+ o,20.50,0.0885
v1|407115808837|0,Lot 12 Rare Sub-Grade 45's 1950's-70's Funk/ Northern-Soul/ Doo-Wop / R&B (#11),9.99,0.0885
v1|377389684780|0,Willie Dixon I Am The Blues Lp Record. Very Clean Copy !!,19.99,0.0885
v1|287499377754|0,DIESEL SMOKE Dangerous Curves Trucker Song Sample LP FUNNY LOOKING TRUCK DRIVER,3.87,0.0885
v1|278212174730|0,Grindcore Lot#2 Phobia Napalm Death Fake Dust Trucido Cerebral Rot Spazz AxCx,17.00,0.0884
v1|336722393891|0,Uriah Heep Salisbury Vintage Vinyl LP 1971 Mercury Record SR 61319 VG+/VG,4.99,0.0884
v1|168589166358|0,DISCO Stephanie Mills What Cha Gonna Do With My Lovin 20th Century 1979 NM PROMO,5.00,0.0884
v1|336722391422|0,MOTLEY CRUE Shout At The Devil ELEKTRA vinyl LP w/inner. 60289-1 EX,20.50,0.0884
v1|178367470876|0,Jody Watley - Larger Than Life - 1989 Promo Vinyl LP - MCA 6276,12.00,0.0884
v1|377386849654|0,Sergio Mendes Ye-Me-Le LP 1969 A&M MONARCH WHITE LABEL PROMO 1S U/S CLEANED,19.95,0.0883
v1|178368113961|0,Joan Jett &The Blackhearts “I Love Rock ‘N Roll”Boardwalk NB1 33243 M-Rec VG COV,8.00,0.0883
v1|800443916373|0,"Radiance ft. Andrea Stone - You're My Number 1 12"" - Are 'n Be - Boogie VG+ HEAR",26.75,0.0883
v1|137557865465|0,CORNEL CAMPBELL Superstar REGGAE LP SHRINK  MIC CAN 0027 IMPORT NM,13.50,0.0883
v1|158147737158|0,Kiss 12” Single by Prince - Vinyl Record - LP -  Paisley Park Records - USED,8.00,0.0883
v1|168589166341|0,ROCK The Byrds Bad Night at The Whiskey Columbia 44746 1969 EX PROMO,5.00,0.0882
v1|298554567280|0,Cheap Trick In Color Lp Vinyl Record First Press Santa Maria,3.99,0.0882
v1|366577509983|0,RETURN TO FOREVER Musicmagic COLUMBIA LP VG+ SHRINK o,8.00,0.0882
v1|257652119660|0,"SYLVESTER Someone Like You WARNER BROS 12"" NM SHRINK Keith Haring art",7.50,0.0882
v1|137579147146|0,Stanley Black Moonlight Cocktail London LL 1709 LP~ Vinyl VG,3.09,0.0882
v1|398242509601|0,"John Lennon & Yoko Ono Double Fantasy 12"" Vinyl LP Geffen Records Rock/Pop",2.42,0.0881
v1|168571174369|0,The Vibrations 1965 Soul 45 on Okeh ~ Finding Out the Hard Way ~ Hear,9.99,0.0881
v1|358879011200|0,"Sam Butler ""I Can't Get Over Loving You"" Rare Modern Soul 45 SRI mp3",119.50,0.0881
v1|128007720459|0,SONNY BONO: Inner Views ATCO SD 33-229 LP 1967 VG/G,6.00,0.0881
v1|307097569491|0,"MARI TRINI - MIS GRANDES MOMENTOS - 1985 MEXICAN LP, LATIN POP",14.99,0.0881
v1|398242630768|0,"KING CRIMSON,3 VG+NM VINYL, THREE OF A PERFECT PAIR,THE YOUNG PERSONS GUIDE",55.00,0.0880
v1|366583473103|0,"A Tribe Called Quest ""The Low End Theory"" Rap Hip Hop 2xLP Jive Reissue",13.50,0.0880
v1|158154952340|0,RARE COUNTRY Steve Weldon Texas Woman Title 9000 1976 VG+,5.00,0.0880
v1|407115412080|0,"Vintage 1975 JOHN LENNON PLASTIC ONO BAND Vinyl LP Record Album ""Shaved Fish""",5.00,0.0880
v1|257651979079|0,"ROYAL ORCHESTRA LTD. Get Down FOURTH FLOOR 12"" VG++ house 1990",5.00,0.0879
v1|128002393370|0,The White Stripes - Elephant (2x VINYL BOX) - ALT/INDIE *200G UHQR AUDIOPHILE*,144.99,0.0879
v1|358879025334|0,"The Cheers ""Take Me To Paradise"" Northern/Sweet Soul 45 Okeh Promo mp3",28.00,0.0879
v1|377382557404|0,NRBQ: NRBQ - Debut Album     (LP  1969),11.50,0.0879
v1|227459766404|0,Cheryl Lynn It's Gonna Be Right LP Record Vinyl Album,10.00,0.0878
v1|257651726667|0,"MSG FEAT. GLENN ""SWEETY G"" TOBY I Can Tell DIAMOND 12"" VG++ electro funk",5.50,0.0878
v1|407115253698|0,"Lot of 4 George Jones LP's - I'm A People, Walk Through, Found Heaven, & Race On",28.95,0.0878
v1|267743894389|0,Little Feat - Feats Don't Fail Me Now LP - 1976 reissue – VG+/VG+,10.00,0.0878
v1|178368143103|0,"Jefferson Starship - Modern Times LP ,BZL1-3848 M-record, and cover, Orig. Inner",4.00,0.0878
v1|358884264280|0,EPIC RECORDS - ROY HAMILTON - FROM HERE TO ETERNITY & UNCHAINED MELODY 45 RECORD,4.99,0.0878
v1|236982018436|0,"SZELL, GRAFFMAN, NY Phil (6/19/52) - Mozart & Prokofiev / SRI 2 Acetates / VG",15.00,0.0877
v1|358878877632|0,"Della Reese ""It Was A Very Good Year"" Funk Soul 45 ABC mp3",9.99,0.0877
v1|307102668892|0,Jimmie Rodgers - I'm Lonely and Blue / The Sailor's Plea,10.50,0.0877
v1|117336693946|0,The Gales Of Joy -I'm Going Home- Soul Gospel LP on King - Hear,9.99,0.0877
v1|158150222204|0,BEETHOVEN Concerto No. 4 For Piano & Orchestra In G Major BASF KHB-21510 LP,6.00,0.0876
v1|227460591480|0,TAMMY GRIMES s/t OFF BROADWAY 1959 Pop Stage & Screen VG+ VINYL LP Record USED,5.00,0.0876
v1|117337340354|0,"V/A Horizon Music Sampler #2 1979 PROMO LP on Horizon #SP-17061 Seawind, etc.",9.99,0.0876
v1|358876507433|0,CARL BELEW 45RPM '59 DECCA COOL GATOR SHOES NICE ROCK & ROLLER PROMO M- VINYL,9.99,0.0875
v1|147480682166|0,"Disneyland Records Rubber Duckie Sesame Street 12"" Vinyl LP 33RPM DQ-1334",6.00,0.0875
v1|800451517164|0,Ford Family Ford Family Song Book Vinyl LP Box Set 300-500 Club 1972 Stereo,4.99,0.0875
v1|318660973414|0,BUD SHANK Flute N' Alto WORLD-PACIFIC LP VG+ mono o,8.00,0.0875
v1|206457726724|0,Trans Volta - Disco Computer EP - RKM Venezuela PROMO HEAR,8.50,0.0874
v1|298553971205|0,RARE EDISON Nobel Sissle & Eubie Blake - Broken Busted Blues /You Ought To Know ,29.00,0.0873
v1|336718749894|0,"Depeche Mode  - Leave In Silence -  French Picture Sleeve PS 7""",12.99,0.0873
v1|236980232053|0,Lot of 30 Funk / Soul / Pop Vinyl LPs; Barry White Bar-Kays Rick James Montana,12.19,0.0872
v1|278241288345|0,"JUNIOR MANCE, GET READY, SET, JUMP!!!, 1964 CAPITOL STEREO JAZZ RELEASE, VG++",5.00,0.0872
v1|318669846175|0,"Elton John Tumbleweed Connection DJM Records 12"" Vinyl LP Rock Record",6.00,0.0872
v1|336722069404|0,DAVID SYLVIAN & RIUICHI SAKAMOTO Forbidden Colours 1983 UK 7” Picture Disc 45,4.99,0.0871
v1|257658041043|0,"TEDDY BEAR Lies ERIKA 12"" VG++ electro 1986",5.00,0.0871
v1|267745983312|0,"Tom Petty ""Full Moon Fever"" 1989 MCA Club Edition MCA 6253",49.95,0.0871
v1|128010877984|0,Eddie Noack RARE PSYCHO Murder Country Deather 45 on K-Ark Nice Original Copy,499.99,0.0871
v1|137579000771|0,"Mantovani - Latin Rendezvous - London Record LL3295 - Mono Record - 12"" 33rpm LP",1.99,0.0870
v1|278247900016|0,"Andre Kostelanetz The Kostelanetz Sound of Today 12"" Vinyl LP",8.99,0.0870
v1|366577527159|0,BUD FREEMAN ALL-STARS Featuring Shorty Baker PRESTIGE OJC-183 LP SEALED o,8.00,0.0869
v1|137557767848|0,PETER TOSH Captured Live REGGAE LP SHRINK  HYPE STICKER MINT,9.99,0.0869
v1|188734858121|0,Spelunky Soundtrack - Eirik Suhrke Vinyl Record Black & Gold Limited Pressing,60.00,0.0869
v1|158129667148|0,Warren Lee 1967 Soul 45 on Deesu ~ Ever Since I’ve Been Lovin You ~ Hear,9.99,0.0868
v1|800440107764|0,WOODY SHAW Master Of The Art ELEKTRA/MUSICIAN LP VG+ wlp o,8.00,0.0868
v1|377387674536|0,AL STEWART THE YEAR OF THE CAT LP MFSL ORIGINAL MASTER RECORDING VG+ VINYL,10.50,0.0868
v1|227453554536|0,LP REGGAE / FRANKIE PAUL / HOT NUMBER / VOLCANO,9.99,0.0868
v1|407102379518|0,INNER CIRCLE Everything is Great  REGGAE LP ISLAND SHRINK,9.99,0.0868
v1|407102379518|0,INNER CIRCLE Everything is Great  REGGAE LP ISLAND SHRINK,9.99,0.0868
v1|377389407859|0,Les Brown And His Band Of Renown - Digital Swing - Vinyl Record LP Album,5.99,0.0868
v1|318664077289|0,Prince & The Revolution - Around The World In A Day LP - Paisley Park VG+,10.50,0.0867
v1|267745949316|0,Bob Dylan Down In The Groove 1988 Columbia Record LP. C 40957,3.95,0.0867
v1|257657664716|0,THE MOODY BLUES On The Threshold Of A Dream LP DECCA 1969 DES 18025,8.95,0.0867
v1|257652003271|0,"SAMSON & DELILAH I Can Feel Your Love Slippin Away SATURN 12"" VG+ wlp PROMO",5.00,0.0867
v1|257651597161|0,"MAIN SOURCE Peace Is Not A Word To Play WILD PITCH 12"" VG+/VG++ SHRINK",7.50,0.0867
v1|298548842844|0,"Twisted Sister  - Hot Love/Tonight -  Spanish PROMO US Picture Sleeve PS 7""",20.50,0.0866
v1|147478647001|0,DOORS - (3) 45s - VG-VG+,4.25,0.0866
v1|147478651788|0,DOORS - (3) 45s - VG-VG+,4.00,0.0866
v1|188718102249|0,Juanita y Maria Mendoza - Te Arrepentiras Mujer - FALCON 118 E/E+,19.99,0.0866
v1|128007719746|0,THE HUES CORPORATION Your Place Or Mine 1978 LP on Warner Bros. #BSK 3196,5.99,0.0865
v1|407115100638|0,HEAR - Rare Rock 45 - The Merry-Go-Round - Live - A&M Records # 834,9.99,0.0865
v1|800450524198|0,The Braids-Bohemian Rhapsody -CLUB MIX EXCELLENT CONDITION RARER AWESOME Vinyl,7.28,0.0865
v1|257651794773|0,"OUTKAST B.O.B. LAFACE 12"" VG++ wlp PROMO",5.50,0.0864
v1|137557247458|0,GREGORY ISAACS More Gregory  REGGAE LP  SHRINK  MANGO STERLING,12.50,0.0864
v1|377391686495|0,HANK LAAKE In The Spirit Of The King TUNESMITH Canada VG+ VINYL LP Record USED,5.00,0.0864
v1|168585492812|0,"LAURA BRANIGAN-SELF CONTROL-45 RPM-7""-POP-ATLANTIC-7-89676-VINYL-RECORD-VG+-1984",6.00,0.0864
v1|137579118383|0,Lot of 25+ Gospel Spiritual Soul R&B 45s Various,24.99,0.0863
v1|318661022876|0,ELLA FITZGERALD Ella Abraca Jobim PABLO TODAY 2XLP VG+ gatefold o,22.50,0.0863
v1|278240949718|0,PREWAR JAZZ 78 • Coon Sanders Orchestra • Victor 22077 • And Especially You,14.99,0.0862
v1|168577570776|0,"Quiet Riot-Cum On Feel The Noize/Run For-45 RPM-7""-hard rock-Pasha 04005-1983-NM",5.02,0.0862
v1|188737790269|0,"Kendrick Lamar good kid, m.A.A.d city 12"" Black Vinyl LP 2012",6.61,0.0861
v1|168589136043|0,SOUL Vernon Harrell / Little Gigi Baby Don'tcha Worry Decca 31721 1965 NM PROMO,20.00,0.0861
v1|398232316423|0,EMMYLOU HARRIS BLUE KENTUCKY GIRL LP on WARNER BROS BSK 3318 1ST PRESS c1979 EXC,8.00,0.0861
v1|298537097299|0,J. Geils Band Sanctuary LP EMI SO-17006 1978,5.00,0.0861
v1|178364121991|0,"Grateful Dead Fillmore West March 1, 1969 3/1/69 3xLP Box Set Vinyl LP Sealed",62.00,0.0861
v1|198543104084|0,"D-SHOT ft. E-40 - CALL ME ON THE UNDER - Vinyl 12"" Single 1993 Bay Area Hip Hop!",7.98,0.0861
v1|188733875164|0,Mary J. Blige ~ What's The 411?  1992 Uptown UPT-10681 R&B Hip Hop Vinyl LP,10.50,0.0860
v1|227457830061|0,The 5th Dimension - The Age of Aquarius - SCS-92005 Stereo EX Great Sound,19.95,0.0860
v1|168584929207|0,"GENE VINCENT~""BE-BOP-A-LULA""~Orig. 1956~ROCK~ROCKABILLY~7'' 45rpm~RARE~F3450~VG+",0.99,0.0860
v1|336722383907|0,WHAM! LP MAKE IT BIG 1984  Columbia  FC 39595  VG/VG,12.00,0.0860
v1|257651636855|0,"MATEO & MATOS After Midnight EP LARGE 12"" VG+ 2002 house",5.00,0.0860
v1|168584175908|0,Grateful Dead One From the Vault Vinyl 3LP Remastered 2013 Future Days VG+,124.99,0.0860
v1|257651649984|0,"MAXWELL Sumthin' Sumthin' The Mantra COLUMBIA 12"" ",6.00,0.0860
v1|278247900019|0,"Teresa Brewer Moments To Remember 12"" Vinyl Record",8.99,0.0859
v1|358878778144|0,"Aki Aleong ""Giving Up On Love"" Northern Soul Popcorn 45 Vee-Jay Promo mp3",65.00,0.0859
v1|336722395247|0,Black Sabbath Paranoid 1970 WS-1887 LP 1st Press GREEN ARTISAN VG+ Terre Haute,42.00,0.0859
v1|178368014167|0,Joe Walsh ~ But Seriously Folks 1978 Asylum Gatefold Eagles EX Vinyl LP,4.95,0.0858
v1|407117362434|0,"Judas Priest"" DEFENDERS OF THE FAITH"" 1984 LP, Very Good Condition",14.99,0.0858
v1|377387669751|0,ELECTRIC LIGHT ORCHESTRA THE NIGHT THE LIGHTS WENT ON IN LONG BEACH LP IMPORT,3.25,0.0858
v1|377384507485|0,COMMANDER CODY Tales From The Ozone 1975 Warner LP BS 2883 EXC- w/sleeve,8.75,0.0858
v1|188734670438|0,THE FIXX - WALKABOUT Vinyl LP 1986 RECORD Hype MCA 5705 EX+,9.99,0.0858
v1|287499649219|0,Fonzie Favorites - Happy Days Soundtrack TVLP-177602R LP Vinyl Record,5.99,0.0858
v1|366575089550|0,Lydia Mendoza - Pajarito Herido - AZTECA 291 V+,19.99,0.0857
v1|318661068537|0,CLAUDE HOPKINS Soliloquy SACKVILLE 3004 LP canada SEALED o,8.00,0.0857
v1|336718793532|0,"UFO  - Too Hot To Handle -  RED VINYL Picture Sleeve PS 7""",6.99,0.0857
v1|358878881593|0,"E. Rodney Jones and Friends ""Soul Heaven"" Funk Soul 45 Crash mp3",9.99,0.0857
v1|358878801422|0,"Betty Wright ""Man Of Mine"" 70's Soul 45 Alston mp3",9.99,0.0857
v1|257651697790|0,"MINK Rhythem Method SOUND PAK 12"" VG+ house 1987",5.50,0.0857
v1|128007721749|0,Blood Sweat & Tears:Blood Sweat & Tears 4 Vinyl LP VG/G-,1.00,0.0856
v1|158150027913|0,"Capone-N-Noreaga ""The War Report"" Rap Hip Hop 2xLP Tommy Boy Colored Wax Reissue",11.75,0.0856
v1|267745983767|0,The Moody Blues – On The Threshold Of A Dream LP Record 1969 Deram Psychedelic,4.00,0.0856
v1|407117187579|0,"Das EFX ""Dead Serious"" Rap Hip Hop LP Music On Vinyl EU Reissue 180g w/ Insert",10.50,0.0856
v1|158133112551|0,Van Halen Self-Titled Debut LP 1978 Warner Bros,14.05,0.0856
v1|158150383762|0,"Lil Jon & The East Side Boyz ""Get Crunk, Who U Wit"" Rap 2xLP Mirror Image OG",7.99,0.0855
v1|147478930046|0,OZZY OSBOURNE BLIZZARD OF OZZ 1981 JET RECORDS FIRST PRESS VG++ (HEAR!),39.99,0.0855
v1|800443916404|0,"Steven Abdul Kahn - Gotta Have Your Loving 12"" - 3C - Boogie Funk VG++ HEAR",41.00,0.0854
v1|198542697232|0,"Marie Osmond Paper Roses 12"" Vinyl LP 33 RPM MGM Records SE-4910 Pop",1.20,0.0854
v1|377389408162|0,Al Hudson And The Partners - Happy Feet - Vinyl Record LP German Pressing On MCA,6.99,0.0853
v1|128007719736|0,CARL & PEARL BUTLER:Watch and Pray Harmony H 31182 LP 1972 G/G+,0.99,0.0853
v1|128007719736|0,CARL & PEARL BUTLER:Watch and Pray Harmony H 31182 LP 1972 G/G+,0.99,0.0853
v1|267748093773|0,Walter Wanderley Moondreams LP 1969 SP3022 EXC-NM white label PROMO gatefold,29.99,0.0853
v1|407106717804|0,TAJ MAHAL Satisfied 'N Tickled Too BLUES LP COLUMBIA ORG 1976 SHRINK 1E/1F,9.99,0.0853
v1|137579094609|0,DOO WOP 45 RONNIE & THE HI-LITES A SLOW DANCE ON WIN  VG+ Doowop ,5.50,0.0852
v1|287499670389|0,Yes - Tormato - 1978 Atlantic LP Record Album - ,3.99,0.0852
v1|407106603882|0,LIGHTNIN' HOPKINS  The Blues Giant TEXAS BLUES OLYMPIC BELL SOUND 3/10/73 etched,9.99,0.0852
v1|307093857143|0,California Ramblers Washin The Blues From My Soul 2208-D Fox Trot,6.95,0.0852
v1|318664829888|0,ELVIS PRESLEY - MOODY BLUE LP - BLACK VINYL - 1977 - AFL1-2428 - RARE!!,49.99,0.0851
v1|227459476851|0,U2 - ORIGINAL Lot of QTY6 1980s LP Vinyl Albums,99.00,0.0851
v1|800450308807|0,THE DOORS BY THE DOORS 1967 1ST PRESSING STEREO EKS 74007,20.00,0.0851
v1|800440145937|0,JIMMY OWENS Self Titled A&M/HORIZON SP-712 LP unipak o,8.00,0.0851
v1|137579235569|0,MEGADETH ~KILLING IS MY BUSINESS~1985 LP VINYL METALLICA COMBAT MX 8015 NICE,76.00,0.0851
v1|178374890185|0,"""Godspell"" Original Cast – Godspell Arista – ARISTA 4001, Arista – AL 4001 Vinyl",1.00,0.0851
v1|206461181500|0,DJ HONDA | JERU THE DAMAJA | EL PRESIDENTE Vinyl Hip Hop Rap Record ,8.00,0.0850
v1|198542501817|0,"Motley Crue “Girls, Girls, Girls” Vinyl LP MASTERDISK ST-E-60725-A-DMM1 VG+",25.00,0.0850
v1|377389408363|0,Cleopatra Jones - Original Motion Picture Soundtrack Selling Cover Vinyl Warped,3.99,0.0850
v1|377391743888|0,FRANCOIS RABBATH Rabbath Plays Bach LP Classical RED MARK/LIBEN,9.99,0.0849
v1|168571169397|0,Charles Lattimore 1967 Soul 45 on Shout ~ Do the Thing ~ Hear,9.99,0.0849
v1|137564882983|0,LIGHTNIN' HOPKINS How Many More Years I Got  TEXAS BLUES 2xLP FANTASY 1981,9.99,0.0849
v1|377389407770|0,Stevie Wonder - Fulfillingness' First Finale - Vinyl Record LP 1974,5.99,0.0849
v1|168584056099|0,Morbid Angel / Possessed - Limited Edition Blue Vinyl 307 Copies Death Metal,49.99,0.0848
v1|158148184861|0,"Simple Minds Real to Real Cacophony Virgin 12"" Vinyl LP 33RPM OVED124",10.00,0.0848
v1|227460591460|0,JERRY RICKS Empty Bottle Blues RADIATION Blues Hungary VG+ VINYL LP Record USED,5.00,0.0848
v1|366577505755|0,GENE SHAW Debut In Blues CHESS LP o,8.00,0.0848
v1|257656502430|0,ELVIS PRESLEY ''Good Times'' 1974 SEALED ORIG' w/RARE HYPE STICKER - CPL1-0475,146.50,0.0848
v1|168571169399|0,Marie and Rex 1959 R&B 45 on Carlton ~ I Can’t Sit Down ~ Hear,9.99,0.0847
v1|178368114497|0,"Romeo Void Never Say Never 1981, EX Record And VG+ Cover ",12.00,0.0847
v1|198542828404|0,HERBIE MANN LP DISCOTHEQUE1975 WARNER SD 1670 LP EXC+ SLEEVE VG+ INNER SLV.-NM,6.00,0.0847
v1|206461400470|0,1976 THE BEATLES Abbey Road LP Apple SO-1-383-G51 LA Pressing Var. 1 EX,42.00,0.0847
v1|358879070053|0,JUSTUS: TAKE ME HOME / THAT'S NOT FOR ME - CHRISTIAN ROCK 1986 STAR SONG - HEAR!,3.99,0.0846
v1|168571169358|0,Lee Fields 1973 Funk 45 on Norfolk Sound ~ She’s A Love Maker ~ Hear,9.99,0.0846
v1|168585766648|0,"Fire On Main Street / Flamin’ Harry LP 1980 Moguel Records Rock VG+, PA Local",9.99,0.0846
v1|147478990214|0,Jean Ritchie British Traditional Ballads LP Folkways Records FA 2301 1961 Folk,20.00,0.0846
v1|178368153418|0,"Spyro Gyra Morning Dance LP 1979 Infinity Record INF-9004,M-record And Cover ",4.00,0.0846
v1|178368153418|0,"Spyro Gyra Morning Dance LP 1979 Infinity Record INF-9004,M-record And Cover ",4.00,0.0846
v1|366582239070|0,"ULTRAMAGNETIC MC'S  ""  POPPA  LARGE ""  12""  PROMO ",20.00,0.0846
v1|188728843093|0,Lady Gaga Ariana Grande Rain On Me 7” Vinyl Record Picture Disc VG+,30.00,0.0845
v1|377389920682|0,Robert Plant The Principle Of Moments Vinyl LP 1983 Atlantic Records,8.00,0.0845
v1|257651845423|0,"PITBULL Culo TVT 12"" VG++ ",5.00,0.0845
v1|800443916395|0,"Situation Stated - Girl I Love You 12"" - Pandisc - Electro VG+ PROMO HEAR",9.00,0.0845
v1|358878824976|0,"Brothers Of Soul ""Come On Back"" Northern Soul 45 Boo mp3",12.50,0.0844
v1|398241326917|0,FRANK ZAPPA Ship Arriving Too Late (1982) LP Barking Pumpkin Records FW 38066,10.00,0.0844
v1|168585318890|0,RARE Tom Petty Damn The Torpedoes PROMO Demo Not For Sale LP Vinyl MCA-5105,125.00,0.0844
v1|188734668166|0,THE ROCKETS - NO BALLADS Vinyl LP 1980 RECORD ALBUM Keel Press RS-1-3071 NM,9.99,0.0843
v1|257651550426|0,"M.C. FLEX & THE FBI CREW Rockin' It POSSE 12"" VG++ electro rap ",5.00,0.0843
v1|158129662190|0,Dyke and the Blazers 1970 Soul 45 on Original Sound ~ Runaway People ~ Hear,9.99,0.0843
v1|257651769239|0,"NORTHEND FEAT. MICHELLE WALLACE Happy Days EMERGENCY 12"" VG+ boogie HEAR",27.00,0.0843
v1|257653072706|0,Crosby Stills Nash & Young (CSNY): Deja Vu ATLANTIC Folk Rock LP SD 7200 EX/EX,9.95,0.0843
v1|307103627504|0,"1965 CANADIAN-PRESS Folk LP - DONOVAN ""The Real Donovan"" PYE RECORDS",2.99,0.0843
v1|206462744651|0,"The Sequence - Sugar Hill 12"" Single - Funk You Up - SH-543",1.99,0.0842
v1|267745630460|0,Sub Pop Test Pressings and one of a kind records,25000.00,0.0842
v1|398242928355|0,Lot Of 6 Original Arlo Guthrie LP's VG+ and Better W/Photos and More 1-DBLP,45.00,0.0842
v1|398241280236|0,peaches and herb 2 hot vinyl,5.00,0.0841
v1|336723602412|0,LP Joseito Mateo El Verdadero Rey Del Merengue RINEY LBL VG++,19.95,0.0841
v1|336722111867|0,"En Vogue You Don't Have To Worry 12"" 1990 Atlantic 86122 R&B NEW JACK SWING",10.00,0.0841
v1|377389342580|0,The Mike Theodore Orchestra – High On Mad Mountain [1979] Lp Vinyl Disco WT6109,4.00,0.0841
v1|318661015813|0,DEODATO Love Island WARNER BROS LP VG+ gatefold o,8.00,0.0840
v1|236980330908|0,SPOOKY TOOTH Spooky Two 180 gram audiophile reissue vinyl LP Island UMCLP091 M-,14.14,0.0840
v1|236979841683|0,Moby Grape Vinyl Lot - 2lp,20.00,0.0840
v1|318669989951|0,"GENE PITNEY, ""THE GOLDEN HITS OF GENE PITNEY""   MS 3250 Musicor LP Vinyl Record",1.54,0.0839
v1|336722316595|0,THE BEATLES Sgt Peppers 1978 RARE GRAY/PINK Canadian Press UltraVPI  Please Read,89.50,0.0839
v1|168571169323|0,The Rodd 1985 Houston Funk/Boogie 45 on Phive Phaze ~ Skorpeo ~ Hear,44.00,0.0838
v1|318672012645|0,Bill Withers - Still Bill LP - A&M Philippines,10.01,0.0838
v1|377389407263|0,Emmylou Harris - Blue Kentucky Girl - Vinyl Record LP - 1979,9.99,0.0838
v1|137557326465|0,STEEL PULSE Babylon The Bandit  REGGAE LP ELEKTRA STERLING SRC NM,9.99,0.0838
v1|398242469001|0,"78rpm 10"" Jewel 5425 Hawaiian Serenaders - Jeannine & Hawaiian Garden of Flowers",9.99,0.0838
v1|267743462987|0,Tribe Vibes Volume 1 DOUBLE LP A Tribe Called Quest Samples,75.00,0.0838
v1|257651789875|0,"ON THE HOUSE Pleasure Control BRIGHT STAR 12"" VG+ house 1986",5.50,0.0838
v1|257652067188|0,"SNOOP DOGG Let's Get Blown GEFFEN 12"" VG++/VG+ ",7.50,0.0837
v1|206457726665|0,Parliament - Chocolate City LP - Casablanca VG+,27.50,0.0837
v1|336722302266|0,Ted Nugent – Ted Nugent LP 1975 Epic PE 33692 Original Press,4.00,0.0837
v1|227460589674|0,THELMA HOUSTON I've Got The Music In Me SHEFFIELD 1982 M- VINYL LP Record USED,6.55,0.0837
v1|336721953449|0,"CONNIE FRANCIS – HIT COMEBACK SERIES EIGHT 7” 45s, Germany, 1987-89",36.00,0.0836
v1|236980143509|0,"Grand Funk Railroad Closer To Home Rock Vinyl LP Record 12"" Capitol Black",8.50,0.0836
v1|257657149728|0,"GENESIS - Three Sides Live (1982, Vinyl Double LP) “ABACAB” “Behind The Lines”",1.99,0.0836
v1|358879036086|0,"The Gemini Brass ""Satisfaction"" Islands Soul Funk 45 Telco mp3",9.99,0.0835
v1|178368114200|0,Rolling Stones Goats Head Soup Lp  VG+ Gatefold And Record ,6.00,0.0835
v1|147479190677|0,Stelvio Cipriani Iguana Tongue Of Fire LP 2019 Arrow Purple Giallo VG+/VG+,35.00,0.0835
v1|257658096272|0,"TOUCHDOWN Ease Your Mind STREET WISE 12"" VG++ ",5.00,0.0834
v1|257658105055|0,"TUFF CREW My Part Of Town SOO DEFF 12"" VG++ ",5.00,0.0834
v1|188734671668|0,"METHOD MAN - JUDGEMENT DAY 12"" Vinyl RECORD 1998 Hip Hop 314566517-1 NM",9.88,0.0834
v1|358878786658|0,"Alvin Green & Green Fire ""The Sun Shines"" 70's Soul/Sweet Soul 45 Green Fire mp3",13.50,0.0834
v1|206462527477|0,2nd II None - Classic 220 2xLP - Arista VG++,9.38,0.0834
v1|168589169392|0,The Surfaris Murphy The Surfie / Go Go Go For Louie's Decca 31065 1964 VG+ SURF,5.00,0.0834
v1|257651707721|0,"MODERN ENGLISH I Melt With You TVT 12"" VG+ ",5.50,0.0833
v1|147479523195|0,Let Them Know - The Story Of Youth Brigade Vinyl + Cd + Book Box Set Nofx Punk,45.00,0.0833
v1|178355332179|0,VA-AC-DC Blues: Gay Jazz Reissues-volume one-NM/NM,25.00,0.0832
v1|168589145936|0,SOUL The S.O.S. Band The Finest Tabu 05848 1986 NM PROMO Pic Slv,5.00,0.0832
v1|236980305997|0,DWIGHT TWILLEY BAND Twilley Don't Mind ARISTA AB 4140 LP VG,4.99,0.0832
v1|377391682186|0,"JOANIE SOMMERS / LAURINDO ALMEIDA Softly, The Brazilian VG+ VINYL LP Record USED",6.55,0.0832
v1|257651699027|0,"MISSY MISDEMEANOR ELLIOTT Work It ELEKTRA 12"" VG+ PROMO wlp",5.00,0.0832
v1|298554074493|0,DANNY RIVERA Amar o Morir LATIN LP,9.00,0.0832
v1|257651894958|0,"QUEST Mind Games SOUND PAK 12"" ",5.00,0.0832
v1|168589166337|0,SONG POEM COUNTRY Gene Marshall How Far Will A Lie Go Preview 2418 1970s VG+,5.00,0.0831
v1|336722399591|0,"Girlschool - Hit And Run - 1981 Vinyl LP, SGR-1003, Paramount Pressing VG+",8.50,0.0831
v1|257650106578|0,"Los Blue Angels - Me Piden, Donde Esta Mendocino DEL GORDO DGL-1005 LATIN ROCK",40.00,0.0831
v1|800440111535|0,RED RODNEY 1957 SIGNAL LP NM 180g 1997 reissue o,8.00,0.0831
v1|336722378198|0,"Lot (37) Rap / Hip-Hop 12"" Vinyl Singles;  The Jaz Rappinstine King Dee Rhythm",24.50,0.0830
v1|407117092115|0,Haydn Quartet Victor 78 In Dear Old Georgia Van Alstyne 4522,10.00,0.0830
v1|168575391750|0,1976 STEVIE WONDER Songs In The Key Of Life Tamla 2LP & 7” w/ booklet,15.00,0.0830
v1|407102731448|0,TOOTS & THE MAYTALS Funky Kingston  REGGAE LP SHRINK  GOLDISC KENDUN ISLAND NM,12.50,0.0830
v1|117336973736|0,Peter McCann – Self-Titled LP (1977)  Earliest Cuts | Includes Lyric Sheet,10.00,0.0829
v1|298554455088|0,"Rhinoceros ""Rhinoceros"" LP Elektra EKS-74030 1968",5.00,0.0829
v1|336722355006|0,"Midrift - Midrift 7"" Vinyl (Red with Black Smoke Variant)",25.00,0.0829
v1|267742669347|0,Ronnie Milsap - S/T Self Titled WARNER BROS WS 1934 WHITE LABEL PROMO! 1971,40.00,0.0828
v1|137581688127|0,Jazz by Ry Cooder 1978 Vintage Vinyl Promotional Copy,10.00,0.0828
v1|257651859180|0,"PRINCE & THE REVOLUTION AnotherLoverHoleInYoHead PAISLEY PARK 12"" NM",5.50,0.0827
v1|287500928445|0,Dan Fogelberg | Nether Lands | Vinyl LP  1979 FULL MOON PE 34185 Gatefold,4.95,0.0827
v1|287499603706|0,"Paul Simon Late In The Evening/How The Heart Approaches What It Yearns 7"" 45rpm",4.99,0.0827
v1|158150091965|0,"Del & Keith Present FNKPMPN ""Subatomic"" Rap LP Threshold Test Num. Color Wax",7.99,0.0826
v1|188729536450|0,Funk Soul - The Slauson Brothers Rosalie - Gee Kay - Chicano Soul Oldies 60s 45,9.99,0.0826
v1|128007720309|0,"V/A Music With 58 Musicians, Volume One 1980 SAMPLER 2LP on ECM #PRO-A-850 JAZZ",9.99,0.0826
v1|358879044847|0,"The Mighty Majors ""You Can Never Go Back..."" Sweet Soul/Funk 45 Bandit mp3",10.50,0.0825
v1|206460622440|0,SOUTHERN DANCE ORCH - Carolina Moon MADISON 1646 PRE WAR JAZZ 78 V++,12.00,0.0825
v1|117337030577|0,"Mountain The Best Of Mountain 1973 12"" Vinyl LP REVERSE GATEFOLD PC 32079 VG/VG+",3.00,0.0825
v1|377389407921|0,"Leo Sayer - Thunder In My Heart - Vinyl Record LP Classic Rock, Pop Rock, Disco",3.99,0.0824
v1|377382587811|0,DICKEY BETTS & GREAT SOUTHERN - S/T - ARISTA W/ORIGINAL SLEEVE - REALLY NICE!!!,0.99,0.0823
v1|398241324091|0,"JETHRO TULL (Thick As A Brick) 1972 Vinyl W/ Newspaper, Stereo, Reprise MS 2072",10.00,0.0823
v1|168571169326|0,The Precisions 1968 Soul 45 on Drew ~ Never Let Her Go ~ Hear,9.99,0.0822
v1|366572939678|0,LP SOUL / MEL AND TIM / STARTING ALL OVER AGAIN / STAX,9.99,0.0822
v1|257650102132|0,Jazz-M-Tazz Volume 2 INSTRUMENTAL Jazzmatazz Volume II New Reality GMTLP-723,60.00,0.0822
v1|267745703558|0,Jimmy Buffett ‎♫ Havana Daydreamin' ♫ 1976 ABC Records Original Vinyl LP,20.00,0.0822
v1|366581883221|0,"WU TANG CLAN""   C.R.E.A.M ""  ORIG  12""   ",15.00,0.0822
v1|267745931336|0,AMERICAN BIRD SONGS 6 X RED LP Vinyl Record Set Cornell/Ornithology Comstock NOS,30.00,0.0821
v1|206459991279|0,URSA MAJOR RCA LSP-4777 LP,19.99,0.0821
v1|318670160313|0,Neil Diamond Touching You Touching Me LP Vinyl Record Uni Monarch 1st Press,4.99,0.0821
v1|336723815067|0,"Meyhem Lauren - Black Vladimir 12"" Vinyl LP 2023 Limited Colored Daringer",99.99,0.0820
v1|188718167891|0,Lydia Mendoza - Quiero Estar Contigo - AZTECA 338 E-,19.99,0.0820
v1|137579119548|0,"Flip Wilson The Devil Made Me Buy This Dress Little David Vinyl LP 12"" 33 LD1000",1.50,0.0820
v1|236979924259|0,"Afu-Ra Crossfire feat. M.O.P.  - D&D Records (2002) 12"" Vinyl SINGLE",6.99,0.0820
v1|206457726722|0,"Tracy Kerr - If You Want My Lovin 12"" - Tra-San Canada - Modern Soul HEAR",10.00,0.0820
v1|366572844696|0,45 NOS / JO ARMSTEAD / A STONE GOOD LOVER / GIANT / LISTEN,9.99,0.0820
v1|227455637461|0,AC/DC Highway To Hell Vinyl Original 1979 Atlantic Records,24.99,0.0820
v1|257658087313|0,"TOTAL SCIENCE Just A  Little Bit JUMPIN & PUMPIN 12"" VG+ UK 1989 house",5.00,0.0820
v1|188710068431|0,"Joe Williams - Someday, Baby - BLUEBIRD 9025 V+/E",20.50,0.0820
v1|257658102208|0,"TRIP HAZARD Analog Retention STAY UP FOREVER 12"" VG+ acid techno 1996",5.50,0.0820
v1|377391686435|0,YUKA TSUJIYOKO / KOJI KONDO Paper Mario 3xLP BOX SET Splatter VINYL Record USED,105.75,0.0820
v1|278241411162|0,Van Morrison - Wave Length - 1978 Vinyl LP ~ Shrink Wrap & Hype Sticker EX/VG -+,7.00,0.0819
v1|257657840287|0,Michael Martin Murphy - River Of Time 1988 USA Orig. LP Lyrics VG/E,1.60,0.0819
v1|168584144412|0,Cat Stevens (Budda And The Chocolate Box) Lp 1974 Gatefold 0608,1.00,0.0819
v1|267746444535|0,"Sanford & Townsend Duo Glide Vinyl Record 12"" Album 33RPM Good Condition",5.00,0.0819
v1|188733433196|0,"PHIL COLLINS TWO HEARTS  7"" 45 RPM 1988 ORIGINAL GREAT CONDITION VG+/VG!!B",5.00,0.0818
v1|800454443674|0,Coke Escovedo - Comin' At Ya LP - Mercury VG+ Shrink,23.50,0.0818
v1|178368113715|0,The Tourists Reality Effect early Ann Lennox- LP-Epic 36386 M-Rec & Ex Cov ,10.00,0.0818
v1|298551049379|0,"Gloria Walker  - Talking About My Baby/The Gallop -  US 7""",6.99,0.0818
v1|227460589664|0,SOUL STIRRERS Featuring SAM COOKE s/t SPECIALTY 1972 VINYL LP Record USED,6.55,0.0817
v1|407117214387|0,"Domination Statuz & Craig G ""Cash Money"" Indie Rap 12"" Echo Intl. SEALED",7.99,0.0817
v1|327291650963|0,BUDDY HOLLY LP GIANT RARE 1969 YELLOW LABEL PROMO!!!!,25.30,0.0817
v1|377389744435|0,"Spyro Gyra ""Catching the Sun"" Vintage Vinyl MCA5108 Club Edition CRC VG+",0.99,0.0816
v1|188734676659|0,JETHRO TULL - UNDER WRAPS Vinyl LP RECORD 1984 Album FV 41461 NM,9.88,0.0816
v1|206457726713|0,Thievery Corporation - Babylon Rewound LP - Eighteenth Street Lounge Music VG+,63.00,0.0816
v1|336723460882|0,LP Noel Petro Y Su Conjunto La Cumbia Del Amor Disc Lando LBL MINT!,24.95,0.0815
v1|278232681863|0,ERIC HAMILTON BAND     Lot Of 1 Vinyl Record LP    ANA UVUM VIVENDO VIRARIUM FIT,1.99,0.0815
v1|358878910148|0,"Gwen Stacey ""Ain't Gonna Cry No More"" Northern Soul Popcorn 45 RCA Victor mp3",9.99,0.0815
v1|128007721163|0,THREE DOG NIGHT:Golden Bisquits Dunhill DSX 50098 LP 1971 VG-/VG-,6.00,0.0814
v1|358875513254|0,TRIO LOS PARAGUAYOS  / Two Records / Philips 12 and 10 inch / VG+ / VG,15.00,0.0814
v1|267743298999|0,BRUNO WALTER - GUSTAV MAHLER - SYMPHONY NO 2 RESURRECTION / ODYSSEY DOUBLE LP,4.99,0.0814
v1|206457726707|0,"Sweet G' - Boogie Feelin' Rap 12"" - Queen Constance - Disco Rap HEAR",9.00,0.0813
v1|267745709572|0,Freddy Fender - The Freddy Fender Collection LP - TVLP 77025 Shrink NM-EX,3.99,0.0813
v1|267745748726|0,Steam Peter Gabriel Funk Pop Art Rock 1992 Geffen Labbel 45 rpm vinyl,3.00,0.0813
v1|178368900641|0,"THE BEATLES - NOW AND THEN 10"" VINYL ",69.99,0.0813
v1|318664077216|0,"Jimmy Ross - First True Love Affair 12"" - Quality/RFC Canada - Boogie Funk HEAR",19.50,0.0812
v1|298559541895|0,Bo Diddley Is A…..Lover 1961 Sheldon Mono 69s R&B Blues Rock Records,19.99,0.0812
v1|257659066933|0,"The Who Who's Next 12"" LP 33RPM Stereo Decca DL 79182 Vinyl 1971",3.00,0.0812
v1|206459618943|0,drivin' n' cryin'  WHISPER TAMES THE LION  MINT- LP,20.50,0.0811
v1|336722112204|0,vinyl records,7.00,0.0811
v1|336722106457|0,vinyl records,5.00,0.0811
v1|366581800954|0,"Jeru The Damaja - You Can't Stop The Prophet - Payday Records (1994) 12"" SINGLE",6.99,0.0811
v1|358879054636|0,"Timothy Wilson ""He Will Break Your Heart"" Northern Soul 45 Veep mp3",9.99,0.0811
v1|178367884456|0,"ADAM SANDLER 3 CD LOT  ""WHAT'S YOUR NAME?"" +2 MORE   AUDIO: NM/M",5.99,0.0810
v1|336726573805|0,Vintage Childrens Vinyl Records- Cabbage Patch Charlie Brown & More Lot Of 5,0.99,0.0810
v1|168583535939|0,"Depeche Mode – Condemnation / Paris Mix Vinyl, 12"", 33 ⅓ RPM, Maxi-Single 1993",80.00,0.0810
v1|147478970090|0,"EASY LISTENING LP ""HAMMOND HITS THE HIGHWAY"" HARRY STONEHAM (COLUMBIA 1972 ) UK",8.00,0.0809
v1|178364273379|0,"Grateful Dead Capitol Theatre Passaic, NJ 4/25/77 4xLP Box Set Vinyl LP Rare",61.00,0.0809
v1|178374890182|0,Lily Tomlin - On Stage - 1977 US Vinyl Arista AB-4142 White Label Promo,1.00,0.0809
v1|298546453154|0,signed SUNDANCE TRUE BELIEVER Vinyl private label LP country southern rock rare,50.00,0.0809
v1|227460591499|0,ROUVAUN Sings Love Songs KALAMO 1966 Pop G+ VINYL LP Record USED,5.00,0.0809
v1|358879060912|0,"Wilbur Bascomb & The Zodiact ""Just A Groove In G"" Funk Breaks 45 Carnival mp3",12.50,0.0808
v1|358878780780|0,"Albert Jones ""I'm Still In Love With You"" Sweet Soul/Funk 45 Tri-City Promo mp3",21.50,0.0808
v1|257652076831|0,"SPACEDUST Music Feels Good With You NOT ON LABEL 12"" NM",5.00,0.0808
v1|336722403668|0,"Vintage 1983 Quiet Riot ""Metal Health"" Vinyl (FZ 38443) Pasha Records",6.50,0.0807
v1|407115209017|0,"Vinyl Lot (Jackboys, Kids See Ghosts, Man On The Moon) READ DESCRIPTION ",17.50,0.0807
v1|287499670549|0,Crack The Sky - Live Sky - Lifesong JZ 35620 Promo '78 Progressive Rock Record,4.99,0.0806
v1|137578937619|0,"Stanley Black Big Instrumental Hits Decca Vinyl LP 12"" 33 RPM Stereo 1960",2.00,0.0806
v1|366577534251|0,TOM HARRELL Total! PINNACLE LP VG+ SHRINK o,8.00,0.0805
v1|298554462117|0,"Queen ""A Day of the Races"" LP Elektra 6E-101 1976 Gatefold",15.00,0.0805
v1|158150097272|0,"Digable Planets ""Rebirth Of Slick (Cool...)"" Rap Hip Hop 12"" Pendulum/Elektra",7.99,0.0805
v1|358878980521|0,"Nancy Marano ""Keep Your Hand Off My Baby"" Northern Soul 45 Columbia Promo mp3",9.99,0.0805
v1|366575000258|0,Anmntpin Ko3Eji - On Parade - VICTOR V-21015 E+,19.99,0.0805
v1|257652113884|0,"SWEET D Thank Ya TRAX 12"" VG+ 1986 house",5.00,0.0804
v1|298554567174|0,"New Riders of the Purple Sage ""The Adventures of Panama Red"" LP Columbia PC32450",7.00,0.0804
v1|137570516204|0,Servant World Of Sand lp + Single Ultrasonic Clean + Bonus CD,8.99,0.0804
v1|147478829028|0,Savoy Brown Rock 'N' Roll Warriors LP 1981 Town House NM Blues Rock Kim Simmonds,8.50,0.0804
v1|188735245534|0,"The Charlie Daniels Band Full Moon LP Vinyl 12"" 33RPM Epic 1980 FE 36751",10.00,0.0804
v1|137579197419|0,"GEORGE BARNES Guitar in Velvet, Vinyl LP Record; GRAND AWARD, Original 1957",4.00,0.0804
v1|206460497711|0,FLEETWOOD MAC - Tango In The Night Vinyl LP. 1987 Warner Records 1-25471. Nice,19.50,0.0803
v1|178374890190|0,MARY MACGREGOR - TORN BETWEEN TWO LOVERS LP - 1976 - ARIOLA AMERICA - FOLK ROCK,1.00,0.0803
v1|336722375263|0,"Lot (42) Rock/Pop 12"" Singles; Madonna Wham Clash Bangles FYC & More",18.50,0.0802
v1|236979727259|0,"Irving Fields 50 Songs You'll Always Love SMI 12"" Black Vinyl LP Easy Listening",12.40,0.0801
v1|358878972046|0,"Marla Mason ""Please Stay Away"" Northern Soul Popcorn 45 MCR Promo mp3",9.99,0.0801
v1|257652002845|0,"SAMSON & DELILAH I Can Feel Your Love  Slippin Away SATURN 12"" VG++",5.00,0.0800
v1|168583913264|0,Billy Idol-Rebel Yell-1983 Chrysalis Records Vinyl LP-Excellent Condition,8.00,0.0800
v1|278238449636|0,JANIS JOPLIN Pearl (1971) Original LP KC 30322 **STILL SEALED** read Description,39.75,0.0800
v1|267747981137|0,DAVE BRUBECK Time Out LP Columbia Records Mono Paul Desmond ,39.99,0.0798
v1|318656450151|0,Two Albums: Fifth Dimension - Bell 6060 & Soul City SCS-92005 (Age of Aquarius),8.00,0.0798
v1|147478876388|0,Boston Debut Album Vinyl LP  In Very Good ++ Condition 1978 Reissue Cover Is VG.,15.00,0.0798
v1|267745873029|0,"Elvis Country I’m 10,000 Years Old 1971 RCA LSP-4460 LP Orig EX/VG+ In shrink",9.99,0.0798
v1|188734656638|0,"THE BELLE STARS - IKO IKO 12"" Vinyl 1989 RECORD Extended Mix V 15475 NM",8.99,0.0798
v1|307102949050|0,PERRY COMO ~ RELAXING WITH PERRY ~ 1956 ~ 45 RPM EP ~ BOTH RECORDS NM  COVER EX,0.99,0.0798
v1|158150144444|0,"D-Town Mob/AK-The Ace King ""Livin & Dying"" Random Rap 12"" Southern Exp. HEAR",8.50,0.0797
v1|168584698926|0,"INEZ FOXX~""HURT BY LOVE""~Orig. 1964~FUNK~SOUL~R&B~7'' 45rpm~SYMBOL~20-001~VG+",0.99,0.0797
v1|178363917096|0,Grateful Dead Dick’s Picks Volume 12 Twelve 6/26/74 & 6/28/74 Box Set Vinyl LP,130.50,0.0797
v1|257652108403|0,"SUGAR HILL GANG Apache SUGAR HILL 12"" VG+ PROMO",10.50,0.0797
v1|188735248965|0,"The Charlie Daniels Band Million Mile Reflections LP Vinyl 12"" 33RPM Epic 1979",12.00,0.0797
v1|128008484235|0,Paul Weston Romantic Reflections by Capitol Records 33rpm VINYL LP RECORD,1.00,0.0796
v1|257651891271|0,"PURE ENERGY Love Game PRISM 12"" VG+",5.00,0.0796
v1|257651751313|0,"NAUGHTY BY NATURE O.P.P. TOMMY BOY 12"" VG+",6.50,0.0796
v1|257657628210|0,Cinderella Lot of 5 LPs Full sized 33-1/3 1969-1973 Disneyland Records *READ,19.99,0.0796
v1|298556520819|0,Mott the Hoople LP All The Young Dudes KC 31750 Vinyl,10.00,0.0796
v1|278241584591|0,BEATLES Love Songs 2LP 1977 POP ROCK VG++ NM-,19.99,0.0795
v1|206462527517|0,"Bran G - All Out 12"" - Dagger - Indie Rap HEAR",10.50,0.0795
v1|298554503781|0,"Lot of 6 Childrens Picture Records Voco & PicturTone 1948 with 2 Rare Voco 6""",14.95,0.0795
v1|307103002081|0,"Joanie Greggains Aerobic Shape Up Parade 12"" LP Vinyl 33 RPM PA-104 Booklet",2.29,0.0795
v1|318668507564|0,Ernest Van Treose Popcorn Push Push / Medicine Man Promo RCA Soul Funk 45,42.99,0.0795
v1|117337340138|0,Björk Debut Vinyl LP,95.00,0.0795
v1|168584175739|0,PHISH Hoist RSD Orange Pink Splatter Vinyl LP Record Store Day 2016 Hype Sticker,79.99,0.0795
v1|366577518168|0,TETE MONTOLIU TRIO Catalonian Nights Vol. 1 STEEPLECHASE LP VG+ o,8.00,0.0794
v1|327292689278|0,Lot Of 2 Abba LPs The Album & Super Trouper,9.99,0.0794
v1|188733300583|0,"James Taylor ""Sweet Baby James"" 1970 WB Repress WS 1843 VG+/G+",7.00,0.0794
v1|188734669052|0,"FLEETWOOD MAC - FAMILY MAN 12"" Vinyl 1987 RECORD Down Endless Street 0-20842 NM",9.99,0.0794
v1|198542896845|0,Blind Willie Johnson 78 RPM Record Trouble Will Soon Be Over / The Rain Don't ,45.00,0.0793
v1|198542782232|0,Kingston Trio Once Upon A Time LP Record Double LP Vintage 1969 Promo,9.00,0.0792
v1|287499670315|0,Return To Forever Featuring Chick Corea ‎– No Mystery - 1975 Vinyl LP,4.69,0.0792
v1|257651635163|0,"MASTERS AT WORK FEAT. INDIA Backfired MAW 12"" VG++",5.00,0.0792
v1|257651908151|0,Tom Moore And The Vell-Airs – Lonesome Mood / Work It! TITTYSHAKER,150.00,0.0792
v1|298556228507|0,"The Four Freshmen ""Got That Feelin'"" Stereo LP, Capitol Records ST-1950",4.33,0.0792
v1|358885205564|0,Taylor Swift Red Vinyl Record,9.99,0.0791
v1|147478876673|0,"P.J. Proby rare white label promo Just Call And I’ll Be There, Rockin’ Pneumonia",5.00,0.0791
v1|257657196082|0,Rolling Stones Sticky Fingers LP COC 59100 Iconic Zipper Cover Andy Warhol Inner,26.00,0.0791
v1|236980171249|0,Pic Sleeve: The Brothers Four: Blue Water Line,3.50,0.0791
v1|307102541074|0,"RARE ORIG YARDBIRDS ""MONSTER""● LUDWIG STYLE ""HOT"" MIX!● INTENSE LOUD =BEST SOUND",59.98,0.0790
v1|128007035634|0,"The Tabernacle Echoes Of Washington, DC -Gospel Funk Drum Breaks LP - Hear",9.99,0.0790
v1|318656176888|0,Tower Of Power / We Came To Play 1978 Vinyl LP,2.37,0.0790
v1|198544205129|0,"Big Brother & the Holding Company Cheap Thrills 12"" Vinyl LP - VG+",9.99,0.0790
v1|178368114150|0,"1981 12"" Vinyl Jim Steinman Bad For Good LP FE 36531 & Bonus 7"" Promo",14.00,0.0790
v1|800450924707|0,"FACES ""Ooh La La"" - Warner Bros. BS 2665  -  Orig. Vinyl LP Record",15.50,0.0790
v1|358879034120|0,"The Fuller Bros. ""Stranger At My Door"" Northern Sweet Soul 45 Soul Clock mp3",209.50,0.0789
v1|158147909581|0,PEACHES & HERB  - 2 HOT - LP (22c),4.00,0.0789
v1|257662811058|0,"crosby, stills, & Nash -  young four-way street - Vinyl Record RARE",3.00,0.0789
v1|267745910975|0,MICHAEL JACKSON Thriller LP Epic Records QE 38112 1982 Gatefold,29.95,0.0789
v1|287499752282|0,"The Trammps - Disco Inferno & That's Where the Happy People Go 45RPM 7"" Record",3.99,0.0788
v1|287499655067|0,"The Trammps - Disco Inferno & That's Where the Happy People Go 45RPM 7"" Record",3.49,0.0788
v1|298554459495|0,GRAEME EDGE BAND LP-Kick Off Your Muddy Boots,4.99,0.0788
v1|398243533276|0,"Dianne Reeves Dianne Reeves 12"" Vinyl LP Elektra Jazz Cardboard Sleeve",1.60,0.0788
v1|158154956354|0,JAZZ Specks Williams We Gave The Drummer Some Jax 117/118 1960s EX,5.00,0.0788
v1|168571169393|0,Smokestack 1972 Funk 45 on Dakar ~ Wall Between Us ~ Promo ~ Hear,9.99,0.0787
v1|366571795812|0,Rev. J. M. Gates - Dying Gambler - PARAMOUNT 12427 Poor,19.99,0.0787
v1|358878928212|0,"Jeb Stuart ""Baby Let's Get Together Tonight"" Modern Soul 45 Esquire Int'l mp3",9.99,0.0787
v1|307103005996|0,"The London Cast Hair Reader's Digest 12"" LP Vinyl Stage & Screen Musical",3.08,0.0787
v1|236980165280|0,Pic Sleeve: Jimmy Charles: Xmasvtille,3.50,0.0787
v1|236981188425|0,Various - Bulworth (The Soundtrack) (2xLP) (Very Good Plus Mint,14.99,0.0787
v1|257620967215|0,Columbia 3028D Johnny Green Orch GO INTO YOUR DANCE Jolson  1935 JAZZ  78rpm E,24.99,0.0786
v1|158129662159|0,Sonny Boy Williamson 1966 Blues 45 on Checker ~ Bring It On Home ~ Hear,9.99,0.0786
v1|206462527503|0,Biz Markie - The Biz Never Sleeps LP - Cold Chillin',24.50,0.0785
v1|287499654659|0,DISCO HUSTLE Various 20 HITS VINYL LP Album 1977 TVP TVP1019KO RARE Compilation,4.99,0.0785
v1|398241279589|0,Cat Stevens Sitting Lp,12.00,0.0785
v1|318664077237|0,"Love Unlimited - Lift Your Voice 12"" - Unlimited Gold - Disco Funk PROMO HEAR",9.50,0.0785
v1|318668853879|0,The Doors Vinyl Vintage 33 Rare,35.00,0.0785
v1|307097569512|0,"THE YARDBIRDS -REMEMBER THE YARDBIRDS- 1964 RARE MEXICAN LP, CLASSIC ROCK",19.99,0.0785
v1|198543014514|0,Queen - A Night At the Opera - 1975 - Vinyl Record LP - Embossed Cover Gatefold,19.99,0.0784
v1|168583762843|0,THE MONKEES Last Train To Clarksville / Giant Step  rare JAPANESE 45 w PicSleeve,44.95,0.0784
v1|168571169312|0,The Ohio Players 1967 Soul 45 on Tangerine ~ A Thing Called Love ~ Hear,9.99,0.0784
v1|267743883005|0,Kansas – Point Of Know Return LP - 1977 - VG/VG,4.00,0.0782
v1|267745933895|0,THE BEACH BOYS TODAY! LP Capitol Records T 2269 Rough Shape,0.99,0.0782
v1|377389407468|0,Santana- Self Titled - Vintage Vinyl Record LP - Columbia Record CS-9781,9.99,0.0781
v1|800451837198|0,The Sandpipers Guantanamera 1966 Vinyl LP A&M Records A&M-117 Pop Vocal EX/EX,5.00,0.0781
v1|318664077235|0,"Loose Joints - Tell You (Today) 12"" - 4th & Broadway Mutant Disco Misprint HEAR",24.50,0.0780
v1|336720182983|0,"Dan Fogelberg  - Leader Of The Band -  US Test Pressing 7""",6.99,0.0780
v1|236980314839|0,"Steppenwolf - For Ladies Only Vinyl LP, Dunhill/ABC DSX 50110, VG w/ Insert",4.99,0.0780
v1|257650096050|0,Kanye West - College Dropout Instrumentals 2 x LP PROMO ONLY,100.00,0.0779
v1|128007689042|0,TONY RALLO AND THE MIDNITE BAND Burnin' Alive 1979 PROMO DEBUT LP on Casablanca,9.99,0.0779
v1|158147130632|0,TG Sheppard Crossroads 1988 Vinyl LP Columbia CBS Records Shrink VG+ Country,4.00,0.0778
v1|178363968010|0,Grateful Dead Dick’s Picks Volume 26 4/27/69 4xLP Box Set Vinyl LP Sealed,103.50,0.0778
v1|298553847305|0,Lou Reed -  Rock N Roll Animal Vinyl Record LP (RCA 1977) Gatefold,12.00,0.0778
v1|147483647766|0,RICKIE LEE JONES The Magazine LP Warner Bros 9 25117-1 1984,8.99,0.0778
v1|257657682794|0,RICKIE LEE JONES The Magazine LP Warner Bros 9 25117-1 1984,7.95,0.0778
v1|358866402364|0,TASTE LIVE AT THE ISLE OF WIGHT 1971 POLYDOR 2383 120 BLUES ROCK,24.75,0.0777
v1|366583749184|0,"KRS-One ""Strictly For Da Breakdancers"" Rap Hip Hop LP Front Page",7.99,0.0777
v1|307104312853|0,"MetallicA Creeping Death UK Music For Nations 1986 12"" Single SEALED",120.00,0.0777
v1|158147127598|0,Kenny Rogers First Edition County Songs 1984 Vinyl LP MCA Records Shrink,4.00,0.0777
v1|377391713285|0,DAVE BABER COMBO At Top Of the Inn Charleston WV Jazz VG+ VINYL LP Record USED,5.00,0.0776
v1|358876228260|0,"Curtis Potter: All I Need is Time LP [Step One Records, 1987] TX honky tonk",10.00,0.0776
v1|407102825716|0,THE TRADEWINDS  Footprints In The Sand  REGGAE CALYPSO LP SHRINK CHARLIE'S,9.99,0.0776
v1|158150093675|0,"Diamond & Psychotic Neurotics ""Stunts, Blunts..."" Rap Hip Hop 2xLP Mercury RE",12.50,0.0776
v1|336726330676|0,FRANKIE RUIZ VOY PA ENCIMA OROG TH USA RECORDS SALSA LP HEAR ,13.00,0.0776
v1|318669335321|0,Lana Del Rey Did You Know There's a Tunnel.. Vinyl Nude Cover Like New LP 2023,299.00,0.0776
v1|227460589684|0,TRACY NELSON Doin' It My Way! AUDIO DIRECTIONS #7244 VG+ VINYL LP Record USED,6.55,0.0775
v1|257657457964|0,"Gene Simmons KISS Signed Autograph “KISS Solo: 1978 S/T"" Vinyl LP JSA # - Inner",129.99,0.0775
v1|318661031789|0,VINCE GUARALDI Alma-Ville WARNER BROS LP VG+ o,21.50,0.0775
v1|398243411534|0,SANTANA LP Lot Of 2 - ABRAXAS / III (Man With The Outstretched Hand),19.00,0.0775
v1|298556223178|0,"EMERSON LAKE & PALMER ""PICTURES AT AN EXHIBITION"" 1971 ITALIAN IMPORT EXCELLENT",9.99,0.0774
v1|168583973266|0,Grateful Dead Fillmore West February 28 1969 Rhino RSD Vinyl Record 5LP Box Set,119.99,0.0774
v1|800443916355|0,Parliament - The Clones Of Dr. Funkenstein LP - Casablanca Shrink,17.50,0.0774
v1|128012216721|0,ORIG. 1962 Swan LP Philadelphia Rock 'N Roll Mark Valentino REC MINT- COV VG++,14.99,0.0773
v1|158149968807|0,"Big L ""Street Struck"" Rap Hip Hop 12"" Columbia Promo",8.50,0.0773
v1|358878960658|0,"Larry Houston ""Let's Spend Some Time Together"" 70's Soul 45 HFMP mp3",9.99,0.0773
v1|257651903818|0,"QUINCY JONES W/ PATTI AUSTIN Razzamatazz A&M 12"" NM",5.00,0.0773
v1|227462486708|0,Conjunto Cristal – Conjunto Cristal /***SEALED*** Guaguanco  / Mint Cond Lp,130.90,0.0773
v1|298554554186|0,"1956-THE DREAM WEAVERS , "" GIVE US THIS DAY / WHY I CHOSE YOU"", 7"" DECCA RECORD",0.99,0.0772
v1|236985435538|0,Steely Dan Pretzel Logic Vinyl LP Record 1974 ABC Records,15.00,0.0772
v1|800450414924|0,"THE CLASH ""Sandinista!"" - Epic E3X 37037/FSLN 1 - Orig. Triple Vinyl LP Record",31.00,0.0772
v1|168571169370|0,Porgy Jones 1972 Funk 45 on Great Southern ~ Catch Potato Joe ~ Hear,9.99,0.0772
v1|407115465397|0,"Tanya Tucker- Would You Lay With Me OG LP, 1974, KC32744, Columbia Records,",5.99,0.0771
v1|168590818163|0,BEN SHAHN ART COVER Chicago Style Jazz Eddie Condon 1955 Columbia CL 632,7.99,0.0771
v1|137558340661|0,EDDY GRANT Killer On The Rampage REGGAE  LP PORTRAIT,9.99,0.0771
v1|407115055788|0,Performance Ompst Lp Mick Jagger,6.99,0.0771
v1|168583321268|0,JEFFERSON AIRPLANE Long John Silver 1972 GRUNT LP VG/VG+ Play Tested Unassembled,7.00,0.0770
v1|298553908613|0,Marianne Faithfull - Broken English - 1979 Island Records  ILPS 9570  Vinyl LP,15.99,0.0770
v1|267745718954|0,"Kendrick Lamar DAMN. signed Red Vinyl LP 12""",250.00,0.0770
v1|336721946113|0,Dominique M-767 French version LP,3.79,0.0769
v1|128007719594|0,HENRI RENÉ AND HIS ORCHESTRA :White Heat Imperial LP12021 LP 1959 VG-/G-,2.00,0.0769
v1|318668633952|0,Alice Cooper - I Am The Future/Zorro's Ascent German 45 and Picture Sleeve,7.99,0.0769
v1|336726316899|0,NOCHE CALIENTE II ESTA SERA UNA KTEL RECORDS ORIG SALSA LP HEAR,7.77,0.0769
v1|257652065347|0,"SNOOP DOGG Beautiful PRIORITY 12"" VG++",5.00,0.0768
v1|188734728455|0,JR. WALKER AND THE ALL STARS - HOME COOKIN' Vinyl LP 1969 RECORD SS 710 EX+,9.99,0.0768
v1|327287430028|0,THE ALLMAN BROTHERS - WIPE THE WINDOWS - CAPRICORN - 2 LP VG+/VG+,6.96,0.0768
v1|800440135536|0,PORT AUTHORITY U.S. Navy Band THE NAVY LP VG+ o,8.00,0.0768
v1|327292206883|0,The Clash PROMO 45 RPM 7 inch record vinyl Punk hard rock RARE,9.99,0.0768
v1|336722423523|0,"Stevie Ray Vaughan And Double Trouble Texas Flood Vinyl LP 1983, VG+ in Shrink",12.50,0.0767
v1|188734670406|0,"GRAND MASTER FLASH - FLASH TO THE BEAT 12"" Vinyl 1982 RECORD Hip Hop SH 574 NM",9.99,0.0767
v1|257651686761|0,"MIGHTY DIAMONDS Day In Day Out BTR 12"" VG+ reggae",5.00,0.0767
v1|257651673511|0,"MICHAEL JACKSON Black Or White EPIC 12"" NM SHRINK",27.00,0.0767
v1|158129662170|0,Phil Phillips 1967 Soul 45 on Clique ~ Confusions ~ Hear,9.99,0.0767
v1|257651610529|0,"MARCIA GRIFFITHS Deep In My Heart GERMAIN 12"" VG++ reggae",5.00,0.0766
v1|137579293260|0,Perry Como LP’s “In Italy” LSP3608 “I Believe” LPM1172 “It’s Impossible” LSP4473,17.50,0.0766
v1|206460967822|0,Dilated Peoples | The Platform | Vinyl Rap Record | DJ Revolution | Alchemist,45.00,0.0766
v1|188724816805|0,78 Blues  REV. J.M. GATES  Co 14145  V+  Need Of Prayer /Death's Black Train..,15.00,0.0766
v1|298554250727|0,REO SPEEDWAGON-HI INFIDILITY-JAPANESE-VINYL LP,19.99,0.0766
v1|257651660970|0,"MELLOW MAN ACE Mentirosa CAPITOL12"" NM SHRINK 1990 house breakbeat",10.50,0.0765
v1|257658102667|0,"TRISTON PALMA Uptown Girl JUSIC 12"" VG++ reggae",5.00,0.0765
v1|257652827188|0,Bob & Doug McKenzie Great White North Vinyl LP Record 1981 Strange Brew,5.00,0.0765
v1|158147209393|0,ARMAGEDDON THE ALBUM Audio Fidelity 180g TEST PRESSING 2 LP WhIte Lbl Kevin Gray,149.99,0.0765
v1|298562007474|0,Nas Illmatic Vinyl LP 20th Anniversary 2014 Columbia VG+/NM Hype Sticker Hip Hop,19.00,0.0764
v1|128007721087|0,V/A History Of Bell U.K. 1970-1975 1976 LP on Arista #AL 4112 HELLO GARY GLITTER,9.99,0.0763
v1|147478653174|0,THE ICEMEN How can I get over a fox like you RARE Sweet Soul / Lowrider 45,28.00,0.0763
v1|307093829231|0,Paul Whiteman Potato Head Columbia Evening Star #1401-D Fox Trot,6.95,0.0763
v1|257652017029|0,"SCAKES Mambo In The Disco STRAKERS 12"" VG++ soca",5.00,0.0763
v1|198542422472|0,Favorite Fairy Tales By Hans Christian Andersen Told By Danny Kaye  Vinyl Record,6.99,0.0763
v1|358878881253|0,"Doris Duke ""Woman Of The Ghetto"" Soul Funk 45 Sam mp3",9.99,0.0763
v1|188714866024|0,The Smurfs All Star Show 1981 Vinyl Record,1.00,0.0763
v1|257658154544|0,"VISUAL The Music Got Me PRELUDE 12"" VG++ 1983",5.00,0.0762
v1|206461168727|0,"Julie Andrews, Henry Mancini – Perform Music From Darling Lili - 1970 LP VG+/VG+",5.00,0.0762
v1|800443916391|0,"Sandy Kerr - I'm Billie Jean 12"" - Tra San - Electro Boogie HEAR",19.50,0.0762
v1|398250201690|0,"Elvis' Golden Records Volume 3 12"" Vinyl Record",19.99,0.0762
v1|298554567127|0,Pink Floyd The Final Cut LP Gatefold Columbia QC38243 1983,15.00,0.0761
v1|257652031492|0,"SHOWBOYS Drag Rap PROFILE 12"" VG++ wlp PROMO Drake Kanye samples HEAR",26.00,0.0761
v1|178367931650|0,Hybrid I Will Survive Viny,16.00,0.0761
v1|307103045130|0,HECTOR BERLIOZ: SYMPHONIE FANTASTIQUE (Herbert Von Karajan)  1965 (Germany),2.50,0.0761
v1|178374737460|0,DAVE BRUBECK-WE’RE ALL TOGETHER AGAIN FOR THE FIRST TIME LP,1.00,0.0760
v1|278241412454|0,Stevie Wonder”Talking Book” LP  T-319L Gatefold COVER & VINYL ARE VG+ Braille,14.00,0.0760
v1|398251064698|0,SOUTH SHORE COMMISSION st WAND  Bomb! | Dancefloor | Disco | BEATER! | LP HEAR,9.99,0.0760
v1|307102732800|0,The Charlie Daniels Band - Full Moon Vinyl LP Epic 1980 FE36571 EX Condition ,8.99,0.0760
v1|227462201217|0,Sade Promise LP Vinyl Album Matrix Number FR40263,18.99,0.0760
v1|358878878732|0,"Denise LaSalle ""Here I Am Again"" 70's Soul 45 Westbound mp3",9.99,0.0759
v1|257657310907|0,"BARBRA STREISAND - Emotion (VINYL LP, 1984)Columbia Records USA",1.99,0.0759
v1|257657310907|0,"BARBRA STREISAND - Emotion (VINYL LP, 1984)Columbia Records USA",1.99,0.0759
v1|298554090040|0,"Ednita  Nazario Long Play Editado en Los Angeles, California US RF-9098q",24.00,0.0759
v1|206461035738|0,Perez Prado/Tito Fuentes/Miguelito Valdez: Mambo! LP Vinyl AAMCO Records,5.00,0.0759
v1|147472937768|0,JOHN MAYALL THE LAST OF THE BRITISH BLUES 1978 ABC RECORDS VG++ VINYL (HEAR!),9.99,0.0758
v1|407117083134|0,Standard Disc Record 78 Coon Love Song Deed I Do A270 Corinne Morgan Cal Stewart,10.00,0.0758
v1|407117489286|0,"Main Source ""Breaking Atoms"" Rap Hip Hop LP Wild Pitch/Mr. Bongo UK Reissue",27.99,0.0758
v1|198542750060|0,"Budweiser Beer 12"" LP Radio Spots 1960s",16.50,0.0757
v1|398231958980|0,ELVIS PRESLEY ELVIS’ GOLDEN RECORDS LP on AQLI-1707(e) RCA Mono LP (NRMT) Tested,10.00,0.0757
v1|366577528404|0,GALE GARNETT The Many Faces Of... RCA VICTOR LP VG++ o,8.00,0.0757
v1|398245223142|0,Elton John Tumbleweed Connection Vinyl Record LP ULTRASONIC CLEAN,9.99,0.0756
v1|236980288520|0,Led Zeppelin Physical Graffiti SWAN SONG SS2-200 2xLP Vinyl 1975 VG+/VG,17.50,0.0756
v1|377389372479|0,PANAMA FRANCIS BLUES BAND: Tough Talk!! 20th Fox Mono Thad Jones Rare LP,3.00,0.0756
v1|257651773735|0,"NU SHOOZ I Can't Wait (American/Dutch Mixes) INJETION 12"" VG+ NETHERLANDS",6.50,0.0755
v1|188734504137|0,"JANICE LYNN ""Oh Yeah Maybe Baby""/""If I Could Tell You""",67.50,0.0755
v1|206460435385|0,"Thee Midniters Giants, Vinyl LP Whittier G-, G-",29.99,0.0755
v1|168571169365|0,Larry Hamilton 1971 Soul 45 on Pelican ~ Gossip ~ Hear,9.99,0.0755
v1|168583363473|0,JONI MITCHELL Clouds 1970 REPRISE Folk Rock Early Reissue VG+/EX Play Tested,12.00,0.0755
v1|128007721184|0,THE 5TH DIMENSION:Live!! Bell 9000 2LP 1971 VG-/VG,6.00,0.0755
v1|366581580954|0,Bill Haley & His Comets 45 RPM - Thirteen Women/Rock Around The Clock - Decca RE,0.49,0.0755
v1|168583851337|0,Kiss-Love Gun-Original 1977 Casablanca Vinyl LP-VG++,9.50,0.0755
v1|377389380254|0,Bob Dylan 7” Hurricane Promo MINT Full 8:34 Version 33,20.00,0.0754
v1|147478160689|0,BASIL POLEDOURIS 2 VINYL LOT CONAN & FLESH AND BLOOD,10.00,0.0754
v1|198542635078|0,Ian and Sylvia So Much for Dreaming Vanguard VSD-79241 Folk Stereo LP Vinyl,1.50,0.0754
v1|358878672454|0,Julie London “Whatever Julie Wants” 1961 Liberty Album VG Mono,8.00,0.0754
v1|366581587821|0,Carl Perkins 45 RPM - Blue Suede Shoes / Rock On Around The World - Jet 1978,0.49,0.0754
v1|257658059488|0,"TIM CHANDELL True Love TORI 12"" VG+ reggae HEAR",5.00,0.0754
v1|178367612040|0,BRUCE SPRINGSTEEN-DARKNESS ON EDGE OF TOWN-1978 VINYL LP w/ ORIG INSERT-SEE DEMO,8.99,0.0753
v1|298554348124|0,Legend Soundtrack RARE GEM Vintage Vinyl NEVER PLAYED OR REMOVED EX,58.00,0.0753
v1|318680245899|0,THE BEST OF GERRY AND THE PACEMAKERS LP 1979 EMI CAPITOL SM-11898 RARE,3.00,0.0753
v1|267745962336|0,CARLY SIMON ANTICIPATION original US vinyl LP,3.50,0.0752
v1|168583556967|0,DISCO Fantastic Four I Got To Have Your Love PROMO RARE '77 VG ULTRASONIC CLEAN,10.99,0.0752
v1|298554567521|0,Little Feat LP WB WS1890 1971,15.00,0.0752
v1|257651513774|0,"LITTLE GREEN MEN Need (Satoshi Tomiie Remixes) FORENSIC 12"" VG++ UK 2002 ",5.00,0.0752
v1|366580188078|0,"JOURNEY JUST THE SAME WAY 12"" SINGLE LP WHITE LABEL PROMO COLUMBIA 1979 VG+",6.17,0.0751
v1|168571169408|0,Eddie Bo 1963 Soul 45 on Nola ~ You Are Going To Be Somebody’s Fool Too ~ Hear,9.99,0.0751
v1|358878960152|0,"Lady ""Whatever Happened To The Love"" Modern Soul/Stepper 45 M-L Canada mp3",43.00,0.0751
v1|117338490394|0,Dennis Brown Musical Heatwave 7” 45 RPM (Crystal Records) EX!,9.99,0.0751
v1|147483392303|0,GOTHIC ROCK 2 VINYL LOT DOOL & SONJA (ABSU),20.00,0.0751
v1|188734736420|0,NIK KERSHAW - THE RIDDLE Vinyl LP RECORD 1985 Album MCA 5548 NM,9.44,0.0751
v1|407117443752|0,"Lot of 2 JERI SOUTHERN Vinyl LPs -  Meets Johnny Smith, Meets Cole Porter",19.98,0.0751
v1|377391686505|0,"MCDONALD'S You, You're The One 1975 Promo Advert VG+ VINYL LP Record USED",5.00,0.0751
v1|198542990632|0,"45 KING - THE RED THE BLACK THE GREEN - Vinyl 12"" Single 1989 Tuff City Red Wax!",7.98,0.0750
v1|206457726684|0,Rocket - S/T LP - Quality/RFC Canada SEALED,202.50,0.0750
v1|137579078389|0,The Heartbreakers – L.A.M.F. The Found ’77 Masters RSD 2021 purple vinyl limited,49.99,0.0750
v1|236980294095|0,"Led Zeppelin LP Houses Of The Holy SD 7255 Both Sides Sterling RL, VG",7.50,0.0749
v1|336722126811|0,"Carlos Dix - Y No Tengas Que Sufrir, Victor 79714, Latin 78",19.99,0.0749
v1|398245168004|0,Eddy Nicholson – Remember Me records.,3.99,0.0749
v1|298553969927|0,"Led Zeppelin - Led Zeppelin IV 12"" Black Vinyl LP Atlantic Records Rock",20.00,0.0749
v1|257652022180|0,"SEQUENCE Funk You Up SUGAR HILL 12"" VG++",5.00,0.0748
v1|158129662134|0,The Lovables 1968 Soul 45 on Toot ~ You’re the Cause of It ~ Hear,9.99,0.0748
v1|128010875422|0,Bob McFadden Mummy Original 1950's Monster Halloween 45 on Brunswick OG Sleeve,22.99,0.0747
v1|336722390586|0,"Motley Crue Theatre of Pain Vinyl LP Elektra 60418-1-E w/ Lyrics, Shrink, Hype",19.50,0.0747
v1|358878788698|0,"Anthony Watson ""I Can't Stop This Feeling"" Modern Soul 45 SRO mp3",9.99,0.0747
v1|158149928283|0,"A Tribe Called Quest ""Midnight Marauders"" Rap Hip Hop LP Jive Reissue",36.00,0.0746
v1|366581628101|0,"Q- TIP   "" BREATHE & STOP   ""  12"" PROMO ",10.00,0.0746
v1|407115315568|0,CHERUBINI MEDEA MARIA CALLAS MERCURY LIVING PRESENCE BOX 3 LP'S USA NM (#3-104),9.99,0.0746
v1|336718806600|0,"AC/DC  - Let's Get It Up - Mono/Stereo -  PROMO US Picture Sleeve PS 7""",14.99,0.0746
v1|800440212247|0,JIMMY HEATH ORCHESTRA Really Big! RIVERSIDE LP o,8.00,0.0746
v1|366573201647|0,Milton Brown and His Brownies - If You Can't Get Five Take Two - DECCA 5211 E/E+,19.99,0.0745
v1|398251085793|0,FRANK WESS Flute Of the Loom ENTERPRISE  Jazz Funk LP HEAR,9.99,0.0745
v1|257662813272|0,"Crosby, Stills, Nash & Young – Lot Of 2 Reg & Promo! American Dream - 1988",5.00,0.0744
v1|267742756680|0,"Katy Perry - UR SO GAY Capitol Records – 50999 5 14731 1 2 PROMO 12"" ACAPELLA",100.00,0.0744
v1|278240928114|0,PREWAR JAZZ 78 • Fats Waller & His Buddies • Victor 38050 • The Minor Drag,29.99,0.0744
v1|287499325447|0,Roy Orbison Sings Don Gibson MGM 1967 SE -4424,4.50,0.0743
v1|267745702947|0,Decca Records Children’s Series La La Lu Peggy Lee 78rpm Siamese Cat Song,5.00,0.0743
v1|287499927939|0,Dwight Twilley Band - Twilley Don't Mind - Vinyl - LP -,4.99,0.0743
v1|147478900630|0,"FUNK 7"" ""GET READY FOR THE GET DOWN"" WILLIE HUTCH (MOTOWN 1975) PROMO COPY",6.00,0.0742
v1|147478900630|0,"FUNK 7"" ""GET READY FOR THE GET DOWN"" WILLIE HUTCH (MOTOWN 1975) PROMO COPY",6.00,0.0742
v1|267745968066|0,"Bette Midler ""The Divine Miss M"" 1972 LP, SD-7238A",6.95,0.0742
v1|800430578983|0,Vtg 1967 RAPHAEL Canta LP Mono Vinyl UA Latino L 31021 Spain High Fidelity,3.99,0.0742
v1|318664077247|0,"Matt Covington - We Got One 12"" - Hot Tracks - Modern Soul HEAR",29.00,0.0741
v1|318661019495|0,RON ESCHETE Spirit's Samba JAS LP VG+ o,8.00,0.0741
v1|206460848075|0,21 LP Easy Listening Kinney Hawaii Mason Murray Dance Luboff Miller Goulet Lanza,21.00,0.0741
v1|366577514678|0,NIELS-HENNING ORSTED PEDERSEN/PHILIP CATHERINE The Viking PABLO LP VG+ o,8.00,0.0741
v1|257658149541|0,"VICIOUS FOUR Hard Rap NEXT PLATEAU 12"" VG++ 1986 electro rap",5.00,0.0740
v1|267745755596|0,Underground Sunshine Lenon & McCartney Birthday 1969 Intrepid Label 45 rpm vinyl,5.00,0.0740
v1|267745738420|0,Hombres Let It Out (Let It All Hang Out) Garage Fuzz B) Go Girl Go 45 rpm,3.00,0.0740
v1|298554567542|0,Ted Nugent Intensities in 10 Cities LP Epic FE 37084 1981,3.00,0.0740
v1|366581605535|0,Electric Light Orchestra (ELO) - Eldorado LP (1974) - United Artists Records,4.95,0.0739
v1|336717718669|0,DONOVAN SUNSHINE SUPERMAN EPIC Mint Lp Season of the Witch Guinevere Celeste Pop,25.00,0.0739
v1|287499610649|0,"Antony & the Johnsons Epilepsy is Dancing Where My Power? COLOR 7"" UK Vinyl",3.89,0.0739
v1|236980264924|0,"Megadeth 1988 Combat 1st Press Vinyl  “ So Far, So Good… So What!”  C1-48148",58.00,0.0739
v1|358878800175|0,"Betty Harris ""Show It/Hook, Line & Sinker"" Northern Soul 45 Sansu mp3",9.99,0.0739
v1|158147322992|0,Jerry Lee Lewis-Drinkin Wine Spo Dee Odee vinyl album,0.99,0.0739
v1|318660870097|0,THE BEATLES - LET IT BE LP - SHRINK - 1970 - NM - AR 34001,49.99,0.0739
v1|358876986640|0,"The Georgia Satellites - Open All Night Elektra 12"" Black Vinyl LP 33 RPM",2.74,0.0738
v1|198544611664|0,"The White Stripes - Elephant,  Record Store Day 2013",79.00,0.0738
v1|117336535915|0,Johnny Jones -Let's Go Back To God- Deep Soul Gospel LP on Creed - Hear,9.99,0.0738
v1|307097569496|0,"CORO DEL COLEGIO LA FLORIDA - NAVIDAD Y RECONSTRUCCION - 1985 MEXICAN LP, XMAS",14.99,0.0737
v1|336722316794|0,STEELY DAN Can't Buy A Thrill 1980 RE **SHRINK** MINT- Beauty!!  Ultra/VPI Clean,34.50,0.0737
v1|236980272742|0,"Heart: Greatest Hits/Live 2LP 12” Vinyl LP’s, 1980 Epic Records, KE2-36888",8.50,0.0737
v1|398241321401|0,"VINYL LP by WES MONTGOMERY ""THE MASTERSOUNDS WITH"" (19667) JAZZ / PACIFIC JAZZ",12.00,0.0737
v1|278248307894|0,Ronnie Aldrich The Magnificent Pianos Phase 4 Vinyl LP In Original Shrink  Wrap,2.69,0.0736
v1|206461183979|0,"AKB  | Stand Up-Sit Down 12"" Single | Disco Vinyl Record",7.00,0.0736
v1|287499177674|0,"The Playmates - What Is Love?/I Am, 13776, 45RPM, 1959",2.50,0.0736
v1|257651800333|0,"OUTKAST Elevators (Me & You) LaFace 12"" VG+ ",6.50,0.0736
v1|178368014165|0,Redbone ~ Come and Get Your Love 1973 Epic Terre Haute 1st Press -- VG++ 45RPM,8.00,0.0736
v1|236980144946|0,"The Doobie Brothers What Were Once Vices Are Now Habits Rock Vinyl LP 12"" 33",3.00,0.0736
v1|147483387067|0,EXULANSIS (BLACK METAL) 2 VINYL LOT OVERATURES OF UPRISING + 1,20.00,0.0736
v1|327292746663|0,"YES, Close to the Edge Vinyl Lp 1st Press Gatefold Textured Sleeve",1.99,0.0736
v1|278241412116|0,Supertramp “Breakfast in America” LP A&M SP-3708 1979 COVER IS EX/VINYL IS VG+,14.00,0.0736
v1|298554567985|0,Moody Blues In Search of the Lost Chord LP Deram DES18017 Gatefold 1968,5.00,0.0736
v1|358878988310|0,"Porgy & The Monarchs ""That Girl"" Northern Soul/Sweet Soul 45 Musicor mp3",284.00,0.0735
v1|358879021724|0,"Sylvia St. Claire ""It Hurts To See You Happy"" Northern Soul 45 Brunswick Promo",12.50,0.0734
v1|366581660104|0,Columbia Masterworks Khachaturian Gayne Ballet Suite Vinyl LP Black MM 664-2,3.72,0.0734
v1|407115055958|0,Triumph Allied Forces Lp,8.99,0.0734
v1|336723705311|0,LP JUAN PINA CON LA REVELACION - SI NO ES PINA.. Quien? ZEIDA LBL MINT- CUMBIA,14.95,0.0734
v1|336722433670|0,STEELY DAN Can't Buy A Thrill ABC AB-758 LP G Gatefold,6.50,0.0734
v1|227459281981|0,LOUIS HAYES s/t LP VEE JAY Hard Bop Jazz Deep Microgroove,9.99,0.0734
v1|128007634498|0,LESLIE WEST The Great Fatsby - 1975 Phantom BPL1-0954,4.99,0.0733
v1|178358543786|0,Santa Esmeralda 2 The House Of The Rising Sun Vinyl LP Leroy Gomez Disco 1978,12.99,0.0733
v1|227459478170|0,MADONNA - LOT of 6 ORIGINAL 1980s LPs,79.00,0.0732
v1|168584320944|0,"THE BEATLES & MURRAY THE""K-PICTURE SLEEVE+45-RARE INSERT CARD-(AS IT HAPPENED)PS",175.00,0.0732
v1|278248178227|0,Creedence Clearwater Revival Bayou Country Fantasy Records 1969 LP  Proud Mary,3.99,0.0732
v1|398242633579|0,James Taylor LP. Walking Man. 1974 Warner Brothers Records W-2794.In Shrink Wrap,9.00,0.0731
v1|117295900011|0,Vintage Vinyl/LP. La Guapachosa Sonora Santanera. Salsa/Bolero. EX-5151. READ!,19.99,0.0731
v1|298554268845|0,"Neil Diamond - Hello Again 12"" Black Vinyl LP 33 RPM Atlantic 1980 Sleeve",1.78,0.0731
v1|128007719972|0,FREID PARTON Two-Faced 1984 PROMO DEBUT LP Bearsville #1-23999 DOLLY'S SISTER,9.99,0.0731
v1|278247900105|0,"The Partridge Family Album 12"" Vinyl Record",9.99,0.0731
v1|117318684842|0,RARE Vintage Vinyl/LP. Sunny Ozuna/Sunliners. Yesterday. Tejano. TD-2064. READ!,89.99,0.0730
v1|377379824807|0,Meatloaf vinyl album 2010 2 LP Hang Cool Teddy Bear double LP !READ EVERYTHING!,20.70,0.0730
v1|236980204181|0,PAGAN FESTIVAL 1959 lp An Exotic Love Ritual For Orchestra DOMINIC FRONTIERE,19.91,0.0730
v1|227462491020|0,Orquesta La Impresion – Tu Juguetito / Coffinman Records / Salsa  / VG+ LP,29.10,0.0730
v1|158129662116|0,Marion Black 1971 Soul 45 on Avco Embassy ~ Who Knows ~ Hear,9.99,0.0730
v1|278240956603|0,PREWAR JAZZ 78 • King Oliver • Savannah Syncopators • Brunswick 3361 • Snag It,14.99,0.0729
v1|257651596686|0,"MAIN SOURCE Just Hangin' Out WILD PITCH 12"" VG+ test pressing conscious hip hop",36.54,0.0729
v1|377389407901|0,Clarence Clemons and The Red Bank Rockers - Rescue 1983 Vinyl Record LP Promo,4.99,0.0729
v1|257651607220|0,"MARCIA AITKEN My Man GIBBS 12"" VG+ reggae",5.00,0.0729
v1|206457726714|0,"Thievery Corporation - The Richest Man In Babylon 4x12"" - 18th Street Lounge",46.00,0.0728
v1|287500681134|0,JOHNNY RODRIGUEZ-For Every Rose … There Is A Thorn VINYL ALBUM Epic 1983,3.50,0.0728
v1|128007087214|0,Sister Ann Jones -I've Found The Answer- St. Louis Gospel LP on Ann-Jo -Hear,9.99,0.0728
v1|158132494723|0,The Undead The Morgue the Marrier Vinyl Album Record x4 Signed Auto,0.99,0.0727
v1|147478638257|0,"Jazz Clasics: Sergio Mendes, Getz, Cal Tjader Vinyl Records",6.00,0.0727
v1|358878979106|0,"Nancy Butts ""I Can't Love But One Man At A Time"" Deep Soul/Funk 45 Jar-Val mp3",9.99,0.0727
v1|358878916468|0,"Imp. Express ""8-1"" Rare Disco Funk Breaks 45 Imp. Express mp3",9.99,0.0726
v1|236980218306|0,"Beatles-The White Album- Apple 1968 with poster, photos 8x10 stamp style scarce!",74.99,0.0726
v1|358878999094|0,"Ray Barretto ""Soul Drummers"" Latin Funk 45 Fania mp3",23.50,0.0726
v1|366588081518|0,CAEDMON TC 1005 TENNESSEE WILLIAMS READING GLASS MENAGERIE Andy Warhol Cover,5.99,0.0726
v1|377389568274|0,The Doors - Rare Mr. Mojo Risin Double LP - Feast of Friends - Jim Morrison,68.00,0.0725
v1|358878958265|0,"King C ""Funk Part 2"" Islands Funk Breaks 45 Nu-Sound mp3",9.99,0.0725
v1|318664077277|0,"Norman Giscombe Jr. - Get Up And Dance 12"" - Fire-Sign - Disco Funk VG+ HEAR",21.50,0.0725
v1|800454443687|0,"D.J. Mix-O-Rap - Rock This 12"" - Littlejohn - Electro Rap VG+ HEAR",9.50,0.0724
v1|137558021899|0,LINVAL THOMPSON Rocking Vibration ROOTS REGGAE LP SHRINK FRENCH IMP MINT,12.50,0.0724
v1|377389370749|0,"Ray Bryant Combo - Madison Time (LP, Vinyl, Mono) 1960 Columbia VG",3.00,0.0724
v1|257651704248|0,"MIX FACTOR May 2003 STRICTLY HITS 2x12"" NM Eminem Bone Thugs N Harmony Nelly",5.00,0.0724
v1|128007720377|0,DOCTOR ZHIVAGO:OST MGM SIE6ST LP 1965 VG-/VG,6.00,0.0724
v1|137589424461|0,"Steppenwolf The Second LP Vinyl 12"" 33 RPM Stereo Rock Dunhill DS-50037 Black",5.00,0.0724
v1|298554468254|0,Simon and Garfunkel  Bridge Over Troubled Water  Two-Eye  Ex,15.00,0.0724
v1|398251092131|0,ARETHA FRANKLIN Live At The Fillmore West  ATLANTIC Shrink | Soul | R&B LP HEAR,9.99,0.0724
v1|236980171129|0,Pic Sleeve: Rita Coolidge: The Way You Do The Things You Do,3.50,0.0724
v1|267748002945|0,JOHN KIRBY DOUBLE LP BOSS OF THE BASS COLUMBIA 1976,15.99,0.0724
v1|227459860325|0,"Huey Lewis & The News ""Is It Me"" Red Vinyl Promo 45 CHS 2589 Valentine Sleeve NM",30.00,0.0723
v1|198542814744|0,OTIS REDDING CARLA THOMAS * KING & QUEEN * STAX 716 * 1967 ORIGINAL * NICE!,10.00,0.0723
v1|407106838155|0,LIGHTNIN' HOPKINS Long Time  TEXAS BLUES LP SHRINK GERMAN IMP TIME WIND MINT,9.99,0.0723
v1|188734669115|0,5 SECONDS OF SUMMER - SOUNDS GOOD FEELS GOOD 2015 Vinyl LP 180g B002398901 NM,23.00,0.0723
v1|168589166354|0,BLUES Buster Brown Fannie Mae / Lost In A Dream Flashback 23 Reissue VG+,5.00,0.0723
v1|800449636520|0,The Whatnauts – Reaching For The Stars LP Stereo Vinyl Record Stang ST-1012,82.00,0.0723
v1|188726497731|0,Obscure CA Dreamy Girl Country 45 BILLIE BYRD Pain Doesnt / Prove RAVEN hear NM,5.00,0.0722
v1|206462783330|0,"Wish - KN 12"" Single - Touch Me (All Night Long) - KN 1001",1.99,0.0722
v1|236980309557|0,KISS Alive! 1975 2LP Gatefold  Casablanca NBLP 7020- 798 B6 EX,10.50,0.0722
v1|257651631915|0,"MARY J. BLIGE & KRS-ONE I Love You DETT 12""",5.00,0.0721
v1|236980295920|0,Iron Maiden - The Number of the Beast LP Harvest 1982  ST-12202 EX,21.50,0.0721
v1|318679962485|0,"Bobby Vee, “The Very Best Of” LP 1975 United Artists UA-LA332-E-0498 VG+/VG+",4.00,0.0721
v1|188737570227|0,"GERRY & THE PACEMAKERS ""HOW DO YOU DO IT?"" 45 RPM",2.99,0.0721
v1|398243005587|0,"The Jimi Hendrix Experience Are You Experienced 12"" Vinyl LP 33RPM Stereo RS6261",9.99,0.0721
v1|117341707137|0,"LOT 7"" 45's vinyl Rock Rockabilly Country Jazz with obscure 1965 WLP DJ PROMO",2.45,0.0721
v1|366581585449|0,Lesley Gore 45 RPM - He Gives Me Love / Brand New Me - Mercury 72819  1968,1.94,0.0721
v1|298554459375|0,3 SONNY JAMES 45RPM -Bright Lights Big City/South Saskatoon/Bad Times a Comin'/,4.99,0.0721
v1|147479336289|0,"JUSTIN TIMBERLAKE - LIKE I LOVE YOU Club Mixes 12"" Vinyl RECORD 01241400711 NM",8.99,0.0721
v1|327291307696|0,CREEDENCE CLEARWATER REVIVAL - DEBUT LP. WHITE LABEL PROMO,78.99,0.0721
v1|257651594857|0,"MAFIKIZOLO Loot MAW 12"" VG+ 2002 house",5.00,0.0720
v1|358878893284|0,"Frankie Gearing ""Tears On My Pillow"" Modern Soul 45 Bound Sound mp3",12.84,0.0720
v1|267745748580|0,Shake Pete Klint Quintet Garage Rock Walkin Proud Northern Soul 1967 45 rpm,3.00,0.0720
v1|800443916328|0,"Marvin Wright - Robot Dance 12"" - Queen Constance - Disco Funk HEAR",8.00,0.0720
v1|278241646415|0,CHAMACO RIVERA ,33.00,0.0720
v1|377389365867|0,MISS PIGGY Aerobique Exercise Workout Album LP WB Comedy Disco Muppets Childrens,9.99,0.0720
v1|188734061545|0,Gillian Welch - Boots No. 1 & 2: The Revival Sessions and Lost Songs CD,125.00,0.0719
v1|307103013722|0,"The McGuire Sisters Teenage Party LP 12"" 33 RPM Vinyl Coral CRL 57134",8.00,0.0719
v1|257651500704|0,"LIL LOUIS French Kiss EPIC 12"" VG++ 1989 house",7.50,0.0719
v1|307102829367|0,Sarah Vaughan - The Magic Of Sarah Vaughan - Vinyl LP,2.00,0.0719
v1|117336570425|0,James Cleveland & The Voices Of Tabernacle -Today- Gospel LP on HOB - Hear,9.99,0.0719
v1|257657193882|0,REO Speed Wagon LIVE You Get What You Play For NM LP,1.99,0.0717
v1|377389407367|0,Joe Jackson - Big World -Vinyl Record Double LP 1986 (A&M SP 6021),5.99,0.0717
v1|307107243532|0,"DEEP PURPLE VINYL - DEEP PURPLE WHEN WE ROCK, WE ROCK + DEEP PURPLE PROGRAM *LOT",20.00,0.0716
v1|117337065673|0,"THE PARTRIDGE FAMILY SHOPPING BAG 12"" LP VINYL Album GATEFOLD (1972) VERY GOOD",10.00,0.0716
v1|178370315431|0,"Blood, Sweat & Tears - ""Child Is Father To The Man"" - LP, 1st Edition",2.00,0.0716
v1|257652048450|0,"SLICK RICK Children's Story DEF JAM 12"" VG+ ",10.00,0.0716
v1|257651893978|0,"QUEEN LATIFAH Ladies First TOMMY BOY 12"" VG+ SHRINK",5.50,0.0716
v1|257652089004|0,"STATUS IV You Ain't Really Down RADAR 12"" VG++",5.00,0.0715
v1|178374890214|0,Peggy Lee - Bridge Over Troubled Water - Record Album Vinyl LP w/shrink,1.00,0.0715
v1|298554286632|0,THE KIDS ~TEENAGERS DANCE THE HOP-A~DO~ 1957~ 45 RPM ~ EP ~RECORD  NM  COVER EX,0.99,0.0715
v1|298553848539|0,Who Came First (1972) - Pete Townshend | MCA Records Vinyl LP DL 7-9189,9.99,0.0715
v1|318668347899|0,Various – The Vocal Group Album - US Doo Wop/Rhythm Blues 2LP Gatefold 1979,4.99,0.0715
v1|227459477537|0,Men At Work - Business As Usual & Cargo ORIGINAL LPs - MINT,27.00,0.0715
v1|267743941067|0,Ricky Nelson - Ricky LP - 1957 – VG+/VG+,15.00,0.0714
v1|407115281011|0,George Duke - Feel (VINYL) - JAZZ *,6.99,0.0714
v1|407115281011|0,George Duke - Feel (VINYL) - JAZZ *,6.99,0.0714
v1|206460811975|0,"Jefferson Airplane Surrealistic Pillow LP Vinyl 12"" RCA Victor Stereo LSP-3766",10.00,0.0714
v1|178364127383|0,"Grateful Dead Fillmore West February 27, 1969 2/27/69 Box Set Vinyl LP Sealed",56.69,0.0713
v1|366573174763|0,Six Jumping Jacks - You're Simply Delish - BRUNSWICK 4948 V+,19.99,0.0713
v1|236971861879|0,SUPERTRAMP - Brother Where You Bound - '85 A+M NM LP - EMBOSSED COV - in shrink,9.99,0.0713
v1|128007506249|0,THE MAMAS & THE PAPAS:Farewell to the First Golden Era Dunhill DS-50025 G+/VG-,4.00,0.0713
v1|377382587825|0,REO SPEEDWAGON - NINE LIVES - EPIC GATEFOLD W/ORIGINAL SLEEVE - REALLY NICE!!!,5.00,0.0712
v1|158136063262|0,The Morgue The Merrier The Undead Vinyl Record Signed Copy Authentic,0.99,0.0712
v1|257657178235|0,Smothers Brothers Think Ethnic LP,6.99,0.0712
v1|336718801638|0,"Def Leppard  - Bringin' On.../Me & My Wine - Remixes -  US Picture Sleeve PS 7""",9.99,0.0712
v1|318668832727|0,"The Beach Boys 3 LP Lot '69, In Concert , 15 Big Ones VPI Clean Vinyl VG+",10.00,0.0711
v1|158147353708|0,ORLEANS Let There Be Music ASYLUM 7E-1029 (1975) LP,4.00,0.0711
v1|407102640258|0,SLY & ROBBIE  Language Barrier  REGGAE LP  ISLAND MASTERDISK,9.99,0.0711
v1|287499875660|0,Chris de Burgh - Spanish Train And Other Stories LP Record - AMLH 68343 VG+,7.00,0.0711
v1|336722413119|0,Van Halen 5150 Warner Bros LP VG+ w/ Shrink & Hype,12.50,0.0711
v1|257651751789|0,"NELLY FURTADO Turn Off The Light DREAMWORKS 12"" VG++ SHRINK",5.00,0.0710
v1|377389408218|0,Maynard Ferguson - M.F. Horn Two - Vinyl Record LP Album Columbia C31709,6.99,0.0710
v1|358885559734|0,Burning Spear Rocking Time NO COVER Forward Records Strictly rockas VG+ LP,9.99,0.0709
v1|206457726631|0,Lalo Schifrin - No One Home LP - Tabu Shrink,13.50,0.0709
v1|178368140012|0,"Eurogliders  -  Absolutely  -  1985 LP, M-record and cover.",4.00,0.0708
v1|137564466758|0,JOHN LEE HOOKER Vol. 3 - Want-Ad Blues DELTA BLUES LP IMPORT,9.99,0.0708
v1|298554197013|0,JOHNNY AND JACK ~ SMILES AND TEARS ~ 33  RPM JUKEBOX ISSUE~  RECORD EX  COVER EX,0.99,0.0708
v1|206457726659|0,"No Smoke - Righteous Rule 12"" - Warriors Dance - Deep House VG+ HEAR",10.51,0.0707
v1|800451887374|0,Ringo Starr-Blast From Your Past Vinyl LP-Apple SW-3422,5.95,0.0707
v1|147476559449|0,"James Brown, Isaac Hayes (Shaft) 5 vinyl records",5.50,0.0707
v1|117334936684|0,The Black Keys ThickFreakness (2013) Bone Vinyl LP Newbury Comics Limited 1500 *,5.50,0.0706
v1|358879012227|0,"Sandra Phillips ""I Wish I Had Known"" Northern Soul 45 Okeh mp3",67.00,0.0706
v1|307096738461|0,"Madness 45RPM ""The Sun And The Rain/Fire Ball XL5"" 1983 80s New Wave Pop 7"" UK",3.95,0.0706
v1|257657704311|0,Jackie Wilson 1973 LP Beautiful Day Stereo Brunswick,12.00,0.0706
v1|278241412059|0,Rossington Collins Band”This is the Way”LP Vinyl - MCA5207 COVER IS EX/VINYL VG+,7.00,0.0706
v1|168583972120|0,john denver the muppets vinyl  and others.,15.00,0.0706
v1|206461173638|0,DEEP PURPLE Who Do We Think We Are BS2678 Record LP VINYL White Label Promo RARE,33.00,0.0706
v1|307104622801|0,"Bob Dylan ""Slow Train Coming"" LP (1979)",9.99,0.0706
v1|198542425750|0,"The Queers  - Love Songs for the Retarded, 1993,  Lookout! 66",79.00,0.0705
v1|318668760753|0,Bing Crosby & Rosemary Clooney – White Christmas - US LP 1978,4.99,0.0705
v1|307097569551|0,"PAUL MAURIAT - STACCATO - 1982 MEXICAN LP SOC, WOC, PUNCH HOLE, JAZZ",14.99,0.0705
v1|366583551541|0,"D'Angelo ""Brown Sugar"" R&B Hip Hop 2xLP Virgin EU Reissue 180g",22.50,0.0704
v1|407115207774|0,"12"" Picture Disk by Love & Rockets",20.00,0.0704
v1|147479255324|0,DANCEHALL MASSIVE 4 Vinyl LP RECORD Album REGGAE Beenie SHABBA NRV1120 EX+,8.99,0.0704
v1|117337283086|0,CLEAN CULTURE CLUB CoLoUR BY NUMBERS oRIGINAL 1983 VINYL RECoRD BoY GEoRGE,3.95,0.0704
v1|377389408443|0,Frank Sinatra- The Sinatra Touch - 6 LP Box Set 1968 Missing Record 1 & 6,9.99,0.0703
v1|227457631764|0,"Billie Eilish - When We All Fall Asleep, Where Do We Go? Vinyl LP Pop Darkroom",9.99,0.0703
v1|307102578709|0,Herb Alpert & Janet Jackson 45RPM “Diamonds” 1987 80s Neo-Soul R&B 7” Vinyl PS,3.00,0.0703
v1|236981629288|0,"Sister Sledge We Are Family Cotillion Records 12"" Vinyl LP 33 RPM",8.99,0.0703
v1|358879026828|0,"The Earles, Inc. ""What Would Your Daddy Say/Let's Try..."" Sweet Soul 45 Tee-Ti",9.99,0.0703
v1|257651867579|0,Don Julian and The Larks – SOUL KALEIDOSCOPE Money Records MS 1107,80.00,0.0702
v1|206457163604|0,"King Kut by Word Of Mouth featuring D.J. Cheese (1985) 12"" Single, Profile",3.99,0.0702
v1|178368113909|0,Bob Marley And The Wailers* - Reggae Revolution Vol. 2  Time Wind 50028 EX/M-,10.00,0.0702
v1|236980316491|0,WINGS OVER AMERICA triple LP Japan vinyl w. booklet&poster CAPITOL EPS50001 VG+,17.17,0.0702
v1|336722014198|0,Something New Album-The Beatles 1968,6.50,0.0702
v1|188736983767|0,Rusty Warren “Knockers Up!” Jubilee Records JGM-2029 Vinyl Lp 33 Rpm,4.99,0.0702
v1|158147436530|0,"Ernest Tubb Country Hits Old and New 12"" LP 33 RPM Stereo Decca",2.84,0.0702
v1|307102692116|0,AL HIRT COTTON CANDY (NM) LSP-2917 LP VINYL RECORD,0.99,0.0701
v1|318664785764|0,SCORPIONS - LOVE AT FIRST STING LP - GOLD STAMP PROMO - MERCURY - WOW!,29.99,0.0701
v1|188737570232|0,"DeBARGE ""RHYTHM OF THE NIGHT"" 45 PS",2.99,0.0701
v1|800435942400|0,SNOOPY and His Friends The Royal Guardsmen (By Schulz) 1967 LP Laurie Records,9.99,0.0701
v1|168583625319|0,STEELY DAN Aja 1977 ABC Classic Rock LP VG+/VG+ Play Tested,9.00,0.0701
v1|366575041524|0,Hermanas Mendoza - Me Equivoque - FALCON 101 E-/V+,19.99,0.0700
v1|278248321107|0,Joan Armatrading- 2 LP Lot Folk - To The Limit- Self Titled Vinyl Records,3.39,0.0700
v1|318664077240|0,"Major Harris - Gotta Make Up Your Mind 12"" - Society Hill Modern Soul VG++ HEAR",51.00,0.0700
v1|257658027769|0,"T-CONNECTION So What You Wanna Do SUNNYVIEW CLASSICS 12"" NM",5.00,0.0700
v1|257658027769|0,"T-CONNECTION So What You Wanna Do SUNNYVIEW CLASSICS 12"" NM",5.00,0.0700
v1|800450522731|0,"Blind Lemon Jefferson, Volume Two: MLP2007 Blue Label 1969",1.25,0.0700
v1|407106611632|0,LIGHTNIN' HOPKINS  The Blues – Live! TEXAS BLUES LP ALA A 603,9.99,0.0699
v1|147472414243|0,Third Man Records TMR 001 Dead Weather Jack White Early Singles Lot 007 016 056,49.99,0.0699
v1|398243075545|0,"United Artists Music To Read James Bond By Vol 2 12"" Black Vinyl LP 33 UAL 3541",8.99,0.0699
v1|137579002542|0,"Wonder by Shawn Mendes (Used Record, 2020)",5.00,0.0699
v1|198543004336|0,"PEDRO INFANTE - AMORCITO CORAZON - 1975 MEXICAN LP ALBUM WOC SOC, RANCHERA",19.99,0.0699
v1|257659131605|0,The Tourists LP 1984 Should Have Been Greatest Hits Stereo EPIC,5.00,0.0699
v1|307102971096|0,MARTHA DAVIS AND SPOUSE ~ VOL. 1 ~ 195?  ~ 45 RPM EP ~ RECORD NM  COVER EX,0.99,0.0699
v1|287499644098|0,Be More Chill (Original Broadway Cast Recording) Colored Vinyl Record 2020,25.99,0.0699
v1|168571169352|0,The Rouzan Sisters 1965 New Orleans Soul 45 on Frisco ~ The Limbo Party ~ Hear,9.99,0.0698
v1|147476919645|0,"WALT DISNEY CHILLING, THRILLING SOUNDS OF THE HAUNTED HOUSE VG++ (HEAR!)",9.99,0.0697
v1|377389829315|0,"Murray McLauchlan And The Silver Tractors   ""Hard Rock Town"" True North Canada",0.99,0.0697
v1|168583896878|0,Marshall Tucker Band-Tenth-Vinyl LP-HS 3410-Embossed Cover-VG+ CONDITION,9.99,0.0696
v1|298554567834|0,Ted Nugent Weekend Warriors LP Epic FE35551 1978,5.00,0.0696
v1|278241411245|0,Eddie and the Cruisers Soundtrack - John Cafferty FZ-38929 COVER & VINYL ARE EX,12.00,0.0695
v1|236980321105|0,"LED Zeppelin Houses of the Holy Atlantic SD-7255, Sterling RL, VG",13.50,0.0695
v1|236980321105|0,"LED Zeppelin Houses of the Holy Atlantic SD-7255, Sterling RL, VG",13.50,0.0695
v1|128007422862|0,Organo Melodico Juan Torres Vol 13 Vinyl LP 1971 Musart Records EDM-1535 ,7.99,0.0694
v1|398251099043|0,Saturday Night Fever Soundtrack RSO 1977 | Hype Sticker | Disco LP Orig SEALED,9.99,0.0694
v1|377389377208|0,WILLIAM ACKERMAN PASSAGE PIECES FOR GUITAR VINYL LP 1981 WINDHAM HILL RECORDS ,3.00,0.0694
v1|128009005253|0,"Whitney Houston Whitney Houston Arista AL 8-8212 12"" Vinyl LP 33RPM 1985",1.00,0.0694
v1|178364359005|0,Grateful Dead Ready Or Not Limited Red & Blue Vinyl LP Dead.Net Sealed,20.50,0.0694
v1|377391723800|0,1960's  Rock 'n' Roll 45  Bobby Darin  You Must Have Been A Beautiful Baby,2.00,0.0694
v1|800443916380|0,Rinder & Lewis - Warriors LP - AVI VG+ Shrink,22.50,0.0694
v1|178374890178|0,Angela Lansbury as Mame Original Broadway Cast - Columbia Records KOS‑3000,1.00,0.0693
v1|147483381651|0,ELECTRONIC MUSIC 2 VINYL LOT ADULT. AND MANSUR,20.00,0.0693
v1|318668641750|0,The Association (2) / Charles Fox – Music From The Sound Track Of The Paramount,4.99,0.0693
v1|358878904063|0,"Freddie Scott ""(You) Got What I Need"" Soul Funk Breaks 45 Shout mp3",9.99,0.0693
v1|318669285304|0,Elvis Presley first album orange lable (E) rare,9.99,0.0693
v1|358879060250|0,"Wallace Brothers ""I Need Someone"" Sweet Soul/Funk 45 Jewel mp3",9.99,0.0693
v1|800440138748|0,OSCAR PETERSON Something Warm VERVE LP VG+ o,8.00,0.0692
v1|128002793624|0,"""Sweet Emma & Her Preservation Hall Jazz Band"" Vinyl LP VPS-2  (EX) 1976 reissue",3.75,0.0692
v1|168583564778|0,The Rolling Stones Some Girls Original Press VG+/EX Ultrasonic Clean & Tested,15.99,0.0692
v1|307096588424|0,“GI Joe: The Secret Of The Mummy's Tomb” 1966 Book & 7” Vinyl Record,4.99,0.0691
v1|128008992238|0,"MGM Records You're a Good Man, Charlie Brown Original Cast 12"" Vinyl LP 189 OC",1.00,0.0691
v1|227462199625|0,Rod Stewart Smiler LP Vinyl Album Matrix Number SRM-1-1017,1.75,0.0691
v1|336721991206|0,LP Clara y Mario El Duo Romantico Total LBL LPT-1006 M- SHRINK ON COVER,12.95,0.0691
v1|267745815287|0,Barbara Mason Slipping Away/Half A Love Promo Soul 45 on Arctic,39.99,0.0690
v1|318669647148|0,David Sylvian GONE TO EARTH Double LP vinyl VG PROMO,19.99,0.0690
v1|257652103140|0,"STRONG PEEPS Vs. -4 Vs. OPEN MIND 12"" VG++ indie rap HEAR",6.50,0.0690
v1|307097569521|0,"THE HEADBOYS - THE HEADBOYS - 1980 MEXICAN LP PUNCH HOLE, NEW WAVE",19.99,0.0689
v1|188732510102|0,Funk Soul - The Generation Gap Theme From Shaft - RCA,9.99,0.0689
v1|188724887875|0,78 Blues  REV. J.M. GATES  Ok 8622 V  Stop For The Red Light / The Rattlesnake.,12.00,0.0689
v1|287493867038|0,"Weezer (Blue Album) by Weezer (Record, 2016)",4.25,0.0688
v1|377389408427|0,Nelson Riddle - The Great Gatsby / Original Soundtrack Recording 2XVinyl LP,7.99,0.0688
v1|188734120711|0,Elvis Presley. Loving You. LPM-1515. 1957.  His Hand In Mine.,4.50,0.0688
v1|407115249650|0,Black Sabbath Master of Reality Vinyl LP,100.00,0.0688
v1|198542638599|0,John Stewart Wingless Angels LP RCA APL1-0816 Rock Stereo Vinyl Record,1.17,0.0688
v1|257651738662|0,"NAS Made You Look NOT ON LABEL 12"" VG+",5.00,0.0688
v1|206460415605|0,12 LP Easy Listening Ray Conniff Acorn Chorale Fox Trot Gigi Contino Broadway ,12.00,0.0688
v1|168571169330|0,Bridge 1985 Funk 45 on Atlantic ~ Baby Don’t Hold Your Love Back ~ Promo ~ Hear,36.00,0.0687
v1|236980306750|0,BLACK SABBATH Sabotage 1975 1st Press LP Warner Bros. BS 2822 VG+,20.50,0.0687
v1|307097569482|0,RONDALLA AZTECA - BESAME MUCHO - 1973 MEXICAN LP,14.99,0.0687
v1|298554320890|0,ARTIE SHAW ~ ARTIE SHAW PLAYS ~ RED WAX 1952 ~ 45 RPM EP ~ RECORD EX  COVER VG+,0.99,0.0687
v1|168581247646|0,"ROGER~""I WANT TO BE YOUR MAN""~Orig. 1987~ELECTRO~HIP-HOP~7'' 45rpm~REPRISE~M-",0.99,0.0686
v1|257651996201|0,"S.U.P.E.R. It's The Beat REDZ 12"" VG++ 1986 hip hop",5.00,0.0686
v1|257651501619|0,"LIL MO FEAT. FABOLOUS 4Ever ELEKTRA 12"" VG+ PROMO blue vinyl",5.00,0.0686
v1|257658019747|0,"KEELING BECKFORD That Girl 12 STAR 10"" VG++ Nicodemous reggae 1982",5.00,0.0686
v1|117336897233|0,"THE LONE RANGER LP 1978 PETER PAN # 8213- 4 ADVENTURE STORY RECORD, NICE",18.50,0.0686
v1|158154886211|0,SOUL The Shirelles – Don't Say Goodnight And Mean Goodbye Scepter 1255 1963 EX,5.00,0.0686
v1|358878794951|0,"Barbara Hall ""You Brought It On Yourself"" 70's Soul 45 Innovation II mp3",9.99,0.0686
v1|137557744240|0,JIMMY CLIFF  Give Thankx REGGAE LP SHRINK WB KENDUN LYRIC INNER,9.99,0.0686
v1|336721976501|0,LP Quincy Jones The Best A&M LBL (1981) Press OG SHRINK WRAP ON COVER MINT-,19.95,0.0685
v1|407115328722|0,CRYSTAL GAYLE – WE SHOULD BE TOGETHER - VINYL LP UA-LA969-H - 1979,10.99,0.0685
v1|358879021322|0,"Susan Phillips ""Key In The Mailbox"" Crossover Soul 45 All Platinum mp3",9.99,0.0685
v1|257649852498|0,Shankar Jaikishan ‎– JHUK GAYA AASMAN Soundtrack ANGEL 3AEX 5156  BOLLYWOOD 1968,60.00,0.0685
v1|358879016257|0,"Sonny Til ""I Gave It All Up"" Crossover Soul/Sweet Soul 45 Clown mp3",221.50,0.0685
v1|307104631122|0,"Bob Dylan ""Dylan"" LP (1973)",9.99,0.0685
v1|137557755265|0,PETER TOSH Mystic Man REGGAE LP SHRINK  LYRIC INNER,9.99,0.0685
v1|158150232268|0,"Homeboy Sandman ""Actual Factual Pterodactyl"" Rap Hip Hop 2xLP Boysand",7.99,0.0684
v1|377389560213|0,Joni Mitchell LP Lot BLUE Hejira For The Roses Vintage Original Era Vinyl 3 LP,9.99,0.0683
v1|137560163545|0,TURKISH OTTOMAN ~ RARE MARCH KEMAN OUD KANOUN~ HEAR ~ 78 RPM  ~ X 6607,50.00,0.0683
v1|336722300216|0,LP LOS CINCO LATINOS LA HISTORIA 1957-1959 CBS LBL MINT-,14.95,0.0683
v1|137580939478|0,Vinyl Record 1971 Janis Joplin - Pearl Album #KC-30322,6.00,0.0683
v1|336722316089|0,THE BEATLES Rubber Soul 1983 RE **SHRINK** MINTY!!  Ultra/VPI Clean,54.50,0.0683
v1|278240976132|0,PREWAR JAZZ 78 • King Oliver • Savannah Syncopators • Brunswick 3245 • Jackass,14.99,0.0683
v1|236980317281|0,"TED NUGENT State Of Shock LP EPIC FE 36000, VG",4.99,0.0682
v1|398250130951|0,Tom Petty & The Heartbreakers Damn The Torpedos Backstreet 5105  in shrink.,50.00,0.0682
v1|158149968162|0,"Big L ""Put It On"" Rap Hip Hop 12"" Columbia Promo",7.99,0.0682
v1|137564898078|0,LIGHTNIN' HOPKINS The Texas Bluesman LP Arhoolie Records – F1034 SHRINK NM,9.99,0.0682
v1|257652119269|0,"SYLVESTER Be With You ARIOLA 12"" VG+ GERMANY",5.00,0.0682
v1|800461401588|0,The Move - Message From The Country LP - Capitol Bullseye Label  Promo VG+,14.50,0.0682
v1|377389408365|0,Betty Perkins - One Victory At A Time - Vinyl Record LP Gospel Fame Label Warp,3.99,0.0682
v1|147479065646|0,Glenn Frey  No Fun Aloud  Lp The Eagles Ex,3.99,0.0682
v1|257621017112|0,Bruns 271 Humphrey Bates Possum Hunters OLD JOE   78rpm  HEAR Country ATLANTA 28,30.00,0.0682
v1|128007867776|0,JOHNNY WHITAKER PS/45 FRIENDS (MONO/STEREO) EX/EX CHELSEA DJH0-0056 PROMO ,4.00,0.0682
v1|298537156610|0,Cream Goodbye LP Atco SD7001 Gatefold 1969,4.00,0.0682
v1|267745749424|0,Shes About a Mover Sir Douglas Quintet Garage rock Tex Mex 1965 45 rpm vinyl,3.00,0.0681
v1|198547634636|0,Joe Jackson Band - Beat Crazy (A&M SP-4837) LP Vinyl Record,15.00,0.0681
v1|158129662156|0,Lowell Fulson 1960 Blues 45 on Checker ~ Coming Home ~ Hear,9.99,0.0681
v1|188717880249|0,KBApTeT Corictia Ykp - Ctyharka - USSR 5175 E/E+,19.99,0.0680
v1|407115054638|0,Hooters One Way Home Lp,7.99,0.0680
v1|168583135865|0,"John Lennon  "" Mind Games "" LP { Please Read! }",4.00,0.0680
v1|117338446906|0,Dennis Brown Have No Fear 7” 45 RPM (Observer) EX!,9.99,0.0680
v1|117338454209|0,Dennis Brown Have No Fear 7” 45 RPM (Moses) EX!,9.99,0.0680
v1|318664077355|0,Video Liszt - Ektakrom Killer LP - Epic - French Synthpop VG+,8.50,0.0680
v1|257657442404|0,DOOWOP 45 The Marveliers On Cougar 1868 “Down/When We Dance” Original VG clean,13.50,0.0679
v1|257657442404|0,DOOWOP 45 The Marveliers On Cougar 1868 “Down/When We Dance” Original VG clean,13.50,0.0679
v1|366581588705|0,"Cat Stevens - Lot of 6 LPs | Tea, Mona, Foreigner, Catch Bull, Numbers, Izitso",9.95,0.0679
v1|236980251909|0,UFO Phenomenon Vinyl LP Chrysalis CHR 1059 Michael Schenker 1974 Rock Record,17.50,0.0679
v1|298553793260|0,"Morrissey Jack The Ripper 7"" 45 RPM Vinyl Promo His Master's Voice POPDJ 1632 UK",57.00,0.0678
v1|198542435731|0,"Passport to the Music of Germany 12"" Vinyl London Records SW 99606",6.99,0.0678
v1|318668457890|0,Various – The Best Of Onyx Records - US Vocal Compilation LP,4.99,0.0678
v1|358878872829|0,"David Lane & Crash Crew ""You Gave Me Love"" Boogie Funk/Modern Soul 45 III Lane",64.00,0.0678
v1|117336538785|0,"The Patterson Singers Of Brooklyn, NY -Jesus Knows- Sealed Gospel LP on King",9.99,0.0678
v1|178355332167|0,Sam Butera & the Witnesses-The Continental Twist-NM,45.00,0.0678
v1|336722524383|0,"Bob Marley & The Wailers - Lot of 2 7"" singles from 1973 & 1976, Reggae.",8.00,0.0678
v1|267745924093|0,Jethro Tull This Was 1970 US Vinyl Pittman,9.95,0.0677
v1|398245175623|0,"The Partridge Family Up To Date LP Vinyl 12"" 33 RPM Stereo Bell 6059 1971",2.92,0.0677
v1|188715201310|0,Shoumka Kiewska - Wymka KntBCbka - OKEH 15586 E+,19.99,0.0676
v1|188715194639|0,Nasha Kolomyika - Hawa Kormnnka - OKEH 15578 E+,19.99,0.0676
v1|188715229523|0,Opkectpa Anmntpa Kophiehha - Rann4ahka - OKEH 15588 E+,19.99,0.0676
v1|188715251114|0,Barczan & Davidenko - Kyma - OKEH 15595 V+,19.99,0.0676
v1|366573867668|0,Anpierent M Cepoehbckin - Koromnnka Tnwnuka - OKEH 15587 E+,19.99,0.0676
v1|188715249298|0,Ykpaichcbka Noabka - Opkectrpa Amntpo Kopniehko - OKEH 15594 E,19.99,0.0676
v1|117338513701|0,Dennis Brown If I Follow My Heart/Love Jah 7” 45 RPM (Studio One) EX!,9.99,0.0676
v1|298554178928|0,"Leon Russell Will O' The Wisp Shelter Records SR-2138 12"" Vinyl LP Rock VG+",5.00,0.0676
v1|278241579110|0,SANTIAGO CERON,7.00,0.0676
v1|377389426282|0,Vintage 1970 The American Dream Todd Rundgren Prod. Ampex A10101 Vinyl Lp,10.00,0.0676
v1|206460524373|0,"Nat King Cole After Midnight 12"" Black Vinyl LP Jazz Capitol Records",7.50,0.0676
v1|327292550630|0,"Songs of Armor and Devotion by Strung Out (Record, 2019)",32.00,0.0676
v1|398250549670|0,"The Glenn Miller Orchestra Something New 12"" Vinyl EPIC BN 26206",10.99,0.0676
v1|257651730697|0,"MYSTIQUE Salutes The Delfonics WASHINGTON HIT MAKERS 12"" SEALED 1990",5.00,0.0676
v1|298554037235|0,Another Side of Bob Dylan Vinyl LP,19.95,0.0676
v1|206457726737|0,"Yarbrough & Peoples - Don't Stop The Music 12"" - Mercury - Synth Funk VG++ HEAR",14.50,0.0676
v1|407117211069|0,"DJ Quik ""Tonite"" Rap Hip Hop 12"" Profile",10.50,0.0676
v1|257651639101|0,"MATT WARREN The Way To My Heart SUNSET 12"" VG++ 1986 house",5.00,0.0675
v1|147480625035|0,"Golden Records Dennis the Menace Songs 7"" 45 RPM Vinyl EP Paper Sleeve EP567",3.79,0.0675
v1|257651870559|0,"PRINCE Glam Slam PAISLEY PARK 12"" VG++",5.00,0.0675
v1|178374890195|0,Natalie Cole Vinyl Bundle - R&B Soul Collection 70s 80s Records - Lot of 2,1.00,0.0675
v1|407115056066|0,Stephen Stills Self Titled & Stills 2 Lp's,13.99,0.0675
v1|318664077227|0,Kwick - Foreplay LP - Capitol VG+,54.00,0.0675
v1|198542586585|0,Paint Your Wagon Soundtrack Vinyl LP Lee Marvin Clint Eastwood PMS-1001 1969,6.99,0.0674
v1|267743442571|0,Mixed Masters: Dead or Alive (You Spin Me Round/ Brand New Lover) EP,9.99,0.0674
v1|128007506706|0,PERCY FAITH:My Love Columbia KC 32380 LP 1971 VG/VG,6.00,0.0674
v1|227454258848|0,"Vangelis  LP  ""Spiral""  1977  5 lengthy Songs  ♫  Good Condition",6.99,0.0674
v1|377382587812|0,BOBBY DARIN - DARIN 1936-1973 - MOTOWN WHITE LABEL PROMO - REALLY NICE!!!,1.99,0.0674
v1|128007086156|0,Deacon Lawrence Goldsmith -My Heavenly Father Watches- Gospel LP on Carrie -Hear,9.99,0.0673
v1|318664077291|0,"Pure Energy - You've Got The Power 12"" - Prism - Boogie Funk TEST PRESS HEAR",10.50,0.0672
v1|178368087290|0,RINGO STARR-RINGO THE 4TH-VINYL LP w/ORIG INNER SLEEVE-SEE DEMO,6.99,0.0672
v1|257657695720|0,RADHA KRISHNA TEMPLE (LONDON): Govinda 1970 APPLE 45 (NM Vinyl) (Beatles),7.95,0.0672
v1|278241006853|0,John Lennon “Imagine” 1978 Capitol LP SW-3379 COVER IS VG / VINYL IS VG+,8.00,0.0672
v1|336721987220|0,RUTH ETTING COLUMBIA 1454 Lonely Little Bluebird/Happy Days and Lonely Nights,3.99,0.0672
v1|188733354769|0,Maggie  Terre Roche - Seductive Reasoning [LP] 1981 Columbia Record Vinyl Music,20.00,0.0671
v1|800439296102|0,"Live Rust by Young, Neil & Crazy Horse 1977 Orig Press Gatefd Vintage Double Lp",14.21,0.0671
v1|267745914234|0,LED ZEPELLIN Physical Graffiti 2 LP SWAN SONG SS 2-200 1975 ,29.95,0.0671
v1|336722409634|0,AC/DC : T.N.T. LP 1975 Albert Productions APLPA.016 Australia Import,28.00,0.0671
v1|800450086798|0,"THE CLASH BLACK MARKET CLASH 10"" Black Vinyl ALBUM TBL 36846 EX",15.00,0.0670
v1|298554208347|0,Bob Seger - Silver Bullet Band The Distance LP 1982 Vinyl Capitol ST-12254 VG+,5.00,0.0670
v1|168583670751|0,DJ COLLECTION 1973 LONDON RECORDS 10CC RUBBER BULLETS PROMO VINYL NM+ 06228D,35.00,0.0670
v1|287499363438|0,ERNESTINE ANDERSON Lot of 4 LPs: Live from Concord to London - Sunshine +2 More,15.00,0.0670
v1|366581692379|0,Led Zeppelin - Led Zeppelin IV (1971) | Atlantic Records SD 7208,11.50,0.0669
v1|257659007343|0,"Ronnie McDowell  - American Music (Vinyl Records 33 1/3, CRB 10611, 1989)",2.34,0.0669
v1|128007719534|0,JERRY LEE LEWIS:Original Golden Hits Vol. 1 Sun Sun 102 LP 1969 VG-/VG-,2.00,0.0669
v1|358879048050|0,"The Pace Setters ""My Ship Is Coming In"" Northern Soul 45 Mica mp3",11.38,0.0669
v1|137558313144|0,EDDY GRANT Walking On Sunshine REGGAE LP Coach House – CHL 001 CANADA IMP,9.99,0.0669
v1|178355332170|0,Cynthia Gooding -Sings Turkish and Spanish Folk Songs-NM,30.00,0.0669
v1|198542598062|0,Walt Disney Presents Peter and the Wolf LP  Disneyland  DQ-1242 1968 Pressing,6.99,0.0669
v1|188737781920|0,"Childish Gambino Awaken, My Love! 12"" Blue Vinyl LP 33 RPM Glassnote",7.50,0.0668
v1|318661024373|0,DAVID FRIESEN Amber Skies PAJ LP VG+/VG++ SHRINK o,8.00,0.0668
v1|158133231562|0,LED Zeppelin BBC Sessions LP,23.50,0.0668
v1|800443916399|0,"Sofistikit - You'll Never Break (My Heart) 12"" - Piper - Disco Funk VG+ HEAR",11.50,0.0668
v1|358878826920|0,"Brothers Of Soul ""Hurry, Don't Linger"" Northern Soul 45 Boo mp3",26.00,0.0668
v1|227459263540|0,SPECIAL RADIO SHOW PROGRAMMING VINYL DYAN CANNON The Burglars Material Interview,8.00,0.0668
v1|168590672713|0,Laurie SLLP 2042 Snoopy and His Friends The Royal Guardsmen SHULTZ 1970 VG++,5.99,0.0668
v1|407113273844|0,Rare Lounge LP- Ruth & Gwen - Your Good Luck Record From Club El Marisco- SIGNED,12.99,0.0667
v1|358879017351|0,George Michaels 1St Solo Album Faith NM,25.00,0.0667
v1|257651552697|0,"MADHOUSE 6 PAISLEY PARK 12"" VG++",5.00,0.0666
v1|407115250149|0,Black Sabbath Vol. 4 Vinyl LP Record Black Orange White,100.00,0.0666
v1|158148228060|0,"""Cruisin'"" by the Village People 1978 Vinyl",8.00,0.0666
v1|178368133749|0,CULTURE CLUB - COLOUR BY NUMBERS  - LP  QE 39107 M- Record and Cover ,7.00,0.0666
v1|257651675273|0,"MICHAEL JACKSON Smooth Criminal EPIC 12"" NM SHRINK",22.50,0.0666
v1|188734258366|0,Bad Brains - Live LP(Solar Flare Vinyl) Record Store Day 2026[like New/played],22.99,0.0666
v1|117336785447|0,WALT DISNEY presents Musical Highlights From the Mickey Mouse Club TV Show,12.99,0.0666
v1|178355332217|0,The Crickets-That'll be the Day/I'm Looking for Someone to Love-E+,250.00,0.0665
v1|257651852013|0,"POOR RIGHTEOUS TEACHERS Holy Intellect PROFILE 12"" VG+ SHRINK",5.00,0.0664
v1|358879055229|0,"Trade Martin ""Work Song"" Northern Soul 45 RCA Victor mp3",9.99,0.0664
v1|168584716021|0,"INEZ ANDREWS~""LORD DON'T MOVE THE MOUNTAIN""~Orig. 1973~SOUL~GOSPEL~7'' 45rpm~VG+",0.99,0.0664
v1|287500626452|0,John Fogerty/Centerfield Vinyl Warner Brothers 1985 Exc,9.00,0.0664
v1|168583880568|0,RAGTIME FUN Box set of four Records by READERS DIGEST Collection of 1968 RCA,5.00,0.0664
v1|267745990778|0,Bonnie Guitar - Stop The Sun / A Woman In Love LP (1968) Dot DLP 25840 NM!,4.99,0.0664
v1|398242666563|0,6 Records Up For Bid,14.99,0.0663
v1|398242665882|0,6 Records Up For Bid,14.99,0.0663
v1|398242667845|0,6 Records Up For Bid,14.99,0.0663
v1|398242668938|0,6 Records Up For Bid,14.99,0.0663
v1|800443916421|0,"Uncle Jamms Army - Dial-A-Freak 12"" - Freak Beat - Electro Vocoder PROMO HEAR",8.00,0.0663
v1|128007307893|0,JEFF BECK There & Back Vinyl LP. 1980 Epic Records FE 35684.  Very nice,6.95,0.0663
v1|127999008577|0,Avril Lavigne - Let Go - 20th Anniversary (Red Vinyl LP) Record,39.99,0.0662
v1|257651829404|0,"PHASE II Reachin' MOVIN 12"" VG+ 1988 house",5.00,0.0662
v1|147478068584|0,ENSLAVED / INEXORUM 2 VINYL LOT IN TIMES & LORE OF THE LAKE,25.00,0.0662
v1|257651684797|0,"MIDNIGHT STAR Freak-A-Zoid SOLAR 12"" VG+ ",5.00,0.0662
v1|257652026582|0,"SHANNON Let The Music Play ZYX 12"" VG+ GERMANY",5.00,0.0662
v1|800440183405|0,AL HAIG Interplay SEABREEZE LP VG+ o,8.00,0.0662
v1|257620975720|0,"Columbia 2847D Emil Coleman Orch ILL BE HARD TO HANDLE  ""Roberta"" jazz   78rpm E",24.99,0.0662
v1|267745890299|0,1968 Walt Disney’s Snow White and the Seven Dwarfs Vinyl Record Album VG+,8.00,0.0662
v1|168585861962|0,Def Leppard - Pour Some Sugar on Me/Ring of Fire RPM Record,3.99,0.0661
v1|287501130809|0,Bruce Springsteen  - Tunnel Of Love LP,5.95,0.0661
v1|257659167371|0,Teddy Pendergrass LP 1980 TP Philadelphia International Stereo,10.00,0.0661
v1|158150036347|0,"Common & Pete Rock ""The Auditorium Vol. 1"" Rap Hip Hop 2xLP Loma Vista",8.50,0.0661
v1|267745902148|0,PETE TOWNSHEND Who Came First LP DECCA DL 7-9189 1972 Gatefold,4.95,0.0661
v1|287495306719|0,TWISTED SISTER STAY HUNGRY ATLANTIC 7 80156-1 1LP,28.75,0.0660
v1|158129662168|0,Joe Morris Orch 1953 Jump Blues 45 on Herald ~ I Had A Notion ~ Hear,9.99,0.0660
v1|188734679897|0,"DISCO Lot Of 2 - AMII STEWART Knock On Wood / SHALAMAR 2nd TIME 12"" Vinyl RECORD",11.99,0.0660
v1|178367929055|0,1967 The Look of Love by Claudine (LP 129) Vinyl A & M Records Good Day Sunshine,2.00,0.0660
v1|227459285883|0,VAST Visual Audio Sensory Theater LP VINYL Numbered Edition signed Elektra Rock,450.00,0.0660
v1|257657256586|0,"Lynyrd Skynyrd ""Street Survivors"" (1977) gatefold jacket with the  banned cover",12.37,0.0660
v1|178364363950|0,Grateful Dead Workingman’s Dead 50th Anniversary Picture Disc Vinyl LP Sealed,27.00,0.0659
v1|336718795586|0,"Scorpions  - Rock You Like A Hurricane -  US Picture Sleeve PS 7""",9.99,0.0659
v1|358879017087|0,"Spunk ""La Bimini"" Modern Soul 45 Gold Coast mp3",51.00,0.0659
v1|257649884726|0,Amitabh Bachchan With Kalyanji Anandji ‎– JUBILEE Double LP Concert 1984,60.00,0.0658
v1|158150079771|0,"De La Soul ""3 Feet High & Rising"" Rap Hip Hop 2xLP AOI Reissue 180g w/ Insert",8.50,0.0658
v1|298554569210|0,Jimi Hendrix Cry of Love LP Reprise MS2034 1970 gatefold,10.00,0.0658
v1|358878873167|0,"Dean Barlow ""Yesterday's Kisses"" Northern Soul Popcorn 45 Lescay Promo mp3",9.99,0.0657
v1|257652087464|0,"STARDUST Music Sounds Better With You ROULE 12"" VG+ FRANCE S/S",46.00,0.0657
v1|318668189278|0,Various – Unreleased Gems Of The 1950's: The Hartford Groups - US LP SEALED,4.99,0.0656
v1|168571169319|0,"The Rock, Jo Ann Garrett 1971 Soul 45 ~ We Got To Love One Another ~ Hear",9.99,0.0656
v1|398250362913|0,"Vintage Amy Grant Christian Lot of 3 12"" Black Vinyl LPs",15.00,0.0656
v1|287499649175|0,Bee Gees - Spirits Having Flown 1979 LP Record Vinyl,3.99,0.0655
v1|206457726644|0,"Marcia Pharr - I'll Be The One 12"" - PJP - Disco Funk VG+ HEAR",10.50,0.0655
v1|336722420553|0,AC/DC – High Voltage LP Albert Productions APLP.009 Australia,71.00,0.0654
v1|257651601221|0,"MAN PARRISH Hip Hop Be Bop (Don't Stop) IMPORTE/12 12"" VG+ 1982 electro",6.00,0.0654
v1|398251101065|0,RANDY NEWMAN Little Criminals WARNER  | 1977 | LP Original SEALED,9.99,0.0654
v1|800450376857|0,2 Signed Hawaiian Music LPs The Krush & Mr. Happiness Teddy Tanaka ch727,49.99,0.0654
v1|158129662163|0,Sharon Henderson 1981 Modern Soul 45 on Melody World ~ The Morning After ~ Hear,9.99,0.0654
v1|117336572989|0,"The Silver Heart Gospel Singers Of Indianapolis, Indiana - LP on Executive -Hear",9.99,0.0654
v1|398242594790|0,The Who LP. Meaty Beaty Big And Bouncy. 1971 Decca Records DL-79184. Gatefold,15.00,0.0653
v1|257650004296|0,Jenni Rivera – Sus Mejores Joyas FONOVISA RECORDS New Still Sealed!,100.00,0.0653
v1|366584242819|0,Willie Gonzales - Justo A Tiempo (G+)  Tito Rojas Sonora Poncena Rey Ruiz,19.99,0.0653
v1|128007721497|0,FIDDLER ON THE ROOF:OST United Artists UAS 10900 2LP 1971 VG-/VG,6.00,0.0653
v1|257652085304|0,"SPECIAL ED I'm The Magnificent PROFILE 12"" VG+ SHRINK",5.00,0.0653
v1|278243723623|0,OST THE DEER HUNTER LP VG+  JOHN WILLIAMS  Shrink & Hype Sticker Academy Awards,19.00,0.0652
v1|158149735936|0,"Roy Orbison - ""Orbisongs"" Rock-Rockabilly LP record album 1967 Monument Plays VG",6.99,0.0652
v1|307102803687|0,Vic Damone - 20 Golden Pieces Of Vic Damone - Vinyl LP,4.80,0.0652
v1|198542675005|0,RCA Victor Red Seal Beethoven Concerto No. 4 Cliburn Reiner LP LSC-2680 Stereo,1.50,0.0652
v1|358878803448|0,"Bill Lucas '""Cause I Know Your Mine"" Northern Soul 45 Dionn mp3",11.75,0.0651
v1|158147901601|0,LP BOX-11 RECORDS: JANIE FRICKE-5 LP,5.00,0.0651
v1|358879009106|0,"Ronny Douglas ""You'll Come Back"" Northern Soul Popcorn 45 Everest mp3",9.99,0.0651
v1|227459286118|0,SPECIAL RADIO PROGRAMMING MATERIAL LOVE STORY Ali MacGraw Interview Vinyl Promo,8.00,0.0650
v1|336721974256|0,"LP Nino Bravo - Te Quiero, Te Quiero RE 1978 Atlas Label PRISTINE",14.95,0.0650
v1|366583686163|0,"H.C. Smooth ""Girl I'm So Jealous"" Electro Vocoder Rap 12"" Class Act 1st HEAR",7.99,0.0649
v1|206459986420|0,UFO NO HEAVY PETTING CHRYSALIS CHR-1103 MINT- LP,21.50,0.0649
v1|358878930784|0,"Jimmie Raye ""You Must Be Losing Your Mind"" Northern Soul 45 JRE mp3",26.00,0.0649
v1|336722268211|0,LP PHYLLIS ON THE HIGH C’s SOUVENIR LBL Autographed Cheesecake Cov. Ft Laud M-,24.95,0.0649
v1|318668833370|0,FLASH GORDON ORIGINAL SOUNDTRACK By Queen LP RECORD,9.99,0.0649
v1|257658105728|0,"TUPAC SHAKUR W/NOTORIOUS B.I.G.  Runnin PRIORITY 12"" VG++ ",5.00,0.0648
v1|188733381364|0,Tone Loc / All through the night / All through the night / POOR Used Copy Surfac,5.00,0.0648
v1|298553996607|0,Live - the Distance to Here vinyl LP 180 gm MOV Radioactive,110.00,0.0648
v1|278248307873|0,"Classic Soul 7"" vinyl 60's 70's Lot Of 8 O’Jays Marvin Gaye Supremes Spinners",6.29,0.0648
v1|298554343625|0,007 The Living Daylights Soundtrack Vintage Vinyl DJ COPY NEVER PLAYED EX,28.00,0.0648
v1|407115125827|0,Oakhelm - Betwixt and Between LP - Black Vinyl Album -  Viking Metal Record,11.99,0.0647
v1|137564966996|0,LIGHTNIN' HOPKINS With SONNY TERRY Last Night Blues TEXAS BLUES LP ORIG 1961,9.99,0.0647
v1|358877086342|0,"Columbia LP Record, Nuycracker Baryshnikov, 2 Record set VG",1.00,0.0647
v1|137579039424|0,"Jackie Wilson A Woman, A Lover, A Friend Vinyl LP Record 12"" BL-54059 Brunswick",3.20,0.0647
v1|298537154409|0,Country Joe and the Fish The Life and Times Double LP Vinyl Comp 1986 VSD-27/28,9.00,0.0646
v1|327292158721|0,Three Caedmon LPs-Great Actors Reading Great Literature,19.95,0.0646
v1|178370754417|0,Vanity - Wild Animal - 1984 Vinyl LP Motown 96102 - with Poster,8.00,0.0646
v1|377389407930|0,Peter Frampton - Somethin’s Happening - Vinyl Record LP - Classic Rock,7.99,0.0646
v1|178364402122|0,Jerry Garcia Band Electric On The Eel 8/29/87 6/10/89 8/10/91 Lot Vinyl LP RSD,153.50,0.0646
v1|137578683783|0,Carpenters 1981 vintage vinyl Made in America LP,8.00,0.0646
v1|178374890211|0,Quincy Jones - Roots - 1977(The Saga Of An American Family) Vinyl Record SP-4626,1.00,0.0646
v1|236980140317|0,Blue Oyster Cult Tyranny and Mutation LP  Album 1973 Columbia  Records KC 32017,8.00,0.0646
v1|358878873468|0,Blood Sweat And Tears 3 Album Released In 1970 Very Good Condition,5.00,0.0645
v1|358878873468|0,Blood Sweat And Tears 3 Album Released In 1970 Very Good Condition,5.00,0.0645
v1|377389374069|0,"Rare US Army Radio Show - Paul McCartney, Beatles, The Police, Loverboy, Motels",15.00,0.0645
v1|327293321079|0,"Paul Mauriat Theme From A Summer Place 12"" Black Vinyl LP Stereo MGM MVS 2887",15.00,0.0645
v1|168571169341|0,Pockets 1977 Funky Soul 45 on Columbia ~  Come Go With Me ~ Hear,9.99,0.0645
v1|257651975023|0,"ROSHELLE FLEMING Love Itch PRELUDE 12"" VG+",5.00,0.0645
v1|358878976267|0,"Mickie Champion ""What Good Am I (Without You)"" Northern Soul 45 Musette Repro",9.99,0.0645
v1|257620943155|0,"Columbia 3029D Johnny Green Or ""GO INTO YOUR DANCE"" tunes  1935 JAZZ  78rpm E",24.99,0.0645
v1|236981946592|0,The Charlie Daniels Band High Lonesome Vinyl Record LP,1.40,0.0645
v1|168584180853|0,Bootsy's Rubber Band-Bootsy ? Player Of The Year-1978 WB Gatefold Vinyl LP,5.00,0.0644
v1|336718747575|0,"Depeche Mode  - See You -  French Picture Sleeve PS 7""",12.99,0.0644
v1|257651526004|0,"LOLEATTA HOLLOWWAY Love Sensation GOLD MIND 12"" VG++",11.50,0.0644
v1|257658104468|0,"TS (TERROR SQUAD) Lean Back SRC 12"" NM",5.00,0.0644
v1|147478734615|0,"4 45s by The Beatles - Boys on Starline, Something, Let it Be, Nowhere Man",9.99,0.0643
v1|336722391795|0,Lucy Bedroque - Sororitie 2LP Vinyl (Magenta Variant),25.00,0.0643
v1|236980022376|0,Joni Mitchell - ‘Wild Things Run Fast’ Lp 1982 Geffen Promo Quiex II Ex *Read,22.00,0.0641
v1|298554460588|0,"Hawthorne House Record Card ""Silent Night"" by Pickwick Carol Group 1940's?",2.95,0.0641
v1|117338516168|0,Dennis Brown Some Like It Hot 7” 45 RPM (Pioneer) EX!,9.99,0.0641
v1|377389407824|0,Bruce Cockburn - Stealing Fire - 1984 Gold Mountain Records Vinyl LP~GM-80012,8.99,0.0641
v1|206462527533|0,Darrell Banks - Is Here LP - ATCO,8.00,0.0641
v1|398243666517|0,Cheap Thrills Big Brother & The Holding Company Lp,15.99,0.0640
v1|318661012553|0,CHARLIE PARKER April In Paris VERVE LP VG+ o,8.00,0.0640
v1|198542670931|0,"Percy Faith Themes For The ""In"" Crowd LP Columbia Easy Listening Stereo Vinyl",1.50,0.0640
v1|257651977003|0,"ROXANNE SHANTE Have A Nice Day COLD CHILLIN' 12"" VG+ 1987 rap",5.00,0.0640
v1|800443916353|0,Parlet - Invasion Of The Booty Snatchers LP - Casablanca VG+ Shrink,26.00,0.0639
v1|278241485867|0,BAD TO THE BONE / GEORGE THOROGOOD LP ST-17076 COVER & VINYL ARE EXCELLENT,8.00,0.0639
v1|178363973529|0,Grateful Dead New Haven 5/5/77 4xLP Box Set Vinyl LP RSD Sealed,118.50,0.0639
v1|227460591523|0,ALLEN ROSS Toys DUNGEON 1979 Folk VG+ VINYL LP Record USED,5.00,0.0639
v1|236980105900|0,"Kurupt - Kuruption - Antra Label STEREO PROMO (1998) 12"" Vinyl SINGLE",6.99,0.0639
v1|336722301707|0,LP Joe Arroyo La Guerra De Los Callados FUENTES LBL SALSA EX,14.95,0.0638
v1|128008651391|0,Paul Butterfield Blues Band Bloomfield Mono Elektra Records VG+ NICE!,19.99,0.0637
v1|206460376550|0,1969 The Beatles Abbey Road Vinyl LP Apple SO 383-F42-#1 Jacksonville Pressing,49.95,0.0637
v1|128007721179|0,DIONNE WARWICK:Dionne Springboard SSM-6701 2LP 1976 VG+/VG,1.00,0.0637
v1|307097569483|0,LUPITA D'ÀLESSIO - SENTIMIENTO RANCHERO - 1981 MEXICAN LP SOC,14.99,0.0637
v1|206460601218|0,"Stevie Nicks 'The Wild Heart"" 1983 'Stand Back'",7.89,0.0637
v1|298554460020|0,7  ERROLL GARNER LP- Paris Impressions/Garner Encores/Soliloquy/Plays  Dancin,9.99,0.0637
v1|257650369377|0,Jay-Z - AMERICAN GANGSTER Roc-A-Fella B0010229-01 DOUBLE ALBUM 2007 PRESSING,180.00,0.0637
v1|227460601303|0,"LUCKY MILLINDER It's A Sad, Sad Feeling KING 7"" R&B 1955 45RPM RECORD Vinyl USED",5.00,0.0637
v1|227457548165|0,Steely Dan - Aja  NM Vinyl 1977- ABC Records AA-1006,9.99,0.0637
v1|407115058081|0,Gloria Estefan Cuts Both Ways Lp,7.99,0.0636
v1|307104482715|0,"John Mayall, Thru The Years, Double Lp, 1971 VG/VG+ (Great Sounding Audio)",10.00,0.0636
v1|377389362167|0,THE CARAVANS / THE STAPLE SINGERS A GOSPEL PROGRAM LP,5.00,0.0636
v1|206460382181|0,Will Hoge - Small Town Dreams - 180G Vinyl  - AUTOGRAPHED [RARE],349.99,0.0636
v1|800451585173|0,"Various Super Hits 12"" Black Vinyl LP 33 RPM Stereo Pickwick SPC-3901",3.99,0.0635
v1|267748088143|0,SPANDAU BALLET LP JOURNEYS TO GLORY CHRYSALIS 1981,18.99,0.0635
v1|407115057508|0,Rhinoceros Satin Chickens Lp,9.99,0.0635
v1|366583737408|0,"Kool Keith ""Sex Style (...Archives)"" Rap 2xLP Threshold RE Color Wax SEALED",18.50,0.0635
v1|358879035484|0,"The Gaslight ""Just Because Of You"" 70's Soul/Sweet Soul 45 Polydor Promo mp3",53.00,0.0634
v1|257620015367|0,Okeh 40090 De Droit New Orleans Jazz Orch THE SWING   1923 hot  JAZZ 78rpm HEAR,24.99,0.0634
v1|307102954324|0,BILL BLACK'S COMBO~THAT WONDERFUL FEELING~45 RPM EP ~ RECORD NM  COVER NM # 1,0.99,0.0634
v1|128011329037|0,“10” Movie Soundtrack (1979 LP) HENRY MANCINI Warner BSK 3399 Bo Derek Bolero NM,4.99,0.0633
v1|168589166361|0,GOSPEL Josephine Dicks & Rock Gospel Info Let's Study War Su-Ann 806 1960s NM,5.00,0.0633
v1|358879007572|0,"Roman Reed ""Harlem Nocturne"" Popcorn Soul 45 Dot mp3",9.99,0.0633
v1|377389407894|0,Maynard Ferguson - Conquistador - Vinyl Record LP 1977 Columbia Jazz,8.99,0.0633
v1|227457545740|0,Dire Straits - Brothers In Arms  VG+VG 1985 Vinyl LP,9.99,0.0632
v1|188737907065|0,JOHN LENNON & YOKO ONO The Wedding Album 1969 Box Set Vinyl LP w/ All Inserts,49.00,0.0632
v1|377391713318|0,VA Home For Christmas COLUMBIA HOUSE 1971 LP BOX SET 3x VINYL Record USED,8.99,0.0632
v1|188734508885|0,BREAD - GUITAR MAN Vinyl LP  1972 Elektra Records VG+,2.98,0.0632
v1|117336800606|0,Mötley Crüe – Smokin' In The Boys Room / Home Sweet Home (Remix) EKR 33T /POSTER,55.00,0.0632
v1|267741640438|0,"The Embers ""Colours"" SIGNED Vinyl LP Record! 1988 Beach Music Album ER-0388",29.99,0.0632
v1|318664077273|0,"Norman Connors - Once I've Been There 12"" - Buddah - Disco Funk HEAR",48.00,0.0631
v1|800449889935|0,The Temptations Meet The Temptations LP Orange Taiwan Unofficial Release LW-336,49.99,0.0631
v1|257658105310|0,"TUFF CREW She Rides The Pony SOO DEFF 12"" SEALED 1989 ",5.00,0.0631
v1|377389349013|0,Jackie Wilson - Jackie Sings The Blues 1960 USA Gatefold Orig. LP,5.00,0.0630
v1|358878895407|0,"Fred Parris ""Land Of Broken Hearts"" Northern Soul 45 Atco Promo mp3",9.99,0.0630
v1|168584067939|0,"Robert Fripp, God Save the Queen / Under Heavy Manners LP Vinyl U.S.",4.00,0.0630
v1|257651524877|0,"LOLEATTA HOLLOWAY Hit And Run RAM'S HORN 12"" VG+ NETHERLANDS",5.00,0.0630
v1|137578831235|0,1920s 78rpm - Robert Yap --  Art Of Playing Hawaiian Guitar - Lessons 41 42 & 43,5.00,0.0630
v1|307097569516|0,"JAVIER SOLIS - ENAMORADO DE TI - 1968 MEXICAN LP SOC, WOC, RANCHERO",19.99,0.0630
v1|407106935162|0,LIGHTNIN' HOPKINS  The Legacy Of The Blues Vol.12 TEXAS BLUES SHRINK GNP NM,9.99,0.0630
v1|206457726710|0,"Sunburst Band - The Easton Assassin 12"" - King - Boogie Funk HEAR",62.00,0.0629
v1|287494199641|0,"LOT OF 24 RECORDS & 11 ARTISTS (""T-W"" ) 9 DIFFERENT LABELS 82 TITLE STRIPS",12.00,0.0629
v1|287499608905|0,"Hank Williams ""Sing Me A Blue Song"" Vol 3 EP MGM X1493 57-EP-175-G / 176 E  VG",9.99,0.0629
v1|336722379095|0,Lot of 27 Classic Rock & Pop Vinyl LPs; Zappa Young Who Mott the Hoople & More,49.00,0.0629
v1|257657680257|0,"DEVO DEV-O LIVE 12"" EP Warner Bros PRO 928 1981",14.95,0.0629
v1|366577518233|0,WES MONTGOMERY A Day In The Life A&M LP VG+ gatefold o,8.50,0.0629
v1|257651871711|0,"PRINCE I Wish U Heaven PAISLEY PARK 12"" VG++",5.00,0.0629
v1|178368146057|0,"U2 Boy Vinyl 1980 Island Records  ILPS 9646, M- Rec. And Vg+ COV. Original Inner",16.00,0.0629
v1|158154952334|0,"The Coasters Cool Jerk, Talkin' 'Bout A Woman King 6385 1972 NM WLP",10.00,0.0628
v1|336723390310|0,"Doris Day Frank Sinatra Young at Heart Columbia CL 6339 12"" Black Vinyl LP 33",20.00,0.0628
v1|236980171255|0,Pic Sleeve: Ruth Copeland: Her� Krishna,3.50,0.0628
v1|257620960959|0,Columbia 2814D Fran Frey Orch BE CAREFUL  1933 JAZZ  78rpm E-,24.99,0.0628
v1|298556320563|0,Lot Of 30 Mostly 1970s Rock And Pop 45s,5.00,0.0628
v1|327293382784|0,"The Cameron Family & Roy Turner Songs of the Holy Spirit Gospel LP Vinyl 12"" 33…",10.00,0.0628
v1|257651530560|0,"LORDS OF THE UNDREGROUND Funky Child PENDULUM 12"" VG++ SHRINK 1992 rap",12.04,0.0627
v1|358875754213|0,Walter Becker/Donald Fagen The Early Years Vinyl Album 1983 ML 8101 AERO,18.95,0.0627
v1|257650510869|0,Hollywood Undead - SWAN SONGS Interscope Records – B0027938-01 DOUBLE LP,125.00,0.0627
v1|398235223677|0,"""ELVIS PRESLEY"" LET’S BE FRIENDS LP on RCA CAS-2408 1ST PRESS c.1970 BLUE LABEL",8.00,0.0627
v1|128011908110|0,CHICAGO Chicago Transit Authority Double LP Columbia 1969 First Press VG+/VG,18.99,0.0627
v1|128011172710|0,HERMANAS HUERTA  UJULE/A DONDE TE HALLAS    45 Rpm ULTRA RARE USED,29.99,0.0627
v1|158129662184|0,Infernal Blues Machine 1975 Funky Soul 45 on London ~ Needing You ~ Promo ~ Hear,9.99,0.0627
v1|336722432965|0,Jethro Tull Aqualung LP Chrysalis CHR 1044 Gatefold 1971 VG+ Vinyl Classic Rock,5.50,0.0626
v1|358879015106|0,"Shirley Wahls ""Why Am I Crying"" Northern Soul 45 King mp3",20.50,0.0626
v1|278241453149|0,"Evie ""Never The Same"" AND Volume 1  Favorites  - 2 LPs",8.95,0.0626
v1|257651810500|0,"PAUL SCOTT Off The Wall ACE BEAT 12"" VG++ ",5.00,0.0626
v1|236980315286|0,SUPERTRAMP Breakfast In America SP-3708 1979 A&M Records VG/VG+,5.50,0.0626
v1|137579269694|0,"Richard Hell and The Voidoids Blank Generation vinyl 2005 Rhino reissue , rare",27.00,0.0626
v1|147478656901|0,VAN MORRISON - (5) 45s - VG-VG+,8.50,0.0626
v1|147478654318|0,VAN MORRISON - (3) 45s - VG-VG+,4.50,0.0626
v1|318678818119|0,"CREAM: 3 VINTAGE RECORDS - Wheels Of Fire 2LP, Disraeli Gears and Fresh Cream",60.00,0.0625
v1|398241321038|0,JAMMIN LIONEL HAMPTON LP RECORD UP FRONT RECORDS,8.00,0.0625
v1|278232420121|0,THE VALENTINE BROTHERS - HAVE A GOOD TIME A&M LP SHRINK,8.00,0.0625
v1|366583672620|0,"Ghostface Killah ""Ironman"" Rap Hip Hop 2xLP Epic/Music On Vinyl 180g Reissue",12.00,0.0625
v1|298554810476|0,"Creedence Clearwater Revival - Green River Vinyl LP, Fantasy 8393 Rock",3.88,0.0625
v1|358879006821|0,"Roddie Joy ""He's So Easy To Love"" Northern Soul 45 Red Bird mp3",11.50,0.0625
v1|377389345658|0,"Lalo Schifrin ""Medical Center"" And Other Great Themes - MGM SE-4742 VG+",4.00,0.0624
v1|227459704397|0,"Leroy Holmes For A Few Dollars More / The Man With No Name  7"" 45 RPM Promo",2.00,0.0624
v1|147479262748|0,"98 DEGREES - Give Me Just One Night (Una Noche) REMIXES 12"" Vinyl RECORD NM",8.99,0.0624
v1|158150435220|0,"Masters Of Ceremony ""Dynamite"" Rap Hip Hop LP Not On Label Reissue",7.99,0.0623
v1|128003993508|0,"""Bye, Bye, Baby / Searching Wind""- The 4 Seasons- 45 RPM Vinyl-Phillips Records",10.00,0.0623
v1|117336587604|0,Nana Simi Johnson -We Know We Shall Live- Gospel Funk LP on Great Circle - Hear,9.99,0.0623
v1|178370000124|0,"Electric Light Orchestra - ""Out of The Blue"" - Double LP",16.00,0.0623
v1|377389370691|0,Perry Como We Kiss In A Shadow / Hello Young Lovers RCA Promo 78 Rpm  Record,5.00,0.0623
v1|178368114259|0,THE STANKY BROWN GROUP Our Pleasure Is To Serve You  1976 LP M-record And Cover ,7.00,0.0623
v1|257651873927|0,"PRINCE Sign O the Times PAISLEY PARK 12"" VG++ ",6.50,0.0623
v1|377391638594|0,ALLAN SHERMAN ALLAN IN WONDERLAND VINYL LP W1539,10.00,0.0623
v1|358878847753|0,"Chapter One ""Let Me Down Easy/I Want To..."" Sweet/70's Soul 45 20th Century mp3",9.99,0.0623
v1|298554397569|0,BARTOK:  Allegro Barbaro/Out of Doors/Sonatina.  Gyorgy Sandor,2.50,0.0623
v1|366588035197|0,Caedmon TC 1185 Ernest Hemingway Reading 1965 Spoken Word VG++,5.99,0.0622
v1|307102684356|0,THE REVELERS - Valencia / The Blue Room (E-),6.00,0.0622
v1|267745991831|0,Tom T. Hall - For The People In The Last Hard Town LP Mercury SRM-1-687 1973 NM!,4.99,0.0622
v1|287499134623|0,VINYL LP Dancing Madness / K-Tel,7.79,0.0621
v1|307102673243|0,LOU GOLD & His Orch. Bye Bye Blackbird / Spring Is Here,7.00,0.0621
v1|298562014843|0,Kid Cudi Man on the Moon II Legend of Mr Rager Vinyl 2LP VG+ Kanye West 2010,19.00,0.0621
v1|358878797266|0,"Benjamin & The Right Direction ""Light Of My Life"" Crossover Soul 45 Palmetto St",48.99,0.0621
v1|318672012664|0,Bobby Attwood - Just Pickin' LP - Witchita - Country Funk Breaks VG+ Shrink HEAR,56.00,0.0621
v1|298554942954|0,⭐️SIMON & GARFUNKEL ~ CONCERT IN CENTRAL PARK ~ LIVE 1982 insert ONLY,4.99,0.0621
v1|257662814383|0,"The Strawberry Statement Original Soundtrack (MGM Records, 1970) Vinyl 2 LP",4.00,0.0620
v1|358850061346|0,Aerosmith - Permanent Vacation (1987) - Gold Stamp Promo,40.00,0.0620
v1|278248212061|0,Grace Slick & The Great Society Vol 2 Columbia Records 360 LP Stereo CS 9702,7.99,0.0620
v1|137579063724|0,Al Hirt Trumpet and Strings. Vinyl LP RCA Victor LPM 2584 EX,1.84,0.0620
v1|377389407843|0,Elton John - Don't Shoot Me I'm Only The Piano Player - Vinyl Record LP 1972,4.99,0.0620
v1|278232723336|0,"Tony Bennett ""Alone Together"" Vinyl LP  Columbia CSP Records P-11489 (NM-)",4.00,0.0620
v1|257659205482|0,The Rolling Stones LP 1972 Exile On Main St.,28.00,0.0619
v1|278241411579|0,Deep Purple The Royal Philharmonic Orchestra Vinyl LP WS 1860~COVER VG/VINYL VG+,7.00,0.0619
v1|236980392592|0,Queensryche RAGE FOR ORDER 180-gram vinyl lp 2026 Chris DeGarmo Geoff Tate NM,24.99,0.0619
v1|128007719443|0,Wayne King & His Orchestra:Songs Of The Islands 1960 DL 4023 Vinyl LP VG-/VG,0.99,0.0619
v1|298546359709|0,Varetta Dillard and The Four Students DOO WOP 45 Cherry Blossom GROOVE VG HEAR,15.00,0.0619
v1|227456582121|0,45 NOS / DREW-VELS / IT'S MY TIME / CAPITOL / LISTEN,9.99,0.0618
v1|178374890204|0,"SIMON & GARFUNKEL - The Graduate Soundtrack (1968) - 12"" Vinyl Record LP",1.00,0.0618
v1|257651891694|0,"PUSHE Don't Take Your Love Away PARTYTIME 12"" VG+",5.00,0.0618
v1|407115056635|0,The Who Meaty Beaty Big & Bouncy Lp,6.99,0.0618
v1|366579741178|0,Rare French Pop LP -  Les Plus Belles Chansons De Francoise Hardy - Warner Bros.,14.99,0.0618
v1|287499653950|0,"Sonny James - I’ll Never Find Another You & Goodbye Maggie Goodbye 45 Record 7""",2.49,0.0618
v1|257652693539|0,David Bowie Tonight Vinyl LP Record 1984 Pressing,6.50,0.0617
v1|307104399549|0,"Peter Gallway, Tokyo To Kokomo, 1979 Imagination Label Lp, VG/VG+",10.00,0.0617
v1|257651962307|0,"ROOTS RADICS /SINGIE SINGIE Yes She Gone BTR 12"" VG++ reggae",5.00,0.0617
v1|307102455143|0,Louis Armstrong In the '30s In the '40s Jazz Stereo Vinyl LP RCA Victor LSP-2971,3.60,0.0617
v1|178368109168|0,Yazz & The Plastic Population  The Only Way Is Up On Elektra - M-record And Cov,5.00,0.0616
v1|307107055500|0,The Chandeliers 45 Record Blueberry Sweet Red Vinyl Angel Tone Records 521 1960,9.99,0.0616
v1|267745922708|0,"ELVIS For LP Fans Only 12"" LP RCA Records LSP-1990(e) White Top",49.95,0.0616
v1|206462527495|0,"Big Daddy Kane - Get Into It 12"" - Prism - Rap HEAR",10.00,0.0615
v1|206462527530|0,Cut Chemist - The Audience's Listening 2xLP - Warner Bros.,26.93,0.0615
v1|267747686376|0,AL GARRIS ~ I WONDER / THAT’S ALL ~ GLODIS ~ Rare Orig. SOUL R&B ROCKER 45,12.84,0.0615
v1|137570389063|0,The Alwyn Wall Band The Prize lp Norman Barratt Malcolm & Alywn + Bonus CD,7.99,0.0615
v1|236979747954|0,1968 Walt Disney’s Snow White and the Seven Dwarfs Vinyl Record Album ,9.49,0.0615
v1|336722621434|0,"Various - Wild Stereo Drums, 1961 LP, Jazz, Latin, Pop, Exotica, Les Baxter.",9.99,0.0615
v1|168570014216|0,TURKISH OTTOMAN ~ KEMANI CEVDET RARE POLYDOR  ~ HEAR ~ 78 RPM  ~ X 6605,50.00,0.0615
v1|366577516819|0,OPUS 3 TEST RECORD 1 Depth Of Image OPUS 3 LP sweden o,15.01,0.0614
v1|198543174435|0,Ktel 24 Looney Tunes Record,6.99,0.0614
v1|198537775390|0,Mordicai Jones s/t folk blues rock lp,68.00,0.0614
v1|366581636136|0,"BLACK MOON ""   WHO GOT THE PROPS ""  ORIG  12""   ",10.00,0.0614
v1|158149724268|0,Foo Fighters - 45rpm Post Grunge / Hard Rock 45rpm jukebox record  - Plays VG+,6.99,0.0613
v1|298554307300|0,Lot Of 3  Vinyl Albums Classic Rock,15.00,0.0613
v1|278241647187|0,ORQUESTA RIVIERA,251.00,0.0613
v1|278241644347|0,ORQUESTA RIVIERA,51.00,0.0613
v1|168585921930|0,Isaac Hayes ‎' Shaft ' 2XLP Vinyl Gatefold 1971 ENS2-5002 Ultrasonic Clean VG+,12.99,0.0613
v1|398251038226|0,THE IMPRESSIONS  One By One ABC | Killer! | Group Soul | Northern  | LP HEAR,9.99,0.0613
v1|257652117320|0,"SWORDZ Lay 'Em Down HOOD LIFE 12"" SEALED Jacksonville rap 2004",5.00,0.0613
v1|206460637445|0,"Stevie Nicks 'Bella Donna"" 1981 'Leather and Lace'",7.89,0.0613
v1|800451907620|0,THE PRELUDES 45RPM '56 EMPIRE DON'T FALL IN LOVETOO SOON DOO WOP BALLAD VG VINYL,8.50,0.0613
v1|318661012869|0,OPUS 3 TEST RECORD 3 Dynamics OPUS 3 LP VG+ sweden o,8.00,0.0612
v1|117337289614|0,"Bee Gees Greatest, RSO RS-2-4200, 2 LP, 1979, EX/EX",14.61,0.0612
v1|318661045622|0,JAN HAMMER Black Sheep ASYLUM LP VG+ o,8.00,0.0612
v1|318668547536|0,Styx – The Grand Illusion - US LP + OIS + POSTER 1977,4.99,0.0612
v1|128007721147|0,PINOCCHIO:Songs from the Walt Disney Movie Wonderland LP 77 LP 1940 VG-/VG-,6.00,0.0611
v1|267742794441|0,"Daz Dillinger – Retaliation, Revenge And Get Back 2LP DEATH ROW Records P1 53524",150.00,0.0611
v1|366577529091|0,ASTRUD GILBERTO With Stanley Turrentine CTI LP gatefold o,8.00,0.0611
v1|178363070420|0,Wild Bluegrass Bopper 45 LOWELL VARNEY & JIM HORN These Bones / Learned REM hear,6.00,0.0610
v1|206460613577|0,Wayne Newton - Red Roses For A Blue Lady Capitol ST 2306 Vinyl LP Pop,1.26,0.0610
v1|188714877263|0,Music from Star Wars and Other Sci-Fi Classics Vinyl Record,1.00,0.0610
v1|236980394521|0,The FABULOUS WAILERS The Wailer's Wail - 1964 Press Golden Crest LP - NICE VG+,20.00,0.0610
v1|168584143901|0,America – Hearts Vinyl LP ( sold them 1/4 lb of gold weed in 1978 at rider),1.00,0.0610
v1|407115156106|0,Chick Corea - My Spanish Heart Double LP / Tap Step VG Vinyl Lot,12.00,0.0610
v1|278241035938|0,The Doobie Brothers “Best Of” 1978 LP BS-2978 COVER IS VG+ / VINYL IS EXCELLENT,8.00,0.0610
v1|336720197907|0,"The Turtles  - Happy Together -  US Picture Sleeve PS 7""",24.99,0.0609
v1|298554460102|0,Lot 7  BARBARA STREISAND LP-Superman/The Way We Were/Lazy Afternoon/Buttefly,9.99,0.0609
v1|236980240634|0,"Steely Dan Katy Lied Vinyl LP 1975 Pressing ABCD-846 w/ Inner, VG/VG",4.99,0.0609
v1|257651770671|0,"NOTORIOUS B.I.G. Dead Wrong BAD BOY 12"" VG++",7.50,0.0609
v1|168583666660|0,"Duran Duran Capitol 7"" 45RPM Vinyl Single New Moon on Monday/Tiger Tiger",1.20,0.0609
v1|127997325513|0,Hayley Williams FLOWERS for VASES Descansos Pink Smoke Colored Vinyl LP Paramore,39.99,0.0609
v1|206460402059|0,11 LP Folk Banjo New Christy Peter Paul Mary Four Roses Burl Ives Chad Mitchell,21.00,0.0609
v1|407121031103|0,VMP HEART LITTLE Queen LP  Color Vinyl Record Audiophile Vinyl Me Please,37.99,0.0608
v1|147478828195|0,"LOUNGE POP LP ""THE LOOK OF LOVE"" CLAUDINE LONGET ( A&M 1967)",4.50,0.0608
v1|278247855475|0,"Janis Joplin Pearl Columbia LP 12"" KC 30322",24.99,0.0608
v1|278247855475|0,"Janis Joplin Pearl Columbia LP 12"" KC 30322",24.99,0.0608
v1|178367922251|0,"Ramsey Lewis - ""Wade In The Water"" - LP",1.00,0.0608
v1|318668916880|0,"David Bowie Young Americans 12"" Black Vinyl LP Stereo RCA Victor APL1-0998",10.00,0.0608
v1|358878887007|0,Jackson Brown Hold Out Album Released In 1980 Specialty Pressing Very Good,5.00,0.0607
v1|227456555045|0,STEELY DAN - AJA - ABC RECORDS AA-1006 - VG+ IN SHRINK,8.50,0.0607
v1|336722310996|0,Creedence Clearwater Revival - Cosmo's Factory Vinyl LP 1970 Fantasy F-8402,1.00,0.0607
v1|178374890189|0,The Association - Insight Out - Warner Bros Records WS-1696,1.00,0.0606
v1|307102912550|0,Solomon Schwartz Yiddish American Sing A Long LP Vinyl London ffrr SW99428,4.80,0.0606
v1|298554441912|0,This Is  Tom Jones NM    In Shrink,10.00,0.0606
v1|267745872770|0,RARE BLUES R&B 78 - Goree Carter - I'll Send You - Freedom 1511,16.82,0.0605
v1|366580203813|0,PETER PAUL & MARY IN THE WIND LP ORANGE BLACK VINYL TAIWAN SFL1287 IMPORT,2.99,0.0605
v1|307102583022|0,USA For Africa 45RPM “We Are The World” 1985 80s Pop Rock 7” Vinyl,3.00,0.0605
v1|358879048804|0,"The Promises ""Living In The Footsteps Of Another Girl"" 70's Soul 45 BRC Promo",9.99,0.0605
v1|168589136036|0,RARE COUNTRY Rusty Diamond Pete Drake I'm Hung Up On You Marianna 4507 1970s NM,10.00,0.0605
v1|377389363265|0,Bob Dylan 7” EP I Ain't Got No Home - COLUMBIA Playback Complete RARE,25.00,0.0605
v1|358798981746|0,"3 Columbia GAL BLUES Bessie Smith, Edith Wilson Ethel Ridley 1923 78rpm V+/ E",39.99,0.0604
v1|287499649216|0,K-Tel ‎'s Starburst Vinyl LP 1978 Andy Gibb Rick James Meat Loaf 2 Records Set,5.99,0.0604
v1|168589564733|0,MELISSA III - Vinyl LP 1986 Rodven Records S.R.070 VG+/EX. CONDITION,9.99,0.0604
v1|318664077358|0,"Village Choir - Give What You Want 12"" - SCM - Modern Soul PROMO HEAR",9.00,0.0604
v1|318668893520|0,"The Beatles Revolver 12"" Black Vinyl LP Stereo 33 RPM Capitol Records ST-2576",15.00,0.0604
v1|407102925708|0,JIMMY CLIFF  Cliff Hanger  REGGAE LP COLUMBIA SHRINK HYPE STICKER NM,9.99,0.0604
v1|307102999336|0,RCA VICTOR JAZZ SAMPLER FROM HOT TO COOL ~ 195?~ 45 RPM EP ~ RECORD NM  COVER VG,0.99,0.0604
v1|318668392248|0,Various – Harlem NY (The Doo-Wop Era) - US 2LP Compilation,4.99,0.0604
v1|307097458864|0,"U2 THE JOSHUA TREE ALBUM AND DESIRE 12"" SINGLE !",7.99,0.0603
v1|800450475854|0,"Chris de Burgh Crusader A&M 12"" Vinyl LP Rock Black",3.40,0.0603
v1|377389749226|0,"Deee-Lite RUNAWAY With Rubber Lover 12"" Vinyl Single 1992 Elektra",15.00,0.0603
v1|366577529496|0,DIZZY GILLESPIE On The French Riviera PHILIPS LP o,20.50,0.0603
v1|407115054326|0,Uriah Heep Demons and Wizards Lp,6.99,0.0603
v1|800440128659|0,JIMMY RANEY The Influence XANADU LP VG+ o,8.00,0.0603
v1|336722335907|0,Pic Sleeve: Phil Collins: Sussudio,3.50,0.0603
v1|137579419054|0,Juice Newton: Love's Been A Little Bit Hard On Me/Ever True - VG+ | Pop 7” Singl,4.99,0.0603
v1|358864131052|0,TIM BUCKLEY - Greetings From L.A. - Reissue WARNER BROS BS 2631 EX/VG+,14.00,0.0603
v1|800440177065|0,RONNIE FOSTER Love Satellite COLUMBIA LP VG+ o,8.00,0.0602
v1|336720362610|0,Ellioth Smith  -  SEALED 2020 Deluxe Box Set (has book & extra LIVE LP),114.99,0.0602
v1|158154918431|0,ROCK The Police Every Breath You Take A&M 2542 1983 NM PROMO Pic Slv,5.00,0.0602
v1|257657416839|0,Super RARE Hillbilly 78 JACK PADGETT The Texas Wrangler PEPPERMINT STICKS VG+,9.99,0.0602
v1|188733381127|0,Senen Suarez - Una Noche En El Tropicana De La Habana Maya Records SUPER RARE,30.00,0.0602
v1|198542696004|0,"Dakota Staton The Late, Late Show LP Capitol Vinyl Record T 876 High Fidelity",1.00,0.0602
v1|236994429847|0,Lot of 89 RARE Vinyl 45 Records VG+ In Sleeves w/ All Genres Odd Labels L9,109.00,0.0602
v1|366571835747|0,Sylvester Weaver - Damfino Stump - OKEH 8480 Poor,19.99,0.0602
v1|257651910320|0,"RAZE Break 4 Love COLUMBIA 12"" VG++ MISPRESS",5.00,0.0601
v1|307099867101|0,Albert King Lovejoy LP Vinyl 33 RPM Stax STS 2040 Stereo 1971,9.99,0.0601
v1|188734653759|0,DESMOND CHILD AND ROUGE - RUNNERS IN THE NIGHT Vinyl LP RECORD MASTERDISK RL EX+,9.99,0.0601
v1|257658124544|0,"UMC'S One To Grow On WILD PITCH 12"" VG++ SHRINK",5.00,0.0600
v1|257621047434|0,Victor 19699 Capt M.J. Bonner (The Texas Fiddler)  78rpm Country born 1848!  EE+,100.00,0.0600
v1|137579096201|0,BILL MONROE 3 Vintage Bluegrass Vinyl Albums all in Very Good Condition,19.95,0.0600
v1|137559242174|0,CUBAN ~ PILAR ARCOS ~ LA MAJA ~ BRUNSWICK 40517  ~ HEAR ~ 78 RPM  ~ X 6575,20.00,0.0600
v1|206457726696|0,"Sammy Gordon & The Hip Huggers - Making Love 12"" - Red Greg Disco Funk VG+ HEAR",32.00,0.0600
v1|257657271571|0,George Carlin Lp Fm&Am On Little David - Vg+ / Vg+ shrink; Open - Hype Sticker,7.89,0.0600
v1|298554301931|0,Johnny Cash At Folsom Prison - COLUMBIA- 1968- Vinyl LP- CS9639- minor scratches,17.17,0.0599
v1|407088975285|0,BOB MARLEY • Legend The Best Of Bob Marley 1984 LP EX,12.50,0.0599
v1|307103948041|0,Pink Floyd The Wall with Now a Movie Stickers in Shrink Wrap 2 Lps,80.00,0.0599
v1|298553968784|0,"Led Zeppelin - Led Zeppelin II 12"" Vinyl LP Stereo Atlantic SD 8236 Rock",25.00,0.0599
v1|188726497732|0,Private Bluegrass Civil War PS 45 THE KENTUCKY BLUES Morgans Raid STARR OH rare,5.00,0.0599
v1|227459302044|0,Elton John Honky Chateau Vinyl LP 2017 Reissue Gatefold In Shrink 180gm NM,12.50,0.0598
v1|336722387006|0,"CONNIE FRANCIS, LOT OF 3 ORIGINAL GERMAN MGM LPS—1964-1966",39.99,0.0598
v1|198542672401|0,"Josh White ""25th Anniversary Album"" 1957 'Black Girl'",7.89,0.0598
v1|336726328375|0,LALO RODRIGUEZ UN NUEVO AMANECER TH RODVEN RECORDS ORIG SALSA LP HEAR,7.77,0.0598
v1|257651869745|0,"PRINCE Batdance WARNER BROS 12"" VG++ GERMANY",5.50,0.0598
v1|257658833260|0,"Sierra Ferrell Trail Of Flowers Rounder 2024 Black Vinyl LP 12"" 33 RPM",14.00,0.0598
v1|128000954569|0,"Taylor Swift Reputation Picture Disc Vinyl (Record, 2017) 2 LP",113.50,0.0598
v1|298554169293|0,DAVID HOUSTON ~ALREADY IT'S HEAVEN ~ 33  RPM JUKEBOX ISSUE~  RECORD EX  COVER EX,0.99,0.0598
v1|257652022642|0,"SHAGGY It Wasn't Me MCA 12"" VG++",7.50,0.0598
v1|147480670756|0,"Shirt Tales Buried Treasure 7"" 33 RPM Read-Along Vinyl KS-0100 Castle Rock",2.00,0.0598
v1|198542735383|0,"78Rpm, Blues, Mississippi Sheiks 'Sitting on Top Of The World' Okeh 8784",39.00,0.0597
v1|236980283117|0,"The Rolling Stones - Their Satanic Majesties Request TXS 103 UK Import, VG",10.50,0.0596
v1|236980283117|0,"The Rolling Stones - Their Satanic Majesties Request TXS 103 UK Import, VG",10.50,0.0596
v1|158135830685|0,Marvin Gaye Let's Get It On Tamla T 329V1 Yellow Vinyl Reissue Gatefold SOUL,29.99,0.0596
v1|377391682223|0,ELTON JOHN Goodbye Yellow Brick Road 2014 2LP YELLOW VINYL Record ALBUM VG+ USED,51.02,0.0596
v1|158129662171|0,Little Tommy Brown 1955 R&B 45 on Groove ~ Won’t You Forgive Me ~ Promo ~ Hear,9.99,0.0596
v1|236980165311|0,Pic Sleeve: Belinda Carlisle: Mad About You,3.50,0.0596
v1|318669019684|0,BOB DYLAN The Times They Are A-Changin' LP NM Vinyl reissue Columbia CS 8905,5.60,0.0596
v1|327295453494|0,Whitesnake Slide It In Vinyl LP 1984 Geffen Records David Coverdale Hard Rock,15.00,0.0596
v1|377389393121|0,High In A Basement Bernard Addison All Stars vinyl LP album record UK,10.00,0.0596
v1|158129662127|0,The Originals 1983 Novelty Synth Pop 45 on Digi-Bop Put ‘em On Ice ~ Hear,9.99,0.0595
v1|358878964537|0,"Lezli Valentine ""I Won't Do Anything"" Crossover Soul 45 All Platinum Promo mp3",9.99,0.0595
v1|236980232865|0,Lot of 25 Classic Rock & Pop Vinyl LPs; Joe Walsh ZZ Top Ratt Toto Cooper & More,123.83,0.0595
v1|117337902448|0,Disney Lot of 5 Vinyl Record Albums Rare Ex Condition See Photos,20.00,0.0595
v1|117331750140|0,Art Kahn Orchestra COLUMBIA 111-D Glad/There's Nobody Else But You CHICAGO JAZZ,20.00,0.0595
v1|407115075930|0,1956 Drink Up and Go Home / BLUE Freddie Hart 21558 * 78 RPM SHELLAC RECORD,17.99,0.0594
v1|366577518148|0,JAMES MOODY Beyond This World VANGUARD LP VG+ o,8.00,0.0594
v1|358879009746|0,"Roy Hamilton ""Let The Music Play"" Northern Soul 45 Kent Reissue mp3",31.00,0.0594
v1|158147730270|0,JOHNNY HORTON-RARE PROMO-4-PAGE OPEN END PICTURE SLEEVE+45-(BATTLE OF NEW ORLEAN,249.99,0.0594
v1|168589166336|0,SOUL POP Bruce Cloud Promise / Little Bit Lonely Motif 014 1963 NM,5.00,0.0594
v1|800434029066|0,Carmen Mcrae,8.00,0.0593
v1|257651873402|0,"PRINCE Raspberry Beret PAISLEY PARK 12"" VG+ SHRINK",7.50,0.0593
v1|168584175659|0,Three Dog Night – Golden Biscuits Vinyl LP  1971  Dunhill  DSX-50098,1.00,0.0593
v1|358878841985|0,"Candi-Bars ""I Believe In You"" Northern Soul/Sweet Soul 45 Candy-Stix mp3",31.00,0.0592
v1|137579339498|0,The Motels - Shock Vinyl LP Record,5.00,0.0592
v1|117338460263|0,Dennis Brown Why Fools 7” 45 RPM (Yvonne’s Special) VG+!,9.99,0.0592
v1|198535851398|0,DEATH For The Whole World.. Lp Pure Hell Bad Brains MC5 RARE OOP KBD 2009,34.99,0.0592
v1|358878791170|0,"Aubrey Mann ""Feelin' Alright Tonight"" Islands Modern Soul 45 Aim Canada mp3",9.99,0.0592
v1|188734668004|0,GEORGE JONES - FIRST TIME LIVE! Vinyl LP RECORD 1985 Album COUNTRY FE 39899 NM,9.99,0.0592
v1|158147540314|0,12 LP Vinyl Record Lot Marvin Gaye Linda Ronstadt Temptations Rock Soul Classic,9.99,0.0592
v1|307104566420|0,"Quicksilver Messenger Service, Self Titled, 1979 Reissue, VG+/EXC",15.00,0.0592
v1|287499492699|0,Odyssey From Altec - Vinyl Various Artists 1973 Gatefold A&M,4.00,0.0592
v1|366583738116|0,"Kool Keith ""Sex Style"" Rap Hip Hop 2xLP Threshold RE Ltd. Ed. #1/100 SEALED",16.50,0.0592
v1|278241161183|0,Jody Watley - L33-17998 | Everything (PROMO) 1989 MCA Records,4.00,0.0591
v1|137579193953|0,Richard Clayderman – Music Of Love - 1984 - CBS Special Products P 17661 LP,1.99,0.0591
v1|178368010448|0,IAIN MATTHEWS 3 CD LOT  BRITISH FOLK ROCK LEGEND  GOSPEL OAK +2   AUDIO NM/M,6.99,0.0591
v1|257651868728|0,"PRINCE America WARNER BROS 12"" VG++",5.50,0.0591
v1|147478777707|0,"BEAUTIFUL Thriller By Michael Jackson. Vinyl, Cover and Inner Sleeve Are VG++.",35.00,0.0591
v1|377389407762|0,Elton John - The Fox - Vinyl Record LP 1981,4.99,0.0590
v1|366575038732|0,Narciso Martinez - Luzita - IDEAL 128 E-/V+,19.99,0.0590
v1|366583763018|0,"Kutmasta Kurt ""Redneck Olympics"" Rap Hip Hop 2xLP Threshold RE Signed Num SEALED",13.50,0.0590
v1|377382587816|0,THE POLICE - ZENYATTA MONDATTA - A&M W/ORIGINAL SLEEVE - REALLY NICE!!!,6.50,0.0590
v1|336722319888|0,LP MAZACOTE EN SALSA  LATIN LBL EX KILLER SALSA RECORD,24.95,0.0590
v1|257652124663|0,"SYSTEM You Are In My System MIRAGE 12"" VG++",5.00,0.0590
v1|137557742398|0,JIMMY CLIFF  Power and the Glory REGGAE LP SHRINK COLUMBIA FC 38986 Pitman press,9.99,0.0590
v1|800443916342|0,"Mike Dunn - So Let It Be Houze! 12"" - Westbrook - House HEAR",8.00,0.0590
v1|366581644202|0,"Vaughn Meader The First Family Cadence Records Vinyl LP 12"" 33 RPM CLP 3060",1.78,0.0590
v1|278241411337|0,Elton John Goodbye Yellow Brick Road 2LP 1973 MCA2-10003 COVER & VINYL ARE VG+,14.00,0.0589
v1|128011281870|0,"NATHANIEL RATELIFF & THE NIGHT SWEATS THE FUTURE - 180 GRAM VINYL LP "" Pre owned",8.99,0.0589
v1|800451887575|0,Jefferson Airplane Takes Off Vinyl LSP – 3584 Rca Victor Preowned / Please Read,4.99,0.0589
v1|407115053875|0,The Police Zenyatta Mondatta Lp,7.99,0.0589
v1|128007506224|0,OLIVER:Good Morning Starshine Crewe CD-1333 LP 1969 VG-/G-,6.00,0.0589
v1|318656143678|0,JETHRO TULL • Thick As A Brick • LP Vinyl,4.80,0.0588
v1|336722645690|0,16x LP Record Lot Mixed Grade Hendrix Miles Winter,8.00,0.0588
v1|168583869055|0,Vintage 1968 Reader's Digest South Sea Island Music 4 Vinyl Record Album Set,5.00,0.0588
v1|407115921808|0,"Yukmouth Clap Yo Hands 12"" Black Vinyl Single Rap-A-Lot Records Hip-Hop",6.00,0.0588
v1|168571169403|0,Little Walter 1960 Chicago Blues 45 on Checker ~ Ah’w Baby ~ Promo ~ Hear,9.99,0.0588
v1|358878796213|0,"Bart Jackson ""Dancing Man/Wonderful Dream"" Northern Funk/Sweet Soul 45 Decca mp3",33.00,0.0587
v1|336722309829|0,LP Rafael Cortijo Ismaelo Rivera Y Fe Cortijo ‎El Sueño Del Maestro TIERRAZO M-,19.95,0.0587
v1|158129662186|0,Joe Tex 1960 R&B 45 on Ace ~ Grannie Stole the Show ~ Hear,9.99,0.0587
v1|377391713355|0,"BLOODYMINDED Noise Rock SQUARE SHAPE 7"" single 45 RPM RECORD Vinyl USED",8.99,0.0587
v1|227460608845|0,KANSAS Leftoverture KIRSHNER LP EX w SHRINK ,22.99,0.0587
v1|188737835378|0,"Clairo diary 001 Pop EP 12"" Black Vinyl Record 33 RPM Fader Label",12.00,0.0587
v1|407117081645|0,"A Tribe Called Quest ""Beats Rhymes And Life"" Rap Hip Hop 2xLP Jive Reissue",14.50,0.0586
v1|158148399168|0,Vtg 1977 Jackson Browne Running On Empty Vinyl Record LP 6E-113 Asylum Records ,3.99,0.0586
v1|298554247345|0,DON GIBSON ~ BLUE AND LONESOME ~ 196? ~ 45 RPM ~ EP ~ RECORD  VG+  COVER VG,0.99,0.0586
v1|377391682235|0,KILLER BE KILLED s/t NUCLEAR BLAST Thrash 2xLP RED VINYL Record ALBUM USED,43.73,0.0586
v1|366581774263|0,"Time Peace: The Rascals' Greatest Hits (1968, Atlantic Records)",2.95,0.0586
v1|267745939143|0,Frank Sinatra Songs For Swingin' Lovers LP 180g Capitol Audiophile In Shrink NM!,24.99,0.0586
v1|257651789047|0,"OMAR SANTANA The Remixes H2OH 12"" VG+ ",20.50,0.0586
v1|168584168436|0,Janis Ian - Stars - Columbia Records 1974    Stereo (KC 32857),1.00,0.0586
v1|298554069866|0,ALVARO TORRES LONG PLAY LP MAS ROMANTICO QUE NADIE,24.00,0.0586
v1|236987241125|0,'73 ROXY MUSIC FOR YOUR PLEASURE LP WARNER BROS E.G. Record BS2696 Vinyl Cut Out,10.00,0.0586
v1|128009022821|0,Lot - 4 Disco LPs KOOL & THE GANG (De-Lite) Open Sesame; SALSOUL All Vinyl is NM,19.98,0.0585
v1|206460384511|0,3 LP History Custers Last Stand Sargent Autograph Years of Crisis Will Rogers,25.00,0.0585
v1|206453340745|0,Rare Vinyl LP White Label Demo Record Billie Holiday Lady In Satin,76.00,0.0585
v1|188733862016|0,Elvis Presley. His Hand In My. Living Stereo LSP-2328. 1960,7.00,0.0585
v1|267723527662|0,Stevie Wonder-Inner Visions- 1973 Tamla T 326V1,10.00,0.0585
v1|257616109270|0,Archie Bell and The Drells- There's Gonna Be A Showdown-1969 Atlantic  SD8226,10.00,0.0585
v1|318672012706|0,Darrell Randle - Do You Remember The Good Times LP - Macola Record Co. PROMO,8.00,0.0585
v1|267745891688|0,Reader's Digest Country & Western Music Jamboree 3LP Vinyl Box Set Mono RDM-44,3.00,0.0584
v1|158154918427|0,"GARAGE The Clichés Save It For Me / Why, Why, Why Wes Mar 1020 1966 NM",5.00,0.0584
v1|298554572175|0,"1971-THE 5TH DIMENSION / LIVE !!, 12"" DOUBLE BELL RECORDS, R&B , SOUL,",1.99,0.0584
v1|128007425603|0,Muhammad Ali ;The Greatest(Soundtrack)- Mandrill -NM/EX 1977 Soul Arista AL-7000,4.99,0.0584
v1|206468149569|0,"Various Hillbillies In Hell Vol. 666 2018 12"" 33RPM Red/Yellow Vinyl OG Press",49.99,0.0583
v1|188734769860|0,STEPPENWOLF - REST IN PEACE Vinyl LP RECORD 1972 Album DSX 50124 NM,9.88,0.0583
v1|278249585083|0,Henry Mancini Hatari Soundtrack Vinyl LP Record VG,1.00,0.0583
v1|278249585083|0,Henry Mancini Hatari Soundtrack Vinyl LP Record VG,1.00,0.0583
v1|168583564974|0,Andy Williams Moon River Vinyl LP 1962 CL1809 VG+/EX Ultrasonic Clean & Tested,6.99,0.0583
v1|257657727311|0,THE NIGHTHAWKS - JACKS AND KINGS - ADELPHI AD-4120,4.36,0.0583
v1|327292172762|0,"LOT 20 VINYL LP Rock ALBUM, JAMES TAYLOR, THE SPINNERS, RY COODER, BONNIE RAITT",20.00,0.0583
v1|407117072399|0,"2Pac ""All Eyez On Me"" Rap Hip Hop 4xLP Interscope/Amaru/UMe Reissue",46.00,0.0583
v1|257651674374|0,"MICHAEL JACKSON Remember The Time EPIC 12"" NM SHRINK",22.50,0.0583
v1|117338461242|0,Dennis Brown What About The Half 7” 45 RPM (Sunshot) EX!,9.99,0.0582
v1|267745735163|0,25 POLKA GREATS VARIOUS ARTISTS LP VG+/VG+ K-Tel NC420 1971,1.99,0.0582
v1|298556516963|0,"DURAN DURAN - DURAN DURAN 1981 12"" VINYL RECORD LP",7.00,0.0582
v1|137560241293|0,AFRICAN ~ ZULU R&B JAZZ ~ CRAZY FRIENDS ~ HEAR ~ 78 RPM  ~ A 1150,50.00,0.0582
v1|377389407850|0,Jonny Winter And - Live (1971) - Vinyl Record LP - Columbia Vintage Press,4.99,0.0581
v1|336722389157|0,KING CRIMSON The Court Of The Crimson King ATLANTIC SD-8245 LP VG+,11.46,0.0581
v1|147479174033|0,Buddy Holly I'm Gonna Love You Too/Listen To Me 45 RPM Rock 1958 Coral Records,5.00,0.0581
v1|287499653150|0,Manhattans / Self Titled ( feat. Kiss And Say Goodbye) Lp Columbia 33820,9.99,0.0581
v1|358884028099|0,QUEEN Keep Yourself Alive WLP DJ copy 45 on Elektra Mono Stereo,19.99,0.0581
v1|336722414043|0,Iron Maiden Maiden Japan 1981  Vinyl SQ 15017 Capitol EX,15.50,0.0581
v1|307102813703|0,"Loverboy• Self Titled•Vintage Vinyl 1980 LP, Columbia Records JC 36762 EX/VG+",5.99,0.0581
v1|236980372484|0,Jimi Hendrix Isle Of Wight Vintage Vinyl LP 1971 Polydor Record 2302016 A,9.00,0.0581
v1|257652088313|0,"STARGARD Wear It Out WARNER BROS 12"" VG++ 1979 ",5.00,0.0580
v1|257652044024|0,"SIR MIX A LOT Baby Got Back DEF AMERICAN 12"" VG++",21.50,0.0580
v1|188733328430|0,VTG / ORIG Iron Butterfly “ Heavy “ Album Taiwan Version First Record FL - 1666,19.99,0.0580
v1|358879047285|0,"The Montclairs ""Hung Up On Your Love"" 70's Soul 45 Paula Mislabeled mp3",27.00,0.0580
v1|267745695624|0,Linda Hawley ‎– Use Your Head / Enough Of A Woman 45 RPM VG+  Modern Soul,9.99,0.0580
v1|168571169350|0,Edwin Starr 1969 Soul 45 on Gordy ~ Twenty-Five Miles ~ Hear,9.99,0.0579
v1|298553971081|0,Broadway Bell Hops HI-HO THE MERRIO / Tonight's The Night For My Baby ,9.00,0.0579
v1|336726312637|0,ORCHESTRA HARLOW SALSA CANTA JUNIOR GONZALEZ ORIG FANIA RECORDS SALSA LP HEAR ,8.50,0.0579
v1|257651750661|0,"NAUGHTY BY NATURE Hip Hop Hooray TOMMY BOY 12"" PROMO wlp",7.99,0.0579
v1|800455299873|0,"Blur Get Out of Cities 7"" Black Vinyl Single Virgin 1997 Jukebox",15.00,0.0579
v1|257658087958|0,"TOTO Georgy Porgy COLUMBIA 12"" VG+",5.00,0.0579
v1|800440107906|0,SNARKY PUPPY We Like It Here GROUND UP MUSIC 4XLP netherlands reissue SEALED o,26.50,0.0578
v1|158150081060|0,"De La Soul ""Art Official Intelligence..."" Rap Hip Hop 2xLP AOI/Chrysalis Reissue",7.99,0.0578
v1|147470618642|0,The Moody Blues Seventh Sojourn 1972 US THS 7 STERLING LH Gatefold Vinyl LP - NR,3.00,0.0578
v1|307097569539|0,"FERNANDO FERNANDEZ - FERNANDO FERNANDEZ - 1985 MEXICAN LP, BOLERO",14.99,0.0578
v1|117338378196|0,Dennis Brown Life’s Worth Living 7” 45 RPM (DEB Music) EX!,9.99,0.0578
v1|206461009622|0,The Songs From The Wizard Of Oz Disneyland 1328 Vintage 1969 Vinyl Record VG,6.00,0.0578
v1|318669200095|0,Peter Pan Childrens' Records 1970s 6 Records in Dust Covers,7.00,0.0578
v1|366583675262|0,"Ghostface Killah ""Motherless Child"" Rap Hip Hop 12"" East West Test Pressing",7.99,0.0577
v1|158132632444|0,David Allan Coe Longhaired Redneck Vinyl LP Album Original 1976 Pressing KC33916,18.80,0.0577
v1|318664077286|0,"Pretty Tony - Jam The Box 12"" - Music Specialists Electro Vocoder VG+ PROMO HEAR",13.50,0.0577
v1|800443916332|0,"Masheen - Get Up And Get Down/Time 12"" - G-K Prod. - Disco Funk VG+ HEAR",64.00,0.0577
v1|178368490004|0,"THE CANNONBALL ADDERLEY QUINTET Mercy, Mercy, Mercy - Capitol - LP - ST 2663 ",9.65,0.0577
v1|366581817545|0,"DURAN DURAN, I Don't Want Your Love 1988 12"" Single V-15417 VG+ Vinyl Shrink",3.00,0.0577
v1|137564937849|0,LIGHTNIN' HOPKINS  Blues In My Bottle TEXAS BLUES SHRINK LP OBC-506 MINT,9.99,0.0577
v1|366577517084|0,JOE NEWMAN FT. FRANK FOSTER Good 'N' Groovy SWINGVILLE OJC-185 LP VG+ SHRINK o,8.00,0.0577
v1|407115058981|0,Mountain Nantucket Sleighride Lp,12.99,0.0577
v1|168584184696|0,Edwards Generation-Someone Like You/School Is In-Ghetto Label #SG 016,8.00,0.0577
v1|377391618896|0,KING CRIMSON : IN THE COURT OF THE CRIMSON KING : VINYL LP : ATLANTIC SD-19155,19.88,0.0577
v1|336722221326|0,Rare Vintage Strawberry Shortcake 1980 Vinyl Record TV Sound Track Set Lot of 5,14.99,0.0576
v1|377389407805|0,Joe Bethancourt - Live at Funny Fellows Vol 1 - Old Red Cat - White Tree LP 1986,8.99,0.0576
v1|188713380392|0,Billie Holiday - Tell Me More - OKEH 5719 E,19.99,0.0576
v1|178368014164|0,The Knickerbockers ~ Lies 1965 Challenge 45RPM Garage Rock VG+,0.99,0.0576
v1|298554568219|0,The Loving Spoonful Everything Playing LP Karma Sutra KLPS8061 ,5.00,0.0576
v1|287499654636|0,Carly Simon - LP 2 RECORD LOT - Playing Possum & Boys In The Trees,3.69,0.0576
v1|318669190649|0,Supertramp - Famous Last Words - Vinyl LP Album - 1982 A&M Records SP 3732,6.00,0.0576
v1|800443916376|0,"Ramonas ft. Ramona Brooks - I Don't Want You Back 12"" - Q - Boogie Funk VG+ HEAR",10.50,0.0575
v1|168583712347|0,Various Kiss 98.7 FM Original Mastermix Vol. I Vinyl 2LP VG+/EX ULTRASONIC CLEAN,19.99,0.0574
v1|147478772630|0,Jim Croce 'You Don't Mess Around with Jim' Vinyl LP (in Wrong Jacket). VG+,0.99,0.0574
v1|178368178923|0,The Laughing Dogs - Meet Their Makers - 1980 LP- M- Record And Cover- Orig Inner,4.00,0.0574
v1|227460591531|0,JIM SHAW Coming Together FEL 1975 Folk Gospel VG+ VINYL LP Record USED,5.00,0.0574
v1|257651740950|0,"NAS Street Dreams COLUMBIA 12"" VG+ ",5.00,0.0574
v1|227460266173|0,RAIL Arrival Rare Vinyl LP Record 1980 Dynasty DYN 100 NWOBHM Style Hard Rock ,7.25,0.0574
v1|298554714415|0,"The Mamas & The Papas - Deliver 12"" Vinyl LP, Dunhill Label Rock, Sleeve",2.92,0.0574
v1|198542418763|0,Juice Newton Quiet Lies  Album Vinyl   Capitol Records Shrink Wrap Hype Sticker ,11.95,0.0574
v1|267739038881|0,The Hollies -TWO LP BUNDLE-Distant Light & Romany 1972 - Excellent,12.00,0.0574
v1|377389912452|0,"STEVIE WONDER 7 LP LOT SONGS IN THE KEY OF LIFE, INNERVISIONS, HOTTER THAN JULY",26.50,0.0574
v1|267745712923|0,"5 '60s 45rpms Sandy Nelson, Larry Verne, Jimmy Soul, Freddie Cannon, Neil Sedaka",3.83,0.0574
v1|318668763058|0,Merle Haggard / Willie Nelson – Poncho & Lefty - US LP + OIS 1982,4.99,0.0574
v1|257651810959|0,"PAUL SIMPSON CONNECTION Treat Her Sweeter EASY STREET 12"" VG++",5.00,0.0574
v1|336722714234|0,Dean Martin That’s Amore LP Vinyl Record Longines Symphonette Rat Pack Stereo,4.99,0.0574
v1|198547938710|0,Johnny Cash The Blue Train Vinyl LP Very Good Condition ,12.00,0.0573
v1|366577526697|0,ELLA FITZGERALD/DUKE ELLINGTON At The Cote D'Azur VERVE 2XLP textured gatefold o,8.00,0.0573
v1|267742789806|0,"Sai Whatt?? ‎– Put Your Weight On It / She's My Woman DISCO FUNK 12""",50.00,0.0573
v1|158129662167|0,Lyn Christopher 1970 Soul 45 on Avco ~ Drummer Man ~ Promo ~ Hear,9.99,0.0573
v1|358875880032|0,RARE! Yasmine King – In My Wonderland / Pop Goes The Weasle PROMO / SIGNED (Me),525.00,0.0573
v1|257652045026|0,"SISTER NANCY Bam Bam VP RECORDS 12"" VG++",11.50,0.0572
v1|307097697029|0,JIMMY BUFFETT A WHITE SPORT COAT LP album 1973 MCA RECORDS #MCA1589 EX,6.95,0.0572
v1|287499649177|0,Angela Bofill -Something About You - Record Shrink with Hype Sticker Arista,8.99,0.0572
v1|307103023666|0,J.A. Benda Five Symphonies: conducted by Libor Hlavacek (Crossroads),2.50,0.0572
v1|287499514132|0,Grand Funk Phoenix Vinyl Album Capitol 1972 Gatefold,8.55,0.0572
v1|178364042905|0,Grateful Dead Boston Garden 5/7/77 5xLP Box Set Vinyl LP Sealed RSD,177.50,0.0572
v1|117338312132|0,Dennis Brown Let Love In 7” 45 RPM (Sunshot) EX!,9.99,0.0572
v1|168584166839|0,"FLOCK OF SEAGULLS: (it's not me) talking / same JIVE 12"" Single 33 RPM",1.00,0.0572
v1|158155835356|0,Jimi Hendrix – La Grande Storia Del Rock – 56 (1982; GSR - 56) LP ITALY IMPORT,10.00,0.0572
v1|236974876695|0,TESLA - Mechanical Resonance Vinyl LP Orig 1986 Geffen GHS 24120 Record LP/EX!!!,49.99,0.0572
v1|257652001218|0,"SALT N PEPA Let's Talk About Sex NEXT PLATEAU 12"" VG++ ",7.50,0.0571
v1|800452124845|0,Robert Plant Pictures At Eleven LP Swan Song 1982 SP Press  NM,8.00,0.0571
v1|398232219696|0,GLASS TIGER Diamond Sun ‘12 33rpm LP Capitol 1988 Lyric Sheet,3.99,0.0571
v1|358878967069|0,"Lovelace Watkins ""Dreams"" Northern Soul 45 Sue Promo mp3",12.50,0.0571
v1|800451143565|0,1977 Popeye And Friends 4 Exciting Christmas Stories LP VG,5.11,0.0571
v1|278243397822|0,The Beatles The Beatles Again Lp Apple SO-385 In Shrink! 1st Press Hey Jude,49.99,0.0571
v1|298560346278|0,Columbia 78 - DOWN THE ROAD A PIECE / CELERY STALKS AT MIDNIGHT - #40,4.99,0.0570
v1|366571800479|0,"The Ink Spots - Swing, Gate, Swing - VICTOR 24876 E-",21.50,0.0570
v1|307102362786|0,CHUCK EDWARDS 45 DOWNTOWN SOULVILLE / I MEED YOU Northern Soul R&B Doowop VG+,19.99,0.0570
v1|278240978239|0,ROCK & ROLL 78 • Bill Haley & His Comets • Decca 29124 Rock Around The Clock,19.99,0.0570
v1|206460787124|0,SHAUN CASSIDY SELF TITLED 1977 LP - WARNER BROS. RECORD,1.25,0.0569
v1|398243238969|0,1st Press Tri-Color Label RS-6281-Axis: Bold as Love LP– Jimi Hendrix Experience,119.99,0.0569
v1|206457726645|0,"Master C & J - In The City 12"" - State Street - House HEAR",8.00,0.0569
v1|117337156105|0,"FRANKIE LYMON At the London Palladium ROULETTE R-25013 12"" Vinyl LP 33 RPM",40.00,0.0569
v1|298554503096|0,"1924-WENDELL HALL / CARSON ROBISON, "" LONELY LANE / SWANEE RIVER DREAMS"",",1.99,0.0569
v1|257651867156|0,"PRINCE & THE REVOLUTION Pop Life WARNER BROS 12"" VG++ PROMO ",7.50,0.0568
v1|307096715112|0,Stoney & MEATLOAF 45RPM “What You See Is What You Get” 1971 70s Funky Rock 7”,2.99,0.0568
v1|800450948191|0,"GRAND FUNK  RAILROAD ""Grand Funk"" - Capitol SKAO-406  -  Orig. Vinyl LP Record",9.99,0.0568
v1|188733806977|0,"REO SPEEDWAGON ""Live It Up/All Heaven Broke Loose"" Vinyl Record VG Condition ",4.00,0.0568
v1|257657726713|0,Babe Ruth 1976 LP Kid's Stuff Stereo Capitol,6.00,0.0568
v1|168583730094|0,DR Demento Greatest Novelty Records Of All Time Box Set In Shrink 2 Sealed vinyl,30.00,0.0568
v1|128011183300|0,DUETO RIO BRAVO  EL DIABLO LO TRAIGO ADENTRO/EN LAS ESQUI 45 Rpm ULTRA RARE USED,29.99,0.0568
v1|227455417144|0,THE WHO - QUADROPHENIA SOUNDTRACK - POLYDOR - 2 LP NM,5.99,0.0567
v1|117337218635|0,Eagles - Their Greatest Hits 1971-1975 LP 1976 Asylum 6E-105 - EX/EX,12.99,0.0567
v1|398253641561|0,"PROMO OINGO BOINGO WEIRD SCIENCE  1985 12"" SINGLE LP VINYL RECORD MCA - 23574",20.00,0.0567
v1|236980310193|0,Led Zeppelin Led Zeppelin II Atlantic SD 8236 Stereo Vinyl LP Gatefold VG,8.50,0.0567
v1|128010877217|0,Henry Clay Work SONGS CIVIL WAR Nonesuch LP SEALED 1975 Classical Country Folk,9.98,0.0567
v1|206460962844|0,The Cars - Candy-O - Vinyl Record 12” 33 RPM Classic Rock VG,9.99,0.0567
v1|267742758230|0,R.E.M. - Chronic Town I.R.S. Records – SP 70502  Gargoyle Labels,80.00,0.0567
v1|398251103970|0,Kenny Loggins & Jim Messina 3 LP 70s Soft Rock LOT  So Fine- On Stage-Full Sail,4.49,0.0566
v1|377389948429|0,CHET BAKER LP With Fifty Italian Strings ORIG,10.00,0.0566
v1|358878893917|0,"Franky & Jamo & Ultra Sonics ""Six Million Dollar Girl"" Disco Funk 45 Alwa mp3",9.99,0.0566
v1|198542746808|0,"The Fixx ""Reach the Beach"" 1983 'Saved by Zero'",7.89,0.0566
v1|206458816125|0,JEAN KNIGHT MR. BIG STUFF STAX STS-2045 LP,17.99,0.0566
v1|278240945975|0,The Platters In The Still Of The Night Vinyl Lp Record,6.99,0.0566
v1|318661023467|0,FRANK FOSTER QUINTET Chiquito Loco BINGOW LP VG+ france o,8.00,0.0566
v1|257651909321|0,RAP PACK II FRESH LP VG+ electro Mantronix T La Rock Just-Ice EPMD Cash Money,7.50,0.0566
v1|398242884184|0,the doors strange days vinyl,5.00,0.0565
v1|336722747896|0,FM- BAD  LUCK  - 12” Single LP/Vinyl.  British Rock Metal 80S.,9.99,0.0565
v1|128007721311|0,"THE 5TH DIMENSION:Love's Lines, Angles and Rhymes Bell 6060 LP 1971 VG+/VG",6.00,0.0565
v1|236980269186|0,"Bon Jovi ""7800 Fahrenheit"" 422-824509 Vinyl LP Record Album 1985 w/ Inner VG+",8.46,0.0565
v1|168583738429|0,It’s Honeymooners Time Vinyl Lp Soundtrack Jackie Gleason In Shrink Mint 50’s,30.00,0.0564
v1|358879053621|0,"The Volumes ""I Just Can't Help Myself"" Northern Soul 45 American Arts mp3",22.50,0.0564
v1|336733365161|0,Lot of 51 ULTRA RARE Vinyl 45 Records VG+ In Sleeves w/ All Genres Odd Label A71,199.00,0.0564
v1|278240950404|0,PREWAR JAZZ 78 • Brunswick 6743 • Eddie Condon & Orchestra • The Eel • E+ Clean!,19.99,0.0564
v1|147480748191|0,Gary Lewis & The Playboys Golden Greats Vinyl LP Liberty Records Rock,0.59,0.0564
v1|257652112345|0,"SUREAL You Take My Breath Away GROOVILICIOUS 2x12"" VG++2000 trance",5.00,0.0564
v1|128007721370|0,THE 5TH DIMENSION:Greatest Hits on Earth Bell 1106 LP 1972 VG-/VG,6.00,0.0564
v1|178367748228|0,Robert Hazard – Wing Of Fire - 1984 - RCA Victor AFL1-4866 Vinyl LP EX/VG+,8.88,0.0563
v1|117336590665|0,Derrick Stokes & The Greater Refuge Mass Choir - Pittsburgh Gospel LP - Hear,9.99,0.0563
v1|128002821721|0,"Papa John Creach & Zulu ""Playing My Fiddle For You"" Grunt BFL1-0418 (1974) VG+",4.00,0.0563
v1|257651951805|0,"ROBERT MILES Children DBX 12"" VG++/VG+ ITALY trance ",19.50,0.0563
v1|287499347034|0,The Long Ryders Two Fisted Tales VINYL LP ISL-1132,10.00,0.0563
v1|178367588507|0,PACIFIC SNOW BAND - VOLUME NUMBER ONE Vinyl LP Brother Studio Private Press 70's,35.00,0.0563
v1|158129662130|0,Priscilla Rollins 1973 Funky Soul 45 on Roulette ~ Obeah Woman ~ Hear,9.99,0.0562
v1|236980384514|0,Pink Floyd - A Nice Pair 1973 Vintage Vinyl LP Record Gatefold Album SABB -11257,18.00,0.0562
v1|257651771643|0,"NOTORIOUS B.I.G. Nasty Boy BAD BOY 12"" VG++ PROMO",7.50,0.0562
v1|267745751509|0,Make Love To Me Helen Reddy Disco Track Funk & Soul 1979 45 rpm vinyl,3.00,0.0560
v1|366581996603|0,Bryan Ferry These Foolish Things Lp Roxy Music Vg,6.99,0.0560
v1|366581996603|0,Bryan Ferry These Foolish Things Lp Roxy Music Vg,6.99,0.0560
v1|198535871814|0,CORPUS DELICTI Sylphes Lp Press Gang Metropol 45 Grave Christian Death OOP RARE,39.99,0.0560
v1|206460528810|0,"Jethro Tull ""Thick as a Brick"" 1972 'Really don't Mind""",7.89,0.0560
v1|168583670677|0,"George Benson - "" Breezin' ""  Lp ~ Vinyl",6.00,0.0560
v1|800440183216|0,DICK GROVE ORCHESTRA Little Bird Suite PACIFIC JAZZ PJ-74 LP SEALED o,8.00,0.0560
v1|188737766126|0,"Childish Gambino Because the Internet 12"" Red Colored Vinyl LP Glassnote Hip-Hop",8.00,0.0559
v1|128007719983|0,JANIE FRICKE:Somebody Else's Fire Columbia FC 39975 LP 1985 VG-/VG,1.00,0.0559
v1|377391682204|0,"MICKEY MCCULLERS Same Old Story TAMLA 1962 Soul 7"" Promo 45RPM RECORD Vinyl USED",5.00,0.0559
v1|307102955379|0,BILL BLACK'S COMBO~THAT WONDERFUL FEELING~45 RPM EP ~ RECORD EX  COVER EX # 2,0.99,0.0559
v1|236980210846|0,Collectors- Grass and Wild Strawberries LP 1969 WB Records.,24.99,0.0559
v1|358878978150|0,"Mikie And The Ardons ""Three's A Crowd"" Sweet Soul 45 Gallant mp3",51.51,0.0559
v1|198542624551|0,Wendy Waldman The Main Refrain LP Warner Bros. Rock Stereo Vinyl Record,1.30,0.0559
v1|336726309030|0,WILLIE COLON ASALTO NAVIDEÑO CANTA HECTOR LAVOE FANIA RECORDS SALSA LP HEAR ,11.50,0.0559
v1|327292371789|0,Zappa/Mothers Roxy & Elsewhere 2lp set. Very Clean Records !,16.99,0.0558
v1|336722417245|0,Laufey - Bewitched: The Goddess Edition 2LP Vinyl (Navy Variant),20.00,0.0558
v1|327287805071|0,"5 Dave Clark Five 45s ""Over & Over"" ""Any Way You"" ""Come Home +BIO Good Condition",11.99,0.0558
v1|117336595918|0,The Echoes Of Olivet -Blessed Assurance Vol. I- Haunting Ohio Gospel LP - Hear,9.99,0.0558
v1|318664869243|0,ELVIS PRESLEY - RECORDED LIVE ON STAGE IN MEMPHIS LP - AFL1-0606 - SEALED!,29.99,0.0558
v1|178364448018|0,Story Of The Grateful Dead Vinyl Me Please Deluxe Anthology 14xLP Vinyl LP VMP,380.00,0.0558
v1|407117283267|0,"Grand Puba ""Reel To Reel"" Rap Hip Hop 2xLP Tommy Boy Ltd Colored Wax RSD Reissue",7.99,0.0558
v1|236980368614|0,Jimi Hendrix Hendrix in the West Reprise Records LP MS 2049 (1972),8.00,0.0558
v1|267748697586|0,Vintage Chicago 5-Album Original Vinyl  LP Collection 33RPM,5.00,0.0558
v1|168589166359|0,"POP The Brothers Four Muleskinner, Ratman & Bobbin Columbia 43547 1966 VG+ PROMO",5.00,0.0557
v1|800440155975|0,GEORGE DUKE A Brazilian Love Affair EPIC LP VG+ o,10.50,0.0557
v1|188729738068|0,Funk Soul - Don Julian & The Larks I Want You Back - Cobra - Reissue Oldies,9.99,0.0557
v1|236987156221|0,'72 TODD RUNDGREN HELLO IT'S ME JAPAN LP WARNER Bros Record P8410W Vinyl + Lyric,30.00,0.0557
v1|227457852491|0,"Carmel It's All in the Game UK Import 12"" Vinyl Single Record LONX144 3 Tracks",6.99,0.0556
v1|407117118273|0,"Big L ""MVP"" Rap Hip Hop 12"" Columbia",7.99,0.0556
v1|168571169320|0,Freddy-Henchi & The Soulsetters 1969 Funk 45 Tower~ Folsom Prison ~ Promo ~ Hear,9.99,0.0556
v1|267745615875|0,70s Soul 45 - Lew Kirton - Heaven In The Afternoon - Alston,139.99,0.0556
v1|137579060132|0,THE OSBORNE BROTHERS & RED ALLEN Bluegrass Record Albums VG+ Condition,14.95,0.0555
v1|158147748320|0,"Joni Mitchell Ladies of the Canyon 12"" Vinyl LP 33 RPM Reprise Folk Sleeve",5.00,0.0555
v1|800450375026|0,"BLACK SABBATH ""The Collection"" - Castle CCSLP 109 - Double Vinyl LP Record UK",15.50,0.0555
v1|188734673021|0,THE ALLMAN BROTHERS BAND - ENLIGHTENED ROGUES Vinyl LP Gatefold RECORD 0218 NM,9.99,0.0555
v1|407115466407|0,"Loretta Lynn One's On The Way 12"" Black Vinyl LP Decca DL 75334 1972 Sealed",5.00,0.0554
v1|377391682167|0,CHRIS IIJIMA / CHARLIE CHIN Back To Back 1982 Rock VG+ VINYL LP Record USED,6.55,0.0553
v1|407117498258|0,"Mary J. Blige ""What's The 411?"" R&B Hip Hop 2xLP Uptown/Geffen Reissue",10.50,0.0553
v1|398242936061|0,Hear 1975 Parliament Funk M- 45 - Chocolate City b/w Pt 2,7.99,0.0553
v1|158147130766|0,Holly Dunn The Blue Rose Of Texas 1989 Vinyl LP Warner Brothers Records Country,6.00,0.0553
v1|366577518318|0,CHRIS MONTEZ Watch What Happens A&M LP wlp o,8.00,0.0553
v1|147480663474|0,"Buena Vista Records Gremlins 7"" 33 RPM Vinyl Read-Along Record 1984 #466",5.72,0.0553
v1|318668765254|0,Patsy Cline – Sweet Dreams (Original Motion Picture Soundtrack) - US LP 1985,4.99,0.0553
v1|267745831357|0,Bobby Shafto Lot of 2 45's on Rust- Laurie Records,14.99,0.0553
v1|336722714523|0,"WOLVERTUNES 3D anaglyph 7"" vinyl record cover Ray Zone BASIL WOLVERTON - Red",5.00,0.0553
v1|307103868672|0,BLONDIE PARALLEL LINES ALBUM 1978 VG+ TO VG++ RECORD !,17.00,0.0553
v1|236980104032|0,"U-God - Bazzar - White Label PROMO 12"" Vinyl SINGLE",6.99,0.0553
v1|298553901983|0,Rod Stewart - Sing It Again Rod 12” LP Vinyl 1972,6.00,0.0553
v1|158150274811|0,"Jay-Z ""The Blueprint"" Rap Hip Hop 2xLP Roc-A-Fella UK+EU Reissue 180g w/ Inserts",7.99,0.0553
v1|168571169404|0,Joe Haywood 1967 Soul 45 on Deesu ~ Sadie Mae ~ Promo ~ Hear,9.99,0.0552
v1|267743293009|0,Beethoven Symphony No. 5 5th fifth NY Phil L Bernstein Columbia M31810 LP Shrink,3.99,0.0552
v1|318658086148|0,INi Kamoze Hill & Gully Ride Reggae Dub Step Remix 7” Vinyl Record,28.99,0.0552
v1|178364297502|0,Grateful Dead Wake Of The Flood 50th Anniversary Dead.Net Vinyl LP Sealed,19.99,0.0552
v1|318668920771|0,"Linda Ronstadt Living In The USA 1978 Asylum 6E-155 12"" Vinyl LP 33RPM Stereo",7.00,0.0552
v1|227462707483|0,The Postal Service - Give Up NM 2 lp with Poster Death Cab Gibbard,7.99,0.0552
v1|227459306966|0,"Al Stewart Year of the Cat LP 12"" Black Vinyl 33 RPM 1976 Janus JXS-7022",8.75,0.0552
v1|158129667144|0,Wallace Brothers 1969 Soul 45 on Jewel ~ Woman Hang Your Head In Shame ~ Hear,9.99,0.0551
v1|336722242707|0,Foreigner Double Vision Vinyl Record Album 1978 Atlantic  Classic Rock,9.99,0.0551
v1|377389407858|0,Maynard Ferguson - New Vintage - Vinyl Record LP -1977 - Columbia,9.99,0.0551
v1|178368363060|0,Metallica Ride The Lightening Vinyl ,25.00,0.0551
v1|298554598181|0,Agnostic Front – Victim In Pain LP (1986 Combat Core Pressing) Embossed Cover,44.99,0.0551
v1|800440183101|0,JOHNNY GRIFFIN Griff 'N' Bags REARWARD 2XLP VG+ italy gatefold o,11.75,0.0551
v1|168571169357|0,Sandra Phillips 1965 Soul 45 on Broadway ~ You Succeeded ~ Promo ~ Hear,22.50,0.0550
v1|407114891050|0,HEAR - Rare Rock 'n Roll 45 - Joe South - Let's Talk It Over - NRC # NRC-065,7.99,0.0550
v1|298560346276|0,Mercury 78 RPM- Frankie Laine - SWAMP GIRL / (GIVE ME) A KISS FOR TOMORROW - #36,4.99,0.0550
v1|128010876871|0,Andrew & Upstarts Scarce Tennessee Power Pop New Wave Rock 45 Test Pressing,24.99,0.0550
v1|178367933126|0,The Main Event A Glove Story Vinyl LP 1979 Columbia VG+ ,8.50,0.0550
v1|278241411610|0,Neil Young/Everybody Knows This is Nowhere vinyl LP MSK-2282 COVER VG/VINYL VG+,9.00,0.0550
v1|158129662169|0,Jomo 1967 Funk 45 on Checker ~ Uhuru (African Twist) ~ Hear,9.99,0.0550
v1|398253691752|0,"Genesis-Album Vinyl Record Lot of 3-Three Sides Live, Genesis, Mike Rutherford",14.99,0.0550
v1|336722121281|0,Kool & The Gang Forever Vinyl Record,6.00,0.0550
v1|407115054134|0,Leon Russell Will O' the Wisp Lp,7.99,0.0549
v1|168585556671|0,"The Doobie Brothers One Step Closer 12"" Black Vinyl LP 33RPM Warner 1980 HS3452",3.64,0.0549
v1|158150040850|0,"Cypress Hill ""Black Sunday"" Rap Hip Hop 2xLP Ruff House Promo Clean",7.99,0.0548
v1|298554211768|0,LIONEL RICHIE-DANCING ON THE CEILING-JAPANESE  VINYL LP,12.99,0.0548
v1|267747635141|0,JOHNNY JENKINS ~ TON-TON MACOUTE LP ~ CAPRICORN CP-0136 ~ Vinyl VG++,8.00,0.0548
v1|188715252227|0,Solodka Polka Orkestra - Coroaka Norbka - OKEHJ 15596 E+,19.99,0.0548
v1|168584172950|0,ROD STEWART Blondes Have More Fun 1978 LP Vinyl Record Gatefold Album  BSK-3261,1.00,0.0548
v1|800443916300|0,J. Joyce And Co - S/T EP - Eurodisc France,40.00,0.0548
v1|168584144907|0,WALT DISNEYS JOHNNY APPLESEED  LP VINYL RECORD and BOOKLET ST 3996 Vintage 1971,1.00,0.0547
v1|327292792808|0,"EDGAR WINTER GROUP ""THEY ONLY COME OUT AT NIGHT"" EPIC-31584 VG++",6.99,0.0547
v1|206462527485|0,Anita Baker - Rapture LP - Elektra VG+ Shrink,9.50,0.0547
v1|267745740242|0,BABYFACE WING AND A PRAYER FIFE AND DRUM CORPS. - LP 1976 HS 3025 STEREO Shrink,1.99,0.0546
v1|236980113845|0,"Led Zeppelin Led Zeppelin Rock Vinyl LP 12"" 33 RPM Stereo Atlantic SD 8216 Black",40.00,0.0546
v1|377389407875|0,Doc Severinsen - Command Performances -  Vinyl Record - LP 1966 RS 904 Gatefold,3.99,0.0546
v1|298553975527|0,Led Zeppelin - The Song Remains the Same Vinyl LP Swan Song SS 2-201 Rock,25.00,0.0546
v1|117336816061|0,The Clash-vinyl ,12.00,0.0546
v1|358875496024|0,1951 The Weavers On Top Of Old Smoky Decca 27515 78 RPM Plays Both Sides,9.99,0.0546
v1|117341143700|0,LOS MORENO  ESOS OJITOS/QUISIERA TENER LA DICHA  45 Rpm ULTRA RARE USED,29.99,0.0546
v1|257652108724|0,"SUGAR STYLE Check It Our ON THE SPOT 12"" VG++ electro rap 1985",5.50,0.0546
v1|227460589658|0,BILLY DEVROE DEVILAIRES Party Naughties Vol 2 TAMPA VINYL LP Record USED,6.55,0.0546
v1|358879057846|0,"Tyrone (The Wonder Boy) ""Please Consider Me"" Northern Soul 45 Four Brothers mp3",9.99,0.0545
v1|206460698012|0,Harry Belafonte lp lot Near Mint,35.00,0.0545
v1|137578989093|0,'Tuneweaving' by Dawn featuring Tony Orlando Vintage Vinyl Album Used 1973,1.99,0.0545
v1|257651790243|0,"ON THE HOUSE WITH MARSHALL JEFFERSON Ride The Rhythm TRAX 12"" VG++",6.50,0.0545
v1|800450457334|0,"DJ Vitamin D He Is Coming Color Recordings color-015 12"" Promo White Label",2.16,0.0545
v1|178364125009|0,"Grateful Dead Fillmore West February 29, 1969 2/29/69 Box Set Vinyl LP Sealed",76.69,0.0544
v1|318672012708|0,"Debonair Dimension - Sound Attack 12"" - Macola - Electro Rap Vocoder HEAR",13.50,0.0544
v1|307104081761|0,"SOUL BLUES 7"" 45 RPM SMILEY LEWIS I HEAR YOU KNOCKING ON IMPERIAL VG/VG+ 1955 PL",9.95,0.0544
v1|257651671933|0,"MICHAEL BOW Love & Devotion VENDETTA 12"" VG++",5.00,0.0544
v1|287499808042|0,"K-Tel Danger High Voltage LP 1981 W/ Police, Loverboy, Styx, Heart TU-2740",8.99,0.0544
v1|147478734253|0,THE BEATLES YELLOW SUBMARINE LP  REISSUE green apple LABEL  Excellent Lp 180gram,19.93,0.0544
v1|407120627127|0,"Judas Priest 8 Vinyl LP Lot Metal -British Steel, Live, Vengeance, Stained - VG+",90.00,0.0544
v1|188734579503|0,1070 Elvis Presley “ That’s The Way It Is “ RCA Victor LSP -4445 LP Vinyl Album,10.99,0.0544
v1|800454443665|0,Chappottin Y Su Conjunto - Sabor Tropical LP - Antilla Shrink,9.00,0.0543
v1|257657737054|0,LITTLE RIVER BAND Sleeper Catcher 1978 LP Vinyl Record SW-11783,3.07,0.0543
v1|398243751069|0,"The Beatles Something New Vinyl LP Capitol Records ST 2108 12"" 33 RPM Stereo",16.00,0.0543
v1|206460703840|0,Robert F. Kennedy & John F. Kennedy Memorial Album Outstanding Moments LP,3.00,0.0543
v1|206460405295|0,11 LP Children Vintage Cabbage Babar Beaver Chipmunk Raggedy Phono Picture Disc,19.00,0.0542
v1|278240951537|0,"Paul McCartney & Wings, Band on the Run Apple LP SO-3415 COVER & VINYL ARE VG+",9.00,0.0542
v1|407115056525|0,Bryan Adams Cuts Like a Knife Lp,6.99,0.0541
v1|257651865399|0,"PRINCE & THE REVOLUTION Let's Go Crazy WARNER BROS 12"" VG+ ",10.50,0.0541
v1|257651770231|0,"NOTORIOUS B.I.G. Big Poppa BAD BOY 12"" VG+",9.50,0.0541
v1|178368188804|0,Pablo Cruise A Place In The Sun  LP 1977 A&M Record SP-4625 EX RECORD AND COVER ,4.00,0.0540
v1|178368111344|0,"The Police  Outlandos D' Amour, A&M , '79 M-record And EX Cover ",15.00,0.0540
v1|137578968312|0,"Mantovani & His Orchestra Favorite Waltzes Vinyl LP 12"" LL 570",2.00,0.0540
v1|158136613621|0,JETHRO TULL - A PASSION PLAY - GATEFOLD W/ATTACHED BOOKLET - REALLY NICE!!!,2.99,0.0540
v1|178364319807|0,"Grateful Dead Houston, Texas 11/18/72 November 18, 1972 RSD Vinyl LP Sealed",29.00,0.0540
v1|358879049954|0,"The Sweet Things ""I'm In A World Of Trouble"" Northern Soul 45 Soultown mp3",21.50,0.0540
v1|358850276429|0,Cheap Trick - In Color (1977) - RARE UPSIDE DOWN BACK COVER ERROR | Gold Stamp,75.00,0.0539
v1|257657662625|0,"DEVO ARE YOU EXPERIENCED? PLEASE PLEASE 12"" Single Warner Bros PRO-A-2217",29.95,0.0539
v1|366583693792|0,"Homeboy Sandman ""First Of A Living Breed"" Rap Hip Hop 2xLP Stones Throw",7.99,0.0539
v1|336726300146|0,ORLANDO MARIN SE TE QUEMO LA CASA ALEGRE RECORDS SALSA LP HEAR ,7.77,0.0539
v1|318668128311|0,Various – The Best Of Milestone Records - US Doo Wop/Rhythm & Blues Compilation,4.99,0.0539
v1|117341333490|0,"CONWAY TWITTY ""HEART & SOUL"" VINYL LP 1980",0.69,0.0539
v1|198547612704|0,"🍏 The Beatles White Album 1968 Scranton ""IAM"" A2056979 2LP Poster 4 Photos VG",19.99,0.0538
v1|168576049725|0,"THE MONKEES-D.W. WASHBURN-45 RPM-7""-POP-cOLGEMS 66-1023-VINYL-RECORD-VG+-1968",5.25,0.0538
v1|318678823840|0,Job Lot 25 Vinyl Albums: Various 70s 80s Pop/Jazz/Easy Listening EX,19.99,0.0538
v1|227459224787|0,Ernie Maresca 45 RPM - Spirit Of Woodstock / Web Of Love - Laurie  1968 PROMO ,2.00,0.0538
v1|358878819106|0,"Brenton Wood ""Sweet Molly Malone"" Northern Soul 45 Brent mp3",10.50,0.0538
v1|307102872525|0,Santo & Johnny Encore High-Fidelity Vinyl LP Canadian American CALP1002,3.40,0.0538
v1|407114547937|0,HEAR - Rare Jazz 45 - Les McCann - Sack O' Woe - World Pacific # 404 - Promo,7.99,0.0538
v1|168584170775|0,The Outlaws - Lady in Waiting - LP Vinyl - Gatefold - 1976 - Arista,1.00,0.0538
v1|178364309576|0,"Grateful Dead P.N.E. Garden Vancouver July 29, 1966 7/29/66 2xLP Vinyl LP Sealed",45.00,0.0537
v1|407109331658|0,AFRIKA BAMBAATAA AND THE FAMILY The Light SHRINK HIP HOP YELLOWAN SHRINK  MINT,9.99,0.0537
v1|398242382568|0,Vinyl 33 RPM LP Record - Stevie Wonder Fulfillingness' First Finale Tamla 1974,6.00,0.0537
v1|278240982656|0,BLUES 78 • Frankie Lee Sims • Ace 539 • I Warned You Baby • Texas  EE- killer!,39.99,0.0537
v1|168584099018|0,Man of La Mancha Original Broadway Cast Recording Kapp KRL-4505 Yellow Vinyl LP ,2.76,0.0537
v1|307093868685|0,Miss Nelson & Mr. Stanley Sambo and Dinah #4653 Early Victor  Single Sided Disc,6.95,0.0537
v1|158150346465|0,"Kutmasta Kurt ""Early 90's Beats"" Rap Hip Hop LP Not On Label Signed Num. SEALED",7.99,0.0537
v1|188734677967|0,HIGHWAY 101 Self-Titled Vinyl LP RECORD Paulette Carlson COUNTRY 1-256087 NM,9.50,0.0537
v1|227459349434|0,Cars Vinyl Lot,45.00,0.0536
v1|158150270585|0,"Jay-Z ""Reasonable Doubt"" Rap Hip Hop LP Test Pressing First Side Only Clean",9.50,0.0535
v1|298551328846|0,Days Of The Now  -  2023 EU Double LP - 180 Gram Audiophile,49.99,0.0535
v1|257651706007|0,"MIX MASTER MIKE & DISCO DAVE High Power Rap MIKE & DAVE 12"" VG+ S/S",6.00,0.0535
v1|137557231080|0,SLY & ROBBIE  Present Taxi REGGAE LP SHRINK  MANGO STERLING,9.99,0.0535
v1|188734731313|0,REGGIE KNIGHTON BAND Lot OF 2 Vinyl LP WHITE LABEL PROMO Record ALBUM ROCK NM,11.88,0.0535
v1|178374890197|0,CHICAGO - Chicago X COLUMBIA RECORDS LP VG+ gatefold with lyric sheet insert,1.00,0.0535
v1|158129662155|0,Rudy and the Reno Bops 1964 R&B on Tear Drop ~ Together Again ~ Hear,9.99,0.0535
v1|278249585493|0,REO Speedwagon You Cant Tune A Piano Tuna Fish Vinyl LP VG/NM,5.00,0.0534
v1|206460581291|0,"Pat Benatar ""Precious Time"" 1981 'Fire and Ice'",5.79,0.0534
v1|377389407556|0,Linda Ronstadt - Heart Like a Wheel - Vinyl Record LP Capitol 1974,5.99,0.0534
v1|307102487759|0,Andy Summers/Police 45RPM “2010” 1984 80s Sci-Fi Soundtrack 7” PROMO Vinyl PS NM,2.99,0.0534
v1|206462527500|0,Billy Stewart - I Do Love You LP - Chess Mono,9.50,0.0533
v1|168583763163|0,"George Harrison-Bangla-Desh/Deep Blu-45 RPM-7""-rock-Apple 1836-vinyl-record-VG+-",6.75,0.0533
v1|206460453045|0,Bryan Adams S/T A&M SP-3100 lp,6.00,0.0533
v1|336722335271|0,Pic Sleeve: Chicago: You're Not Alone,3.50,0.0533
v1|800440143170|0,JACO PASTORIUS Invitation WARNER BROS LP VG+ o,15.50,0.0533
v1|128009022825|0,Lionel Richie - Dancing On The Ceiling LP Black Vinyl 1986,0.99,0.0533
v1|287503585288|0,Bob Marley and the Wailers Rastaman Vibration 1976 Vinyl LP Record Album 9983,23.99,0.0532
v1|188735915310|0,LP Vinyl The Supremes Where Did Our Love Go Original MoTown Record,8.99,0.0532
v1|377389408095|0,"Marty Robbins - This Much A Man - 12"" Vinyl Record LP 33 RPM 1972 Folk Country",6.99,0.0532
v1|318664077282|0,Parliament - Mothership Connection LP - Casablanca Shrink,19.50,0.0532
v1|800440175510|0,TOMMY FLANAGAN Thelonica ENJA 4052 LP germany dmm audiophile SEALED o,18.50,0.0531
v1|257658106412|0,"TWENNYNINE FEAT. LENNY WHITE Peanut Butter ELEKTRA 12"" VG+ wlp PROMO",5.00,0.0531
v1|358879006281|0,"Roddie Joy ""A Boy Is Just A Toy"" Northern Soul 45 Parkway Promo mp3",9.99,0.0531
v1|198543027553|0,"talking heads, talking heads 77, sire records 1977, sr6036",14.99,0.0531
v1|257651850222|0,"POLE FOLDER & CP Apollo Vibes BEDROCK 12"" VG+ ",5.00,0.0531
v1|188734670156|0,EDGAR WINTER - JASMINE NIGHTDREAMS Vinyl LP RECORD 1975 Album PZ 33483 NM,9.88,0.0531
v1|377391732325|0,1960's  Rock 'n' Roll Instrumental  The Texans  Green Grass Of Texas,3.00,0.0531
v1|257651956331|0,"ROCKWELL Somebody's Watching Me MOTOWN 12"" VG++ ",7.50,0.0531
v1|257651599591|0,"MALCOLM MCLAREN Madam Butterfly ISLAND 12"" VG+ ",5.00,0.0531
v1|366587913567|0,RCA ABL1-4003 Music OF Cosmos TV Carl Sagan Electronic Classical 1981 VG++ TO NM,5.99,0.0530
v1|278247900113|0,"Waylon Jennings Never Could Toe the Mark 12"" Vinyl LP RCA",11.99,0.0530
v1|117337318848|0,"Bee Gees: Spirits Having Flown, RSO RS-1-3041, 1979, EX/EX",1.99,0.0530
v1|336722423728|0,"Kiss: Music From The Elder 12” Vinyl LP, 1981 Polygram Gatefold, NBLP 7261",7.50,0.0530
v1|366577506015|0,SECTION Forward Motion WARNER BROS LP VG+/VG++ o,8.00,0.0530
v1|336722171837|0,"Chucho Martinez - Baia/Por Eso No Debes - Seeco 511, Latin 78, abt 1944",12.99,0.0529
v1|366583469813|0,"50 Cent ""The Massacre"" Rap Hip Hop 2xLP UMe/Shady/Interscope Reissue",16.50,0.0529
v1|398241326497|0,Vinyl Record Billy Idol Vital Idol Vinyl,15.00,0.0529
v1|278240896799|0,The Rolling Stones Hot Rocks 1964-1971 Vinyl LP 2PS606COVER IS VG / VINYL IS VG+,12.00,0.0529
v1|407115124936|0,Marduk - Warschau Swedish Blooddawn Prod. 2LPs BLACK metal 2005,22.99,0.0529
v1|278240956901|0,PREWAR HAWAIIAN 78 • Sol Hoopii • Columbia 797 • Stack O’ Lee Blues • Farewell,18.99,0.0529
v1|318668303339|0,Various – They Sang In Brooklyn - US Doo Wop Compilation 1983,4.99,0.0529
v1|800440108651|0,DON SEBESKY Giant Box CTI 2XLP VG++ boxset with booklet o,8.00,0.0529
v1|257658078050|0,"TINA TURNER When The Heartache Is Over VIRGIN 12"" VG++",5.00,0.0528
v1|358878850257|0,"Charisma ""Let Love In Your Life/Gonna Never Give Up"" Modern Soul 45 Rock Mill",22.49,0.0528
v1|128007719739|0,SID RAMIN AND HIS ORCHESTRA:Love Is A Swingin' Word RCA LSP-1924 LP 1959 G+/G,0.99,0.0528
v1|336722304823|0,Return To Forever – The Best Of Return To Forever LP 12 Vinyl Record VG+/EX,7.99,0.0528
v1|188734667635|0,BEN E. KING - LET ME LILVE IN YOUR LIFE Vinyl LP RECORD 1978 Album SD 19200 NM,9.77,0.0527
v1|137581903273|0,1959 VINTAGE RIVERSIDE RECORDS CHET BAKER CHET VINYL LP,9.99,0.0527
v1|358876542797|0,ARV JENKINS 45RPM '65 MARATHON THAT'S ALRIGHT ARIZONA TEEN VOCAL VG VINYL,8.00,0.0527
v1|398242378902|0,"Luxury Liner by Harris, Emmylou 1977",5.00,0.0527
v1|398232562308|0,ELVIS PRESLEY THE GREATEST SHOW ON EARTH LP on RCA DML10348 1ST PRESS 1978 MINTY,10.00,0.0526
v1|168583533432|0,"Stevie Wonder Secret Life of Plants 12"" Vinyl Tamla T13-371C2",4.00,0.0526
v1|137558348199|0,LES DIFFICILES Jambe Barrie SUPERSTAR Haiti KILLER  Dancefloor  LP IMPORT,9.99,0.0526
v1|377389407947|0,Bread - On the Waters- Vinyl Record LP- Elektra 1970 - Vintage Classic Rock,5.99,0.0526
v1|158129662145|0,James Carr 1966 Southern Soul 45 on Goldwax ~ Coming Back To Me Baby ~ Hear,9.99,0.0526
v1|147470697334|0,Rolling Stones Made in the Shade 1975 US Presswell COC 39107 Vinyl LP - NR,7.50,0.0525
v1|358879054340|0,"Third Guitar ""Down To The River"" Funk/Sweet Soul 45 Rojac mp3",9.99,0.0525
v1|336726306386|0,EDDIE SANTIAGO SIGO ATREVIDO TH RECORDS SALSA LP HEAR ,9.00,0.0525
v1|267745938314|0,The Kinks Low Budget Vinyl Record 1979 Edition Vintage Kinks Album VG,7.00,0.0525
v1|198542911318|0,"Agnetha Abba lot LP, 12 inch singles and 7"" Waterloo single all VG+ or better",10.00,0.0525
v1|307097569517|0,THE LETTERMEN - THE BEST OF - 1980 MEXICAN LP TRANSLUCENT WAX,14.99,0.0525
v1|147478973264|0,Vintage LP Vinyl Record Stay Awhile by The Kingston Trio w/  Inner Sleeve VG+,0.99,0.0524
v1|366581659740|0,"Dave & Sugar - Tear Time (Vinyl Records 33 1/3, 1978, APLI 2861)",6.00,0.0524
v1|298559772676|0,LITA FORD VINYL - LITA FORD DANCIN ON THE EDGE 1984 - HAIR BAND VINYL *EX *ERROR,25.00,0.0523
v1|366577020397|0,45 ROCK N ROLL / RITCHIE VALENS / LA BAMBA / DEL-FI / LISTEN,9.99,0.0523
v1|168584171017|0,"Peter, Paul And Mary - Album 1700 Vinyl, LP 1967 Warner Bros. Records ‎– W 1700",1.00,0.0523
v1|377389335749|0,TEMPO  TR-648  BROTHER BONES  I KNOW THAT YOU KNOW  RED WING  78 RECORD,5.00,0.0523
v1|168558779280|0,"Tammy Wynetter - ""One Of A Kind"", Epic Records 33 RPM LP, Pre-Owned (1977)",6.00,0.0523
v1|287499598795|0,18 Rock 70s & 80s Record LOT Scratched Vinyl - Boston Eagles Kinks Knack & More,18.50,0.0523
v1|117338494886|0,Dennis Brown Song My Mother Used To Sing 7” 45 RPM (Aquarius) VG+!,9.99,0.0521
v1|398243405613|0,GORDON LIGHTFOOT - Sundown 1974 Vinyl LP Record Album Reprise MS 2177,10.00,0.0521
v1|336722551888|0,Orchestral Manoeuvers In The Dark OMD Locomotion 7” 45 Record 1984,4.99,0.0521
v1|398241354970|0,Merle Haggard - Out Among The Stars,10.00,0.0521
v1|257652012356|0,"SANDY MERCER Play With Me H&L 12"" VG++ 1978",5.00,0.0521
v1|188733250204|0,Vintage Leo Addeo LPs Lot of 3 & Felix Slatkin Paradise Found VG,10.00,0.0521
v1|278240952162|0,PREWAR JAZZ 78 • Duke Ellington • Brunswick 7650 • Clarinet Lament • E-,14.99,0.0521
v1|366573863970|0,Tremolo Polka - Tremor Norbka - OKEH 15580 E+,19.99,0.0520
v1|336722380921|0,"Lot (56) Electronic/House 12"" Record Singles; Teena Marie Jellybean Jets & More",7.28,0.0520
v1|227459487450|0,Donna Baker - He Keeps Lifting Gospel Record KMR 830745 1983 Barberton Ohio VG+,4.99,0.0520
v1|158147278055|0,Meet THE BEATLES ~ ST 2047 Stereo Green Lettering RIAA 6 US Early SLEEVE ONLY!!!,19.44,0.0520
v1|800443916334|0,"Matt Covington - I'm So In Love With You 12"" - April - Modern Soul PROMO HEAR",42.41,0.0520
v1|168571169364|0,Slim Harpo 1966 Louisiana Blues 45 on Excello ~ Shake Your Hips ~ Hear,9.99,0.0519
v1|358878973596|0,"The Hard Times Sad, Sad, Sunshine/They Said No Promo Garage 1967 World Pacific",5.99,0.0519
v1|267745902959|0,PETE TOWNSHEND & RONNIE LANE Rough Mix LP ATCO Records 90097-1-Y 1977,8.95,0.0519
v1|188714869399|0,Star Wars Original Soundtrack 1977 Vinyl Record,11.00,0.0519
v1|298553994882|0,Air Supply Lost In Love & The One That You Love LP Vinyl Record Lot of 2 Arista,3.99,0.0519
v1|236980165287|0,Pic Sleeve: Johnny Crawford: Rumors,3.50,0.0519
v1|358879019787|0,"Sunday ""Ain't Got No Problems"" Northern Soul 45 Chess Promo mp3",47.00,0.0518
v1|128007476322|0,Jukebox 45 & Title Strip Kool & The Gang Cherish Cleaned Tested,2.49,0.0518
v1|117338305704|0,Norris Reid Root And Vine 7” 45 RPM (Rockers) EX!,9.99,0.0518
v1|128007089917|0,George Thomas Wright -I'm Wading Thru Deep Waters- Ohio Gospel LP - Hear,9.99,0.0517
v1|158147451919|0,Wynton Marsalis Trumpet | Think Of One Vinyl LP Orig Record,3.99,0.0517
v1|147479264829|0,"Eric Clapton 1977 Slowhand Vinyl Record-Wrong Label Side1, From His Debut Album",45.00,0.0517
v1|178367432950|0,Various Artists Lp Miller Music 2 On Rca - Vg++ To Nm! / Vg++ (In Shrink),7.75,0.0516
v1|168571169324|0,The Marion Deaton Group 1975 Soul 45 on Anbu ~ The Bump ~ Hear,11.50,0.0516
v1|267746290624|0,Grease Vinyl LP Album  Original Soundtrack  / 2 record set,14.00,0.0516
v1|336722068542|0,RAPHY POU SU ORQUESTA ALEGRIA LO MEJOR DE NY LLEGO FIGURE RECORDS SALSA LP HEAR ,7.77,0.0516
v1|267745992844|0,Anne Murray Keeping In Touch LP Capitol ST-11559 1976 Custom Label VG+,4.99,0.0516
v1|307102675425|0,The Singing Sophomores aka The Revelers - Why Do Ya Roll Those Eyes / Lay Me Dow,6.00,0.0515
v1|257651695666|0,"MIGUEL MIGS Steppin' Up YOSHITOSHI 12"" VG+ ",5.00,0.0515
v1|178357662024|0,"""SHINDIG"" 25 ARTISTS AND TUNES VINYL ALBUM LP GUEST STAR RECORDS~ GS-1488 1964",1.00,0.0515
v1|278241330438|0,Sharon Jones And The Sap Kings Dap Dippin Vinyl Album Lp,14.99,0.0515
v1|227459844633|0,"HENRY MANCINI ""EXPERIMENT IN TERROR"" RCA-2442 NM MONO MUSIC FROM MOTION PICTURE",9.99,0.0515
v1|147479081823|0,The Friends Of Distinction Real Friends Lp Vg,3.99,0.0514
v1|800440155502|0,JOAO DONATO Donato Eletrico COMETS COMING CCO106LP LP 2024 reissue obi SEALED o,26.50,0.0514
v1|158147294664|0,Lot of 19 Vinyl Records- assorted as shown in photos,38.00,0.0514
v1|257651669068|0,"METAL WEEDS Sunshine Love RCA VICTOR 12"" VG++ CANADA Tony Green",5.00,0.0514
v1|168584161507|0,Judy Collins Hard Times For Lovers Vinyl Record LP  Album With Inner Sleeve,1.00,0.0514
v1|236980774394|0,Rave Up with The Yardbirds 1965 Epic LN 24177 Mono Jeff Beck Eric Clapton,24.99,0.0514
v1|128011902500|0,"CHICAGO, Chicago XI LP Columbia Gatefold 1977 VG+/VG+",9.69,0.0514
v1|188710000929|0,Curley Weaver -Sweet Petunia - COLUMBIA 14386 Poor,19.99,0.0514
v1|128007506698|0,HENRY MANCINI:The Theme From Love Story RCA LSP-4466 LP 1970 G/VG-,4.00,0.0514
v1|168584172710|0,"Rod Stewart Foot Loose & Fancy Free Rock LP 12"" 33 RPM Warner Bros. Vinyl",1.00,0.0514
v1|318669284830|0,Elvis Presley .lot 2 how great thou the art . He touched me,10.99,0.0513
v1|267745875181|0,Elvis Presley .lot 2 how great thou the art . He touched me,10.99,0.0513
v1|800440182883|0,DICK GRIFFIN The Eighth Wonder STRATA-EAST LP VG+ SHRINK o,140.50,0.0513
v1|267748702123|0,Bill Cosby Comedy Original Five-Album Vinyl LP Collection 33RPM,4.00,0.0513
v1|287500670942|0,Janis Ian Between The Lines LP Vinyl Record 1975 Columbia PC 33394,4.00,0.0513
v1|377389407852|0,"Delbert & Glen - Subject To Change - LP ""Promo"" 1973 Clean Records Country Rock",6.99,0.0513
v1|358879015398|0,"Sly, Slick & Wicked ""Surely, Is You..."" 70's Soul/Sweet Soul 45 Paramount Promo",59.00,0.0513
v1|307098009399|0,"“The Partridge Family Album” Stereo Vinyl = VG 12"" LP Record Pop, Bubblegum",2.50,0.0513
v1|147467579534|0,Rush All the World's a Stage 1976 US CRC JAMF SRM-2-7508 2LP Vinyl - NR,7.50,0.0513
v1|800450663794|0,"vintage classic rock vinyl records lot ELP, Spirit, Johnny Winter more",29.00,0.0512
v1|318669021951|0,"ROLLING STONES Big Hits, Green Grass NP-1  MONO Gatefold LP Booklet VG",4.00,0.0512
v1|307097569502|0,BILL HALEY - 20 EXITOS - 1984 MEXICAN LP,14.99,0.0512
v1|128007231342|0,"Wednesday Morning 3am, Simon and Garfunkel LP CS 9049",7.99,0.0512
v1|227459335082|0,SPECIAL RADIO PROGRAMMING MATERIAL SOUNDER Promo Interview Taj Mahal Movie Vinyl,8.00,0.0512
v1|407106577145|0,LIGHTNIN' HOPKINS   Lightnin'! TEXAS BLUES 2XLP FRENCH IMPORT,9.99,0.0512
v1|227459699178|0,rick springfield success hasn't spoiled me yet,3.00,0.0512
v1|236980133666|0,"Wings Band on the Run Rock Vinyl LP Record 12"" EMI Cardboard Sleeve Black",10.00,0.0511
v1|298554537224|0,"1969-THE ARCHIES, "" SENORITA RITA/ WHO'S YOUR BABY"", 7"" KIRSHNER RECORD, POP",0.99,0.0511
v1|298551137139|0,Donna Summer~Live & More 1978 Casablanca NBLP 7119 Gatefold Cover Dbl. Vinyl LPs,4.99,0.0511
v1|327292509551|0,"Vintage ""Works Of Carpenter, Gilbert, Weiss, Powell"" Vinyl Album (1977)",2.20,0.0511
v1|147479143762|0,Bruno Nicolai Marquis De Sade's LP 2013 Finders Keepers FKR069LP VG+/VG+,32.00,0.0511
v1|227459264058|0,"The Ramsey Lewis Trio Never On Sunday Argo LP-686 1961 Jazz 12"" 33RPM",9.99,0.0511
v1|336722645692|0,12x LP Record Lot Mixed Grade Cosby Vinyl,6.00,0.0511
v1|158129667145|0,The Sweet Inspirations 1967 Soul 45 ~ I’ve Been Loving You Too Long ~ Hear,9.99,0.0511
v1|800450811865|0,"GEORDIE  ""Hope You Like It"" - Odeon EOP-80949 - Orig. Vinyl LP Record Japan",9.99,0.0510
v1|117338326534|0,Dennis Brown Macabee Version 7” 45 RPM (Tranquility) VG+!,9.99,0.0510
v1|298554527526|0,"1977-JUDY GARLAND, "" THE WIT & WONDER OF JUDY GARLAND "", 12"" DRG RECORD, JAZZ",1.99,0.0510
v1|158148372023|0,1983 Kid Stuff Care Bears Care-A-Lot Vinyl Record Picture Disk. Sealed!,14.99,0.0509
v1|168576599548|0,The Nasty Acappellas Volume One-Vinyl  DJ Samples X Rated-Generic Cover,8.00,0.0509
v1|137560281452|0,AFRICAN ~ RARE ZULU MBUBE CHOIR ~ AUDION~ IMI ZWILLILI ~ HEAR ~ 78 RPM  ~ A 1158,200.00,0.0509
v1|336722413676|0,Iron Maiden LP - Somewhere in Time - Capitol Records SJ 12524 1986,17.50,0.0509
v1|287499636266|0,CHICAGO - X - COLUMBIA 1976 - GATEFOLD WITH LINER & INSERT SHEET - LP RECORD,3.99,0.0509
v1|398241330539|0,Comedy Classics Vinyl,6.00,0.0509
v1|358884023495|0,Aces Up Pre Better Than Ezra 1980 Indie Post Punk Power Pop Alternative Rock 45,74.99,0.0509
v1|227460591494|0,BENNY CUMMINGS SINGERS Lord Make Me Over HOWARD Gospel VG+ VINYL LP Record USED,5.00,0.0509
v1|137557740526|0,JUSTIN HINES AND THE DOMINOES Just In Time MANGO ROOTS REGGAE LP SHRINK STERLING,12.00,0.0508
v1|800451834469|0,"Elvis Presley Separate Ways 12"" Black Vinyl LP Stereo Camden 1972 CAS-2611",3.99,0.0508
v1|407117407020|0,"Kool Keith ""Sex Style"" Rap Hip Hop 2xLP Threshold RE Ltd. Num. Color Wax SEALED",16.50,0.0508
v1|128007721744|0,KENNY RANKIN:The Kenny Rankin Album Little David LD 1013 LP 1977 G+/VG,4.00,0.0508
v1|257651849135|0,"POINTER SISTERS I'm So Excited PLANET 12"" VG++ PROMO S/S",6.50,0.0508
v1|128007506723|0,CHICAGO TRANSIT AUTHORITY:Chicago Transit Authority Columbia GP8 2LP VG-/VG-,6.00,0.0508
v1|158149976085|0,"Black Moon ""Enta Da Stage"" Rap Hip Hop LP Nervous/Wreck Reissue",10.50,0.0508
v1|377390163835|0,The Colour Field “The Colour Field” EP Chrysalis B6V41525 VG+ 1986 Vintage Vinyl,1.99,0.0507
v1|257658050141|0,"TEMPTATIONS Surface Thrills MOTOWN 12"" VG++ PROMO wlp ",5.00,0.0507
v1|198543160302|0,"THE TWO - THE REAL GRANDMASTER - Vinyl 12"" Single 1986 Profile Old School Promo!",7.98,0.0506
v1|178363986372|0,"Grateful Dead Buffalo, NY Memorial Auditorium 5/9/77 5xLP Box Set Vinyl Sealed",222.50,0.0506
v1|407106885306|0,LIGHTNIN' HOPKINS Double Blues TEXAS BLUES 2XLP FANTASY 72,9.99,0.0506
v1|298553919028|0,"Post-War Lot Of 5 - 78 RPM Records: Frizzell, Shelton Bros., Vaughan & More",5.00,0.0506
v1|267745909816|0,ROBERT PLANT Shaken 'N' Stirred LP ES PARANZA Records 90265-1-E 1985,4.95,0.0506
v1|366583699849|0,"Intelligent Hoodlum ""Arrest The President"" Rap Hip Hop 12"" A&M Promo",7.99,0.0505
v1|318678988466|0,"Job Lot 25 Vinyl Soundtracks: Heavy Metal, American Graffitti, Blues Brothsrs",49.99,0.0505
v1|128002433398|0,Duran Duran - Rio  ST-12211 1982 Pressing w/ Inner Lyrics Sleeve VG,15.00,0.0504
v1|358875924860|0,"Warner Special Products Mellow Gold Pop 12"" Black Vinyl LP 33 RPM OP 3503",7.00,0.0504
v1|267739039524|0,Don Henley-TWO LP BUNDLE-I Can't Stand Still & Bldg The Perfect Beast-Near Mint,10.00,0.0504
v1|178367645982|0,"Boz Scaggs - ""Silk Degrees"" - LP",3.00,0.0504
v1|336721954019|0,"CONNIE FRANCIS, CANTA EN ESPANOL/Malagueña, Spain LP, 1961",29.99,0.0504
v1|318661013646|0,MUSIC INC. Live At Slugs' Vol. 1 STRATA-EAST LP VG+ o,57.00,0.0503
v1|800440111053|0,ANNIE ROSS/GERRY MULLIGAN Sings A Song With Mulligan! WORLD-PACIFIC LP mono o,8.00,0.0503
v1|117337339913|0,The Best Of NORMAN CONNORS & Friends 1978 (1974-1978) LP on Buddah #BDS 5716,9.99,0.0503
v1|278232146591|0,"Charlie Feathers - Live In Memphis, Tennessee - 1976 Barrelhouse Record Company",15.00,0.0503
v1|407103079236|0,Beatles 45 rpm I Want to hold your Hand 1984 Mono/Stereo Promo. With P/S,20.00,0.0502
v1|128007721341|0,BOOTS RANDOLPH:The Yakin' Sax Man RCA CAS 825 LP 1964 VG/VG-,6.00,0.0502
v1|178368152666|0,"Hubert Laws LP - Say It With Silence , M- Record, and Cover With Original Inner ",3.00,0.0502
v1|398242932798|0,Hear 1968 Edwin Starr M- DJ 45 - Way Over There b/w Same,24.99,0.0502
v1|257651810204|0,"PAUL JABARA Disco Wedding CASABLANCA 12"" VG+ S/S",5.00,0.0502
v1|287499670366|0,America - Hideaway Vinyl LP 1976 Warner Bros BS 2932,4.99,0.0502
v1|287501162736|0,America History: America's Greatest Hits - Vinyl LP,6.79,0.0501
v1|358853786485|0,Molly Hatchet – Molly Hatchet (1978) - WLP & Gold Stamp Promo w/ Timing Strip,40.00,0.0501
v1|307097569578|0,FELIPE ARRIAGA - 15 EXITOS CON BANDA - 1987 MEXICAN LP,19.99,0.0501
v1|147470392052|0,Cream Disraeli Gears 1967 US Monarch ATCO SD 33-232 AT/LW Stereo Vinyl LP - NR,3.00,0.0501
v1|267745889241|0,ZZ Top El Loco Vinyl Original LP  1981 Vintage Rock BSK 3593 Record Only,2.17,0.0501
v1|298554035891|0,Paul Revere And The Raiders - Midnight Ride Featuring Kicks Vinyl LP Record ,3.99,0.0501
v1|168583790955|0,JEAN-LUC PONTY UPON THE WINGS OF MUSIC AT PR 1975 1st Press EX Ultrasonic Clean,19.99,0.0500
v1|188733392243|0,Alan Parsons Project -Games People Play & The Ace of Swords - Arista 45 RPM 1980,5.00,0.0500
v1|358875518268|0,Reader's Digest The Stardust Ballroom Vinyl LP Record Set Ballroom Black,5.00,0.0500
v1|117341316567|0,Nitty Gritty Dirt Band Will The Circle Be Unbroken Album Vinyl 3 LP Record VG++,9.99,0.0500
v1|398250549595|0,"Ben E. King - Spanish Harlem 12"" Vinyl Record",14.99,0.0500
v1|377382587817|0,ALLMAN BROTHERS BAND - BROTHERS & SISTERS - CAPRICORN W/INSERT REALLY NICE,7.50,0.0500
v1|336723662315|0,SIMPLE MINDS SPARKLE IN THE RAIN VINYL LP SP06481 W/SHRINK,10.00,0.0500
v1|800440175661|0,"MARTY FOGEL Many Bobbing Heads, At Last CMP LP VG+ germany o",8.00,0.0500
v1|117338445104|0,Dennis Brown Cassandra 7” 45 RPM (Observer) EX!,9.99,0.0500
v1|278248321106|0,4 LP Lot 80s Rock Quarterflash Rainmakers Rubber Rodeo Hurrah AOR Pop Vinyl EX,5.94,0.0500
v1|137581974500|0,Linda Ronstadt A Retrospective -Gatefold 2LP 1977 Capitol SKBB-11629 VG/EX+,8.00,0.0499
v1|358878859821|0,Pat Boone Sings Album Released In 1959 Very Good Condition,5.00,0.0499
v1|278241526234|0,Weather Report Sportin Life Vinyl Album Lp Omar Hakim,3.43,0.0499
v1|358879021960|0,"The Admirations ""Don't Leave Me"" Northern Soul 45 One-derful mp3",9.99,0.0498
v1|257658100930|0,"TRANS-LUX Get It Off MASTER MIX 12"" VG++ vocoder electro HEAR",5.00,0.0498
v1|307099997185|0,A Good Harvest LP Vinyl Various Artists 1973 France Import Syd Barr,9.99,0.0498
v1|257651987010|0,"RZA W/METHOD MAN & CAPPADONNA Wu Wear BIG BEAT 12"" SHRINK from How High OST",5.00,0.0498
v1|137579060164|0,Vic Damone Vic Damone I’ll Sing For You Vinyl LP Record,2.16,0.0498
v1|257659137967|0,Fleetwood Mac LP 1975 Reprise Self-Titled Stereo ,15.00,0.0498
v1|227460590981|0,The Beatles 45 Lot of 10 Love Me Do Let It Be Now & Then Twist & Shout,28.00,0.0498
v1|137586045513|0,"Walt Disney Favorites The Aristocats Pickwick SPC-3264 12"" Stereo Vinyl LP",3.99,0.0497
v1|298556441929|0,"LP The 5th Dimension ""Individually & Collectively"" Free shipping",4.99,0.0497
v1|257651789548|0,"ON THE HOUSE Give Me Back The Love TRAX 12"" VG++",6.00,0.0497
v1|407102475394|0,JIMMY CLIFF Struggling Man  REGGAE  LP  ISLAND 1973 INNER SLEEVE SHRINK,9.99,0.0497
v1|318668812185|0,Frank Sinatra / The Midnight Strings – Merry Christmas To You! - US LP 1977,4.99,0.0497
v1|377389538414|0,"SOUL 7"" 45 RPM THE ROBINS MERRY GO ROCK ON WHIPPET EX- 1956",6.95,0.0497
v1|366581997177|0,"The Beatles Rubber Soul 12"" Vinyl LP Rock Capitol Records Catalog T 2442",11.99,0.0497
v1|178376062640|0,BOB DYLAN rock folk blues VINYL RECORD ALBUM DOUBLE LP,3.45,0.0497
v1|227459309147|0,Lot Of 3 Cheech And Chong Records,15.00,0.0497
v1|307102811419|0,Ella Fitzgerald - Watch What Happens - Vinyl LP,3.82,0.0496
v1|287499352733|0,Dusty Springfield Wishing & Hoping Vinyl Pickwick Reissue Import,5.50,0.0496
v1|358876546639|0,Patsy Cline Story 2LP Orig 1963 Decca DXSB-7176 W/Booklet Stereo,45.99,0.0496
v1|307102508192|0,Barry McGuire 45RPM “Eve Of Destruction” 1965 60s Folk Rock 7” Vinyl,3.00,0.0496
v1|298553865274|0,The Mason Williams Phonograph Record Vinyl W 1729 - LP Vinyl,9.95,0.0496
v1|327296610409|0,"COURLANDER: the world of man - vol. two: RELIGIONS FOLKWAYS 10"" LP",8.00,0.0496
v1|147480752076|0,Brenda Lee All The Way Vinyl LP Decca Records Pop Owen Bradley,2.12,0.0496
v1|236980121617|0,"America Hideaway Rock Vinyl LP 12"" 33 RPM Warner Bros. BS 2932 1976",5.00,0.0496
v1|168585857957|0,Glenn Frey - You Belong to the City/Smugglers Blues RPM Record,3.99,0.0495
v1|128011160415|0,LAS LUPES  POR TU DIA/FLORES PARA TI   45 Rpm ULTRA RARE USED,19.99,0.0495
v1|318664077212|0,"Jeanette Lady Day - Come Let Me Love You (Special) 12"" - Prelude Boogie VG+ HEAR",19.50,0.0495
v1|398251061327|0,DAVID PORTER Into A Real Thing  ENTERPRISE WL Promo | Drama | Samples | LP HEAR,9.99,0.0495
v1|307102480925|0,"RARE! 1963 MONO DENMARK ● ""With The BEATLES "" ROCK INVASION ● LENNON McCARTNEY",155.50,0.0494
v1|168585855498|0,Frank Sinatra This Is Sinatra 1956 Mono Vinyl LP T-768 VG/VG+ Ultrasonic Clean,8.99,0.0494
v1|318669824466|0,"Jim Croce You Don't Mess Around With Jim ABC 12"" Black Vinyl LP Rock Record",8.00,0.0494
v1|188714864839|0,The Worst of Jefferson Airplane 1970 Vinyl Record,5.50,0.0494
v1|407117505262|0,"Masters Of Illusion ""We All Over"" Rap Hip Hop 12"" Threshold RE Signed Num SEALED",7.99,0.0494
v1|147478792974|0,Guns N’ Roses 2015 Reissue Immaculate Condition. 180 Gram Banned Artwork Inside.,40.00,0.0494
v1|267745923798|0,THE DOOBIE BROTHERS WHAT WERE ONCE VICES ARE NOW HABITS LP Warner Bros W2750 ,4.95,0.0493
v1|278248321115|0,VANILLA FUDGE VINYL 2 LP LOT-THE BEAT GOES ON & SELF TITLED Classic Rock Vintage,5.94,0.0493
v1|298554537739|0,"1959-THE DAVE BRUBECK QUARTET, ""CAMPTOWN RACES/ TAKE THE A TRAIN"", 7"" COLUMBIA",0.99,0.0493
v1|800451828184|0,Roy Orbison I’m Still In Love With You Vinyl 1975 Mercury Records SRM-1-1045,5.00,0.0493
v1|407115417394|0,ALEX HALEY - THE STORY OF HIS SEARCH FOR ROOTS  - 1977 WARNER 2XLP SET,6.99,0.0493
v1|188734732569|0,GEORGE THOROGOOD & THE DESTROYERS - BETTER THAN THE REST Vinyl LP RECORD NM,9.77,0.0493
v1|407117125374|0,"Biz Markie ""Something For The Radio"" Rap Hip Hop 12"" Cold Chillin Test Pressing",56.55,0.0493
v1|206460379760|0,9 Folk LP Old Chisholm Trail Kraber James Taylor Mary Travers Yarbrough Strunk,30.00,0.0492
v1|158148343908|0,5 LP Vinyl Lot - HARD ROCK/GLAM METAL - TRIUMPH Jethro Tull ANGEL Def Leppard,15.00,0.0492
v1|377389997847|0,Eric Burdon And The Animals Greatest Hits LP 1969 1st Press Acid Rock!!,9.99,0.0492
v1|287499866162|0,Led Zeppelin  III   First Press   So Mote Be It  SD 7201,25.00,0.0492
v1|257651649139|0,"MAXWELL Ascension (Don't Ever Wonder) COLUMBIA 12"" VG+",11.50,0.0492
v1|128007719653|0,SKEETER DAVIS:I Forgot More Than You'lll Ever Know RCA CAS 818 LP 1964 G+/G,0.99,0.0491
v1|407115057057|0,Donovan Mellow Yellow Lp,8.99,0.0491
v1|377389407710|0,The Guess Who – Flavours - Vinyl Record LP 1974 RCA Victor CPL1-0636 Dynaflex,5.99,0.0491
v1|147476952238|0,JUDAS PRIEST DEFENDERS OF THE FAITH1984 CBS RECORDS VG+ VINYL (HEAR!),11.50,0.0491
v1|198542772302|0,JACKIE WILSON * SEALED * HIGHER and HIGHER * BRUNSWICK  BL 754130 * EXCELLENT!,10.00,0.0491
v1|366581644233|0,The Kinks - A Compleat Collection (2 Recod Set) | (1984),2.95,0.0491
v1|188726497699|0,Wailing Private IL Bluegrass 45 JOHNNY GRAY Old Old House ACOUSTIC REVIVAL rare,5.00,0.0491
v1|278248663982|0,"The Highwaymen Vintage 12"" Vinyl LP United Artists UAL 3125",7.99,0.0490
v1|307102739902|0,REO Speedwagon 45RPM “Here With Me” 1988 80s Classic Rock 7” Vinyl PS NM,2.99,0.0490
v1|168589136037|0,ROCKABILLY Marvin Rainwater Tainted Gold / I Gotta Go Get Hilltop 12 1964 NM RE,5.00,0.0489
v1|147473009077|0,THE BEATLES RUBBER SOUL PURPLE LABEL VG+ VINYL SW 2442 (HEAR!),11.50,0.0489
v1|800450648341|0,"Santana/Abraxas/1970/Vinyl,LP, Album,Gatefold/Columbia-",5.99,0.0489
v1|198542927028|0,Billie Holiday 78 RPM Record Autumn in New York / If the Moon Turns Green CLEF,7.99,0.0489
v1|267745775133|0,Midnight Cowboy Promo 4 song EP with Picture Sleeve Nilsson,19.99,0.0488
v1|128007631688|0,Lynn Taitt - Storm Warning / Silvertones - It's Real G+ BLANK Treasure Isle,19.99,0.0488
v1|358878880626|0,"Don Ray Sampson ""Baby Come Back"" Northern Soul 45 E Promo mp3",15.50,0.0488
v1|236980277896|0,STEELY DAN Pretzel Logic ABC ABCD-808 LP VG+ gatefold,15.50,0.0488
v1|137578682405|0,Judas Priest Unleashed In The Easy Vinyl LP,15.00,0.0488
v1|147478674011|0,Jennifer Lopez Ain’t It Funny 12” Vinyl Almighty Mix & Tribal Mix,5.00,0.0487
v1|407115054936|0,Cheech & Chong Los Cochinos Lp,7.99,0.0487
v1|168583735531|0,Bob Reed Im Leaving You Going To Change Melatone 1003 VG+,74.99,0.0487
v1|366579741170|0,Rare HBO Presents Willie Nelson & Family Greatest Hits Picture Disc LP,14.99,0.0487
v1|407115483786|0,"Barbara Mandrell - The Best of Barbara Mandrell - 12"" 33rpm LP -",1.99,0.0487
v1|257658986921|0,Riders In The Sky The Cowboy Way LP Vinyl MCA 42040,3.99,0.0487
v1|257651753046|0,"NEMESIS/SHADES OF BLACK I Need You So Bad INTRIGUE 12"" VG++ UK house 1990",5.00,0.0486
v1|257651753046|0,"NEMESIS/SHADES OF BLACK I Need You So Bad INTRIGUE 12"" VG++ UK house 1990",5.00,0.0486
v1|358879014286|0,Blondie - Parallel Lines LP (1978) Vintage Promo,40.00,0.0486
v1|257651934296|0,"RICK JAMES Super Freak MOTOWN 12"" NM MEXICO",7.00,0.0486
v1|236981668757|0,John Denver Windsong Vinyl LP RCA Victor (APL1-1183) 1975 Record Album VG,2.99,0.0486
v1|206460603558|0,"Flower Boy by Tyler the Creator (Record, 2017)",11.00,0.0486
v1|158154952343|0,The Wilson Brothers ‎There Has Been Some Change RCA 9760 1969 VG+ FUNK PROMO 45,5.00,0.0486
v1|117338203851|0,Awesmone - TESTED! CROSBY STILLS NASH & YOUNG American Dream NrMt LP# 81888-1,5.95,0.0486
v1|257620001456|0,Gennett 5654 Bix & Rhythm Jugglers TOODLIN/Davenport Blues JAZZ 1924 78 rpm HEAR,152.50,0.0486
v1|298554330951|0,EDDIE HAYWOOD ~ IN A HAPPY MOOD ~  1958 ~ 45 RPM EP ~ RECORD NM  COVER NM,0.99,0.0486
v1|307102566872|0,Blondie 45RPM “The Tide Is High” 1980 80s New Wave Pop Reggae 7” Vinyl PS NM!,2.95,0.0486
v1|366577505308|0,WOODY SHAW Rosewood COLUMBIA LP wlp o,8.00,0.0485
v1|128011270884|0,The Chantels NY R&B Girl Group End Lp There's Our Song Again Record is MINT-!!,34.99,0.0485
v1|137579385348|0,"Bob Dylan - The Basement Tape, 1x Vinyl, Limited, Numbered, 180 Gram, RSD, Mono",105.99,0.0485
v1|236980106939|0,"Carly Simon No Secrets Vinyl LP 12"" 33 RPM Elektra Stereo Black",10.00,0.0485
v1|168571169396|0,Buddy Ace 1968 Soul 45 on Duke ~ Got To Get Myself Together ~ Promo ~ Hear,9.99,0.0485
v1|800450126295|0,BOOK & RECORD LOT GREMLINS MASTERS OF THE UNIVERSE G.I. JOE TRANS FORMERS SMURFS,25.00,0.0485
v1|206460782336|0,Bob Dylan Bring It All Back Home Vinyl Record Cl2328 Columbia Stereo,15.00,0.0484
v1|407106892701|0,LIGHTNIN' HOPKINS Sings The Blues  TEXAS BLUES LP UNITED,9.99,0.0484
v1|168571169406|0,Chase Canfil 1959 R&B 45 on Dart ~ Woke Up This Morning ~ Hear,9.99,0.0484
v1|800443916331|0,"Master Story Teller - You Gotta Pay Pay Pay 12"" - SPQR - Disco Funk HEAR",8.50,0.0484
v1|278243785322|0,CAT STEVENS  Tea for the Tillerman vinyl album,7.00,0.0484
v1|278243785322|0,CAT STEVENS  Tea for the Tillerman vinyl album,7.00,0.0484
v1|398241359475|0,EMMYLOU HARRIS - WHITE SHOES LP 1983 (WARNER BROS.) 9 23961-1 IN SHRINK WRAP,10.00,0.0484
v1|257651842038|0,"PINK RYTHM W/JOHN ROCCA Can't Get Enough Of Your Love METROPOLIS 12"" VG++ HEAR",9.61,0.0484
v1|267745702912|0,Aerosmith ‎Toys In The Attic LP Vinyl Columbia ‎PC 33479 1975,5.50,0.0483
v1|267745890085|0,The Comsat Angels - Will You Stay Tonight - Used Vinyl Record - JDP-9097,2.02,0.0483
v1|278247900067|0,The 5th Dimension Portrait LP Vinyl Bell Records Bell 6045,6.99,0.0483
v1|128007020315|0,Swan's Silvertone Singers -I Cried Holy- Sealed Gospel LP on King,9.99,0.0483
v1|158129662182|0,Donnie Elbert 1960 R&B 45 on Vee-Jay ~ Will You Ever Be Mine ~ Hear,9.99,0.0483
v1|158129662188|0,The Gypsies 1955 Doo Wop 45 on Groove ~ Rock Around the Christmas Tree ~ Hear,9.99,0.0483
v1|236980344665|0,TROUT MASK REPLICA 1969 LP CAPTAIN BEEFHEART and HIS MAGIC BAND  2 Record Set,69.96,0.0483
v1|318656131297|0,Ozzy Osbourne Blizzard of Ozz Vinyl LP Record 1981 Jet Records JZ 36812,27.00,0.0483
v1|147483384685|0,EMPEROR / IHSAHN 2 VINYL LOT ANTHEMS TO THE WELKIN & AFTER,25.00,0.0483
v1|336722296137|0,Pete Fountain 'I've Got You Under My Skin' Vinyl LP Coral Records,4.50,0.0482
v1|398243265998|0,"Metallica Ride the Lightning 1984 Elektra 60396-1 12"" Vinyl LP Metal",79.00,0.0482
v1|188737848571|0,"Disney Encanto 12"" Green Colored Vinyl LP 33 RPM Soundtrack 2022",3.90,0.0482
v1|128011171555|0,LAS POTRANQUITAS DEL NORTE  EL TIBURON AZUL/LA BOTELLITA  45 Rpm ULTRA RARE USED,19.99,0.0482
v1|336722289358|0,The Isley Brothers Live It Up Vinyl LP Record (1974),12.95,0.0482
v1|800461579668|0,Rainbow Rising 1976 Vinyl LP Record,20.00,0.0482
v1|117338508399|0,Dennis Brown Cheater 7” 45 RPM (Impact) EX!,9.99,0.0482
v1|178364094851|0,Grateful Dead Europe ‘72 50th Anniversary Dead.Net Exclusive 3xLP Vinyl Sealed,31.00,0.0481
v1|318668591639|0,Noel Paul Stookey & The Bodyworks Band – Wait'll You Hear This - SIGNED LP 1982,4.99,0.0481
v1|198542642165|0,The Souther-Hillman-Furay Band The Souther-Hillman-Furay Band LP Asylum Rock,2.00,0.0481
v1|188733871942|0,5 lp's. Johnny Paycheck. Gospel Time. Somebody Loves Me. Mr. Lovemaker +1,5.00,0.0481
v1|800433821459|0,Pat Martino,60.00,0.0481
v1|236987184298|0,NAZZ III LP RHINO Record RNLP111 Vinyl Todd Rundgren,9.99,0.0480
v1|307102983146|0,NICK VENET ~ FLIPPIN' ~ 1957~ 45 RPM EP ~ RECORD EX  COVER EX,0.99,0.0480
v1|188713436535|0,Billie Holiday - Gloomy Sunday (Hungarian Suicide Song) - OKEH 6451 E-/E,19.99,0.0480
v1|178368289785|0,Atlanta Rhythm Section ‎– A Rock And Roll Alternative PD-1-6080 M- Rec. and Cov.,11.00,0.0480
v1|128011153650|0,DUETO AGUILA Y SOL ERES ALTA Y DELGADITA/CON QUIEN PALAB  45 Rpm ULTRA RARE USED,14.99,0.0480
v1|267745900672|0,JOURNEY INFINITY LP Columbia Records JC 34912 1978,14.95,0.0480
v1|327292119129|0,Scream Factory Sacred Bones Exclusive John Carpenter HALLOWEEN 3 Boxed Single 45,24.00,0.0479
v1|278241782703|0,"Sarah Vaughan – Great Songs From Hit Shows, Vol. 1 1959 Mercury Stereo Vinyl LP",4.99,0.0479
v1|147478639679|0,RASCALS - (2) 45s & Picture Sleeves - VG-VG+,3.25,0.0479
v1|158154952351|0,The Fabulous Peps Why Are You Blowing My Mind Premium Stuff 1 1967 VG+ SOUL,5.00,0.0479
v1|206460637521|0,BING CROSBY BOB HOPE Hoot Mon DECCA PROMO VOCAL JAZZ SHOW 78 V++,12.00,0.0479
v1|278241504729|0,Weather Report Procession Vinyl Album Lp Omar Hakim,9.99,0.0479
v1|128007719760|0,GUY LOMBARDO:The Sweetest Waltzes This Side Of Heaven Capitol ST-1306 1960 G+/VG,1.00,0.0478
v1|158147085677|0,Janie Frickle Black & White 1986 Vinyl LP Columbia Records VG+ Shrink Country,4.00,0.0478
v1|257651629119|0,"MAROON 5 Sunday Morning OCTONE 12"" VG+ ",5.00,0.0478
v1|168578598916|0,JAMES KNIGHT & BUTLERS - FUNKY CAT - MIAMI FUNK MONSTER 45 - HEAR,69.95,0.0478
v1|800451490890|0,"The Chordettes Lollipop / Baby, Come-A Back-A 45rpm Vinyl Record Cadence",2.99,0.0478
v1|178374890196|0,Vikki Carr Vinyl Records LPs - Lot of 2 Records,1.00,0.0478
v1|128007409486|0,Mtume So You Wanna Be A Star Epic WLP Promo 45 VG+,2.99,0.0478
v1|257651873085|0,"PRINCE Pop Life WARNER BROS 12"" SHRINK",5.50,0.0478
v1|358877066320|0,"RCA LP Record, The Hues Corporation, Freedom For The Stallion L8ve A Lie ,VG ",1.00,0.0478
v1|227462533381|0,Lot Of 15 Vintage QUEEN Rock Vinyl Record Albums LPs EXCELLENT Freddie Mercury,165.50,0.0478
v1|137579007312|0,"RCA Harry Belafonte Belafonte At Carnegie Hall Vinyl LP 12"" 33 RPM LOC-6006",2.86,0.0478
v1|298553817132|0,Presence Led Zepelin vinyl LP,19.95,0.0477
v1|398241359842|0,"Roses in the Snow by Harris, Emmylou (1980)",5.00,0.0477
v1|336722427991|0,Pink Floyd The Wall Vinyl LP 1979 Columbia PC2 36183 Double Album Gatefold 33RPM,20.50,0.0477
v1|800454443680|0,Curtis Mayfield - His Early Years With The Impressions 2xLP - ABC VG++ PROMO,8.50,0.0477
v1|168585631401|0,The Beatles Story 1971 Usa Apple double  Vinyl Lp Stbo-2222 Ex / Ex,7.99,0.0477
v1|117338383548|0,Dennis Brown Africa 7” 45 RPM (Observer) EX!,9.99,0.0477
v1|188734683199|0,DARYL HALL & JOHN OATES - BEAUTY ON A BACK STREET Vinyl LP RECORD AFL1 2300 NM,9.88,0.0477
v1|137578682787|0,"Robert Plant & THE HONEYDRIPPERS - Volume One (1984) - 12"" Vinyl Record LP - VG+",8.00,0.0477
v1|147474908298|0,CHAN ROMERO THE HIPPY HIPPY SHAKE 1959 ROCKABILLY DEL-FI 4119 (HEAR!),13.50,0.0477
v1|168571169318|0,Jackie Lee 1966 Northern Soul 45 on Mirwood ~ Oh My Darlin ~ Hear,24.50,0.0477
v1|236980293404|0,KISS Alive 2xLP Vinyl Record 1975 Casablanca NBLP-7020-798 w Booklet VG,8.50,0.0477
v1|267745928447|0,ROGER DALTREY One Of The Boys LP MCA Records 1979 MCA-2271,4.95,0.0476
v1|158154952354|0,Boulou Bluesette / La Complainte De Mackie Four Corners 108 1964 VG+ GYPSY JAZZ,5.00,0.0476
v1|278241448652|0,"WAR 'Greatest Hits' 12"" Vinyl LP Record Album U.S. PRESSING UA-LA648-G, VG+/VG+",8.00,0.0476
v1|298554277370|0,PETE FOUNTAIN ~A CLOSER WAKK WITH THEE ~ 195? ~45 RPM ~ EP ~ RECORD  NM COVER NM,0.99,0.0476
v1|257658043737|0,"TEDDY PENDERGRASS  Love Is The Power ELEKTRA 12"" VG++ ",5.00,0.0476
v1|278241642563|0,SYMPHONY SID’S,21.50,0.0475
v1|227462486713|0,Sexteto Borinquen – Interpreta Los Exitos Del Trio Matamoros  / VG+ LP,25.90,0.0475
v1|168589169394|0,POP ROCK John Cougar I Need A Lover (Long) / Short Riva 202 1979 NM PROMO,5.00,0.0475
v1|366583784738|0,"Lord Finesse & DJ Mike Smooth ""Funky Technician"" Rap LP Wild Pitch Reissue",7.99,0.0474
v1|336722414152|0,The Beatles Sgt. Pepper's Lonely Hearts Club Band MAS-2653 Mono 1967 Record,4.99,0.0474
v1|336722553954|0,Foghat Fool For The City Vintage Vinyl LP 1975 Bearsville Record BR-6959   ,4.00,0.0474
v1|267745726173|0,"5 '76-80 45 rpms: Short People; Who Shot J.R? & Disco Beethoven, Sexy, Star Wars",3.83,0.0473
v1|137579488596|0,#2 Lot of 30 MODERN SOUL 45 RPM  - R&B DISCO FUNK 70s 80s,37.00,0.0472
v1|137579119423|0,#1 Lot of 30 MODERN SOUL 45 RPM  - R&B DISCO FUNK 70s 80s,32.00,0.0472
v1|137579489916|0,#3 Lot of 30 MODERN SOUL 45 RPM  - R&B DISCO FUNK 70s 80s,29.99,0.0472
v1|168571169367|0,Calvin Grayson 1965 Soul 45 on Capitol ~ It’s Been Nice Loving You ~ Hear,9.99,0.0472
v1|117331903671|0,"DAVID BOYDELL Wish It Were Me (Dub Dancing) 1978 12"" PROMO Single Salsoul #SG208",5.99,0.0472
v1|298559827271|0,JOHN LENNON VINYL - JOHN LENNON IMAGINE VINYL SW-3379 *ORIGINAL SHRINK WRAP,10.00,0.0472
v1|366583721047|0,"Jeru The Damaja ""The Sun Rises In The East"" Rap 2xLP FFRR/Payday Reissue",8.49,0.0472
v1|168584173175|0,Rod Stewart ~ Sing It Again Rod (Mercury 1973 SRM-1-680) Vinyl,1.00,0.0471
v1|377382587820|0,JETHRO TULL - THICK AS A BRICK - UK CHRYSALIS LABEL - REALLY NICE!!!,6.50,0.0471
v1|227453524453|0,45 REGGAE / THEOBALD STODDART / STOP TAKE A LOOK / TYSONIC / LISTEN,9.99,0.0471
v1|358864110989|0,CHOPIN Op. 65/PROKOFIEFF Op. 119 - Sonatas for Cello & Piano 1966 LSC-2875 EX/EX,16.00,0.0471
v1|398250549599|0,"Glenn Miller Orchestra-""Great Songs Of The 60's"" 12"" Vinyl Record",5.99,0.0471
v1|206460584583|0,Music to Be Murdered by Side B (Deluxe Edition) Vinyl Eminem,19.00,0.0471
v1|800454074312|0,Rock & Roll    Roy Orbison,5.00,0.0471
v1|168571169355|0,Joe Wilson 1971 Soul 45 on Dynamo ~ Sweetness ~ Hear,9.99,0.0471
v1|158129662147|0,The Dells 1972 Soul 45 on Cadet ~ It’s All Up To You ~ Hear,9.99,0.0470
v1|377391678019|0,YOKO SHIMOMURA Super Mario RPG Video Game 3xLP BOX SET Color VINYL Record USED,63.24,0.0470
v1|377386849657|0,Elvis Presley - G.I. Blues - AYL1-3735 Vinyl LP VG+ Cover NM Sonically Cleaned,19.95,0.0470
v1|358878901502|0,"Fredde Lowe ""I'm Slowly Losing My Mind"" 70's Soul 45 Polydor mp3",9.99,0.0470
v1|278241588626|0,FELIX DEL ROSARIO Y SU ORQUESTA,7.00,0.0469
v1|128011270886|0,1966 HBR LP Jean King of The Blossoms Sings For The In Crowd STEREO VG++,19.99,0.0469
v1|358878832043|0,"Buddy Lamp ""Promised Land"" Northern Soul Popcorn 45 ABC Paramount Promo mp3",9.99,0.0469
v1|137578850099|0,RCA Victor Dick Schory Wild Percussion And Horns A'Plenty Vinyl LP Stereo,3.44,0.0469
v1|137579336135|0,"RCA VICTOR RUBINSTEIN CHOPIN WALTZES RED SEAL 12"" LP STEREO  33RPM AND BOOKLET",3.00,0.0469
v1|128009018879|0,1967 TOMMY ROE Greatest Hits 12 In A Roe Stereo LP Vinyl,0.99,0.0469
v1|178367428453|0,"The Moody Blues Long Distance Voyager LP 1981, Threshold TRL-1-2901 Gatefold",7.52,0.0469
v1|137585982070|0,1982 Trio ‎– Da Da Da I Don't Love You You Don't Love Me Aha Aha Single Vinyl,5.00,0.0468
v1|287493733917|0,Kim De Los Santos - Entrega Total LP Vinyl very good condition,14.99,0.0468
v1|278241411070|0,Crosby Stills Nash And Young Deja Vu Vinyl LP 1970 SD7200 COVER VG+ /VINYL EX,9.00,0.0468
v1|366581783087|0,"The Magic Splatters, Get Happy Records, 7"" Single, You're So Borin', w/insert",5.00,0.0468
v1|178374890187|0,"DIONNE WARWICK - PROMISES, PROMISES SPS 571 LP Vinyl Record w/shrink",1.00,0.0468
v1|206460404973|0,6 LP Children You're a Good Man Charlie Brown Bible Songs Bowmar Mother Goose Oz,28.00,0.0468
v1|158129662191|0,Donny Hathaway 1969 Soul 45 on Atco ~ The Ghetto ~ Hear,9.99,0.0467
v1|398245378169|0,The Association - And Then Along Comes ,5.00,0.0467
v1|278241602064|0,BABO JIMÉNEZ Y SU BANDA,152.50,0.0467
v1|198542635242|0,Smothers Brothers Songs & Comedy at the Purple Onion LP Mercury MG 20611 Stereo,1.50,0.0467
v1|178368178426|0,Caroleer LP Record The Abbey Choir The Little Drummer Boy VG ,2.00,0.0467
v1|358878965495|0,"Little Beaver ""Listen To My Heartbeat"" 70's Soul 45 Cat mp3",9.99,0.0466
v1|168569851740|0,SPAIN CATALANIAN ~ SARDANA RARE ~ HEAR ~ 78 RPM  ~ X 6610,10.00,0.0466
v1|227459494966|0,KISS Christine Sixteen / Shock Me Very Good condition 45rpm SHIPS Fast,5.00,0.0466
v1|147478803297|0,ANN ROBINSON~~YOU DID IT/I'M STILL WAITING 45 RPM R&B/Funk/Soul Rare Red Label,350.00,0.0465
v1|307093864293|0,Kanawha Climbing Up De Golden Stairs Brunswick #205,6.95,0.0465
v1|298554536595|0,"1977-RONNIE McDOWELL, ""WALKING IN THE RAIN IN GEORGIA/ THE KING IS GONE"",",0.99,0.0465
v1|227459345872|0,Lynn Anderson You're My Man Vinyl LP Columbia Sealed NEW,5.00,0.0465
v1|147478974753|0,Vintage LP Vinyl Record The Sting Soundtrack 1973 Marvin Hamlisch Scott Joplin,0.99,0.0465
v1|178368113700|0,Blitz self-titled LP RCA CPL1-4196 M-Record and Cover With Original Inner Sleeve,10.00,0.0465
v1|188734731828|0,DAVID KENTON - LA GENTE DE HOY! Vinyl LP RECORD 1987 Album LATIN Salsa 1922 NM,9.88,0.0465
v1|298554460933|0,THE VENTURES Super Psychedelics LP Album,9.99,0.0464
v1|800451263271|0,"The Clash This Is Radio Clash CBS A1797 UK 7"" Vinyl Single Original Sleeve",11.99,0.0464
v1|168584425189|0,Led Zeppelin IV Zoso Untitled LP Vinyl Record SD 19129 w/ Original Inner Sleeve ,6.46,0.0464
v1|147480470428|0,"Martha Tilton~That's My Desire/I Wonder, I Wonder... 78",5.00,0.0464
v1|307102666291|0,Okeh 8147 Butterbeans & Susie GET YOUR SELF A MONKEY MAN Blues 1924  V+,25.00,0.0464
v1|178367749614|0,"Dan Fogelberg - ""Captured Angel"" - LP",2.50,0.0464
v1|267743433025|0,Mixed Masters: Shannon (Let The Music Play / Give Me Tonight) EP,9.99,0.0463
v1|307097569577|0,"LOS KAPIS - MI PRIMER AMOR - 1988 MEXICAN LP, GRUPERO",19.99,0.0463
v1|236987102531|0,'82 TODD RUNDGREN EVER POPULAR TOTURED ARTIST LP BEARSVILLE Record 23732-1 Vinyl,9.00,0.0463
v1|206457726723|0,"Trinere - I Know You Love Me 12"" - Jam Packed - Freestyle Electro Mispress HEAR",11.50,0.0462
v1|168571169317|0,"The Platters 1967 Soul 45 on Musicor ~ Sweet, Sweet Lovin ~ Hear",9.99,0.0462
v1|377389594647|0,1960s Classic Rock Vinyl Lot x5 Hendrix Dylan Byrds Iron Butterfly Spooky Tooth,33.99,0.0462
v1|117338696921|0,"Ain't Life Grand by Widespread Panic (Record, 2014)",15.50,0.0462
v1|188737570221|0,"RITA COOLIDGE ""THE WAY YOU DO THE THINGS YOU DO"" 45 PS",2.99,0.0462
v1|117337236471|0,78 RPM TINY BRADSHAW Lot Of 3 Records JAZZ R&B 1940s 1950s,2.99,0.0462
v1|336726313712|0,BARON LOPEZ SPECIAL SALSA MIXES VOL 1 MP RECORDS ORIG SALSA LP HEAR,7.77,0.0462
v1|117338322240|0,Dennis Brown Whip Them Jah 7” 45 RPM (Flames) EX!,9.99,0.0462
v1|287494996912|0,The Doobie Brothers Takin' It to the Streets Vinyl LP Rock Warner Bros. BS 2899,6.00,0.0461
v1|198542928586|0,"2 David Bowie 7"" lot '74 Space Oddity Man Who Sold The World and This is Not...",10.00,0.0461
v1|287499654453|0,Chad and Jeremy - Yesterday's Gone World Artists Records XSV-94985,3.99,0.0461
v1|278240788832|0,Sly & The Family  Stone”Greatest Hits” Vinyl LP KE30325COVER IS VG+/VINYL  IS VG,9.00,0.0461
v1|168571169391|0,Ivy Peebles 1970 Hippy Soul 45 on Paula ~ Nothing But Your Shadow ~ Promo ~ Hear,9.99,0.0461
v1|377389407912|0,Songs From Walt Disney’s Pinocchio On Happy Time Label Vinyl Record LP 1966,4.99,0.0461
v1|307093833085|0,Billy Jones and Ernest Hare (Happiness Boys) Regal  #9954,6.95,0.0461
v1|800450921126|0,"Barry Manilow Barry Manilow II 12"" 33 RPM Vinyl LP Arista AL 4016 1974",1.49,0.0460
v1|267746395274|0,Sesame Street Record &  Cover Up & Down Shapes,2.32,0.0460
v1|257658031873|0,"TECHNOTRONIC Pump Up The Jam SBK 12"" VG++ SHRINK",9.50,0.0460
v1|158147732689|0,HSAS Through The Fire LP Album Vinyl Record GEF 25893 Geffen Records - EX/EX,7.99,0.0460
v1|407113056729|0,Rare Elvis Presley 2-LP - Tickle Me - 180 gr.  Vinyl - RCA/BMG - Import,149.99,0.0460
v1|327288298487|0,LP RECORD ALBUM WHERE EAGLES DARE SOUNDTRACK - NM ORIG. PRESSING,5.99,0.0459
v1|278241250055|0,Sam And Dave Soul Men Vinyl Lp Record Album,14.99,0.0459
v1|257651598823|0,"MALCOLM MCLAREN D'ya Like Scratchin' ISLAND 12"" VG+ ",5.00,0.0459
v1|137578979532|0,David Oistrakh Encores Yampolsky 1956 Vinyl LP Record Mono Angel,7.50,0.0459
v1|158150094603|0,Bon Jovi Slippery When Wet Vinyl LP. VG+ Rating Professionally Cleaned & Sealed,18.00,0.0459
v1|327292213918|0,Quincy Jones Roots 1977 45 RPM Promo White Label Soul Gospel Funk A&M AM 1923-S,3.03,0.0458
v1|407117261180|0,"Gang Starr ""Hard To Earn"" Rap Hip Hop 2xLP Virgin Reissue 180g",13.00,0.0458
v1|278241689032|0,"Bruce Springsteen LP The Wild,The Innocent &The E Street Shuffle KC 32432 VG+/EX",9.00,0.0458
v1|257651505237|0,"LIME Your Love (Short/Long Versions) PRISM 12"" PROMO",9.50,0.0458
v1|298554744495|0,"Classic Soft Rock vinyl record lot- 4 lps. Winwwood, Simon, Croce, Manilow -NICE",8.00,0.0458
v1|206460403019|0,5 LP History Hear It Edward Murrow Kennedy New Deal Progressive Marian Anderson,10.00,0.0457
v1|336722335237|0,Pic Sleeve: Bryan Adams: Heaven,3.50,0.0457
v1|128007720386|0,THE SEEKERS:Georgy Girl Capitol ST-2431 LP 1967 VG-/VG,6.00,0.0457
v1|318660924453|0,KISS - THE ORIGINALS - COMPLETE - INSERTS - 3 LP'S - CASABLANCA - AUCOIN - NICE!,81.00,0.0457
v1|257658077153|0,"TINA TURNER What's Love Got To Do With It CAPITOL 12"" VG++ ",5.00,0.0457
v1|307099886375|0,Arlo Guthrie Power of Love LP Vinyl 33 RPM Warner Bros 1981 Sealed,9.99,0.0457
v1|117336593042|0,"The Lowery Brothers of Montgomery, AL -Jesus On My Mind- Gospel Funk LP - Hear",9.99,0.0457
v1|278241637276|0,CUARTETO CANEY/ MIGUELITO VALDÉS Y SU CONJUNTO ,6.99,0.0457
v1|318679830792|0,1971 Grateful Dead Skull And Roses Double Record Album Vinyl LP Jerry Garcia,24.95,0.0457
v1|147478681753|0,jefferson starship vinyl Earth,1.00,0.0457
v1|298551129093|0,"The Beatles   - Please, Please Me -  US Picture Sleeve PS 7""",74.99,0.0456
v1|257657730919|0,"STEVE MILLER BAND I WANNA BE LOVED 12"" Single LP Capitol Records SPRO-9963",11.95,0.0456
v1|117337212943|0,"The Vikings: OST, United Artists UAL-40003, 1958, EX",1.99,0.0456
v1|298554567931|0,Deep Purple Malcolm Arnold Live LP Album Record Vinyl Rock Classic,4.99,0.0456
v1|128007215663|0,"LP 12"" Chrysalis 1396, Pat Benatar, Get Nervous",2.95,0.0456
v1|206461241420|0,London Pops Symphony Orchestra – Tchaikowsky's Swan Lake Ballet Vinyl LP VG+/VG+,5.99,0.0456
v1|158133191187|0,LED Zeppelin Self-Titled Vinyl LP Record Monarch,9.99,0.0456
v1|206465985658|0,"Frank Sinatra ""Where are you?"" 1959 Vinyl LP Capitol Records MONO W 855  ",14.00,0.0455
v1|137581627392|0,Alabama “Roll On” Vinyl VG+,3.99,0.0455
v1|800451933985|0,Duane & Greg Allman - Allman (Bros.) 1972 Vinyl Lp Record / Bold Records 33-301,4.95,0.0455
v1|236980314261|0,STEPPENWOLF Self Titled (MCA MCA-37045) VG+ Classic rock,4.99,0.0455
v1|318664077299|0,"Reese & Santonio - Bounce Your Body To The Box 12"" - KMS - Techno HEAR",8.00,0.0455
v1|366583756172|0,"K-Solo ""Times Up"" Rap Hip Hop LP Music On Vinyl/Atlantic EU Reissue",7.99,0.0455
v1|178368115316|0," Ian Lloyd-Goose Bumps  LP-Scotti Brothers  SB 7104  1979 EX Record And Cover ",5.00,0.0455
v1|307097569507|0,BILL HALEY Y SUS COMETAS - TWIST - 1962  MEXICAN LP,14.99,0.0455
v1|377389408186|0,Marty Robbins - Don’t Let Me Touch You - Vinyl Record LP Country Music,4.99,0.0455
v1|318670156317|0,NANCY SINATRA Original Vinyl Lp - BOOTS Reprise 1966 RS 6202,4.99,0.0454
v1|336722394981|0,Status Quo - Ma Kelly's Greasy Spoon Janus JLS 3018,4.99,0.0454
v1|158147529166|0,"Eddy ARNOLD, THEN YOU CAN TELL ME GOODBYE/APPLES RAISINS AND ROSES 45rpm RCA ",1.99,0.0454
v1|117338328323|0,Dennis Brown Cup Of Tea 7” 45 RPM (DEB Music) EX!,9.99,0.0454
v1|117341150754|0,DUETO ALMA NORTEÑA  POR UN CAPRICHO/QUE LINDO AMOR     45 Rpm ULTRA RARE USED,19.99,0.0454
v1|278241523408|0,Weather Report Domino Theory Vinyl Album Lp Omar Hakim,9.99,0.0453
v1|336722415049|0,"The Who Quadrophenia 1973 MCA Records MCA2-10004 12"" 2LP Stereo 33 w/ Book VG+",4.99,0.0453
v1|336722335247|0,Pic Sleeve: Alabama: Forty Hour Week (For A Livin'),3.50,0.0453
v1|257658960514|0,Rockabilly Hot ~ Various Artists ~ LP - 1987 Columbia – FC 40904,3.19,0.0453
v1|307104628452|0,1950's Rock 'n' Roll Instrumental LP Bill Doggett Everybody Dance The Honky Tonk,5.00,0.0453
v1|168584319396|0,1969 The Beatles Abbey Road Vinyl LP Jacksonville Pressing SO-383-F42 #2 Apple,26.50,0.0453
v1|336722088409|0,"Japan – All Tomorrow's Parties 7"" Single Record 1983 Remix Hansa New Wave 45 RPM",4.99,0.0453
v1|407112929799|0,Rare Latin 45 - Manuel Guerrero - Que Chulos Ojos  - D.L.B. # DLB-593,7.99,0.0452
v1|278241127407|0,Eric Clapton No Reason To Cry Songbook. 1976,13.89,0.0452
v1|117336570916|0,Harriet Gibbs -I Got To Tell It- Ohio Gospel LP  -Hear,9.99,0.0452
v1|407115394523|0,(Hear) 1966 Bobby Carey & Jades Garage 45 -  It's All Over (Except for the Cryin,14.99,0.0451
v1|336733364449|0,"Lot of 21 ROCK Vinyl LP Records VG++ w/ Ringo, Hollies, Moody, Crosby V587",39.00,0.0451
v1|307102801006|0,Charlie Daniels Band Fire On The Mountain Vinyl LP 1974 Kama Sutra KSBS 2603 VG+,6.99,0.0451
v1|178355328484|0,Bobbie Jean-Cheaters Never Win/You Burned the Bridges-NM,25.00,0.0451
v1|298554421232|0,Julie London   The Wonderful World Of    VG++,5.00,0.0451
v1|377389407879|0,"Whodini - Funky Beat/ Mega Mix 12"" Record 1986 Jive JD1-9462 Hip Hop 33RPM",4.99,0.0451
v1|168571174366|0,United Voice Players feat Elton White 1984 Boogie Funk 45 ~ Disco 5000 ~ Hear,23.95,0.0450
v1|257657723167|0,THE DOOBIE BROTHERS TOULOUSE STREET LP Warner Bros BS-2634 1972 Gatefold,9.95,0.0450
v1|178367732590|0,PORTER 'N' DOLLY-FEATURING-PLEASE DON'T STOP LOVING ME-VERY CLEAN VINYL LP,14.99,0.0450
v1|398243407577|0,JAMES CLAY & DAVID FATHEAD NEWMAN - The Sound Of Wide Open Spaces - Riverside LP,25.00,0.0450
v1|800450522732|0,"Jimmy Johnson/Eddie Shaw/Left Hand Frank, Living Chicago Blues V1 AL7701 1978",1.25,0.0450
v1|117338382553|0,Dennis Brown Voice Of My Father 7” 45 RPM (Observer) EX!,9.99,0.0450
v1|137578798541|0,"ゴメンナサイ (Gomennasai)  Song Of Korea Made In Japan 10"" Shellac",10.00,0.0450
v1|128007721303|0,Anne Murray:Let's Keep It That Way Capitol ST-11743 LP 1978 VG/VG,1.00,0.0449
v1|178368114379|0,Pretenders - Extended Play - Vinyl LP - MINI 3563 - M-record And EX Cover ,10.00,0.0449
v1|257651805209|0,"OWEN GRAY Strokin' 1 FLASH HIT 12"" VG++ reggae dancehall",5.00,0.0449
v1|298554283315|0,TOMMY SANDS ~ SING BOY SING ~ PART 1 ~ 1958 ~45 RPM ~ EP ~ RECORD  EX  COVER EX,0.99,0.0449
v1|307102941114|0,TOMMY SANDS ~ SING BOY SING ~ PART 3 ~ 1958 ~45 RPM ~ EP ~ RECORD  EX  COVER EX,0.99,0.0449
v1|398243478374|0,THE WHO QUADROPHENIA Original DOUBLE 1973 LP Track Records,20.00,0.0449
v1|307102571967|0,Joe Jackson 45RPM “Breaking Us In Two” 1983 80s Pop Rock 7” Vinyl PS,3.00,0.0449
v1|298553794416|0,Boz Scaggs - Hits! Vinyl Record LP Album,2.44,0.0449
v1|267746395973|0,KENNY LOGGINS - Alive (Live) Double LP 1980~CBS EX/EX,4.99,0.0449
v1|307102763309|0,Cher 45RPM “If I Could Turn Back Time” 1989 80s Pop Rock 7” GERMAN Vinyl PS NM,3.99,0.0449
v1|318660977980|0,BUDDY RICH BIG BAND Buddy & Soul WORLD-PACIFIC JAZZ ST-20158 LP SEALED o,8.50,0.0449
v1|158129662152|0,Jackie Wilson 1967 Soul 45 Brunswick~ Since You Showed Me How To Be Happy ~ Hear,9.99,0.0448
v1|377382587815|0,THE KINKS - KINKS KRONIKLES - REPRISE GATEFOLD 2 LP SET - REALLY NICE!!!,15.05,0.0448
v1|206457726670|0,"Prince - Controversy 12"" - Warner Bros. Australia VG+",16.50,0.0448
v1|278243567637|0,"After Hours: Compilation Of Hits 12” Vinyl LP, K-Tel",7.29,0.0448
v1|158129662124|0,Oscar Perry 1976 Soul 45 on Peri-Tone ~ Gimmie Some ~ Hear,9.99,0.0448
v1|158129662174|0,The Artistics 1971 Soul 45 on Brunswick ~ Sugar Cane ~ Hear,9.99,0.0448
v1|158129662206|0,Roscoe Shelton 1972 Soul 45 on Sound Plus ~ Running For My Life ~ Hear,9.99,0.0448
v1|188737901620|0,"Los Retros Looking Back 12"" Black Vinyl LP 33 RPM Stones Throw STH2445",9.50,0.0448
v1|147480660359|0,"Golden Records The Jetsons 7"" 45 RPM Black Vinyl EP Cardboard Sleeve EP 742",2.90,0.0447
v1|358878882109|0,"E.J. & The Echoes ""Put A Smile On Your Face"" Crossover Soul 45 Diamond Jim mp3",77.00,0.0447
v1|327292249602|0,Complete Works of Edgar Varése Volume 1 - EMS 401 Red Vinyl,50.00,0.0447
v1|257652047902|0,"SLEEQUE One For The Dub EASY STREET 12"" VG+ 1986 house",5.00,0.0447
v1|336722139701|0,"Alfonso Ortiz Tirado - Por Si No Te Vuelvo A Ver, Victor 30078, Latin 78, 1932",9.99,0.0447
v1|257651733477|0,"NARCOTIC THRUST Safe From Harm YOSHITOSHI 2x12"" VG+ ",5.00,0.0446
v1|377389408202|0,Kenny Loggins - Nightwatch -1978 Columbia JC-35387 Vinyl Record LP,3.99,0.0446
v1|336722414598|0,The Beatles – Yellow Submarine LP (1969) Apple Records SW-153 VG+,7.50,0.0446
v1|267745932968|0,STEELY DAN Aja LP ABC Records AA-1006 Gatefold,19.95,0.0446
v1|327287484463|0,GRAND FUNK LOT - SURVIVAL & LIVE - LIMING RECORDS - TAIWAN - NM,5.99,0.0446
v1|298553851299|0,EDGAR WINTER GROUP - They only come out at Night - 1972 gatefold Lp,5.75,0.0446
v1|206457726671|0,"Peter Fontaine - Way She Looks At Me 12"" - High Power Freestyle TEST PRESS HEAR",32.00,0.0446
v1|158150400436|0,"Makaveli ""The Don Killuminati (The 7 Day Theory)"" Rap 2xLP Death Row Reissue",11.50,0.0445
v1|257651634673|0,"MASTER JAY & MICHAEL DEE T.S.O.B. THE SOUNDOF BROOKLYN 12"" VG+",5.00,0.0445
v1|147479171617|0,Kiss Alive Vinyl Record LP NB7020 USA Filmworks 3 Label UY2 Barcode 1985,15.99,0.0445
v1|366577535868|0,BARRY HARRIS Live In Tokyo XANADU 130 LP SEALED o,11.50,0.0445
v1|336722645691|0,20x Rock LP Record Lot Mixed Grade Scaggs Porrazzo Mardones,10.00,0.0445
v1|318668341470|0,Various – Dynamite Doo Wopps - Volume 5 - US Doo Wop Compilation LP,4.99,0.0445
v1|278241581106|0,QUIQUE ROSAS Y SU ORQUESTA  G-7,91.00,0.0445
v1|267745834571|0,"Jimmy Reed I Wanna Be Loved/Going To New York Vee-Jay 7"" 45 VJ 326",6.95,0.0445
v1|257651787367|0,"O'JAYS Put Our Heads Together PHILADELPHIA INTERNATIONAL 12"" VG++",18.50,0.0444
v1|358878853120|0,"Charlottia Gilbert ""Chances Go Round"" Deep/Sweet Soul 45 Veep Promo mp3",9.99,0.0444
v1|267745764245|0,VINYL Billie Holiday - Lady In Satin NM,12.99,0.0444
v1|227457852492|0,Velore & Double-O She's Fine Promo 12-Inch Single Vinyl Record Virgin DMD 1119,6.99,0.0444
v1|398242749472|0,Fifth Angel Fifth Angel 1986 Shrapnel Records SH-1022 Vinyl LP Metal,30.00,0.0444
v1|178364165348|0,Grateful Dead Nightfall Of Diamonds 10/16/89 4xLP Box Set Vinyl LP Sealed,32.00,0.0444
v1|800440180569|0,ERROLL GARNER Campus Concert MGM SE-4361 LP SEALED o,8.00,0.0444
v1|257651708965|0,"MONTANA SEXTET Heavy Vibes PHILLY SOUND WORKS 12"" ",5.00,0.0444
v1|307102487999|0,Viennese Symphonic Orchestra - Capriccio Espagnol - Vinyl LP,3.22,0.0443
v1|278232802946|0,Old & In The Way RX-103-A/B Rare Label Jerry Garcia 1975 Bluegrass Panama Red,0.99,0.0443
v1|257657721941|0,THE DOOBIE BROTHERS STAMPEDE LP Warner Bros BS 2835 1975 Gatefold,4.95,0.0443
v1|168584036055|0,FREDDIE & THE DREAMERS-RARE-4-PAGE -PROMO PICTURE SLEEVE+45-(INTERVIEWS)-PS-PIC,149.99,0.0442
v1|117341316559|0,The John Lennon Collection Album Vinyl LP Record EX+/EX+ GHSP-2023,9.99,0.0442
v1|287493840686|0,THE ALAN PARSONS PROJECT     Lot Of 2 Vinyl Records LPS,5.99,0.0442
v1|398250358424|0,Creedence Clearwater Revival Green River Vinyl LP 1969 Fantasy 8393 Folk Rock,20.00,0.0442
v1|318660975178|0,"ANNIE ROSS/ZOOT SIMS A Singer, A Swinger... FRESH SOUND LP VG+ spain reissue o",8.00,0.0442
v1|398241277543|0,Gordon Lightfoot Summertime Dream 1976 LP Reprise Print Vintage Vinyl,15.00,0.0442
v1|298554173076|0,THE CHUCK WAGON GANG ~ SELF TITLED  ~ 45  RPM EP ~  RECORD NM  COVER NM,0.99,0.0442
v1|307103023623|0,Somewhere in Time (1980) Original Soundtrack LP – John Barry Christopher Reeve,4.99,0.0441
v1|318668107617|0,Various – The Best Of Times Square Records - Vol #2 - US R&B GREEN VINYL LP 1989,4.99,0.0441
v1|178363070421|0,Crude Wild Hillbilly Banjo Bopper Grandpa Jones 45 CHESTER KRIEG Devils ROBIN,6.00,0.0441
v1|128007460544|0,James Dean (Picture Disc) A Tribute To - NM 1985 Stage & Screen DENMARK AR-30039,4.99,0.0441
v1|278240984143|0,JAZZ 12” 78 Paul Whiteman Rhapsody In Blue Pt 1 & 2 Victor 25822 With Sleeve N-,99.99,0.0441
v1|358876051866|0,The Dave Brubeck Quartet  Plays Cole Porter Anything Goes! - Vinyl LP,7.00,0.0441
v1|236985434047|0,Italo Disco Family Number One Niagara 12” Single,14.99,0.0440
v1|336722379623|0,"Lot of 44 Pop / Funk / Soul 12"" Record Singles; Rick James Tiffany Stevie Wonder",9.99,0.0440
v1|358879053953|0,"Theola Kilgore ""Chain Gang The Sound Of My Man"" R&B Soul 45 Candix mp3",9.99,0.0439
v1|178368012748|0,STEVE FORBERT 3 CD LOT  MISSISSIPPI  GUITAR DAYS W/BONUS TRACKS   AUDIO NM/M,6.99,0.0439
v1|407115057923|0,The Temptations Cloud Nine Lp,7.99,0.0439
v1|188733805137|0,Rolling Stones: Rock And A Hard Place / Cook Cook Blues / 45 Rpm 1989 VG Conditi,4.00,0.0439
v1|206462638033|0,Standard Disc Record 78 Ada Jones Arthur Collins A940 Madam Sherry I Love It,10.00,0.0439
v1|158129662131|0,Elliott Shavers 1963 R&B 45 on Blaun ~ Party Poppin ~ Hear,9.99,0.0439
v1|257657447379|0,TRIXTER-HEAR!  & PANTERA-COWBOYS FROM HELL-2 HARD ROCK CD'S,9.99,0.0439
v1|298560346379|0,M-G-M 78 RPM - Art Lund - BUT BEAUTIFUL / LOVE IS SO TERRIFIC - #44,4.99,0.0439
v1|336722173950|0,"Frank Sinatra Sinatra: The Reprise Years Vinyl Box Set 12"" 4 LP set. Like new",20.00,0.0439
v1|336722426840|0,Lightnin' Hopkins - Country Blues Vinyl LP (Tradition Records TLP 1035) EX,4.99,0.0439
v1|168571169314|0,Marva Wright 1995 Southern Soul 45 on Mardi Gras ~ Members Only ~ Hear,9.99,0.0438
v1|188717937097|0,Paul Humeniuk - Goldfinch Polka - VICTOR V-21102 E/E+,19.99,0.0438
v1|188737842316|0,"Mac DeMarco 2 12"" Orange White Gray Colored Vinyl LP 33 RPM Captured Tracks 2022",21.50,0.0438
v1|168583530072|0,André Previn London Symphony – Symphony # 3 And Fantasy For Orchestra LP,5.00,0.0437
v1|267745929943|0,Crystal Gayle LP 1975 United Artists UA-LA365-G Country - Debut Album Near Mint!,4.99,0.0437
v1|178363070431|0,Hot KY Bluegrass 45 THE RUSSELL BROTHERS These Old Prison Bars JEWEL OH rare,6.00,0.0437
v1|336722246036|0,Joan Baez / 5,4.99,0.0436
v1|128002396076|0,"Anti by Rihanna (Record, 2016) Vinyl LP",44.99,0.0436
v1|336722422096|0,KISS - Rock And Roll Over Vinyl LP NBLP 7037 Casablanca VG+,10.50,0.0436
v1|168589166344|0,The Impacs Your Mama Put The Hurt On Me King 5965 1964 EX SURF PROMO,5.00,0.0436
v1|198543350619|0,"LP, THE JAMES COTTON BAND ""HIGH ENERGY"", BUDDAH BDS 5650, Stereo 1975, Toussaint",10.00,0.0436
v1|398243634855|0,BO DIDDLEY Were it all began LP Vinyl 1972.  CH  50016,14.00,0.0436
v1|358876989610|0,Black Rose – Black Rose  LP NBLP 7234 w/ Cher,9.12,0.0436
v1|128007265274|0,Boston Vinyl Lot 3 LPs Complete 1976-1986 Original US Pressings All 3 Albums,70.91,0.0436
v1|358878917287|0,"Imperial Wonders ""You Live Only Once"" 70's Northern Soul 45 Solid Foundation mp3",10.50,0.0436
v1|318656158870|0,pat travers band heat in the street vinyl,2.78,0.0435
v1|298548178260|0,PRETTY THINGS Rosalyn / Big Boss Man 45 BLUES ROCK 1964 Fontana S-1916,24.98,0.0435
v1|257657958390|0,Loudness Disillusion LP Record MFN-22 France,11.50,0.0435
v1|298554456405|0,"Olivia Newton John Come On Over 1976 12"" ROCK LP VINYL ALBUM RECORD MCA 2186",6.00,0.0435
v1|298554116764|0,Butterfield Blues Band East-West LP Record Vinyl Elektra EKS-7315 VG,10.00,0.0435
v1|327292746670|0,Jerry Lee Lewis Original Golden Hits Vol. 2 LP Vinyl -  Ultrasonic Clean,0.99,0.0434
v1|158129662135|0,Jerry Michael 1984 Modern Soul 45 on Crown Limited ~ Love Me ~ Hear,9.99,0.0434
v1|206462527521|0,"Charlie Palmieri & His Orchestra - Adelante, Gigante LP - Alegre",8.50,0.0434
v1|128007476484|0,Jukebox 45 & Title Strip Billy Ocean Get Outta My Dreams Cleaned Tested,2.49,0.0434
v1|407115204211|0,Mortem De Natura Daemonum Please,24.99,0.0434
v1|257651807733|0,"PARK AVE. Don't Turn Your Love MOVIN 12"" VG+ house 1987",5.00,0.0434
v1|407115055280|0,Frank Zappa Over-Nite Sensation Lp,9.99,0.0434
v1|236971330142|0,"1957 Blues 78rpm record, Jimmy Reed, Vee Jay Records",8.00,0.0434
v1|117338380800|0,Dennis Brown Want To Be No General 7” 45 RPM (DEB Music) EX!,9.99,0.0434
v1|128011173534|0,LOS DONNEÑOS  DOS AMANTES/UNA CANTINERA      45 Rpm ULTRA RARE USED,29.99,0.0433
v1|358879048279|0,"The Pretenders ""Hearts Were Made To Love/Wanna."" Sweet/Northern Soul 45 Carnival",12.34,0.0433
v1|168584368132|0,The Who Tommy 2 LP Vinyl Record Gatefold MCA2-10005 Untested,3.12,0.0433
v1|257657725287|0,"NEW EDITION Crucial 12"" Maxi-Single EP MCA Records 1989 MCA-23934",4.95,0.0433
v1|188733392177|0,"Nat King Cole Those Lazy-Hazy-Crazy Days of Summer LP 12"" 33 RPM Vinyl Stereo",1.71,0.0433
v1|206460583102|0,Subroc / KMD | It Sounded Like A Roc | Fondle 'Em | MF Doom | Vinyl Rap Record,32.00,0.0433
v1|257651548244|0,"LUCY HAWKINS Lady Of The Night SAM 12"" ",5.00,0.0433
v1|128007074962|0,"The Bishop's Choir of Indianapolis, Indian -In God's Own Time- Gospel 2LP - Hear",9.99,0.0433
v1|336722399055|0,"Judas Priest – Screaming For Vengeance, 1982 LP, Columbia FC 38160",5.24,0.0432
v1|188734676032|0,"DINO Lot Of 3 Vinyl 12"" RECORD - I LIKE IT / SUNSHINE / 24/7 NM",11.99,0.0432
v1|128007077754|0,"The Nettie Lester Interfaith Choir of Indianapolis, Indiana - Gospel LP - Hear",9.99,0.0432
v1|257658060764|0,"TIM DELUXE FEAT. SAM OBERNIK It Just Won't Do VENDETTA 12"" VG++ house Spain ",5.00,0.0432
v1|267745821355|0,Elvis Presley Harum Scarum LPM-3468 Mono W/bonus Pic EX/EX Nice And Clean Copy!,29.99,0.0432
v1|178364036351|0,"Grateful Dead Cornell Ithaca, NY Barton Hall 5/8/77 5xLP Box Set Vinyl LP Sealed",401.00,0.0432
v1|257657356818|0,BLUES 45 - WYNONIE HARRIS-BLOODSHOT EYES/CONFESSIN' THE BLUES-KING,9.99,0.0432
v1|307097569541|0,"LOS DANDYS -NUESTROS PRIMEROS EXITOS- 1961 MEXICAN LP TRANSLUCENT SOC, BOLERO",14.99,0.0431
v1|257651919541|0,"RENNY SLIM Dreaming About You KAYA 12"" VG+ reggae HEAR",5.00,0.0431
v1|318668678633|0,Lalo Schifrin – The Liquidator (Music From The Original Soundtrack) - US LP 1966,4.99,0.0431
v1|257652902544|0,"Impact (self titled) 12"" 33 rpm 1976 ATCO, SD 36-135 Stereo, Promo",3.49,0.0431
v1|278240420267|0,"Johnny Cash- Blood, Sweat And Tears - COVER & VINYL ARE VG+ (Promotional Copy)",7.00,0.0430
v1|336722434060|0,"Steely Dan ""AJA"" ABC Records AA-1006 Vinyl  LP  G/VG",5.50,0.0430
v1|128011907651|0,"CHICAGO, Chicago 2 Double LP Columbia 1970 First Santa Maria VG+/VG+ W/Poster",12.75,0.0430
v1|168591017700|0,DAVID ZAIZAR- En Las Puertas De La Carcel- Vinyl LP- SHRINK-VG+ CONDITION,9.99,0.0430
v1|336722335880|0,Pic Sleeve: The Chipmunks: Chitty Chitty Bang Bang,3.50,0.0430
v1|198542722349|0,TURKISH 78 1918 Columbia E3787 Djezair Marchi / Nihavend March V+/E-,19.00,0.0430
v1|800454443661|0,Cannonball Adderley - The Black Messiah 2xLP - Capitol,10.35,0.0429
v1|168571174372|0,Willard Burton 1976 Funk 45 on Money ~ Let Me Be Your Pacifier ~ Hear,9.99,0.0429
v1|158136613622|0,STEELY DAN - AJA - ABC GATEFOLD W/ORIGINAL SLEEVE - REALLY NICE!!!,9.50,0.0429
v1|407115273084|0,Elvis - APBO-0196 ( TAKE GOOD CARE OF HER / IVE GOT A THING ABOUT YOU BABY ' NOW,10.00,0.0429
v1|158154632599|0,CHUCK-(NEGRON)-RHONDELL-(3 DOG NIGHT)RARE PICTURE SLEEVE+45-(I DREAM OF AN ANGEL,199.99,0.0429
v1|206457726613|0,"Imagination - Burnin' Up 12"" - MCA - Disco Funk VG+ HEAR",12.40,0.0428
v1|800454443651|0,Bone Thugs-N-Harmony - The Collection: Volume Two 2xLP - Ruthless SEALED,31.00,0.0428
v1|267745901114|0,JOURNEY RAISED ON THE RADIO LP Columbia Records OC 39936 1986,19.95,0.0427
v1|278241494433|0,Weather Report This Is This Vinyl Album Lp,9.99,0.0427
v1|377389522306|0,Ella Fitzgerald – Ella at Duke’s Place LP Verve V6-4070 Stereo Duke Ellington,15.99,0.0427
v1|257651958860|0,"ROLLING STONES Harlem Shuffle RSR 12"" NM SHRINK",5.00,0.0427
v1|336721964104|0,Machito Orchestra - Fireworks Lp,21.95,0.0427
v1|188734786221|0,BETTY WRIGHT - BETTY TRAVELIN' IN THE WRIGHT CIRCLE Vinyl LP RECORD 4410 NM,9.88,0.0427
v1|358878954359|0,"Kenny Carter ""I've Gotta Find Her"" Northern Soul 45 RCA Victor Promo mp3",9.99,0.0427
v1|178364101446|0,"Grateful Dead Wembley London, England 4/8/72 5xLP Box Set Vinyl LP Sealed",45.00,0.0426
v1|178364099478|0,"Grateful Dead Wembley London, England 4/7/72 5xLP Box Set Vinyl LP Sealed",39.00,0.0426
v1|267745755595|0,Great White Jukeboxes Only Love is A Lie Title Strip Hard & Blues  45 rpm Vinyl,5.00,0.0426
v1|158147270739|0,Frankie Ruiz “Envivo Y A Todo Color” LP,40.00,0.0426
v1|158129662148|0,Sunny and the Sunliners 1966 R&B 45 on Tear Drop ~ No One Else Will Do ~ Hear,9.99,0.0426
v1|257651595396|0,"MAGAZINE 60 Don Quichotte BAJA 12"" VG++",5.50,0.0426
v1|307102672619|0,MADONNA Deeper And Deeper/Secret GHV2 7” USA,9.99,0.0425
v1|377389408467|0,Benny Goodman - The ABC Collection - Vinyl Record LP AC-30014 Jazz,4.99,0.0425
v1|147478690907|0,Ennio Morricone Storie Di Vita Soundtrack LP (1975) GREEN Colored vinyl RSD 2024,20.00,0.0425
v1|358878798118|0,"Benny Earl ""I'm A Man"" Northern Soul 45 Jaybern mp3",9.99,0.0425
v1|227457544105|0,BOB DYLAN - Saved LP Vinyl NM,9.99,0.0425
v1|307100323478|0,Kinks~One For The Road Dbl. LP Vinyl Arista A2L 8401 Gatefold w/2 Sided Poster,4.99,0.0425
v1|358878919963|0,"J. J. Barnes ""Snow Flakes"" Northern Soul 45 Volt mp3",9.99,0.0425
v1|236994429140|0,RICHARD PRYOR Lot of 11 Diff. Vinyl 33 RPM Album LP Records VG+ V592,29.00,0.0425
v1|257651847985|0,"PLAYER'S ASSOCIATION Turn The Music Up VANGUARD 12"" ",5.00,0.0424
v1|158129662180|0,Danny Oliver 1958 R&B 45 on Trend ~ In the Bottom of My Heart ~ Promo ~ Hear,9.99,0.0424
v1|178374890201|0,CARPENTERS - A KIND OF HUSH - A&M 1976 - WITH LINER VINYL LP SP-4581,1.00,0.0424
v1|257651635983|0,"MASTERS AT WORK Justa Lil Dope CUTTING 12"" ",5.50,0.0424
v1|377389973328|0,1969 Rolling Stones Let It Bleed NPS-4 London Records LP Vinyl Classic Rock,19.99,0.0424
v1|117341316566|0,Paul McCartney Linda RAM Album Vinyl LP Record Gatefold EX+/EX+ PC-36479,11.50,0.0424
v1|278232488094|0,KISS Alive II Booklet - BOOKLET ONLY!  (no records),14.99,0.0424
v1|178364374201|0,Grateful Dead American Beauty 50th Anniversary Picture Disc Vinyl LP Sealed,19.99,0.0423
v1|800450425112|0,Andy Williams You've Got A Friend Columbia KC 30779 Stereo Vinyl LP,1.60,0.0423
v1|358878808545|0,"Bobby Allen & Gee Pees ""Here She Comes Again"" Sweet Soul 45 UPPP mp3",9.99,0.0423
v1|117334953068|0,Wu-Tang Clan Wu-Tang Forever (2014) 180g Music On Vinyl EU Import *,16.16,0.0423
v1|407115304385|0,"Kim Carnes – Bette Davis Eyes 7"" Single Record 1981 EMI America Pop Rock 45 RPM",1.99,0.0423
v1|267746427910|0,"Candi Staton - Warner Bros. 12"" Single - When You Wake Up Tomorrow/Rough Times",1.99,0.0422
v1|188733391690|0,The Ticklers – Four Days Love / Healing In The Balm Yard 78 Jamaican Mento MRS,30.00,0.0422
v1|358878784404|0,"All Spice (Allspice) ""Slipped Away"" 70's Modern Soul 45 At-Home mp3",9.99,0.0422
v1|307102953975|0,pure prairie league two lane highway Vinyl LP album plays great!,1.00,0.0421
v1|398242923312|0,Vinyl Record Lot WLYX College Station Library ,15.99,0.0421
v1|178363938531|0,Grateful Dead Dick’s Picks 36 The Spectrum 9/21/72 7xLP Box Set Vinyl LP Sealed,128.50,0.0421
v1|358878935260|0,"LEO AND HELEN DILLON'S RECORD SCHOOL - MAY, 1960 - NUMBER 6 -KID'S RECORD - HEAR",15.99,0.0421
v1|188734050660|0,Chuck Berry The Great Twenty Eight Vinyl,20.00,0.0421
v1|307102572353|0,Waring's Pennsylvanians - Button Up Your Overcoat / My Lucky Star ,8.00,0.0420
v1|168571169336|0,The Moments 1971 Soul 45 on Stang ~ I Can’t Help It ~  s/s Promo ~ Hear,9.99,0.0420
v1|287499379543|0,Jimi Hendrix-Hendrix in the West Vinyl Reprise Gatefold 1972,3.50,0.0420
v1|257658993183|0,Iron Butterfly In-A-Gadda-Da-Vida Vintage Vinyl LP 1968 Atco Record VG,8.00,0.0420
v1|327293055550|0,"3 Billy Joel LP Records The Stranger, 52ND Street, Glass Houses",10.00,0.0420
v1|236980165283|0,"Pic Sleeve: Louis Armstrong: So Long, Dearie",3.50,0.0419
v1|366577538816|0,BILLIE HOLIDAY The Billie Holiday Story Vol. III COLUMBIA 2XLP VG++/VG+ mono o,8.50,0.0419
v1|188734688971|0,JOHN ANDERSON - TOKYO OKLAHOMA Vinyl LP RECORD 1985 Album COUNTRY 1-25211 NM,9.88,0.0419
v1|158147424959|0,Collection of 15 60's Vinyl 45s Herman Hermits Lovin Spoonful Young Rascals BGs,5.00,0.0419
v1|178367722935|0,The Beach Boys Shut Down Vol. 2 Vinyl Record LP T2027 Capitol Records 1964 VG,10.50,0.0419
v1|178375229036|0,Pink Floyd Atom Heart Mother Vinyl LP 2016 Reissue Grundman Gatefold EX,14.00,0.0418
v1|298553968168|0,Ernest Stoneman Dixie Mountaineers EDISON 52056 - The Long Eared Mule -Bluegrass,9.00,0.0418
v1|236980276519|0,Warren Zevon - Excitable Boy - 1978 Pop Rock Asylum 6E-118 w/ Inner Sleeve VG+,4.99,0.0418
v1|377389408338|0,Dann Rogers - Hearts Under Fire Vinyl Record LP Hype Sticker 1978 IA Label Pop,2.99,0.0418
v1|206460454897|0,ANNE MURRAY 'LETS KEEP IT THAT WAY' VINYL LP. CAPITOL 1978 ,3.00,0.0418
v1|168571174361|0,The Temptations 1965 Soul 45 on Gordy ~ What Love Has Joined Together ~ Hear,9.99,0.0418
v1|198542806766|0,Justin Hinds- Save A Bread Original Vinyl 45 On Island Records (sound clip),31.00,0.0418
v1|257657752508|0,THE ROLLING STONES Dirty Work LP Rolling Stone Records CBS 86321,9.95,0.0418
v1|198542784861|0,2 LP lot Girl Groups 60's wall of sound pop rock VG+ Shangri-Las Phil Spector,10.00,0.0418
v1|407115314387|0,(5) EXPOSE Unplayed 45 Rpm W/ Pic Sleeves POINT NO RETURN / Let Me Be One,4.72,0.0417
v1|158129662132|0,Ernie K-Doe 1968 Funk 45 on Duke ~ Gotta Pack My Bag ~ Promo ~ Hear,9.99,0.0417
v1|377389407788|0,Blast Featuring V.D.C.- Crayzy Man - 12” Single Vinyl Record LP Electronic House,1.99,0.0417
v1|336722730619|0,The Marshall Tucker Band **Where We All Belong** 1974 Capricorn 2C 0145 2 LPs EX,10.00,0.0417
v1|358879020894|0,"Susan King ""Building A Wall Around My Heart"" Northern Soul Popcorn 45 Toy mp3",9.99,0.0417
v1|257651693569|0,"MIGHTY DUB KATS Magic Carpet Ride SM:)E 12"" VG++",10.10,0.0417
v1|366579741175|0,"Rare Pop LP - Judy Garland - If You Feel Like Singing, Sing - MGM # E3149",9.99,0.0417
v1|178374890181|0,"Anthony Newley The Singer And His Songs - Vinyl, 1977 United Artists UA-LA718-G",1.00,0.0417
v1|298554065474|0,JOSE LUIS PERALES LONG PLAY LP POR SI QUIERES CONOCERME EXCELENTE,24.00,0.0417
v1|800440146832|0,GERRY MULLIGAN Jeru COLUMBIA CS-8732 LP SEALED o,8.00,0.0417
v1|358878982868|0,"Oliver Sain ""St. Louis Breakdown"" Funk Breaks 45 Abet mp3",9.99,0.0417
v1|198542669239|0,Nonesuch Scott Joplin Piano Rags Vol II Joshua Rifkin LP Stereo H-71204 1972,1.50,0.0416
v1|158135641088|0,Grateful Dead - American Beauty Vinyl LP - 1970 - Warner Bros. WS 1893,12.37,0.0416
v1|366581785207|0,"The Beach Boys - 20 Golden Greats (LP, 1976) - Made in Great Britain",2.95,0.0416
v1|398242646076|0,Harry Raderman's  Dance Orch. 78rpm EDISON RECORD 51407  Haunting Melody,9.99,0.0415
v1|117337339756|0,MR. MISTER Welcome To The Real World 1985 LP on RCA #AFL1-7180 Broken Wings etc,9.99,0.0415
v1|257651908059|0,"RALPH TRESVANT Sensitivity MCA 12"" SEALED 1990 ",5.00,0.0415
v1|158149977260|0,"Black Sheep ""A Wolf In Sheep's Clothing"" Rap Hip Hop LP Mercury Reissue",42.22,0.0415
v1|336726276200|0,1812 Overture-Paris Symphony Orchestra 33 RPM  (Extremely Rare),3.37,0.0415
v1|257651677340|0,"MICHAEL JACKSON The Way You Make  Me Feel EPIC 12"" VG++ ",15.50,0.0415
v1|147478856091|0,VG++ Copy Of A 1976 Reissue Of Morrison Hotel By The Doors. Pristine Condition.,20.00,0.0414
v1|267745736106|0,Pete Klint Quintet Just Hold On Garage Rock Flip Hey Diddle Diddle 1968 45 rpm,3.00,0.0414
v1|358879063526|0,"Woman ""That's How It Is"" Sweet Soul 45 Shock mp3",13.50,0.0413
v1|358878995489|0,"Randy Brown ""I'm Always In The Mood"" 70's Soul 45 Parachute mp3",71.00,0.0413
v1|336722645696|0,24x Rock LP Record Lot Mixed Grade Brothers John Loggins,8.00,0.0413
v1|117336890560|0,Neil Diamond – Love At The Greek 2LP White Label Promo (1977) Timing Strip,25.00,0.0413
v1|178363876524|0,Grateful Dead Dick’s Picks Volume 4 2/13/70 & 2/14/70 6xLP Box Set Vinyl Sealed,37.00,0.0413
v1|158133200172|0,JANE'S ADDICTION Nothing's Shocking WARNER BROS LP,23.50,0.0413
v1|188733650391|0,James Bond Soundtracks lot of 4 (Goldfinger/Loved Me/Octopussy/Golden Gun) lps,4.99,0.0412
v1|267745971421|0,The Who Who Are You 1978-RED Vinyl-Original Shrink MCA-3050 STERLING  PressEX/EX,19.99,0.0412
v1|366583479758|0,"All In One feat. Hoagie Starr ""Jumpin' In - Jumpin' Out"" Boogie Rap 12"" IDR HEAR",7.99,0.0412
v1|147480470328|0,Hildegarde and Carmen Cavallaro~I'll Be Yours/I'm in the Mood for Love 78,5.00,0.0412
v1|298553766921|0,Vinyl Frankie Laine LP Hell Bent for Leather 1961 ,12.95,0.0411
v1|158148138190|0,ROBERT HUNTER Tales Of The Great Rum Runners LP  Grateful Dead,10.00,0.0411
v1|206460524790|0,Vtg 1962 Vinyl Record Nursery Rhymes United Artists,4.00,0.0411
v1|236980309770|0,Kiss - Hotter Than Hell Casablanca NBLP 7006 Smoking Man Label 1974 LP,9.50,0.0411
v1|257658110030|0,"TWO OF A KIND FEAT. JAMES EARL Somewhere In West Hell TRAX 12"" VG+",5.00,0.0411
v1|366579741173|0,"Rare Rock LP- The Allman Brothers Band- Win, Lose Or Draw- Capricorn # CP-0156",12.99,0.0411
v1|178368046291|0,"Baldwin LP Record, The Brethren Four, Living By Faith, VG ",2.00,0.0411
v1|178368046291|0,"Baldwin LP Record, The Brethren Four, Living By Faith, VG ",2.00,0.0411
v1|336722615862|0,Motley Crue Record,19.99,0.0410
v1|298553948653|0,Irving Aaronson HI-HO THE MERRIO / What Good Is Good Morning ,7.00,0.0410
v1|257657787969|0,"Where the Fast Lane Ends [LP] by Oak Ridge Boys (The) (Vinyl, MCA Records USA)",1.30,0.0410
v1|366577505695|0,WOODY SHAW Night Music ELEKTRA/MUSICIAN LP VG+ o,8.00,0.0410
v1|168584175769|0,PHISH Baker's Dozen Live at Madison Square Garden vinyl Record 2018 box set 6Lp,249.99,0.0410
v1|188734658222|0,BRUCE SPRINGSTEEN - THE WILD INNOCENT & E STREET SHUFFLE Vinyl LP Reissue RECORD,9.88,0.0409
v1|398241316295|0,Bad Manners - The Height Of Bad Manners LP,20.00,0.0409
v1|398242360398|0,The Temptations Masterpiece,8.00,0.0409
v1|227462502607|0,"Juan Gabriel – Pensamientos / Ariola / Pop, Boleros  / VG+ LP",39.10,0.0409
v1|198542698845|0,"The Rip Chords ""Three Window Coupe"" 1964",7.89,0.0409
v1|147473032648|0,BOB DYLAN PLANET WAVES 1974 ASYLUM RECORDS VG+ VINYL (HEAR!),9.99,0.0409
v1|168584169191|0,Bob McGrath From Sesame Street - Affinity Records – A-1001-S - Vinyl LP,1.00,0.0409
v1|128007719633|0,Dionne Warwick:Dionne Lake Shore Music SSM 6701 2LP 1976 VG-/VG,1.00,0.0409
v1|800440202414|0,JOHN HANDY Handy Dandy Man WARNER BROS BSK-3242 LP SEALED o,8.00,0.0409
v1|278240976517|0,NEW ORLEANS R&B 78 • Clarence Frogman Henry Argo 5266 I’m A Country Boy • E,19.99,0.0409
v1|307103270625|0,Lot of (5) Herb Alpert Vinyl LP's-Records Tested Sound Great,13.99,0.0408
v1|257658047678|0,"TEENA MARIE Square Biz MOTOWN 12"" VG++",6.50,0.0408
v1|407115456910|0,"The Alarm Where Were You Hiding When The Storm Broke? 12"" EP Vinyl 33 RPM I.R.S.",10.00,0.0408
v1|407117426960|0,"K-Solo ""Tell The World My Name"" Rap Hip Hop LP Real Gone Reissue RSD Yellow Wax",7.99,0.0408
v1|257651554189|0,"MADNESS Our House GEFFEN 12"" VG++ ",7.50,0.0408
v1|168583524118|0,I Just Love The Six Fat Dutchman LP,5.00,0.0408
v1|377382587814|0,DIRE STRAITS - BROTHERS IN ARMS- WARNER BROS W/ORIGINAL SLEEVE - NICE!!!,13.50,0.0408
v1|137579337943|0,RHAPSODY IN BLUE BY COLUMBIA ONE RECORD,3.00,0.0408
v1|358878936563|0,"Joe Bataan ""Ordinary Guy"" Latin Soul 45 Uptite mp3",36.00,0.0407
v1|298554581659|0,"1975-JANIS IAN, "" AFTERTONES"" , 12"" COLUMBIA RECORD, FOLK ROCK",1.99,0.0407
v1|278240979149|0,R&B ROCKABILLY 78 • Gene & Eunice • Combo 64 • Ko Ko Mo • EE+ Scarce!,18.99,0.0407
v1|206460607015|0,"Igor by Tyler the Creator (Record, 2019)",15.07,0.0407
v1|168545457160|0,A Fifth of Beethoven - Private Stock Records 33 RPM LP by The Walter Murphy Band,6.00,0.0407
v1|358877076441|0,"Riviera LP Record, In The Glen Miller Mood, Little Brown Jug VG ",1.00,0.0407
v1|398249944403|0,Paul McCartney Pure McCartney UNPLAYED NM 4 x Vinyl LP  2016 HRM-38698-01,89.00,0.0407
v1|318669129093|0,Six O'Clock News – Bridge At Frisco / Diffusion Of Mary Obscure Folk Garage 45,49.99,0.0407
v1|117337219497|0,"Vintage Vinyl/LP. Mazz. Continuacion, Number 16 Part II/2. 1986. CRL-84333. READ",69.99,0.0407
v1|257651846392|0,"PLANET PATROL Play At Your Own Risk TOMMY BOY 12"" VG+ ",13.50,0.0407
v1|307104548990|0,"Seven Neil Sedaka 45's  The Diary, Oh Carol, Happy Birthday, Sweet 16 & 4 more",5.00,0.0407
v1|358878966163|0,"Little Edith ""I Couldn't Take It"" Northern Soul 45 Jessica mp3",23.50,0.0406
v1|287499640377|0,Wilfrido Vargas Y Sandy Reyes. Contiene los exitos El Comejen / Todo Es Para Ti.,13.99,0.0406
v1|800440153068|0,PAUL DESMOND Easy Living RCA VICTOR LP o,9.07,0.0406
v1|257651523903|0,"LOLEATTA HOLLOWAY Hit And Run GOLD MIND 12"" VG+",5.00,0.0406
v1|358878856216|0,"Cissy Houston ""Nothing Can Stop Me"" 70's Sweet Soul 45 Janus mp3",9.99,0.0406
v1|287501208955|0,Linda Ronstadt Simple Dreams 1977 LP Gatefold Vinyl Record Asylum,2.60,0.0406
v1|158129667141|0,Vamp 70s Funky Soul 45 on Mar-Vel ~ Free & Easy ~ Hear,9.99,0.0406
v1|298553965145|0,Jorma Kaukonen With Tom Hobson Quah Vinyl LP 1974 Grunt Record BFL1-0209-A,4.99,0.0406
v1|158150156866|0,"EPMD ""Unfinished Business"" Rap Hip Hop 2xLP Priority/UMe Reissue",8.50,0.0406
v1|336722312145|0,THE BEATLES Magical Mystery Tour 1971 RE EXCELLENT Player!!  Ultrasonic/VPI,39.50,0.0405
v1|318664077353|0,V/A - Disco Gold Vol. 2 LP - Scepter VG+,9.00,0.0405
v1|377389552669|0,"Lot of 3 VTG Vinyl LP Records The Who Live, Johnny Winters Live, & Otis Redding",24.99,0.0405
v1|206457726674|0,"Prince - Let's Work 12"" - Warner Bros. EU VG++",17.50,0.0405
v1|377397218970|0,The Songmasters – The King Is Coming LP Nordland SMLP1004 Folk XIAN - VG++,4.50,0.0405
v1|800451860513|0,AL GARDNER 45RPM '62 DECCA THE STOMP DRIVING R&B ROCKER PROMO STRONG VG++ VINYL,8.00,0.0405
v1|398244547567|0,Rick Dees Put It Where The Moon Don't Shine 1984 Vintage Vinyl Record Album LP,3.72,0.0405
v1|267745756181|0,Saint Tropez One More Minute Disco Butterfly Records 1978  Excellent 45 rpm,3.00,0.0404
v1|298555599459|0,Talking Heads the Name of This Band Is Talking Heads double LP near mint,22.00,0.0404
v1|257652008965|0,"SANDY ANDERSON It's Over (I'm Through) BRAD-VON 12"" VG+ house ",5.00,0.0404
v1|398243238968|0,Rolling Stones Hot Rocks 64-71 2LP VG+ London 2PS 606/7 Blue Label Hits 1971,23.99,0.0404
v1|257658053359|0,"THOMPSON & LENOIR Can't Stop The House HOUSE 12"" VG+/VG++ 1987 house",5.00,0.0403
v1|287499629911|0,MERLE HAGGARD/WILLIE NELSON Pancho And Lefty LP 1982 COUNTRY NM- NM-,14.99,0.0403
v1|358879064558|0,"Yvonne Baker & The Sensations ""I Can't Change"" Northern Soul 45 Junior mp3",9.99,0.0403
v1|327293171600|0,Vintage Chart Busters Vol. 2 Vinyl Album (1963),2.28,0.0403
v1|318664825350|0,KISS - DYNASTY LP - 1985 - REISSUE - NBLP-7152 - SHRINK - CASABLANCA - AUCOIN,39.99,0.0403
v1|298554460387|0,EVITA Premier American Recording Double  LP Album,4.99,0.0402
v1|158129662195|0,The Cotillions 1969 Blue-Eyed Soul 45 on Tomahawk ~ Do the Things I Like ~ Hear,114.50,0.0402
v1|158147358206|0,"The Clash ‎– Give 'Em Enough Rope Vinyl, LP 1978 Epic ‎– VG+",9.99,0.0402
v1|128007019294|0,Mildred Clark & The Melody Aires -You Got To Be Right- Gospel LP on Wajji - Hear,9.99,0.0402
v1|168583942146|0,KISS-Rock And Roll Over -Vinyl LP-1976 Casablanca NBLP 7037- VG+ CONDITION,14.99,0.0402
v1|188714933066|0,Prairie Ramblers - I Just Don't Care Any More - VOCALION 04899 E/E-,19.99,0.0401
v1|298554087323|0,JOSE LUIS RODRIGUEZ EL ULTIMO BESO VINYL ALBUM LP CBS INTL DJL-30308 1985,20.00,0.0401
v1|366584280729|0,Willie Gonzales - Sin Comparacion Lp (G+)   Marc Anthony Tito Rojas,14.99,0.0401
v1|298554255666|0,RAY PRICE ~ SELF TITLED ~ 195? ~ 45 RPM ~ EP ~ RECORD  NM COVER EX,0.99,0.0401
v1|188737695721|0,"Warner Special Products Love Songs 12"" Black Vinyl Box Set Pop Rock OP-4514",4.08,0.0401
v1|188733505416|0,Laurie Anderson: United States Live Warner Brothers 25192-1 (5 lp set),4.99,0.0401
v1|257652021744|0,"SCION SASHAY SUCCESS Young Africans/Settle Them 14 KARAT 12"" VG+ reggae HEAR",5.00,0.0401
v1|298554061234|0,Dance Date with David Carroll and His Orchestra LP - Wing Records MGW-12106,5.00,0.0401
v1|298554808681|0,Speidel Textron - Let Your Feelings Show! Vinyl LP Rock Cheap Trick Kiss,3.55,0.0401
v1|117336595753|0,The Don DeGrate Delegation -Long Winding Road- NC Gospel LP - Hear,9.99,0.0401
v1|227460591505|0,WINK MARTINDALE Giddyup Go DOT 1966 Folk Country VG VINYL LP Record USED,5.00,0.0400
v1|398241284615|0,The Best Of Party Rock,8.00,0.0400
v1|358874637301|0,Rush - 2112 - Tested Vintage Vinyl LP,16.50,0.0400
v1|307097569487|0,JOCHEN BRAUER SEXTETT - 16 FAVORITAS DEL ROCK AND ROLL - 1983 MEXICAN LP,14.99,0.0400
v1|188734730661|0,"JAY-Z Lot of 2 ""CAN I GET A..."" From RUSH HOUR / Young Jeezy 12"" Vinyl RECORD NM",11.88,0.0400
v1|128007719720|0,HENRY MANCINI AND HIS ORCHESTRA & CHORUS:Music Of Hawaii RCA LSP3713 1966 VG/VG,2.00,0.0400
v1|168571169354|0,Shep and the Limelites 1963 R&B 45 on Hull ~ Stick By Me  ~ Hear,9.99,0.0400
v1|147480123946|0,"FANIA ALL STARS ""LIVE AT YANKEE STADIUM""",9.00,0.0400
v1|257658082936|0,"TONI BRAXTON Spanish Guitar LAFACE 2x12"" NM ",5.00,0.0399
v1|307102856246|0,The Rolling Stones Some Girls LP Record Promo Record  Hype Stickers Super Clean!,350.00,0.0399
v1|318678314853|0,ATLANTIC RECORDS - BETTY JOHNSON - LITTLE BLUE MAN & WINTER IN MIAMI 45 RECORD,4.99,0.0399
v1|257666146370|0,Classic Rock Vinyl Record LP Lot 30 Records,87.11,0.0399
v1|307102714859|0,Mirella Freni PUCCINI Arias - Angel S 36449,9.60,0.0399
v1|318668412033|0,Various – Old Town Doo Wop - US 3LP Box Set 1985,4.99,0.0399
v1|336726284646|0,Do You Want To Dance-Bobby Freeman 45 RPM 1958,2.50,0.0399
v1|178370535664|0,TODD RUNDGREN vinyl Ever Popular Tortured Artist Effect record - Bearsville 1982,3.48,0.0398
v1|336722555801|0,Mizmor Shir - Jewish Holiday Songs for Children LP CBS Hebrew 33 RPM,16.99,0.0398
v1|128007316743|0,Peter Frampton Baby I Love Your Way/It’s A Plain Shame 7” 45rpm Vinyl Record NM,3.99,0.0398
v1|178368115474|0,"1979 The Knack ""Get The Knack""   Capitol Records SO-11948, M- Record And Cover ",10.00,0.0398
v1|198542729235|0,The Hit Sound Of Dean Martin 1966 1st Press LP Tri-Color Reprise VG-/VG,0.99,0.0398
v1|358879039099|0,"The Jelly Beans ""You Don't Mean Me No Good"" Northern Soul 45 Eskee Reissue mp3",189.00,0.0398
v1|800450043734|0,"CHERYL WHEELER (1985 North Star) & HALF A BOOK (1987 Cypress) 2 Lp Lot, EX vinyl",12.75,0.0398
v1|366572920724|0,LP SOUL / THE BEST OF THE DELFONICS / KORY,9.99,0.0397
v1|198542424808|0,Lawrence Welk & Myron Floren - 24 Greatest Polkas 2xLP Vinyl (Stereo) Ranwood,6.99,0.0397
v1|336720388502|0,Stone Temple Pilots  - Tiny Music -  2013 LP - 180 Gram Audiophile,74.99,0.0397
v1|358878938452|0,"Joe Bataan ""What Good Is A Castle"" Latin Soul 45 Uptite mp3",49.00,0.0397
v1|336726323762|0,TOMMY OLIVENCIA EL JEQUE TH RODVEN RECORDS SALSA LP HEAR ,7.77,0.0397
v1|257651874679|0,"PRINCE U Got The Look PAISLEY PARK  12"" VG++",5.00,0.0396
v1|178367461439|0,"Something New The Beatles (Vinyl, LP, Repress, Los Angeles Press) APPLE ST-2108",6.58,0.0396
v1|307099975289|0,"The Spinners I'll Be Around Promo 7"" Vinyl 45 RPM Atlantic 45-2904 Rare EX",9.99,0.0396
v1|158129662166|0,Ted Taylor 1963 R&B 45 on Okeh ~ It Ain’t Like That No More ~ Hear,9.99,0.0396
v1|336722756463|0,The Temptations - Wish It Would Rain LP,11.50,0.0396
v1|307102776627|0,Vinyl Record LP Album Wet Willie II Capricorn Records 1972,4.50,0.0396
v1|298560346453|0,Decca 78 RPM - YOU'RE SO UNDERSTANDING / ITS TOO LATE NOW #8,4.99,0.0395
v1|257652918377|0,"SACRED REICH Ignorance, EXCITER Violence & Force, DEMON Night of the Demon 3 Lot",150.00,0.0395
v1|158150034884|0,"Common ""Like Water For Chocolate"" Rap Hip Hop 2xLP Geffen EU Reissue",10.50,0.0395
v1|257651655825|0,"MELBA MOORE Love Me Right CAPITOL 12"" VG+ ",5.00,0.0395
v1|298554457670|0,ROCK 45 Z Z TOP ON WARNER BROS DJ NM TUBE SNAKE BOOGIE,9.99,0.0395
v1|178374409251|0,Uncles Estate ~ BOB DYLAN ~ Highway 61 Revisited / DEMONSTRATION NFS / EXC,9.99,0.0394
v1|236980165316|0,Pic Sleeve: Culture Club: It's A Miracle,3.50,0.0394
v1|287503346779|0,1965 LA COSTANZA DELLA RAGIONE - OST Soundtrack LP Vinyl - Italy Cms. 30-125 NM,49.00,0.0394
v1|128007721281|0,LOVE STORY:OST Paramount PAS-6002 LP 1970 VG-/VG-,6.00,0.0394
v1|178367873781|0,MILEY CYRUS CD LOT  HANNAH THE MOVIE &  TAMED DELUXE EDITION W/DVD  AUDIO: NM/M,5.99,0.0394
v1|128007720230|0,JOHNNY CASH:Man in Black Columbia C 30550 LP 1971 G+/VG,4.00,0.0394
v1|336722636373|0,Cheap Trick In Color Vinyl Record 1977 Epic PE-34884 Orange Label Gatefold,5.00,0.0394
v1|158147355630|0,SLY & THE FAMILY STONE Greatest Hits EPIC KE 30325 (1970) LP,8.00,0.0394
v1|158150088027|0,1969     HOT  FUN  IN  THE  SUMMERTIME  -  SLY  &  THE  FAMILY  STONE,3.75,0.0394
v1|366582194293|0,Beatles RARITIES U.K. Version Album,28.99,0.0394
v1|336730435581|0,"The Beach Boys – Sloop John B / You're So Good To Me: 7"" 45RPM 756",1.00,0.0393
v1|298554545264|0,"1964-THE PIXIES THREE, ""GEE / AFTER THE PARTY"", 7"" MERCURY , DOO WOP, POP",0.99,0.0393
v1|257651908523|0,"RALPHI ROSARIO FEAT. XAVIER GOLD You Used To Hold Me HOT MIX 5 12"" VG++/VG+",5.00,0.0393
v1|366577516532|0,CHARLIE PARKER The Charlie Parker Story #3 VERVE LP o,8.00,0.0393
v1|278241579908|0,The Beatles LP Sessions RARE OOP NICE pre Anthology 1986,40.00,0.0393
v1|137568994111|0,THE VERY BEST OF ROY ORBISON  - Vinyl LP Record Album Stereo,12.99,0.0393
v1|158147620070|0,lot of 10 buck owens records,7.00,0.0393
v1|158136613624|0,THE KINKS - SOAP OPERA - RCA GATEFOLD - REALLY NICE!!!,5.50,0.0393
v1|398244750030|0,"FLASHDANCE SOUNDTRACK ALBUM AND WHAT A FEELING REMIX IRENE CARA 12"" SINGLE !",5.99,0.0393
v1|267746392991|0,LOGGINS & MESSINA THE BEST OF FRIENDS NM/EX PC-34388 LP VINYL RECORD,5.99,0.0392
v1|198543103335|0,Tatsunoko vs Capcom Ultimate All-Stars Video Game Soundtrack Vinyl,40.00,0.0392
v1|128007721124|0,RONNIE DOVE:Crying Song Wing MGW-12268-W LP 1969 G-/G+,4.00,0.0392
v1|128011168110|0,LAS JILGUERILLAS  CON QUE ME PAGAS/EL ULTIMO ADIOS    45 Rpm ULTRA RARE USED,29.99,0.0392
v1|336722310914|0,TENACIOUS D The Pick Of Destiny 2014 **SEALED**  Perfect!!,34.50,0.0392
v1|307097571008|0,"20 BOLEROS 20, FEAT, ANTONIO MACHIN / LUCHO GATICA / LEO MARINI, 1986 MEXICAN LP",14.99,0.0391
v1|407120996080|0,Buddy Guy The Blues Don't Lie SIGNED Autographed 2LP Vinyl Record Album NM,129.99,0.0391
v1|366581322423|0,Rare Western Swing 45 - Bob Wills - Texas Fiddler - Decca # 9-30068 - Promo,7.99,0.0391
v1|800443916350|0,"NYCC - I'll Keep My Light In My Window 12"" - RCA Victor - Disco Funk VG+ HEAR",8.50,0.0391
v1|366581660086|0,"NORTHERN SOUL THE LOVE CHAIN, UNITED ARTISTS LABEL #50621 45 RECORD",3.99,0.0391
v1|398251045572|0,ALBERT COLLINS Ice Pickin ALLIGATOR |  Chicago Blues | LP HEAR,9.99,0.0391
v1|366575039951|0,Narciso Martinez - El Tecolote - IDEAL 131 V+/V,19.99,0.0391
v1|137578708121|0,ELVIS PRESLEY LP SONGS HOLLYWOOD FORGOT CANADA LONG OUT OF PRINT 1979 NM/NMMT,16.50,0.0391
v1|366581233087|0,HEAR - Rare Surf 45 - The Roamers - I Get Around - Hit Records # 126,7.99,0.0391
v1|168583576647|0,Paul Mc Cartney & Wings-Jet/Mamunia-45 RPM-rock-Apple 1871-NM-1973,6.95,0.0390
v1|168583790108|0,Carl Perkins Matchbox Your True Love SUN 261 VG,24.99,0.0390
v1|298556481062|0,"Aerosmith ""Toys In The Attic"" LP (1975)",9.99,0.0390
v1|267748695822|0,Vintage Dan Fogelberg 8 Original Assorted Vinyl LP Albums 33RPM,5.00,0.0390
v1|257652120916|0,"SYSTEM F out Of The Blue (Remixes) TSUNAMI 12"" VG++ Netherlands trance",5.00,0.0390
v1|398251043965|0,KOOL & THE GANG Best Of DE LITE Funk | Breaks |  LP HEAR,9.99,0.0390
v1|168589136046|0,SOUL Madeline Bell I'm Gonna Make You Love Me Mod 1007 1967 NM PROMO,20.00,0.0390
v1|358879163718|0,Tchaikovsky The Six Symphonies and Manfred 7 X Vinyl Angel Box Set SGE-3847,19.00,0.0389
v1|178373037075|0,45's Rock Rockabilly Garage Country Soul 60's 70's w/rare DJ most w/orig sleeves,2.45,0.0389
v1|407117472303|0,"Lethal Conceptions ""State Of Shock"" Gangsta Rap 12"" Lethal Conceptions HEAR",7.99,0.0389
v1|206445979822|0,"T'PAU -Heart and Soul - Vinyl 12"" Single (45 RPM)",3.00,0.0389
v1|227459272620|0,Linda Ronstadt Heart Like a Wheel LP 1974 Capitol ST-511358,7.95,0.0389
v1|227457551273|0,Tom Petty And The Heartbreakers - Long After Dark Vinyl 1982 Backstreet Records,9.99,0.0389
v1|307102676355|0,MADONNA 13 USA 7” Lot Including Promos,9.99,0.0389
v1|227459497397|0,Lot Of 25 Jazz Swing Big Band Vinyl Records Various Artists LP’s,40.00,0.0389
v1|336722335270|0,Pic Sleeve: Bullet Boys: For The Love Of Money,3.50,0.0389
v1|137579343905|0,ERROLL GARNER “Paris Impressions Vol 1” (1958 Stereo Vinyl LP) VG+!!,1.99,0.0389
v1|168575391905|0,1973 STEVIE WONDER Innervisions - Tamla T3261 - LP,12.00,0.0389
v1|257651829088|0,"PHANTOM ROCK The Story Of MCB Bop SMOKIN 12"" VG+ 1985 rap ",5.00,0.0389
v1|178375234701|0,Uncles Estate ~ ISLE OF WIGHT / ATLANTA POP FEST SEVENTIES / GF 3 lps / VG+ EXC,9.99,0.0388
v1|358879050565|0,"The Trends ""Gonna Have To Show You"" Northern Soul 45 ABC-Paramount Promo mp3",18.50,0.0388
v1|366573762105|0,The Pine Ridge Boys - Just Tell Me That You Love Me Yet - BLUEBIRD 8831 E/E-,19.99,0.0388
v1|257651634298|0,"MASSIMI BARSOTTI Whole Lotta Love FUZZ 12"" VG++/+ Italo-disco Led Zeppelin",10.50,0.0388
v1|178364391736|0,"Jerry Garcia & John Kahn Pure Jerry February 28, 1986 RSD Gold Vinyl LP Sealed",27.00,0.0388
v1|800450522735|0,"Bo Diddley, The Originator: LPS-3001 Checker compilation 1966",5.50,0.0388
v1|398241296131|0,"STEVE MARTIN ""LETS GET SMALL"" LP 1977 WARNER BROTHERS RECORDS BSK 3090 7c",5.00,0.0388
v1|206460435916|0,78 RPM  'The Other Piper' by Star Bright Classics,4.44,0.0388
v1|398245080767|0,Debby Boone with the Boones,1.80,0.0388
v1|168571169369|0,Margie Joseph 1970 Soul 45 on Volt ~ Sweeter Tomorrow ~ Hear,9.99,0.0388
v1|178369795614|0,"Paul Hardcastle - ""19"" - 12"" Single",1.00,0.0388
v1|377391713240|0,"C3PO ANTHONY DANIELS Star Wars Adventures In Colors 7"" 45 RPM RECORD Vinyl USED",5.00,0.0387
v1|336726314670|0,PABLITO AND HIS ORCHESTRA CHARANGA & LATIN DANCES PALACE RECORDS SALSA LP ,7.77,0.0387
v1|188709932627|0,Wilton Crawley - Geechie River Blues - OKEH 8492 V,19.99,0.0387
v1|227459689491|0,Sacred Reich Ignorance LP Vinyl Record Metal Blade 2021 Blue SIGNED BY BAND,99.99,0.0387
v1|168571169307|0,The Queen City Show Band 1967 Soul 45 ~ True Patron of the Arts ~ Promo ~ Hear,9.99,0.0387
v1|398241293559|0,"Festival by Santana (Record, 2014)",5.00,0.0387
v1|336722280311|0,"LP Louie Ramirez Ray De La Paz y Su Orquesta - Con Cache , Salsa Caiman OG LBL M",49.95,0.0387
v1|227459212962|0,The Tremeloes 45 RPM - Here Comes My Baby / Gentleman Of Pleasure - Epic 1967 ,2.81,0.0386
v1|236971861919|0,NORMAN BLAKE - Live At McCabe's - '76 Takoma lbl NM folk bluegrass LP,9.99,0.0386
v1|267745707675|0,Coral Records Dick “Two Ton” Baker Bert The Turtle Fuzzy Wuzzy,5.00,0.0386
v1|257657164303|0,THE DOORS L.A. Woman (1979) Elektra EKS-75011 RE 1979 LP,15.00,0.0385
v1|377389408366|0,Juice Newton & Silver Spur -After The Dust Settles Vinyl Record LP Southern Rock,3.99,0.0385
v1|178374890172|0,Tony Orlando & Dawn - To Be With You - Vinyl - Elektra Records - LP 7E-1049,1.00,0.0385
v1|398250549733|0,"Johnny Cash At San Quentin 12"" Vinyl Record",15.99,0.0385
v1|168584318330|0,HELEN HUMES-RARE DOOTONE LABEL BLUES-4-SONG HARD COVER-EP+45-(SINGS/SWINGS)--PIC,49.99,0.0385
v1|287499522041|0,Jerry G & Co. (Jerry G. Bishop) The Road to Life/She’s Gone” WCFL Radio Chicago,9.99,0.0385
v1|307097569540|0,"MR MISTER - I WEAR  THE FACE - 1986 MEXICAN LP, POP ROCK",19.99,0.0385
v1|257657568558|0,LP Original 1961 Tab Hunter Young Love EX/VG+ W Picture Sleeve 45,14.00,0.0385
v1|158129662177|0,Little Walter 60s Chicago Blues 45 on Checker Don’t Have To Hunt No More ~ Hear,9.99,0.0384
v1|336722335905|0,Pic Sleeve: Michale Bolton: (Sittin' On) The Dock Of The Bay,3.50,0.0384
v1|318668797114|0,"Oklahoma! Rodgers and Hammerstein, Vinyl Record LP Capitol Records High Fidelity",8.90,0.0384
v1|407117212806|0,Chuck Berry – Chuck Berry’s Golden Decade (Chess) 2CH-1514 EX Double LPs!!,1.93,0.0384
v1|398242542967|0,Jefferson Starship LP. Blows Against The Empire. RCA Records LSP-4448. Gatefold,9.00,0.0384
v1|377389407948|0,Olivia Newton John - If You Love Me Let Me Know 1974 Vinyl Record LP MCA-411 Pop,3.99,0.0384
v1|398251136405|0,Skagarack – S/T LP MCA-42074 1980s AOR Melodic Rock Denmark,5.85,0.0384
v1|147478666023|0,G. Dep Everyday Remix Single Vinyl 2001 Album Rap Hip Hop Lp Record,7.00,0.0384
v1|188734668578|0,"WANG CHUNG - EVERYBODY HAVE FUN TONIGHT 12"" Vinyl 1986 RECORD 0-20551 NM",9.88,0.0383
v1|287499922007|0,Pink Floyd Saucerful of SecretS 2014 Blue Vinyl LP Record Reissue M-,18.00,0.0383
v1|257658103086|0,"TROIANO We All Need Love CAPITOL 12"" VG++/VG+ 1979",5.00,0.0383
v1|188713427152|0,Billie Holiday - All Of Me - OKEH 6214 E-,46.00,0.0383
v1|158135597100|0,Devo 'Q: Are We Not Men?' Vinyl LP Album Record 1978 BSK 3239,10.99,0.0383
v1|377389434089|0,Elvis Presley - King Creole LP - 1960's White Top Stereo in VG Condition,16.50,0.0382
v1|257658124899|0,"UNIQUE What I Got Is What You Need PRELUDE 12"" NM HEAR",5.00,0.0382
v1|236980319875|0,Pink Floyd The Wall 2LP 1979 Columbia PC2 36183 Vinyl Gatefold w/ Inner Sleeves,18.50,0.0382
v1|168583900491|0,7 original Beatles 45s Hey Jude/Revolution Helter Skelter/Got to Get You plus 6,15.00,0.0382
v1|188726497722|0,Hot Bluegrass Bopper 45 CENTER BROTHERS & FRED SPENCER Walkin' WIZARD hear EX,5.00,0.0382
v1|158150131674|0,"Dove Shack ""Summertime In The LBC"" Rap Hip Hop 12"" Rush Associated",10.50,0.0382
v1|168571169328|0,Penny Rae 1962 Soul 45 on Infinity ~ Shame Shame Shame ~ Promo ~ Hear,9.99,0.0382
v1|377382587821|0,DIRE STRAITS - COMMUNIQUE - WARNER BROTHERS W/ORIGINAL SLEEVE - REALLY NICE!!!,17.50,0.0382
v1|298554239233|0,EDDY ARNOLD ~ SELF TITLED ~ 1958 ~ 45 RPM ~ EP ~ RECORD EX  COVER EX,0.99,0.0382
v1|117338358016|0,Dennis Brown My Time 7” 45 RPM (DEB Music) EX!,9.99,0.0382
v1|188718220798|0,Elvis Presley Good Times LP Vinyl RCA Victor CPL1-0475 Stereo 1974 VG+,6.00,0.0382
v1|206457726651|0,Michael Jackson - Thriller LP - Epic Shrink,48.00,0.0382
v1|236980286326|0,The Allman Brothers Band At Fillmore East LP Capricorn SD2-802 Pink Label VG,10.50,0.0382
v1|398241268942|0,"Jim Croce, You Don’t Mess Around With Jim, LP ABC Records, 1972",16.00,0.0382
v1|257651770942|0,"NOTORIOUS B.I.G. Juicy BAD BOY 12"" VG+ ",7.00,0.0382
v1|128007475868|0,Jukebox 45 & Title Strip Huey Lewis & The News Hip To Be Square Cleaned Tested,2.49,0.0382
v1|307097569506|0,"LOS PERSUADERS - LOS PERSUADERS - 1965 MEXICAN LP, SURF",24.99,0.0382
v1|407117235653|0,"EPMD ""Strictly Business"" Rap Hip Hop 2xLP Priority Reissue",10.50,0.0381
v1|267745935683|0,"Emerson, Lake & Palmer – Love Beach Vinyl LP VG+/VG+",3.50,0.0381
v1|128012296857|0,"4pc Emmylou Harris Vinyl 12"" Record LP Album Bundle incl. Blue Kentucky Girl (G)",7.99,0.0381
v1|128007721001|0,BOBBY VINTON:Greatest Hits Epic BN 26098 LP 1965 G+/VG-,4.00,0.0381
v1|358878931293|0,"Jimmy Bailey ""Everytime"" Northern Soul 45 Columbia Promo mp3",132.50,0.0381
v1|398250549598|0,Original Soundtracks and Music From The Great Motion Pictures UAS 6303 LP,9.99,0.0381
v1|278241455146|0,Bob Seger and the Silver Bullet Band - Against the Wind 1980 SOO-12041 Near Mint,9.00,0.0381
v1|407117147420|0,"Brother Arthur ""What You Gonna Do"" Indie Rap 12"" C-Ya Entertainment HEAR",10.50,0.0381
v1|188734578574|0,PABLO CRUISE - WORLD’S AWAY Vinyl LP A&M Records 1978 SP-4697,2.49,0.0380
v1|188734663509|0,THE KNACK - GET THE KNACK Vinyl LP RECORD 1979 My Sharona SO 11948 NM,9.88,0.0380
v1|158133322740|0,Beck - Morning Phase (2014) 180 Gram Vinyl LP Near Mint,9.99,0.0380
v1|358878805019|0,"Billy Butler ""I'll Bet You"" Northern Soul 45 Brunswick mp3",9.99,0.0380
v1|178368017463|0,MICHAEL NESMITH 3 CD LOT  AND THE HITS  LISTEN TO THE BAND  MAGNETIC  AUDIO NM/M,6.99,0.0380
v1|407117304696|0,"Homeboy Sandman & Edan ""Humble Pi"" Rap Hip Hop LP Stones Throw",7.99,0.0380
v1|298537124952|0,Eric Clapton No Reason To Cry LP 1976 RSO RS-1-3004,5.00,0.0380
v1|117295823893|0,Vintage Vinyl/LP. Sonora Santanera. Con Un Beso. Salsa/Bolero. EX-5127. READ!,19.99,0.0380
v1|336722335305|0,Pic Sleeve: Alice Cooper: You And Me,3.50,0.0380
v1|366571811488|0,Sweet Pease Spivey - 410 Blues - DECCA 7237 V+/V,19.99,0.0379
v1|117336590950|0,Newburg Acapella Radio Chorus -Jesus I Want To Thank You- Gospel LP - Hear,9.99,0.0379
v1|188714908558|0,Led Zeppelin Zoso 1971 Vinyl Record,5.50,0.0379
v1|158129662175|0,The Jones Girls 1983 Disco Soul 45 on RCA On Target ~ Promo ~ Hear,9.99,0.0379
v1|188733455412|0,"Vintage ""The Sesame Street Book & Record"" Vinyl Album (1970) RECORD & COVER ONLY",10.00,0.0379
v1|206461502451|0,The Melachrino Strings And Orchestras - April In Paris RCA Victor 1963 Vinyl LP,5.80,0.0379
v1|117338331608|0,"Chicago X, Columbia PC-34200, 1976, VG+",1.99,0.0379
v1|327292181196|0,The Continental (Renzo Cesana)-This Is My Beloved-10” Columbia LP CL 6247,19.95,0.0379
v1|168571169344|0,Jimmy Hughes 1967 Soul 45 on Atlantic ~ It Ain’t What You Got ~ Hear,9.99,0.0378
v1|407115054705|0,Merry Christmas From Captain Kangaroo Lp,6.99,0.0378
v1|267745733288|0,Prince For You Vinyl Record 1978 VG+,9.11,0.0378
v1|128007289091|0,TOMMY ROE - Greatest Hits 12 in a Roe LP w/ INNER 1969 ABCS700 Vinyl,2.35,0.0378
v1|366581824015|0,Johnny Cash  LP The Sings That Made Him Famous SUN DT 90568 Record Club 1966 VG+,2.80,0.0378
v1|307102879589|0,INK SPOTS ~ SELF  TITLED VOL.2 ~ 195? ~ 45  RPM EP ~ RECORD  NM  COVER NM,0.99,0.0378
v1|366583744725|0,"Kool Keith feat. Kutmasta Kurt ""Diesel Truckers"" Rap Hip Hop 2xLP DMAFT SEALED",10.50,0.0377
v1|257651959811|0,"ROLLING STONES Sexdrive RSR 12"" VG++ PROMO ",5.50,0.0377
v1|137558307773|0,JIMMY CLIFF Music Maker  REGGAE  LP REPRISE SHRINK,9.99,0.0377
v1|137578799289|0,Joe Barry 45 Rpm (I Got A Feeling/I’m A Fool To Care) Mercury S-1702,2.00,0.0377
v1|287499636215|0,THE IKE AND TINA TURNER SHOW - LIVE! 1965 WARNER BROS LP,11.99,0.0377
v1|278240980702|0,PREWAR JAZZ 78 • Wingy Mannone’s Orchestra • Champion 40005 • Tar Paper Stomp,14.99,0.0376
v1|318669280814|0,Elvis Presley lot 4 burning love welcome to my world how great the art. Hands n,9.99,0.0376
v1|278249891355|0,"Elvis Presley Elvis Now RCA Victor LP 12"" LSP-4671",9.99,0.0376
v1|168584166381|0,"Thomas Dolby - Dissidents: The Search For Truth Parts 1-2 (12"", Single) 45 rpm",1.00,0.0376
v1|257652015306|0,"SANDY RIVERA FEAT. LT BROWN Come Into My Room DEEP VISION 12"" VG+ ",5.00,0.0376
v1|336722335214|0,Pic Sleeve: Chicago: If She Would've Been Faithful�,3.50,0.0376
v1|267745917840|0,JETHRO TULL War Child LP Chrysalis Records CHR 106 1974,4.95,0.0376
v1|358875781682|0,Walt Disney The Fox And The Hound Picture Disc Record 1981 Vinyl VG+/G+,9.99,0.0376
v1|336722335211|0,Pic Sleeve: Blue Oyster Cult: Burnin' For You,3.50,0.0376
v1|117338510276|0,Dennis Brown Make It Easy On Yourself 7” 45 RPM (Studio One) EX!,9.99,0.0375
v1|137578825797|0,"The Fifth Estate, Ding Dong!The Witch Is Dead/The Rub-A-Dub,Jubilee 45 RPM Vinyl",2.00,0.0375
v1|188726497727|0,Rare PA Bluegrass 45 THE BLUE GRASS GENTS Will You Wait / Sunny Side TERU hear,5.00,0.0375
v1|267745925117|0,The Fifth Dimension Portrait 1970 Bell Records Bell 6045 Vinyl LP Record Album,3.99,0.0375
v1|800450469183|0,Mabel - about last night ...,2.99,0.0375
v1|257651523169|0,"LOLEATTA HOLLOWAY Crash Goes Love VOGUE 12"" VG+ FRANCE HI-NRG",5.00,0.0375
v1|298553891136|0,ROD STEWART Blondes Have More Fun Vinyl Lp 1978 Press Warner BSK-3261 Gatefold ,5.00,0.0375
v1|206462527511|0,Bobby Bland - Best Of Bobby Bland Vol. II  LP - Duke Stereo SEALED,8.00,0.0375
v1|298554460893|0,Orginal Broadway Cast Recording LP-BIG RIVER-The Adventures of Huckleberry Finn,4.99,0.0374
v1|168584155043|0,Petula Clark- Color My World / Who Am I LP vinyl record Warner Bros. W 1673,1.00,0.0374
v1|168589406729|0,Sobrinos De Cheech & Chong Big Bambu Ode Records SP 77014 VG/VG+ No Paper,9.99,0.0373
v1|318669371841|0,Fleetwood Mac - Kiln House - 1970 Reprise Gatefold EX/EX - Jeremy Spencer,23.00,0.0373
v1|298553765421|0,1982 The Musical Magic Of Christmas The Magic Organ R2001 Rangoon Records LP33,2.01,0.0373
v1|168583776002|0,2010 Jimi Hendrix Valleys of Neptune Double LP - NM Booklet Included EXC/VG+,22.95,0.0373
v1|278240953325|0,PREWAR JAZZ 78 • Louis Armstrong • Columbia 2606 • All Of Me • Home V+,18.99,0.0373
v1|407117468559|0,Jim Croce 'You Don't Mess Around with Jim' Vinyl LP Record (1972) ABCX 756,12.50,0.0372
v1|188734196722|0,"Even In Arcadia 12"" LP Gold Colored Vinyl 2 LP RCA Limited",40.00,0.0372
v1|336722326026|0,"ERIC CLAPTON ""No Reason To Cry"" 1976 (RSO/RS13004)",4.00,0.0372
v1|117341316571|0,Black Sabbath Heaven and Hell Album Vinyl LP Record Ronnie James Dio VG+/VG+,9.99,0.0372
v1|336722645687|0,16x LP Record Lot Mixed Grade Sherman Lampoon Jones,8.00,0.0372
v1|407102649325|0,YELLOWMAN versus JOSEY WALES Two Giants Clash REGGAE LP SHRINK NM,11.55,0.0372
v1|257651786936|0,"ODYSSEY Going Back To My Roots RCA VICTOR 12"" VG+ ",5.00,0.0372
v1|307104376405|0,"Warren Covington and the Tommy Dorsey Orchestra - It Takes Two... Record LP12""",3.02,0.0371
v1|257652081789|0,"SPECIAL ED I Got It Made PROFILE 12"" VG++ ",5.00,0.0371
v1|227459473857|0,"University of Tennessee Marching Band "" Fight Songs Of The South “",6.99,0.0371
v1|358878925603|0,"Jean Plum ""Look At The Boy"" 70's Soul 45 Hi UK mp3",9.99,0.0371
v1|298554499685|0,"Rush ""Signals"" LP Mercury SRM-1-4063 1982",10.00,0.0371
v1|198542661678|0,André Previn David Rose Like Young LP MGM E3716 Easy Listening Vinyl Record,1.50,0.0370
v1|287501230205|0,"RARE 50'S BILLY BILLIE HOLIDAY AT JAZZ AT THE PHILHARMONIC EP C-299 7"" RECORD",59.00,0.0370
v1|336722645688|0,16x Rock LP Record Lot Mixed Grade Osmonds Newton Smothers,8.00,0.0370
v1|298553971612|0,JIMMIE RODGERS - Moonlight And Skies / Rock All Our Babies To Sleep (Excellent),12.00,0.0370
v1|188734668968|0,ROGER SANCHEZ - I NEVER KNEW 2 X Vinyl 1999 RECORD 45 RPM House RSNL 003 NM,11.99,0.0369
v1|227459635498|0,Rodney Dangerfield Vinyl LP Lot of 2 No Respect & The Loser Comedy,9.99,0.0369
v1|407117219373|0,"""Supergroup"" 2-LP's, 1976 Rock-Pop Promo Various, Warner Brothers Nice EX Slade",9.99,0.0369
v1|198542940367|0,George Harrison Concert For Bangladesh Beatles Ravi Shankar LP Vinyl Album Lot,6.99,0.0369
v1|336722434988|0,Rush Permanent Waves Vinyl LP 1980 Mercury SRM-1-4001 VG+/VG,16.00,0.0369
v1|168569467080|0,CUBAN ~ RITA MONTANER ~ NICE ~ EL MANISERO ~ HEAR ~ 78 RPM  ~ X 6580,25.00,0.0368
v1|188734661103|0,LITTLE FEAT - DOWN ON THE FARM Vinyl LP RECORD 1979 Album HS 3345 NM,9.77,0.0368
v1|257651630002|0,"MARSHALL JEFFERSON The House Music Anthem TRAX 12"" VG+ ",7.50,0.0368
v1|128007289065|0,Vintage K-Tel - Bright Side Of Music 1973 Vinyl LP TU 230 No Cover,2.35,0.0368
v1|158129667147|0,Wylie Trass 1969 Soul 45 on ABC ~ That Soul Thing ~ Hear,9.99,0.0368
v1|137560231951|0,AFRICAN ~ SOLOMON LINDA'S EVENING BIRDS ~ HEAR ~ 78 RPM  ~ A 1148,150.00,0.0368
v1|227462486711|0,Vinyl records Mix lot of 4 Cuban music in vg good condition / Lot 2,25.30,0.0367
v1|278241412002|0,LITTLE RIVER BAND “THE NET” ~(gold stamp promo) ENTIRE ALBUM EXCELLENT CONDITION,8.00,0.0367
v1|358878889537|0,"Faye Crawford ""What Have I Done Wrong"" Northern Soul 45 RCA Victor Promo mp3",26.00,0.0367
v1|358878889537|0,"Faye Crawford ""What Have I Done Wrong"" Northern Soul 45 RCA Victor Promo mp3",26.00,0.0367
v1|800450474647|0,"THE DAMNED ""Anything"" - MCA 5966 - Orig. Vinyl LP Record",11.50,0.0367
v1|137579067542|0,45 RECORD - THE WILLOWS - CHURCH BELLS MAY RING EX First Press Doowop ,5.50,0.0367
v1|278248300674|0,Classic Rock Lot of 4  Vinyl LP John Mellencamp-James Taylor-Winwood-The Hollies,14.99,0.0367
v1|188714844414|0,Led Zeppelin Houses of The Holy 1973 Vinyl Record,10.50,0.0367
v1|307099899301|0,Christine McVie The Legendary Christine Perfect Album LP Fleetwood Mac Vinyl NM,9.99,0.0367
v1|188737570211|0,"ANDY GIBB *DJ COPY* ""ME (WITHOUT YOU)"" 45 RPM",2.99,0.0367
v1|398243478177|0,"The Doobie Brothers The Captain and Me 12"" Vinyl LP Warner Bros. Rock",10.00,0.0366
v1|178368114720|0,"The Cretones Snap Snap LP ,M-record, and cover With the original inner sleeve ",6.00,0.0366
v1|257651827734|0,"PETER GABRIEL Shock The Monkey GEFFEN 12"" VG++ ",7.00,0.0366
v1|188734122863|0,2 LP's. Elvis Presley. G.I. Blues. / Blue Hawaii. Both Living Stereo,4.00,0.0366
v1|298560346282|0,Capital -78 RPM -David Street -HERE YOU ARE / Ella Mae Morse - COW COW BOOGIE #2,4.99,0.0366
v1|366581664735|0,"Goldfinger And Other Music From James Bond Thrillers (LP, 1965) - Ray Martin",2.95,0.0366
v1|257657734093|0,STAVE MILLER BAND RECALL THE BEGINNING A JOURNEY FROM EDEN LP Capitol SMAS-11022,14.95,0.0366
v1|407117206381|0,"Diamond & Psychotic... ""Stunts, Blunts... INST."" Rap Hip Hop 2xLP Dusty Fingers",15.50,0.0366
v1|358879031919|0,"The Exits ""You Got To Have Money"" Northern Soul/Sweet Soul 45 Gemini mp3",20.50,0.0366
v1|298554566948|0,Roger Waters (Pink Floyd) music from The Body LP Harvest SHSP4008 1970,20.00,0.0365
v1|377389407474|0,Loggins And Messina–Mother Lode - Vinyl Record LP 1974 Columbia Records,2.99,0.0365
v1|358799063449|0,Victor 20927 Ernest Phipps Holeness Qrt DO LORD 78rpm E-/EE-Country BRISTOL SESS,40.00,0.0365
v1|128002833849|0,"Quincy Jones - Tomorrow (A Better You, Better Me) 12 inch promo single",6.99,0.0365
v1|336726308003|0,FRANKIE RUIZ MI LIBERTAD TH RODVEN RECORDS SALSA LP HEAR ,36.00,0.0365
v1|298554002126|0,EMERSON LAKE AND PALMER - PICTURES AT AN EXHIBITION VINYL LP RECORD,4.99,0.0364
v1|158147494974|0,Ike & Tina Turner Ike & Tina's Greatest Hits SUE LP 1038 VG 1st Press,39.99,0.0364
v1|178375016928|0,Circle One Patterns of Force LP Ex/Nm Circle Jerks Black Flag Suicidal Germs,45.00,0.0364
v1|287499640632|0,ZZ TOP  ZZ Top's First Album LP 1978 BUE/TEXAS BLUES ROCK NM- NM-,19.99,0.0364
v1|257651869188|0,"PRINCE Batdance WARNER BROS 12"" VG++",5.00,0.0364
v1|298560346427|0,Columbia 78 RPM - Woody Herman - PUT THAT RING ON MY FINGER / BIJOU #25,4.99,0.0364
v1|128007332244|0,2 LP Lot The Spinners   Happiness is being with the Spinners & Mighty Love  EX,9.95,0.0363
v1|358878925087|0,"Jean Plum ""Here I Go Again"" Crossover Soul 45 Hi Promo mp3",46.99,0.0363
v1|358878753237|0,JOHNNY NASH: STIR IT UP / OOH BABY YOU'VE BEEN GOOD TO ME - 1972 EPIC 45 - HEAR,4.99,0.0363
v1|137579323346|0,JOYOUS NOEL COLLECTORS EDITION 4 RECORDS 38 ARTISTS,3.00,0.0363
v1|178357855247|0,Johhny Devlin & The Devils Aussie press Teen label 45rpm 1959 Rock & Roll,5.00,0.0363
v1|358879049048|0,"The Revolution Of St. Vincent ""Little You Say"" Islands Soul Funk 45 WIRL mp3",16.50,0.0363
v1|407121074368|0,Mac DeMarco Another One Special Edition Olive Vinyl Instrumental White Label LP,44.99,0.0363
v1|117337898441|0,Beethoven Lot Of 4 Vinyl Lp Record Albums Ex Condition,15.00,0.0363
v1|307108977680|0,Earth Wind & Fire Spirit Certified Gold Album ,20.00,0.0363
v1|127997370451|0,THE ROLLING STONES ROLLED GOLD UK PRESSED EXPANDED 4 LP COLLECTION GATEFOLD SET,129.99,0.0363
v1|168571169374|0,The Little Big Horns 60s Soul 45 on Sola-Topi ~ It Was A Very Good Year ~ Hear,9.99,0.0363
v1|168584167229|0,Mafia label - Echoes Of a Rock Era: Middle Years 1972 Roulette Double LP,1.00,0.0362
v1|358872128129|0,LaVern Baker	I Cried A Tear  - JAMAICA?,5.99,0.0362
v1|307097570990|0,"FELICIDADES 1986 / 87 RADIO EXITOS 790, PETER GABRIEL / LUCIO DALLA, 1986 MEX LP",19.99,0.0362
v1|267746503616|0,"Billie Holiday - History Of The Real Billie Holiday - 2LP 1977 Verve Records, VG",3.51,0.0362
v1|267745725426|0,"RAVEL'S BOLERO FROM ""10"" BO DEREK POSTER 7"" 1979 GREAT CONDITION!",6.00,0.0362
v1|128011024543|0,Lot of 11 1960's United Artists 45 Company Sleeves Northern Soul Rock Pop,19.99,0.0362
v1|257651828229|0,"PETER SCHILLING Major Tom ELEKTRA 12"" NM",6.50,0.0362
v1|307097569531|0,"GARY LEWIS & THE PLAYBOYS - GARY LEWIS & THE PLAYBOYS - 1977 MEXICAN LP, BEAT",14.99,0.0362
v1|257657967651|0,Aerosmith Permanent Vacation LP Record Shrink GHS 24162,9.01,0.0361
v1|278241688470|0,Elton John – Don't Shoot Me I'm Only The Piano Player MCA2100 Vinyl LP VG+/EX,9.00,0.0361
v1|318668297448|0,Various – Explosive Doowops Vol. 1 - 19 Dynamite Sides - US Doo Wop Compilation,4.99,0.0361
v1|137570253132|0,Bob & Pauline Wilson Somebody Loves You lp Seawind Ultrasonic Clean + Bonus CD,7.99,0.0361
v1|358879024320|0,"The Blossoms ""One Step Away"" Northern/Sweet Soul 45 Bell Promo mp3",33.00,0.0361
v1|398241328042|0,bob dylan saved vinyl,10.00,0.0361
v1|188718161820|0,Lydia Mendoza - La Aguililla (Yo Te Pregunto) - RCA VICTOR 23-5622 E+,19.99,0.0361
v1|137564972720|0,LIGHTNIN' HOPKINS Strikes  TEXAS BLUES LP BELL SOUND 1972 Tradition Everest 2103,9.99,0.0361
v1|318668762884|0,Dave Clark Five Paradise (Is Half As Nice)- 34-06 US Promo 45 & Picture Sleeve,34.99,0.0360
v1|158129662151|0,Jimmy Hicks 1972 Funky Soul 45 on Big Deal ~ I’m Mr. Big Stuff ~ Hear,9.99,0.0360
v1|178370345746|0,"Foreigner - ""Double Vision"" - LP",5.00,0.0360
v1|178363070435|0,Rare KY Bluegrass J.D. CROWE 45 THE KENTUCKY MOUNTAIN BOYS Black /You're KING EX,8.00,0.0360
v1|307103148938|0,ELVIS PRESLEY EPA-747 EP 1956 1st Press G2WH Dog on Top Vinyl ,17.88,0.0360
v1|366581660645|0,Eduard Van Beinum Concertgebouw Orchestra Amsterdam Brahms Academic Tragic VG+,9.50,0.0360
v1|287499460232|0,Bob Dylan Self Titled 1973 Columbia Records PC 32747 Vinyl LP Terre Haute Press,19.99,0.0360
v1|377389407655|0,Harry Chapin - Dance Band on the Titanic - Elektra 93-301 Gatefold Vinyl 2x LP,4.99,0.0360
v1|800454443699|0,Diana Ross & The Supremes - Supreme Rarities 4xLP - Third Man/Motown VG+ Shrink,8.00,0.0360
v1|336722356468|0,"PAT BOONE - THE BEST OF, WARWICK, VINYL LP, 22 ORIGINAL HITS UK IMPORT, 1980 VG+",9.99,0.0360
v1|227459592843|0,"The True Gospel Sounds - Best Of Wheelersburg, Ohio Gospel Record RR-42122 1981",4.99,0.0359
v1|278249585157|0,Billy Joel 52nd Street Vinyl LP Record Columbia VG/NM,5.00,0.0359
v1|168571169410|0,Diamond Joe 1966 Soul 45 on Sansu ~ Hurry Back To Me ~ Hear,9.99,0.0359
v1|358878802511|0,"Beverly Shaffer ""Even The Score"" Northern Soul 45 One-Derful mp3",23.00,0.0359
v1|236980220440|0,Jefferson Airplane-(Paul Kantner and Grace Slick)- Sunfighter LP Grunt 1971,5.99,0.0359
v1|158136613627|0,THE KINKS - MUSWELL HILLBILLIES - RCA GATEFOLD - REALLY NICE!!!,14.00,0.0359
v1|117338499305|0,Dennis Brown Foot Of The Mountain 7” 45 RPM (Impact) EX!,9.99,0.0359
v1|407116754323|0,Silver Tone Records Set of 19 Red Vinyl 78 RPM Records with Storage Box Used VTG,8.56,0.0359
v1|257621027704|0,Okeh 45259 Fiddlin John Carson AIN'T NO FLIES ON ME Jerry Garcia 78rpm Country,30.00,0.0359
v1|800433890781|0,Pointer Sisters,15.00,0.0358
v1|377391682283|0,"PAUL REVERE RAIDERS Over You / Swim 1964 Garage 7"" Promo 45RPM RECORD Vinyl USED",5.00,0.0358
v1|257657723720|0,SATANA ZEBOP! LP Columbia Records FC 37158 1981,4.95,0.0358
v1|257651981877|0,"RUN DMC My Adidas PROFILE 12"" VG++ ",7.50,0.0357
v1|158150269461|0,"Jay-Z ""Reasonable Doubt"" Rap Hip Hop 2xLP Roc-A-Fella 2004 Reissue",21.50,0.0357
v1|407115054139|0,The Ricky Nelson Story Lp,8.99,0.0357
v1|366581746417|0,RARE OLD VINLY RECORD ALBUM 33 James Gang Rides Again Joe Walsh VINTAGE ANAMAY,5.00,0.0357
v1|178368713306|0,Blackie Forestier Lonesome Night / A Little Bit More 45 822 Cajun Jamboree VG+,20.00,0.0357
v1|278241411661|0,The James Gang 16 Greatest Hits Vinyl Double LP  ABCX-801/2 COVER VG / VINYL VG,5.00,0.0357
v1|407106969679|0,HOUND DOG TAYLOR & The House Rockers SHRINK CHICAGO BLUES LP Alligator 4701 NM,9.99,0.0357
v1|236980313881|0,FLEETWOOD MAC- Then Play On  Vinyl LP REPRISE RS 6368 (VG+/VG),9.50,0.0356
v1|800451926511|0,THE CHARTERS 45RPM '64 MERRY-GO-ROUND LOST IN A DREAM DOO WOP BALLAD REPRO M-,8.00,0.0356
v1|407117169136|0,"Crash Crew ""S/T"" Rap Hip Hop LP Sugar Hill Reissue",7.99,0.0356
v1|298554382549|0,FRANKIE LAINE & JO STAFFORD ~ SELF TITLE ~ 1954~ 45 RPM EP ~ RECORD NM  COVER NM,0.99,0.0356
v1|188733364848|0,"Heatwave NM 45 rpm ""Boogie Nights"" on Epic Records Vintage Vinyl Single Disco A+",3.00,0.0355
v1|158129662165|0,Spare Change 1970 Soul 45 on Vanguard ~ Alive and Well ~ Promo ~ Hear,9.99,0.0355
v1|206460728382|0,1963 Mario Lanza - Love Songs and a Neapolitan Serenade Vinyl Record Album,3.00,0.0355
v1|800451478348|0,"THE JEFF HEALEY ""See The Light"" - Arista AL-8553  -  Orig. Vinyl LP Record",9.99,0.0355
v1|178363959077|0,Grateful Dead Dick’s Picks Volume 33 9/10/76 & 10/9/76 8xLP Box Set Vinyl Sealed,104.50,0.0355
v1|287501207031|0,The Doobie Brothers- Toulouse Street Vinyl Lp Warner Brothers 1972 Gatefold,5.00,0.0355
v1|168571169368|0,George (Wild Child) Butler 1966 R&B 45 on Jewel ~ Hold Me Baby ~ Hear,9.99,0.0355
v1|298554207310|0,Bernie Taupin - He Who Rides The Tiger Rock Vinyl LP Elektra/Asylum Sleeve,2.80,0.0355
v1|188724750621|0,78 RPM Blues Sermon   REV. J.M. GATES   Bb 5660   G+    On The Battlefield,15.00,0.0355
v1|366581635539|0,Kenny Rogers - The Gambler (1978) | Vinyl LP - United Artists (UA-LA934-H),2.50,0.0355
v1|257651633759|0,"MARY J. BLIGE You Don't Have To Worry UPTOWN 12"" VG++",5.00,0.0354
v1|257657481933|0,"Gold & Platinum - 12"" Vinyl LP -  Various Artists - 1984 Realm Records - 1P7679",8.99,0.0354
v1|257651876739|0,"PRINCE When Doves Cry (long/short versions) WARNER BROS 12"" VG+ PROMO",10.50,0.0354
v1|298554347328|0,CREWCUTS ~ ON CAMPUS ~ 195?~ 45 RPM EP ~ RECORD EX  COVER EX,0.99,0.0354
v1|257651979847|0,"RUDDY THOMAS Every Day Is Just A Holiday ERROL T 12"" VG+ JAMAICA reggae",5.00,0.0354
v1|307102928651|0,STUART HAMBLEN ~ IT IS NO SECRET ~1956 ~ 45 RPM ~ EP ~ RECORD  NM  COVER EX,0.99,0.0354
v1|188734791065|0,ELVIS COSTELLO & THE ATTRACTIONS - PUNCH THE CLOCK Vinyl LP RECORD FC 38897 NM,9.50,0.0354
v1|366581351741|0,HEAR - Rare Pop 45 - Clare Nelson - Moonlight Swim - Elvis Cover - Epic - Promo,7.99,0.0354
v1|188733869662|0,2 LP's. Elvis Presley. Commemorative Album (2Record set). & A Canadian Tribute,4.25,0.0354
v1|128002707315|0,"WILLIE NELSON! ""THE TROUBLEMAKER"" VINYL ALBUM! 1976 (KC 34112)",1.82,0.0354
v1|336722421156|0,Rush Moving Pictures Vinyl LP Record Album 1981 Mercury SRM-1-4013 VG/VG,16.50,0.0353
v1|158150210569|0,"Genius/GZA ""Liquid Swords"" Rap Hip Hop 2xLP Geffen Reissue",20.50,0.0353
v1|178374890207|0,"DAVID ESSEX: All the Fun of the Fair COLUMBIA 12"" LP 33 RPM WHITE LABEL PROMO",1.00,0.0353
v1|188736783076|0,"Arthur Lyman ""Yellow Bird"" Vinyl Record LP",7.99,0.0353
v1|198537470521|0,"Alberto Pacheco ‎ El Compadre De... Peñaranda latin Merengue, Cumbia rare LP",55.00,0.0353
v1|307093872386|0,Paul Whiteman and his Orchestra Let's Put Out The Lights Victor #24140,6.95,0.0353
v1|398241361601|0,"The 5th Dimension 1971 LP - Love's Lines, Angles And Rhymes Bell 6060",4.00,0.0353
v1|128012300197|0,"4pc Emmylou Harris Vinyl 12"" Record LP Album Bundle incl. Luxury Liner (G)",7.99,0.0352
v1|366575092660|0,Lydia Mendoza - Con Mi Cancion - AZTECA 332 E+,19.99,0.0352
v1|336722394708|0,"BEATLES White Album Vinyl 2LP SWBO-101, w/ Pictures, Serial # 2953479 VG+/G",17.50,0.0352
v1|168569875049|0,AFRICAN ~ DAR ES SALAAM JAZZ BAND ~ HEAR ~ 78 RPM  ~ A 1160,65.00,0.0352
v1|398243478242|0,Songs from the Wood by Jethro Tull,10.00,0.0351
v1|206460695743|0,Stanley Kubrick’s A Clockwork Orange: Movie Soundtrack Warner Bros BS2573,9.48,0.0351
v1|178374890215|0,Janis Ian - Aftertones - Columbia Records - Vg++/ Vg++ White Label Promo,1.00,0.0351
v1|358876719585|0,"B T Puppy 45 RPM Records , The Happenings, Tea Time, Go Away Little Girl ,VG",0.50,0.0351
v1|366579851433|0,"The Moody Blues - This Is The Moody Blues | LP, 1974 (THS 12/13)",6.95,0.0351
v1|366579851433|0,"The Moody Blues - This Is The Moody Blues | LP, 1974 (THS 12/13)",6.95,0.0351
v1|267745935540|0,THE MONKEES LP More Greatest Hits Of The Monkees ARISTA AL 5-8063,8.95,0.0351
v1|318664077254|0,Michael Jackson - Off the Wall LP - Epic,32.00,0.0350
v1|366583657656|0,"Gang Starr ""Step In The Arena"" Rap Hip Hop 2xLP Virgin/UMe Reissue 180g",28.00,0.0350
v1|278249880797|0,"Jack Bruce Songs for a Tailor 12"" Vinyl LP Atco SD 33-306",8.99,0.0350
v1|117337443206|0,"Disney 12"" Picture Disc Soundtrack Record Vinyl Album The Fox and The Hound",8.00,0.0350
v1|298537129926|0,The 5th Dimension Reflections LP Bell 6065,5.00,0.0350
v1|128007721299|0,BARBRA STREISAND:People Columbia CL 2215 LP 1964 VG/G+,1.00,0.0350
v1|158136613631|0,SUPER SESSION - MIKE BLOOMFIELD AL KOOPER STEVE STILLS - COLUMBIA REALLY NICE,1.99,0.0350
v1|398251099424|0,WINGS London Town CAPITOL USA | 1978 | Paul Mccartney | LP Original SEALED,9.99,0.0350
v1|327293286018|0,The Who Live At Leeds Lp Vinyl Record VG+ Album,8.99,0.0350
v1|257657771024|0,LED ZEPPELIN Presence LP SWAN SONG Records SS 5416 1976 Gatefold,19.95,0.0350
v1|188731828442|0,Jazz Vinyl LP Lot of 2 George Shearing When Lights Are Low Hubert Laws Land,0.99,0.0350
v1|178368175708|0,"The Police “Zenyatta Mondatta” LP (1980)  SP-3720  M- Rec & EX Cov,Orig.inner ",18.00,0.0350
v1|227459267236|0,the doors vinyl EKS-74007,25.00,0.0350
v1|168584171427|0,PAUL REVERE AND THE RAIDERS - JUST LIKE US! VINYL LP ORIG. 1966 COLUMBIA CL 2451,1.00,0.0349
v1|407115054928|0,Cheap Trick All Shook Up Lp,6.99,0.0349
v1|336722335278|0,"Pic Sleeve: Debbie Boone: Baby, I'm Yours",3.50,0.0349
v1|267748001312|0,ZAPPA MOTHERS LP Lot UNCLE MEAT Overnight Sensation ABSOLUTELY FREE Burnt Weeny,42.00,0.0349
v1|158148129372|0,ADAM WEST-(BATMAN)-RARE  TV-SERIES PICTURE SLEEVE  45--(MIRANDA)--PS--PIC--SLV,335.00,0.0349
v1|327291336278|0,CHUCK BERRY - ONE DOZEN BERRYS LP.,28.00,0.0348
v1|128002430951|0,"12"" LP & 45~ RED VINYL~ 1966/2023~ LOVE~ DA CAPO Records",29.99,0.0348
v1|267745732725|0,"Columbia Records ""The Union 1861-1865"" Features Civil War Music, Photos, & Tales",1.75,0.0348
v1|298554041428|0,Gogi Grant The Helen Morgan Story Soundtrack RCA Victor Loc 1030 VG Play Tested,3.99,0.0348
v1|158129662199|0,Les Watson & The Panthers 1968 Soul 45 on Pompeii ~ Oh Yeah ~ Hear,9.99,0.0348
v1|407117102062|0,"Audio Two ""I Got The Papers"" Rap Hip Hop 12"" First Priority Promo",7.99,0.0348
v1|307102559194|0,Sam the Sham & The Pharaohs 45RPM “Wooly Bully” 1965 1960s Garage Rock 7” Vinyl,3.00,0.0347
v1|168584109081|0,DMC 1990 MIXES LPs - Lot of 4 - All Mint - Jan/July/2 Feb - LOOK,34.99,0.0347
v1|236980244008|0,Chicago - Greatest Hits – Half-Speed Mastered Audiophile Pressing HAL 43900 EX,38.00,0.0347
v1|117338514912|0,Dennis Brown Something Is Bugging Me 7” 45 RPM (Studio One) EX!,9.99,0.0347
v1|188714817845|0,Jimi Hendrix Band of Gypsies 1970 Vinyl Record,5.50,0.0347
v1|398251103943|0,Jewish Hebrew - 2 Lot Vinyl LP's-Yaffa Yarkoni- Shabbat At Home Records,3.20,0.0347
v1|178367940619|0,Disney's Christmas Favorites Vinyl Record 13 All-Time Favorites 1979,5.00,0.0346
v1|298553889768|0,JEFFERSON AIRPLANE- The Worst Of Jefferson Airplane - Vinyl LP AYL1-3661 A 1970,5.75,0.0346
v1|298560346406|0,Columbia 78 RPM - I'VE GOT THE WORLD ON A STRING / LOVE ME #31,4.99,0.0346
v1|307102580333|0,Gregory Abbott 45RPM “Shake You Down” 1986 80s Slow Jam Soul R&B 7” Vinyl PS NM,3.00,0.0346
v1|298554768364|0,1986 Top Gun Soundtrack Vinyl Album DJ COPY NEVER PLAYED OR REMOVED NM EX ,27.50,0.0346
v1|128007389234|0,"Eric Clapton 45rpm Record , Layla / Signe , NM CONDITION , Biggest Record Sale",5.00,0.0346
v1|147483632555|0,Super Hits Stars Super Hits Vol 1 & 2 2LP Columbia Musical Treasures Shrink Viny,8.99,0.0346
v1|398245206208|0,Barbra Streisand - Memories - 1981 LP Columbia TC 37678 Vinyl Record,1.62,0.0346
v1|318664077252|0,"Michael Campbell - We Are Making Music 12"" - Land Of Hits - Disco Funk VG+ HEAR",23.95,0.0346
v1|236981628417|0,"Jukebox Saloon-Orange by Molly Hatchet (Record, 2023)",7.50,0.0346
v1|267745748090|0,Surf City Jan & Dean 1963 No 1 Hit Surf Rock Liberty Records VG 45 rpm vinyl,3.00,0.0346
v1|257652044344|0,"SIR MIX-A-LOT I Just Love My Beat / Square Dance Rap NASTY MIX 12"" VG++ electro",5.00,0.0345
v1|128007721132|0,THE RIGHTEOUS BROTHERS:Greatest Hits Verve V6-5020 LP 1967 VG-/VG-,6.00,0.0345
v1|358879051790|0,"The Vegas ""I Need Your Love"" Sweet Soul 45 Cle An Thair mp3",26.00,0.0345
v1|236979747571|0,"Seals & Crofts Sudan Village Vinyl LP 12"" 33 RPM Warner Bros. BS 2976",4.00,0.0345
v1|128012303323|0,"4pc Emmylou Harris Vinyl 12"" Record LP Album Bundle incl. Evangeline (G)",7.99,0.0345
v1|168571169331|0,The Manhattans 1972 Soul 45 on Deluxe ~ One Life To Live ~ Promo ~ Hear,9.99,0.0345
v1|267745784608|0,Eddie Kochak - Mambo Araby / Ma Fe Gehrak - Thornett 45 Latin Exotica VG++,29.00,0.0345
v1|298560346318|0,Columbia 78 RPM - AS LONG AS I LIVE / POSSUM SONG #4,4.99,0.0345
v1|800450249076|0,"ACCEPT ""Accept"" - Passport PB 9849 - Orig. Vinyl LP Record",9.99,0.0345
v1|128007373841|0,The Police : Zenyatta Mondatta A&M Records 1980 Stereo Vinyl SP-4831,7.95,0.0345
v1|236980215901|0,Beatles- The Early Beatles LP Capitol 1965 rainbow label MONO press.,19.99,0.0345
v1|128007028823|0,The Dorothy Best Gospel Singers -Try Him- Gospel LP on Checker - Hear,9.99,0.0345
v1|267745744209|0,The Moody Blues Isn't Love Strange Prog & Art Rock b) After You Came 45 rpm EX,3.00,0.0345
v1|366583573974|0,"Del & Keith Present FNKPMPN ""Subatomic"" Rap Hip Hop LP Threshold Signed SEALED",7.99,0.0345
v1|147474469152|0,JAMES BROWN SHOUT & SHIMMY JUKE BOX 331/3 WITH STRIPS VG-VG+ KING 780 (HEAR!),49.99,0.0344
v1|257651600381|0,"MAN FRIDAY Love Honey, Love Heartache VINYLMANIA 12"" VG++ HEAR",5.00,0.0344
v1|128007215688|0,LP 12 Columbia CSM 420 The Music of Spring vol. 3,2.95,0.0344
v1|137564613431|0,HOWLIN' WOLF  London Sessions BLUES LP CLAPTON WINWOOD WYMAN WATTS SHRINK CHESS,9.99,0.0343
v1|178364337268|0,Grateful Dead Warfield October 9th & 10th 1980 Acoustic Live RSD Vinyl LP Sealed,50.00,0.0343
v1|128007706466|0,"TONY RALLO & THE MIDNITE BAND Burnin' Alive 1979 PROMO 12"" 1-sided SINGLE Disco",9.99,0.0343
v1|307102990756|0,Dancers Image 33RPM “Fleetwood Mac Songbook” 1978 80s Classic Rock 12” LP Album ,6.99,0.0343
v1|398251093990|0,MICHAEL JACKSON Bad EPIC Sung In Spanish! | Colombia | Import | LP HEAR,11.50,0.0343
v1|278248321075|0,LOT Of 4 COUNTRY Vinyl LP-ALL SHRINK WRAPPED-Lee Greenwood-Exile-Jerry Wallace,7.64,0.0342
v1|158150179307|0,"Erykah Badu ""Mama's Gun"" R&B Hip Hop 2xLP Motown/UMe Reissue",11.50,0.0342
v1|307102942416|0,THE LANE BROTHERS ~ ROCKIN' THE POPS ~ 1957 ~45 RPM ~ EP ~ RECORD  NM  COVER NM,0.99,0.0342
v1|227459486543|0,70's 45 RPM Record KISS KISS / Beth / Detroit Rock City,5.99,0.0342
v1|298551282397|0,Pink Floyd  - LIVE -  Los Angeles Sports Arena 4/26/75 -  SEALED RSD 4LP Box Set,114.99,0.0342
v1|298537121137|0,Tys Van Leer (Focus) Nice To Have Met You LP Columbia JC 35345 Promo,5.00,0.0342
v1|178364190672|0,Grateful Dead Records Collection Wake Of The Flood Box Set Vinyl LP Sealed RSD,64.00,0.0342
v1|336722335889|0,Pic Sleeve: The Cascades: Everyone Is Blossoming,3.50,0.0341
v1|128008987507|0,"Moe Bandy A Four Letter Fool/I'm Sorry For You Columbia 7"" 45 3-10487",1.85,0.0341
v1|366573184344|0,Edgar Sampson - Pick Your Own Lick - VOCALION 4942 E/E+,19.99,0.0341
v1|287499653589|0,Hooked On Classics – The Royal Philharmonic Orchestra RCA AFL1-4194 1981 Record,2.69,0.0341
v1|377389408176|0,The Vestich Brothers - Live at Wolfendale's - Vinyl Record LP - Southern Rock,14.99,0.0341
v1|128007720923|0,THE VENTURES:Mashed Potatoes And Gravy Dolton BLP-2016 LP 1962 G/G,4.00,0.0341
v1|257651828736|0,"PETEY PABLO Freek-A-Leek JIVE 12"" ",10.50,0.0341
v1|398242933868|0,Hear Eddie Blazonczyk's Versatones Sports Polka Chicago Cares About the Bears,9.99,0.0341
v1|178370483465|0,Muddy Waters - Real Folk Blues Vinyl Lp,14.99,0.0341
v1|158154952338|0,FOLK Walt Conley Passin Thru / Worried Man Blues Band Box 223 1959 VG+,5.00,0.0340
v1|178368183057|0,"1967 LP Record The Fight Game Argo, Maccoll,Seeger and Parker M-record & cover ",11.00,0.0340
v1|278248321102|0,Lyn Taitt / Lester Sterling – She Wears My Ring 45 KAYA Rocksteady Reggae RARE,6.79,0.0340
v1|318660049354|0,NEIL YOUNG Landing On Water 1986 Geffen LP GHS-24109 EXC-/EXC w/lyric sleeve,9.75,0.0340
v1|358876137826|0,1977 The Hobbit Complete Original Soundtrack 2 LP Buena Vista 103 Rankin Bass,24.99,0.0339
v1|168583812871|0,Lawrence Welk Listening and Dancing by Readers Digest 33rpm 6 LP RECORD Box Set,5.00,0.0339
v1|398243074375|0,"Star Wars 20th Century Records The Story of Star Wars 12"" BlackVinyl 2xLP 33 RPM",24.99,0.0339
v1|117337065665|0,1970 THE PARTRIDGE FAMILY ALBUM Vinyl LP BELL-6050,5.00,0.0338
v1|287499654343|0,Pat Benatar Get Nervous 33RPM Vinyl LP Record 1982 Chrysalis CHR 1396,3.99,0.0338
v1|198542877273|0,Skip James 78 RPM Record SD-110 Little Cow & Calf is Gonna Die Blues,78.00,0.0338
v1|158150235291|0,"Ice Cube ""AmeriKKKa's Most Wanted"" Rap Hip Hop LP Priority Reissue 180g",21.48,0.0338
v1|236980187918|0,Frank Zappa Allures Chunga's Revenge Apostrophe Ship Arriving Late LP Vinyl Lot,60.00,0.0338
v1|257619988439|0,Columbia 866D California Ramblers STOCKHOLM STOMP  - JAZZ 1926 78 rpm EE-,24.99,0.0338
v1|168584170079|0,VARIOUS Murray The K Greatest Holiday Show From The Brooklyn Fox SOUL 1968 33RPM,1.00,0.0338
v1|398250180798|0,"The Rolling Stones - Their Satanic Majesties Request 12"" Vinyl Record",34.99,0.0338
v1|398250180798|0,"The Rolling Stones - Their Satanic Majesties Request 12"" Vinyl Record",34.99,0.0338
v1|800440150692|0,YUSSEF DAYES EXPERIENCE Live From Mt. Fuji BROWNSWOOD BWOOD0436EP LP SEALED o,32.00,0.0338
v1|168584167562|0,Echoes Of A Rock Era Later Years 1960's 2 LPs   Roulette (old mafia label),1.00,0.0337
v1|168571169335|0,Danny White 1962 Soul 45 on Frisco ~ Kiss Tomorrow Goodbye ~ Hear,9.99,0.0337
v1|178367472999|0,ORCHESTRAL BOB DYLAN! 2 LP DYLAN LOUNGE LOT INTERPRETED+INSTRUMENTAL NEAR MINT!,19.99,0.0337
v1|398245527699|0,The Who Quadrophenia 1973 Double Vinyl Record Album LP MCA2-10004,9.98,0.0337
v1|298554460000|0,Lot 2 COUNT BASIE LP-Hall of Fame/One O'Clock Jump,9.99,0.0337
v1|168584172491|0,Rod Stewart A Night On The Town LP Record BSK-3116,1.00,0.0337
v1|227459459218|0,Lot Of 21 Disco Albums Various Artists LP Vinyl Records,22.50,0.0337
v1|358878974492|0,"Merlyn Brooks ""You'll Never Need Somebody"" Islands Modern Soul 45 Turntable mp3",36.00,0.0337
v1|236980103551|0,"Styx Styx II Rock Vinyl LP 12"" 33 RPM Wooden Nickel Records",10.00,0.0336
v1|267745800582|0,The Tokens Lot of 2 45s & Picture Sleeves When I Go To Sleep & Tonight I Met,12.99,0.0336
v1|178374196812|0,Uncles Estate ~ NEWPORT FOLK FEST 1963 Vol 1 ~ Vanguard 9148 ~ 4546 / VG to EXC,9.50,0.0336
v1|278249891332|0,"Elvis Presley Separate Ways 12"" Vinyl Record",6.99,0.0336
v1|800450114623|0,Joe Budden-Fire (Yes Yes Y'all) (Feat. Busta Rhymes) [Single] [PA] [12 “ Vg+,2.80,0.0335
v1|287499403594|0,2 LP Lot Both MONO Hank Snow The One And Only+The Singing Ranger Camden 722 514,3.50,0.0335
v1|147483034206|0,1984 Cherrelle ‎– When You Look In My Eyes/I Will Wait For You  Vinyl Record,5.00,0.0335
v1|117336540140|0,The Witnesses For Christ -God Knows- Sealed Chicago Gospel LP,9.99,0.0335
v1|267745701639|0,Seals & Crofts - Unborn Child - Vintage LP Record Album,6.00,0.0334
v1|358878921724|0,"Jackson Sisters ""I Believe In Miracles"" Funk Breaks 45 Polydor mp3",21.50,0.0334
v1|398244626069|0,"3-Howlin Wolf 45s- Shake for Me The Red Rooster-Chess 1804-""Mary Sue- Blues vg's",15.99,0.0333
v1|206462785416|0,"Mystikal - Jive 12"" Single - Oochie Pop - JDAB-61029-1",1.99,0.0333
v1|117338327119|0,Dennis Brown Promised Land 7” 45 RPM (DEB Music) VG+!,9.99,0.0333
v1|336717176088|0,The Mighty Lemon Drops/A-200/Edelweiss/Any Trouble/Monte Video/Microdisney VINYL,6.79,0.0333
v1|158135740713|0,"Great Songs of Christmas Columbia Special Products LP Vinyl 12"" CSP 155 M",2.00,0.0333
v1|137579345010|0,The Motels - All For One Vinyl LP Record,5.00,0.0332
v1|377389407827|0,Bananarama - Venus (Fire & Brimstone Mix) 45 RMP Vinyl Record 12” Single UK,3.99,0.0332
v1|147479173998|0,Torso 2LP Red Cream Vinyl Guido Maurizio De Angelis Giallo Soundtrack EX/EX OOP,34.99,0.0332
v1|366581746234|0,RARE VINTAGE POP SOUL R&B Popcorn 45 RPM VINYL RECORD ALBUM Bobby Darin  ATCO,5.00,0.0332
v1|206460591985|0,Watain Opus Diaboli 2012 Black Metal LP CD DVD Box Set Exclusive Photobook Used,66.66,0.0332
v1|307103639908|0,"1977 Rockabilly LP - CARL PERKINS ""The Sun Story Vol.3"" SUN RECORDS  Shrink!",2.99,0.0332
v1|307102485660|0,"The 5th Dimension Aquarius/Let The Sunshine In Promo Soul City 45 w, Pic Sleeve",25.00,0.0332
v1|307097569514|0,"JAVIER SOLIS - 10 EXITOS DE ORO - 1965 MEXICAN LP, RANCHERO",19.99,0.0332
v1|117338587358|0,LP - Al Castellanos – Take Our Three For Cha Cha Cha,12.00,0.0332
v1|147483050717|0,"1984 Cindi Todd ‎– Love Transfusion (I Need Your Touch) 12"" Maxi-Single Vinyl",6.00,0.0332
v1|257651528101|0,"LOOSE JOINTS Is It All Over My Face? WEST END 12"" VG+ HEAR",8.50,0.0332
v1|178368146716|0,"Led Zeppelin In Through The Out Door 1979  12"" Vinyl LP SS 16002 all 6 covers",155.50,0.0332
v1|298554460636|0,Zero Mostel FIDDLER ON THE ROOF Orginal Broadway Cast LP Album,4.99,0.0331
v1|407106775089|0,BO DIDDLEY Got My Own Bag Of Tricks BLUES 2XLP FRENCH IMPORT  M/NM,9.99,0.0331
v1|336723590909|0,Cat Stevens Tea For The Tillerman Vinyl LP 1970 A&M Records SP-4280 Album,12.00,0.0331
v1|178368014288|0,LITTLE FEAT 4 CD LOT  ROOSTER RAG  RAW TOMATOES  LIVE  JOIN THE BAND  AUDIO NM/M,7.99,0.0330
v1|307102929780|0,FERLIN HUSKY ~ SITTIN' ON A RAINBOW ~195? ~ 45 RPM ~ EP ~ RECORD  EX COVER EX,0.99,0.0330
v1|307103082048|0,4x Sheena Easton Japan Presses! You Could Have Been Best Kept Secret Take My Tim,12.99,0.0330
v1|377389567199|0,"SOUL 7"" 45 RPM THE CORNER BOYS GANG WAR ON NEPTUNE VG 1969",6.95,0.0330
v1|267745985684|0,TEN YEARS AFTER-ROCK AND ROLL MUSIC TO THE WORLD VINYL LP 1972 Vintage Record,10.00,0.0330
v1|147478646484|0,Kiss Alive Vinyl Record LP 100 000 Error Variant Casablanca Records,18.99,0.0330
v1|117338514312|0,Dennis Brown It’s Impossible 7” 45 RPM (Studio One) EX!,9.99,0.0330
v1|267743461453|0,Dunn & Bruce Street - Official Business - SEALED Vinyl LP - Devaki DKI 30003,44.99,0.0330
v1|800449002177|0,DUANE ALLMAN An Anthology Vol II Capricorn 0139 DOUBLE LP  EX!,9.99,0.0330
v1|307097570409|0,"JUVENTUD SURAMERICANA, FEAT. LOS GRADUADOS / ADAMO, 1970 COLOMBIAN LP",29.99,0.0330
v1|307097569550|0,"THE MONKEES - MORE GREATEST HITS OF - 1983 MEXICAN LP, POP ROCK",14.99,0.0329
v1|800435503716|0,"The Nashville Sound by Jason Isbell (Record, 2017)",1.00,0.0329
v1|178374890174|0,Bill Cosby Vinyl Records LPs Comedy - Lot of 4 Records,1.00,0.0329
v1|178369768539|0,"Marty Robbins - ""Songs of The Islands"" - LP, Shrink Wrap",1.00,0.0329
v1|358878849040|0,"Charen Cotten ""A Little Bit Of Love"" Crossover Soul 45 Perception mp3",9.99,0.0329
v1|227459338905|0,Great White 45 RPM 7 inch record vinyl heavy metal hard rock,7.99,0.0329
v1|336721983311|0,LP ORQUESTA CUERDAS de ORO Anoranzas de Cuba Kubaney DG LBL M-,8.95,0.0329
v1|307102996984|0,Horsplips - Short Stories/Tall Tales - 1979 Vinyl LP - Mercury SRM-3805,7.99,0.0328
v1|307103146296|0,Elvis Presley - Self-Titled Double EP (RCA Victor EPB 1254) - 1956 Original,56.12,0.0328
v1|398251103958|0,MOVIE SOUNDTRACK LP LOT Vinyl Of 4-Nashville-All That Jazz-The Way We Were,6.19,0.0328
v1|198543019565|0,Frank Zappa - Hot Rats LP VINYL ALBUM,14.99,0.0328
v1|278241490052|0,Wes Montgomery A Day In The Life Vinyl Album Lp,9.99,0.0328
v1|117338511298|0,Dennis Brown Perhaps 7” 45 RPM (Studio One) EX!,9.99,0.0328
v1|236980244360|0,The Beatles White Album SWBO-101 Apple 2xLP VG+ w/ Poster & Photos,26.00,0.0327
v1|236980165398|0,Pic Sleeve: America: I Need You,3.50,0.0327
v1|158155092063|0,Walt Disney Presents The Story Of Blackbeard's Ghost (1967; DQ-1305) LP,5.00,0.0327
v1|158133873818|0,Aerosmith Get Your Wings Vinyl LP Pittman,9.99,0.0327
v1|366582227216|0,"Super What by Czarface & Mf Doom (Record, 2021)",15.00,0.0327
v1|236985711332|0,Italo Disco Robert Gold You Can’t Turn Your Back 12” Single,9.99,0.0327
v1|227455567335|0,Joska Szigeti on 78 rpm HMV 07971: SIBELIUS Valse triste; E cond,34.98,0.0327
v1|147480675196|0,Muppet Music The Muppets Take Manhattan Read-Along 33 RPM Vinyl MBR 710,3.48,0.0327
v1|227462495120|0,"Eydie Gorme & The Trio Los Panchos – Amor / Bolero, Cha-Cha  / VG+ LP",29.10,0.0327
v1|198542408433|0,The Rolling Stones Their Satanic Majesties Request 1967 3D Lenticular Jacket LP,45.00,0.0327
v1|318668461182|0,Various – The Best Of Onyx Records (Volume 2) - US Doo Wop/Vocal Compilation LP,4.99,0.0326
v1|287499653949|0,The Knack - 2 Record LP Lot - Get The Knack & But The Little Girls Understand,5.69,0.0326
v1|147474936825|0,WARNER MACK BABY SQUEEZE ME ROCKABILLY DECCA PROMO 1957 (HEAR!),14.99,0.0326
v1|206462527487|0,Aretha Franklin - Unforgettable: Tribute To Dinah Washington LP - Columbia PROMO,8.00,0.0326
v1|267745917699|0,PAT BENATAR PRECIOUS TIME LP Chrysalis CHR 1346 1981,4.95,0.0326
v1|227459276392|0,"Filter Dose 12"" Vinyl Single Promo Remixes Nine Inch Nails NIN Marilyn Manson",6.00,0.0325
v1|318669992969|0,"GENE PITNEY GREATEST HITS OF ALL TIMES LP 12"" RECORD STEREO (MS 3102)",1.44,0.0325
v1|236980533604|0,THE DUKE OF IRON 1963  lp VOO-DOO JUNGLE CALYPSO Red Vinyl COLLECTOR'S SERIES,29.29,0.0325
v1|407115057272|0,Bachman-Turner Overdrive II Lp,7.99,0.0325
v1|257651522051|0,"LLOYD WILLIAMS If I Were Yours TOM-TOM 12"" VG++ CANADA modern soul HEAR",5.00,0.0325
v1|318668724556|0,"The Beatles – Live! At The Star Club In Hamburg, Germany; 1962 2 x LP Records",5.30,0.0325
v1|257658051980|0,"THELMA HOUSTON Saturday Night, Sunday Morning MOTOWN 12"" ",5.00,0.0324
v1|287499610625|0,"Roy Orbison - Oh, Pretty Woman & It's Over 45rpm Record Monument Mn45-550",3.99,0.0324
v1|407113053423|0,Rare Elvis Presley 2-LP - G.I. Blues - 180 gr.  Vinyl - RCA/BMG - Import,299.99,0.0324
v1|117338515490|0,Dennis Brown Easy Take It Easy 7” 45 RPM (Studio One) EX!,9.99,0.0324
v1|800443916307|0,Jerry Knight - Love's On Our Side LP - A&M VG+,53.00,0.0324
v1|188732642527|0,Funk Soul - Little Willie John T Bone Walker Etta James - King - Bundle 60’s ,9.99,0.0324
v1|128011900402|0,"CHICAGO, Chicago IX, Greatest Hits LP Columbia Custom Labels First Press VG+/VG+",8.96,0.0324
v1|336726321091|0,LOS TITANES APRIETALA FUENTES RECORDS SALSA LP HEAR ,7.77,0.0324
v1|800451829361|0,"KISS ""Alive II""- Casablanca NBLP 7076-2 - Orig. Double Vinyl LP Record w/inserts",31.00,0.0324
v1|267745998439|0,The Beatles 1967-1970 (Blue Album) Vinyl EU Version w/inserts 🇬🇧,10.00,0.0323
v1|227463651708|0,"1970's Easy Listening LP lot (8) Chicago, CSN, Jim Croce, England Dan, Seals & C",4.99,0.0323
v1|188734342449|0,RCA Victor Red Seal Beethoven Symphonies 5 & 8 Toscanini NBC LP LM 1757,4.00,0.0323
v1|168584223377|0,Oye 16 exitos en cumbia vinyl VG+,20.00,0.0323
v1|336722722832|0,GREASE Soundtrack RS24002 LP Vinyl  Sleeve 1978,7.50,0.0323
v1|318657644345|0,Mill Creek Baptist Church LP Thar's Just Like Jesus 780368 Lundy Label EXCLNT+,5.99,0.0323
v1|158129662153|0,Eddie Bo 1969 Funk 45 on Scram ~ Hook and Sling ~ Hear,9.99,0.0322
v1|298554059462|0,Blood on the tracks Bob Dylan vinyl LP,14.95,0.0322
v1|128007506316|0,NEIL DIAMOND:Greatest Hits Bang BLPS 219 LP 1968 G/VG-,4.00,0.0322
v1|257650009191|0,Jerry Goldsmith - ALIEN Soundtrack T-593 20th Century Fox Records,50.00,0.0322
v1|267747745016|0,"Ann Simmons & THE REPTILES 45 ON ETOWAH RECORDS ""THE WINDOWS OF YOUR HEART"" 1967",20.00,0.0321
v1|298554486962|0,"Todd Rundgren "" A Wizard a True Star "" LP Bearsville/Rhino RNLP 70864 1972",10.00,0.0321
v1|206467930534|0,MEAT LOAF BAT OUT OF HELL JIM STEINMAN 1977  EPIC CLEVELAND  33 RPM RECORD,9.99,0.0321
v1|188726497751|0,Rare Loretta Lynn Style Honky Tonk 45 ANITA OWENS Let's Forget AU GOLD STANDARD,8.00,0.0321
v1|188735189510|0,"Hank Williams Jr. All for the Love of Sunshine LP Vinyl 12"" 33RPM MGM ST-93476",4.00,0.0321
v1|407115917295|0,"Johnny Cash Now, There Was a Song! LP 12"" Black Vinyl Columbia Sleeve Country",8.00,0.0320
v1|278248307869|0,NILS LOFGREN 3 LP LOT Vinyl Records CRY TOUGH + I CAME TO DANCE Springsteen,6.19,0.0320
v1|298554295562|0,PERRY COMO ~ SONGS OF FAITH ~ 1953 ~ 45 RPM EP ~  RECORD NM  COVER NM,0.99,0.0320
v1|358878984496|0,"Orchestra Harlow ""Grazin In The Grass"" Latin Soul Boogaloo/Salsa 45 Fania mp3",60.90,0.0320
v1|336722315178|0,THE BEATLES Revolver 1983 Rainbow  Cap **SHRINK** MINT- STUNNER  Ultrasonic/VPI,57.50,0.0320
v1|188734670410|0,JOHNNY WINTER - THE WINTER OF '88 Vinyl LP RECORD Blues ALBUM MCA 422241 EX+,9.50,0.0320
v1|278240978127|0,BLUES 78 • Big Maceo • Bluebird 34-0735 • Kid Man Blues • Things Have Changed,16.99,0.0320
v1|800450301262|0,"THE BEATLES ""Rarities"" - Parlophone PSLP 261  - Vinyl LP Record UK",16.50,0.0320
v1|278240956963|0,PREWAR JAZZ 78 • Duke Ellington & Orchestra • Brunswick 7650 • Clarinet Lament,14.99,0.0320
v1|188734507565|0,"Roger Williams - Sunrise, Sunset Vinyl LP Pickwick Records SPC-3511 VG+",2.75,0.0320
v1|257652091910|0,"STERLING VOID & PARIS BRIGHTLEDGE It's All Right DJ INTERNATIONAL 12"" VG+ house",5.00,0.0320
v1|298554032400|0,Hard Rain Bob Dylan vinyl LP,9.95,0.0320
v1|800439017865|0,Kris Kristofferson - 2 LP LOT.  The Silver Tongued Devil And I  W Willie Vintage,3.84,0.0320
v1|128007475477|0,Jukebox 45 & Title Strip Bill Medley Jennifer Warnes The Time Of My Life,2.49,0.0320
v1|307102453654|0,"The Who, Live At Leeds, 1981, Germany Reissue, Has All The Inserts, VG+VG+",12.00,0.0319
v1|307096801093|0,"Jim Reeves Lot of 3 Albums, See Pictures, Vinyls Visually rated   C7",4.50,0.0319
v1|257651729796|0,"MYA FEAT. JAY-Z Best of Me UME/INTERSCOPE 12"" VG+",5.00,0.0319
v1|198542747255|0,Chevrolet 1969 Radio Spot Ads One-sided ACETATE,19.69,0.0319
v1|336722370856|0,Styx Paradise Theater Vinyl LP Record SP-3719,4.00,0.0319
v1|158150034052|0,"Common ""Be"" Rap Hip Hop 2xLP Getting Out Our Dreams/Geffen Reissue",11.50,0.0319
v1|298555929455|0,15 Exitos de Merengues -COMBATIENDO LA INFLACION,7.00,0.0319
v1|158147530203|0,Rockabilly Lalo Guerrero Pound Dog Pancho Claus L&M 1000 VG,24.99,0.0319
v1|227453516750|0,45 ROCKSTEADY / DERRICK MORGAN / I WHO HAVE NOTHING / BLANK PRE / LISTEN,9.99,0.0319
v1|307093840490|0,Frank Wilson Sleep Baby Sleep #2560 Early Victor Monarch Single Sided Disc,6.95,0.0319
v1|178374890173|0,Petula Clark Vinyl Bundle - Fantastic Collection Hard to Find Titles - Lot of 4,1.00,0.0319
v1|117337215422|0,78 RPM JOHNNY LONG Lot Of 3 Records JAZZ BIG BAND 1930s 1940s 1950s violinist,2.99,0.0319
v1|800450532263|0,"DEEP PURPLE ""Stormbringer"" - Warner Bros. PR 2832 - Orig. Vinyl LP Record",9.99,0.0318
v1|257651807410|0,"PARADISE GIRLS Holding Back EASY STREET 12"" VG++ 1986 house",5.00,0.0318
v1|318672012696|0,"D.J. Mark - Just Beats Vol. 1 12"" - Eclipse - DJ Battle Tool HEAR",8.00,0.0318
v1|287499654110|0,"THE DYNELS - Let's Do It Again 1964 7"" 45rpm Promo Dot Records 45-16382",4.99,0.0318
v1|128007027499|0,Ben Branch & Operation Breadbasket -The Last Request- Gospel Funk Breaks LP Hear,9.99,0.0318
v1|398241300528|0,The Incomplete Works Of Carl Reiner & Mel Brooks 3 LP Record Warner Bros. 1973,18.00,0.0318
v1|158135536578|0,Dire Straits Love Over Gold LP Vinyl Record 1982 with Inner Sleeve,7.99,0.0318
v1|178368402172|0,DORIS DAY Love Me or Leave Me Soundtrack LP,4.99,0.0318
v1|298554311658|0,Elvis Presley – Golden Records Volume 3 VG - Mono RCA Victor Record 1963,10.41,0.0317
v1|257657757038|0,ERIC CLAPTON THERE'S ONE IN EVERY CROWD LP RSO Records SO 4806 1975,9.95,0.0317
v1|178364185959|0,Grateful Dead Road Trips Vol. 3 No. 2 Austin 11/15/71 4xLP Box Set Vinyl Sealed,32.00,0.0317
v1|257658128872|0,"V/A Comp. Vol. 2 EIGHTBALL 2x12"" NM 1993 house",5.00,0.0317
v1|267746410762|0,Liza Minnelli Live at The Olympia In Paris LP Shrink A&M SP-4345 VG+/VG+,8.99,0.0317
v1|188733248964|0,"Vintage Alfred Apaka, LPs Lot of 4 Sleeves & Records VG",10.00,0.0317
v1|168571169359|0,Lou Johnson 1966 Soul 45 on Big Top ~ Walk On By ~ Hear,9.99,0.0316
v1|358876740193|0,"Columbia 45 RPM Record,Simon and Garfunkel,The Sounds Of Silence,Groovy Thing VG",0.50,0.0316
v1|278240981540|0,ROCKABILLY 78 • Ramblin’ Tommy Scott • Macy’s 116 • Tennessee • Rosebuds & You,18.99,0.0316
v1|206460815868|0,"The Beatles Revolver LP Vinyl Record Capitol Records 12"" Black Cardboard Sleeve",15.00,0.0316
v1|377389407989|0,Jeff Beck With The Jan Hammer Group Live -XPE 34433 Vinyl Record LP Classic Rock,5.99,0.0316
v1|358875501204|0,"Jerry Vale Christmas Greetings LP Columbia 12"" Vinyl Record Holiday Vocal",5.00,0.0316
v1|267745934889|0,TOM PETTY & THE HEARTBREAKERS YOU'RE GONNA GET IT! LP Shelter DA-52029,19.95,0.0316
v1|236980165270|0,Pic Sleeve: Bangles: Manic Monday,3.50,0.0316
v1|336721999895|0,Star Wars Movie Sound Track 1977 Vinyl LP,5.00,0.0315
v1|336722390774|0,"VTG Crosby, Stills & Nash Self Titled Record 33 RPM 12"" LP SD 8229 Gatefold",4.99,0.0315
v1|298537122298|0,Styx Pieces of Eight LP 1978 A&M SP-4724 Gatefold,5.00,0.0315
v1|147479024335|0,Death Waltz 7” Single Collection Sleepaway Camp Fabio Frizzi Subscriber Prints,25.00,0.0315
v1|128009004148|0,"Ambrosia Can't Let A Woman/The Brunt 20th Century 7"" 45 TC-2310",0.74,0.0315
v1|168571169376|0,Jackie Hill 1963 Soul 45 on Mar-Brit ~ Won’t You Come Closer ~ Hear,9.99,0.0315
v1|407115052222|0,78 rpm Record 40817 Terry Gilkyson Easy Riders Marianne Goodbye Chiquita  1957,15.00,0.0315
v1|398243322766|0,Moe Bandy Love Is What Life's All About Record Album,1.99,0.0314
v1|236980305807|0,Black Sabbath - We Sold Our Souls For Rock N Roll LP - 1976 Press - Heavy Metal,8.50,0.0314
v1|267745823463|0,Blondie Autoamerican - Vinyl -CHE 1290 Record -1980,7.95,0.0314
v1|117336589877|0,Brother Vernard Johnson -Take Your Burdens...- Gospel Funk Drum Breaks LP - Hear,9.99,0.0314
v1|278249585044|0,Billy Joel Turnstiles Vinyl LP Record Columbia VG/NM,5.00,0.0314
v1|158147449049|0,"Dean Martin (Remember Me) I'm The One Who Loves You 12"" LP Stereo RS-6170",1.61,0.0314
v1|198547447126|0,Close Encounters Third Kind Soundtrack LP SHRINK 1977 John Williams Sci-Fi UFO,14.98,0.0314
v1|307096615839|0,"Bill Cosby Lot of 3 Albums, See Pictures, Vinyls Visually rated, Comedy    F8",7.00,0.0314
v1|318664077346|0,"Unfinished Business - Out Of My Hands 12"" - Chicago Connection - House VG+ HEAR",36.00,0.0313
v1|257651866364|0,"PRINCE & THE REVOLUTION Mountains WARNER BROS 12"" VG++ SHRINK",5.50,0.0313
v1|168584150491|0,Bless The Beasts & Children Soundtrack LP (1971) SP-4322,1.00,0.0313
v1|377389408275|0,The Hemphills - Workin’ - He's Still Working on Me Vinyl Record LP 1980 Gospel,5.99,0.0313
v1|128007430740|0,Morris Day  25320  Color Of Success  VG,4.28,0.0313
v1|257657695971|0,PAT BENATAR GET NERVOUS LP Chrysalis Records CHR-1396 1982,4.95,0.0313
v1|407117175766|0,Mardi Gras LP by Creedence Clearwater Revival vinyl ,4.14,0.0313
v1|117337240915|0,Perspective Oh My God They Baked His Face LP Record Sleeve VG+ Vinyl VG+,50.00,0.0312
v1|358878776179|0,"Abraham & His Sons ""Your Mother Understood"" Crossover Soul 45 Revue mp3",15.50,0.0312
v1|278241733243|0,"Beatles 45 Ticket to Ride UNDOCUMENTED First Pressing with Label Ridges, VG!",5.50,0.0312
v1|137579038000|0,RCA Red Seal The Cleveland Quartet Beethoven Quartets 4LP Vinyl ARL4-3010,5.00,0.0312
v1|158150081746|0,"De La Soul ""Buhloone Mind State"" Rap Hip Hop LP AOI/Chrysalis Reissue",16.50,0.0311
v1|358878907278|0,"George Jackson ""Let Them Know You Care"" Deep Soul Funk 45 Hi mp3",9.99,0.0311
v1|398241283385|0,Frank Zappa Studio Tan Lp Record In EX Condition,13.00,0.0311
v1|336722415036|0,"Metallica ~ Master of Puppets 2008 BSM Series, Warner Bros Remaster Vinyl VG+/Ex",20.00,0.0311
v1|236980311043|0,Dire Straits Brothers In Arms Vinyl LP 1-25264 Masterdisk RL Robert Ludwig EX,15.50,0.0311
v1|318664958301|0,ELVIS PRESLEY - RECONSIDER BABY LP - SEALED - BLACK VINYL - WOW!,29.99,0.0311
v1|298556483740|0,Dean Martin - Welcome To My World - 1967 Reprise RS-6250 Vinyl LP,0.99,0.0311
v1|267743305370|0,"Szell Conducts Mahler Symphony #6 ""Tragic""/ No. 10/ Cleveland Orch 2 LPs + 7”",4.99,0.0311
v1|168584056523|0,SEPULTURA - SCHIZOPHRENIA Ltd Blue Vinyl 2014 Metal Blade Records Speed Metal,61.00,0.0311
v1|267745913030|0,PAT BENATAR IN THE HEAT OF THE NIGHT Chrysalis Records CHE 1236 1979,4.95,0.0311
v1|336722413406|0,"1977 Southern Rock LP - LYNYRD SKYNYRD ""Street Survivors"" MCA RECORDS  FLAMES",14.50,0.0311
v1|158129662138|0,Richard “Popcorn” Wylie 1964 Soul 45 on Epic ~ Marlene ~ Promo ~ Hear,9.99,0.0311
v1|366571296305|0,"Lot of 12 - VINYL LP Records - 70s AOR, SINGER SONGWRITER, SOLO, COUNTRY, ROCK",24.99,0.0310
v1|278249585308|0,Billy Joel Streetlife Serenade Vinyl LP Record Columbia VG/NM,5.00,0.0310
v1|278241759546|0,Beatles LP Abbey Road U.S. Capitol Picture Disc 1978 Still Sealed!,25.50,0.0310
v1|358878908537|0,"Gloria Walker & The Chevelles ""You Hit The Spot Baby"" Funk 45 Flaming Arrow mp3",9.99,0.0309
v1|407113059041|0,"Rare Elvis Presley 2-LP - Memphis, Tennessee - 180 gr.  Vinyl - RCA/BMG - Import",149.99,0.0309
v1|147480657382|0,"Golden Records Whistle Songs 7"" 45 RPM Vinyl EP Paper Sleeve EP539A EP539B",0.60,0.0309
v1|307101995818|0,Gram Parsons - Grievous Angel w/ Emmylou Harris 1974 Reprise MS2171 Country G+,9.99,0.0309
v1|278240931415|0,PREWAR JAZZ 78 • Bennie Moten’s K.C. Orchestra • Victor 38072 • Moten’s Blues,18.99,0.0309
v1|287501136711|0,STEVIE WONDER - eivets rednow - LP,9.49,0.0309
v1|117337237048|0,78 RPM LONNIE JOHNSON Lot Of 2 Records JAZZ BLUES R&B 1950s GUITAR,2.99,0.0309
v1|358878880328|0,"Dobby Dobson ""What Love Has Joined Together"" Islands Sweet Soul 45 Success mp3",9.99,0.0309
v1|358850421313|0,"The Nitty Gritty Dirt Band - Dirt, Silver & Gold 3-LP  (1976) with Poster Insert",45.00,0.0308
v1|800438889740|0,"MISPRINTED ERROR Sombr Homewrecker / Back to Friends 4"" Tiny Vinyl",25.00,0.0308
v1|366583338046|0,GURU 'S JAZZMATAZZ VOL 1   3LP DELUXE EDITION BOX SET ,100.00,0.0308
v1|128011270879|0,The Beach Boys Capitol STEREO Rainbow Label Shut Down Volume 2 M- VG++,39.99,0.0308
v1|267745792832|0,Paul Anka You're Having My Baby Test Pressing 45,11.99,0.0308
v1|278232683689|0,"The Mills Brothers ""The Best Of"" 2LP Set - Paramount Records PAS-1010 (NM-) 1973",4.00,0.0307
v1|800450198368|0,"ABBA  ""The Magic Of Abba"" - K-Tel NU-9510  -  Vinyl LP Record",9.99,0.0307
v1|298554806305|0,"Styx - The Grand Illusion 12"" Vinyl LP 1977 A&M Records Rock Cardboard Sleeve",3.21,0.0307
v1|168571169315|0,The Olympics 1966 Soul 45 on Mirwood ~ Mine Exclusively ~ Hear,9.99,0.0307
v1|336722313690|0,ROLLING STONES Emotional Rescue 1980 1st PRESS *SHRINK/POSTER* EXC,30.50,0.0307
v1|206460578425|0,JUDY GARLAND Friendly Star/Get Happy MGM SHOW VOCAL 78 E-,25.00,0.0307
v1|336722400416|0,Alcatrazz - Dangerous Games LP Capitol ST-12477,4.99,0.0307
v1|128007721847|0,VARIOUS ARTISTS:The Stars Are Out In Texas RCA CPL1-7165 LP 1986 Mint/VG,1.00,0.0306
v1|366577524111|0,DUKE ELLINGTON The World Of - Vol. 2 COLUMBIA 2XLP VG+ wlp gatefold o,8.00,0.0306
v1|377389652673|0,"Lot of 15 Vintage Jazz 10"" Shellac Records, Red Foley Bing Crosby Dean Martin",18.00,0.0306
v1|377391686524|0,"HANK WILLIAMS Dear John / Cold Cold Heart 7"" single 45 RPM VG+ RECORD Vinyl USED",5.00,0.0306
v1|168584173946|0,TEN YEARS AFTER ~ Self Titled ~ USA DERAM  18009 ~ SPOONFUL HELP ME ~ VINTAGE LP,1.00,0.0306
v1|407115054853|0,Taj Mahal Giant Step/De Old Folks At Home Lp,9.99,0.0306
v1|158147579321|0,ELECTRIC LIGHT ORCHESTRA - ELO's Greatest Hits (1979) LP Record.  vinyl,4.00,0.0306
v1|178368516098|0,Decca Wayne King & His Orchestra Songs of the Islands LP Stereo DL 74023,1.48,0.0306
v1|188733587379|0,Cats Evita / Andrew Lloyd Webber  / two 2lp sets,4.99,0.0306
v1|358798941471|0,Personal Record 95-P Mr & Mrs Floyd Lacy GRUMBLERS /Radio Song 78rpm  EE-   1927,29.99,0.0305
v1|117338360810|0,Dennis Brown Children Of Israel 7” 45 RPM (DEB Music) EX!,9.99,0.0305
v1|366588025818|0,Capitol T 10189 AN EVENING IN BEIRUT NUR AL-HUDA Folk World Country 1959 NM,5.99,0.0305
v1|198542759999|0,"Eddie Harris Tom Morgan 12"" Radio Show interviews 1973 Beatles Petula Clark",7.00,0.0305
v1|800435503725|0,"Black Sabbath by Black Sabbath (Record, 2016)",6.50,0.0305
v1|287499654683|0,"Trisha Yearwood - Down On My Knees / For Reasons I've Forgotten 7"" 45rpm Record",2.69,0.0305
v1|227459240675|0,michael jackson thriller vinyl 1982,25.00,0.0305
v1|158154918425|0,POP ROCK Fleetwood Mac Fireflies Warner Bros 49660 1981 NM PROMO Pic Slv,5.00,0.0305
v1|257651881502|0,"PRINCE When Doves Cry WARNER BROS 12"" VG++ SHRINK",12.50,0.0305
v1|298553968777|0,"AL BERNARD, Harry Reser, Carson Robinson - Steamboat Bill / Casey Jones ",7.00,0.0305
v1|398241360597|0,Neil Diamond – Moods 1972 Vinyl Album Record ,4.00,0.0305
v1|278238407487|0,"ZZ Top, EL LOCO, LP record album, Warner Bros. BSK 3593 COVER & VINYL ARE EX",12.00,0.0305
v1|168583972182|0,Susto-Chillin on the Beach with my best Friend Jesus Christ-7 Vinyl Picture Disc,9.99,0.0305
v1|327292371787|0,Jimmy Reed I Ain't From Chicago Lp Record! Very Clean Copy.,19.99,0.0304
v1|307102963646|0,WALTER SCHUMANN ~ PRESENTS THE VOICES ~ 1958 ~ 45 RPM EP ~ RECORD EX  COVER NM,0.99,0.0304
v1|137579193946|0,"Vinrtage Vinyl LP - Francis Colburn ""A Gradutation Adress""  LR1 1962 33 RPM",1.99,0.0304
v1|800450585675|0,Dan Fogelberg Phoenix Vintage Vinyl LP 1979 ,4.00,0.0304
v1|168590635026|0,RSO-2-4001 Saturday Night Fever OST BEE GEES ELLIMAN 1977 2LP VG++ TO NM,4.99,0.0304
v1|117338591933|0,Fleetwood Mac - Mirage  wb Vinyl LP],9.00,0.0304
v1|128011158341|0,EL COYOTE BLANCO  ME TRAES DE UNA ALA/MI RANCHITO  45 Rpm ULTRA RARE USED,14.99,0.0304
v1|298560346311|0,Decca 78 RPM - PRETENDING / GOTTA GET ME SOMEBODY TO LOVE #13,4.99,0.0304
v1|366583646345|0,"Gang Starr ""Just To Get A Rep"" Rap Hip Hop 12"" Chrysalis Test Pressing",9.50,0.0304
v1|236980315976|0,"JERRY GOODMAN & JAN HAMMER ""Like Children"" 1974 Nemperor NE430 VINYL VG+",4.99,0.0303
v1|267745742888|0,Herb Alpert Street Life Jazz Funk & Disco 1979 A&M Label 45 rpm vinyl EX,3.00,0.0303
v1|178363070443|0,"Private Chicago, IL Bluegrass 45 JOHNNY GRAY A Little Boy ACOUSTIC REVIVAL rare",5.00,0.0302
v1|188733358171|0,38 SPECIAL Special Forces SP04888 Masterdisk LP Vinyl VG+ Cvr VG ,17.99,0.0302
v1|188733358171|0,38 SPECIAL Special Forces SP04888 Masterdisk LP Vinyl VG+ Cvr VG ,17.99,0.0302
v1|336722426542|0,Eagles – The Long Run - 1979 - Asylum Records 5E 508 Vinyl LP VG+,6.50,0.0302
v1|128007720079|0,THE MCGUIRE SISTERS:Our Golden Favorites Coral CRL 57349 LP 1961 G-/G+,0.99,0.0302
v1|358879029548|0,"The Ethics ""I Want My Baby Back"" Northern Soul 45 Vent mp3",9.99,0.0302
v1|298553886345|0,Rusty Adams/Buzz Wilson ‎– Country And Western Hits (Vinyl LP) Somerset SF-18200,6.95,0.0302
v1|336722747510|0,6 Vinyl Album Lot - Kris Kristofferson Harry Nilsson TG Sheppard JD Souther VG,9.99,0.0302
v1|178368400437|0,Lot Of 250 Sleeved 45s / Doo-wop / Rock Pop / Soul / Rockabilly / R&B / 80s,125.00,0.0302
v1|267745804354|0,Jack Roubik & T-J’s I Got A Baby Live It Up Lindy Records VG+,79.99,0.0302
v1|358878805389|0,"Billy Jones & Stars ""Love Is Gonna Rain Down On You"" Sweet Soul/Funk 45 Columbia",35.00,0.0302
v1|178374890177|0,Classic Cole Jan DeGaetani Smit LP Record Album Vinyl White Label Promo,1.00,0.0302
v1|358799096769|0,Vocalion 5444 Hall County Sacred Singers I AM BOUND FOR HOME 78rpm E Country,40.00,0.0301
v1|377389408178|0,Donna Fargo -Miss Donna Fargo - Vinyl Record LP Country,3.99,0.0301
v1|298560346398|0,"Capital -78 RPM -Stan Keaton -UNISON RIFF / I TOLD YA I LOVE YA, NOW GET OUT #65",4.99,0.0301
v1|168571174362|0,The Spinners 1970 Soul 45 on VIP ~ We’ll Have It Made ~ Promo ~ Hear,9.99,0.0300
v1|366571801493|0,Bumble Bee Slim - Every Goodbye Ain't Gone - DECCA 7300 E-,19.99,0.0300
v1|398243365950|0,"GEN X - Dancing With Myself  12"" Maxi single 1980 Billy Idol UK Press",25.00,0.0300
v1|267746477821|0,Creedence Clearwater Revival Green River Vinyl LP 1969 Fantasy 8393 Record ,9.99,0.0300
v1|128011270883|0,1960 Conway Twitty MGM STEREO Black Label Conway Twitty's Greatest Hits MINT-,14.99,0.0300
v1|327292944504|0,The Lewis Sisters - You Need Me  - Motown V.I.P. 25024 1965 Girl Group 45 VG+,9.99,0.0299
v1|327292944504|0,The Lewis Sisters - You Need Me  - Motown V.I.P. 25024 1965 Girl Group 45 VG+,9.99,0.0299
v1|307097569481|0,DORA MARIA & MARIACHI VARGAS DE TECALITLAN -TABASCO- 1962 MEXICAN LP AUTOGRAPHED,19.99,0.0299
v1|227459216606|0,Crazy Elephant 45 RPM - Gimme Gimme Good Lovin'/Dark Part Of My Mind - Bell 1969,2.81,0.0299
v1|358878880940|0,"Donovan Carless ""Be Thankful For What You Got"" Islands Soul Reggae 45 Giant mp3",12.50,0.0299
v1|298560346263|0,Columbia 78-I COULDN'T SLEEP A WINK LAST NIGHT/ A LOVELY WAY TO SPEND AN EVENING,4.99,0.0298
v1|128007719742|0,EDDIE DEAN:Sings a Tribute To Hank Williams Spectrum DLP 89 LP G/G,0.99,0.0298
v1|158147703948|0,12 LP Vinyl Record Lot Springsteen Isaac Hayes Billy Joel Styx Rock Soul Classic,9.99,0.0298
v1|298553945524|0,EARL HINES Beau-Koo Jack / Everybody Loves My Baby BLUEBIRD B-7040 (V+),7.00,0.0298
v1|407117167856|0,Mills Brothers Two Sensational Albums,1.92,0.0298
v1|128012306913|0,"5pc Elvis Presley Vinyl 12"" Album Bundle incl. I Got Lucky/Inspirational (G)",7.99,0.0298
v1|307102938898|0,DAMITA JO ~ I'LL SAVE THE LAST DANCE ~1961 ~45 RPM ~ EP ~ RECORD  NM  COVER NM,0.99,0.0298
v1|327287421629|0,THE WHO - QUADROPHENIA - TRACK RECORD - 2 LP GATEFOLD NM W/BOOKLET,9.50,0.0298
v1|206457726625|0,"John Cutler Feat. E-Man - It's Yours 12"" - Chez - Deep House Shrink HEAR",13.50,0.0298
v1|287499654081|0,Jan & Dean -  Surf With Jan & Dean Marifon Vinyl LP Record 1982,4.69,0.0297
v1|800443916338|0,Michael Jackson - Bad LP - Epic,32.00,0.0297
v1|198542499093|0,Bachman Turner Overdrive  Freeways  Record,6.99,0.0297
v1|377382587818|0,STEELY DAN - GAUCHO - MCA W/ORIGINAL SLEEVE - NICE!!!,10.00,0.0297
v1|358879016101|0,Columbia 1769 Annette Hanshaw LOVER COME BACK jazz 1929  78rpm V+ hear,19.99,0.0297
v1|257661685281|0,Pink Floyd - 7 Inch 45 Record - Another Brick In The Wall - Rare Double Sided,6.00,0.0296
v1|117338371937|0,Dennis Brown Rolling Down 7” 45 RPM (DEB Music) VG+!,9.99,0.0296
v1|318657644961|0,Hialeans LP Sing Your Requests NRMNT 740466 Artist's Label,5.99,0.0296
v1|298554625686|0,"The Clash English Civil War/Pressure Drop 7"" 45 RPM Vinyl CBS S CBS 7082 1978",10.00,0.0296
v1|366571830297|0,Curly Weaver - Sometime Mama - DECCA 7906 Poor,19.99,0.0296
v1|128007086753|0,Marvin Anderson Singers -Pattern My Life- Sealed Gospel LP on King,9.99,0.0296
v1|298554602140|0,"HELTER SKELTER , A CONCERT IN THE PARK BY THE BAND OF THE WELSH GUARDS, 12""ANGEL",0.99,0.0296
v1|267742589286|0,"DISTRACTIONS - You're Not Going Out Dressed Like That - '78 UK TJM 12"" 45 rpm EP",14.99,0.0296
v1|307104262218|0,"Billy Joel 52nd Street 12"" Black Vinyl LP Columbia in Cardboard Sleeve",4.89,0.0296
v1|158129662128|0,Booker T & The MGs 1963 R&B 45 on Stax ~ Fannie Mae ~ Hear,9.99,0.0296
v1|298554553230|0,"1945-DON BYAS ALL STAR QUARTET, FEAT:JOHNNY GUARNIERI, AVALON /BLUE &SENTIMENTAL",1.99,0.0295
v1|227459747820|0,Bob Dylan Blood On the Tracks Sticks on 2nd Side PC 33235 White Text Liner Notes,2.00,0.0295
v1|128007754599|0,Lot of 24 Classical  Vinyl LPs Musical Heritage Society Classical  All M- / EX,35.00,0.0295
v1|366577538487|0,ALLAN HOLDSWORTH Road Games WARNER BROS LP o,8.00,0.0295
v1|377391726498|0,1950's  Rock 'n' Roll 45  Skip and Flip  It Was I,3.00,0.0295
v1|358878986413|0,"Patti & The Lovelites ""Love So Strong"" Crossover Soul 45 Love Lite mp3",12.50,0.0295
v1|168584671079|0,"Rolling Stones - Out Of Our Heads - UK boxed Decca stereo, EX",24.99,0.0295
v1|168584169386|0,Sesame Street 5 Book & Record Lot Original Cast Vinyl LP,9.99,0.0295
v1|267745751956|0,Sandy Nelson Teen Beat Rock 'N Roll B Big Jump Original Sounds Label 45 rpm,3.00,0.0294
v1|358879053240|0,"The Village Choir ""Along The Beach"" Rare 70's Soul 45 N.Y.C. Street Sound mp3",229.50,0.0294
v1|206458733326|0,HOWLIN WOLF MOANIN IN THE MOONLIGHT CHESS LP 1434 180 GRAM FACTORY SEALED,29.99,0.0294
v1|267745785931|0,The Seeds Can't Seem To Make You Mine GNP Crescendo 45 & Picture Sleeve,39.99,0.0294
v1|278240938198|0,K-Tel Songbird LP Vinyl Record Various Artists,5.59,0.0294
v1|298554068743|0,Danny Rivera Muchachito LP 1980 THS-2110,9.99,0.0294
v1|287499610613|0,David Cassidy CHERISH Vinyl LP (Bell 6070) 1972 ,4.99,0.0294
v1|278232651921|0,THE ASSOCIATION     Lot Of 2 Vinyl Records LPS,3.99,0.0294
v1|358879017887|0,"Stone Luv ""Never Turn Your Back On The One You Love"" Sweet Soul/Funk 45 Sting",9.99,0.0292
v1|336722335206|0,Pic Sleeve: Bangles: Hazy Shade Of Winter,3.50,0.0292
v1|366582469952|0,ELTON JOHN-HONKY CHATEAU & NEIL SEDAKA-EMERGENCE-SEALED-2 CLASSIC ROCK LP'S,9.99,0.0292
v1|236979915771|0,Epic Records Sly And The Family Stone 45 RPM Dance To The Music,2.40,0.0292
v1|236979942256|0,DAVID BOWIE STAtION TO STATION LP ON RCA  RECORDS,16.00,0.0292
v1|168584751131|0,"LITTLE RICHARD~""LONG TALL SALLY""~Orig. 1970's~ROCK~ROCK N' ROLL~7'' 45rpm~VG+",0.99,0.0292
v1|168571169349|0,Ricky Allen 1966 Soul 45 on Bright Star Nothing In This World Can Hurt Me ~ Hear,9.99,0.0291
v1|137579607397|0,BEATLES FRENCH IMPORT  W PENNY LANE & STRAWBERRY FIELDS 4 SONGS 33 1/3 VINYL EX!,18.00,0.0291
v1|318661015638|0,YUSSEF DAYES EXPERIENCE Live At Joshua Tree BROWNSWOOD BWOOD0298EP EP SEALED o,36.00,0.0291
v1|168589169389|0,DISCO Billy Nichols Give Your Body Up To The Music West End 1218 1979 NM PROMO,5.00,0.0291
v1|257657890931|0,Firestone Your Favorite Christmas Carols Vol 5 Julie Andrews Previn LP Stereo,6.99,0.0291
v1|267723524362|0,Michael Jackson-Thriller-1982 Epic QE 38112,10.00,0.0291
v1|257662800667|0,"Neil Young & Crazy Horse - Lot Of 3 ""Reactor"" (Reprise 1981) vinyl album HS-2304",4.00,0.0291
v1|168584169053|0,THE ROLLING STONES *** GOATS HEAD SOUP POSTER *** VINTAGE *** ☆USA,9.99,0.0290
v1|407106943413|0,LIGHTNIN' HOPKINS  Los Angeles Blues TEXAS BLUES LP RHINO RNLP 103 NM,9.99,0.0290
v1|278241638088|0,Jimi Hendrix Are You Experienced Vinyl Album,14.99,0.0290
v1|358878840802|0,"Byrdie Green ""Don't Make It Hurt"" Crossover Soul 45 Hallmark mp3",10.50,0.0290
v1|358878924681|0,"Jean Battle ""I've Got To Come In"" Crossover Soul/Deep Soul 45 Clintone Promo mp3",10.50,0.0290
v1|158154907224|0,33 LP RPM Vinyl Record Rod Stewart NEVER A DULL MOMENT Mercury # SRM-1-646 ,6.00,0.0290
v1|227457589215|0,Juicy Lucy Lie Back and Enjoy It LP Atco,16.99,0.0290
v1|307096562889|0,"Billy Mure “Supersonic Guitars Volume II” Stereo Vinyl = VG 12"" LP Record",3.75,0.0290
v1|358876895227|0,Whitney Houston The Bodyguard Soundtrack Vinyl Smoky Lavender Open Never Played,20.00,0.0290
v1|358879036818|0,"The Icemen ""How Can I Get Over A Fox Like You"" Sweet Soul 45 ABC mp3",54.00,0.0290
v1|267745931712|0,THE ROLLING STONES Under Cover LP Rolling Stone Records 7 90120-1 1983,7.95,0.0290
v1|117337318843|0,Charlie Barnet - LP LOT.  ,12.00,0.0289
v1|168571169381|0,Buddy Ace 1965 Soul 45 on Duke ~ Just To Hold My Hand ~ Promo ~ Hear,9.99,0.0289
v1|366583736631|0,"KMD ""Mr. Hood"" Rap Hip Hop 2xLP Traffic/Elektra Reissue MF DOOM",8.50,0.0289
v1|128007720016|0,VARIOUS ARTISTS:Young At Heart RCA PRM-248 LP 1967 VG-/VG,2.00,0.0289
v1|257651959404|0,"ROLLING STONES Miss You RSR 12"" NM ",7.50,0.0289
v1|236980165284|0,Pic Sleeve: Commodores: Take It From Me,3.50,0.0289
v1|257651771400|0,"NOTORIOUS B.I.G. Mo Money Mo Problems BAD BOY 12"" VG+ ",10.50,0.0289
v1|366571813473|0,Johnnie Strauss - Hard Working Woman - DECCA 7081 V,19.99,0.0288
v1|257651957079|0,"ROD STEWART Do Ya Think I'm Sexy WARNER BROS 12"" ",5.00,0.0288
v1|206462527483|0,Albert King - I Wanna Get Funky LP - Stax,11.00,0.0288
v1|147478726926|0,ELVIS PRESLEY LP SRA-5223 GOLD RECORDS VOL 3 JAPAN 1972 REISSUE GATEFOLD NM/MT,19.50,0.0288
v1|318669615388|0,2 JIM CROCE 45RPM-Bad Bad Leroy Brown/A Good Time Man/Don't Mess Around with Jim,4.99,0.0288
v1|366581582177|0,"Andy Kim 45 RPM - Oh, What A Day! / Sunshine - UNI 55356 1972",2.81,0.0288
v1|366583570179|0,"De La Soul ""Stakes Is High"" Rap Hip Hop 2xLP AOI/Chrysalis Reissue",9.50,0.0288
v1|336722335239|0,Pic Sleeve: Frankie Avalon: Why,3.50,0.0288
v1|278241093472|0,Roger Miller Folio Songbook,9.98,0.0287
v1|158148342990|0,"Who -  Who's Next (2017,  3LP) Deluxe Edition Import VG+/VG+ Repress",25.00,0.0287
v1|257651633092|0,"MARY J. BLIGE Family Affair MCA 12"" VG++ Dr. Dre",23.50,0.0287
v1|800451638644|0,McCORMICK BROTHERS 45RPM '58 HICKORY BIG EYES COUNTRY ROCKER VG+ VINYL,9.00,0.0287
v1|128007468206|0,"Lot of 7 Bee Gees 7"" vinyl 45rpm Records VG+ to NM",7.00,0.0287
v1|377389428401|0,"Blues Brothers Soul Man 7"" Vinyl 45 RPM Single Atlantic 3545 Stereo 1978",2.99,0.0286
v1|198549573998|0,BEE GEES TURN AROUND 12964 PICKWICK AUSTRALIAN SESSONS  VINTAGE 33 RPM RECORD,9.99,0.0286
v1|298554573794|0,"1979-BOB McGILPIN ll , ""GET UP"", 12"" MAXI  BUTTERFLY SINGLE RECORD,  DISCO ,CLUB",0.99,0.0286
v1|117337207681|0,Vintage Vinyl/LP. Exitos De La Sonora Santanera. Salsa/Bolero. DML-1053. READ!,19.99,0.0286
v1|327292746650|0,ANNE MURRAY - Greatest Hits Vinyl Lp in Shrink Wrap - Ultrasonic Clean,0.99,0.0286
v1|236980165272|0,Pic Sleeve: Blondie: Rapture,3.50,0.0286
v1|800450883135|0,Lovin' Spoonful 45 Lot-Rain on the Roof-Nashville Cats-Darling Be Home Soon VG,5.99,0.0286
v1|227459336156|0,Skid Row 45 RPM 7 inch record vinyl heavy metal hard rock,7.99,0.0286
v1|227457550943|0,JAMES GANG Newborn ATCO LP Vinyl VG+,8.00,0.0285
v1|327292198165|0,Vixen 45 RPM 7 inch record vinyl heavy metal hard rock,9.99,0.0285
v1|227459340737|0,Lot of 2 Motley Crue 45 RPM 7 inch records vinyl heavy metal hard rock,19.99,0.0285
v1|168571174359|0,The Undisputed Truth 1971 Soul 45 ~ Save My Love For A Rainy Day ~ Promo ~ Hear,9.99,0.0284
v1|267745737845|0,"The McCoys Hang on Snoopy ,Garage Rock  Fuzz Bang Label 45 rpm",3.00,0.0284
v1|147479421581|0,Andrea Carroll The Doolang/This Time Tomorrow 45 RPM VG+,3.00,0.0284
v1|336722335295|0,Pic Sleeve: Joan Baez: Song Of Bangladesh,3.50,0.0284
v1|158154632319|0,"Lot of 5 Classic 70s LP- Joe Walsh, Boston, AC/DC, Jackson Browne, Pousette Dart",24.98,0.0284
v1|358876989011|0,Van Halen - I'll Wait Warner Bros. Vinyl Record Single Hard Rock Paper Sleeve,4.50,0.0283
v1|800443916389|0,"Sapphire - If You Want It You Got It 12"" - BCH - Disco Funk VG++ HEAR",86.00,0.0283
v1|298554454781|0,ROCK 45 T-BONE BURNETT ON WARNER BROS DJ NM HOLD ON TIGHT,9.99,0.0283
v1|206458157029|0,Hear BEACH BOYS God Only Knows 1966 CAPITOL 5706 VG+ Vinyl PLAY TESTED Scranton,9.00,0.0283
v1|377389407258|0,Johnny Mathis -Johnny's Newest Hits - Vinyl Record LP (1963) Stereo Columbia,0.99,0.0283
v1|128007720966|0,B.J. THOMAS:Greatest Hits Scepter SPS-578 LP 1970 VG/VG-,6.00,0.0283
v1|168571169380|0,Johnnie Taylor 1970 Soul 45 on Stax ~ Friday Night ~ Hear,9.99,0.0283
v1|257658705231|0,The Rolling Stones – Flowers Vinyl LP Record Album MONO LL-3509~Plays GREAT!,14.99,0.0282
v1|257657773936|0,"DELIVER by ""THE OAK RIDGE BOYS""  Lp Record Album Vinyl 33-",2.79,0.0282
v1|188710018620|0,Sylvester Weaver - Guitar Blues - OKEH 8109 V,22.50,0.0282
v1|298554357975|0,RAY ANTHONY SWINGIN' ON CAMPUS ~ 1955~ 45 RPM EP ~ RECORD NM  COVER EX,0.99,0.0282
v1|257657471899|0,Jossie Esteban La Patrulla 15 Ok All Right TOP TEN HITS TH-1935  VG+ LP #6077,15.99,0.0282
v1|188737570201|0,"NICK GILDER *DJ COPY* ""(YOU REALLY) ROCK ME "" 45 RPM",2.99,0.0282
v1|358883527874|0,Tom Jones Guy Lombardo Humperdinck Slim Whitman Sonny James Vinyl Record LP Lot,15.99,0.0282
v1|158133159422|0,TOM PETTY AND THE HEARTBREAKERS Long after dark VINYL LP ALBUM 1982 BACKSTREET,9.99,0.0282
v1|318672012629|0,Ashford & Simpson - Send It LP - Warner Bros. SEALED,8.00,0.0282
v1|287499584061|0,Thomas Dolby - She Blinded Me With Science Vinyl 45 Capitol Records 1982,2.99,0.0281
v1|407115301757|0,THE BRADSMEN 45 GHOST RIDERS IN THE SKY MIKE SIKORSKY 4-BAR-B VINYL,1.99,0.0281
v1|307102489394|0,1960 Roger Williams Temptation Vinyl LP Record ,2.34,0.0281
v1|298560346441|0,Decca 78 RPM - Dick Haymes - MAYBE IT'S BECAUSE / IT HAPPENS EVERY SPRING - #52,4.99,0.0281
v1|267745778583|0,Debut Jimi Hendrix Vinyl Record Album Are You Experienced,8.95,0.0281
v1|257651540803|0,"LOST BOYZ Lifestyles Of The Rich And Shameless UPTOWN 12"" SEALED",5.00,0.0281
v1|168583738288|0,Seals & Crofts Greatest Hits LP Vinyl in Shrink w/ Lyrics NM/NM Ultrasonic Clean,19.99,0.0281
v1|128008777430|0,BILLIE HOLIDAY  THE GOLDEN YEARS 1962 COLUMBIA RECORDS 3 LP BOXED SET -EXCELLENT,22.50,0.0281
v1|407105196130|0,Beatles 45 rpm. Atlantic OS-13243. Ain't She Sweet. Sweet Georgia Brown 1983,8.00,0.0281
v1|178374890198|0,"Ten Golden Years,36 Great Motion Picture Themes & Original Soundtracks UA-UXS 68",1.00,0.0281
v1|377389345815|0,BOB DYLAN 7” can you please crawl out your window Picture Sleeve,12.50,0.0280
v1|298554461229|0,JODY MILLER Queen of the House LP Album,4.99,0.0280
v1|800439084708|0,ELECTRIC LIGHT ORCHESTRA ELO Out Of The Blue 2 LP Face The Music 1975Press3 Lot,10.30,0.0280
v1|128007468967|0,Rod Stewart The Rod Stewart Album Polygram Mercury Records Mid-1970s reissue,4.25,0.0280
v1|158154956366|0,COUNTRY Alabama I Wanna Be With You Tonight / Same Sun 1173 1982 NM GOLD PROMO,5.00,0.0280
v1|137579193955|0,Vintage Vinyl LP -Lenny Who? - Lenny Carr Sound Productions  - 33 rpm,1.99,0.0280
v1|128009010259|0,"Dan Fogelberg Song From Half Mountain/Part Of The Plan Epic 7"" 45 Stereo 8-50055",1.42,0.0280
v1|227463581336|0,"Old School Booty Jams, 2x LP, Various (Vinyl) Brass Monkey, The Message, (VG+)",7.00,0.0280
v1|257657894063|0,THE BEATLES EIGHT DAYS A WEEK ORIGINAL 1965 PICTURE SLEEVE & RECORD,31.00,0.0280
v1|398251048303|0,PACO DE LUCIA El Duende Flamenco  PHILIPS Germany | Rumba | Guitar | LP HEAR,9.99,0.0279
v1|407114662985|0,HEAR - Rare Rock 'n Roll 45 - Wayne Harris - Elvis Cover - Devil In Disguise,9.99,0.0279
v1|188717889536|0,Trembita Orchestra - Evelyn Polka - VICTOR V-21058 E,19.99,0.0279
v1|307102514405|0,The Tubes 45RPM “She’s a Beauty” 1983 1980s Pop Rock 7” Vinyl NM!,2.95,0.0279
v1|307102514405|0,The Tubes 45RPM “She’s a Beauty” 1983 1980s Pop Rock 7” Vinyl NM!,2.95,0.0279
v1|377382660915|0,José Mardones 78 rpm Regal RS3028: MOUSSORGSKY La pulga/RHUGHINI Selva encanta,34.98,0.0279
v1|178363881401|0,Grateful Dead Dick’s Picks Volume 2 Two 10/31/71 2xLP Sealed Vinyl LP,84.00,0.0278
v1|336722411741|0,KISS Hotter Than Hell LP Vinyl Record NBLP 7006 Casablanca w/ Inner Sleeve VG,8.50,0.0278
v1|298553885316|0,GRACE SLICK - DREAMS LP 1980 (RCA VICTOR) AFL1-3544 STEREO,7.00,0.0278
v1|257658150269|0,"VICKI SUE ROBINSON Hold Tight RCA VITOR 12"" VG++ ",5.00,0.0278
v1|287499649237|0,Charlie Bennett - Sweetie Record 2024 w/ signed Polaroids,19.99,0.0278
v1|398242395944|0,Vintage Walt Disney So Dear To My Heart Vinyl LP 1964 Disneyland Records DQ-1255,12.00,0.0278
v1|257651863931|0,"PRINCE & THE REVOLUTION Kiss WARNER BROS 12"" VG++ ",7.50,0.0278
v1|366573160681|0,Billie Holiday - St. Louis Blues - OKEH 6064 E+,33.00,0.0278
v1|158155035518|0,Johnny Cash At San Quentin Vinyl,7.00,0.0278
v1|178367987867|0,"Columbia LP Record.The Philadelphia Orchestra,Eugene Ormandy ,Festival of...",1.00,0.0278
v1|318664077287|0,Prince - Batman OST LP - Warner Bros. VG++ Shrink,19.50,0.0278
v1|257651890691|0,"PULSE Shake What You Got OLDE WORLD 12"" ",5.00,0.0277
v1|307102959484|0,JACKIE GLEASON ~ MUSIC FOR LOVERS ONLY ~ 1959 ~ 45 RPM EP ~ RECORD VG+  COVER NM,0.99,0.0277
v1|188733391811|0,Time-Life Great Men of Music Antonin Dvorak 4 LP Vinyl Box Set Book STL-554,10.00,0.0277
v1|398251136429|0,CLASSIC ROCK Pop -7” Lot Of 8 Monkees Bee Gees Dobie Gray Turtles vinyl 60's 70s,6.79,0.0277
v1|227457852477|0,2 Glen Campbell Vinyl Records Hey Little One & Bobbie Gentry and Glen Campbell,5.99,0.0277
v1|257651673970|0,"MICHAEL JACKSON Don't Stop 'Til You Get Enough EPIC 12"" VG+ ",8.50,0.0277
v1|178364304028|0,Grateful Dead Light Into Ashes Fox Theatre St Louis 10/18/72 2xLP Vinyl LP,23.50,0.0276
v1|178364431684|0,Jerry Garcia Band Live 1990 Warfield Limited Box Set Vinyl LP Grateful Dead,32.00,0.0276
v1|287503346114|0,1973 Le Magnifique OST Soundtrack Vinyl LP - Claude Bolling Composer France - NM,68.00,0.0276
v1|336726593856|0,"Lot Of Over 50 45 LP Records, Untested, Used",25.00,0.0276
v1|398245269586|0,MEET THE BEATLES! / CAPITOL APPLE ST 2047 Capitol Records,12.35,0.0276
v1|267745754561|0,BAMA Touch Me When We're Dancing Radio Station Sampler 1979 Red 45 rpm vinyl,5.00,0.0276
v1|178368113416|0,SQUEEZE Argybargy  LP  1980 (A&M SP-4802). M-record and EX Cover ,8.00,0.0276
v1|336722335909|0,Pic Sleeve: The Cyrkle: Turn�Down Day,3.50,0.0276
v1|257651938928|0,"RITCHIE FAMILY I'll Do My Best (For You Baby) RCA VICTOR 12"" VG++/VG+",13.50,0.0276
v1|117336901675|0,"Ronnie Montrose Open Fire LP Vinyl Warner Bros. 1978 12"" 33RPM BSK 3134",5.00,0.0276
v1|168571169378|0,Johnnie Taylor 1966 Soul 45 on Stax ~ I Got To Love Somebody’s Baby ~ Hear,9.99,0.0276
v1|278228905627|0,Amebix Crust Lot#A Doom Venom Discharge Hellbastard Hellhammer Celtic Frost ,13.50,0.0275
v1|158149717531|0,Link Wray 3-piece 45rpm lot - Influential Rock 'n Roll Guitarist - VG or better,6.99,0.0275
v1|158136613619|0,JETHRO TULL - MINSTREL IN THE GALLERY - CHRYSALIS W/ORIGINAL SLEEVE -REALLY NICE,1.99,0.0275
v1|158129662178|0,Joe Tex 1966 Soul 45 on Dial ~ You Better Believe It Baby ~ Hear,9.99,0.0275
v1|147479127235|0,Various Artists - RRR-100 (7” 1993) 100 LOCKED GROOVES - BDN - SKULLFLOWER -MORE,25.00,0.0275
v1|178368712471|0,Clifton Chenier Tu le Ton Son Ton / I’m Coming Home 45 RPM 45-175 EX,15.00,0.0274
v1|188737570223|0,"THE BUCKINGHAMS 'MERCY, MERCY, MERCY"" 45 PS",4.99,0.0274
v1|407106877338|0,BEE GEES-Best Of Bee Gees ‘12 33RPM 2LP Record Polydor 1974 French Import,4.99,0.0274
v1|307097569508|0,"RULLI RENDO - EL TROPICO SABROSO - 1978 MEXICAN LP, SEXY COVER, CUMBIA",14.99,0.0274
v1|168584168253|0,Janis Ian – Janis Ian (Self-Titled) - A 1978 Vinyl LP Record Album JC 35325,1.00,0.0274
v1|336722136865|0,"Juan Arvizu - Monisima/Silenciosamente, Victor 46807, Latin 78",9.99,0.0274
v1|377389407200|0,Marty Robbins - All Around Cowboy - Vinyl Record LP - 1979 Country - Warped,3.99,0.0273
v1|158129662176|0,The Artistics 1971 Sou 45 ~ (I Want You To) Make My Life Over ~ Promo ~ Hear,9.99,0.0273
v1|278241647900|0,JOHNNY “ CHANO “  MARTÍNEZ Y SU ORQUESTA ,300.00,0.0273
v1|188718270737|0,Elvis Presley Separate Ways Vinyl LP RCA Rockaway Pressing VG+,6.00,0.0273
v1|168584342720|0,Matthew Wilder - Break My Stride - Vocal and Instrumental 45 RPM Record,3.99,0.0273
v1|307103949285|0,Led Zeppelin lll in Shrink Wrap,60.00,0.0273
v1|117338350660|0,Dennis Brown Rain From The Skies 7” 45 RPM (DEB Music) EX!,9.99,0.0273
v1|307102889043|0,EDDY ARNOLD ~ SINGS THEM AGAIN ~ 1961  33  RPM COMPACT 33 ~  RECORD NM  COVER NM,0.99,0.0273
v1|358879061236|0,"Willie Hightower ""Because I Love You"" Northern Soul 45 Capitol Promo mp3",11.50,0.0273
v1|307097569505|0,"THE SOUND OF MUSIC, SOUNDTRACK BY JULIE ANDREWS, 1976 PROMO MEXICAN LP",14.99,0.0273
v1|206461036220|0,Perez Prado And His Orchestra – Latin Satin [1957] Vinyl LP RCA Victor Records,5.00,0.0272
v1|407115473634|0,Country Music Hall Of Fame 1962 Design Records Various Artists,1.99,0.0272
v1|287499654217|0,Cheap Trick - I Want You To Want Me/Clock Strikes 10 TEN Epic Records 45,2.99,0.0272
v1|318679949426|0,Cat Stevens Greatest Hits LP Vinyl 12 1975 A&M SP-4519 With Calendar Rare Record,8.00,0.0272
v1|327292220398|0,ABBA RARE 45 RPM 7 inch record vinyl  POP,19.99,0.0272
v1|377389408230|0,The Charlie Daniels Band - Whiskey - Vinyl Record LP 1977 Country/Southern Rock,3.99,0.0271
v1|358799183350|0,"RCA ""Program Transcription in DECO sleeve! L-24018 Creator's Band  33 1/3 rpm E",31.00,0.0271
v1|168586081172|0,Vintage Baseball: The First 100 Years LP Official Vinyl VG+/EX ULTRASONIC CLEAN,5.99,0.0271
v1|178374890200|0,Barbra Streisand Vinyl Bundle - Collection of Hard to Find Titles - Lot of 5,1.00,0.0271
v1|158147773203|0,12 LP Classical Vinyl Record Lot Bach Mozart Chopin Verdi Haydn Symphony Orchest,9.99,0.0271
v1|236980142540|0,"James Gang Bang Rock Vinyl LP Record 12"" ATCO Records Cardboard Sleeve Black",10.00,0.0271
v1|168584152356|0,Glen Campbell LP “By The Time I Get To Phoenix” Capitol (ST-2851-Stereo),1.00,0.0271
v1|327287207067|0,Iron Maiden - Lot Of 5 Vinyl LPs - Records Vintage US Pressings Metal Albums,127.50,0.0271
v1|358878857703|0,"Clifton Dyson/Gwen Matthews ""I'm Giving Up"" 70's Soul 45 QS mp3",9.99,0.0271
v1|298554186206|0,THE McGUIRE SISTERS ~ FOUR BY THREE  ~ 45  RPM EP ~  RECORD EX  COVER EX,0.99,0.0271
v1|800454443612|0,Al Johnson - Back For More LP - Columbia VG+,31.00,0.0271
v1|318664892861|0,ELVIS PRESLEY - THIS IS ELVIS - 2 LP - SOUNDTRACK - JAPAN - RARE!,34.99,0.0271
v1|307102502637|0,Hank Ballard Come On Wit’ It/ Blackenized 45 Rpm James Brown King Stereo Records,4.00,0.0271
v1|206460452638|0,"Al Hirt ""Cotton Candy"" RCA Victor LP 1964 LSP-2917 FREE SHIPPING ",3.00,0.0271
v1|236980239216|0,"Prince - Controversy Vinyl LP, Warner Bros. BSK 3601, VG+",13.00,0.0271
v1|366582158121|0,Ace of Base 'All That She Wants'/ Don’t Turn Around 45rpm Jukebox Single #r,2.62,0.0270
v1|307107447086|0,Glenn Miller Chattanooga Choo Choo 1951 RCA White Label Red Text 45 Vinyl Promo,8.00,0.0270
v1|128007506435|0,OLIVIA NEWTON-JOHN:Don't Stop Believin' MCA 2223 LP 1976 VG/VG-,6.00,0.0270
v1|168583671725|0,Dean Martin ‎– Sleep Warm (1959) Capitol ‎– T 1150 Vinyl VG+/EX ULTRASONIC CLEAN,11.99,0.0270
v1|278235127263|0,Tom Petty And The Heartbreakers – Damn The Torpedoes. Vinyl LP Record Album.,5.00,0.0270
v1|188732570618|0,"Lot of 20 Motown 45s from 60s70s (Motown, Gordy, Tamla, Soul) All VG+",10.50,0.0270
v1|188737570202|0,"RITA COOLIDGE ""HIGHER AND HIGHER"" 45 PS",2.99,0.0270
v1|267745877857|0,"Waylon Jennings Dreaming My Dreams RCA Victor Stereo 12"" 33 RPM LP APL1-1062",24.95,0.0270
v1|267745752703|0,Rod Stewart The First Cut is The Deepest B The Ball Trap Pop Rock 45 rpm vinyl,3.00,0.0270
v1|407117218143|0,"DOOM & Madlib (Madvillain) ""Madvillainy"" Rap Hip Hop 2xLP Stones Throw Reissue",8.50,0.0270
v1|158154638017|0,"(15) 45 RPM7"" Records, 1950/1960's HARMONICATS, Chuck Berry, Jo Stafford, etc.",2.99,0.0269
v1|206460604390|0,Elvis Worldwide Gold Award Hits Parts 1 & 2 RCA 2LP Vinyl Record Set,5.00,0.0268
v1|358878931887|0,"Jimmy Braswell ""This Time It's Got To Be..."" Crossover/Deep Soul 45 Jar-Val mp3",52.00,0.0268
v1|336722383380|0,Dire Straights 'Brothers in Arms' Vinyl LP Warner Bros. 1-25264,8.75,0.0268
v1|178366759940|0,5 CHER 45RPM-Dark Lady/Alfie/I Found Someone/We All Sleep Alone Promo,3.00,0.0268
v1|188714929702|0,Hank Penny and His Radio Cowboys - Army Blues - OKEH 06426 E-/E,19.99,0.0268
v1|398241283775|0,Johnny Cash Hello I’m Johnny Cash Vinyl,7.00,0.0268
v1|267745750729|0,"Cal Tjader ‎– Huracan (Vinyl EP 45-RPM, Play-tested EX, SIGNED by Cal & band)",18.99,0.0268
v1|168583757124|0,BEE GEES-LOVE YOU INSIDE OUT/I'M SATISFIED-45 RPM-POP-VINYL-RECORD-RSO 925-NM-,5.00,0.0267
v1|800453939276|0,Rock & Roll    Dion,3.59,0.0267
v1|800453953742|0,Rock & Roll    Dion,3.59,0.0267
v1|800451596418|0,"Black Sabbath Paranoid 12"" Vinyl LP Rock Vertigo Label Cardboard Sleeve",16.99,0.0267
v1|327292219560|0,TXC RARE PROMO  45 RPM 7 inch record vinyl alternative,9.99,0.0267
v1|267745919639|0,JETHRO TULL Benefit LP CHRYSALIS 6400 1970,4.95,0.0267
v1|188733648481|0,Lonzo Oscar Give Me RC Cola Moon Pie Im Moving On No 2 Decca 46312 78 RPM 1951,5.00,0.0267
v1|168583836773|0,THE CWAZY WABBITS-RARE CHECKER PROMO PICTURE SLEEVE+45-(THE BUNNY'S EASTER SONG),115.00,0.0267
v1|168583733357|0,Paul Anka-Crazy Love-45 RPM-single-pop-vinyl-record-ABC Paramount 9907-EX-1958,4.00,0.0267
v1|307104617744|0,1980's  Rock 45 with picture sleeve  Icehouse  Electric Blue,3.00,0.0266
v1|206458188281|0,THE BAND Stage Fright 1970 CAPITOL Green Target Label STERLING RL VG+ Tested,15.00,0.0266
v1|168584176668|0,Trapp Family Singers & Chorus - The Sound Of Music - RCA LPM-2277 - 1960,1.00,0.0266
v1|128007526674|0,Link Wray Rumble / the Swag Single 45rpm Record RSD 2015 NM,19.50,0.0266
v1|227462486709|0,Sonora Tropical ‎– Con Sabor Perez Prado / AL Records  / VG+ LP,25.90,0.0266
v1|188733510206|0,"Title: Vintage Lincoln Records 78 RPM The Old Chisholm Trail 10""",6.00,0.0266
v1|407117103228|0,Norfolk Jubilee Quartette Paramount 78 Where Shall I Be I'm Gonna Build Right On,10.00,0.0266
v1|298554515763|0,"1939-ARTIE SHAW AND HIS ORCHESTRA , "" OH, LADY BE GOOD"", 10"" BLUEBIRD,  JAZZ",1.99,0.0266
v1|128007339553|0,Lot Of 6 Aretha Franklin 45rpm 7” Vinyl Records. Atlantic,6.00,0.0266
v1|318668181588|0,Various – The Best Of Johnson Records - US Doo Wop/Rhythm & Blues Compilation LP,4.99,0.0266
v1|227463438730|0,"VINTAGE ""VOGUE THE PICTURE RECORD"" THE BELLS OF ST. MARY'S R710 DON LARGE CHORUS",30.00,0.0265
v1|128011151678|0,LOS HERMANOS BANDA DE SALAMANCA DOS AMORES/LA BARCA MARIN 45 Rpm ULTRA RARE USED,29.99,0.0265
v1|168583678043|0,LOT OF 63 1950's 1960's DOO WOP R&B SOUL EARLY ROCK 45RPM RECORDS ALL SLEEVED,19.99,0.0265
v1|158147691145|0,LOT OF 63 1950's 1960's DOO WOP R&B SOUL EARLY ROCK 45RPM RECORDS ALL SLEEVED,19.99,0.0265
v1|168583973860|0,LOT OF 63 1950's 1960's DOO WOP R&B SOUL EARLY ROCK 45RPM RECORDS ALL SLEEVED,19.99,0.0265
v1|168583589389|0,LOT OF 63 1950's 1960's DOO WOP R&B SOUL EARLY ROCK 45RPM RECORDS ALL SLEEVED,19.99,0.0265
v1|137579338296|0,JOHANN STRAUSS 2 COLUMBIA RECORDS WITH SLEEVES AND CARDBOARD COVER VERY NICE,3.00,0.0265
v1|206457726672|0,Prince - S/T LP - Warner Bros.,12.50,0.0265
v1|137581539402|0,​Vintage 1964 Once Upon A Beetle Record Puzzle Storytime ST 23 Vinyl Coloring...,75.00,0.0265
v1|128008375615|0,Johnny Guitar Watson DJLPA-3 Ain't That A Bitch  G+,4.00,0.0265
v1|287499159943|0,The Doobie Brothers ... Best Of The Doobies LP 33 RPM,7.29,0.0265
v1|198542793159|0,Delroy Wilson-Dancing Mood Original Vinyl 45 Island Records (sound clip),30.00,0.0264
v1|358876957376|0,"RCA LP Record, Family Library of Great Music #4 Brahms VG ",1.00,0.0264
v1|307107281614|0,ELVIS VINYL - The Essential Elvis Presley VINYL 2LPs Record 2016 *EXCELLENT / NM,10.00,0.0264
v1|257649893461|0,Smokey And The Bandit Part 3 Soundtrack LP MCA RECORDS MCA-36006 RARE!,65.00,0.0264
v1|336720413445|0,Soundgarden  - Badmotorfinger -  2016 SEALED Double LP - 180 Gram Audiophile,74.99,0.0264
v1|267745739123|0,"Joe Ritchie Mr Music & My Song 1975 Blue Star Records Pop Song, Ballad 45 rpm",3.00,0.0264
v1|407114779239|0,HEAR - Rare Rock 'n Roll 45 - Brenda Lee - Dynamite - Decca # 9-30333,9.99,0.0264
v1|377382660916|0,Josef Mann on 78 rpm Odeon 80919: Othello-Othellos Tod; V+ cond,34.98,0.0264
v1|358879042576|0,"The Mayberry Movement ""I Think I'm In Love"" 70's Soul 45 Event mp3",9.99,0.0264
v1|366580202621|0,PAUL SIMON GRACELAND LP WARNER BROTHERS FROM 1986 VG+ VINYL,14.50,0.0264
v1|278241412285|0,Joe Cocker's “GREATEST HITS”- A&M Records - SP-4670 - LP COVER & VINYL ARE VG+,10.00,0.0264
v1|168586091890|0,Outlaws Radio Remixes Rebel Girl Running Don’t Stop Goodbye Vinyl ,6.00,0.0264
v1|298554568292|0,The Kinks One For The Road 2LP Arista A2L8401 1980,10.00,0.0264
v1|358879003855|0,"Ray Pollard ""Wanderlust"" Northern Soul 45 Decca mp3",9.99,0.0263
v1|318672195769|0,The Rolling Stones Emotional Rescue COC 16015 Vinyl LP 1980 Near Mint,5.00,0.0263
v1|257651673055|0,"MICHAEL JACKSON Bad EPIC 12"" VG+",17.50,0.0263
v1|117336862689|0,Claude Thornhill -Autumn Nocturne - Snowfall  78 RPM Shellac Columbia 37271 1947,6.90,0.0262
v1|236980308521|0,Judas Priest The Best Of Judas Priest Vinyl LP Picture Disc Limited Edition - VG,8.50,0.0262
v1|178374890176|0,Johnny Mathis Vinyl Bundle - Fantastic Collection Hard to Find Titles - Lot of 3,1.00,0.0262
v1|377391682221|0,"JULIUS COBB The Wind The Sun And Me 1962 Soul 7"" single 45 RPM RECORD Vinyl USED",5.00,0.0262
v1|227459211755|0,Wanda Jackson 45 RPM - I Wish I Was Your Friend/Poor Ole Me - Capitol 2315  1968,0.49,0.0262
v1|358884022055|0,Johnny Blaine Rare Bopper Rockabilly 45 Play That Song Viking Tommy Todd Rebel,49.99,0.0262
v1|298554265824|0,TENNESSE ERNIE FORD ~ OL' ROCKIN ERN ~ 1956 ~45 RPM ~ EP ~ RECORD  NM COVER NM,0.99,0.0262
v1|298560346415|0,M-G-M 78 RPM-Ziggy Elman - AND THE ANGELS SING / THREE LITTLE WORDS - #42,4.99,0.0261
v1|318664077328|0,Sunfire - S/T LP - Warner Bros.,46.00,0.0261
v1|298554355351|0,RAY ANTHONY CONCERT ~ 1953~ 45 RPM EP ~ RECORD NM  COVER NM,0.99,0.0261
v1|236979854489|0,Robert Goulet Record Albums; Lot Of 7; Christmas Album; VG Condition,14.00,0.0261
v1|800451747862|0,Jethro Tull Standing Up Vinyl LP Reprise RS-6360 Gatefold W/Pop-Up,5.95,0.0261
v1|257661724877|0,THE M+M ~ SHE SHUT ME DOWN ~ GLASS RECORDS ~ Orig. GARAGE 45,8.00,0.0261
v1|336722397727|0,"Pink Floyd The Wall 2LP Vinyl Record Columbia PAL36184 w/ Inners, VG+",18.50,0.0261
v1|236979739838|0,Lizzo Cuz I Love You,9.90,0.0261
v1|298554287278|0,The Rolling Stones - Big Hits (High Tide and Green Grass) Stereo Vinyl LP London,5.40,0.0261
v1|358879008053|0,"Ronnie Walker ""Really, Really Love You"" Sweet Soul 45 Philips mp3",33.00,0.0260
v1|278247900092|0,"Roger Williams For You 12"" Vinyl Record",6.99,0.0260
v1|366583522678|0,"Brand Nubian ""One For All"" Rap Hip Hop 2xLP+7"" Tommy Boy RE Color Wax + Bonus 45",15.00,0.0260
v1|358878978635|0,"Na Allen ""Thanks For Nothing"" Crossover Soul 45 Atco mp3",15.50,0.0260
v1|227459322573|0,Steely Dan – The Royal Scam LP MCA-37044 Vinyl 1980 Reissue Kid Charlemagne NM!,30.00,0.0259
v1|298560346444|0,Decca 78 RPM - Gordon Jenkins - MAYBE YOU'LL BE THERE / DARK EYES - #50,4.99,0.0259
v1|336713854718|0,JOBELL AND THE ORCHESTRA DE SALSA NEVER GONNA LET YOU GO 45 JAN Rare Latin Soul,9.99,0.0259
v1|128007721100|0,BUTCH CASSIDY AND THE SUNDANCE KID:OST A&M SP-4227 LP 1969 G+/VG,4.00,0.0259
v1|267745770212|0,Chip Rogers  – The Broken Bridge / I Lost The Key 45,39.99,0.0259
v1|188714941853|0,Prairie Ramblers - I've Got A Gal In Ev'ry State - OKEH 06230 E+,19.99,0.0259
v1|358878883699|0,"Eddie Parker ""I Need A True Love"" Northern Soul 45 Triple B mp3",12.50,0.0259
v1|158129662113|0,Mel Starr 1977 Soul 45 on Tripple Park ~ Lovin On the Outside ~ Hear,9.99,0.0259
v1|236980293688|0,Kiss Rock And Roll Over Vintage Vinyl LP 1976 Casabalca Record NBLP-7037 VG,12.50,0.0259
v1|800451701347|0,JACKIE PETERSON 45RPM '65 WARWICK BECAUSE YOU'RE MINE CLEVELAND TEEN BALLAD VG+,8.00,0.0259
v1|147479345913|0,THE LANCASTERS 45 Titan– FF-1730 Satan's Holiday / Earthshaker Ritchie Blackmore,249.99,0.0258
v1|287499670095|0,Country Chartbusters -  LP - 10 Track Compilation - 1980 WB Records,3.99,0.0258
v1|287501232176|0,George Benson - Breezin’  LP~1976 Warner Bros. Records~BS 2919 ,2.90,0.0258
v1|168571169387|0,Margie Joseph 1969 Soul 45 on Volt ~ Nobody ~ Hear,16.50,0.0258
v1|398232381632|0,PAUL REVERE & THE RAIDERS All-Time Greatest Hits 2X LPs NEAR MINT Gatefold 1972,8.00,0.0258
v1|178368399711|0,Lot 2  NAT KING COLE Love is the Thing voice /Love is a Many Splendored Thin LP,4.99,0.0258
v1|257651698238|0,"MISS JANE It's A Fine Day RAMPAGE 2x12"" VG+ ",5.00,0.0258
v1|137585968866|0,"1993  Collage ‎– I'll Be Loving You 12"" Maxi-Single Vinyl Record",35.00,0.0258
v1|278248321073|0,LOT Of 4 CLASSIC ROCK Vinyl LP-ALL SHRINK WRAPPED-Doobie Bros-Garfunkel-Ronstadt,7.64,0.0258
v1|168584342835|0,The Fireside Carolers Let's All Sing Our Christmas Favorites Vinyl Record L1676 ,9.99,0.0257
v1|398250549689|0,Harry Chapin Greatest Stories Live 2LP Vinyl 8E6003 Elektra,7.99,0.0257
v1|318660973952|0,LITTLE JIMMY SCOTT If You Only Knew SAVOY LP reissue SHRINK o,8.00,0.0257
v1|267747651328|0,Judas Priest Hell Bent For Leather Vinyl LP VG+ 1979 Rob Halford Iron Maiden,14.95,0.0257
v1|336722115029|0,Nik Kershaw – The Riddle & Wild Boy 7” Single 45 Records 1984,4.99,0.0257
v1|377389408372|0,Oak Ridge Boys - American Made - Vinyl Record LP MCA-5390 1983 - Country Rock,3.99,0.0257
v1|147480679705|0,"Golden Record Babes in Toyland 7"" 45 RPM Vinyl EP Paper Sleeve EP684",4.92,0.0257
v1|236980165352|0,Pic Sleeve: Asia: Heat Of The Moment,3.50,0.0257
v1|287499354525|0,Earl Klugh Magic In Your Eyes Vinyl Record United Artists 1978 Gatefold,1.25,0.0256
v1|206460593634|0,"NICE OLD DEPT OF TREASURY 16"" TRANSCRIPTION RECORD Glenn Miller Betty Johnson ",10.00,0.0256
v1|407114733269|0,HEAR - Rare Pop Rock 45 - The Mummies - Tell Her No - Hit Records # 193,7.99,0.0256
v1|137560364837|0,GREEK REMBETIKA ~ LYRA LAMBROS FIDDLE / TZOVENOS RARE~ HEAR ~ 78 RPM  ~ X 6567,100.00,0.0256
v1|336722125186|0,"Margarita Cueto/Cueto-Mejia - Quera Dios - Victor 80153, Latin 78",19.99,0.0256
v1|287499649181|0,"Vince Gill - Oklahoma Borderline & She Don't Know - Vinyl Record 45 RPM 7""",2.99,0.0256
v1|278240927268|0,"The Doors The Best Of The Doors,1973 Elektra Quad Disc EQ-5035 Quadraphonic VG+",12.00,0.0256
v1|227455723683|0,"Little River Band LP ""Sleeper Catcher"" 1978 +Bio Good Condition",7.99,0.0256
v1|198542909311|0,Robert Petway 78 RPM Record Bertha Lee Blues / In The Evening Bluebird 9008,21.50,0.0256
v1|287499610621|0,Kool & The Gang - Open Sesame Vinyl LP 1976 De-Lite DEP-2023 Trifold,5.99,0.0256
v1|327295419847|0,10-Inch Vinyl Record Lot London Rainbow S&R Records 1940s-1950s 4,12.99,0.0256
v1|257658992474|0,RONNIE ROGERS TOUGH TIMES DON'T LAST 1987 MTM MUSIC GROUP,0.40,0.0256
v1|318670370303|0,"RARE EL GRAN TRIO Salomon Alicea 45 RPM 7""",2.00,0.0255
v1|307102543170|0,The Beatles REVOLVER Capitol SW-2576 NM Vinyl ,40.00,0.0255
v1|358878804187|0,"Bill Wright ""A Man In Love"" 70's Soul 45 Midtown mp3",23.50,0.0255
v1|267748708159|0,"Vintage Blood, Sweat & Tears 5-Album Vinyl LP Collection 33 RPM",5.00,0.0255
v1|358878989922|0,"Ralfi Pagan ""To Say I Love You/Wonderful Thing"" Latin Soul 45 Fania mp3",27.00,0.0255
v1|236980165297|0,Pic Sleeve: AC/DC: For Those About To Rock (We Salute You),3.50,0.0255
v1|377391686421|0,"GIL BERNAL To Make A Big Man Cry RCA 7"" 1967 Promo SOUL 45 RPM RECORD Vinyl USED",5.00,0.0255
v1|178363936659|0,Grateful Dead Dick’s Picks 24 3/23/74 Cow Palace 4xLP Box Set Vinyl LP Sealed,201.00,0.0255
v1|298548751541|0,"Mudhoney  - You Got It/Burn It Clean -  US Picture Sleeve PS 7""",9.99,0.0254
v1|168569597113|0,RUSSIAN ~ TRADITIONAL FOLK ~ GREAT & RARE / ZAKHAROV  ~ HEAR ~ 78 RPM  ~ X 6595,65.00,0.0254
v1|377389437611|0,"Popeye A Whale of a Tale Book and Record 7"" Vinyl 45 RPM Peter Pan Records 1969",2.28,0.0253
v1|128007720061|0,THE MCGUIRE SISTERS:Just For Old Times Sake Coral CRL 757385 LP 1961 G+/G,0.99,0.0253
v1|358876349185|0,Disney Cinderella Original Motion Picture Soundtrack Vinyl Picture Disc 3107 VG+,16.99,0.0253
v1|267745931615|0,1979 Eagles The Long Run Vinyl LP 5E-508 Asylum Records.,5.00,0.0253
v1|298554214132|0,EDDY ARNOLD ~ SLOW POKE ~ 1956 ~ 45 RPM ~ EP ~ RECORD NM  COVER NM,0.99,0.0253
v1|377389407771|0,Quicksilver Messenger Service - Shady Grove - SM-391 Capitol LP 1976 Reissue,6.99,0.0253
v1|168584163272|0,The Dave Clark Five - Having a Wild Weekend Soundtrack LP EPIC LN 24162,1.00,0.0253
v1|377389822460|0,"THE BAND 5 LP LOT w STAGE FRIGHT, MOONDOG MATINEE, ROCK OF AGES, BASEMENT TAPES",22.50,0.0253
v1|318668117951|0,Various – The Best Of Class Records Volume 2 - US Doo Wop/R&B Compilation LP,4.99,0.0253
v1|800440176298|0,FRANK FOSTER/FRANK WESS Two For The Blues PABLO LP VG+ o,8.00,0.0253
v1|366575017471|0,"Orchestra ""Vilna Ukraina - Oksana - OKEH 15551 E+",19.99,0.0252
v1|377389407433|0,Vintage-Chubby Checker Your Twist Party With The King Of Twist Vinyl LP Parkway,4.99,0.0252
v1|278223583961|0,Misfits Danzig Samhain Necros Negative Approach Bad Brains Circle Jerks Nofx DRI,12.50,0.0252
v1|158129662154|0,Johnny Nash 1964 Soul 45 on Groove ~ I’m Leaving ~ Hear,9.99,0.0252
v1|398251097243|0,MICHAEL JACKSON Thriller | Official Picture Disc | 1983 | Sticker | LP HEAR,9.99,0.0252
v1|358876996253|0,Apollonia 6 - Sex Shooter / In a Spanish Villa Warner Bros. Vinyl Single 1984,4.10,0.0252
v1|198542441222|0,"The Who Who's Next 1971 MCA Records 12"" Black Vinyl LP MCA-1691",10.00,0.0252
v1|257662729967|0,Neil Young 1971 Live at the Los Angeles Music Center Vinyl AER Record & 3 More!,16.50,0.0252
v1|168584173504|0,Grateful Dead Europe '72 Vol. 2 Live 2011 RSD 4LP Vinyl Box Set Record Store Day,149.99,0.0251
v1|158129662149|0,Daylighters 1962 R&B 45 on Tip Top ~ Why You Do Me Wrong ~ Hear,9.99,0.0251
v1|267745889039|0,LOT OF 18 VINYL RECORDS LP VINTAGE CLASSIC COUNTRY & WESTERN/FOLK MOST FROM 60's,12.99,0.0251
v1|178367511170|0,10 LP Comedy Smothers Brothers Shelley Berman First Family Meader Holbrook Bloop,25.00,0.0251
v1|128007464078|0,SPARKS & JANE WIEDLIN. 1983 VINYL 45.COOL PLACES.EXCELLENT.W/PICTURE SLEEVE.ROCK,4.99,0.0251
v1|158147308989|0,THE AGENTS DON'T FORGET ME 1982 NORTHSIDE 45RPM SINGLE NOS WITH INSERTS CLEAN,197.97,0.0251
v1|198549566220|0,THE MOTHER'S OF INVENTION WEASELS RIPPED MY FLESH REPRISE  VINTAG 33 RPM RECORD,9.99,0.0251
v1|358876939773|0,"RCA LP Record, Family Library of Great Music ,# 3,Mozart VG ",1.00,0.0251
v1|188733804841|0,Dickey Lee  45 RPM You Won't Be Here Tonight / Everybody Loves A Winner Mercury,3.50,0.0251
v1|307102927202|0,HANK SNOW~THE GOLDEN ROCKET ~1959 ~ 45 RPM ~ EP ~ MAROON  RECORD  EX  COVER EX,0.99,0.0251
v1|117336900547|0,Jimi Hendrix Experience Smash Hits MS 2025 Stereo Reprise Vintage 1970 Vinyl VG+,2.16,0.0250
v1|358884232080|0,ROYAL ROOST - EDDIE COOLEY AND THE DIMPLES- A SPARK MET A FLAME 45 RECORD ,4.99,0.0250
v1|298554370320|0,RAY ANTHONY DADDY LONG LEGS ~ 1958~ 45 RPM EP ~ RECORD VG+  COVER NM,0.99,0.0250
v1|168584140180|0,DMC 1990 MIXES LPs - Lot of 2 All Mint - Jan. vol 2 & vol 3 - MINT- LOOK,24.99,0.0250
v1|158129662161|0,The Astors 1965 Soul 45 on Stax ~ Candy ~ Hear,9.99,0.0250
v1|307102968688|0,HARRY BELAFONTE ~ ISLAND IN THE SUN ~  1957 ~ 45 RPM EP ~ RECORD NM  COVER NM,0.99,0.0249
v1|168589443267|0,THE BEATLES FEATURING TONY SHERIDAN ~IN THE BEGINNING (CIRCA 1960)  1970 POLYDOR,15.99,0.0249
v1|188734730158|0,"Peter Tosh Buk-In-Hamm Palace 12"" Single Vinyl Record 12 YRSR 104 45RPM",9.99,0.0249
v1|267745865653|0,Elvis Presley Fun In Acapulco Japan LP SHP-5271 RCA Victor Living Stereo,6.00,0.0249
v1|178368383881|0,"Mercury 45 RPM Record,Reba Mc Entire, You lift me Up To Heaven ,VG ",1.50,0.0249
v1|307103946275|0,The Beatles 1967-1970 with hype sticker in Shrink Wrap,40.00,0.0248
v1|336722298955|0,LP Los 8 De Colombia Piensa Corazón ORB LBL EX (CUMBIA) EX,19.95,0.0248
v1|366582021461|0,"Yes - 90125 (LP, 1983, Atco Records)",3.95,0.0248
v1|318664077296|0,"Ray Bennett Jr - When You Hear Love Calling 12"" - Streetheat EU - Boogie HEAR",77.77,0.0248
v1|327292565443|0,"So Long and Thanks for All the Shoes by Nofx (Record, 2023)",42.00,0.0247
v1|407115967246|0,"RAZA SOLAR - El Lugar De Los Dioses Antiguos, New, black metal, LP, Maquahuitl",20.00,0.0247
v1|178364130777|0,Grateful Dead Portland Memorial 5/19/74 PNW Tour 6xLP Box Set Vinyl LP Sealed,52.00,0.0247
v1|206457726673|0,Prince - For You LP - Warner Bros. VG+,11.00,0.0247
v1|127999019399|0,Rina Sawayama - Hold the Girl - WHITE COLOR VINYL LP - Only 4000 Pressed Record,39.99,0.0247
v1|158129662137|0,Pieces of Eight 1967 Soul 45 on A&M ~ Lonely Drifter ~ Hear,9.99,0.0247
v1|198542831870|0,Gaylads-You Never Leave Him/Message To My Girl  Original Vinyl 45 Island(clip),20.00,0.0247
v1|358883527386|0,RCA Camden Records Vinyl LP Lot Ferante And Teicher Eddie Arnold Don Rondo,15.99,0.0247
v1|188734421374|0,The Best of Tito Rodriguez LP - RCA Victor Records LSP-3329(e) STEREO - LATIN,9.99,0.0247
v1|298553767721|0,Wings At The Speed Of Sound Vintage Vinyl [My Best Copy!] NEVER PLAYED NM,22.00,0.0246
v1|267745781407|0,"Earth, Wind & Fire September/Boogie Wonderland Columbia Hall of Fame 45",9.99,0.0246
v1|117338440400|0,Dennis Brown So Long Rastafari 7” 45 RPM (Observer) EX!,9.99,0.0246
v1|407120979654|0,"Silver and Gold by Young, Neil (Record, 2008)",12.99,0.0246
v1|358878919608|0,"Irma Thomas ""Anyone Who Knows What Love Is"" Deep Soul 45 Imperial Promo mp3",9.99,0.0246
v1|236980114579|0,"The Rolling Stones Goats Head Soup Rock Vinyl LP 12"" 33 RPM Rolling Stones Black",9.75,0.0246
v1|307102686205|0,Rock 3 Lot LPs  George Harrison Ted Nugent's Billy Joel's -Vinyl-VG+ #405,8.00,0.0245
v1|366571296297|0,"Vintage 70’s FOLK Vinyl LP Mixed LOT of 12 - Judy Collins, Joan Baez, Holly Near",19.99,0.0245
v1|307097569532|0,"TEN YEARS AFTER - WATT - 1974 MEXICAN LP, BLUES ROCK",29.99,0.0245
v1|278232649002|0,JOHNNY MATHIS     Lot Of 3 Vinyl Records LPS     VG TO VG++,1.99,0.0245
v1|178364267944|0,Grateful Dead The Music Never Stopped 6xLP Box Set Vinyl LP Sealed Live,86.00,0.0245
v1|267746429893|0,"Cato - Warner Bros. 12"" Single - I Get a Buzz - PRO-A-7293",1.99,0.0245
v1|278243605743|0,Formula 20   Vinyls  - 2 LPs,7.79,0.0244
v1|358878939066|0,"Joe Odom ""If You Knew Her Like I Do"" Crossover Soul 45 Capitol mp3",9.99,0.0244
v1|318669784382|0,Elvis Presley lot 4 now moody blue legendary performer 1. Welcome home elvis,19.99,0.0244
v1|168571169379|0,Luvenia Lewis 1969 Soul 45 on Jet Stream ~ Find A Man That Satisfies ~ Hear,9.99,0.0244
v1|298554248303|0,Peter Tchaikovsky Time Life Great Men of Music STL-541 4LP Box Set Vinyl Records,2.99,0.0244
v1|800451829317|0,BILLY LA MONT 45RPM '59 OKEH COUNTRY BOY WILD R&B ROCKER PROMO VG- VINYL,9.99,0.0244
v1|158150293556|0,"KMD ""Bl_ck B_st_rds"" Rap Hip Hop 2xLP Metal Face Reissue MF DOOM",11.50,0.0244
v1|327287460691|0,ZZ TOP LOT - ELIMINATOR & AFTERBURNER - WARNER BROS. - VG+/VG+,18.27,0.0244
v1|227462754433|0,"1982 Creepshow Original Motion Picture Soundtrack 12"" Album LP Stephen King RARE",60.99,0.0243
v1|128007475649|0,Jukebox 45 & Title Strip Billy Joel This Is The Time Cleaned Tested,2.49,0.0243
v1|358878974017|0,"Mel Britt ""She'll Come Running Back"" Northern Soul 45 Fip Reissue mp3",13.50,0.0243
v1|358878974017|0,"Mel Britt ""She'll Come Running Back"" Northern Soul 45 Fip Reissue mp3",13.50,0.0243
v1|318664077288|0,Prince - Controversy LP - Warner Bros. Poster,12.50,0.0243
v1|407114752231|0,HEAR- Rare Rock 'n Roll 45 & Jukebox Title Strips - Freddy Cannon - Patty Baby,9.99,0.0243
v1|298560346285|0,Mercury 78 RPM- Frankie Laine - NEVERTHELESS / BE BOP SPOKEN HERE - #41,4.99,0.0243
v1|117336903146|0,The J. Geils Band - Showtime(SO-17087) 1982 LP,7.50,0.0242
v1|358878971299|0,"Marjorie Ingram ""I Have No Right To Love You"" Crossover Soul 45 Bennett mp3",11.50,0.0242
v1|117302190849|0,Vintage Vinyl/LP. Baile Ritmos Tropicales De Sonora Santanera. EX-5033. READ!,19.99,0.0242
v1|117337207799|0,Vintage Vinyl/LP. Sonora Santanera. Boleros De Agustin Lara. EX-5236. READ!,19.99,0.0242
v1|298553761871|0,MOZART Sonatas for Violin Piano Robert Mann Yefim Bronfman MHS 827415A LP RECORD,0.99,0.0242
v1|127999052979|0,The Doors - Golden Album - RED Vinyl LP + Bonus Red 7” Single Picture Sleeve,34.99,0.0241
v1|178369111232|0,"United Artists 45RPM Record,Kenny Rogers.The Gambler,Momma's Waitig VG",1.00,0.0241
v1|336722335236|0,Pic Sleeve: Martin Briley: I Don't Feel Better,3.50,0.0241
v1|117341316561|0,B.B King Live at The Regal Album Vinyl LP Record NM-/VG+ MCA-27006,9.99,0.0241
v1|318668748011|0,Nat King Cole – The Christmas Song - US LP 1976,4.99,0.0240
v1|800451885965|0,"Tomita ""The Planets"" LP (1976) RCA Red Seal ARL1-1919",4.50,0.0240
v1|267745754562|0,Robert Goulet Summer Sounds Pop & Vocal Jazz 1965 Red DJ 45 rpm vinyl Columbia,5.00,0.0240
v1|206460401335|0,Music From Peter Gunn (1-70112) Vinyl LP Record 1959,0.99,0.0240
v1|287501202601|0,Neil Diamond Heartfelt Lp  Columbia 1983,3.00,0.0240
v1|398241362627|0,ALL THE GREAT MOTOWN LOVE SONG DUETS ~ 1985,6.00,0.0240
v1|137578808256|0,U2 Vinyl Still Haven’t Found/Spanish Eyes/Deep 7” A45/B331/3 w Sleeve,1.99,0.0240
v1|257657484408|0,Juan Gabriel Con Mariachi - Mis Ojos Tristes [1978] Vinyl LP Pronto Shrink Wrap,34.99,0.0240
v1|158147394522|0,2 Beatles 45 RPM Vinyl Record Penny Lane Strawberry Fields Apple Ballad John Ono,3.00,0.0240
v1|188736500774|0,Mike Cooley Patterson Hood Jason I Live At The Shoals Theatre 4 LP Box Set,35.00,0.0240
v1|227460591509|0,"COMO MAMAS Hold On To God's DAPTONE 7"" single 45 RPM VG RECORD Green Vinyl USED",5.00,0.0239
v1|366582288846|0,The Ventures-Gemini/La Bamba-Dolton Records 45,4.99,0.0239
v1|188718159359|0,Lydia Mendoza - Noche De Ronda - AZTECA 302 E-,19.99,0.0239
v1|117336541073|0,"The Fabulous Music Makers -We Don't Need Music- Louisville, KY Gospel LP - Hear",9.99,0.0239
v1|336722311735|0,DAVID BOWIE Ziggy Stardust 2022 Parlophone 1/2 Speed Master *SHRINK* MINTY!!!,32.50,0.0239
v1|298545888794|0,RECORD PLAYERS Double C Side EP w) Picture Sleeve 1978 45 UK PUNK,49.98,0.0239
v1|327296209318|0,"8 Classic Rock Vinyl Albums:Eagles, Todd Rundgren, Doobie Brothers, James Taylor",16.00,0.0239
v1|188734672863|0,TED NUGENT Lot Of 2 Vinyl LP RECORD Album PENETRATOR / TED NUGENT  NM,11.99,0.0239
v1|158147454446|0,KISS SAN ANTONIO TEXAS OFF THE SOUNDBOARD 3X COLOR VINYL LP ASYLUM TOUR MINT -,199.99,0.0239
v1|137560234022|0,AFRICAN ~ GUITAR VOCAL & BOTTLE ~ YAGI ELLY~ HEAR ~ 78 RPM  ~ A 1149,100.00,0.0239
v1|128007802394|0,1950 Decca Records + Folk Dancer 78 records + Bing Crosby record book Lot of 17,0.99,0.0239
v1|168590740860|0,Columbia B 280 JIM FLORA ART COVER CROSBY CLASSICS 1952 2 EPS 45 RPM VG++,9.99,0.0238
v1|137579067236|0,King Perry And The Lyrics/Anthony And The Imperials 45 Red Wax M,6.00,0.0238
v1|158147734309|0,12 LP Vinyl Record Lot Simon & Garfunkel The Doors Rolling Stones Rock Soul,9.99,0.0238
v1|188735187052|0,"Hank Williams Jr. I've Got A Right To Cry LP Vinyl 12"" 33RPM MGM 1971 SE-4774",8.00,0.0237
v1|137564984980|0,HOUND DOG TAYLOR & The House Rockers  Beware Of The Dog! CHICAGO BLUES LP IMP,9.99,0.0237
v1|287499343577|0,"Nat King Cole (including Nature Boy), LP Vinyl,",4.00,0.0237
v1|398241358397|0,Merle Haggard ‎– I'm Always On A Mountain When I Fall  1978 Vinyl Country,10.00,0.0237
v1|307097569535|0,"THE VENTURES - EXITOS DE ORO - 1967 MEXICAN LP, SURF",19.99,0.0237
v1|117336933482|0,"Vintage 1960's Beatles 45 Records Ballad of John & Yoko, Strawberry Fields",10.00,0.0237
v1|407115055916|0,Booker T. & the M.G.'s  Greatest Hits Lp,7.99,0.0237
v1|377389408394|0,Emerson Lake Palmer - Trilogy - Vinyl Record LP SD9903 Cotillion Label,5.99,0.0237
v1|158136613625|0,BAD COMPANY - RUN WITH THE PACK - SWAN SONG GATEFOLD - REALLY NICE!!!,2.99,0.0236
v1|178368644743|0,Judy Garland Meet Me in St. Louis 1944 Vintage Album Set 78 RPM ,13.62,0.0236
v1|278241670967|0,Star Trek Vintage Vinyl Record Lot Of 5 Soundtrack & Power Records Book Sets,15.00,0.0236
v1|298554141382|0,The Marshall Tucker Band Long Hard Ride Vinyl 1976 CP 0170 Capricorn Records VG+,5.00,0.0236
v1|188718153837|0,Lydia Mendoza - Angel De Mis Anhelos - FALCON 97 E+,19.99,0.0236
v1|336722414458|0,"The Beatles White Album Vinyl LP  SWBO-101 Capitol 1968 w/ Poster, Photos VG",27.00,0.0236
v1|227454198718|0,Chick Bullock on 78 rpm Diva 6037-G: St James’ Infirmary/GENE AUTRY: Frankie and,19.98,0.0236
v1|267745901386|0,THE WHO Quadrophenia 2 LP Gatefold MCA Records 1973 MCA2-10004 W/Book,29.95,0.0236
v1|267747853032|0,"""E.T.""  NARRATED BY MICHAEL JACKSON! VINYL ALBUM BOXED SET! 1982 (MCA 70000)",199.99,0.0235
v1|236980527507|0,Aftermath (US) 1966 Terre Haute Press Vinyl LP By The Rolling Stones (PS 476),15.00,0.0235
v1|128007336195|0,Neil Diamond - Jonathan Livingston Seagull All Organ Music Sheet Book,1.00,0.0235
v1|188736929582|0,"THE CHIEFTAINS on LP "" BOIL THE BREAKFAST EARLY  ""  country",2.99,0.0235
v1|267723531844|0,Paul McCartney-McCartney-Capitol  SMAS-3363 black label,10.00,0.0235
v1|298553020260|0,Lot  6 ARETHA FRANKLIN 45rpm-Jump To it/Freeway of Love/Oh Baby/Respect/Daydream,4.99,0.0235
v1|188717942810|0,Ukrainian Village Orchestra - Tarnopol - VICTOR V-21111 E-/E,19.99,0.0235
v1|377389408282|0,Jerry Lee Lewis - The Best Of Jerry Lee Lewis - Vinyl Record LP 1970 Smash Label,3.99,0.0234
v1|327292221762|0,Grateful Dead Touch of Grey  45 RPM 7 inch record vinyl jerry garcia,7.99,0.0234
v1|278243831299|0,"WLP TEEN POP BILLIE JEAN HORTON ON ATLANTIC LABEL 45 RPM  7"" RECORD",1.81,0.0234
v1|178368181299|0,"Vtg 3 Little Pigs, Wizard Of Oz, Red Riding Hood,Read N Hear Book/Record 1972",14.00,0.0233
v1|307103035564|0,RINGO FOR PRESIDENT /A BOY LIKE THAT THE YOUNG WORLD SINGERS BEATLES Decca 31660,4.99,0.0233
v1|366581875911|0,Bon Jovi Runaway/Love Lies 1984 Mercury Records 45,3.99,0.0233
v1|168584169014|0,"The Mama's And The Papa's, If You Can Believe Your Eyes And Ears, D-50006 1966",1.00,0.0233
v1|178363070417|0,Obscure Melodic Country Bluegrass 45 HYLO BROWN Who Should / A Boy They JESSUP,6.00,0.0233
v1|398245179050|0,The Partridge Family Sound Magazine Vinyl LP Record Album,2.40,0.0233
v1|307104378759|0,"RONNIE JAMES ""WONDER GIRL"" ACETATES(2)EXCELLENT LAQUERS/COVERS",85.00,0.0233
v1|147478973810|0,Vintage LP Vinyl Record Neil Diamond His 12 Greatest Hits 1974,0.99,0.0233
v1|267745836963|0,Taj Mahal Oooh So Good ‘N Blues,5.00,0.0233
v1|358878986747|0,"Paul Dino ""That's How I Miss You/Tonight.."" Popcorn Soul 45 United Artists Promo",9.99,0.0233
v1|168571169346|0,Jeannie Reynolds 1975 Disco 45 ~ The Phones Been Jumping All Day ~ Hear,9.99,0.0232
v1|158148091055|0,Lot of 5  Early 60's 45's Records with Original Sleeves Records M- Sleeves VG,16.99,0.0232
v1|178370097981|0,"Peter Frampton - ""I'm Into You"" - LP",2.50,0.0232
v1|158154952331|0,SOUL Wayne Cochran Get Ready / Hootchie Cootchie Chess 2029 1967 NM 45 RPM PROMO,5.00,0.0232
v1|267745741753|0,The Corvells The Jokes on Me Northern Soul Popcorn Doo Wop CUB Label 45 rpm,3.00,0.0232
v1|358878891808|0,"Fletcher Walker III ""Guess I'll Never Understand"" Crossover Soul 45 Paramount",12.50,0.0232
v1|198542940281|0,Seafood Mama Harden My Heart (pre Quarterflash) regional pop single 80s pop rock,7.50,0.0232
v1|278241192325|0,Annie Cordy– Les Aventures De Bernard Et Bianca LP Disneyland 1977 France,5.00,0.0231
v1|398242972537|0,1981 Various Massachusetts 60s Garage Band LP - Bay State Rock,9.99,0.0231
v1|336722318304|0,TENACIOUS D Rize Of The Fenix 2024 **SEALED**  Perfect!!!,30.50,0.0230
v1|358879041166|0,"The Joneses ""Who Loves You"" 70's Soul 45 Epic mp3",9.99,0.0230
v1|358879033687|0,"The Festivals ""You've Got The Makings Of A Lover"" Northern Soul 45 Smash mp3",12.50,0.0230
v1|298551107368|0,"The Beatles  - Eight Days A Week -  US Picture Sleeve PS 7""",19.99,0.0230
v1|336722373118|0,"Lot of 68 80s Rock & Pop 45 7"" Singles Madonna Van Halen Prince a-ha Def Leppard",31.00,0.0230
v1|198535857097|0,CEMETERY 2 X Lp Lot Christian Death 45 Grave Deathrock Goth Punk,39.99,0.0230
v1|407105386770|0,Beatles 45 rpm VJEP 1-903 Promo copy. Souvenir of their visit to America. VJ,150.00,0.0230
v1|227454198722|0,"George Gershwin, Paul Whiteman Con Or 78 Victor 55225: GERSHWIN Rhapsody in Blue",69.00,0.0230
v1|128007215668|0,"LP 12 Bell 9000, The 5th Dimension Live, Special 2 record set",2.95,0.0230
v1|307102953236|0,THE SABRES ~ ROCKIN' WITH THE SABRES ~ 1957 ~ 45 RPM EP ~ RECORD NM  COVER NM,0.99,0.0230
v1|267745708134|0,"10 1950s 45rpms: Miller, Holly, Haley, Denny, Price, Fleetwoods, Everly Bros.+++",6.10,0.0230
v1|158147657298|0,INTERNATIONAL SUBMARINE BAND-RARE PICTURE SLEEVE+45-(THE RUSSIANS ARE COMING)-PS,225.00,0.0229
v1|358879040353|0,"The Jimmy Castor Bunch ""It's Just Begun"" Funk Breaks 45 Kinetic mp3",12.84,0.0229
v1|188737570208|0,"THE EVERLY BROTHERS ""CATHY'S CLOWN"" 45 PS",6.99,0.0229
v1|158129662129|0,James Carr 1966 Deep Soul 45 on Goldwax ~ Pouring Water On A Drowning Man ~ Hear,9.99,0.0229
v1|168571169313|0,The Magnificent Men 1968 Soul 45 on Capitol ~ Save the Country ~ Promo ~ Hear,9.99,0.0228
v1|188733550333|0,"Anderson Bruford Wakeman Howe + 7"" single ""Vultures"" non lp rarity YES lp",7.99,0.0228
v1|366581846923|0,KING CRIMSON-COURT OF THE CRIMSON KING -RARE PROMO 45 ON ATLANTICPROG ROCK,12.99,0.0228
v1|358878939974|0,"John Gary Williams ""The Whole Damn World Is Going Crazy"" 70's Soul 45 Stax mp3",13.50,0.0228
v1|206460657813|0,"MCA Records Beverly Hills Cop Soundtrack MCA 5553 12"" 33RPM Vinyl LP 1984",9.00,0.0228
v1|398241274569|0,crosby stills nash young four-way street,12.00,0.0228
v1|800450304344|0,Margaret Whiting & Paul Weston 78 rpm  Capitol 214 How Deep Is The Ocean 1944,6.90,0.0227
v1|128008902728|0,The Rolling Stones The Legends Of Rock 2xLP Limited Edition Double LP Decca,14.99,0.0227
v1|398242956486|0,Hear 1965 The Alley Cats Garage Rock DJ 45 - Lily of the West,34.99,0.0227
v1|227459295669|0,"Bruce Springsteen Greetings From Asbury Park, N.J.",11.99,0.0227
v1|178369098684|0,"AM 45 RPM Record, Sergio Mendes,For Me , Gente,, VG ",1.50,0.0227
v1|178363070426|0,Hot Bluegrass Bopper 45 THE BARRIER BROTHERS Breaking In A Brand PHILIPS hear,5.00,0.0227
v1|158129662136|0,Jackie Montre-El 1968 Soul 45 on Ready ~ Worship ~ Hear,9.99,0.0226
v1|287499607699|0,El Gran Combo De Puerto Rico,20.50,0.0225
v1|267745872671|0,"NITTY GRITTY DIRT BAND ""Twenty Years Of Dirt"" Vinyl LP Warner Bros. 25382-1",3.57,0.0225
v1|168571169362|0,Spencer Wiggins 1970 Southern Soul 45 on Fame ~ Double Lovin ~ Hear,9.99,0.0225
v1|188737702356|0,"Elvis Presley Elvis' Christmas Album 12"" Green Vinyl LP 33 RPM Mono RCA",6.50,0.0225
v1|336722335227|0,Pic Sleeve: Joan Baez: In The Quite Morning,3.50,0.0224
v1|267745734294|0,Del Shannon Runaway/Jody Promo 45 on Big Top with sleeve,24.99,0.0224
v1|188733354133|0,Boston Rock And Roll Anthology LP Compilation Vintage Vinyl Record 33 1/3RD RPM!,6.00,0.0224
v1|267745741079|0,Mony Mony B) 1 2 3 & I Fell Pop Garage Rock Fuzz Tommy James 1968 45 rpm vinyl,3.00,0.0224
v1|227457951425|0,Lot (107x) Orig 1970s+1980s CLASSIC ROCK/NEW WAVE 45's PROMOS etc ALL PICTURED!!,36.00,0.0224
v1|236979781690|0,Lawrence Welk Presents Bob Ralston & Jerry Burke; Vintage Organ Music; Lot Of 3,6.00,0.0224
v1|318678069574|0,MERCURY RECORDS - DEL VIKINGS - SNOWBOUND & YOUR BOOK OF LIFE 45 RECORD,4.99,0.0224
v1|298554251639|0,ELLA FITZGERALD. George and Ira Gershwin Songbook Vol. Five. Verve MG V-4028,17.95,0.0223
v1|298537101308|0,Fat Mattress Fat Mattress II LP ATCO SD 33-347 1970,10.00,0.0223
v1|188710014990|0,Curley Weaver - Oh Lawdy Mama - DECCA 7664 V+,19.99,0.0223
v1|407111310673|0,Moody Blues 2 Lp's Question Balance & Every Good Boy,13.98,0.0223
v1|188744734550|0,"Carole King: In Concert At The BBC 1971 LP, Record Store Day 2021 Edition",15.00,0.0223
v1|298560346443|0,Capital - 78 RPM - Billy Butterfield - STEAMROLLER / JALOUSIE #69,4.99,0.0223
v1|188733866821|0,Elvis Presley. 1959. LPM-1990. For Elvis Fans Only,6.00,0.0223
v1|168584144091|0,BEACH BOYS THE BEACH BOYS' CHRISTMAS ALBUM CAPITOL SMX2164 1LP,1.00,0.0222
v1|407115056965|0,Elvis Presley Worldwide Gold Award Hits Lp,11.99,0.0222
v1|188734659230|0,MOTT THE HOOPLE - GREATEST HITS Vinyl LP RECORD 1976 Album PC 34368 NM,9.88,0.0221
v1|278223617956|0,Gism Noisepunk Crust LP Lot#1 Confuse Mob 47 Doom Discharge Disclose Cimex Gloom,10.50,0.0221
v1|128007506669|0,NEIL DIAMOND:Love at The Greek Columbia KC2 34404 LP 1977 VG/VG-,6.00,0.0221
v1|257651934714|0,"RICK JAMES Super Freak MOTOWN 12"" VG++ ",10.00,0.0221
v1|298553944491|0,1927 JAZZ - Ken Sisson - BAMBOOLA - Vaughn De Leath 78 rpm BRUNSWICK 3595 V+,9.00,0.0221
v1|257662734310|0,"Crosby, Stills & Nash - Lot Of 3 Vinyl Records - CSN, Blue Notes, Crazy Horse",4.00,0.0221
v1|366581573873|0,The Volumes 45 RPM - I Love You / Dreams - CHEX Records  1002  1971,1.25,0.0221
v1|358878951970|0,"Kelly Garrett ""With You"" 70's Soul 45 RCA Promo mp3",9.99,0.0221
v1|128007721102|0,BOBBY GOLDSBORO:Greatest Hits United Artists UAS-5502 LP 1970 G+/VG-,4.00,0.0221
v1|278240982260|0,BLUES 78 • Sam Price • Decca 8624 • Match Box Blues • Blow Katy Blow • Killer!,14.99,0.0220
v1|800450598806|0,"FLEETWOOD MAC ""Then Play On"" - Reprise RS 6368  -   Vinyl LP Record",9.99,0.0220
v1|358875481146|0,1943 King Cole Trio Decca 8630 78 RPM Hit That Jive Jack Tested Plays Both Sides,9.99,0.0220
v1|158129662157|0,Sonny Lavelle ~1962 Memphis R&B 45 on Quick ~ Two-Fisted Lover ~ Hear,12.84,0.0220
v1|188737570214|0,"MICHAEL DAMIAN ""COVER OF LOVE"" 45 PS",2.99,0.0219
v1|298553787618|0,"Morrissey Boxers 7"" 45 RPM Vinyl Single Parlophone 1995 UK",15.00,0.0219
v1|117337207919|0,Vintage Vinyl/LP. Mas Exitos De Sonora Santanera & Sonia Lopez. CYS-1083. READ!,19.99,0.0219
v1|377391713363|0,"AVETT BROTHERS  Avett Guild 2020 CLUB Folk 7"" single 45 RPM RECORD Vinyl USED",8.99,0.0219
v1|178369095427|0,"AM 45 RPM Record Roger Nichols Trio, Snow Queen, Love song Love Song VG",1.50,0.0218
v1|366577528737|0,STAN GETZ FT. JOAO GILBERTO The Best Of Two Worlds COLUMBIA LP VG++ wlp o,16.17,0.0218
v1|147479173908|0,Deadeye Dick New Age Girl/Perfect Family 45 RPM Dumb and Dumber 1994 Ichiban,5.00,0.0218
v1|267745976427|0,Fleetwood Mac Tusk LP Vinyl Record Album,12.95,0.0218
v1|158149727648|0,"Elvis Presley - Movie Soundtrack LP record ""Frankie and Johnny"" Play & Jacket NM",9.99,0.0218
v1|267745720732|0,Lawrence Welk 78rpm Single 10-inch Coral Records #61143 Ain't She Sweet,5.00,0.0218
v1|327292204967|0,Accept 45 RPM 7 inch record vinyl heavy metal hard rock,5.99,0.0218
v1|178368213785|0,"Golden 33 RPM Record, Christmas Sing -A-long. VG",2.00,0.0218
v1|188743384259|0,Uncles Estate ~ NEWPORT FOLK FEST 1964 Vol 1 ~ Vanguard 79184 ~ 105554 / VG EXC,9.50,0.0217
v1|188733753533|0,Eric Carmen No Hard Feelings / Never Gonna Fall In Love Again 45 RPM VG Cond,3.50,0.0217
v1|398243413556|0,Frank Zappa - The Man From Utopia - Vintage 1983 Vinyl LP - Barking Pumpkin...,18.00,0.0217
v1|298554560299|0,LOVE STORY Orginal Soundtrack Album,3.00,0.0217
v1|158147661025|0,lot of 4 old school country records,8.00,0.0217
v1|278235177590|0,"Your Favorite Martian – Sex In Zero Gravity. 12"" 45RPM Vinyl Record Album.",40.00,0.0217
v1|178369022339|0,"Warner Brothers 45RPM Record,Nitty Gritty Dirt Band,High Horse,Must Be Love VG ",1.50,0.0217
v1|168555370738|0,"Crystal Gayle - Lot of (2) 33 RPM LP's, Hollywood Tennessee, and Classic Crystal",10.00,0.0216
v1|227462200295|0,Cat Stevens Foreigner LP Vinyl Album A&M Matrix Number SP-4391 (SP-4681),1.99,0.0216
v1|398252953011|0,Elvis Presley A Canadian Tribute RCA KKL1-7065 12in Vinyl LP,9.99,0.0216
v1|137581609995|0,"The Best of Doris Wishman by Various (LP, 2021) Something Weird, Modern Harmonic",10.99,0.0216
v1|358878991272|0,"Ralph Graham ""She Just Sits There"" Northern Soul 45 Up Front Reissue mp3",32.09,0.0216
v1|168571169373|0,Dee Dee Warwick 1966 Soul 45 on Mercury ~ Yours Until Tomorrow ~ Hear,9.99,0.0216
v1|267746391535|0,Jackson Browne Hold Out Rock Vinyl LP 1980 Asylum Records EX/EX.      5E-511,6.99,0.0216
v1|117338512470|0,Dennis Brown Your Love Is Amazing 7” 45 RPM (Studio One) EX!,9.99,0.0215
v1|298554567676|0,BTO Rock n' Roll Nights LP Mercury SRM-1-3748 1979,5.00,0.0215
v1|358851155608|0,"Neil Young – After the Gold Rush (1970) - The Holy Grail ""RE-1 Artisan"" Mix",60.00,0.0215
v1|358878913556|0,"Harry Ray ""Ride Your Pony Girl"" Sweet Soul Funk Breaks 45 All Platinum mp3",9.99,0.0215
v1|188733584771|0,Vintage RCA Victor Little Nipper Birthday Fun Dennis Day 78 RPM Record Y-430,7.00,0.0215
v1|147478648685|0,Five Man Electrical Band Werewolf/County Angel 45 RPM Rock Polydor 1974,3.00,0.0215
v1|366582002376|0,"The Beatles Beatles VI Capitol Records T-2358 12"" Black Vinyl LP Rock",10.99,0.0215
v1|327273625952|0,"RAY STEVENS 45 ""The Great Escape"" 1968 Promo Record ♫ Good Condition",2.99,0.0215
v1|227459305235|0,Woodstock: Music from the Original Soundtrack ,20.00,0.0215
v1|298554007292|0,Chicago+Police,16.00,0.0214
v1|298554031772|0,Healthy is Wealthy something special from Kraft vinyl record Slim Goodbody,4.99,0.0214
v1|168571169390|0,The J.B.’s 1970 Funk 45 on King ~ The Grunt ~ Hear,9.99,0.0214
v1|407115304476|0,Walt Disney's Song of the South,25.00,0.0214
v1|267745936887|0,COUNTRY GOSPEL SMITH'S SACRED SINGERS (CO 15144-D) I WILL SING OF MY REDEEMER,10.00,0.0214
v1|267745812804|0,Alice Creech Autographed Obscure North Carolina Country 45 with Picture Sleeve,14.99,0.0214
v1|298553790740|0,"Morrissey Sunny 7"" 45 RPM Vinyl Single 1995 Parlophone UK",15.00,0.0214
v1|318670204985|0,Johnny Cash’s Greatest Hits Volume 1 - 1967 Vinyl LP MONO 1C,4.99,0.0213
v1|227459470406|0,Lot Of 20 Disco Albums Various Artists LP Vinyl Records,29.00,0.0213
v1|407117445441|0,Chicago - Chicago Transit Authority - Double  Vinyl LP Record Album,7.99,0.0213
v1|227457852512|0,Glen Campbell That Christmas Feeling Vinyl LP Record Album Capitol ST-2978,6.99,0.0213
v1|366581586342|0,Michael Jackson 45 RPM - Thriller / Can't Get Outta The Rain -Epic 34-04364 1984,3.09,0.0213
v1|188718247087|0,Elvis Presley Vinyl Album King Creole LP Mono LPM 1884 Inner Sleeve RCA VG/G,6.00,0.0213
v1|398245527702|0,JIMMY JOHNSON BAND North / South DELMARK Blues 1982 VG+ VINYL LP SHRINK,9.98,0.0213
v1|318668420862|0,"Various – The Best Of ""Relic"" Records - US Doo Wop Compilation LP",4.99,0.0213
v1|318668173948|0,Various – The Best Of Valmor Records - US Doo Wop Compilation LP,4.99,0.0213
v1|398243629081|0,frank sinatra no one cares vinyl,5.00,0.0213
v1|227459758684|0,"VINTAGE The Good Girls ""Your Sweetness"" MOTOWN 12"" SINGLE (1989) PRE OWNED",5.20,0.0213
v1|267745749132|0,RCA Victor Promo 78 Rpm Record Montana Slim Rudolph Red Nosed Reindeer Jolly Old,5.00,0.0212
v1|158149731397|0,Bo Diddley - 2 late '50's Rock 'n Roll - Blues Rock 45rpm records - Both Play VG,9.99,0.0212
v1|168569880069|0,N. AFRICAN ~ ALGERIAN ~ CHEIK LARMIA RELIZANIA  ~ HEAR ~ 78 RPM  ~ A 1164,50.00,0.0212
v1|168570109919|0,N. AFRICAN ALGERIAN ~ BARIA FARAH ~ HEAR ~ 78 RPM  ~ A 1153,35.00,0.0212
v1|307097569527|0,"AMERICA - EL DISCO DE ORO - 1976 MEXICAN LP, POP",14.99,0.0212
v1|407115624727|0,Elvis Presley 45 Gold Standard 447-0650 Puppet on a String  P/S & W/L Promo,15.00,0.0212
v1|366577536044|0,BARRY HARRIS Tokyo: 1976 XANADU 177 LP SEALED o,8.50,0.0211
v1|168583973672|0,JERRY MADISON-RARE TEEN PICTURE SLEEVE + RED VINYL 45-(MERRY MARY)--PS--PIC--SLV,249.99,0.0211
v1|336721989415|0,RUTH ETTING COLUMBIA 995 My Man (Mon Homme)/After You've Gone,6.99,0.0211
v1|158135423745|0,Aerosmith Rocks Vinyl LP Columbia records PC 34165 1976,7.99,0.0211
v1|267745923900|0,ELVIS Guitar Man LP RCA Records AAL1-3917 ,9.95,0.0211
v1|336722612107|0,"Ry Cooder - Crossroads, 1986 Soundtrack LP, Blues, Delta Blues.",9.99,0.0210
v1|178375232023|0,Pink Floyd More Soundtrack Vinyl LP 2016 Reissue Bernie Grundman NM,14.00,0.0210
v1|188726497713|0,Crude Wailing Hillbilly Bluegrass 45 McCARROLL FAMILY Vietnam LOG CABIN OH rare,6.00,0.0210
v1|307097570991|0,"CONTRASTES UN GRATO RECUERDO DE EXCELSIOR, LUIS MIGUEL / PANDORA 1986 MEXICAN LP",14.99,0.0210
v1|278232253707|0,"Led Zeppelin – Led Zeppelin IV, Swan Song, Vinyl LP 12"" 33 RPM, Rock, SD 19129",19.00,0.0210
v1|198542731210|0,"Fleetwood Mac ""Mirage"" 1982 'Hold me'",7.89,0.0210
v1|168583735823|0,THE FIVE AMERICANS-WESTERN UNION-45 RPM-POP-VINYL-RECORD-ABNAK AB-118-VG+-1967,4.99,0.0209
v1|168570114240|0,AFRICAN ~ POP W. FEMALE VOCAL ~ THE BABES   ~ HEAR ~ 78 RPM  ~ A 1155,50.00,0.0209
v1|287499351788|0,Elvis Presley - RCA Victor LP - Moody Blue - AFL1-2428 - Blue Vinyl,3.45,0.0209
v1|318668131713|0,Various – The Best Of Specialty Records - US Doo Wop Compilation LP,4.99,0.0209
v1|198542823803|0,Justin Hines-Rub Up Push-up Origin isal Vinyl 45 On Island Records (sound clip),20.00,0.0209
v1|318668078807|0,Various – The Best Of Beltone Records - US Doo Wop/Vocal Compilation LP,4.99,0.0209
v1|398241282908|0,Elton John Captain Fantastic MCA-2412 w Poster And Booklets,18.00,0.0208
v1|298553858592|0,Hootenanny Nashville Gene & Jerry With The Homesteaders VG+ Hit: Up The Creek ,14.95,0.0208
v1|178367853401|0,"David Soul - ""Don't Give Up On Us"" - 45 RPM",1.00,0.0208
v1|158129662187|0,Guitar Gable 1959 R&B 45 on Excello ~ This Should Go On Forever ~ Hear,9.99,0.0208
v1|267745724377|0,The Rolling Stones Tattoo You Vinyl LP 1981 ,5.00,0.0208
v1|287499597020|0,The Empire Strikes Back - Star Wars Original Soundtrack-Still Sealed!,39.00,0.0207
v1|377389408224|0,Maynard Ferguson - Carnival - Vinyl LP 1978 Columbia JC 35480 Masterdisk RL,9.99,0.0207
v1|358879022368|0,"The Basooties ""I'm So Proud"" Sweet Soul/Garage 45 Muffin mp3",15.50,0.0207
v1|198540927511|0,MARVIN GAYE & KIM WESTON TAMLA 270 FROM 1966,19.99,0.0206
v1|407121066205|0,THE BEATLES  RUBBER SOUL' PHILIPPINES  PARLOPHONE REISSUE PCS 3075 Vinyl LP IMP,19.99,0.0206
v1|377389407910|0,"Johnny Mathis- Open Fire, Two Guitars - Vinyl Record LP - Columbia CL 1270-1959",0.99,0.0206
v1|298560346338|0,Capital - 78 RPM - THERE'S THAT LONELY FEELING AGAIN / SINCERELY YOURS #19,4.99,0.0206
v1|407115056417|0,Johnny Cash Johnny 99 Lp,8.99,0.0206
v1|206460380997|0,FLEETWOOD MAC Tusk 1979 2LP Warner Bros Vinyl Capitol Mastered 2HS 3350,19.49,0.0205
v1|188737570215|0,"THE DAVE CLARK FIVE ""PLEASE TELL ME WHY"" 45 PS",2.99,0.0205
v1|336723605793|0,LP Luis Enrique Eddie Santiago Los Principes de la Salsa CBS LBL PRISTINE,19.95,0.0205
v1|188733695511|0,Jim Reeves The Best Of LP. RCA Victor Records. In Shrink Wrap.,2.99,0.0204
v1|168585856655|0,Walt Disney's Peter Pan Vinyl LP Disneyland VG+/EX ULTRASONIC CLEAN & TESTED,7.99,0.0204
v1|318660837444|0,THE BEATLES - INTRODUCING THE BEATLES LP - STEREO - VERS. 2 - STICKER - RARE!,152.50,0.0204
v1|158147593629|0,"Superchunk the breadman / cast iron 7"" vinyl",12.00,0.0204
v1|168571169411|0,George Porter 1980 Funk 45 on Deesu ~ Cissy Strut ~ Hear,9.99,0.0204
v1|158129662133|0,The Marvelettes 1963 Soul 45 on Tamla ~ My Daddy Knows Best ~ Promo ~ Hear,9.99,0.0203
v1|257657313527|0,Paul Simon Still Crazy After All These Years Record Sleeve,5.00,0.0203
v1|407106625661|0,BUDDY GUY & Wells Wyman Drinkin' T.N.T. N' Smoking Dynamite CHICAGO BLUES LP IMP,9.99,0.0203
v1|188733368514|0,barry mcguire eve of destruction 45 Rpm Vintage Vinyl Record Rock Folk Revolutio,4.00,0.0203
v1|800453886402|0,Rock & Roll   The Four Voices,3.59,0.0203
v1|147480470361|0,Dick Haymes ~ Amado Mio/Snap Your Fingers 78,5.00,0.0203
v1|128007389490|0,after the fire der kommissar / Dancing In the Shadows 45 Rpm Vinyl,5.00,0.0203
v1|188734670265|0,TRAFFIC - BEST OF TRAFFIC Vinyl LP RECORD 1969 Album WINWOOD Capaldi UAS 5500 NM,9.99,0.0203
v1|287499654114|0,"Foreigner - Long Long Way From Home W/ The Damage Is Done, 7"" 45rpm 1978 Record",2.99,0.0202
v1|358871815427|0,"The Villagers Laugh It Off Teen Garage  45 7"" Vinyl Beatles Cover on Flip BB HOE",5.99,0.0202
v1|147472967173|0,THE BEATLES LOVE SONGS 2LP SET WITH BOOKLET 1977 CAPITOL VG+ VINYL (HEAR!),9.99,0.0202
v1|398241284171|0,Joan Baez – The BEST of Joan Baez LP 1962 Original Squire Folk 33 RPM,8.00,0.0202
v1|188723313828|0,STEPPENWOLF - THE ABC COLLECTION Vinyl LP 1976 RECORD Compilation AC 30008 EX,9.88,0.0202
v1|298554009882|0,Vintage Dick Clark 2xLP Vinyl 20 Years Of Rock N Roll Buddah Records 1973 Album,5.00,0.0202
v1|358800932498|0,"GEORGE M. COHAN's ""Curtain Speech"" RARE acetate 78rpm 1939 78 rpm HEAR!!",49.99,0.0202
v1|236980165362|0,Pic Sleeve: Carpenters: Superstar,3.50,0.0202
v1|117340762547|0,"Neil Young W Crazy Horse Everybody Knows This Is Nowhere, Warner Bros Seven Arts",10.00,0.0202
v1|278248321120|0,Classical Music Lot of 6 Eclectic vinyl Records-Bernstein-Meyer-Shifrin-Ghiaurov,5.85,0.0202
v1|188743657370|0,"Vol. 1-Dick's Picks by Grateful Dead (Record, 2012)",80.00,0.0202
v1|257657964187|0,Aerosmith Gems LP Record Columbia FC 44487,9.01,0.0201
v1|147480756138|0,"Golden Records Rocket to Mars 7"" 45 RPM EP Vinyl Picture Sleeve EP461",1.60,0.0201
v1|188726497736|0,Country Banjo Bopper Rockabilly 45 CECIL WILLIAMS Bend of The River / Wild MECCA,5.00,0.0201
v1|227459204501|0,Little Walter 45 RPM - My Babe / Blue Midnight - Checker  955 1960  PROMO,1.51,0.0201
v1|158147449556|0,JIMMY HAWKINS-RARE TEEN PICTURE SLEEVE + RED VINYL 45--(SURE DO)--PS----PIC--SLV,225.00,0.0201
v1|327292371788|0,YES... Going for The One Very Clean Lp Record!!!,12.99,0.0201
v1|206460649827|0,SOUTHERN QUARTET Hampton Road Blues  COLUMBIA PRE WAR BLACK GOSPEL 78 V++,12.00,0.0201
v1|800455245595|0,"Radiohead Karma Police 7"" Black Vinyl 45 RPM Single Capitol Jukebox Only",25.00,0.0201
v1|168571169382|0,"Terry and the Tyrants 1964 R&B 45 on Kent ~ Yea, Yea, Yea, Yea, Yea, Yea ~ Hear",9.99,0.0201
v1|178364341472|0,Grateful Dead The History Of Volume 1 Vol. 1 Bear’s Choice Vinyl LP Sealed,19.99,0.0201
v1|158129662121|0,The Showmen 1961 Soul 45 on Minit ~ It Will Stand ~ Hear,9.99,0.0201
v1|267745961141|0,12 Top Hits - 1959 Vinyl LP (Crown Records) - Rock 'n' Roll,3.95,0.0201
v1|407105233314|0,Beatles / George Martin. And I Love Her / This Boy. from A Hard day's Night (UA),70.00,0.0200
v1|178363884013|0,Grateful Dead Dick’s Picks 19 Nineteen 10/19/73 6xLP Box Set Vinyl LP Sealed,140.00,0.0200
v1|366583547738|0,"Cypress Hill ""S/T"" Rap Hip Hop LP Columbia/Ruff House EU Reissue 180g",8.50,0.0200
v1|137560208746|0,JAZZ ~ DANISH ~ SVEND ASMUSSENS W.C. HANDY  ~ HEAR ~ 78 RPM  ~ X 6565,20.00,0.0200
v1|287499392067|0,Neil Diamond You Don't Bring Me Flowers 1978 Columbia FC 35625 LP Vinyl,4.00,0.0200
v1|168570112855|0,AFRICAN ~ GUITAR DRUMS KAZOO ~ RUMBA  ~ HEAR ~ 78 RPM  ~ A 1154,35.00,0.0199
v1|358794868557|0,Columbia 15367D Lowe Stokes Nor Georgians LAND OF JAZZ  78rpm EE+ Country A-2,35.00,0.0199
v1|188736778700|0,"Harry Belafonte 'Jump Up Calypso' LP Vinyl, 1961, RCA Victor",5.00,0.0199
v1|158150432915|0,"Masta Ace ""The Best Of Cold Chillin"" Rap Hip Hop 3xLP Cold Chillin/Land Speed",7.99,0.0199
v1|287499821443|0,Alice in Wonderland Book & Record BR501 Peter Pan Record Album Vintage,4.69,0.0199
v1|158136613623|0,CHICAGO - CHICAGO II - COLUMBIA GATEFOLD W/POSTER - REALLY NICE!!!,1.99,0.0199
v1|147478753949|0,🌈 Leon Russell live Lp Vinyl lot Records LPs if u like Elton John Joe Cocker 🪐,9.99,0.0199
v1|398245170517|0,"Vintage 1978 Barbra Streisand ""Songbird"" Columbia Records Vinyl LP (C35375)",1.70,0.0199
v1|188714963092|0,Ray Price - I Made A Mistake and I'm Sorry - COLUMBIA 20883 E+,19.99,0.0199
v1|298553855665|0,Hugo Montenegro - The Best Of LP Record 1970 RCA Victor Stereo 33 RPM - SEALED,9.95,0.0198
v1|358884266139|0,CAMEO - CHARLIE GRACIE -NINETY-NINE WAYS & BUTTERFLY - 45 RECORD,4.99,0.0198
v1|168569607862|0,AFRICAN ~ CONGO POP ~ NGOMA ~ FRANC LASSAN  ~ HEAR ~ 78 RPM  ~ A 1159,100.00,0.0198
v1|168569878130|0,AFRICAN ~ OPIKA ~ ADOLPHE DIOP ~ POP  ~ HEAR ~ 78 RPM  ~ A 1163,30.00,0.0198
v1|398243567073|0,12LP Box BRUCKNER 10 Symphonies BARENBOIM Chicago SO DGG 2740 253 1973-1981,45.00,0.0198
v1|307102508730|0,Hooters 45RPM “Day By Day” 1985 80s Pop Rock 7” Vinyl PS NM ,2.99,0.0198
v1|158147354281|0,ORLEANS Waking And Dreaming ASYLUM 7E-1070 (1976) LP ,4.00,0.0198
v1|398250549696|0,"Roy Orbison The Best of 12"" Vinyl LP Monument 1966 Record",8.99,0.0198
v1|198543060545|0,THE ROLLING STONES THEIR SATANIC MAJESTIES REQUEST 1982 DECCA U.K. REISSUED LP,19.99,0.0197
v1|336717452707|0,"20 records 45 rpm reissues Donnie Brooks, Air Supply, Kenny Nolan, Brook Benton",9.99,0.0197
v1|128007719745|0,KENNY ROGERS:Ten Years Of Gold United UA-LA835 LP 1977 G+/G,0.99,0.0197
v1|278231881807|0,THE HOBBIT 1977 Original Soundtrack 2 Vinyl LPs & Book Rankin/Bass *ACCEPTABLE*,31.00,0.0197
v1|307102919163|0,EDDY ARNOLD ~THE CHAPEL ON THE HILL ~ 1956 ~ 45 RPM ~ EP ~ RECORDS  EX  COVER EX,0.99,0.0196
v1|147472907144|0,JIMI HENDRIX NINE TO THE UNIVERSE REPRISE HS 2299 1980 VG++ VINYL (HEAR!),9.99,0.0196
v1|158129662189|0,Gregg Wright & Light Years 1977 Bayou Funk 45 on RCS ~ So Hot ~ Hear,9.99,0.0196
v1|168565953232|0,"Chad & Jeremy - Lot of (3) 33 RPM LP's,  Pre-Owned",18.00,0.0196
v1|366580187192|0,CHICAGO CHICAGO X LP HALF SPEED MASTERED TEN VG+ AUDIOPHILE 1976,16.50,0.0196
v1|267745753149|0,Elton John Don't Let The Sun Go Down On Me Sample Copy MCA 1974 45 rpm vinyl,3.00,0.0196
v1|298554332420|0,The Lord of the Rings: the Motion Picture Trilogy Soundtrack 2018 Vinyl Shore,259.00,0.0196
v1|307103000102|0,Joel Grey 'Twas the Night Before Christmas Disneyland 1367 Record Soundtrack,6.48,0.0196
v1|227459367170|0,Asia 45 Record The Smile Has Left Your Eyes Picture Sleeve 1983,1.25,0.0196
v1|158129667140|0,Thurston Harris 1957 R&B 45 on Aladdin ~ Do What You Did ~ Hear,9.99,0.0195
v1|358883527658|0,Johnny Mann Singers Roger Williams Carl Smith Lenny Dee Mitch Miller Statler Bro,15.99,0.0195
v1|168583757424|0,Joe Hinton-Funny/You Gotta Have Love-45 RPM-single-soul-vinyl-record-BackBeat541,4.99,0.0195
v1|168571169407|0,Cookie and The Cupcakes 1963 R&B 45 on Lyric ~ All My Lovin Baby ~ Hear,9.99,0.0195
v1|168583791094|0,"Neil Diamond Bang 7"" 45RPM Vinyl Single B-578 Solitary Man / Time Is Now",2.00,0.0195
v1|178367644656|0,LITTLE JIMMY DEMPSEY GUITAR COUNTRY SHREDDER ABC STEREO ABCS-619 NEAR MINT!,14.99,0.0195
v1|267745756179|0,Engelbert Humperdinck This Moment In Time Pop Ballad Epic VG+ 45 rpm vinyl,3.00,0.0194
v1|377389408177|0,"Hotels, Motels And Road Shows - Various Artists - Capricorn Records CP-2-0208",6.99,0.0194
v1|158149973281|0,"Biz Markie ""The Best Of Cold Chillin"" Rap Hip Hop 3xLP Cold Chillin/Land Speed",18.50,0.0194
v1|178358460093|0,The Hollies Jennifer Eccles Aussie 45rpm Parlophone label,5.00,0.0194
v1|236985434393|0,Steely Dan Aja Vintage Gatefold LP Album Record (ABC Records),15.00,0.0194
v1|327292608708|0,Lost Horizon-Adapted From The Movie-Ronald Colman And Supporting Cast-10” LP,14.95,0.0193
v1|307099795449|0,"Otis Spann Got My Mojo Working White Label Promo 7"" Vinyl 45 RPM Blue Times",9.99,0.0193
v1|178368575667|0,MATCHBOX-ROCKABILLY REBEL-1980 VINYL LP-SEE DEMO,7.99,0.0193
v1|307102970614|0,Survivor 45RPM “I Can’t Hold Back” 1984 80s Classic Rock 7” PS Vinyl,3.00,0.0193
v1|278232652967|0,MIXED COUNTRY     Lot Of 6 Vinyl Records LPS     ***PLEASE SEE DESCRIPTION***,1.99,0.0193
v1|298554568045|0,Little Feat The Last Record Album LP WB BS2884 1975,8.00,0.0192
v1|137581874576|0,1963 VINTAGE SOLID STATE RECORDS MONEY JUNGLE DUKE ELLINGTON VINYL LP,9.99,0.0192
v1|407115370685|0,"THE EVERLY BROTHERS, WARNER BROS. #5501 4 SONG EP W/ PICTURE SLEEVE",9.99,0.0192
v1|298554145088|0,"Raiders of the Lost Ark combo - 24 page read-along & 33-1/3 rpm 7"" record, 1981",8.99,0.0192
v1|318668965762|0,Nat King Cole Unforgettable LP Vinyl Capitol DT-357 STARLINE SERIES ,5.00,0.0192
v1|358875616758|0,1945 Lucky Millinder Who Threw The Whiskey In The Well Decca 18674 78 RPM Tested,9.99,0.0192
v1|267745925882|0,"SANTANA SAY IT AGAIN 12"" Extended Dance Remix LP Columbia Records 44 05168 1985",9.95,0.0192
v1|358876770005|0,"Otis Redding & The Pinetoppers Shout Bamalama 7"" 45RPM Vinyl Single",200.00,0.0192
v1|178363070428|0,50s Bluegrass Jimmie Skinner 45 LESTER FLATT & EARL SCRUGGS Doin My MERCURY ~NM,6.00,0.0191
v1|227460589644|0,"JOHNNY MAESTRO My Time / Is It You 1966 Soul 7"" Promo 45 RPM RECORD Vinyl USED",5.00,0.0191
v1|307104598738|0,1950's  Rock 'n' Roll 45  Sammy Salvo  Say Yeah  (German import),3.00,0.0191
v1|267745820372|0,"Emotions So I Can Love You/The Best Part Of A Love Affair 7"" 45 STX-1006",4.99,0.0190
v1|227460589667|0,"DEEP PURPLE Lazy WARNER BROS 7"" Hard Rock 1972 Promo 45 RPM RECORD Vinyl USED",5.00,0.0190
v1|227457546480|0,ARETHA FRANKLIN  LIVE AT FILLMORE WEST Vinyl LP,9.99,0.0190
v1|257659166611|0,Fleetwood Mac LP 1977 Rumours Warner Brothers Stereo,25.00,0.0190
v1|188733240763|0,"The Beach boys, best of the Beach boys, LP 1966 Capital label mono",8.00,0.0190
v1|168571174365|0,Willie Mabon 1964 Chicago Blues 45 on USA ~ Some Time I Wonder ~ Hear,9.99,0.0190
v1|358876734406|0,"Verve 45 RPM Record,The Righteous Bros,on this side of goodbye,A Man Without ,VG",0.50,0.0190
v1|227455472998|0,Seals And Crofts’ Vinyl Records (2) Lot Greatest Hits And Sudan Village,6.00,0.0190
v1|168583627236|0,THE FRANK BARBER ORCHESTRA Glen Miller Today / Trad Along - VG Vinyl ULTRASONIC,4.99,0.0190
v1|227462505994|0,Various – Los Hits Gordos De Fania / Fania Records / Salsa  / VG+ LP,39.10,0.0190
v1|800453876223|0,Rock & Roll   The Four Winds,3.59,0.0190
v1|158147129950|0,Elvis Presley Almost In Love 1970 Vinyl LP Pickwick Records VG+/VG The King,4.00,0.0190
v1|398250549708|0,Sonny & Cher's Greatest Hits 2-LP 2-Record Set Vinyl Atco,8.99,0.0189
v1|298554427127|0,Pavlov's Dog At the Sound of the Bell LP Columbia PC33964 1976 Progressive Rock,10.00,0.0189
v1|257657915756|0,"1940's RCA Victor Green Vinyl 45 rpms. 5 Eddy Arnold, 1 Roy Rogers. See Descrp.",7.99,0.0189
v1|267745863192|0,"Elvis Presley – Love Me Tender / Anyway You Want Me, Shellac, 78 RPM, US, 1956",12.50,0.0189
v1|227460601319|0,"DAVID BOWIE Time RCA 1973 GLAM ROCK 7"" Promo 45 RPM RECORD Vinyl USED",5.00,0.0189
v1|128007022563|0,Jessy Dixon & The Chicago Community Choir - Gospel LP - Hear,9.99,0.0189
v1|137560419877|0,CALYPSO ~ LORD FLEA ~ IT ALL BEGAN W. ADAM & EVE~ HEAR ~ 78 RPM  ~ X 6571,50.00,0.0189
v1|358878926220|0,"Jean Plum ""Pour On The Loving/If You Ask Me"" 70's Soul 45 Hi mp3",9.99,0.0189
v1|327292506443|0,Juice Newton – Angel Of The Morning  / Headin' For A Heartache – Capitol – 45RPM,4.00,0.0189
v1|336722335262|0,Pic Sleeve: Jackson Browne: Somebody's Baby,3.50,0.0189
v1|168571169306|0,The Notations 1970 Soul 45 on Twinight ~ I Can’t Stop ~ Hear,9.99,0.0189
v1|298554208616|0,EDDY ARNOLD ~ ANYTIME ~ 1956 ~ 45 RPM ~ EP ~ RECORD EX  COVER EX,0.99,0.0189
v1|236980317452|0,"David Bowie Ziggy Stardust 1976 Vinyl LP, RCA Dynaflex Repress, LSP-4702, VG",4.99,0.0188
v1|267745850569|0,Bad Bunny Anniversary Trilogy Box Set 2021 EMPTY BOX ONLY No Vinyl Very Good,99.00,0.0188
v1|800453910500|0,Rock & Roll   Van Morrison,3.59,0.0188
v1|407105320697|0,"Beatles 45 rpm VJ-581 Please, Please Me / From me to you. White Label",30.00,0.0187
v1|336722558283|0,"BLUES MAGOOS "" HEARTBREAK HOTEL"" 45 RPM PROMO ABC #11226 1969",9.99,0.0187
v1|267745713413|0,Tennessee Ernie Promo Mr and Mississippi Demonstration Only 78 Rpm Record ,5.00,0.0187
v1|168575837911|0,Paul McCartney-Another Day/Oh Woman Oh Why-45 RPM-pop-Apple 1829-vinyl-record-NM,5.98,0.0187
v1|366573188730|0,Boyd Senter - Just So-So! - OKEH 41018 E-/E,19.99,0.0187
v1|128007289292|0,THE BEST OF ERIC BURDON AND THE ANIMALS VOL 2-MGM E-4454-MONO 1967 33 1/3rpm,2.35,0.0187
v1|158154958724|0,33 RPM LP Vinyl Record Sting RUSSIANS A&M # SP-12164,4.00,0.0186
v1|358879058784|0,"Valerie Carter ""Trying To Get You"" 70's Soul 45 ARC Columbia mp3",9.99,0.0186
v1|128008901868|0,Frank Sinatra -Night & Day (Disco Remix)-NM 1977 Disco Jazz Reprise PROMO 12' 45,4.99,0.0186
v1|128007721819|0,VARIOUS ARTISTS:Remember How Great? Columbia XTV 66640 LP 1961 G+/VG,1.00,0.0186
v1|188726497712|0,50s Bluegrass 45 LESTER FLATT & EARL SCRUGGS God Loves His / Back MERCURY ~NM,5.00,0.0186
v1|267745822586|0,"URIAH HEEP: 45 RPM (2) Picture Sleeves 7"" Single Vinyl UK- IMPORTS ",4.47,0.0186
v1|168571169310|0,The Soulful Seven 1970 Soul 45 on MGM ~ I've Got A Feelin' ~ Promo ~ Hear,22.00,0.0186
v1|188734672666|0,"Decca Records 1947 ""The Churkendoose"" w/Ray Bolger &Sound Effects 78rpm C.U. 103",34.00,0.0186
v1|407114899263|0,"HEAR - Rare Bluegrass 45 - Hylo Brown - Get Lost, You Wold - Capitol - Promo",7.99,0.0185
v1|318668470378|0,"Various – Doo-Wop Gold Vol. 1 - US 2LP Doo Wop, Rock & Roll, Rhythm & Blues",4.99,0.0185
v1|188733385479|0,Vintage 1970~Led Zeppelin III ~LP vinyl~Sleeve & record (spin cover) see descrip,6.95,0.0185
v1|137579193947|0,Vintage Vinyl LP - Operetta Memories - Mantovani & His Orchestra London Records,1.99,0.0185
v1|168571169309|0,Muddy Waters 1962 Chicago Blues 45 on Chess (repress) ~ You Need Love ~ Hear,9.99,0.0185
v1|198549941299|0,MILLIE JACKSON: LOT OF 5 VINYL LPs,25.00,0.0185
v1|188733870989|0,Elvis Presley. Elvis' Golden Records. 1958. H2 WP8398-7s (A5),4.00,0.0185
v1|358792268719|0,Columbia 33D Midway Dance Orch LOT's O MAMA/Black Sheep Bls - JAZZ 1923 78 rpm E,19.99,0.0185
v1|236980165302|0,"Pic Sleeve: Carpenters: Merry Christmas, Darling",3.50,0.0184
v1|128011152485|0,LOS BRONCOS DE REYNOSA BOQUITA DE CORAZON/CAMISA NEGRA  45 Rpm ULTRA RARE USED,29.99,0.0184
v1|128011152485|0,LOS BRONCOS DE REYNOSA BOQUITA DE CORAZON/CAMISA NEGRA  45 Rpm ULTRA RARE USED,29.99,0.0184
v1|236980165341|0,Pic Sleeve: Eric Carmen: I Want To Hear It From Your Lips,3.50,0.0184
v1|257657754757|0,THE WHO ODDS & SODS LP MCA Records MCA-2126 1974,4.95,0.0184
v1|267745886989|0,Hilltop 12 Great Country Artists 12 Great Country Hits LP 33 RPM JM-6000,1.00,0.0184
v1|287500876533|0,"Lot Of3 Rock Lp’s Mason, Miller, Outlaws,",2.40,0.0184
v1|137578880358|0,Manfred Mann 45 Rpm (You’re Standing By/pretty Flamingo) United Artist UA 50040,2.00,0.0184
v1|377389408143|0,"Hank Williams, Jr. - The Last Love Song - Vinyl Record LP 1974 Country",6.99,0.0184
v1|188733809421|0,"Buddy Holly A Rock & Roll Collection 2LP, MCA2-4009",3.99,0.0183
v1|336721997511|0,Frank Sinatra 7-inch 45rpm records (Lot of 5),10.00,0.0183
v1|298554233268|0,EDDY ARNOLD ~ A LITTLE ON THE LONELY SIDE~1957~45 RPM ~ EP ~ RECORD NM  COVER NM,0.99,0.0183
v1|307102555694|0,Moving Pictures 45RPM “What About Me” 1982 80s Pop Rock 7” Picture Sleeve NM,4.00,0.0183
v1|236979782296|0,"Music from the 1950’s; Rosemary Clooney, & others; record albums; Lot of 12; VG",9.99,0.0183
v1|257657837015|0,"WILLIE NELSON-THE BEST OF,LN 10118,FUNNY HOW TIME SLIPS,1973,VINYL LP ALBUM",3.20,0.0183
v1|278249892711|0,"Marty Robbins Marty's Greatest Hits 12"" Vinyl Record",9.99,0.0183
v1|287499603312|0,"Benny Goodman And His Orchestra - Sing Sing Sing [vinyl 7""] 1953 Columbia B-8201",4.99,0.0182
v1|398251103955|0,New Riders Of The Purple Sage-2 LP Lot Vinyl Records-Greatest Hits-Powerslide,8.09,0.0182
v1|358874696197|0,The Band - The Last Waltz - 1978 TRIPLE LP w/Book,27.00,0.0182
v1|147474440923|0,THE CRESTS EPC 101 THE ANGELS LISTENED 1959 DOO-WOP VG GLOSSY RECORD (HEAR!),67.00,0.0181
v1|298554484833|0,"Lot of 8 Playsong Children's Picture Records 1940's MG, MM, WW Series 78RPM",19.95,0.0181
v1|147478639991|0,"Tom Fogerty Faces, Places, People/Forty Years 45 RPM Blues Rock Excalibur 1972",5.00,0.0181
v1|298554460035|0,Lot 4 CHRISTMAS LP Album-Rudolph The Red Nosed Reindeer/Great Songs of Christmas,9.99,0.0181
v1|298554601603|0,Leon RUSSEL LOOKING BACK  Vinyl  1980 Reissue ,6.00,0.0181
v1|298556509064|0,FARON YOUNG 45 VINYL LP ‘S LOT OF 4 MERCURY RECORD LABEL VG,1.99,0.0181
v1|178363070418|0,Killer TN Bluegrass 45 ROMA JACKSON When The Roses Bloom / Cherry KINGSTON hear,6.00,0.0180
v1|188733757254|0,"Donna Summer - If It Makes You Feel Good 7"" Single 1989 Atlantic Disco 45 RPM VG",4.00,0.0180
v1|318678344904|0,PAUL REVERE AND THE RAIDERS - LET ME & I DON'T CARE - 45 RECORD - COLUMBIA,4.99,0.0180
v1|168583901078|0,"5 - The Music Of  Your Life LP'S, GOODMAN, MILLS BROTHER, DORSEY, BENNETT, JAMES",8.00,0.0180
v1|168571169332|0,The Miracles 1966 Soul 45 on Tamla ~ Whole Lot of Shakin In My Heart ~ Hear,9.99,0.0180
v1|188733570897|0,Vintage Prokofieff's Cinderella Musical 78 RPM 10” 1951 2 Record Set,12.00,0.0180
v1|298554529193|0,"1925-FRANK CRUMIT , "" INSUFFICIENT SWEETIE/ GET A BROOM "", 10"" VICTOR RECORD ,",1.99,0.0180
v1|147472162490|0,vintage Al Jolson Vinyl Record Collection LOT,6.95,0.0180
v1|298546418422|0,The Dingoes 1957 DOO WOP 45 What Would You Do / Joe Johnson DALLAS  VG++/M- HEAR,645.00,0.0179
v1|267745866541|0,"The Cascades Rhythm Of The Rain/The Last Leaf Taragon 7"" 45 RPM LR-1488",4.99,0.0179
v1|257622669691|0,Vocalion 02774 Tampa Red THINGS BOUT COMIN MY WY - BLUES  1933 HEAR guitar solos,50.00,0.0179
v1|267745920759|0,ELVIS PRESLEY Elvis' Golden Records Vol 3 RCA VICTOR LSP-2765 1963,4.95,0.0179
v1|298553909776|0,The Best of Buffalo Springfield Retrospective LP ATCO SD 38-105,6.00,0.0179
v1|178367878325|0,ALSION KRAUSS 4 CD LOT  SOLO & UNION STATION  ROBERT PLANT  AUDIO: NM/M,5.99,0.0179
v1|318669662149|0,Elvis Presley lot 4 golden records 1. 3&4 Madison square gardens,10.99,0.0179
v1|358879026140|0,"The Dynamics ""We Found Love/You Can Make It If..."" 70's Soul 45 Columbia mp3",9.99,0.0178
v1|327296231777|0,Brett Eldredge “Mr. Christmas” (2021) & “Brett Eldredge” (2020) 2 Vinyl LPs OOP,24.00,0.0178
v1|358878854243|0,"Chicago Gangsters ""Break Your Promise"" Sweet Soul 45 Heat mp3",9.99,0.0177
v1|307102995286|0,THE BILLY MAY BAND ~ 1953~ 45 RPM EP ~ RECORD NM  COVER NM,0.99,0.0177
v1|178363873926|0,Grateful Dead Dick’s Picks Volume 34 11/5/77 6xLP Box Set Vinyl LP SEALED,208.50,0.0177
v1|366581573318|0,The Dubs 45 RPM - Could This Be Magic / Such Lovin' - Gone Gone 5011  1957,3.00,0.0177
v1|168583898618|0,Billy Stewart-Fat Boy-Private Pressing (Greatest Hits)-VG+,18.50,0.0177
v1|358876763395|0,"RCA VICTOR 45 RPM Record, Dottie West,How Many Lifetimes Will it Take,",0.50,0.0177
v1|800451941804|0,The Music of Christmas John Rutter Cambridge Singers and Orchestra Word LP VINYL,2.99,0.0177
v1|307102606754|0,"Barbra Streisand:A Happening In Central Park  12""   33 RPM   LP",2.00,0.0176
v1|158147753094|0,12 LP Classical Vinyl Record Lot Bach Mozart Brahms Vivaldi Symphony Orchestra,9.99,0.0176
v1|178363070439|0,50s Bluegrass 45 LESTER FLATT & EARL SCRUGGS Foggy Mountain Breakdown MERCURY,6.00,0.0176
v1|188733755955|0," Mickey Gilley, I overlooked an orchard/swinging doors, 45 RPM, P6004 VG Cond",4.00,0.0176
v1|336722660062|0,The Association Greatest Hits ! LP WS 1767,4.00,0.0176
v1|366588401896|0,"The James Gang, 16 Greatest Hits, 1973 2 Album Set",10.00,0.0176
v1|358879014841|0,"Shirley & The Shirelles ""Never Give You Up"" Crossover Soul 45 Bell mp3",10.50,0.0176
v1|336722012263|0,"VTG MOUTH & MACNEAL 45 RPM 7"" Vinyl Record Single Lot of 2 Philips Made in USA",0.99,0.0176
v1|147472997196|0,THE BEATLES SGT. PEPPER'S LONELY HEARTS CLUB BAND ORANGE LABEL (HEAR!),10.50,0.0176
v1|407115054374|0,David Gilmour About Face Lp,14.99,0.0175
v1|158129662146|0,James Carr 1967 Deep Soul 45 on Goldwax ~ I’m A Fool For You ~ Hear,9.99,0.0175
v1|377390058083|0,"FRANK ZAPPA 7 LP LOT w ABSOLUTELY FREE, AT FILLMORE EAST, STUDIO TAN, 200 MOTELS",71.00,0.0175
v1|128007374351|0,Steely Dan GAUCHO Vinyl LP. 1980 MCA Records MCA-6102. Very nice,17.50,0.0175
v1|168583845217|0,HEAR THEM AGAIN 122 Great Songs 89 Great Singers 10 LP Record Box Set EXCELLENT,7.00,0.0175
v1|377391682168|0,JIMMY BRYANT We Are Young Country Guitar IMPERIAL 1967 VG+ VINYL LP Record USED,6.55,0.0175
v1|227460587275|0,"CURTIS GORDON Cry, Cry MERCURY Rockabilly 7"" single 45 RPM RECORD Vinyl USED",5.00,0.0175
v1|137559331929|0,FRENCH ANTILLES BIGUINE ~ ALPHONSO ~  ~ HEAR ~ 78 RPM  ~ X 6583,25.00,0.0175
v1|800454010084|0,Rock & Roll   Neil Sedeka,5.00,0.0175
v1|128007506300|0,THE MAMAS & THE PAPAS:16 of Their Greatest Hits Dunhill DS-50064 LP 1969 G+/VG-,4.00,0.0175
v1|287499445349|0,"Vintage 6 Odd combination  45 rpm 7"" Vinyl Records 1965 - 1978 Adults & Kids",4.99,0.0175
v1|307103944646|0,Led Zeppelin ll in shrink wrap with sticker,50.00,0.0175
v1|198542901498|0,LIGHTNIN' HOPKINS'  Gone Again / Down to the River  Jax 661 - 78 rpm,50.00,0.0175
v1|168584288808|0,"Baltimora -Tarzan Boy, includes Dub Version 45 RPM Record",3.99,0.0175
v1|158129662198|0,The Five Stars 1957 Doo Wop 45 on Dot ~ Atom Bomb Baby ~ Hear,11.50,0.0175
v1|307093842997|0,Columbia Band Dixie  #361 Single Sided,6.95,0.0175
v1|267745877711|0,VINTAGE VINYL LP:  NATALIE COLE ~ DON'T LOOK BACK (1980),2.00,0.0175
v1|398249838715|0,"Elvis Aron Presley 1955-1980 25th Anniversary Limited Edition Box Set 12"" Vinyl",24.99,0.0175
v1|287499654025|0,Tammy Wynette EPIC 10398 Stand By Your Man / I Stayed Long Enough 45 RPM Record,2.69,0.0174
v1|178368355838|0,"Royal American 45 RPM Record, Guy Drake,Keep Offon Grass ,Welfare Cadillac VG ",1.50,0.0174
v1|198535693177|0,JUDY COLLINS NIGHTINGALE I/AMAZING GRACE ELEKTRA RECORDS VINYL 45 vintage,3.99,0.0174
v1|158147617566|0,HONEYCOMBS-RARE PICTURE SLEEVE + 45--(COLOURSLIDE)--PS--PIC--SLV,249.99,0.0174
v1|168571169351|0,Roscoe Robinson 1966 Soul 45 on Wand ~ That’s Enough ~ Hear,9.99,0.0174
v1|117337196893|0,Vintage Vinyl/LP. Mejores 15 Exitos Norteños. Various Artists. DLV-EX-001. READ!,49.99,0.0174
v1|800443916367|0,Prince & The Revolution - Purple Rain OST LP - Warner Bros. Poster,12.00,0.0174
v1|168585321837|0,"Howard Jones-No One Is To Blame-45 RPM-7""-single-pop-vinyl-Elektra 7-69549-PS-NM",4.95,0.0174
v1|137560271698|0,AFRICAN ~ TRIBAL VOCAL CHOIR W. SHAKERS  ~ HEAR ~ 78 RPM  ~ A 1156,65.00,0.0173
v1|377389966152|0,Chicago 17 LP Vinyl Record Album 1984 Warner Bros David Foster Stay The Night,7.99,0.0173
v1|178367786562|0,"MARTHA AND THE VANDELLAS: ""GREATEST HITS"" LP 1966 GORDY GLPS 917",5.00,0.0173
v1|198542827632|0,Jimmy Cliff-King Of Kings Original Vinyl 45 On Island Records (sound clip),9.99,0.0173
v1|287499610626|0,Walt Disney's Babes in Toyland Record LP DQ1219 Songs from Movie 1961,3.69,0.0173
v1|158129667146|0,Willie Harper 1963 Soul 45 on Alon ~ Makin Me Cry ~ Hear,9.99,0.0173
v1|198542731073|0,Turkish 78 Columbia E6131 1911 Tschifte telli gazel  & Onjedi tek düzrakı itçhdi,19.00,0.0173
v1|366581643573|0,HEAR - Rare Rock 'n Roll 45 - Wayne Hilligiest - Mean Woman Blues - Country Soul,9.99,0.0173
v1|236980272267|0,BREAKFAST CLUB OST Various Artists A&M SP 5045 LP VG,7.50,0.0173
v1|128001039684|0,Paul McCartney - McCartney II Europe Vinyl 2011 Record Beatles Solo 2LP Rare OOP,114.99,0.0173
v1|178363878682|0,Grateful Dead Dick’s Picks Volume 1 One 12/19/73 4xLP Box Set Vinyl LP Sealed,63.00,0.0172
v1|178368228700|0,"Columbia LP Record, Eugene Ormandy,Philadelphia Orchestra, A Christmas Festival ",2.00,0.0172
v1|188733188758|0,"45 RPM Atlantic Soul lot of 7 Aretha Franklin,  Spinners Pickett Drifters VG",3.99,0.0172
v1|267745884902|0,"Rod Stewart ‎– Greatest Hits Vinyl, LP 1979 Warner Bros. Records ‎– HS 3373",3.25,0.0172
v1|278235130087|0,John Denver – John Denver's Greatest Hits. Vinyl LP Record Album.,5.00,0.0172
v1|188737570210|0,"GARY PUCKETT & THE UNION GAP ""YOUNG GIRL"" 45 PS",4.99,0.0172
v1|407109450023|0,Rare Latin 45 - Los Mananeros De Nuevo Leon - A Mi Me Toco Perder - Bego - Promo,7.99,0.0172
v1|307102657875|0,Lot 0f 90+ 45rpm Vinyl Records Varios Genre Elvis Genesis Bobby Gentry Hobbit,19.99,0.0172
v1|336722013634|0,Vintage Roseann Cash,4.00,0.0171
v1|800452833739|0,"Rick Danko (The Band) Solo Album w/Eric Clapton, Ronnie Wood, Robbie Robertson",9.95,0.0171
v1|377389408169|0,Billy Joel – The Bridge - 1986 Columbia C 40402 Pop Rock - Vinyl Record LP,7.99,0.0171
v1|117338352128|0,neil sedaka --  ( Lot of 7 45's ) -- ( 3 have P.S. ) --  # 83-A,5.00,0.0171
v1|227463650472|0,"1970's Comedy Vinyl LP lot (4) Robin Williams, Steve Martin, All in the Family",4.99,0.0171
v1|377387671183|0,DIRE STRAITS LOVE OVER GOLD LP WARNER BROTHERS LABEL FROM 1982 VG+,9.45,0.0171
v1|307102725871|0,"SOUL 7"" 45 RPM THE MIRETTES WHIRLPOOL ON UNI M 1969",6.95,0.0171
v1|398245181030|0,The Partridge Family Sound Magazine Record Album Vinyl LP,2.40,0.0170
v1|137578840199|0,David Bowie Vinyl Modern Love Studio/Live 7” 45 EMI 1983 w sleeve,1.99,0.0170
v1|358874582175|0,Led Zeppelin Presence 1976 Swan Song LP  Ex!,12.00,0.0170
v1|168583566830|0,Vintage 1975 Scholastic Record Carol King Sings Pierre & Chicken Soup With Rice ,2.99,0.0170
v1|188717939603|0,Apoisky Ukrainska Orchestra - Bredu - VICTOR V-21107 E+,19.99,0.0170
v1|236980251980|0,"Skyliners-Since I Don't Have You / One Night, One Night 45 Calico Records 1958",7.99,0.0169
v1|236982000032|0,"1977 LP Fleetwood Mac ""Rumours"" Warner Bros. BSK-3010",11.50,0.0169
v1|158129662173|0,King George 1965 Soul 45 on RCA Victor ~ Ah Huh ~ Promo ~ Hear,9.99,0.0169
v1|298553807309|0,"Morrissey Certain People I Know / Jack The Ripper 7"" 45 RPM HMV 1992 POP 1631",15.00,0.0168
v1|358875742601|0,Mo Pitney Ain't Lookin' Back Vinyl LP Curb Records 2020 Country Cardboard Sleeve,3.75,0.0168
v1|298553980679|0,Pink Floyd - The Wall Vinyl LP Columbia Records Rock Cardboard Sleeve,30.00,0.0168
v1|800454443618|0,"Bahamadia - Uknowhowwedu 12"" - Chrysalis - Rap SEALED",9.50,0.0168
v1|257657846789|0,Elvis Presley Tickle Me 45 Rpm  First Pressing EPA 4383,15.00,0.0168
v1|178370476605|0,Bob Marley & The Wailers - Rastaman Vibration Analogue UHQR 45 RPM Vinyl #771,124.99,0.0168
v1|298560346219|0,Decca 78 RPM - Gordon Jenkins - BEWITCHED / WHERE IN THE WORLD - #51,4.99,0.0167
v1|168552400944|0,"Journey - Evolution, Columbia Records 33 RPM LP, Pre-Owned (1979)",12.00,0.0167
v1|128007266838|0,Lot Of 6 Neil Diamond Single 45rpm Vinyl Records Sweet Caroline And More,5.99,0.0167
v1|147480631185|0,"Fisher-Price Ernie's Little Lie 7"" 33 RPM Read-Along Vinyl + Book FP 144",4.50,0.0167
v1|147479343034|0,THE VISTAS 45 Titan – FF-1731 I Dont Need You No More / In The Park SCARCE 45,34.99,0.0167
v1|188718218110|0,Elvis Presley I Got Lucky Vinyl LP 1971 The King Camden Pickwick Records VG++,6.00,0.0167
v1|137579729259|0,ELVIS PRESLEY 45 47-9764 SUSPICIOUS MINDS/YOU’LL THINK OF ME NM TO MINT STUNNING,20.50,0.0166
v1|257659044737|0,Victor 20415 Dixieland Jug Blowers/Jelly Roll MEMPHIS SHAKE   78rpm E-  HEAR,46.00,0.0166
v1|158147882428|0,"Lot of 14 Classical & Crossover Vinyl LPs – Brahms, Gershwin, Boccherini Vivaldi",9.50,0.0166
v1|298554535526|0,"1917- MARIMBA CENTRO AMERICANA DE GUATEMALA, "" CAPITAN BETTY ONE STEP"", 10""",1.99,0.0166
v1|407115626151|0,Elvis Presley Gold Standard 447-0608 Don't be Cruel/Hound Dog  P/S & W/L Promo,75.00,0.0166
v1|158129662172|0,Charlie Brown 1961 R&B 45 on Cenco ~ It’s All Over ~ Hear,9.99,0.0166
v1|137559306176|0,SPAIN ~ FLAMENCO ~ PEPE PINTO ~ ~ HEAR ~ 78 RPM  ~ X 6581,25.00,0.0166
v1|336722335301|0,Pic Sleeve: Chicago: 25 Or 6 To 4,3.50,0.0165
v1|287493712143|0,"The Clash London Calling / Train In Vain 45 Vinyl Record 7"" Single FREE SHIPPING",15.00,0.0165
v1|257657819175|0,Con Hunley I Don’t Want To Lose You LP 1980,0.52,0.0165
v1|227460519443|0,Peter Lestchenko – Russian Songs And Tangos Vol. 2  Kismet Label,20.00,0.0165
v1|287503772928|0,THE SWORD High Country 2015 2 LP set,25.00,0.0165
v1|198542726137|0,"Rare Greek RCA Orthophonic 2815 78 RPM 10"" -  Kucuk Nezihe Ve Mahmut Celalettin",19.00,0.0165
v1|287495155797|0,Lot of Six (6) Classic/Vintage Easy Listening Albums (LOT EL-6),13.99,0.0165
v1|178355328580|0,Elvis Presley-2 record LP-From Memphis to Vegas/ From Vegas to Memphis-NM,150.00,0.0165
v1|236980053987|0,The Beatles 1967-1970 Vinyl & Bruce Springsteen The River LP Records Gatefold,9.99,0.0164
v1|178364103651|0,"Grateful Dead Olympia Theatre Paris, France 5/3/72 6xLP Box Set Vinyl LP Sealed",67.00,0.0164
v1|117341145046|0,LOS POPULARES DEL VALLE  CORRIDO DE LUTHER KING/ME VOY A  45 Rpm ULTRA RARE USED,19.99,0.0164
v1|307102523262|0,w SLEEVE Kyu Sakamoto Sukiyaki / Anoko No Namaewa Nantenkana 1963 45rpm,4.99,0.0164
v1|188734677096|0,LYNYRD SKYNYRD - BEST OF THE REST Vinyl LP RECORD 1982 Compilation MCA 5370 NM,9.99,0.0164
v1|298553910901|0,Music From Peter Gunn (1-70112) Vinyl LP Record,5.75,0.0163
v1|147480470322|0,Johnny Mercer ~ Ac-cent-tchu-ate the Positive/There's A Fellow Waiting... 78,5.00,0.0163
v1|257652703300|0,David Bowie Changes One Bowie Vinyl LP Record 1976 Pressing,6.50,0.0163
v1|168584032409|0,THE RIP CHORDS-RARE PROMO ONLY TITLE PICTURE SLEEVE + 45-(HERE I STAND)--PS--PIC,125.00,0.0163
v1|257659142982|0,"Teresa Brewer: The Best Of Teresa Brewer   33 RPM   12""  DOUBLE  LP",0.99,0.0162
v1|158154503776|0,1950s rock and roll 78 rpm records,20.00,0.0162
v1|158154539775|0,1950s rock and roll 78 rpm records,20.00,0.0162
v1|158154442711|0,1950s rock and roll 78 rpm records,20.00,0.0162
v1|158154486839|0,1950s rock and roll 78 rpm records,20.00,0.0162
v1|267745983460|0,"The Beatles 1964 - Gatefold -Songs, Pictures and Stories - Vinyl LP, VJ 1092",150.00,0.0162
v1|178358542975|0,Los Tremendos Gavilanes Carta En El Buzon Vinyl LP Juan y Salomon 1969 Del Topo,19.99,0.0162
v1|188734669103|0,EVELYN CHAMPAGNE KING Lot Of 2 Vinyl RECORD FACE TO FACE / Betcha She Don't Love,11.88,0.0162
v1|407106621802|0,B.B. KING & ERICK CLAPTON Riding With The King 2LP  Bushbranch Records 2020 NM,9.99,0.0162
v1|198542459368|0,"1976- CLEDUS MAGGARD AND THE CITIZEN'S BAND , ""THE WHITE KNIGHT"", COUNTRY",6.99,0.0162
v1|267745750872|0,The Trashmen Surfin' Bird Surf Rock B - King of The Surf 1963  Garrett 45 rpm,3.00,0.0161
v1|358875414276|0,1943 Louis Jordan Ration Blues Deacon Jones Decca 8654 Blue Label 78 RPM Tested,9.99,0.0161
v1|227459755040|0,Music From Star Wars,3.35,0.0161
v1|168584169407|0,Mondo Cane (Original Motion Picture Soundtrack) United Artist Records UAS 5105,1.00,0.0161
v1|236980165418|0,Pic Sleeve: Coastal Carolina: The Christmas Tree,3.50,0.0161
v1|407113044769|0,Rare Latin 45 - Chelo Silva - Que Facil - Ideal # 45-1606,7.99,0.0161
v1|278241005341|0,BLUES 78 • Little Walter • Checker 764 • Mean Old World • Sad Hours EE+/E-,19.99,0.0160
v1|287499653886|0,Stephen Stills – Thoroughfare Gap - 1978 Columbia JC 35580 Record LP,5.99,0.0160
v1|168584169695|0,DOO WOP  33 LP MURRAY THE K LIVE FROM THE BROOKLYN FOX,1.00,0.0160
v1|128007289062|0,Barry Manilow This One's For You Vinyl LP 1976 Arista Records AL 4090,2.85,0.0160
v1|398251104001|0,Neil Sedaka 2 LP Lot Steppin Out With Lyrics- Hungry Years Vinyl Records,2.20,0.0160
v1|137578710900|0,"Lot Of 19 RPM 7"" RECORDS  Bangles The Who Madonna Milli Vanill 70s 80s",10.00,0.0160
v1|137568975911|0,"The Commodores Such a Woman / Still 7"" 45 Motown R&B soul",7.00,0.0159
v1|188733519609|0,ROBERT GORDON Bad Boy LP Vinyl 1972 Rockabilly 1980 Record,6.52,0.0159
v1|168571169340|0,Roddie Joy 1965 Soul 45 on Red Bird ~ If There’s Anything Else You Want ~ Hear,9.99,0.0159
v1|227460592489|0,"WLP ROCKABILLY BOBBY LORD ON COLUMBIA   LABEL 45 RPM  7"" RECORD",3.00,0.0159
v1|267742713281|0,"Donna Lewis - I Love You Always Forever RARE 12"" w/ PICTURE COVER SYLK 130 REMIX",100.00,0.0159
v1|227462483271|0,LED ZEPPELIN II / ROBERT LUDWIG RL AND SS G+ VINYL RECORD,69.10,0.0158
v1|287499279128|0,Lot (5) 45 rpm Del-Fi~Teen Idols~Ritchie Valens *Johnny Crawford*Bobby Crawford,12.00,0.0158
v1|336722403875|0,"David Bowie & Bing Crosby Peace On Earth / Little Drummer Boy 1982 PH 13400 7""",4.99,0.0158
v1|358879026108|0,CAROUSEL 45 I Get Along Indefinitely / To Say Goodbye (Minnesota garage),5.99,0.0158
v1|198542439732|0,Mel Tillis and the Statesiders M-M-Mel Live Vinyl LP MCA Records MCA-2264 1977,6.99,0.0158
v1|117336536210|0,David Nathaniel Flagg & The Memphis Community Singers - Gospel LP - Hear,9.99,0.0158
v1|366581574389|0,Buddy Knox 45 RPM - Party Doll / My Baby's Gone - Roulette R - 4004  1957,3.00,0.0158
v1|366581672779|0,HEAR - Rare Country Renner Acetate - Jack Newman - I'm Beginning Again,19.99,0.0158
v1|298553808648|0,"Morrissey Hold On To Your Friends 7"" 45 RPM Vinyl 1994 Parlophone R 6383",10.00,0.0158
v1|298554464641|0,"Lot of 2 PicturTone G Series ""Greeting Song"" Children's Picture Records 6 1/2""",5.95,0.0158
v1|366571296296|0,Boudewijn de Groot – Voor De Overlevenden Vinyl LP Decca 60’s PROMO PopPsych EX+,19.99,0.0157
v1|137560070619|0,TURKISH OTTOMAN ~ VILLAGE FOLK INSTRUMENTAL RARE ~ HEAR ~ 78 RPM  ~ X 6602,40.00,0.0157
v1|366581618255|0,"THE KLOWNS, RCA LABEL #4438 LP RECORD STILL SEALED",4.99,0.0157
v1|298560346306|0,Columbia 78 RPM - Dinah Shore - THE GYPSY / LAUGHING ON THE OUTSIDE - #32,4.99,0.0156
v1|188737570220|0,"GENERAL PUBLIC ""TENDERNESS"" 45 RPM",2.99,0.0156
v1|236982022940|0,1976 The Rolling Stones Black And Blue Vinyl LP 1976 Record with Inside Sleeve,3.00,0.0156
v1|377391705790|0,KING CRIMSON : LOT OF 3 : VINYL LP’S : USA-DISIPLINE- IN THE COURT ,48.88,0.0155
v1|278241451219|0,SUMMERTIME GOLD - Various Artists - 5x Vinyl LP,8.79,0.0155
v1|158154952494|0,33 LP RPM Vinyl Record Stills Young Band LONG MAY YOU RUN Reprise # MS 2253,6.00,0.0155
v1|278240977782|0,DOO WOP R&B 78 • The Robins • Crown 106 • I Made A Vow • Scarce!,22.99,0.0155
v1|168589479123|0,VENTURES-RARE PICTURE SLEEVE + 45---(WILD THING)--PS--PIC--SLV,135.00,0.0155
v1|298554013303|0,The Who - Who Are You - 1978 MCA MCA-3050 Hard Rock Vinyl LP Record Album,5.00,0.0155
v1|298554667395|0,Jethro Tull Stand Up Vinyl LP Record Album 1969 Reprise,8.00,0.0154
v1|267745874991|0,Shorrock Birtles Goble Before Little River Band Beginnings Vinyl Lp 1978,0.99,0.0154
v1|377391686516|0,"THE VANDALS I'm Gonna Wait For You T-NECK 1970 Soul 7"" 45 RPM RECORD Vinyl USED",5.00,0.0154
v1|117337198571|0,"COUNYRY LOT of 100 1960s-1980s VINTAGE vinyl 45 rpm singles 7"" Promos & RARE",19.99,0.0154
v1|168571169388|0,Little Eva 1969 Soul 45 on Spring ~ Something About You ~ Promo ~ Hear,9.99,0.0154
v1|318678064495|0,LORETTA LYNN - WE'VE ALREADY TASTED LOVE & TROUBLE IN PARADISE - 45 RECORD,4.99,0.0154
v1|178367443865|0,"Frank Sinatra Limited Edition Mobile Fidelity Box Set, 16 Vinyl LPs!! NICE!!!",340.00,0.0154
v1|158149623879|0,"EYDIE GORME Gotta Have Rain/To You, From Me ABC-PARAMOUNT 9944 45rpm ",1.99,0.0153
v1|298553862730|0,ELLA FITZGERALD Sings the George and Ira Gershwin Song Book Vol II,12.95,0.0153
v1|188733397888|0,"The Dartells – Dartell Stomp / Hot Pastrami! 7"" Single 1963 Dot Records Rock 45!",6.00,0.0153
v1|307093875367|0,Victor Jimmy Rogers  High Powered Mama #22523,9.95,0.0153
v1|307093875367|0,Victor Jimmy Rogers  High Powered Mama #22523,9.95,0.0153
v1|407103055318|0,Beatles 45 rpm 1992 White Label Promo. Love me Do / P.S. I Love You. With P/S,25.00,0.0153
v1|358878907791|0,"George Jackson ""Macking On You"" Crossover Soul 45 Chess Promo mp3",202.50,0.0153
v1|178368460021|0,"MARK LOYD-BRING THAT BEAT-2 STEP/ BREAKS-12"" VINYL 45 RPM-SUPER CLEAN COPY",12.00,0.0152
v1|307104286192|0,Julie London – The Best Of Julie – 1962 - Liberty S-6601 Vinyl LP,4.57,0.0152
v1|267745785481|0,Rockabilly Surf 45 - Link Wray - Run Chicken Run/The Sweeper - Swan instro,9.99,0.0152
v1|128007380663|0,Olivia Newton John/ELO Xanadu/Whenever You’re Away From Me Single 45 Record VG+,2.95,0.0152
v1|377391736750|0,1950's  Rock 'n' Roll 45  The Crickets  That'll Be The Day,3.00,0.0152
v1|318670226193|0,"Vintage The Chipmunks The Chipmunks Sing the Beatles Hits 1964 12"" Vinyl LP",19.99,0.0152
v1|137559941765|0,AFRICAN ~ TRIBAL MUSIC ~ SALIMA MUGIZI WITH HAYA ~ HEAR ~ 78 RPM  ~ A 1161,35.00,0.0151
v1|398253467824|0,CLASSIC ROCK LOT of 4 Vinyl Records- Emerson Lake And Palmer- The Moody Blues,9.99,0.0151
v1|267745739817|0,"Carl Carlton She's A Bad Mama Jama/This Feeling's Rated X-TRA 7"" 45 TC-2488",5.99,0.0151
v1|137558304799|0,JIMMY CLIFF In Concert - The Best Of  REGGAE LP REPRISE,9.99,0.0151
v1|307097569534|0,"TEN YEARS AFTER - TEN YEARS AFTER - 1974 MEXICAN LP, BLUES ROCK",29.99,0.0151
v1|168585902426|0,"Unearthed by Johnny Cash (Record, 2017)",350.00,0.0151
v1|168583729007|0,CHUCK BERRY-CAROL/HEY PEDRO-45 RPM-ROCK AND ROLL-VINYL-RECORD-CHESS 1700-1958-VG,4.00,0.0151
v1|278240976005|0,BLUES 78 • Alex Moore • Decca 7552 • Bull Con Blues • Hard Hearted Woman,14.99,0.0150
v1|168583666421|0,Gary Lewis & the Playboys-My Heart's Symphony-45 RPM-Pop-Liberty 55898-vinyl-NM-,8.50,0.0150
v1|117337217182|0,78 RPM CHUCK WILLIS LOT of 3 BLUES ROCK & ROLL PIONEER R&B 1940-50s,3.99,0.0150
v1|267745887700|0,Elvis Presley Frankie And Johnny LP France RCA Victor 461024 EX/NM- Play Tested!,19.99,0.0150
v1|227459334657|0,Stryper honestly 45 RPM 7 inch record vinyl heavy metal christian rock,5.99,0.0150
v1|188734672870|0,ORLEANS - WAKING AND DREAMING Vinyl LP 1976 RECORD Still The One 7E 1070 NM,9.99,0.0149
v1|398243656909|0,David Byrne Sounds From True Stories Soundtrack Talking Heads LP,12.00,0.0149
v1|178366946960|0,Led Zeppelin II Vinyl Robert Ludwig RL Hot Mix Presswell 1969 G/G+ Starter Copy,79.99,0.0149
v1|358879021944|0,Elvis Presley Kissin' Cousins 1977 RCA LSP 2894 Vinyl VG++ Soundtrack MGM SHRINK,4.98,0.0149
v1|236980279246|0,The Beatles White Album Vinyl 2LP  SWBO-101 Capitol w/ Photos & Poster,26.00,0.0149
v1|188726497730|0,Haunting Melodic Country 45 RUSS RUSSELL Blue Bayou Home / Heartbeat RENEGADE dj,15.16,0.0149
v1|377389408288|0,Marty Robbins - My Kind Of Country - Vinyl Record LP Country,3.99,0.0149
v1|267742502403|0,James Horner ‎– THE LAND BEFORE TIME Soundtrack MCA RECORDS MCA-6266 RARE!,100.00,0.0149
v1|398243350756|0,"Crosby Stills & Nash by Crosby Stills & Nash (Record, 2024)",8.00,0.0149
v1|188726497695|0,Hot 50s Hillbilly Country Bop 45 EDDIE ZACK Call of The Mountain / Words DECCA,6.00,0.0148
v1|298554507977|0,"Voco 704/804 ""The Elephant Clown"" Children's Shape Picture Record 7"" 78 RPM 1948",9.95,0.0148
v1|298554715830|0,"Elvis Presley - Elvis In Hollywood 12"" Vinyl Record Album LP",4.00,0.0148
v1|278247225420|0,Diana Ross And The Supremes-2 LP Vinyl Record Lot-Greatest Hits & Funny Girl EX,9.99,0.0148
v1|206467902169|0,BILLY JOEL THE STRANGER 1977 COLUMBIA  VINTAGE 33 RPM RECORD,9.99,0.0148
v1|188732371762|0,STRAWBS - THE BEST OF STRAWBS 2 X Vinyl LP Gatefold RECORD 1978 SP 6005,9.99,0.0148
v1|298554467063|0,"Lot of 3 PicturTone Children's Picture Records H Series ""Holiday Songs"" 1948",7.95,0.0148
v1|298554468422|0,Elvis Presley It Happened at the World's Fair vinyl album.,5.08,0.0148
v1|198535703654|0,SAM (THE MAN) TAYLOR MGM 45 CHEROKEE/BIG GUITAR  vintage record,3.99,0.0147
v1|267745746085|0,The Douglas Brothers 2002 R.F.D. Country & Bluegrass 1974 ARC Label EX 45 rpm,3.00,0.0147
v1|117338305381|0,Augustus Pablo Tales Of Pablo 7” 45 RPM (Tropical Records) EX!,9.99,0.0147
v1|358883527468|0,Engelbert Humperdinck Records Vinyl LP Lot His Greatest Hits A Man Without Love,15.99,0.0147
v1|298560346266|0,Columbia 78 - Count Basie - TIME ON MY HANDS / FOR THE GOOD OF THE COUNTRY - #39,4.99,0.0147
v1|298554567722|0,Jimmy Page - Death Wish II Soundtrack LP Swan Song SS8511 1982,10.00,0.0147
v1|117336146181|0,RED FOLEY 78 RPM Lot Of 8 Records OLD COUNTRY ROCKABILLY BOOGIE,4.99,0.0146
v1|398251136424|0,60's Rock 4 LP Lot Herman’s Hermits -Lovin Spoonful -Gary Lewis -Mason Williams,5.85,0.0146
v1|287499670545|0,"Aretha Franklin - Who’s Zoomin’ Who 12"" Single Record  Arista Records",3.99,0.0146
v1|278240975907|0,R&B 78 • Otis Williams & His Charms • Deluxe 6095 • One Night Only E+/E Clean,16.99,0.0145
v1|168584146477|0,HERMANS HERMITS ~ The Best of Herman's Hermits Vol.3 ~ SE-4505 ~ 1967 ~ LP ~ EX,1.00,0.0145
v1|257657780536|0,Oak Ridge Boys Seasons Vinyl LP 1986 MCA-5714 Country Pop Album 33 RPM Record...,1.00,0.0145
v1|117336890709|0,Electric Light Orchestra - ELO's Greatest Hits (1979) - Gold Stamp Promo,30.00,0.0145
v1|168585483234|0,"Marvin Gaye-I Heard It Throiugh The Grapevine-45 RPM-7""-soul-vinyl-Tamla-T54176",5.00,0.0145
v1|398241281911|0,Ten Years After – The Classic Performances Of Ten Years After - PC 34366 - NM!,10.00,0.0145
v1|168588937323|0,JULIE LONDON-RARE MOVIE PICTURE SLEEVE + 45--(SADDLE THE WIND)--PS--PIC--SLV,225.00,0.0145
v1|307103135171|0,Bumble Bee Slim Back In Jail Again 78rpm,10.58,0.0145
v1|257657359621|0,The Ventures - 4 LP Lot,21.00,0.0145
v1|257657779910|0,Lot of 3 Vintage Children's Picture Records with Graphics,10.00,0.0145
v1|188726497723|0,Hot Bluegrass Bopper Rockabilly 45 JIMMY MARTIN Goin' Ape /Wild Indian DECCA ~NM,5.00,0.0145
v1|168571169338|0,Ronnie LaShannon 1976 Disco 45 on Brunswick ~ Where Has Our Love Gone ~ Hear,9.99,0.0145
v1|158147480555|0,Vintage 45 Record CINNY WRIGHT I'VE GOT SOMEBODY NEW/ARE YOU MINE FABOR RECORDS ,0.99,0.0144
v1|178357661936|0,Alfred Apaka - The Best Of Alfred Apaka - Original MCA record only HAWAIIN MUSIC,0.25,0.0144
v1|298548239855|0,OVERKILL 45 EP Hardcore Punk USA 1982 w) Pic Sleeve - SST 008 -  Los Angeles,199.98,0.0144
v1|267745900675|0,THE WHO The Who By Numbers LP MCA 1975 MCA-2161,8.95,0.0144
v1|257651933116|0,"RICK ASTLEY Never Gonna Give You Up RCA VICTOR 12"" VG+ ",16.50,0.0144
v1|168570107455|0,AFRICAN ~ ACCORDEON & GUITAR YOHANA MANGOLI BERNARD ~ HEAR ~ 78 RPM  ~ A 1152,75.00,0.0144
v1|117338327678|0,CAROL KING - So Far Away | Smackwater Jack 45rpm Vinyl Pop Rock Folk,2.00,0.0144
v1|358879025024|0,"The Brief Encounter ""Just A Little Notion"" Sweet Soul 45 Seventy-Seven mp3",12.84,0.0143
v1|267748704206|0,Gordon Lightfoot Sundown 45 RPM 1974,2.99,0.0143
v1|327287167477|0,Judas Priest - Stained Glass & Defenders Of The Faith Lot Of 2 Vinyl LPs Metal,19.99,0.0143
v1|206460841141|0,8 LP Country Folk Willie Nelson Burl Ives Bob Wills Pride Campbell Gentry vanDyk,10.00,0.0143
v1|168572294382|0,AFRICAN ~ folk song w. guitar ~ nice  ~ ACETATE 78 rpm ~ HEAR ~# 1363,75.00,0.0143
v1|206461098856|0,Lot of 5 Classic Rock vinyl record albums King Crimson Mothers Van Morrison ,45.44,0.0143
v1|336722335223|0,Pic Sleeve: Chicago: Harry Truman,3.50,0.0142
v1|128008376062|0,Johnny Guitar Watson  DJLPA-7 A Real Mother For Ya   VG+,4.34,0.0142
v1|278241542451|0,LOS SATÉLITES ,46.00,0.0142
v1|278241551986|0,LOS SATÉLITES ,19.99,0.0142
v1|278241543871|0,LOS SATÉLITES ,19.99,0.0142
v1|407112940469|0,Rare Latin 45 - Tony De La Rosa - Escaleras De La Carcel - Ideal # 45-1719,7.99,0.0142
v1|178374890188|0,Looking for Mr. Goodbar - Soundtrack Vinyl LP - 1977 - Columbia JS-35029 WLP,1.00,0.0141
v1|318668467481|0,Dave Blocker And The Precisions – I Should Have Said / She's There Soul 45,22.99,0.0141
v1|336722335207|0,Pic Sleeve: Louis Armstrong: Faith,3.50,0.0141
v1|188726497758|0,Melodic Country Honky Tonk 45 SONNY DUKE She's Walking Down / Tell GUSTO Starday,5.00,0.0141
v1|158154891046|0,33 LP RPM Vinyl Record Paul Simon GRACELAND Warner Bros # 1-25447 ,8.00,0.0141
v1|188733999813|0,The Beatles The White Album Vinyl with posters,45.00,0.0141
v1|278240960149|0,R&B JUMP BLUES 78 • Valaida Snow • Chess 1555 • I Ain’t Gonna Tell • E,29.99,0.0141
v1|267745743469|0,Julius Wetcher The Baja Marimba Band Fiddler On The Roof 1967 A&M 45 rpm VG,3.00,0.0140
v1|227459353830|0,The Moody Blues 45 Record Sitting At The Wheel Picture Sleeve 1983,3.25,0.0140
v1|366581583704|0,"The Four Seasons 45 RPM - December,1963 / Slip Away - Warner Bros. WBS 8168 1975",4.01,0.0140
v1|128010882877|0,"The Beatles - Meet The Beatles! LP Vinyl Record (Capitol Stereo, ST-2047)",65.00,0.0140
v1|137578819705|0,Peggy Lee 45 Rpm (I’m A Woman/Is That All There Is?) Capitol/ Starline 6191,4.00,0.0140
v1|188733699792|0,Statler Brothers The Best Of Rides Again Volume II LP. Mercury Records In Shrink,2.99,0.0140
v1|227459375102|0,John Cougar 45 Record Lonely Ol' Night 1985 Picture Sleeve,4.25,0.0139
v1|278240958252|0,45 RPM JAY & THE AMERICANS COME A LITTLE BIT CLOSER UNITED ARTISTS UA 759 TESTED,3.00,0.0139
v1|158129662203|0,The Fire Ants Band 1978 Soul 45 on It's ~ Fun at the Disco ~ Hear,9.99,0.0139
v1|407105367943|0,Beatles 45 rpm VJEP 1-903 Souvenir of their visit to America. VJ.. VEE JAY,100.00,0.0139
v1|168583742199|0,The Moody Blues-Isn't Life Strange-45 RPM-rock-record-Threshold-THS-67009-EX,6.00,0.0139
v1|407120846216|0,"6 Led Zeppelin LP Vinyl Jimmy Page Remasters I, II, III, IV Houses Physical 2015",139.99,0.0139
v1|298560346442|0,Columbia 78 RPM - HOW DO I KNOW IT'S REAL / WHO WOULDN'T LOVE YOU #24,4.99,0.0139
v1|398251136378|0,OBSCURE Lot Of 8 Country Music 45 RPM- Ronnie McDowell Bill Brock Daniel PTL,4.90,0.0139
v1|227462709939|0,Tom Petty and the Heartbreakers Greatest Hits 2 lp Gatefold NM Americana Record,15.50,0.0138
v1|398242507279|0,"ABBA Voulez-Vous Pop 12"" 33 RPM Vinyl LP RCA Victor MIL S-4411",4.06,0.0138
v1|137560387119|0,GREEK REMBETIKA ~ PAPAGIKA ~ EARLY COLUMBIA 4705 ~ RARE~ HEAR ~ 78 RPM  ~ X 6569,100.00,0.0138
v1|227460589697|0,"BILLY JOE ROYAL I've Got To Be Somebody 7"" Promo 45 RPM RECORD Red Vinyl USED",5.00,0.0138
v1|198544615477|0,"The Queers / Sinkhole Love Ain't Punk 7"" 45 RPM Black Vinyl Single RER 008",15.00,0.0137
v1|158155695613|0,GREEN DAY BASKET CASE TIRED OF WAITING FOR YOU 7 INCH GREEN VINYL 45 RPM,59.99,0.0137
v1|377389407820|0,Dionne Warwick's Greatest Motion Picture Hits Vinyl Record LP Scepter Records,4.99,0.0137
v1|307102893209|0,EDDY ARNOLD~ALL TIME HITS FROM THE HILLS~ 1954 45 RPM ~ EP ~ RECORD NM  COVER EX,0.99,0.0137
v1|336722335222|0,Pic Sleeve: Joan Baez: Pack Up Your Sorrows,3.50,0.0137
v1|257650507249|0,Eddie Vedder ‎– INTO THE WILD Soundtrack Music On Vinyl ‎– MOVLP166 180 gram,250.00,0.0136
v1|236979745289|0,Def Leppard The Story So Far: The Best of Def Leppard Rock Record Best Of,33.00,0.0136
v1|137578805368|0,THE ARBORS - GRADUATION DAY / THE LETTER 45 RPM RECORD,2.00,0.0136
v1|128007290456|0,Marshall Tucker Band Greatest Hits LP VG Capricorn CPN-0214 Southern Rock,5.75,0.0136
v1|117338305134|0,Augustus Pablo Pablo In Dub 7” 45 RPM (Santic) EX!,9.99,0.0136
v1|358884027454|0,Red River Dave Ballad of Emmitt Till Scarce 50's Texas Country 45 on TNT G,19.99,0.0136
v1|188733698581|0,T.G. Sheppard Sheppard's Greatest Hits LP. Warner Bros Records.,3.99,0.0136
v1|188734668671|0,JETHRO TULL - M.U. THE BEST OF JETHRO TULL Vinyl LP Reissue RECORD FV 41078 NM,9.50,0.0135
v1|206467933890|0,RICHARD PRYOR BICENTENIAL NIGGER WARNER BROS.  VINTAGE 33 RPM RECORD,9.99,0.0135
v1|298553781081|0,"Original 1985 Creedence Clearwater Revival ""Greatest Hits"" 3 LP set - Warner NM+",29.95,0.0135
v1|358878078949|0,Jay And The Americans- Gypsy Woman- Vinyl 45 Record,2.69,0.0135
v1|287499793676|0,"The Motels - Only The Lonely/Change My Mind - 7"" 45 RPM Vinyl",2.69,0.0134
v1|158129662141|0,Jackie Wilson 1962 R&B 45 on Brunswick ~ I Just Can’t Help It ~ Hear,9.99,0.0134
v1|377382587810|0,DEEP PURPLE - BEST OF - SCEPTER CITATION SERIES - SEE DESCRIPTION!!!,0.99,0.0134
v1|377389407862|0,"Frank Zappa - Lumpy Gravy - (Record, 2016) Missing Cover",7.99,0.0134
v1|287501178703|0,Record Collection 78’s,100.00,0.0134
v1|168583750933|0,JOHNNY NASH-HOLD ME TIGHT/CUPID-45 RPM-REGGAE-VINYL-RECORD-JAD RECORDS 207-VG+-,4.00,0.0134
v1|178367915758|0,LOT OF 11 TINA TURNER PICTURE SLEEVES,3.99,0.0134
v1|287499470843|0,So In Love/ Indian Love Call 1949 RCA Victor Red Record,2.50,0.0134
v1|398250199654|0,Highwayman LP Waylon Jennings Willie Nelson Johnny Cash Kris Kristofferson,19.99,0.0134
v1|137563118599|0,AFRICAN ~ slide guitar ~ folk song ~  ACETATE 78 rpm ~ HEAR ~# 1381,75.00,0.0133
v1|178364193188|0,Grateful Dead Live At RFK Stadium DC 6/10/73 8xLP Box Set Vinyl LP Sealed,41.04,0.0133
v1|128007506374|0,NEIL DIAMOND:Gold MCA 93084 LP 1970 G+/VG-,4.00,0.0133
v1|336722335231|0,Pic Sleeve: Johnny Crawford: Your Nose Is Gonna Grow,3.50,0.0133
v1|227457843455|0,Tess Original Motion Picture Soundtrack Philippe Sarde Vinyl LP Record Album,6.99,0.0132
v1|287499654564|0,Tomita - Tomita's Greatest Hits - 1979 RCA AEL1-3439 Vinyl Record,3.89,0.0132
v1|327294792614|0,2 LITTLE GOLDEN RECORDS 45 RPM EP WILD WEST & WAGON TRAIN,9.99,0.0132
v1|227460604049|0,"ROCKABILLY CHARLIE RICH ON GROOVE  LABEL 45 RPM  7"" RECORD",2.00,0.0132
v1|236980171137|0,Pic Sleeve: Ray Barretto: Night Flowers (Flores De Noche)/Slo Flo,3.50,0.0132
v1|188726497725|0,Obscure KY Bluegrass John Denver 45 RUSSELL BROTHERS Country Roads JEWEL OH hear,8.00,0.0132
v1|287499598802|0,Pop 45 Olivia Newton-John - A Little More Love / Borrowed Time On Mca Records,2.49,0.0132
v1|318668167923|0,Various – The Best Of Herald Records (Volume 2) - US Doo Wop/Vocal Compilation,4.99,0.0132
v1|147474869654|0,THE SIX TEENS FEATURING TRUDY WILLIAMS HEAVEN KNOWS I LOVE YOU FLIP 346 (HEAR!),9.99,0.0131
v1|407115625541|0,Elvis Presley 45 Gold Standard 447-0605 Heartbreak Hotel  P/S & W/L Promo,75.00,0.0131
v1|287499363565|0,Elvis Presley Blue Hawaii 1961 Vinyl RCA Victor-LMP-2426 OST  VG+,5.50,0.0131
v1|158129667143|0,Yvonne Fair 1962 Soul 45 on King ~ It Hurts To Be In Love ~ Hear,9.99,0.0131
v1|137560460303|0,PORTUGAL ~ FOLK TUNE ~ ANDRADE ANTOS ~ HEAR ~ 78 RPM  ~ X 6555,25.00,0.0130
v1|377389407842|0,Billy Sprague - Serious Fun - Vinyl Record LP 1986 Reunion Records Christian,3.99,0.0130
v1|336726321286|0,MALCOLM DODDS & THE TUNE DROPS - UNSPOKEN LOVE b/w TONIGHT- ORIG 1958- 45 RPM,3.50,0.0130
v1|287501127899|0,Rock / Pop 14 VINYL LP RECORD ALBUM LOT AEROSMITH/EAGLES,12.99,0.0130
v1|158129662114|0,Nappy Brown 1955 R&B 45 on Savoy ~ Just A Little Love ~ Hear,9.99,0.0130
v1|188733456358|0,Vintage 1951 Lone Ranger Decca Records 78 RPM Complete Set Nos 1-4 K-29-K-32,39.00,0.0130
v1|358876757899|0,"Columbia 45 RPM Record, Sonny James,I Won't Think About Now,If She Just Helps VG",0.50,0.0129
v1|358878915553|0,"Herb Johnson ""I Found A True Love"" Sweet Soul 45 Tyler mp3",10.50,0.0129
v1|257657270121|0,Elton John – Honky Château 1973 Reissue MCA-2017,12.34,0.0129
v1|336722164729|0,"Gaytan y Cantu - El Cerro De La Silla - Okeh 9391, Latin 78",9.99,0.0128
v1|117338517667|0,DOLLY PARTON --  ( LOT OF 6 45's ) -- (  3 have  Picture Sleeves ) -- # 83-B,5.00,0.0128
v1|398251058464|0,MIKE BLOOMFIELD If You Love These Blues  GUITAR PLAYER  Chicago Blues  LP HEAR,9.99,0.0128
v1|800450140207|0,THE BEATLES Can't Buy Me Love 45 Capitol label,15.00,0.0128
v1|168570225182|0,SPAIN ~ FLAMENCO ~ VALLADOLID ~ HEAR ~ 78 RPM  ~ X 6572,30.00,0.0128
v1|298553981150|0,The Beatles Something New Album. Capital Records. High Fidelity Recording. 1964,15.95,0.0128
v1|267745769253|0,"Connie Francis Connie's Greatest Hits MGM Greatest Hits 12"" Vinyl LP E3793",1.99,0.0128
v1|298553935160|0,The Best Of Gladys Knight & The Pips / 1976 Buddah Records – BDS 5653 (VG-),4.99,0.0128
v1|407115624995|0,"Elvis Presley RCA JB-13351 Gold Vinyl Promo. Elvis Medley, Long/Short Versions",20.00,0.0128
v1|318669282943|0,The Beatles - Ob-La-Di Ob-La-Da - RECORD SLEEVE ONLY  (45RPM 7”) stained,6.00,0.0128
v1|307102831325|0,Best Of Bee Gees - 12 Inch 33 RPM Stereo Vinyl Record Album LP,18.44,0.0128
v1|358879041427|0,"The Larks ""I Want You (Back)"" Sweet Soul 45 Nasco mp3",9.99,0.0127
v1|358879041427|0,"The Larks ""I Want You (Back)"" Sweet Soul 45 Nasco mp3",9.99,0.0127
v1|257657756647|0,PAUL SIMON One Trick Pony LP Warner Bros HS 3472,4.95,0.0127
v1|287499598803|0,The Troggs: Wild Thing / With A Girl Like You 45 - Fontana - Garage,2.99,0.0127
v1|407105155249|0,Beatles 45 rpm. TOLLIE T-9008 Love me do / P.S. I Love you.,35.00,0.0127
v1|358872142618|0,"General Tire Sooner or Later You'll Own Generals Jingle / Disco 7"" 45 in PS",5.99,0.0127
v1|168589138108|0,33 LP RPM Vinyl Record Lynyrd Skynyrd SECOND HELPING MCA Records # MCA-413 ,7.50,0.0127
v1|227459363475|0,Poison 45 Record Your Mama Don't Dance 1988 Picture Sleeve ￼,3.25,0.0127
v1|307102673895|0,"HARRY C. BROWNE And QUARTET - De Darkies' Jubilee - Banjo & Orchestra, Vocals",15.00,0.0126
v1|206453344078|0,Herb ALPERT/Maze+FRANKIE Beverly BACK in STRIDE/George BENSON/Manhattan TRANSFER,4.62,0.0126
v1|117337208208|0,Vintage Vinyl/LP. Tropical Costa Chica. Festival De Cumbias. DGH-821. READ!,19.99,0.0126
v1|137563128002|0,AFRICAN ~ folk song w. guitar ~ nice  ~ one sided~ ACETATE 78 rpm ~ HEAR ~# 1364,65.00,0.0126
v1|188744163129|0,"Vintage Bruce Springsteen ""The River"" Vinyl 2 Record Album Complete w/Inners",1.04,0.0126
v1|358876467034|0,JOHNNY BOND 45RPM '56 COLUMBIA THE LITTLE ROCK AND ROLL ROCKABILLY VG VINYL,8.00,0.0126
v1|128007485451|0,"Lot of 6 Elvis Presley 7"" Vinyl 45rpm Records",6.00,0.0125
v1|128011270877|0,Elvis King Creole RCA Victor Black Label Dog Top Center Record VG++ Cover VG+,34.99,0.0125
v1|227459365952|0,John Cougar Mellencamp 3 record lot 45 RPM 7 inch record vinyl,9.99,0.0125
v1|168574667305|0,GREEK ~ ROSA ESKENAZI / LAST BREATH / K. PAROV ~ HEAR ~ 78 RPM  ~ X 6621,75.00,0.0125
v1|198542809514|0,Wanda Jackson Rock-a-billy County 1961 Elvis VG+ vinyl or better,7.50,0.0125
v1|158129662204|0,The Del Royals 1961 New Orleans R&B 45 on Minit ~ Got You On My Mind ~ Hear,9.99,0.0125
v1|168570117435|0,AFRICAN ~ TRIBAL CHILDREN'S VOCAL CHOIR ~ HEAR ~ 78 RPM  ~ A 1157,50.00,0.0125
v1|298560346269|0,Columbia 78 RPM - IT'S BETTER TO CONCEAL THAN REVEAL / CANADIAN CAPERS - #33,4.99,0.0124
v1|147474152554|0,Bing Crosby 78 rpm Binder Set Decca A-550 (1947) 10 Record Album Set,12.99,0.0124
v1|407103141693|0,Beatles 45 rpm 1976 White Label Promo. Got to get you into my Life. Mono/Stereo,15.00,0.0124
v1|407105314932|0,"Beatles 45 rpm VJ-581 Please, Please Me / From me to you. Picture Sleeve VEE JAY",50.00,0.0124
v1|137578810229|0,Curtis Lee 45 Rpm (Pretty Little Angel Eyes) The Bell Notes (I’ve Had It),2.00,0.0124
v1|278235162608|0,Billy Joel – Glass Houses. Vinyl LP REcord Album.,5.00,0.0123
v1|336722307266|0,"Jack De Mello - Coconut Willie Pt. 1/Pt. 2 - Aloha Record Co., Hawaiian 78, N.D.",19.99,0.0123
v1|800450840793|0,"Foreigner Waiting For A Girl Like You 7"" Vinyl 45 RPM Atlantic Stereo",1.49,0.0123
v1|298560346397|0,Columbia 78 RPM - IT COULDN'T BE TRUE / I GOT THE SUN IN THE MORNING - #30,4.99,0.0123
v1|298560346342|0,Decca 78 RPM - MY DREAM IS YOURS / I'M BEGINNING TO MISS YOU #17,4.99,0.0123
v1|267745747774|0,For Jukeboxes Only Paul McCartney Off The Ground White Title Strip 45 rpm,3.00,0.0123
v1|117338304909|0,Ricky Grant Far Far Away 7” 45 RPM (Message) EX!,9.99,0.0122
v1|358878927747|0,"Jeanie King ""You've Got A Good Thing..."" Northern Soul 45 General American mp3",9.99,0.0122
v1|336722335268|0,Pic Sleeve: Herb Alpert & The Tijuana Brass: A Banda,3.50,0.0122
v1|298560346288|0,RCA BlueBird 78 RPM - Charlie Barnet - REDSKIN RHUMBA / SOUTHERN FRIED - #58,4.99,0.0122
v1|137578805413|0,"1926 Harry Reeser's Six Jumping Jacks-78 rpm Brunswick - She's Got ""It""",5.00,0.0122
v1|278240984848|0,R&B DOO WOP 78 • The Coronets • Chess 1549 • I’m All Alone • Nadine E/EE-,39.99,0.0122
v1|168569615593|0,SWISS ~ TRADITIONAL YODEL JODLER FOLK ~ HEAR ~ 78 RPM  ~ X 6609,35.00,0.0121
v1|298554501044|0,"Lot of 5 Voco Children's Picture Records 1948/49 6 3/4"" 78 RPM 522, 3, 4, 26, 31",12.95,0.0121
v1|298553815302|0,MICK JAGGER Performance Warner Bros K 46075 Soundtrack LP From 1970,15.00,0.0121
v1|257657231399|0,"Elvis Presley Elvis' Christmas Album Pickwick CAS-2428 12"" Mono Vinyl LP",5.00,0.0121
v1|377389922881|0,Def Leppard – Vinyl Collection Volume One Limited Edition 180 Gram Box Set 2018,89.00,0.0121
v1|168565953989|0,Andy Williams - Lot of (6) Columbia Records 33 RPM LP's - pre-owned,18.00,0.0120
v1|168578565839|0,Andy Williams - Lot of (6) Columbia Records 33 RPM LP's - pre-owned,18.00,0.0120
v1|137563112194|0,AFRICAN ~ FOLK SONG W. GUITAR & VOCAL ~  ACETATE 78 rpm ~ HEAR ~# 1427,35.00,0.0120
v1|168572185215|0,BLUES ROCK R&B ~ JIMMY MCCRACKLIN ~ THAT'S LIFE ~ HEAR ~ 78 RPM  ~ X 6561,20.00,0.0120
v1|168572289978|0,AFRICAN ~ pop song w. guitar  ~  ACETATE 78 rpm ~ HEAR ~# 1365,35.00,0.0120
v1|168584359853|0,Wang Chung - Everybody Have Fun Tonight/Fun Tonight:The Early Years 45RPM Record,3.99,0.0120
v1|267745822305|0,VIXEN 45 RPM Pictures Sleeve Poster EDGE OF A BROKEN HEART 7-in Vinyl ,1.88,0.0120
v1|298560346410|0,Mercury 78 RPM - Walt Disney Music - ONCE / Santly Joy - OUT IN THE COLD AGAIN,4.99,0.0120
v1|158129662183|0,Robert Parker 1967 Soul 45 on Nola ~ Everybody’s Hip Huggin ~ Promo ~ Hear,9.99,0.0119
v1|267745923419|0,THE DOOBIE BROTHERS BEST OF THE DOOBIES LP Warner Bros BS 2978 1976,9.95,0.0119
v1|168572249045|0,AMERICAN FOLK ~ PRE WAR ~ HUGH CROSS COLUMBIA 15231 ~ HEAR ~ 78 RPM  ~ X 6510,20.00,0.0119
v1|407115390838|0,Hear 1969 Neon Rock VG+ 45 - Long Tall Sally / Back to Brooklyn,9.99,0.0119
v1|267740816936|0,"BACKTRACK 2 Various Artists LP 1970 Track Record UK-Jimi Hendrix,  The Who-EXLNT",10.00,0.0119
v1|227460589710|0,"THE IDEALS I Got Lucky (When I Found You) 1966 Soul 7"" 45 RPM RECORD Vinyl USED",5.00,0.0119
v1|227460589710|0,"THE IDEALS I Got Lucky (When I Found You) 1966 Soul 7"" 45 RPM RECORD Vinyl USED",5.00,0.0119
v1|168584143346|0,The Best of ’66 Volume One LP 1967 Columbia TBS-1 Stereo Vinyl Record,1.00,0.0118
v1|178374739708|0,The Best of ’66 Volume One LP 1967 Columbia TBS-1 Stereo Vinyl Record,1.00,0.0118
v1|318671933873|0,Fleetwood Mac ,4.00,0.0118
v1|267745992196|0,The Best Of Alfred Apaka MCA2-4007 Deluxe 2LP Gatefold MCA Records VG+,4.99,0.0118
v1|178367664856|0,"LOU CHRISTIE LIGHTNIN' STRIKES 7"" 45 rpm RECORD MGM K13412",2.00,0.0118
v1|318668645808|0,Mel Street – Mel Street's Greatest Hits - US Country LP 1976,4.99,0.0118
v1|377389592537|0,"15 Lot Classic Rock Vinyl LPs 1970s Blondie, Clash, Cheap Trick, Simon Garfunkel",79.00,0.0118
v1|407115528385|0,"Paul Hardcastle 19 12"" Vinyl Single 33 RPM Chrysalis 4V9 42875",10.00,0.0118
v1|267745752464|0,The Ventures Secret Agent Man & Wipe Out All Time Hit Series 1970 Release 45 rpm,3.00,0.0117
v1|188733646031|0,Les Paul Mary Ford Mockin Bird Hill Chicken Reel Capitol 1373 Vintage 78 RPM,6.00,0.0117
v1|188733868060|0,"Elvis Presley. ""Elvis"" 1956. LPM-1382. (G2 WP 7208-5S)",5.00,0.0117
v1|267745739785|0,I'm In With The Out Crowd 1966 Garage Fuzz  & Pop Rock Sam The Sham 45 rpm vinyl,3.00,0.0117
v1|287499667376|0,The Dave Clark Five - 2 Vinyl LP Record Lot - Greatest Hits & Glad All Over,4.99,0.0117
v1|188726497696|0,Hot Bluegrass Banjo Rockabilly 45 BENNY WILLIAMS 90 Miles From Nashville TODD,6.00,0.0117
v1|206468133789|0,The Clash Hits Back 3 Album Vinyl,25.00,0.0117
v1|366583349654|0,"THE BEST OF THE DRAMATICS"" LP",15.00,0.0117
v1|236987265236|0,PAUL REVERE & The RAIDERS GREATEST HITS LP COLUMBIA Record C35593 Vinyl,10.00,0.0117
v1|168570271426|0,PARAGUAYAN ~ FELIX PEREZ CARDOZO ~ HARP TRAD.  ~ HEAR ~ 78 RPM  ~ X 6562,25.00,0.0116
v1|366582401057|0,YELLOWCARD-ALWAYS SUMMER-ALT ROCK 45 & PICTURE SLEEVE PS-YELLOW VINYL,9.99,0.0116
v1|227459349852|0,Vinyl Lp Lot,32.00,0.0116
v1|358871847500|0,"Bern Elliot And The Fenmen ""New Orleans"" 1964 London  Garage Rock 45",5.99,0.0116
v1|168569862008|0,AFRICAN ~ FOLK POP W. GUITAR ~ CHAGA MOSHI ~ HEAR ~ 78 RPM  ~ A 1162,100.00,0.0116
v1|178367654225|0,"FRIEND AND LOVER REACH OUT OF THE DARKNESS 7"" 45 rpm RECORD VERVE",2.00,0.0116
v1|287499654653|0,CHUCK BERRY Carol & Johnny B. Goode ERIC RECORDS 45 Single Record,3.99,0.0116
v1|366581576472|0,Kalin Twins 45 RPM - Three O'Clock Thrill / When - Decca 9 - 30642  1958,0.49,0.0115
v1|358884434088|0,Lot of 18 1960's 70's Capitol Diagonal Logo 45 Company Sleeves Beatles,29.99,0.0115
v1|188731828449|0,Vintage Vocalion Red Shellac 78 RPM Record - Humoresque - Sasha Culbertson #3013,0.99,0.0115
v1|128011908941|0,DAVID BOWIE David Live Double LP RCA 1974 Hollywood Press Orange Label  VG/Good,6.88,0.0115
v1|168589444085|0,THE BEATLES ~ MEET THE BEATLES! (1964) / 1969 CAPITOL REPRESS (LIME LABELS) LP,19.99,0.0115
v1|307099792846|0,Lyn Collins Rock Me Again & Again & Again & Again... 45 RPM Single Vinyl People,9.99,0.0114
v1|278241692571|0,Beatles 45 1967 Original Strawberry Fields Forever with NM Vinyl VG+ Pic Sleeve!,76.50,0.0114
v1|158148714247|0,Doobie Brothers Best of the Doobies Volume II (2) Vinyl LP Warner Bros 1981 VG,5.00,0.0114
v1|366582090711|0,"Various - The Original House Sound Of Chicago: Deep House Vol. One (LP, Comp)",5.00,0.0114
v1|287499170824|0,Joe Preston King Buzzo Dale Crover Melvins 45 RPM Black Vinyl Records w/ Sleeves,80.00,0.0114
v1|398244914633|0,"The Ron-Dels Walk About/If You Really Want Me To, I'll GoSMASH 45 RPM",3.80,0.0114
v1|158147571877|0,Wings Rpm Vinyl: I’ve Had Enough (McCartney)/Deliver Your Children,1.79,0.0113
v1|366581556554|0,The Ventures - Two LP Lot: Another Smash (1961) & Hawii Five-O (1969),3.95,0.0113
v1|117337186507|0,Hank Williams Sr - Lot of 5 Vintage Vinyl LPs.,9.95,0.0113
v1|128008442761|0,Michael Jackson  AL 38112  Thriller  G,6.37,0.0113
v1|336722528001|0,"BLUES MAGOOS "" NEVER GOIN' BACK TO GEORGIA"" 45 RPM PROMO ABC #11250 1969",9.99,0.0113
v1|377389571516|0,"7"" 45 RPM THE FOUR HOLIDAYS NOBODY LOVES YOU LIKE A ME ON UNITED ARTISTS VG 1959",9.95,0.0113
v1|267745798173|0,"Diana Ross  Vinyl LP  Motown Records, 1972, M6-869S1, Greatest Hits ~ VG+",1.95,0.0113
v1|178375628741|0,Diana Ross & The Supremes And Diana Ross Solo 45 Records Lot Of 2 Motown,0.99,0.0113
v1|168585493339|0,Ricky Nelson-Stood Up/Waitin' In School-45 RPM-rock-vinyl-record-Imperial 5483-,7.99,0.0113
v1|366579783893|0,John Denver's Greatest Hits (1973) | LP Vinyl RCA Records,3.95,0.0112
v1|287499654619|0,Juice Newton - The Sweetest Thing (I've Ever Known) Ride 'Em Cowboy - 45 Record,2.69,0.0112
v1|287500513212|0,Lot of Six (6) Classic/Vintage 1960s Albums (LOT A),14.99,0.0112
v1|358878932186|0,"Jimmy J.J. Barnes ""I Think I've Got A Good Chance"" 70's Soul 45 Organic mp3",78.00,0.0112
v1|307102389930|0,ROLLING STONES 45+PS MOTHER'S LITTLE HELPER  60S ROCK BRITISH INVASION VG+/VG,9.99,0.0112
v1|137578835201|0,1920s 78rpm Record - Columbia  Turkish Orchestra,5.00,0.0112
v1|298560346241|0,Capital - 78 RPM - Andy Russell - MY BEST TO YOU / ANNIVERSARY SONG #67,4.99,0.0112
v1|198542888654|0,Billie Holiday 78 RPM record Strange Fruit / Fine and Mellow Commodore ,51.00,0.0112
v1|327295379494|0,Paul Hardcastle. 19 Maxi Single Vinyl Lp,5.99,0.0112
v1|188726497734|0,Hot Bluegrass 45 LESTER FLATT & EARL SCRUGGS Just Ain't / Cold COLUMBIA hear EX,5.00,0.0112
v1|137579116253|0,"St Louis Cardinals 1964 Champions & Stan ""The Man"" Musial Hit Record LP Lot - VG",17.99,0.0111
v1|358794845212|0,Columbia 15179D Charlie Poole Ramblers FALLING BY WAYSIDE 78rpm EE+ Country A-1!,35.00,0.0111
v1|398249782471|0,Greatest Hits Record Vinyl Waylon Jennings RCA  3378 Vintage Press,30.00,0.0111
v1|188737411061|0,Elvis Presley Elvis Commemorative Album 2LPS DPL2-0056(e) Gatefold Gold Nice,19.95,0.0111
v1|366579821995|0,"K-Tel - 20 Power Hits Volume 2 | Various Artists - (1972, TU 222)",2.95,0.0111
v1|178363070438|0,Hot KY Bluegrass 45 THE BREWSTER BROTHERS Gotta Travel On / Little Maggie ACME,5.00,0.0111
v1|188731828447|0,Vintage 78 RPM Record Lot - Decca Glen Gray & Vocalion Bobby Snyder - w/ Sleeves,0.99,0.0111
v1|298560346364|0,Columbia 78 RPM -THEY CAN'T TAKE THAT AWAY FROM ME / IF I HAD A MAGIC CARPET #22,4.99,0.0110
v1|227455490016|0,George Strait Greatest Hits MCA5567 Original 1985 Country Vinyl Record,16.50,0.0110
v1|800425407921|0,THE NAT KING COLE STORY IN STEREO 1961 CAPITOL 3 LP Vinyl BOX SET W BOOK EX,19.99,0.0110
v1|358876708137|0,"Fabor 45 RPM Record,Mavis Kruse,Turn DownThe Starlight ,Swingin on the grape,VG",0.50,0.0110
v1|198542943941|0,Billie Holiday Vinyl Records All Or Nothing Test Pressing 45 RPM Analogue Prod.,18.50,0.0110
v1|137563116907|0,AFRICAN ~ FOLK SONG W. GUITAR & VOCAL one sided ~  ACETATE 78 rpm ~ HEAR ~# 1433,35.00,0.0109
v1|298551105260|0,"The Beatles  - All You Need Is Love -  US Picture Sleeve PS 7""",19.99,0.0109
v1|407115078969|0,HEAR - Rare Country 45 - Gary D. Whatley - Someday I'll Sober Up - Sierra # 102,9.99,0.0109
v1|298554489219|0,"Lot of 7 Record Guide America Children's C, G, P Series 1940's 6 1/2"" 78 RPM",16.95,0.0109
v1|298554491655|0,"Lot of 6 Record Guide America Children's S & T Series 1940's 6 1/2"" 78 RPM Flexi",13.95,0.0109
v1|168571169383|0,Larry Williams 1959 R&B 45 on Chess ~ Everyday I Wonder ~ Hear,9.99,0.0109
v1|158148245574|0,Steppenwolf 16 Greatest Hits LP Vinyl Record 1973 Abc,4.00,0.0108
v1|398251136385|0,Count Basie-2 LP LOT- Best Of Vol 2- Roulette Big Bands Are Back- Vinyl Records,5.34,0.0108
v1|178367921545|0,CLASSIC ROCK 20 CD LOT  STONES  AIRPLANE  KINKS  KANSAS  THE WHO  AUDIO NM/M,7.99,0.0108
v1|128007506410|0,NEIL DIAMOND:12 Greatest Hits Vol II Columbia BL 38068 LP 1982 VG+/VG,6.00,0.0108
v1|267745725386|0,"The Danleers Wheelin' and a Dealin'/One Summer Night Mercury 7"" 45 71322X45",4.99,0.0107
v1|257662735960|0,"Crosby, Stills & Nash - Lot Of 3 - Daylight Again, Neil Young- Crazy Horse Etc",4.00,0.0107
v1|358884818374|0,Rick Wakeman King Arthur Vinyl LP A&M 1975,1.99,0.0107
v1|188726497701|0,Hot Twangy Country Mover 45 RED WILSON Its Old / Southern Sunshine OHIO hear NM,6.00,0.0107
v1|307097569526|0,"THE DAVE CLARK FIVE - THE BEST OF - 1963 MEXICAN LP, BEAT",19.99,0.0107
v1|227459209662|0,The Falcons 45 RPM - You're So Fine / Goddess Of Angels - Unart UR 2013  1959,0.49,0.0107
v1|168571174360|0,The Trilons 1962 Doo Wop 45 on Tag ~ I’m the One ~ Promo ~ Hear,9.99,0.0106
v1|398232055019|0,Reggae Vintage 45's,30.00,0.0106
v1|298551110282|0,"The Beatles   - A Hard Day's Night -  US Picture Sleeve PS 7""",14.99,0.0106
v1|377391682197|0,"WILLIAM BELL I Forgot To Be Your Lover STAX 7"" Soul 45 RPM RECORD Vinyl USED",5.00,0.0105
v1|267745746656|0,Joe Douglas Back Street Affair Country 1979 Foxy Cajun Label Ex 45 rpm vinyl,3.00,0.0105
v1|227460613610|0,"COUNTRY VIETNAM GINNY & JOE ON MW   LABEL 45 RPM  7"" RECORD",1.25,0.0105
v1|227459221687|0,Dusty Springfield 45 RPM - I Only Want To Be With You/Once Upon A Time - Philips,2.81,0.0105
v1|168569976516|0,AZERI AZERBAIJAN ~ TRAD. FOLK W. TAR VOCAL FIDDLE ~ HEAR ~ 78 RPM  ~ AX 6601,125.00,0.0105
v1|168571174358|0,Tiny Topsy 1957 R&B 45 on Federal ~ Miss You So ~ Hear,9.99,0.0105
v1|287499610617|0,Chuck Berry - Rock & Roll Music /Memphis Tennessee - Eric Records Rock 45 Record,3.99,0.0105
v1|267745751446|0,14 R+B SOUL RECORD LP LOT ROBERTA FLACK IMPRESSIONS POINTER SISTERS 2 AL JARREAU,49.99,0.0104
v1|178368443326|0,"Carrere 45 RPM Record,Gloria Loring ,Carl Anderson, Friends and Lovers VG ",1.50,0.0104
v1|168571169321|0,Etta James 1961 R&B / Mod 45 on Argo ~ Seven Day Fool ~ Hear,23.50,0.0104
v1|227459377560|0,John Cougar 45 Record Paper In Fire 1987 Picture Sleeve,4.25,0.0104
v1|137579392540|0,"45 RPM R&B THE DIAMONDS, ONE SUMMER NIGHT / IT'S A DOGGONE SHAME",6.00,0.0104
v1|168583785663|0,Rod Stewart-Maggie May-Reason To Believe-45 RPM-rock-Marcury 73224-vinyl-record-,6.50,0.0104
v1|358799044089|0,Columbia 15499D Earl McCoy & Jesse Brock COTTON MILL 78rpm E/EE+ Country A-1/A-2,40.00,0.0104
v1|188733441106|0,Luther Vandross Power Of Love Single Always And Forever Vintage Vinyl 45 Music !,7.00,0.0104
v1|236985413902|0,George Strait Greatest Hits Vinyl LP McA-5567 (1985),25.00,0.0104
v1|158129662200|0,George Jackson 1972 Southern Soul 45 on Hi ~ I’m Gonna Wait ~ Hear,9.99,0.0104
v1|137559909531|0,HUNGARIAN MARCH ORCHESTRA ~ FIGEDY SANDOR ~ HEAR ~ 78 RPM  ~ X 6611,10.00,0.0103
v1|358800903117|0,Columbia V9355 Nino de la Calzada w guitars SPAIN  78 rpm  HEAR  E+ Fado,30.00,0.0103
v1|298556490958|0,Three rick nelson Imperial 45 vinyl Records,1.99,0.0103
v1|178363070425|0,Hot Girl Country  Bopper 45 JUANITA ROSE A Pillow Filled With SILVER STAR mp3 NM,6.00,0.0103
v1|117338376144|0,Black Uhuru Rent Man 7” 45 RPM (DEB Music) EX!,9.99,0.0103
v1|278247578965|0,"The Beatles - Beatles '65 12"" Vinyl LP",25.99,0.0103
v1|178363070456|0,Melodic Country Teen 45 HUGH X. LEWIS Once Before /What Can I Do LITTLE DARLIN,5.00,0.0103
v1|168583964761|0,JOHNNY HORTON-RARE PICTURE SLEEVE + 45-(THEY SHINED UP RUDOLPH'S NOSE)--PS--PIC,299.99,0.0102
v1|147474985611|0,FRANKIE MILLER TRUE BLUE ROCKABILLY 1959 STARDAY 45-424 VG+ (HEAR!),19.99,0.0102
v1|168583966955|0,CARL PERKINS-RARE PROM GATEFOLD PICTURE SLEEVE + 45-(JIVE AFTER FIVE)--PS--PIC,299.99,0.0102
v1|168583798017|0,Fleetwood Mac-Think About Me-45 RPM-Rock-Warner Bros. WBS 49196-vinyl-record-NM-,6.50,0.0102
v1|147479258461|0,ELVIS PRESLEY 45 47-9835 THE WONDER OF YOU/MAMA LIKED THE ROSES NM/MT BEAUTY,40.00,0.0102
v1|236980138313|0,"The Rolling Stones Sticky Fingers Rock Vinyl LP Record 12"" Rolling Stones Sleeve",30.00,0.0102
v1|358876459437|0,"The BEATLES Christmas Fun with The Beatles scarce Japanese WHITE vinyl 10"" LP",33.00,0.0102
v1|188733435087|0,righteous brothers unchained melody 45 Hung On You Vintage Vinyl Single Best Son,5.00,0.0102
v1|358879059882|0,"W. King Cole ""I Wonder Why"" Islands Crossover Sweet Soul 45 Micron mp3",12.50,0.0102
v1|377382660913|0,Frieda Hempel on 78 rpm Grammophon 033163/64 AUTOGRAPHED: Huguenots-O glücklich,34.98,0.0102
v1|257657771372|0,"Greatest Hits, Vol. 2 [LP] by Oak Ridge Boys (The) (Vinyl, Oct-1990, MCA Records",2.20,0.0102
v1|287499654171|0,"Kenny Rogers/Dolly Parton Islands In The Stream 7"" Vinyl Single 45rpm RCA Record",4.99,0.0102
v1|336722510644|0,"THE GENTRYS "" WHY SHOULD I CRY"" 45 RPM PROMO SUN LABEL #1108 1970",9.99,0.0101
v1|407115308338|0,"Neil Diamond 45 rpm ""Sweet Caroline"" on Uni Records",1.99,0.0101
v1|267745754106|0,Gerry Rafferty Days Gone Down (Still Got the Light In Your Eyes) 45 rpm Vinyl,3.00,0.0101
v1|298554529246|0,"1977-MOZART: FOUR PIANO CONCERTOS, CASADESUS , SZELL, DOUBLE COLUMBIA RECORDS",1.99,0.0101
v1|117337194713|0,Brooks & Dunn 45 Record Single Collection Boot Scootin Boogie 6 Lot Arista,14.99,0.0101
v1|117337194713|0,Brooks & Dunn 45 Record Single Collection Boot Scootin Boogie 6 Lot Arista,14.99,0.0101
v1|398251136420|0,COMPANY SLEEVES-Classic Rock 45 RPM Lot Of 4-Doors-Vanilla Fudge-Laurie-UA,4.24,0.0101
v1|407114743323|0,HEAR - Rare R&B / Rock 'n Roll Novelty 45 - Jack Gale - The Medicine - Columbia,9.99,0.0100
v1|168565952568|0,"Percy Faith and his Orchestra, Lot of (4) 33 RPM LP's",15.00,0.0100
v1|137559946036|0,GREEK ~ POPULAR MUSIC  ~ HEAR ~ 78 RPM  ~ X 6505,10.00,0.0100
v1|206460789423|0,"Linda Ronstadt Greatest Hits Volume Two 12"" Black Vinyl LP Stereo 1980 5E-516",5.00,0.0100
v1|298554317429|0,"Morrissey Roy's Keen 12"" 45 RPM Vinyl Single 1997 Island made in England",164.50,0.0100
v1|188726497745|0,Early 50s Girl Hillbilly 45 KITTY WELLS Gathering Flowers / Don't Wait RCA hear,6.26,0.0100
v1|267745755593|0,Strawberry Alarm Clock Insence & Peppermint  1967 UNI Label 45 rpm vinyl,5.00,0.0100
v1|307104616588|0,1960's  Doo-Wop 45  Vito And The Salutations  Your Way,5.00,0.0100
v1|267745751169|0,1966 Count Five Psychotic Reaction Garage & Acid Rock Double Shot Label 45 rpm,3.00,0.0100
v1|298554279059|0,THE KING SISTERS ~ ALOHA  KING SISTERS ~ 195? ~45 RPM ~ EP ~ RECORD  NM COVER NM,0.99,0.0100
v1|377379784634|0,Trans-Siberian Orchestra Night Castle box set TSO 180 gram vinyl 4 LPs exc. book,125.27,0.0100
v1|407106635112|0,BUDDY GUY I Was Walking Through The Woods CHICAGO BLUES MCA LP 180 GRAM M/NM,15.50,0.0100
v1|336717453359|0,"20 records 45 rpm reissues Caravelles, The Platters, Climax, The Drifters Donova",9.99,0.0100
v1|366587930941|0,MCA 2-12000 FM OST STEELY DAN EAGLES RONSTADT WALSH JOEL BUFFETT 1978 2LP VG++,5.99,0.0100
v1|188732968821|0,"Lot of 75 Doo Wop, Early Rock n' Roll & few pop 45s from 50s60s w/platter pak",66.00,0.0100
v1|358876814718|0,"Pointer Sisters - Neutron Dance Planet Records 7"" 45 RPM Black Vinyl Single",1.77,0.0100
v1|327292218270|0,Loverboy 45 Record Love Will Rise Again Picture Sleeve 1987,0.01,0.0099
v1|336722317005|0,LP David Cedeño From Jersey With Love Salsa  DAVID CEDENO LBL M-,19.95,0.0099
v1|377389407397|0,The All American Pop Collection Volume 1 (1980)-Vinyl Record LP - Various,4.99,0.0099
v1|267745817120|0,Elvis Bosom Of Abraham / He Touched Me 45 & Picture Sleeve,19.99,0.0099
v1|407111284451|0,Little Feat Last Record Album Lp,7.99,0.0099
v1|267745756197|0,"VINTAGE VINYL 45:  SKYLARK ""Wildflower / The Writing's On The Wall"" (1973)",2.00,0.0099
v1|287499754724|0,Pat Benatar - Promises In The Dark vinyl 45 single Record 1981 W/ Picture Sleeve,3.69,0.0098
v1|206467884484|0,BARBARA STREISAND'S GREATEST HITS  COLUMBIA    VINTAGE 33 RPM RECORD,9.99,0.0098
v1|307102450112|0,STEVE MILLER BAND: The Joker / Something To Believe In CAPTIOL RECORDS 45 RPM,6.99,0.0098
v1|227460591455|0,"SHIRELLES Don't Say Goodnight & Mean Good Night PS 7""  45 RPM RECORD Vinyl USED",5.00,0.0098
v1|257621023219|0,Columbia 15705D Rustic Waters SWEET NORA SHANNON rre 1931  78rpm  Country E,50.00,0.0098
v1|178363070424|0,Melodic 50s Hillbilly 45 HANK NOBLE If You Want / This Case Against MERCURY hear,6.00,0.0098
v1|178368568144|0,"Columbia 45 RPM 5 Record Set ,Mary Martin,The Sound Of Music Broadway, VG ",1.00,0.0098
v1|398250549719|0,Roger Williams Summer Wind and Your Special Requests LP KS-3434,5.99,0.0098
v1|158129662119|0,Jackie Verdell 1963 R&B 45 on Peacock ~ Hush ~ Hear,9.99,0.0098
v1|287499654870|0,The Rolling Stones - Time Is On My Side & Congratulations - 45 Record London,3.99,0.0098
v1|178369075977|0,"RCA 45 RPM Record, Eddy Arnold ,A Good Lookin Blonde, A Dozen Hearts, VG ",0.50,0.0098
v1|398241365334|0,Animal House Soundtrack,10.00,0.0098
v1|298553813365|0,"Morrissey Dagenham Dave 7"" 45 RPM Vinyl Single RCA Victor 1995 74321299807",20.50,0.0097
v1|398252953010|0,Elvis Presley Burning Love And Hits From His Movies Vol. 2 RCA Camden LP,10.99,0.0097
v1|318668975014|0,"Lot of 12  45 rpm records Classic County Radio Station Set Jones, Strait, Travis",6.00,0.0097
v1|336717168895|0,Whitney Houston/Ozone/Aretha Franklin/Mick Jackson/CHIC/Jermaine Jackson/Billy O,5.75,0.0097
v1|327292827925|0,"BEATLES ""I SAW HER STANDING THERE"" CAPITOL-5112 VG PICTURE SLEEVE ONLY",5.99,0.0097
v1|800454997456|0,1978     MAC ARTHUR  PARK  -  DONNA  SUMMER,3.55,0.0097
v1|287499654868|0,"ERIC CLAPTON I've Got A Rock N Roll Heart POP ROCK 45 7"" Record Vinyl",2.99,0.0097
v1|287499654774|0,Kenny Rogers & Dottie West - Classics LP Record Album W/ Bonus Greatest Hits,3.99,0.0096
v1|117336863210|0,Claude Thornhill  - Smiles - Night and Day - 78 rpm  Columbia  37055 - 1946,7.85,0.0096
v1|128007719666|0,VARIOUS ARTISTS:¡Something Festive! A&M SP 19003 LP G+/VG,0.99,0.0096
v1|366581924812|0,WILLIE NELSON & LEON RUSSELL 2 Lp One For The Road 1979 Country Rock Fun Canada,15.00,0.0096
v1|318680327848|0,CCR Creedence Clearwater Revival – Bayou Country Vintage Vinyl LP 1900s,9.99,0.0096
v1|336722645686|0,16x Soundtrack LP Record Lot Mixed Grade Spoken Word Fields Burton Jackson,8.00,0.0096
v1|358878881407|0,"45 Gene Cornish ""Since I Lost You/Winner Take All"" Vassar V-319 Teen",5.99,0.0096
v1|178370432817|0,"The Beatles - ""1962-1966"" - Double LP",8.00,0.0095
v1|407115376319|0,Hear 1966 Mouse Garage Rock Novelty 45 - Would You Believe / Like I Know You Do,14.99,0.0095
v1|206460814942|0,Bob Dylan's Greatest Hits Columbia Records Vinyl LP Stereo Record KCS 9463,12.00,0.0095
v1|298554719021|0,"ZZ Top - The Best of ZZ Top 12"" Vinyl LP 1977 London Records Rock Sleeve",4.48,0.0094
v1|178368701823|0,"The Fifth Dimension - ""One Less Bell To Answer"" - 45 RPM",1.00,0.0094
v1|137578829025|0,Four Jacks And A Jill – Master Jack / I Looked Back - RCA 47-9473 45 RPM  1968,2.00,0.0094
v1|366581799777|0,"Jay-Z From The Rush Hour Soundtrack feat. Amil Of Major Coinz & Ja 12""SINGLE",6.99,0.0094
v1|366581799777|0,"Jay-Z From The Rush Hour Soundtrack feat. Amil Of Major Coinz & Ja 12""SINGLE",6.99,0.0094
v1|178363070419|0,Hot 50s Country Bop Rockabilly 45 T. TEXAS TYLER I Tickled Her /She 4 STAR ~EX,6.00,0.0094
v1|298554460071|0,3 THE ROLLING STONES 45RPM-Everything is Turning to Gold/Shattered/Mick Jagger,4.99,0.0094
v1|407105296652|0,"Beatles VJ, Christmas Sleeve VEE JAY Sleeve Only. Nice Shape",50.00,0.0094
v1|188734672746|0,B.B. KING - LIVE & WELL Vinyl REISSUE LP RECORD 1980 Blues MCA 27008 VG+,9.99,0.0094
v1|137559441763|0,LATIN ~ HOT POP ~ LES CHAKACHAS ~ HEAR ~ 78 RPM  ~ X 6591,25.00,0.0093
v1|147478498298|0,"BB King, Wes Montgomery, Al Caiola Guitar Specials Vinyl Lps",5.00,0.0093
v1|287499654549|0,BILLY WARD - Home Is Where You / St. Therese Of The Roses DECCA 29933 45 Record,2.69,0.0093
v1|298560346377|0,Columbia 78 RPM- I HAD A LITTLE TALK WITH THE LORD / A LITTLE ON THE LONELY SIDE,4.99,0.0093
v1|117336875768|0,LOT OF 3 Eddy Howard 1946 78 RPM RECORDS  10 Inch 1117 - 1071 - 1078 VINTAGE,9.99,0.0093
v1|128007498110|0,"Bee Gees – Night Fever 7"" Single 45rpm Record 1978 Pic Sleeve VG+",2.99,0.0093
v1|178369067447|0,"RCA 45 RPM Record, Eddy Raven ,I could use Another you,Folks Out On The Road VG ",0.50,0.0093
v1|358882936905|0,RCA Columbia Boston Great Childrens Favorites Classical Record LP Vinyl Lot,15.99,0.0093
v1|278241232622|0,Sam And Dave Best Of Call Lp Record Album,14.99,0.0091
v1|267745737145|0,Bob Crosby Happy Wanderer Doo-Wop Steam Heat Jazz Pop Track 1954 78 rpm vinyl,3.00,0.0091
v1|158147636185|0,NELSON RIDDLE-RARE MOTION PICTURE MOVIE PICTURE SLEEVE+45--(RIO BRAVO)--PS--PIC,599.99,0.0090
v1|307103150474|0,BUDDY HOLLY EP The Buddy Holly Story ORIG '59 Coral EC 81182 PICTURE SLEEVE & 45,26.00,0.0090
v1|158129662181|0,The Castelles 1953 R&B 45 on Grand ~ My Girl Awaits Me ~ Hear,9.99,0.0090
v1|366581746536|0,4 RARE VINTAGE VINYL RECORD Ricky Nelson 45 RPM IMPERIAL CHANCELLOR VERVE LOT,5.00,0.0090
v1|327292218716|0,Spin Doctors 45 RPM 7 inch record vinyl alternative,9.99,0.0090
v1|128007584317|0,Bob Dylan - I Want You / Just Like Tom Thumb's Blues PROMO Columbia White Label,19.99,0.0090
v1|188733777894|0,"EN VOGUE - MY LOVIN YOU'RE NEVER GONNA GET IT 45 RPM 7"" SINGLE VG  EASTWEST",4.00,0.0090
v1|158147951764|0,LOT OF 2 Vinyl Album LP The Rolling Stones Tattoo You & Genesis Nursery Cryme,10.00,0.0090
v1|358875397431|0,1940 Johnny Hodges & Orchestra Bluebird B-11117 78 RPM Queen Bess Tested...,9.99,0.0090
v1|128011272784|0,THE BEATLES ~ MEET THE BEATLES (1964) /1978 CAPITOL RECS RE (PURPLE LBLS) LP,15.99,0.0090
v1|188733370610|0,BARRY MANILOW  I Write The Songs  45 RPM  ARISTA 0157  Used Record Vinyl Single!,3.00,0.0090
v1|206460604505|0,Hank Williams - The Hank Williams Story MGM Limited Edition Vinyl Box Set,8.96,0.0089
v1|278243773643|0,"COUNTRY KENNY SANDERS ON M LABEL 45 RPM  7"" RECORD",1.25,0.0089
v1|168569445181|0,COLUMBIAN TRAD. FOLK ~ EARLY VIOLIN TIPLE GUITAR TRIO  ~ HEAR ~ 78 RPM  ~ X 6578,100.00,0.0089
v1|178363070460|0,Boss Wild Country Rocker Rockabilly 45 GARY STEWART The Snuff Queen KAPP hear NM,5.00,0.0089
v1|800435063191|0,"Vintage Vinyl Record Lot of 5 - Bowie, Talking Heads, Kraftwerk, King Crimson",46.00,0.0089
v1|188734664125|0,LITTLE ANTHONY & THE IMPERIALS - THE BEST OF Vinyl LP RECORD Album ST 90840 NM,9.44,0.0088
v1|198542951493|0,Vintage Vinyl Album LP Lot Collection Live Comedy Marx Klein Carson Bruce Allen,4.99,0.0088
v1|158147086534|0,Elvis Presley Sings Hits From His Movies Vol 1 1972 RCA Records Shrink,4.00,0.0088
v1|398250915353|0,Tom Paxton-2 LP Lot Folk Music Morning Again-Six Vinyl Records,5.55,0.0088
v1|298554182866|0,Praises - The McClurg Family! LP Record Album 33 RPM Vinyl Records Gospel,9.02,0.0088
v1|307097569556|0,EVERLY BROTHERS - LOS EXITOS DE ORO VOL 1 - 1976 MEXICAN LP,19.99,0.0088
v1|318669373335|0,Elvis Presley lot 4 moody blue.burning love gold award hit 1&2 nbc .tv special,14.99,0.0088
v1|188737570205|0,"THE J. GEILS BAND ""LOVE STINKS"" 45 RPM",2.99,0.0088
v1|137578684267|0,45-The Righteous Brothers-You Lost That Lovin' Feelin'&There's A Woman -Philles,0.50,0.0087
v1|298560346363|0,Capital - 78 RPM - Margaret Whiting - IN LOVE IN VAIN / ALL THROUGH THE DAY #64,4.99,0.0087
v1|336718563693|0,Tall Paul -Annette & the Heartbeats 45 RPM 1959,4.00,0.0087
v1|147478975715|0,The Jimi Hendrix Experience Purple Haze/The Wind Cries Mary 45 RPM Rock Reprise,5.00,0.0087
v1|318668484001|0,Jimmy Hughes – It Ain't What You Got / Uncle Sam – Atlantic 45-2454 – Soul 45,39.99,0.0087
v1|307102497189|0,Prism - DON'T LET HIM KNOW/WINGS OF YOUR LOVE 45 Vinyl Record W/ Picture Sleeve,5.99,0.0087
v1|168571169361|0,Ted Taylor 1966 R&B 45 on Atco ~ Help the Bear ~ Hear,9.99,0.0086
v1|267745960655|0,The Association Greatest Hits (LP 1976 Warner Bros Records WS1767) ,2.05,0.0086
v1|137579085531|0,BILLY MIZE 45 SOLID SENDER B/W IT COULD HAPPEN VG DECCA 9-30271 ROCKABILLY PROMO,5.00,0.0086
v1|158129662144|0,Ronnie Cates 1962 Doo Wop 45 on Terrace ~ Long Time ~ Hear,9.99,0.0086
v1|267745952429|0,Elvis Presley lot 4 loving you flaming star from Presley boulevard blue Hawaii,10.99,0.0086
v1|366579810072|0,A&M Summer Spectacular In-Store Sampler Various Artists 1975 A&M Records SP-8330,2.95,0.0085
v1|158148326184|0,"The Fortunes ""You've Got Your Troubles / I've Gotta Go"" 7"" 45RPM Press 45-9773",1.29,0.0085
v1|117333473228|0,LITTLE BEAVER + FRANK WILLIAMS & ROCKETEERS - I FEEL MY LOVE/GIT IT - FUNK 45,79.95,0.0085
v1|267745750119|0,Tobacco Road Garage Rock I Like It Like That London Nashville Teens 45 rpm vinyl,3.00,0.0085
v1|298560346402|0,Capital -78 RPM - Paul Weston - I ONLY HAVE EYES FOR YOU / SO BEATS MY HEART #66,4.99,0.0085
v1|137559967082|0,UKRAINIAN ~ FOLK CHOIR  ~ USSR MELODIYA~ HEAR ~ 78 RPM  ~ X 6614,10.00,0.0085
v1|137578833116|0,George Michael I Want Your Sex & Wham I'm Your Man  Vinyl 7” 45 w sleeves,1.99,0.0084
v1|198542956080|0,Billie Holiday Vinyl Records Body & Soul 45 RPM Test Pressings Analogue Prod.,20.50,0.0084
v1|407115239836|0,"THE ARCHIES, CALENDER  LABEL #1007 45 RECORD W/ MINT PICTURE SLEEVE",3.49,0.0084
v1|227459214448|0,Lou Christie 45 RPM - Indian Lady / Glory River - Buddah BDA  192.  1970,2.81,0.0084
v1|257661826386|0,DICKY DOYLE ~ DREAMLAND LAST NIGHT ~ WYE ~ Original 1961 DOO WOP PROMO 45,8.00,0.0084
v1|298554460501|0,Lot of 45 Pop 45RPM Records-All Listed,15.00,0.0084
v1|236980165290|0,Pic Sleeve: Creedence Clearwater Revival: Looking Out My Back Door,3.50,0.0083
v1|327295034086|0,78 rpm Arthur Collins one-sided Columbia 3576 Fever’s On 1907,30.00,0.0083
v1|137579120495|0,"The WAILERS Mashi / On The Rocks 7"" 45 RPM Imperial 66045 1964 Garage Rock Surf",29.99,0.0083
v1|117338305487|0,Augustus Pablo Coconut Oil 7” 45 RPM (Techniques) EX!,9.99,0.0083
v1|407115624949|0,Elvis Presley 45 Gold Standard 447-0643 White Label Promo Crying in the Chapel,15.00,0.0082
v1|267745756180|0,Shawn Mullins Lullaby Adult Alternative Rock 1998 Columbia Label Ex 45 rpm vinyl,3.00,0.0082
v1|267745821910|0,"Bob Dylan & The Heartbreakers ""Band of the Hand"" Picture Sleeve 45 RPM ",4.00,0.0082
v1|257657655339|0,Meet the Beatles by The Beatles* -Album Cover Only-- No Record--,7.99,0.0081
v1|267745750574|0,Safaris Wipe Out Surf Rock 1963 MCA Records B - I'm A Hog For You 45 rpm vinyl,3.00,0.0081
v1|327292811960|0,"BEATLES ""ROCK N ROLL MUSIC"" CAPITOL-11537 VG+ 2-LP'S",9.99,0.0081
v1|168570259563|0,TURKISH ~ POPULAR ALATURKA ~ ABDULLA YUCE  ~ HEAR ~ 78 RPM  ~ X 6559,15.00,0.0081
v1|168570281676|0,JAVA ~ POPULAR ~ KRONTJONGBAND ~ HEAR ~ 78 RPM  ~ X 6514,15.00,0.0081
v1|128007652963|0,45 RPM-Elvis Kid Galahad EP Pic Slv-NO RECORD-I Got Lucky RCA 4371,2.75,0.0081
v1|267745820823|0,Brothers Johnson 1976 Picture Sleeve 45 RPM / I'll Be Good To You / The Devil,1.19,0.0081
v1|117336148820|0,78 RPM TEX WILLIAMS WESTERN SWING Lot Of 7 Records COUNTRY 1940s WESTERN CARAVAN,5.99,0.0081
v1|147480764963|0,"Peter Pan Records Scooby-Doo Mystery of the Ghost In The Doghouse 7"" 45 RPM",3.48,0.0080
v1|287493778917|0,COUNTRY WESTERN LOT OF 9 PICTURE SLEEVES ONLY + 7x 45RPM CHARLIE PRIDE WEBB FOLE,3.00,0.0080
v1|188734037414|0,Chuck Berry The Best Of The Best of Chuck Berry vinyl,10.00,0.0080
v1|158149724272|0,Elvis Presley Collectors' Series Limited Edition Set 45rpm records & pic sleeves,22.50,0.0080
v1|168583759614|0,"LIONEL RICHIE-PENNY LOVER/TELL ME--45 RPM-7""-MOTOWN 1762-VINYL-RECORD-PS-NM",4.00,0.0080
v1|147483902808|0,45rpm record collection ELVIS,12.00,0.0079
v1|377391728797|0,1960's  Teen 45  Joanie Sommers Johnny Get Angry,2.00,0.0079
v1|168584091170|0,Jermaine Stewart -We Don't Have to Take Our Clothes Off 45 RPM Record,3.99,0.0079
v1|168571169386|0,Rufus Beacham 1956 Doo Wop 45 on Chart ~ Don’t Say You Love Me ~ Hear,9.99,0.0078
v1|307102637529|0,Jukebox Lot of 25-45 RPM Records-Various Artists-Genres 50s-70s  LOT#13,9.98,0.0078
v1|318669125286|0,"The Time Jungle Love 7"" Black Vinyl 45 RPM Single Warner Bros. Record",3.00,0.0078
v1|137560132920|0,TURKISH OTTOMAN ~ HAFIZ BURHAN ~GREAT LAMENT  W. FIDDLE~ HEAR ~ 78 RPM  ~ X 6606,75.00,0.0078
v1|168571169371|0,Buddy Ace 1964 Soul 45 on Duke ~ It Makes You Want To Cry ~ Hear,9.99,0.0078
v1|366581988446|0,THE BEATLES Help! Original Motion Picture Soundtrack 1965 Capitol MAS-2386 READ,9.99,0.0077
v1|298560346303|0,Capital - 78 RPM - I FELL IN LOVE WITH YOU EV'RY DAY / SEEMS LIKE OLD TIMES #11,4.99,0.0077
v1|267745747372|0,The Happening Herb Alpert Tijuana Brass Latin Jazz VG+ A&M Records 1967 45 rpm,3.00,0.0077
v1|336722335261|0,Pic Sleeve: Herb Alpert & The Tijuana Brass: This Guy's In Love With You,3.50,0.0077
v1|298560346260|0,Capital - 78 RPM - Johnny Mercer - UGLY CHILE / MY SUGAR IS SO REFINED #14,4.99,0.0077
v1|287499610631|0,"John Schneider - Country Girls & The Time Of My Life  7"" 45 RPM Record",2.99,0.0077
v1|236980303324|0,Box of 99 Country 45's from the 50's & 60's,11.95,0.0077
v1|407115054209|0,Janis Joplin's Greatest Hits Lp,8.99,0.0077
v1|178363070445|0,Raw WV Country / Bopper 45 DOC WILLIAMS Daddys Little / My Home WHEELING hear EX,5.00,0.0077
v1|358876745246|0,"Kas 45 RPM Record,Bill Fleisher,Perrt County USA, The Arizona Yodel VG ",0.50,0.0077
v1|188726497747|0,IN Reverb Teen Country Rockabilly 45 DICK McCOY You / Everythings MIDWESTERN ~,5.00,0.0077
v1|377391715817|0,1970's  Rock 45 with picture sleeve  Jefferson Starship  Runaway,3.00,0.0077
v1|377391615678|0,Roadhouse Band  Your Fool 45,5.00,0.0076
v1|168584143654|0,The Best Of 66 Volume 2 LP Columbia AB 1,1.00,0.0076
v1|158154622603|0,ELLI SAINT-JAMES-RARE PICTURE SLEEVE+45-(WHO WOULD REMEMBER/WISH ME A RAINBOW)PS,135.00,0.0076
v1|327287446866|0,THE BEST OF SAM COOKE VOL. 2 - RCA LSP-3373- SEALED,10.46,0.0076
v1|137578870594|0,Exile 45 Rpm (Crazy For Your Love / Just in case),2.00,0.0076
v1|137560432516|0,ARGENTINA ~ IMPERIO / CONCHITA MARTINEZ  ~ HEAR ~ 78 RPM  ~ X 6573,20.00,0.0076
v1|407115393117|0,Hear 1966 Al (the King) Hirt DJ EX 45 Green Hornet Theme / Strawberry Jam,14.99,0.0076
v1|168583789294|0,"Bruce Springsteen-Fade Away/Be True-45 RPM-7""Columbia 11-11431-vinyl-record-NM-",5.00,0.0076
v1|158147590231|0,"Lot Of 5 Disney 45 RPM Records: Song Of The South. Snow White, Cinderella",4.99,0.0075
v1|188733380500|0,ELTON JOHN  I'm Still Standing / Kiss The Bride 45 Vintage Vinyl Single Rock Pia,4.00,0.0075
v1|227460627718|0,"TEEN POP CONNIE HOLIDAY ON SMASH  LABEL 45 RPM  7"" RECORD",2.31,0.0075
v1|147479248576|0,ELVIS PRESLEY 45 47-8041 SHE’S NOT YOU/JUST TELL HER JIM SAID HELLO NMMT/NM NICE,20.50,0.0075
v1|117337220513|0,78 RPM FLOYD TILLMAN WESTERN SWING HONKY TONK Lot of 5 Records COUNTRY 1940s,4.99,0.0075
v1|800450073155|0,"vintage lot of 43 records 45's with adapters & Case Beatles, MonkeesPeter Pan &",29.99,0.0075
v1|298560346375|0,RCA Victor 78 RPM - MY LILY AND MY ROSE / IT ISN'T FAIR #12,4.99,0.0074
v1|358876828740|0,"Mötley Crüe - Smokin' in the Boys Room Elektra 7"" 45 RPM Vinyl 7-69623",4.05,0.0074
v1|188733352740|0,45 RECORD - PAUL ANKA - YOU ARE MY DESTINY Vintage Vinyl Single Pop A-Side B Sid,3.00,0.0074
v1|366582291148|0,R.E.M.-Can't Get There From Here-45/PS,4.99,0.0074
v1|267745377126|0,Wholesale box lot of over 500 45 RPM records,76.00,0.0074
v1|168569589582|0,AZERI AZERBAIJAN ~ TRAD. FOLK W. TAR FIDDLE & VOCAL  ~ HEAR ~ 78 RPM  ~ X 6594,125.00,0.0074
v1|336726314843|0,FRANKIE LYMON -I WANT YOU TO BE MY GIRL b/w OUT IN THE COLD AGAIN- 45 RPM,2.50,0.0074
v1|227459223565|0,Betty Johnson 45 RPM - I Dreamed / If It's Wrong To Love You - Bally 7-1020 1956,0.49,0.0073
v1|117336877555|0,Lot of 45 RPM Records Mostly Crooners 1950s + Apollo 11 Commemorative 1969,8.99,0.0073
v1|168584099019|0,Bob Seger - Old Time Rock & Roll/Sunspot Baby 45 RPM Record,3.99,0.0073
v1|188737570212|0,"THE DAVE CLARK FIVE ""EVERYBODY KNOWS (I STILL LOVE YOU"" 45 PS",2.99,0.0073
v1|188733436484|0,Elton John I'm Still Standing/Love So Cold GEFFEN Records 45 Vintage Vinyl Recor,5.00,0.0073
v1|168569487040|0,GREEK REMBETIKA ~ K. ROUKOUNAS / MANES ~ W. FIDDLE ~ HEAR ~ 78 RPM  ~ X 6584,100.00,0.0073
v1|336722076722|0,"BILLY CRYSTAL ""YOU LOOK MARVELOUS"" 45 1985",4.99,0.0073
v1|168571169377|0,The Exports 1965 Rock n Roll 45 on King ~ Mustang 65 ~ Hear,9.99,0.0072
v1|168570254853|0,ROMANIAN ~ FOLK TUNE ~ ALEX GROZUTA ~ HEAR ~ 78 RPM  ~ X 6556,15.00,0.0072
v1|188733588309|0,Vintage Slim Whitman Secret Love / Why Imperial Records 8223 Country 78 RPM,5.00,0.0072
v1|227460630335|0,"PROMO NOVELTY RAY STEVENS ON MERCURY LABEL 45 RPM  7"" RECORD",1.00,0.0072
v1|287499649185|0,Dwight Yoakam LITTLE SISTER 1987 Reprise 45 Record W/ Picture Sleeve & Jukebox,4.99,0.0072
v1|307104621840|0,1950's  Rock 'n' Roll 45  Frankie Lymon  Goody Goody,3.00,0.0072
v1|168585489992|0,"Earth, Wind & Fire-Devotion/Uncool-45 RPM-7""-single-soul-vinyl-Columbia 10026-",5.00,0.0072
v1|267745899061|0,THE WHO Who's Next LP MCA Records MCA-2023,8.95,0.0071
v1|267745710612|0,Beach Boys Surfin Surfari/409 45 and Picture Sleeve,5.99,0.0071
v1|318669113174|0,Kavetts– I've Got A Story To Tell You / Stay With Me Monster Soul 45,899.99,0.0071
v1|137578792956|0,David Bowie Narrates Prokofiev’s Peter and the Wolf RCA ARL-2743 Red Seal Vinyl,22.00,0.0071
v1|407115058115|0,The Byrds Greatest Hits Lp,6.99,0.0071
v1|168569514362|0,RUSSIAN ~ GYPSY VOCALIST ~  Tamara Tsereteli  ~  ~ HEAR ~ 78 RPM  ~ X 6586,20.00,0.0070
v1|336717453506|0,"20 records 45 rpm reissues Marty Robbins, Union Gap, Aretha, The Drifters PP&M",9.49,0.0070
v1|358879220960|0,1962 VINTAGE COLUMBIA RECORDS THELONIUS MONKS GREATEST HITS VINYL LP,9.99,0.0070
v1|158154166842|0,Billy Idol Sweet Sixteen and Beyond Belief 45 rpm vinyl record,2.00,0.0070
v1|407115625192|0,Elvis Presley 45 Gold Standard 447-0618 All Shook Up P/S & W/L Promo,75.00,0.0070
v1|366581668312|0,"THE FALCONS, UNITED ARTISTS LABEL #255 45 RECORD",3.99,0.0070
v1|377389372358|0,Elvis - Loving You Vol II 45 Extended Play with original jacket,9.00,0.0070
v1|800450820408|0,Michael Jackson 45 Lot of 6  - Thriller / Human Nature/Beat It/Billie Jean VG+,10.99,0.0069
v1|267745775168|0,RARE VINTAGE VINYL RCA VICTOR Elvis Presley 45 rpm records sleeves BLUES ROCK,5.00,0.0069
v1|168589718322|0,The Goonies vinyl record collection 45 33 soundtrack demo dance Single cyndi ,59.00,0.0069
v1|147472783894|0,Pole Position Vol 3 1985 Italy RCA ZL 34359 Various Artists Vinyl LP Record - NR,3.00,0.0069
v1|336727877691|0,Lot of Twenty Five Rock & Roll 45s  50's and early 60's  Ricky Nelson; Elvis,15.99,0.0069
v1|267745701641|0,"5 1950s 45rpm Hits by Frank De Vol, Fats Domino, D. Reynolds, P. Boone, F. Laine",3.83,0.0069
v1|407103059037|0,Beatles 45 rpm VEE-JAY White Label Promo. VJ-522 From Me to You / Thank you Girl,306.00,0.0068
v1|358876443422|0,RAY PARKS 45RPM '56 CAPITOL YOU'RE GONNA HAVE TO BALL THAT'S ALL COUNTRY BOPPER,9.99,0.0068
v1|307102463758|0,"The Human League- Don't You Want Me 1981 Orginal 7"" 45 Rpm W/Picture Sleeve",5.99,0.0068
v1|336722335290|0,Pic Sleeve: Anita Baker: Giving You The Best That I Got,3.50,0.0067
v1|407105249398|0,Beatles 45 rpm. ATCO 6308. White label Promo. Ain't She Sweet / Sweet Georgia,25.00,0.0067
v1|178363070446|0,Melodic 50s Girl Rockabilly Country Bop 45 GOLDIE HILL Treat Me Kind DECCA hear,4.50,0.0067
v1|298554496446|0,"Lot of 5 Voco Children's Picture Records 1948 6 3/4"" 78 RPM 507, 8, 9, 10, 12",12.95,0.0067
v1|137560002533|0,COLUMBIAN ~ Julio Garcia  ~ VICTOR 46113 ~ HEAR ~ 78 RPM  ~ X 6597,20.00,0.0066
v1|168584094165|0,The Beatles – Four By The Beatles EAP-1-2121 Scranton Pressing,60.00,0.0066
v1|117338305072|0,Delroy Williams Idren Feel Nice 7” 45 RPM (Message) EX!,9.99,0.0065
v1|366581874737|0,The Beatles Introducing The Beatles 1964 Authentic Black Label VJ Vinyl LP,30.00,0.0064
v1|336722645689|0,16x Country LP Record Lot Mixed Grade Country Cramer Floyd Buck,8.00,0.0064
v1|168588944076|0,DIANA DARRIN-RARE ACTRESS/SINGER PICTURE SLEEVE + 45-(LITTLE GUN.LITTLE ME)--PS-,199.99,0.0064
v1|117337131925|0,S-Express Theme From S-Express/the Trip 45 Vinyl Record with Picture Sleeve,5.00,0.0064
v1|267745822818|0,Billy Idol (2) Lot 45 RPM Picture Sleeves 7-in Vinyl records *Rebel Yell PROMO*,6.28,0.0064
v1|178376066226|0,"7x 45 RPM Vinyl Motown R&B 60s 70s Vintage Lot  Supremes, Jackson 5, 4tops Other",0.99,0.0063
v1|287499670733|0,Pablo Cruise - Whatcha Gonna Do? & Atlanta June 45 RPM Record W/ Picture Sleeve,2.69,0.0063
v1|800451733895|0,Wings Greatest Hits LP Vinyl Record 1978 Paul McCartney Capitol SOO-11905,7.99,0.0063
v1|298554459202|0,Lot of 14   George Jones Country 45RPM Records-,4.99,0.0063
v1|366581749863|0,"RONNIE & THE DIRT RIDERS, RCA LABEL #10651 ONLY ROCK 45 RECORD",3.99,0.0063
v1|198542405141|0,Herb Alpert And The Tijuana Brass Greatest Hits Album ,9.99,0.0062
v1|158154921134|0,33 LP RPM Vinyl Record Simon and Garfunkel GREATEST HITS Columbia # PC 31350 ,6.00,0.0062
v1|227459370715|0,Asia 45 Record Don't Cry Picture Sleeve 1983,3.25,0.0062
v1|366581469213|0,HEAR - Rare Country 45 - Don Ray - I'm Gonna Make A Record - Turret # T 301,9.99,0.0062
v1|128009007768|0,"Merle Haggard I Think It's Gone Forever MCA 7"" Black Vinyl 45 RPM MCA-40700",1.28,0.0062
v1|227453590642|0,LP SKA / THE BEST OF DON DRUMMOND / STUDIO ONE,10.50,0.0062
v1|366581578812|0,Barry & The Tamerlanes 45 RPM - I Wonder What She's Doing Tonight - Valiant 1963,0.49,0.0061
v1|188726497743|0,Twangy Honky Tonk / Country Rocker 45 JIM STEPP I'd Cry A Million STARR OH hear,5.00,0.0061
v1|158154963066|0,Cher LP Vinyl 33 RPM Record Album Cher Greatest Hits ,4.00,0.0061
v1|800450136749|0,"The Beatles - Hey Jude / Revolution Vintage 7"" Vinyl 45 RPM Record Single 1968",3.25,0.0060
v1|407105117884|0,Beatles 45 rpm. VEE JAY-587. Do you want to know a secret. VJ-587. With P/S,25.00,0.0060
v1|158154950778|0,33 LP RPM Vinyl Record Steve Miller Band GREATEST HITS 1974-78 Capitol # SO-1187,7.00,0.0060
v1|287499154728|0,45 RPM TOMMY ROE HOORAY FOR HAZEL - ABC RECORDS 45-10842 - 1966 TESTED,3.00,0.0060
v1|158147400581|0,Two Monkeys 45 RPM Vinyl Records I'm a Believer Pleasant Valley Sunday,2.00,0.0060
v1|336722316726|0,"Paul Simon Greatest Hits, Etc. vinyl record album LP JC 35032 1977",5.00,0.0060
v1|307104110948|0,"DOO WOP 7"" 45 RPM THE CUBS WHY DID YOU MAKE ME CRY ON SAVOY G+/VG 1956 PLAY TEST",9.95,0.0060
v1|307102706773|0,FRANK DEVOL AND HIS ORCHESTRA FABULOUS HOLLYWOOD VINYL LP RECORD ALBUM,2.86,0.0060
v1|298555931470|0,"Vintage Peter Pan Records ""Monster Mash"" 45 RPM #1480 W/ 4 Songs",8.00,0.0060
v1|407103121210|0,Beatles 45 rpm 1982 Promo. Movie Medley / Fab four on Film. With P/S,5.00,0.0060
v1|298553770580|0,"Pre-War Lot Of 4 Country 78 RPM- Jimmie Rodgers, Carter Family, Others (G to V)",26.00,0.0059
v1|407115625757|0,Elvis Presley 45 Gold Standard 447-0647 Blue Christmas P/S & White Label Promo,30.00,0.0059
v1|168583690204|0,"Duran Duran Harvest 7"" 45 RPM Vinyl Single Hungry Like the Wolf B-5195 1982",2.36,0.0059
v1|168585861964|0,Chaka Khan - I Feel For You/Through the Fire 45 RPM Record,3.99,0.0059
v1|198535718033|0,"SSgt BARRY SADLER The ""A"" Team / An Empty Glass 45 RPM 7"" Record RCA Victor 1966",3.99,0.0059
v1|327292237414|0,Genesis 45 Record Man On The Corner Picture Sleeve 1982￼,2.25,0.0058
v1|358876846433|0,"Peter Gabriel - Sledgehammer Geffen 7"" Black Vinyl 45 RPM Record Single",3.60,0.0058
v1|336718247221|0,Elvis Presley Boot EP from the 70's on the Vegas label with Picture Sleeve,12.99,0.0058
v1|278243822043|0,"WLP TEEN POP LARRY ELLIS ON SWAN  LABEL 45 RPM  7"" RECORD",1.00,0.0058
v1|137563041211|0,RUSSIAN ~ GYPSY BAND ~ SAMOSSADE ~ HEAR ~ 78 RPM  ~ X 6511,10.00,0.0058
v1|358875520745|0,"Country Vinyl LP Record Lot 12"" Black Columbia Greatest Hits Norma Jean +",6.00,0.0057
v1|267745776952|0,Bill Wyman Rolling Stones In Another Land/The Lantern 45 and Picture Sleeve,49.99,0.0057
v1|168585498635|0,JOHN WILLIAMS-CLOSE ENCOUNTERS-45 RPM-SOUNDTRACK-PS-VINYL-RECORD-ARISTA AS0300-,5.75,0.0057
v1|800435459894|0,100+ Vintage Vinyl LP Record Collection Lot Led Zeppelin Beatles And Many More,325.00,0.0057
v1|267745755597|0,Shad O' Shea Thanks For The Ride Comedy 1979 Fraternity Label Excellent 45 rpm,5.00,0.0057
v1|158148327282|0,"The Righteous Brothers 7"" 45 RPM Vinyl Single Philles 124 Lost Lovin' Feelin'",2.41,0.0057
v1|178368401020|0,"The Best of '66 Volumne Two LP Album-Bennett,Conniff,Faith,Gorme,Goulet,Williams",4.99,0.0057
v1|206458224129|0,Hear BOB DYLAN I Want You 1966 COLUMBIA 45 w Picture Sleeve VG/VG+ Play Tested,19.00,0.0056
v1|178367748757|0,"BOBBY DARIN MACK THE KNIFE 7"" 45 rpm RECORD ATCO 45-6147",2.00,0.0056
v1|137579735742|0,ELVIS PRESLEY 45 47-6870 ALL SHOOK UP/THAT’S WHEN YOUR HEARTACHES BEGIN NMMT/NM,58.00,0.0056
v1|267743604677|0,UNISSUED 10” COUNTRY AUDITION DEMO 78 How Could You Say / My Jealous Heart HEAR,25.00,0.0056
v1|267745994649|0,"Donna Summer Greatest Hits: On the Radio Vol I & II 12"" Vinyl LP Casablanca",13.00,0.0056
v1|168571169375|0,Kripp Johnson 1957 Doo Wop 45 on Fee Bee ~ Willette ~ Hear,9.99,0.0055
v1|147480684709|0,"Peter Pan Records Three Little Kittens Jack Arthur 7"" 78 RPM Vinyl Sleeve",3.20,0.0055
v1|168572214899|0,BLUES ~ LONNIE JOHNSON ~ SOLO GUITAR OKEH 8558 ~ HEAR ~ 78 RPM  ~ X 6513,40.00,0.0055
v1|398244923667|0,Percy Wiggins BOOK OF MEMORIES/CAN'T FIND NOBODY 45 rpm ATCO records,39.80,0.0054
v1|358878322087|0,Billy Joel - Greatest Hits Vol 1 & 2 2-LP (1985) Gold Stamp Promo,60.00,0.0054
v1|407115397159|0,"Hear 1969 Cliff Jackson / Jellean Delk w/Naturals Blues DJ 45- Frank, This is It",14.99,0.0054
v1|178363070461|0,Hot Bluegrass 45 JIMMY MARTIN Sunny Side / 20-20 Vision DECCA hear SAMPLE NM,5.00,0.0054
v1|298554494636|0,"Lot of 5 Voco Children's Picture Records 1948 6 3/4"" 78 RPM 501, 2, 4, 5, & 6",12.95,0.0054
v1|407122222588|0,45 RPM Johnny Paycheck LD 0020 Jukebox Charlie / Something in your World M-,3.00,0.0054
v1|178368553715|0,"Capital 45 RPM 4 Record Set, Rodgers And Hammersteins,Oklahoma Soundtrack VG ",1.00,0.0054
v1|336722111823|0,Simon & Garfunkel 7-inch 45 RPM Singles (Lot of 5),8.00,0.0054
v1|188726497700|0,Superb Melodic Country 45 CARL BUTLER & PEARL Who'll Be /Loving COLUMBIA EX NM,6.00,0.0054
v1|358876799609|0,"Jermaine Jackson - (Closest Thing To) Perfect Arista 7"" 45 RPM Vinyl Single",1.67,0.0054
v1|358876799609|0,"Jermaine Jackson - (Closest Thing To) Perfect Arista 7"" 45 RPM Vinyl Single",1.67,0.0054
v1|327293460038|0,Neil Diamond SIGNED Love On The Rocks 45 sleeve (includes 45) w/COA,39.99,0.0053
v1|257623316523|0,Columbia 14222D Barbecue Bob MISS HEAVY WATER  Country  BLUES 78 rpm HEAR  1927,50.00,0.0053
v1|137559434600|0,MEXICAN TEJANO ~ HERMANAS PADILLA ~ COLUMBIA 6178 ~ HEAR ~ 78 RPM  ~ X 6590,35.00,0.0053
v1|137559469245|0,MEXICAN TEJANO ~ HERMANAS PADILLA ~ COLUMBIA 6161  ~ HEAR ~ 78 RPM  ~ X 6593,35.00,0.0053
v1|407115253225|0,"Lot of 4 George jones LPs - Special Guests, Whos Gonna, Greatest Hits & Lonesome",24.95,0.0053
v1|278231782376|0,Neil Diamond Vintage 45 rpm. 1972 Song Sung Blue,1.50,0.0053
v1|198542723134|0,"TURKISH 78 Columbia E3065 1917 Karekin Proodian ""Iprev ardziv""",6.72,0.0053
v1|336722103556|0,YMO You’ve Got To Help Yourself 45 Yellow Magic Orchestra Y.M.O. 1983,4.99,0.0053
v1|318669284714|0,Elvis Presley lot 2 Christmas album . The wonderful world of Christmas,10.99,0.0052
v1|267745745112|0,Ray Stevens The Streak - Comedy Country 1974 Barnaby Label VG+ 45 rpm vinyl,5.00,0.0052
v1|366582321320|0,Lot Of 10 Peter Pan Children’s Records 45 RPM Stories & More,4.99,0.0051
v1|377389593299|0,15 Classic Rock Vinyl LP Lot Led Zeppelin Police Who McCartney Beck Cream Zevon,77.99,0.0051
v1|137579236835|0,"Various Artists 7"" 45 RPM Vinyl Singles Lot w/ Paper Sleeves Rock/Pop Stereo",9.00,0.0051
v1|137563060683|0,TURKISH ~ SAZ & VOCAL FOLK ~ BAYRAM ARACI  ~ HEAR ~ 78 RPM  ~ X 6509,30.00,0.0051
v1|407115124790|0,"ELVIS PRESLEY, RCA LABEL #7506 45 RECORD W/PICTURE SLEEVE, ORIGINAL 1959",7.99,0.0051
v1|287499670769|0,Chuck Mangione - Give It All You Got & B'Bye 45 Record 1979 A&M,2.49,0.0051
v1|287493778913|0,TRADITIONAL CHRISTMAS MUSIC LOT # 4 - 45 RPM RECORDS - PERRY COMO - CARPENTERS,20.00,0.0051
v1|137560080844|0,GREEK ~ POP ~ TZIMI MAKOULI ~ HEAR ~ 78 RPM  ~ X 6603,10.00,0.0050
v1|168571169348|0,James Carr 1966 Deep Soul 45 on Goldwax ~ You’ve Got My Mind Messed Up ~ Hear,9.99,0.0050
v1|137563005185|0,GREEK ~ REMBETIKA ~ PAPAGIKAS ~ EARLY RECORDING  ~ HEAR ~ 78 RPM  ~ X 6552,35.00,0.0050
v1|298553815190|0,"Morrissey Alma Matters 7"" 45 RPM Vinyl Single 1997 HMV S 14 7567 6 IS 667-A",15.00,0.0050
v1|318669282060|0,ELVIS Presley lot 2 Elvis country. Sings to for children and grown ups,12.99,0.0050
v1|366581692358|0,"Elton John Daniel / Skyline Pigeon 7"" 45 RPM Vinyl Single MCA-40046 1972 vintage",3.00,0.0050
v1|168570185063|0,GREEK REMBETIKA ~ KALDAR / TSAOUSALPEARIA GRILLA~ HEAR ~ 78 RPM  ~ X 6568,65.00,0.0050
v1|168569544285|0,GREEK REMBETIKA ~ CHRYSAFAKI ZEBEK ~ HEAR ~ 78 RPM  ~ X 6588,61.00,0.0050
v1|137559432249|0,GREEK REMBETIKA ~ ARBATZOGLOU / BAIANTERAS ~ HEAR ~ 78 RPM  ~ X 6589,30.00,0.0050
v1|137566252221|0,GREEK ~ KALAMATIAN / MONTELIDIS  ~ HEAR ~ 78 RPM  ~ X 6620,25.00,0.0050
v1|137559419823|0,GREEK REMBETIKA ~ TSITSANIS / TSAOUSIKOS NINOU ~ HEAR ~ 78 RPM  ~ X 6587,25.00,0.0050
v1|168572192748|0,GREEK ~ REMBETIKA ~ GEORGAKOPOULOU / MITSAKIS ~ HEAR ~ 78 RPM  ~ X 6490,20.00,0.0050
v1|137560123823|0,GREEK ~ REMBETIKA ~ KYRIAZIS / TZIVANIS  ~ HEAR ~ 78 RPM  ~ X 6604,20.00,0.0050
v1|168572195224|0,GREEK ~ REMBETIKA ~ ATKISH ?  ~ HEAR ~ 78 RPM  ~ X 6502,15.00,0.0050
v1|128007719734|0,VARIOUS ARTISTS:Country Music Hits RCA CAS 689 LP 1962 G+/G,0.99,0.0049
v1|178363070462|0,50s Rockabilly Country Bop 45 HANK THOMPSON A Six Pack To Go CAPITOL hear VG++,5.00,0.0049
v1|267745821721|0,ELECTRIC LIGHT ORCHESTRA (ELO) STRANGE MAGIC 1975 Picture Sleeve 45 RPM ,2.80,0.0049
v1|366581572661|0,Bobby & His Orbits 45 RPM - Felicia / Bandstand Dancing - Seeco  45-6005. 1959,0.49,0.0049
v1|128007588440|0,Bob Dylan's Greatest Hits Vol. II VG+/VG+ 2 LPs,9.99,0.0049
v1|287499654363|0,"Michael Jackson – Don't Stop 'Til You Get Enough & I Can't Help, 45 RPM Record",2.99,0.0049
v1|366581619081|0,"Guayacan Orquesta 45 RPM (VG+), Invierno En Primavera, Amor A Cuentagotas",4.99,0.0049
v1|407115625039|0,Elvis Presley 45 Gold Standard 447-0602 Good Rockin Tonight P/S & W/L Promo,75.00,0.0049
v1|298554498742|0,"Lot of 5 Voco Children's picture Records 1948 6 3/4"" 78 RPM 513, 15, 19, 20, 22",12.95,0.0048
v1|407115051268|0,1956 HARRY BELEFONTE BANANA BOAT STAR-O 78 RPM Record SHELLAC RCA 20-6771,18.99,0.0048
v1|188733383408|0,"Men At Work Down Under / Crazy 7"" 45 RPM Vinyl Single Columbia 38-03303 Poor Use",1.11,0.0048
v1|188737570224|0,"RICK DEES ""EAT MY SHORTS"" 45 PS",2.99,0.0047
v1|358879012277|0,"King Crimson	Heartbeat	 7-29964	Warner Bros. Records	7"", 45 RPM, Promo",5.99,0.0047
v1|117337193584|0,Columbia Billy Joel 45 Record Single Lot Collection 4 Longest Time Christie Lee,9.99,0.0047
v1|178367691209|0,"GARY LEWIS AND THE PLAYBOYS SHE'S JUST MY STYLE 7"" 45 rpm RECORD LIBERTY 55846",2.00,0.0047
v1|117337219063|0,78 RPM JIMMY WAKELY LOT of 8 Records SINGING COWBOY COUNTRY 1930s 1940s 1950s,5.99,0.0047
v1|168584217520|0,Simon and Garfunkel -Mrs. Robinson/Old Friends Bookends - 45 RPM Record,3.99,0.0046
v1|168558794730|0,"The Oak Ridge Boys ""Greatest Hits"" MCA Records 33 RPM LP (1980)",7.00,0.0046
v1|407105174600|0,Beatles 45 rpm. TOLLIE T-9001 Twist and Shout / There's a Place,40.00,0.0045
v1|407105169263|0,Beatles 45 rpm. TOLLIE T-9001 Twist and Shout / There's a Place,35.00,0.0045
v1|137567557102|0,vintage The Monkees 45 Single Vinyl Record Collection LOT,9.95,0.0045
v1|298556487534|0,"Bob Dylan ""Greatest Hits"" LP (1967)",9.99,0.0045
v1|398242859652|0,frank sinatra greatest hits vinyl lp,5.70,0.0045
v1|398242859652|0,frank sinatra greatest hits vinyl lp,5.70,0.0045
v1|257649799816|0,R. D. Burman – WARRANT / KAALA SONA Soundtrack ECLP 5445 BOLLYWOOD,100.00,0.0044
v1|318678468428|0,CAPITOL RECORDS - FRANK SINATRA - WITHCRAFT & TELL HER YOU LOVE HER 45 RECORD,4.99,0.0044
v1|168583654868|0,The Beatles-Paperback Writer/Rain-45 RPM-pop-rock-Capitol 5651-vinyl-record-VG+,9.50,0.0044
v1|168584171098|0,Rick Springfield - Love is Alright Tonight/Everybody's Girl - 45 RPM Record,3.99,0.0044
v1|307099773390|0,"Prince Pop Life Single Picture Sleeve  7"" Vinyl 45 RPM Paisley Park 1985",9.99,0.0044
v1|168569443370|0,TURKISH OTTOMAN ~ VILLAGE FOLK INSTRUMENTAL   ~ HEAR ~ 78 RPM  ~ X 6577,25.00,0.0044
v1|137578829970|0,Donna Summer (Mac Arthur Park / Once Upon a Time) 45 rpm Vinyl Record,3.00,0.0044
v1|267745797858|0,Elvis Presley (It’s A) Long Lonely Highway - I’m Yours 45 PS ONLY RCA 47-8657 VG,5.99,0.0043
v1|206460609895|0,Hank Williams Hank Williams' Greatest Hits MGM E3918/SE3918 Stereo Vinyl LP,3.78,0.0043
v1|287499610637|0,The Fortunes - You've Got Your Troubles & Here It Comes Again London Reissue 45,2.99,0.0043
v1|227460628988|0,"TEEN POP JOHNNY MERSIN ON HALL WAY LABEL 45 RPM  7"" RECORD",3.77,0.0043
v1|407115083096|0,"ELVIS PRESLEY, RCA LABEL #8585 45 RECORD W/PICTURE SLEEVE, ORIGINAL 1965",8.99,0.0043
v1|407115079318|0,"ELVIS PRESLEY, RCA LABEL #0650 45 RECORD W/PICTURE SLEEVE, ORIGINAL 1965",7.99,0.0043
v1|398250201329|0,Billy Joel - Greatest Hits Volume I & II | 2LP | Classic Piano Rock Anthology,35.00,0.0043
v1|298554240774|0,6 Diff 45 RPM Vinyl Records- American Pie- Elvis- At The Hop- Little Richard-etc,11.11,0.0043
v1|188733349804|0,The Beatles Day Tripper & We Can Work It Out 45 RPM Capitol Record Single Vinyl!,5.00,0.0043
v1|198542447679|0,Dick Clark~All-Time Hits--Volume 3~1958 45 rpm EP~no label name or number,0.99,0.0042
v1|307099769858|0,"Prince Raspberry Beret Single Picture Sleeve 45 RPM 7"" Vinyl 1985 Paisley Park",9.99,0.0042
v1|178368520545|0,"Columbia 45 RPM 4 Record Set, Martin Pinza, South Pacific Broadway, VG ",1.00,0.0042
v1|147474415044|0,THE BEATLES TWIST AND SHOUT TOLLIE BOX T-9001 VG GLOSSY 45 (HEAR!),24.99,0.0042
v1|407115093175|0,"ELVIS PRESLEY, RCA LABEL #7810 45 RECORD W/PICTURE SLEEVE, ORIGINAL 1960",7.99,0.0042
v1|117338304771|0,Augustus Pablo Prince Jazzbo Triblies A Boy 7” 45 RPM (Monicas) EX!,9.99,0.0041
v1|137559998233|0,GEORGIAN ~  CLASSICAL KHURODZE ~ USSR ~ HEAR ~ 78 RPM  ~ X 6617,30.00,0.0041
v1|278247583030|0,"Elvis Presley Elvis Country (I'm 10,000 Years Old) 12"" Vinyl LP",19.99,0.0041
v1|137560316656|0,SERBIAN ~ Sofka Nikolić TOP ! TRAD. GYPSY BAND & VOCAL ~ HEAR ~ 78 RPM  ~ X 6553,150.00,0.0041
v1|117336898676|0,MC5 vintage 45 vinyl record single Black to Comm picture sleeve rock & roll,9.00,0.0041
v1|358800885159|0,Columbia 16112-F Mahanojaus Lietuviska  Orch 78 rpm EE- Lithuanian HEAR 1927,20.00,0.0040
v1|257657745434|0,CREEDENCE CLEARWATER REVIVAL GREATEST HITS 3 LP Warner Silver Eagle OP-3514,29.95,0.0040
v1|407115238006|0,"THE HUBCAPS, KING'S RECORDS #0720 45 RECORD",2.99,0.0039
v1|168570210693|0,MEXICAN ~ GONXALO ~ TRAD. FOLK ~ HEAR ~ 78 RPM  ~ X 6570,35.00,0.0039
v1|168570210693|0,MEXICAN ~ GONXALO ~ TRAD. FOLK ~ HEAR ~ 78 RPM  ~ X 6570,35.00,0.0039
v1|278243772788|0,"CALIFORNIA COUNTRY TOMMY DEE ON CREST LABEL 45 RPM  7"" RECORD",1.00,0.0038
v1|287499544236|0,"Neil Diamond - Neil Diamond's ""Greatest Hits"" LP",4.79,0.0038
v1|800454048104|0,Rock & Roll    Elvis Presley,20.00,0.0038
v1|137560463086|0,TURKISH ~ POP ALATURKA ~ FERHA KINALI ~ HEAR ~ 78 RPM  ~ X 6557,15.00,0.0038
v1|128004015603|0,"The Beatles ""Yesterday/ Act Naturally""...Capital records #5498-45 RPM Vinyl",10.00,0.0037
v1|278243777047|0,"TEXAS  COUNTRY JOE PAUL NICHOLS ON SHOWBOY LABEL 45 RPM  7"" RECORD",1.00,0.0037
v1|188726497721|0,Melodic CA Country Bop Rockabilly 45 BILL MARSHALL That Special One 3 H'S hear,8.00,0.0037
v1|398243102521|0," VTG Mix Vinyl Records 45 RPM 7"" Lot of 16",7.99,0.0037
v1|278231828476|0,Jackson Five Vintage 1970 45 rpm Vinyl Records 2 Records.,2.00,0.0037
v1|287499808786|0,The Peter Pan Players and Orchestra Record The Best Walt Disney 8053 Vintage,8.99,0.0036
v1|137578808712|0,"Sam Cooke - Farewell, My Darling & Cupid - RCA Victor 45 RPM  1961",2.00,0.0036
v1|128007308461|0,the souths greatest hits various artist 33 rpm record lp/very good,4.50,0.0036
v1|407115116520|0,"ELVIS PRESLEY, RCA LABEL #7150 45 RECORD W/PICTURE SLEEVE, ORIGINAL 1958",7.99,0.0036
v1|278241727414|0,"Beatles 45 1967 Hello Goodbye with EX Pic Sleeve, NM Tough Decca Consigned 45!",40.00,0.0035
v1|188737570206|0,"TERRI GIBBS ""SOMEBODY'S KNOCKIN' "" 45 RPM",2.99,0.0035
v1|137560194948|0,FRENCH ~ ACCORDEON SOLO ~ TEDESCHI ~ HEAR ~ 78 RPM  ~ X 6564,20.00,0.0035
v1|227460601210|0,"WLP TENNESSEE COUNTRY ORANGIE HUBBARD ON VOLUNTEER  LABEL 45 RPM  7"" RECORD",1.00,0.0035
v1|168569448173|0,ROMANIAN ~ TRAD. CYMBAL ~ NITZA COLDOLBAN  ~ HEAR ~ 78 RPM  ~ X 6579,75.00,0.0035
v1|137560434068|0,TURKISH ~ ALATURKA MAHMURE SENSES  ~ HEAR ~ 78 RPM  ~ X 6574,25.00,0.0035
v1|267745820500|0,CCR Run Through The Jungle 45 RPM Picture Sleeve Creedence Clearwater Revival,1.79,0.0034
v1|267745821061|0,Procol Harum 1972 Picture Sleeve 45 RPM Conquistador / Salty Dog,2.81,0.0032
v1|147472080716|0,vintage The Beach Boys 45 Single Vinyl Record Collection LOT,9.95,0.0031
v1|227460616162|0,"COUNTRY VIETNAM MARILYN GOULD ON P.O.W.   LABEL 45 RPM  7"" RECORD",1.25,0.0031
v1|336722522585|0,Y.M.O Kageki Na Shukujo / Radical Lady 45 Record Yellow Magic Orchestra 1983,9.99,0.0031
v1|227460580686|0,"ROCKABILLY JUDY FAYE ON RCA VICTOR  LABEL 45 RPM  7"" RECORD",3.00,0.0030
v1|168584138571|0,Carly Simon -Coming Around Again/Itsy Bitsy Spider - 45 RPM Record,3.99,0.0030
v1|158154160191|0,Billy Idol Got to be a Lover and All Summer Single 45 rpm vinyl record,2.00,0.0030
v1|267745749256|0,"Mary Wells I'm Gonna Stay/The One Who Really Loves You Motown 7"" 45 RPM M-1024",5.99,0.0029
v1|318678417978|0,COLUMBIA RECORDS - JOHNNIE RAY - JUST WALKING IN THE RAIN - 45 RECORD,4.99,0.0029
v1|298554143736|0,Vintage Hank Snow Lot of 4 1950's-60's RCA Victor 45 RPM Vinyl Records,3.00,0.0029
v1|178364438848|0,Grateful Dead 7” Singles Collection Lot Volume 1-21 ALL SEALED 45 RPM Truckin’,102.50,0.0028
v1|287499783075|0,Lot of (3) Peter Frampton 45 RPM Records - (1) With Picture Sleeve,4.69,0.0028
v1|168583937282|0,Donna Summer-On The Radio-Greatest Hits Vol. I & II-1979 Double LP with Poster,8.00,0.0028
v1|257659097804|0,Pre Owned 45 RPM Vinyl Records,25.00,0.0027
v1|358871861992|0,Beatles Paul McCartney Ferry Aid promotional 45 single record W SLEEVE,5.99,0.0027
v1|168584143648|0,Kyu Sakamoto -Sukiyaki/Anoko No Namaewa Nantenkana - 45 RPM Record/,3.99,0.0027
v1|227460611236|0,"COUNTRY VIETNAM CLINT FELKER ON VOKES  LABEL 45 RPM  7"" RECORD",1.25,0.0027
v1|278243818323|0,"COUNTRY VIETNAM JODY MILLER ON CAPITOL LABEL 45 RPM  7"" RECORD",1.00,0.0027
v1|278243785833|0,"COUNTRY MERRITT JORDAN ON PLAZA   LABEL 45 RPM  7"" RECORD",1.25,0.0026
v1|198535853814|0,Frank Sinatra - Chicago / All The Way - 1957 - 45 RPM vintage vinyl record,2.99,0.0026
v1|307099764909|0,"Prince U Got The Look Single 7"" Vinyl Picture Sleeve Paisley Park 45 RPM",9.99,0.0025
v1|287493778916|0,CHRISTMAS 45 RPM RECORDS - CUTE / FUNNY / COMEDY - LOT OF 8 -PICTURE SLEEVES - 2,20.00,0.0025
v1|407113833487|0,Beatles 45 rpm Swan Label S-4152. She Loves You / I'll get you. W/Picture Sleeve,25.00,0.0024
v1|407113843565|0,Beatles 45 rpm Swan Label S-4182. Sie Liebt Dich (she loves you) Virtue Studio,35.00,0.0024
v1|267745769161|0,Elvis Presley I Want You I Need You I Love You 45 RPM RCA Gold Standard 447-0607,5.99,0.0024
v1|407105277172|0,Beatles 45 rpm. Roll over Beethoven. Capitol 6045 Red/Orange Target label,20.00,0.0024
v1|407105257446|0,Beatles 45 rpm. ATCO 6308. Ain't She Sweet / Sweet Georgia. With Picture Sleeve,50.00,0.0024
v1|267745821511|0,Beatles EP Four By The Beatles Capitol EAP 1-2121 with Picture Sleeve,99.99,0.0023
v1|336721969152|0,3 Vintage 45 RPM Record Sleeves,11.25,0.0023
v1|287493778914|0,BEATLES + SOLO - 45 RPM PICTURE SLEEVES  - PLUS 1 RECORD - LOT OF 7 - READ ALL,9.00,0.0023
v1|188737570216|0,"THE BEATLES ""HELP!"" 45 PS",9.99,0.0022
v1|227460584296|0,"COUNTRY THE CARLISLES ON MERCURY   LABEL 45 RPM  7"" RECORD",1.00,0.0022
v1|407105352619|0,Beatles 45 rpm 4 by the Beatles. Capitol R-5365. Record and Cover. Very Nice,100.00,0.0022
v1|178367825876|0,Vintage 45 RPM Single Set Of Various Artists ,9.99,0.0021
v1|137560027662|0,VENEZUELAN ~ LORENZO HERRERA ~ COLUMBIA 5321 ~ HEAR ~ 78 RPM  ~ X 6598,40.00,0.0021
v1|227460599830|0,"TEXAS COUNTRY GLENN BARBER ON D  LABEL 45 RPM  7"" RECORD",5.00,0.0021
v1|336720215524|0,"The Beatles  - Lady Madonna -  Belgian Picture Sleeve PS 7""",14.99,0.0021
v1|227460582947|0,"COUNTRY PICTURE LABEL BOB WILLS ON LONGHORN  LABEL 45 RPM  7"" RECORD",2.00,0.0020
v1|267745755594|0,Lennon & McCartney She Loves You Hit Label 1964 The Bugs Excellent 45 rpm vinyl,5.00,0.0020
v1|377391713326|0,"CARTER SISTERS Little Orphan Girl COUNTRY 1950 7"" 45 RPM RECORD Green Vinyl USED",5.00,0.0020
v1|236980274173|0,Led Zeppelin Thai 45,55.00,0.0018
v1|298551101252|0,"The Beatles  - Get Back -  French Picture Sleeve PS 7""",16.99,0.0018
v1|278243770794|0,"COUNTRY EDDIE MARSHALL ON RCA VICTOR   LABEL 45 RPM  7"" RECORD",1.00,0.0015
v1|800450917339|0,"ROLLING STONES 45 ""HARLEM SHUFFLE"" W/ORIGINAL PIC. SLEEVE 45 rpm 7""",3.75,0.0015
v1|278243819310|0,"WLP COUNTRY VIETNAM DEAN WOLFE ON NUGGETT LABEL 45 RPM  7"" RECORD",1.00,0.0014
v1|278232373600|0,Elvis Presley REISSUE Single 45 Sleeves ONLY Collection LOT set & poster,40.00,0.0012
v1|227460618420|0,"COUNTRY JIM DOCKERY/AL WHITE ON D & W    LABEL 45 RPM  7"" RECORD",1.00,0.0009
v1|407105336885|0,Beatles 45 rpm Four by the Beatles. Capitol EAP 1-2121 Record only,10.00,0.0009
v1|257621000790|0,"Bluebird 5489 Grayson & Whitter TRAIN 45  78 rpm EE+ Country ""A"" stampers HEAR",50.00,0.0009
v1|117336791221|0,45 Rpm Record Paramore,44.99,0.0009
v1|198512148699|0,ELVIS Presley 15 Records 45 rpm,15.00,0.0008
v1|227460595824|0,"TENNESSEE COUNTRY DANNY WILLIAMS ON CHEROKEE LABEL 45 RPM  7"" RECORD",1.25,0.0008
v1|188737570203|0,"GENESIS ""MISUNDERSTANDING"" 45 RPM",2.49,0.0007
